run_id,event,process,direction,config,message,backend,transport,payload_bytes,target_frequency_hz,step_index,phase,sequence,observed_utc,observed_mono_ns,send_mono_ns,receive_mono_ns,middleware_source_ns,middleware_received_ns,status,error
exp_constrained_pub_sub_xcdr__cpp_to_py__100000B__10Hz__shmem_ds__best_effort,publish,pub,cpp_to_py,constrained_pub_sub,exp,xcdr,shmem_ds,100000,10,0,measured,0,2026-09-09T14:25:30.279192Z,157123941347074,157123941347074,-1,-1,-1,ok,
exp_constrained_pub_sub_xcdr__cpp_to_py__100000B__10Hz__shmem_ds__best_effort,publish,pub,cpp_to_py,constrained_pub_sub,exp,xcdr,shmem_ds,100000,10,0,measured,1,2026-09-09T14:25:30.379747Z,157124041907654,157124041907654,-1,-1,-1,ok,
exp_constrained_pub_sub_xcdr__cpp_to_py__100000B__10Hz__shmem_ds__best_effort,publish,pub,cpp_to_py,constrained_pub_sub,exp,xcdr,shmem_ds,100000,10,0,measured,2,2026-09-09T14:25:30.480003Z,157124142173942,157124142173942,-1,-1,-1,ok,
exp_constrained_pub_sub_xcdr__cpp_to_py__100000B__10Hz__shmem_ds__best_effort,publish,pub,cpp_to_py,constrained_pub_sub,exp,xcdr,shmem_ds,100000,10,0,measured,3,2026-09-09T14:25:30.580510Z,157124242680101,157124242680101,-1,-1,-1,ok,
exp_constrained_pub_sub_xcdr__cpp_to_py__100000B__10Hz__shmem_ds__best_effort,publish,pub,cpp_to_py,constrained_pub_sub,exp,xcdr,shmem_ds,100000,10,0,measured,4,2026-09-09T14:25:30.679846Z,157124341975579,157124341975579,-1,-1,-1,ok,
exp_constrained_pub_sub_xcdr__cpp_to_py__100000B__10Hz__shmem_ds__best_effort,publish,pub,cpp_to_py,constrained_pub_sub,exp,xcdr,shmem_ds,100000,10,0,measured,5,2026-09-09T14:25:30.780601Z,157124442763635,157124442763635,-1,-1,-1,ok,
exp_constrained_pub_sub_xcdr__cpp_to_py__100000B__10Hz__shmem_ds__best_effort,publish,pub,cpp_to_py,constrained_pub_sub,exp,xcdr,shmem_ds,100000,10,0,measured,6,2026-09-09T14:25:30.879816Z,157124541958885,157124541958885,-1,-1,-1,ok,
exp_constrained_pub_sub_xcdr__cpp_to_py__100000B__10Hz__shmem_ds__best_effort,publish,pub,cpp_to_py,constrained_pub_sub,exp,xcdr,shmem_ds,100000,10,0,measured,7,2026-09-09T14:25:30.979976Z,157124642121890,157124642121890,-1,-1,-1,ok,
exp_constrained_pub_sub_xcdr__cpp_to_py__100000B__10Hz__shmem_ds__best_effort,publish,pub,cpp_to_py,constrained_pub_sub,exp,xcdr,shmem_ds,100000,10,0,measured,8,2026-09-09T14:25:31.079677Z,157124741842589,157124741842589,-1,-1,-1,ok,
exp_constrained_pub_sub_xcdr__cpp_to_py__100000B__10Hz__shmem_ds__best_effort,publish,pub,cpp_to_py,constrained_pub_sub,exp,xcdr,shmem_ds,100000,10,0,measured,9,2026-09-09T14:25:31.179215Z,157124841386087,157124841386087,-1,-1,-1,ok,
exp_constrained_pub_sub_xcdr__cpp_to_py__100000B__10Hz__shmem_ds__best_effort,publish,pub,cpp_to_py,constrained_pub_sub,exp,xcdr,shmem_ds,100000,10,0,measured,10,2026-09-09T14:25:31.279005Z,157124941172360,157124941172360,-1,-1,-1,ok,
exp_constrained_pub_sub_xcdr__cpp_to_py__100000B__10Hz__shmem_ds__best_effort,publish,pub,cpp_to_py,constrained_pub_sub,exp,xcdr,shmem_ds,100000,10,0,measured,11,2026-09-09T14:25:31.377974Z,157125040146171,157125040146171,-1,-1,-1,ok,
exp_constrained_pub_sub_xcdr__cpp_to_py__100000B__10Hz__shmem_ds__best_effort,publish,pub,cpp_to_py,constrained_pub_sub,exp,xcdr,shmem_ds,100000,10,0,measured,12,2026-09-09T14:25:31.478017Z,157125140192101,157125140192101,-1,-1,-1,ok,
exp_constrained_pub_sub_xcdr__cpp_to_py__100000B__10Hz__shmem_ds__best_effort,publish,pub,cpp_to_py,constrained_pub_sub,exp,xcdr,shmem_ds,100000,10,0,measured,13,2026-09-09T14:25:31.578447Z,157125240590060,157125240590060,-1,-1,-1,ok,
exp_constrained_pub_sub_xcdr__cpp_to_py__100000B__10Hz__shmem_ds__best_effort,publish,pub,cpp_to_py,constrained_pub_sub,exp,xcdr,shmem_ds,100000,10,0,measured,14,2026-09-09T14:25:31.678657Z,157125340831325,157125340831325,-1,-1,-1,ok,
exp_constrained_pub_sub_xcdr__cpp_to_py__100000B__10Hz__shmem_ds__best_effort,publish,pub,cpp_to_py,constrained_pub_sub,exp,xcdr,shmem_ds,100000,10,0,measured,15,2026-09-09T14:25:31.779324Z,157125441492599,157125441492599,-1,-1,-1,ok,
exp_constrained_pub_sub_xcdr__cpp_to_py__100000B__10Hz__shmem_ds__best_effort,publish,pub,cpp_to_py,constrained_pub_sub,exp,xcdr,shmem_ds,100000,10,0,measured,16,2026-09-09T14:25:31.880238Z,157125542394171,157125542394171,-1,-1,-1,ok,
exp_constrained_pub_sub_xcdr__cpp_to_py__100000B__10Hz__shmem_ds__best_effort,publish,pub,cpp_to_py,constrained_pub_sub,exp,xcdr,shmem_ds,100000,10,0,measured,17,2026-09-09T14:25:31.980724Z,157125642889924,157125642889924,-1,-1,-1,ok,
exp_constrained_pub_sub_xcdr__cpp_to_py__100000B__10Hz__shmem_ds__best_effort,publish,pub,cpp_to_py,constrained_pub_sub,exp,xcdr,shmem_ds,100000,10,0,measured,18,2026-09-09T14:25:32.080616Z,157125742785785,157125742785785,-1,-1,-1,ok,
exp_constrained_pub_sub_xcdr__cpp_to_py__100000B__10Hz__shmem_ds__best_effort,publish,pub,cpp_to_py,constrained_pub_sub,exp,xcdr,shmem_ds,100000,10,0,measured,19,2026-09-09T14:25:32.179725Z,157125841887850,157125841887850,-1,-1,-1,ok,
exp_constrained_pub_sub_xcdr__cpp_to_py__100000B__10Hz__shmem_ds__best_effort,publish,pub,cpp_to_py,constrained_pub_sub,exp,xcdr,shmem_ds,100000,10,0,measured,20,2026-09-09T14:25:32.278900Z,157125941047733,157125941047733,-1,-1,-1,ok,
exp_constrained_pub_sub_xcdr__cpp_to_py__100000B__10Hz__shmem_ds__best_effort,publish,pub,cpp_to_py,constrained_pub_sub,exp,xcdr,shmem_ds,100000,10,0,measured,21,2026-09-09T14:25:32.379354Z,157126041515838,157126041515838,-1,-1,-1,ok,
exp_constrained_pub_sub_xcdr__cpp_to_py__100000B__10Hz__shmem_ds__best_effort,publish,pub,cpp_to_py,constrained_pub_sub,exp,xcdr,shmem_ds,100000,10,0,measured,22,2026-09-09T14:25:32.478613Z,157126140792450,157126140792450,-1,-1,-1,ok,
exp_constrained_pub_sub_xcdr__cpp_to_py__100000B__10Hz__shmem_ds__best_effort,publish,pub,cpp_to_py,constrained_pub_sub,exp,xcdr,shmem_ds,100000,10,0,measured,23,2026-09-09T14:25:32.578487Z,157126240657684,157126240657684,-1,-1,-1,ok,
exp_constrained_pub_sub_xcdr__cpp_to_py__100000B__10Hz__shmem_ds__best_effort,publish,pub,cpp_to_py,constrained_pub_sub,exp,xcdr,shmem_ds,100000,10,0,measured,24,2026-09-09T14:25:32.677684Z,157126339851782,157126339851782,-1,-1,-1,ok,
exp_constrained_pub_sub_xcdr__cpp_to_py__100000B__10Hz__shmem_ds__best_effort,publish,pub,cpp_to_py,constrained_pub_sub,exp,xcdr,shmem_ds,100000,10,0,measured,25,2026-09-09T14:25:32.777001Z,157126439157158,157126439157158,-1,-1,-1,ok,
exp_constrained_pub_sub_xcdr__cpp_to_py__100000B__10Hz__shmem_ds__best_effort,publish,pub,cpp_to_py,constrained_pub_sub,exp,xcdr,shmem_ds,100000,10,0,measured,26,2026-09-09T14:25:32.876162Z,157126538331247,157126538331247,-1,-1,-1,ok,
exp_constrained_pub_sub_xcdr__cpp_to_py__100000B__10Hz__shmem_ds__best_effort,publish,pub,cpp_to_py,constrained_pub_sub,exp,xcdr,shmem_ds,100000,10,0,measured,27,2026-09-09T14:25:32.976245Z,157126638404041,157126638404041,-1,-1,-1,ok,
exp_constrained_pub_sub_xcdr__cpp_to_py__100000B__10Hz__shmem_ds__best_effort,publish,pub,cpp_to_py,constrained_pub_sub,exp,xcdr,shmem_ds,100000,10,0,measured,28,2026-09-09T14:25:33.076097Z,157126738279468,157126738279468,-1,-1,-1,ok,
exp_constrained_pub_sub_xcdr__cpp_to_py__100000B__10Hz__shmem_ds__best_effort,publish,pub,cpp_to_py,constrained_pub_sub,exp,xcdr,shmem_ds,100000,10,0,measured,29,2026-09-09T14:25:33.176646Z,157126838828499,157126838828499,-1,-1,-1,ok,
exp_constrained_pub_sub_xcdr__cpp_to_py__100000B__10Hz__shmem_ds__best_effort,publish,pub,cpp_to_py,constrained_pub_sub,exp,xcdr,shmem_ds,100000,10,0,measured,30,2026-09-09T14:25:33.275912Z,157126938082683,157126938082683,-1,-1,-1,ok,
exp_constrained_pub_sub_xcdr__cpp_to_py__100000B__10Hz__shmem_ds__best_effort,publish,pub,cpp_to_py,constrained_pub_sub,exp,xcdr,shmem_ds,100000,10,0,measured,31,2026-09-09T14:25:33.376415Z,157127038580608,157127038580608,-1,-1,-1,ok,
exp_constrained_pub_sub_xcdr__cpp_to_py__100000B__10Hz__shmem_ds__best_effort,publish,pub,cpp_to_py,constrained_pub_sub,exp,xcdr,shmem_ds,100000,10,0,measured,32,2026-09-09T14:25:33.476027Z,157127138209084,157127138209084,-1,-1,-1,ok,
exp_constrained_pub_sub_xcdr__cpp_to_py__100000B__10Hz__shmem_ds__best_effort,publish,pub,cpp_to_py,constrained_pub_sub,exp,xcdr,shmem_ds,100000,10,0,measured,33,2026-09-09T14:25:33.576564Z,157127238723390,157127238723390,-1,-1,-1,ok,
exp_constrained_pub_sub_xcdr__cpp_to_py__100000B__10Hz__shmem_ds__best_effort,publish,pub,cpp_to_py,constrained_pub_sub,exp,xcdr,shmem_ds,100000,10,0,measured,34,2026-09-09T14:25:33.677152Z,157127339323397,157127339323397,-1,-1,-1,ok,
exp_constrained_pub_sub_xcdr__cpp_to_py__100000B__10Hz__shmem_ds__best_effort,publish,pub,cpp_to_py,constrained_pub_sub,exp,xcdr,shmem_ds,100000,10,0,measured,35,2026-09-09T14:25:33.776235Z,157127438410838,157127438410838,-1,-1,-1,ok,
exp_constrained_pub_sub_xcdr__cpp_to_py__100000B__10Hz__shmem_ds__best_effort,publish,pub,cpp_to_py,constrained_pub_sub,exp,xcdr,shmem_ds,100000,10,0,measured,36,2026-09-09T14:25:33.877122Z,157127539277796,157127539277796,-1,-1,-1,ok,
exp_constrained_pub_sub_xcdr__cpp_to_py__100000B__10Hz__shmem_ds__best_effort,publish,pub,cpp_to_py,constrained_pub_sub,exp,xcdr,shmem_ds,100000,10,0,measured,37,2026-09-09T14:25:33.977641Z,157127639782112,157127639782112,-1,-1,-1,ok,
exp_constrained_pub_sub_xcdr__cpp_to_py__100000B__10Hz__shmem_ds__best_effort,publish,pub,cpp_to_py,constrained_pub_sub,exp,xcdr,shmem_ds,100000,10,0,measured,38,2026-09-09T14:25:34.077411Z,157127739580070,157127739580070,-1,-1,-1,ok,
exp_constrained_pub_sub_xcdr__cpp_to_py__100000B__10Hz__shmem_ds__best_effort,publish,pub,cpp_to_py,constrained_pub_sub,exp,xcdr,shmem_ds,100000,10,0,measured,39,2026-09-09T14:25:34.177039Z,157127839195215,157127839195215,-1,-1,-1,ok,
exp_constrained_pub_sub_xcdr__cpp_to_py__100000B__10Hz__shmem_ds__best_effort,publish,pub,cpp_to_py,constrained_pub_sub,exp,xcdr,shmem_ds,100000,10,0,measured,40,2026-09-09T14:25:34.276058Z,157127938225413,157127938225413,-1,-1,-1,ok,
exp_constrained_pub_sub_xcdr__cpp_to_py__100000B__10Hz__shmem_ds__best_effort,publish,pub,cpp_to_py,constrained_pub_sub,exp,xcdr,shmem_ds,100000,10,0,measured,41,2026-09-09T14:25:34.376435Z,157128038612996,157128038612996,-1,-1,-1,ok,
exp_constrained_pub_sub_xcdr__cpp_to_py__100000B__10Hz__shmem_ds__best_effort,publish,pub,cpp_to_py,constrained_pub_sub,exp,xcdr,shmem_ds,100000,10,0,measured,42,2026-09-09T14:25:34.476348Z,157128138530618,157128138530618,-1,-1,-1,ok,
exp_constrained_pub_sub_xcdr__cpp_to_py__100000B__10Hz__shmem_ds__best_effort,publish,pub,cpp_to_py,constrained_pub_sub,exp,xcdr,shmem_ds,100000,10,0,measured,43,2026-09-09T14:25:34.576484Z,157128238634009,157128238634009,-1,-1,-1,ok,
exp_constrained_pub_sub_xcdr__cpp_to_py__100000B__10Hz__shmem_ds__best_effort,publish,pub,cpp_to_py,constrained_pub_sub,exp,xcdr,shmem_ds,100000,10,0,measured,44,2026-09-09T14:25:34.676426Z,157128338591835,157128338591835,-1,-1,-1,ok,
exp_constrained_pub_sub_xcdr__cpp_to_py__100000B__10Hz__shmem_ds__best_effort,publish,pub,cpp_to_py,constrained_pub_sub,exp,xcdr,shmem_ds,100000,10,0,measured,45,2026-09-09T14:25:34.775842Z,157128438016052,157128438016052,-1,-1,-1,ok,
exp_constrained_pub_sub_xcdr__cpp_to_py__100000B__10Hz__shmem_ds__best_effort,publish,pub,cpp_to_py,constrained_pub_sub,exp,xcdr,shmem_ds,100000,10,0,measured,46,2026-09-09T14:25:34.876051Z,157128538224168,157128538224168,-1,-1,-1,ok,
exp_constrained_pub_sub_xcdr__cpp_to_py__100000B__10Hz__shmem_ds__best_effort,publish,pub,cpp_to_py,constrained_pub_sub,exp,xcdr,shmem_ds,100000,10,0,measured,47,2026-09-09T14:25:34.976070Z,157128638225417,157128638225417,-1,-1,-1,ok,
exp_constrained_pub_sub_xcdr__cpp_to_py__100000B__10Hz__shmem_ds__best_effort,publish,pub,cpp_to_py,constrained_pub_sub,exp,xcdr,shmem_ds,100000,10,0,measured,48,2026-09-09T14:25:35.075793Z,157128737975047,157128737975047,-1,-1,-1,ok,
exp_constrained_pub_sub_xcdr__cpp_to_py__100000B__10Hz__shmem_ds__best_effort,publish,pub,cpp_to_py,constrained_pub_sub,exp,xcdr,shmem_ds,100000,10,0,measured,49,2026-09-09T14:25:35.176185Z,157128838335623,157128838335623,-1,-1,-1,ok,
exp_constrained_pub_sub_xcdr__cpp_to_py__100000B__10Hz__shmem_ds__best_effort,publish,pub,cpp_to_py,constrained_pub_sub,exp,xcdr,shmem_ds,100000,10,0,measured,50,2026-09-09T14:25:35.275992Z,157128938151489,157128938151489,-1,-1,-1,ok,
exp_constrained_pub_sub_xcdr__cpp_to_py__100000B__10Hz__shmem_ds__best_effort,publish,pub,cpp_to_py,constrained_pub_sub,exp,xcdr,shmem_ds,100000,10,0,measured,51,2026-09-09T14:25:35.375846Z,157129038023649,157129038023649,-1,-1,-1,ok,
exp_constrained_pub_sub_xcdr__cpp_to_py__100000B__10Hz__shmem_ds__best_effort,publish,pub,cpp_to_py,constrained_pub_sub,exp,xcdr,shmem_ds,100000,10,0,measured,52,2026-09-09T14:25:35.475012Z,157129137194085,157129137194085,-1,-1,-1,ok,
exp_constrained_pub_sub_xcdr__cpp_to_py__100000B__10Hz__shmem_ds__best_effort,publish,pub,cpp_to_py,constrained_pub_sub,exp,xcdr,shmem_ds,100000,10,0,measured,53,2026-09-09T14:25:35.574193Z,157129236359701,157129236359701,-1,-1,-1,ok,
exp_constrained_pub_sub_xcdr__cpp_to_py__100000B__10Hz__shmem_ds__best_effort,publish,pub,cpp_to_py,constrained_pub_sub,exp,xcdr,shmem_ds,100000,10,0,measured,54,2026-09-09T14:25:35.674846Z,157129337010461,157129337010461,-1,-1,-1,ok,
exp_constrained_pub_sub_xcdr__cpp_to_py__100000B__10Hz__shmem_ds__best_effort,publish,pub,cpp_to_py,constrained_pub_sub,exp,xcdr,shmem_ds,100000,10,0,measured,55,2026-09-09T14:25:35.774831Z,157129436970547,157129436970547,-1,-1,-1,ok,
exp_constrained_pub_sub_xcdr__cpp_to_py__100000B__10Hz__shmem_ds__best_effort,publish,pub,cpp_to_py,constrained_pub_sub,exp,xcdr,shmem_ds,100000,10,0,measured,56,2026-09-09T14:25:35.874715Z,157129536860432,157129536860432,-1,-1,-1,ok,
exp_constrained_pub_sub_xcdr__cpp_to_py__100000B__10Hz__shmem_ds__best_effort,publish,pub,cpp_to_py,constrained_pub_sub,exp,xcdr,shmem_ds,100000,10,0,measured,57,2026-09-09T14:25:35.975694Z,157129637844217,157129637844217,-1,-1,-1,ok,
exp_constrained_pub_sub_xcdr__cpp_to_py__100000B__10Hz__shmem_ds__best_effort,publish,pub,cpp_to_py,constrained_pub_sub,exp,xcdr,shmem_ds,100000,10,0,measured,58,2026-09-09T14:25:36.075831Z,157129738014499,157129738014499,-1,-1,-1,ok,
exp_constrained_pub_sub_xcdr__cpp_to_py__100000B__10Hz__shmem_ds__best_effort,publish,pub,cpp_to_py,constrained_pub_sub,exp,xcdr,shmem_ds,100000,10,0,measured,59,2026-09-09T14:25:36.176061Z,157129838243332,157129838243332,-1,-1,-1,ok,
exp_constrained_pub_sub_xcdr__cpp_to_py__100000B__10Hz__shmem_ds__best_effort,publish,pub,cpp_to_py,constrained_pub_sub,exp,xcdr,shmem_ds,100000,10,0,measured,60,2026-09-09T14:25:36.276219Z,157129938399631,157129938399631,-1,-1,-1,ok,
exp_constrained_pub_sub_xcdr__cpp_to_py__100000B__10Hz__shmem_ds__best_effort,publish,pub,cpp_to_py,constrained_pub_sub,exp,xcdr,shmem_ds,100000,10,0,measured,61,2026-09-09T14:25:36.376975Z,157130039136857,157130039136857,-1,-1,-1,ok,
exp_constrained_pub_sub_xcdr__cpp_to_py__100000B__10Hz__shmem_ds__best_effort,publish,pub,cpp_to_py,constrained_pub_sub,exp,xcdr,shmem_ds,100000,10,0,measured,62,2026-09-09T14:25:36.476891Z,157130139070449,157130139070449,-1,-1,-1,ok,
exp_constrained_pub_sub_xcdr__cpp_to_py__100000B__10Hz__shmem_ds__best_effort,publish,pub,cpp_to_py,constrained_pub_sub,exp,xcdr,shmem_ds,100000,10,0,measured,63,2026-09-09T14:25:36.577574Z,157130239734168,157130239734168,-1,-1,-1,ok,
exp_constrained_pub_sub_xcdr__cpp_to_py__100000B__10Hz__shmem_ds__best_effort,publish,pub,cpp_to_py,constrained_pub_sub,exp,xcdr,shmem_ds,100000,10,0,measured,64,2026-09-09T14:25:36.677549Z,157130339712412,157130339712412,-1,-1,-1,ok,
exp_constrained_pub_sub_xcdr__cpp_to_py__100000B__10Hz__shmem_ds__best_effort,publish,pub,cpp_to_py,constrained_pub_sub,exp,xcdr,shmem_ds,100000,10,0,measured,65,2026-09-09T14:25:36.777437Z,157130439604724,157130439604724,-1,-1,-1,ok,
exp_constrained_pub_sub_xcdr__cpp_to_py__100000B__10Hz__shmem_ds__best_effort,publish,pub,cpp_to_py,constrained_pub_sub,exp,xcdr,shmem_ds,100000,10,0,measured,66,2026-09-09T14:25:36.877062Z,157130539229737,157130539229737,-1,-1,-1,ok,
exp_constrained_pub_sub_xcdr__cpp_to_py__100000B__10Hz__shmem_ds__best_effort,publish,pub,cpp_to_py,constrained_pub_sub,exp,xcdr,shmem_ds,100000,10,0,measured,67,2026-09-09T14:25:36.976708Z,157130638848106,157130638848106,-1,-1,-1,ok,
exp_constrained_pub_sub_xcdr__cpp_to_py__100000B__10Hz__shmem_ds__best_effort,publish,pub,cpp_to_py,constrained_pub_sub,exp,xcdr,shmem_ds,100000,10,0,measured,68,2026-09-09T14:25:37.076678Z,157130738857962,157130738857962,-1,-1,-1,ok,
exp_constrained_pub_sub_xcdr__cpp_to_py__100000B__10Hz__shmem_ds__best_effort,publish,pub,cpp_to_py,constrained_pub_sub,exp,xcdr,shmem_ds,100000,10,0,measured,69,2026-09-09T14:25:37.176404Z,157130838586733,157130838586733,-1,-1,-1,ok,
exp_constrained_pub_sub_xcdr__cpp_to_py__100000B__10Hz__shmem_ds__best_effort,publish,pub,cpp_to_py,constrained_pub_sub,exp,xcdr,shmem_ds,100000,10,0,measured,70,2026-09-09T14:25:37.276929Z,157130939108610,157130939108610,-1,-1,-1,ok,
exp_constrained_pub_sub_xcdr__cpp_to_py__100000B__10Hz__shmem_ds__best_effort,publish,pub,cpp_to_py,constrained_pub_sub,exp,xcdr,shmem_ds,100000,10,0,measured,71,2026-09-09T14:25:37.376544Z,157131038724037,157131038724037,-1,-1,-1,ok,
exp_constrained_pub_sub_xcdr__cpp_to_py__100000B__10Hz__shmem_ds__best_effort,publish,pub,cpp_to_py,constrained_pub_sub,exp,xcdr,shmem_ds,100000,10,0,measured,72,2026-09-09T14:25:37.476913Z,157131139094852,157131139094852,-1,-1,-1,ok,
exp_constrained_pub_sub_xcdr__cpp_to_py__100000B__10Hz__shmem_ds__best_effort,publish,pub,cpp_to_py,constrained_pub_sub,exp,xcdr,shmem_ds,100000,10,0,measured,73,2026-09-09T14:25:37.577437Z,157131239585050,157131239585050,-1,-1,-1,ok,
exp_constrained_pub_sub_xcdr__cpp_to_py__100000B__10Hz__shmem_ds__best_effort,publish,pub,cpp_to_py,constrained_pub_sub,exp,xcdr,shmem_ds,100000,10,0,measured,74,2026-09-09T14:25:37.677664Z,157131339845797,157131339845797,-1,-1,-1,ok,
exp_constrained_pub_sub_xcdr__cpp_to_py__100000B__10Hz__shmem_ds__best_effort,publish,pub,cpp_to_py,constrained_pub_sub,exp,xcdr,shmem_ds,100000,10,0,measured,75,2026-09-09T14:25:37.778307Z,157131440484083,157131440484083,-1,-1,-1,ok,
exp_constrained_pub_sub_xcdr__cpp_to_py__100000B__10Hz__shmem_ds__best_effort,publish,pub,cpp_to_py,constrained_pub_sub,exp,xcdr,shmem_ds,100000,10,0,measured,76,2026-09-09T14:25:37.878888Z,157131541062576,157131541062576,-1,-1,-1,ok,
exp_constrained_pub_sub_xcdr__cpp_to_py__100000B__10Hz__shmem_ds__best_effort,publish,pub,cpp_to_py,constrained_pub_sub,exp,xcdr,shmem_ds,100000,10,0,measured,77,2026-09-09T14:25:37.979222Z,157131641380241,157131641380241,-1,-1,-1,ok,
exp_constrained_pub_sub_xcdr__cpp_to_py__100000B__10Hz__shmem_ds__best_effort,publish,pub,cpp_to_py,constrained_pub_sub,exp,xcdr,shmem_ds,100000,10,0,measured,78,2026-09-09T14:25:38.079769Z,157131741950442,157131741950442,-1,-1,-1,ok,
exp_constrained_pub_sub_xcdr__cpp_to_py__100000B__10Hz__shmem_ds__best_effort,publish,pub,cpp_to_py,constrained_pub_sub,exp,xcdr,shmem_ds,100000,10,0,measured,79,2026-09-09T14:25:38.179611Z,157131841771960,157131841771960,-1,-1,-1,ok,
exp_constrained_pub_sub_xcdr__cpp_to_py__100000B__10Hz__shmem_ds__best_effort,publish,pub,cpp_to_py,constrained_pub_sub,exp,xcdr,shmem_ds,100000,10,0,measured,80,2026-09-09T14:25:38.280482Z,157131942645742,157131942645742,-1,-1,-1,ok,
exp_constrained_pub_sub_xcdr__cpp_to_py__100000B__10Hz__shmem_ds__best_effort,publish,pub,cpp_to_py,constrained_pub_sub,exp,xcdr,shmem_ds,100000,10,0,measured,81,2026-09-09T14:25:38.380160Z,157132042331786,157132042331786,-1,-1,-1,ok,
exp_constrained_pub_sub_xcdr__cpp_to_py__100000B__10Hz__shmem_ds__best_effort,publish,pub,cpp_to_py,constrained_pub_sub,exp,xcdr,shmem_ds,100000,10,0,measured,82,2026-09-09T14:25:38.479740Z,157132141923223,157132141923223,-1,-1,-1,ok,
exp_constrained_pub_sub_xcdr__cpp_to_py__100000B__10Hz__shmem_ds__best_effort,publish,pub,cpp_to_py,constrained_pub_sub,exp,xcdr,shmem_ds,100000,10,0,measured,83,2026-09-09T14:25:38.580246Z,157132242412724,157132242412724,-1,-1,-1,ok,
exp_constrained_pub_sub_xcdr__cpp_to_py__100000B__10Hz__shmem_ds__best_effort,publish,pub,cpp_to_py,constrained_pub_sub,exp,xcdr,shmem_ds,100000,10,0,measured,84,2026-09-09T14:25:38.680432Z,157132342594999,157132342594999,-1,-1,-1,ok,
exp_constrained_pub_sub_xcdr__cpp_to_py__100000B__10Hz__shmem_ds__best_effort,publish,pub,cpp_to_py,constrained_pub_sub,exp,xcdr,shmem_ds,100000,10,0,measured,85,2026-09-09T14:25:38.780179Z,157132442322121,157132442322121,-1,-1,-1,ok,
exp_constrained_pub_sub_xcdr__cpp_to_py__100000B__10Hz__shmem_ds__best_effort,publish,pub,cpp_to_py,constrained_pub_sub,exp,xcdr,shmem_ds,100000,10,0,measured,86,2026-09-09T14:25:38.879429Z,157132541590401,157132541590401,-1,-1,-1,ok,
exp_constrained_pub_sub_xcdr__cpp_to_py__100000B__10Hz__shmem_ds__best_effort,publish,pub,cpp_to_py,constrained_pub_sub,exp,xcdr,shmem_ds,100000,10,0,measured,87,2026-09-09T14:25:38.979697Z,157132641849771,157132641849771,-1,-1,-1,ok,
exp_constrained_pub_sub_xcdr__cpp_to_py__100000B__10Hz__shmem_ds__best_effort,publish,pub,cpp_to_py,constrained_pub_sub,exp,xcdr,shmem_ds,100000,10,0,measured,88,2026-09-09T14:25:39.079869Z,157132742019967,157132742019967,-1,-1,-1,ok,
exp_constrained_pub_sub_xcdr__cpp_to_py__100000B__10Hz__shmem_ds__best_effort,publish,pub,cpp_to_py,constrained_pub_sub,exp,xcdr,shmem_ds,100000,10,0,measured,89,2026-09-09T14:25:39.179868Z,157132842049680,157132842049680,-1,-1,-1,ok,
exp_constrained_pub_sub_xcdr__cpp_to_py__100000B__10Hz__shmem_ds__best_effort,publish,pub,cpp_to_py,constrained_pub_sub,exp,xcdr,shmem_ds,100000,10,0,measured,90,2026-09-09T14:25:39.280081Z,157132942264671,157132942264671,-1,-1,-1,ok,
exp_constrained_pub_sub_xcdr__cpp_to_py__100000B__10Hz__shmem_ds__best_effort,publish,pub,cpp_to_py,constrained_pub_sub,exp,xcdr,shmem_ds,100000,10,0,measured,91,2026-09-09T14:25:39.379255Z,157133041409514,157133041409514,-1,-1,-1,ok,
exp_constrained_pub_sub_xcdr__cpp_to_py__100000B__10Hz__shmem_ds__best_effort,publish,pub,cpp_to_py,constrained_pub_sub,exp,xcdr,shmem_ds,100000,10,0,measured,92,2026-09-09T14:25:39.478952Z,157133141128215,157133141128215,-1,-1,-1,ok,
exp_constrained_pub_sub_xcdr__cpp_to_py__100000B__10Hz__shmem_ds__best_effort,publish,pub,cpp_to_py,constrained_pub_sub,exp,xcdr,shmem_ds,100000,10,0,measured,93,2026-09-09T14:25:39.579438Z,157133241606729,157133241606729,-1,-1,-1,ok,
exp_constrained_pub_sub_xcdr__cpp_to_py__100000B__10Hz__shmem_ds__best_effort,publish,pub,cpp_to_py,constrained_pub_sub,exp,xcdr,shmem_ds,100000,10,0,measured,94,2026-09-09T14:25:39.679643Z,157133341823693,157133341823693,-1,-1,-1,ok,
exp_constrained_pub_sub_xcdr__cpp_to_py__100000B__10Hz__shmem_ds__best_effort,publish,pub,cpp_to_py,constrained_pub_sub,exp,xcdr,shmem_ds,100000,10,0,measured,95,2026-09-09T14:25:39.779431Z,157133441613367,157133441613367,-1,-1,-1,ok,
exp_constrained_pub_sub_xcdr__cpp_to_py__100000B__10Hz__shmem_ds__best_effort,publish,pub,cpp_to_py,constrained_pub_sub,exp,xcdr,shmem_ds,100000,10,0,measured,96,2026-09-09T14:25:39.880335Z,157133542497571,157133542497571,-1,-1,-1,ok,
exp_constrained_pub_sub_xcdr__cpp_to_py__100000B__10Hz__shmem_ds__best_effort,publish,pub,cpp_to_py,constrained_pub_sub,exp,xcdr,shmem_ds,100000,10,0,measured,97,2026-09-09T14:25:39.980853Z,157133642987095,157133642987095,-1,-1,-1,ok,
exp_constrained_pub_sub_xcdr__cpp_to_py__100000B__10Hz__shmem_ds__best_effort,publish,pub,cpp_to_py,constrained_pub_sub,exp,xcdr,shmem_ds,100000,10,0,measured,98,2026-09-09T14:25:40.080245Z,157133742421405,157133742421405,-1,-1,-1,ok,
exp_constrained_pub_sub_xcdr__cpp_to_py__100000B__10Hz__shmem_ds__best_effort,publish,pub,cpp_to_py,constrained_pub_sub,exp,xcdr,shmem_ds,100000,10,0,measured,99,2026-09-09T14:25:40.180293Z,157133842475609,157133842475609,-1,-1,-1,ok,
exp_constrained_pub_sub_xcdr__cpp_to_py__100000B__10Hz__shmem_ds__best_effort,publish,pub,cpp_to_py,constrained_pub_sub,exp,xcdr,shmem_ds,100000,10,0,measured,100,2026-09-09T14:25:40.279543Z,157133941726035,157133941726035,-1,-1,-1,ok,
exp_constrained_pub_sub_xcdr__cpp_to_py__100000B__10Hz__shmem_ds__best_effort,publish,pub,cpp_to_py,constrained_pub_sub,exp,xcdr,shmem_ds,100000,10,0,measured,101,2026-09-09T14:25:40.380120Z,157134042301064,157134042301064,-1,-1,-1,ok,
exp_constrained_pub_sub_xcdr__cpp_to_py__100000B__10Hz__shmem_ds__best_effort,publish,pub,cpp_to_py,constrained_pub_sub,exp,xcdr,shmem_ds,100000,10,0,measured,102,2026-09-09T14:25:40.479588Z,157134141769830,157134141769830,-1,-1,-1,ok,
exp_constrained_pub_sub_xcdr__cpp_to_py__100000B__10Hz__shmem_ds__best_effort,publish,pub,cpp_to_py,constrained_pub_sub,exp,xcdr,shmem_ds,100000,10,0,measured,103,2026-09-09T14:25:40.578834Z,157134240977878,157134240977878,-1,-1,-1,ok,
exp_constrained_pub_sub_xcdr__cpp_to_py__100000B__10Hz__shmem_ds__best_effort,publish,pub,cpp_to_py,constrained_pub_sub,exp,xcdr,shmem_ds,100000,10,0,measured,104,2026-09-09T14:25:40.679581Z,157134341741290,157134341741290,-1,-1,-1,ok,
exp_constrained_pub_sub_xcdr__cpp_to_py__100000B__10Hz__shmem_ds__best_effort,publish,pub,cpp_to_py,constrained_pub_sub,exp,xcdr,shmem_ds,100000,10,0,measured,105,2026-09-09T14:25:40.779498Z,157134441677752,157134441677752,-1,-1,-1,ok,
exp_constrained_pub_sub_xcdr__cpp_to_py__100000B__10Hz__shmem_ds__best_effort,publish,pub,cpp_to_py,constrained_pub_sub,exp,xcdr,shmem_ds,100000,10,0,measured,106,2026-09-09T14:25:40.878824Z,157134540947676,157134540947676,-1,-1,-1,ok,
exp_constrained_pub_sub_xcdr__cpp_to_py__100000B__10Hz__shmem_ds__best_effort,publish,pub,cpp_to_py,constrained_pub_sub,exp,xcdr,shmem_ds,100000,10,0,measured,107,2026-09-09T14:25:40.979210Z,157134641335212,157134641335212,-1,-1,-1,ok,
exp_constrained_pub_sub_xcdr__cpp_to_py__100000B__10Hz__shmem_ds__best_effort,publish,pub,cpp_to_py,constrained_pub_sub,exp,xcdr,shmem_ds,100000,10,0,measured,108,2026-09-09T14:25:41.078378Z,157134740551467,157134740551467,-1,-1,-1,ok,
exp_constrained_pub_sub_xcdr__cpp_to_py__100000B__10Hz__shmem_ds__best_effort,publish,pub,cpp_to_py,constrained_pub_sub,exp,xcdr,shmem_ds,100000,10,0,measured,109,2026-09-09T14:25:41.178878Z,157134841024741,157134841024741,-1,-1,-1,ok,
exp_constrained_pub_sub_xcdr__cpp_to_py__100000B__10Hz__shmem_ds__best_effort,publish,pub,cpp_to_py,constrained_pub_sub,exp,xcdr,shmem_ds,100000,10,0,measured,110,2026-09-09T14:25:41.279022Z,157134941198553,157134941198553,-1,-1,-1,ok,
exp_constrained_pub_sub_xcdr__cpp_to_py__100000B__10Hz__shmem_ds__best_effort,publish,pub,cpp_to_py,constrained_pub_sub,exp,xcdr,shmem_ds,100000,10,0,measured,111,2026-09-09T14:25:41.378818Z,157135040944742,157135040944742,-1,-1,-1,ok,
exp_constrained_pub_sub_xcdr__cpp_to_py__100000B__10Hz__shmem_ds__best_effort,publish,pub,cpp_to_py,constrained_pub_sub,exp,xcdr,shmem_ds,100000,10,0,measured,112,2026-09-09T14:25:41.479271Z,157135141447160,157135141447160,-1,-1,-1,ok,
exp_constrained_pub_sub_xcdr__cpp_to_py__100000B__10Hz__shmem_ds__best_effort,publish,pub,cpp_to_py,constrained_pub_sub,exp,xcdr,shmem_ds,100000,10,0,measured,113,2026-09-09T14:25:41.580212Z,157135242342965,157135242342965,-1,-1,-1,ok,
exp_constrained_pub_sub_xcdr__cpp_to_py__100000B__10Hz__shmem_ds__best_effort,publish,pub,cpp_to_py,constrained_pub_sub,exp,xcdr,shmem_ds,100000,10,0,measured,114,2026-09-09T14:25:41.681112Z,157135343290147,157135343290147,-1,-1,-1,ok,
exp_constrained_pub_sub_xcdr__cpp_to_py__100000B__10Hz__shmem_ds__best_effort,publish,pub,cpp_to_py,constrained_pub_sub,exp,xcdr,shmem_ds,100000,10,0,measured,115,2026-09-09T14:25:41.780923Z,157135443088484,157135443088484,-1,-1,-1,ok,
exp_constrained_pub_sub_xcdr__cpp_to_py__100000B__10Hz__shmem_ds__best_effort,publish,pub,cpp_to_py,constrained_pub_sub,exp,xcdr,shmem_ds,100000,10,0,measured,116,2026-09-09T14:25:41.880709Z,157135542854200,157135542854200,-1,-1,-1,ok,
exp_constrained_pub_sub_xcdr__cpp_to_py__100000B__10Hz__shmem_ds__best_effort,publish,pub,cpp_to_py,constrained_pub_sub,exp,xcdr,shmem_ds,100000,10,0,measured,117,2026-09-09T14:25:41.981337Z,157135643496351,157135643496351,-1,-1,-1,ok,
exp_constrained_pub_sub_xcdr__cpp_to_py__100000B__10Hz__shmem_ds__best_effort,publish,pub,cpp_to_py,constrained_pub_sub,exp,xcdr,shmem_ds,100000,10,0,measured,118,2026-09-09T14:25:42.081841Z,157135744021775,157135744021775,-1,-1,-1,ok,
exp_constrained_pub_sub_xcdr__cpp_to_py__100000B__10Hz__shmem_ds__best_effort,publish,pub,cpp_to_py,constrained_pub_sub,exp,xcdr,shmem_ds,100000,10,0,measured,119,2026-09-09T14:25:42.182145Z,157135844327759,157135844327759,-1,-1,-1,ok,
exp_constrained_pub_sub_xcdr__cpp_to_py__100000B__10Hz__shmem_ds__best_effort,publish,pub,cpp_to_py,constrained_pub_sub,exp,xcdr,shmem_ds,100000,10,0,measured,120,2026-09-09T14:25:42.283116Z,157135945274414,157135945274414,-1,-1,-1,ok,
exp_constrained_pub_sub_xcdr__cpp_to_py__100000B__10Hz__shmem_ds__best_effort,publish,pub,cpp_to_py,constrained_pub_sub,exp,xcdr,shmem_ds,100000,10,0,measured,121,2026-09-09T14:25:42.382123Z,157136044259962,157136044259962,-1,-1,-1,ok,
exp_constrained_pub_sub_xcdr__cpp_to_py__100000B__10Hz__shmem_ds__best_effort,publish,pub,cpp_to_py,constrained_pub_sub,exp,xcdr,shmem_ds,100000,10,0,measured,122,2026-09-09T14:25:42.481721Z,157136143883386,157136143883386,-1,-1,-1,ok,
exp_constrained_pub_sub_xcdr__cpp_to_py__100000B__10Hz__shmem_ds__best_effort,publish,pub,cpp_to_py,constrained_pub_sub,exp,xcdr,shmem_ds,100000,10,0,measured,123,2026-09-09T14:25:42.581315Z,157136243473317,157136243473317,-1,-1,-1,ok,
exp_constrained_pub_sub_xcdr__cpp_to_py__100000B__10Hz__shmem_ds__best_effort,publish,pub,cpp_to_py,constrained_pub_sub,exp,xcdr,shmem_ds,100000,10,0,measured,124,2026-09-09T14:25:42.681187Z,157136343326311,157136343326311,-1,-1,-1,ok,
exp_constrained_pub_sub_xcdr__cpp_to_py__100000B__10Hz__shmem_ds__best_effort,publish,pub,cpp_to_py,constrained_pub_sub,exp,xcdr,shmem_ds,100000,10,0,measured,125,2026-09-09T14:25:42.780468Z,157136442626739,157136442626739,-1,-1,-1,ok,
exp_constrained_pub_sub_xcdr__cpp_to_py__100000B__10Hz__shmem_ds__best_effort,publish,pub,cpp_to_py,constrained_pub_sub,exp,xcdr,shmem_ds,100000,10,0,measured,126,2026-09-09T14:25:42.881200Z,157136543347439,157136543347439,-1,-1,-1,ok,
exp_constrained_pub_sub_xcdr__cpp_to_py__100000B__10Hz__shmem_ds__best_effort,publish,pub,cpp_to_py,constrained_pub_sub,exp,xcdr,shmem_ds,100000,10,0,measured,127,2026-09-09T14:25:42.981185Z,157136643322983,157136643322983,-1,-1,-1,ok,
exp_constrained_pub_sub_xcdr__cpp_to_py__100000B__10Hz__shmem_ds__best_effort,publish,pub,cpp_to_py,constrained_pub_sub,exp,xcdr,shmem_ds,100000,10,0,measured,128,2026-09-09T14:25:43.080727Z,157136742887482,157136742887482,-1,-1,-1,ok,
exp_constrained_pub_sub_xcdr__cpp_to_py__100000B__10Hz__shmem_ds__best_effort,publish,pub,cpp_to_py,constrained_pub_sub,exp,xcdr,shmem_ds,100000,10,0,measured,129,2026-09-09T14:25:43.181339Z,157136843513230,157136843513230,-1,-1,-1,ok,
exp_constrained_pub_sub_xcdr__cpp_to_py__100000B__10Hz__shmem_ds__best_effort,publish,pub,cpp_to_py,constrained_pub_sub,exp,xcdr,shmem_ds,100000,10,0,measured,130,2026-09-09T14:25:43.281230Z,157136943384782,157136943384782,-1,-1,-1,ok,
exp_constrained_pub_sub_xcdr__cpp_to_py__100000B__10Hz__shmem_ds__best_effort,publish,pub,cpp_to_py,constrained_pub_sub,exp,xcdr,shmem_ds,100000,10,0,measured,131,2026-09-09T14:25:43.380389Z,157137042544020,157137042544020,-1,-1,-1,ok,
exp_constrained_pub_sub_xcdr__cpp_to_py__100000B__10Hz__shmem_ds__best_effort,publish,pub,cpp_to_py,constrained_pub_sub,exp,xcdr,shmem_ds,100000,10,0,measured,132,2026-09-09T14:25:43.481143Z,157137143297216,157137143297216,-1,-1,-1,ok,
exp_constrained_pub_sub_xcdr__cpp_to_py__100000B__10Hz__shmem_ds__best_effort,publish,pub,cpp_to_py,constrained_pub_sub,exp,xcdr,shmem_ds,100000,10,0,measured,133,2026-09-09T14:25:43.581776Z,157137243906303,157137243906303,-1,-1,-1,ok,
exp_constrained_pub_sub_xcdr__cpp_to_py__100000B__10Hz__shmem_ds__best_effort,publish,pub,cpp_to_py,constrained_pub_sub,exp,xcdr,shmem_ds,100000,10,0,measured,134,2026-09-09T14:25:43.682522Z,157137344680769,157137344680769,-1,-1,-1,ok,
exp_constrained_pub_sub_xcdr__cpp_to_py__100000B__10Hz__shmem_ds__best_effort,publish,pub,cpp_to_py,constrained_pub_sub,exp,xcdr,shmem_ds,100000,10,0,measured,135,2026-09-09T14:25:43.783234Z,157137445386847,157137445386847,-1,-1,-1,ok,
exp_constrained_pub_sub_xcdr__cpp_to_py__100000B__10Hz__shmem_ds__best_effort,publish,pub,cpp_to_py,constrained_pub_sub,exp,xcdr,shmem_ds,100000,10,0,measured,136,2026-09-09T14:25:43.882287Z,157137544443623,157137544443623,-1,-1,-1,ok,
exp_constrained_pub_sub_xcdr__cpp_to_py__100000B__10Hz__shmem_ds__best_effort,publish,pub,cpp_to_py,constrained_pub_sub,exp,xcdr,shmem_ds,100000,10,0,measured,137,2026-09-09T14:25:43.982846Z,157137644961698,157137644961698,-1,-1,-1,ok,
exp_constrained_pub_sub_xcdr__cpp_to_py__100000B__10Hz__shmem_ds__best_effort,publish,pub,cpp_to_py,constrained_pub_sub,exp,xcdr,shmem_ds,100000,10,0,measured,138,2026-09-09T14:25:44.081924Z,157137744079532,157137744079532,-1,-1,-1,ok,
exp_constrained_pub_sub_xcdr__cpp_to_py__100000B__10Hz__shmem_ds__best_effort,publish,pub,cpp_to_py,constrained_pub_sub,exp,xcdr,shmem_ds,100000,10,0,measured,139,2026-09-09T14:25:44.181391Z,157137843519540,157137843519540,-1,-1,-1,ok,
exp_constrained_pub_sub_xcdr__cpp_to_py__100000B__10Hz__shmem_ds__best_effort,publish,pub,cpp_to_py,constrained_pub_sub,exp,xcdr,shmem_ds,100000,10,0,measured,140,2026-09-09T14:25:44.281590Z,157137943748468,157137943748468,-1,-1,-1,ok,
exp_constrained_pub_sub_xcdr__cpp_to_py__100000B__10Hz__shmem_ds__best_effort,publish,pub,cpp_to_py,constrained_pub_sub,exp,xcdr,shmem_ds,100000,10,0,measured,141,2026-09-09T14:25:44.381479Z,157138043636366,157138043636366,-1,-1,-1,ok,
exp_constrained_pub_sub_xcdr__cpp_to_py__100000B__10Hz__shmem_ds__best_effort,publish,pub,cpp_to_py,constrained_pub_sub,exp,xcdr,shmem_ds,100000,10,0,measured,142,2026-09-09T14:25:44.481143Z,157138143299763,157138143299763,-1,-1,-1,ok,
exp_constrained_pub_sub_xcdr__cpp_to_py__100000B__10Hz__shmem_ds__best_effort,publish,pub,cpp_to_py,constrained_pub_sub,exp,xcdr,shmem_ds,100000,10,0,measured,143,2026-09-09T14:25:44.580861Z,157138243018895,157138243018895,-1,-1,-1,ok,
exp_constrained_pub_sub_xcdr__cpp_to_py__100000B__10Hz__shmem_ds__best_effort,publish,pub,cpp_to_py,constrained_pub_sub,exp,xcdr,shmem_ds,100000,10,0,measured,144,2026-09-09T14:25:44.681264Z,157138343421108,157138343421108,-1,-1,-1,ok,
exp_constrained_pub_sub_xcdr__cpp_to_py__100000B__10Hz__shmem_ds__best_effort,publish,pub,cpp_to_py,constrained_pub_sub,exp,xcdr,shmem_ds,100000,10,0,measured,145,2026-09-09T14:25:44.780966Z,157138443111515,157138443111515,-1,-1,-1,ok,
exp_constrained_pub_sub_xcdr__cpp_to_py__100000B__10Hz__shmem_ds__best_effort,publish,pub,cpp_to_py,constrained_pub_sub,exp,xcdr,shmem_ds,100000,10,0,measured,146,2026-09-09T14:25:44.881473Z,157138543609277,157138543609277,-1,-1,-1,ok,
exp_constrained_pub_sub_xcdr__cpp_to_py__100000B__10Hz__shmem_ds__best_effort,publish,pub,cpp_to_py,constrained_pub_sub,exp,xcdr,shmem_ds,100000,10,0,measured,147,2026-09-09T14:25:44.980756Z,157138642911697,157138642911697,-1,-1,-1,ok,
exp_constrained_pub_sub_xcdr__cpp_to_py__100000B__10Hz__shmem_ds__best_effort,publish,pub,cpp_to_py,constrained_pub_sub,exp,xcdr,shmem_ds,100000,10,0,measured,148,2026-09-09T14:25:45.081062Z,157138743216831,157138743216831,-1,-1,-1,ok,
exp_constrained_pub_sub_xcdr__cpp_to_py__100000B__10Hz__shmem_ds__best_effort,publish,pub,cpp_to_py,constrained_pub_sub,exp,xcdr,shmem_ds,100000,10,0,measured,149,2026-09-09T14:25:45.180225Z,157138842379493,157138842379493,-1,-1,-1,ok,
exp_constrained_pub_sub_xcdr__cpp_to_py__100000B__10Hz__shmem_ds__best_effort,publish,pub,cpp_to_py,constrained_pub_sub,exp,xcdr,shmem_ds,100000,10,0,measured,150,2026-09-09T14:25:45.280023Z,157138942180753,157138942180753,-1,-1,-1,ok,
exp_constrained_pub_sub_xcdr__cpp_to_py__100000B__10Hz__shmem_ds__best_effort,publish,pub,cpp_to_py,constrained_pub_sub,exp,xcdr,shmem_ds,100000,10,0,measured,151,2026-09-09T14:25:45.379742Z,157139041896483,157139041896483,-1,-1,-1,ok,
exp_constrained_pub_sub_xcdr__cpp_to_py__100000B__10Hz__shmem_ds__best_effort,publish,pub,cpp_to_py,constrained_pub_sub,exp,xcdr,shmem_ds,100000,10,0,measured,152,2026-09-09T14:25:45.479774Z,157139141929948,157139141929948,-1,-1,-1,ok,
exp_constrained_pub_sub_xcdr__cpp_to_py__100000B__10Hz__shmem_ds__best_effort,publish,pub,cpp_to_py,constrained_pub_sub,exp,xcdr,shmem_ds,100000,10,0,measured,153,2026-09-09T14:25:45.580118Z,157139242274827,157139242274827,-1,-1,-1,ok,
exp_constrained_pub_sub_xcdr__cpp_to_py__100000B__10Hz__shmem_ds__best_effort,publish,pub,cpp_to_py,constrained_pub_sub,exp,xcdr,shmem_ds,100000,10,0,measured,154,2026-09-09T14:25:45.680557Z,157139342715425,157139342715425,-1,-1,-1,ok,
exp_constrained_pub_sub_xcdr__cpp_to_py__100000B__10Hz__shmem_ds__best_effort,publish,pub,cpp_to_py,constrained_pub_sub,exp,xcdr,shmem_ds,100000,10,0,measured,155,2026-09-09T14:25:45.780566Z,157139442720688,157139442720688,-1,-1,-1,ok,
exp_constrained_pub_sub_xcdr__cpp_to_py__100000B__10Hz__shmem_ds__best_effort,publish,pub,cpp_to_py,constrained_pub_sub,exp,xcdr,shmem_ds,100000,10,0,measured,156,2026-09-09T14:25:45.880606Z,157139542763360,157139542763360,-1,-1,-1,ok,
exp_constrained_pub_sub_xcdr__cpp_to_py__100000B__10Hz__shmem_ds__best_effort,publish,pub,cpp_to_py,constrained_pub_sub,exp,xcdr,shmem_ds,100000,10,0,measured,157,2026-09-09T14:25:45.980405Z,157139642559270,157139642559270,-1,-1,-1,ok,
exp_constrained_pub_sub_xcdr__cpp_to_py__100000B__10Hz__shmem_ds__best_effort,publish,pub,cpp_to_py,constrained_pub_sub,exp,xcdr,shmem_ds,100000,10,0,measured,158,2026-09-09T14:25:46.080989Z,157139743144543,157139743144543,-1,-1,-1,ok,
exp_constrained_pub_sub_xcdr__cpp_to_py__100000B__10Hz__shmem_ds__best_effort,publish,pub,cpp_to_py,constrained_pub_sub,exp,xcdr,shmem_ds,100000,10,0,measured,159,2026-09-09T14:25:46.180362Z,157139842518486,157139842518486,-1,-1,-1,ok,
exp_constrained_pub_sub_xcdr__cpp_to_py__100000B__10Hz__shmem_ds__best_effort,publish,pub,cpp_to_py,constrained_pub_sub,exp,xcdr,shmem_ds,100000,10,0,measured,160,2026-09-09T14:25:46.280118Z,157139942248786,157139942248786,-1,-1,-1,ok,
exp_constrained_pub_sub_xcdr__cpp_to_py__100000B__10Hz__shmem_ds__best_effort,publish,pub,cpp_to_py,constrained_pub_sub,exp,xcdr,shmem_ds,100000,10,0,measured,161,2026-09-09T14:25:46.380256Z,157140042366204,157140042366204,-1,-1,-1,ok,
exp_constrained_pub_sub_xcdr__cpp_to_py__100000B__10Hz__shmem_ds__best_effort,publish,pub,cpp_to_py,constrained_pub_sub,exp,xcdr,shmem_ds,100000,10,0,measured,162,2026-09-09T14:25:46.479352Z,157140141497882,157140141497882,-1,-1,-1,ok,
exp_constrained_pub_sub_xcdr__cpp_to_py__100000B__10Hz__shmem_ds__best_effort,publish,pub,cpp_to_py,constrained_pub_sub,exp,xcdr,shmem_ds,100000,10,0,measured,163,2026-09-09T14:25:46.578797Z,157140240955201,157140240955201,-1,-1,-1,ok,
exp_constrained_pub_sub_xcdr__cpp_to_py__100000B__10Hz__shmem_ds__best_effort,publish,pub,cpp_to_py,constrained_pub_sub,exp,xcdr,shmem_ds,100000,10,0,measured,164,2026-09-09T14:25:46.678666Z,157140340817980,157140340817980,-1,-1,-1,ok,
exp_constrained_pub_sub_xcdr__cpp_to_py__100000B__10Hz__shmem_ds__best_effort,publish,pub,cpp_to_py,constrained_pub_sub,exp,xcdr,shmem_ds,100000,10,0,measured,165,2026-09-09T14:25:46.778609Z,157140440767522,157140440767522,-1,-1,-1,ok,
exp_constrained_pub_sub_xcdr__cpp_to_py__100000B__10Hz__shmem_ds__best_effort,publish,pub,cpp_to_py,constrained_pub_sub,exp,xcdr,shmem_ds,100000,10,0,measured,166,2026-09-09T14:25:46.878049Z,157140540204654,157140540204654,-1,-1,-1,ok,
exp_constrained_pub_sub_xcdr__cpp_to_py__100000B__10Hz__shmem_ds__best_effort,publish,pub,cpp_to_py,constrained_pub_sub,exp,xcdr,shmem_ds,100000,10,0,measured,167,2026-09-09T14:25:46.978239Z,157140640397572,157140640397572,-1,-1,-1,ok,
exp_constrained_pub_sub_xcdr__cpp_to_py__100000B__10Hz__shmem_ds__best_effort,publish,pub,cpp_to_py,constrained_pub_sub,exp,xcdr,shmem_ds,100000,10,0,measured,168,2026-09-09T14:25:47.079224Z,157140741380204,157140741380204,-1,-1,-1,ok,
exp_constrained_pub_sub_xcdr__cpp_to_py__100000B__10Hz__shmem_ds__best_effort,publish,pub,cpp_to_py,constrained_pub_sub,exp,xcdr,shmem_ds,100000,10,0,measured,169,2026-09-09T14:25:47.180031Z,157140842187569,157140842187569,-1,-1,-1,ok,
exp_constrained_pub_sub_xcdr__cpp_to_py__100000B__10Hz__shmem_ds__best_effort,publish,pub,cpp_to_py,constrained_pub_sub,exp,xcdr,shmem_ds,100000,10,0,measured,170,2026-09-09T14:25:47.279791Z,157140941946929,157140941946929,-1,-1,-1,ok,
exp_constrained_pub_sub_xcdr__cpp_to_py__100000B__10Hz__shmem_ds__best_effort,publish,pub,cpp_to_py,constrained_pub_sub,exp,xcdr,shmem_ds,100000,10,0,measured,171,2026-09-09T14:25:47.379757Z,157141041913747,157141041913747,-1,-1,-1,ok,
exp_constrained_pub_sub_xcdr__cpp_to_py__100000B__10Hz__shmem_ds__best_effort,publish,pub,cpp_to_py,constrained_pub_sub,exp,xcdr,shmem_ds,100000,10,0,measured,172,2026-09-09T14:25:47.479331Z,157141141490625,157141141490625,-1,-1,-1,ok,
exp_constrained_pub_sub_xcdr__cpp_to_py__100000B__10Hz__shmem_ds__best_effort,publish,pub,cpp_to_py,constrained_pub_sub,exp,xcdr,shmem_ds,100000,10,0,measured,173,2026-09-09T14:25:47.579243Z,157141241398623,157141241398623,-1,-1,-1,ok,
exp_constrained_pub_sub_xcdr__cpp_to_py__100000B__10Hz__shmem_ds__best_effort,publish,pub,cpp_to_py,constrained_pub_sub,exp,xcdr,shmem_ds,100000,10,0,measured,174,2026-09-09T14:25:47.678862Z,157141341024592,157141341024592,-1,-1,-1,ok,
exp_constrained_pub_sub_xcdr__cpp_to_py__100000B__10Hz__shmem_ds__best_effort,publish,pub,cpp_to_py,constrained_pub_sub,exp,xcdr,shmem_ds,100000,10,0,measured,175,2026-09-09T14:25:47.778442Z,157141440600708,157141440600708,-1,-1,-1,ok,
exp_constrained_pub_sub_xcdr__cpp_to_py__100000B__10Hz__shmem_ds__best_effort,publish,pub,cpp_to_py,constrained_pub_sub,exp,xcdr,shmem_ds,100000,10,0,measured,176,2026-09-09T14:25:47.878344Z,157141540501423,157141540501423,-1,-1,-1,ok,
exp_constrained_pub_sub_xcdr__cpp_to_py__100000B__10Hz__shmem_ds__best_effort,publish,pub,cpp_to_py,constrained_pub_sub,exp,xcdr,shmem_ds,100000,10,0,measured,177,2026-09-09T14:25:47.978629Z,157141640783963,157141640783963,-1,-1,-1,ok,
exp_constrained_pub_sub_xcdr__cpp_to_py__100000B__10Hz__shmem_ds__best_effort,publish,pub,cpp_to_py,constrained_pub_sub,exp,xcdr,shmem_ds,100000,10,0,measured,178,2026-09-09T14:25:48.077738Z,157141739901813,157141739901813,-1,-1,-1,ok,
exp_constrained_pub_sub_xcdr__cpp_to_py__100000B__10Hz__shmem_ds__best_effort,publish,pub,cpp_to_py,constrained_pub_sub,exp,xcdr,shmem_ds,100000,10,0,measured,179,2026-09-09T14:25:48.177760Z,157141839925683,157141839925683,-1,-1,-1,ok,
exp_constrained_pub_sub_xcdr__cpp_to_py__100000B__10Hz__shmem_ds__best_effort,publish,pub,cpp_to_py,constrained_pub_sub,exp,xcdr,shmem_ds,100000,10,0,measured,180,2026-09-09T14:25:48.277449Z,157141939621217,157141939621217,-1,-1,-1,ok,
exp_constrained_pub_sub_xcdr__cpp_to_py__100000B__10Hz__shmem_ds__best_effort,publish,pub,cpp_to_py,constrained_pub_sub,exp,xcdr,shmem_ds,100000,10,0,measured,181,2026-09-09T14:25:48.378005Z,157142040160714,157142040160714,-1,-1,-1,ok,
exp_constrained_pub_sub_xcdr__cpp_to_py__100000B__10Hz__shmem_ds__best_effort,publish,pub,cpp_to_py,constrained_pub_sub,exp,xcdr,shmem_ds,100000,10,0,measured,182,2026-09-09T14:25:48.477869Z,157142140027058,157142140027058,-1,-1,-1,ok,
exp_constrained_pub_sub_xcdr__cpp_to_py__100000B__10Hz__shmem_ds__best_effort,publish,pub,cpp_to_py,constrained_pub_sub,exp,xcdr,shmem_ds,100000,10,0,measured,183,2026-09-09T14:25:48.577265Z,157142239417520,157142239417520,-1,-1,-1,ok,
exp_constrained_pub_sub_xcdr__cpp_to_py__100000B__10Hz__shmem_ds__best_effort,publish,pub,cpp_to_py,constrained_pub_sub,exp,xcdr,shmem_ds,100000,10,0,measured,184,2026-09-09T14:25:48.676262Z,157142338419533,157142338419533,-1,-1,-1,ok,
exp_constrained_pub_sub_xcdr__cpp_to_py__100000B__10Hz__shmem_ds__best_effort,publish,pub,cpp_to_py,constrained_pub_sub,exp,xcdr,shmem_ds,100000,10,0,measured,185,2026-09-09T14:25:48.776544Z,157142438698952,157142438698952,-1,-1,-1,ok,
exp_constrained_pub_sub_xcdr__cpp_to_py__100000B__10Hz__shmem_ds__best_effort,publish,pub,cpp_to_py,constrained_pub_sub,exp,xcdr,shmem_ds,100000,10,0,measured,186,2026-09-09T14:25:48.876082Z,157142538240257,157142538240257,-1,-1,-1,ok,
exp_constrained_pub_sub_xcdr__cpp_to_py__100000B__10Hz__shmem_ds__best_effort,publish,pub,cpp_to_py,constrained_pub_sub,exp,xcdr,shmem_ds,100000,10,0,measured,187,2026-09-09T14:25:48.975443Z,157142637599560,157142637599560,-1,-1,-1,ok,
exp_constrained_pub_sub_xcdr__cpp_to_py__100000B__10Hz__shmem_ds__best_effort,publish,pub,cpp_to_py,constrained_pub_sub,exp,xcdr,shmem_ds,100000,10,0,measured,188,2026-09-09T14:25:49.076242Z,157142738398256,157142738398256,-1,-1,-1,ok,
exp_constrained_pub_sub_xcdr__cpp_to_py__100000B__10Hz__shmem_ds__best_effort,publish,pub,cpp_to_py,constrained_pub_sub,exp,xcdr,shmem_ds,100000,10,0,measured,189,2026-09-09T14:25:49.176847Z,157142838992950,157142838992950,-1,-1,-1,ok,
exp_constrained_pub_sub_xcdr__cpp_to_py__100000B__10Hz__shmem_ds__best_effort,publish,pub,cpp_to_py,constrained_pub_sub,exp,xcdr,shmem_ds,100000,10,0,measured,190,2026-09-09T14:25:49.276650Z,157142938807652,157142938807652,-1,-1,-1,ok,
exp_constrained_pub_sub_xcdr__cpp_to_py__100000B__10Hz__shmem_ds__best_effort,publish,pub,cpp_to_py,constrained_pub_sub,exp,xcdr,shmem_ds,100000,10,0,measured,191,2026-09-09T14:25:49.375862Z,157143038016978,157143038016978,-1,-1,-1,ok,
exp_constrained_pub_sub_xcdr__cpp_to_py__100000B__10Hz__shmem_ds__best_effort,publish,pub,cpp_to_py,constrained_pub_sub,exp,xcdr,shmem_ds,100000,10,0,measured,192,2026-09-09T14:25:49.476209Z,157143138356905,157143138356905,-1,-1,-1,ok,
exp_constrained_pub_sub_xcdr__cpp_to_py__100000B__10Hz__shmem_ds__best_effort,publish,pub,cpp_to_py,constrained_pub_sub,exp,xcdr,shmem_ds,100000,10,0,measured,193,2026-09-09T14:25:49.577134Z,157143239289893,157143239289893,-1,-1,-1,ok,
exp_constrained_pub_sub_xcdr__cpp_to_py__100000B__10Hz__shmem_ds__best_effort,publish,pub,cpp_to_py,constrained_pub_sub,exp,xcdr,shmem_ds,100000,10,0,measured,194,2026-09-09T14:25:49.676670Z,157143338829178,157143338829178,-1,-1,-1,ok,
exp_constrained_pub_sub_xcdr__cpp_to_py__100000B__10Hz__shmem_ds__best_effort,publish,pub,cpp_to_py,constrained_pub_sub,exp,xcdr,shmem_ds,100000,10,0,measured,195,2026-09-09T14:25:49.775831Z,157143437981768,157143437981768,-1,-1,-1,ok,
exp_constrained_pub_sub_xcdr__cpp_to_py__100000B__10Hz__shmem_ds__best_effort,publish,pub,cpp_to_py,constrained_pub_sub,exp,xcdr,shmem_ds,100000,10,0,measured,196,2026-09-09T14:25:49.876109Z,157143538253757,157143538253757,-1,-1,-1,ok,
exp_constrained_pub_sub_xcdr__cpp_to_py__100000B__10Hz__shmem_ds__best_effort,publish,pub,cpp_to_py,constrained_pub_sub,exp,xcdr,shmem_ds,100000,10,0,measured,197,2026-09-09T14:25:49.976347Z,157143638444674,157143638444674,-1,-1,-1,ok,
exp_constrained_pub_sub_xcdr__cpp_to_py__100000B__10Hz__shmem_ds__best_effort,publish,pub,cpp_to_py,constrained_pub_sub,exp,xcdr,shmem_ds,100000,10,0,measured,198,2026-09-09T14:25:50.075595Z,157143737750364,157143737750364,-1,-1,-1,ok,
exp_constrained_pub_sub_xcdr__cpp_to_py__100000B__10Hz__shmem_ds__best_effort,publish,pub,cpp_to_py,constrained_pub_sub,exp,xcdr,shmem_ds,100000,10,0,measured,199,2026-09-09T14:25:50.176369Z,157143838525531,157143838525531,-1,-1,-1,ok,
exp_constrained_pub_sub_xcdr__cpp_to_py__100000B__10Hz__shmem_ds__best_effort,publish,pub,cpp_to_py,constrained_pub_sub,exp,xcdr,shmem_ds,100000,10,0,measured,200,2026-09-09T14:25:50.276305Z,157143938457847,157143938457847,-1,-1,-1,ok,
exp_constrained_pub_sub_xcdr__cpp_to_py__100000B__10Hz__shmem_ds__best_effort,publish,pub,cpp_to_py,constrained_pub_sub,exp,xcdr,shmem_ds,100000,10,0,measured,201,2026-09-09T14:25:50.375467Z,157144037624528,157144037624528,-1,-1,-1,ok,
exp_constrained_pub_sub_xcdr__cpp_to_py__100000B__10Hz__shmem_ds__best_effort,publish,pub,cpp_to_py,constrained_pub_sub,exp,xcdr,shmem_ds,100000,10,0,measured,202,2026-09-09T14:25:50.476073Z,157144138230838,157144138230838,-1,-1,-1,ok,
exp_constrained_pub_sub_xcdr__cpp_to_py__100000B__10Hz__shmem_ds__best_effort,publish,pub,cpp_to_py,constrained_pub_sub,exp,xcdr,shmem_ds,100000,10,0,measured,203,2026-09-09T14:25:50.575609Z,157144237766891,157144237766891,-1,-1,-1,ok,
exp_constrained_pub_sub_xcdr__cpp_to_py__100000B__10Hz__shmem_ds__best_effort,publish,pub,cpp_to_py,constrained_pub_sub,exp,xcdr,shmem_ds,100000,10,0,measured,204,2026-09-09T14:25:50.675508Z,157144337672938,157144337672938,-1,-1,-1,ok,
exp_constrained_pub_sub_xcdr__cpp_to_py__100000B__10Hz__shmem_ds__best_effort,publish,pub,cpp_to_py,constrained_pub_sub,exp,xcdr,shmem_ds,100000,10,0,measured,205,2026-09-09T14:25:50.776167Z,157144438317841,157144438317841,-1,-1,-1,ok,
exp_constrained_pub_sub_xcdr__cpp_to_py__100000B__10Hz__shmem_ds__best_effort,publish,pub,cpp_to_py,constrained_pub_sub,exp,xcdr,shmem_ds,100000,10,0,measured,206,2026-09-09T14:25:50.875984Z,157144538146223,157144538146223,-1,-1,-1,ok,
exp_constrained_pub_sub_xcdr__cpp_to_py__100000B__10Hz__shmem_ds__best_effort,publish,pub,cpp_to_py,constrained_pub_sub,exp,xcdr,shmem_ds,100000,10,0,measured,207,2026-09-09T14:25:50.975889Z,157144638032252,157144638032252,-1,-1,-1,ok,
exp_constrained_pub_sub_xcdr__cpp_to_py__100000B__10Hz__shmem_ds__best_effort,publish,pub,cpp_to_py,constrained_pub_sub,exp,xcdr,shmem_ds,100000,10,0,measured,208,2026-09-09T14:25:51.075488Z,157144737650091,157144737650091,-1,-1,-1,ok,
exp_constrained_pub_sub_xcdr__cpp_to_py__100000B__10Hz__shmem_ds__best_effort,publish,pub,cpp_to_py,constrained_pub_sub,exp,xcdr,shmem_ds,100000,10,0,measured,209,2026-09-09T14:25:51.174673Z,157144836847033,157144836847033,-1,-1,-1,ok,
exp_constrained_pub_sub_xcdr__cpp_to_py__100000B__10Hz__shmem_ds__best_effort,publish,pub,cpp_to_py,constrained_pub_sub,exp,xcdr,shmem_ds,100000,10,0,measured,210,2026-09-09T14:25:51.274067Z,157144936239631,157144936239631,-1,-1,-1,ok,
exp_constrained_pub_sub_xcdr__cpp_to_py__100000B__10Hz__shmem_ds__best_effort,publish,pub,cpp_to_py,constrained_pub_sub,exp,xcdr,shmem_ds,100000,10,0,measured,211,2026-09-09T14:25:51.373568Z,157145035727397,157145035727397,-1,-1,-1,ok,
exp_constrained_pub_sub_xcdr__cpp_to_py__100000B__10Hz__shmem_ds__best_effort,publish,pub,cpp_to_py,constrained_pub_sub,exp,xcdr,shmem_ds,100000,10,0,measured,212,2026-09-09T14:25:51.474312Z,157145136479265,157145136479265,-1,-1,-1,ok,
exp_constrained_pub_sub_xcdr__cpp_to_py__100000B__10Hz__shmem_ds__best_effort,publish,pub,cpp_to_py,constrained_pub_sub,exp,xcdr,shmem_ds,100000,10,0,measured,213,2026-09-09T14:25:51.574211Z,157145236373494,157145236373494,-1,-1,-1,ok,
exp_constrained_pub_sub_xcdr__cpp_to_py__100000B__10Hz__shmem_ds__best_effort,publish,pub,cpp_to_py,constrained_pub_sub,exp,xcdr,shmem_ds,100000,10,0,measured,214,2026-09-09T14:25:51.673605Z,157145335778055,157145335778055,-1,-1,-1,ok,
exp_constrained_pub_sub_xcdr__cpp_to_py__100000B__10Hz__shmem_ds__best_effort,publish,pub,cpp_to_py,constrained_pub_sub,exp,xcdr,shmem_ds,100000,10,0,measured,215,2026-09-09T14:25:51.772934Z,157145435107985,157145435107985,-1,-1,-1,ok,
exp_constrained_pub_sub_xcdr__cpp_to_py__100000B__10Hz__shmem_ds__best_effort,publish,pub,cpp_to_py,constrained_pub_sub,exp,xcdr,shmem_ds,100000,10,0,measured,216,2026-09-09T14:25:51.872314Z,157145534472430,157145534472430,-1,-1,-1,ok,
exp_constrained_pub_sub_xcdr__cpp_to_py__100000B__10Hz__shmem_ds__best_effort,publish,pub,cpp_to_py,constrained_pub_sub,exp,xcdr,shmem_ds,100000,10,0,measured,217,2026-09-09T14:25:51.971678Z,157145633809805,157145633809805,-1,-1,-1,ok,
exp_constrained_pub_sub_xcdr__cpp_to_py__100000B__10Hz__shmem_ds__best_effort,publish,pub,cpp_to_py,constrained_pub_sub,exp,xcdr,shmem_ds,100000,10,0,measured,218,2026-09-09T14:25:52.070855Z,157145733026326,157145733026326,-1,-1,-1,ok,
exp_constrained_pub_sub_xcdr__cpp_to_py__100000B__10Hz__shmem_ds__best_effort,publish,pub,cpp_to_py,constrained_pub_sub,exp,xcdr,shmem_ds,100000,10,0,measured,219,2026-09-09T14:25:52.170275Z,157145832446500,157145832446500,-1,-1,-1,ok,
exp_constrained_pub_sub_xcdr__cpp_to_py__100000B__10Hz__shmem_ds__best_effort,publish,pub,cpp_to_py,constrained_pub_sub,exp,xcdr,shmem_ds,100000,10,0,measured,220,2026-09-09T14:25:52.271179Z,157145933344525,157145933344525,-1,-1,-1,ok,
exp_constrained_pub_sub_xcdr__cpp_to_py__100000B__10Hz__shmem_ds__best_effort,publish,pub,cpp_to_py,constrained_pub_sub,exp,xcdr,shmem_ds,100000,10,0,measured,221,2026-09-09T14:25:52.371047Z,157146033202300,157146033202300,-1,-1,-1,ok,
exp_constrained_pub_sub_xcdr__cpp_to_py__100000B__10Hz__shmem_ds__best_effort,publish,pub,cpp_to_py,constrained_pub_sub,exp,xcdr,shmem_ds,100000,10,0,measured,222,2026-09-09T14:25:52.470831Z,157146132987809,157146132987809,-1,-1,-1,ok,
exp_constrained_pub_sub_xcdr__cpp_to_py__100000B__10Hz__shmem_ds__best_effort,publish,pub,cpp_to_py,constrained_pub_sub,exp,xcdr,shmem_ds,100000,10,0,measured,223,2026-09-09T14:25:52.570121Z,157146232270656,157146232270656,-1,-1,-1,ok,
exp_constrained_pub_sub_xcdr__cpp_to_py__100000B__10Hz__shmem_ds__best_effort,publish,pub,cpp_to_py,constrained_pub_sub,exp,xcdr,shmem_ds,100000,10,0,measured,224,2026-09-09T14:25:52.669341Z,157146331508157,157146331508157,-1,-1,-1,ok,
exp_constrained_pub_sub_xcdr__cpp_to_py__100000B__10Hz__shmem_ds__best_effort,publish,pub,cpp_to_py,constrained_pub_sub,exp,xcdr,shmem_ds,100000,10,0,measured,225,2026-09-09T14:25:52.769130Z,157146431305389,157146431305389,-1,-1,-1,ok,
exp_constrained_pub_sub_xcdr__cpp_to_py__100000B__10Hz__shmem_ds__best_effort,publish,pub,cpp_to_py,constrained_pub_sub,exp,xcdr,shmem_ds,100000,10,0,measured,226,2026-09-09T14:25:52.868583Z,157146530728318,157146530728318,-1,-1,-1,ok,
exp_constrained_pub_sub_xcdr__cpp_to_py__100000B__10Hz__shmem_ds__best_effort,publish,pub,cpp_to_py,constrained_pub_sub,exp,xcdr,shmem_ds,100000,10,0,measured,227,2026-09-09T14:25:52.967901Z,157146630053533,157146630053533,-1,-1,-1,ok,
exp_constrained_pub_sub_xcdr__cpp_to_py__100000B__10Hz__shmem_ds__best_effort,publish,pub,cpp_to_py,constrained_pub_sub,exp,xcdr,shmem_ds,100000,10,0,measured,228,2026-09-09T14:25:53.067517Z,157146729697479,157146729697479,-1,-1,-1,ok,
exp_constrained_pub_sub_xcdr__cpp_to_py__100000B__10Hz__shmem_ds__best_effort,publish,pub,cpp_to_py,constrained_pub_sub,exp,xcdr,shmem_ds,100000,10,0,measured,229,2026-09-09T14:25:53.168226Z,157146830394903,157146830394903,-1,-1,-1,ok,
exp_constrained_pub_sub_xcdr__cpp_to_py__100000B__10Hz__shmem_ds__best_effort,publish,pub,cpp_to_py,constrained_pub_sub,exp,xcdr,shmem_ds,100000,10,0,measured,230,2026-09-09T14:25:53.268521Z,157146930694290,157146930694290,-1,-1,-1,ok,
exp_constrained_pub_sub_xcdr__cpp_to_py__100000B__10Hz__shmem_ds__best_effort,publish,pub,cpp_to_py,constrained_pub_sub,exp,xcdr,shmem_ds,100000,10,0,measured,231,2026-09-09T14:25:53.368231Z,157147030374175,157147030374175,-1,-1,-1,ok,
exp_constrained_pub_sub_xcdr__cpp_to_py__100000B__10Hz__shmem_ds__best_effort,publish,pub,cpp_to_py,constrained_pub_sub,exp,xcdr,shmem_ds,100000,10,0,measured,232,2026-09-09T14:25:53.469052Z,157147131207713,157147131207713,-1,-1,-1,ok,
exp_constrained_pub_sub_xcdr__cpp_to_py__100000B__10Hz__shmem_ds__best_effort,publish,pub,cpp_to_py,constrained_pub_sub,exp,xcdr,shmem_ds,100000,10,0,measured,233,2026-09-09T14:25:53.568840Z,157147230985502,157147230985502,-1,-1,-1,ok,
exp_constrained_pub_sub_xcdr__cpp_to_py__100000B__10Hz__shmem_ds__best_effort,publish,pub,cpp_to_py,constrained_pub_sub,exp,xcdr,shmem_ds,100000,10,0,measured,234,2026-09-09T14:25:53.669007Z,157147331164644,157147331164644,-1,-1,-1,ok,
exp_constrained_pub_sub_xcdr__cpp_to_py__100000B__10Hz__shmem_ds__best_effort,publish,pub,cpp_to_py,constrained_pub_sub,exp,xcdr,shmem_ds,100000,10,0,measured,235,2026-09-09T14:25:53.769029Z,157147431182573,157147431182573,-1,-1,-1,ok,
exp_constrained_pub_sub_xcdr__cpp_to_py__100000B__10Hz__shmem_ds__best_effort,publish,pub,cpp_to_py,constrained_pub_sub,exp,xcdr,shmem_ds,100000,10,0,measured,236,2026-09-09T14:25:53.868880Z,157147531038157,157147531038157,-1,-1,-1,ok,
exp_constrained_pub_sub_xcdr__cpp_to_py__100000B__10Hz__shmem_ds__best_effort,publish,pub,cpp_to_py,constrained_pub_sub,exp,xcdr,shmem_ds,100000,10,0,measured,237,2026-09-09T14:25:53.969152Z,157147631300005,157147631300005,-1,-1,-1,ok,
exp_constrained_pub_sub_xcdr__cpp_to_py__100000B__10Hz__shmem_ds__best_effort,publish,pub,cpp_to_py,constrained_pub_sub,exp,xcdr,shmem_ds,100000,10,0,measured,238,2026-09-09T14:25:54.069964Z,157147732145588,157147732145588,-1,-1,-1,ok,
exp_constrained_pub_sub_xcdr__cpp_to_py__100000B__10Hz__shmem_ds__best_effort,publish,pub,cpp_to_py,constrained_pub_sub,exp,xcdr,shmem_ds,100000,10,0,measured,239,2026-09-09T14:25:54.169322Z,157147831505167,157147831505167,-1,-1,-1,ok,
exp_constrained_pub_sub_xcdr__cpp_to_py__100000B__10Hz__shmem_ds__best_effort,publish,pub,cpp_to_py,constrained_pub_sub,exp,xcdr,shmem_ds,100000,10,0,measured,240,2026-09-09T14:25:54.269176Z,157147931357630,157147931357630,-1,-1,-1,ok,
exp_constrained_pub_sub_xcdr__cpp_to_py__100000B__10Hz__shmem_ds__best_effort,publish,pub,cpp_to_py,constrained_pub_sub,exp,xcdr,shmem_ds,100000,10,0,measured,241,2026-09-09T14:25:54.369910Z,157148032053946,157148032053946,-1,-1,-1,ok,
exp_constrained_pub_sub_xcdr__cpp_to_py__100000B__10Hz__shmem_ds__best_effort,publish,pub,cpp_to_py,constrained_pub_sub,exp,xcdr,shmem_ds,100000,10,0,measured,242,2026-09-09T14:25:54.470136Z,157148132304455,157148132304455,-1,-1,-1,ok,
exp_constrained_pub_sub_xcdr__cpp_to_py__100000B__10Hz__shmem_ds__best_effort,publish,pub,cpp_to_py,constrained_pub_sub,exp,xcdr,shmem_ds,100000,10,0,measured,243,2026-09-09T14:25:54.569282Z,157148231454420,157148231454420,-1,-1,-1,ok,
exp_constrained_pub_sub_xcdr__cpp_to_py__100000B__10Hz__shmem_ds__best_effort,publish,pub,cpp_to_py,constrained_pub_sub,exp,xcdr,shmem_ds,100000,10,0,measured,244,2026-09-09T14:25:54.669853Z,157148332019910,157148332019910,-1,-1,-1,ok,
exp_constrained_pub_sub_xcdr__cpp_to_py__100000B__10Hz__shmem_ds__best_effort,publish,pub,cpp_to_py,constrained_pub_sub,exp,xcdr,shmem_ds,100000,10,0,measured,245,2026-09-09T14:25:54.770124Z,157148432283844,157148432283844,-1,-1,-1,ok,
exp_constrained_pub_sub_xcdr__cpp_to_py__100000B__10Hz__shmem_ds__best_effort,publish,pub,cpp_to_py,constrained_pub_sub,exp,xcdr,shmem_ds,100000,10,0,measured,246,2026-09-09T14:25:54.870945Z,157148533103441,157148533103441,-1,-1,-1,ok,
exp_constrained_pub_sub_xcdr__cpp_to_py__100000B__10Hz__shmem_ds__best_effort,publish,pub,cpp_to_py,constrained_pub_sub,exp,xcdr,shmem_ds,100000,10,0,measured,247,2026-09-09T14:25:54.970409Z,157148632566794,157148632566794,-1,-1,-1,ok,
exp_constrained_pub_sub_xcdr__cpp_to_py__100000B__10Hz__shmem_ds__best_effort,publish,pub,cpp_to_py,constrained_pub_sub,exp,xcdr,shmem_ds,100000,10,0,measured,248,2026-09-09T14:25:55.071154Z,157148733302907,157148733302907,-1,-1,-1,ok,
exp_constrained_pub_sub_xcdr__cpp_to_py__100000B__10Hz__shmem_ds__best_effort,publish,pub,cpp_to_py,constrained_pub_sub,exp,xcdr,shmem_ds,100000,10,0,measured,249,2026-09-09T14:25:55.170596Z,157148832733593,157148832733593,-1,-1,-1,ok,
exp_constrained_pub_sub_xcdr__cpp_to_py__100000B__10Hz__shmem_ds__best_effort,publish,pub,cpp_to_py,constrained_pub_sub,exp,xcdr,shmem_ds,100000,10,0,measured,250,2026-09-09T14:25:55.270397Z,157148932554090,157148932554090,-1,-1,-1,ok,
exp_constrained_pub_sub_xcdr__cpp_to_py__100000B__10Hz__shmem_ds__best_effort,publish,pub,cpp_to_py,constrained_pub_sub,exp,xcdr,shmem_ds,100000,10,0,measured,251,2026-09-09T14:25:55.370230Z,157149032386810,157149032386810,-1,-1,-1,ok,
exp_constrained_pub_sub_xcdr__cpp_to_py__100000B__10Hz__shmem_ds__best_effort,publish,pub,cpp_to_py,constrained_pub_sub,exp,xcdr,shmem_ds,100000,10,0,measured,252,2026-09-09T14:25:55.470484Z,157149132640499,157149132640499,-1,-1,-1,ok,
exp_constrained_pub_sub_xcdr__cpp_to_py__100000B__10Hz__shmem_ds__best_effort,publish,pub,cpp_to_py,constrained_pub_sub,exp,xcdr,shmem_ds,100000,10,0,measured,253,2026-09-09T14:25:55.571379Z,157149233512147,157149233512147,-1,-1,-1,ok,
exp_constrained_pub_sub_xcdr__cpp_to_py__100000B__10Hz__shmem_ds__best_effort,publish,pub,cpp_to_py,constrained_pub_sub,exp,xcdr,shmem_ds,100000,10,0,measured,254,2026-09-09T14:25:55.671749Z,157149333920417,157149333920417,-1,-1,-1,ok,
exp_constrained_pub_sub_xcdr__cpp_to_py__100000B__10Hz__shmem_ds__best_effort,publish,pub,cpp_to_py,constrained_pub_sub,exp,xcdr,shmem_ds,100000,10,0,measured,255,2026-09-09T14:25:55.771326Z,157149433493580,157149433493580,-1,-1,-1,ok,
exp_constrained_pub_sub_xcdr__cpp_to_py__100000B__10Hz__shmem_ds__best_effort,publish,pub,cpp_to_py,constrained_pub_sub,exp,xcdr,shmem_ds,100000,10,0,measured,256,2026-09-09T14:25:55.870706Z,157149532867790,157149532867790,-1,-1,-1,ok,
exp_constrained_pub_sub_xcdr__cpp_to_py__100000B__10Hz__shmem_ds__best_effort,publish,pub,cpp_to_py,constrained_pub_sub,exp,xcdr,shmem_ds,100000,10,0,measured,257,2026-09-09T14:25:55.970228Z,157149632374218,157149632374218,-1,-1,-1,ok,
exp_constrained_pub_sub_xcdr__cpp_to_py__100000B__10Hz__shmem_ds__best_effort,publish,pub,cpp_to_py,constrained_pub_sub,exp,xcdr,shmem_ds,100000,10,0,measured,258,2026-09-09T14:25:56.069894Z,157149732049315,157149732049315,-1,-1,-1,ok,
exp_constrained_pub_sub_xcdr__cpp_to_py__100000B__10Hz__shmem_ds__best_effort,publish,pub,cpp_to_py,constrained_pub_sub,exp,xcdr,shmem_ds,100000,10,0,measured,259,2026-09-09T14:25:56.169041Z,157149831202043,157149831202043,-1,-1,-1,ok,
exp_constrained_pub_sub_xcdr__cpp_to_py__100000B__10Hz__shmem_ds__best_effort,publish,pub,cpp_to_py,constrained_pub_sub,exp,xcdr,shmem_ds,100000,10,0,measured,260,2026-09-09T14:25:56.268327Z,157149930500765,157149930500765,-1,-1,-1,ok,
exp_constrained_pub_sub_xcdr__cpp_to_py__100000B__10Hz__shmem_ds__best_effort,publish,pub,cpp_to_py,constrained_pub_sub,exp,xcdr,shmem_ds,100000,10,0,measured,261,2026-09-09T14:25:56.367440Z,157150029601306,157150029601306,-1,-1,-1,ok,
exp_constrained_pub_sub_xcdr__cpp_to_py__100000B__10Hz__shmem_ds__best_effort,publish,pub,cpp_to_py,constrained_pub_sub,exp,xcdr,shmem_ds,100000,10,0,measured,262,2026-09-09T14:25:56.466440Z,157150128617438,157150128617438,-1,-1,-1,ok,
exp_constrained_pub_sub_xcdr__cpp_to_py__100000B__10Hz__shmem_ds__best_effort,publish,pub,cpp_to_py,constrained_pub_sub,exp,xcdr,shmem_ds,100000,10,0,measured,263,2026-09-09T14:25:56.566396Z,157150228547335,157150228547335,-1,-1,-1,ok,
exp_constrained_pub_sub_xcdr__cpp_to_py__100000B__10Hz__shmem_ds__best_effort,publish,pub,cpp_to_py,constrained_pub_sub,exp,xcdr,shmem_ds,100000,10,0,measured,264,2026-09-09T14:25:56.665868Z,157150328022939,157150328022939,-1,-1,-1,ok,
exp_constrained_pub_sub_xcdr__cpp_to_py__100000B__10Hz__shmem_ds__best_effort,publish,pub,cpp_to_py,constrained_pub_sub,exp,xcdr,shmem_ds,100000,10,0,measured,265,2026-09-09T14:25:56.764903Z,157150427054721,157150427054721,-1,-1,-1,ok,
exp_constrained_pub_sub_xcdr__cpp_to_py__100000B__10Hz__shmem_ds__best_effort,publish,pub,cpp_to_py,constrained_pub_sub,exp,xcdr,shmem_ds,100000,10,0,measured,266,2026-09-09T14:25:56.864634Z,157150526785824,157150526785824,-1,-1,-1,ok,
exp_constrained_pub_sub_xcdr__cpp_to_py__100000B__10Hz__shmem_ds__best_effort,publish,pub,cpp_to_py,constrained_pub_sub,exp,xcdr,shmem_ds,100000,10,0,measured,267,2026-09-09T14:25:56.964736Z,157150626891570,157150626891570,-1,-1,-1,ok,
exp_constrained_pub_sub_xcdr__cpp_to_py__100000B__10Hz__shmem_ds__best_effort,publish,pub,cpp_to_py,constrained_pub_sub,exp,xcdr,shmem_ds,100000,10,0,measured,268,2026-09-09T14:25:57.064077Z,157150726231743,157150726231743,-1,-1,-1,ok,
exp_constrained_pub_sub_xcdr__cpp_to_py__100000B__10Hz__shmem_ds__best_effort,publish,pub,cpp_to_py,constrained_pub_sub,exp,xcdr,shmem_ds,100000,10,0,measured,269,2026-09-09T14:25:57.164493Z,157150826642425,157150826642425,-1,-1,-1,ok,
exp_constrained_pub_sub_xcdr__cpp_to_py__100000B__10Hz__shmem_ds__best_effort,publish,pub,cpp_to_py,constrained_pub_sub,exp,xcdr,shmem_ds,100000,10,0,measured,270,2026-09-09T14:25:57.265015Z,157150927182429,157150927182429,-1,-1,-1,ok,
exp_constrained_pub_sub_xcdr__cpp_to_py__100000B__10Hz__shmem_ds__best_effort,publish,pub,cpp_to_py,constrained_pub_sub,exp,xcdr,shmem_ds,100000,10,0,measured,271,2026-09-09T14:25:57.365037Z,157151027204473,157151027204473,-1,-1,-1,ok,
exp_constrained_pub_sub_xcdr__cpp_to_py__100000B__10Hz__shmem_ds__best_effort,publish,pub,cpp_to_py,constrained_pub_sub,exp,xcdr,shmem_ds,100000,10,0,measured,272,2026-09-09T14:25:57.464260Z,157151126387663,157151126387663,-1,-1,-1,ok,
exp_constrained_pub_sub_xcdr__cpp_to_py__100000B__10Hz__shmem_ds__best_effort,publish,pub,cpp_to_py,constrained_pub_sub,exp,xcdr,shmem_ds,100000,10,0,measured,273,2026-09-09T14:25:57.563326Z,157151225478479,157151225478479,-1,-1,-1,ok,
exp_constrained_pub_sub_xcdr__cpp_to_py__100000B__10Hz__shmem_ds__best_effort,publish,pub,cpp_to_py,constrained_pub_sub,exp,xcdr,shmem_ds,100000,10,0,measured,274,2026-09-09T14:25:57.663488Z,157151325649011,157151325649011,-1,-1,-1,ok,
exp_constrained_pub_sub_xcdr__cpp_to_py__100000B__10Hz__shmem_ds__best_effort,publish,pub,cpp_to_py,constrained_pub_sub,exp,xcdr,shmem_ds,100000,10,0,measured,275,2026-09-09T14:25:57.764452Z,157151426603824,157151426603824,-1,-1,-1,ok,
exp_constrained_pub_sub_xcdr__cpp_to_py__100000B__10Hz__shmem_ds__best_effort,publish,pub,cpp_to_py,constrained_pub_sub,exp,xcdr,shmem_ds,100000,10,0,measured,276,2026-09-09T14:25:57.864523Z,157151526667124,157151526667124,-1,-1,-1,ok,
exp_constrained_pub_sub_xcdr__cpp_to_py__100000B__10Hz__shmem_ds__best_effort,publish,pub,cpp_to_py,constrained_pub_sub,exp,xcdr,shmem_ds,100000,10,0,measured,277,2026-09-09T14:25:57.963865Z,157151626016836,157151626016836,-1,-1,-1,ok,
exp_constrained_pub_sub_xcdr__cpp_to_py__100000B__10Hz__shmem_ds__best_effort,publish,pub,cpp_to_py,constrained_pub_sub,exp,xcdr,shmem_ds,100000,10,0,measured,278,2026-09-09T14:25:58.064307Z,157151726468207,157151726468207,-1,-1,-1,ok,
exp_constrained_pub_sub_xcdr__cpp_to_py__100000B__10Hz__shmem_ds__best_effort,publish,pub,cpp_to_py,constrained_pub_sub,exp,xcdr,shmem_ds,100000,10,0,measured,279,2026-09-09T14:25:58.163581Z,157151825707717,157151825707717,-1,-1,-1,ok,
exp_constrained_pub_sub_xcdr__cpp_to_py__100000B__10Hz__shmem_ds__best_effort,publish,pub,cpp_to_py,constrained_pub_sub,exp,xcdr,shmem_ds,100000,10,0,measured,280,2026-09-09T14:25:58.263608Z,157151925754020,157151925754020,-1,-1,-1,ok,
exp_constrained_pub_sub_xcdr__cpp_to_py__100000B__10Hz__shmem_ds__best_effort,publish,pub,cpp_to_py,constrained_pub_sub,exp,xcdr,shmem_ds,100000,10,0,measured,281,2026-09-09T14:25:58.364283Z,157152026455381,157152026455381,-1,-1,-1,ok,
exp_constrained_pub_sub_xcdr__cpp_to_py__100000B__10Hz__shmem_ds__best_effort,publish,pub,cpp_to_py,constrained_pub_sub,exp,xcdr,shmem_ds,100000,10,0,measured,282,2026-09-09T14:25:58.465123Z,157152127294130,157152127294130,-1,-1,-1,ok,
exp_constrained_pub_sub_xcdr__cpp_to_py__100000B__10Hz__shmem_ds__best_effort,publish,pub,cpp_to_py,constrained_pub_sub,exp,xcdr,shmem_ds,100000,10,0,measured,283,2026-09-09T14:25:58.564485Z,157152226627896,157152226627896,-1,-1,-1,ok,
exp_constrained_pub_sub_xcdr__cpp_to_py__100000B__10Hz__shmem_ds__best_effort,publish,pub,cpp_to_py,constrained_pub_sub,exp,xcdr,shmem_ds,100000,10,0,measured,284,2026-09-09T14:25:58.664980Z,157152327156363,157152327156363,-1,-1,-1,ok,
exp_constrained_pub_sub_xcdr__cpp_to_py__100000B__10Hz__shmem_ds__best_effort,publish,pub,cpp_to_py,constrained_pub_sub,exp,xcdr,shmem_ds,100000,10,0,measured,285,2026-09-09T14:25:58.765898Z,157152428056146,157152428056146,-1,-1,-1,ok,
exp_constrained_pub_sub_xcdr__cpp_to_py__100000B__10Hz__shmem_ds__best_effort,publish,pub,cpp_to_py,constrained_pub_sub,exp,xcdr,shmem_ds,100000,10,0,measured,286,2026-09-09T14:25:58.865970Z,157152528128898,157152528128898,-1,-1,-1,ok,
exp_constrained_pub_sub_xcdr__cpp_to_py__100000B__10Hz__shmem_ds__best_effort,publish,pub,cpp_to_py,constrained_pub_sub,exp,xcdr,shmem_ds,100000,10,0,measured,287,2026-09-09T14:25:58.966407Z,157152628566495,157152628566495,-1,-1,-1,ok,
exp_constrained_pub_sub_xcdr__cpp_to_py__100000B__10Hz__shmem_ds__best_effort,publish,pub,cpp_to_py,constrained_pub_sub,exp,xcdr,shmem_ds,100000,10,0,measured,288,2026-09-09T14:25:59.065713Z,157152727871601,157152727871601,-1,-1,-1,ok,
exp_constrained_pub_sub_xcdr__cpp_to_py__100000B__10Hz__shmem_ds__best_effort,publish,pub,cpp_to_py,constrained_pub_sub,exp,xcdr,shmem_ds,100000,10,0,measured,289,2026-09-09T14:25:59.166661Z,157152828827303,157152828827303,-1,-1,-1,ok,
exp_constrained_pub_sub_xcdr__cpp_to_py__100000B__10Hz__shmem_ds__best_effort,publish,pub,cpp_to_py,constrained_pub_sub,exp,xcdr,shmem_ds,100000,10,0,measured,290,2026-09-09T14:25:59.265865Z,157152928036640,157152928036640,-1,-1,-1,ok,
exp_constrained_pub_sub_xcdr__cpp_to_py__100000B__10Hz__shmem_ds__best_effort,publish,pub,cpp_to_py,constrained_pub_sub,exp,xcdr,shmem_ds,100000,10,0,measured,291,2026-09-09T14:25:59.365210Z,157153027361173,157153027361173,-1,-1,-1,ok,
exp_constrained_pub_sub_xcdr__cpp_to_py__100000B__10Hz__shmem_ds__best_effort,publish,pub,cpp_to_py,constrained_pub_sub,exp,xcdr,shmem_ds,100000,10,0,measured,292,2026-09-09T14:25:59.465832Z,157153127994781,157153127994781,-1,-1,-1,ok,
exp_constrained_pub_sub_xcdr__cpp_to_py__100000B__10Hz__shmem_ds__best_effort,publish,pub,cpp_to_py,constrained_pub_sub,exp,xcdr,shmem_ds,100000,10,0,measured,293,2026-09-09T14:25:59.565824Z,157153227954324,157153227954324,-1,-1,-1,ok,
exp_constrained_pub_sub_xcdr__cpp_to_py__100000B__10Hz__shmem_ds__best_effort,publish,pub,cpp_to_py,constrained_pub_sub,exp,xcdr,shmem_ds,100000,10,0,measured,294,2026-09-09T14:25:59.666237Z,157153328367119,157153328367119,-1,-1,-1,ok,
exp_constrained_pub_sub_xcdr__cpp_to_py__100000B__10Hz__shmem_ds__best_effort,publish,pub,cpp_to_py,constrained_pub_sub,exp,xcdr,shmem_ds,100000,10,0,measured,295,2026-09-09T14:25:59.767098Z,157153429262930,157153429262930,-1,-1,-1,ok,
exp_constrained_pub_sub_xcdr__cpp_to_py__100000B__10Hz__shmem_ds__best_effort,publish,pub,cpp_to_py,constrained_pub_sub,exp,xcdr,shmem_ds,100000,10,0,measured,296,2026-09-09T14:25:59.867075Z,157153529218897,157153529218897,-1,-1,-1,ok,
exp_constrained_pub_sub_xcdr__cpp_to_py__100000B__10Hz__shmem_ds__best_effort,publish,pub,cpp_to_py,constrained_pub_sub,exp,xcdr,shmem_ds,100000,10,0,measured,297,2026-09-09T14:25:59.966096Z,157153628257523,157153628257523,-1,-1,-1,ok,
exp_constrained_pub_sub_xcdr__cpp_to_py__100000B__10Hz__shmem_ds__best_effort,publish,pub,cpp_to_py,constrained_pub_sub,exp,xcdr,shmem_ds,100000,10,0,measured,298,2026-09-09T14:26:00.067020Z,157153729173754,157153729173754,-1,-1,-1,ok,
exp_constrained_pub_sub_xcdr__cpp_to_py__100000B__10Hz__shmem_ds__best_effort,publish,pub,cpp_to_py,constrained_pub_sub,exp,xcdr,shmem_ds,100000,10,0,measured,299,2026-09-09T14:26:00.167324Z,157153829492196,157153829492196,-1,-1,-1,ok,
exp_constrained_pub_sub_xcdr__cpp_to_py__100000B__10Hz__shmem_ds__best_effort,publish,pub,cpp_to_py,constrained_pub_sub,exp,xcdr,shmem_ds,100000,10,0,measured,300,2026-09-09T14:26:00.267257Z,157153929409244,157153929409244,-1,-1,-1,ok,
exp_constrained_pub_sub_xcdr__cpp_to_py__100000B__10Hz__shmem_ds__best_effort,receive,sub,cpp_to_py,constrained_pub_sub,exp,xcdr,shmem_ds,100000,10,0,measured,0,2026-09-09T14:25:30.279592Z,157123941680869,157123941347074,157123941680869,1788963930279173167,1788963930279235964,ok,
exp_constrained_pub_sub_xcdr__cpp_to_py__100000B__10Hz__shmem_ds__best_effort,receive,sub,cpp_to_py,constrained_pub_sub,exp,xcdr,shmem_ds,100000,10,0,measured,1,2026-09-09T14:25:30.380086Z,157124042184604,157124041907654,157124042184604,1788963930379726584,1788963930379766278,ok,
exp_constrained_pub_sub_xcdr__cpp_to_py__100000B__10Hz__shmem_ds__best_effort,receive,sub,cpp_to_py,constrained_pub_sub,exp,xcdr,shmem_ds,100000,10,0,measured,2,2026-09-09T14:25:30.480249Z,157124142367856,157124142173942,157124142367856,1788963930479988203,1788963930480024200,ok,
exp_constrained_pub_sub_xcdr__cpp_to_py__100000B__10Hz__shmem_ds__best_effort,receive,sub,cpp_to_py,constrained_pub_sub,exp,xcdr,shmem_ds,100000,10,0,measured,3,2026-09-09T14:25:30.580739Z,157124242865108,157124242680101,157124242865108,1788963930580494392,1788963930580525851,ok,
exp_constrained_pub_sub_xcdr__cpp_to_py__100000B__10Hz__shmem_ds__best_effort,receive,sub,cpp_to_py,constrained_pub_sub,exp,xcdr,shmem_ds,100000,10,0,measured,4,2026-09-09T14:25:30.680206Z,157124342300578,157124341975579,157124342300578,1788963930679811730,1788963930679868797,ok,
exp_constrained_pub_sub_xcdr__cpp_to_py__100000B__10Hz__shmem_ds__best_effort,receive,sub,cpp_to_py,constrained_pub_sub,exp,xcdr,shmem_ds,100000,10,0,measured,5,2026-09-09T14:25:30.780840Z,157124442953050,157124442763635,157124442953050,1788963930780580971,1788963930780604896,ok,
exp_constrained_pub_sub_xcdr__cpp_to_py__100000B__10Hz__shmem_ds__best_effort,receive,sub,cpp_to_py,constrained_pub_sub,exp,xcdr,shmem_ds,100000,10,0,measured,6,2026-09-09T14:25:30.880085Z,157124542204436,157124541958885,157124542204436,1788963930879778987,1788963930879846374,ok,
exp_constrained_pub_sub_xcdr__cpp_to_py__100000B__10Hz__shmem_ds__best_effort,receive,sub,cpp_to_py,constrained_pub_sub,exp,xcdr,shmem_ds,100000,10,0,measured,7,2026-09-09T14:25:30.980274Z,157124642382619,157124642121890,157124642382619,1788963930979945919,1788963930979998778,ok,
exp_constrained_pub_sub_xcdr__cpp_to_py__100000B__10Hz__shmem_ds__best_effort,receive,sub,cpp_to_py,constrained_pub_sub,exp,xcdr,shmem_ds,100000,10,0,measured,8,2026-09-09T14:25:31.079914Z,157124742045700,157124741842589,157124742045700,1788963931079657922,1788963931079695161,ok,
exp_constrained_pub_sub_xcdr__cpp_to_py__100000B__10Hz__shmem_ds__best_effort,receive,sub,cpp_to_py,constrained_pub_sub,exp,xcdr,shmem_ds,100000,10,0,measured,9,2026-09-09T14:25:31.179394Z,157124841542991,157124841386087,157124841542991,1788963931179200578,1788963931179230364,ok,
exp_constrained_pub_sub_xcdr__cpp_to_py__100000B__10Hz__shmem_ds__best_effort,receive,sub,cpp_to_py,constrained_pub_sub,exp,xcdr,shmem_ds,100000,10,0,measured,10,2026-09-09T14:25:31.279225Z,157124941361415,157124941172360,157124941361415,1788963931278987052,1788963931279023340,ok,
exp_constrained_pub_sub_xcdr__cpp_to_py__100000B__10Hz__shmem_ds__best_effort,receive,sub,cpp_to_py,constrained_pub_sub,exp,xcdr,shmem_ds,100000,10,0,measured,11,2026-09-09T14:25:31.378167Z,157125040308826,157125040146171,157125040308826,1788963931377958929,1788963931377985889,ok,
exp_constrained_pub_sub_xcdr__cpp_to_py__100000B__10Hz__shmem_ds__best_effort,receive,sub,cpp_to_py,constrained_pub_sub,exp,xcdr,shmem_ds,100000,10,0,measured,12,2026-09-09T14:25:31.478186Z,157125140339096,157125140192101,157125140339096,1788963931478002524,1788963931478026078,ok,
exp_constrained_pub_sub_xcdr__cpp_to_py__100000B__10Hz__shmem_ds__best_effort,receive,sub,cpp_to_py,constrained_pub_sub,exp,xcdr,shmem_ds,100000,10,0,measured,13,2026-09-09T14:25:31.578733Z,157125240839698,157125240590060,157125240839698,1788963931578415011,1788963931578463051,ok,
exp_constrained_pub_sub_xcdr__cpp_to_py__100000B__10Hz__shmem_ds__best_effort,receive,sub,cpp_to_py,constrained_pub_sub,exp,xcdr,shmem_ds,100000,10,0,measured,14,2026-09-09T14:25:31.678841Z,157125340982398,157125340831325,157125340982398,1788963931678641979,1788963931678665984,ok,
exp_constrained_pub_sub_xcdr__cpp_to_py__100000B__10Hz__shmem_ds__best_effort,receive,sub,cpp_to_py,constrained_pub_sub,exp,xcdr,shmem_ds,100000,10,0,measured,15,2026-09-09T14:25:31.779518Z,157125441660383,157125441492599,157125441660383,1788963931779305176,1788963931779334581,ok,
exp_constrained_pub_sub_xcdr__cpp_to_py__100000B__10Hz__shmem_ds__best_effort,receive,sub,cpp_to_py,constrained_pub_sub,exp,xcdr,shmem_ds,100000,10,0,measured,16,2026-09-09T14:25:31.880485Z,157125542609695,157125542394171,157125542609695,1788963931880211948,1788963931880251282,ok,
exp_constrained_pub_sub_xcdr__cpp_to_py__100000B__10Hz__shmem_ds__best_effort,receive,sub,cpp_to_py,constrained_pub_sub,exp,xcdr,shmem_ds,100000,10,0,measured,17,2026-09-09T14:25:31.980931Z,157125643072917,157125642889924,157125643072917,1788963931980704034,1788963931980734421,ok,
exp_constrained_pub_sub_xcdr__cpp_to_py__100000B__10Hz__shmem_ds__best_effort,receive,sub,cpp_to_py,constrained_pub_sub,exp,xcdr,shmem_ds,100000,10,0,measured,18,2026-09-09T14:25:32.080777Z,157125742926709,157125742785785,157125742926709,1788963932080597451,1788963932080616987,ok,
exp_constrained_pub_sub_xcdr__cpp_to_py__100000B__10Hz__shmem_ds__best_effort,receive,sub,cpp_to_py,constrained_pub_sub,exp,xcdr,shmem_ds,100000,10,0,measured,19,2026-09-09T14:25:32.179947Z,157125842081634,157125841887850,157125842081634,1788963932179701510,1788963932179730564,ok,
exp_constrained_pub_sub_xcdr__cpp_to_py__100000B__10Hz__shmem_ds__best_effort,receive,sub,cpp_to_py,constrained_pub_sub,exp,xcdr,shmem_ds,100000,10,0,measured,20,2026-09-09T14:25:32.279189Z,157125941298072,157125941047733,157125941298072,1788963932278870530,1788963932278912037,ok,
exp_constrained_pub_sub_xcdr__cpp_to_py__100000B__10Hz__shmem_ds__best_effort,receive,sub,cpp_to_py,constrained_pub_sub,exp,xcdr,shmem_ds,100000,10,0,measured,21,2026-09-09T14:25:32.379576Z,157126041703941,157126041515838,157126041703941,1788963932379331772,1788963932379353273,ok,
exp_constrained_pub_sub_xcdr__cpp_to_py__100000B__10Hz__shmem_ds__best_effort,receive,sub,cpp_to_py,constrained_pub_sub,exp,xcdr,shmem_ds,100000,10,0,measured,22,2026-09-09T14:25:32.478763Z,157126140919077,157126140792450,157126140919077,1788963932478600559,1788963932478613874,ok,
exp_constrained_pub_sub_xcdr__cpp_to_py__100000B__10Hz__shmem_ds__best_effort,receive,sub,cpp_to_py,constrained_pub_sub,exp,xcdr,shmem_ds,100000,10,0,measured,23,2026-09-09T14:25:32.578702Z,157126240838002,157126240657684,157126240838002,1788963932578468588,1788963932578498084,ok,
exp_constrained_pub_sub_xcdr__cpp_to_py__100000B__10Hz__shmem_ds__best_effort,receive,sub,cpp_to_py,constrained_pub_sub,exp,xcdr,shmem_ds,100000,10,0,measured,24,2026-09-09T14:25:32.677917Z,157126340055794,157126339851782,157126340055794,1788963932677665842,1788963932677690338,ok,
exp_constrained_pub_sub_xcdr__cpp_to_py__100000B__10Hz__shmem_ds__best_effort,receive,sub,cpp_to_py,constrained_pub_sub,exp,xcdr,shmem_ds,100000,10,0,measured,25,2026-09-09T14:25:32.777248Z,157126439366831,157126439157158,157126439366831,1788963932776974815,1788963932777008017,ok,
exp_constrained_pub_sub_xcdr__cpp_to_py__100000B__10Hz__shmem_ds__best_effort,receive,sub,cpp_to_py,constrained_pub_sub,exp,xcdr,shmem_ds,100000,10,0,measured,26,2026-09-09T14:25:32.876420Z,157126538547603,157126538331247,157126538547603,1788963932876143805,1788963932876170565,ok,
exp_constrained_pub_sub_xcdr__cpp_to_py__100000B__10Hz__shmem_ds__best_effort,receive,sub,cpp_to_py,constrained_pub_sub,exp,xcdr,shmem_ds,100000,10,0,measured,27,2026-09-09T14:25:32.976465Z,157126638591212,157126638404041,157126638591212,1788963932976221979,1788963932976243048,ok,
exp_constrained_pub_sub_xcdr__cpp_to_py__100000B__10Hz__shmem_ds__best_effort,receive,sub,cpp_to_py,constrained_pub_sub,exp,xcdr,shmem_ds,100000,10,0,measured,28,2026-09-09T14:25:33.076263Z,157126738412327,157126738279468,157126738412327,1788963933076085994,1788963933076103387,ok,
exp_constrained_pub_sub_xcdr__cpp_to_py__100000B__10Hz__shmem_ds__best_effort,receive,sub,cpp_to_py,constrained_pub_sub,exp,xcdr,shmem_ds,100000,10,0,measured,29,2026-09-09T14:25:33.176794Z,157126838950047,157126838828499,157126838950047,1788963933176634965,1788963933176647659,ok,
exp_constrained_pub_sub_xcdr__cpp_to_py__100000B__10Hz__shmem_ds__best_effort,receive,sub,cpp_to_py,constrained_pub_sub,exp,xcdr,shmem_ds,100000,10,0,measured,30,2026-09-09T14:25:33.276123Z,157126938259244,157126938082683,157126938259244,1788963933275893267,1788963933275921250,ok,
exp_constrained_pub_sub_xcdr__cpp_to_py__100000B__10Hz__shmem_ds__best_effort,receive,sub,cpp_to_py,constrained_pub_sub,exp,xcdr,shmem_ds,100000,10,0,measured,31,2026-09-09T14:25:33.376624Z,157127038757730,157127038580608,157127038757730,1788963933376395200,1788963933376418443,ok,
exp_constrained_pub_sub_xcdr__cpp_to_py__100000B__10Hz__shmem_ds__best_effort,receive,sub,cpp_to_py,constrained_pub_sub,exp,xcdr,shmem_ds,100000,10,0,measured,32,2026-09-09T14:25:33.476154Z,157127138320653,157127138209084,157127138320653,1788963933476016081,1788963933476031961,ok,
exp_constrained_pub_sub_xcdr__cpp_to_py__100000B__10Hz__shmem_ds__best_effort,receive,sub,cpp_to_py,constrained_pub_sub,exp,xcdr,shmem_ds,100000,10,0,measured,33,2026-09-09T14:25:33.576821Z,157127238931591,157127238723390,157127238931591,1788963933576541789,1788963933576567587,ok,
exp_constrained_pub_sub_xcdr__cpp_to_py__100000B__10Hz__shmem_ds__best_effort,receive,sub,cpp_to_py,constrained_pub_sub,exp,xcdr,shmem_ds,100000,10,0,measured,34,2026-09-09T14:25:33.677334Z,157127339476594,157127339323397,157127339476594,1788963933677136646,1788963933677157925,ok,
exp_constrained_pub_sub_xcdr__cpp_to_py__100000B__10Hz__shmem_ds__best_effort,receive,sub,cpp_to_py,constrained_pub_sub,exp,xcdr,shmem_ds,100000,10,0,measured,35,2026-09-09T14:25:33.776402Z,157127438553045,157127438410838,157127438553045,1788963933776220150,1788963933776239386,ok,
exp_constrained_pub_sub_xcdr__cpp_to_py__100000B__10Hz__shmem_ds__best_effort,receive,sub,cpp_to_py,constrained_pub_sub,exp,xcdr,shmem_ds,100000,10,0,measured,36,2026-09-09T14:25:33.877373Z,157127539492999,157127539277796,157127539492999,1788963933877096414,1788963933877122083,ok,
exp_constrained_pub_sub_xcdr__cpp_to_py__100000B__10Hz__shmem_ds__best_effort,receive,sub,cpp_to_py,constrained_pub_sub,exp,xcdr,shmem_ds,100000,10,0,measured,37,2026-09-09T14:25:33.977937Z,157127640037731,157127639782112,157127640037731,1788963933977607704,1788963933977634304,ok,
exp_constrained_pub_sub_xcdr__cpp_to_py__100000B__10Hz__shmem_ds__best_effort,receive,sub,cpp_to_py,constrained_pub_sub,exp,xcdr,shmem_ds,100000,10,0,measured,38,2026-09-09T14:25:34.077604Z,157127739748024,157127739580070,157127739748024,1788963934077393359,1788963934077415400,ok,
exp_constrained_pub_sub_xcdr__cpp_to_py__100000B__10Hz__shmem_ds__best_effort,receive,sub,cpp_to_py,constrained_pub_sub,exp,xcdr,shmem_ds,100000,10,0,measured,39,2026-09-09T14:25:34.177264Z,157127839390340,157127839195215,157127839390340,1788963934177013663,1788963934177039682,ok,
exp_constrained_pub_sub_xcdr__cpp_to_py__100000B__10Hz__shmem_ds__best_effort,receive,sub,cpp_to_py,constrained_pub_sub,exp,xcdr,shmem_ds,100000,10,0,measured,40,2026-09-09T14:25:34.276263Z,157127938402134,157127938225413,157127938402134,1788963934276038581,1788963934276065482,ok,
exp_constrained_pub_sub_xcdr__cpp_to_py__100000B__10Hz__shmem_ds__best_effort,receive,sub,cpp_to_py,constrained_pub_sub,exp,xcdr,shmem_ds,100000,10,0,measured,41,2026-09-09T14:25:34.376625Z,157128038771312,157128038612996,157128038771312,1788963934376420884,1788963934376445571,ok,
exp_constrained_pub_sub_xcdr__cpp_to_py__100000B__10Hz__shmem_ds__best_effort,receive,sub,cpp_to_py,constrained_pub_sub,exp,xcdr,shmem_ds,100000,10,0,measured,42,2026-09-09T14:25:34.476482Z,157128138649110,157128138530618,157128138649110,1788963934476337024,1788963934476351561,ok,
exp_constrained_pub_sub_xcdr__cpp_to_py__100000B__10Hz__shmem_ds__best_effort,receive,sub,cpp_to_py,constrained_pub_sub,exp,xcdr,shmem_ds,100000,10,0,measured,43,2026-09-09T14:25:34.576763Z,157128238874700,157128238634009,157128238874700,1788963934576453790,1788963934576496991,ok,
exp_constrained_pub_sub_xcdr__cpp_to_py__100000B__10Hz__shmem_ds__best_effort,receive,sub,cpp_to_py,constrained_pub_sub,exp,xcdr,shmem_ds,100000,10,0,measured,44,2026-09-09T14:25:34.676669Z,157128338806637,157128338591835,157128338806637,1788963934676406647,1788963934676439909,ok,
exp_constrained_pub_sub_xcdr__cpp_to_py__100000B__10Hz__shmem_ds__best_effort,receive,sub,cpp_to_py,constrained_pub_sub,exp,xcdr,shmem_ds,100000,10,0,measured,45,2026-09-09T14:25:34.775994Z,157128438149192,157128438016052,157128438149192,1788963934775827087,1788963934775849579,ok,
exp_constrained_pub_sub_xcdr__cpp_to_py__100000B__10Hz__shmem_ds__best_effort,receive,sub,cpp_to_py,constrained_pub_sub,exp,xcdr,shmem_ds,100000,10,0,measured,46,2026-09-09T14:25:34.876249Z,157128538397183,157128538224168,157128538397183,1788963934876036385,1788963934876063777,ok,
exp_constrained_pub_sub_xcdr__cpp_to_py__100000B__10Hz__shmem_ds__best_effort,receive,sub,cpp_to_py,constrained_pub_sub,exp,xcdr,shmem_ds,100000,10,0,measured,47,2026-09-09T14:25:34.976312Z,157128638430091,157128638225417,157128638430091,1788963934976043886,1788963934976067350,ok,
exp_constrained_pub_sub_xcdr__cpp_to_py__100000B__10Hz__shmem_ds__best_effort,receive,sub,cpp_to_py,constrained_pub_sub,exp,xcdr,shmem_ds,100000,10,0,measured,48,2026-09-09T14:25:35.075922Z,157128738089883,157128737975047,157128738089883,1788963935075781714,1788963935075797474,ok,
exp_constrained_pub_sub_xcdr__cpp_to_py__100000B__10Hz__shmem_ds__best_effort,receive,sub,cpp_to_py,constrained_pub_sub,exp,xcdr,shmem_ds,100000,10,0,measured,49,2026-09-09T14:25:35.176453Z,157128838571726,157128838335623,157128838571726,1788963935176154443,1788963935176193506,ok,
exp_constrained_pub_sub_xcdr__cpp_to_py__100000B__10Hz__shmem_ds__best_effort,receive,sub,cpp_to_py,constrained_pub_sub,exp,xcdr,shmem_ds,100000,10,0,measured,50,2026-09-09T14:25:35.276170Z,157128938310106,157128938151489,157128938310106,1788963935275965359,1788963935275988562,ok,
exp_constrained_pub_sub_xcdr__cpp_to_py__100000B__10Hz__shmem_ds__best_effort,receive,sub,cpp_to_py,constrained_pub_sub,exp,xcdr,shmem_ds,100000,10,0,measured,51,2026-09-09T14:25:35.376001Z,157129038158963,157129038023649,157129038158963,1788963935375832680,1788963935375854932,ok,
exp_constrained_pub_sub_xcdr__cpp_to_py__100000B__10Hz__shmem_ds__best_effort,receive,sub,cpp_to_py,constrained_pub_sub,exp,xcdr,shmem_ds,100000,10,0,measured,52,2026-09-09T14:25:35.475139Z,157129137307898,157129137194085,157129137307898,1788963935475000501,1788963935475014588,ok,
exp_constrained_pub_sub_xcdr__cpp_to_py__100000B__10Hz__shmem_ds__best_effort,receive,sub,cpp_to_py,constrained_pub_sub,exp,xcdr,shmem_ds,100000,10,0,measured,53,2026-09-09T14:25:35.574398Z,157129236534639,157129236359701,157129236534639,1788963935574173100,1788963935574200150,ok,
exp_constrained_pub_sub_xcdr__cpp_to_py__100000B__10Hz__shmem_ds__best_effort,receive,sub,cpp_to_py,constrained_pub_sub,exp,xcdr,shmem_ds,100000,10,0,measured,54,2026-09-09T14:25:35.675049Z,157129337186982,157129337010461,157129337186982,1788963935674825063,1788963935674854107,ok,
exp_constrained_pub_sub_xcdr__cpp_to_py__100000B__10Hz__shmem_ds__best_effort,receive,sub,cpp_to_py,constrained_pub_sub,exp,xcdr,shmem_ds,100000,10,0,measured,55,2026-09-09T14:25:35.775107Z,157129437221798,157129436970547,157129437221798,1788963935774789977,1788963935774844971,ok,
exp_constrained_pub_sub_xcdr__cpp_to_py__100000B__10Hz__shmem_ds__best_effort,receive,sub,cpp_to_py,constrained_pub_sub,exp,xcdr,shmem_ds,100000,10,0,measured,56,2026-09-09T14:25:35.875058Z,157129537159472,157129536860432,157129537159472,1788963935874684561,1788963935874726730,ok,
exp_constrained_pub_sub_xcdr__cpp_to_py__100000B__10Hz__shmem_ds__best_effort,receive,sub,cpp_to_py,constrained_pub_sub,exp,xcdr,shmem_ds,100000,10,0,measured,57,2026-09-09T14:25:35.975981Z,157129638094396,157129637844217,157129638094396,1788963935975664519,1788963935975707991,ok,
exp_constrained_pub_sub_xcdr__cpp_to_py__100000B__10Hz__shmem_ds__best_effort,receive,sub,cpp_to_py,constrained_pub_sub,exp,xcdr,shmem_ds,100000,10,0,measured,58,2026-09-09T14:25:36.075965Z,157129738132500,157129738014499,157129738132500,1788963936075821105,1788963936075838738,ok,
exp_constrained_pub_sub_xcdr__cpp_to_py__100000B__10Hz__shmem_ds__best_effort,receive,sub,cpp_to_py,constrained_pub_sub,exp,xcdr,shmem_ds,100000,10,0,measured,59,2026-09-09T14:25:36.176223Z,157129838389687,157129838243332,157129838389687,1788963936176050229,1788963936176071980,ok,
exp_constrained_pub_sub_xcdr__cpp_to_py__100000B__10Hz__shmem_ds__best_effort,receive,sub,cpp_to_py,constrained_pub_sub,exp,xcdr,shmem_ds,100000,10,0,measured,60,2026-09-09T14:25:36.276377Z,157129938540825,157129938399631,157129938540825,1788963936276206668,1788963936276220945,ok,
exp_constrained_pub_sub_xcdr__cpp_to_py__100000B__10Hz__shmem_ds__best_effort,receive,sub,cpp_to_py,constrained_pub_sub,exp,xcdr,shmem_ds,100000,10,0,measured,61,2026-09-09T14:25:36.377189Z,157130039319820,157130039136857,157130039319820,1788963936376951509,1788963936376979641,ok,
exp_constrained_pub_sub_xcdr__cpp_to_py__100000B__10Hz__shmem_ds__best_effort,receive,sub,cpp_to_py,constrained_pub_sub,exp,xcdr,shmem_ds,100000,10,0,measured,62,2026-09-09T14:25:36.477028Z,157130139193179,157130139070449,157130139193179,1788963936476877856,1788963936476898605,ok,
exp_constrained_pub_sub_xcdr__cpp_to_py__100000B__10Hz__shmem_ds__best_effort,receive,sub,cpp_to_py,constrained_pub_sub,exp,xcdr,shmem_ds,100000,10,0,measured,63,2026-09-09T14:25:36.577844Z,157130239960703,157130239734168,157130239960703,1788963936577550733,1788963936577586640,ok,
exp_constrained_pub_sub_xcdr__cpp_to_py__100000B__10Hz__shmem_ds__best_effort,receive,sub,cpp_to_py,constrained_pub_sub,exp,xcdr,shmem_ds,100000,10,0,measured,64,2026-09-09T14:25:36.677783Z,157130339917506,157130339712412,157130339917506,1788963936677529548,1788963936677558582,ok,
exp_constrained_pub_sub_xcdr__cpp_to_py__100000B__10Hz__shmem_ds__best_effort,receive,sub,cpp_to_py,constrained_pub_sub,exp,xcdr,shmem_ds,100000,10,0,measured,65,2026-09-09T14:25:36.777651Z,157130439788559,157130439604724,157130439788559,1788963936777419206,1788963936777451967,ok,
exp_constrained_pub_sub_xcdr__cpp_to_py__100000B__10Hz__shmem_ds__best_effort,receive,sub,cpp_to_py,constrained_pub_sub,exp,xcdr,shmem_ds,100000,10,0,measured,66,2026-09-09T14:25:36.877270Z,157130539401829,157130539229737,157130539401829,1788963936877043847,1788963936877064325,ok,
exp_constrained_pub_sub_xcdr__cpp_to_py__100000B__10Hz__shmem_ds__best_effort,receive,sub,cpp_to_py,constrained_pub_sub,exp,xcdr,shmem_ds,100000,10,0,measured,67,2026-09-09T14:25:36.977023Z,157130639125886,157130638848106,157130639125886,1788963936976674098,1788963936976724413,ok,
exp_constrained_pub_sub_xcdr__cpp_to_py__100000B__10Hz__shmem_ds__best_effort,receive,sub,cpp_to_py,constrained_pub_sub,exp,xcdr,shmem_ds,100000,10,0,measured,68,2026-09-09T14:25:37.076819Z,157130738972266,157130738857962,157130738972266,1788963937076665831,1788963937076683664,ok,
exp_constrained_pub_sub_xcdr__cpp_to_py__100000B__10Hz__shmem_ds__best_effort,receive,sub,cpp_to_py,constrained_pub_sub,exp,xcdr,shmem_ds,100000,10,0,measured,69,2026-09-09T14:25:37.176558Z,157130838723569,157130838586733,157130838723569,1788963937176393319,1788963937176410081,ok,
exp_constrained_pub_sub_xcdr__cpp_to_py__100000B__10Hz__shmem_ds__best_effort,receive,sub,cpp_to_py,constrained_pub_sub,exp,xcdr,shmem_ds,100000,10,0,measured,70,2026-09-09T14:25:37.277097Z,157130939257068,157130939108610,157130939257068,1788963937276916088,1788963937276935965,ok,
exp_constrained_pub_sub_xcdr__cpp_to_py__100000B__10Hz__shmem_ds__best_effort,receive,sub,cpp_to_py,constrained_pub_sub,exp,xcdr,shmem_ds,100000,10,0,measured,71,2026-09-09T14:25:37.376687Z,157131038850594,157131038724037,157131038850594,1788963937376531174,1788963937376554859,ok,
exp_constrained_pub_sub_xcdr__cpp_to_py__100000B__10Hz__shmem_ds__best_effort,receive,sub,cpp_to_py,constrained_pub_sub,exp,xcdr,shmem_ds,100000,10,0,measured,72,2026-09-09T14:25:37.477038Z,157131139206511,157131139094852,157131139206511,1788963937476901468,1788963937476915555,ok,
exp_constrained_pub_sub_xcdr__cpp_to_py__100000B__10Hz__shmem_ds__best_effort,receive,sub,cpp_to_py,constrained_pub_sub,exp,xcdr,shmem_ds,100000,10,0,measured,73,2026-09-09T14:25:37.577709Z,157131239823657,157131239585050,157131239823657,1788963937577407937,1788963937577453202,ok,
exp_constrained_pub_sub_xcdr__cpp_to_py__100000B__10Hz__shmem_ds__best_effort,receive,sub,cpp_to_py,constrained_pub_sub,exp,xcdr,shmem_ds,100000,10,0,measured,74,2026-09-09T14:25:37.677814Z,157131339968167,157131339845797,157131339968167,1788963937677653235,1788963937677673043,ok,
exp_constrained_pub_sub_xcdr__cpp_to_py__100000B__10Hz__shmem_ds__best_effort,receive,sub,cpp_to_py,constrained_pub_sub,exp,xcdr,shmem_ds,100000,10,0,measured,75,2026-09-09T14:25:37.778489Z,157131440646568,157131440484083,157131440646568,1788963937778293214,1788963937778314023,ok,
exp_constrained_pub_sub_xcdr__cpp_to_py__100000B__10Hz__shmem_ds__best_effort,receive,sub,cpp_to_py,constrained_pub_sub,exp,xcdr,shmem_ds,100000,10,0,measured,76,2026-09-09T14:25:37.879067Z,157131541216395,157131541062576,157131541216395,1788963937878872800,1788963937878898868,ok,
exp_constrained_pub_sub_xcdr__cpp_to_py__100000B__10Hz__shmem_ds__best_effort,receive,sub,cpp_to_py,constrained_pub_sub,exp,xcdr,shmem_ds,100000,10,0,measured,77,2026-09-09T14:25:37.979471Z,157131641595574,157131641380241,157131641595574,1788963937979197197,1788963937979235178,ok,
exp_constrained_pub_sub_xcdr__cpp_to_py__100000B__10Hz__shmem_ds__best_effort,receive,sub,cpp_to_py,constrained_pub_sub,exp,xcdr,shmem_ds,100000,10,0,measured,78,2026-09-09T14:25:38.079918Z,157131742083110,157131741950442,157131742083110,1788963938079757719,1788963938079777456,ok,
exp_constrained_pub_sub_xcdr__cpp_to_py__100000B__10Hz__shmem_ds__best_effort,receive,sub,cpp_to_py,constrained_pub_sub,exp,xcdr,shmem_ds,100000,10,0,measured,79,2026-09-09T14:25:38.179840Z,157131841963559,157131841771960,157131841963559,1788963938179585680,1788963938179623531,ok,
exp_constrained_pub_sub_xcdr__cpp_to_py__100000B__10Hz__shmem_ds__best_effort,receive,sub,cpp_to_py,constrained_pub_sub,exp,xcdr,shmem_ds,100000,10,0,measured,80,2026-09-09T14:25:38.280714Z,157131942845186,157131942645742,157131942845186,1788963938280461876,1788963938280480611,ok,
exp_constrained_pub_sub_xcdr__cpp_to_py__100000B__10Hz__shmem_ds__best_effort,receive,sub,cpp_to_py,constrained_pub_sub,exp,xcdr,shmem_ds,100000,10,0,measured,81,2026-09-09T14:25:38.380329Z,157132042478491,157132042331786,157132042478491,1788963938380143743,1788963938380161927,ok,
exp_constrained_pub_sub_xcdr__cpp_to_py__100000B__10Hz__shmem_ds__best_effort,receive,sub,cpp_to_py,constrained_pub_sub,exp,xcdr,shmem_ds,100000,10,0,measured,82,2026-09-09T14:25:38.479885Z,157132142050421,157132141923223,157132142050421,1788963938479729769,1788963938479742303,ok,
exp_constrained_pub_sub_xcdr__cpp_to_py__100000B__10Hz__shmem_ds__best_effort,receive,sub,cpp_to_py,constrained_pub_sub,exp,xcdr,shmem_ds,100000,10,0,measured,83,2026-09-09T14:25:38.580463Z,157132242602580,157132242412724,157132242602580,1788963938580226153,1788963938580253004,ok,
exp_constrained_pub_sub_xcdr__cpp_to_py__100000B__10Hz__shmem_ds__best_effort,receive,sub,cpp_to_py,constrained_pub_sub,exp,xcdr,shmem_ds,100000,10,0,measured,84,2026-09-09T14:25:38.680655Z,157132342795365,157132342594999,157132342795365,1788963938680410943,1788963938680445107,ok,
exp_constrained_pub_sub_xcdr__cpp_to_py__100000B__10Hz__shmem_ds__best_effort,receive,sub,cpp_to_py,constrained_pub_sub,exp,xcdr,shmem_ds,100000,10,0,measured,85,2026-09-09T14:25:38.780482Z,157132442590685,157132442322121,157132442590685,1788963938780145819,1788963938780193228,ok,
exp_constrained_pub_sub_xcdr__cpp_to_py__100000B__10Hz__shmem_ds__best_effort,receive,sub,cpp_to_py,constrained_pub_sub,exp,xcdr,shmem_ds,100000,10,0,measured,86,2026-09-09T14:25:38.879653Z,157132541781680,157132541590401,157132541781680,1788963938879407758,1788963938879439788,ok,
exp_constrained_pub_sub_xcdr__cpp_to_py__100000B__10Hz__shmem_ds__best_effort,receive,sub,cpp_to_py,constrained_pub_sub,exp,xcdr,shmem_ds,100000,10,0,measured,87,2026-09-09T14:25:38.979958Z,157132642083680,157132641849771,157132642083680,1788963938979670254,1788963938979700721,ok,
exp_constrained_pub_sub_xcdr__cpp_to_py__100000B__10Hz__shmem_ds__best_effort,receive,sub,cpp_to_py,constrained_pub_sub,exp,xcdr,shmem_ds,100000,10,0,measured,88,2026-09-09T14:25:39.079992Z,157132742161493,157132742019967,157132742161493,1788963939079851631,1788963939079874033,ok,
exp_constrained_pub_sub_xcdr__cpp_to_py__100000B__10Hz__shmem_ds__best_effort,receive,sub,cpp_to_py,constrained_pub_sub,exp,xcdr,shmem_ds,100000,10,0,measured,89,2026-09-09T14:25:39.180013Z,157132842181377,157132842049680,157132842181377,1788963939179856387,1788963939179870584,ok,
exp_constrained_pub_sub_xcdr__cpp_to_py__100000B__10Hz__shmem_ds__best_effort,receive,sub,cpp_to_py,constrained_pub_sub,exp,xcdr,shmem_ds,100000,10,0,measured,90,2026-09-09T14:25:39.280207Z,157132942379235,157132942264671,157132942379235,1788963939280070456,1788963939280090022,ok,
exp_constrained_pub_sub_xcdr__cpp_to_py__100000B__10Hz__shmem_ds__best_effort,receive,sub,cpp_to_py,constrained_pub_sub,exp,xcdr,shmem_ds,100000,10,0,measured,91,2026-09-09T14:25:39.379501Z,157133041625569,157133041409514,157133041625569,1788963939379229436,1788963939379268870,ok,
exp_constrained_pub_sub_xcdr__cpp_to_py__100000B__10Hz__shmem_ds__best_effort,receive,sub,cpp_to_py,constrained_pub_sub,exp,xcdr,shmem_ds,100000,10,0,measured,92,2026-09-09T14:25:39.479120Z,157133141276483,157133141128215,157133141276483,1788963939478937556,1788963939478961752,ok,
exp_constrained_pub_sub_xcdr__cpp_to_py__100000B__10Hz__shmem_ds__best_effort,receive,sub,cpp_to_py,constrained_pub_sub,exp,xcdr,shmem_ds,100000,10,0,measured,93,2026-09-09T14:25:39.579629Z,157133241774804,157133241606729,157133241774804,1788963939579419336,1788963939579447960,ok,
exp_constrained_pub_sub_xcdr__cpp_to_py__100000B__10Hz__shmem_ds__best_effort,receive,sub,cpp_to_py,constrained_pub_sub,exp,xcdr,shmem_ds,100000,10,0,measured,94,2026-09-09T14:25:39.679796Z,157133341954859,157133341823693,157133341954859,1788963939679632003,1788963939679652341,ok,
exp_constrained_pub_sub_xcdr__cpp_to_py__100000B__10Hz__shmem_ds__best_effort,receive,sub,cpp_to_py,constrained_pub_sub,exp,xcdr,shmem_ds,100000,10,0,measured,95,2026-09-09T14:25:39.779580Z,157133441747559,157133441613367,157133441747559,1788963939779420013,1788963939779437496,ok,
exp_constrained_pub_sub_xcdr__cpp_to_py__100000B__10Hz__shmem_ds__best_effort,receive,sub,cpp_to_py,constrained_pub_sub,exp,xcdr,shmem_ds,100000,10,0,measured,96,2026-09-09T14:25:39.880561Z,157133542696203,157133542497571,157133542696203,1788963939880311611,1788963939880348350,ok,
exp_constrained_pub_sub_xcdr__cpp_to_py__100000B__10Hz__shmem_ds__best_effort,receive,sub,cpp_to_py,constrained_pub_sub,exp,xcdr,shmem_ds,100000,10,0,measured,97,2026-09-09T14:25:39.981154Z,157133643257763,157133642987095,157133643257763,1788963939980819641,1788963939980860177,ok,
exp_constrained_pub_sub_xcdr__cpp_to_py__100000B__10Hz__shmem_ds__best_effort,receive,sub,cpp_to_py,constrained_pub_sub,exp,xcdr,shmem_ds,100000,10,0,measured,98,2026-09-09T14:25:40.080392Z,157133742553643,157133742421405,157133742553643,1788963940080229986,1788963940080253640,ok,
exp_constrained_pub_sub_xcdr__cpp_to_py__100000B__10Hz__shmem_ds__best_effort,receive,sub,cpp_to_py,constrained_pub_sub,exp,xcdr,shmem_ds,100000,10,0,measured,99,2026-09-09T14:25:40.180416Z,157133842585956,157133842475609,157133842585956,1788963940180282195,1788963940180296602,ok,
exp_constrained_pub_sub_xcdr__cpp_to_py__100000B__10Hz__shmem_ds__best_effort,receive,sub,cpp_to_py,constrained_pub_sub,exp,xcdr,shmem_ds,100000,10,0,measured,100,2026-09-09T14:25:40.279690Z,157133941859094,157133941726035,157133941859094,1788963940279532561,1788963940279551787,ok,
exp_constrained_pub_sub_xcdr__cpp_to_py__100000B__10Hz__shmem_ds__best_effort,receive,sub,cpp_to_py,constrained_pub_sub,exp,xcdr,shmem_ds,100000,10,0,measured,101,2026-09-09T14:25:40.380265Z,157134042425387,157134042301064,157134042425387,1788963940380108552,1788963940380123681,ok,
exp_constrained_pub_sub_xcdr__cpp_to_py__100000B__10Hz__shmem_ds__best_effort,receive,sub,cpp_to_py,constrained_pub_sub,exp,xcdr,shmem_ds,100000,10,0,measured,102,2026-09-09T14:25:40.479717Z,157134141885356,157134141769830,157134141885356,1788963940479576346,1788963940479594650,ok,
exp_constrained_pub_sub_xcdr__cpp_to_py__100000B__10Hz__shmem_ds__best_effort,receive,sub,cpp_to_py,constrained_pub_sub,exp,xcdr,shmem_ds,100000,10,0,measured,103,2026-09-09T14:25:40.579087Z,157134241204943,157134240977878,157134241204943,1788963940578797899,1788963940578838345,ok,
exp_constrained_pub_sub_xcdr__cpp_to_py__100000B__10Hz__shmem_ds__best_effort,receive,sub,cpp_to_py,constrained_pub_sub,exp,xcdr,shmem_ds,100000,10,0,measured,104,2026-09-09T14:25:40.679839Z,157134341959218,157134341741290,157134341959218,1788963940679558506,1788963940679590306,ok,
exp_constrained_pub_sub_xcdr__cpp_to_py__100000B__10Hz__shmem_ds__best_effort,receive,sub,cpp_to_py,constrained_pub_sub,exp,xcdr,shmem_ds,100000,10,0,measured,105,2026-09-09T14:25:40.779631Z,157134441796584,157134441677752,157134441796584,1788963940779485821,1788963940779502783,ok,
exp_constrained_pub_sub_xcdr__cpp_to_py__100000B__10Hz__shmem_ds__best_effort,receive,sub,cpp_to_py,constrained_pub_sub,exp,xcdr,shmem_ds,100000,10,0,measured,106,2026-09-09T14:25:40.879165Z,157134541263438,157134540947676,157134541263438,1788963940878776213,1788963940878841295,ok,
exp_constrained_pub_sub_xcdr__cpp_to_py__100000B__10Hz__shmem_ds__best_effort,receive,sub,cpp_to_py,constrained_pub_sub,exp,xcdr,shmem_ds,100000,10,0,measured,107,2026-09-09T14:25:40.979531Z,157134641627370,157134641335212,157134641627370,1788963940979163259,1788963940979216639,ok,
exp_constrained_pub_sub_xcdr__cpp_to_py__100000B__10Hz__shmem_ds__best_effort,receive,sub,cpp_to_py,constrained_pub_sub,exp,xcdr,shmem_ds,100000,10,0,measured,108,2026-09-09T14:25:41.078541Z,157134740694295,157134740551467,157134740694295,1788963941078362412,1788963941078385345,ok,
exp_constrained_pub_sub_xcdr__cpp_to_py__100000B__10Hz__shmem_ds__best_effort,receive,sub,cpp_to_py,constrained_pub_sub,exp,xcdr,shmem_ds,100000,10,0,measured,109,2026-09-09T14:25:41.179148Z,157134841265853,157134841024741,157134841265853,1788963941178845665,1788963941178895328,ok,
exp_constrained_pub_sub_xcdr__cpp_to_py__100000B__10Hz__shmem_ds__best_effort,receive,sub,cpp_to_py,constrained_pub_sub,exp,xcdr,shmem_ds,100000,10,0,measured,110,2026-09-09T14:25:41.279182Z,157134941340389,157134941198553,157134941340389,1788963941279007333,1788963941279026669,ok,
exp_constrained_pub_sub_xcdr__cpp_to_py__100000B__10Hz__shmem_ds__best_effort,receive,sub,cpp_to_py,constrained_pub_sub,exp,xcdr,shmem_ds,100000,10,0,measured,111,2026-09-09T14:25:41.379185Z,157135041277306,157135040944742,157135041277306,1788963941378773250,1788963941378844603,ok,
exp_constrained_pub_sub_xcdr__cpp_to_py__100000B__10Hz__shmem_ds__best_effort,receive,sub,cpp_to_py,constrained_pub_sub,exp,xcdr,shmem_ds,100000,10,0,measured,112,2026-09-09T14:25:41.479428Z,157135141584547,157135141447160,157135141584547,1788963941479257083,1788963941479280456,ok,
exp_constrained_pub_sub_xcdr__cpp_to_py__100000B__10Hz__shmem_ds__best_effort,receive,sub,cpp_to_py,constrained_pub_sub,exp,xcdr,shmem_ds,100000,10,0,measured,113,2026-09-09T14:25:41.580527Z,157135242656242,157135242342965,157135242656242,1788963941580173456,1788963941580227998,ok,
exp_constrained_pub_sub_xcdr__cpp_to_py__100000B__10Hz__shmem_ds__best_effort,receive,sub,cpp_to_py,constrained_pub_sub,exp,xcdr,shmem_ds,100000,10,0,measured,114,2026-09-09T14:25:41.681279Z,157135343438866,157135343290147,157135343438866,1788963941681098827,1788963941681119927,ok,
exp_constrained_pub_sub_xcdr__cpp_to_py__100000B__10Hz__shmem_ds__best_effort,receive,sub,cpp_to_py,constrained_pub_sub,exp,xcdr,shmem_ds,100000,10,0,measured,115,2026-09-09T14:25:41.781135Z,157135443274683,157135443088484,157135443274683,1788963941780902324,1788963941780934434,ok,
exp_constrained_pub_sub_xcdr__cpp_to_py__100000B__10Hz__shmem_ds__best_effort,receive,sub,cpp_to_py,constrained_pub_sub,exp,xcdr,shmem_ds,100000,10,0,measured,116,2026-09-09T14:25:41.881043Z,157135543149574,157135542854200,157135543149574,1788963941880677728,1788963941880722152,ok,
exp_constrained_pub_sub_xcdr__cpp_to_py__100000B__10Hz__shmem_ds__best_effort,receive,sub,cpp_to_py,constrained_pub_sub,exp,xcdr,shmem_ds,100000,10,0,measured,117,2026-09-09T14:25:41.981565Z,157135643696336,157135643496351,157135643696336,1788963941981313147,1788963941981343364,ok,
exp_constrained_pub_sub_xcdr__cpp_to_py__100000B__10Hz__shmem_ds__best_effort,receive,sub,cpp_to_py,constrained_pub_sub,exp,xcdr,shmem_ds,100000,10,0,measured,118,2026-09-09T14:25:42.081972Z,157135744141330,157135744021775,157135744141330,1788963942081829113,1788963942081851064,ok,
exp_constrained_pub_sub_xcdr__cpp_to_py__100000B__10Hz__shmem_ds__best_effort,receive,sub,cpp_to_py,constrained_pub_sub,exp,xcdr,shmem_ds,100000,10,0,measured,119,2026-09-09T14:25:42.182301Z,157135844467902,157135844327759,157135844467902,1788963942182134185,1788963942182153632,ok,
exp_constrained_pub_sub_xcdr__cpp_to_py__100000B__10Hz__shmem_ds__best_effort,receive,sub,cpp_to_py,constrained_pub_sub,exp,xcdr,shmem_ds,100000,10,0,measured,120,2026-09-09T14:25:42.283355Z,157135945487854,157135945274414,157135945487854,1788963942283090779,1788963942283127999,ok,
exp_constrained_pub_sub_xcdr__cpp_to_py__100000B__10Hz__shmem_ds__best_effort,receive,sub,cpp_to_py,constrained_pub_sub,exp,xcdr,shmem_ds,100000,10,0,measured,121,2026-09-09T14:25:42.382442Z,157136044538264,157136044259962,157136044538264,1788963942382087277,1788963942382138333,ok,
exp_constrained_pub_sub_xcdr__cpp_to_py__100000B__10Hz__shmem_ds__best_effort,receive,sub,cpp_to_py,constrained_pub_sub,exp,xcdr,shmem_ds,100000,10,0,measured,122,2026-09-09T14:25:42.481944Z,157136144075476,157136143883386,157136144075476,1788963942481699840,1788963942481728885,ok,
exp_constrained_pub_sub_xcdr__cpp_to_py__100000B__10Hz__shmem_ds__best_effort,receive,sub,cpp_to_py,constrained_pub_sub,exp,xcdr,shmem_ds,100000,10,0,measured,123,2026-09-09T14:25:42.581540Z,157136243668473,157136243473317,157136243668473,1788963942581290343,1788963942581323395,ok,
exp_constrained_pub_sub_xcdr__cpp_to_py__100000B__10Hz__shmem_ds__best_effort,receive,sub,cpp_to_py,constrained_pub_sub,exp,xcdr,shmem_ds,100000,10,0,measured,124,2026-09-09T14:25:42.681506Z,157136343604192,157136343326311,157136343604192,1788963942681153666,1788963942681201135,ok,
exp_constrained_pub_sub_xcdr__cpp_to_py__100000B__10Hz__shmem_ds__best_effort,receive,sub,cpp_to_py,constrained_pub_sub,exp,xcdr,shmem_ds,100000,10,0,measured,125,2026-09-09T14:25:42.780654Z,157136442798792,157136442626739,157136442798792,1788963942780444727,1788963942780474283,ok,
exp_constrained_pub_sub_xcdr__cpp_to_py__100000B__10Hz__shmem_ds__best_effort,receive,sub,cpp_to_py,constrained_pub_sub,exp,xcdr,shmem_ds,100000,10,0,measured,126,2026-09-09T14:25:42.881483Z,157136543597358,157136543347439,157136543597358,1788963942881170506,1788963942881213176,ok,
exp_constrained_pub_sub_xcdr__cpp_to_py__100000B__10Hz__shmem_ds__best_effort,receive,sub,cpp_to_py,constrained_pub_sub,exp,xcdr,shmem_ds,100000,10,0,measured,127,2026-09-09T14:25:42.981485Z,157136643589413,157136643322983,157136643589413,1788963942981150559,1788963942981199992,ok,
exp_constrained_pub_sub_xcdr__cpp_to_py__100000B__10Hz__shmem_ds__best_effort,receive,sub,cpp_to_py,constrained_pub_sub,exp,xcdr,shmem_ds,100000,10,0,measured,128,2026-09-09T14:25:43.080885Z,157136743046310,157136742887482,157136743046310,1788963943080704098,1788963943080733122,ok,
exp_constrained_pub_sub_xcdr__cpp_to_py__100000B__10Hz__shmem_ds__best_effort,receive,sub,cpp_to_py,constrained_pub_sub,exp,xcdr,shmem_ds,100000,10,0,measured,129,2026-09-09T14:25:43.181466Z,157136843635008,157136843513230,157136843635008,1788963943181323734,1788963943181344052,ok,
exp_constrained_pub_sub_xcdr__cpp_to_py__100000B__10Hz__shmem_ds__best_effort,receive,sub,cpp_to_py,constrained_pub_sub,exp,xcdr,shmem_ds,100000,10,0,measured,130,2026-09-09T14:25:43.281575Z,157136943663204,157136943384782,157136943663204,1788963943281202349,1788963943281250149,ok,
exp_constrained_pub_sub_xcdr__cpp_to_py__100000B__10Hz__shmem_ds__best_effort,receive,sub,cpp_to_py,constrained_pub_sub,exp,xcdr,shmem_ds,100000,10,0,measured,131,2026-09-09T14:25:43.380672Z,157137042799218,157137042544020,157137042799218,1788963943380361397,1788963943380406691,ok,
exp_constrained_pub_sub_xcdr__cpp_to_py__100000B__10Hz__shmem_ds__best_effort,receive,sub,cpp_to_py,constrained_pub_sub,exp,xcdr,shmem_ds,100000,10,0,measured,132,2026-09-09T14:25:43.481443Z,157137143573444,157137143297216,157137143573444,1788963943481116076,1788963943481157594,ok,
exp_constrained_pub_sub_xcdr__cpp_to_py__100000B__10Hz__shmem_ds__best_effort,receive,sub,cpp_to_py,constrained_pub_sub,exp,xcdr,shmem_ds,100000,10,0,measured,133,2026-09-09T14:25:43.582211Z,157137244299540,157137243906303,157137244299540,1788963943581735191,1788963943581798109,ok,
exp_constrained_pub_sub_xcdr__cpp_to_py__100000B__10Hz__shmem_ds__best_effort,receive,sub,cpp_to_py,constrained_pub_sub,exp,xcdr,shmem_ds,100000,10,0,measured,134,2026-09-09T14:25:43.682778Z,157137344908556,157137344680769,157137344908556,1788963943682498506,1788963943682534464,ok,
exp_constrained_pub_sub_xcdr__cpp_to_py__100000B__10Hz__shmem_ds__best_effort,receive,sub,cpp_to_py,constrained_pub_sub,exp,xcdr,shmem_ds,100000,10,0,measured,135,2026-09-09T14:25:43.783466Z,157137445597091,157137445386847,157137445597091,1788963943783203803,1788963943783243557,ok,
exp_constrained_pub_sub_xcdr__cpp_to_py__100000B__10Hz__shmem_ds__best_effort,receive,sub,cpp_to_py,constrained_pub_sub,exp,xcdr,shmem_ds,100000,10,0,measured,136,2026-09-09T14:25:43.882550Z,157137544678042,157137544443623,157137544678042,1788963943882262232,1788963943882301185,ok,
exp_constrained_pub_sub_xcdr__cpp_to_py__100000B__10Hz__shmem_ds__best_effort,receive,sub,cpp_to_py,constrained_pub_sub,exp,xcdr,shmem_ds,100000,10,0,measured,137,2026-09-09T14:25:43.983211Z,157137645303730,157137644961698,157137645303730,1788963943982790226,1788963943982867952,ok,
exp_constrained_pub_sub_xcdr__cpp_to_py__100000B__10Hz__shmem_ds__best_effort,receive,sub,cpp_to_py,constrained_pub_sub,exp,xcdr,shmem_ds,100000,10,0,measured,138,2026-09-09T14:25:44.082183Z,157137744313731,157137744079532,157137744313731,1788963944081898010,1788963944081938146,ok,
exp_constrained_pub_sub_xcdr__cpp_to_py__100000B__10Hz__shmem_ds__best_effort,receive,sub,cpp_to_py,constrained_pub_sub,exp,xcdr,shmem_ds,100000,10,0,measured,139,2026-09-09T14:25:44.181771Z,157137843863956,157137843519540,157137843863956,1788963944181349150,1788963944181412118,ok,
exp_constrained_pub_sub_xcdr__cpp_to_py__100000B__10Hz__shmem_ds__best_effort,receive,sub,cpp_to_py,constrained_pub_sub,exp,xcdr,shmem_ds,100000,10,0,measured,140,2026-09-09T14:25:44.281986Z,157137944080320,157137943748468,157137944080320,1788963944281565484,1788963944281605819,ok,
exp_constrained_pub_sub_xcdr__cpp_to_py__100000B__10Hz__shmem_ds__best_effort,receive,sub,cpp_to_py,constrained_pub_sub,exp,xcdr,shmem_ds,100000,10,0,measured,141,2026-09-09T14:25:44.381757Z,157138043885934,157138043636366,157138043885934,1788963944381453853,1788963944381495351,ok,
exp_constrained_pub_sub_xcdr__cpp_to_py__100000B__10Hz__shmem_ds__best_effort,receive,sub,cpp_to_py,constrained_pub_sub,exp,xcdr,shmem_ds,100000,10,0,measured,142,2026-09-09T14:25:44.481405Z,157138143538371,157138143299763,157138143538371,1788963944481117380,1788963944481158818,ok,
exp_constrained_pub_sub_xcdr__cpp_to_py__100000B__10Hz__shmem_ds__best_effort,receive,sub,cpp_to_py,constrained_pub_sub,exp,xcdr,shmem_ds,100000,10,0,measured,143,2026-09-09T14:25:44.581125Z,157138243255058,157138243018895,157138243255058,1788963944580836813,1788963944580877208,ok,
exp_constrained_pub_sub_xcdr__cpp_to_py__100000B__10Hz__shmem_ds__best_effort,receive,sub,cpp_to_py,constrained_pub_sub,exp,xcdr,shmem_ds,100000,10,0,measured,144,2026-09-09T14:25:44.681531Z,157138343663973,157138343421108,157138343663973,1788963944681239155,1788963944681279451,ok,
exp_constrained_pub_sub_xcdr__cpp_to_py__100000B__10Hz__shmem_ds__best_effort,receive,sub,cpp_to_py,constrained_pub_sub,exp,xcdr,shmem_ds,100000,10,0,measured,145,2026-09-09T14:25:44.781250Z,157138443358989,157138443111515,157138443358989,1788963944780933490,1788963944780978795,ok,
exp_constrained_pub_sub_xcdr__cpp_to_py__100000B__10Hz__shmem_ds__best_effort,receive,sub,cpp_to_py,constrained_pub_sub,exp,xcdr,shmem_ds,100000,10,0,measured,146,2026-09-09T14:25:44.881809Z,157138543901435,157138543609277,157138543901435,1788963944881436222,1788963944881490664,ok,
exp_constrained_pub_sub_xcdr__cpp_to_py__100000B__10Hz__shmem_ds__best_effort,receive,sub,cpp_to_py,constrained_pub_sub,exp,xcdr,shmem_ds,100000,10,0,measured,147,2026-09-09T14:25:44.981056Z,157138643185972,157138642911697,157138643185972,1788963944980729655,1788963944980772846,ok,
exp_constrained_pub_sub_xcdr__cpp_to_py__100000B__10Hz__shmem_ds__best_effort,receive,sub,cpp_to_py,constrained_pub_sub,exp,xcdr,shmem_ds,100000,10,0,measured,148,2026-09-09T14:25:45.081338Z,157138743467862,157138743216831,157138743467862,1788963945081034659,1788963945081077659,ok,
exp_constrained_pub_sub_xcdr__cpp_to_py__100000B__10Hz__shmem_ds__best_effort,receive,sub,cpp_to_py,constrained_pub_sub,exp,xcdr,shmem_ds,100000,10,0,measured,149,2026-09-09T14:25:45.180569Z,157138842698001,157138842379493,157138842698001,1788963945180197020,1788963945180245441,ok,
exp_constrained_pub_sub_xcdr__cpp_to_py__100000B__10Hz__shmem_ds__best_effort,receive,sub,cpp_to_py,constrained_pub_sub,exp,xcdr,shmem_ds,100000,10,0,measured,150,2026-09-09T14:25:45.280279Z,157138942409702,157138942180753,157138942409702,1788963945279998480,1788963945280039407,ok,
exp_constrained_pub_sub_xcdr__cpp_to_py__100000B__10Hz__shmem_ds__best_effort,receive,sub,cpp_to_py,constrained_pub_sub,exp,xcdr,shmem_ds,100000,10,0,measured,151,2026-09-09T14:25:45.380013Z,157139042144548,157139041896483,157139042144548,1788963945379714831,1788963945379757451,ok,
exp_constrained_pub_sub_xcdr__cpp_to_py__100000B__10Hz__shmem_ds__best_effort,receive,sub,cpp_to_py,constrained_pub_sub,exp,xcdr,shmem_ds,100000,10,0,measured,152,2026-09-09T14:25:45.480117Z,157139142211786,157139141929948,157139142211786,1788963945479747324,1788963945479788171,ok,
exp_constrained_pub_sub_xcdr__cpp_to_py__100000B__10Hz__shmem_ds__best_effort,receive,sub,cpp_to_py,constrained_pub_sub,exp,xcdr,shmem_ds,100000,10,0,measured,153,2026-09-09T14:25:45.580510Z,157139242605437,157139242274827,157139242605437,1788963945580091953,1788963945580146776,ok,
exp_constrained_pub_sub_xcdr__cpp_to_py__100000B__10Hz__shmem_ds__best_effort,receive,sub,cpp_to_py,constrained_pub_sub,exp,xcdr,shmem_ds,100000,10,0,measured,154,2026-09-09T14:25:45.680834Z,157139342952069,157139342715425,157139342952069,1788963945680533133,1788963945680569661,ok,
exp_constrained_pub_sub_xcdr__cpp_to_py__100000B__10Hz__shmem_ds__best_effort,receive,sub,cpp_to_py,constrained_pub_sub,exp,xcdr,shmem_ds,100000,10,0,measured,155,2026-09-09T14:25:45.780853Z,157139442965898,157139442720688,157139442965898,1788963945780538155,1788963945780581816,ok,
exp_constrained_pub_sub_xcdr__cpp_to_py__100000B__10Hz__shmem_ds__best_effort,receive,sub,cpp_to_py,constrained_pub_sub,exp,xcdr,shmem_ds,100000,10,0,measured,156,2026-09-09T14:25:45.880888Z,157139543019771,157139542763360,157139543019771,1788963945880581749,1788963945880622505,ok,
exp_constrained_pub_sub_xcdr__cpp_to_py__100000B__10Hz__shmem_ds__best_effort,receive,sub,cpp_to_py,constrained_pub_sub,exp,xcdr,shmem_ds,100000,10,0,measured,157,2026-09-09T14:25:45.980652Z,157139642782749,157139642559270,157139642782749,1788963945980377258,1788963945980419567,ok,
exp_constrained_pub_sub_xcdr__cpp_to_py__100000B__10Hz__shmem_ds__best_effort,receive,sub,cpp_to_py,constrained_pub_sub,exp,xcdr,shmem_ds,100000,10,0,measured,158,2026-09-09T14:25:46.081349Z,157139743441189,157139743144543,157139743441189,1788963946080962301,1788963946081005041,ok,
exp_constrained_pub_sub_xcdr__cpp_to_py__100000B__10Hz__shmem_ds__best_effort,receive,sub,cpp_to_py,constrained_pub_sub,exp,xcdr,shmem_ds,100000,10,0,measured,159,2026-09-09T14:25:46.180628Z,157139842760239,157139842518486,157139842760239,1788963946180336504,1788963946180376599,ok,
exp_constrained_pub_sub_xcdr__cpp_to_py__100000B__10Hz__shmem_ds__best_effort,receive,sub,cpp_to_py,constrained_pub_sub,exp,xcdr,shmem_ds,100000,10,0,measured,160,2026-09-09T14:25:46.280463Z,157139942561252,157139942248786,157139942561252,1788963946280078356,1788963946280137276,ok,
exp_constrained_pub_sub_xcdr__cpp_to_py__100000B__10Hz__shmem_ds__best_effort,receive,sub,cpp_to_py,constrained_pub_sub,exp,xcdr,shmem_ds,100000,10,0,measured,161,2026-09-09T14:25:46.380531Z,157140042665214,157140042366204,157140042665214,1788963946380203207,1788963946380269191,ok,
exp_constrained_pub_sub_xcdr__cpp_to_py__100000B__10Hz__shmem_ds__best_effort,receive,sub,cpp_to_py,constrained_pub_sub,exp,xcdr,shmem_ds,100000,10,0,measured,162,2026-09-09T14:25:46.479614Z,157140141752710,157140141497882,157140141752710,1788963946479319446,1788963946479367497,ok,
exp_constrained_pub_sub_xcdr__cpp_to_py__100000B__10Hz__shmem_ds__best_effort,receive,sub,cpp_to_py,constrained_pub_sub,exp,xcdr,shmem_ds,100000,10,0,measured,163,2026-09-09T14:25:46.579071Z,157140241199259,157140240955201,157140241199259,1788963946578772127,1788963946578817853,ok,
exp_constrained_pub_sub_xcdr__cpp_to_py__100000B__10Hz__shmem_ds__best_effort,receive,sub,cpp_to_py,constrained_pub_sub,exp,xcdr,shmem_ds,100000,10,0,measured,164,2026-09-09T14:25:46.678971Z,157140341104928,157140340817980,157140341104928,1788963946678635257,1788963946678679620,ok,
exp_constrained_pub_sub_xcdr__cpp_to_py__100000B__10Hz__shmem_ds__best_effort,receive,sub,cpp_to_py,constrained_pub_sub,exp,xcdr,shmem_ds,100000,10,0,measured,165,2026-09-09T14:25:46.778844Z,157140440967748,157140440767522,157140440967748,1788963946778585159,1788963946778623341,ok,
exp_constrained_pub_sub_xcdr__cpp_to_py__100000B__10Hz__shmem_ds__best_effort,receive,sub,cpp_to_py,constrained_pub_sub,exp,xcdr,shmem_ds,100000,10,0,measured,166,2026-09-09T14:25:46.878308Z,157140540439824,157140540204654,157140540439824,1788963946878022802,1788963946878064830,ok,
exp_constrained_pub_sub_xcdr__cpp_to_py__100000B__10Hz__shmem_ds__best_effort,receive,sub,cpp_to_py,constrained_pub_sub,exp,xcdr,shmem_ds,100000,10,0,measured,167,2026-09-09T14:25:46.978494Z,157140640626010,157140640397572,157140640626010,1788963946978214368,1788963946978251828,ok,
exp_constrained_pub_sub_xcdr__cpp_to_py__100000B__10Hz__shmem_ds__best_effort,receive,sub,cpp_to_py,constrained_pub_sub,exp,xcdr,shmem_ds,100000,10,0,measured,168,2026-09-09T14:25:47.079491Z,157140741624352,157140741380204,157140741624352,1788963947079198222,1788963947079241594,ok,
exp_constrained_pub_sub_xcdr__cpp_to_py__100000B__10Hz__shmem_ds__best_effort,receive,sub,cpp_to_py,constrained_pub_sub,exp,xcdr,shmem_ds,100000,10,0,measured,169,2026-09-09T14:25:47.180294Z,157140842423111,157140842187569,157140842423111,1788963947180005206,1788963947180046103,ok,
exp_constrained_pub_sub_xcdr__cpp_to_py__100000B__10Hz__shmem_ds__best_effort,receive,sub,cpp_to_py,constrained_pub_sub,exp,xcdr,shmem_ds,100000,10,0,measured,170,2026-09-09T14:25:47.280061Z,157140942194213,157140941946929,157140942194213,1788963947279765217,1788963947279814019,ok,
exp_constrained_pub_sub_xcdr__cpp_to_py__100000B__10Hz__shmem_ds__best_effort,receive,sub,cpp_to_py,constrained_pub_sub,exp,xcdr,shmem_ds,100000,10,0,measured,171,2026-09-09T14:25:47.380037Z,157141042167243,157141041913747,157141042167243,1788963947379732066,1788963947379776950,ok,
exp_constrained_pub_sub_xcdr__cpp_to_py__100000B__10Hz__shmem_ds__best_effort,receive,sub,cpp_to_py,constrained_pub_sub,exp,xcdr,shmem_ds,100000,10,0,measured,172,2026-09-09T14:25:47.479565Z,157141141701510,157141141490625,157141141701510,1788963947479307621,1788963947479346453,ok,
exp_constrained_pub_sub_xcdr__cpp_to_py__100000B__10Hz__shmem_ds__best_effort,receive,sub,cpp_to_py,constrained_pub_sub,exp,xcdr,shmem_ds,100000,10,0,measured,173,2026-09-09T14:25:47.579489Z,157141241621872,157141241398623,157141241621872,1788963947579217102,1788963947579259491,ok,
exp_constrained_pub_sub_xcdr__cpp_to_py__100000B__10Hz__shmem_ds__best_effort,receive,sub,cpp_to_py,constrained_pub_sub,exp,xcdr,shmem_ds,100000,10,0,measured,174,2026-09-09T14:25:47.679110Z,157141341243022,157141341024592,157141341243022,1788963947678840677,1788963947678876654,ok,
exp_constrained_pub_sub_xcdr__cpp_to_py__100000B__10Hz__shmem_ds__best_effort,receive,sub,cpp_to_py,constrained_pub_sub,exp,xcdr,shmem_ds,100000,10,0,measured,175,2026-09-09T14:25:47.778721Z,157141440851889,157141440600708,157141440851889,1788963947778418155,1788963947778459543,ok,
exp_constrained_pub_sub_xcdr__cpp_to_py__100000B__10Hz__shmem_ds__best_effort,receive,sub,cpp_to_py,constrained_pub_sub,exp,xcdr,shmem_ds,100000,10,0,measured,176,2026-09-09T14:25:47.878601Z,157141540736393,157141540501423,157141540736393,1788963947878319681,1788963947878358754,ok,
exp_constrained_pub_sub_xcdr__cpp_to_py__100000B__10Hz__shmem_ds__best_effort,receive,sub,cpp_to_py,constrained_pub_sub,exp,xcdr,shmem_ds,100000,10,0,measured,177,2026-09-09T14:25:47.978891Z,157141641021629,157141640783963,157141641021629,1788963947978602091,1788963947978643990,ok,
exp_constrained_pub_sub_xcdr__cpp_to_py__100000B__10Hz__shmem_ds__best_effort,receive,sub,cpp_to_py,constrained_pub_sub,exp,xcdr,shmem_ds,100000,10,0,measured,178,2026-09-09T14:25:48.077976Z,157141740114302,157141739901813,157141740114302,1788963948077718108,1788963948077747433,ok,
exp_constrained_pub_sub_xcdr__cpp_to_py__100000B__10Hz__shmem_ds__best_effort,receive,sub,cpp_to_py,constrained_pub_sub,exp,xcdr,shmem_ds,100000,10,0,measured,179,2026-09-09T14:25:48.177983Z,157141840134424,157141839925683,157141840134424,1788963948177739974,1788963948177769359,ok,
exp_constrained_pub_sub_xcdr__cpp_to_py__100000B__10Hz__shmem_ds__best_effort,receive,sub,cpp_to_py,constrained_pub_sub,exp,xcdr,shmem_ds,100000,10,0,measured,180,2026-09-09T14:25:48.277617Z,157141939778853,157141939621217,157141939778853,1788963948277432753,1788963948277456908,ok,
exp_constrained_pub_sub_xcdr__cpp_to_py__100000B__10Hz__shmem_ds__best_effort,receive,sub,cpp_to_py,constrained_pub_sub,exp,xcdr,shmem_ds,100000,10,0,measured,181,2026-09-09T14:25:48.378299Z,157142040430259,157142040160714,157142040430259,1788963948377978801,1788963948378024096,ok,
exp_constrained_pub_sub_xcdr__cpp_to_py__100000B__10Hz__shmem_ds__best_effort,receive,sub,cpp_to_py,constrained_pub_sub,exp,xcdr,shmem_ds,100000,10,0,measured,182,2026-09-09T14:25:48.478148Z,157142140279231,157142140027058,157142140279231,1788963948477844645,1788963948477891793,ok,
exp_constrained_pub_sub_xcdr__cpp_to_py__100000B__10Hz__shmem_ds__best_effort,receive,sub,cpp_to_py,constrained_pub_sub,exp,xcdr,shmem_ds,100000,10,0,measured,183,2026-09-09T14:25:48.577547Z,157142239675754,157142239417520,157142239675754,1788963948577235778,1788963948577280362,ok,
exp_constrained_pub_sub_xcdr__cpp_to_py__100000B__10Hz__shmem_ds__best_effort,receive,sub,cpp_to_py,constrained_pub_sub,exp,xcdr,shmem_ds,100000,10,0,measured,184,2026-09-09T14:25:48.676553Z,157142338682066,157142338419533,157142338682066,1788963948676238022,1788963948676276394,ok,
exp_constrained_pub_sub_xcdr__cpp_to_py__100000B__10Hz__shmem_ds__best_effort,receive,sub,cpp_to_py,constrained_pub_sub,exp,xcdr,shmem_ds,100000,10,0,measured,185,2026-09-09T14:25:48.776849Z,157142438962516,157142438698952,157142438962516,1788963948776517731,1788963948776562055,ok,
exp_constrained_pub_sub_xcdr__cpp_to_py__100000B__10Hz__shmem_ds__best_effort,receive,sub,cpp_to_py,constrained_pub_sub,exp,xcdr,shmem_ds,100000,10,0,measured,186,2026-09-09T14:25:48.876378Z,157142538506436,157142538240257,157142538506436,1788963948876058225,1788963948876100153,ok,
exp_constrained_pub_sub_xcdr__cpp_to_py__100000B__10Hz__shmem_ds__best_effort,receive,sub,cpp_to_py,constrained_pub_sub,exp,xcdr,shmem_ds,100000,10,0,measured,187,2026-09-09T14:25:48.975730Z,157142637860920,157142637599560,157142637860920,1788963948975417658,1788963948975461120,ok,
exp_constrained_pub_sub_xcdr__cpp_to_py__100000B__10Hz__shmem_ds__best_effort,receive,sub,cpp_to_py,constrained_pub_sub,exp,xcdr,shmem_ds,100000,10,0,measured,188,2026-09-09T14:25:49.076520Z,157142738648866,157142738398256,157142738648866,1788963949076216294,1788963949076259104,ok,
exp_constrained_pub_sub_xcdr__cpp_to_py__100000B__10Hz__shmem_ds__best_effort,receive,sub,cpp_to_py,constrained_pub_sub,exp,xcdr,shmem_ds,100000,10,0,measured,189,2026-09-09T14:25:49.177129Z,157142839260352,157142838992950,157142839260352,1788963949176822319,1788963949176863407,ok,
exp_constrained_pub_sub_xcdr__cpp_to_py__100000B__10Hz__shmem_ds__best_effort,receive,sub,cpp_to_py,constrained_pub_sub,exp,xcdr,shmem_ds,100000,10,0,measured,190,2026-09-09T14:25:49.276935Z,157142939065375,157142938807652,157142939065375,1788963949276625339,1788963949276665705,ok,
exp_constrained_pub_sub_xcdr__cpp_to_py__100000B__10Hz__shmem_ds__best_effort,receive,sub,cpp_to_py,constrained_pub_sub,exp,xcdr,shmem_ds,100000,10,0,measured,191,2026-09-09T14:25:49.376148Z,157143038279771,157143038016978,157143038279771,1788963949375836509,1788963949375879219,ok,
exp_constrained_pub_sub_xcdr__cpp_to_py__100000B__10Hz__shmem_ds__best_effort,receive,sub,cpp_to_py,constrained_pub_sub,exp,xcdr,shmem_ds,100000,10,0,measured,192,2026-09-09T14:25:49.476485Z,157143138613876,157143138356905,157143138613876,1788963949476175433,1788963949476217813,ok,
exp_constrained_pub_sub_xcdr__cpp_to_py__100000B__10Hz__shmem_ds__best_effort,receive,sub,cpp_to_py,constrained_pub_sub,exp,xcdr,shmem_ds,100000,10,0,measured,193,2026-09-09T14:25:49.577420Z,157143239550752,157143239289893,157143239550752,1788963949577107941,1788963949577151683,ok,
exp_constrained_pub_sub_xcdr__cpp_to_py__100000B__10Hz__shmem_ds__best_effort,receive,sub,cpp_to_py,constrained_pub_sub,exp,xcdr,shmem_ds,100000,10,0,measured,194,2026-09-09T14:25:49.676938Z,157143339051936,157143338829178,157143339051936,1788963949676646685,1788963949676684506,ok,
exp_constrained_pub_sub_xcdr__cpp_to_py__100000B__10Hz__shmem_ds__best_effort,receive,sub,cpp_to_py,constrained_pub_sub,exp,xcdr,shmem_ds,100000,10,0,measured,195,2026-09-09T14:25:49.776022Z,157143438173538,157143437981768,157143438173538,1788963949775798023,1788963949775844360,ok,
exp_constrained_pub_sub_xcdr__cpp_to_py__100000B__10Hz__shmem_ds__best_effort,receive,sub,cpp_to_py,constrained_pub_sub,exp,xcdr,shmem_ds,100000,10,0,measured,196,2026-09-09T14:25:49.876465Z,157143538594506,157143538253757,157143538594506,1788963949876074079,1788963949876130856,ok,
exp_constrained_pub_sub_xcdr__cpp_to_py__100000B__10Hz__shmem_ds__best_effort,receive,sub,cpp_to_py,constrained_pub_sub,exp,xcdr,shmem_ds,100000,10,0,measured,197,2026-09-09T14:25:49.976882Z,157143638948819,157143638444674,157143638948819,1788963949976283952,1788963949976381695,ok,
exp_constrained_pub_sub_xcdr__cpp_to_py__100000B__10Hz__shmem_ds__best_effort,receive,sub,cpp_to_py,constrained_pub_sub,exp,xcdr,shmem_ds,100000,10,0,measured,198,2026-09-09T14:25:50.075860Z,157143737982570,157143737750364,157143737982570,1788963950075567370,1788963950075609199,ok,
exp_constrained_pub_sub_xcdr__cpp_to_py__100000B__10Hz__shmem_ds__best_effort,receive,sub,cpp_to_py,constrained_pub_sub,exp,xcdr,shmem_ds,100000,10,0,measured,199,2026-09-09T14:25:50.176666Z,157143838798994,157143838525531,157143838798994,1788963950176343318,1788963950176385347,ok,
exp_constrained_pub_sub_xcdr__cpp_to_py__100000B__10Hz__shmem_ds__best_effort,receive,sub,cpp_to_py,constrained_pub_sub,exp,xcdr,shmem_ds,100000,10,0,measured,200,2026-09-09T14:25:50.276641Z,157143938768079,157143938457847,157143938768079,1788963950276276997,1788963950276321741,ok,
exp_constrained_pub_sub_xcdr__cpp_to_py__100000B__10Hz__shmem_ds__best_effort,receive,sub,cpp_to_py,constrained_pub_sub,exp,xcdr,shmem_ds,100000,10,0,measured,201,2026-09-09T14:25:50.375761Z,157144037892951,157144037624528,157144037892951,1788963950375442425,1788963950375481859,ok,
exp_constrained_pub_sub_xcdr__cpp_to_py__100000B__10Hz__shmem_ds__best_effort,receive,sub,cpp_to_py,constrained_pub_sub,exp,xcdr,shmem_ds,100000,10,0,measured,202,2026-09-09T14:25:50.476324Z,157144138463574,157144138230838,157144138463574,1788963950476048355,1788963950476086707,ok,
exp_constrained_pub_sub_xcdr__cpp_to_py__100000B__10Hz__shmem_ds__best_effort,receive,sub,cpp_to_py,constrained_pub_sub,exp,xcdr,shmem_ds,100000,10,0,measured,203,2026-09-09T14:25:50.575897Z,157144237991142,157144237766891,157144237991142,1788963950575585751,1788963950575622710,ok,
exp_constrained_pub_sub_xcdr__cpp_to_py__100000B__10Hz__shmem_ds__best_effort,receive,sub,cpp_to_py,constrained_pub_sub,exp,xcdr,shmem_ds,100000,10,0,measured,204,2026-09-09T14:25:50.675734Z,157144337873745,157144337672938,157144337873745,1788963950675487800,1788963950675520451,ok,
exp_constrained_pub_sub_xcdr__cpp_to_py__100000B__10Hz__shmem_ds__best_effort,receive,sub,cpp_to_py,constrained_pub_sub,exp,xcdr,shmem_ds,100000,10,0,measured,205,2026-09-09T14:25:50.776413Z,157144438536862,157144438317841,157144438536862,1788963950776137903,1788963950776179260,ok,
exp_constrained_pub_sub_xcdr__cpp_to_py__100000B__10Hz__shmem_ds__best_effort,receive,sub,cpp_to_py,constrained_pub_sub,exp,xcdr,shmem_ds,100000,10,0,measured,206,2026-09-09T14:25:50.876193Z,157144538332702,157144538146223,157144538332702,1788963950875961355,1788963950875997413,ok,
exp_constrained_pub_sub_xcdr__cpp_to_py__100000B__10Hz__shmem_ds__best_effort,receive,sub,cpp_to_py,constrained_pub_sub,exp,xcdr,shmem_ds,100000,10,0,measured,207,2026-09-09T14:25:50.976180Z,157144638287550,157144638032252,157144638287550,1788963950975855629,1788963950975903920,ok,
exp_constrained_pub_sub_xcdr__cpp_to_py__100000B__10Hz__shmem_ds__best_effort,receive,sub,cpp_to_py,constrained_pub_sub,exp,xcdr,shmem_ds,100000,10,0,measured,208,2026-09-09T14:25:51.075632Z,157144737795333,157144737650091,157144737795333,1788963951075465484,1788963951075496292,ok,
exp_constrained_pub_sub_xcdr__cpp_to_py__100000B__10Hz__shmem_ds__best_effort,receive,sub,cpp_to_py,constrained_pub_sub,exp,xcdr,shmem_ds,100000,10,0,measured,209,2026-09-09T14:25:51.174800Z,157144836968771,157144836847033,157144836968771,1788963951174657496,1788963951174680970,ok,
exp_constrained_pub_sub_xcdr__cpp_to_py__100000B__10Hz__shmem_ds__best_effort,receive,sub,cpp_to_py,constrained_pub_sub,exp,xcdr,shmem_ds,100000,10,0,measured,210,2026-09-09T14:25:51.274223Z,157144936383881,157144936239631,157144936383881,1788963951274050796,1788963951274078328,ok,
exp_constrained_pub_sub_xcdr__cpp_to_py__100000B__10Hz__shmem_ds__best_effort,receive,sub,cpp_to_py,constrained_pub_sub,exp,xcdr,shmem_ds,100000,10,0,measured,211,2026-09-09T14:25:51.373792Z,157145035925318,157145035727397,157145035925318,1788963951373545595,1788963951373581202,ok,
exp_constrained_pub_sub_xcdr__cpp_to_py__100000B__10Hz__shmem_ds__best_effort,receive,sub,cpp_to_py,constrained_pub_sub,exp,xcdr,shmem_ds,100000,10,0,measured,212,2026-09-09T14:25:51.474485Z,157145136634646,157145136479265,157145136634646,1788963951474293847,1788963951474323692,ok,
exp_constrained_pub_sub_xcdr__cpp_to_py__100000B__10Hz__shmem_ds__best_effort,receive,sub,cpp_to_py,constrained_pub_sub,exp,xcdr,shmem_ds,100000,10,0,measured,213,2026-09-09T14:25:51.574408Z,157145236548162,157145236373494,157145236548162,1788963951574188426,1788963951574220717,ok,
exp_constrained_pub_sub_xcdr__cpp_to_py__100000B__10Hz__shmem_ds__best_effort,receive,sub,cpp_to_py,constrained_pub_sub,exp,xcdr,shmem_ds,100000,10,0,measured,214,2026-09-09T14:25:51.673791Z,157145335939407,157145335778055,157145335939407,1788963951673590622,1788963951673615188,ok,
exp_constrained_pub_sub_xcdr__cpp_to_py__100000B__10Hz__shmem_ds__best_effort,receive,sub,cpp_to_py,constrained_pub_sub,exp,xcdr,shmem_ds,100000,10,0,measured,215,2026-09-09T14:25:51.773059Z,157145435227930,157145435107985,157145435227930,1788963951772920032,1788963951772937615,ok,
exp_constrained_pub_sub_xcdr__cpp_to_py__100000B__10Hz__shmem_ds__best_effort,receive,sub,cpp_to_py,constrained_pub_sub,exp,xcdr,shmem_ds,100000,10,0,measured,216,2026-09-09T14:25:51.872539Z,157145534673888,157145534472430,157145534673888,1788963951872289476,1788963951872329762,ok,
exp_constrained_pub_sub_xcdr__cpp_to_py__100000B__10Hz__shmem_ds__best_effort,receive,sub,cpp_to_py,constrained_pub_sub,exp,xcdr,shmem_ds,100000,10,0,measured,217,2026-09-09T14:25:51.972011Z,157145634109317,157145633809805,157145634109317,1788963951971638022,1788963951971693256,ok,
exp_constrained_pub_sub_xcdr__cpp_to_py__100000B__10Hz__shmem_ds__best_effort,receive,sub,cpp_to_py,constrained_pub_sub,exp,xcdr,shmem_ds,100000,10,0,measured,218,2026-09-09T14:25:52.071020Z,157145733175335,157145733026326,157145733175335,1788963952070838172,1788963952070865534,ok,
exp_constrained_pub_sub_xcdr__cpp_to_py__100000B__10Hz__shmem_ds__best_effort,receive,sub,cpp_to_py,constrained_pub_sub,exp,xcdr,shmem_ds,100000,10,0,measured,219,2026-09-09T14:25:52.170430Z,157145832595670,157145832446500,157145832595670,1788963952170258286,1788963952170283253,ok,
exp_constrained_pub_sub_xcdr__cpp_to_py__100000B__10Hz__shmem_ds__best_effort,receive,sub,cpp_to_py,constrained_pub_sub,exp,xcdr,shmem_ds,100000,10,0,measured,220,2026-09-09T14:25:52.271374Z,157145933519934,157145933344525,157145933519934,1788963952271159217,1788963952271186208,ok,
exp_constrained_pub_sub_xcdr__cpp_to_py__100000B__10Hz__shmem_ds__best_effort,receive,sub,cpp_to_py,constrained_pub_sub,exp,xcdr,shmem_ds,100000,10,0,measured,221,2026-09-09T14:25:52.371233Z,157146033374253,157146033202300,157146033374253,1788963952371017423,1788963952371047719,ok,
exp_constrained_pub_sub_xcdr__cpp_to_py__100000B__10Hz__shmem_ds__best_effort,receive,sub,cpp_to_py,constrained_pub_sub,exp,xcdr,shmem_ds,100000,10,0,measured,222,2026-09-09T14:25:52.471063Z,157146133196541,157146132987809,157146133196541,1788963952470812229,1788963952470842656,ok,
exp_constrained_pub_sub_xcdr__cpp_to_py__100000B__10Hz__shmem_ds__best_effort,receive,sub,cpp_to_py,constrained_pub_sub,exp,xcdr,shmem_ds,100000,10,0,measured,223,2026-09-09T14:25:52.570396Z,157146232508061,157146232270656,157146232508061,1788963952570091910,1788963952570133818,ok,
exp_constrained_pub_sub_xcdr__cpp_to_py__100000B__10Hz__shmem_ds__best_effort,receive,sub,cpp_to_py,constrained_pub_sub,exp,xcdr,shmem_ds,100000,10,0,measured,224,2026-09-09T14:25:52.669616Z,157146331749520,157146331508157,157146331749520,1788963952669322057,1788963952669353225,ok,
exp_constrained_pub_sub_xcdr__cpp_to_py__100000B__10Hz__shmem_ds__best_effort,receive,sub,cpp_to_py,constrained_pub_sub,exp,xcdr,shmem_ds,100000,10,0,measured,225,2026-09-09T14:25:52.769349Z,157146431486269,157146431305389,157146431486269,1788963952769115683,1788963952769138145,ok,
exp_constrained_pub_sub_xcdr__cpp_to_py__100000B__10Hz__shmem_ds__best_effort,receive,sub,cpp_to_py,constrained_pub_sub,exp,xcdr,shmem_ds,100000,10,0,measured,226,2026-09-09T14:25:52.868900Z,157146530997783,157146530728318,157146530997783,1788963952868550273,1788963952868601359,ok,
exp_constrained_pub_sub_xcdr__cpp_to_py__100000B__10Hz__shmem_ds__best_effort,receive,sub,cpp_to_py,constrained_pub_sub,exp,xcdr,shmem_ds,100000,10,0,measured,227,2026-09-09T14:25:52.968185Z,157146630299564,157146630053533,157146630299564,1788963952967873354,1788963952967915984,ok,
exp_constrained_pub_sub_xcdr__cpp_to_py__100000B__10Hz__shmem_ds__best_effort,receive,sub,cpp_to_py,constrained_pub_sub,exp,xcdr,shmem_ds,100000,10,0,measured,228,2026-09-09T14:25:53.067669Z,157146729831290,157146729697479,157146729831290,1788963953067504827,1788963953067531517,ok,
exp_constrained_pub_sub_xcdr__cpp_to_py__100000B__10Hz__shmem_ds__best_effort,receive,sub,cpp_to_py,constrained_pub_sub,exp,xcdr,shmem_ds,100000,10,0,measured,229,2026-09-09T14:25:53.168414Z,157146830556756,157146830394903,157146830556756,1788963953168208272,1788963953168231455,ok,
exp_constrained_pub_sub_xcdr__cpp_to_py__100000B__10Hz__shmem_ds__best_effort,receive,sub,cpp_to_py,constrained_pub_sub,exp,xcdr,shmem_ds,100000,10,0,measured,230,2026-09-09T14:25:53.268697Z,157146930846185,157146930694290,157146930846185,1788963953268505485,1788963953268532836,ok,
exp_constrained_pub_sub_xcdr__cpp_to_py__100000B__10Hz__shmem_ds__best_effort,receive,sub,cpp_to_py,constrained_pub_sub,exp,xcdr,shmem_ds,100000,10,0,measured,231,2026-09-09T14:25:53.368579Z,157147030674418,157147030374175,157147030674418,1788963953368201210,1788963953368244531,ok,
exp_constrained_pub_sub_xcdr__cpp_to_py__100000B__10Hz__shmem_ds__best_effort,receive,sub,cpp_to_py,constrained_pub_sub,exp,xcdr,shmem_ds,100000,10,0,measured,232,2026-09-09T14:25:53.469307Z,157147131436593,157147131207713,157147131436593,1788963953469025791,1788963953469067319,ok,
exp_constrained_pub_sub_xcdr__cpp_to_py__100000B__10Hz__shmem_ds__best_effort,receive,sub,cpp_to_py,constrained_pub_sub,exp,xcdr,shmem_ds,100000,10,0,measured,233,2026-09-09T14:25:53.569106Z,157147231238166,157147230985502,157147231238166,1788963953568813509,1788963953568852452,ok,
exp_constrained_pub_sub_xcdr__cpp_to_py__100000B__10Hz__shmem_ds__best_effort,receive,sub,cpp_to_py,constrained_pub_sub,exp,xcdr,shmem_ds,100000,10,0,measured,234,2026-09-09T14:25:53.669280Z,157147331412619,157147331164644,157147331412619,1788963953668982421,1788963953669020492,ok,
exp_constrained_pub_sub_xcdr__cpp_to_py__100000B__10Hz__shmem_ds__best_effort,receive,sub,cpp_to_py,constrained_pub_sub,exp,xcdr,shmem_ds,100000,10,0,measured,235,2026-09-09T14:25:53.769268Z,157147431400201,157147431182573,157147431400201,1788963953769000981,1788963953769043120,ok,
exp_constrained_pub_sub_xcdr__cpp_to_py__100000B__10Hz__shmem_ds__best_effort,receive,sub,cpp_to_py,constrained_pub_sub,exp,xcdr,shmem_ds,100000,10,0,measured,236,2026-09-09T14:25:53.869216Z,157147531314856,157147531038157,157147531314856,1788963953868856125,1788963953868895900,ok,
exp_constrained_pub_sub_xcdr__cpp_to_py__100000B__10Hz__shmem_ds__best_effort,receive,sub,cpp_to_py,constrained_pub_sub,exp,xcdr,shmem_ds,100000,10,0,measured,237,2026-09-09T14:25:53.969434Z,157147631551937,157147631300005,157147631551937,1788963953969120928,1788963953969164830,ok,
exp_constrained_pub_sub_xcdr__cpp_to_py__100000B__10Hz__shmem_ds__best_effort,receive,sub,cpp_to_py,constrained_pub_sub,exp,xcdr,shmem_ds,100000,10,0,measured,238,2026-09-09T14:25:54.070130Z,157147732296261,157147732145588,157147732296261,1788963954069952695,1788963954069980207,ok,
exp_constrained_pub_sub_xcdr__cpp_to_py__100000B__10Hz__shmem_ds__best_effort,receive,sub,cpp_to_py,constrained_pub_sub,exp,xcdr,shmem_ds,100000,10,0,measured,239,2026-09-09T14:25:54.169475Z,157147831644017,157147831505167,157147831644017,1788963954169311593,1788963954169332342,ok,
exp_constrained_pub_sub_xcdr__cpp_to_py__100000B__10Hz__shmem_ds__best_effort,receive,sub,cpp_to_py,constrained_pub_sub,exp,xcdr,shmem_ds,100000,10,0,measured,240,2026-09-09T14:25:54.269314Z,157147931482504,157147931357630,157147931482504,1788963954269164136,1788963954269185606,ok,
exp_constrained_pub_sub_xcdr__cpp_to_py__100000B__10Hz__shmem_ds__best_effort,receive,sub,cpp_to_py,constrained_pub_sub,exp,xcdr,shmem_ds,100000,10,0,measured,241,2026-09-09T14:25:54.370208Z,157148032311018,157148032053946,157148032311018,1788963954369878436,1788963954369923460,ok,
exp_constrained_pub_sub_xcdr__cpp_to_py__100000B__10Hz__shmem_ds__best_effort,receive,sub,cpp_to_py,constrained_pub_sub,exp,xcdr,shmem_ds,100000,10,0,measured,242,2026-09-09T14:25:54.470359Z,157148132498168,157148132304455,157148132498168,1788963954470118014,1788963954470151086,ok,
exp_constrained_pub_sub_xcdr__cpp_to_py__100000B__10Hz__shmem_ds__best_effort,receive,sub,cpp_to_py,constrained_pub_sub,exp,xcdr,shmem_ds,100000,10,0,measured,243,2026-09-09T14:25:54.569466Z,157148231613238,157148231454420,157148231613238,1788963954569265104,1788963954569291874,ok,
exp_constrained_pub_sub_xcdr__cpp_to_py__100000B__10Hz__shmem_ds__best_effort,receive,sub,cpp_to_py,constrained_pub_sub,exp,xcdr,shmem_ds,100000,10,0,measured,244,2026-09-09T14:25:54.670125Z,157148332259229,157148332019910,157148332259229,1788963954669835253,1788963954669865810,ok,
exp_constrained_pub_sub_xcdr__cpp_to_py__100000B__10Hz__shmem_ds__best_effort,receive,sub,cpp_to_py,constrained_pub_sub,exp,xcdr,shmem_ds,100000,10,0,measured,245,2026-09-09T14:25:54.770368Z,157148432499990,157148432283844,157148432499990,1788963954770100770,1788963954770136457,ok,
exp_constrained_pub_sub_xcdr__cpp_to_py__100000B__10Hz__shmem_ds__best_effort,receive,sub,cpp_to_py,constrained_pub_sub,exp,xcdr,shmem_ds,100000,10,0,measured,246,2026-09-09T14:25:54.871205Z,157148533337049,157148533103441,157148533337049,1788963954870920186,1788963954870959370,ok,
exp_constrained_pub_sub_xcdr__cpp_to_py__100000B__10Hz__shmem_ds__best_effort,receive,sub,cpp_to_py,constrained_pub_sub,exp,xcdr,shmem_ds,100000,10,0,measured,247,2026-09-09T14:25:54.970664Z,157148632795292,157148632566794,157148632795292,1788963954970383720,1788963954970422142,ok,
exp_constrained_pub_sub_xcdr__cpp_to_py__100000B__10Hz__shmem_ds__best_effort,receive,sub,cpp_to_py,constrained_pub_sub,exp,xcdr,shmem_ds,100000,10,0,measured,248,2026-09-09T14:25:55.071485Z,157148733583964,157148733302907,157148733583964,1788963955071123259,1788963955071170989,ok,
exp_constrained_pub_sub_xcdr__cpp_to_py__100000B__10Hz__shmem_ds__best_effort,receive,sub,cpp_to_py,constrained_pub_sub,exp,xcdr,shmem_ds,100000,10,0,measured,249,2026-09-09T14:25:55.170854Z,157148832977901,157148832733593,157148832977901,1788963955170550980,1788963955170592167,ok,
exp_constrained_pub_sub_xcdr__cpp_to_py__100000B__10Hz__shmem_ds__best_effort,receive,sub,cpp_to_py,constrained_pub_sub,exp,xcdr,shmem_ds,100000,10,0,measured,250,2026-09-09T14:25:55.270684Z,157148932816632,157148932554090,157148932816632,1788963955270371296,1788963955270412313,ok,
exp_constrained_pub_sub_xcdr__cpp_to_py__100000B__10Hz__shmem_ds__best_effort,receive,sub,cpp_to_py,constrained_pub_sub,exp,xcdr,shmem_ds,100000,10,0,measured,251,2026-09-09T14:25:55.370501Z,157149032635055,157149032386810,157149032635055,1788963955370203846,1788963955370243119,ok,
exp_constrained_pub_sub_xcdr__cpp_to_py__100000B__10Hz__shmem_ds__best_effort,receive,sub,cpp_to_py,constrained_pub_sub,exp,xcdr,shmem_ds,100000,10,0,measured,252,2026-09-09T14:25:55.470759Z,157149132891039,157149132640499,157149132891039,1788963955470457876,1788963955470496659,ok,
exp_constrained_pub_sub_xcdr__cpp_to_py__100000B__10Hz__shmem_ds__best_effort,receive,sub,cpp_to_py,constrained_pub_sub,exp,xcdr,shmem_ds,100000,10,0,measured,253,2026-09-09T14:25:55.571725Z,157149233821968,157149233512147,157149233821968,1788963955571341627,1788963955571394696,ok,
exp_constrained_pub_sub_xcdr__cpp_to_py__100000B__10Hz__shmem_ds__best_effort,receive,sub,cpp_to_py,constrained_pub_sub,exp,xcdr,shmem_ds,100000,10,0,measured,254,2026-09-09T14:25:55.671920Z,157149334080497,157149333920417,157149334080497,1788963955671732353,1788963955671757260,ok,
exp_constrained_pub_sub_xcdr__cpp_to_py__100000B__10Hz__shmem_ds__best_effort,receive,sub,cpp_to_py,constrained_pub_sub,exp,xcdr,shmem_ds,100000,10,0,measured,255,2026-09-09T14:25:55.771517Z,157149433668789,157149433493580,157149433668789,1788963955771306559,1788963955771335924,ok,
exp_constrained_pub_sub_xcdr__cpp_to_py__100000B__10Hz__shmem_ds__best_effort,receive,sub,cpp_to_py,constrained_pub_sub,exp,xcdr,shmem_ds,100000,10,0,measured,256,2026-09-09T14:25:55.871024Z,157149533132537,157149532867790,157149533132537,1788963955870683504,1788963955870719581,ok,
exp_constrained_pub_sub_xcdr__cpp_to_py__100000B__10Hz__shmem_ds__best_effort,receive,sub,cpp_to_py,constrained_pub_sub,exp,xcdr,shmem_ds,100000,10,0,measured,257,2026-09-09T14:25:55.970496Z,157149632620249,157149632374218,157149632620249,1788963955970195632,1788963955970243101,ok,
exp_constrained_pub_sub_xcdr__cpp_to_py__100000B__10Hz__shmem_ds__best_effort,receive,sub,cpp_to_py,constrained_pub_sub,exp,xcdr,shmem_ds,100000,10,0,measured,258,2026-09-09T14:25:56.070164Z,157149732290106,157149732049315,157149732290106,1788963956069867052,1788963956069913669,ok,
exp_constrained_pub_sub_xcdr__cpp_to_py__100000B__10Hz__shmem_ds__best_effort,receive,sub,cpp_to_py,constrained_pub_sub,exp,xcdr,shmem_ds,100000,10,0,measured,259,2026-09-09T14:25:56.169263Z,157149831401407,157149831202043,157149831401407,1788963956169017636,1788963956169059545,ok,
exp_constrained_pub_sub_xcdr__cpp_to_py__100000B__10Hz__shmem_ds__best_effort,receive,sub,cpp_to_py,constrained_pub_sub,exp,xcdr,shmem_ds,100000,10,0,measured,260,2026-09-09T14:25:56.268476Z,157149930634887,157149930500765,157149930634887,1788963956268311519,1788963956268328711,ok,
exp_constrained_pub_sub_xcdr__cpp_to_py__100000B__10Hz__shmem_ds__best_effort,receive,sub,cpp_to_py,constrained_pub_sub,exp,xcdr,shmem_ds,100000,10,0,measured,261,2026-09-09T14:25:56.367660Z,157150029790661,157150029601306,157150029790661,1788963956367415927,1788963956367451224,ok,
exp_constrained_pub_sub_xcdr__cpp_to_py__100000B__10Hz__shmem_ds__best_effort,receive,sub,cpp_to_py,constrained_pub_sub,exp,xcdr,shmem_ds,100000,10,0,measured,262,2026-09-09T14:25:56.466650Z,157150128790703,157150128617438,157150128790703,1788963956466426279,1788963956466456125,ok,
exp_constrained_pub_sub_xcdr__cpp_to_py__100000B__10Hz__shmem_ds__best_effort,receive,sub,cpp_to_py,constrained_pub_sub,exp,xcdr,shmem_ds,100000,10,0,measured,263,2026-09-09T14:25:56.566732Z,157150228859059,157150228547335,157150228859059,1788963956566366444,1788963956566411729,ok,
exp_constrained_pub_sub_xcdr__cpp_to_py__100000B__10Hz__shmem_ds__best_effort,receive,sub,cpp_to_py,constrained_pub_sub,exp,xcdr,shmem_ds,100000,10,0,measured,264,2026-09-09T14:25:56.666164Z,157150328295380,157150328022939,157150328295380,1788963956665840446,1788963956665881152,ok,
exp_constrained_pub_sub_xcdr__cpp_to_py__100000B__10Hz__shmem_ds__best_effort,receive,sub,cpp_to_py,constrained_pub_sub,exp,xcdr,shmem_ds,100000,10,0,measured,265,2026-09-09T14:25:56.765236Z,157150427357829,157150427054721,157150427357829,1788963956764873480,1788963956764923213,ok,
exp_constrained_pub_sub_xcdr__cpp_to_py__100000B__10Hz__shmem_ds__best_effort,receive,sub,cpp_to_py,constrained_pub_sub,exp,xcdr,shmem_ds,100000,10,0,measured,266,2026-09-09T14:25:56.864985Z,157150527106756,157150526785824,157150527106756,1788963956864604824,1788963956864653064,ok,
exp_constrained_pub_sub_xcdr__cpp_to_py__100000B__10Hz__shmem_ds__best_effort,receive,sub,cpp_to_py,constrained_pub_sub,exp,xcdr,shmem_ds,100000,10,0,measured,267,2026-09-09T14:25:56.965072Z,157150627200680,157150626891570,157150627200680,1788963956964709518,1788963956964755614,ok,
exp_constrained_pub_sub_xcdr__cpp_to_py__100000B__10Hz__shmem_ds__best_effort,receive,sub,cpp_to_py,constrained_pub_sub,exp,xcdr,shmem_ds,100000,10,0,measured,268,2026-09-09T14:25:57.064404Z,157150726529301,157150726231743,157150726529301,1788963957064049571,1788963957064096348,ok,
exp_constrained_pub_sub_xcdr__cpp_to_py__100000B__10Hz__shmem_ds__best_effort,receive,sub,cpp_to_py,constrained_pub_sub,exp,xcdr,shmem_ds,100000,10,0,measured,269,2026-09-09T14:25:57.164739Z,157150826874320,157150826642425,157150826874320,1788963957164467036,1788963957164507191,ok,
exp_constrained_pub_sub_xcdr__cpp_to_py__100000B__10Hz__shmem_ds__best_effort,receive,sub,cpp_to_py,constrained_pub_sub,exp,xcdr,shmem_ds,100000,10,0,measured,270,2026-09-09T14:25:57.265268Z,157150927396231,157150927182429,157150927396231,1788963957264994546,1788963957265029452,ok,
exp_constrained_pub_sub_xcdr__cpp_to_py__100000B__10Hz__shmem_ds__best_effort,receive,sub,cpp_to_py,constrained_pub_sub,exp,xcdr,shmem_ds,100000,10,0,measured,271,2026-09-09T14:25:57.365254Z,157151027387236,157151027204473,157151027387236,1788963957365015998,1788963957365050473,ok,
exp_constrained_pub_sub_xcdr__cpp_to_py__100000B__10Hz__shmem_ds__best_effort,receive,sub,cpp_to_py,constrained_pub_sub,exp,xcdr,shmem_ds,100000,10,0,measured,272,2026-09-09T14:25:57.464602Z,157151126696342,157151126387663,157151126696342,1788963957464216691,1788963957464285450,ok,
exp_constrained_pub_sub_xcdr__cpp_to_py__100000B__10Hz__shmem_ds__best_effort,receive,sub,cpp_to_py,constrained_pub_sub,exp,xcdr,shmem_ds,100000,10,0,measured,273,2026-09-09T14:25:57.563617Z,157151225747444,157151225478479,157151225747444,1788963957563296277,1788963957563346391,ok,
exp_constrained_pub_sub_xcdr__cpp_to_py__100000B__10Hz__shmem_ds__best_effort,receive,sub,cpp_to_py,constrained_pub_sub,exp,xcdr,shmem_ds,100000,10,0,measured,274,2026-09-09T14:25:57.663757Z,157151325886336,157151325649011,157151325886336,1788963957663467249,1788963957663506082,ok,
exp_constrained_pub_sub_xcdr__cpp_to_py__100000B__10Hz__shmem_ds__best_effort,receive,sub,cpp_to_py,constrained_pub_sub,exp,xcdr,shmem_ds,100000,10,0,measured,275,2026-09-09T14:25:57.764794Z,157151426918754,157151426603824,157151426918754,1788963957764422773,1788963957764472977,ok,
exp_constrained_pub_sub_xcdr__cpp_to_py__100000B__10Hz__shmem_ds__best_effort,receive,sub,cpp_to_py,constrained_pub_sub,exp,xcdr,shmem_ds,100000,10,0,measured,276,2026-09-09T14:25:57.864921Z,157151527046926,157151526667124,157151527046926,1788963957864488749,1788963957864546858,ok,
exp_constrained_pub_sub_xcdr__cpp_to_py__100000B__10Hz__shmem_ds__best_effort,receive,sub,cpp_to_py,constrained_pub_sub,exp,xcdr,shmem_ds,100000,10,0,measured,277,2026-09-09T14:25:57.964131Z,157151626258449,157151626016836,157151626258449,1788963957963836347,1788963957963882313,ok,
exp_constrained_pub_sub_xcdr__cpp_to_py__100000B__10Hz__shmem_ds__best_effort,receive,sub,cpp_to_py,constrained_pub_sub,exp,xcdr,shmem_ds,100000,10,0,measured,278,2026-09-09T14:25:58.064581Z,157151726700332,157151726468207,157151726700332,1788963958064282478,1788963958064321641,ok,
exp_constrained_pub_sub_xcdr__cpp_to_py__100000B__10Hz__shmem_ds__best_effort,receive,sub,cpp_to_py,constrained_pub_sub,exp,xcdr,shmem_ds,100000,10,0,measured,279,2026-09-09T14:25:58.163960Z,157151826050580,157151825707717,157151826050580,1788963958163536425,1788963958163605945,ok,
exp_constrained_pub_sub_xcdr__cpp_to_py__100000B__10Hz__shmem_ds__best_effort,receive,sub,cpp_to_py,constrained_pub_sub,exp,xcdr,shmem_ds,100000,10,0,measured,280,2026-09-09T14:25:58.263901Z,157151926012484,157151925754020,157151926012484,1788963958263575354,1788963958263624636,ok,
exp_constrained_pub_sub_xcdr__cpp_to_py__100000B__10Hz__shmem_ds__best_effort,receive,sub,cpp_to_py,constrained_pub_sub,exp,xcdr,shmem_ds,100000,10,0,measured,281,2026-09-09T14:25:58.364488Z,157152026635899,157152026455381,157152026635899,1788963958364265634,1788963958364297934,ok,
exp_constrained_pub_sub_xcdr__cpp_to_py__100000B__10Hz__shmem_ds__best_effort,receive,sub,cpp_to_py,constrained_pub_sub,exp,xcdr,shmem_ds,100000,10,0,measured,282,2026-09-09T14:25:58.465319Z,157152127469649,157152127294130,157152127469649,1788963958465104423,1788963958465138237,ok,
exp_constrained_pub_sub_xcdr__cpp_to_py__100000B__10Hz__shmem_ds__best_effort,receive,sub,cpp_to_py,constrained_pub_sub,exp,xcdr,shmem_ds,100000,10,0,measured,283,2026-09-09T14:25:58.564790Z,157152226895147,157152226627896,157152226895147,1788963958564451855,1788963958564505225,ok,
exp_constrained_pub_sub_xcdr__cpp_to_py__100000B__10Hz__shmem_ds__best_effort,receive,sub,cpp_to_py,constrained_pub_sub,exp,xcdr,shmem_ds,100000,10,0,measured,284,2026-09-09T14:25:58.665173Z,157152327324157,157152327156363,157152327324157,1788963958664965804,1788963958664993657,ok,
exp_constrained_pub_sub_xcdr__cpp_to_py__100000B__10Hz__shmem_ds__best_effort,receive,sub,cpp_to_py,constrained_pub_sub,exp,xcdr,shmem_ds,100000,10,0,measured,285,2026-09-09T14:25:58.766115Z,157152428252274,157152428056146,157152428252274,1788963958765873152,1788963958765912696,ok,
exp_constrained_pub_sub_xcdr__cpp_to_py__100000B__10Hz__shmem_ds__best_effort,receive,sub,cpp_to_py,constrained_pub_sub,exp,xcdr,shmem_ds,100000,10,0,measured,286,2026-09-09T14:25:58.866185Z,157152528321159,157152528128898,157152528321159,1788963958865945133,1788963958865980800,ok,
exp_constrained_pub_sub_xcdr__cpp_to_py__100000B__10Hz__shmem_ds__best_effort,receive,sub,cpp_to_py,constrained_pub_sub,exp,xcdr,shmem_ds,100000,10,0,measured,287,2026-09-09T14:25:58.966655Z,157152628788882,157152628566495,157152628788882,1788963958966382349,1788963958966422895,ok,
exp_constrained_pub_sub_xcdr__cpp_to_py__100000B__10Hz__shmem_ds__best_effort,receive,sub,cpp_to_py,constrained_pub_sub,exp,xcdr,shmem_ds,100000,10,0,measured,288,2026-09-09T14:25:59.065948Z,157152728076565,157152727871601,157152728076565,1788963959065688807,1788963959065720877,ok,
exp_constrained_pub_sub_xcdr__cpp_to_py__100000B__10Hz__shmem_ds__best_effort,receive,sub,cpp_to_py,constrained_pub_sub,exp,xcdr,shmem_ds,100000,10,0,measured,289,2026-09-09T14:25:59.166861Z,157152828990219,157152828827303,157152828990219,1788963959166641765,1788963959166668765,ok,
exp_constrained_pub_sub_xcdr__cpp_to_py__100000B__10Hz__shmem_ds__best_effort,receive,sub,cpp_to_py,constrained_pub_sub,exp,xcdr,shmem_ds,100000,10,0,measured,290,2026-09-09T14:25:59.266061Z,157152928209474,157152928036640,157152928209474,1788963959265848816,1788963959265872771,ok,
exp_constrained_pub_sub_xcdr__cpp_to_py__100000B__10Hz__shmem_ds__best_effort,receive,sub,cpp_to_py,constrained_pub_sub,exp,xcdr,shmem_ds,100000,10,0,measured,291,2026-09-09T14:25:59.365482Z,157153027597546,157153027361173,157153027597546,1788963959365182527,1788963959365225518,ok,
exp_constrained_pub_sub_xcdr__cpp_to_py__100000B__10Hz__shmem_ds__best_effort,receive,sub,cpp_to_py,constrained_pub_sub,exp,xcdr,shmem_ds,100000,10,0,measured,292,2026-09-09T14:25:59.466040Z,157153128186290,157153127994781,157153128186290,1788963959465813290,1788963959465846712,ok,
exp_constrained_pub_sub_xcdr__cpp_to_py__100000B__10Hz__shmem_ds__best_effort,receive,sub,cpp_to_py,constrained_pub_sub,exp,xcdr,shmem_ds,100000,10,0,measured,293,2026-09-09T14:25:59.566127Z,157153228232366,157153227954324,157153228232366,1788963959565779776,1788963959565838927,ok,
exp_constrained_pub_sub_xcdr__cpp_to_py__100000B__10Hz__shmem_ds__best_effort,receive,sub,cpp_to_py,constrained_pub_sub,exp,xcdr,shmem_ds,100000,10,0,measured,294,2026-09-09T14:25:59.666572Z,157153328666491,157153328367119,157153328666491,1788963959666196719,1788963959666254758,ok,
exp_constrained_pub_sub_xcdr__cpp_to_py__100000B__10Hz__shmem_ds__best_effort,receive,sub,cpp_to_py,constrained_pub_sub,exp,xcdr,shmem_ds,100000,10,0,measured,295,2026-09-09T14:25:59.767316Z,157153429459348,157153429262930,157153429459348,1788963959767077551,1788963959767110493,ok,
exp_constrained_pub_sub_xcdr__cpp_to_py__100000B__10Hz__shmem_ds__best_effort,receive,sub,cpp_to_py,constrained_pub_sub,exp,xcdr,shmem_ds,100000,10,0,measured,296,2026-09-09T14:25:59.867358Z,157153529467753,157153529218897,157153529467753,1788963959867042084,1788963959867091787,ok,
exp_constrained_pub_sub_xcdr__cpp_to_py__100000B__10Hz__shmem_ds__best_effort,receive,sub,cpp_to_py,constrained_pub_sub,exp,xcdr,shmem_ds,100000,10,0,measured,297,2026-09-09T14:25:59.966301Z,157153628445296,157153628257523,157153628445296,1788963959966073638,1788963959966107581,ok,
exp_constrained_pub_sub_xcdr__cpp_to_py__100000B__10Hz__shmem_ds__best_effort,receive,sub,cpp_to_py,constrained_pub_sub,exp,xcdr,shmem_ds,100000,10,0,measured,298,2026-09-09T14:26:00.067266Z,157153729389870,157153729173754,157153729389870,1788963960066993485,1788963960067030545,ok,
exp_constrained_pub_sub_xcdr__cpp_to_py__100000B__10Hz__shmem_ds__best_effort,receive,sub,cpp_to_py,constrained_pub_sub,exp,xcdr,shmem_ds,100000,10,0,measured,299,2026-09-09T14:26:00.167542Z,157153829680479,157153829492196,157153829680479,1788963960167305826,1788963960167330151,ok,
exp_constrained_pub_sub_xcdr__cpp_to_py__100000B__10Hz__shmem_ds__best_effort,receive,sub,cpp_to_py,constrained_pub_sub,exp,xcdr,shmem_ds,100000,10,0,measured,300,2026-09-09T14:26:00.267508Z,157153929628045,157153929409244,157153929628045,1788963960267228444,1788963960267265995,ok,
exp_constrained_pub_sub_xcdr__cpp_to_py__1000000B__10Hz__shmem_ds__best_effort,publish,pub,cpp_to_py,constrained_pub_sub,exp,xcdr,shmem_ds,1000000,10,1,measured,0,2026-09-09T14:26:05.115651Z,157158777773358,157158777773358,-1,-1,-1,ok,
exp_constrained_pub_sub_xcdr__cpp_to_py__1000000B__10Hz__shmem_ds__best_effort,publish,pub,cpp_to_py,constrained_pub_sub,exp,xcdr,shmem_ds,1000000,10,1,measured,1,2026-09-09T14:26:05.216153Z,157158878306311,157158878306311,-1,-1,-1,ok,
exp_constrained_pub_sub_xcdr__cpp_to_py__1000000B__10Hz__shmem_ds__best_effort,publish,pub,cpp_to_py,constrained_pub_sub,exp,xcdr,shmem_ds,1000000,10,1,measured,2,2026-09-09T14:26:05.316441Z,157158978594897,157158978594897,-1,-1,-1,ok,
exp_constrained_pub_sub_xcdr__cpp_to_py__1000000B__10Hz__shmem_ds__best_effort,publish,pub,cpp_to_py,constrained_pub_sub,exp,xcdr,shmem_ds,1000000,10,1,measured,3,2026-09-09T14:26:05.416986Z,157159079131387,157159079131387,-1,-1,-1,ok,
exp_constrained_pub_sub_xcdr__cpp_to_py__1000000B__10Hz__shmem_ds__best_effort,publish,pub,cpp_to_py,constrained_pub_sub,exp,xcdr,shmem_ds,1000000,10,1,measured,4,2026-09-09T14:26:05.516196Z,157159178348382,157159178348382,-1,-1,-1,ok,
exp_constrained_pub_sub_xcdr__cpp_to_py__1000000B__10Hz__shmem_ds__best_effort,publish,pub,cpp_to_py,constrained_pub_sub,exp,xcdr,shmem_ds,1000000,10,1,measured,5,2026-09-09T14:26:05.617070Z,157159279223919,157159279223919,-1,-1,-1,ok,
exp_constrained_pub_sub_xcdr__cpp_to_py__1000000B__10Hz__shmem_ds__best_effort,publish,pub,cpp_to_py,constrained_pub_sub,exp,xcdr,shmem_ds,1000000,10,1,measured,6,2026-09-09T14:26:05.716225Z,157159378374379,157159378374379,-1,-1,-1,ok,
exp_constrained_pub_sub_xcdr__cpp_to_py__1000000B__10Hz__shmem_ds__best_effort,publish,pub,cpp_to_py,constrained_pub_sub,exp,xcdr,shmem_ds,1000000,10,1,measured,7,2026-09-09T14:26:05.816381Z,157159478530115,157159478530115,-1,-1,-1,ok,
exp_constrained_pub_sub_xcdr__cpp_to_py__1000000B__10Hz__shmem_ds__best_effort,publish,pub,cpp_to_py,constrained_pub_sub,exp,xcdr,shmem_ds,1000000,10,1,measured,8,2026-09-09T14:26:05.916078Z,157159578229345,157159578229345,-1,-1,-1,ok,
exp_constrained_pub_sub_xcdr__cpp_to_py__1000000B__10Hz__shmem_ds__best_effort,publish,pub,cpp_to_py,constrained_pub_sub,exp,xcdr,shmem_ds,1000000,10,1,measured,9,2026-09-09T14:26:06.015662Z,157159677812037,157159677812037,-1,-1,-1,ok,
exp_constrained_pub_sub_xcdr__cpp_to_py__1000000B__10Hz__shmem_ds__best_effort,publish,pub,cpp_to_py,constrained_pub_sub,exp,xcdr,shmem_ds,1000000,10,1,measured,10,2026-09-09T14:26:06.115357Z,157159777508906,157159777508906,-1,-1,-1,ok,
exp_constrained_pub_sub_xcdr__cpp_to_py__1000000B__10Hz__shmem_ds__best_effort,publish,pub,cpp_to_py,constrained_pub_sub,exp,xcdr,shmem_ds,1000000,10,1,measured,11,2026-09-09T14:26:06.214073Z,157159876223102,157159876223102,-1,-1,-1,ok,
exp_constrained_pub_sub_xcdr__cpp_to_py__1000000B__10Hz__shmem_ds__best_effort,publish,pub,cpp_to_py,constrained_pub_sub,exp,xcdr,shmem_ds,1000000,10,1,measured,12,2026-09-09T14:26:06.314123Z,157159976274617,157159976274617,-1,-1,-1,ok,
exp_constrained_pub_sub_xcdr__cpp_to_py__1000000B__10Hz__shmem_ds__best_effort,publish,pub,cpp_to_py,constrained_pub_sub,exp,xcdr,shmem_ds,1000000,10,1,measured,13,2026-09-09T14:26:06.414479Z,157160076632707,157160076632707,-1,-1,-1,ok,
exp_constrained_pub_sub_xcdr__cpp_to_py__1000000B__10Hz__shmem_ds__best_effort,publish,pub,cpp_to_py,constrained_pub_sub,exp,xcdr,shmem_ds,1000000,10,1,measured,14,2026-09-09T14:26:06.514856Z,157160176989073,157160176989073,-1,-1,-1,ok,
exp_constrained_pub_sub_xcdr__cpp_to_py__1000000B__10Hz__shmem_ds__best_effort,publish,pub,cpp_to_py,constrained_pub_sub,exp,xcdr,shmem_ds,1000000,10,1,measured,15,2026-09-09T14:26:06.615544Z,157160277665630,157160277665630,-1,-1,-1,ok,
exp_constrained_pub_sub_xcdr__cpp_to_py__1000000B__10Hz__shmem_ds__best_effort,publish,pub,cpp_to_py,constrained_pub_sub,exp,xcdr,shmem_ds,1000000,10,1,measured,16,2026-09-09T14:26:06.716465Z,157160378588992,157160378588992,-1,-1,-1,ok,
exp_constrained_pub_sub_xcdr__cpp_to_py__1000000B__10Hz__shmem_ds__best_effort,publish,pub,cpp_to_py,constrained_pub_sub,exp,xcdr,shmem_ds,1000000,10,1,measured,17,2026-09-09T14:26:06.816822Z,157160478962911,157160478962911,-1,-1,-1,ok,
exp_constrained_pub_sub_xcdr__cpp_to_py__1000000B__10Hz__shmem_ds__best_effort,publish,pub,cpp_to_py,constrained_pub_sub,exp,xcdr,shmem_ds,1000000,10,1,measured,18,2026-09-09T14:26:06.916708Z,157160578859584,157160578859584,-1,-1,-1,ok,
exp_constrained_pub_sub_xcdr__cpp_to_py__1000000B__10Hz__shmem_ds__best_effort,publish,pub,cpp_to_py,constrained_pub_sub,exp,xcdr,shmem_ds,1000000,10,1,measured,19,2026-09-09T14:26:07.015815Z,157160677956078,157160677956078,-1,-1,-1,ok,
exp_constrained_pub_sub_xcdr__cpp_to_py__1000000B__10Hz__shmem_ds__best_effort,publish,pub,cpp_to_py,constrained_pub_sub,exp,xcdr,shmem_ds,1000000,10,1,measured,20,2026-09-09T14:26:07.114948Z,157160777099032,157160777099032,-1,-1,-1,ok,
exp_constrained_pub_sub_xcdr__cpp_to_py__1000000B__10Hz__shmem_ds__best_effort,publish,pub,cpp_to_py,constrained_pub_sub,exp,xcdr,shmem_ds,1000000,10,1,measured,21,2026-09-09T14:26:07.215431Z,157160877581599,157160877581599,-1,-1,-1,ok,
exp_constrained_pub_sub_xcdr__cpp_to_py__1000000B__10Hz__shmem_ds__best_effort,publish,pub,cpp_to_py,constrained_pub_sub,exp,xcdr,shmem_ds,1000000,10,1,measured,22,2026-09-09T14:26:07.314732Z,157160976879464,157160976879464,-1,-1,-1,ok,
exp_constrained_pub_sub_xcdr__cpp_to_py__1000000B__10Hz__shmem_ds__best_effort,publish,pub,cpp_to_py,constrained_pub_sub,exp,xcdr,shmem_ds,1000000,10,1,measured,23,2026-09-09T14:26:07.414589Z,157161076738812,157161076738812,-1,-1,-1,ok,
exp_constrained_pub_sub_xcdr__cpp_to_py__1000000B__10Hz__shmem_ds__best_effort,publish,pub,cpp_to_py,constrained_pub_sub,exp,xcdr,shmem_ds,1000000,10,1,measured,24,2026-09-09T14:26:07.513776Z,157161175928664,157161175928664,-1,-1,-1,ok,
exp_constrained_pub_sub_xcdr__cpp_to_py__1000000B__10Hz__shmem_ds__best_effort,publish,pub,cpp_to_py,constrained_pub_sub,exp,xcdr,shmem_ds,1000000,10,1,measured,25,2026-09-09T14:26:07.613182Z,157161275290569,157161275290569,-1,-1,-1,ok,
exp_constrained_pub_sub_xcdr__cpp_to_py__1000000B__10Hz__shmem_ds__best_effort,publish,pub,cpp_to_py,constrained_pub_sub,exp,xcdr,shmem_ds,1000000,10,1,measured,26,2026-09-09T14:26:07.712222Z,157161374373611,157161374373611,-1,-1,-1,ok,
exp_constrained_pub_sub_xcdr__cpp_to_py__1000000B__10Hz__shmem_ds__best_effort,publish,pub,cpp_to_py,constrained_pub_sub,exp,xcdr,shmem_ds,1000000,10,1,measured,27,2026-09-09T14:26:07.812277Z,157161474433746,157161474433746,-1,-1,-1,ok,
exp_constrained_pub_sub_xcdr__cpp_to_py__1000000B__10Hz__shmem_ds__best_effort,publish,pub,cpp_to_py,constrained_pub_sub,exp,xcdr,shmem_ds,1000000,10,1,measured,28,2026-09-09T14:26:07.912167Z,157161574326096,157161574326096,-1,-1,-1,ok,
exp_constrained_pub_sub_xcdr__cpp_to_py__1000000B__10Hz__shmem_ds__best_effort,publish,pub,cpp_to_py,constrained_pub_sub,exp,xcdr,shmem_ds,1000000,10,1,measured,29,2026-09-09T14:26:08.012728Z,157161674885638,157161674885638,-1,-1,-1,ok,
exp_constrained_pub_sub_xcdr__cpp_to_py__1000000B__10Hz__shmem_ds__best_effort,publish,pub,cpp_to_py,constrained_pub_sub,exp,xcdr,shmem_ds,1000000,10,1,measured,30,2026-09-09T14:26:08.112059Z,157161774192173,157161774192173,-1,-1,-1,ok,
exp_constrained_pub_sub_xcdr__cpp_to_py__1000000B__10Hz__shmem_ds__best_effort,publish,pub,cpp_to_py,constrained_pub_sub,exp,xcdr,shmem_ds,1000000,10,1,measured,31,2026-09-09T14:26:08.212481Z,157161874633868,157161874633868,-1,-1,-1,ok,
exp_constrained_pub_sub_xcdr__cpp_to_py__1000000B__10Hz__shmem_ds__best_effort,publish,pub,cpp_to_py,constrained_pub_sub,exp,xcdr,shmem_ds,1000000,10,1,measured,32,2026-09-09T14:26:08.312125Z,157161974274199,157161974274199,-1,-1,-1,ok,
exp_constrained_pub_sub_xcdr__cpp_to_py__1000000B__10Hz__shmem_ds__best_effort,publish,pub,cpp_to_py,constrained_pub_sub,exp,xcdr,shmem_ds,1000000,10,1,measured,33,2026-09-09T14:26:08.412625Z,157162074781076,157162074781076,-1,-1,-1,ok,
exp_constrained_pub_sub_xcdr__cpp_to_py__1000000B__10Hz__shmem_ds__best_effort,publish,pub,cpp_to_py,constrained_pub_sub,exp,xcdr,shmem_ds,1000000,10,1,measured,34,2026-09-09T14:26:08.513298Z,157162175455377,157162175455377,-1,-1,-1,ok,
exp_constrained_pub_sub_xcdr__cpp_to_py__1000000B__10Hz__shmem_ds__best_effort,publish,pub,cpp_to_py,constrained_pub_sub,exp,xcdr,shmem_ds,1000000,10,1,measured,35,2026-09-09T14:26:08.612348Z,157162274491745,157162274491745,-1,-1,-1,ok,
exp_constrained_pub_sub_xcdr__cpp_to_py__1000000B__10Hz__shmem_ds__best_effort,publish,pub,cpp_to_py,constrained_pub_sub,exp,xcdr,shmem_ds,1000000,10,1,measured,36,2026-09-09T14:26:08.713282Z,157162375391720,157162375391720,-1,-1,-1,ok,
exp_constrained_pub_sub_xcdr__cpp_to_py__1000000B__10Hz__shmem_ds__best_effort,publish,pub,cpp_to_py,constrained_pub_sub,exp,xcdr,shmem_ds,1000000,10,1,measured,37,2026-09-09T14:26:08.813635Z,157162475796224,157162475796224,-1,-1,-1,ok,
exp_constrained_pub_sub_xcdr__cpp_to_py__1000000B__10Hz__shmem_ds__best_effort,publish,pub,cpp_to_py,constrained_pub_sub,exp,xcdr,shmem_ds,1000000,10,1,measured,38,2026-09-09T14:26:08.913598Z,157162575709187,157162575709187,-1,-1,-1,ok,
exp_constrained_pub_sub_xcdr__cpp_to_py__1000000B__10Hz__shmem_ds__best_effort,publish,pub,cpp_to_py,constrained_pub_sub,exp,xcdr,shmem_ds,1000000,10,1,measured,39,2026-09-09T14:26:09.013100Z,157162675247988,157162675247988,-1,-1,-1,ok,
exp_constrained_pub_sub_xcdr__cpp_to_py__1000000B__10Hz__shmem_ds__best_effort,publish,pub,cpp_to_py,constrained_pub_sub,exp,xcdr,shmem_ds,1000000,10,1,measured,40,2026-09-09T14:26:09.112123Z,157162774278770,157162774278770,-1,-1,-1,ok,
exp_constrained_pub_sub_xcdr__cpp_to_py__1000000B__10Hz__shmem_ds__best_effort,publish,pub,cpp_to_py,constrained_pub_sub,exp,xcdr,shmem_ds,1000000,10,1,measured,41,2026-09-09T14:26:09.212542Z,157162874692316,157162874692316,-1,-1,-1,ok,
exp_constrained_pub_sub_xcdr__cpp_to_py__1000000B__10Hz__shmem_ds__best_effort,publish,pub,cpp_to_py,constrained_pub_sub,exp,xcdr,shmem_ds,1000000,10,1,measured,42,2026-09-09T14:26:09.312476Z,157162974627965,157162974627965,-1,-1,-1,ok,
exp_constrained_pub_sub_xcdr__cpp_to_py__1000000B__10Hz__shmem_ds__best_effort,publish,pub,cpp_to_py,constrained_pub_sub,exp,xcdr,shmem_ds,1000000,10,1,measured,43,2026-09-09T14:26:09.412512Z,157163074660696,157163074660696,-1,-1,-1,ok,
exp_constrained_pub_sub_xcdr__cpp_to_py__1000000B__10Hz__shmem_ds__best_effort,publish,pub,cpp_to_py,constrained_pub_sub,exp,xcdr,shmem_ds,1000000,10,1,measured,44,2026-09-09T14:26:09.512490Z,157163174640959,157163174640959,-1,-1,-1,ok,
exp_constrained_pub_sub_xcdr__cpp_to_py__1000000B__10Hz__shmem_ds__best_effort,publish,pub,cpp_to_py,constrained_pub_sub,exp,xcdr,shmem_ds,1000000,10,1,measured,45,2026-09-09T14:26:09.611929Z,157163274085708,157163274085708,-1,-1,-1,ok,
exp_constrained_pub_sub_xcdr__cpp_to_py__1000000B__10Hz__shmem_ds__best_effort,publish,pub,cpp_to_py,constrained_pub_sub,exp,xcdr,shmem_ds,1000000,10,1,measured,46,2026-09-09T14:26:09.712109Z,157163374268050,157163374268050,-1,-1,-1,ok,
exp_constrained_pub_sub_xcdr__cpp_to_py__1000000B__10Hz__shmem_ds__best_effort,publish,pub,cpp_to_py,constrained_pub_sub,exp,xcdr,shmem_ds,1000000,10,1,measured,47,2026-09-09T14:26:09.812104Z,157163474259934,157163474259934,-1,-1,-1,ok,
exp_constrained_pub_sub_xcdr__cpp_to_py__1000000B__10Hz__shmem_ds__best_effort,publish,pub,cpp_to_py,constrained_pub_sub,exp,xcdr,shmem_ds,1000000,10,1,measured,48,2026-09-09T14:26:09.911883Z,157163574040503,157163574040503,-1,-1,-1,ok,
exp_constrained_pub_sub_xcdr__cpp_to_py__1000000B__10Hz__shmem_ds__best_effort,publish,pub,cpp_to_py,constrained_pub_sub,exp,xcdr,shmem_ds,1000000,10,1,measured,49,2026-09-09T14:26:10.012344Z,157163674469619,157163674469619,-1,-1,-1,ok,
exp_constrained_pub_sub_xcdr__cpp_to_py__1000000B__10Hz__shmem_ds__best_effort,publish,pub,cpp_to_py,constrained_pub_sub,exp,xcdr,shmem_ds,1000000,10,1,measured,50,2026-09-09T14:26:10.112047Z,157163774196360,157163774196360,-1,-1,-1,ok,
exp_constrained_pub_sub_xcdr__cpp_to_py__1000000B__10Hz__shmem_ds__best_effort,publish,pub,cpp_to_py,constrained_pub_sub,exp,xcdr,shmem_ds,1000000,10,1,measured,51,2026-09-09T14:26:10.211923Z,157163874082290,157163874082290,-1,-1,-1,ok,
exp_constrained_pub_sub_xcdr__cpp_to_py__1000000B__10Hz__shmem_ds__best_effort,publish,pub,cpp_to_py,constrained_pub_sub,exp,xcdr,shmem_ds,1000000,10,1,measured,52,2026-09-09T14:26:10.311123Z,157163973276122,157163973276122,-1,-1,-1,ok,
exp_constrained_pub_sub_xcdr__cpp_to_py__1000000B__10Hz__shmem_ds__best_effort,publish,pub,cpp_to_py,constrained_pub_sub,exp,xcdr,shmem_ds,1000000,10,1,measured,53,2026-09-09T14:26:10.410418Z,157164072538010,157164072538010,-1,-1,-1,ok,
exp_constrained_pub_sub_xcdr__cpp_to_py__1000000B__10Hz__shmem_ds__best_effort,publish,pub,cpp_to_py,constrained_pub_sub,exp,xcdr,shmem_ds,1000000,10,1,measured,54,2026-09-09T14:26:10.510942Z,157164173093076,157164173093076,-1,-1,-1,ok,
exp_constrained_pub_sub_xcdr__cpp_to_py__1000000B__10Hz__shmem_ds__best_effort,publish,pub,cpp_to_py,constrained_pub_sub,exp,xcdr,shmem_ds,1000000,10,1,measured,55,2026-09-09T14:26:10.610898Z,157164273044969,157164273044969,-1,-1,-1,ok,
exp_constrained_pub_sub_xcdr__cpp_to_py__1000000B__10Hz__shmem_ds__best_effort,publish,pub,cpp_to_py,constrained_pub_sub,exp,xcdr,shmem_ds,1000000,10,1,measured,56,2026-09-09T14:26:10.710958Z,157164373079849,157164373079849,-1,-1,-1,ok,
exp_constrained_pub_sub_xcdr__cpp_to_py__1000000B__10Hz__shmem_ds__best_effort,publish,pub,cpp_to_py,constrained_pub_sub,exp,xcdr,shmem_ds,1000000,10,1,measured,57,2026-09-09T14:26:10.811745Z,157164473902276,157164473902276,-1,-1,-1,ok,
exp_constrained_pub_sub_xcdr__cpp_to_py__1000000B__10Hz__shmem_ds__best_effort,publish,pub,cpp_to_py,constrained_pub_sub,exp,xcdr,shmem_ds,1000000,10,1,measured,58,2026-09-09T14:26:10.911912Z,157164574069303,157164574069303,-1,-1,-1,ok,
exp_constrained_pub_sub_xcdr__cpp_to_py__1000000B__10Hz__shmem_ds__best_effort,publish,pub,cpp_to_py,constrained_pub_sub,exp,xcdr,shmem_ds,1000000,10,1,measured,59,2026-09-09T14:26:11.012183Z,157164674335196,157164674335196,-1,-1,-1,ok,
exp_constrained_pub_sub_xcdr__cpp_to_py__1000000B__10Hz__shmem_ds__best_effort,publish,pub,cpp_to_py,constrained_pub_sub,exp,xcdr,shmem_ds,1000000,10,1,measured,60,2026-09-09T14:26:11.112333Z,157164774485326,157164774485326,-1,-1,-1,ok,
exp_constrained_pub_sub_xcdr__cpp_to_py__1000000B__10Hz__shmem_ds__best_effort,publish,pub,cpp_to_py,constrained_pub_sub,exp,xcdr,shmem_ds,1000000,10,1,measured,61,2026-09-09T14:26:11.213054Z,157164875208511,157164875208511,-1,-1,-1,ok,
exp_constrained_pub_sub_xcdr__cpp_to_py__1000000B__10Hz__shmem_ds__best_effort,publish,pub,cpp_to_py,constrained_pub_sub,exp,xcdr,shmem_ds,1000000,10,1,measured,62,2026-09-09T14:26:11.313006Z,157164975160729,157164975160729,-1,-1,-1,ok,
exp_constrained_pub_sub_xcdr__cpp_to_py__1000000B__10Hz__shmem_ds__best_effort,publish,pub,cpp_to_py,constrained_pub_sub,exp,xcdr,shmem_ds,1000000,10,1,measured,63,2026-09-09T14:26:11.413779Z,157165075898972,157165075898972,-1,-1,-1,ok,
exp_constrained_pub_sub_xcdr__cpp_to_py__1000000B__10Hz__shmem_ds__best_effort,publish,pub,cpp_to_py,constrained_pub_sub,exp,xcdr,shmem_ds,1000000,10,1,measured,64,2026-09-09T14:26:11.513568Z,157165175740473,157165175740473,-1,-1,-1,ok,
exp_constrained_pub_sub_xcdr__cpp_to_py__1000000B__10Hz__shmem_ds__best_effort,publish,pub,cpp_to_py,constrained_pub_sub,exp,xcdr,shmem_ds,1000000,10,1,measured,65,2026-09-09T14:26:11.613588Z,157165275718880,157165275718880,-1,-1,-1,ok,
exp_constrained_pub_sub_xcdr__cpp_to_py__1000000B__10Hz__shmem_ds__best_effort,publish,pub,cpp_to_py,constrained_pub_sub,exp,xcdr,shmem_ds,1000000,10,1,measured,66,2026-09-09T14:26:11.713132Z,157165375272761,157165375272761,-1,-1,-1,ok,
exp_constrained_pub_sub_xcdr__cpp_to_py__1000000B__10Hz__shmem_ds__best_effort,publish,pub,cpp_to_py,constrained_pub_sub,exp,xcdr,shmem_ds,1000000,10,1,measured,67,2026-09-09T14:26:11.812699Z,157165474859193,157165474859193,-1,-1,-1,ok,
exp_constrained_pub_sub_xcdr__cpp_to_py__1000000B__10Hz__shmem_ds__best_effort,publish,pub,cpp_to_py,constrained_pub_sub,exp,xcdr,shmem_ds,1000000,10,1,measured,68,2026-09-09T14:26:11.912784Z,157165574937938,157165574937938,-1,-1,-1,ok,
exp_constrained_pub_sub_xcdr__cpp_to_py__1000000B__10Hz__shmem_ds__best_effort,publish,pub,cpp_to_py,constrained_pub_sub,exp,xcdr,shmem_ds,1000000,10,1,measured,69,2026-09-09T14:26:12.012474Z,157165674634136,157165674634136,-1,-1,-1,ok,
exp_constrained_pub_sub_xcdr__cpp_to_py__1000000B__10Hz__shmem_ds__best_effort,publish,pub,cpp_to_py,constrained_pub_sub,exp,xcdr,shmem_ds,1000000,10,1,measured,70,2026-09-09T14:26:12.113009Z,157165775165325,157165775165325,-1,-1,-1,ok,
exp_constrained_pub_sub_xcdr__cpp_to_py__1000000B__10Hz__shmem_ds__best_effort,publish,pub,cpp_to_py,constrained_pub_sub,exp,xcdr,shmem_ds,1000000,10,1,measured,71,2026-09-09T14:26:12.212618Z,157165874775425,157165874775425,-1,-1,-1,ok,
exp_constrained_pub_sub_xcdr__cpp_to_py__1000000B__10Hz__shmem_ds__best_effort,publish,pub,cpp_to_py,constrained_pub_sub,exp,xcdr,shmem_ds,1000000,10,1,measured,72,2026-09-09T14:26:12.312968Z,157165975123851,157165975123851,-1,-1,-1,ok,
exp_constrained_pub_sub_xcdr__cpp_to_py__1000000B__10Hz__shmem_ds__best_effort,publish,pub,cpp_to_py,constrained_pub_sub,exp,xcdr,shmem_ds,1000000,10,1,measured,73,2026-09-09T14:26:12.413440Z,157166075600367,157166075600367,-1,-1,-1,ok,
exp_constrained_pub_sub_xcdr__cpp_to_py__1000000B__10Hz__shmem_ds__best_effort,publish,pub,cpp_to_py,constrained_pub_sub,exp,xcdr,shmem_ds,1000000,10,1,measured,74,2026-09-09T14:26:12.513769Z,157166175918165,157166175918165,-1,-1,-1,ok,
exp_constrained_pub_sub_xcdr__cpp_to_py__1000000B__10Hz__shmem_ds__best_effort,publish,pub,cpp_to_py,constrained_pub_sub,exp,xcdr,shmem_ds,1000000,10,1,measured,75,2026-09-09T14:26:12.614407Z,157166276558709,157166276558709,-1,-1,-1,ok,
exp_constrained_pub_sub_xcdr__cpp_to_py__1000000B__10Hz__shmem_ds__best_effort,publish,pub,cpp_to_py,constrained_pub_sub,exp,xcdr,shmem_ds,1000000,10,1,measured,76,2026-09-09T14:26:12.714997Z,157166377142997,157166377142997,-1,-1,-1,ok,
exp_constrained_pub_sub_xcdr__cpp_to_py__1000000B__10Hz__shmem_ds__best_effort,publish,pub,cpp_to_py,constrained_pub_sub,exp,xcdr,shmem_ds,1000000,10,1,measured,77,2026-09-09T14:26:12.815266Z,157166477421341,157166477421341,-1,-1,-1,ok,
exp_constrained_pub_sub_xcdr__cpp_to_py__1000000B__10Hz__shmem_ds__best_effort,publish,pub,cpp_to_py,constrained_pub_sub,exp,xcdr,shmem_ds,1000000,10,1,measured,78,2026-09-09T14:26:12.915868Z,157166578020477,157166578020477,-1,-1,-1,ok,
exp_constrained_pub_sub_xcdr__cpp_to_py__1000000B__10Hz__shmem_ds__best_effort,publish,pub,cpp_to_py,constrained_pub_sub,exp,xcdr,shmem_ds,1000000,10,1,measured,79,2026-09-09T14:26:13.015655Z,157166677811827,157166677811827,-1,-1,-1,ok,
exp_constrained_pub_sub_xcdr__cpp_to_py__1000000B__10Hz__shmem_ds__best_effort,publish,pub,cpp_to_py,constrained_pub_sub,exp,xcdr,shmem_ds,1000000,10,1,measured,80,2026-09-09T14:26:13.116579Z,157166778727902,157166778727902,-1,-1,-1,ok,
exp_constrained_pub_sub_xcdr__cpp_to_py__1000000B__10Hz__shmem_ds__best_effort,publish,pub,cpp_to_py,constrained_pub_sub,exp,xcdr,shmem_ds,1000000,10,1,measured,81,2026-09-09T14:26:13.216229Z,157166878385135,157166878385135,-1,-1,-1,ok,
exp_constrained_pub_sub_xcdr__cpp_to_py__1000000B__10Hz__shmem_ds__best_effort,publish,pub,cpp_to_py,constrained_pub_sub,exp,xcdr,shmem_ds,1000000,10,1,measured,82,2026-09-09T14:26:13.315839Z,157166977981924,157166977981924,-1,-1,-1,ok,
exp_constrained_pub_sub_xcdr__cpp_to_py__1000000B__10Hz__shmem_ds__best_effort,publish,pub,cpp_to_py,constrained_pub_sub,exp,xcdr,shmem_ds,1000000,10,1,measured,83,2026-09-09T14:26:13.416413Z,157167078538133,157167078538133,-1,-1,-1,ok,
exp_constrained_pub_sub_xcdr__cpp_to_py__1000000B__10Hz__shmem_ds__best_effort,publish,pub,cpp_to_py,constrained_pub_sub,exp,xcdr,shmem_ds,1000000,10,1,measured,84,2026-09-09T14:26:13.516576Z,157167178720421,157167178720421,-1,-1,-1,ok,
exp_constrained_pub_sub_xcdr__cpp_to_py__1000000B__10Hz__shmem_ds__best_effort,publish,pub,cpp_to_py,constrained_pub_sub,exp,xcdr,shmem_ds,1000000,10,1,measured,85,2026-09-09T14:26:13.616195Z,157167278351565,157167278351565,-1,-1,-1,ok,
exp_constrained_pub_sub_xcdr__cpp_to_py__1000000B__10Hz__shmem_ds__best_effort,publish,pub,cpp_to_py,constrained_pub_sub,exp,xcdr,shmem_ds,1000000,10,1,measured,86,2026-09-09T14:26:13.715477Z,157167377632451,157167377632451,-1,-1,-1,ok,
exp_constrained_pub_sub_xcdr__cpp_to_py__1000000B__10Hz__shmem_ds__best_effort,publish,pub,cpp_to_py,constrained_pub_sub,exp,xcdr,shmem_ds,1000000,10,1,measured,87,2026-09-09T14:26:13.815910Z,157167478024683,157167478024683,-1,-1,-1,ok,
exp_constrained_pub_sub_xcdr__cpp_to_py__1000000B__10Hz__shmem_ds__best_effort,publish,pub,cpp_to_py,constrained_pub_sub,exp,xcdr,shmem_ds,1000000,10,1,measured,88,2026-09-09T14:26:13.915920Z,157167578073541,157167578073541,-1,-1,-1,ok,
exp_constrained_pub_sub_xcdr__cpp_to_py__1000000B__10Hz__shmem_ds__best_effort,publish,pub,cpp_to_py,constrained_pub_sub,exp,xcdr,shmem_ds,1000000,10,1,measured,89,2026-09-09T14:26:14.015951Z,157167678108893,157167678108893,-1,-1,-1,ok,
exp_constrained_pub_sub_xcdr__cpp_to_py__1000000B__10Hz__shmem_ds__best_effort,publish,pub,cpp_to_py,constrained_pub_sub,exp,xcdr,shmem_ds,1000000,10,1,measured,90,2026-09-09T14:26:14.116170Z,157167778326341,157167778326341,-1,-1,-1,ok,
exp_constrained_pub_sub_xcdr__cpp_to_py__1000000B__10Hz__shmem_ds__best_effort,publish,pub,cpp_to_py,constrained_pub_sub,exp,xcdr,shmem_ds,1000000,10,1,measured,91,2026-09-09T14:26:14.215288Z,157167877445237,157167877445237,-1,-1,-1,ok,
exp_constrained_pub_sub_xcdr__cpp_to_py__1000000B__10Hz__shmem_ds__best_effort,publish,pub,cpp_to_py,constrained_pub_sub,exp,xcdr,shmem_ds,1000000,10,1,measured,92,2026-09-09T14:26:14.315017Z,157167977174649,157167977174649,-1,-1,-1,ok,
exp_constrained_pub_sub_xcdr__cpp_to_py__1000000B__10Hz__shmem_ds__best_effort,publish,pub,cpp_to_py,constrained_pub_sub,exp,xcdr,shmem_ds,1000000,10,1,measured,93,2026-09-09T14:26:14.415490Z,157168077648077,157168077648077,-1,-1,-1,ok,
exp_constrained_pub_sub_xcdr__cpp_to_py__1000000B__10Hz__shmem_ds__best_effort,publish,pub,cpp_to_py,constrained_pub_sub,exp,xcdr,shmem_ds,1000000,10,1,measured,94,2026-09-09T14:26:14.515708Z,157168177867829,157168177867829,-1,-1,-1,ok,
exp_constrained_pub_sub_xcdr__cpp_to_py__1000000B__10Hz__shmem_ds__best_effort,publish,pub,cpp_to_py,constrained_pub_sub,exp,xcdr,shmem_ds,1000000,10,1,measured,95,2026-09-09T14:26:14.615594Z,157168277702739,157168277702739,-1,-1,-1,ok,
exp_constrained_pub_sub_xcdr__cpp_to_py__1000000B__10Hz__shmem_ds__best_effort,publish,pub,cpp_to_py,constrained_pub_sub,exp,xcdr,shmem_ds,1000000,10,1,measured,96,2026-09-09T14:26:14.716479Z,157168378589483,157168378589483,-1,-1,-1,ok,
exp_constrained_pub_sub_xcdr__cpp_to_py__1000000B__10Hz__shmem_ds__best_effort,publish,pub,cpp_to_py,constrained_pub_sub,exp,xcdr,shmem_ds,1000000,10,1,measured,97,2026-09-09T14:26:14.816860Z,157168479018808,157168479018808,-1,-1,-1,ok,
exp_constrained_pub_sub_xcdr__cpp_to_py__1000000B__10Hz__shmem_ds__best_effort,publish,pub,cpp_to_py,constrained_pub_sub,exp,xcdr,shmem_ds,1000000,10,1,measured,98,2026-09-09T14:26:14.916314Z,157168578470950,157168578470950,-1,-1,-1,ok,
exp_constrained_pub_sub_xcdr__cpp_to_py__1000000B__10Hz__shmem_ds__best_effort,publish,pub,cpp_to_py,constrained_pub_sub,exp,xcdr,shmem_ds,1000000,10,1,measured,99,2026-09-09T14:26:15.016369Z,157168678526685,157168678526685,-1,-1,-1,ok,
exp_constrained_pub_sub_xcdr__cpp_to_py__1000000B__10Hz__shmem_ds__best_effort,publish,pub,cpp_to_py,constrained_pub_sub,exp,xcdr,shmem_ds,1000000,10,1,measured,100,2026-09-09T14:26:15.115723Z,157168777852503,157168777852503,-1,-1,-1,ok,
exp_constrained_pub_sub_xcdr__cpp_to_py__1000000B__10Hz__shmem_ds__best_effort,publish,pub,cpp_to_py,constrained_pub_sub,exp,xcdr,shmem_ds,1000000,10,1,measured,101,2026-09-09T14:26:15.216201Z,157168878356062,157168878356062,-1,-1,-1,ok,
exp_constrained_pub_sub_xcdr__cpp_to_py__1000000B__10Hz__shmem_ds__best_effort,publish,pub,cpp_to_py,constrained_pub_sub,exp,xcdr,shmem_ds,1000000,10,1,measured,102,2026-09-09T14:26:15.315697Z,157168977851649,157168977851649,-1,-1,-1,ok,
exp_constrained_pub_sub_xcdr__cpp_to_py__1000000B__10Hz__shmem_ds__best_effort,publish,pub,cpp_to_py,constrained_pub_sub,exp,xcdr,shmem_ds,1000000,10,1,measured,103,2026-09-09T14:26:15.414883Z,157169077032666,157169077032666,-1,-1,-1,ok,
exp_constrained_pub_sub_xcdr__cpp_to_py__1000000B__10Hz__shmem_ds__best_effort,publish,pub,cpp_to_py,constrained_pub_sub,exp,xcdr,shmem_ds,1000000,10,1,measured,104,2026-09-09T14:26:15.515769Z,157169177887483,157169177887483,-1,-1,-1,ok,
exp_constrained_pub_sub_xcdr__cpp_to_py__1000000B__10Hz__shmem_ds__best_effort,publish,pub,cpp_to_py,constrained_pub_sub,exp,xcdr,shmem_ds,1000000,10,1,measured,105,2026-09-09T14:26:15.615584Z,157169277731134,157169277731134,-1,-1,-1,ok,
exp_constrained_pub_sub_xcdr__cpp_to_py__1000000B__10Hz__shmem_ds__best_effort,publish,pub,cpp_to_py,constrained_pub_sub,exp,xcdr,shmem_ds,1000000,10,1,measured,106,2026-09-09T14:26:15.714794Z,157169376955061,157169376955061,-1,-1,-1,ok,
exp_constrained_pub_sub_xcdr__cpp_to_py__1000000B__10Hz__shmem_ds__best_effort,publish,pub,cpp_to_py,constrained_pub_sub,exp,xcdr,shmem_ds,1000000,10,1,measured,107,2026-09-09T14:26:15.815236Z,157169477372278,157169477372278,-1,-1,-1,ok,
exp_constrained_pub_sub_xcdr__cpp_to_py__1000000B__10Hz__shmem_ds__best_effort,publish,pub,cpp_to_py,constrained_pub_sub,exp,xcdr,shmem_ds,1000000,10,1,measured,108,2026-09-09T14:26:15.914440Z,157169576597527,157169576597527,-1,-1,-1,ok,
exp_constrained_pub_sub_xcdr__cpp_to_py__1000000B__10Hz__shmem_ds__best_effort,publish,pub,cpp_to_py,constrained_pub_sub,exp,xcdr,shmem_ds,1000000,10,1,measured,109,2026-09-09T14:26:16.014888Z,157169677047035,157169677047035,-1,-1,-1,ok,
exp_constrained_pub_sub_xcdr__cpp_to_py__1000000B__10Hz__shmem_ds__best_effort,publish,pub,cpp_to_py,constrained_pub_sub,exp,xcdr,shmem_ds,1000000,10,1,measured,110,2026-09-09T14:26:16.115101Z,157169777258991,157169777258991,-1,-1,-1,ok,
exp_constrained_pub_sub_xcdr__cpp_to_py__1000000B__10Hz__shmem_ds__best_effort,publish,pub,cpp_to_py,constrained_pub_sub,exp,xcdr,shmem_ds,1000000,10,1,measured,111,2026-09-09T14:26:16.214797Z,157169876956400,157169876956400,-1,-1,-1,ok,
exp_constrained_pub_sub_xcdr__cpp_to_py__1000000B__10Hz__shmem_ds__best_effort,publish,pub,cpp_to_py,constrained_pub_sub,exp,xcdr,shmem_ds,1000000,10,1,measured,112,2026-09-09T14:26:16.315372Z,157169977526067,157169977526067,-1,-1,-1,ok,
exp_constrained_pub_sub_xcdr__cpp_to_py__1000000B__10Hz__shmem_ds__best_effort,publish,pub,cpp_to_py,constrained_pub_sub,exp,xcdr,shmem_ds,1000000,10,1,measured,113,2026-09-09T14:26:16.416332Z,157170078478662,157170078478662,-1,-1,-1,ok,
exp_constrained_pub_sub_xcdr__cpp_to_py__1000000B__10Hz__shmem_ds__best_effort,publish,pub,cpp_to_py,constrained_pub_sub,exp,xcdr,shmem_ds,1000000,10,1,measured,114,2026-09-09T14:26:16.517226Z,157170179378397,157170179378397,-1,-1,-1,ok,
exp_constrained_pub_sub_xcdr__cpp_to_py__1000000B__10Hz__shmem_ds__best_effort,publish,pub,cpp_to_py,constrained_pub_sub,exp,xcdr,shmem_ds,1000000,10,1,measured,115,2026-09-09T14:26:16.616995Z,157170279150127,157170279150127,-1,-1,-1,ok,
exp_constrained_pub_sub_xcdr__cpp_to_py__1000000B__10Hz__shmem_ds__best_effort,publish,pub,cpp_to_py,constrained_pub_sub,exp,xcdr,shmem_ds,1000000,10,1,measured,116,2026-09-09T14:26:16.716766Z,157170378892480,157170378892480,-1,-1,-1,ok,
exp_constrained_pub_sub_xcdr__cpp_to_py__1000000B__10Hz__shmem_ds__best_effort,publish,pub,cpp_to_py,constrained_pub_sub,exp,xcdr,shmem_ds,1000000,10,1,measured,117,2026-09-09T14:26:16.817412Z,157170479565190,157170479565190,-1,-1,-1,ok,
exp_constrained_pub_sub_xcdr__cpp_to_py__1000000B__10Hz__shmem_ds__best_effort,publish,pub,cpp_to_py,constrained_pub_sub,exp,xcdr,shmem_ds,1000000,10,1,measured,118,2026-09-09T14:26:16.917972Z,157170580118396,157170580118396,-1,-1,-1,ok,
exp_constrained_pub_sub_xcdr__cpp_to_py__1000000B__10Hz__shmem_ds__best_effort,publish,pub,cpp_to_py,constrained_pub_sub,exp,xcdr,shmem_ds,1000000,10,1,measured,119,2026-09-09T14:26:17.018262Z,157170680412105,157170680412105,-1,-1,-1,ok,
exp_constrained_pub_sub_xcdr__cpp_to_py__1000000B__10Hz__shmem_ds__best_effort,publish,pub,cpp_to_py,constrained_pub_sub,exp,xcdr,shmem_ds,1000000,10,1,measured,120,2026-09-09T14:26:17.119019Z,157170781165570,157170781165570,-1,-1,-1,ok,
exp_constrained_pub_sub_xcdr__cpp_to_py__1000000B__10Hz__shmem_ds__best_effort,publish,pub,cpp_to_py,constrained_pub_sub,exp,xcdr,shmem_ds,1000000,10,1,measured,121,2026-09-09T14:26:17.218167Z,157170880312691,157170880312691,-1,-1,-1,ok,
exp_constrained_pub_sub_xcdr__cpp_to_py__1000000B__10Hz__shmem_ds__best_effort,publish,pub,cpp_to_py,constrained_pub_sub,exp,xcdr,shmem_ds,1000000,10,1,measured,122,2026-09-09T14:26:17.317799Z,157170979955563,157170979955563,-1,-1,-1,ok,
exp_constrained_pub_sub_xcdr__cpp_to_py__1000000B__10Hz__shmem_ds__best_effort,publish,pub,cpp_to_py,constrained_pub_sub,exp,xcdr,shmem_ds,1000000,10,1,measured,123,2026-09-09T14:26:17.417392Z,157171079544082,157171079544082,-1,-1,-1,ok,
exp_constrained_pub_sub_xcdr__cpp_to_py__1000000B__10Hz__shmem_ds__best_effort,publish,pub,cpp_to_py,constrained_pub_sub,exp,xcdr,shmem_ds,1000000,10,1,measured,124,2026-09-09T14:26:17.517228Z,157171179383021,157171179383021,-1,-1,-1,ok,
exp_constrained_pub_sub_xcdr__cpp_to_py__1000000B__10Hz__shmem_ds__best_effort,publish,pub,cpp_to_py,constrained_pub_sub,exp,xcdr,shmem_ds,1000000,10,1,measured,125,2026-09-09T14:26:17.616617Z,157171278753681,157171278753681,-1,-1,-1,ok,
exp_constrained_pub_sub_xcdr__cpp_to_py__1000000B__10Hz__shmem_ds__best_effort,publish,pub,cpp_to_py,constrained_pub_sub,exp,xcdr,shmem_ds,1000000,10,1,measured,126,2026-09-09T14:26:17.717228Z,157171379387081,157171379387081,-1,-1,-1,ok,
exp_constrained_pub_sub_xcdr__cpp_to_py__1000000B__10Hz__shmem_ds__best_effort,publish,pub,cpp_to_py,constrained_pub_sub,exp,xcdr,shmem_ds,1000000,10,1,measured,127,2026-09-09T14:26:17.817191Z,157171479348670,157171479348670,-1,-1,-1,ok,
exp_constrained_pub_sub_xcdr__cpp_to_py__1000000B__10Hz__shmem_ds__best_effort,publish,pub,cpp_to_py,constrained_pub_sub,exp,xcdr,shmem_ds,1000000,10,1,measured,128,2026-09-09T14:26:17.917021Z,157171579126275,157171579126275,-1,-1,-1,ok,
exp_constrained_pub_sub_xcdr__cpp_to_py__1000000B__10Hz__shmem_ds__best_effort,publish,pub,cpp_to_py,constrained_pub_sub,exp,xcdr,shmem_ds,1000000,10,1,measured,129,2026-09-09T14:26:18.017598Z,157171679728587,157171679728587,-1,-1,-1,ok,
exp_constrained_pub_sub_xcdr__cpp_to_py__1000000B__10Hz__shmem_ds__best_effort,publish,pub,cpp_to_py,constrained_pub_sub,exp,xcdr,shmem_ds,1000000,10,1,measured,130,2026-09-09T14:26:18.117269Z,157171779420063,157171779420063,-1,-1,-1,ok,
exp_constrained_pub_sub_xcdr__cpp_to_py__1000000B__10Hz__shmem_ds__best_effort,publish,pub,cpp_to_py,constrained_pub_sub,exp,xcdr,shmem_ds,1000000,10,1,measured,131,2026-09-09T14:26:18.216632Z,157171878730865,157171878730865,-1,-1,-1,ok,
exp_constrained_pub_sub_xcdr__cpp_to_py__1000000B__10Hz__shmem_ds__best_effort,publish,pub,cpp_to_py,constrained_pub_sub,exp,xcdr,shmem_ds,1000000,10,1,measured,132,2026-09-09T14:26:18.317380Z,157171979474436,157171979474436,-1,-1,-1,ok,
exp_constrained_pub_sub_xcdr__cpp_to_py__1000000B__10Hz__shmem_ds__best_effort,publish,pub,cpp_to_py,constrained_pub_sub,exp,xcdr,shmem_ds,1000000,10,1,measured,133,2026-09-09T14:26:18.417764Z,157172079919687,157172079919687,-1,-1,-1,ok,
exp_constrained_pub_sub_xcdr__cpp_to_py__1000000B__10Hz__shmem_ds__best_effort,publish,pub,cpp_to_py,constrained_pub_sub,exp,xcdr,shmem_ds,1000000,10,1,measured,134,2026-09-09T14:26:18.518562Z,157172180719733,157172180719733,-1,-1,-1,ok,
exp_constrained_pub_sub_xcdr__cpp_to_py__1000000B__10Hz__shmem_ds__best_effort,publish,pub,cpp_to_py,constrained_pub_sub,exp,xcdr,shmem_ds,1000000,10,1,measured,135,2026-09-09T14:26:18.619255Z,157172281414573,157172281414573,-1,-1,-1,ok,
exp_constrained_pub_sub_xcdr__cpp_to_py__1000000B__10Hz__shmem_ds__best_effort,publish,pub,cpp_to_py,constrained_pub_sub,exp,xcdr,shmem_ds,1000000,10,1,measured,136,2026-09-09T14:26:18.718344Z,157172380500643,157172380500643,-1,-1,-1,ok,
exp_constrained_pub_sub_xcdr__cpp_to_py__1000000B__10Hz__shmem_ds__best_effort,publish,pub,cpp_to_py,constrained_pub_sub,exp,xcdr,shmem_ds,1000000,10,1,measured,137,2026-09-09T14:26:18.818800Z,157172480963166,157172480963166,-1,-1,-1,ok,
exp_constrained_pub_sub_xcdr__cpp_to_py__1000000B__10Hz__shmem_ds__best_effort,publish,pub,cpp_to_py,constrained_pub_sub,exp,xcdr,shmem_ds,1000000,10,1,measured,138,2026-09-09T14:26:18.918048Z,157172580202134,157172580202134,-1,-1,-1,ok,
exp_constrained_pub_sub_xcdr__cpp_to_py__1000000B__10Hz__shmem_ds__best_effort,publish,pub,cpp_to_py,constrained_pub_sub,exp,xcdr,shmem_ds,1000000,10,1,measured,139,2026-09-09T14:26:19.017393Z,157172679551007,157172679551007,-1,-1,-1,ok,
exp_constrained_pub_sub_xcdr__cpp_to_py__1000000B__10Hz__shmem_ds__best_effort,publish,pub,cpp_to_py,constrained_pub_sub,exp,xcdr,shmem_ds,1000000,10,1,measured,140,2026-09-09T14:26:19.117751Z,157172779885534,157172779885534,-1,-1,-1,ok,
exp_constrained_pub_sub_xcdr__cpp_to_py__1000000B__10Hz__shmem_ds__best_effort,publish,pub,cpp_to_py,constrained_pub_sub,exp,xcdr,shmem_ds,1000000,10,1,measured,141,2026-09-09T14:26:19.217608Z,157172879760248,157172879760248,-1,-1,-1,ok,
exp_constrained_pub_sub_xcdr__cpp_to_py__1000000B__10Hz__shmem_ds__best_effort,publish,pub,cpp_to_py,constrained_pub_sub,exp,xcdr,shmem_ds,1000000,10,1,measured,142,2026-09-09T14:26:19.317182Z,157172979337154,157172979337154,-1,-1,-1,ok,
exp_constrained_pub_sub_xcdr__cpp_to_py__1000000B__10Hz__shmem_ds__best_effort,publish,pub,cpp_to_py,constrained_pub_sub,exp,xcdr,shmem_ds,1000000,10,1,measured,143,2026-09-09T14:26:19.417037Z,157173079165921,157173079165921,-1,-1,-1,ok,
exp_constrained_pub_sub_xcdr__cpp_to_py__1000000B__10Hz__shmem_ds__best_effort,publish,pub,cpp_to_py,constrained_pub_sub,exp,xcdr,shmem_ds,1000000,10,1,measured,144,2026-09-09T14:26:19.517294Z,157173179455775,157173179455775,-1,-1,-1,ok,
exp_constrained_pub_sub_xcdr__cpp_to_py__1000000B__10Hz__shmem_ds__best_effort,publish,pub,cpp_to_py,constrained_pub_sub,exp,xcdr,shmem_ds,1000000,10,1,measured,145,2026-09-09T14:26:19.617046Z,157173279198021,157173279198021,-1,-1,-1,ok,
exp_constrained_pub_sub_xcdr__cpp_to_py__1000000B__10Hz__shmem_ds__best_effort,publish,pub,cpp_to_py,constrained_pub_sub,exp,xcdr,shmem_ds,1000000,10,1,measured,146,2026-09-09T14:26:19.717516Z,157173379672530,157173379672530,-1,-1,-1,ok,
exp_constrained_pub_sub_xcdr__cpp_to_py__1000000B__10Hz__shmem_ds__best_effort,publish,pub,cpp_to_py,constrained_pub_sub,exp,xcdr,shmem_ds,1000000,10,1,measured,147,2026-09-09T14:26:19.816761Z,157173478935506,157173478935506,-1,-1,-1,ok,
exp_constrained_pub_sub_xcdr__cpp_to_py__1000000B__10Hz__shmem_ds__best_effort,publish,pub,cpp_to_py,constrained_pub_sub,exp,xcdr,shmem_ds,1000000,10,1,measured,148,2026-09-09T14:26:19.917111Z,157173579265254,157173579265254,-1,-1,-1,ok,
exp_constrained_pub_sub_xcdr__cpp_to_py__1000000B__10Hz__shmem_ds__best_effort,publish,pub,cpp_to_py,constrained_pub_sub,exp,xcdr,shmem_ds,1000000,10,1,measured,149,2026-09-09T14:26:20.016361Z,157173678492043,157173678492043,-1,-1,-1,ok,
exp_constrained_pub_sub_xcdr__cpp_to_py__1000000B__10Hz__shmem_ds__best_effort,publish,pub,cpp_to_py,constrained_pub_sub,exp,xcdr,shmem_ds,1000000,10,1,measured,150,2026-09-09T14:26:20.116164Z,157173778302911,157173778302911,-1,-1,-1,ok,
exp_constrained_pub_sub_xcdr__cpp_to_py__1000000B__10Hz__shmem_ds__best_effort,publish,pub,cpp_to_py,constrained_pub_sub,exp,xcdr,shmem_ds,1000000,10,1,measured,151,2026-09-09T14:26:20.215874Z,157173877996630,157173877996630,-1,-1,-1,ok,
exp_constrained_pub_sub_xcdr__cpp_to_py__1000000B__10Hz__shmem_ds__best_effort,publish,pub,cpp_to_py,constrained_pub_sub,exp,xcdr,shmem_ds,1000000,10,1,measured,152,2026-09-09T14:26:20.315867Z,157173978039543,157173978039543,-1,-1,-1,ok,
exp_constrained_pub_sub_xcdr__cpp_to_py__1000000B__10Hz__shmem_ds__best_effort,publish,pub,cpp_to_py,constrained_pub_sub,exp,xcdr,shmem_ds,1000000,10,1,measured,153,2026-09-09T14:26:20.416193Z,157174078373032,157174078373032,-1,-1,-1,ok,
exp_constrained_pub_sub_xcdr__cpp_to_py__1000000B__10Hz__shmem_ds__best_effort,publish,pub,cpp_to_py,constrained_pub_sub,exp,xcdr,shmem_ds,1000000,10,1,measured,154,2026-09-09T14:26:20.516691Z,157174178818081,157174178818081,-1,-1,-1,ok,
exp_constrained_pub_sub_xcdr__cpp_to_py__1000000B__10Hz__shmem_ds__best_effort,publish,pub,cpp_to_py,constrained_pub_sub,exp,xcdr,shmem_ds,1000000,10,1,measured,155,2026-09-09T14:26:20.616664Z,157174278820017,157174278820017,-1,-1,-1,ok,
exp_constrained_pub_sub_xcdr__cpp_to_py__1000000B__10Hz__shmem_ds__best_effort,publish,pub,cpp_to_py,constrained_pub_sub,exp,xcdr,shmem_ds,1000000,10,1,measured,156,2026-09-09T14:26:20.716672Z,157174378818507,157174378818507,-1,-1,-1,ok,
exp_constrained_pub_sub_xcdr__cpp_to_py__1000000B__10Hz__shmem_ds__best_effort,publish,pub,cpp_to_py,constrained_pub_sub,exp,xcdr,shmem_ds,1000000,10,1,measured,157,2026-09-09T14:26:20.816444Z,157174478599059,157174478599059,-1,-1,-1,ok,
exp_constrained_pub_sub_xcdr__cpp_to_py__1000000B__10Hz__shmem_ds__best_effort,publish,pub,cpp_to_py,constrained_pub_sub,exp,xcdr,shmem_ds,1000000,10,1,measured,158,2026-09-09T14:26:20.917142Z,157174579273667,157174579273667,-1,-1,-1,ok,
exp_constrained_pub_sub_xcdr__cpp_to_py__1000000B__10Hz__shmem_ds__best_effort,publish,pub,cpp_to_py,constrained_pub_sub,exp,xcdr,shmem_ds,1000000,10,1,measured,159,2026-09-09T14:26:21.016506Z,157174678639281,157174678639281,-1,-1,-1,ok,
exp_constrained_pub_sub_xcdr__cpp_to_py__1000000B__10Hz__shmem_ds__best_effort,publish,pub,cpp_to_py,constrained_pub_sub,exp,xcdr,shmem_ds,1000000,10,1,measured,160,2026-09-09T14:26:21.116152Z,157174778305682,157174778305682,-1,-1,-1,ok,
exp_constrained_pub_sub_xcdr__cpp_to_py__1000000B__10Hz__shmem_ds__best_effort,publish,pub,cpp_to_py,constrained_pub_sub,exp,xcdr,shmem_ds,1000000,10,1,measured,161,2026-09-09T14:26:21.216310Z,157174878443618,157174878443618,-1,-1,-1,ok,
exp_constrained_pub_sub_xcdr__cpp_to_py__1000000B__10Hz__shmem_ds__best_effort,publish,pub,cpp_to_py,constrained_pub_sub,exp,xcdr,shmem_ds,1000000,10,1,measured,162,2026-09-09T14:26:21.315338Z,157174977517357,157174977517357,-1,-1,-1,ok,
exp_constrained_pub_sub_xcdr__cpp_to_py__1000000B__10Hz__shmem_ds__best_effort,publish,pub,cpp_to_py,constrained_pub_sub,exp,xcdr,shmem_ds,1000000,10,1,measured,163,2026-09-09T14:26:21.414843Z,157175076996617,157175076996617,-1,-1,-1,ok,
exp_constrained_pub_sub_xcdr__cpp_to_py__1000000B__10Hz__shmem_ds__best_effort,publish,pub,cpp_to_py,constrained_pub_sub,exp,xcdr,shmem_ds,1000000,10,1,measured,164,2026-09-09T14:26:21.514715Z,157175176865007,157175176865007,-1,-1,-1,ok,
exp_constrained_pub_sub_xcdr__cpp_to_py__1000000B__10Hz__shmem_ds__best_effort,publish,pub,cpp_to_py,constrained_pub_sub,exp,xcdr,shmem_ds,1000000,10,1,measured,165,2026-09-09T14:26:21.614668Z,157175276815952,157175276815952,-1,-1,-1,ok,
exp_constrained_pub_sub_xcdr__cpp_to_py__1000000B__10Hz__shmem_ds__best_effort,publish,pub,cpp_to_py,constrained_pub_sub,exp,xcdr,shmem_ds,1000000,10,1,measured,166,2026-09-09T14:26:21.714093Z,157175376249606,157175376249606,-1,-1,-1,ok,
exp_constrained_pub_sub_xcdr__cpp_to_py__1000000B__10Hz__shmem_ds__best_effort,publish,pub,cpp_to_py,constrained_pub_sub,exp,xcdr,shmem_ds,1000000,10,1,measured,167,2026-09-09T14:26:21.814340Z,157175476505313,157175476505313,-1,-1,-1,ok,
exp_constrained_pub_sub_xcdr__cpp_to_py__1000000B__10Hz__shmem_ds__best_effort,publish,pub,cpp_to_py,constrained_pub_sub,exp,xcdr,shmem_ds,1000000,10,1,measured,168,2026-09-09T14:26:21.915329Z,157175577484187,157175577484187,-1,-1,-1,ok,
exp_constrained_pub_sub_xcdr__cpp_to_py__1000000B__10Hz__shmem_ds__best_effort,publish,pub,cpp_to_py,constrained_pub_sub,exp,xcdr,shmem_ds,1000000,10,1,measured,169,2026-09-09T14:26:22.016128Z,157175678294085,157175678294085,-1,-1,-1,ok,
exp_constrained_pub_sub_xcdr__cpp_to_py__1000000B__10Hz__shmem_ds__best_effort,publish,pub,cpp_to_py,constrained_pub_sub,exp,xcdr,shmem_ds,1000000,10,1,measured,170,2026-09-09T14:26:22.115922Z,157175778082608,157175778082608,-1,-1,-1,ok,
exp_constrained_pub_sub_xcdr__cpp_to_py__1000000B__10Hz__shmem_ds__best_effort,publish,pub,cpp_to_py,constrained_pub_sub,exp,xcdr,shmem_ds,1000000,10,1,measured,171,2026-09-09T14:26:22.215896Z,157175878064144,157175878064144,-1,-1,-1,ok,
exp_constrained_pub_sub_xcdr__cpp_to_py__1000000B__10Hz__shmem_ds__best_effort,publish,pub,cpp_to_py,constrained_pub_sub,exp,xcdr,shmem_ds,1000000,10,1,measured,172,2026-09-09T14:26:22.315371Z,157175977541925,157175977541925,-1,-1,-1,ok,
exp_constrained_pub_sub_xcdr__cpp_to_py__1000000B__10Hz__shmem_ds__best_effort,publish,pub,cpp_to_py,constrained_pub_sub,exp,xcdr,shmem_ds,1000000,10,1,measured,173,2026-09-09T14:26:22.415332Z,157176077479138,157176077479138,-1,-1,-1,ok,
exp_constrained_pub_sub_xcdr__cpp_to_py__1000000B__10Hz__shmem_ds__best_effort,publish,pub,cpp_to_py,constrained_pub_sub,exp,xcdr,shmem_ds,1000000,10,1,measured,174,2026-09-09T14:26:22.514969Z,157176177121298,157176177121298,-1,-1,-1,ok,
exp_constrained_pub_sub_xcdr__cpp_to_py__1000000B__10Hz__shmem_ds__best_effort,publish,pub,cpp_to_py,constrained_pub_sub,exp,xcdr,shmem_ds,1000000,10,1,measured,175,2026-09-09T14:26:22.614496Z,157176276657919,157176276657919,-1,-1,-1,ok,
exp_constrained_pub_sub_xcdr__cpp_to_py__1000000B__10Hz__shmem_ds__best_effort,publish,pub,cpp_to_py,constrained_pub_sub,exp,xcdr,shmem_ds,1000000,10,1,measured,176,2026-09-09T14:26:22.714422Z,157176376574843,157176376574843,-1,-1,-1,ok,
exp_constrained_pub_sub_xcdr__cpp_to_py__1000000B__10Hz__shmem_ds__best_effort,publish,pub,cpp_to_py,constrained_pub_sub,exp,xcdr,shmem_ds,1000000,10,1,measured,177,2026-09-09T14:26:22.814825Z,157176476967130,157176476967130,-1,-1,-1,ok,
exp_constrained_pub_sub_xcdr__cpp_to_py__1000000B__10Hz__shmem_ds__best_effort,publish,pub,cpp_to_py,constrained_pub_sub,exp,xcdr,shmem_ds,1000000,10,1,measured,178,2026-09-09T14:26:22.913962Z,157176576085426,157176576085426,-1,-1,-1,ok,
exp_constrained_pub_sub_xcdr__cpp_to_py__1000000B__10Hz__shmem_ds__best_effort,publish,pub,cpp_to_py,constrained_pub_sub,exp,xcdr,shmem_ds,1000000,10,1,measured,179,2026-09-09T14:26:23.013921Z,157176676044000,157176676044000,-1,-1,-1,ok,
exp_constrained_pub_sub_xcdr__cpp_to_py__1000000B__10Hz__shmem_ds__best_effort,publish,pub,cpp_to_py,constrained_pub_sub,exp,xcdr,shmem_ds,1000000,10,1,measured,180,2026-09-09T14:26:23.113552Z,157176775704969,157176775704969,-1,-1,-1,ok,
exp_constrained_pub_sub_xcdr__cpp_to_py__1000000B__10Hz__shmem_ds__best_effort,publish,pub,cpp_to_py,constrained_pub_sub,exp,xcdr,shmem_ds,1000000,10,1,measured,181,2026-09-09T14:26:23.214238Z,157176876351426,157176876351426,-1,-1,-1,ok,
exp_constrained_pub_sub_xcdr__cpp_to_py__1000000B__10Hz__shmem_ds__best_effort,publish,pub,cpp_to_py,constrained_pub_sub,exp,xcdr,shmem_ds,1000000,10,1,measured,182,2026-09-09T14:26:23.314016Z,157176976167256,157176976167256,-1,-1,-1,ok,
exp_constrained_pub_sub_xcdr__cpp_to_py__1000000B__10Hz__shmem_ds__best_effort,publish,pub,cpp_to_py,constrained_pub_sub,exp,xcdr,shmem_ds,1000000,10,1,measured,183,2026-09-09T14:26:23.413435Z,157177075592662,157177075592662,-1,-1,-1,ok,
exp_constrained_pub_sub_xcdr__cpp_to_py__1000000B__10Hz__shmem_ds__best_effort,publish,pub,cpp_to_py,constrained_pub_sub,exp,xcdr,shmem_ds,1000000,10,1,measured,184,2026-09-09T14:26:23.512340Z,157177174495188,157177174495188,-1,-1,-1,ok,
exp_constrained_pub_sub_xcdr__cpp_to_py__1000000B__10Hz__shmem_ds__best_effort,publish,pub,cpp_to_py,constrained_pub_sub,exp,xcdr,shmem_ds,1000000,10,1,measured,185,2026-09-09T14:26:23.612762Z,157177274895974,157177274895974,-1,-1,-1,ok,
exp_constrained_pub_sub_xcdr__cpp_to_py__1000000B__10Hz__shmem_ds__best_effort,publish,pub,cpp_to_py,constrained_pub_sub,exp,xcdr,shmem_ds,1000000,10,1,measured,186,2026-09-09T14:26:23.712150Z,157177374306283,157177374306283,-1,-1,-1,ok,
exp_constrained_pub_sub_xcdr__cpp_to_py__1000000B__10Hz__shmem_ds__best_effort,publish,pub,cpp_to_py,constrained_pub_sub,exp,xcdr,shmem_ds,1000000,10,1,measured,187,2026-09-09T14:26:23.811617Z,157177473772496,157177473772496,-1,-1,-1,ok,
exp_constrained_pub_sub_xcdr__cpp_to_py__1000000B__10Hz__shmem_ds__best_effort,publish,pub,cpp_to_py,constrained_pub_sub,exp,xcdr,shmem_ds,1000000,10,1,measured,188,2026-09-09T14:26:23.912473Z,157177574582591,157177574582591,-1,-1,-1,ok,
exp_constrained_pub_sub_xcdr__cpp_to_py__1000000B__10Hz__shmem_ds__best_effort,publish,pub,cpp_to_py,constrained_pub_sub,exp,xcdr,shmem_ds,1000000,10,1,measured,189,2026-09-09T14:26:24.013189Z,157177675290584,157177675290584,-1,-1,-1,ok,
exp_constrained_pub_sub_xcdr__cpp_to_py__1000000B__10Hz__shmem_ds__best_effort,publish,pub,cpp_to_py,constrained_pub_sub,exp,xcdr,shmem_ds,1000000,10,1,measured,190,2026-09-09T14:26:24.112700Z,157177774866066,157177774866066,-1,-1,-1,ok,
exp_constrained_pub_sub_xcdr__cpp_to_py__1000000B__10Hz__shmem_ds__best_effort,publish,pub,cpp_to_py,constrained_pub_sub,exp,xcdr,shmem_ds,1000000,10,1,measured,191,2026-09-09T14:26:24.211937Z,157177874088846,157177874088846,-1,-1,-1,ok,
exp_constrained_pub_sub_xcdr__cpp_to_py__1000000B__10Hz__shmem_ds__best_effort,publish,pub,cpp_to_py,constrained_pub_sub,exp,xcdr,shmem_ds,1000000,10,1,measured,192,2026-09-09T14:26:24.312379Z,157177974521787,157177974521787,-1,-1,-1,ok,
exp_constrained_pub_sub_xcdr__cpp_to_py__1000000B__10Hz__shmem_ds__best_effort,publish,pub,cpp_to_py,constrained_pub_sub,exp,xcdr,shmem_ds,1000000,10,1,measured,193,2026-09-09T14:26:24.413314Z,157178075462089,157178075462089,-1,-1,-1,ok,
exp_constrained_pub_sub_xcdr__cpp_to_py__1000000B__10Hz__shmem_ds__best_effort,publish,pub,cpp_to_py,constrained_pub_sub,exp,xcdr,shmem_ds,1000000,10,1,measured,194,2026-09-09T14:26:24.512861Z,157178175013246,157178175013246,-1,-1,-1,ok,
exp_constrained_pub_sub_xcdr__cpp_to_py__1000000B__10Hz__shmem_ds__best_effort,publish,pub,cpp_to_py,constrained_pub_sub,exp,xcdr,shmem_ds,1000000,10,1,measured,195,2026-09-09T14:26:24.612073Z,157178274199788,157178274199788,-1,-1,-1,ok,
exp_constrained_pub_sub_xcdr__cpp_to_py__1000000B__10Hz__shmem_ds__best_effort,publish,pub,cpp_to_py,constrained_pub_sub,exp,xcdr,shmem_ds,1000000,10,1,measured,196,2026-09-09T14:26:24.712157Z,157178374309302,157178374309302,-1,-1,-1,ok,
exp_constrained_pub_sub_xcdr__cpp_to_py__1000000B__10Hz__shmem_ds__best_effort,publish,pub,cpp_to_py,constrained_pub_sub,exp,xcdr,shmem_ds,1000000,10,1,measured,197,2026-09-09T14:26:24.812403Z,157178474561935,157178474561935,-1,-1,-1,ok,
exp_constrained_pub_sub_xcdr__cpp_to_py__1000000B__10Hz__shmem_ds__best_effort,publish,pub,cpp_to_py,constrained_pub_sub,exp,xcdr,shmem_ds,1000000,10,1,measured,198,2026-09-09T14:26:24.911765Z,157178573910601,157178573910601,-1,-1,-1,ok,
exp_constrained_pub_sub_xcdr__cpp_to_py__1000000B__10Hz__shmem_ds__best_effort,publish,pub,cpp_to_py,constrained_pub_sub,exp,xcdr,shmem_ds,1000000,10,1,measured,199,2026-09-09T14:26:25.012538Z,157178674668022,157178674668022,-1,-1,-1,ok,
exp_constrained_pub_sub_xcdr__cpp_to_py__1000000B__10Hz__shmem_ds__best_effort,publish,pub,cpp_to_py,constrained_pub_sub,exp,xcdr,shmem_ds,1000000,10,1,measured,200,2026-09-09T14:26:25.112407Z,157178774537069,157178774537069,-1,-1,-1,ok,
exp_constrained_pub_sub_xcdr__cpp_to_py__1000000B__10Hz__shmem_ds__best_effort,publish,pub,cpp_to_py,constrained_pub_sub,exp,xcdr,shmem_ds,1000000,10,1,measured,201,2026-09-09T14:26:25.211495Z,157178873658362,157178873658362,-1,-1,-1,ok,
exp_constrained_pub_sub_xcdr__cpp_to_py__1000000B__10Hz__shmem_ds__best_effort,publish,pub,cpp_to_py,constrained_pub_sub,exp,xcdr,shmem_ds,1000000,10,1,measured,202,2026-09-09T14:26:25.310944Z,157178973072816,157178973072816,-1,-1,-1,ok,
exp_constrained_pub_sub_xcdr__cpp_to_py__1000000B__10Hz__shmem_ds__best_effort,publish,pub,cpp_to_py,constrained_pub_sub,exp,xcdr,shmem_ds,1000000,10,1,measured,203,2026-09-09T14:26:25.411695Z,157179073851159,157179073851159,-1,-1,-1,ok,
exp_constrained_pub_sub_xcdr__cpp_to_py__1000000B__10Hz__shmem_ds__best_effort,publish,pub,cpp_to_py,constrained_pub_sub,exp,xcdr,shmem_ds,1000000,10,1,measured,204,2026-09-09T14:26:25.511629Z,157179173794275,157179173794275,-1,-1,-1,ok,
exp_constrained_pub_sub_xcdr__cpp_to_py__1000000B__10Hz__shmem_ds__best_effort,publish,pub,cpp_to_py,constrained_pub_sub,exp,xcdr,shmem_ds,1000000,10,1,measured,205,2026-09-09T14:26:25.612298Z,157179274437955,157179274437955,-1,-1,-1,ok,
exp_constrained_pub_sub_xcdr__cpp_to_py__1000000B__10Hz__shmem_ds__best_effort,publish,pub,cpp_to_py,constrained_pub_sub,exp,xcdr,shmem_ds,1000000,10,1,measured,206,2026-09-09T14:26:25.712123Z,157179374257017,157179374257017,-1,-1,-1,ok,
exp_constrained_pub_sub_xcdr__cpp_to_py__1000000B__10Hz__shmem_ds__best_effort,publish,pub,cpp_to_py,constrained_pub_sub,exp,xcdr,shmem_ds,1000000,10,1,measured,207,2026-09-09T14:26:25.811949Z,157179474107620,157179474107620,-1,-1,-1,ok,
exp_constrained_pub_sub_xcdr__cpp_to_py__1000000B__10Hz__shmem_ds__best_effort,publish,pub,cpp_to_py,constrained_pub_sub,exp,xcdr,shmem_ds,1000000,10,1,measured,208,2026-09-09T14:26:25.911544Z,157179573699176,157179573699176,-1,-1,-1,ok,
exp_constrained_pub_sub_xcdr__cpp_to_py__1000000B__10Hz__shmem_ds__best_effort,publish,pub,cpp_to_py,constrained_pub_sub,exp,xcdr,shmem_ds,1000000,10,1,measured,209,2026-09-09T14:26:26.010874Z,157179672990639,157179672990639,-1,-1,-1,ok,
exp_constrained_pub_sub_xcdr__cpp_to_py__1000000B__10Hz__shmem_ds__best_effort,publish,pub,cpp_to_py,constrained_pub_sub,exp,xcdr,shmem_ds,1000000,10,1,measured,210,2026-09-09T14:26:26.110229Z,157179772361455,157179772361455,-1,-1,-1,ok,
exp_constrained_pub_sub_xcdr__cpp_to_py__1000000B__10Hz__shmem_ds__best_effort,publish,pub,cpp_to_py,constrained_pub_sub,exp,xcdr,shmem_ds,1000000,10,1,measured,211,2026-09-09T14:26:26.209613Z,157179871767187,157179871767187,-1,-1,-1,ok,
exp_constrained_pub_sub_xcdr__cpp_to_py__1000000B__10Hz__shmem_ds__best_effort,publish,pub,cpp_to_py,constrained_pub_sub,exp,xcdr,shmem_ds,1000000,10,1,measured,212,2026-09-09T14:26:26.310369Z,157179972524093,157179972524093,-1,-1,-1,ok,
exp_constrained_pub_sub_xcdr__cpp_to_py__1000000B__10Hz__shmem_ds__best_effort,publish,pub,cpp_to_py,constrained_pub_sub,exp,xcdr,shmem_ds,1000000,10,1,measured,213,2026-09-09T14:26:26.410332Z,157180072474497,157180072474497,-1,-1,-1,ok,
exp_constrained_pub_sub_xcdr__cpp_to_py__1000000B__10Hz__shmem_ds__best_effort,publish,pub,cpp_to_py,constrained_pub_sub,exp,xcdr,shmem_ds,1000000,10,1,measured,214,2026-09-09T14:26:26.509764Z,157180171906527,157180171906527,-1,-1,-1,ok,
exp_constrained_pub_sub_xcdr__cpp_to_py__1000000B__10Hz__shmem_ds__best_effort,publish,pub,cpp_to_py,constrained_pub_sub,exp,xcdr,shmem_ds,1000000,10,1,measured,215,2026-09-09T14:26:26.608969Z,157180271122111,157180271122111,-1,-1,-1,ok,
exp_constrained_pub_sub_xcdr__cpp_to_py__1000000B__10Hz__shmem_ds__best_effort,publish,pub,cpp_to_py,constrained_pub_sub,exp,xcdr,shmem_ds,1000000,10,1,measured,216,2026-09-09T14:26:26.708339Z,157180370497384,157180370497384,-1,-1,-1,ok,
exp_constrained_pub_sub_xcdr__cpp_to_py__1000000B__10Hz__shmem_ds__best_effort,publish,pub,cpp_to_py,constrained_pub_sub,exp,xcdr,shmem_ds,1000000,10,1,measured,217,2026-09-09T14:26:26.807666Z,157180469822164,157180469822164,-1,-1,-1,ok,
exp_constrained_pub_sub_xcdr__cpp_to_py__1000000B__10Hz__shmem_ds__best_effort,publish,pub,cpp_to_py,constrained_pub_sub,exp,xcdr,shmem_ds,1000000,10,1,measured,218,2026-09-09T14:26:26.907041Z,157180569172951,157180569172951,-1,-1,-1,ok,
exp_constrained_pub_sub_xcdr__cpp_to_py__1000000B__10Hz__shmem_ds__best_effort,publish,pub,cpp_to_py,constrained_pub_sub,exp,xcdr,shmem_ds,1000000,10,1,measured,219,2026-09-09T14:26:27.006450Z,157180668582850,157180668582850,-1,-1,-1,ok,
exp_constrained_pub_sub_xcdr__cpp_to_py__1000000B__10Hz__shmem_ds__best_effort,publish,pub,cpp_to_py,constrained_pub_sub,exp,xcdr,shmem_ds,1000000,10,1,measured,220,2026-09-09T14:26:27.107341Z,157180769468492,157180769468492,-1,-1,-1,ok,
exp_constrained_pub_sub_xcdr__cpp_to_py__1000000B__10Hz__shmem_ds__best_effort,publish,pub,cpp_to_py,constrained_pub_sub,exp,xcdr,shmem_ds,1000000,10,1,measured,221,2026-09-09T14:26:27.207164Z,157180869308973,157180869308973,-1,-1,-1,ok,
exp_constrained_pub_sub_xcdr__cpp_to_py__1000000B__10Hz__shmem_ds__best_effort,publish,pub,cpp_to_py,constrained_pub_sub,exp,xcdr,shmem_ds,1000000,10,1,measured,222,2026-09-09T14:26:27.306890Z,157180969045629,157180969045629,-1,-1,-1,ok,
exp_constrained_pub_sub_xcdr__cpp_to_py__1000000B__10Hz__shmem_ds__best_effort,publish,pub,cpp_to_py,constrained_pub_sub,exp,xcdr,shmem_ds,1000000,10,1,measured,223,2026-09-09T14:26:27.406153Z,157181068306793,157181068306793,-1,-1,-1,ok,
exp_constrained_pub_sub_xcdr__cpp_to_py__1000000B__10Hz__shmem_ds__best_effort,publish,pub,cpp_to_py,constrained_pub_sub,exp,xcdr,shmem_ds,1000000,10,1,measured,224,2026-09-09T14:26:27.505402Z,157181167556014,157181167556014,-1,-1,-1,ok,
exp_constrained_pub_sub_xcdr__cpp_to_py__1000000B__10Hz__shmem_ds__best_effort,publish,pub,cpp_to_py,constrained_pub_sub,exp,xcdr,shmem_ds,1000000,10,1,measured,225,2026-09-09T14:26:27.605323Z,157181267456246,157181267456246,-1,-1,-1,ok,
exp_constrained_pub_sub_xcdr__cpp_to_py__1000000B__10Hz__shmem_ds__best_effort,publish,pub,cpp_to_py,constrained_pub_sub,exp,xcdr,shmem_ds,1000000,10,1,measured,226,2026-09-09T14:26:27.704652Z,157181366803772,157181366803772,-1,-1,-1,ok,
exp_constrained_pub_sub_xcdr__cpp_to_py__1000000B__10Hz__shmem_ds__best_effort,publish,pub,cpp_to_py,constrained_pub_sub,exp,xcdr,shmem_ds,1000000,10,1,measured,227,2026-09-09T14:26:27.804053Z,157181466181264,157181466181264,-1,-1,-1,ok,
exp_constrained_pub_sub_xcdr__cpp_to_py__1000000B__10Hz__shmem_ds__best_effort,publish,pub,cpp_to_py,constrained_pub_sub,exp,xcdr,shmem_ds,1000000,10,1,measured,228,2026-09-09T14:26:27.903598Z,157181565752559,157181565752559,-1,-1,-1,ok,
exp_constrained_pub_sub_xcdr__cpp_to_py__1000000B__10Hz__shmem_ds__best_effort,publish,pub,cpp_to_py,constrained_pub_sub,exp,xcdr,shmem_ds,1000000,10,1,measured,229,2026-09-09T14:26:28.004407Z,157181666535168,157181666535168,-1,-1,-1,ok,
exp_constrained_pub_sub_xcdr__cpp_to_py__1000000B__10Hz__shmem_ds__best_effort,publish,pub,cpp_to_py,constrained_pub_sub,exp,xcdr,shmem_ds,1000000,10,1,measured,230,2026-09-09T14:26:28.104639Z,157181766795892,157181766795892,-1,-1,-1,ok,
exp_constrained_pub_sub_xcdr__cpp_to_py__1000000B__10Hz__shmem_ds__best_effort,publish,pub,cpp_to_py,constrained_pub_sub,exp,xcdr,shmem_ds,1000000,10,1,measured,231,2026-09-09T14:26:28.204268Z,157181866444746,157181866444746,-1,-1,-1,ok,
exp_constrained_pub_sub_xcdr__cpp_to_py__1000000B__10Hz__shmem_ds__best_effort,publish,pub,cpp_to_py,constrained_pub_sub,exp,xcdr,shmem_ds,1000000,10,1,measured,232,2026-09-09T14:26:28.305114Z,157181967287472,157181967287472,-1,-1,-1,ok,
exp_constrained_pub_sub_xcdr__cpp_to_py__1000000B__10Hz__shmem_ds__best_effort,publish,pub,cpp_to_py,constrained_pub_sub,exp,xcdr,shmem_ds,1000000,10,1,measured,233,2026-09-09T14:26:28.404849Z,157182067021046,157182067021046,-1,-1,-1,ok,
exp_constrained_pub_sub_xcdr__cpp_to_py__1000000B__10Hz__shmem_ds__best_effort,publish,pub,cpp_to_py,constrained_pub_sub,exp,xcdr,shmem_ds,1000000,10,1,measured,234,2026-09-09T14:26:28.505155Z,157182167290946,157182167290946,-1,-1,-1,ok,
exp_constrained_pub_sub_xcdr__cpp_to_py__1000000B__10Hz__shmem_ds__best_effort,publish,pub,cpp_to_py,constrained_pub_sub,exp,xcdr,shmem_ds,1000000,10,1,measured,235,2026-09-09T14:26:28.605123Z,157182267279589,157182267279589,-1,-1,-1,ok,
exp_constrained_pub_sub_xcdr__cpp_to_py__1000000B__10Hz__shmem_ds__best_effort,publish,pub,cpp_to_py,constrained_pub_sub,exp,xcdr,shmem_ds,1000000,10,1,measured,236,2026-09-09T14:26:28.704920Z,157182367075831,157182367075831,-1,-1,-1,ok,
exp_constrained_pub_sub_xcdr__cpp_to_py__1000000B__10Hz__shmem_ds__best_effort,publish,pub,cpp_to_py,constrained_pub_sub,exp,xcdr,shmem_ds,1000000,10,1,measured,237,2026-09-09T14:26:28.805167Z,157182467324952,157182467324952,-1,-1,-1,ok,
exp_constrained_pub_sub_xcdr__cpp_to_py__1000000B__10Hz__shmem_ds__best_effort,publish,pub,cpp_to_py,constrained_pub_sub,exp,xcdr,shmem_ds,1000000,10,1,measured,238,2026-09-09T14:26:28.906061Z,157182568215547,157182568215547,-1,-1,-1,ok,
exp_constrained_pub_sub_xcdr__cpp_to_py__1000000B__10Hz__shmem_ds__best_effort,publish,pub,cpp_to_py,constrained_pub_sub,exp,xcdr,shmem_ds,1000000,10,1,measured,239,2026-09-09T14:26:29.005509Z,157182667636024,157182667636024,-1,-1,-1,ok,
exp_constrained_pub_sub_xcdr__cpp_to_py__1000000B__10Hz__shmem_ds__best_effort,publish,pub,cpp_to_py,constrained_pub_sub,exp,xcdr,shmem_ds,1000000,10,1,measured,240,2026-09-09T14:26:29.105297Z,157182767455723,157182767455723,-1,-1,-1,ok,
exp_constrained_pub_sub_xcdr__cpp_to_py__1000000B__10Hz__shmem_ds__best_effort,publish,pub,cpp_to_py,constrained_pub_sub,exp,xcdr,shmem_ds,1000000,10,1,measured,241,2026-09-09T14:26:29.205916Z,157182868072208,157182868072208,-1,-1,-1,ok,
exp_constrained_pub_sub_xcdr__cpp_to_py__1000000B__10Hz__shmem_ds__best_effort,publish,pub,cpp_to_py,constrained_pub_sub,exp,xcdr,shmem_ds,1000000,10,1,measured,242,2026-09-09T14:26:29.306220Z,157182968366368,157182968366368,-1,-1,-1,ok,
exp_constrained_pub_sub_xcdr__cpp_to_py__1000000B__10Hz__shmem_ds__best_effort,publish,pub,cpp_to_py,constrained_pub_sub,exp,xcdr,shmem_ds,1000000,10,1,measured,243,2026-09-09T14:26:29.405464Z,157183067597212,157183067597212,-1,-1,-1,ok,
exp_constrained_pub_sub_xcdr__cpp_to_py__1000000B__10Hz__shmem_ds__best_effort,publish,pub,cpp_to_py,constrained_pub_sub,exp,xcdr,shmem_ds,1000000,10,1,measured,244,2026-09-09T14:26:29.505895Z,157183168062684,157183168062684,-1,-1,-1,ok,
exp_constrained_pub_sub_xcdr__cpp_to_py__1000000B__10Hz__shmem_ds__best_effort,publish,pub,cpp_to_py,constrained_pub_sub,exp,xcdr,shmem_ds,1000000,10,1,measured,245,2026-09-09T14:26:29.606169Z,157183268325475,157183268325475,-1,-1,-1,ok,
exp_constrained_pub_sub_xcdr__cpp_to_py__1000000B__10Hz__shmem_ds__best_effort,publish,pub,cpp_to_py,constrained_pub_sub,exp,xcdr,shmem_ds,1000000,10,1,measured,246,2026-09-09T14:26:29.707058Z,157183369211525,157183369211525,-1,-1,-1,ok,
exp_constrained_pub_sub_xcdr__cpp_to_py__1000000B__10Hz__shmem_ds__best_effort,publish,pub,cpp_to_py,constrained_pub_sub,exp,xcdr,shmem_ds,1000000,10,1,measured,247,2026-09-09T14:26:29.806552Z,157183468701125,157183468701125,-1,-1,-1,ok,
exp_constrained_pub_sub_xcdr__cpp_to_py__1000000B__10Hz__shmem_ds__best_effort,publish,pub,cpp_to_py,constrained_pub_sub,exp,xcdr,shmem_ds,1000000,10,1,measured,248,2026-09-09T14:26:29.907274Z,157183569414522,157183569414522,-1,-1,-1,ok,
exp_constrained_pub_sub_xcdr__cpp_to_py__1000000B__10Hz__shmem_ds__best_effort,publish,pub,cpp_to_py,constrained_pub_sub,exp,xcdr,shmem_ds,1000000,10,1,measured,249,2026-09-09T14:26:30.006709Z,157183668846334,157183668846334,-1,-1,-1,ok,
exp_constrained_pub_sub_xcdr__cpp_to_py__1000000B__10Hz__shmem_ds__best_effort,publish,pub,cpp_to_py,constrained_pub_sub,exp,xcdr,shmem_ds,1000000,10,1,measured,250,2026-09-09T14:26:30.106471Z,157183768649145,157183768649145,-1,-1,-1,ok,
exp_constrained_pub_sub_xcdr__cpp_to_py__1000000B__10Hz__shmem_ds__best_effort,publish,pub,cpp_to_py,constrained_pub_sub,exp,xcdr,shmem_ds,1000000,10,1,measured,251,2026-09-09T14:26:30.206527Z,157183868643045,157183868643045,-1,-1,-1,ok,
exp_constrained_pub_sub_xcdr__cpp_to_py__1000000B__10Hz__shmem_ds__best_effort,publish,pub,cpp_to_py,constrained_pub_sub,exp,xcdr,shmem_ds,1000000,10,1,measured,252,2026-09-09T14:26:30.306606Z,157183968752362,157183968752362,-1,-1,-1,ok,
exp_constrained_pub_sub_xcdr__cpp_to_py__1000000B__10Hz__shmem_ds__best_effort,publish,pub,cpp_to_py,constrained_pub_sub,exp,xcdr,shmem_ds,1000000,10,1,measured,253,2026-09-09T14:26:30.407390Z,157184069563416,157184069563416,-1,-1,-1,ok,
exp_constrained_pub_sub_xcdr__cpp_to_py__1000000B__10Hz__shmem_ds__best_effort,publish,pub,cpp_to_py,constrained_pub_sub,exp,xcdr,shmem_ds,1000000,10,1,measured,254,2026-09-09T14:26:30.507833Z,157184169976954,157184169976954,-1,-1,-1,ok,
exp_constrained_pub_sub_xcdr__cpp_to_py__1000000B__10Hz__shmem_ds__best_effort,publish,pub,cpp_to_py,constrained_pub_sub,exp,xcdr,shmem_ds,1000000,10,1,measured,255,2026-09-09T14:26:30.607394Z,157184269549513,157184269549513,-1,-1,-1,ok,
exp_constrained_pub_sub_xcdr__cpp_to_py__1000000B__10Hz__shmem_ds__best_effort,publish,pub,cpp_to_py,constrained_pub_sub,exp,xcdr,shmem_ds,1000000,10,1,measured,256,2026-09-09T14:26:30.706756Z,157184368912378,157184368912378,-1,-1,-1,ok,
exp_constrained_pub_sub_xcdr__cpp_to_py__1000000B__10Hz__shmem_ds__best_effort,publish,pub,cpp_to_py,constrained_pub_sub,exp,xcdr,shmem_ds,1000000,10,1,measured,257,2026-09-09T14:26:30.806251Z,157184468408144,157184468408144,-1,-1,-1,ok,
exp_constrained_pub_sub_xcdr__cpp_to_py__1000000B__10Hz__shmem_ds__best_effort,publish,pub,cpp_to_py,constrained_pub_sub,exp,xcdr,shmem_ds,1000000,10,1,measured,258,2026-09-09T14:26:30.905970Z,157184568125334,157184568125334,-1,-1,-1,ok,
exp_constrained_pub_sub_xcdr__cpp_to_py__1000000B__10Hz__shmem_ds__best_effort,publish,pub,cpp_to_py,constrained_pub_sub,exp,xcdr,shmem_ds,1000000,10,1,measured,259,2026-09-09T14:26:31.005096Z,157184667251767,157184667251767,-1,-1,-1,ok,
exp_constrained_pub_sub_xcdr__cpp_to_py__1000000B__10Hz__shmem_ds__best_effort,publish,pub,cpp_to_py,constrained_pub_sub,exp,xcdr,shmem_ds,1000000,10,1,measured,260,2026-09-09T14:26:31.104396Z,157184766552880,157184766552880,-1,-1,-1,ok,
exp_constrained_pub_sub_xcdr__cpp_to_py__1000000B__10Hz__shmem_ds__best_effort,publish,pub,cpp_to_py,constrained_pub_sub,exp,xcdr,shmem_ds,1000000,10,1,measured,261,2026-09-09T14:26:31.203519Z,157184865673936,157184865673936,-1,-1,-1,ok,
exp_constrained_pub_sub_xcdr__cpp_to_py__1000000B__10Hz__shmem_ds__best_effort,publish,pub,cpp_to_py,constrained_pub_sub,exp,xcdr,shmem_ds,1000000,10,1,measured,262,2026-09-09T14:26:31.302854Z,157184964972614,157184964972614,-1,-1,-1,ok,
exp_constrained_pub_sub_xcdr__cpp_to_py__1000000B__10Hz__shmem_ds__best_effort,publish,pub,cpp_to_py,constrained_pub_sub,exp,xcdr,shmem_ds,1000000,10,1,measured,263,2026-09-09T14:26:31.402635Z,157185064772634,157185064772634,-1,-1,-1,ok,
exp_constrained_pub_sub_xcdr__cpp_to_py__1000000B__10Hz__shmem_ds__best_effort,publish,pub,cpp_to_py,constrained_pub_sub,exp,xcdr,shmem_ds,1000000,10,1,measured,264,2026-09-09T14:26:31.502069Z,157185164195416,157185164195416,-1,-1,-1,ok,
exp_constrained_pub_sub_xcdr__cpp_to_py__1000000B__10Hz__shmem_ds__best_effort,publish,pub,cpp_to_py,constrained_pub_sub,exp,xcdr,shmem_ds,1000000,10,1,measured,265,2026-09-09T14:26:31.601074Z,157185263207137,157185263207137,-1,-1,-1,ok,
exp_constrained_pub_sub_xcdr__cpp_to_py__1000000B__10Hz__shmem_ds__best_effort,publish,pub,cpp_to_py,constrained_pub_sub,exp,xcdr,shmem_ds,1000000,10,1,measured,266,2026-09-09T14:26:31.700758Z,157185362894495,157185362894495,-1,-1,-1,ok,
exp_constrained_pub_sub_xcdr__cpp_to_py__1000000B__10Hz__shmem_ds__best_effort,publish,pub,cpp_to_py,constrained_pub_sub,exp,xcdr,shmem_ds,1000000,10,1,measured,267,2026-09-09T14:26:31.800863Z,157185463014014,157185463014014,-1,-1,-1,ok,
exp_constrained_pub_sub_xcdr__cpp_to_py__1000000B__10Hz__shmem_ds__best_effort,publish,pub,cpp_to_py,constrained_pub_sub,exp,xcdr,shmem_ds,1000000,10,1,measured,268,2026-09-09T14:26:31.900219Z,157185562355764,157185562355764,-1,-1,-1,ok,
exp_constrained_pub_sub_xcdr__cpp_to_py__1000000B__10Hz__shmem_ds__best_effort,publish,pub,cpp_to_py,constrained_pub_sub,exp,xcdr,shmem_ds,1000000,10,1,measured,269,2026-09-09T14:26:32.000570Z,157185662708502,157185662708502,-1,-1,-1,ok,
exp_constrained_pub_sub_xcdr__cpp_to_py__1000000B__10Hz__shmem_ds__best_effort,publish,pub,cpp_to_py,constrained_pub_sub,exp,xcdr,shmem_ds,1000000,10,1,measured,270,2026-09-09T14:26:32.101084Z,157185763234298,157185763234298,-1,-1,-1,ok,
exp_constrained_pub_sub_xcdr__cpp_to_py__1000000B__10Hz__shmem_ds__best_effort,publish,pub,cpp_to_py,constrained_pub_sub,exp,xcdr,shmem_ds,1000000,10,1,measured,271,2026-09-09T14:26:32.201197Z,157185863326921,157185863326921,-1,-1,-1,ok,
exp_constrained_pub_sub_xcdr__cpp_to_py__1000000B__10Hz__shmem_ds__best_effort,publish,pub,cpp_to_py,constrained_pub_sub,exp,xcdr,shmem_ds,1000000,10,1,measured,272,2026-09-09T14:26:32.300347Z,157185962488888,157185962488888,-1,-1,-1,ok,
exp_constrained_pub_sub_xcdr__cpp_to_py__1000000B__10Hz__shmem_ds__best_effort,publish,pub,cpp_to_py,constrained_pub_sub,exp,xcdr,shmem_ds,1000000,10,1,measured,273,2026-09-09T14:26:32.399476Z,157186061606921,157186061606921,-1,-1,-1,ok,
exp_constrained_pub_sub_xcdr__cpp_to_py__1000000B__10Hz__shmem_ds__best_effort,publish,pub,cpp_to_py,constrained_pub_sub,exp,xcdr,shmem_ds,1000000,10,1,measured,274,2026-09-09T14:26:32.499611Z,157186161753126,157186161753126,-1,-1,-1,ok,
exp_constrained_pub_sub_xcdr__cpp_to_py__1000000B__10Hz__shmem_ds__best_effort,publish,pub,cpp_to_py,constrained_pub_sub,exp,xcdr,shmem_ds,1000000,10,1,measured,275,2026-09-09T14:26:32.600614Z,157186262740147,157186262740147,-1,-1,-1,ok,
exp_constrained_pub_sub_xcdr__cpp_to_py__1000000B__10Hz__shmem_ds__best_effort,publish,pub,cpp_to_py,constrained_pub_sub,exp,xcdr,shmem_ds,1000000,10,1,measured,276,2026-09-09T14:26:32.700665Z,157186362793306,157186362793306,-1,-1,-1,ok,
exp_constrained_pub_sub_xcdr__cpp_to_py__1000000B__10Hz__shmem_ds__best_effort,publish,pub,cpp_to_py,constrained_pub_sub,exp,xcdr,shmem_ds,1000000,10,1,measured,277,2026-09-09T14:26:32.799955Z,157186462103771,157186462103771,-1,-1,-1,ok,
exp_constrained_pub_sub_xcdr__cpp_to_py__1000000B__10Hz__shmem_ds__best_effort,publish,pub,cpp_to_py,constrained_pub_sub,exp,xcdr,shmem_ds,1000000,10,1,measured,278,2026-09-09T14:26:32.900478Z,157186562610971,157186562610971,-1,-1,-1,ok,
exp_constrained_pub_sub_xcdr__cpp_to_py__1000000B__10Hz__shmem_ds__best_effort,publish,pub,cpp_to_py,constrained_pub_sub,exp,xcdr,shmem_ds,1000000,10,1,measured,279,2026-09-09T14:26:32.999667Z,157186661795631,157186661795631,-1,-1,-1,ok,
exp_constrained_pub_sub_xcdr__cpp_to_py__1000000B__10Hz__shmem_ds__best_effort,publish,pub,cpp_to_py,constrained_pub_sub,exp,xcdr,shmem_ds,1000000,10,1,measured,280,2026-09-09T14:26:33.099745Z,157186761873910,157186761873910,-1,-1,-1,ok,
exp_constrained_pub_sub_xcdr__cpp_to_py__1000000B__10Hz__shmem_ds__best_effort,publish,pub,cpp_to_py,constrained_pub_sub,exp,xcdr,shmem_ds,1000000,10,1,measured,281,2026-09-09T14:26:33.200476Z,157186862608862,157186862608862,-1,-1,-1,ok,
exp_constrained_pub_sub_xcdr__cpp_to_py__1000000B__10Hz__shmem_ds__best_effort,publish,pub,cpp_to_py,constrained_pub_sub,exp,xcdr,shmem_ds,1000000,10,1,measured,282,2026-09-09T14:26:33.301305Z,157186963438122,157186963438122,-1,-1,-1,ok,
exp_constrained_pub_sub_xcdr__cpp_to_py__1000000B__10Hz__shmem_ds__best_effort,publish,pub,cpp_to_py,constrained_pub_sub,exp,xcdr,shmem_ds,1000000,10,1,measured,283,2026-09-09T14:26:33.400600Z,157187062732230,157187062732230,-1,-1,-1,ok,
exp_constrained_pub_sub_xcdr__cpp_to_py__1000000B__10Hz__shmem_ds__best_effort,publish,pub,cpp_to_py,constrained_pub_sub,exp,xcdr,shmem_ds,1000000,10,1,measured,284,2026-09-09T14:26:33.501054Z,157187163222834,157187163222834,-1,-1,-1,ok,
exp_constrained_pub_sub_xcdr__cpp_to_py__1000000B__10Hz__shmem_ds__best_effort,publish,pub,cpp_to_py,constrained_pub_sub,exp,xcdr,shmem_ds,1000000,10,1,measured,285,2026-09-09T14:26:33.602052Z,157187264179272,157187264179272,-1,-1,-1,ok,
exp_constrained_pub_sub_xcdr__cpp_to_py__1000000B__10Hz__shmem_ds__best_effort,publish,pub,cpp_to_py,constrained_pub_sub,exp,xcdr,shmem_ds,1000000,10,1,measured,286,2026-09-09T14:26:33.702000Z,157187364166902,157187364166902,-1,-1,-1,ok,
exp_constrained_pub_sub_xcdr__cpp_to_py__1000000B__10Hz__shmem_ds__best_effort,publish,pub,cpp_to_py,constrained_pub_sub,exp,xcdr,shmem_ds,1000000,10,1,measured,287,2026-09-09T14:26:33.802445Z,157187464606219,157187464606219,-1,-1,-1,ok,
exp_constrained_pub_sub_xcdr__cpp_to_py__1000000B__10Hz__shmem_ds__best_effort,publish,pub,cpp_to_py,constrained_pub_sub,exp,xcdr,shmem_ds,1000000,10,1,measured,288,2026-09-09T14:26:33.901904Z,157187564030852,157187564030852,-1,-1,-1,ok,
exp_constrained_pub_sub_xcdr__cpp_to_py__1000000B__10Hz__shmem_ds__best_effort,publish,pub,cpp_to_py,constrained_pub_sub,exp,xcdr,shmem_ds,1000000,10,1,measured,289,2026-09-09T14:26:34.002827Z,157187664944721,157187664944721,-1,-1,-1,ok,
exp_constrained_pub_sub_xcdr__cpp_to_py__1000000B__10Hz__shmem_ds__best_effort,publish,pub,cpp_to_py,constrained_pub_sub,exp,xcdr,shmem_ds,1000000,10,1,measured,290,2026-09-09T14:26:34.102041Z,157187764171436,157187764171436,-1,-1,-1,ok,
exp_constrained_pub_sub_xcdr__cpp_to_py__1000000B__10Hz__shmem_ds__best_effort,publish,pub,cpp_to_py,constrained_pub_sub,exp,xcdr,shmem_ds,1000000,10,1,measured,291,2026-09-09T14:26:34.201282Z,157187863438968,157187863438968,-1,-1,-1,ok,
exp_constrained_pub_sub_xcdr__cpp_to_py__1000000B__10Hz__shmem_ds__best_effort,publish,pub,cpp_to_py,constrained_pub_sub,exp,xcdr,shmem_ds,1000000,10,1,measured,292,2026-09-09T14:26:34.302005Z,157187964134410,157187964134410,-1,-1,-1,ok,
exp_constrained_pub_sub_xcdr__cpp_to_py__1000000B__10Hz__shmem_ds__best_effort,publish,pub,cpp_to_py,constrained_pub_sub,exp,xcdr,shmem_ds,1000000,10,1,measured,293,2026-09-09T14:26:34.401935Z,157188064065598,157188064065598,-1,-1,-1,ok,
exp_constrained_pub_sub_xcdr__cpp_to_py__1000000B__10Hz__shmem_ds__best_effort,publish,pub,cpp_to_py,constrained_pub_sub,exp,xcdr,shmem_ds,1000000,10,1,measured,294,2026-09-09T14:26:34.502224Z,157188164380617,157188164380617,-1,-1,-1,ok,
exp_constrained_pub_sub_xcdr__cpp_to_py__1000000B__10Hz__shmem_ds__best_effort,publish,pub,cpp_to_py,constrained_pub_sub,exp,xcdr,shmem_ds,1000000,10,1,measured,295,2026-09-09T14:26:34.603156Z,157188265311270,157188265311270,-1,-1,-1,ok,
exp_constrained_pub_sub_xcdr__cpp_to_py__1000000B__10Hz__shmem_ds__best_effort,publish,pub,cpp_to_py,constrained_pub_sub,exp,xcdr,shmem_ds,1000000,10,1,measured,296,2026-09-09T14:26:34.703172Z,157188365306969,157188365306969,-1,-1,-1,ok,
exp_constrained_pub_sub_xcdr__cpp_to_py__1000000B__10Hz__shmem_ds__best_effort,publish,pub,cpp_to_py,constrained_pub_sub,exp,xcdr,shmem_ds,1000000,10,1,measured,297,2026-09-09T14:26:34.802239Z,157188464372001,157188464372001,-1,-1,-1,ok,
exp_constrained_pub_sub_xcdr__cpp_to_py__1000000B__10Hz__shmem_ds__best_effort,publish,pub,cpp_to_py,constrained_pub_sub,exp,xcdr,shmem_ds,1000000,10,1,measured,298,2026-09-09T14:26:34.903164Z,157188565304308,157188565304308,-1,-1,-1,ok,
exp_constrained_pub_sub_xcdr__cpp_to_py__1000000B__10Hz__shmem_ds__best_effort,publish,pub,cpp_to_py,constrained_pub_sub,exp,xcdr,shmem_ds,1000000,10,1,measured,299,2026-09-09T14:26:35.003489Z,157188665616972,157188665616972,-1,-1,-1,ok,
exp_constrained_pub_sub_xcdr__cpp_to_py__1000000B__10Hz__shmem_ds__best_effort,publish,pub,cpp_to_py,constrained_pub_sub,exp,xcdr,shmem_ds,1000000,10,1,measured,300,2026-09-09T14:26:35.103335Z,157188765498319,157188765498319,-1,-1,-1,ok,
exp_constrained_pub_sub_xcdr__cpp_to_py__1000000B__10Hz__shmem_ds__best_effort,receive,sub,cpp_to_py,constrained_pub_sub,exp,xcdr,shmem_ds,1000000,10,1,measured,0,2026-09-09T14:26:05.116080Z,157158778175141,157158777773358,157158778175141,1788963965115614008,1788963965115702814,ok,
exp_constrained_pub_sub_xcdr__cpp_to_py__1000000B__10Hz__shmem_ds__best_effort,receive,sub,cpp_to_py,constrained_pub_sub,exp,xcdr,shmem_ds,1000000,10,1,measured,1,2026-09-09T14:26:05.216433Z,157158878560629,157158878306311,157158878560629,1788963965216127966,1788963965216175916,ok,
exp_constrained_pub_sub_xcdr__cpp_to_py__1000000B__10Hz__shmem_ds__best_effort,receive,sub,cpp_to_py,constrained_pub_sub,exp,xcdr,shmem_ds,1000000,10,1,measured,2,2026-09-09T14:26:05.316767Z,157158978895902,157158978594897,157158978895902,1788963965316414407,1788963965316467577,ok,
exp_constrained_pub_sub_xcdr__cpp_to_py__1000000B__10Hz__shmem_ds__best_effort,receive,sub,cpp_to_py,constrained_pub_sub,exp,xcdr,shmem_ds,1000000,10,1,measured,3,2026-09-09T14:26:05.417363Z,157159079488036,157159079131387,157159079488036,1788963965416952862,1788963965417018314,ok,
exp_constrained_pub_sub_xcdr__cpp_to_py__1000000B__10Hz__shmem_ds__best_effort,receive,sub,cpp_to_py,constrained_pub_sub,exp,xcdr,shmem_ds,1000000,10,1,measured,4,2026-09-09T14:26:05.516449Z,157159178586629,157159178348382,157159178586629,1788963965516171380,1788963965516223267,ok,
exp_constrained_pub_sub_xcdr__cpp_to_py__1000000B__10Hz__shmem_ds__best_effort,receive,sub,cpp_to_py,constrained_pub_sub,exp,xcdr,shmem_ds,1000000,10,1,measured,5,2026-09-09T14:26:05.617376Z,157159279503493,157159279223919,157159279503493,1788963965617044000,1788963965617097761,ok,
exp_constrained_pub_sub_xcdr__cpp_to_py__1000000B__10Hz__shmem_ds__best_effort,receive,sub,cpp_to_py,constrained_pub_sub,exp,xcdr,shmem_ds,1000000,10,1,measured,6,2026-09-09T14:26:05.716554Z,157159378682517,157159378374379,157159378682517,1788963965716195232,1788963965716255946,ok,
exp_constrained_pub_sub_xcdr__cpp_to_py__1000000B__10Hz__shmem_ds__best_effort,receive,sub,cpp_to_py,constrained_pub_sub,exp,xcdr,shmem_ds,1000000,10,1,measured,7,2026-09-09T14:26:05.816700Z,157159478822714,157159478530115,157159478822714,1788963965816351359,1788963965816405140,ok,
exp_constrained_pub_sub_xcdr__cpp_to_py__1000000B__10Hz__shmem_ds__best_effort,receive,sub,cpp_to_py,constrained_pub_sub,exp,xcdr,shmem_ds,1000000,10,1,measured,8,2026-09-09T14:26:05.916360Z,157159578496326,157159578229345,157159578496326,1788963965916049968,1788963965916107546,ok,
exp_constrained_pub_sub_xcdr__cpp_to_py__1000000B__10Hz__shmem_ds__best_effort,receive,sub,cpp_to_py,constrained_pub_sub,exp,xcdr,shmem_ds,1000000,10,1,measured,9,2026-09-09T14:26:06.015983Z,157159678107912,157159677812037,157159678107912,1788963966015633161,1788963966015686250,ok,
exp_constrained_pub_sub_xcdr__cpp_to_py__1000000B__10Hz__shmem_ds__best_effort,receive,sub,cpp_to_py,constrained_pub_sub,exp,xcdr,shmem_ds,1000000,10,1,measured,10,2026-09-09T14:26:06.115626Z,157159777757142,157159777508906,157159777757142,1788963966115327736,1788963966115381016,ok,
exp_constrained_pub_sub_xcdr__cpp_to_py__1000000B__10Hz__shmem_ds__best_effort,receive,sub,cpp_to_py,constrained_pub_sub,exp,xcdr,shmem_ds,1000000,10,1,measured,11,2026-09-09T14:26:06.214376Z,157159876503368,157159876223102,157159876503368,1788963966214043504,1788963966214090182,ok,
exp_constrained_pub_sub_xcdr__cpp_to_py__1000000B__10Hz__shmem_ds__best_effort,receive,sub,cpp_to_py,constrained_pub_sub,exp,xcdr,shmem_ds,1000000,10,1,measured,12,2026-09-09T14:26:06.314417Z,157159976546036,157159976274617,157159976546036,1788963966314095761,1788963966314139553,ok,
exp_constrained_pub_sub_xcdr__cpp_to_py__1000000B__10Hz__shmem_ds__best_effort,receive,sub,cpp_to_py,constrained_pub_sub,exp,xcdr,shmem_ds,1000000,10,1,measured,13,2026-09-09T14:26:06.414745Z,157160076874270,157160076632707,157160076874270,1788963966414451556,1788963966414497292,ok,
exp_constrained_pub_sub_xcdr__cpp_to_py__1000000B__10Hz__shmem_ds__best_effort,receive,sub,cpp_to_py,constrained_pub_sub,exp,xcdr,shmem_ds,1000000,10,1,measured,14,2026-09-09T14:26:06.515139Z,157160177257046,157160176989073,157160177257046,1788963966514825255,1788963966514870460,ok,
exp_constrained_pub_sub_xcdr__cpp_to_py__1000000B__10Hz__shmem_ds__best_effort,receive,sub,cpp_to_py,constrained_pub_sub,exp,xcdr,shmem_ds,1000000,10,1,measured,15,2026-09-09T14:26:06.615926Z,157160278014415,157160277665630,157160278014415,1788963966615497484,1788963966615564029,ok,
exp_constrained_pub_sub_xcdr__cpp_to_py__1000000B__10Hz__shmem_ds__best_effort,receive,sub,cpp_to_py,constrained_pub_sub,exp,xcdr,shmem_ds,1000000,10,1,measured,16,2026-09-09T14:26:06.716850Z,157160378923679,157160378588992,157160378923679,1788963966716421988,1788963966716483463,ok,
exp_constrained_pub_sub_xcdr__cpp_to_py__1000000B__10Hz__shmem_ds__best_effort,receive,sub,cpp_to_py,constrained_pub_sub,exp,xcdr,shmem_ds,1000000,10,1,measured,17,2026-09-09T14:26:06.817109Z,157160479237696,157160478962911,157160479237696,1788963966816782772,1788963966816835060,ok,
exp_constrained_pub_sub_xcdr__cpp_to_py__1000000B__10Hz__shmem_ds__best_effort,receive,sub,cpp_to_py,constrained_pub_sub,exp,xcdr,shmem_ds,1000000,10,1,measured,18,2026-09-09T14:26:06.916995Z,157160579124772,157160578859584,157160579124772,1788963966916679456,1788963966916723398,ok,
exp_constrained_pub_sub_xcdr__cpp_to_py__1000000B__10Hz__shmem_ds__best_effort,receive,sub,cpp_to_py,constrained_pub_sub,exp,xcdr,shmem_ds,1000000,10,1,measured,19,2026-09-09T14:26:07.016115Z,157160678242756,157160677956078,157160678242756,1788963967015776240,1788963967015830922,ok,
exp_constrained_pub_sub_xcdr__cpp_to_py__1000000B__10Hz__shmem_ds__best_effort,receive,sub,cpp_to_py,constrained_pub_sub,exp,xcdr,shmem_ds,1000000,10,1,measured,20,2026-09-09T14:26:07.115244Z,157160777371894,157160777099032,157160777371894,1788963967114919104,1788963967114965631,ok,
exp_constrained_pub_sub_xcdr__cpp_to_py__1000000B__10Hz__shmem_ds__best_effort,receive,sub,cpp_to_py,constrained_pub_sub,exp,xcdr,shmem_ds,1000000,10,1,measured,21,2026-09-09T14:26:07.215795Z,157160877885790,157160877581599,157160877885790,1788963967215401581,1788963967215450783,ok,
exp_constrained_pub_sub_xcdr__cpp_to_py__1000000B__10Hz__shmem_ds__best_effort,receive,sub,cpp_to_py,constrained_pub_sub,exp,xcdr,shmem_ds,1000000,10,1,measured,22,2026-09-09T14:26:07.315057Z,157160977184657,157160976879464,157160977184657,1788963967314699656,1788963967314750512,ok,
exp_constrained_pub_sub_xcdr__cpp_to_py__1000000B__10Hz__shmem_ds__best_effort,receive,sub,cpp_to_py,constrained_pub_sub,exp,xcdr,shmem_ds,1000000,10,1,measured,23,2026-09-09T14:26:07.414888Z,157161077015211,157161076738812,157161077015211,1788963967414558734,1788963967414610170,ok,
exp_constrained_pub_sub_xcdr__cpp_to_py__1000000B__10Hz__shmem_ds__best_effort,receive,sub,cpp_to_py,constrained_pub_sub,exp,xcdr,shmem_ds,1000000,10,1,measured,24,2026-09-09T14:26:07.514081Z,157161176211204,157161175928664,157161176211204,1788963967513747534,1788963967513792298,ok,
exp_constrained_pub_sub_xcdr__cpp_to_py__1000000B__10Hz__shmem_ds__best_effort,receive,sub,cpp_to_py,constrained_pub_sub,exp,xcdr,shmem_ds,1000000,10,1,measured,25,2026-09-09T14:26:07.613534Z,157161275662066,157161275290569,157161275662066,1788963967613125960,1788963967613212162,ok,
exp_constrained_pub_sub_xcdr__cpp_to_py__1000000B__10Hz__shmem_ds__best_effort,receive,sub,cpp_to_py,constrained_pub_sub,exp,xcdr,shmem_ds,1000000,10,1,measured,26,2026-09-09T14:26:07.712536Z,157161374655700,157161374373611,157161374655700,1788963967712193883,1788963967712237796,ok,
exp_constrained_pub_sub_xcdr__cpp_to_py__1000000B__10Hz__shmem_ds__best_effort,receive,sub,cpp_to_py,constrained_pub_sub,exp,xcdr,shmem_ds,1000000,10,1,measured,27,2026-09-09T14:26:07.812569Z,157161474691279,157161474433746,157161474691279,1788963967812252415,1788963967812290637,ok,
exp_constrained_pub_sub_xcdr__cpp_to_py__1000000B__10Hz__shmem_ds__best_effort,receive,sub,cpp_to_py,constrained_pub_sub,exp,xcdr,shmem_ds,1000000,10,1,measured,28,2026-09-09T14:26:07.912429Z,157161574565285,157161574326096,157161574565285,1788963967912142772,1788963967912180973,ok,
exp_constrained_pub_sub_xcdr__cpp_to_py__1000000B__10Hz__shmem_ds__best_effort,receive,sub,cpp_to_py,constrained_pub_sub,exp,xcdr,shmem_ds,1000000,10,1,measured,29,2026-09-09T14:26:08.013147Z,157161675236086,157161674885638,157161675236086,1788963968012703255,1788963968012745184,ok,
exp_constrained_pub_sub_xcdr__cpp_to_py__1000000B__10Hz__shmem_ds__best_effort,receive,sub,cpp_to_py,constrained_pub_sub,exp,xcdr,shmem_ds,1000000,10,1,measured,30,2026-09-09T14:26:08.112422Z,157161774510701,157161774192173,157161774510701,1788963968112019399,1788963968112078259,ok,
exp_constrained_pub_sub_xcdr__cpp_to_py__1000000B__10Hz__shmem_ds__best_effort,receive,sub,cpp_to_py,constrained_pub_sub,exp,xcdr,shmem_ds,1000000,10,1,measured,31,2026-09-09T14:26:08.212835Z,157161874946034,157161874633868,157161874946034,1788963968212453759,1788963968212499285,ok,
exp_constrained_pub_sub_xcdr__cpp_to_py__1000000B__10Hz__shmem_ds__best_effort,receive,sub,cpp_to_py,constrained_pub_sub,exp,xcdr,shmem_ds,1000000,10,1,measured,32,2026-09-09T14:26:08.312437Z,157161974561849,157161974274199,157161974561849,1788963968312095173,1788963968312144786,ok,
exp_constrained_pub_sub_xcdr__cpp_to_py__1000000B__10Hz__shmem_ds__best_effort,receive,sub,cpp_to_py,constrained_pub_sub,exp,xcdr,shmem_ds,1000000,10,1,measured,33,2026-09-09T14:26:08.412950Z,157162075071461,157162074781076,157162075071461,1788963968412599274,1788963968412638528,ok,
exp_constrained_pub_sub_xcdr__cpp_to_py__1000000B__10Hz__shmem_ds__best_effort,receive,sub,cpp_to_py,constrained_pub_sub,exp,xcdr,shmem_ds,1000000,10,1,measured,34,2026-09-09T14:26:08.513698Z,157162175833066,157162175455377,157162175833066,1788963968513272894,1788963968513317287,ok,
exp_constrained_pub_sub_xcdr__cpp_to_py__1000000B__10Hz__shmem_ds__best_effort,receive,sub,cpp_to_py,constrained_pub_sub,exp,xcdr,shmem_ds,1000000,10,1,measured,35,2026-09-09T14:26:08.612662Z,157162274792379,157162274491745,157162274792379,1788963968612315915,1788963968612365868,ok,
exp_constrained_pub_sub_xcdr__cpp_to_py__1000000B__10Hz__shmem_ds__best_effort,receive,sub,cpp_to_py,constrained_pub_sub,exp,xcdr,shmem_ds,1000000,10,1,measured,36,2026-09-09T14:26:08.713553Z,157162375684709,157162375391720,157162375684709,1788963968713231749,1788963968713299095,ok,
exp_constrained_pub_sub_xcdr__cpp_to_py__1000000B__10Hz__shmem_ds__best_effort,receive,sub,cpp_to_py,constrained_pub_sub,exp,xcdr,shmem_ds,1000000,10,1,measured,37,2026-09-09T14:26:08.813901Z,157162476033560,157162475796224,157162476033560,1788963968813612840,1788963968813643868,ok,
exp_constrained_pub_sub_xcdr__cpp_to_py__1000000B__10Hz__shmem_ds__best_effort,receive,sub,cpp_to_py,constrained_pub_sub,exp,xcdr,shmem_ds,1000000,10,1,measured,38,2026-09-09T14:26:08.913865Z,157162575990535,157162575709187,157162575990535,1788963968913549376,1788963968913612615,ok,
exp_constrained_pub_sub_xcdr__cpp_to_py__1000000B__10Hz__shmem_ds__best_effort,receive,sub,cpp_to_py,constrained_pub_sub,exp,xcdr,shmem_ds,1000000,10,1,measured,39,2026-09-09T14:26:09.013474Z,157162675582225,157162675247988,157162675582225,1788963969013069803,1788963969013117743,ok,
exp_constrained_pub_sub_xcdr__cpp_to_py__1000000B__10Hz__shmem_ds__best_effort,receive,sub,cpp_to_py,constrained_pub_sub,exp,xcdr,shmem_ds,1000000,10,1,measured,40,2026-09-09T14:26:09.112370Z,157162774507910,157162774278770,157162774507910,1788963969112097900,1788963969112137674,ok,
exp_constrained_pub_sub_xcdr__cpp_to_py__1000000B__10Hz__shmem_ds__best_effort,receive,sub,cpp_to_py,constrained_pub_sub,exp,xcdr,shmem_ds,1000000,10,1,measured,41,2026-09-09T14:26:09.212851Z,157162874968644,157162874692316,157162874968644,1788963969212512808,1788963969212561479,ok,
exp_constrained_pub_sub_xcdr__cpp_to_py__1000000B__10Hz__shmem_ds__best_effort,receive,sub,cpp_to_py,constrained_pub_sub,exp,xcdr,shmem_ds,1000000,10,1,measured,42,2026-09-09T14:26:09.312844Z,157162974922067,157162974627965,157162974922067,1788963969312446474,1788963969312494724,ok,
exp_constrained_pub_sub_xcdr__cpp_to_py__1000000B__10Hz__shmem_ds__best_effort,receive,sub,cpp_to_py,constrained_pub_sub,exp,xcdr,shmem_ds,1000000,10,1,measured,43,2026-09-09T14:26:09.412858Z,157163074955229,157163074660696,157163074955229,1788963969412480648,1788963969412531423,ok,
exp_constrained_pub_sub_xcdr__cpp_to_py__1000000B__10Hz__shmem_ds__best_effort,receive,sub,cpp_to_py,constrained_pub_sub,exp,xcdr,shmem_ds,1000000,10,1,measured,44,2026-09-09T14:26:09.512835Z,157163174933097,157163174640959,157163174933097,1788963969512460750,1788963969512507719,ok,
exp_constrained_pub_sub_xcdr__cpp_to_py__1000000B__10Hz__shmem_ds__best_effort,receive,sub,cpp_to_py,constrained_pub_sub,exp,xcdr,shmem_ds,1000000,10,1,measured,45,2026-09-09T14:26:09.612187Z,157163274317342,157163274085708,157163274317342,1788963969611904367,1788963969611945564,ok,
exp_constrained_pub_sub_xcdr__cpp_to_py__1000000B__10Hz__shmem_ds__best_effort,receive,sub,cpp_to_py,constrained_pub_sub,exp,xcdr,shmem_ds,1000000,10,1,measured,46,2026-09-09T14:26:09.712372Z,157163374505255,157163374268050,157163374505255,1788963969712085457,1788963969712130371,ok,
exp_constrained_pub_sub_xcdr__cpp_to_py__1000000B__10Hz__shmem_ds__best_effort,receive,sub,cpp_to_py,constrained_pub_sub,exp,xcdr,shmem_ds,1000000,10,1,measured,47,2026-09-09T14:26:09.812358Z,157163474487431,157163474259934,157163474487431,1788963969812079305,1788963969812113719,ok,
exp_constrained_pub_sub_xcdr__cpp_to_py__1000000B__10Hz__shmem_ds__best_effort,receive,sub,cpp_to_py,constrained_pub_sub,exp,xcdr,shmem_ds,1000000,10,1,measured,48,2026-09-09T14:26:09.912180Z,157163574309367,157163574040503,157163574309367,1788963969911858300,1788963969911896202,ok,
exp_constrained_pub_sub_xcdr__cpp_to_py__1000000B__10Hz__shmem_ds__best_effort,receive,sub,cpp_to_py,constrained_pub_sub,exp,xcdr,shmem_ds,1000000,10,1,measured,49,2026-09-09T14:26:10.012690Z,157163674785381,157163674469619,157163674785381,1788963970012299038,1788963970012361786,ok,
exp_constrained_pub_sub_xcdr__cpp_to_py__1000000B__10Hz__shmem_ds__best_effort,receive,sub,cpp_to_py,constrained_pub_sub,exp,xcdr,shmem_ds,1000000,10,1,measured,50,2026-09-09T14:26:10.112296Z,157163774426993,157163774196360,157163774426993,1788963970112014889,1788963970112058631,ok,
exp_constrained_pub_sub_xcdr__cpp_to_py__1000000B__10Hz__shmem_ds__best_effort,receive,sub,cpp_to_py,constrained_pub_sub,exp,xcdr,shmem_ds,1000000,10,1,measured,51,2026-09-09T14:26:10.212170Z,157163874305328,157163874082290,157163874305328,1788963970211899266,1788963970211939842,ok,
exp_constrained_pub_sub_xcdr__cpp_to_py__1000000B__10Hz__shmem_ds__best_effort,receive,sub,cpp_to_py,constrained_pub_sub,exp,xcdr,shmem_ds,1000000,10,1,measured,52,2026-09-09T14:26:10.311355Z,157163973489742,157163973276122,157163973489742,1788963970311096484,1788963970311137230,ok,
exp_constrained_pub_sub_xcdr__cpp_to_py__1000000B__10Hz__shmem_ds__best_effort,receive,sub,cpp_to_py,constrained_pub_sub,exp,xcdr,shmem_ds,1000000,10,1,measured,53,2026-09-09T14:26:10.410789Z,157164072877377,157164072538010,157164072877377,1788963970410372088,1788963970410440807,ok,
exp_constrained_pub_sub_xcdr__cpp_to_py__1000000B__10Hz__shmem_ds__best_effort,receive,sub,cpp_to_py,constrained_pub_sub,exp,xcdr,shmem_ds,1000000,10,1,measured,54,2026-09-09T14:26:10.511229Z,157164173357272,157164173093076,157164173357272,1788963970510913949,1788963970510958884,ok,
exp_constrained_pub_sub_xcdr__cpp_to_py__1000000B__10Hz__shmem_ds__best_effort,receive,sub,cpp_to_py,constrained_pub_sub,exp,xcdr,shmem_ds,1000000,10,1,measured,55,2026-09-09T14:26:10.611166Z,157164273294999,157164273044969,157164273294999,1788963970610867506,1788963970610910857,ok,
exp_constrained_pub_sub_xcdr__cpp_to_py__1000000B__10Hz__shmem_ds__best_effort,receive,sub,cpp_to_py,constrained_pub_sub,exp,xcdr,shmem_ds,1000000,10,1,measured,56,2026-09-09T14:26:10.711349Z,157164373433011,157164373079849,157164373433011,1788963970710916401,1788963970710977987,ok,
exp_constrained_pub_sub_xcdr__cpp_to_py__1000000B__10Hz__shmem_ds__best_effort,receive,sub,cpp_to_py,constrained_pub_sub,exp,xcdr,shmem_ds,1000000,10,1,measured,57,2026-09-09T14:26:10.811986Z,157164474124503,157164473902276,157164474124503,1788963970811721025,1788963970811756912,ok,
exp_constrained_pub_sub_xcdr__cpp_to_py__1000000B__10Hz__shmem_ds__best_effort,receive,sub,cpp_to_py,constrained_pub_sub,exp,xcdr,shmem_ds,1000000,10,1,measured,58,2026-09-09T14:26:10.912152Z,157164574287142,157164574069303,157164574287142,1788963970911886650,1788963970911925012,ok,
exp_constrained_pub_sub_xcdr__cpp_to_py__1000000B__10Hz__shmem_ds__best_effort,receive,sub,cpp_to_py,constrained_pub_sub,exp,xcdr,shmem_ds,1000000,10,1,measured,59,2026-09-09T14:26:11.012413Z,157164674545331,157164674335196,157164674545331,1788963971012154557,1788963971012196536,ok,
exp_constrained_pub_sub_xcdr__cpp_to_py__1000000B__10Hz__shmem_ds__best_effort,receive,sub,cpp_to_py,constrained_pub_sub,exp,xcdr,shmem_ds,1000000,10,1,measured,60,2026-09-09T14:26:11.112589Z,157164774717702,157164774485326,157164774717702,1788963971112304867,1788963971112349050,ok,
exp_constrained_pub_sub_xcdr__cpp_to_py__1000000B__10Hz__shmem_ds__best_effort,receive,sub,cpp_to_py,constrained_pub_sub,exp,xcdr,shmem_ds,1000000,10,1,measured,61,2026-09-09T14:26:11.213311Z,157164875444734,157164875208511,157164875444734,1788963971213027150,1788963971213066624,ok,
exp_constrained_pub_sub_xcdr__cpp_to_py__1000000B__10Hz__shmem_ds__best_effort,receive,sub,cpp_to_py,constrained_pub_sub,exp,xcdr,shmem_ds,1000000,10,1,measured,62,2026-09-09T14:26:11.313296Z,157164975418472,157164975160729,157164975418472,1788963971312980640,1788963971313016427,ok,
exp_constrained_pub_sub_xcdr__cpp_to_py__1000000B__10Hz__shmem_ds__best_effort,receive,sub,cpp_to_py,constrained_pub_sub,exp,xcdr,shmem_ds,1000000,10,1,measured,63,2026-09-09T14:26:11.414149Z,157165076239270,157165075898972,157165076239270,1788963971413731767,1788963971413812269,ok,
exp_constrained_pub_sub_xcdr__cpp_to_py__1000000B__10Hz__shmem_ds__best_effort,receive,sub,cpp_to_py,constrained_pub_sub,exp,xcdr,shmem_ds,1000000,10,1,measured,64,2026-09-09T14:26:11.513780Z,157165175916413,157165175740473,157165175916413,1788963971513553561,1788963971513578498,ok,
exp_constrained_pub_sub_xcdr__cpp_to_py__1000000B__10Hz__shmem_ds__best_effort,receive,sub,cpp_to_py,constrained_pub_sub,exp,xcdr,shmem_ds,1000000,10,1,measured,65,2026-09-09T14:26:11.613941Z,157165276035033,157165275718880,157165276035033,1788963971613548059,1788963971613608573,ok,
exp_constrained_pub_sub_xcdr__cpp_to_py__1000000B__10Hz__shmem_ds__best_effort,receive,sub,cpp_to_py,constrained_pub_sub,exp,xcdr,shmem_ds,1000000,10,1,measured,66,2026-09-09T14:26:11.713520Z,157165375633207,157165375272761,157165375633207,1788963971713095297,1788963971713147305,ok,
exp_constrained_pub_sub_xcdr__cpp_to_py__1000000B__10Hz__shmem_ds__best_effort,receive,sub,cpp_to_py,constrained_pub_sub,exp,xcdr,shmem_ds,1000000,10,1,measured,67,2026-09-09T14:26:11.812982Z,157165475112989,157165474859193,157165475112989,1788963971812675848,1788963971812712827,ok,
exp_constrained_pub_sub_xcdr__cpp_to_py__1000000B__10Hz__shmem_ds__best_effort,receive,sub,cpp_to_py,constrained_pub_sub,exp,xcdr,shmem_ds,1000000,10,1,measured,68,2026-09-09T14:26:11.913096Z,157165575220769,157165574937938,157165575220769,1788963971912756487,1788963971912808314,ok,
exp_constrained_pub_sub_xcdr__cpp_to_py__1000000B__10Hz__shmem_ds__best_effort,receive,sub,cpp_to_py,constrained_pub_sub,exp,xcdr,shmem_ds,1000000,10,1,measured,69,2026-09-09T14:26:12.012786Z,157165674909072,157165674634136,157165674909072,1788963972012451062,1788963972012488873,ok,
exp_constrained_pub_sub_xcdr__cpp_to_py__1000000B__10Hz__shmem_ds__best_effort,receive,sub,cpp_to_py,constrained_pub_sub,exp,xcdr,shmem_ds,1000000,10,1,measured,70,2026-09-09T14:26:12.113275Z,157165775408631,157165775165325,157165775408631,1788963972112984645,1788963972113021625,ok,
exp_constrained_pub_sub_xcdr__cpp_to_py__1000000B__10Hz__shmem_ds__best_effort,receive,sub,cpp_to_py,constrained_pub_sub,exp,xcdr,shmem_ds,1000000,10,1,measured,71,2026-09-09T14:26:12.212897Z,157165875027498,157165874775425,157165875027498,1788963972212593724,1788963972212630242,ok,
exp_constrained_pub_sub_xcdr__cpp_to_py__1000000B__10Hz__shmem_ds__best_effort,receive,sub,cpp_to_py,constrained_pub_sub,exp,xcdr,shmem_ds,1000000,10,1,measured,72,2026-09-09T14:26:12.313281Z,157165975411791,157165975123851,157165975411791,1788963972312942269,1788963972312985681,ok,
exp_constrained_pub_sub_xcdr__cpp_to_py__1000000B__10Hz__shmem_ds__best_effort,receive,sub,cpp_to_py,constrained_pub_sub,exp,xcdr,shmem_ds,1000000,10,1,measured,73,2026-09-09T14:26:12.413702Z,157166075835999,157166075600367,157166075835999,1788963972413417212,1788963972413456666,ok,
exp_constrained_pub_sub_xcdr__cpp_to_py__1000000B__10Hz__shmem_ds__best_effort,receive,sub,cpp_to_py,constrained_pub_sub,exp,xcdr,shmem_ds,1000000,10,1,measured,74,2026-09-09T14:26:12.514067Z,157166176194303,157166175918165,157166176194303,1788963972513740270,1788963972513788260,ok,
exp_constrained_pub_sub_xcdr__cpp_to_py__1000000B__10Hz__shmem_ds__best_effort,receive,sub,cpp_to_py,constrained_pub_sub,exp,xcdr,shmem_ds,1000000,10,1,measured,75,2026-09-09T14:26:12.614721Z,157166276836109,157166276558709,157166276836109,1788963972614378379,1788963972614423945,ok,
exp_constrained_pub_sub_xcdr__cpp_to_py__1000000B__10Hz__shmem_ds__best_effort,receive,sub,cpp_to_py,constrained_pub_sub,exp,xcdr,shmem_ds,1000000,10,1,measured,76,2026-09-09T14:26:12.715285Z,157166377405860,157166377142997,157166377405860,1788963972714965643,1788963972715009335,ok,
exp_constrained_pub_sub_xcdr__cpp_to_py__1000000B__10Hz__shmem_ds__best_effort,receive,sub,cpp_to_py,constrained_pub_sub,exp,xcdr,shmem_ds,1000000,10,1,measured,77,2026-09-09T14:26:12.815590Z,157166477720271,157166477421341,157166477720271,1788963972815239098,1788963972815282309,ok,
exp_constrained_pub_sub_xcdr__cpp_to_py__1000000B__10Hz__shmem_ds__best_effort,receive,sub,cpp_to_py,constrained_pub_sub,exp,xcdr,shmem_ds,1000000,10,1,measured,78,2026-09-09T14:26:12.916190Z,157166578319047,157166578020477,157166578319047,1788963972915840618,1788963972915885613,ok,
exp_constrained_pub_sub_xcdr__cpp_to_py__1000000B__10Hz__shmem_ds__best_effort,receive,sub,cpp_to_py,constrained_pub_sub,exp,xcdr,shmem_ds,1000000,10,1,measured,79,2026-09-09T14:26:13.015946Z,157166678077816,157166677811827,157166678077816,1788963973015630196,1788963973015672255,ok,
exp_constrained_pub_sub_xcdr__cpp_to_py__1000000B__10Hz__shmem_ds__best_effort,receive,sub,cpp_to_py,constrained_pub_sub,exp,xcdr,shmem_ds,1000000,10,1,measured,80,2026-09-09T14:26:13.116999Z,157166779115559,157166778727902,157166779115559,1788963973116548144,1788963973116598619,ok,
exp_constrained_pub_sub_xcdr__cpp_to_py__1000000B__10Hz__shmem_ds__best_effort,receive,sub,cpp_to_py,constrained_pub_sub,exp,xcdr,shmem_ds,1000000,10,1,measured,81,2026-09-09T14:26:13.216506Z,157166878636206,157166878385135,157166878636206,1788963973216203172,1788963973216243899,ok,
exp_constrained_pub_sub_xcdr__cpp_to_py__1000000B__10Hz__shmem_ds__best_effort,receive,sub,cpp_to_py,constrained_pub_sub,exp,xcdr,shmem_ds,1000000,10,1,measured,82,2026-09-09T14:26:13.316124Z,157166978252481,157166977981924,157166978252481,1788963973315800072,1788963973315854023,ok,
exp_constrained_pub_sub_xcdr__cpp_to_py__1000000B__10Hz__shmem_ds__best_effort,receive,sub,cpp_to_py,constrained_pub_sub,exp,xcdr,shmem_ds,1000000,10,1,measured,83,2026-09-09T14:26:13.416769Z,157167078858965,157167078538133,157167078858965,1788963973416369536,1788963973416435751,ok,
exp_constrained_pub_sub_xcdr__cpp_to_py__1000000B__10Hz__shmem_ds__best_effort,receive,sub,cpp_to_py,constrained_pub_sub,exp,xcdr,shmem_ds,1000000,10,1,measured,84,2026-09-09T14:26:13.516824Z,157167178946275,157167178720421,157167178946275,1788963973516545282,1788963973516592961,ok,
exp_constrained_pub_sub_xcdr__cpp_to_py__1000000B__10Hz__shmem_ds__best_effort,receive,sub,cpp_to_py,constrained_pub_sub,exp,xcdr,shmem_ds,1000000,10,1,measured,85,2026-09-09T14:26:13.616531Z,157167278659623,157167278351565,157167278659623,1788963973616168851,1788963973616212553,ok,
exp_constrained_pub_sub_xcdr__cpp_to_py__1000000B__10Hz__shmem_ds__best_effort,receive,sub,cpp_to_py,constrained_pub_sub,exp,xcdr,shmem_ds,1000000,10,1,measured,86,2026-09-09T14:26:13.715837Z,157167377922075,157167377632451,157167377922075,1788963973715450770,1788963973715493821,ok,
exp_constrained_pub_sub_xcdr__cpp_to_py__1000000B__10Hz__shmem_ds__best_effort,receive,sub,cpp_to_py,constrained_pub_sub,exp,xcdr,shmem_ds,1000000,10,1,measured,87,2026-09-09T14:26:13.816386Z,157167478441515,157167478024683,157167478441515,1788963973815863650,1788963973815937839,ok,
exp_constrained_pub_sub_xcdr__cpp_to_py__1000000B__10Hz__shmem_ds__best_effort,receive,sub,cpp_to_py,constrained_pub_sub,exp,xcdr,shmem_ds,1000000,10,1,measured,88,2026-09-09T14:26:13.916217Z,157167578348396,157167578073541,157167578348396,1788963973915892741,1788963973915937064,ok,
exp_constrained_pub_sub_xcdr__cpp_to_py__1000000B__10Hz__shmem_ds__best_effort,receive,sub,cpp_to_py,constrained_pub_sub,exp,xcdr,shmem_ds,1000000,10,1,measured,89,2026-09-09T14:26:14.016251Z,157167678389059,157167678108893,157167678389059,1788963974015926330,1788963974015970192,ok,
exp_constrained_pub_sub_xcdr__cpp_to_py__1000000B__10Hz__shmem_ds__best_effort,receive,sub,cpp_to_py,constrained_pub_sub,exp,xcdr,shmem_ds,1000000,10,1,measured,90,2026-09-09T14:26:14.116457Z,157167778589084,157167778326341,157167778589084,1788963974116144559,1788963974116185686,ok,
exp_constrained_pub_sub_xcdr__cpp_to_py__1000000B__10Hz__shmem_ds__best_effort,receive,sub,cpp_to_py,constrained_pub_sub,exp,xcdr,shmem_ds,1000000,10,1,measured,91,2026-09-09T14:26:14.215585Z,157167877722217,157167877445237,157167877722217,1788963974215263105,1788963974215304723,ok,
exp_constrained_pub_sub_xcdr__cpp_to_py__1000000B__10Hz__shmem_ds__best_effort,receive,sub,cpp_to_py,constrained_pub_sub,exp,xcdr,shmem_ds,1000000,10,1,measured,92,2026-09-09T14:26:14.315293Z,157167977427344,157167977174649,157167977427344,1788963974314992457,1788963974315031801,ok,
exp_constrained_pub_sub_xcdr__cpp_to_py__1000000B__10Hz__shmem_ds__best_effort,receive,sub,cpp_to_py,constrained_pub_sub,exp,xcdr,shmem_ds,1000000,10,1,measured,93,2026-09-09T14:26:14.415763Z,157168077899569,157168077648077,157168077899569,1788963974415465174,1788963974415504577,ok,
exp_constrained_pub_sub_xcdr__cpp_to_py__1000000B__10Hz__shmem_ds__best_effort,receive,sub,cpp_to_py,constrained_pub_sub,exp,xcdr,shmem_ds,1000000,10,1,measured,94,2026-09-09T14:26:14.516002Z,157168178133628,157168177867829,157168178133628,1788963974515685487,1788963974515722336,ok,
exp_constrained_pub_sub_xcdr__cpp_to_py__1000000B__10Hz__shmem_ds__best_effort,receive,sub,cpp_to_py,constrained_pub_sub,exp,xcdr,shmem_ds,1000000,10,1,measured,95,2026-09-09T14:26:14.615946Z,157168278077232,157168277702739,157168278077232,1788963974615538230,1788963974615618220,ok,
exp_constrained_pub_sub_xcdr__cpp_to_py__1000000B__10Hz__shmem_ds__best_effort,receive,sub,cpp_to_py,constrained_pub_sub,exp,xcdr,shmem_ds,1000000,10,1,measured,96,2026-09-09T14:26:14.716868Z,157168378970317,157168378589483,157168378970317,1788963974716437817,1788963974716504923,ok,
exp_constrained_pub_sub_xcdr__cpp_to_py__1000000B__10Hz__shmem_ds__best_effort,receive,sub,cpp_to_py,constrained_pub_sub,exp,xcdr,shmem_ds,1000000,10,1,measured,97,2026-09-09T14:26:14.817200Z,157168479326365,157168479018808,157168479326365,1788963974816836084,1788963974816876009,ok,
exp_constrained_pub_sub_xcdr__cpp_to_py__1000000B__10Hz__shmem_ds__best_effort,receive,sub,cpp_to_py,constrained_pub_sub,exp,xcdr,shmem_ds,1000000,10,1,measured,98,2026-09-09T14:26:14.916583Z,157168578715198,157168578470950,157168578715198,1788963974916289228,1788963974916330956,ok,
exp_constrained_pub_sub_xcdr__cpp_to_py__1000000B__10Hz__shmem_ds__best_effort,receive,sub,cpp_to_py,constrained_pub_sub,exp,xcdr,shmem_ds,1000000,10,1,measured,99,2026-09-09T14:26:15.016660Z,157168678791812,157168678526685,157168678791812,1788963975016344101,1788963975016385629,ok,
exp_constrained_pub_sub_xcdr__cpp_to_py__1000000B__10Hz__shmem_ds__best_effort,receive,sub,cpp_to_py,constrained_pub_sub,exp,xcdr,shmem_ds,1000000,10,1,measured,100,2026-09-09T14:26:15.116094Z,157168778182963,157168777852503,157168778182963,1788963975115683024,1788963975115744109,ok,
exp_constrained_pub_sub_xcdr__cpp_to_py__1000000B__10Hz__shmem_ds__best_effort,receive,sub,cpp_to_py,constrained_pub_sub,exp,xcdr,shmem_ds,1000000,10,1,measured,101,2026-09-09T14:26:15.216541Z,157168878677905,157168878356062,157168878677905,1788963975216175462,1788963975216217892,ok,
exp_constrained_pub_sub_xcdr__cpp_to_py__1000000B__10Hz__shmem_ds__best_effort,receive,sub,cpp_to_py,constrained_pub_sub,exp,xcdr,shmem_ds,1000000,10,1,measured,102,2026-09-09T14:26:15.316005Z,157168978136814,157168977851649,157168978136814,1788963975315670628,1788963975315712928,ok,
exp_constrained_pub_sub_xcdr__cpp_to_py__1000000B__10Hz__shmem_ds__best_effort,receive,sub,cpp_to_py,constrained_pub_sub,exp,xcdr,shmem_ds,1000000,10,1,measured,103,2026-09-09T14:26:15.415175Z,157169077302372,157169077032666,157169077302372,1788963975414852297,1788963975414897151,ok,
exp_constrained_pub_sub_xcdr__cpp_to_py__1000000B__10Hz__shmem_ds__best_effort,receive,sub,cpp_to_py,constrained_pub_sub,exp,xcdr,shmem_ds,1000000,10,1,measured,104,2026-09-09T14:26:15.516118Z,157169178254913,157169177887483,157169178254913,1788963975515711563,1788963975515791483,ok,
exp_constrained_pub_sub_xcdr__cpp_to_py__1000000B__10Hz__shmem_ds__best_effort,receive,sub,cpp_to_py,constrained_pub_sub,exp,xcdr,shmem_ds,1000000,10,1,measured,105,2026-09-09T14:26:15.615920Z,157169278048930,157169277731134,157169278048930,1788963975615551917,1788963975615600688,ok,
exp_constrained_pub_sub_xcdr__cpp_to_py__1000000B__10Hz__shmem_ds__best_effort,receive,sub,cpp_to_py,constrained_pub_sub,exp,xcdr,shmem_ds,1000000,10,1,measured,106,2026-09-09T14:26:15.715055Z,157169377184722,157169376955061,157169377184722,1788963975714771716,1788963975714813004,ok,
exp_constrained_pub_sub_xcdr__cpp_to_py__1000000B__10Hz__shmem_ds__best_effort,receive,sub,cpp_to_py,constrained_pub_sub,exp,xcdr,shmem_ds,1000000,10,1,measured,107,2026-09-09T14:26:15.815724Z,157169477797135,157169477372278,157169477797135,1788963975815192259,1788963975815250919,ok,
exp_constrained_pub_sub_xcdr__cpp_to_py__1000000B__10Hz__shmem_ds__best_effort,receive,sub,cpp_to_py,constrained_pub_sub,exp,xcdr,shmem_ds,1000000,10,1,measured,108,2026-09-09T14:26:15.914749Z,157169576859970,157169576597527,157169576859970,1788963975914414844,1788963975914453326,ok,
exp_constrained_pub_sub_xcdr__cpp_to_py__1000000B__10Hz__shmem_ds__best_effort,receive,sub,cpp_to_py,constrained_pub_sub,exp,xcdr,shmem_ds,1000000,10,1,measured,109,2026-09-09T14:26:16.015147Z,157169677284641,157169677047035,157169677284641,1788963976014864392,1788963976014903605,ok,
exp_constrained_pub_sub_xcdr__cpp_to_py__1000000B__10Hz__shmem_ds__best_effort,receive,sub,cpp_to_py,constrained_pub_sub,exp,xcdr,shmem_ds,1000000,10,1,measured,110,2026-09-09T14:26:16.115378Z,157169777511775,157169777258991,157169777511775,1788963976115076007,1788963976115118106,ok,
exp_constrained_pub_sub_xcdr__cpp_to_py__1000000B__10Hz__shmem_ds__best_effort,receive,sub,cpp_to_py,constrained_pub_sub,exp,xcdr,shmem_ds,1000000,10,1,measured,111,2026-09-09T14:26:16.215075Z,157169877209245,157169876956400,157169877209245,1788963976214772945,1788963976214817639,ok,
exp_constrained_pub_sub_xcdr__cpp_to_py__1000000B__10Hz__shmem_ds__best_effort,receive,sub,cpp_to_py,constrained_pub_sub,exp,xcdr,shmem_ds,1000000,10,1,measured,112,2026-09-09T14:26:16.315621Z,157169977760927,157169977526067,157169977760927,1788963976315343894,1788963976315387867,ok,
exp_constrained_pub_sub_xcdr__cpp_to_py__1000000B__10Hz__shmem_ds__best_effort,receive,sub,cpp_to_py,constrained_pub_sub,exp,xcdr,shmem_ds,1000000,10,1,measured,113,2026-09-09T14:26:16.416799Z,157170078851161,157170078478662,157170078851161,1788963976416299665,1788963976416351362,ok,
exp_constrained_pub_sub_xcdr__cpp_to_py__1000000B__10Hz__shmem_ds__best_effort,receive,sub,cpp_to_py,constrained_pub_sub,exp,xcdr,shmem_ds,1000000,10,1,measured,114,2026-09-09T14:26:16.517544Z,157170179671607,157170179378397,157170179671607,1788963976517197637,1788963976517240428,ok,
exp_constrained_pub_sub_xcdr__cpp_to_py__1000000B__10Hz__shmem_ds__best_effort,receive,sub,cpp_to_py,constrained_pub_sub,exp,xcdr,shmem_ds,1000000,10,1,measured,115,2026-09-09T14:26:16.617258Z,157170279391049,157170279150127,157170279391049,1788963976616968996,1788963976617012367,ok,
exp_constrained_pub_sub_xcdr__cpp_to_py__1000000B__10Hz__shmem_ds__best_effort,receive,sub,cpp_to_py,constrained_pub_sub,exp,xcdr,shmem_ds,1000000,10,1,measured,116,2026-09-09T14:26:16.717135Z,157170379229202,157170378892480,157170379229202,1788963976716724695,1788963976716783956,ok,
exp_constrained_pub_sub_xcdr__cpp_to_py__1000000B__10Hz__shmem_ds__best_effort,receive,sub,cpp_to_py,constrained_pub_sub,exp,xcdr,shmem_ds,1000000,10,1,measured,117,2026-09-09T14:26:16.817732Z,157170479859823,157170479565190,157170479859823,1788963976817385903,1788963976817428754,ok,
exp_constrained_pub_sub_xcdr__cpp_to_py__1000000B__10Hz__shmem_ds__best_effort,receive,sub,cpp_to_py,constrained_pub_sub,exp,xcdr,shmem_ds,1000000,10,1,measured,118,2026-09-09T14:26:16.918261Z,157170580389164,157170580118396,157170580389164,1788963976917943828,1788963976917988972,ok,
exp_constrained_pub_sub_xcdr__cpp_to_py__1000000B__10Hz__shmem_ds__best_effort,receive,sub,cpp_to_py,constrained_pub_sub,exp,xcdr,shmem_ds,1000000,10,1,measured,119,2026-09-09T14:26:17.018568Z,157170680696078,157170680412105,157170680696078,1788963977018233650,1788963977018279826,ok,
exp_constrained_pub_sub_xcdr__cpp_to_py__1000000B__10Hz__shmem_ds__best_effort,receive,sub,cpp_to_py,constrained_pub_sub,exp,xcdr,shmem_ds,1000000,10,1,measured,120,2026-09-09T14:26:17.119324Z,157170781451787,157170781165570,157170781451787,1788963977118987305,1788963977119034233,ok,
exp_constrained_pub_sub_xcdr__cpp_to_py__1000000B__10Hz__shmem_ds__best_effort,receive,sub,cpp_to_py,constrained_pub_sub,exp,xcdr,shmem_ds,1000000,10,1,measured,121,2026-09-09T14:26:17.218476Z,157170880603447,157170880312691,157170880603447,1788963977218137362,1788963977218182386,ok,
exp_constrained_pub_sub_xcdr__cpp_to_py__1000000B__10Hz__shmem_ds__best_effort,receive,sub,cpp_to_py,constrained_pub_sub,exp,xcdr,shmem_ds,1000000,10,1,measured,122,2026-09-09T14:26:17.318098Z,157170980225750,157170979955563,157170980225750,1788963977317773691,1788963977317819417,ok,
exp_constrained_pub_sub_xcdr__cpp_to_py__1000000B__10Hz__shmem_ds__best_effort,receive,sub,cpp_to_py,constrained_pub_sub,exp,xcdr,shmem_ds,1000000,10,1,measured,123,2026-09-09T14:26:17.417678Z,157171079806635,157171079544082,157171079806635,1788963977417364214,1788963977417407806,ok,
exp_constrained_pub_sub_xcdr__cpp_to_py__1000000B__10Hz__shmem_ds__best_effort,receive,sub,cpp_to_py,constrained_pub_sub,exp,xcdr,shmem_ds,1000000,10,1,measured,124,2026-09-09T14:26:17.517521Z,157171179654089,157171179383021,157171179654089,1788963977517201920,1788963977517241996,ok,
exp_constrained_pub_sub_xcdr__cpp_to_py__1000000B__10Hz__shmem_ds__best_effort,receive,sub,cpp_to_py,constrained_pub_sub,exp,xcdr,shmem_ds,1000000,10,1,measured,125,2026-09-09T14:26:17.617026Z,157171279122684,157171278753681,157171279122684,1788963977616575106,1788963977616641761,ok,
exp_constrained_pub_sub_xcdr__cpp_to_py__1000000B__10Hz__shmem_ds__best_effort,receive,sub,cpp_to_py,constrained_pub_sub,exp,xcdr,shmem_ds,1000000,10,1,measured,126,2026-09-09T14:26:17.717482Z,157171379615259,157171379387081,157171379615259,1788963977717205189,1788963977717245034,ok,
exp_constrained_pub_sub_xcdr__cpp_to_py__1000000B__10Hz__shmem_ds__best_effort,receive,sub,cpp_to_py,constrained_pub_sub,exp,xcdr,shmem_ds,1000000,10,1,measured,127,2026-09-09T14:26:17.817517Z,157171479648062,157171479348670,157171479648062,1788963977817167690,1788963977817211142,ok,
exp_constrained_pub_sub_xcdr__cpp_to_py__1000000B__10Hz__shmem_ds__best_effort,receive,sub,cpp_to_py,constrained_pub_sub,exp,xcdr,shmem_ds,1000000,10,1,measured,128,2026-09-09T14:26:17.917621Z,157171579719638,157171579126275,157171579719638,1788963977916962867,1788963977917050472,ok,
exp_constrained_pub_sub_xcdr__cpp_to_py__1000000B__10Hz__shmem_ds__best_effort,receive,sub,cpp_to_py,constrained_pub_sub,exp,xcdr,shmem_ds,1000000,10,1,measured,129,2026-09-09T14:26:18.018124Z,157171680235548,157171679728587,157171680235548,1788963978017558016,1788963978017622948,ok,
exp_constrained_pub_sub_xcdr__cpp_to_py__1000000B__10Hz__shmem_ds__best_effort,receive,sub,cpp_to_py,constrained_pub_sub,exp,xcdr,shmem_ds,1000000,10,1,measured,130,2026-09-09T14:26:18.117504Z,157171779636299,157171779420063,157171779636299,1788963978117240576,1788963978117282064,ok,
exp_constrained_pub_sub_xcdr__cpp_to_py__1000000B__10Hz__shmem_ds__best_effort,receive,sub,cpp_to_py,constrained_pub_sub,exp,xcdr,shmem_ds,1000000,10,1,measured,131,2026-09-09T14:26:18.217096Z,157171879207430,157171878730865,157171879207430,1788963978216574441,1788963978216672485,ok,
exp_constrained_pub_sub_xcdr__cpp_to_py__1000000B__10Hz__shmem_ds__best_effort,receive,sub,cpp_to_py,constrained_pub_sub,exp,xcdr,shmem_ds,1000000,10,1,measured,132,2026-09-09T14:26:18.317946Z,157171980066327,157171979474436,157171980066327,1788963978317313413,1788963978317413591,ok,
exp_constrained_pub_sub_xcdr__cpp_to_py__1000000B__10Hz__shmem_ds__best_effort,receive,sub,cpp_to_py,constrained_pub_sub,exp,xcdr,shmem_ds,1000000,10,1,measured,133,2026-09-09T14:26:18.418056Z,157172080184203,157172079919687,157172080184203,1788963978417737965,1788963978417783931,ok,
exp_constrained_pub_sub_xcdr__cpp_to_py__1000000B__10Hz__shmem_ds__best_effort,receive,sub,cpp_to_py,constrained_pub_sub,exp,xcdr,shmem_ds,1000000,10,1,measured,134,2026-09-09T14:26:18.518830Z,157172180945788,157172180719733,157172180945788,1788963978518538132,1788963978518576404,ok,
exp_constrained_pub_sub_xcdr__cpp_to_py__1000000B__10Hz__shmem_ds__best_effort,receive,sub,cpp_to_py,constrained_pub_sub,exp,xcdr,shmem_ds,1000000,10,1,measured,135,2026-09-09T14:26:18.619480Z,157172281610190,157172281414573,157172281610190,1788963978619227792,1788963978619255223,ok,
exp_constrained_pub_sub_xcdr__cpp_to_py__1000000B__10Hz__shmem_ds__best_effort,receive,sub,cpp_to_py,constrained_pub_sub,exp,xcdr,shmem_ds,1000000,10,1,measured,136,2026-09-09T14:26:18.718582Z,157172380712280,157172380500643,157172380712280,1788963978718319703,1788963978718357073,ok,
exp_constrained_pub_sub_xcdr__cpp_to_py__1000000B__10Hz__shmem_ds__best_effort,receive,sub,cpp_to_py,constrained_pub_sub,exp,xcdr,shmem_ds,1000000,10,1,measured,137,2026-09-09T14:26:18.819041Z,157172481180544,157172480963166,157172481180544,1788963978818779240,1788963978818818123,ok,
exp_constrained_pub_sub_xcdr__cpp_to_py__1000000B__10Hz__shmem_ds__best_effort,receive,sub,cpp_to_py,constrained_pub_sub,exp,xcdr,shmem_ds,1000000,10,1,measured,138,2026-09-09T14:26:18.918300Z,157172580424541,157172580202134,157172580424541,1788963978918019640,1788963978918059125,ok,
exp_constrained_pub_sub_xcdr__cpp_to_py__1000000B__10Hz__shmem_ds__best_effort,receive,sub,cpp_to_py,constrained_pub_sub,exp,xcdr,shmem_ds,1000000,10,1,measured,139,2026-09-09T14:26:19.017600Z,157172679742136,157172679551007,157172679742136,1788963979017367392,1788963979017403520,ok,
exp_constrained_pub_sub_xcdr__cpp_to_py__1000000B__10Hz__shmem_ds__best_effort,receive,sub,cpp_to_py,constrained_pub_sub,exp,xcdr,shmem_ds,1000000,10,1,measured,140,2026-09-09T14:26:19.118164Z,157172780251541,157172779885534,157172780251541,1788963979117715835,1788963979117771940,ok,
exp_constrained_pub_sub_xcdr__cpp_to_py__1000000B__10Hz__shmem_ds__best_effort,receive,sub,cpp_to_py,constrained_pub_sub,exp,xcdr,shmem_ds,1000000,10,1,measured,141,2026-09-09T14:26:19.217891Z,157172880018373,157172879760248,157172880018373,1788963979217580010,1788963979217623130,ok,
exp_constrained_pub_sub_xcdr__cpp_to_py__1000000B__10Hz__shmem_ds__best_effort,receive,sub,cpp_to_py,constrained_pub_sub,exp,xcdr,shmem_ds,1000000,10,1,measured,142,2026-09-09T14:26:19.317445Z,157172979573718,157172979337154,157172979573718,1788963979317155893,1788963979317195768,ok,
exp_constrained_pub_sub_xcdr__cpp_to_py__1000000B__10Hz__shmem_ds__best_effort,receive,sub,cpp_to_py,constrained_pub_sub,exp,xcdr,shmem_ds,1000000,10,1,measured,143,2026-09-09T14:26:19.417413Z,157173079503605,157173079165921,157173079503605,1788963979416996944,1788963979417058068,ok,
exp_constrained_pub_sub_xcdr__cpp_to_py__1000000B__10Hz__shmem_ds__best_effort,receive,sub,cpp_to_py,constrained_pub_sub,exp,xcdr,shmem_ds,1000000,10,1,measured,144,2026-09-09T14:26:19.517552Z,157173179687550,157173179455775,157173179687550,1788963979517272821,1788963979517308197,ok,
exp_constrained_pub_sub_xcdr__cpp_to_py__1000000B__10Hz__shmem_ds__best_effort,receive,sub,cpp_to_py,constrained_pub_sub,exp,xcdr,shmem_ds,1000000,10,1,measured,145,2026-09-09T14:26:19.617318Z,157173279435196,157173279198021,157173279435196,1788963979617016970,1788963979617061053,ok,
exp_constrained_pub_sub_xcdr__cpp_to_py__1000000B__10Hz__shmem_ds__best_effort,receive,sub,cpp_to_py,constrained_pub_sub,exp,xcdr,shmem_ds,1000000,10,1,measured,146,2026-09-09T14:26:19.717780Z,157173379901369,157173379672530,157173379901369,1788963979717491039,1788963979717528409,ok,
exp_constrained_pub_sub_xcdr__cpp_to_py__1000000B__10Hz__shmem_ds__best_effort,receive,sub,cpp_to_py,constrained_pub_sub,exp,xcdr,shmem_ds,1000000,10,1,measured,147,2026-09-09T14:26:19.816948Z,157173479099995,157173478935506,157173479099995,1788963979816745419,1788963979816767841,ok,
exp_constrained_pub_sub_xcdr__cpp_to_py__1000000B__10Hz__shmem_ds__best_effort,receive,sub,cpp_to_py,constrained_pub_sub,exp,xcdr,shmem_ds,1000000,10,1,measured,148,2026-09-09T14:26:19.917361Z,157173579492541,157173579265254,157173579492541,1788963979917083993,1788963979917127365,ok,
exp_constrained_pub_sub_xcdr__cpp_to_py__1000000B__10Hz__shmem_ds__best_effort,receive,sub,cpp_to_py,constrained_pub_sub,exp,xcdr,shmem_ds,1000000,10,1,measured,149,2026-09-09T14:26:20.016712Z,157173678802105,157173678492043,157173678802105,1788963980016321071,1788963980016381966,ok,
exp_constrained_pub_sub_xcdr__cpp_to_py__1000000B__10Hz__shmem_ds__best_effort,receive,sub,cpp_to_py,constrained_pub_sub,exp,xcdr,shmem_ds,1000000,10,1,measured,150,2026-09-09T14:26:20.116468Z,157173778572076,157173778302911,157173778572076,1788963980116127742,1788963980116182354,ok,
exp_constrained_pub_sub_xcdr__cpp_to_py__1000000B__10Hz__shmem_ds__best_effort,receive,sub,cpp_to_py,constrained_pub_sub,exp,xcdr,shmem_ds,1000000,10,1,measured,151,2026-09-09T14:26:20.216170Z,157173878271666,157173877996630,157173878271666,1788963980215843402,1788963980215884138,ok,
exp_constrained_pub_sub_xcdr__cpp_to_py__1000000B__10Hz__shmem_ds__best_effort,receive,sub,cpp_to_py,constrained_pub_sub,exp,xcdr,shmem_ds,1000000,10,1,measured,152,2026-09-09T14:26:20.316063Z,157173978208751,157173978039543,157173978208751,1788963980315849316,1788963980315879723,ok,
exp_constrained_pub_sub_xcdr__cpp_to_py__1000000B__10Hz__shmem_ds__best_effort,receive,sub,cpp_to_py,constrained_pub_sub,exp,xcdr,shmem_ds,1000000,10,1,measured,153,2026-09-09T14:26:20.416341Z,157174078502966,157174078373032,157174078502966,1788963980416180079,1788963980416203994,ok,
exp_constrained_pub_sub_xcdr__cpp_to_py__1000000B__10Hz__shmem_ds__best_effort,receive,sub,cpp_to_py,constrained_pub_sub,exp,xcdr,shmem_ds,1000000,10,1,measured,154,2026-09-09T14:26:20.517226Z,157174179326605,157174178818081,157174179326605,1788963980516655194,1788963980516713884,ok,
exp_constrained_pub_sub_xcdr__cpp_to_py__1000000B__10Hz__shmem_ds__best_effort,receive,sub,cpp_to_py,constrained_pub_sub,exp,xcdr,shmem_ds,1000000,10,1,measured,155,2026-09-09T14:26:20.616892Z,157174279024420,157174278820017,157174279024420,1788963980616638666,1788963980616677599,ok,
exp_constrained_pub_sub_xcdr__cpp_to_py__1000000B__10Hz__shmem_ds__best_effort,receive,sub,cpp_to_py,constrained_pub_sub,exp,xcdr,shmem_ds,1000000,10,1,measured,156,2026-09-09T14:26:20.717064Z,157174379174816,157174378818507,157174379174816,1788963980716639561,1788963980716691529,ok,
exp_constrained_pub_sub_xcdr__cpp_to_py__1000000B__10Hz__shmem_ds__best_effort,receive,sub,cpp_to_py,constrained_pub_sub,exp,xcdr,shmem_ds,1000000,10,1,measured,157,2026-09-09T14:26:20.816814Z,157174478925692,157174478599059,157174478925692,1788963980816418349,1788963980816463083,ok,
exp_constrained_pub_sub_xcdr__cpp_to_py__1000000B__10Hz__shmem_ds__best_effort,receive,sub,cpp_to_py,constrained_pub_sub,exp,xcdr,shmem_ds,1000000,10,1,measured,158,2026-09-09T14:26:20.917460Z,157174579565625,157174579273667,157174579565625,1788963980917101624,1788963980917159342,ok,
exp_constrained_pub_sub_xcdr__cpp_to_py__1000000B__10Hz__shmem_ds__best_effort,receive,sub,cpp_to_py,constrained_pub_sub,exp,xcdr,shmem_ds,1000000,10,1,measured,159,2026-09-09T14:26:21.016834Z,157174678924206,157174678639281,157174678924206,1788963981016470023,1788963981016522892,ok,
exp_constrained_pub_sub_xcdr__cpp_to_py__1000000B__10Hz__shmem_ds__best_effort,receive,sub,cpp_to_py,constrained_pub_sub,exp,xcdr,shmem_ds,1000000,10,1,measured,160,2026-09-09T14:26:21.116404Z,157174778517930,157174778305682,157174778517930,1788963981116125984,1788963981116161771,ok,
exp_constrained_pub_sub_xcdr__cpp_to_py__1000000B__10Hz__shmem_ds__best_effort,receive,sub,cpp_to_py,constrained_pub_sub,exp,xcdr,shmem_ds,1000000,10,1,measured,161,2026-09-09T14:26:21.216632Z,157174878731428,157174878443618,157174878731428,1788963981216272657,1788963981216331106,ok,
exp_constrained_pub_sub_xcdr__cpp_to_py__1000000B__10Hz__shmem_ds__best_effort,receive,sub,cpp_to_py,constrained_pub_sub,exp,xcdr,shmem_ds,1000000,10,1,measured,162,2026-09-09T14:26:21.315497Z,157174977656708,157174977517357,157174977656708,1788963981315324915,1788963981315342518,ok,
exp_constrained_pub_sub_xcdr__cpp_to_py__1000000B__10Hz__shmem_ds__best_effort,receive,sub,cpp_to_py,constrained_pub_sub,exp,xcdr,shmem_ds,1000000,10,1,measured,163,2026-09-09T14:26:21.415148Z,157175077264920,157175076996617,157175077264920,1788963981414819353,1788963981414856734,ok,
exp_constrained_pub_sub_xcdr__cpp_to_py__1000000B__10Hz__shmem_ds__best_effort,receive,sub,cpp_to_py,constrained_pub_sub,exp,xcdr,shmem_ds,1000000,10,1,measured,164,2026-09-09T14:26:21.514999Z,157175177134472,157175176865007,157175177134472,1788963981514682504,1788963981514725264,ok,
exp_constrained_pub_sub_xcdr__cpp_to_py__1000000B__10Hz__shmem_ds__best_effort,receive,sub,cpp_to_py,constrained_pub_sub,exp,xcdr,shmem_ds,1000000,10,1,measured,165,2026-09-09T14:26:21.615020Z,157175277133317,157175276815952,157175277133317,1788963981614638829,1788963981614681058,ok,
exp_constrained_pub_sub_xcdr__cpp_to_py__1000000B__10Hz__shmem_ds__best_effort,receive,sub,cpp_to_py,constrained_pub_sub,exp,xcdr,shmem_ds,1000000,10,1,measured,166,2026-09-09T14:26:21.714372Z,157175376499956,157175376249606,157175376499956,1788963981714068976,1788963981714109422,ok,
exp_constrained_pub_sub_xcdr__cpp_to_py__1000000B__10Hz__shmem_ds__best_effort,receive,sub,cpp_to_py,constrained_pub_sub,exp,xcdr,shmem_ds,1000000,10,1,measured,167,2026-09-09T14:26:21.814593Z,157175476715848,157175476505313,157175476715848,1788963981814319223,1788963981814353257,ok,
exp_constrained_pub_sub_xcdr__cpp_to_py__1000000B__10Hz__shmem_ds__best_effort,receive,sub,cpp_to_py,constrained_pub_sub,exp,xcdr,shmem_ds,1000000,10,1,measured,168,2026-09-09T14:26:21.915607Z,157175577720140,157175577484187,157175577720140,1788963981915303187,1788963981915343232,ok,
exp_constrained_pub_sub_xcdr__cpp_to_py__1000000B__10Hz__shmem_ds__best_effort,receive,sub,cpp_to_py,constrained_pub_sub,exp,xcdr,shmem_ds,1000000,10,1,measured,169,2026-09-09T14:26:22.016346Z,157175678477820,157175678294085,157175678477820,1788963982016106412,1788963982016137781,ok,
exp_constrained_pub_sub_xcdr__cpp_to_py__1000000B__10Hz__shmem_ds__best_effort,receive,sub,cpp_to_py,constrained_pub_sub,exp,xcdr,shmem_ds,1000000,10,1,measured,170,2026-09-09T14:26:22.116201Z,157175778321797,157175778082608,157175778321797,1788963982115900255,1788963982115931544,ok,
exp_constrained_pub_sub_xcdr__cpp_to_py__1000000B__10Hz__shmem_ds__best_effort,receive,sub,cpp_to_py,constrained_pub_sub,exp,xcdr,shmem_ds,1000000,10,1,measured,171,2026-09-09T14:26:22.216104Z,157175878237640,157175878064144,157175878237640,1788963982215877453,1788963982215902250,ok,
exp_constrained_pub_sub_xcdr__cpp_to_py__1000000B__10Hz__shmem_ds__best_effort,receive,sub,cpp_to_py,constrained_pub_sub,exp,xcdr,shmem_ds,1000000,10,1,measured,172,2026-09-09T14:26:22.315607Z,157175977740658,157175977541925,157175977740658,1788963982315353842,1788963982315380051,ok,
exp_constrained_pub_sub_xcdr__cpp_to_py__1000000B__10Hz__shmem_ds__best_effort,receive,sub,cpp_to_py,constrained_pub_sub,exp,xcdr,shmem_ds,1000000,10,1,measured,173,2026-09-09T14:26:22.415620Z,157176077755838,157176077479138,157176077755838,1788963982415303047,1788963982415346228,ok,
exp_constrained_pub_sub_xcdr__cpp_to_py__1000000B__10Hz__shmem_ds__best_effort,receive,sub,cpp_to_py,constrained_pub_sub,exp,xcdr,shmem_ds,1000000,10,1,measured,174,2026-09-09T14:26:22.515234Z,157176177372700,157176177121298,157176177372700,1788963982514940848,1788963982514987065,ok,
exp_constrained_pub_sub_xcdr__cpp_to_py__1000000B__10Hz__shmem_ds__best_effort,receive,sub,cpp_to_py,constrained_pub_sub,exp,xcdr,shmem_ds,1000000,10,1,measured,175,2026-09-09T14:26:22.614714Z,157176276855650,157176276657919,157176276855650,1788963982614474735,1788963982614506104,ok,
exp_constrained_pub_sub_xcdr__cpp_to_py__1000000B__10Hz__shmem_ds__best_effort,receive,sub,cpp_to_py,constrained_pub_sub,exp,xcdr,shmem_ds,1000000,10,1,measured,176,2026-09-09T14:26:22.714667Z,157176376797882,157176376574843,157176376797882,1788963982714396228,1788963982714439158,ok,
exp_constrained_pub_sub_xcdr__cpp_to_py__1000000B__10Hz__shmem_ds__best_effort,receive,sub,cpp_to_py,constrained_pub_sub,exp,xcdr,shmem_ds,1000000,10,1,measured,177,2026-09-09T14:26:22.815072Z,157176477203444,157176476967130,157176477203444,1788963982814790238,1788963982814837326,ok,
exp_constrained_pub_sub_xcdr__cpp_to_py__1000000B__10Hz__shmem_ds__best_effort,receive,sub,cpp_to_py,constrained_pub_sub,exp,xcdr,shmem_ds,1000000,10,1,measured,178,2026-09-09T14:26:22.914306Z,157176576394517,157176576085426,157176576394517,1788963982913917421,1788963982913980479,ok,
exp_constrained_pub_sub_xcdr__cpp_to_py__1000000B__10Hz__shmem_ds__best_effort,receive,sub,cpp_to_py,constrained_pub_sub,exp,xcdr,shmem_ds,1000000,10,1,measured,179,2026-09-09T14:26:23.014274Z,157176676361115,157176676044000,157176676361115,1788963983013877417,1788963983013940846,ok,
exp_constrained_pub_sub_xcdr__cpp_to_py__1000000B__10Hz__shmem_ds__best_effort,receive,sub,cpp_to_py,constrained_pub_sub,exp,xcdr,shmem_ds,1000000,10,1,measured,180,2026-09-09T14:26:23.113814Z,157176775934559,157176775704969,157176775934559,1788963983113524640,1788963983113566749,ok,
exp_constrained_pub_sub_xcdr__cpp_to_py__1000000B__10Hz__shmem_ds__best_effort,receive,sub,cpp_to_py,constrained_pub_sub,exp,xcdr,shmem_ds,1000000,10,1,measured,181,2026-09-09T14:26:23.214575Z,157176876704038,157176876351426,157176876704038,1788963983214194501,1788963983214256257,ok,
exp_constrained_pub_sub_xcdr__cpp_to_py__1000000B__10Hz__shmem_ds__best_effort,receive,sub,cpp_to_py,constrained_pub_sub,exp,xcdr,shmem_ds,1000000,10,1,measured,182,2026-09-09T14:26:23.314283Z,157176976401485,157176976167256,157176976401485,1788963983313987899,1788963983314028715,ok,
exp_constrained_pub_sub_xcdr__cpp_to_py__1000000B__10Hz__shmem_ds__best_effort,receive,sub,cpp_to_py,constrained_pub_sub,exp,xcdr,shmem_ds,1000000,10,1,measured,183,2026-09-09T14:26:23.413611Z,157177075757281,157177075592662,157177075757281,1788963983413411090,1788963983413447940,ok,
exp_constrained_pub_sub_xcdr__cpp_to_py__1000000B__10Hz__shmem_ds__best_effort,receive,sub,cpp_to_py,constrained_pub_sub,exp,xcdr,shmem_ds,1000000,10,1,measured,184,2026-09-09T14:26:23.512595Z,157177174725780,157177174495188,157177174725780,1788963983512316111,1788963983512354333,ok,
exp_constrained_pub_sub_xcdr__cpp_to_py__1000000B__10Hz__shmem_ds__best_effort,receive,sub,cpp_to_py,constrained_pub_sub,exp,xcdr,shmem_ds,1000000,10,1,measured,185,2026-09-09T14:26:23.613043Z,157177275170830,157177274895974,157177275170830,1788963983612724943,1788963983612774456,ok,
exp_constrained_pub_sub_xcdr__cpp_to_py__1000000B__10Hz__shmem_ds__best_effort,receive,sub,cpp_to_py,constrained_pub_sub,exp,xcdr,shmem_ds,1000000,10,1,measured,186,2026-09-09T14:26:23.712385Z,157177374516688,157177374306283,157177374516688,1788963983712126284,1788963983712165097,ok,
exp_constrained_pub_sub_xcdr__cpp_to_py__1000000B__10Hz__shmem_ds__best_effort,receive,sub,cpp_to_py,constrained_pub_sub,exp,xcdr,shmem_ds,1000000,10,1,measured,187,2026-09-09T14:26:23.811779Z,157177473927807,157177473772496,157177473927807,1788963983811592267,1788963983811616593,ok,
exp_constrained_pub_sub_xcdr__cpp_to_py__1000000B__10Hz__shmem_ds__best_effort,receive,sub,cpp_to_py,constrained_pub_sub,exp,xcdr,shmem_ds,1000000,10,1,measured,188,2026-09-09T14:26:23.912875Z,157177574997980,157177574582591,157177574997980,1788963983912418342,1788963983912493643,ok,
exp_constrained_pub_sub_xcdr__cpp_to_py__1000000B__10Hz__shmem_ds__best_effort,receive,sub,cpp_to_py,constrained_pub_sub,exp,xcdr,shmem_ds,1000000,10,1,measured,189,2026-09-09T14:26:24.013753Z,157177675822432,157177675290584,157177675822432,1788963984013132036,1788963984013214741,ok,
exp_constrained_pub_sub_xcdr__cpp_to_py__1000000B__10Hz__shmem_ds__best_effort,receive,sub,cpp_to_py,constrained_pub_sub,exp,xcdr,shmem_ds,1000000,10,1,measured,190,2026-09-09T14:26:24.112913Z,157177775054860,157177774866066,157177775054860,1788963984112681268,1788963984112709521,ok,
exp_constrained_pub_sub_xcdr__cpp_to_py__1000000B__10Hz__shmem_ds__best_effort,receive,sub,cpp_to_py,constrained_pub_sub,exp,xcdr,shmem_ds,1000000,10,1,measured,191,2026-09-09T14:26:24.212254Z,157177874386604,157177874088846,157177874386604,1788963984211909018,1788963984211954313,ok,
exp_constrained_pub_sub_xcdr__cpp_to_py__1000000B__10Hz__shmem_ds__best_effort,receive,sub,cpp_to_py,constrained_pub_sub,exp,xcdr,shmem_ds,1000000,10,1,measured,192,2026-09-09T14:26:24.312621Z,157177974751037,157177974521787,157177974751037,1788963984312342289,1788963984312384258,ok,
exp_constrained_pub_sub_xcdr__cpp_to_py__1000000B__10Hz__shmem_ds__best_effort,receive,sub,cpp_to_py,constrained_pub_sub,exp,xcdr,shmem_ds,1000000,10,1,measured,193,2026-09-09T14:26:24.413554Z,157178075676492,157178075462089,157178075676492,1788963984413284325,1788963984413327406,ok,
exp_constrained_pub_sub_xcdr__cpp_to_py__1000000B__10Hz__shmem_ds__best_effort,receive,sub,cpp_to_py,constrained_pub_sub,exp,xcdr,shmem_ds,1000000,10,1,measured,194,2026-09-09T14:26:24.513128Z,157178175257905,157178175013246,157178175257905,1788963984512833388,1788963984512873884,ok,
exp_constrained_pub_sub_xcdr__cpp_to_py__1000000B__10Hz__shmem_ds__best_effort,receive,sub,cpp_to_py,constrained_pub_sub,exp,xcdr,shmem_ds,1000000,10,1,measured,195,2026-09-09T14:26:24.612389Z,157178274487488,157178274199788,157178274487488,1788963984612029127,1788963984612088959,ok,
exp_constrained_pub_sub_xcdr__cpp_to_py__1000000B__10Hz__shmem_ds__best_effort,receive,sub,cpp_to_py,constrained_pub_sub,exp,xcdr,shmem_ds,1000000,10,1,measured,196,2026-09-09T14:26:24.712413Z,157178374544594,157178374309302,157178374544594,1788963984712130556,1788963984712172204,ok,
exp_constrained_pub_sub_xcdr__cpp_to_py__1000000B__10Hz__shmem_ds__best_effort,receive,sub,cpp_to_py,constrained_pub_sub,exp,xcdr,shmem_ds,1000000,10,1,measured,197,2026-09-09T14:26:24.812573Z,157178474721524,157178474561935,157178474721524,1788963984812379963,1788963984812408546,ok,
exp_constrained_pub_sub_xcdr__cpp_to_py__1000000B__10Hz__shmem_ds__best_effort,receive,sub,cpp_to_py,constrained_pub_sub,exp,xcdr,shmem_ds,1000000,10,1,measured,198,2026-09-09T14:26:24.912008Z,157178574135633,157178573910601,157178574135633,1788963984911732626,1788963984911776569,ok,
exp_constrained_pub_sub_xcdr__cpp_to_py__1000000B__10Hz__shmem_ds__best_effort,receive,sub,cpp_to_py,constrained_pub_sub,exp,xcdr,shmem_ds,1000000,10,1,measured,199,2026-09-09T14:26:25.012922Z,157178674998632,157178674668022,157178674998632,1788963985012498663,1788963985012557474,ok,
exp_constrained_pub_sub_xcdr__cpp_to_py__1000000B__10Hz__shmem_ds__best_effort,receive,sub,cpp_to_py,constrained_pub_sub,exp,xcdr,shmem_ds,1000000,10,1,measured,200,2026-09-09T14:26:25.112791Z,157178774878559,157178774537069,157178774878559,1788963985112368321,1788963985112428284,ok,
exp_constrained_pub_sub_xcdr__cpp_to_py__1000000B__10Hz__shmem_ds__best_effort,receive,sub,cpp_to_py,constrained_pub_sub,exp,xcdr,shmem_ds,1000000,10,1,measured,201,2026-09-09T14:26:25.211718Z,157178873858057,157178873658362,157178873858057,1788963985211473875,1788963985211506055,ok,
exp_constrained_pub_sub_xcdr__cpp_to_py__1000000B__10Hz__shmem_ds__best_effort,receive,sub,cpp_to_py,constrained_pub_sub,exp,xcdr,shmem_ds,1000000,10,1,measured,202,2026-09-09T14:26:25.311345Z,157178973430817,157178973072816,157178973430817,1788963985310903247,1788963985310966525,ok,
exp_constrained_pub_sub_xcdr__cpp_to_py__1000000B__10Hz__shmem_ds__best_effort,receive,sub,cpp_to_py,constrained_pub_sub,exp,xcdr,shmem_ds,1000000,10,1,measured,203,2026-09-09T14:26:25.411983Z,157179074101408,157179073851159,157179074101408,1788963985411669206,1788963985411706246,ok,
exp_constrained_pub_sub_xcdr__cpp_to_py__1000000B__10Hz__shmem_ds__best_effort,receive,sub,cpp_to_py,constrained_pub_sub,exp,xcdr,shmem_ds,1000000,10,1,measured,204,2026-09-09T14:26:25.511906Z,157179174028194,157179173794275,157179174028194,1788963985511609036,1788963985511642980,ok,
exp_constrained_pub_sub_xcdr__cpp_to_py__1000000B__10Hz__shmem_ds__best_effort,receive,sub,cpp_to_py,constrained_pub_sub,exp,xcdr,shmem_ds,1000000,10,1,measured,205,2026-09-09T14:26:25.612615Z,157179274719022,157179274437955,157179274719022,1788963985612259138,1788963985612312088,ok,
exp_constrained_pub_sub_xcdr__cpp_to_py__1000000B__10Hz__shmem_ds__best_effort,receive,sub,cpp_to_py,constrained_pub_sub,exp,xcdr,shmem_ds,1000000,10,1,measured,206,2026-09-09T14:26:25.712484Z,157179374576376,157179374257017,157179374576376,1788963985712085585,1788963985712144636,ok,
exp_constrained_pub_sub_xcdr__cpp_to_py__1000000B__10Hz__shmem_ds__best_effort,receive,sub,cpp_to_py,constrained_pub_sub,exp,xcdr,shmem_ds,1000000,10,1,measured,207,2026-09-09T14:26:25.812216Z,157179474335147,157179474107620,157179474335147,1788963985811924686,1788963985811961145,ok,
exp_constrained_pub_sub_xcdr__cpp_to_py__1000000B__10Hz__shmem_ds__best_effort,receive,sub,cpp_to_py,constrained_pub_sub,exp,xcdr,shmem_ds,1000000,10,1,measured,208,2026-09-09T14:26:25.911829Z,157179573943394,157179573699176,157179573943394,1788963985911518216,1788963985911562689,ok,
exp_constrained_pub_sub_xcdr__cpp_to_py__1000000B__10Hz__shmem_ds__best_effort,receive,sub,cpp_to_py,constrained_pub_sub,exp,xcdr,shmem_ds,1000000,10,1,measured,209,2026-09-09T14:26:26.011241Z,157179673331599,157179672990639,157179673331599,1788963986010831280,1788963986010894979,ok,
exp_constrained_pub_sub_xcdr__cpp_to_py__1000000B__10Hz__shmem_ds__best_effort,receive,sub,cpp_to_py,constrained_pub_sub,exp,xcdr,shmem_ds,1000000,10,1,measured,210,2026-09-09T14:26:26.110593Z,157179772682868,157179772361455,157179772682868,1788963986110190954,1788963986110249354,ok,
exp_constrained_pub_sub_xcdr__cpp_to_py__1000000B__10Hz__shmem_ds__best_effort,receive,sub,cpp_to_py,constrained_pub_sub,exp,xcdr,shmem_ds,1000000,10,1,measured,211,2026-09-09T14:26:26.209872Z,157179871987450,157179871767187,157179871987450,1788963986209587269,1788963986209627865,ok,
exp_constrained_pub_sub_xcdr__cpp_to_py__1000000B__10Hz__shmem_ds__best_effort,receive,sub,cpp_to_py,constrained_pub_sub,exp,xcdr,shmem_ds,1000000,10,1,measured,212,2026-09-09T14:26:26.310624Z,157179972752401,157179972524093,157179972752401,1788963986310343393,1788963986310386574,ok,
exp_constrained_pub_sub_xcdr__cpp_to_py__1000000B__10Hz__shmem_ds__best_effort,receive,sub,cpp_to_py,constrained_pub_sub,exp,xcdr,shmem_ds,1000000,10,1,measured,213,2026-09-09T14:26:26.410567Z,157180072704299,157180072474497,157180072704299,1788963986410299628,1788963986410350855,ok,
exp_constrained_pub_sub_xcdr__cpp_to_py__1000000B__10Hz__shmem_ds__best_effort,receive,sub,cpp_to_py,constrained_pub_sub,exp,xcdr,shmem_ds,1000000,10,1,measured,214,2026-09-09T14:26:26.510147Z,157180172238580,157180171906527,157180172238580,1788963986509735426,1788963986509784347,ok,
exp_constrained_pub_sub_xcdr__cpp_to_py__1000000B__10Hz__shmem_ds__best_effort,receive,sub,cpp_to_py,constrained_pub_sub,exp,xcdr,shmem_ds,1000000,10,1,measured,215,2026-09-09T14:26:26.609230Z,157180271361279,157180271122111,157180271361279,1788963986608941842,1788963986608984732,ok,
exp_constrained_pub_sub_xcdr__cpp_to_py__1000000B__10Hz__shmem_ds__best_effort,receive,sub,cpp_to_py,constrained_pub_sub,exp,xcdr,shmem_ds,1000000,10,1,measured,216,2026-09-09T14:26:26.708581Z,157180370716776,157180370497384,157180370716776,1788963986708315663,1788963986708354916,ok,
exp_constrained_pub_sub_xcdr__cpp_to_py__1000000B__10Hz__shmem_ds__best_effort,receive,sub,cpp_to_py,constrained_pub_sub,exp,xcdr,shmem_ds,1000000,10,1,measured,217,2026-09-09T14:26:26.807940Z,157180470068376,157180469822164,157180470068376,1788963986807641284,1788963986807683513,ok,
exp_constrained_pub_sub_xcdr__cpp_to_py__1000000B__10Hz__shmem_ds__best_effort,receive,sub,cpp_to_py,constrained_pub_sub,exp,xcdr,shmem_ds,1000000,10,1,measured,218,2026-09-09T14:26:26.907371Z,157180569466162,157180569172951,157180569466162,1788963986907002561,1788963986907059778,ok,
exp_constrained_pub_sub_xcdr__cpp_to_py__1000000B__10Hz__shmem_ds__best_effort,receive,sub,cpp_to_py,constrained_pub_sub,exp,xcdr,shmem_ds,1000000,10,1,measured,219,2026-09-09T14:26:27.006779Z,157180668876090,157180668582850,157180668876090,1788963987006411247,1788963987006469827,ok,
exp_constrained_pub_sub_xcdr__cpp_to_py__1000000B__10Hz__shmem_ds__best_effort,receive,sub,cpp_to_py,constrained_pub_sub,exp,xcdr,shmem_ds,1000000,10,1,measured,220,2026-09-09T14:26:27.107706Z,157180769797981,157180769468492,157180769797981,1788963987107299384,1788963987107359868,ok,
exp_constrained_pub_sub_xcdr__cpp_to_py__1000000B__10Hz__shmem_ds__best_effort,receive,sub,cpp_to_py,constrained_pub_sub,exp,xcdr,shmem_ds,1000000,10,1,measured,221,2026-09-09T14:26:27.207429Z,157180869546168,157180869308973,157180869546168,1788963987207128023,1788963987207163259,ok,
exp_constrained_pub_sub_xcdr__cpp_to_py__1000000B__10Hz__shmem_ds__best_effort,receive,sub,cpp_to_py,constrained_pub_sub,exp,xcdr,shmem_ds,1000000,10,1,measured,222,2026-09-09T14:26:27.307167Z,157180969298474,157180969045629,157180969298474,1788963987306864669,1788963987306905766,ok,
exp_constrained_pub_sub_xcdr__cpp_to_py__1000000B__10Hz__shmem_ds__best_effort,receive,sub,cpp_to_py,constrained_pub_sub,exp,xcdr,shmem_ds,1000000,10,1,measured,223,2026-09-09T14:26:27.406503Z,157181068599131,157181068306793,157181068599131,1788963987406126584,1788963987406165457,ok,
exp_constrained_pub_sub_xcdr__cpp_to_py__1000000B__10Hz__shmem_ds__best_effort,receive,sub,cpp_to_py,constrained_pub_sub,exp,xcdr,shmem_ds,1000000,10,1,measured,224,2026-09-09T14:26:27.505651Z,157181167781266,157181167556014,157181167781266,1788963987505375554,1788963987505417443,ok,
exp_constrained_pub_sub_xcdr__cpp_to_py__1000000B__10Hz__shmem_ds__best_effort,receive,sub,cpp_to_py,constrained_pub_sub,exp,xcdr,shmem_ds,1000000,10,1,measured,225,2026-09-09T14:26:27.605666Z,157181267776036,157181267456246,157181267776036,1788963987605283882,1788963987605344526,ok,
exp_constrained_pub_sub_xcdr__cpp_to_py__1000000B__10Hz__shmem_ds__best_effort,receive,sub,cpp_to_py,constrained_pub_sub,exp,xcdr,shmem_ds,1000000,10,1,measured,226,2026-09-09T14:26:27.704947Z,157181367058109,157181366803772,157181367058109,1788963987704625326,1788963987704665321,ok,
exp_constrained_pub_sub_xcdr__cpp_to_py__1000000B__10Hz__shmem_ds__best_effort,receive,sub,cpp_to_py,constrained_pub_sub,exp,xcdr,shmem_ds,1000000,10,1,measured,227,2026-09-09T14:26:27.804426Z,157181466514579,157181466181264,157181466514579,1788963987804012476,1788963987804076196,ok,
exp_constrained_pub_sub_xcdr__cpp_to_py__1000000B__10Hz__shmem_ds__best_effort,receive,sub,cpp_to_py,constrained_pub_sub,exp,xcdr,shmem_ds,1000000,10,1,measured,228,2026-09-09T14:26:27.903910Z,157181566038836,157181565752559,157181566038836,1788963987903571088,1788963987903615150,ok,
exp_constrained_pub_sub_xcdr__cpp_to_py__1000000B__10Hz__shmem_ds__best_effort,receive,sub,cpp_to_py,constrained_pub_sub,exp,xcdr,shmem_ds,1000000,10,1,measured,229,2026-09-09T14:26:28.004644Z,157181666776010,157181666535168,157181666776010,1788963988004364146,1788963988004422686,ok,
exp_constrained_pub_sub_xcdr__cpp_to_py__1000000B__10Hz__shmem_ds__best_effort,receive,sub,cpp_to_py,constrained_pub_sub,exp,xcdr,shmem_ds,1000000,10,1,measured,230,2026-09-09T14:26:28.104853Z,157181766990918,157181766795892,157181766990918,1788963988104617226,1788963988104649847,ok,
exp_constrained_pub_sub_xcdr__cpp_to_py__1000000B__10Hz__shmem_ds__best_effort,receive,sub,cpp_to_py,constrained_pub_sub,exp,xcdr,shmem_ds,1000000,10,1,measured,231,2026-09-09T14:26:28.204490Z,157181866624133,157181866444746,157181866624133,1788963988204254699,1788963988204272943,ok,
exp_constrained_pub_sub_xcdr__cpp_to_py__1000000B__10Hz__shmem_ds__best_effort,receive,sub,cpp_to_py,constrained_pub_sub,exp,xcdr,shmem_ds,1000000,10,1,measured,232,2026-09-09T14:26:28.305341Z,157181967474864,157181967287472,157181967474864,1788963988305098086,1788963988305121861,ok,
exp_constrained_pub_sub_xcdr__cpp_to_py__1000000B__10Hz__shmem_ds__best_effort,receive,sub,cpp_to_py,constrained_pub_sub,exp,xcdr,shmem_ds,1000000,10,1,measured,233,2026-09-09T14:26:28.405062Z,157182067206604,157182067021046,157182067206604,1788963988404833213,1788963988404860284,ok,
exp_constrained_pub_sub_xcdr__cpp_to_py__1000000B__10Hz__shmem_ds__best_effort,receive,sub,cpp_to_py,constrained_pub_sub,exp,xcdr,shmem_ds,1000000,10,1,measured,234,2026-09-09T14:26:28.505482Z,157182167575871,157182167290946,157182167575871,1788963988505119153,1788963988505170239,ok,
exp_constrained_pub_sub_xcdr__cpp_to_py__1000000B__10Hz__shmem_ds__best_effort,receive,sub,cpp_to_py,constrained_pub_sub,exp,xcdr,shmem_ds,1000000,10,1,measured,235,2026-09-09T14:26:28.605377Z,157182267497197,157182267279589,157182267497197,1788963988605098328,1788963988605136760,ok,
exp_constrained_pub_sub_xcdr__cpp_to_py__1000000B__10Hz__shmem_ds__best_effort,receive,sub,cpp_to_py,constrained_pub_sub,exp,xcdr,shmem_ds,1000000,10,1,measured,236,2026-09-09T14:26:28.705201Z,157182367330128,157182367075831,157182367330128,1788963988704894730,1788963988704935857,ok,
exp_constrained_pub_sub_xcdr__cpp_to_py__1000000B__10Hz__shmem_ds__best_effort,receive,sub,cpp_to_py,constrained_pub_sub,exp,xcdr,shmem_ds,1000000,10,1,measured,237,2026-09-09T14:26:28.805409Z,157182467544614,157182467324952,157182467544614,1788963988805141838,1788963988805176433,ok,
exp_constrained_pub_sub_xcdr__cpp_to_py__1000000B__10Hz__shmem_ds__best_effort,receive,sub,cpp_to_py,constrained_pub_sub,exp,xcdr,shmem_ds,1000000,10,1,measured,238,2026-09-09T14:26:28.906318Z,157182568446671,157182568215547,157182568446671,1788963988906034136,1788963988906075233,ok,
exp_constrained_pub_sub_xcdr__cpp_to_py__1000000B__10Hz__shmem_ds__best_effort,receive,sub,cpp_to_py,constrained_pub_sub,exp,xcdr,shmem_ds,1000000,10,1,measured,239,2026-09-09T14:26:29.005870Z,157182667947779,157182667636024,157182667947779,1788963989005466996,1788963989005533010,ok,
exp_constrained_pub_sub_xcdr__cpp_to_py__1000000B__10Hz__shmem_ds__best_effort,receive,sub,cpp_to_py,constrained_pub_sub,exp,xcdr,shmem_ds,1000000,10,1,measured,240,2026-09-09T14:26:29.105552Z,157182767672090,157182767455723,157182767672090,1788963989105273661,1788963989105310621,ok,
exp_constrained_pub_sub_xcdr__cpp_to_py__1000000B__10Hz__shmem_ds__best_effort,receive,sub,cpp_to_py,constrained_pub_sub,exp,xcdr,shmem_ds,1000000,10,1,measured,241,2026-09-09T14:26:29.206178Z,157182868308041,157182868072208,157182868308041,1788963989205890927,1788963989205929099,ok,
exp_constrained_pub_sub_xcdr__cpp_to_py__1000000B__10Hz__shmem_ds__best_effort,receive,sub,cpp_to_py,constrained_pub_sub,exp,xcdr,shmem_ds,1000000,10,1,measured,242,2026-09-09T14:26:29.306675Z,157182968738005,157182968366368,157182968738005,1788963989306189696,1788963989306240321,ok,
exp_constrained_pub_sub_xcdr__cpp_to_py__1000000B__10Hz__shmem_ds__best_effort,receive,sub,cpp_to_py,constrained_pub_sub,exp,xcdr,shmem_ds,1000000,10,1,measured,243,2026-09-09T14:26:29.405823Z,157183067901984,157183067597212,157183067901984,1788963989405427403,1788963989405485061,ok,
exp_constrained_pub_sub_xcdr__cpp_to_py__1000000B__10Hz__shmem_ds__best_effort,receive,sub,cpp_to_py,constrained_pub_sub,exp,xcdr,shmem_ds,1000000,10,1,measured,244,2026-09-09T14:26:29.506139Z,157183168277136,157183168062684,157183168277136,1788963989505878077,1788963989505907001,ok,
exp_constrained_pub_sub_xcdr__cpp_to_py__1000000B__10Hz__shmem_ds__best_effort,receive,sub,cpp_to_py,constrained_pub_sub,exp,xcdr,shmem_ds,1000000,10,1,measured,245,2026-09-09T14:26:29.606485Z,157183268612824,157183268325475,157183268612824,1788963989606143713,1788963989606185732,ok,
exp_constrained_pub_sub_xcdr__cpp_to_py__1000000B__10Hz__shmem_ds__best_effort,receive,sub,cpp_to_py,constrained_pub_sub,exp,xcdr,shmem_ds,1000000,10,1,measured,246,2026-09-09T14:26:29.707338Z,157183369450163,157183369211525,157183369450163,1788963989707030916,1788963989707072504,ok,
exp_constrained_pub_sub_xcdr__cpp_to_py__1000000B__10Hz__shmem_ds__best_effort,receive,sub,cpp_to_py,constrained_pub_sub,exp,xcdr,shmem_ds,1000000,10,1,measured,247,2026-09-09T14:26:29.806869Z,157183468946425,157183468701125,157183468946425,1788963989806523211,1788963989806564338,ok,
exp_constrained_pub_sub_xcdr__cpp_to_py__1000000B__10Hz__shmem_ds__best_effort,receive,sub,cpp_to_py,constrained_pub_sub,exp,xcdr,shmem_ds,1000000,10,1,measured,248,2026-09-09T14:26:29.907605Z,157183569709696,157183569414522,157183569709696,1788963989907241266,1788963989907291390,ok,
exp_constrained_pub_sub_xcdr__cpp_to_py__1000000B__10Hz__shmem_ds__best_effort,receive,sub,cpp_to_py,constrained_pub_sub,exp,xcdr,shmem_ds,1000000,10,1,measured,249,2026-09-09T14:26:30.006987Z,157183669099358,157183668846334,157183669099358,1788963990006667658,1788963990006715047,ok,
exp_constrained_pub_sub_xcdr__cpp_to_py__1000000B__10Hz__shmem_ds__best_effort,receive,sub,cpp_to_py,constrained_pub_sub,exp,xcdr,shmem_ds,1000000,10,1,measured,250,2026-09-09T14:26:30.106613Z,157183768772647,157183768649145,157183768772647,1788963990106457194,1788963990106477903,ok,
exp_constrained_pub_sub_xcdr__cpp_to_py__1000000B__10Hz__shmem_ds__best_effort,receive,sub,cpp_to_py,constrained_pub_sub,exp,xcdr,shmem_ds,1000000,10,1,measured,251,2026-09-09T14:26:30.206880Z,157183868963997,157183868643045,157183868963997,1788963990206484507,1788963990206548988,ok,
exp_constrained_pub_sub_xcdr__cpp_to_py__1000000B__10Hz__shmem_ds__best_effort,receive,sub,cpp_to_py,constrained_pub_sub,exp,xcdr,shmem_ds,1000000,10,1,measured,252,2026-09-09T14:26:30.306884Z,157183968987273,157183968752362,157183968987273,1788963990306571933,1788963990306622858,ok,
exp_constrained_pub_sub_xcdr__cpp_to_py__1000000B__10Hz__shmem_ds__best_effort,receive,sub,cpp_to_py,constrained_pub_sub,exp,xcdr,shmem_ds,1000000,10,1,measured,253,2026-09-09T14:26:30.407552Z,157184069700252,157184069563416,157184069700252,1788963990407373980,1788963990407391422,ok,
exp_constrained_pub_sub_xcdr__cpp_to_py__1000000B__10Hz__shmem_ds__best_effort,receive,sub,cpp_to_py,constrained_pub_sub,exp,xcdr,shmem_ds,1000000,10,1,measured,254,2026-09-09T14:26:30.508094Z,157184170225610,157184169976954,157184170225610,1788963990507795743,1788963990507848702,ok,
exp_constrained_pub_sub_xcdr__cpp_to_py__1000000B__10Hz__shmem_ds__best_effort,receive,sub,cpp_to_py,constrained_pub_sub,exp,xcdr,shmem_ds,1000000,10,1,measured,255,2026-09-09T14:26:30.607674Z,157184269803229,157184269549513,157184269803229,1788963990607368973,1788963990607411844,ok,
exp_constrained_pub_sub_xcdr__cpp_to_py__1000000B__10Hz__shmem_ds__best_effort,receive,sub,cpp_to_py,constrained_pub_sub,exp,xcdr,shmem_ds,1000000,10,1,measured,256,2026-09-09T14:26:30.707041Z,157184369168609,157184368912378,157184369168609,1788963990706731659,1788963990706771313,ok,
exp_constrained_pub_sub_xcdr__cpp_to_py__1000000B__10Hz__shmem_ds__best_effort,receive,sub,cpp_to_py,constrained_pub_sub,exp,xcdr,shmem_ds,1000000,10,1,measured,257,2026-09-09T14:26:30.806505Z,157184468637404,157184468408144,157184468637404,1788963990806226642,1788963990806263912,ok,
exp_constrained_pub_sub_xcdr__cpp_to_py__1000000B__10Hz__shmem_ds__best_effort,receive,sub,cpp_to_py,constrained_pub_sub,exp,xcdr,shmem_ds,1000000,10,1,measured,258,2026-09-09T14:26:30.906224Z,157184568353563,157184568125334,157184568353563,1788963990905943943,1788963990905984429,ok,
exp_constrained_pub_sub_xcdr__cpp_to_py__1000000B__10Hz__shmem_ds__best_effort,receive,sub,cpp_to_py,constrained_pub_sub,exp,xcdr,shmem_ds,1000000,10,1,measured,259,2026-09-09T14:26:31.005432Z,157184667528326,157184667251767,157184667528326,1788963991005070095,1788963991005123996,ok,
exp_constrained_pub_sub_xcdr__cpp_to_py__1000000B__10Hz__shmem_ds__best_effort,receive,sub,cpp_to_py,constrained_pub_sub,exp,xcdr,shmem_ds,1000000,10,1,measured,260,2026-09-09T14:26:31.104670Z,157184766808861,157184766552880,157184766808861,1788963991104370908,1788963991104411224,ok,
exp_constrained_pub_sub_xcdr__cpp_to_py__1000000B__10Hz__shmem_ds__best_effort,receive,sub,cpp_to_py,constrained_pub_sub,exp,xcdr,shmem_ds,1000000,10,1,measured,261,2026-09-09T14:26:31.203750Z,157184865887066,157184865673936,157184865887066,1788963991203493516,1788963991203533171,ok,
exp_constrained_pub_sub_xcdr__cpp_to_py__1000000B__10Hz__shmem_ds__best_effort,receive,sub,cpp_to_py,constrained_pub_sub,exp,xcdr,shmem_ds,1000000,10,1,measured,262,2026-09-09T14:26:31.303098Z,157184965230799,157184964972614,157184965230799,1788963991302825568,1788963991302868218,ok,
exp_constrained_pub_sub_xcdr__cpp_to_py__1000000B__10Hz__shmem_ds__best_effort,receive,sub,cpp_to_py,constrained_pub_sub,exp,xcdr,shmem_ds,1000000,10,1,measured,263,2026-09-09T14:26:31.402945Z,157185065055806,157185064772634,157185065055806,1788963991402599509,1788963991402653500,ok,
exp_constrained_pub_sub_xcdr__cpp_to_py__1000000B__10Hz__shmem_ds__best_effort,receive,sub,cpp_to_py,constrained_pub_sub,exp,xcdr,shmem_ds,1000000,10,1,measured,264,2026-09-09T14:26:31.502424Z,157185164516609,157185164195416,157185164516609,1788963991502027751,1788963991502087764,ok,
exp_constrained_pub_sub_xcdr__cpp_to_py__1000000B__10Hz__shmem_ds__best_effort,receive,sub,cpp_to_py,constrained_pub_sub,exp,xcdr,shmem_ds,1000000,10,1,measured,265,2026-09-09T14:26:31.601413Z,157185263504194,157185263207137,157185263504194,1788963991601035975,1788963991601095286,ok,
exp_constrained_pub_sub_xcdr__cpp_to_py__1000000B__10Hz__shmem_ds__best_effort,receive,sub,cpp_to_py,constrained_pub_sub,exp,xcdr,shmem_ds,1000000,10,1,measured,266,2026-09-09T14:26:31.701114Z,157185363207342,157185362894495,157185363207342,1788963991700724746,1788963991700769460,ok,
exp_constrained_pub_sub_xcdr__cpp_to_py__1000000B__10Hz__shmem_ds__best_effort,receive,sub,cpp_to_py,constrained_pub_sub,exp,xcdr,shmem_ds,1000000,10,1,measured,267,2026-09-09T14:26:31.801154Z,157185463267330,157185463014014,157185463267330,1788963991800835659,1788963991800878069,ok,
exp_constrained_pub_sub_xcdr__cpp_to_py__1000000B__10Hz__shmem_ds__best_effort,receive,sub,cpp_to_py,constrained_pub_sub,exp,xcdr,shmem_ds,1000000,10,1,measured,268,2026-09-09T14:26:31.900550Z,157185562646069,157185562355764,157185562646069,1788963991900183130,1788963991900233494,ok,
exp_constrained_pub_sub_xcdr__cpp_to_py__1000000B__10Hz__shmem_ds__best_effort,receive,sub,cpp_to_py,constrained_pub_sub,exp,xcdr,shmem_ds,1000000,10,1,measured,269,2026-09-09T14:26:32.000882Z,157185662971365,157185662708502,157185662971365,1788963992000534885,1788963992000589278,ok,
exp_constrained_pub_sub_xcdr__cpp_to_py__1000000B__10Hz__shmem_ds__best_effort,receive,sub,cpp_to_py,constrained_pub_sub,exp,xcdr,shmem_ds,1000000,10,1,measured,270,2026-09-09T14:26:32.101336Z,157185763467345,157185763234298,157185763467345,1788963992101056003,1788963992101098513,ok,
exp_constrained_pub_sub_xcdr__cpp_to_py__1000000B__10Hz__shmem_ds__best_effort,receive,sub,cpp_to_py,constrained_pub_sub,exp,xcdr,shmem_ds,1000000,10,1,measured,271,2026-09-09T14:26:32.201539Z,157185863631263,157185863326921,157185863631263,1788963992201157934,1788963992201214760,ok,
exp_constrained_pub_sub_xcdr__cpp_to_py__1000000B__10Hz__shmem_ds__best_effort,receive,sub,cpp_to_py,constrained_pub_sub,exp,xcdr,shmem_ds,1000000,10,1,measured,272,2026-09-09T14:26:32.300649Z,157185962753194,157185962488888,157185962753194,1788963992300314500,1788963992300364994,ok,
exp_constrained_pub_sub_xcdr__cpp_to_py__1000000B__10Hz__shmem_ds__best_effort,receive,sub,cpp_to_py,constrained_pub_sub,exp,xcdr,shmem_ds,1000000,10,1,measured,273,2026-09-09T14:26:32.399857Z,157186061938894,157186061606921,157186061938894,1788963992399435218,1788963992399494189,ok,
exp_constrained_pub_sub_xcdr__cpp_to_py__1000000B__10Hz__shmem_ds__best_effort,receive,sub,cpp_to_py,constrained_pub_sub,exp,xcdr,shmem_ds,1000000,10,1,measured,274,2026-09-09T14:26:32.499993Z,157186162079949,157186161753126,157186162079949,1788963992499582866,1788963992499632919,ok,
exp_constrained_pub_sub_xcdr__cpp_to_py__1000000B__10Hz__shmem_ds__best_effort,receive,sub,cpp_to_py,constrained_pub_sub,exp,xcdr,shmem_ds,1000000,10,1,measured,275,2026-09-09T14:26:32.600988Z,157186263078172,157186262740147,157186263078172,1788963992600571831,1788963992600633406,ok,
exp_constrained_pub_sub_xcdr__cpp_to_py__1000000B__10Hz__shmem_ds__best_effort,receive,sub,cpp_to_py,constrained_pub_sub,exp,xcdr,shmem_ds,1000000,10,1,measured,276,2026-09-09T14:26:32.701035Z,157186363124858,157186362793306,157186363124858,1788963992700623266,1788963992700685172,ok,
exp_constrained_pub_sub_xcdr__cpp_to_py__1000000B__10Hz__shmem_ds__best_effort,receive,sub,cpp_to_py,constrained_pub_sub,exp,xcdr,shmem_ds,1000000,10,1,measured,277,2026-09-09T14:26:32.800259Z,157186462366594,157186462103771,157186462366594,1788963992799926537,1788963992799970360,ok,
exp_constrained_pub_sub_xcdr__cpp_to_py__1000000B__10Hz__shmem_ds__best_effort,receive,sub,cpp_to_py,constrained_pub_sub,exp,xcdr,shmem_ds,1000000,10,1,measured,278,2026-09-09T14:26:32.900842Z,157186562919811,157186562610971,157186562919811,1788963992900440511,1788963992900497257,ok,
exp_constrained_pub_sub_xcdr__cpp_to_py__1000000B__10Hz__shmem_ds__best_effort,receive,sub,cpp_to_py,constrained_pub_sub,exp,xcdr,shmem_ds,1000000,10,1,measured,279,2026-09-09T14:26:33.000030Z,157186662117294,157186661795631,157186662117294,1788963992999625401,1788963992999686976,ok,
exp_constrained_pub_sub_xcdr__cpp_to_py__1000000B__10Hz__shmem_ds__best_effort,receive,sub,cpp_to_py,constrained_pub_sub,exp,xcdr,shmem_ds,1000000,10,1,measured,280,2026-09-09T14:26:33.100111Z,157186762199381,157186761873910,157186762199381,1788963993099704892,1788963993099763773,ok,
exp_constrained_pub_sub_xcdr__cpp_to_py__1000000B__10Hz__shmem_ds__best_effort,receive,sub,cpp_to_py,constrained_pub_sub,exp,xcdr,shmem_ds,1000000,10,1,measured,281,2026-09-09T14:26:33.200724Z,157186862861427,157186862608862,157186862861427,1788963993200438833,1788963993200500649,ok,
exp_constrained_pub_sub_xcdr__cpp_to_py__1000000B__10Hz__shmem_ds__best_effort,receive,sub,cpp_to_py,constrained_pub_sub,exp,xcdr,shmem_ds,1000000,10,1,measured,282,2026-09-09T14:26:33.301636Z,157186963764615,157186963438122,157186963764615,1788963993301267912,1788963993301330299,ok,
exp_constrained_pub_sub_xcdr__cpp_to_py__1000000B__10Hz__shmem_ds__best_effort,receive,sub,cpp_to_py,constrained_pub_sub,exp,xcdr,shmem_ds,1000000,10,1,measured,283,2026-09-09T14:26:33.400954Z,157187063047461,157187062732230,157187063047461,1788963993400562010,1788963993400619948,ok,
exp_constrained_pub_sub_xcdr__cpp_to_py__1000000B__10Hz__shmem_ds__best_effort,receive,sub,cpp_to_py,constrained_pub_sub,exp,xcdr,shmem_ds,1000000,10,1,measured,284,2026-09-09T14:26:33.501267Z,157187163411738,157187163222834,157187163411738,1788963993501035682,1788963993501068594,ok,
exp_constrained_pub_sub_xcdr__cpp_to_py__1000000B__10Hz__shmem_ds__best_effort,receive,sub,cpp_to_py,constrained_pub_sub,exp,xcdr,shmem_ds,1000000,10,1,measured,285,2026-09-09T14:26:33.602328Z,157187264456332,157187264179272,157187264456332,1788963993602009703,1788963993602070878,ok,
exp_constrained_pub_sub_xcdr__cpp_to_py__1000000B__10Hz__shmem_ds__best_effort,receive,sub,cpp_to_py,constrained_pub_sub,exp,xcdr,shmem_ds,1000000,10,1,measured,286,2026-09-09T14:26:33.702213Z,157187364356418,157187364166902,157187364356418,1788963993701981413,1788963993702012061,ok,
exp_constrained_pub_sub_xcdr__cpp_to_py__1000000B__10Hz__shmem_ds__best_effort,receive,sub,cpp_to_py,constrained_pub_sub,exp,xcdr,shmem_ds,1000000,10,1,measured,287,2026-09-09T14:26:33.802754Z,157187464860447,157187464606219,157187464860447,1788963993802422995,1788963993802467378,ok,
exp_constrained_pub_sub_xcdr__cpp_to_py__1000000B__10Hz__shmem_ds__best_effort,receive,sub,cpp_to_py,constrained_pub_sub,exp,xcdr,shmem_ds,1000000,10,1,measured,288,2026-09-09T14:26:33.902260Z,157187564349521,157187564030852,157187564349521,1788963993901862426,1788963993901924132,ok,
exp_constrained_pub_sub_xcdr__cpp_to_py__1000000B__10Hz__shmem_ds__best_effort,receive,sub,cpp_to_py,constrained_pub_sub,exp,xcdr,shmem_ds,1000000,10,1,measured,289,2026-09-09T14:26:34.003171Z,157187665265753,157187664944721,157187665265753,1788963994002774921,1788963994002841446,ok,
exp_constrained_pub_sub_xcdr__cpp_to_py__1000000B__10Hz__shmem_ds__best_effort,receive,sub,cpp_to_py,constrained_pub_sub,exp,xcdr,shmem_ds,1000000,10,1,measured,290,2026-09-09T14:26:34.102404Z,157187764498019,157187764171436,157187764498019,1788963994102001787,1788963994102063162,ok,
exp_constrained_pub_sub_xcdr__cpp_to_py__1000000B__10Hz__shmem_ds__best_effort,receive,sub,cpp_to_py,constrained_pub_sub,exp,xcdr,shmem_ds,1000000,10,1,measured,291,2026-09-09T14:26:34.201524Z,157187863654162,157187863438968,157187863654162,1788963994201257417,1788963994201292903,ok,
exp_constrained_pub_sub_xcdr__cpp_to_py__1000000B__10Hz__shmem_ds__best_effort,receive,sub,cpp_to_py,constrained_pub_sub,exp,xcdr,shmem_ds,1000000,10,1,measured,292,2026-09-09T14:26:34.302349Z,157187964439493,157187964134410,157187964439493,1788963994301964751,1788963994302026457,ok,
exp_constrained_pub_sub_xcdr__cpp_to_py__1000000B__10Hz__shmem_ds__best_effort,receive,sub,cpp_to_py,constrained_pub_sub,exp,xcdr,shmem_ds,1000000,10,1,measured,293,2026-09-09T14:26:34.402285Z,157188064375399,157188064065598,157188064375399,1788963994401896900,1788963994401953507,ok,
exp_constrained_pub_sub_xcdr__cpp_to_py__1000000B__10Hz__shmem_ds__best_effort,receive,sub,cpp_to_py,constrained_pub_sub,exp,xcdr,shmem_ds,1000000,10,1,measured,294,2026-09-09T14:26:34.502467Z,157188164596622,157188164380617,157188164596622,1788963994502199396,1788963994502238249,ok,
exp_constrained_pub_sub_xcdr__cpp_to_py__1000000B__10Hz__shmem_ds__best_effort,receive,sub,cpp_to_py,constrained_pub_sub,exp,xcdr,shmem_ds,1000000,10,1,measured,295,2026-09-09T14:26:34.603404Z,157188265534079,157188265311270,157188265534079,1788963994603130160,1788963994603170235,ok,
exp_constrained_pub_sub_xcdr__cpp_to_py__1000000B__10Hz__shmem_ds__best_effort,receive,sub,cpp_to_py,constrained_pub_sub,exp,xcdr,shmem_ds,1000000,10,1,measured,296,2026-09-09T14:26:34.703431Z,157188365562298,157188365306969,157188365562298,1788963994703135406,1788963994703191341,ok,
exp_constrained_pub_sub_xcdr__cpp_to_py__1000000B__10Hz__shmem_ds__best_effort,receive,sub,cpp_to_py,constrained_pub_sub,exp,xcdr,shmem_ds,1000000,10,1,measured,297,2026-09-09T14:26:34.802569Z,157188464663849,157188464372001,157188464663849,1788963994802202853,1788963994802257766,ok,
exp_constrained_pub_sub_xcdr__cpp_to_py__1000000B__10Hz__shmem_ds__best_effort,receive,sub,cpp_to_py,constrained_pub_sub,exp,xcdr,shmem_ds,1000000,10,1,measured,298,2026-09-09T14:26:34.903476Z,157188565574194,157188565304308,157188565574194,1788963994903130501,1788963994903181136,ok,
exp_constrained_pub_sub_xcdr__cpp_to_py__1000000B__10Hz__shmem_ds__best_effort,receive,sub,cpp_to_py,constrained_pub_sub,exp,xcdr,shmem_ds,1000000,10,1,measured,299,2026-09-09T14:26:35.003855Z,157188665930521,157188665616972,157188665930521,1788963995003447223,1788963995003510852,ok,
exp_constrained_pub_sub_xcdr__cpp_to_py__1000000B__10Hz__shmem_ds__best_effort,receive,sub,cpp_to_py,constrained_pub_sub,exp,xcdr,shmem_ds,1000000,10,1,measured,300,2026-09-09T14:26:35.103554Z,157188765692213,157188765498319,157188765692213,1788963995103314704,1788963995103348637,ok,
