run_id,event,process,direction,config,message,backend,transport,payload_bytes,target_frequency_hz,step_index,phase,sequence,observed_utc,observed_mono_ns,send_mono_ns,receive_mono_ns,middleware_source_ns,middleware_received_ns,status,error
exp_copy_xcdr__py_to_py__100000B__10Hz__shmem_ds__best_effort,publish,pub,py_to_py,copy,exp,xcdr,shmem_ds,100000,10,0,measured,0,2026-09-09T14:42:56.107079Z,158169768749425,158169768749425,158169768749425,-1,-1,ok,
exp_copy_xcdr__py_to_py__100000B__10Hz__shmem_ds__best_effort,publish,pub,py_to_py,copy,exp,xcdr,shmem_ds,100000,10,0,measured,1,2026-09-09T14:42:56.207295Z,158169869326093,158169869326093,158169869326093,-1,-1,ok,
exp_copy_xcdr__py_to_py__100000B__10Hz__shmem_ds__best_effort,publish,pub,py_to_py,copy,exp,xcdr,shmem_ds,100000,10,0,measured,2,2026-09-09T14:42:56.306260Z,158169968323038,158169968323038,158169968323038,-1,-1,ok,
exp_copy_xcdr__py_to_py__100000B__10Hz__shmem_ds__best_effort,publish,pub,py_to_py,copy,exp,xcdr,shmem_ds,100000,10,0,measured,3,2026-09-09T14:42:56.405869Z,158170067921033,158170067921033,158170067921033,-1,-1,ok,
exp_copy_xcdr__py_to_py__100000B__10Hz__shmem_ds__best_effort,publish,pub,py_to_py,copy,exp,xcdr,shmem_ds,100000,10,0,measured,4,2026-09-09T14:42:56.505193Z,158170167279773,158170167279773,158170167279773,-1,-1,ok,
exp_copy_xcdr__py_to_py__100000B__10Hz__shmem_ds__best_effort,publish,pub,py_to_py,copy,exp,xcdr,shmem_ds,100000,10,0,measured,5,2026-09-09T14:42:56.605869Z,158170267852584,158170267852584,158170267852584,-1,-1,ok,
exp_copy_xcdr__py_to_py__100000B__10Hz__shmem_ds__best_effort,publish,pub,py_to_py,copy,exp,xcdr,shmem_ds,100000,10,0,measured,6,2026-09-09T14:42:56.706087Z,158170368150293,158170368150293,158170368150293,-1,-1,ok,
exp_copy_xcdr__py_to_py__100000B__10Hz__shmem_ds__best_effort,publish,pub,py_to_py,copy,exp,xcdr,shmem_ds,100000,10,0,measured,7,2026-09-09T14:42:56.806960Z,158170468968959,158170468968959,158170468968959,-1,-1,ok,
exp_copy_xcdr__py_to_py__100000B__10Hz__shmem_ds__best_effort,publish,pub,py_to_py,copy,exp,xcdr,shmem_ds,100000,10,0,measured,8,2026-09-09T14:42:56.906149Z,158170568156786,158170568156786,158170568156786,-1,-1,ok,
exp_copy_xcdr__py_to_py__100000B__10Hz__shmem_ds__best_effort,publish,pub,py_to_py,copy,exp,xcdr,shmem_ds,100000,10,0,measured,9,2026-09-09T14:42:57.006044Z,158170668038087,158170668038087,158170668038087,-1,-1,ok,
exp_copy_xcdr__py_to_py__100000B__10Hz__shmem_ds__best_effort,publish,pub,py_to_py,copy,exp,xcdr,shmem_ds,100000,10,0,measured,10,2026-09-09T14:42:57.104902Z,158170766964360,158170766964360,158170766964360,-1,-1,ok,
exp_copy_xcdr__py_to_py__100000B__10Hz__shmem_ds__best_effort,publish,pub,py_to_py,copy,exp,xcdr,shmem_ds,100000,10,0,measured,11,2026-09-09T14:42:57.204379Z,158170866435474,158170866435474,158170866435474,-1,-1,ok,
exp_copy_xcdr__py_to_py__100000B__10Hz__shmem_ds__best_effort,publish,pub,py_to_py,copy,exp,xcdr,shmem_ds,100000,10,0,measured,12,2026-09-09T14:42:57.304321Z,158170966405073,158170966405073,158170966405073,-1,-1,ok,
exp_copy_xcdr__py_to_py__100000B__10Hz__shmem_ds__best_effort,publish,pub,py_to_py,copy,exp,xcdr,shmem_ds,100000,10,0,measured,13,2026-09-09T14:42:57.403413Z,158171065482522,158171065482522,158171065482522,-1,-1,ok,
exp_copy_xcdr__py_to_py__100000B__10Hz__shmem_ds__best_effort,publish,pub,py_to_py,copy,exp,xcdr,shmem_ds,100000,10,0,measured,14,2026-09-09T14:42:57.502791Z,158171164869267,158171164869267,158171164869267,-1,-1,ok,
exp_copy_xcdr__py_to_py__100000B__10Hz__shmem_ds__best_effort,publish,pub,py_to_py,copy,exp,xcdr,shmem_ds,100000,10,0,measured,15,2026-09-09T14:42:57.603231Z,158171265242350,158171265242350,158171265242350,-1,-1,ok,
exp_copy_xcdr__py_to_py__100000B__10Hz__shmem_ds__best_effort,publish,pub,py_to_py,copy,exp,xcdr,shmem_ds,100000,10,0,measured,16,2026-09-09T14:42:57.703210Z,158171365279025,158171365279025,158171365279025,-1,-1,ok,
exp_copy_xcdr__py_to_py__100000B__10Hz__shmem_ds__best_effort,publish,pub,py_to_py,copy,exp,xcdr,shmem_ds,100000,10,0,measured,17,2026-09-09T14:42:57.802661Z,158171464716636,158171464716636,158171464716636,-1,-1,ok,
exp_copy_xcdr__py_to_py__100000B__10Hz__shmem_ds__best_effort,publish,pub,py_to_py,copy,exp,xcdr,shmem_ds,100000,10,0,measured,18,2026-09-09T14:42:57.902931Z,158171564936429,158171564936429,158171564936429,-1,-1,ok,
exp_copy_xcdr__py_to_py__100000B__10Hz__shmem_ds__best_effort,publish,pub,py_to_py,copy,exp,xcdr,shmem_ds,100000,10,0,measured,19,2026-09-09T14:42:58.003597Z,158171665596896,158171665596896,158171665596896,-1,-1,ok,
exp_copy_xcdr__py_to_py__100000B__10Hz__shmem_ds__best_effort,publish,pub,py_to_py,copy,exp,xcdr,shmem_ds,100000,10,0,measured,20,2026-09-09T14:42:58.102449Z,158171764529781,158171764529781,158171764529781,-1,-1,ok,
exp_copy_xcdr__py_to_py__100000B__10Hz__shmem_ds__best_effort,publish,pub,py_to_py,copy,exp,xcdr,shmem_ds,100000,10,0,measured,21,2026-09-09T14:42:58.203086Z,158171865154521,158171865154521,158171865154521,-1,-1,ok,
exp_copy_xcdr__py_to_py__100000B__10Hz__shmem_ds__best_effort,publish,pub,py_to_py,copy,exp,xcdr,shmem_ds,100000,10,0,measured,22,2026-09-09T14:42:58.303439Z,158171965516924,158171965516924,158171965516924,-1,-1,ok,
exp_copy_xcdr__py_to_py__100000B__10Hz__shmem_ds__best_effort,publish,pub,py_to_py,copy,exp,xcdr,shmem_ds,100000,10,0,measured,23,2026-09-09T14:42:58.403139Z,158172065200341,158172065200341,158172065200341,-1,-1,ok,
exp_copy_xcdr__py_to_py__100000B__10Hz__shmem_ds__best_effort,publish,pub,py_to_py,copy,exp,xcdr,shmem_ds,100000,10,0,measured,24,2026-09-09T14:42:58.502431Z,158172164509209,158172164509209,158172164509209,-1,-1,ok,
exp_copy_xcdr__py_to_py__100000B__10Hz__shmem_ds__best_effort,publish,pub,py_to_py,copy,exp,xcdr,shmem_ds,100000,10,0,measured,25,2026-09-09T14:42:58.603556Z,158172265533215,158172265533215,158172265533215,-1,-1,ok,
exp_copy_xcdr__py_to_py__100000B__10Hz__shmem_ds__best_effort,publish,pub,py_to_py,copy,exp,xcdr,shmem_ds,100000,10,0,measured,26,2026-09-09T14:42:58.703087Z,158172365143072,158172365143072,158172365143072,-1,-1,ok,
exp_copy_xcdr__py_to_py__100000B__10Hz__shmem_ds__best_effort,publish,pub,py_to_py,copy,exp,xcdr,shmem_ds,100000,10,0,measured,27,2026-09-09T14:42:58.802448Z,158172464438646,158172464438646,158172464438646,-1,-1,ok,
exp_copy_xcdr__py_to_py__100000B__10Hz__shmem_ds__best_effort,publish,pub,py_to_py,copy,exp,xcdr,shmem_ds,100000,10,0,measured,28,2026-09-09T14:42:58.901518Z,158172563538287,158172563538287,158172563538287,-1,-1,ok,
exp_copy_xcdr__py_to_py__100000B__10Hz__shmem_ds__best_effort,publish,pub,py_to_py,copy,exp,xcdr,shmem_ds,100000,10,0,measured,29,2026-09-09T14:42:59.002342Z,158172664320445,158172664320445,158172664320445,-1,-1,ok,
exp_copy_xcdr__py_to_py__100000B__10Hz__shmem_ds__best_effort,publish,pub,py_to_py,copy,exp,xcdr,shmem_ds,100000,10,0,measured,30,2026-09-09T14:42:59.102308Z,158172764381146,158172764381146,158172764381146,-1,-1,ok,
exp_copy_xcdr__py_to_py__100000B__10Hz__shmem_ds__best_effort,publish,pub,py_to_py,copy,exp,xcdr,shmem_ds,100000,10,0,measured,31,2026-09-09T14:42:59.202937Z,158172864998243,158172864998243,158172864998243,-1,-1,ok,
exp_copy_xcdr__py_to_py__100000B__10Hz__shmem_ds__best_effort,publish,pub,py_to_py,copy,exp,xcdr,shmem_ds,100000,10,0,measured,32,2026-09-09T14:42:59.303461Z,158172965481806,158172965481806,158172965481806,-1,-1,ok,
exp_copy_xcdr__py_to_py__100000B__10Hz__shmem_ds__best_effort,publish,pub,py_to_py,copy,exp,xcdr,shmem_ds,100000,10,0,measured,33,2026-09-09T14:42:59.403512Z,158173065559881,158173065559881,158173065559881,-1,-1,ok,
exp_copy_xcdr__py_to_py__100000B__10Hz__shmem_ds__best_effort,publish,pub,py_to_py,copy,exp,xcdr,shmem_ds,100000,10,0,measured,34,2026-09-09T14:42:59.504402Z,158173166473648,158173166473648,158173166473648,-1,-1,ok,
exp_copy_xcdr__py_to_py__100000B__10Hz__shmem_ds__best_effort,publish,pub,py_to_py,copy,exp,xcdr,shmem_ds,100000,10,0,measured,35,2026-09-09T14:42:59.604366Z,158173266346405,158173266346405,158173266346405,-1,-1,ok,
exp_copy_xcdr__py_to_py__100000B__10Hz__shmem_ds__best_effort,publish,pub,py_to_py,copy,exp,xcdr,shmem_ds,100000,10,0,measured,36,2026-09-09T14:42:59.704287Z,158173366352193,158173366352193,158173366352193,-1,-1,ok,
exp_copy_xcdr__py_to_py__100000B__10Hz__shmem_ds__best_effort,publish,pub,py_to_py,copy,exp,xcdr,shmem_ds,100000,10,0,measured,37,2026-09-09T14:42:59.804945Z,158173467014364,158173467014364,158173467014364,-1,-1,ok,
exp_copy_xcdr__py_to_py__100000B__10Hz__shmem_ds__best_effort,publish,pub,py_to_py,copy,exp,xcdr,shmem_ds,100000,10,0,measured,38,2026-09-09T14:42:59.905266Z,158173567289803,158173567289803,158173567289803,-1,-1,ok,
exp_copy_xcdr__py_to_py__100000B__10Hz__shmem_ds__best_effort,publish,pub,py_to_py,copy,exp,xcdr,shmem_ds,100000,10,0,measured,39,2026-09-09T14:43:00.006007Z,158173668021876,158173668021876,158173668021876,-1,-1,ok,
exp_copy_xcdr__py_to_py__100000B__10Hz__shmem_ds__best_effort,publish,pub,py_to_py,copy,exp,xcdr,shmem_ds,100000,10,0,measured,40,2026-09-09T14:43:00.106098Z,158173768153232,158173768153232,158173768153232,-1,-1,ok,
exp_copy_xcdr__py_to_py__100000B__10Hz__shmem_ds__best_effort,publish,pub,py_to_py,copy,exp,xcdr,shmem_ds,100000,10,0,measured,41,2026-09-09T14:43:00.206482Z,158173868543569,158173868543569,158173868543569,-1,-1,ok,
exp_copy_xcdr__py_to_py__100000B__10Hz__shmem_ds__best_effort,publish,pub,py_to_py,copy,exp,xcdr,shmem_ds,100000,10,0,measured,42,2026-09-09T14:43:00.305531Z,158173967607626,158173967607626,158173967607626,-1,-1,ok,
exp_copy_xcdr__py_to_py__100000B__10Hz__shmem_ds__best_effort,publish,pub,py_to_py,copy,exp,xcdr,shmem_ds,100000,10,0,measured,43,2026-09-09T14:43:00.404971Z,158174067049296,158174067049296,158174067049296,-1,-1,ok,
exp_copy_xcdr__py_to_py__100000B__10Hz__shmem_ds__best_effort,publish,pub,py_to_py,copy,exp,xcdr,shmem_ds,100000,10,0,measured,44,2026-09-09T14:43:00.504556Z,158174166636773,158174166636773,158174166636773,-1,-1,ok,
exp_copy_xcdr__py_to_py__100000B__10Hz__shmem_ds__best_effort,publish,pub,py_to_py,copy,exp,xcdr,shmem_ds,100000,10,0,measured,45,2026-09-09T14:43:00.603896Z,158174265904003,158174265904003,158174265904003,-1,-1,ok,
exp_copy_xcdr__py_to_py__100000B__10Hz__shmem_ds__best_effort,publish,pub,py_to_py,copy,exp,xcdr,shmem_ds,100000,10,0,measured,46,2026-09-09T14:43:00.703296Z,158174365329824,158174365329824,158174365329824,-1,-1,ok,
exp_copy_xcdr__py_to_py__100000B__10Hz__shmem_ds__best_effort,publish,pub,py_to_py,copy,exp,xcdr,shmem_ds,100000,10,0,measured,47,2026-09-09T14:43:00.802692Z,158174464624025,158174464624025,158174464624025,-1,-1,ok,
exp_copy_xcdr__py_to_py__100000B__10Hz__shmem_ds__best_effort,publish,pub,py_to_py,copy,exp,xcdr,shmem_ds,100000,10,0,measured,48,2026-09-09T14:43:00.902130Z,158174564134396,158174564134396,158174564134396,-1,-1,ok,
exp_copy_xcdr__py_to_py__100000B__10Hz__shmem_ds__best_effort,publish,pub,py_to_py,copy,exp,xcdr,shmem_ds,100000,10,0,measured,49,2026-09-09T14:43:01.002443Z,158174664414152,158174664414152,158174664414152,-1,-1,ok,
exp_copy_xcdr__py_to_py__100000B__10Hz__shmem_ds__best_effort,publish,pub,py_to_py,copy,exp,xcdr,shmem_ds,100000,10,0,measured,50,2026-09-09T14:43:01.102056Z,158174764073656,158174764073656,158174764073656,-1,-1,ok,
exp_copy_xcdr__py_to_py__100000B__10Hz__shmem_ds__best_effort,publish,pub,py_to_py,copy,exp,xcdr,shmem_ds,100000,10,0,measured,51,2026-09-09T14:43:01.201958Z,158174863885278,158174863885278,158174863885278,-1,-1,ok,
exp_copy_xcdr__py_to_py__100000B__10Hz__shmem_ds__best_effort,publish,pub,py_to_py,copy,exp,xcdr,shmem_ds,100000,10,0,measured,52,2026-09-09T14:43:01.301214Z,158174963258339,158174963258339,158174963258339,-1,-1,ok,
exp_copy_xcdr__py_to_py__100000B__10Hz__shmem_ds__best_effort,publish,pub,py_to_py,copy,exp,xcdr,shmem_ds,100000,10,0,measured,53,2026-09-09T14:43:01.400792Z,158175062800921,158175062800921,158175062800921,-1,-1,ok,
exp_copy_xcdr__py_to_py__100000B__10Hz__shmem_ds__best_effort,publish,pub,py_to_py,copy,exp,xcdr,shmem_ds,100000,10,0,measured,54,2026-09-09T14:43:01.501528Z,158175163601516,158175163601516,158175163601516,-1,-1,ok,
exp_copy_xcdr__py_to_py__100000B__10Hz__shmem_ds__best_effort,publish,pub,py_to_py,copy,exp,xcdr,shmem_ds,100000,10,0,measured,55,2026-09-09T14:43:01.602095Z,158175264043772,158175264043772,158175264043772,-1,-1,ok,
exp_copy_xcdr__py_to_py__100000B__10Hz__shmem_ds__best_effort,publish,pub,py_to_py,copy,exp,xcdr,shmem_ds,100000,10,0,measured,56,2026-09-09T14:43:01.702170Z,158175364185919,158175364185919,158175364185919,-1,-1,ok,
exp_copy_xcdr__py_to_py__100000B__10Hz__shmem_ds__best_effort,publish,pub,py_to_py,copy,exp,xcdr,shmem_ds,100000,10,0,measured,57,2026-09-09T14:43:01.801494Z,158175463521449,158175463521449,158175463521449,-1,-1,ok,
exp_copy_xcdr__py_to_py__100000B__10Hz__shmem_ds__best_effort,publish,pub,py_to_py,copy,exp,xcdr,shmem_ds,100000,10,0,measured,58,2026-09-09T14:43:01.901992Z,158175563988973,158175563988973,158175563988973,-1,-1,ok,
exp_copy_xcdr__py_to_py__100000B__10Hz__shmem_ds__best_effort,publish,pub,py_to_py,copy,exp,xcdr,shmem_ds,100000,10,0,measured,59,2026-09-09T14:43:02.001301Z,158175663295347,158175663295347,158175663295347,-1,-1,ok,
exp_copy_xcdr__py_to_py__100000B__10Hz__shmem_ds__best_effort,publish,pub,py_to_py,copy,exp,xcdr,shmem_ds,100000,10,0,measured,60,2026-09-09T14:43:02.100934Z,158175763012139,158175763012139,158175763012139,-1,-1,ok,
exp_copy_xcdr__py_to_py__100000B__10Hz__shmem_ds__best_effort,publish,pub,py_to_py,copy,exp,xcdr,shmem_ds,100000,10,0,measured,61,2026-09-09T14:43:02.201894Z,158175863971335,158175863971335,158175863971335,-1,-1,ok,
exp_copy_xcdr__py_to_py__100000B__10Hz__shmem_ds__best_effort,publish,pub,py_to_py,copy,exp,xcdr,shmem_ds,100000,10,0,measured,62,2026-09-09T14:43:02.302195Z,158175964265821,158175964265821,158175964265821,-1,-1,ok,
exp_copy_xcdr__py_to_py__100000B__10Hz__shmem_ds__best_effort,publish,pub,py_to_py,copy,exp,xcdr,shmem_ds,100000,10,0,measured,63,2026-09-09T14:43:02.402292Z,158176064374817,158176064374817,158176064374817,-1,-1,ok,
exp_copy_xcdr__py_to_py__100000B__10Hz__shmem_ds__best_effort,publish,pub,py_to_py,copy,exp,xcdr,shmem_ds,100000,10,0,measured,64,2026-09-09T14:43:02.502651Z,158176164733054,158176164733054,158176164733054,-1,-1,ok,
exp_copy_xcdr__py_to_py__100000B__10Hz__shmem_ds__best_effort,publish,pub,py_to_py,copy,exp,xcdr,shmem_ds,100000,10,0,measured,65,2026-09-09T14:43:02.603492Z,158176265510024,158176265510024,158176265510024,-1,-1,ok,
exp_copy_xcdr__py_to_py__100000B__10Hz__shmem_ds__best_effort,publish,pub,py_to_py,copy,exp,xcdr,shmem_ds,100000,10,0,measured,66,2026-09-09T14:43:02.704056Z,158176366068650,158176366068650,158176366068650,-1,-1,ok,
exp_copy_xcdr__py_to_py__100000B__10Hz__shmem_ds__best_effort,publish,pub,py_to_py,copy,exp,xcdr,shmem_ds,100000,10,0,measured,67,2026-09-09T14:43:02.803657Z,158176465593600,158176465593600,158176465593600,-1,-1,ok,
exp_copy_xcdr__py_to_py__100000B__10Hz__shmem_ds__best_effort,publish,pub,py_to_py,copy,exp,xcdr,shmem_ds,100000,10,0,measured,68,2026-09-09T14:43:02.902614Z,158176564606279,158176564606279,158176564606279,-1,-1,ok,
exp_copy_xcdr__py_to_py__100000B__10Hz__shmem_ds__best_effort,publish,pub,py_to_py,copy,exp,xcdr,shmem_ds,100000,10,0,measured,69,2026-09-09T14:43:03.002256Z,158176664251416,158176664251416,158176664251416,-1,-1,ok,
exp_copy_xcdr__py_to_py__100000B__10Hz__shmem_ds__best_effort,publish,pub,py_to_py,copy,exp,xcdr,shmem_ds,100000,10,0,measured,70,2026-09-09T14:43:03.101615Z,158176763679742,158176763679742,158176763679742,-1,-1,ok,
exp_copy_xcdr__py_to_py__100000B__10Hz__shmem_ds__best_effort,publish,pub,py_to_py,copy,exp,xcdr,shmem_ds,100000,10,0,measured,71,2026-09-09T14:43:03.200968Z,158176863049368,158176863049368,158176863049368,-1,-1,ok,
exp_copy_xcdr__py_to_py__100000B__10Hz__shmem_ds__best_effort,publish,pub,py_to_py,copy,exp,xcdr,shmem_ds,100000,10,0,measured,72,2026-09-09T14:43:03.301920Z,158176963974720,158176963974720,158176963974720,-1,-1,ok,
exp_copy_xcdr__py_to_py__100000B__10Hz__shmem_ds__best_effort,publish,pub,py_to_py,copy,exp,xcdr,shmem_ds,100000,10,0,measured,73,2026-09-09T14:43:03.402631Z,158177064713197,158177064713197,158177064713197,-1,-1,ok,
exp_copy_xcdr__py_to_py__100000B__10Hz__shmem_ds__best_effort,publish,pub,py_to_py,copy,exp,xcdr,shmem_ds,100000,10,0,measured,74,2026-09-09T14:43:03.502269Z,158177164352043,158177164352043,158177164352043,-1,-1,ok,
exp_copy_xcdr__py_to_py__100000B__10Hz__shmem_ds__best_effort,publish,pub,py_to_py,copy,exp,xcdr,shmem_ds,100000,10,0,measured,75,2026-09-09T14:43:03.602676Z,158177264702045,158177264702045,158177264702045,-1,-1,ok,
exp_copy_xcdr__py_to_py__100000B__10Hz__shmem_ds__best_effort,publish,pub,py_to_py,copy,exp,xcdr,shmem_ds,100000,10,0,measured,76,2026-09-09T14:43:03.702393Z,158177364459144,158177364459144,158177364459144,-1,-1,ok,
exp_copy_xcdr__py_to_py__100000B__10Hz__shmem_ds__best_effort,publish,pub,py_to_py,copy,exp,xcdr,shmem_ds,100000,10,0,measured,77,2026-09-09T14:43:03.803205Z,158177465277033,158177465277033,158177465277033,-1,-1,ok,
exp_copy_xcdr__py_to_py__100000B__10Hz__shmem_ds__best_effort,publish,pub,py_to_py,copy,exp,xcdr,shmem_ds,100000,10,0,measured,78,2026-09-09T14:43:03.903259Z,158177565264329,158177565264329,158177565264329,-1,-1,ok,
exp_copy_xcdr__py_to_py__100000B__10Hz__shmem_ds__best_effort,publish,pub,py_to_py,copy,exp,xcdr,shmem_ds,100000,10,0,measured,79,2026-09-09T14:43:04.002706Z,158177664758208,158177664758208,158177664758208,-1,-1,ok,
exp_copy_xcdr__py_to_py__100000B__10Hz__shmem_ds__best_effort,publish,pub,py_to_py,copy,exp,xcdr,shmem_ds,100000,10,0,measured,80,2026-09-09T14:43:04.102167Z,158177764241511,158177764241511,158177764241511,-1,-1,ok,
exp_copy_xcdr__py_to_py__100000B__10Hz__shmem_ds__best_effort,publish,pub,py_to_py,copy,exp,xcdr,shmem_ds,100000,10,0,measured,81,2026-09-09T14:43:04.202258Z,158177864337522,158177864337522,158177864337522,-1,-1,ok,
exp_copy_xcdr__py_to_py__100000B__10Hz__shmem_ds__best_effort,publish,pub,py_to_py,copy,exp,xcdr,shmem_ds,100000,10,0,measured,82,2026-09-09T14:43:04.301851Z,158177963894514,158177963894514,158177963894514,-1,-1,ok,
exp_copy_xcdr__py_to_py__100000B__10Hz__shmem_ds__best_effort,publish,pub,py_to_py,copy,exp,xcdr,shmem_ds,100000,10,0,measured,83,2026-09-09T14:43:04.401984Z,158178064057873,158178064057873,158178064057873,-1,-1,ok,
exp_copy_xcdr__py_to_py__100000B__10Hz__shmem_ds__best_effort,publish,pub,py_to_py,copy,exp,xcdr,shmem_ds,100000,10,0,measured,84,2026-09-09T14:43:04.502755Z,158178164830265,158178164830265,158178164830265,-1,-1,ok,
exp_copy_xcdr__py_to_py__100000B__10Hz__shmem_ds__best_effort,publish,pub,py_to_py,copy,exp,xcdr,shmem_ds,100000,10,0,measured,85,2026-09-09T14:43:04.602705Z,158178264708395,158178264708395,158178264708395,-1,-1,ok,
exp_copy_xcdr__py_to_py__100000B__10Hz__shmem_ds__best_effort,publish,pub,py_to_py,copy,exp,xcdr,shmem_ds,100000,10,0,measured,86,2026-09-09T14:43:04.702083Z,158178364130009,158178364130009,158178364130009,-1,-1,ok,
exp_copy_xcdr__py_to_py__100000B__10Hz__shmem_ds__best_effort,publish,pub,py_to_py,copy,exp,xcdr,shmem_ds,100000,10,0,measured,87,2026-09-09T14:43:04.803250Z,158178465183094,158178465183094,158178465183094,-1,-1,ok,
exp_copy_xcdr__py_to_py__100000B__10Hz__shmem_ds__best_effort,publish,pub,py_to_py,copy,exp,xcdr,shmem_ds,100000,10,0,measured,88,2026-09-09T14:43:04.903232Z,158178565218670,158178565218670,158178565218670,-1,-1,ok,
exp_copy_xcdr__py_to_py__100000B__10Hz__shmem_ds__best_effort,publish,pub,py_to_py,copy,exp,xcdr,shmem_ds,100000,10,0,measured,89,2026-09-09T14:43:05.002355Z,158178664365034,158178664365034,158178664365034,-1,-1,ok,
exp_copy_xcdr__py_to_py__100000B__10Hz__shmem_ds__best_effort,publish,pub,py_to_py,copy,exp,xcdr,shmem_ds,100000,10,0,measured,90,2026-09-09T14:43:05.101384Z,158178763419945,158178763419945,158178763419945,-1,-1,ok,
exp_copy_xcdr__py_to_py__100000B__10Hz__shmem_ds__best_effort,publish,pub,py_to_py,copy,exp,xcdr,shmem_ds,100000,10,0,measured,91,2026-09-09T14:43:05.200465Z,158178862564957,158178862564957,158178862564957,-1,-1,ok,
exp_copy_xcdr__py_to_py__100000B__10Hz__shmem_ds__best_effort,publish,pub,py_to_py,copy,exp,xcdr,shmem_ds,100000,10,0,measured,92,2026-09-09T14:43:05.300865Z,158178962894712,158178962894712,158178962894712,-1,-1,ok,
exp_copy_xcdr__py_to_py__100000B__10Hz__shmem_ds__best_effort,publish,pub,py_to_py,copy,exp,xcdr,shmem_ds,100000,10,0,measured,93,2026-09-09T14:43:05.401397Z,158179063453651,158179063453651,158179063453651,-1,-1,ok,
exp_copy_xcdr__py_to_py__100000B__10Hz__shmem_ds__best_effort,publish,pub,py_to_py,copy,exp,xcdr,shmem_ds,100000,10,0,measured,94,2026-09-09T14:43:05.501221Z,158179163287958,158179163287958,158179163287958,-1,-1,ok,
exp_copy_xcdr__py_to_py__100000B__10Hz__shmem_ds__best_effort,publish,pub,py_to_py,copy,exp,xcdr,shmem_ds,100000,10,0,measured,95,2026-09-09T14:43:05.600383Z,158179262433189,158179262433189,158179262433189,-1,-1,ok,
exp_copy_xcdr__py_to_py__100000B__10Hz__shmem_ds__best_effort,publish,pub,py_to_py,copy,exp,xcdr,shmem_ds,100000,10,0,measured,96,2026-09-09T14:43:05.700189Z,158179362233722,158179362233722,158179362233722,-1,-1,ok,
exp_copy_xcdr__py_to_py__100000B__10Hz__shmem_ds__best_effort,publish,pub,py_to_py,copy,exp,xcdr,shmem_ds,100000,10,0,measured,97,2026-09-09T14:43:05.801147Z,158179463203489,158179463203489,158179463203489,-1,-1,ok,
exp_copy_xcdr__py_to_py__100000B__10Hz__shmem_ds__best_effort,publish,pub,py_to_py,copy,exp,xcdr,shmem_ds,100000,10,0,measured,98,2026-09-09T14:43:05.901285Z,158179563288390,158179563288390,158179563288390,-1,-1,ok,
exp_copy_xcdr__py_to_py__100000B__10Hz__shmem_ds__best_effort,publish,pub,py_to_py,copy,exp,xcdr,shmem_ds,100000,10,0,measured,99,2026-09-09T14:43:06.002182Z,158179664218281,158179664218281,158179664218281,-1,-1,ok,
exp_copy_xcdr__py_to_py__100000B__10Hz__shmem_ds__best_effort,publish,pub,py_to_py,copy,exp,xcdr,shmem_ds,100000,10,0,measured,100,2026-09-09T14:43:06.102956Z,158179764962411,158179764962411,158179764962411,-1,-1,ok,
exp_copy_xcdr__py_to_py__100000B__10Hz__shmem_ds__best_effort,publish,pub,py_to_py,copy,exp,xcdr,shmem_ds,100000,10,0,measured,101,2026-09-09T14:43:06.201882Z,158179863921531,158179863921531,158179863921531,-1,-1,ok,
exp_copy_xcdr__py_to_py__100000B__10Hz__shmem_ds__best_effort,publish,pub,py_to_py,copy,exp,xcdr,shmem_ds,100000,10,0,measured,102,2026-09-09T14:43:06.302664Z,158179964547918,158179964547918,158179964547918,-1,-1,ok,
exp_copy_xcdr__py_to_py__100000B__10Hz__shmem_ds__best_effort,publish,pub,py_to_py,copy,exp,xcdr,shmem_ds,100000,10,0,measured,103,2026-09-09T14:43:06.402775Z,158180064791852,158180064791852,158180064791852,-1,-1,ok,
exp_copy_xcdr__py_to_py__100000B__10Hz__shmem_ds__best_effort,publish,pub,py_to_py,copy,exp,xcdr,shmem_ds,100000,10,0,measured,104,2026-09-09T14:43:06.502794Z,158180164834593,158180164834593,158180164834593,-1,-1,ok,
exp_copy_xcdr__py_to_py__100000B__10Hz__shmem_ds__best_effort,publish,pub,py_to_py,copy,exp,xcdr,shmem_ds,100000,10,0,measured,105,2026-09-09T14:43:06.602300Z,158180264350157,158180264350157,158180264350157,-1,-1,ok,
exp_copy_xcdr__py_to_py__100000B__10Hz__shmem_ds__best_effort,publish,pub,py_to_py,copy,exp,xcdr,shmem_ds,100000,10,0,measured,106,2026-09-09T14:43:06.702614Z,158180364656638,158180364656638,158180364656638,-1,-1,ok,
exp_copy_xcdr__py_to_py__100000B__10Hz__shmem_ds__best_effort,publish,pub,py_to_py,copy,exp,xcdr,shmem_ds,100000,10,0,measured,107,2026-09-09T14:43:06.801973Z,158180463904034,158180463904034,158180463904034,-1,-1,ok,
exp_copy_xcdr__py_to_py__100000B__10Hz__shmem_ds__best_effort,publish,pub,py_to_py,copy,exp,xcdr,shmem_ds,100000,10,0,measured,108,2026-09-09T14:43:06.901705Z,158180563745715,158180563745715,158180563745715,-1,-1,ok,
exp_copy_xcdr__py_to_py__100000B__10Hz__shmem_ds__best_effort,publish,pub,py_to_py,copy,exp,xcdr,shmem_ds,100000,10,0,measured,109,2026-09-09T14:43:07.001690Z,158180663686604,158180663686604,158180663686604,-1,-1,ok,
exp_copy_xcdr__py_to_py__100000B__10Hz__shmem_ds__best_effort,publish,pub,py_to_py,copy,exp,xcdr,shmem_ds,100000,10,0,measured,110,2026-09-09T14:43:07.102551Z,158180764573575,158180764573575,158180764573575,-1,-1,ok,
exp_copy_xcdr__py_to_py__100000B__10Hz__shmem_ds__best_effort,publish,pub,py_to_py,copy,exp,xcdr,shmem_ds,100000,10,0,measured,111,2026-09-09T14:43:07.203248Z,158180865292609,158180865292609,158180865292609,-1,-1,ok,
exp_copy_xcdr__py_to_py__100000B__10Hz__shmem_ds__best_effort,publish,pub,py_to_py,copy,exp,xcdr,shmem_ds,100000,10,0,measured,112,2026-09-09T14:43:07.302782Z,158180964826478,158180964826478,158180964826478,-1,-1,ok,
exp_copy_xcdr__py_to_py__100000B__10Hz__shmem_ds__best_effort,publish,pub,py_to_py,copy,exp,xcdr,shmem_ds,100000,10,0,measured,113,2026-09-09T14:43:07.402761Z,158181064812133,158181064812133,158181064812133,-1,-1,ok,
exp_copy_xcdr__py_to_py__100000B__10Hz__shmem_ds__best_effort,publish,pub,py_to_py,copy,exp,xcdr,shmem_ds,100000,10,0,measured,114,2026-09-09T14:43:07.502130Z,158181164187240,158181164187240,158181164187240,-1,-1,ok,
exp_copy_xcdr__py_to_py__100000B__10Hz__shmem_ds__best_effort,publish,pub,py_to_py,copy,exp,xcdr,shmem_ds,100000,10,0,measured,115,2026-09-09T14:43:07.603064Z,158181265050667,158181265050667,158181265050667,-1,-1,ok,
exp_copy_xcdr__py_to_py__100000B__10Hz__shmem_ds__best_effort,publish,pub,py_to_py,copy,exp,xcdr,shmem_ds,100000,10,0,measured,116,2026-09-09T14:43:07.703725Z,158181365766665,158181365766665,158181365766665,-1,-1,ok,
exp_copy_xcdr__py_to_py__100000B__10Hz__shmem_ds__best_effort,publish,pub,py_to_py,copy,exp,xcdr,shmem_ds,100000,10,0,measured,117,2026-09-09T14:43:07.803289Z,158181465342814,158181465342814,158181465342814,-1,-1,ok,
exp_copy_xcdr__py_to_py__100000B__10Hz__shmem_ds__best_effort,publish,pub,py_to_py,copy,exp,xcdr,shmem_ds,100000,10,0,measured,118,2026-09-09T14:43:07.903488Z,158181565575246,158181565575246,158181565575246,-1,-1,ok,
exp_copy_xcdr__py_to_py__100000B__10Hz__shmem_ds__best_effort,publish,pub,py_to_py,copy,exp,xcdr,shmem_ds,100000,10,0,measured,119,2026-09-09T14:43:08.003869Z,158181665874674,158181665874674,158181665874674,-1,-1,ok,
exp_copy_xcdr__py_to_py__100000B__10Hz__shmem_ds__best_effort,publish,pub,py_to_py,copy,exp,xcdr,shmem_ds,100000,10,0,measured,120,2026-09-09T14:43:08.103109Z,158181765160213,158181765160213,158181765160213,-1,-1,ok,
exp_copy_xcdr__py_to_py__100000B__10Hz__shmem_ds__best_effort,publish,pub,py_to_py,copy,exp,xcdr,shmem_ds,100000,10,0,measured,121,2026-09-09T14:43:08.203600Z,158181865658619,158181865658619,158181865658619,-1,-1,ok,
exp_copy_xcdr__py_to_py__100000B__10Hz__shmem_ds__best_effort,publish,pub,py_to_py,copy,exp,xcdr,shmem_ds,100000,10,0,measured,122,2026-09-09T14:43:08.303671Z,158181965732481,158181965732481,158181965732481,-1,-1,ok,
exp_copy_xcdr__py_to_py__100000B__10Hz__shmem_ds__best_effort,publish,pub,py_to_py,copy,exp,xcdr,shmem_ds,100000,10,0,measured,123,2026-09-09T14:43:08.404226Z,158182066287354,158182066287354,158182066287354,-1,-1,ok,
exp_copy_xcdr__py_to_py__100000B__10Hz__shmem_ds__best_effort,publish,pub,py_to_py,copy,exp,xcdr,shmem_ds,100000,10,0,measured,124,2026-09-09T14:43:08.504232Z,158182166314698,158182166314698,158182166314698,-1,-1,ok,
exp_copy_xcdr__py_to_py__100000B__10Hz__shmem_ds__best_effort,publish,pub,py_to_py,copy,exp,xcdr,shmem_ds,100000,10,0,measured,125,2026-09-09T14:43:08.603406Z,158182265406480,158182265406480,158182265406480,-1,-1,ok,
exp_copy_xcdr__py_to_py__100000B__10Hz__shmem_ds__best_effort,publish,pub,py_to_py,copy,exp,xcdr,shmem_ds,100000,10,0,measured,126,2026-09-09T14:43:08.702921Z,158182364984633,158182364984633,158182364984633,-1,-1,ok,
exp_copy_xcdr__py_to_py__100000B__10Hz__shmem_ds__best_effort,publish,pub,py_to_py,copy,exp,xcdr,shmem_ds,100000,10,0,measured,127,2026-09-09T14:43:08.802259Z,158182464195262,158182464195262,158182464195262,-1,-1,ok,
exp_copy_xcdr__py_to_py__100000B__10Hz__shmem_ds__best_effort,publish,pub,py_to_py,copy,exp,xcdr,shmem_ds,100000,10,0,measured,128,2026-09-09T14:43:08.902982Z,158182564967806,158182564967806,158182564967806,-1,-1,ok,
exp_copy_xcdr__py_to_py__100000B__10Hz__shmem_ds__best_effort,publish,pub,py_to_py,copy,exp,xcdr,shmem_ds,100000,10,0,measured,129,2026-09-09T14:43:09.003818Z,158182665762864,158182665762864,158182665762864,-1,-1,ok,
exp_copy_xcdr__py_to_py__100000B__10Hz__shmem_ds__best_effort,publish,pub,py_to_py,copy,exp,xcdr,shmem_ds,100000,10,0,measured,130,2026-09-09T14:43:09.104319Z,158182766359076,158182766359076,158182766359076,-1,-1,ok,
exp_copy_xcdr__py_to_py__100000B__10Hz__shmem_ds__best_effort,publish,pub,py_to_py,copy,exp,xcdr,shmem_ds,100000,10,0,measured,131,2026-09-09T14:43:09.203920Z,158182865955614,158182865955614,158182865955614,-1,-1,ok,
exp_copy_xcdr__py_to_py__100000B__10Hz__shmem_ds__best_effort,publish,pub,py_to_py,copy,exp,xcdr,shmem_ds,100000,10,0,measured,132,2026-09-09T14:43:09.303009Z,158182965062085,158182965062085,158182965062085,-1,-1,ok,
exp_copy_xcdr__py_to_py__100000B__10Hz__shmem_ds__best_effort,publish,pub,py_to_py,copy,exp,xcdr,shmem_ds,100000,10,0,measured,133,2026-09-09T14:43:09.403739Z,158183065804092,158183065804092,158183065804092,-1,-1,ok,
exp_copy_xcdr__py_to_py__100000B__10Hz__shmem_ds__best_effort,publish,pub,py_to_py,copy,exp,xcdr,shmem_ds,100000,10,0,measured,134,2026-09-09T14:43:09.504585Z,158183166667831,158183166667831,158183166667831,-1,-1,ok,
exp_copy_xcdr__py_to_py__100000B__10Hz__shmem_ds__best_effort,publish,pub,py_to_py,copy,exp,xcdr,shmem_ds,100000,10,0,measured,135,2026-09-09T14:43:09.603959Z,158183265937180,158183265937180,158183265937180,-1,-1,ok,
exp_copy_xcdr__py_to_py__100000B__10Hz__shmem_ds__best_effort,publish,pub,py_to_py,copy,exp,xcdr,shmem_ds,100000,10,0,measured,136,2026-09-09T14:43:09.703786Z,158183365841862,158183365841862,158183365841862,-1,-1,ok,
exp_copy_xcdr__py_to_py__100000B__10Hz__shmem_ds__best_effort,publish,pub,py_to_py,copy,exp,xcdr,shmem_ds,100000,10,0,measured,137,2026-09-09T14:43:09.802946Z,158183464991124,158183464991124,158183464991124,-1,-1,ok,
exp_copy_xcdr__py_to_py__100000B__10Hz__shmem_ds__best_effort,publish,pub,py_to_py,copy,exp,xcdr,shmem_ds,100000,10,0,measured,138,2026-09-09T14:43:09.903552Z,158183565551628,158183565551628,158183565551628,-1,-1,ok,
exp_copy_xcdr__py_to_py__100000B__10Hz__shmem_ds__best_effort,publish,pub,py_to_py,copy,exp,xcdr,shmem_ds,100000,10,0,measured,139,2026-09-09T14:43:10.003998Z,158183666038813,158183666038813,158183666038813,-1,-1,ok,
exp_copy_xcdr__py_to_py__100000B__10Hz__shmem_ds__best_effort,publish,pub,py_to_py,copy,exp,xcdr,shmem_ds,100000,10,0,measured,140,2026-09-09T14:43:10.103273Z,158183765321038,158183765321038,158183765321038,-1,-1,ok,
exp_copy_xcdr__py_to_py__100000B__10Hz__shmem_ds__best_effort,publish,pub,py_to_py,copy,exp,xcdr,shmem_ds,100000,10,0,measured,141,2026-09-09T14:43:10.203222Z,158183865259754,158183865259754,158183865259754,-1,-1,ok,
exp_copy_xcdr__py_to_py__100000B__10Hz__shmem_ds__best_effort,publish,pub,py_to_py,copy,exp,xcdr,shmem_ds,100000,10,0,measured,142,2026-09-09T14:43:10.303314Z,158183965356261,158183965356261,158183965356261,-1,-1,ok,
exp_copy_xcdr__py_to_py__100000B__10Hz__shmem_ds__best_effort,publish,pub,py_to_py,copy,exp,xcdr,shmem_ds,100000,10,0,measured,143,2026-09-09T14:43:10.402902Z,158184064914837,158184064914837,158184064914837,-1,-1,ok,
exp_copy_xcdr__py_to_py__100000B__10Hz__shmem_ds__best_effort,publish,pub,py_to_py,copy,exp,xcdr,shmem_ds,100000,10,0,measured,144,2026-09-09T14:43:10.503581Z,158184165629695,158184165629695,158184165629695,-1,-1,ok,
exp_copy_xcdr__py_to_py__100000B__10Hz__shmem_ds__best_effort,publish,pub,py_to_py,copy,exp,xcdr,shmem_ds,100000,10,0,measured,145,2026-09-09T14:43:10.603464Z,158184265495184,158184265495184,158184265495184,-1,-1,ok,
exp_copy_xcdr__py_to_py__100000B__10Hz__shmem_ds__best_effort,publish,pub,py_to_py,copy,exp,xcdr,shmem_ds,100000,10,0,measured,146,2026-09-09T14:43:10.703073Z,158184365128011,158184365128011,158184365128011,-1,-1,ok,
exp_copy_xcdr__py_to_py__100000B__10Hz__shmem_ds__best_effort,publish,pub,py_to_py,copy,exp,xcdr,shmem_ds,100000,10,0,measured,147,2026-09-09T14:43:10.803137Z,158184465075415,158184465075415,158184465075415,-1,-1,ok,
exp_copy_xcdr__py_to_py__100000B__10Hz__shmem_ds__best_effort,publish,pub,py_to_py,copy,exp,xcdr,shmem_ds,100000,10,0,measured,148,2026-09-09T14:43:10.903468Z,158184565472200,158184565472200,158184565472200,-1,-1,ok,
exp_copy_xcdr__py_to_py__100000B__10Hz__shmem_ds__best_effort,publish,pub,py_to_py,copy,exp,xcdr,shmem_ds,100000,10,0,measured,149,2026-09-09T14:43:11.003097Z,158184664975622,158184664975622,158184664975622,-1,-1,ok,
exp_copy_xcdr__py_to_py__100000B__10Hz__shmem_ds__best_effort,publish,pub,py_to_py,copy,exp,xcdr,shmem_ds,100000,10,0,measured,150,2026-09-09T14:43:11.102431Z,158184764448117,158184764448117,158184764448117,-1,-1,ok,
exp_copy_xcdr__py_to_py__100000B__10Hz__shmem_ds__best_effort,publish,pub,py_to_py,copy,exp,xcdr,shmem_ds,100000,10,0,measured,151,2026-09-09T14:43:11.203441Z,158184865430782,158184865430782,158184865430782,-1,-1,ok,
exp_copy_xcdr__py_to_py__100000B__10Hz__shmem_ds__best_effort,publish,pub,py_to_py,copy,exp,xcdr,shmem_ds,100000,10,0,measured,152,2026-09-09T14:43:11.303701Z,158184965733198,158184965733198,158184965733198,-1,-1,ok,
exp_copy_xcdr__py_to_py__100000B__10Hz__shmem_ds__best_effort,publish,pub,py_to_py,copy,exp,xcdr,shmem_ds,100000,10,0,measured,153,2026-09-09T14:43:11.403601Z,158185065625679,158185065625679,158185065625679,-1,-1,ok,
exp_copy_xcdr__py_to_py__100000B__10Hz__shmem_ds__best_effort,publish,pub,py_to_py,copy,exp,xcdr,shmem_ds,100000,10,0,measured,154,2026-09-09T14:43:11.503603Z,158185165645710,158185165645710,158185165645710,-1,-1,ok,
exp_copy_xcdr__py_to_py__100000B__10Hz__shmem_ds__best_effort,publish,pub,py_to_py,copy,exp,xcdr,shmem_ds,100000,10,0,measured,155,2026-09-09T14:43:11.603016Z,158185264974934,158185264974934,158185264974934,-1,-1,ok,
exp_copy_xcdr__py_to_py__100000B__10Hz__shmem_ds__best_effort,publish,pub,py_to_py,copy,exp,xcdr,shmem_ds,100000,10,0,measured,156,2026-09-09T14:43:11.702341Z,158185364374079,158185364374079,158185364374079,-1,-1,ok,
exp_copy_xcdr__py_to_py__100000B__10Hz__shmem_ds__best_effort,publish,pub,py_to_py,copy,exp,xcdr,shmem_ds,100000,10,0,measured,157,2026-09-09T14:43:11.802004Z,158185464048858,158185464048858,158185464048858,-1,-1,ok,
exp_copy_xcdr__py_to_py__100000B__10Hz__shmem_ds__best_effort,publish,pub,py_to_py,copy,exp,xcdr,shmem_ds,100000,10,0,measured,158,2026-09-09T14:43:11.902318Z,158185564296140,158185564296140,158185564296140,-1,-1,ok,
exp_copy_xcdr__py_to_py__100000B__10Hz__shmem_ds__best_effort,publish,pub,py_to_py,copy,exp,xcdr,shmem_ds,100000,10,0,measured,159,2026-09-09T14:43:12.001764Z,158185663746703,158185663746703,158185663746703,-1,-1,ok,
exp_copy_xcdr__py_to_py__100000B__10Hz__shmem_ds__best_effort,publish,pub,py_to_py,copy,exp,xcdr,shmem_ds,100000,10,0,measured,160,2026-09-09T14:43:12.101171Z,158185763168683,158185763168683,158185763168683,-1,-1,ok,
exp_copy_xcdr__py_to_py__100000B__10Hz__shmem_ds__best_effort,publish,pub,py_to_py,copy,exp,xcdr,shmem_ds,100000,10,0,measured,161,2026-09-09T14:43:12.200253Z,158185862267150,158185862267150,158185862267150,-1,-1,ok,
exp_copy_xcdr__py_to_py__100000B__10Hz__shmem_ds__best_effort,publish,pub,py_to_py,copy,exp,xcdr,shmem_ds,100000,10,0,measured,162,2026-09-09T14:43:12.300391Z,158185962454800,158185962454800,158185962454800,-1,-1,ok,
exp_copy_xcdr__py_to_py__100000B__10Hz__shmem_ds__best_effort,publish,pub,py_to_py,copy,exp,xcdr,shmem_ds,100000,10,0,measured,163,2026-09-09T14:43:12.399939Z,158186061962752,158186061962752,158186061962752,-1,-1,ok,
exp_copy_xcdr__py_to_py__100000B__10Hz__shmem_ds__best_effort,publish,pub,py_to_py,copy,exp,xcdr,shmem_ds,100000,10,0,measured,164,2026-09-09T14:43:12.500713Z,158186162762291,158186162762291,158186162762291,-1,-1,ok,
exp_copy_xcdr__py_to_py__100000B__10Hz__shmem_ds__best_effort,publish,pub,py_to_py,copy,exp,xcdr,shmem_ds,100000,10,0,measured,165,2026-09-09T14:43:12.601736Z,158186263647191,158186263647191,158186263647191,-1,-1,ok,
exp_copy_xcdr__py_to_py__100000B__10Hz__shmem_ds__best_effort,publish,pub,py_to_py,copy,exp,xcdr,shmem_ds,100000,10,0,measured,166,2026-09-09T14:43:12.700706Z,158186362690835,158186362690835,158186362690835,-1,-1,ok,
exp_copy_xcdr__py_to_py__100000B__10Hz__shmem_ds__best_effort,publish,pub,py_to_py,copy,exp,xcdr,shmem_ds,100000,10,0,measured,167,2026-09-09T14:43:12.800169Z,158186462179841,158186462179841,158186462179841,-1,-1,ok,
exp_copy_xcdr__py_to_py__100000B__10Hz__shmem_ds__best_effort,publish,pub,py_to_py,copy,exp,xcdr,shmem_ds,100000,10,0,measured,168,2026-09-09T14:43:12.900568Z,158186562538664,158186562538664,158186562538664,-1,-1,ok,
exp_copy_xcdr__py_to_py__100000B__10Hz__shmem_ds__best_effort,publish,pub,py_to_py,copy,exp,xcdr,shmem_ds,100000,10,0,measured,169,2026-09-09T14:43:12.999926Z,158186661892275,158186661892275,158186661892275,-1,-1,ok,
exp_copy_xcdr__py_to_py__100000B__10Hz__shmem_ds__best_effort,publish,pub,py_to_py,copy,exp,xcdr,shmem_ds,100000,10,0,measured,170,2026-09-09T14:43:13.099234Z,158186761182336,158186761182336,158186761182336,-1,-1,ok,
exp_copy_xcdr__py_to_py__100000B__10Hz__shmem_ds__best_effort,publish,pub,py_to_py,copy,exp,xcdr,shmem_ds,100000,10,0,measured,171,2026-09-09T14:43:13.200011Z,158186862037600,158186862037600,158186862037600,-1,-1,ok,
exp_copy_xcdr__py_to_py__100000B__10Hz__shmem_ds__best_effort,publish,pub,py_to_py,copy,exp,xcdr,shmem_ds,100000,10,0,measured,172,2026-09-09T14:43:13.300117Z,158186962155219,158186962155219,158186962155219,-1,-1,ok,
exp_copy_xcdr__py_to_py__100000B__10Hz__shmem_ds__best_effort,publish,pub,py_to_py,copy,exp,xcdr,shmem_ds,100000,10,0,measured,173,2026-09-09T14:43:13.400080Z,158187062114997,158187062114997,158187062114997,-1,-1,ok,
exp_copy_xcdr__py_to_py__100000B__10Hz__shmem_ds__best_effort,publish,pub,py_to_py,copy,exp,xcdr,shmem_ds,100000,10,0,measured,174,2026-09-09T14:43:13.500606Z,158187162652740,158187162652740,158187162652740,-1,-1,ok,
exp_copy_xcdr__py_to_py__100000B__10Hz__shmem_ds__best_effort,publish,pub,py_to_py,copy,exp,xcdr,shmem_ds,100000,10,0,measured,175,2026-09-09T14:43:13.601256Z,158187263301774,158187263301774,158187263301774,-1,-1,ok,
exp_copy_xcdr__py_to_py__100000B__10Hz__shmem_ds__best_effort,publish,pub,py_to_py,copy,exp,xcdr,shmem_ds,100000,10,0,measured,176,2026-09-09T14:43:13.700673Z,158187362691503,158187362691503,158187362691503,-1,-1,ok,
exp_copy_xcdr__py_to_py__100000B__10Hz__shmem_ds__best_effort,publish,pub,py_to_py,copy,exp,xcdr,shmem_ds,100000,10,0,measured,177,2026-09-09T14:43:13.799862Z,158187461857989,158187461857989,158187461857989,-1,-1,ok,
exp_copy_xcdr__py_to_py__100000B__10Hz__shmem_ds__best_effort,publish,pub,py_to_py,copy,exp,xcdr,shmem_ds,100000,10,0,measured,178,2026-09-09T14:43:13.899786Z,158187561779666,158187561779666,158187561779666,-1,-1,ok,
exp_copy_xcdr__py_to_py__100000B__10Hz__shmem_ds__best_effort,publish,pub,py_to_py,copy,exp,xcdr,shmem_ds,100000,10,0,measured,179,2026-09-09T14:43:13.999559Z,158187661594261,158187661594261,158187661594261,-1,-1,ok,
exp_copy_xcdr__py_to_py__100000B__10Hz__shmem_ds__best_effort,publish,pub,py_to_py,copy,exp,xcdr,shmem_ds,100000,10,0,measured,180,2026-09-09T14:43:14.099425Z,158187761488966,158187761488966,158187761488966,-1,-1,ok,
exp_copy_xcdr__py_to_py__100000B__10Hz__shmem_ds__best_effort,publish,pub,py_to_py,copy,exp,xcdr,shmem_ds,100000,10,0,measured,181,2026-09-09T14:43:14.199865Z,158187861916431,158187861916431,158187861916431,-1,-1,ok,
exp_copy_xcdr__py_to_py__100000B__10Hz__shmem_ds__best_effort,publish,pub,py_to_py,copy,exp,xcdr,shmem_ds,100000,10,0,measured,182,2026-09-09T14:43:14.300200Z,158187962278331,158187962278331,158187962278331,-1,-1,ok,
exp_copy_xcdr__py_to_py__100000B__10Hz__shmem_ds__best_effort,publish,pub,py_to_py,copy,exp,xcdr,shmem_ds,100000,10,0,measured,183,2026-09-09T14:43:14.401202Z,158188063265788,158188063265788,158188063265788,-1,-1,ok,
exp_copy_xcdr__py_to_py__100000B__10Hz__shmem_ds__best_effort,publish,pub,py_to_py,copy,exp,xcdr,shmem_ds,100000,10,0,measured,184,2026-09-09T14:43:14.500430Z,158188162477841,158188162477841,158188162477841,-1,-1,ok,
exp_copy_xcdr__py_to_py__100000B__10Hz__shmem_ds__best_effort,publish,pub,py_to_py,copy,exp,xcdr,shmem_ds,100000,10,0,measured,185,2026-09-09T14:43:14.600250Z,158188262296272,158188262296272,158188262296272,-1,-1,ok,
exp_copy_xcdr__py_to_py__100000B__10Hz__shmem_ds__best_effort,publish,pub,py_to_py,copy,exp,xcdr,shmem_ds,100000,10,0,measured,186,2026-09-09T14:43:14.699974Z,158188361991650,158188361991650,158188361991650,-1,-1,ok,
exp_copy_xcdr__py_to_py__100000B__10Hz__shmem_ds__best_effort,publish,pub,py_to_py,copy,exp,xcdr,shmem_ds,100000,10,0,measured,187,2026-09-09T14:43:14.800815Z,158188462767996,158188462767996,158188462767996,-1,-1,ok,
exp_copy_xcdr__py_to_py__100000B__10Hz__shmem_ds__best_effort,publish,pub,py_to_py,copy,exp,xcdr,shmem_ds,100000,10,0,measured,188,2026-09-09T14:43:14.900294Z,158188562263315,158188562263315,158188562263315,-1,-1,ok,
exp_copy_xcdr__py_to_py__100000B__10Hz__shmem_ds__best_effort,publish,pub,py_to_py,copy,exp,xcdr,shmem_ds,100000,10,0,measured,189,2026-09-09T14:43:14.999604Z,158188661610986,158188661610986,158188661610986,-1,-1,ok,
exp_copy_xcdr__py_to_py__100000B__10Hz__shmem_ds__best_effort,publish,pub,py_to_py,copy,exp,xcdr,shmem_ds,100000,10,0,measured,190,2026-09-09T14:43:15.099458Z,158188761483441,158188761483441,158188761483441,-1,-1,ok,
exp_copy_xcdr__py_to_py__100000B__10Hz__shmem_ds__best_effort,publish,pub,py_to_py,copy,exp,xcdr,shmem_ds,100000,10,0,measured,191,2026-09-09T14:43:15.199243Z,158188861297744,158188861297744,158188861297744,-1,-1,ok,
exp_copy_xcdr__py_to_py__100000B__10Hz__shmem_ds__best_effort,publish,pub,py_to_py,copy,exp,xcdr,shmem_ds,100000,10,0,measured,192,2026-09-09T14:43:15.298782Z,158188960838972,158188960838972,158188960838972,-1,-1,ok,
exp_copy_xcdr__py_to_py__100000B__10Hz__shmem_ds__best_effort,publish,pub,py_to_py,copy,exp,xcdr,shmem_ds,100000,10,0,measured,193,2026-09-09T14:43:15.398303Z,158189060347266,158189060347266,158189060347266,-1,-1,ok,
exp_copy_xcdr__py_to_py__100000B__10Hz__shmem_ds__best_effort,publish,pub,py_to_py,copy,exp,xcdr,shmem_ds,100000,10,0,measured,194,2026-09-09T14:43:15.499147Z,158189161199277,158189161199277,158189161199277,-1,-1,ok,
exp_copy_xcdr__py_to_py__100000B__10Hz__shmem_ds__best_effort,publish,pub,py_to_py,copy,exp,xcdr,shmem_ds,100000,10,0,measured,195,2026-09-09T14:43:15.598996Z,158189261054227,158189261054227,158189261054227,-1,-1,ok,
exp_copy_xcdr__py_to_py__100000B__10Hz__shmem_ds__best_effort,publish,pub,py_to_py,copy,exp,xcdr,shmem_ds,100000,10,0,measured,196,2026-09-09T14:43:15.699771Z,158189361812940,158189361812940,158189361812940,-1,-1,ok,
exp_copy_xcdr__py_to_py__100000B__10Hz__shmem_ds__best_effort,publish,pub,py_to_py,copy,exp,xcdr,shmem_ds,100000,10,0,measured,197,2026-09-09T14:43:15.799797Z,158189461878119,158189461878119,158189461878119,-1,-1,ok,
exp_copy_xcdr__py_to_py__100000B__10Hz__shmem_ds__best_effort,publish,pub,py_to_py,copy,exp,xcdr,shmem_ds,100000,10,0,measured,198,2026-09-09T14:43:15.899099Z,158189561066188,158189561066188,158189561066188,-1,-1,ok,
exp_copy_xcdr__py_to_py__100000B__10Hz__shmem_ds__best_effort,publish,pub,py_to_py,copy,exp,xcdr,shmem_ds,100000,10,0,measured,199,2026-09-09T14:43:16.000007Z,158189662041601,158189662041601,158189662041601,-1,-1,ok,
exp_copy_xcdr__py_to_py__100000B__10Hz__shmem_ds__best_effort,publish,pub,py_to_py,copy,exp,xcdr,shmem_ds,100000,10,0,measured,200,2026-09-09T14:43:16.100643Z,158189762681398,158189762681398,158189762681398,-1,-1,ok,
exp_copy_xcdr__py_to_py__100000B__10Hz__shmem_ds__best_effort,publish,pub,py_to_py,copy,exp,xcdr,shmem_ds,100000,10,0,measured,201,2026-09-09T14:43:16.201554Z,158189863605465,158189863605465,158189863605465,-1,-1,ok,
exp_copy_xcdr__py_to_py__100000B__10Hz__shmem_ds__best_effort,publish,pub,py_to_py,copy,exp,xcdr,shmem_ds,100000,10,0,measured,202,2026-09-09T14:43:16.302406Z,158189964456183,158189964456183,158189964456183,-1,-1,ok,
exp_copy_xcdr__py_to_py__100000B__10Hz__shmem_ds__best_effort,publish,pub,py_to_py,copy,exp,xcdr,shmem_ds,100000,10,0,measured,203,2026-09-09T14:43:16.403080Z,158190065158228,158190065158228,158190065158228,-1,-1,ok,
exp_copy_xcdr__py_to_py__100000B__10Hz__shmem_ds__best_effort,publish,pub,py_to_py,copy,exp,xcdr,shmem_ds,100000,10,0,measured,204,2026-09-09T14:43:16.502417Z,158190164476424,158190164476424,158190164476424,-1,-1,ok,
exp_copy_xcdr__py_to_py__100000B__10Hz__shmem_ds__best_effort,publish,pub,py_to_py,copy,exp,xcdr,shmem_ds,100000,10,0,measured,205,2026-09-09T14:43:16.602455Z,158190264487561,158190264487561,158190264487561,-1,-1,ok,
exp_copy_xcdr__py_to_py__100000B__10Hz__shmem_ds__best_effort,publish,pub,py_to_py,copy,exp,xcdr,shmem_ds,100000,10,0,measured,206,2026-09-09T14:43:16.701913Z,158190363932717,158190363932717,158190363932717,-1,-1,ok,
exp_copy_xcdr__py_to_py__100000B__10Hz__shmem_ds__best_effort,publish,pub,py_to_py,copy,exp,xcdr,shmem_ds,100000,10,0,measured,207,2026-09-09T14:43:16.801857Z,158190463802407,158190463802407,158190463802407,-1,-1,ok,
exp_copy_xcdr__py_to_py__100000B__10Hz__shmem_ds__best_effort,publish,pub,py_to_py,copy,exp,xcdr,shmem_ds,100000,10,0,measured,208,2026-09-09T14:43:16.900930Z,158190562901537,158190562901537,158190562901537,-1,-1,ok,
exp_copy_xcdr__py_to_py__100000B__10Hz__shmem_ds__best_effort,publish,pub,py_to_py,copy,exp,xcdr,shmem_ds,100000,10,0,measured,209,2026-09-09T14:43:17.000632Z,158190662635579,158190662635579,158190662635579,-1,-1,ok,
exp_copy_xcdr__py_to_py__100000B__10Hz__shmem_ds__best_effort,publish,pub,py_to_py,copy,exp,xcdr,shmem_ds,100000,10,0,measured,210,2026-09-09T14:43:17.101531Z,158190763570587,158190763570587,158190763570587,-1,-1,ok,
exp_copy_xcdr__py_to_py__100000B__10Hz__shmem_ds__best_effort,publish,pub,py_to_py,copy,exp,xcdr,shmem_ds,100000,10,0,measured,211,2026-09-09T14:43:17.201106Z,158190863125512,158190863125512,158190863125512,-1,-1,ok,
exp_copy_xcdr__py_to_py__100000B__10Hz__shmem_ds__best_effort,publish,pub,py_to_py,copy,exp,xcdr,shmem_ds,100000,10,0,measured,212,2026-09-09T14:43:17.301630Z,158190963667735,158190963667735,158190963667735,-1,-1,ok,
exp_copy_xcdr__py_to_py__100000B__10Hz__shmem_ds__best_effort,publish,pub,py_to_py,copy,exp,xcdr,shmem_ds,100000,10,0,measured,213,2026-09-09T14:43:17.401498Z,158191063555730,158191063555730,158191063555730,-1,-1,ok,
exp_copy_xcdr__py_to_py__100000B__10Hz__shmem_ds__best_effort,publish,pub,py_to_py,copy,exp,xcdr,shmem_ds,100000,10,0,measured,214,2026-09-09T14:43:17.501428Z,158191163443115,158191163443115,158191163443115,-1,-1,ok,
exp_copy_xcdr__py_to_py__100000B__10Hz__shmem_ds__best_effort,publish,pub,py_to_py,copy,exp,xcdr,shmem_ds,100000,10,0,measured,215,2026-09-09T14:43:17.602383Z,158191264370768,158191264370768,158191264370768,-1,-1,ok,
exp_copy_xcdr__py_to_py__100000B__10Hz__shmem_ds__best_effort,publish,pub,py_to_py,copy,exp,xcdr,shmem_ds,100000,10,0,measured,216,2026-09-09T14:43:17.703298Z,158191365326424,158191365326424,158191365326424,-1,-1,ok,
exp_copy_xcdr__py_to_py__100000B__10Hz__shmem_ds__best_effort,publish,pub,py_to_py,copy,exp,xcdr,shmem_ds,100000,10,0,measured,217,2026-09-09T14:43:17.803373Z,158191465422083,158191465422083,158191465422083,-1,-1,ok,
exp_copy_xcdr__py_to_py__100000B__10Hz__shmem_ds__best_effort,publish,pub,py_to_py,copy,exp,xcdr,shmem_ds,100000,10,0,measured,218,2026-09-09T14:43:17.903945Z,158191565923679,158191565923679,158191565923679,-1,-1,ok,
exp_copy_xcdr__py_to_py__100000B__10Hz__shmem_ds__best_effort,publish,pub,py_to_py,copy,exp,xcdr,shmem_ds,100000,10,0,measured,219,2026-09-09T14:43:18.003156Z,158191665195488,158191665195488,158191665195488,-1,-1,ok,
exp_copy_xcdr__py_to_py__100000B__10Hz__shmem_ds__best_effort,publish,pub,py_to_py,copy,exp,xcdr,shmem_ds,100000,10,0,measured,220,2026-09-09T14:43:18.102706Z,158191764753088,158191764753088,158191764753088,-1,-1,ok,
exp_copy_xcdr__py_to_py__100000B__10Hz__shmem_ds__best_effort,publish,pub,py_to_py,copy,exp,xcdr,shmem_ds,100000,10,0,measured,221,2026-09-09T14:43:18.203616Z,158191865684890,158191865684890,158191865684890,-1,-1,ok,
exp_copy_xcdr__py_to_py__100000B__10Hz__shmem_ds__best_effort,publish,pub,py_to_py,copy,exp,xcdr,shmem_ds,100000,10,0,measured,222,2026-09-09T14:43:18.303762Z,158191965830302,158191965830302,158191965830302,-1,-1,ok,
exp_copy_xcdr__py_to_py__100000B__10Hz__shmem_ds__best_effort,publish,pub,py_to_py,copy,exp,xcdr,shmem_ds,100000,10,0,measured,223,2026-09-09T14:43:18.403831Z,158192065909490,158192065909490,158192065909490,-1,-1,ok,
exp_copy_xcdr__py_to_py__100000B__10Hz__shmem_ds__best_effort,publish,pub,py_to_py,copy,exp,xcdr,shmem_ds,100000,10,0,measured,224,2026-09-09T14:43:18.504349Z,158192166415877,158192166415877,158192166415877,-1,-1,ok,
exp_copy_xcdr__py_to_py__100000B__10Hz__shmem_ds__best_effort,publish,pub,py_to_py,copy,exp,xcdr,shmem_ds,100000,10,0,measured,225,2026-09-09T14:43:18.603489Z,158192265544604,158192265544604,158192265544604,-1,-1,ok,
exp_copy_xcdr__py_to_py__100000B__10Hz__shmem_ds__best_effort,publish,pub,py_to_py,copy,exp,xcdr,shmem_ds,100000,10,0,measured,226,2026-09-09T14:43:18.703671Z,158192365715646,158192365715646,158192365715646,-1,-1,ok,
exp_copy_xcdr__py_to_py__100000B__10Hz__shmem_ds__best_effort,publish,pub,py_to_py,copy,exp,xcdr,shmem_ds,100000,10,0,measured,227,2026-09-09T14:43:18.803717Z,158192465751781,158192465751781,158192465751781,-1,-1,ok,
exp_copy_xcdr__py_to_py__100000B__10Hz__shmem_ds__best_effort,publish,pub,py_to_py,copy,exp,xcdr,shmem_ds,100000,10,0,measured,228,2026-09-09T14:43:18.904556Z,158192566520735,158192566520735,158192566520735,-1,-1,ok,
exp_copy_xcdr__py_to_py__100000B__10Hz__shmem_ds__best_effort,publish,pub,py_to_py,copy,exp,xcdr,shmem_ds,100000,10,0,measured,229,2026-09-09T14:43:19.003794Z,158192665803214,158192665803214,158192665803214,-1,-1,ok,
exp_copy_xcdr__py_to_py__100000B__10Hz__shmem_ds__best_effort,publish,pub,py_to_py,copy,exp,xcdr,shmem_ds,100000,10,0,measured,230,2026-09-09T14:43:19.104659Z,158192766690542,158192766690542,158192766690542,-1,-1,ok,
exp_copy_xcdr__py_to_py__100000B__10Hz__shmem_ds__best_effort,publish,pub,py_to_py,copy,exp,xcdr,shmem_ds,100000,10,0,measured,231,2026-09-09T14:43:19.203798Z,158192865837635,158192865837635,158192865837635,-1,-1,ok,
exp_copy_xcdr__py_to_py__100000B__10Hz__shmem_ds__best_effort,publish,pub,py_to_py,copy,exp,xcdr,shmem_ds,100000,10,0,measured,232,2026-09-09T14:43:19.303130Z,158192965205205,158192965205205,158192965205205,-1,-1,ok,
exp_copy_xcdr__py_to_py__100000B__10Hz__shmem_ds__best_effort,publish,pub,py_to_py,copy,exp,xcdr,shmem_ds,100000,10,0,measured,233,2026-09-09T14:43:19.403326Z,158193065395273,158193065395273,158193065395273,-1,-1,ok,
exp_copy_xcdr__py_to_py__100000B__10Hz__shmem_ds__best_effort,publish,pub,py_to_py,copy,exp,xcdr,shmem_ds,100000,10,0,measured,234,2026-09-09T14:43:19.503672Z,158193165726899,158193165726899,158193165726899,-1,-1,ok,
exp_copy_xcdr__py_to_py__100000B__10Hz__shmem_ds__best_effort,publish,pub,py_to_py,copy,exp,xcdr,shmem_ds,100000,10,0,measured,235,2026-09-09T14:43:19.603199Z,158193265247930,158193265247930,158193265247930,-1,-1,ok,
exp_copy_xcdr__py_to_py__100000B__10Hz__shmem_ds__best_effort,publish,pub,py_to_py,copy,exp,xcdr,shmem_ds,100000,10,0,measured,236,2026-09-09T14:43:19.702417Z,158193364461168,158193364461168,158193364461168,-1,-1,ok,
exp_copy_xcdr__py_to_py__100000B__10Hz__shmem_ds__best_effort,publish,pub,py_to_py,copy,exp,xcdr,shmem_ds,100000,10,0,measured,237,2026-09-09T14:43:19.803173Z,158193465221757,158193465221757,158193465221757,-1,-1,ok,
exp_copy_xcdr__py_to_py__100000B__10Hz__shmem_ds__best_effort,publish,pub,py_to_py,copy,exp,xcdr,shmem_ds,100000,10,0,measured,238,2026-09-09T14:43:19.902781Z,158193564775861,158193564775861,158193564775861,-1,-1,ok,
exp_copy_xcdr__py_to_py__100000B__10Hz__shmem_ds__best_effort,publish,pub,py_to_py,copy,exp,xcdr,shmem_ds,100000,10,0,measured,239,2026-09-09T14:43:20.002932Z,158193664926725,158193664926725,158193664926725,-1,-1,ok,
exp_copy_xcdr__py_to_py__100000B__10Hz__shmem_ds__best_effort,publish,pub,py_to_py,copy,exp,xcdr,shmem_ds,100000,10,0,measured,240,2026-09-09T14:43:20.103105Z,158193765157079,158193765157079,158193765157079,-1,-1,ok,
exp_copy_xcdr__py_to_py__100000B__10Hz__shmem_ds__best_effort,publish,pub,py_to_py,copy,exp,xcdr,shmem_ds,100000,10,0,measured,241,2026-09-09T14:43:20.202923Z,158193864966748,158193864966748,158193864966748,-1,-1,ok,
exp_copy_xcdr__py_to_py__100000B__10Hz__shmem_ds__best_effort,publish,pub,py_to_py,copy,exp,xcdr,shmem_ds,100000,10,0,measured,242,2026-09-09T14:43:20.303046Z,158193965128603,158193965128603,158193965128603,-1,-1,ok,
exp_copy_xcdr__py_to_py__100000B__10Hz__shmem_ds__best_effort,publish,pub,py_to_py,copy,exp,xcdr,shmem_ds,100000,10,0,measured,243,2026-09-09T14:43:20.403132Z,158194065204054,158194065204054,158194065204054,-1,-1,ok,
exp_copy_xcdr__py_to_py__100000B__10Hz__shmem_ds__best_effort,publish,pub,py_to_py,copy,exp,xcdr,shmem_ds,100000,10,0,measured,244,2026-09-09T14:43:20.503990Z,158194166058681,158194166058681,158194166058681,-1,-1,ok,
exp_copy_xcdr__py_to_py__100000B__10Hz__shmem_ds__best_effort,publish,pub,py_to_py,copy,exp,xcdr,shmem_ds,100000,10,0,measured,245,2026-09-09T14:43:20.603465Z,158194265506884,158194265506884,158194265506884,-1,-1,ok,
exp_copy_xcdr__py_to_py__100000B__10Hz__shmem_ds__best_effort,publish,pub,py_to_py,copy,exp,xcdr,shmem_ds,100000,10,0,measured,246,2026-09-09T14:43:20.703906Z,158194365933110,158194365933110,158194365933110,-1,-1,ok,
exp_copy_xcdr__py_to_py__100000B__10Hz__shmem_ds__best_effort,publish,pub,py_to_py,copy,exp,xcdr,shmem_ds,100000,10,0,measured,247,2026-09-09T14:43:20.803417Z,158194465436007,158194465436007,158194465436007,-1,-1,ok,
exp_copy_xcdr__py_to_py__100000B__10Hz__shmem_ds__best_effort,publish,pub,py_to_py,copy,exp,xcdr,shmem_ds,100000,10,0,measured,248,2026-09-09T14:43:20.903289Z,158194565266565,158194565266565,158194565266565,-1,-1,ok,
exp_copy_xcdr__py_to_py__100000B__10Hz__shmem_ds__best_effort,publish,pub,py_to_py,copy,exp,xcdr,shmem_ds,100000,10,0,measured,249,2026-09-09T14:43:21.003637Z,158194665617308,158194665617308,158194665617308,-1,-1,ok,
exp_copy_xcdr__py_to_py__100000B__10Hz__shmem_ds__best_effort,publish,pub,py_to_py,copy,exp,xcdr,shmem_ds,100000,10,0,measured,250,2026-09-09T14:43:21.103128Z,158194765166975,158194765166975,158194765166975,-1,-1,ok,
exp_copy_xcdr__py_to_py__100000B__10Hz__shmem_ds__best_effort,publish,pub,py_to_py,copy,exp,xcdr,shmem_ds,100000,10,0,measured,251,2026-09-09T14:43:21.202731Z,158194864748902,158194864748902,158194864748902,-1,-1,ok,
exp_copy_xcdr__py_to_py__100000B__10Hz__shmem_ds__best_effort,publish,pub,py_to_py,copy,exp,xcdr,shmem_ds,100000,10,0,measured,252,2026-09-09T14:43:21.303330Z,158194965327536,158194965327536,158194965327536,-1,-1,ok,
exp_copy_xcdr__py_to_py__100000B__10Hz__shmem_ds__best_effort,publish,pub,py_to_py,copy,exp,xcdr,shmem_ds,100000,10,0,measured,253,2026-09-09T14:43:21.402410Z,158195064430938,158195064430938,158195064430938,-1,-1,ok,
exp_copy_xcdr__py_to_py__100000B__10Hz__shmem_ds__best_effort,publish,pub,py_to_py,copy,exp,xcdr,shmem_ds,100000,10,0,measured,254,2026-09-09T14:43:21.502287Z,158195164328714,158195164328714,158195164328714,-1,-1,ok,
exp_copy_xcdr__py_to_py__100000B__10Hz__shmem_ds__best_effort,publish,pub,py_to_py,copy,exp,xcdr,shmem_ds,100000,10,0,measured,255,2026-09-09T14:43:21.603411Z,158195265394431,158195265394431,158195265394431,-1,-1,ok,
exp_copy_xcdr__py_to_py__100000B__10Hz__shmem_ds__best_effort,publish,pub,py_to_py,copy,exp,xcdr,shmem_ds,100000,10,0,measured,256,2026-09-09T14:43:21.704292Z,158195366326976,158195366326976,158195366326976,-1,-1,ok,
exp_copy_xcdr__py_to_py__100000B__10Hz__shmem_ds__best_effort,publish,pub,py_to_py,copy,exp,xcdr,shmem_ds,100000,10,0,measured,257,2026-09-09T14:43:21.803422Z,158195465470713,158195465470713,158195465470713,-1,-1,ok,
exp_copy_xcdr__py_to_py__100000B__10Hz__shmem_ds__best_effort,publish,pub,py_to_py,copy,exp,xcdr,shmem_ds,100000,10,0,measured,258,2026-09-09T14:43:21.902973Z,158195564958664,158195564958664,158195564958664,-1,-1,ok,
exp_copy_xcdr__py_to_py__100000B__10Hz__shmem_ds__best_effort,publish,pub,py_to_py,copy,exp,xcdr,shmem_ds,100000,10,0,measured,259,2026-09-09T14:43:22.002485Z,158195664481708,158195664481708,158195664481708,-1,-1,ok,
exp_copy_xcdr__py_to_py__100000B__10Hz__shmem_ds__best_effort,publish,pub,py_to_py,copy,exp,xcdr,shmem_ds,100000,10,0,measured,260,2026-09-09T14:43:22.103304Z,158195765329554,158195765329554,158195765329554,-1,-1,ok,
exp_copy_xcdr__py_to_py__100000B__10Hz__shmem_ds__best_effort,publish,pub,py_to_py,copy,exp,xcdr,shmem_ds,100000,10,0,measured,261,2026-09-09T14:43:22.204037Z,158195866076058,158195866076058,158195866076058,-1,-1,ok,
exp_copy_xcdr__py_to_py__100000B__10Hz__shmem_ds__best_effort,publish,pub,py_to_py,copy,exp,xcdr,shmem_ds,100000,10,0,measured,262,2026-09-09T14:43:22.304713Z,158195966775541,158195966775541,158195966775541,-1,-1,ok,
exp_copy_xcdr__py_to_py__100000B__10Hz__shmem_ds__best_effort,publish,pub,py_to_py,copy,exp,xcdr,shmem_ds,100000,10,0,measured,263,2026-09-09T14:43:22.404423Z,158196066505790,158196066505790,158196066505790,-1,-1,ok,
exp_copy_xcdr__py_to_py__100000B__10Hz__shmem_ds__best_effort,publish,pub,py_to_py,copy,exp,xcdr,shmem_ds,100000,10,0,measured,264,2026-09-09T14:43:22.503738Z,158196165813979,158196165813979,158196165813979,-1,-1,ok,
exp_copy_xcdr__py_to_py__100000B__10Hz__shmem_ds__best_effort,publish,pub,py_to_py,copy,exp,xcdr,shmem_ds,100000,10,0,measured,265,2026-09-09T14:43:22.604513Z,158196266568148,158196266568148,158196266568148,-1,-1,ok,
exp_copy_xcdr__py_to_py__100000B__10Hz__shmem_ds__best_effort,publish,pub,py_to_py,copy,exp,xcdr,shmem_ds,100000,10,0,measured,266,2026-09-09T14:43:22.705067Z,158196367034190,158196367034190,158196367034190,-1,-1,ok,
exp_copy_xcdr__py_to_py__100000B__10Hz__shmem_ds__best_effort,publish,pub,py_to_py,copy,exp,xcdr,shmem_ds,100000,10,0,measured,267,2026-09-09T14:43:22.805193Z,158196467211455,158196467211455,158196467211455,-1,-1,ok,
exp_copy_xcdr__py_to_py__100000B__10Hz__shmem_ds__best_effort,publish,pub,py_to_py,copy,exp,xcdr,shmem_ds,100000,10,0,measured,268,2026-09-09T14:43:22.906251Z,158196568228871,158196568228871,158196568228871,-1,-1,ok,
exp_copy_xcdr__py_to_py__100000B__10Hz__shmem_ds__best_effort,publish,pub,py_to_py,copy,exp,xcdr,shmem_ds,100000,10,0,measured,269,2026-09-09T14:43:23.006648Z,158196668518940,158196668518940,158196668518940,-1,-1,ok,
exp_copy_xcdr__py_to_py__100000B__10Hz__shmem_ds__best_effort,publish,pub,py_to_py,copy,exp,xcdr,shmem_ds,100000,10,0,measured,270,2026-09-09T14:43:23.105445Z,158196767474893,158196767474893,158196767474893,-1,-1,ok,
exp_copy_xcdr__py_to_py__100000B__10Hz__shmem_ds__best_effort,publish,pub,py_to_py,copy,exp,xcdr,shmem_ds,100000,10,0,measured,271,2026-09-09T14:43:23.206033Z,158196868076543,158196868076543,158196868076543,-1,-1,ok,
exp_copy_xcdr__py_to_py__100000B__10Hz__shmem_ds__best_effort,publish,pub,py_to_py,copy,exp,xcdr,shmem_ds,100000,10,0,measured,272,2026-09-09T14:43:23.305587Z,158196967657179,158196967657179,158196967657179,-1,-1,ok,
exp_copy_xcdr__py_to_py__100000B__10Hz__shmem_ds__best_effort,publish,pub,py_to_py,copy,exp,xcdr,shmem_ds,100000,10,0,measured,273,2026-09-09T14:43:23.405948Z,158197067997534,158197067997534,158197067997534,-1,-1,ok,
exp_copy_xcdr__py_to_py__100000B__10Hz__shmem_ds__best_effort,publish,pub,py_to_py,copy,exp,xcdr,shmem_ds,100000,10,0,measured,274,2026-09-09T14:43:23.506794Z,158197168867292,158197168867292,158197168867292,-1,-1,ok,
exp_copy_xcdr__py_to_py__100000B__10Hz__shmem_ds__best_effort,publish,pub,py_to_py,copy,exp,xcdr,shmem_ds,100000,10,0,measured,275,2026-09-09T14:43:23.606227Z,158197268231708,158197268231708,158197268231708,-1,-1,ok,
exp_copy_xcdr__py_to_py__100000B__10Hz__shmem_ds__best_effort,publish,pub,py_to_py,copy,exp,xcdr,shmem_ds,100000,10,0,measured,276,2026-09-09T14:43:23.705347Z,158197367397538,158197367397538,158197367397538,-1,-1,ok,
exp_copy_xcdr__py_to_py__100000B__10Hz__shmem_ds__best_effort,publish,pub,py_to_py,copy,exp,xcdr,shmem_ds,100000,10,0,measured,277,2026-09-09T14:43:23.804537Z,158197466590049,158197466590049,158197466590049,-1,-1,ok,
exp_copy_xcdr__py_to_py__100000B__10Hz__shmem_ds__best_effort,publish,pub,py_to_py,copy,exp,xcdr,shmem_ds,100000,10,0,measured,278,2026-09-09T14:43:23.904751Z,158197566762306,158197566762306,158197566762306,-1,-1,ok,
exp_copy_xcdr__py_to_py__100000B__10Hz__shmem_ds__best_effort,publish,pub,py_to_py,copy,exp,xcdr,shmem_ds,100000,10,0,measured,279,2026-09-09T14:43:24.004232Z,158197666267028,158197666267028,158197666267028,-1,-1,ok,
exp_copy_xcdr__py_to_py__100000B__10Hz__shmem_ds__best_effort,publish,pub,py_to_py,copy,exp,xcdr,shmem_ds,100000,10,0,measured,280,2026-09-09T14:43:24.104405Z,158197766462139,158197766462139,158197766462139,-1,-1,ok,
exp_copy_xcdr__py_to_py__100000B__10Hz__shmem_ds__best_effort,publish,pub,py_to_py,copy,exp,xcdr,shmem_ds,100000,10,0,measured,281,2026-09-09T14:43:24.204824Z,158197866873328,158197866873328,158197866873328,-1,-1,ok,
exp_copy_xcdr__py_to_py__100000B__10Hz__shmem_ds__best_effort,publish,pub,py_to_py,copy,exp,xcdr,shmem_ds,100000,10,0,measured,282,2026-09-09T14:43:24.304196Z,158197966268013,158197966268013,158197966268013,-1,-1,ok,
exp_copy_xcdr__py_to_py__100000B__10Hz__shmem_ds__best_effort,publish,pub,py_to_py,copy,exp,xcdr,shmem_ds,100000,10,0,measured,283,2026-09-09T14:43:24.404454Z,158198066540379,158198066540379,158198066540379,-1,-1,ok,
exp_copy_xcdr__py_to_py__100000B__10Hz__shmem_ds__best_effort,publish,pub,py_to_py,copy,exp,xcdr,shmem_ds,100000,10,0,measured,284,2026-09-09T14:43:24.503970Z,158198166053788,158198166053788,158198166053788,-1,-1,ok,
exp_copy_xcdr__py_to_py__100000B__10Hz__shmem_ds__best_effort,publish,pub,py_to_py,copy,exp,xcdr,shmem_ds,100000,10,0,measured,285,2026-09-09T14:43:24.604144Z,158198266147957,158198266147957,158198266147957,-1,-1,ok,
exp_copy_xcdr__py_to_py__100000B__10Hz__shmem_ds__best_effort,publish,pub,py_to_py,copy,exp,xcdr,shmem_ds,100000,10,0,measured,286,2026-09-09T14:43:24.704843Z,158198366887720,158198366887720,158198366887720,-1,-1,ok,
exp_copy_xcdr__py_to_py__100000B__10Hz__shmem_ds__best_effort,publish,pub,py_to_py,copy,exp,xcdr,shmem_ds,100000,10,0,measured,287,2026-09-09T14:43:24.805763Z,158198467706761,158198467706761,158198467706761,-1,-1,ok,
exp_copy_xcdr__py_to_py__100000B__10Hz__shmem_ds__best_effort,publish,pub,py_to_py,copy,exp,xcdr,shmem_ds,100000,10,0,measured,288,2026-09-09T14:43:24.904844Z,158198566828328,158198566828328,158198566828328,-1,-1,ok,
exp_copy_xcdr__py_to_py__100000B__10Hz__shmem_ds__best_effort,publish,pub,py_to_py,copy,exp,xcdr,shmem_ds,100000,10,0,measured,289,2026-09-09T14:43:25.004696Z,158198666685770,158198666685770,158198666685770,-1,-1,ok,
exp_copy_xcdr__py_to_py__100000B__10Hz__shmem_ds__best_effort,publish,pub,py_to_py,copy,exp,xcdr,shmem_ds,100000,10,0,measured,290,2026-09-09T14:43:25.104102Z,158198766154123,158198766154123,158198766154123,-1,-1,ok,
exp_copy_xcdr__py_to_py__100000B__10Hz__shmem_ds__best_effort,publish,pub,py_to_py,copy,exp,xcdr,shmem_ds,100000,10,0,measured,291,2026-09-09T14:43:25.203112Z,158198865167687,158198865167687,158198865167687,-1,-1,ok,
exp_copy_xcdr__py_to_py__100000B__10Hz__shmem_ds__best_effort,publish,pub,py_to_py,copy,exp,xcdr,shmem_ds,100000,10,0,measured,292,2026-09-09T14:43:25.303616Z,158198965685167,158198965685167,158198965685167,-1,-1,ok,
exp_copy_xcdr__py_to_py__100000B__10Hz__shmem_ds__best_effort,publish,pub,py_to_py,copy,exp,xcdr,shmem_ds,100000,10,0,measured,293,2026-09-09T14:43:25.403888Z,158199065960009,158199065960009,158199065960009,-1,-1,ok,
exp_copy_xcdr__py_to_py__100000B__10Hz__shmem_ds__best_effort,publish,pub,py_to_py,copy,exp,xcdr,shmem_ds,100000,10,0,measured,294,2026-09-09T14:43:25.503423Z,158199165488007,158199165488007,158199165488007,-1,-1,ok,
exp_copy_xcdr__py_to_py__100000B__10Hz__shmem_ds__best_effort,publish,pub,py_to_py,copy,exp,xcdr,shmem_ds,100000,10,0,measured,295,2026-09-09T14:43:25.604064Z,158199266064509,158199266064509,158199266064509,-1,-1,ok,
exp_copy_xcdr__py_to_py__100000B__10Hz__shmem_ds__best_effort,publish,pub,py_to_py,copy,exp,xcdr,shmem_ds,100000,10,0,measured,296,2026-09-09T14:43:25.704095Z,158199366127881,158199366127881,158199366127881,-1,-1,ok,
exp_copy_xcdr__py_to_py__100000B__10Hz__shmem_ds__best_effort,publish,pub,py_to_py,copy,exp,xcdr,shmem_ds,100000,10,0,measured,297,2026-09-09T14:43:25.803884Z,158199465932993,158199465932993,158199465932993,-1,-1,ok,
exp_copy_xcdr__py_to_py__100000B__10Hz__shmem_ds__best_effort,publish,pub,py_to_py,copy,exp,xcdr,shmem_ds,100000,10,0,measured,298,2026-09-09T14:43:25.903018Z,158199565028391,158199565028391,158199565028391,-1,-1,ok,
exp_copy_xcdr__py_to_py__100000B__10Hz__shmem_ds__best_effort,publish,pub,py_to_py,copy,exp,xcdr,shmem_ds,100000,10,0,measured,299,2026-09-09T14:43:26.002130Z,158199664164086,158199664164086,158199664164086,-1,-1,ok,
exp_copy_xcdr__py_to_py__100000B__10Hz__shmem_ds__best_effort,publish,pub,py_to_py,copy,exp,xcdr,shmem_ds,100000,10,0,measured,300,2026-09-09T14:43:26.102820Z,158199764873110,158199764873110,158199764873110,-1,-1,ok,
exp_copy_xcdr__py_to_py__100000B__10Hz__shmem_ds__best_effort,receive,sub,py_to_py,copy,exp,xcdr,shmem_ds,100000,10,0,measured,0,2026-09-09T14:42:56.107753Z,158169769808550,158169768749425,158169769808550,1788964976106611216,1788964976107216301,ok,
exp_copy_xcdr__py_to_py__100000B__10Hz__shmem_ds__best_effort,receive,sub,py_to_py,copy,exp,xcdr,shmem_ds,100000,10,0,measured,1,2026-09-09T14:42:56.207551Z,158169869676476,158169869326093,158169869676476,1788964976207172204,1788964976207311358,ok,
exp_copy_xcdr__py_to_py__100000B__10Hz__shmem_ds__best_effort,receive,sub,py_to_py,copy,exp,xcdr,shmem_ds,100000,10,0,measured,2,2026-09-09T14:42:56.306486Z,158169968624659,158169968323038,158169968624659,1788964976306152909,1788964976306283166,ok,
exp_copy_xcdr__py_to_py__100000B__10Hz__shmem_ds__best_effort,receive,sub,py_to_py,copy,exp,xcdr,shmem_ds,100000,10,0,measured,3,2026-09-09T14:42:56.406066Z,158170068215300,158170067921033,158170068215300,1788964976405758387,1788964976405885588,ok,
exp_copy_xcdr__py_to_py__100000B__10Hz__shmem_ds__best_effort,receive,sub,py_to_py,copy,exp,xcdr,shmem_ds,100000,10,0,measured,4,2026-09-09T14:42:56.505409Z,158170167550206,158170167279773,158170167550206,1788964976505105697,1788964976505217889,ok,
exp_copy_xcdr__py_to_py__100000B__10Hz__shmem_ds__best_effort,receive,sub,py_to_py,copy,exp,xcdr,shmem_ds,100000,10,0,measured,5,2026-09-09T14:42:56.606140Z,158170268263242,158170267852584,158170268263242,1788964976605707332,1788964976605894045,ok,
exp_copy_xcdr__py_to_py__100000B__10Hz__shmem_ds__best_effort,receive,sub,py_to_py,copy,exp,xcdr,shmem_ds,100000,10,0,measured,6,2026-09-09T14:42:56.706304Z,158170368443108,158170368150293,158170368443108,1788964976705979623,1788964976706111322,ok,
exp_copy_xcdr__py_to_py__100000B__10Hz__shmem_ds__best_effort,receive,sub,py_to_py,copy,exp,xcdr,shmem_ds,100000,10,0,measured,7,2026-09-09T14:42:56.807204Z,158170469343538,158170468968959,158170469343538,1788964976806833545,1788964976806978830,ok,
exp_copy_xcdr__py_to_py__100000B__10Hz__shmem_ds__best_effort,receive,sub,py_to_py,copy,exp,xcdr,shmem_ds,100000,10,0,measured,8,2026-09-09T14:42:56.906405Z,158170568532688,158170568156786,158170568532688,1788964976906004481,1788964976906176496,ok,
exp_copy_xcdr__py_to_py__100000B__10Hz__shmem_ds__best_effort,receive,sub,py_to_py,copy,exp,xcdr,shmem_ds,100000,10,0,measured,9,2026-09-09T14:42:57.006328Z,158170668445658,158170668038087,158170668445658,1788964977005903184,1788964977006065772,ok,
exp_copy_xcdr__py_to_py__100000B__10Hz__shmem_ds__best_effort,receive,sub,py_to_py,copy,exp,xcdr,shmem_ds,100000,10,0,measured,10,2026-09-09T14:42:57.105128Z,158170767266051,158170766964360,158170767266051,1788964977104788831,1788964977104925109,ok,
exp_copy_xcdr__py_to_py__100000B__10Hz__shmem_ds__best_effort,receive,sub,py_to_py,copy,exp,xcdr,shmem_ds,100000,10,0,measured,11,2026-09-09T14:42:57.204585Z,158170866728199,158170866435474,158170866728199,1788964977204267038,1788964977204403747,ok,
exp_copy_xcdr__py_to_py__100000B__10Hz__shmem_ds__best_effort,receive,sub,py_to_py,copy,exp,xcdr,shmem_ds,100000,10,0,measured,12,2026-09-09T14:42:57.304489Z,158170966647331,158170966405073,158170966647331,1788964977304225185,1788964977304338990,ok,
exp_copy_xcdr__py_to_py__100000B__10Hz__shmem_ds__best_effort,receive,sub,py_to_py,copy,exp,xcdr,shmem_ds,100000,10,0,measured,13,2026-09-09T14:42:57.403595Z,158171065751552,158171065482522,158171065751552,1788964977403308936,1788964977403429585,ok,
exp_copy_xcdr__py_to_py__100000B__10Hz__shmem_ds__best_effort,receive,sub,py_to_py,copy,exp,xcdr,shmem_ds,100000,10,0,measured,14,2026-09-09T14:42:57.502964Z,158171165122757,158171164869267,158171165122757,1788964977502690852,1788964977502819315,ok,
exp_copy_xcdr__py_to_py__100000B__10Hz__shmem_ds__best_effort,receive,sub,py_to_py,copy,exp,xcdr,shmem_ds,100000,10,0,measured,15,2026-09-09T14:42:57.603476Z,158171265610196,158171265242350,158171265610196,1788964977603092379,1788964977603256028,ok,
exp_copy_xcdr__py_to_py__100000B__10Hz__shmem_ds__best_effort,receive,sub,py_to_py,copy,exp,xcdr,shmem_ds,100000,10,0,measured,16,2026-09-09T14:42:57.703402Z,158171365549988,158171365279025,158171365549988,1788964977703106982,1788964977703231077,ok,
exp_copy_xcdr__py_to_py__100000B__10Hz__shmem_ds__best_effort,receive,sub,py_to_py,copy,exp,xcdr,shmem_ds,100000,10,0,measured,17,2026-09-09T14:42:57.802888Z,158171464998019,158171464716636,158171464998019,1788964977802544704,1788964977802683516,ok,
exp_copy_xcdr__py_to_py__100000B__10Hz__shmem_ds__best_effort,receive,sub,py_to_py,copy,exp,xcdr,shmem_ds,100000,10,0,measured,18,2026-09-09T14:42:57.903175Z,158171565314314,158171564936429,158171565314314,1788964977902784254,1788964977902955919,ok,
exp_copy_xcdr__py_to_py__100000B__10Hz__shmem_ds__best_effort,receive,sub,py_to_py,copy,exp,xcdr,shmem_ds,100000,10,0,measured,19,2026-09-09T14:42:58.003873Z,158171665994339,158171665596896,158171665994339,1788964978003451514,1788964978003622137,ok,
exp_copy_xcdr__py_to_py__100000B__10Hz__shmem_ds__best_effort,receive,sub,py_to_py,copy,exp,xcdr,shmem_ds,100000,10,0,measured,20,2026-09-09T14:42:58.102646Z,158171764793831,158171764529781,158171764793831,1788964978102353801,1788964978102471133,ok,
exp_copy_xcdr__py_to_py__100000B__10Hz__shmem_ds__best_effort,receive,sub,py_to_py,copy,exp,xcdr,shmem_ds,100000,10,0,measured,21,2026-09-09T14:42:58.203291Z,158171865439871,158171865154521,158171865439871,1788964978202981326,1788964978203108536,ok,
exp_copy_xcdr__py_to_py__100000B__10Hz__shmem_ds__best_effort,receive,sub,py_to_py,copy,exp,xcdr,shmem_ds,100000,10,0,measured,22,2026-09-09T14:42:58.303604Z,158171965763561,158171965516924,158171965763561,1788964978303339430,1788964978303458446,ok,
exp_copy_xcdr__py_to_py__100000B__10Hz__shmem_ds__best_effort,receive,sub,py_to_py,copy,exp,xcdr,shmem_ds,100000,10,0,measured,23,2026-09-09T14:42:58.403341Z,158172065493416,158172065200341,158172065493416,1788964978403031213,1788964978403158604,ok,
exp_copy_xcdr__py_to_py__100000B__10Hz__shmem_ds__best_effort,receive,sub,py_to_py,copy,exp,xcdr,shmem_ds,100000,10,0,measured,24,2026-09-09T14:42:58.502596Z,158172164754654,158172164509209,158172164754654,1788964978502331796,1788964978502450591,ok,
exp_copy_xcdr__py_to_py__100000B__10Hz__shmem_ds__best_effort,receive,sub,py_to_py,copy,exp,xcdr,shmem_ds,100000,10,0,measured,25,2026-09-09T14:42:58.603859Z,158172265965213,158172265533215,158172265965213,1788964978603399194,1788964978603584415,ok,
exp_copy_xcdr__py_to_py__100000B__10Hz__shmem_ds__best_effort,receive,sub,py_to_py,copy,exp,xcdr,shmem_ds,100000,10,0,measured,26,2026-09-09T14:42:58.703296Z,158172365438912,158172365143072,158172365438912,1788964978702977240,1788964978703109180,ok,
exp_copy_xcdr__py_to_py__100000B__10Hz__shmem_ds__best_effort,receive,sub,py_to_py,copy,exp,xcdr,shmem_ds,100000,10,0,measured,27,2026-09-09T14:42:58.802675Z,158172464816862,158172464438646,158172464816862,1788964978802321246,1788964978802468254,ok,
exp_copy_xcdr__py_to_py__100000B__10Hz__shmem_ds__best_effort,receive,sub,py_to_py,copy,exp,xcdr,shmem_ds,100000,10,0,measured,28,2026-09-09T14:42:58.901762Z,158172563894352,158172563538287,158172563894352,1788964978901384138,1788964978901545283,ok,
exp_copy_xcdr__py_to_py__100000B__10Hz__shmem_ds__best_effort,receive,sub,py_to_py,copy,exp,xcdr,shmem_ds,100000,10,0,measured,29,2026-09-09T14:42:59.002636Z,158172664757984,158172664320445,158172664757984,1788964979002183589,1788964979002373849,ok,
exp_copy_xcdr__py_to_py__100000B__10Hz__shmem_ds__best_effort,receive,sub,py_to_py,copy,exp,xcdr,shmem_ds,100000,10,0,measured,30,2026-09-09T14:42:59.102516Z,158172764658602,158172764381146,158172764658602,1788964979102205897,1788964979102331114,ok,
exp_copy_xcdr__py_to_py__100000B__10Hz__shmem_ds__best_effort,receive,sub,py_to_py,copy,exp,xcdr,shmem_ds,100000,10,0,measured,31,2026-09-09T14:42:59.203149Z,158172865305805,158172864998243,158172865305805,1788964979202833443,1788964979202963590,ok,
exp_copy_xcdr__py_to_py__100000B__10Hz__shmem_ds__best_effort,receive,sub,py_to_py,copy,exp,xcdr,shmem_ds,100000,10,0,measured,32,2026-09-09T14:42:59.303712Z,158172965845635,158172965481806,158172965845635,1788964979303329360,1788964979303486127,ok,
exp_copy_xcdr__py_to_py__100000B__10Hz__shmem_ds__best_effort,receive,sub,py_to_py,copy,exp,xcdr,shmem_ds,100000,10,0,measured,33,2026-09-09T14:42:59.403732Z,158173065877602,158173065559881,158173065877602,1788964979403393238,1788964979403533363,ok,
exp_copy_xcdr__py_to_py__100000B__10Hz__shmem_ds__best_effort,receive,sub,py_to_py,copy,exp,xcdr,shmem_ds,100000,10,0,measured,34,2026-09-09T14:42:59.504580Z,158173166735645,158173166473648,158173166735645,1788964979504297157,1788964979504421993,ok,
exp_copy_xcdr__py_to_py__100000B__10Hz__shmem_ds__best_effort,receive,sub,py_to_py,copy,exp,xcdr,shmem_ds,100000,10,0,measured,35,2026-09-09T14:42:59.604654Z,158173266777942,158173266346405,158173266777942,1788964979604208336,1788964979604393757,ok,
exp_copy_xcdr__py_to_py__100000B__10Hz__shmem_ds__best_effort,receive,sub,py_to_py,copy,exp,xcdr,shmem_ds,100000,10,0,measured,36,2026-09-09T14:42:59.704506Z,158173366650848,158173366352193,158173366650848,1788964979704182434,1788964979704308773,ok,
exp_copy_xcdr__py_to_py__100000B__10Hz__shmem_ds__best_effort,receive,sub,py_to_py,copy,exp,xcdr,shmem_ds,100000,10,0,measured,37,2026-09-09T14:42:59.805139Z,158173467285347,158173467014364,158173467285347,1788964979804842902,1788964979804965374,ok,
exp_copy_xcdr__py_to_py__100000B__10Hz__shmem_ds__best_effort,receive,sub,py_to_py,copy,exp,xcdr,shmem_ds,100000,10,0,measured,38,2026-09-09T14:42:59.905519Z,158173567652249,158173567289803,158173567652249,1788964979905134882,1788964979905291759,ok,
exp_copy_xcdr__py_to_py__100000B__10Hz__shmem_ds__best_effort,receive,sub,py_to_py,copy,exp,xcdr,shmem_ds,100000,10,0,measured,39,2026-09-09T14:43:00.006272Z,158173668401735,158173668021876,158173668401735,1788964980005870672,1788964980006032759,ok,
exp_copy_xcdr__py_to_py__100000B__10Hz__shmem_ds__best_effort,receive,sub,py_to_py,copy,exp,xcdr,shmem_ds,100000,10,0,measured,40,2026-09-09T14:43:00.106303Z,158173768445195,158173768153232,158173768445195,1788964980105986650,1788964980106119892,ok,
exp_copy_xcdr__py_to_py__100000B__10Hz__shmem_ds__best_effort,receive,sub,py_to_py,copy,exp,xcdr,shmem_ds,100000,10,0,measured,41,2026-09-09T14:43:00.206711Z,158173868850821,158173868543569,158173868850821,1788964980206375634,1788964980206504438,ok,
exp_copy_xcdr__py_to_py__100000B__10Hz__shmem_ds__best_effort,receive,sub,py_to_py,copy,exp,xcdr,shmem_ds,100000,10,0,measured,42,2026-09-09T14:43:00.305700Z,158173967857098,158173967607626,158173967857098,1788964980305430143,1788964980305550120,ok,
exp_copy_xcdr__py_to_py__100000B__10Hz__shmem_ds__best_effort,receive,sub,py_to_py,copy,exp,xcdr,shmem_ds,100000,10,0,measured,43,2026-09-09T14:43:00.405143Z,158174067299871,158174067049296,158174067299871,1788964980404874638,1788964980404983374,ok,
exp_copy_xcdr__py_to_py__100000B__10Hz__shmem_ds__best_effort,receive,sub,py_to_py,copy,exp,xcdr,shmem_ds,100000,10,0,measured,44,2026-09-09T14:43:00.504705Z,158174166869303,158174166636773,158174166869303,1788964980504459811,1788964980504570951,ok,
exp_copy_xcdr__py_to_py__100000B__10Hz__shmem_ds__best_effort,receive,sub,py_to_py,copy,exp,xcdr,shmem_ds,100000,10,0,measured,45,2026-09-09T14:43:00.604168Z,158174266310843,158174265904003,158174266310843,1788964980603755464,1788964980603925827,ok,
exp_copy_xcdr__py_to_py__100000B__10Hz__shmem_ds__best_effort,receive,sub,py_to_py,copy,exp,xcdr,shmem_ds,100000,10,0,measured,46,2026-09-09T14:43:00.703572Z,158174365699995,158174365329824,158174365699995,1788964980703172609,1788964980703327322,ok,
exp_copy_xcdr__py_to_py__100000B__10Hz__shmem_ds__best_effort,receive,sub,py_to_py,copy,exp,xcdr,shmem_ds,100000,10,0,measured,47,2026-09-09T14:43:00.803069Z,158174465176471,158174464624025,158174465176471,1788964980802506815,1788964980802731381,ok,
exp_copy_xcdr__py_to_py__100000B__10Hz__shmem_ds__best_effort,receive,sub,py_to_py,copy,exp,xcdr,shmem_ds,100000,10,0,measured,48,2026-09-09T14:43:00.902388Z,158174564509296,158174564134396,158174564509296,1788964980901989665,1788964980902155799,ok,
exp_copy_xcdr__py_to_py__100000B__10Hz__shmem_ds__best_effort,receive,sub,py_to_py,copy,exp,xcdr,shmem_ds,100000,10,0,measured,49,2026-09-09T14:43:01.002738Z,158174664861129,158174664414152,158174664861129,1788964981002278929,1788964981002475391,ok,
exp_copy_xcdr__py_to_py__100000B__10Hz__shmem_ds__best_effort,receive,sub,py_to_py,copy,exp,xcdr,shmem_ds,100000,10,0,measured,50,2026-09-09T14:43:01.102300Z,158174764433768,158174764073656,158174764433768,1788964981101922443,1788964981102079019,ok,
exp_copy_xcdr__py_to_py__100000B__10Hz__shmem_ds__best_effort,receive,sub,py_to_py,copy,exp,xcdr,shmem_ds,100000,10,0,measured,51,2026-09-09T14:43:01.202183Z,158174864326994,158174863885278,158174864326994,1788964981201750756,1788964981201971373,ok,
exp_copy_xcdr__py_to_py__100000B__10Hz__shmem_ds__best_effort,receive,sub,py_to_py,copy,exp,xcdr,shmem_ds,100000,10,0,measured,52,2026-09-09T14:43:01.301361Z,158174963527248,158174963258339,158174963527248,1788964981301104020,1788964981301231110,ok,
exp_copy_xcdr__py_to_py__100000B__10Hz__shmem_ds__best_effort,receive,sub,py_to_py,copy,exp,xcdr,shmem_ds,100000,10,0,measured,53,2026-09-09T14:43:01.401024Z,158175063164900,158175062800921,158175063164900,1788964981400650559,1788964981400829748,ok,
exp_copy_xcdr__py_to_py__100000B__10Hz__shmem_ds__best_effort,receive,sub,py_to_py,copy,exp,xcdr,shmem_ds,100000,10,0,measured,54,2026-09-09T14:43:01.501688Z,158175163852251,158175163601516,158175163852251,1788964981501425105,1788964981501548238,ok,
exp_copy_xcdr__py_to_py__100000B__10Hz__shmem_ds__best_effort,receive,sub,py_to_py,copy,exp,xcdr,shmem_ds,100000,10,0,measured,55,2026-09-09T14:43:01.602417Z,158175264530674,158175264043772,158175264530674,1788964981601915983,1788964981602131371,ok,
exp_copy_xcdr__py_to_py__100000B__10Hz__shmem_ds__best_effort,receive,sub,py_to_py,copy,exp,xcdr,shmem_ds,100000,10,0,measured,56,2026-09-09T14:43:01.702443Z,158175364572100,158175364185919,158175364572100,1788964981702034816,1788964981702202493,ok,
exp_copy_xcdr__py_to_py__100000B__10Hz__shmem_ds__best_effort,receive,sub,py_to_py,copy,exp,xcdr,shmem_ds,100000,10,0,measured,57,2026-09-09T14:43:01.801750Z,158175463885068,158175463521449,158175463885068,1788964981801367821,1788964981801520300,ok,
exp_copy_xcdr__py_to_py__100000B__10Hz__shmem_ds__best_effort,receive,sub,py_to_py,copy,exp,xcdr,shmem_ds,100000,10,0,measured,58,2026-09-09T14:43:01.902276Z,158175564401985,158175563988973,158175564401985,1788964981901851866,1788964981902023942,ok,
exp_copy_xcdr__py_to_py__100000B__10Hz__shmem_ds__best_effort,receive,sub,py_to_py,copy,exp,xcdr,shmem_ds,100000,10,0,measured,59,2026-09-09T14:43:02.001562Z,158175663690405,158175663295347,158175663690405,1788964982001153582,1788964982001328503,ok,
exp_copy_xcdr__py_to_py__100000B__10Hz__shmem_ds__best_effort,receive,sub,py_to_py,copy,exp,xcdr,shmem_ds,100000,10,0,measured,60,2026-09-09T14:43:02.101137Z,158175763281820,158175763012139,158175763281820,1788964982100838383,1788964982100958500,ok,
exp_copy_xcdr__py_to_py__100000B__10Hz__shmem_ds__best_effort,receive,sub,py_to_py,copy,exp,xcdr,shmem_ds,100000,10,0,measured,61,2026-09-09T14:43:02.202089Z,158175864243691,158175863971335,158175864243691,1788964982201793000,1788964982201916635,ok,
exp_copy_xcdr__py_to_py__100000B__10Hz__shmem_ds__best_effort,receive,sub,py_to_py,copy,exp,xcdr,shmem_ds,100000,10,0,measured,62,2026-09-09T14:43:02.302391Z,158175964542645,158175964265821,158175964542645,1788964982302092956,1788964982302216921,ok,
exp_copy_xcdr__py_to_py__100000B__10Hz__shmem_ds__best_effort,receive,sub,py_to_py,copy,exp,xcdr,shmem_ds,100000,10,0,measured,63,2026-09-09T14:43:02.402463Z,158176064616925,158176064374817,158176064616925,1788964982402198075,1788964982402307221,ok,
exp_copy_xcdr__py_to_py__100000B__10Hz__shmem_ds__best_effort,receive,sub,py_to_py,copy,exp,xcdr,shmem_ds,100000,10,0,measured,64,2026-09-09T14:43:02.502822Z,158176164969372,158176164733054,158176164969372,1788964982502555781,1788964982502666902,ok,
exp_copy_xcdr__py_to_py__100000B__10Hz__shmem_ds__best_effort,receive,sub,py_to_py,copy,exp,xcdr,shmem_ds,100000,10,0,measured,65,2026-09-09T14:43:02.603722Z,158176265863493,158176265510024,158176265863493,1788964982603362517,1788964982603513874,ok,
exp_copy_xcdr__py_to_py__100000B__10Hz__shmem_ds__best_effort,receive,sub,py_to_py,copy,exp,xcdr,shmem_ds,100000,10,0,measured,66,2026-09-09T14:43:02.704314Z,158176366439753,158176366068650,158176366439753,1788964982703917477,1788964982704080766,ok,
exp_copy_xcdr__py_to_py__100000B__10Hz__shmem_ds__best_effort,receive,sub,py_to_py,copy,exp,xcdr,shmem_ds,100000,10,0,measured,67,2026-09-09T14:43:02.804026Z,158176466136388,158176465593600,158176466136388,1788964982803473004,1788964982803699152,ok,
exp_copy_xcdr__py_to_py__100000B__10Hz__shmem_ds__best_effort,receive,sub,py_to_py,copy,exp,xcdr,shmem_ds,100000,10,0,measured,68,2026-09-09T14:43:02.902920Z,158176565037536,158176564606279,158176565037536,1788964982902465495,1788964982902646137,ok,
exp_copy_xcdr__py_to_py__100000B__10Hz__shmem_ds__best_effort,receive,sub,py_to_py,copy,exp,xcdr,shmem_ds,100000,10,0,measured,69,2026-09-09T14:43:03.002526Z,158176664653056,158176664251416,158176664653056,1788964983002109199,1788964983002287096,ok,
exp_copy_xcdr__py_to_py__100000B__10Hz__shmem_ds__best_effort,receive,sub,py_to_py,copy,exp,xcdr,shmem_ds,100000,10,0,measured,70,2026-09-09T14:43:03.101850Z,158176763974501,158176763679742,158176763974501,1788964983101507900,1788964983101642224,ok,
exp_copy_xcdr__py_to_py__100000B__10Hz__shmem_ds__best_effort,receive,sub,py_to_py,copy,exp,xcdr,shmem_ds,100000,10,0,measured,71,2026-09-09T14:43:03.201153Z,158176863306204,158176863049368,158176863306204,1788964983200870302,1788964983200990509,ok,
exp_copy_xcdr__py_to_py__100000B__10Hz__shmem_ds__best_effort,receive,sub,py_to_py,copy,exp,xcdr,shmem_ds,100000,10,0,measured,72,2026-09-09T14:43:03.302119Z,158176964271302,158176963974720,158176964271302,1788964983301798990,1788964983301943784,ok,
exp_copy_xcdr__py_to_py__100000B__10Hz__shmem_ds__best_effort,receive,sub,py_to_py,copy,exp,xcdr,shmem_ds,100000,10,0,measured,73,2026-09-09T14:43:03.402817Z,158177064961017,158177064713197,158177064961017,1788964983402534221,1788964983402649219,ok,
exp_copy_xcdr__py_to_py__100000B__10Hz__shmem_ds__best_effort,receive,sub,py_to_py,copy,exp,xcdr,shmem_ds,100000,10,0,measured,74,2026-09-09T14:43:03.502441Z,158177164601616,158177164352043,158177164601616,1788964983502173879,1788964983502287544,ok,
exp_copy_xcdr__py_to_py__100000B__10Hz__shmem_ds__best_effort,receive,sub,py_to_py,copy,exp,xcdr,shmem_ds,100000,10,0,measured,75,2026-09-09T14:43:03.602917Z,158177265059802,158177264702045,158177265059802,1788964983602546122,1788964983602697750,ok,
exp_copy_xcdr__py_to_py__100000B__10Hz__shmem_ds__best_effort,receive,sub,py_to_py,copy,exp,xcdr,shmem_ds,100000,10,0,measured,76,2026-09-09T14:43:03.702564Z,158177364725017,158177364459144,158177364725017,1788964983702287602,1788964983702413600,ok,
exp_copy_xcdr__py_to_py__100000B__10Hz__shmem_ds__best_effort,receive,sub,py_to_py,copy,exp,xcdr,shmem_ds,100000,10,0,measured,77,2026-09-09T14:43:03.803364Z,158177465528670,158177465277033,158177465528670,1788964983803101864,1788964983803223805,ok,
exp_copy_xcdr__py_to_py__100000B__10Hz__shmem_ds__best_effort,receive,sub,py_to_py,copy,exp,xcdr,shmem_ds,100000,10,0,measured,78,2026-09-09T14:43:03.903503Z,158177565638517,158177565264329,158177565638517,1788964983903114828,1788964983903287636,ok,
exp_copy_xcdr__py_to_py__100000B__10Hz__shmem_ds__best_effort,receive,sub,py_to_py,copy,exp,xcdr,shmem_ds,100000,10,0,measured,79,2026-09-09T14:43:04.002905Z,158177665057866,158177664758208,158177665057866,1788964984002594040,1788964984002724447,ok,
exp_copy_xcdr__py_to_py__100000B__10Hz__shmem_ds__best_effort,receive,sub,py_to_py,copy,exp,xcdr,shmem_ds,100000,10,0,measured,80,2026-09-09T14:43:04.102332Z,158177764494259,158177764241511,158177764494259,1788964984102066943,1788964984102185538,ok,
exp_copy_xcdr__py_to_py__100000B__10Hz__shmem_ds__best_effort,receive,sub,py_to_py,copy,exp,xcdr,shmem_ds,100000,10,0,measured,81,2026-09-09T14:43:04.202412Z,158177864581033,158177864337522,158177864581033,1788964984202161732,1788964984202276048,ok,
exp_copy_xcdr__py_to_py__100000B__10Hz__shmem_ds__best_effort,receive,sub,py_to_py,copy,exp,xcdr,shmem_ds,100000,10,0,measured,82,2026-09-09T14:43:04.302044Z,158177964197988,158177963894514,158177964197988,1788964984301728783,1788964984301876052,ok,
exp_copy_xcdr__py_to_py__100000B__10Hz__shmem_ds__best_effort,receive,sub,py_to_py,copy,exp,xcdr,shmem_ds,100000,10,0,measured,83,2026-09-09T14:43:04.402146Z,158178064309099,158178064057873,158178064309099,1788964984401884708,1788964984402000537,ok,
exp_copy_xcdr__py_to_py__100000B__10Hz__shmem_ds__best_effort,receive,sub,py_to_py,copy,exp,xcdr,shmem_ds,100000,10,0,measured,84,2026-09-09T14:43:04.502926Z,158178165090298,158178164830265,158178165090298,1788964984502656209,1788964984502771497,ok,
exp_copy_xcdr__py_to_py__100000B__10Hz__shmem_ds__best_effort,receive,sub,py_to_py,copy,exp,xcdr,shmem_ds,100000,10,0,measured,85,2026-09-09T14:43:04.602964Z,158178265098093,158178264708395,158178265098093,1788964984602561519,1788964984602730610,ok,
exp_copy_xcdr__py_to_py__100000B__10Hz__shmem_ds__best_effort,receive,sub,py_to_py,copy,exp,xcdr,shmem_ds,100000,10,0,measured,86,2026-09-09T14:43:04.702277Z,158178364424487,158178364130009,158178364424487,1788964984701967414,1788964984702101939,ok,
exp_copy_xcdr__py_to_py__100000B__10Hz__shmem_ds__best_effort,receive,sub,py_to_py,copy,exp,xcdr,shmem_ds,100000,10,0,measured,87,2026-09-09T14:43:04.803590Z,158178465701315,158178465183094,158178465701315,1788964984803061767,1788964984803288275,ok,
exp_copy_xcdr__py_to_py__100000B__10Hz__shmem_ds__best_effort,receive,sub,py_to_py,copy,exp,xcdr,shmem_ds,100000,10,0,measured,88,2026-09-09T14:43:04.903512Z,158178565634458,158178565218670,158178565634458,1788964984903077636,1788964984903257336,ok,
exp_copy_xcdr__py_to_py__100000B__10Hz__shmem_ds__best_effort,receive,sub,py_to_py,copy,exp,xcdr,shmem_ds,100000,10,0,measured,89,2026-09-09T14:43:05.002603Z,158178664732510,158178664365034,158178664732510,1788964985002217067,1788964985002378553,ok,
exp_copy_xcdr__py_to_py__100000B__10Hz__shmem_ds__best_effort,receive,sub,py_to_py,copy,exp,xcdr,shmem_ds,100000,10,0,measured,90,2026-09-09T14:43:05.101592Z,158178763735322,158178763419945,158178763735322,1788964985101263321,1788964985101403467,ok,
exp_copy_xcdr__py_to_py__100000B__10Hz__shmem_ds__best_effort,receive,sub,py_to_py,copy,exp,xcdr,shmem_ds,100000,10,0,measured,91,2026-09-09T14:43:05.200623Z,158178862785745,158178862564957,158178862785745,1788964985200388596,1788964985200483456,ok,
exp_copy_xcdr__py_to_py__100000B__10Hz__shmem_ds__best_effort,receive,sub,py_to_py,copy,exp,xcdr,shmem_ds,100000,10,0,measured,92,2026-09-09T14:43:05.301077Z,158178963224015,158178962894712,158178963224015,1788964985300733660,1788964985300885567,ok,
exp_copy_xcdr__py_to_py__100000B__10Hz__shmem_ds__best_effort,receive,sub,py_to_py,copy,exp,xcdr,shmem_ds,100000,10,0,measured,93,2026-09-09T14:43:05.401576Z,158179063732699,158179063453651,158179063732699,1788964985401288511,1788964985401415461,ok,
exp_copy_xcdr__py_to_py__100000B__10Hz__shmem_ds__best_effort,receive,sub,py_to_py,copy,exp,xcdr,shmem_ds,100000,10,0,measured,94,2026-09-09T14:43:05.501401Z,158179163562227,158179163287958,158179163562227,1788964985501117047,1788964985501239719,ok,
exp_copy_xcdr__py_to_py__100000B__10Hz__shmem_ds__best_effort,receive,sub,py_to_py,copy,exp,xcdr,shmem_ds,100000,10,0,measured,95,2026-09-09T14:43:05.600589Z,158179262740191,158179262433189,158179262740191,1788964985600273400,1788964985600399268,ok,
exp_copy_xcdr__py_to_py__100000B__10Hz__shmem_ds__best_effort,receive,sub,py_to_py,copy,exp,xcdr,shmem_ds,100000,10,0,measured,96,2026-09-09T14:43:05.700400Z,158179362542236,158179362233722,158179362542236,1788964985700072339,1788964985700205291,ok,
exp_copy_xcdr__py_to_py__100000B__10Hz__shmem_ds__best_effort,receive,sub,py_to_py,copy,exp,xcdr,shmem_ds,100000,10,0,measured,97,2026-09-09T14:43:05.801336Z,158179463485783,158179463203489,158179463485783,1788964985801038920,1788964985801163125,ok,
exp_copy_xcdr__py_to_py__100000B__10Hz__shmem_ds__best_effort,receive,sub,py_to_py,copy,exp,xcdr,shmem_ds,100000,10,0,measured,98,2026-09-09T14:43:05.901530Z,158179563663721,158179563288390,158179563663721,1788964985901141484,1788964985901309873,ok,
exp_copy_xcdr__py_to_py__100000B__10Hz__shmem_ds__best_effort,receive,sub,py_to_py,copy,exp,xcdr,shmem_ds,100000,10,0,measured,99,2026-09-09T14:43:06.002484Z,158179664609722,158179664218281,158179664609722,1788964986002062078,1788964986002211691,ok,
exp_copy_xcdr__py_to_py__100000B__10Hz__shmem_ds__best_effort,receive,sub,py_to_py,copy,exp,xcdr,shmem_ds,100000,10,0,measured,100,2026-09-09T14:43:06.103188Z,158179765323835,158179764962411,158179765323835,1788964986102819363,1788964986102978524,ok,
exp_copy_xcdr__py_to_py__100000B__10Hz__shmem_ds__best_effort,receive,sub,py_to_py,copy,exp,xcdr,shmem_ds,100000,10,0,measured,101,2026-09-09T14:43:06.202087Z,158179864234554,158179863921531,158179864234554,1788964986201755279,1788964986201903850,ok,
exp_copy_xcdr__py_to_py__100000B__10Hz__shmem_ds__best_effort,receive,sub,py_to_py,copy,exp,xcdr,shmem_ds,100000,10,0,measured,102,2026-09-09T14:43:06.303072Z,158179965179484,158179964547918,158179965179484,1788964986302434266,1788964986302712362,ok,
exp_copy_xcdr__py_to_py__100000B__10Hz__shmem_ds__best_effort,receive,sub,py_to_py,copy,exp,xcdr,shmem_ds,100000,10,0,measured,103,2026-09-09T14:43:06.402964Z,158180065127387,158180064791852,158180065127387,1788964986402640508,1788964986402792285,ok,
exp_copy_xcdr__py_to_py__100000B__10Hz__shmem_ds__best_effort,receive,sub,py_to_py,copy,exp,xcdr,shmem_ds,100000,10,0,measured,104,2026-09-09T14:43:06.502976Z,158180165139280,158180164834593,158180165139280,1788964986502674522,1788964986502823585,ok,
exp_copy_xcdr__py_to_py__100000B__10Hz__shmem_ds__best_effort,receive,sub,py_to_py,copy,exp,xcdr,shmem_ds,100000,10,0,measured,105,2026-09-09T14:43:06.602492Z,158180264644184,158180264350157,158180264644184,1788964986602189185,1788964986602316135,ok,
exp_copy_xcdr__py_to_py__100000B__10Hz__shmem_ds__best_effort,receive,sub,py_to_py,copy,exp,xcdr,shmem_ds,100000,10,0,measured,106,2026-09-09T14:43:06.702826Z,158180364961234,158180364656638,158180364961234,1788964986702498842,1788964986702632294,ok,
exp_copy_xcdr__py_to_py__100000B__10Hz__shmem_ds__best_effort,receive,sub,py_to_py,copy,exp,xcdr,shmem_ds,100000,10,0,measured,107,2026-09-09T14:43:06.802311Z,158180464423979,158180463904034,158180464423979,1788964986801770875,1788964986802009447,ok,
exp_copy_xcdr__py_to_py__100000B__10Hz__shmem_ds__best_effort,receive,sub,py_to_py,copy,exp,xcdr,shmem_ds,100000,10,0,measured,108,2026-09-09T14:43:06.901929Z,158180564074929,158180563745715,158180564074929,1788964986901588100,1788964986901723576,ok,
exp_copy_xcdr__py_to_py__100000B__10Hz__shmem_ds__best_effort,receive,sub,py_to_py,copy,exp,xcdr,shmem_ds,100000,10,0,measured,109,2026-09-09T14:43:07.001962Z,158180664086471,158180663686604,158180664086471,1788964987001541532,1788964987001715572,ok,
exp_copy_xcdr__py_to_py__100000B__10Hz__shmem_ds__best_effort,receive,sub,py_to_py,copy,exp,xcdr,shmem_ds,100000,10,0,measured,110,2026-09-09T14:43:07.102782Z,158180764919300,158180764573575,158180764919300,1788964987102420508,1788964987102573959,ok,
exp_copy_xcdr__py_to_py__100000B__10Hz__shmem_ds__best_effort,receive,sub,py_to_py,copy,exp,xcdr,shmem_ds,100000,10,0,measured,111,2026-09-09T14:43:07.203452Z,158180865596224,158180865292609,158180865596224,1788964987203131096,1788964987203267935,ok,
exp_copy_xcdr__py_to_py__100000B__10Hz__shmem_ds__best_effort,receive,sub,py_to_py,copy,exp,xcdr,shmem_ds,100000,10,0,measured,112,2026-09-09T14:43:07.302997Z,158180965145021,158180964826478,158180965145021,1788964987302664915,1788964987302798367,ok,
exp_copy_xcdr__py_to_py__100000B__10Hz__shmem_ds__best_effort,receive,sub,py_to_py,copy,exp,xcdr,shmem_ds,100000,10,0,measured,113,2026-09-09T14:43:07.402960Z,158181065110638,158181064812133,158181065110638,1788964987402647323,1788964987402778211,ok,
exp_copy_xcdr__py_to_py__100000B__10Hz__shmem_ds__best_effort,receive,sub,py_to_py,copy,exp,xcdr,shmem_ds,100000,10,0,measured,114,2026-09-09T14:43:07.502330Z,158181164478933,158181164187240,158181164478933,1788964987502020057,1788964987502149301,ok,
exp_copy_xcdr__py_to_py__100000B__10Hz__shmem_ds__best_effort,receive,sub,py_to_py,copy,exp,xcdr,shmem_ds,100000,10,0,measured,115,2026-09-09T14:43:07.603330Z,158181265455173,158181265050667,158181265455173,1788964987602907939,1788964987603090675,ok,
exp_copy_xcdr__py_to_py__100000B__10Hz__shmem_ds__best_effort,receive,sub,py_to_py,copy,exp,xcdr,shmem_ds,100000,10,0,measured,116,2026-09-09T14:43:07.703948Z,158181366095928,158181365766665,158181366095928,1788964987703606945,1788964987703742181,ok,
exp_copy_xcdr__py_to_py__100000B__10Hz__shmem_ds__best_effort,receive,sub,py_to_py,copy,exp,xcdr,shmem_ds,100000,10,0,measured,117,2026-09-09T14:43:07.803478Z,158181465626932,158181465342814,158181465626932,1788964987803176853,1788964987803305937,ok,
exp_copy_xcdr__py_to_py__100000B__10Hz__shmem_ds__best_effort,receive,sub,py_to_py,copy,exp,xcdr,shmem_ds,100000,10,0,measured,118,2026-09-09T14:43:07.903644Z,158181565806874,158181565575246,158181565806874,1788964987903403593,1788964987903503693,ok,
exp_copy_xcdr__py_to_py__100000B__10Hz__shmem_ds__best_effort,receive,sub,py_to_py,copy,exp,xcdr,shmem_ds,100000,10,0,measured,119,2026-09-09T14:43:08.004117Z,158181666249624,158181665874674,158181666249624,1788964988003723200,1788964988003893533,ok,
exp_copy_xcdr__py_to_py__100000B__10Hz__shmem_ds__best_effort,receive,sub,py_to_py,copy,exp,xcdr,shmem_ds,100000,10,0,measured,120,2026-09-09T14:43:08.103307Z,158181765452627,158181765160213,158181765452627,1788964988102997147,1788964988103127845,ok,
exp_copy_xcdr__py_to_py__100000B__10Hz__shmem_ds__best_effort,receive,sub,py_to_py,copy,exp,xcdr,shmem_ds,100000,10,0,measured,121,2026-09-09T14:43:08.203787Z,158181865937958,158181865658619,158181865937958,1788964988203491325,1788964988203618346,ok,
exp_copy_xcdr__py_to_py__100000B__10Hz__shmem_ds__best_effort,receive,sub,py_to_py,copy,exp,xcdr,shmem_ds,100000,10,0,measured,122,2026-09-09T14:43:08.303867Z,158181966022100,158181965732481,158181966022100,1788964988303564576,1788964988303690735,ok,
exp_copy_xcdr__py_to_py__100000B__10Hz__shmem_ds__best_effort,receive,sub,py_to_py,copy,exp,xcdr,shmem_ds,100000,10,0,measured,123,2026-09-09T14:43:08.404429Z,158182066575019,158182066287354,158182066575019,1788964988404117756,1788964988404246259,ok,
exp_copy_xcdr__py_to_py__100000B__10Hz__shmem_ds__best_effort,receive,sub,py_to_py,copy,exp,xcdr,shmem_ds,100000,10,0,measured,124,2026-09-09T14:43:08.504396Z,158182166558039,158182166314698,158182166558039,1788964988504138026,1788964988504250670,ok,
exp_copy_xcdr__py_to_py__100000B__10Hz__shmem_ds__best_effort,receive,sub,py_to_py,copy,exp,xcdr,shmem_ds,100000,10,0,measured,125,2026-09-09T14:43:08.603680Z,158182265809954,158182265406480,158182265809954,1788964988603263773,1788964988603436200,ok,
exp_copy_xcdr__py_to_py__100000B__10Hz__shmem_ds__best_effort,receive,sub,py_to_py,copy,exp,xcdr,shmem_ds,100000,10,0,measured,126,2026-09-09T14:43:08.703072Z,158182365231100,158182364984633,158182365231100,1788964988702824393,1788964988702937477,ok,
exp_copy_xcdr__py_to_py__100000B__10Hz__shmem_ds__best_effort,receive,sub,py_to_py,copy,exp,xcdr,shmem_ds,100000,10,0,measured,127,2026-09-09T14:43:08.802596Z,158182464707341,158182464195262,158182464707341,1788964988802073494,1788964988802291917,ok,
exp_copy_xcdr__py_to_py__100000B__10Hz__shmem_ds__best_effort,receive,sub,py_to_py,copy,exp,xcdr,shmem_ds,100000,10,0,measured,128,2026-09-09T14:43:08.903241Z,158182565370208,158182564967806,158182565370208,1788964988902835739,1788964988903008516,ok,
exp_copy_xcdr__py_to_py__100000B__10Hz__shmem_ds__best_effort,receive,sub,py_to_py,copy,exp,xcdr,shmem_ds,100000,10,0,measured,129,2026-09-09T14:43:09.004138Z,158182666256318,158182665762864,158182666256318,1788964989003631969,1788964989003853869,ok,
exp_copy_xcdr__py_to_py__100000B__10Hz__shmem_ds__best_effort,receive,sub,py_to_py,copy,exp,xcdr,shmem_ds,100000,10,0,measured,130,2026-09-09T14:43:09.104537Z,158182766675735,158182766359076,158182766675735,1788964989104199767,1788964989104337598,ok,
exp_copy_xcdr__py_to_py__100000B__10Hz__shmem_ds__best_effort,receive,sub,py_to_py,copy,exp,xcdr,shmem_ds,100000,10,0,measured,131,2026-09-09T14:43:09.204131Z,158182866278064,158182865955614,158182866278064,1788964989203793399,1788964989203942151,ok,
exp_copy_xcdr__py_to_py__100000B__10Hz__shmem_ds__best_effort,receive,sub,py_to_py,copy,exp,xcdr,shmem_ds,100000,10,0,measured,132,2026-09-09T14:43:09.303205Z,158182965354168,158182965062085,158182965354168,1788964989302897136,1788964989303028544,ok,
exp_copy_xcdr__py_to_py__100000B__10Hz__shmem_ds__best_effort,receive,sub,py_to_py,copy,exp,xcdr,shmem_ds,100000,10,0,measured,133,2026-09-09T14:43:09.403929Z,158183066084173,158183065804092,158183066084173,1788964989403635035,1788964989403750403,ok,
exp_copy_xcdr__py_to_py__100000B__10Hz__shmem_ds__best_effort,receive,sub,py_to_py,copy,exp,xcdr,shmem_ds,100000,10,0,measured,134,2026-09-09T14:43:09.504752Z,158183166913466,158183166667831,158183166913466,1788964989504492492,1788964989504604925,ok,
exp_copy_xcdr__py_to_py__100000B__10Hz__shmem_ds__best_effort,receive,sub,py_to_py,copy,exp,xcdr,shmem_ds,100000,10,0,measured,135,2026-09-09T14:43:09.604230Z,158183266357015,158183265937180,158183266357015,1788964989603798690,1788964989603983701,ok,
exp_copy_xcdr__py_to_py__100000B__10Hz__shmem_ds__best_effort,receive,sub,py_to_py,copy,exp,xcdr,shmem_ds,100000,10,0,measured,136,2026-09-09T14:43:09.703995Z,158183366145527,158183365841862,158183366145527,1788964989703676913,1788964989703817910,ok,
exp_copy_xcdr__py_to_py__100000B__10Hz__shmem_ds__best_effort,receive,sub,py_to_py,copy,exp,xcdr,shmem_ds,100000,10,0,measured,137,2026-09-09T14:43:09.803123Z,158183465277457,158183464991124,158183465277457,1788964989802838117,1788964989802963495,ok,
exp_copy_xcdr__py_to_py__100000B__10Hz__shmem_ds__best_effort,receive,sub,py_to_py,copy,exp,xcdr,shmem_ds,100000,10,0,measured,138,2026-09-09T14:43:09.903829Z,158183565947337,158183565551628,158183565947337,1788964989903406115,1788964989903582910,ok,
exp_copy_xcdr__py_to_py__100000B__10Hz__shmem_ds__best_effort,receive,sub,py_to_py,copy,exp,xcdr,shmem_ds,100000,10,0,measured,139,2026-09-09T14:43:10.004212Z,158183666359400,158183666038813,158183666359400,1788964990003882550,1788964990004014229,ok,
exp_copy_xcdr__py_to_py__100000B__10Hz__shmem_ds__best_effort,receive,sub,py_to_py,copy,exp,xcdr,shmem_ds,100000,10,0,measured,140,2026-09-09T14:43:10.103474Z,158183765617449,158183765321038,158183765617449,1788964990103157641,1788964990103290462,ok,
exp_copy_xcdr__py_to_py__100000B__10Hz__shmem_ds__best_effort,receive,sub,py_to_py,copy,exp,xcdr,shmem_ds,100000,10,0,measured,141,2026-09-09T14:43:10.203434Z,158183865578768,158183865259754,158183865578768,1788964990203098611,1788964990203242894,ok,
exp_copy_xcdr__py_to_py__100000B__10Hz__shmem_ds__best_effort,receive,sub,py_to_py,copy,exp,xcdr,shmem_ds,100000,10,0,measured,142,2026-09-09T14:43:10.303532Z,158183965677208,158183965356261,158183965677208,1788964990303198755,1788964990303334372,ok,
exp_copy_xcdr__py_to_py__100000B__10Hz__shmem_ds__best_effort,receive,sub,py_to_py,copy,exp,xcdr,shmem_ds,100000,10,0,measured,143,2026-09-09T14:43:10.403147Z,158184065279037,158184064914837,158184065279037,1788964990402761029,1788964990402918176,ok,
exp_copy_xcdr__py_to_py__100000B__10Hz__shmem_ds__best_effort,receive,sub,py_to_py,copy,exp,xcdr,shmem_ds,100000,10,0,measured,144,2026-09-09T14:43:10.503775Z,158184165921257,158184165629695,158184165921257,1788964990503466238,1788964990503598428,ok,
exp_copy_xcdr__py_to_py__100000B__10Hz__shmem_ds__best_effort,receive,sub,py_to_py,copy,exp,xcdr,shmem_ds,100000,10,0,measured,145,2026-09-09T14:43:10.603661Z,158184265812374,158184265495184,158184265812374,1788964990603344852,1788964990603481170,ok,
exp_copy_xcdr__py_to_py__100000B__10Hz__shmem_ds__best_effort,receive,sub,py_to_py,copy,exp,xcdr,shmem_ds,100000,10,0,measured,146,2026-09-09T14:43:10.703308Z,158184365444460,158184365128011,158184365444460,1788964990702962029,1788964990703097005,ok,
exp_copy_xcdr__py_to_py__100000B__10Hz__shmem_ds__best_effort,receive,sub,py_to_py,copy,exp,xcdr,shmem_ds,100000,10,0,measured,147,2026-09-09T14:43:10.803477Z,158184465586373,158184465075415,158184465586373,1788964990802953678,1788964990803181970,ok,
exp_copy_xcdr__py_to_py__100000B__10Hz__shmem_ds__best_effort,receive,sub,py_to_py,copy,exp,xcdr,shmem_ds,100000,10,0,measured,148,2026-09-09T14:43:10.903711Z,158184565841439,158184565472200,158184565841439,1788964990903323631,1788964990903491639,ok,
exp_copy_xcdr__py_to_py__100000B__10Hz__shmem_ds__best_effort,receive,sub,py_to_py,copy,exp,xcdr,shmem_ds,100000,10,0,measured,149,2026-09-09T14:43:11.003428Z,158184665538307,158184664975622,158184665538307,1788964991002893509,1788964991003137220,ok,
exp_copy_xcdr__py_to_py__100000B__10Hz__shmem_ds__best_effort,receive,sub,py_to_py,copy,exp,xcdr,shmem_ds,100000,10,0,measured,150,2026-09-09T14:43:11.102653Z,158184764787851,158184764448117,158184764787851,1788964991102286344,1788964991102455274,ok,
exp_copy_xcdr__py_to_py__100000B__10Hz__shmem_ds__best_effort,receive,sub,py_to_py,copy,exp,xcdr,shmem_ds,100000,10,0,measured,151,2026-09-09T14:43:11.203659Z,158184865801744,158184865430782,158184865801744,1788964991203263368,1788964991203461994,ok,
exp_copy_xcdr__py_to_py__100000B__10Hz__shmem_ds__best_effort,receive,sub,py_to_py,copy,exp,xcdr,shmem_ds,100000,10,0,measured,152,2026-09-09T14:43:11.303912Z,158184966060688,158184965733198,158184966060688,1788964991303566154,1788964991303723833,ok,
exp_copy_xcdr__py_to_py__100000B__10Hz__shmem_ds__best_effort,receive,sub,py_to_py,copy,exp,xcdr,shmem_ds,100000,10,0,measured,153,2026-09-09T14:43:11.403792Z,158185065948129,158185065625679,158185065948129,1788964991403464957,1788964991403620341,ok,
exp_copy_xcdr__py_to_py__100000B__10Hz__shmem_ds__best_effort,receive,sub,py_to_py,copy,exp,xcdr,shmem_ds,100000,10,0,measured,154,2026-09-09T14:43:11.503775Z,158185165929237,158185165645710,158185165929237,1788964991503477063,1788964991503619162,ok,
exp_copy_xcdr__py_to_py__100000B__10Hz__shmem_ds__best_effort,receive,sub,py_to_py,copy,exp,xcdr,shmem_ds,100000,10,0,measured,155,2026-09-09T14:43:11.603287Z,158185265413134,158185264974934,158185265413134,1788964991602848166,1788964991603043376,ok,
exp_copy_xcdr__py_to_py__100000B__10Hz__shmem_ds__best_effort,receive,sub,py_to_py,copy,exp,xcdr,shmem_ds,100000,10,0,measured,156,2026-09-09T14:43:11.702531Z,158185364678315,158185364374079,158185364678315,1788964991702211394,1788964991702357400,ok,
exp_copy_xcdr__py_to_py__100000B__10Hz__shmem_ds__best_effort,receive,sub,py_to_py,copy,exp,xcdr,shmem_ds,100000,10,0,measured,157,2026-09-09T14:43:11.802205Z,158185464357502,158185464048858,158185464357502,1788964991801888557,1788964991802021980,ok,
exp_copy_xcdr__py_to_py__100000B__10Hz__shmem_ds__best_effort,receive,sub,py_to_py,copy,exp,xcdr,shmem_ds,100000,10,0,measured,158,2026-09-09T14:43:11.902574Z,158185564702650,158185564296140,158185564702650,1788964991902149565,1788964991902346538,ok,
exp_copy_xcdr__py_to_py__100000B__10Hz__shmem_ds__best_effort,receive,sub,py_to_py,copy,exp,xcdr,shmem_ds,100000,10,0,measured,159,2026-09-09T14:43:12.002027Z,158185664155437,158185663746703,158185664155437,1788964992001601381,1788964992001792783,ok,
exp_copy_xcdr__py_to_py__100000B__10Hz__shmem_ds__best_effort,receive,sub,py_to_py,copy,exp,xcdr,shmem_ds,100000,10,0,measured,160,2026-09-09T14:43:12.101390Z,158185763524537,158185763168683,158185763524537,1788964992101016779,1788964992101186700,ok,
exp_copy_xcdr__py_to_py__100000B__10Hz__shmem_ds__best_effort,receive,sub,py_to_py,copy,exp,xcdr,shmem_ds,100000,10,0,measured,161,2026-09-09T14:43:12.200439Z,158185862583539,158185862267150,158185862583539,1788964992200106419,1788964992200266913,ok,
exp_copy_xcdr__py_to_py__100000B__10Hz__shmem_ds__best_effort,receive,sub,py_to_py,copy,exp,xcdr,shmem_ds,100000,10,0,measured,162,2026-09-09T14:43:12.300592Z,158185962744749,158185962454800,158185962744749,1788964992300280884,1788964992300410940,ok,
exp_copy_xcdr__py_to_py__100000B__10Hz__shmem_ds__best_effort,receive,sub,py_to_py,copy,exp,xcdr,shmem_ds,100000,10,0,measured,163,2026-09-09T14:43:12.400113Z,158186062265596,158186061962752,158186062265596,1788964992399795138,1788964992399950983,ok,
exp_copy_xcdr__py_to_py__100000B__10Hz__shmem_ds__best_effort,receive,sub,py_to_py,copy,exp,xcdr,shmem_ds,100000,10,0,measured,164,2026-09-09T14:43:12.500877Z,158186163036190,158186162762291,158186163036190,1788964992500591420,1788964992500726025,ok,
exp_copy_xcdr__py_to_py__100000B__10Hz__shmem_ds__best_effort,receive,sub,py_to_py,copy,exp,xcdr,shmem_ds,100000,10,0,measured,165,2026-09-09T14:43:12.602120Z,158186264227991,158186263647191,158186264227991,1788964992601530703,1788964992601774856,ok,
exp_copy_xcdr__py_to_py__100000B__10Hz__shmem_ds__best_effort,receive,sub,py_to_py,copy,exp,xcdr,shmem_ds,100000,10,0,measured,166,2026-09-09T14:43:12.700947Z,158186363085201,158186362690835,158186363085201,1788964992700540473,1788964992700724972,ok,
exp_copy_xcdr__py_to_py__100000B__10Hz__shmem_ds__best_effort,receive,sub,py_to_py,copy,exp,xcdr,shmem_ds,100000,10,0,measured,167,2026-09-09T14:43:12.800429Z,158186462568126,158186462179841,158186462568126,1788964992800033046,1788964992800194201,ok,
exp_copy_xcdr__py_to_py__100000B__10Hz__shmem_ds__best_effort,receive,sub,py_to_py,copy,exp,xcdr,shmem_ds,100000,10,0,measured,168,2026-09-09T14:43:12.900852Z,158186562958990,158186562538664,158186562958990,1788964992900402229,1788964992900593050,ok,
exp_copy_xcdr__py_to_py__100000B__10Hz__shmem_ds__best_effort,receive,sub,py_to_py,copy,exp,xcdr,shmem_ds,100000,10,0,measured,169,2026-09-09T14:43:13.000196Z,158186662322710,158186661892275,158186662322710,1788964992999748726,1788964992999946280,ok,
exp_copy_xcdr__py_to_py__100000B__10Hz__shmem_ds__best_effort,receive,sub,py_to_py,copy,exp,xcdr,shmem_ds,100000,10,0,measured,170,2026-09-09T14:43:13.099452Z,158186761593785,158186761182336,158186761593785,1788964993099023017,1788964993099251921,ok,
exp_copy_xcdr__py_to_py__100000B__10Hz__shmem_ds__best_effort,receive,sub,py_to_py,copy,exp,xcdr,shmem_ds,100000,10,0,measured,171,2026-09-09T14:43:13.200224Z,158186862373076,158186862037600,158186862373076,1788964993199874174,1788964993200032874,ok,
exp_copy_xcdr__py_to_py__100000B__10Hz__shmem_ds__best_effort,receive,sub,py_to_py,copy,exp,xcdr,shmem_ds,100000,10,0,measured,172,2026-09-09T14:43:13.300276Z,158186962435850,158186962155219,158186962435850,1788964993299989468,1788964993300133340,ok,
exp_copy_xcdr__py_to_py__100000B__10Hz__shmem_ds__best_effort,receive,sub,py_to_py,copy,exp,xcdr,shmem_ds,100000,10,0,measured,173,2026-09-09T14:43:13.400279Z,158187062432028,158187062114997,158187062432028,1788964993399948054,1788964993400094942,ok,
exp_copy_xcdr__py_to_py__100000B__10Hz__shmem_ds__best_effort,receive,sub,py_to_py,copy,exp,xcdr,shmem_ds,100000,10,0,measured,174,2026-09-09T14:43:13.500760Z,158187162919896,158187162652740,158187162919896,1788964993500480637,1788964993500620061,ok,
exp_copy_xcdr__py_to_py__100000B__10Hz__shmem_ds__best_effort,receive,sub,py_to_py,copy,exp,xcdr,shmem_ds,100000,10,0,measured,175,2026-09-09T14:43:13.601454Z,158187263606722,158187263301774,158187263606722,1788964993601142756,1788964993601277721,ok,
exp_copy_xcdr__py_to_py__100000B__10Hz__shmem_ds__best_effort,receive,sub,py_to_py,copy,exp,xcdr,shmem_ds,100000,10,0,measured,176,2026-09-09T14:43:13.700888Z,158187363032268,158187362691503,158187363032268,1788964993700533296,1788964993700697517,ok,
exp_copy_xcdr__py_to_py__100000B__10Hz__shmem_ds__best_effort,receive,sub,py_to_py,copy,exp,xcdr,shmem_ds,100000,10,0,measured,177,2026-09-09T14:43:13.800046Z,158187462195458,158187461857989,158187462195458,1788964993799690956,1788964993799865947,ok,
exp_copy_xcdr__py_to_py__100000B__10Hz__shmem_ds__best_effort,receive,sub,py_to_py,copy,exp,xcdr,shmem_ds,100000,10,0,measured,178,2026-09-09T14:43:13.900040Z,158187562172239,158187561779666,158187562172239,1788964993899636468,1788964993899818342,ok,
exp_copy_xcdr__py_to_py__100000B__10Hz__shmem_ds__best_effort,receive,sub,py_to_py,copy,exp,xcdr,shmem_ds,100000,10,0,measured,179,2026-09-09T14:43:13.999777Z,158187661912313,158187661594261,158187661912313,1788964993999439260,1788964993999579636,ok,
exp_copy_xcdr__py_to_py__100000B__10Hz__shmem_ds__best_effort,receive,sub,py_to_py,copy,exp,xcdr,shmem_ds,100000,10,0,measured,180,2026-09-09T14:43:14.099627Z,158187761767654,158187761488966,158187761767654,1788964994099320440,1788964994099443934,ok,
exp_copy_xcdr__py_to_py__100000B__10Hz__shmem_ds__best_effort,receive,sub,py_to_py,copy,exp,xcdr,shmem_ds,100000,10,0,measured,181,2026-09-09T14:43:14.200052Z,158187862206270,158187861916431,158187862206270,1788964994199737956,1788964994199877791,ok,
exp_copy_xcdr__py_to_py__100000B__10Hz__shmem_ds__best_effort,receive,sub,py_to_py,copy,exp,xcdr,shmem_ds,100000,10,0,measured,182,2026-09-09T14:43:14.300360Z,158187962519368,158187962278331,158187962519368,1788964994300102581,1788964994300215906,ok,
exp_copy_xcdr__py_to_py__100000B__10Hz__shmem_ds__best_effort,receive,sub,py_to_py,copy,exp,xcdr,shmem_ds,100000,10,0,measured,183,2026-09-09T14:43:14.401401Z,158188063556068,158188063265788,158188063556068,1788964994401099556,1788964994401214794,ok,
exp_copy_xcdr__py_to_py__100000B__10Hz__shmem_ds__best_effort,receive,sub,py_to_py,copy,exp,xcdr,shmem_ds,100000,10,0,measured,184,2026-09-09T14:43:14.500614Z,158188162765616,158188162477841,158188162765616,1788964994500312090,1788964994500445001,ok,
exp_copy_xcdr__py_to_py__100000B__10Hz__shmem_ds__best_effort,receive,sub,py_to_py,copy,exp,xcdr,shmem_ds,100000,10,0,measured,185,2026-09-09T14:43:14.600432Z,158188262585449,158188262296272,158188262585449,1788964994600136111,1788964994600264815,ok,
exp_copy_xcdr__py_to_py__100000B__10Hz__shmem_ds__best_effort,receive,sub,py_to_py,copy,exp,xcdr,shmem_ds,100000,10,0,measured,186,2026-09-09T14:43:14.700186Z,158188362327165,158188361991650,158188362327165,1788964994699847430,1788964994699991833,ok,
exp_copy_xcdr__py_to_py__100000B__10Hz__shmem_ds__best_effort,receive,sub,py_to_py,copy,exp,xcdr,shmem_ds,100000,10,0,measured,187,2026-09-09T14:43:14.801115Z,158188463236163,158188462767996,158188463236163,1788964994800638123,1788964994800841669,ok,
exp_copy_xcdr__py_to_py__100000B__10Hz__shmem_ds__best_effort,receive,sub,py_to_py,copy,exp,xcdr,shmem_ds,100000,10,0,measured,188,2026-09-09T14:43:14.900584Z,158188562709711,158188562263315,158188562709711,1788964994900130777,1788964994900318723,ok,
exp_copy_xcdr__py_to_py__100000B__10Hz__shmem_ds__best_effort,receive,sub,py_to_py,copy,exp,xcdr,shmem_ds,100000,10,0,measured,189,2026-09-09T14:43:14.999850Z,158188661966098,158188661610986,158188661966098,1788964994999460303,1788964994999625796,ok,
exp_copy_xcdr__py_to_py__100000B__10Hz__shmem_ds__best_effort,receive,sub,py_to_py,copy,exp,xcdr,shmem_ds,100000,10,0,measured,190,2026-09-09T14:43:15.099656Z,158188761799830,158188761483441,158188761799830,1788964995099324963,1788964995099471230,ok,
exp_copy_xcdr__py_to_py__100000B__10Hz__shmem_ds__best_effort,receive,sub,py_to_py,copy,exp,xcdr,shmem_ds,100000,10,0,measured,191,2026-09-09T14:43:15.199418Z,158188861570120,158188861297744,158188861570120,1788964995199131833,1788964995199256309,ok,
exp_copy_xcdr__py_to_py__100000B__10Hz__shmem_ds__best_effort,receive,sub,py_to_py,copy,exp,xcdr,shmem_ds,100000,10,0,measured,192,2026-09-09T14:43:15.298975Z,158188961130765,158188960838972,158188961130765,1788964995298669724,1788964995298798498,ok,
exp_copy_xcdr__py_to_py__100000B__10Hz__shmem_ds__best_effort,receive,sub,py_to_py,copy,exp,xcdr,shmem_ds,100000,10,0,measured,193,2026-09-09T14:43:15.398499Z,158189060652634,158189060347266,158189060652634,1788964995398180453,1788964995398316461,ok,
exp_copy_xcdr__py_to_py__100000B__10Hz__shmem_ds__best_effort,receive,sub,py_to_py,copy,exp,xcdr,shmem_ds,100000,10,0,measured,194,2026-09-09T14:43:15.499309Z,158189161464158,158189161199277,158189161464158,1788964995499030821,1788964995499162810,ok,
exp_copy_xcdr__py_to_py__100000B__10Hz__shmem_ds__best_effort,receive,sub,py_to_py,copy,exp,xcdr,shmem_ds,100000,10,0,measured,195,2026-09-09T14:43:15.599183Z,158189261333395,158189261054227,158189261333395,1788964995598890309,1788964995599012741,ok,
exp_copy_xcdr__py_to_py__100000B__10Hz__shmem_ds__best_effort,receive,sub,py_to_py,copy,exp,xcdr,shmem_ds,100000,10,0,measured,196,2026-09-09T14:43:15.699985Z,158189362142023,158189361812940,158189362142023,1788964995699648502,1788964995699786483,ok,
exp_copy_xcdr__py_to_py__100000B__10Hz__shmem_ds__best_effort,receive,sub,py_to_py,copy,exp,xcdr,shmem_ds,100000,10,0,measured,197,2026-09-09T14:43:15.799963Z,158189462129695,158189461878119,158189462129695,1788964995799705555,1788964995799821043,ok,
exp_copy_xcdr__py_to_py__100000B__10Hz__shmem_ds__best_effort,receive,sub,py_to_py,copy,exp,xcdr,shmem_ds,100000,10,0,measured,198,2026-09-09T14:43:15.899382Z,158189561502073,158189561066188,158189561502073,1788964995898933499,1788964995899126285,ok,
exp_copy_xcdr__py_to_py__100000B__10Hz__shmem_ds__best_effort,receive,sub,py_to_py,copy,exp,xcdr,shmem_ds,100000,10,0,measured,199,2026-09-09T14:43:16.000229Z,158189662367528,158189662041601,158189662367528,1788964995999884826,1788964996000025302,ok,
exp_copy_xcdr__py_to_py__100000B__10Hz__shmem_ds__best_effort,receive,sub,py_to_py,copy,exp,xcdr,shmem_ds,100000,10,0,measured,200,2026-09-09T14:43:16.100788Z,158189762954135,158189762681398,158189762954135,1788964996100521709,1788964996100657416,ok,
exp_copy_xcdr__py_to_py__100000B__10Hz__shmem_ds__best_effort,receive,sub,py_to_py,copy,exp,xcdr,shmem_ds,100000,10,0,measured,201,2026-09-09T14:43:16.201715Z,158189863880927,158189863605465,158189863880927,1788964996201441237,1788964996201571333,ok,
exp_copy_xcdr__py_to_py__100000B__10Hz__shmem_ds__best_effort,receive,sub,py_to_py,copy,exp,xcdr,shmem_ds,100000,10,0,measured,202,2026-09-09T14:43:16.302562Z,158189964728188,158189964456183,158189964728188,1788964996302290291,1788964996302422161,ok,
exp_copy_xcdr__py_to_py__100000B__10Hz__shmem_ds__best_effort,receive,sub,py_to_py,copy,exp,xcdr,shmem_ds,100000,10,0,measured,203,2026-09-09T14:43:16.403248Z,158190065411979,158190065158228,158190065411979,1788964996402985213,1788964996403092156,ok,
exp_copy_xcdr__py_to_py__100000B__10Hz__shmem_ds__best_effort,receive,sub,py_to_py,copy,exp,xcdr,shmem_ds,100000,10,0,measured,204,2026-09-09T14:43:16.502575Z,158190164738340,158190164476424,158190164738340,1788964996502304761,1788964996502432142,ok,
exp_copy_xcdr__py_to_py__100000B__10Hz__shmem_ds__best_effort,receive,sub,py_to_py,copy,exp,xcdr,shmem_ds,100000,10,0,measured,205,2026-09-09T14:43:16.602677Z,158190264823487,158190264487561,158190264823487,1788964996602331809,1788964996602474960,ok,
exp_copy_xcdr__py_to_py__100000B__10Hz__shmem_ds__best_effort,receive,sub,py_to_py,copy,exp,xcdr,shmem_ds,100000,10,0,measured,206,2026-09-09T14:43:16.702136Z,158190364271899,158190363932717,158190364271899,1788964996701773248,1788964996701931467,ok,
exp_copy_xcdr__py_to_py__100000B__10Hz__shmem_ds__best_effort,receive,sub,py_to_py,copy,exp,xcdr,shmem_ds,100000,10,0,measured,207,2026-09-09T14:43:16.802174Z,158190464289229,158190463802407,158190464289229,1788964996801673115,1788964996801883143,ok,
exp_copy_xcdr__py_to_py__100000B__10Hz__shmem_ds__best_effort,receive,sub,py_to_py,copy,exp,xcdr,shmem_ds,100000,10,0,measured,208,2026-09-09T14:43:16.901213Z,158190563335498,158190562901537,158190563335498,1788964996900763007,1788964996900950983,ok,
exp_copy_xcdr__py_to_py__100000B__10Hz__shmem_ds__best_effort,receive,sub,py_to_py,copy,exp,xcdr,shmem_ds,100000,10,0,measured,209,2026-09-09T14:43:17.000848Z,158190662977266,158190662635579,158190662977266,1788964997000486931,1788964997000648677,ok,
exp_copy_xcdr__py_to_py__100000B__10Hz__shmem_ds__best_effort,receive,sub,py_to_py,copy,exp,xcdr,shmem_ds,100000,10,0,measured,210,2026-09-09T14:43:17.101733Z,158190763880995,158190763570587,158190763880995,1788964997101415627,1788964997101546414,ok,
exp_copy_xcdr__py_to_py__100000B__10Hz__shmem_ds__best_effort,receive,sub,py_to_py,copy,exp,xcdr,shmem_ds,100000,10,0,measured,211,2026-09-09T14:43:17.201299Z,158190863446409,158190863125512,158190863446409,1788964997200970721,1788964997201124322,ok,
exp_copy_xcdr__py_to_py__100000B__10Hz__shmem_ds__best_effort,receive,sub,py_to_py,copy,exp,xcdr,shmem_ds,100000,10,0,measured,212,2026-09-09T14:43:17.301790Z,158190963951863,158190963667735,158190963951863,1788964997301506513,1788964997301650005,ok,
exp_copy_xcdr__py_to_py__100000B__10Hz__shmem_ds__best_effort,receive,sub,py_to_py,copy,exp,xcdr,shmem_ds,100000,10,0,measured,213,2026-09-09T14:43:17.401686Z,158191063842533,158191063555730,158191063842533,1788964997401391692,1788964997401516218,ok,
exp_copy_xcdr__py_to_py__100000B__10Hz__shmem_ds__best_effort,receive,sub,py_to_py,copy,exp,xcdr,shmem_ds,100000,10,0,measured,214,2026-09-09T14:43:17.501619Z,158191163775113,158191163443115,158191163775113,1788964997501293173,1788964997501448347,ok,
exp_copy_xcdr__py_to_py__100000B__10Hz__shmem_ds__best_effort,receive,sub,py_to_py,copy,exp,xcdr,shmem_ds,100000,10,0,measured,215,2026-09-09T14:43:17.602655Z,158191264784441,158191264370768,158191264784441,1788964997602231968,1788964997602405336,ok,
exp_copy_xcdr__py_to_py__100000B__10Hz__shmem_ds__best_effort,receive,sub,py_to_py,copy,exp,xcdr,shmem_ds,100000,10,0,measured,216,2026-09-09T14:43:17.703506Z,158191365647522,158191365326424,158191365647522,1788964997703169800,1788964997703312320,ok,
exp_copy_xcdr__py_to_py__100000B__10Hz__shmem_ds__best_effort,receive,sub,py_to_py,copy,exp,xcdr,shmem_ds,100000,10,0,measured,217,2026-09-09T14:43:17.803563Z,158191465714757,158191465422083,158191465714757,1788964997803257454,1788964997803386158,ok,
exp_copy_xcdr__py_to_py__100000B__10Hz__shmem_ds__best_effort,receive,sub,py_to_py,copy,exp,xcdr,shmem_ds,100000,10,0,measured,218,2026-09-09T14:43:17.904188Z,158191566322735,158191565923679,158191566322735,1788964997903780902,1788964997903972605,ok,
exp_copy_xcdr__py_to_py__100000B__10Hz__shmem_ds__best_effort,receive,sub,py_to_py,copy,exp,xcdr,shmem_ds,100000,10,0,measured,219,2026-09-09T14:43:18.003339Z,158191665485647,158191665195488,158191665485647,1788964998003035969,1788964998003166776,ok,
exp_copy_xcdr__py_to_py__100000B__10Hz__shmem_ds__best_effort,receive,sub,py_to_py,copy,exp,xcdr,shmem_ds,100000,10,0,measured,220,2026-09-09T14:43:18.102910Z,158191765072573,158191764753088,158191765072573,1788964998102589451,1788964998102722162,ok,
exp_copy_xcdr__py_to_py__100000B__10Hz__shmem_ds__best_effort,receive,sub,py_to_py,copy,exp,xcdr,shmem_ds,100000,10,0,measured,221,2026-09-09T14:43:18.203763Z,158191865929333,158191865684890,158191865929333,1788964998203514881,1788964998203628827,ok,
exp_copy_xcdr__py_to_py__100000B__10Hz__shmem_ds__best_effort,receive,sub,py_to_py,copy,exp,xcdr,shmem_ds,100000,10,0,measured,222,2026-09-09T14:43:18.303930Z,158191966099252,158191965830302,158191966099252,1788964998303657448,1788964998303778687,ok,
exp_copy_xcdr__py_to_py__100000B__10Hz__shmem_ds__best_effort,receive,sub,py_to_py,copy,exp,xcdr,shmem_ds,100000,10,0,measured,223,2026-09-09T14:43:18.403961Z,158192066133294,158192065909490,158192066133294,1788964998403734662,1788964998403838368,ok,
exp_copy_xcdr__py_to_py__100000B__10Hz__shmem_ds__best_effort,receive,sub,py_to_py,copy,exp,xcdr,shmem_ds,100000,10,0,measured,224,2026-09-09T14:43:18.504482Z,158192166650791,158192166415877,158192166650791,1788964998504242721,1788964998504365354,ok,
exp_copy_xcdr__py_to_py__100000B__10Hz__shmem_ds__best_effort,receive,sub,py_to_py,copy,exp,xcdr,shmem_ds,100000,10,0,measured,225,2026-09-09T14:43:18.603664Z,158192265819444,158192265544604,158192265819444,1788964998603379564,1788964998603503629,ok,
exp_copy_xcdr__py_to_py__100000B__10Hz__shmem_ds__best_effort,receive,sub,py_to_py,copy,exp,xcdr,shmem_ds,100000,10,0,measured,226,2026-09-09T14:43:18.703889Z,158192366009702,158192365715646,158192366009702,1788964998703549774,1788964998703683678,ok,
exp_copy_xcdr__py_to_py__100000B__10Hz__shmem_ds__best_effort,receive,sub,py_to_py,copy,exp,xcdr,shmem_ds,100000,10,0,measured,227,2026-09-09T14:43:18.803936Z,158192466080704,158192465751781,158192466080704,1788964998803595628,1788964998803735573,ok,
exp_copy_xcdr__py_to_py__100000B__10Hz__shmem_ds__best_effort,receive,sub,py_to_py,copy,exp,xcdr,shmem_ds,100000,10,0,measured,228,2026-09-09T14:43:18.904885Z,158192566966800,158192566520735,158192566966800,1788964998904385091,1788964998904580170,ok,
exp_copy_xcdr__py_to_py__100000B__10Hz__shmem_ds__best_effort,receive,sub,py_to_py,copy,exp,xcdr,shmem_ds,100000,10,0,measured,229,2026-09-09T14:43:19.004043Z,158192666189205,158192665803214,158192666189205,1788964999003650748,1788964999003818275,ok,
exp_copy_xcdr__py_to_py__100000B__10Hz__shmem_ds__best_effort,receive,sub,py_to_py,copy,exp,xcdr,shmem_ds,100000,10,0,measured,230,2026-09-09T14:43:19.104850Z,158192766980581,158192766690542,158192766980581,1788964999104531994,1788964999104679423,ok,
exp_copy_xcdr__py_to_py__100000B__10Hz__shmem_ds__best_effort,receive,sub,py_to_py,copy,exp,xcdr,shmem_ds,100000,10,0,measured,231,2026-09-09T14:43:19.203949Z,158192866117314,158192865837635,158192866117314,1788964999203672655,1788964999203824453,ok,
exp_copy_xcdr__py_to_py__100000B__10Hz__shmem_ds__best_effort,receive,sub,py_to_py,copy,exp,xcdr,shmem_ds,100000,10,0,measured,232,2026-09-09T14:43:19.303282Z,158192965451061,158192965205205,158192965451061,1788964999303033463,1788964999303145315,ok,
exp_copy_xcdr__py_to_py__100000B__10Hz__shmem_ds__best_effort,receive,sub,py_to_py,copy,exp,xcdr,shmem_ds,100000,10,0,measured,233,2026-09-09T14:43:19.403474Z,158193065642391,158193065395273,158193065642391,1788964999403224242,1788964999403337857,ok,
exp_copy_xcdr__py_to_py__100000B__10Hz__shmem_ds__best_effort,receive,sub,py_to_py,copy,exp,xcdr,shmem_ds,100000,10,0,measured,234,2026-09-09T14:43:19.503818Z,158193165979588,158193165726899,158193165979588,1788964999503558172,1788964999503686906,ok,
exp_copy_xcdr__py_to_py__100000B__10Hz__shmem_ds__best_effort,receive,sub,py_to_py,copy,exp,xcdr,shmem_ds,100000,10,0,measured,235,2026-09-09T14:43:19.603391Z,158193265543159,158193265247930,158193265543159,1788964999603086607,1788964999603215371,ok,
exp_copy_xcdr__py_to_py__100000B__10Hz__shmem_ds__best_effort,receive,sub,py_to_py,copy,exp,xcdr,shmem_ds,100000,10,0,measured,236,2026-09-09T14:43:19.702566Z,158193364730648,158193364461168,158193364730648,1788964999702299605,1788964999702433088,ok,
exp_copy_xcdr__py_to_py__100000B__10Hz__shmem_ds__best_effort,receive,sub,py_to_py,copy,exp,xcdr,shmem_ds,100000,10,0,measured,237,2026-09-09T14:43:19.803336Z,158193465501797,158193465221757,158193465501797,1788964999803055815,1788964999803188807,ok,
exp_copy_xcdr__py_to_py__100000B__10Hz__shmem_ds__best_effort,receive,sub,py_to_py,copy,exp,xcdr,shmem_ds,100000,10,0,measured,238,2026-09-09T14:43:19.903046Z,158193565184304,158193564775861,158193565184304,1788964999902628685,1788964999902811721,ok,
exp_copy_xcdr__py_to_py__100000B__10Hz__shmem_ds__best_effort,receive,sub,py_to_py,copy,exp,xcdr,shmem_ds,100000,10,0,measured,239,2026-09-09T14:43:20.003135Z,158193665280675,158193664926725,158193665280675,1788965000002769500,1788965000002947497,ok,
exp_copy_xcdr__py_to_py__100000B__10Hz__shmem_ds__best_effort,receive,sub,py_to_py,copy,exp,xcdr,shmem_ds,100000,10,0,measured,240,2026-09-09T14:43:20.103253Z,158193765417292,158193765157079,158193765417292,1788965000102992821,1788965000103124390,ok,
exp_copy_xcdr__py_to_py__100000B__10Hz__shmem_ds__best_effort,receive,sub,py_to_py,copy,exp,xcdr,shmem_ds,100000,10,0,measured,241,2026-09-09T14:43:20.203086Z,158193865253622,158193864966748,158193865253622,1788965000202798092,1788965000202939710,ok,
exp_copy_xcdr__py_to_py__100000B__10Hz__shmem_ds__best_effort,receive,sub,py_to_py,copy,exp,xcdr,shmem_ds,100000,10,0,measured,242,2026-09-09T14:43:20.303181Z,158193965351184,158193965128603,158193965351184,1788965000302951129,1788965000303064524,ok,
exp_copy_xcdr__py_to_py__100000B__10Hz__shmem_ds__best_effort,receive,sub,py_to_py,copy,exp,xcdr,shmem_ds,100000,10,0,measured,243,2026-09-09T14:43:20.403305Z,158194065465309,158194065204054,158194065465309,1788965000403034636,1788965000403142671,ok,
exp_copy_xcdr__py_to_py__100000B__10Hz__shmem_ds__best_effort,receive,sub,py_to_py,copy,exp,xcdr,shmem_ds,100000,10,0,measured,244,2026-09-09T14:43:20.504155Z,158194166317120,158194166058681,158194166317120,1788965000503887900,1788965000504005313,ok,
exp_copy_xcdr__py_to_py__100000B__10Hz__shmem_ds__best_effort,receive,sub,py_to_py,copy,exp,xcdr,shmem_ds,100000,10,0,measured,245,2026-09-09T14:43:20.603671Z,158194265819737,158194265506884,158194265819737,1788965000603347816,1788965000603481790,ok,
exp_copy_xcdr__py_to_py__100000B__10Hz__shmem_ds__best_effort,receive,sub,py_to_py,copy,exp,xcdr,shmem_ds,100000,10,0,measured,246,2026-09-09T14:43:20.704112Z,158194366255771,158194365933110,158194366255771,1788965000703771517,1788965000703922773,ok,
exp_copy_xcdr__py_to_py__100000B__10Hz__shmem_ds__best_effort,receive,sub,py_to_py,copy,exp,xcdr,shmem_ds,100000,10,0,measured,247,2026-09-09T14:43:20.803644Z,158194465784327,158194465436007,158194465784327,1788965000803288511,1788965000803437082,ok,
exp_copy_xcdr__py_to_py__100000B__10Hz__shmem_ds__best_effort,receive,sub,py_to_py,copy,exp,xcdr,shmem_ds,100000,10,0,measured,248,2026-09-09T14:43:20.903559Z,158194565687933,158194565266565,158194565687933,1788965000903128397,1788965000903314870,ok,
exp_copy_xcdr__py_to_py__100000B__10Hz__shmem_ds__best_effort,receive,sub,py_to_py,copy,exp,xcdr,shmem_ds,100000,10,0,measured,249,2026-09-09T14:43:21.003939Z,158194666060728,158194665617308,158194666060728,1788965001003478558,1788965001003669440,ok,
exp_copy_xcdr__py_to_py__100000B__10Hz__shmem_ds__best_effort,receive,sub,py_to_py,copy,exp,xcdr,shmem_ds,100000,10,0,measured,250,2026-09-09T14:43:21.103293Z,158194765456984,158194765166975,158194765456984,1788965001103008056,1788965001103139295,ok,
exp_copy_xcdr__py_to_py__100000B__10Hz__shmem_ds__best_effort,receive,sub,py_to_py,copy,exp,xcdr,shmem_ds,100000,10,0,measured,251,2026-09-09T14:43:21.202997Z,158194865148949,158194864748902,158194865148949,1788965001202596887,1788965001202747221,ok,
exp_copy_xcdr__py_to_py__100000B__10Hz__shmem_ds__best_effort,receive,sub,py_to_py,copy,exp,xcdr,shmem_ds,100000,10,0,measured,252,2026-09-09T14:43:21.303554Z,158194965693750,158194965327536,158194965693750,1788965001303186442,1788965001303349982,ok,
exp_copy_xcdr__py_to_py__100000B__10Hz__shmem_ds__best_effort,receive,sub,py_to_py,copy,exp,xcdr,shmem_ds,100000,10,0,measured,253,2026-09-09T14:43:21.402624Z,158195064770130,158195064430938,158195064770130,1788965001402278302,1788965001402435930,ok,
exp_copy_xcdr__py_to_py__100000B__10Hz__shmem_ds__best_effort,receive,sub,py_to_py,copy,exp,xcdr,shmem_ds,100000,10,0,measured,254,2026-09-09T14:43:21.502479Z,158195164634123,158195164328714,158195164634123,1788965001502169145,1788965001502303179,ok,
exp_copy_xcdr__py_to_py__100000B__10Hz__shmem_ds__best_effort,receive,sub,py_to_py,copy,exp,xcdr,shmem_ds,100000,10,0,measured,255,2026-09-09T14:43:21.603658Z,158195265787705,158195265394431,158195265787705,1788965001603255580,1788965001603435842,ok,
exp_copy_xcdr__py_to_py__100000B__10Hz__shmem_ds__best_effort,receive,sub,py_to_py,copy,exp,xcdr,shmem_ds,100000,10,0,measured,256,2026-09-09T14:43:21.704502Z,158195366647302,158195366326976,158195366647302,1788965001704168889,1788965001704308884,ok,
exp_copy_xcdr__py_to_py__100000B__10Hz__shmem_ds__best_effort,receive,sub,py_to_py,copy,exp,xcdr,shmem_ds,100000,10,0,measured,257,2026-09-09T14:43:21.803616Z,158195465762135,158195465470713,158195465762135,1788965001803309110,1788965001803439727,ok,
exp_copy_xcdr__py_to_py__100000B__10Hz__shmem_ds__best_effort,receive,sub,py_to_py,copy,exp,xcdr,shmem_ds,100000,10,0,measured,258,2026-09-09T14:43:21.903218Z,158195565351357,158195564958664,158195565351357,1788965001902825735,1788965001902995176,ok,
exp_copy_xcdr__py_to_py__100000B__10Hz__shmem_ds__best_effort,receive,sub,py_to_py,copy,exp,xcdr,shmem_ds,100000,10,0,measured,259,2026-09-09T14:43:22.002737Z,158195664865756,158195664481708,158195664865756,1788965002002340464,1788965002002509995,ok,
exp_copy_xcdr__py_to_py__100000B__10Hz__shmem_ds__best_effort,receive,sub,py_to_py,copy,exp,xcdr,shmem_ds,100000,10,0,measured,260,2026-09-09T14:43:22.103526Z,158195765667714,158195765329554,158195765667714,1788965002103176507,1788965002103323655,ok,
exp_copy_xcdr__py_to_py__100000B__10Hz__shmem_ds__best_effort,receive,sub,py_to_py,copy,exp,xcdr,shmem_ds,100000,10,0,measured,261,2026-09-09T14:43:22.204224Z,158195866368702,158195866076058,158195866368702,1788965002203916729,1788965002204053999,ok,
exp_copy_xcdr__py_to_py__100000B__10Hz__shmem_ds__best_effort,receive,sub,py_to_py,copy,exp,xcdr,shmem_ds,100000,10,0,measured,262,2026-09-09T14:43:22.304903Z,158195967068716,158195966775541,158195967068716,1788965002304607185,1788965002304728685,ok,
exp_copy_xcdr__py_to_py__100000B__10Hz__shmem_ds__best_effort,receive,sub,py_to_py,copy,exp,xcdr,shmem_ds,100000,10,0,measured,263,2026-09-09T14:43:22.404574Z,158196066743680,158196066505790,158196066743680,1788965002404332995,1788965002404437212,ok,
exp_copy_xcdr__py_to_py__100000B__10Hz__shmem_ds__best_effort,receive,sub,py_to_py,copy,exp,xcdr,shmem_ds,100000,10,0,measured,264,2026-09-09T14:43:22.503901Z,158196166068421,158196165813979,158196166068421,1788965002503640934,1788965002503750712,ok,
exp_copy_xcdr__py_to_py__100000B__10Hz__shmem_ds__best_effort,receive,sub,py_to_py,copy,exp,xcdr,shmem_ds,100000,10,0,measured,265,2026-09-09T14:43:22.604715Z,158196266868256,158196266568148,158196266868256,1788965002604403659,1788965002604529317,ok,
exp_copy_xcdr__py_to_py__100000B__10Hz__shmem_ds__best_effort,receive,sub,py_to_py,copy,exp,xcdr,shmem_ds,100000,10,0,measured,266,2026-09-09T14:43:22.705357Z,158196367475976,158196367034190,158196367475976,1788965002704899277,1788965002705095889,ok,
exp_copy_xcdr__py_to_py__100000B__10Hz__shmem_ds__best_effort,receive,sub,py_to_py,copy,exp,xcdr,shmem_ds,100000,10,0,measured,267,2026-09-09T14:43:22.805416Z,158196467555346,158196467211455,158196467555346,1788965002805063547,1788965002805211918,ok,
exp_copy_xcdr__py_to_py__100000B__10Hz__shmem_ds__best_effort,receive,sub,py_to_py,copy,exp,xcdr,shmem_ds,100000,10,0,measured,268,2026-09-09T14:43:22.906515Z,158196568635451,158196568228871,158196568635451,1788965002906088959,1788965002906272596,ok,
exp_copy_xcdr__py_to_py__100000B__10Hz__shmem_ds__best_effort,receive,sub,py_to_py,copy,exp,xcdr,shmem_ds,100000,10,0,measured,269,2026-09-09T14:43:23.006945Z,158196669066697,158196668518940,158196669066697,1788965003006385851,1788965003006674908,ok,
exp_copy_xcdr__py_to_py__100000B__10Hz__shmem_ds__best_effort,receive,sub,py_to_py,copy,exp,xcdr,shmem_ds,100000,10,0,measured,270,2026-09-09T14:43:23.105658Z,158196767799207,158196767474893,158196767799207,1788965003105321375,1788965003105454577,ok,
exp_copy_xcdr__py_to_py__100000B__10Hz__shmem_ds__best_effort,receive,sub,py_to_py,copy,exp,xcdr,shmem_ds,100000,10,0,measured,271,2026-09-09T14:43:23.206229Z,158196868376000,158196868076543,158196868376000,1788965003205916021,1788965003206040988,ok,
exp_copy_xcdr__py_to_py__100000B__10Hz__shmem_ds__best_effort,receive,sub,py_to_py,copy,exp,xcdr,shmem_ds,100000,10,0,measured,272,2026-09-09T14:43:23.305738Z,158196967901131,158196967657179,158196967901131,1788965003305485356,1788965003305596747,ok,
exp_copy_xcdr__py_to_py__100000B__10Hz__shmem_ds__best_effort,receive,sub,py_to_py,copy,exp,xcdr,shmem_ds,100000,10,0,measured,273,2026-09-09T14:43:23.406117Z,158197068274809,158197067997534,158197068274809,1788965003405836843,1788965003405957321,ok,
exp_copy_xcdr__py_to_py__100000B__10Hz__shmem_ds__best_effort,receive,sub,py_to_py,copy,exp,xcdr,shmem_ds,100000,10,0,measured,274,2026-09-09T14:43:23.506988Z,158197169147512,158197168867292,158197169147512,1788965003506693726,1788965003506815897,ok,
exp_copy_xcdr__py_to_py__100000B__10Hz__shmem_ds__best_effort,receive,sub,py_to_py,copy,exp,xcdr,shmem_ds,100000,10,0,measured,275,2026-09-09T14:43:23.606429Z,158197268578595,158197268231708,158197268578595,1788965003606085955,1788965003606244815,ok,
exp_copy_xcdr__py_to_py__100000B__10Hz__shmem_ds__best_effort,receive,sub,py_to_py,copy,exp,xcdr,shmem_ds,100000,10,0,measured,276,2026-09-09T14:43:23.705555Z,158197367702686,158197367397538,158197367702686,1788965003705234082,1788965003705360170,ok,
exp_copy_xcdr__py_to_py__100000B__10Hz__shmem_ds__best_effort,receive,sub,py_to_py,copy,exp,xcdr,shmem_ds,100000,10,0,measured,277,2026-09-09T14:43:23.804728Z,158197466880850,158197466590049,158197466880850,1788965003804425661,1788965003804548784,ok,
exp_copy_xcdr__py_to_py__100000B__10Hz__shmem_ds__best_effort,receive,sub,py_to_py,copy,exp,xcdr,shmem_ds,100000,10,0,measured,278,2026-09-09T14:43:23.904989Z,158197567132667,158197566762306,158197567132667,1788965003904612966,1788965003904772298,ok,
exp_copy_xcdr__py_to_py__100000B__10Hz__shmem_ds__best_effort,receive,sub,py_to_py,copy,exp,xcdr,shmem_ds,100000,10,0,measured,279,2026-09-09T14:43:24.004457Z,158197666599698,158197666267028,158197666599698,1788965004004109222,1788965004004247534,ok,
exp_copy_xcdr__py_to_py__100000B__10Hz__shmem_ds__best_effort,receive,sub,py_to_py,copy,exp,xcdr,shmem_ds,100000,10,0,measured,280,2026-09-09T14:43:24.104563Z,158197766720478,158197766462139,158197766720478,1788965004104296337,1788965004104412848,ok,
exp_copy_xcdr__py_to_py__100000B__10Hz__shmem_ds__best_effort,receive,sub,py_to_py,copy,exp,xcdr,shmem_ds,100000,10,0,measured,281,2026-09-09T14:43:24.205027Z,158197867181171,158197866873328,158197867181171,1788965004204705443,1788965004204862140,ok,
exp_copy_xcdr__py_to_py__100000B__10Hz__shmem_ds__best_effort,receive,sub,py_to_py,copy,exp,xcdr,shmem_ds,100000,10,0,measured,282,2026-09-09T14:43:24.304359Z,158197966522425,158197966268013,158197966522425,1788965004304094658,1788965004304202452,ok,
exp_copy_xcdr__py_to_py__100000B__10Hz__shmem_ds__best_effort,receive,sub,py_to_py,copy,exp,xcdr,shmem_ds,100000,10,0,measured,283,2026-09-09T14:43:24.404620Z,158198066785032,158198066540379,158198066785032,1788965004404366322,1788965004404464588,ok,
exp_copy_xcdr__py_to_py__100000B__10Hz__shmem_ds__best_effort,receive,sub,py_to_py,copy,exp,xcdr,shmem_ds,100000,10,0,measured,284,2026-09-09T14:43:24.504093Z,158198166262172,158198166053788,158198166262172,1788965004503876625,1788965004503974741,ok,
exp_copy_xcdr__py_to_py__100000B__10Hz__shmem_ds__best_effort,receive,sub,py_to_py,copy,exp,xcdr,shmem_ds,100000,10,0,measured,285,2026-09-09T14:43:24.604388Z,158198266520072,158198266147957,158198266520072,1788965004604000420,1788965004604168328,ok,
exp_copy_xcdr__py_to_py__100000B__10Hz__shmem_ds__best_effort,receive,sub,py_to_py,copy,exp,xcdr,shmem_ds,100000,10,0,measured,286,2026-09-09T14:43:24.705023Z,158198367168311,158198366887720,158198367168311,1788965004704719324,1788965004704855632,ok,
exp_copy_xcdr__py_to_py__100000B__10Hz__shmem_ds__best_effort,receive,sub,py_to_py,copy,exp,xcdr,shmem_ds,100000,10,0,measured,287,2026-09-09T14:43:24.806102Z,158198468213500,158198467706761,158198468213500,1788965004805583490,1788965004805793027,ok,
exp_copy_xcdr__py_to_py__100000B__10Hz__shmem_ds__best_effort,receive,sub,py_to_py,copy,exp,xcdr,shmem_ds,100000,10,0,measured,288,2026-09-09T14:43:24.905113Z,158198567242262,158198566828328,158198567242262,1788965004904680381,1788965004904873226,ok,
exp_copy_xcdr__py_to_py__100000B__10Hz__shmem_ds__best_effort,receive,sub,py_to_py,copy,exp,xcdr,shmem_ds,100000,10,0,measured,289,2026-09-09T14:43:25.004961Z,158198667091538,158198666685770,158198667091538,1788965005004541990,1788965005004716931,ok,
exp_copy_xcdr__py_to_py__100000B__10Hz__shmem_ds__best_effort,receive,sub,py_to_py,copy,exp,xcdr,shmem_ds,100000,10,0,measured,290,2026-09-09T14:43:25.104272Z,158198766432360,158198766154123,158198766432360,1788965005103984866,1788965005104120573,ok,
exp_copy_xcdr__py_to_py__100000B__10Hz__shmem_ds__best_effort,receive,sub,py_to_py,copy,exp,xcdr,shmem_ds,100000,10,0,measured,291,2026-09-09T14:43:25.203296Z,158198865458608,158198865167687,158198865458608,1788965005202995664,1788965005203134416,ok,
exp_copy_xcdr__py_to_py__100000B__10Hz__shmem_ds__best_effort,receive,sub,py_to_py,copy,exp,xcdr,shmem_ds,100000,10,0,measured,292,2026-09-09T14:43:25.303753Z,158198965920042,158198965685167,158198965920042,1788965005303507784,1788965005303627711,ok,
exp_copy_xcdr__py_to_py__100000B__10Hz__shmem_ds__best_effort,receive,sub,py_to_py,copy,exp,xcdr,shmem_ds,100000,10,0,measured,293,2026-09-09T14:43:25.404013Z,158199066187169,158199065960009,158199066187169,1788965005403778719,1788965005403904537,ok,
exp_copy_xcdr__py_to_py__100000B__10Hz__shmem_ds__best_effort,receive,sub,py_to_py,copy,exp,xcdr,shmem_ds,100000,10,0,measured,294,2026-09-09T14:43:25.503563Z,158199165728562,158199165488007,158199165728562,1788965005503311696,1788965005503434398,ok,
exp_copy_xcdr__py_to_py__100000B__10Hz__shmem_ds__best_effort,receive,sub,py_to_py,copy,exp,xcdr,shmem_ds,100000,10,0,measured,295,2026-09-09T14:43:25.604282Z,158199266434380,158199266064509,158199266434380,1788965005603915129,1788965005604087406,ok,
exp_copy_xcdr__py_to_py__100000B__10Hz__shmem_ds__best_effort,receive,sub,py_to_py,copy,exp,xcdr,shmem_ds,100000,10,0,measured,296,2026-09-09T14:43:25.704300Z,158199366443579,158199366127881,158199366443579,1788965005703965366,1788965005704115240,ok,
exp_copy_xcdr__py_to_py__100000B__10Hz__shmem_ds__best_effort,receive,sub,py_to_py,copy,exp,xcdr,shmem_ds,100000,10,0,measured,297,2026-09-09T14:43:25.804054Z,158199466209887,158199465932993,158199466209887,1788965005803757483,1788965005803900424,ok,
exp_copy_xcdr__py_to_py__100000B__10Hz__shmem_ds__best_effort,receive,sub,py_to_py,copy,exp,xcdr,shmem_ds,100000,10,0,measured,298,2026-09-09T14:43:25.903240Z,158199565377162,158199565028391,158199565377162,1788965005902873781,1788965005903038142,ok,
exp_copy_xcdr__py_to_py__100000B__10Hz__shmem_ds__best_effort,receive,sub,py_to_py,copy,exp,xcdr,shmem_ds,100000,10,0,measured,299,2026-09-09T14:43:26.002346Z,158199664484813,158199664164086,158199664484813,1788965006002003615,1788965006002139823,ok,
exp_copy_xcdr__py_to_py__100000B__10Hz__shmem_ds__best_effort,receive,sub,py_to_py,copy,exp,xcdr,shmem_ds,100000,10,0,measured,300,2026-09-09T14:43:26.103031Z,158199765179771,158199764873110,158199765179771,1788965006102697451,1788965006102850981,ok,
exp_copy_xcdr__py_to_py__1000000B__10Hz__shmem_ds__best_effort,publish,pub,py_to_py,copy,exp,xcdr,shmem_ds,1000000,10,1,measured,0,2026-09-09T14:43:31.190491Z,158204851327034,158204851327034,158204851327034,-1,-1,ok,
exp_copy_xcdr__py_to_py__1000000B__10Hz__shmem_ds__best_effort,publish,pub,py_to_py,copy,exp,xcdr,shmem_ds,1000000,10,1,measured,1,2026-09-09T14:43:31.290195Z,158204951845480,158204951845480,158204951845480,-1,-1,ok,
exp_copy_xcdr__py_to_py__1000000B__10Hz__shmem_ds__best_effort,publish,pub,py_to_py,copy,exp,xcdr,shmem_ds,1000000,10,1,measured,2,2026-09-09T14:43:31.389114Z,158205050872482,158205050872482,158205050872482,-1,-1,ok,
exp_copy_xcdr__py_to_py__1000000B__10Hz__shmem_ds__best_effort,publish,pub,py_to_py,copy,exp,xcdr,shmem_ds,1000000,10,1,measured,3,2026-09-09T14:43:31.488712Z,158205150460837,158205150460837,158205150460837,-1,-1,ok,
exp_copy_xcdr__py_to_py__1000000B__10Hz__shmem_ds__best_effort,publish,pub,py_to_py,copy,exp,xcdr,shmem_ds,1000000,10,1,measured,4,2026-09-09T14:43:31.588499Z,158205249970302,158205249970302,158205249970302,-1,-1,ok,
exp_copy_xcdr__py_to_py__1000000B__10Hz__shmem_ds__best_effort,publish,pub,py_to_py,copy,exp,xcdr,shmem_ds,1000000,10,1,measured,5,2026-09-09T14:43:31.688554Z,158205350385072,158205350385072,158205350385072,-1,-1,ok,
exp_copy_xcdr__py_to_py__1000000B__10Hz__shmem_ds__best_effort,publish,pub,py_to_py,copy,exp,xcdr,shmem_ds,1000000,10,1,measured,6,2026-09-09T14:43:31.789114Z,158205450762341,158205450762341,158205450762341,-1,-1,ok,
exp_copy_xcdr__py_to_py__1000000B__10Hz__shmem_ds__best_effort,publish,pub,py_to_py,copy,exp,xcdr,shmem_ds,1000000,10,1,measured,7,2026-09-09T14:43:31.890170Z,158205551587538,158205551587538,158205551587538,-1,-1,ok,
exp_copy_xcdr__py_to_py__1000000B__10Hz__shmem_ds__best_effort,publish,pub,py_to_py,copy,exp,xcdr,shmem_ds,1000000,10,1,measured,8,2026-09-09T14:43:31.989408Z,158205650797035,158205650797035,158205650797035,-1,-1,ok,
exp_copy_xcdr__py_to_py__1000000B__10Hz__shmem_ds__best_effort,publish,pub,py_to_py,copy,exp,xcdr,shmem_ds,1000000,10,1,measured,9,2026-09-09T14:43:32.088918Z,158205750586983,158205750586983,158205750586983,-1,-1,ok,
exp_copy_xcdr__py_to_py__1000000B__10Hz__shmem_ds__best_effort,publish,pub,py_to_py,copy,exp,xcdr,shmem_ds,1000000,10,1,measured,10,2026-09-09T14:43:32.187853Z,158205849621709,158205849621709,158205849621709,-1,-1,ok,
exp_copy_xcdr__py_to_py__1000000B__10Hz__shmem_ds__best_effort,publish,pub,py_to_py,copy,exp,xcdr,shmem_ds,1000000,10,1,measured,11,2026-09-09T14:43:32.287070Z,158205949027990,158205949027990,158205949027990,-1,-1,ok,
exp_copy_xcdr__py_to_py__1000000B__10Hz__shmem_ds__best_effort,publish,pub,py_to_py,copy,exp,xcdr,shmem_ds,1000000,10,1,measured,12,2026-09-09T14:43:32.387540Z,158206049125850,158206049125850,158206049125850,-1,-1,ok,
exp_copy_xcdr__py_to_py__1000000B__10Hz__shmem_ds__best_effort,publish,pub,py_to_py,copy,exp,xcdr,shmem_ds,1000000,10,1,measured,13,2026-09-09T14:43:32.486358Z,158206148172169,158206148172169,158206148172169,-1,-1,ok,
exp_copy_xcdr__py_to_py__1000000B__10Hz__shmem_ds__best_effort,publish,pub,py_to_py,copy,exp,xcdr,shmem_ds,1000000,10,1,measured,14,2026-09-09T14:43:32.586100Z,158206247595091,158206247595091,158206247595091,-1,-1,ok,
exp_copy_xcdr__py_to_py__1000000B__10Hz__shmem_ds__best_effort,publish,pub,py_to_py,copy,exp,xcdr,shmem_ds,1000000,10,1,measured,15,2026-09-09T14:43:32.686056Z,158206347849177,158206347849177,158206347849177,-1,-1,ok,
exp_copy_xcdr__py_to_py__1000000B__10Hz__shmem_ds__best_effort,publish,pub,py_to_py,copy,exp,xcdr,shmem_ds,1000000,10,1,measured,16,2026-09-09T14:43:32.786199Z,158206447936127,158206447936127,158206447936127,-1,-1,ok,
exp_copy_xcdr__py_to_py__1000000B__10Hz__shmem_ds__best_effort,publish,pub,py_to_py,copy,exp,xcdr,shmem_ds,1000000,10,1,measured,17,2026-09-09T14:43:32.885876Z,158206547424373,158206547424373,158206547424373,-1,-1,ok,
exp_copy_xcdr__py_to_py__1000000B__10Hz__shmem_ds__best_effort,publish,pub,py_to_py,copy,exp,xcdr,shmem_ds,1000000,10,1,measured,18,2026-09-09T14:43:32.986156Z,158206647552842,158206647552842,158206647552842,-1,-1,ok,
exp_copy_xcdr__py_to_py__1000000B__10Hz__shmem_ds__best_effort,publish,pub,py_to_py,copy,exp,xcdr,shmem_ds,1000000,10,1,measured,19,2026-09-09T14:43:33.086609Z,158206748232914,158206748232914,158206748232914,-1,-1,ok,
exp_copy_xcdr__py_to_py__1000000B__10Hz__shmem_ds__best_effort,publish,pub,py_to_py,copy,exp,xcdr,shmem_ds,1000000,10,1,measured,20,2026-09-09T14:43:33.185464Z,158206847183683,158206847183683,158206847183683,-1,-1,ok,
exp_copy_xcdr__py_to_py__1000000B__10Hz__shmem_ds__best_effort,publish,pub,py_to_py,copy,exp,xcdr,shmem_ds,1000000,10,1,measured,21,2026-09-09T14:43:33.285846Z,158206947729142,158206947729142,158206947729142,-1,-1,ok,
exp_copy_xcdr__py_to_py__1000000B__10Hz__shmem_ds__best_effort,publish,pub,py_to_py,copy,exp,xcdr,shmem_ds,1000000,10,1,measured,22,2026-09-09T14:43:33.387010Z,158207048282525,158207048282525,158207048282525,-1,-1,ok,
exp_copy_xcdr__py_to_py__1000000B__10Hz__shmem_ds__best_effort,publish,pub,py_to_py,copy,exp,xcdr,shmem_ds,1000000,10,1,measured,23,2026-09-09T14:43:33.486398Z,158207147889096,158207147889096,158207147889096,-1,-1,ok,
exp_copy_xcdr__py_to_py__1000000B__10Hz__shmem_ds__best_effort,publish,pub,py_to_py,copy,exp,xcdr,shmem_ds,1000000,10,1,measured,24,2026-09-09T14:43:33.585959Z,158207247262825,158207247262825,158207247262825,-1,-1,ok,
exp_copy_xcdr__py_to_py__1000000B__10Hz__shmem_ds__best_effort,publish,pub,py_to_py,copy,exp,xcdr,shmem_ds,1000000,10,1,measured,25,2026-09-09T14:43:33.686447Z,158207348068295,158207348068295,158207348068295,-1,-1,ok,
exp_copy_xcdr__py_to_py__1000000B__10Hz__shmem_ds__best_effort,publish,pub,py_to_py,copy,exp,xcdr,shmem_ds,1000000,10,1,measured,26,2026-09-09T14:43:33.786055Z,158207447750589,158207447750589,158207447750589,-1,-1,ok,
exp_copy_xcdr__py_to_py__1000000B__10Hz__shmem_ds__best_effort,publish,pub,py_to_py,copy,exp,xcdr,shmem_ds,1000000,10,1,measured,27,2026-09-09T14:43:33.885379Z,158207546944799,158207546944799,158207546944799,-1,-1,ok,
exp_copy_xcdr__py_to_py__1000000B__10Hz__shmem_ds__best_effort,publish,pub,py_to_py,copy,exp,xcdr,shmem_ds,1000000,10,1,measured,28,2026-09-09T14:43:33.984581Z,158207646166250,158207646166250,158207646166250,-1,-1,ok,
exp_copy_xcdr__py_to_py__1000000B__10Hz__shmem_ds__best_effort,publish,pub,py_to_py,copy,exp,xcdr,shmem_ds,1000000,10,1,measured,29,2026-09-09T14:43:34.085175Z,158207746826014,158207746826014,158207746826014,-1,-1,ok,
exp_copy_xcdr__py_to_py__1000000B__10Hz__shmem_ds__best_effort,publish,pub,py_to_py,copy,exp,xcdr,shmem_ds,1000000,10,1,measured,30,2026-09-09T14:43:34.185359Z,158207847054855,158207847054855,158207847054855,-1,-1,ok,
exp_copy_xcdr__py_to_py__1000000B__10Hz__shmem_ds__best_effort,publish,pub,py_to_py,copy,exp,xcdr,shmem_ds,1000000,10,1,measured,31,2026-09-09T14:43:34.285829Z,158207947621334,158207947621334,158207947621334,-1,-1,ok,
exp_copy_xcdr__py_to_py__1000000B__10Hz__shmem_ds__best_effort,publish,pub,py_to_py,copy,exp,xcdr,shmem_ds,1000000,10,1,measured,32,2026-09-09T14:43:34.386252Z,158208048061122,158208048061122,158208048061122,-1,-1,ok,
exp_copy_xcdr__py_to_py__1000000B__10Hz__shmem_ds__best_effort,publish,pub,py_to_py,copy,exp,xcdr,shmem_ds,1000000,10,1,measured,33,2026-09-09T14:43:34.486280Z,158208148147852,158208148147852,158208148147852,-1,-1,ok,
exp_copy_xcdr__py_to_py__1000000B__10Hz__shmem_ds__best_effort,publish,pub,py_to_py,copy,exp,xcdr,shmem_ds,1000000,10,1,measured,34,2026-09-09T14:43:34.587895Z,158208249231019,158208249231019,158208249231019,-1,-1,ok,
exp_copy_xcdr__py_to_py__1000000B__10Hz__shmem_ds__best_effort,publish,pub,py_to_py,copy,exp,xcdr,shmem_ds,1000000,10,1,measured,35,2026-09-09T14:43:34.687378Z,158208348867397,158208348867397,158208348867397,-1,-1,ok,
exp_copy_xcdr__py_to_py__1000000B__10Hz__shmem_ds__best_effort,publish,pub,py_to_py,copy,exp,xcdr,shmem_ds,1000000,10,1,measured,36,2026-09-09T14:43:34.787358Z,158208449012738,158208449012738,158208449012738,-1,-1,ok,
exp_copy_xcdr__py_to_py__1000000B__10Hz__shmem_ds__best_effort,publish,pub,py_to_py,copy,exp,xcdr,shmem_ds,1000000,10,1,measured,37,2026-09-09T14:43:34.887933Z,158208549650422,158208549650422,158208549650422,-1,-1,ok,
exp_copy_xcdr__py_to_py__1000000B__10Hz__shmem_ds__best_effort,publish,pub,py_to_py,copy,exp,xcdr,shmem_ds,1000000,10,1,measured,38,2026-09-09T14:43:34.988571Z,158208649948692,158208649948692,158208649948692,-1,-1,ok,
exp_copy_xcdr__py_to_py__1000000B__10Hz__shmem_ds__best_effort,publish,pub,py_to_py,copy,exp,xcdr,shmem_ds,1000000,10,1,measured,39,2026-09-09T14:43:35.089141Z,158208750640289,158208750640289,158208750640289,-1,-1,ok,
exp_copy_xcdr__py_to_py__1000000B__10Hz__shmem_ds__best_effort,publish,pub,py_to_py,copy,exp,xcdr,shmem_ds,1000000,10,1,measured,40,2026-09-09T14:43:35.189163Z,158208850777866,158208850777866,158208850777866,-1,-1,ok,
exp_copy_xcdr__py_to_py__1000000B__10Hz__shmem_ds__best_effort,publish,pub,py_to_py,copy,exp,xcdr,shmem_ds,1000000,10,1,measured,41,2026-09-09T14:43:35.289340Z,158208951167320,158208951167320,158208951167320,-1,-1,ok,
exp_copy_xcdr__py_to_py__1000000B__10Hz__shmem_ds__best_effort,publish,pub,py_to_py,copy,exp,xcdr,shmem_ds,1000000,10,1,measured,42,2026-09-09T14:43:35.388264Z,158209050213329,158209050213329,158209050213329,-1,-1,ok,
exp_copy_xcdr__py_to_py__1000000B__10Hz__shmem_ds__best_effort,publish,pub,py_to_py,copy,exp,xcdr,shmem_ds,1000000,10,1,measured,43,2026-09-09T14:43:35.487726Z,158209149674375,158209149674375,158209149674375,-1,-1,ok,
exp_copy_xcdr__py_to_py__1000000B__10Hz__shmem_ds__best_effort,publish,pub,py_to_py,copy,exp,xcdr,shmem_ds,1000000,10,1,measured,44,2026-09-09T14:43:35.587972Z,158209249397528,158209249397528,158209249397528,-1,-1,ok,
exp_copy_xcdr__py_to_py__1000000B__10Hz__shmem_ds__best_effort,publish,pub,py_to_py,copy,exp,xcdr,shmem_ds,1000000,10,1,measured,45,2026-09-09T14:43:35.686625Z,158209348457764,158209348457764,158209348457764,-1,-1,ok,
exp_copy_xcdr__py_to_py__1000000B__10Hz__shmem_ds__best_effort,publish,pub,py_to_py,copy,exp,xcdr,shmem_ds,1000000,10,1,measured,46,2026-09-09T14:43:35.785879Z,158209447845301,158209447845301,158209447845301,-1,-1,ok,
exp_copy_xcdr__py_to_py__1000000B__10Hz__shmem_ds__best_effort,publish,pub,py_to_py,copy,exp,xcdr,shmem_ds,1000000,10,1,measured,47,2026-09-09T14:43:35.885543Z,158209547143628,158209547143628,158209547143628,-1,-1,ok,
exp_copy_xcdr__py_to_py__1000000B__10Hz__shmem_ds__best_effort,publish,pub,py_to_py,copy,exp,xcdr,shmem_ds,1000000,10,1,measured,48,2026-09-09T14:43:35.985093Z,158209646734169,158209646734169,158209646734169,-1,-1,ok,
exp_copy_xcdr__py_to_py__1000000B__10Hz__shmem_ds__best_effort,publish,pub,py_to_py,copy,exp,xcdr,shmem_ds,1000000,10,1,measured,49,2026-09-09T14:43:36.085244Z,158209746981755,158209746981755,158209746981755,-1,-1,ok,
exp_copy_xcdr__py_to_py__1000000B__10Hz__shmem_ds__best_effort,publish,pub,py_to_py,copy,exp,xcdr,shmem_ds,1000000,10,1,measured,50,2026-09-09T14:43:36.184708Z,158209846654112,158209846654112,158209846654112,-1,-1,ok,
exp_copy_xcdr__py_to_py__1000000B__10Hz__shmem_ds__best_effort,publish,pub,py_to_py,copy,exp,xcdr,shmem_ds,1000000,10,1,measured,51,2026-09-09T14:43:36.284500Z,158209946395769,158209946395769,158209946395769,-1,-1,ok,
exp_copy_xcdr__py_to_py__1000000B__10Hz__shmem_ds__best_effort,publish,pub,py_to_py,copy,exp,xcdr,shmem_ds,1000000,10,1,measured,52,2026-09-09T14:43:36.383817Z,158210045783948,158210045783948,158210045783948,-1,-1,ok,
exp_copy_xcdr__py_to_py__1000000B__10Hz__shmem_ds__best_effort,publish,pub,py_to_py,copy,exp,xcdr,shmem_ds,1000000,10,1,measured,53,2026-09-09T14:43:36.483422Z,158210145353539,158210145353539,158210145353539,-1,-1,ok,
exp_copy_xcdr__py_to_py__1000000B__10Hz__shmem_ds__best_effort,publish,pub,py_to_py,copy,exp,xcdr,shmem_ds,1000000,10,1,measured,54,2026-09-09T14:43:36.584860Z,158210246309648,158210246309648,158210246309648,-1,-1,ok,
exp_copy_xcdr__py_to_py__1000000B__10Hz__shmem_ds__best_effort,publish,pub,py_to_py,copy,exp,xcdr,shmem_ds,1000000,10,1,measured,55,2026-09-09T14:43:36.684813Z,158210346574857,158210346574857,158210346574857,-1,-1,ok,
exp_copy_xcdr__py_to_py__1000000B__10Hz__shmem_ds__best_effort,publish,pub,py_to_py,copy,exp,xcdr,shmem_ds,1000000,10,1,measured,56,2026-09-09T14:43:36.784983Z,158210446749694,158210446749694,158210446749694,-1,-1,ok,
exp_copy_xcdr__py_to_py__1000000B__10Hz__shmem_ds__best_effort,publish,pub,py_to_py,copy,exp,xcdr,shmem_ds,1000000,10,1,measured,57,2026-09-09T14:43:36.884722Z,158210546235107,158210546235107,158210546235107,-1,-1,ok,
exp_copy_xcdr__py_to_py__1000000B__10Hz__shmem_ds__best_effort,publish,pub,py_to_py,copy,exp,xcdr,shmem_ds,1000000,10,1,measured,58,2026-09-09T14:43:36.985160Z,158210646663986,158210646663986,158210646663986,-1,-1,ok,
exp_copy_xcdr__py_to_py__1000000B__10Hz__shmem_ds__best_effort,publish,pub,py_to_py,copy,exp,xcdr,shmem_ds,1000000,10,1,measured,59,2026-09-09T14:43:37.084267Z,158210745950671,158210745950671,158210745950671,-1,-1,ok,
exp_copy_xcdr__py_to_py__1000000B__10Hz__shmem_ds__best_effort,publish,pub,py_to_py,copy,exp,xcdr,shmem_ds,1000000,10,1,measured,60,2026-09-09T14:43:37.183755Z,158210845635071,158210845635071,158210845635071,-1,-1,ok,
exp_copy_xcdr__py_to_py__1000000B__10Hz__shmem_ds__best_effort,publish,pub,py_to_py,copy,exp,xcdr,shmem_ds,1000000,10,1,measured,61,2026-09-09T14:43:37.284744Z,158210946624423,158210946624423,158210946624423,-1,-1,ok,
exp_copy_xcdr__py_to_py__1000000B__10Hz__shmem_ds__best_effort,publish,pub,py_to_py,copy,exp,xcdr,shmem_ds,1000000,10,1,measured,62,2026-09-09T14:43:37.384904Z,158211046862280,158211046862280,158211046862280,-1,-1,ok,
exp_copy_xcdr__py_to_py__1000000B__10Hz__shmem_ds__best_effort,publish,pub,py_to_py,copy,exp,xcdr,shmem_ds,1000000,10,1,measured,63,2026-09-09T14:43:37.485077Z,158211146984458,158211146984458,158211146984458,-1,-1,ok,
exp_copy_xcdr__py_to_py__1000000B__10Hz__shmem_ds__best_effort,publish,pub,py_to_py,copy,exp,xcdr,shmem_ds,1000000,10,1,measured,64,2026-09-09T14:43:37.585575Z,158211247388511,158211247388511,158211247388511,-1,-1,ok,
exp_copy_xcdr__py_to_py__1000000B__10Hz__shmem_ds__best_effort,publish,pub,py_to_py,copy,exp,xcdr,shmem_ds,1000000,10,1,measured,65,2026-09-09T14:43:37.686596Z,158211348161712,158211348161712,158211348161712,-1,-1,ok,
exp_copy_xcdr__py_to_py__1000000B__10Hz__shmem_ds__best_effort,publish,pub,py_to_py,copy,exp,xcdr,shmem_ds,1000000,10,1,measured,66,2026-09-09T14:43:37.786723Z,158211448620800,158211448620800,158211448620800,-1,-1,ok,
exp_copy_xcdr__py_to_py__1000000B__10Hz__shmem_ds__best_effort,publish,pub,py_to_py,copy,exp,xcdr,shmem_ds,1000000,10,1,measured,67,2026-09-09T14:43:37.886666Z,158211548162920,158211548162920,158211548162920,-1,-1,ok,
exp_copy_xcdr__py_to_py__1000000B__10Hz__shmem_ds__best_effort,publish,pub,py_to_py,copy,exp,xcdr,shmem_ds,1000000,10,1,measured,68,2026-09-09T14:43:37.985492Z,158211647206487,158211647206487,158211647206487,-1,-1,ok,
exp_copy_xcdr__py_to_py__1000000B__10Hz__shmem_ds__best_effort,publish,pub,py_to_py,copy,exp,xcdr,shmem_ds,1000000,10,1,measured,69,2026-09-09T14:43:38.085548Z,158211746888883,158211746888883,158211746888883,-1,-1,ok,
exp_copy_xcdr__py_to_py__1000000B__10Hz__shmem_ds__best_effort,publish,pub,py_to_py,copy,exp,xcdr,shmem_ds,1000000,10,1,measured,70,2026-09-09T14:43:38.184412Z,158211846319283,158211846319283,158211846319283,-1,-1,ok,
exp_copy_xcdr__py_to_py__1000000B__10Hz__shmem_ds__best_effort,publish,pub,py_to_py,copy,exp,xcdr,shmem_ds,1000000,10,1,measured,71,2026-09-09T14:43:38.283818Z,158211945704316,158211945704316,158211945704316,-1,-1,ok,
exp_copy_xcdr__py_to_py__1000000B__10Hz__shmem_ds__best_effort,publish,pub,py_to_py,copy,exp,xcdr,shmem_ds,1000000,10,1,measured,72,2026-09-09T14:43:38.385071Z,158212046660635,158212046660635,158212046660635,-1,-1,ok,
exp_copy_xcdr__py_to_py__1000000B__10Hz__shmem_ds__best_effort,publish,pub,py_to_py,copy,exp,xcdr,shmem_ds,1000000,10,1,measured,73,2026-09-09T14:43:38.485529Z,158212147381598,158212147381598,158212147381598,-1,-1,ok,
exp_copy_xcdr__py_to_py__1000000B__10Hz__shmem_ds__best_effort,publish,pub,py_to_py,copy,exp,xcdr,shmem_ds,1000000,10,1,measured,74,2026-09-09T14:43:38.585332Z,158212247045500,158212247045500,158212247045500,-1,-1,ok,
exp_copy_xcdr__py_to_py__1000000B__10Hz__shmem_ds__best_effort,publish,pub,py_to_py,copy,exp,xcdr,shmem_ds,1000000,10,1,measured,75,2026-09-09T14:43:38.685647Z,158212347380062,158212347380062,158212347380062,-1,-1,ok,
exp_copy_xcdr__py_to_py__1000000B__10Hz__shmem_ds__best_effort,publish,pub,py_to_py,copy,exp,xcdr,shmem_ds,1000000,10,1,measured,76,2026-09-09T14:43:38.785336Z,158212447147429,158212447147429,158212447147429,-1,-1,ok,
exp_copy_xcdr__py_to_py__1000000B__10Hz__shmem_ds__best_effort,publish,pub,py_to_py,copy,exp,xcdr,shmem_ds,1000000,10,1,measured,77,2026-09-09T14:43:38.886552Z,158212548030269,158212548030269,158212548030269,-1,-1,ok,
exp_copy_xcdr__py_to_py__1000000B__10Hz__shmem_ds__best_effort,publish,pub,py_to_py,copy,exp,xcdr,shmem_ds,1000000,10,1,measured,78,2026-09-09T14:43:38.986350Z,158212647931551,158212647931551,158212647931551,-1,-1,ok,
exp_copy_xcdr__py_to_py__1000000B__10Hz__shmem_ds__best_effort,publish,pub,py_to_py,copy,exp,xcdr,shmem_ds,1000000,10,1,measured,79,2026-09-09T14:43:39.085796Z,158212747454314,158212747454314,158212747454314,-1,-1,ok,
exp_copy_xcdr__py_to_py__1000000B__10Hz__shmem_ds__best_effort,publish,pub,py_to_py,copy,exp,xcdr,shmem_ds,1000000,10,1,measured,80,2026-09-09T14:43:39.185018Z,158212846894563,158212846894563,158212846894563,-1,-1,ok,
exp_copy_xcdr__py_to_py__1000000B__10Hz__shmem_ds__best_effort,publish,pub,py_to_py,copy,exp,xcdr,shmem_ds,1000000,10,1,measured,81,2026-09-09T14:43:39.285111Z,158212946986104,158212946986104,158212946986104,-1,-1,ok,
exp_copy_xcdr__py_to_py__1000000B__10Hz__shmem_ds__best_effort,publish,pub,py_to_py,copy,exp,xcdr,shmem_ds,1000000,10,1,measured,82,2026-09-09T14:43:39.384571Z,158213046491214,158213046491214,158213046491214,-1,-1,ok,
exp_copy_xcdr__py_to_py__1000000B__10Hz__shmem_ds__best_effort,publish,pub,py_to_py,copy,exp,xcdr,shmem_ds,1000000,10,1,measured,83,2026-09-09T14:43:39.484892Z,158213146697144,158213146697144,158213146697144,-1,-1,ok,
exp_copy_xcdr__py_to_py__1000000B__10Hz__shmem_ds__best_effort,publish,pub,py_to_py,copy,exp,xcdr,shmem_ds,1000000,10,1,measured,84,2026-09-09T14:43:39.585762Z,158213247572249,158213247572249,158213247572249,-1,-1,ok,
exp_copy_xcdr__py_to_py__1000000B__10Hz__shmem_ds__best_effort,publish,pub,py_to_py,copy,exp,xcdr,shmem_ds,1000000,10,1,measured,85,2026-09-09T14:43:39.685483Z,158213347319268,158213347319268,158213347319268,-1,-1,ok,
exp_copy_xcdr__py_to_py__1000000B__10Hz__shmem_ds__best_effort,publish,pub,py_to_py,copy,exp,xcdr,shmem_ds,1000000,10,1,measured,86,2026-09-09T14:43:39.784718Z,158213446688142,158213446688142,158213446688142,-1,-1,ok,
exp_copy_xcdr__py_to_py__1000000B__10Hz__shmem_ds__best_effort,publish,pub,py_to_py,copy,exp,xcdr,shmem_ds,1000000,10,1,measured,87,2026-09-09T14:43:39.886260Z,158213547775199,158213547775199,158213547775199,-1,-1,ok,
exp_copy_xcdr__py_to_py__1000000B__10Hz__shmem_ds__best_effort,publish,pub,py_to_py,copy,exp,xcdr,shmem_ds,1000000,10,1,measured,88,2026-09-09T14:43:39.986155Z,158213647807269,158213647807269,158213647807269,-1,-1,ok,
exp_copy_xcdr__py_to_py__1000000B__10Hz__shmem_ds__best_effort,publish,pub,py_to_py,copy,exp,xcdr,shmem_ds,1000000,10,1,measured,89,2026-09-09T14:43:40.085184Z,158213746936558,158213746936558,158213746936558,-1,-1,ok,
exp_copy_xcdr__py_to_py__1000000B__10Hz__shmem_ds__best_effort,publish,pub,py_to_py,copy,exp,xcdr,shmem_ds,1000000,10,1,measured,90,2026-09-09T14:43:40.184092Z,158213845990957,158213845990957,158213845990957,-1,-1,ok,
exp_copy_xcdr__py_to_py__1000000B__10Hz__shmem_ds__best_effort,publish,pub,py_to_py,copy,exp,xcdr,shmem_ds,1000000,10,1,measured,91,2026-09-09T14:43:40.283272Z,158213945198154,158213945198154,158213945198154,-1,-1,ok,
exp_copy_xcdr__py_to_py__1000000B__10Hz__shmem_ds__best_effort,publish,pub,py_to_py,copy,exp,xcdr,shmem_ds,1000000,10,1,measured,92,2026-09-09T14:43:40.383449Z,158214045432165,158214045432165,158214045432165,-1,-1,ok,
exp_copy_xcdr__py_to_py__1000000B__10Hz__shmem_ds__best_effort,publish,pub,py_to_py,copy,exp,xcdr,shmem_ds,1000000,10,1,measured,93,2026-09-09T14:43:40.484071Z,158214146024166,158214146024166,158214146024166,-1,-1,ok,
exp_copy_xcdr__py_to_py__1000000B__10Hz__shmem_ds__best_effort,publish,pub,py_to_py,copy,exp,xcdr,shmem_ds,1000000,10,1,measured,94,2026-09-09T14:43:40.584535Z,158214246024065,158214246024065,158214246024065,-1,-1,ok,
exp_copy_xcdr__py_to_py__1000000B__10Hz__shmem_ds__best_effort,publish,pub,py_to_py,copy,exp,xcdr,shmem_ds,1000000,10,1,measured,95,2026-09-09T14:43:40.683232Z,158214345060739,158214345060739,158214345060739,-1,-1,ok,
exp_copy_xcdr__py_to_py__1000000B__10Hz__shmem_ds__best_effort,publish,pub,py_to_py,copy,exp,xcdr,shmem_ds,1000000,10,1,measured,96,2026-09-09T14:43:40.783089Z,158214444827587,158214444827587,158214444827587,-1,-1,ok,
exp_copy_xcdr__py_to_py__1000000B__10Hz__shmem_ds__best_effort,publish,pub,py_to_py,copy,exp,xcdr,shmem_ds,1000000,10,1,measured,97,2026-09-09T14:43:40.884426Z,158214545911428,158214545911428,158214545911428,-1,-1,ok,
exp_copy_xcdr__py_to_py__1000000B__10Hz__shmem_ds__best_effort,publish,pub,py_to_py,copy,exp,xcdr,shmem_ds,1000000,10,1,measured,98,2026-09-09T14:43:40.984374Z,158214645946073,158214645946073,158214645946073,-1,-1,ok,
exp_copy_xcdr__py_to_py__1000000B__10Hz__shmem_ds__best_effort,publish,pub,py_to_py,copy,exp,xcdr,shmem_ds,1000000,10,1,measured,99,2026-09-09T14:43:41.085506Z,158214746889339,158214746889339,158214746889339,-1,-1,ok,
exp_copy_xcdr__py_to_py__1000000B__10Hz__shmem_ds__best_effort,publish,pub,py_to_py,copy,exp,xcdr,shmem_ds,1000000,10,1,measured,100,2026-09-09T14:43:41.186315Z,158214847624100,158214847624100,158214847624100,-1,-1,ok,
exp_copy_xcdr__py_to_py__1000000B__10Hz__shmem_ds__best_effort,publish,pub,py_to_py,copy,exp,xcdr,shmem_ds,1000000,10,1,measured,101,2026-09-09T14:43:41.284734Z,158214946585733,158214946585733,158214946585733,-1,-1,ok,
exp_copy_xcdr__py_to_py__1000000B__10Hz__shmem_ds__best_effort,publish,pub,py_to_py,copy,exp,xcdr,shmem_ds,1000000,10,1,measured,102,2026-09-09T14:43:41.385377Z,158215047025655,158215047025655,158215047025655,-1,-1,ok,
exp_copy_xcdr__py_to_py__1000000B__10Hz__shmem_ds__best_effort,publish,pub,py_to_py,copy,exp,xcdr,shmem_ds,1000000,10,1,measured,103,2026-09-09T14:43:41.485422Z,158215147331224,158215147331224,158215147331224,-1,-1,ok,
exp_copy_xcdr__py_to_py__1000000B__10Hz__shmem_ds__best_effort,publish,pub,py_to_py,copy,exp,xcdr,shmem_ds,1000000,10,1,measured,104,2026-09-09T14:43:41.585704Z,158215247473703,158215247473703,158215247473703,-1,-1,ok,
exp_copy_xcdr__py_to_py__1000000B__10Hz__shmem_ds__best_effort,publish,pub,py_to_py,copy,exp,xcdr,shmem_ds,1000000,10,1,measured,105,2026-09-09T14:43:41.685260Z,158215347026546,158215347026546,158215347026546,-1,-1,ok,
exp_copy_xcdr__py_to_py__1000000B__10Hz__shmem_ds__best_effort,publish,pub,py_to_py,copy,exp,xcdr,shmem_ds,1000000,10,1,measured,106,2026-09-09T14:43:41.785449Z,158215447256050,158215447256050,158215447256050,-1,-1,ok,
exp_copy_xcdr__py_to_py__1000000B__10Hz__shmem_ds__best_effort,publish,pub,py_to_py,copy,exp,xcdr,shmem_ds,1000000,10,1,measured,107,2026-09-09T14:43:41.885108Z,158215546557326,158215546557326,158215546557326,-1,-1,ok,
exp_copy_xcdr__py_to_py__1000000B__10Hz__shmem_ds__best_effort,publish,pub,py_to_py,copy,exp,xcdr,shmem_ds,1000000,10,1,measured,108,2026-09-09T14:43:41.984897Z,158215646416168,158215646416168,158215646416168,-1,-1,ok,
exp_copy_xcdr__py_to_py__1000000B__10Hz__shmem_ds__best_effort,publish,pub,py_to_py,copy,exp,xcdr,shmem_ds,1000000,10,1,measured,109,2026-09-09T14:43:42.084414Z,158215746259340,158215746259340,158215746259340,-1,-1,ok,
exp_copy_xcdr__py_to_py__1000000B__10Hz__shmem_ds__best_effort,publish,pub,py_to_py,copy,exp,xcdr,shmem_ds,1000000,10,1,measured,110,2026-09-09T14:43:42.185535Z,158215847210132,158215847210132,158215847210132,-1,-1,ok,
exp_copy_xcdr__py_to_py__1000000B__10Hz__shmem_ds__best_effort,publish,pub,py_to_py,copy,exp,xcdr,shmem_ds,1000000,10,1,measured,111,2026-09-09T14:43:42.285939Z,158215947876363,158215947876363,158215947876363,-1,-1,ok,
exp_copy_xcdr__py_to_py__1000000B__10Hz__shmem_ds__best_effort,publish,pub,py_to_py,copy,exp,xcdr,shmem_ds,1000000,10,1,measured,112,2026-09-09T14:43:42.385500Z,158216047394781,158216047394781,158216047394781,-1,-1,ok,
exp_copy_xcdr__py_to_py__1000000B__10Hz__shmem_ds__best_effort,publish,pub,py_to_py,copy,exp,xcdr,shmem_ds,1000000,10,1,measured,113,2026-09-09T14:43:42.485387Z,158216147376697,158216147376697,158216147376697,-1,-1,ok,
exp_copy_xcdr__py_to_py__1000000B__10Hz__shmem_ds__best_effort,publish,pub,py_to_py,copy,exp,xcdr,shmem_ds,1000000,10,1,measured,114,2026-09-09T14:43:42.585378Z,158216246865379,158216246865379,158216246865379,-1,-1,ok,
exp_copy_xcdr__py_to_py__1000000B__10Hz__shmem_ds__best_effort,publish,pub,py_to_py,copy,exp,xcdr,shmem_ds,1000000,10,1,measured,115,2026-09-09T14:43:42.685693Z,158216347604027,158216347604027,158216347604027,-1,-1,ok,
exp_copy_xcdr__py_to_py__1000000B__10Hz__shmem_ds__best_effort,publish,pub,py_to_py,copy,exp,xcdr,shmem_ds,1000000,10,1,measured,116,2026-09-09T14:43:42.786567Z,158216448363296,158216448363296,158216448363296,-1,-1,ok,
exp_copy_xcdr__py_to_py__1000000B__10Hz__shmem_ds__best_effort,publish,pub,py_to_py,copy,exp,xcdr,shmem_ds,1000000,10,1,measured,117,2026-09-09T14:43:42.886511Z,158216548056353,158216548056353,158216548056353,-1,-1,ok,
exp_copy_xcdr__py_to_py__1000000B__10Hz__shmem_ds__best_effort,publish,pub,py_to_py,copy,exp,xcdr,shmem_ds,1000000,10,1,measured,118,2026-09-09T14:43:42.986732Z,158216648315706,158216648315706,158216648315706,-1,-1,ok,
exp_copy_xcdr__py_to_py__1000000B__10Hz__shmem_ds__best_effort,publish,pub,py_to_py,copy,exp,xcdr,shmem_ds,1000000,10,1,measured,119,2026-09-09T14:43:43.086682Z,158216748488132,158216748488132,158216748488132,-1,-1,ok,
exp_copy_xcdr__py_to_py__1000000B__10Hz__shmem_ds__best_effort,publish,pub,py_to_py,copy,exp,xcdr,shmem_ds,1000000,10,1,measured,120,2026-09-09T14:43:43.186012Z,158216847771806,158216847771806,158216847771806,-1,-1,ok,
exp_copy_xcdr__py_to_py__1000000B__10Hz__shmem_ds__best_effort,publish,pub,py_to_py,copy,exp,xcdr,shmem_ds,1000000,10,1,measured,121,2026-09-09T14:43:43.286288Z,158216948240063,158216948240063,158216948240063,-1,-1,ok,
exp_copy_xcdr__py_to_py__1000000B__10Hz__shmem_ds__best_effort,publish,pub,py_to_py,copy,exp,xcdr,shmem_ds,1000000,10,1,measured,122,2026-09-09T14:43:43.386431Z,158217048333059,158217048333059,158217048333059,-1,-1,ok,
exp_copy_xcdr__py_to_py__1000000B__10Hz__shmem_ds__best_effort,publish,pub,py_to_py,copy,exp,xcdr,shmem_ds,1000000,10,1,measured,123,2026-09-09T14:43:43.486956Z,158217148875037,158217148875037,158217148875037,-1,-1,ok,
exp_copy_xcdr__py_to_py__1000000B__10Hz__shmem_ds__best_effort,publish,pub,py_to_py,copy,exp,xcdr,shmem_ds,1000000,10,1,measured,124,2026-09-09T14:43:43.587191Z,158217248982110,158217248982110,158217248982110,-1,-1,ok,
exp_copy_xcdr__py_to_py__1000000B__10Hz__shmem_ds__best_effort,publish,pub,py_to_py,copy,exp,xcdr,shmem_ds,1000000,10,1,measured,125,2026-09-09T14:43:43.686369Z,158217348050435,158217348050435,158217348050435,-1,-1,ok,
exp_copy_xcdr__py_to_py__1000000B__10Hz__shmem_ds__best_effort,publish,pub,py_to_py,copy,exp,xcdr,shmem_ds,1000000,10,1,measured,126,2026-09-09T14:43:43.785731Z,158217447611305,158217447611305,158217447611305,-1,-1,ok,
exp_copy_xcdr__py_to_py__1000000B__10Hz__shmem_ds__best_effort,publish,pub,py_to_py,copy,exp,xcdr,shmem_ds,1000000,10,1,measured,127,2026-09-09T14:43:43.885124Z,158217546714377,158217546714377,158217546714377,-1,-1,ok,
exp_copy_xcdr__py_to_py__1000000B__10Hz__shmem_ds__best_effort,publish,pub,py_to_py,copy,exp,xcdr,shmem_ds,1000000,10,1,measured,128,2026-09-09T14:43:43.985886Z,158217647574927,158217647574927,158217647574927,-1,-1,ok,
exp_copy_xcdr__py_to_py__1000000B__10Hz__shmem_ds__best_effort,publish,pub,py_to_py,copy,exp,xcdr,shmem_ds,1000000,10,1,measured,129,2026-09-09T14:43:44.086785Z,158217748312996,158217748312996,158217748312996,-1,-1,ok,
exp_copy_xcdr__py_to_py__1000000B__10Hz__shmem_ds__best_effort,publish,pub,py_to_py,copy,exp,xcdr,shmem_ds,1000000,10,1,measured,130,2026-09-09T14:43:44.187155Z,158217848955633,158217848955633,158217848955633,-1,-1,ok,
exp_copy_xcdr__py_to_py__1000000B__10Hz__shmem_ds__best_effort,publish,pub,py_to_py,copy,exp,xcdr,shmem_ds,1000000,10,1,measured,131,2026-09-09T14:43:44.286545Z,158217948510502,158217948510502,158217948510502,-1,-1,ok,
exp_copy_xcdr__py_to_py__1000000B__10Hz__shmem_ds__best_effort,publish,pub,py_to_py,copy,exp,xcdr,shmem_ds,1000000,10,1,measured,132,2026-09-09T14:43:44.385780Z,158218047643530,158218047643530,158218047643530,-1,-1,ok,
exp_copy_xcdr__py_to_py__1000000B__10Hz__shmem_ds__best_effort,publish,pub,py_to_py,copy,exp,xcdr,shmem_ds,1000000,10,1,measured,133,2026-09-09T14:43:44.486410Z,158218148378524,158218148378524,158218148378524,-1,-1,ok,
exp_copy_xcdr__py_to_py__1000000B__10Hz__shmem_ds__best_effort,publish,pub,py_to_py,copy,exp,xcdr,shmem_ds,1000000,10,1,measured,134,2026-09-09T14:43:44.587589Z,158218249342430,158218249342430,158218249342430,-1,-1,ok,
exp_copy_xcdr__py_to_py__1000000B__10Hz__shmem_ds__best_effort,publish,pub,py_to_py,copy,exp,xcdr,shmem_ds,1000000,10,1,measured,135,2026-09-09T14:43:44.687026Z,158218348568234,158218348568234,158218348568234,-1,-1,ok,
exp_copy_xcdr__py_to_py__1000000B__10Hz__shmem_ds__best_effort,publish,pub,py_to_py,copy,exp,xcdr,shmem_ds,1000000,10,1,measured,136,2026-09-09T14:43:44.786955Z,158218448615455,158218448615455,158218448615455,-1,-1,ok,
exp_copy_xcdr__py_to_py__1000000B__10Hz__shmem_ds__best_effort,publish,pub,py_to_py,copy,exp,xcdr,shmem_ds,1000000,10,1,measured,137,2026-09-09T14:43:44.886099Z,158218547666999,158218547666999,158218547666999,-1,-1,ok,
exp_copy_xcdr__py_to_py__1000000B__10Hz__shmem_ds__best_effort,publish,pub,py_to_py,copy,exp,xcdr,shmem_ds,1000000,10,1,measured,138,2026-09-09T14:43:44.986764Z,158218648226941,158218648226941,158218648226941,-1,-1,ok,
exp_copy_xcdr__py_to_py__1000000B__10Hz__shmem_ds__best_effort,publish,pub,py_to_py,copy,exp,xcdr,shmem_ds,1000000,10,1,measured,139,2026-09-09T14:43:45.086855Z,158218748674780,158218748674780,158218748674780,-1,-1,ok,
exp_copy_xcdr__py_to_py__1000000B__10Hz__shmem_ds__best_effort,publish,pub,py_to_py,copy,exp,xcdr,shmem_ds,1000000,10,1,measured,140,2026-09-09T14:43:45.186273Z,158218847944689,158218847944689,158218847944689,-1,-1,ok,
exp_copy_xcdr__py_to_py__1000000B__10Hz__shmem_ds__best_effort,publish,pub,py_to_py,copy,exp,xcdr,shmem_ds,1000000,10,1,measured,141,2026-09-09T14:43:45.285943Z,158218947834663,158218947834663,158218947834663,-1,-1,ok,
exp_copy_xcdr__py_to_py__1000000B__10Hz__shmem_ds__best_effort,publish,pub,py_to_py,copy,exp,xcdr,shmem_ds,1000000,10,1,measured,142,2026-09-09T14:43:45.386668Z,158219048076352,158219048076352,158219048076352,-1,-1,ok,
exp_copy_xcdr__py_to_py__1000000B__10Hz__shmem_ds__best_effort,publish,pub,py_to_py,copy,exp,xcdr,shmem_ds,1000000,10,1,measured,143,2026-09-09T14:43:45.485578Z,158219147496495,158219147496495,158219147496495,-1,-1,ok,
exp_copy_xcdr__py_to_py__1000000B__10Hz__shmem_ds__best_effort,publish,pub,py_to_py,copy,exp,xcdr,shmem_ds,1000000,10,1,measured,144,2026-09-09T14:43:45.586853Z,158219248324104,158219248324104,158219248324104,-1,-1,ok,
exp_copy_xcdr__py_to_py__1000000B__10Hz__shmem_ds__best_effort,publish,pub,py_to_py,copy,exp,xcdr,shmem_ds,1000000,10,1,measured,145,2026-09-09T14:43:45.686312Z,158219348067149,158219348067149,158219348067149,-1,-1,ok,
exp_copy_xcdr__py_to_py__1000000B__10Hz__shmem_ds__best_effort,publish,pub,py_to_py,copy,exp,xcdr,shmem_ds,1000000,10,1,measured,146,2026-09-09T14:43:45.785728Z,158219447521818,158219447521818,158219447521818,-1,-1,ok,
exp_copy_xcdr__py_to_py__1000000B__10Hz__shmem_ds__best_effort,publish,pub,py_to_py,copy,exp,xcdr,shmem_ds,1000000,10,1,measured,147,2026-09-09T14:43:45.886032Z,158219547625215,158219547625215,158219547625215,-1,-1,ok,
exp_copy_xcdr__py_to_py__1000000B__10Hz__shmem_ds__best_effort,publish,pub,py_to_py,copy,exp,xcdr,shmem_ds,1000000,10,1,measured,148,2026-09-09T14:43:45.986598Z,158219648136002,158219648136002,158219648136002,-1,-1,ok,
exp_copy_xcdr__py_to_py__1000000B__10Hz__shmem_ds__best_effort,publish,pub,py_to_py,copy,exp,xcdr,shmem_ds,1000000,10,1,measured,149,2026-09-09T14:43:46.085509Z,158219747434567,158219747434567,158219747434567,-1,-1,ok,
exp_copy_xcdr__py_to_py__1000000B__10Hz__shmem_ds__best_effort,publish,pub,py_to_py,copy,exp,xcdr,shmem_ds,1000000,10,1,measured,150,2026-09-09T14:43:46.185712Z,158219847141042,158219847141042,158219847141042,-1,-1,ok,
exp_copy_xcdr__py_to_py__1000000B__10Hz__shmem_ds__best_effort,publish,pub,py_to_py,copy,exp,xcdr,shmem_ds,1000000,10,1,measured,151,2026-09-09T14:43:46.286166Z,158219948060575,158219948060575,158219948060575,-1,-1,ok,
exp_copy_xcdr__py_to_py__1000000B__10Hz__shmem_ds__best_effort,publish,pub,py_to_py,copy,exp,xcdr,shmem_ds,1000000,10,1,measured,152,2026-09-09T14:43:46.386642Z,158220048372689,158220048372689,158220048372689,-1,-1,ok,
exp_copy_xcdr__py_to_py__1000000B__10Hz__shmem_ds__best_effort,publish,pub,py_to_py,copy,exp,xcdr,shmem_ds,1000000,10,1,measured,153,2026-09-09T14:43:46.486901Z,158220148320242,158220148320242,158220148320242,-1,-1,ok,
exp_copy_xcdr__py_to_py__1000000B__10Hz__shmem_ds__best_effort,publish,pub,py_to_py,copy,exp,xcdr,shmem_ds,1000000,10,1,measured,154,2026-09-09T14:43:46.586856Z,158220248354168,158220248354168,158220248354168,-1,-1,ok,
exp_copy_xcdr__py_to_py__1000000B__10Hz__shmem_ds__best_effort,publish,pub,py_to_py,copy,exp,xcdr,shmem_ds,1000000,10,1,measured,155,2026-09-09T14:43:46.686002Z,158220347609079,158220347609079,158220347609079,-1,-1,ok,
exp_copy_xcdr__py_to_py__1000000B__10Hz__shmem_ds__best_effort,publish,pub,py_to_py,copy,exp,xcdr,shmem_ds,1000000,10,1,measured,156,2026-09-09T14:43:46.785301Z,158220446973888,158220446973888,158220446973888,-1,-1,ok,
exp_copy_xcdr__py_to_py__1000000B__10Hz__shmem_ds__best_effort,publish,pub,py_to_py,copy,exp,xcdr,shmem_ds,1000000,10,1,measured,157,2026-09-09T14:43:46.885316Z,158220546721422,158220546721422,158220546721422,-1,-1,ok,
exp_copy_xcdr__py_to_py__1000000B__10Hz__shmem_ds__best_effort,publish,pub,py_to_py,copy,exp,xcdr,shmem_ds,1000000,10,1,measured,158,2026-09-09T14:43:46.985444Z,158220646929698,158220646929698,158220646929698,-1,-1,ok,
exp_copy_xcdr__py_to_py__1000000B__10Hz__shmem_ds__best_effort,publish,pub,py_to_py,copy,exp,xcdr,shmem_ds,1000000,10,1,measured,159,2026-09-09T14:43:47.084345Z,158220746264040,158220746264040,158220746264040,-1,-1,ok,
exp_copy_xcdr__py_to_py__1000000B__10Hz__shmem_ds__best_effort,publish,pub,py_to_py,copy,exp,xcdr,shmem_ds,1000000,10,1,measured,160,2026-09-09T14:43:47.183872Z,158220845706836,158220845706836,158220845706836,-1,-1,ok,
exp_copy_xcdr__py_to_py__1000000B__10Hz__shmem_ds__best_effort,publish,pub,py_to_py,copy,exp,xcdr,shmem_ds,1000000,10,1,measured,161,2026-09-09T14:43:47.283218Z,158220944887798,158220944887798,158220944887798,-1,-1,ok,
exp_copy_xcdr__py_to_py__1000000B__10Hz__shmem_ds__best_effort,publish,pub,py_to_py,copy,exp,xcdr,shmem_ds,1000000,10,1,measured,162,2026-09-09T14:43:47.383080Z,158221045055608,158221045055608,158221045055608,-1,-1,ok,
exp_copy_xcdr__py_to_py__1000000B__10Hz__shmem_ds__best_effort,publish,pub,py_to_py,copy,exp,xcdr,shmem_ds,1000000,10,1,measured,163,2026-09-09T14:43:47.483318Z,158221144678917,158221144678917,158221144678917,-1,-1,ok,
exp_copy_xcdr__py_to_py__1000000B__10Hz__shmem_ds__best_effort,publish,pub,py_to_py,copy,exp,xcdr,shmem_ds,1000000,10,1,measured,164,2026-09-09T14:43:47.583919Z,158221245476891,158221245476891,158221245476891,-1,-1,ok,
exp_copy_xcdr__py_to_py__1000000B__10Hz__shmem_ds__best_effort,publish,pub,py_to_py,copy,exp,xcdr,shmem_ds,1000000,10,1,measured,165,2026-09-09T14:43:47.684492Z,158221346161149,158221346161149,158221346161149,-1,-1,ok,
exp_copy_xcdr__py_to_py__1000000B__10Hz__shmem_ds__best_effort,publish,pub,py_to_py,copy,exp,xcdr,shmem_ds,1000000,10,1,measured,166,2026-09-09T14:43:47.783302Z,158221445264484,158221445264484,158221445264484,-1,-1,ok,
exp_copy_xcdr__py_to_py__1000000B__10Hz__shmem_ds__best_effort,publish,pub,py_to_py,copy,exp,xcdr,shmem_ds,1000000,10,1,measured,167,2026-09-09T14:43:47.883228Z,158221544782523,158221544782523,158221544782523,-1,-1,ok,
exp_copy_xcdr__py_to_py__1000000B__10Hz__shmem_ds__best_effort,publish,pub,py_to_py,copy,exp,xcdr,shmem_ds,1000000,10,1,measured,168,2026-09-09T14:43:47.983463Z,158221645129032,158221645129032,158221645129032,-1,-1,ok,
exp_copy_xcdr__py_to_py__1000000B__10Hz__shmem_ds__best_effort,publish,pub,py_to_py,copy,exp,xcdr,shmem_ds,1000000,10,1,measured,169,2026-09-09T14:43:48.082519Z,158221744435971,158221744435971,158221744435971,-1,-1,ok,
exp_copy_xcdr__py_to_py__1000000B__10Hz__shmem_ds__best_effort,publish,pub,py_to_py,copy,exp,xcdr,shmem_ds,1000000,10,1,measured,170,2026-09-09T14:43:48.181923Z,158221843752110,158221843752110,158221843752110,-1,-1,ok,
exp_copy_xcdr__py_to_py__1000000B__10Hz__shmem_ds__best_effort,publish,pub,py_to_py,copy,exp,xcdr,shmem_ds,1000000,10,1,measured,171,2026-09-09T14:43:48.282701Z,158221944602233,158221944602233,158221944602233,-1,-1,ok,
exp_copy_xcdr__py_to_py__1000000B__10Hz__shmem_ds__best_effort,publish,pub,py_to_py,copy,exp,xcdr,shmem_ds,1000000,10,1,measured,172,2026-09-09T14:43:48.382781Z,158222044733294,158222044733294,158222044733294,-1,-1,ok,
exp_copy_xcdr__py_to_py__1000000B__10Hz__shmem_ds__best_effort,publish,pub,py_to_py,copy,exp,xcdr,shmem_ds,1000000,10,1,measured,173,2026-09-09T14:43:48.482798Z,158222144689124,158222144689124,158222144689124,-1,-1,ok,
exp_copy_xcdr__py_to_py__1000000B__10Hz__shmem_ds__best_effort,publish,pub,py_to_py,copy,exp,xcdr,shmem_ds,1000000,10,1,measured,174,2026-09-09T14:43:48.583705Z,158222245322136,158222245322136,158222245322136,-1,-1,ok,
exp_copy_xcdr__py_to_py__1000000B__10Hz__shmem_ds__best_effort,publish,pub,py_to_py,copy,exp,xcdr,shmem_ds,1000000,10,1,measured,175,2026-09-09T14:43:48.684208Z,158222345930771,158222345930771,158222345930771,-1,-1,ok,
exp_copy_xcdr__py_to_py__1000000B__10Hz__shmem_ds__best_effort,publish,pub,py_to_py,copy,exp,xcdr,shmem_ds,1000000,10,1,measured,176,2026-09-09T14:43:48.783568Z,158222445304638,158222445304638,158222445304638,-1,-1,ok,
exp_copy_xcdr__py_to_py__1000000B__10Hz__shmem_ds__best_effort,publish,pub,py_to_py,copy,exp,xcdr,shmem_ds,1000000,10,1,measured,177,2026-09-09T14:43:48.883114Z,158222544548690,158222544548690,158222544548690,-1,-1,ok,
exp_copy_xcdr__py_to_py__1000000B__10Hz__shmem_ds__best_effort,publish,pub,py_to_py,copy,exp,xcdr,shmem_ds,1000000,10,1,measured,178,2026-09-09T14:43:48.982977Z,158222644455516,158222644455516,158222644455516,-1,-1,ok,
exp_copy_xcdr__py_to_py__1000000B__10Hz__shmem_ds__best_effort,publish,pub,py_to_py,copy,exp,xcdr,shmem_ds,1000000,10,1,measured,179,2026-09-09T14:43:49.082393Z,158222744219282,158222744219282,158222744219282,-1,-1,ok,
exp_copy_xcdr__py_to_py__1000000B__10Hz__shmem_ds__best_effort,publish,pub,py_to_py,copy,exp,xcdr,shmem_ds,1000000,10,1,measured,180,2026-09-09T14:43:49.182385Z,158222844147520,158222844147520,158222844147520,-1,-1,ok,
exp_copy_xcdr__py_to_py__1000000B__10Hz__shmem_ds__best_effort,publish,pub,py_to_py,copy,exp,xcdr,shmem_ds,1000000,10,1,measured,181,2026-09-09T14:43:49.282704Z,158222944568491,158222944568491,158222944568491,-1,-1,ok,
exp_copy_xcdr__py_to_py__1000000B__10Hz__shmem_ds__best_effort,publish,pub,py_to_py,copy,exp,xcdr,shmem_ds,1000000,10,1,measured,182,2026-09-09T14:43:49.383044Z,158223044907214,158223044907214,158223044907214,-1,-1,ok,
exp_copy_xcdr__py_to_py__1000000B__10Hz__shmem_ds__best_effort,publish,pub,py_to_py,copy,exp,xcdr,shmem_ds,1000000,10,1,measured,183,2026-09-09T14:43:49.484043Z,158223145876003,158223145876003,158223145876003,-1,-1,ok,
exp_copy_xcdr__py_to_py__1000000B__10Hz__shmem_ds__best_effort,publish,pub,py_to_py,copy,exp,xcdr,shmem_ds,1000000,10,1,measured,184,2026-09-09T14:43:49.583585Z,158223245135043,158223245135043,158223245135043,-1,-1,ok,
exp_copy_xcdr__py_to_py__1000000B__10Hz__shmem_ds__best_effort,publish,pub,py_to_py,copy,exp,xcdr,shmem_ds,1000000,10,1,measured,185,2026-09-09T14:43:49.683684Z,158223344992998,158223344992998,158223344992998,-1,-1,ok,
exp_copy_xcdr__py_to_py__1000000B__10Hz__shmem_ds__best_effort,publish,pub,py_to_py,copy,exp,xcdr,shmem_ds,1000000,10,1,measured,186,2026-09-09T14:43:49.782680Z,158223444582344,158223444582344,158223444582344,-1,-1,ok,
exp_copy_xcdr__py_to_py__1000000B__10Hz__shmem_ds__best_effort,publish,pub,py_to_py,copy,exp,xcdr,shmem_ds,1000000,10,1,measured,187,2026-09-09T14:43:49.883873Z,158223545369278,158223545369278,158223545369278,-1,-1,ok,
exp_copy_xcdr__py_to_py__1000000B__10Hz__shmem_ds__best_effort,publish,pub,py_to_py,copy,exp,xcdr,shmem_ds,1000000,10,1,measured,188,2026-09-09T14:43:49.983212Z,158223644862441,158223644862441,158223644862441,-1,-1,ok,
exp_copy_xcdr__py_to_py__1000000B__10Hz__shmem_ds__best_effort,publish,pub,py_to_py,copy,exp,xcdr,shmem_ds,1000000,10,1,measured,189,2026-09-09T14:43:50.082300Z,158223744168042,158223744168042,158223744168042,-1,-1,ok,
exp_copy_xcdr__py_to_py__1000000B__10Hz__shmem_ds__best_effort,publish,pub,py_to_py,copy,exp,xcdr,shmem_ds,1000000,10,1,measured,190,2026-09-09T14:43:50.182227Z,158223844063688,158223844063688,158223844063688,-1,-1,ok,
exp_copy_xcdr__py_to_py__1000000B__10Hz__shmem_ds__best_effort,publish,pub,py_to_py,copy,exp,xcdr,shmem_ds,1000000,10,1,measured,191,2026-09-09T14:43:50.282042Z,158223943897918,158223943897918,158223943897918,-1,-1,ok,
exp_copy_xcdr__py_to_py__1000000B__10Hz__shmem_ds__best_effort,publish,pub,py_to_py,copy,exp,xcdr,shmem_ds,1000000,10,1,measured,192,2026-09-09T14:43:50.381754Z,158224043487955,158224043487955,158224043487955,-1,-1,ok,
exp_copy_xcdr__py_to_py__1000000B__10Hz__shmem_ds__best_effort,publish,pub,py_to_py,copy,exp,xcdr,shmem_ds,1000000,10,1,measured,193,2026-09-09T14:43:50.481094Z,158224142962534,158224142962534,158224142962534,-1,-1,ok,
exp_copy_xcdr__py_to_py__1000000B__10Hz__shmem_ds__best_effort,publish,pub,py_to_py,copy,exp,xcdr,shmem_ds,1000000,10,1,measured,194,2026-09-09T14:43:50.582024Z,158224243852132,158224243852132,158224243852132,-1,-1,ok,
exp_copy_xcdr__py_to_py__1000000B__10Hz__shmem_ds__best_effort,publish,pub,py_to_py,copy,exp,xcdr,shmem_ds,1000000,10,1,measured,195,2026-09-09T14:43:50.682083Z,158224343739473,158224343739473,158224343739473,-1,-1,ok,
exp_copy_xcdr__py_to_py__1000000B__10Hz__shmem_ds__best_effort,publish,pub,py_to_py,copy,exp,xcdr,shmem_ds,1000000,10,1,measured,196,2026-09-09T14:43:50.782696Z,158224444452167,158224444452167,158224444452167,-1,-1,ok,
exp_copy_xcdr__py_to_py__1000000B__10Hz__shmem_ds__best_effort,publish,pub,py_to_py,copy,exp,xcdr,shmem_ds,1000000,10,1,measured,197,2026-09-09T14:43:50.883123Z,158224544622303,158224544622303,158224544622303,-1,-1,ok,
exp_copy_xcdr__py_to_py__1000000B__10Hz__shmem_ds__best_effort,publish,pub,py_to_py,copy,exp,xcdr,shmem_ds,1000000,10,1,measured,198,2026-09-09T14:43:50.982154Z,158224643719056,158224643719056,158224643719056,-1,-1,ok,
exp_copy_xcdr__py_to_py__1000000B__10Hz__shmem_ds__best_effort,publish,pub,py_to_py,copy,exp,xcdr,shmem_ds,1000000,10,1,measured,199,2026-09-09T14:43:51.082819Z,158224744645315,158224744645315,158224744645315,-1,-1,ok,
exp_copy_xcdr__py_to_py__1000000B__10Hz__shmem_ds__best_effort,publish,pub,py_to_py,copy,exp,xcdr,shmem_ds,1000000,10,1,measured,200,2026-09-09T14:43:51.183645Z,158224845329356,158224845329356,158224845329356,-1,-1,ok,
exp_copy_xcdr__py_to_py__1000000B__10Hz__shmem_ds__best_effort,publish,pub,py_to_py,copy,exp,xcdr,shmem_ds,1000000,10,1,measured,201,2026-09-09T14:43:51.284343Z,158224946228141,158224946228141,158224946228141,-1,-1,ok,
exp_copy_xcdr__py_to_py__1000000B__10Hz__shmem_ds__best_effort,publish,pub,py_to_py,copy,exp,xcdr,shmem_ds,1000000,10,1,measured,202,2026-09-09T14:43:51.385085Z,158225047048380,158225047048380,158225047048380,-1,-1,ok,
exp_copy_xcdr__py_to_py__1000000B__10Hz__shmem_ds__best_effort,publish,pub,py_to_py,copy,exp,xcdr,shmem_ds,1000000,10,1,measured,203,2026-09-09T14:43:51.485934Z,158225147776393,158225147776393,158225147776393,-1,-1,ok,
exp_copy_xcdr__py_to_py__1000000B__10Hz__shmem_ds__best_effort,publish,pub,py_to_py,copy,exp,xcdr,shmem_ds,1000000,10,1,measured,204,2026-09-09T14:43:51.585557Z,158225247168157,158225247168157,158225247168157,-1,-1,ok,
exp_copy_xcdr__py_to_py__1000000B__10Hz__shmem_ds__best_effort,publish,pub,py_to_py,copy,exp,xcdr,shmem_ds,1000000,10,1,measured,205,2026-09-09T14:43:51.685515Z,158225347150026,158225347150026,158225347150026,-1,-1,ok,
exp_copy_xcdr__py_to_py__1000000B__10Hz__shmem_ds__best_effort,publish,pub,py_to_py,copy,exp,xcdr,shmem_ds,1000000,10,1,measured,206,2026-09-09T14:43:51.784553Z,158225446503265,158225446503265,158225446503265,-1,-1,ok,
exp_copy_xcdr__py_to_py__1000000B__10Hz__shmem_ds__best_effort,publish,pub,py_to_py,copy,exp,xcdr,shmem_ds,1000000,10,1,measured,207,2026-09-09T14:43:51.884563Z,158225546353296,158225546353296,158225546353296,-1,-1,ok,
exp_copy_xcdr__py_to_py__1000000B__10Hz__shmem_ds__best_effort,publish,pub,py_to_py,copy,exp,xcdr,shmem_ds,1000000,10,1,measured,208,2026-09-09T14:43:51.983903Z,158225645500125,158225645500125,158225645500125,-1,-1,ok,
exp_copy_xcdr__py_to_py__1000000B__10Hz__shmem_ds__best_effort,publish,pub,py_to_py,copy,exp,xcdr,shmem_ds,1000000,10,1,measured,209,2026-09-09T14:43:52.083336Z,158225745206643,158225745206643,158225745206643,-1,-1,ok,
exp_copy_xcdr__py_to_py__1000000B__10Hz__shmem_ds__best_effort,publish,pub,py_to_py,copy,exp,xcdr,shmem_ds,1000000,10,1,measured,210,2026-09-09T14:43:52.184392Z,158225846174471,158225846174471,158225846174471,-1,-1,ok,
exp_copy_xcdr__py_to_py__1000000B__10Hz__shmem_ds__best_effort,publish,pub,py_to_py,copy,exp,xcdr,shmem_ds,1000000,10,1,measured,211,2026-09-09T14:43:52.283799Z,158225945677034,158225945677034,158225945677034,-1,-1,ok,
exp_copy_xcdr__py_to_py__1000000B__10Hz__shmem_ds__best_effort,publish,pub,py_to_py,copy,exp,xcdr,shmem_ds,1000000,10,1,measured,212,2026-09-09T14:43:52.384249Z,158226046215158,158226046215158,158226046215158,-1,-1,ok,
exp_copy_xcdr__py_to_py__1000000B__10Hz__shmem_ds__best_effort,publish,pub,py_to_py,copy,exp,xcdr,shmem_ds,1000000,10,1,measured,213,2026-09-09T14:43:52.484234Z,158226146154939,158226146154939,158226146154939,-1,-1,ok,
exp_copy_xcdr__py_to_py__1000000B__10Hz__shmem_ds__best_effort,publish,pub,py_to_py,copy,exp,xcdr,shmem_ds,1000000,10,1,measured,214,2026-09-09T14:43:52.584174Z,158226246010702,158226246010702,158226246010702,-1,-1,ok,
exp_copy_xcdr__py_to_py__1000000B__10Hz__shmem_ds__best_effort,publish,pub,py_to_py,copy,exp,xcdr,shmem_ds,1000000,10,1,measured,215,2026-09-09T14:43:52.685154Z,158226346927652,158226346927652,158226346927652,-1,-1,ok,
exp_copy_xcdr__py_to_py__1000000B__10Hz__shmem_ds__best_effort,publish,pub,py_to_py,copy,exp,xcdr,shmem_ds,1000000,10,1,measured,216,2026-09-09T14:43:52.786206Z,158226447949012,158226447949012,158226447949012,-1,-1,ok,
exp_copy_xcdr__py_to_py__1000000B__10Hz__shmem_ds__best_effort,publish,pub,py_to_py,copy,exp,xcdr,shmem_ds,1000000,10,1,measured,217,2026-09-09T14:43:52.886745Z,158226548144246,158226548144246,158226548144246,-1,-1,ok,
exp_copy_xcdr__py_to_py__1000000B__10Hz__shmem_ds__best_effort,publish,pub,py_to_py,copy,exp,xcdr,shmem_ds,1000000,10,1,measured,218,2026-09-09T14:43:52.986638Z,158226648499403,158226648499403,158226648499403,-1,-1,ok,
exp_copy_xcdr__py_to_py__1000000B__10Hz__shmem_ds__best_effort,publish,pub,py_to_py,copy,exp,xcdr,shmem_ds,1000000,10,1,measured,219,2026-09-09T14:43:53.085856Z,158226747762884,158226747762884,158226747762884,-1,-1,ok,
exp_copy_xcdr__py_to_py__1000000B__10Hz__shmem_ds__best_effort,publish,pub,py_to_py,copy,exp,xcdr,shmem_ds,1000000,10,1,measured,220,2026-09-09T14:43:53.185641Z,158226847386868,158226847386868,158226847386868,-1,-1,ok,
exp_copy_xcdr__py_to_py__1000000B__10Hz__shmem_ds__best_effort,publish,pub,py_to_py,copy,exp,xcdr,shmem_ds,1000000,10,1,measured,221,2026-09-09T14:43:53.286327Z,158226948280105,158226948280105,158226948280105,-1,-1,ok,
exp_copy_xcdr__py_to_py__1000000B__10Hz__shmem_ds__best_effort,publish,pub,py_to_py,copy,exp,xcdr,shmem_ds,1000000,10,1,measured,222,2026-09-09T14:43:53.386544Z,158227048436357,158227048436357,158227048436357,-1,-1,ok,
exp_copy_xcdr__py_to_py__1000000B__10Hz__shmem_ds__best_effort,publish,pub,py_to_py,copy,exp,xcdr,shmem_ds,1000000,10,1,measured,223,2026-09-09T14:43:53.486530Z,158227148504751,158227148504751,158227148504751,-1,-1,ok,
exp_copy_xcdr__py_to_py__1000000B__10Hz__shmem_ds__best_effort,publish,pub,py_to_py,copy,exp,xcdr,shmem_ds,1000000,10,1,measured,224,2026-09-09T14:43:53.587487Z,158227249064376,158227249064376,158227249064376,-1,-1,ok,
exp_copy_xcdr__py_to_py__1000000B__10Hz__shmem_ds__best_effort,publish,pub,py_to_py,copy,exp,xcdr,shmem_ds,1000000,10,1,measured,225,2026-09-09T14:43:53.686440Z,158227348224451,158227348224451,158227348224451,-1,-1,ok,
exp_copy_xcdr__py_to_py__1000000B__10Hz__shmem_ds__best_effort,publish,pub,py_to_py,copy,exp,xcdr,shmem_ds,1000000,10,1,measured,226,2026-09-09T14:43:53.786472Z,158227448331050,158227448331050,158227448331050,-1,-1,ok,
exp_copy_xcdr__py_to_py__1000000B__10Hz__shmem_ds__best_effort,publish,pub,py_to_py,copy,exp,xcdr,shmem_ds,1000000,10,1,measured,227,2026-09-09T14:43:53.887079Z,158227548425283,158227548425283,158227548425283,-1,-1,ok,
exp_copy_xcdr__py_to_py__1000000B__10Hz__shmem_ds__best_effort,publish,pub,py_to_py,copy,exp,xcdr,shmem_ds,1000000,10,1,measured,228,2026-09-09T14:43:53.987571Z,158227649115926,158227649115926,158227649115926,-1,-1,ok,
exp_copy_xcdr__py_to_py__1000000B__10Hz__shmem_ds__best_effort,publish,pub,py_to_py,copy,exp,xcdr,shmem_ds,1000000,10,1,measured,229,2026-09-09T14:43:54.086822Z,158227748426727,158227748426727,158227748426727,-1,-1,ok,
exp_copy_xcdr__py_to_py__1000000B__10Hz__shmem_ds__best_effort,publish,pub,py_to_py,copy,exp,xcdr,shmem_ds,1000000,10,1,measured,230,2026-09-09T14:43:54.187659Z,158227849298394,158227849298394,158227849298394,-1,-1,ok,
exp_copy_xcdr__py_to_py__1000000B__10Hz__shmem_ds__best_effort,publish,pub,py_to_py,copy,exp,xcdr,shmem_ds,1000000,10,1,measured,231,2026-09-09T14:43:54.286679Z,158227948467817,158227948467817,158227948467817,-1,-1,ok,
exp_copy_xcdr__py_to_py__1000000B__10Hz__shmem_ds__best_effort,publish,pub,py_to_py,copy,exp,xcdr,shmem_ds,1000000,10,1,measured,232,2026-09-09T14:43:54.386007Z,158228047813234,158228047813234,158228047813234,-1,-1,ok,
exp_copy_xcdr__py_to_py__1000000B__10Hz__shmem_ds__best_effort,publish,pub,py_to_py,copy,exp,xcdr,shmem_ds,1000000,10,1,measured,233,2026-09-09T14:43:54.486000Z,158228147965849,158228147965849,158228147965849,-1,-1,ok,
exp_copy_xcdr__py_to_py__1000000B__10Hz__shmem_ds__best_effort,publish,pub,py_to_py,copy,exp,xcdr,shmem_ds,1000000,10,1,measured,234,2026-09-09T14:43:54.586499Z,158228248336618,158228248336618,158228248336618,-1,-1,ok,
exp_copy_xcdr__py_to_py__1000000B__10Hz__shmem_ds__best_effort,publish,pub,py_to_py,copy,exp,xcdr,shmem_ds,1000000,10,1,measured,235,2026-09-09T14:43:54.686087Z,158228347858639,158228347858639,158228347858639,-1,-1,ok,
exp_copy_xcdr__py_to_py__1000000B__10Hz__shmem_ds__best_effort,publish,pub,py_to_py,copy,exp,xcdr,shmem_ds,1000000,10,1,measured,236,2026-09-09T14:43:54.785734Z,158228447178907,158228447178907,158228447178907,-1,-1,ok,
exp_copy_xcdr__py_to_py__1000000B__10Hz__shmem_ds__best_effort,publish,pub,py_to_py,copy,exp,xcdr,shmem_ds,1000000,10,1,measured,237,2026-09-09T14:43:54.886407Z,158228547909166,158228547909166,158228547909166,-1,-1,ok,
exp_copy_xcdr__py_to_py__1000000B__10Hz__shmem_ds__best_effort,publish,pub,py_to_py,copy,exp,xcdr,shmem_ds,1000000,10,1,measured,238,2026-09-09T14:43:54.985986Z,158228647435945,158228647435945,158228647435945,-1,-1,ok,
exp_copy_xcdr__py_to_py__1000000B__10Hz__shmem_ds__best_effort,publish,pub,py_to_py,copy,exp,xcdr,shmem_ds,1000000,10,1,measured,239,2026-09-09T14:43:55.085649Z,158228747542223,158228747542223,158228747542223,-1,-1,ok,
exp_copy_xcdr__py_to_py__1000000B__10Hz__shmem_ds__best_effort,publish,pub,py_to_py,copy,exp,xcdr,shmem_ds,1000000,10,1,measured,240,2026-09-09T14:43:55.186140Z,158228847795459,158228847795459,158228847795459,-1,-1,ok,
exp_copy_xcdr__py_to_py__1000000B__10Hz__shmem_ds__best_effort,publish,pub,py_to_py,copy,exp,xcdr,shmem_ds,1000000,10,1,measured,241,2026-09-09T14:43:55.285575Z,158228947552105,158228947552105,158228947552105,-1,-1,ok,
exp_copy_xcdr__py_to_py__1000000B__10Hz__shmem_ds__best_effort,publish,pub,py_to_py,copy,exp,xcdr,shmem_ds,1000000,10,1,measured,242,2026-09-09T14:43:55.385874Z,158229047747221,158229047747221,158229047747221,-1,-1,ok,
exp_copy_xcdr__py_to_py__1000000B__10Hz__shmem_ds__best_effort,publish,pub,py_to_py,copy,exp,xcdr,shmem_ds,1000000,10,1,measured,243,2026-09-09T14:43:55.485851Z,158229147775180,158229147775180,158229147775180,-1,-1,ok,
exp_copy_xcdr__py_to_py__1000000B__10Hz__shmem_ds__best_effort,publish,pub,py_to_py,copy,exp,xcdr,shmem_ds,1000000,10,1,measured,244,2026-09-09T14:43:55.587259Z,158229248738562,158229248738562,158229248738562,-1,-1,ok,
exp_copy_xcdr__py_to_py__1000000B__10Hz__shmem_ds__best_effort,publish,pub,py_to_py,copy,exp,xcdr,shmem_ds,1000000,10,1,measured,245,2026-09-09T14:43:55.686335Z,158229348139544,158229348139544,158229348139544,-1,-1,ok,
exp_copy_xcdr__py_to_py__1000000B__10Hz__shmem_ds__best_effort,publish,pub,py_to_py,copy,exp,xcdr,shmem_ds,1000000,10,1,measured,246,2026-09-09T14:43:55.786792Z,158229448515001,158229448515001,158229448515001,-1,-1,ok,
exp_copy_xcdr__py_to_py__1000000B__10Hz__shmem_ds__best_effort,publish,pub,py_to_py,copy,exp,xcdr,shmem_ds,1000000,10,1,measured,247,2026-09-09T14:43:55.886497Z,158229548067279,158229548067279,158229548067279,-1,-1,ok,
exp_copy_xcdr__py_to_py__1000000B__10Hz__shmem_ds__best_effort,publish,pub,py_to_py,copy,exp,xcdr,shmem_ds,1000000,10,1,measured,248,2026-09-09T14:43:55.986387Z,158229647877106,158229647877106,158229647877106,-1,-1,ok,
exp_copy_xcdr__py_to_py__1000000B__10Hz__shmem_ds__best_effort,publish,pub,py_to_py,copy,exp,xcdr,shmem_ds,1000000,10,1,measured,249,2026-09-09T14:43:56.086188Z,158229748132787,158229748132787,158229748132787,-1,-1,ok,
exp_copy_xcdr__py_to_py__1000000B__10Hz__shmem_ds__best_effort,publish,pub,py_to_py,copy,exp,xcdr,shmem_ds,1000000,10,1,measured,250,2026-09-09T14:43:56.185965Z,158229847739880,158229847739880,158229847739880,-1,-1,ok,
exp_copy_xcdr__py_to_py__1000000B__10Hz__shmem_ds__best_effort,publish,pub,py_to_py,copy,exp,xcdr,shmem_ds,1000000,10,1,measured,251,2026-09-09T14:43:56.285408Z,158229947342746,158229947342746,158229947342746,-1,-1,ok,
exp_copy_xcdr__py_to_py__1000000B__10Hz__shmem_ds__best_effort,publish,pub,py_to_py,copy,exp,xcdr,shmem_ds,1000000,10,1,measured,252,2026-09-09T14:43:56.386600Z,158230047962867,158230047962867,158230047962867,-1,-1,ok,
exp_copy_xcdr__py_to_py__1000000B__10Hz__shmem_ds__best_effort,publish,pub,py_to_py,copy,exp,xcdr,shmem_ds,1000000,10,1,measured,253,2026-09-09T14:43:56.485161Z,158230147038954,158230147038954,158230147038954,-1,-1,ok,
exp_copy_xcdr__py_to_py__1000000B__10Hz__shmem_ds__best_effort,publish,pub,py_to_py,copy,exp,xcdr,shmem_ds,1000000,10,1,measured,254,2026-09-09T14:43:56.585566Z,158230247026947,158230247026947,158230247026947,-1,-1,ok,
exp_copy_xcdr__py_to_py__1000000B__10Hz__shmem_ds__best_effort,publish,pub,py_to_py,copy,exp,xcdr,shmem_ds,1000000,10,1,measured,255,2026-09-09T14:43:56.686181Z,158230347966003,158230347966003,158230347966003,-1,-1,ok,
exp_copy_xcdr__py_to_py__1000000B__10Hz__shmem_ds__best_effort,publish,pub,py_to_py,copy,exp,xcdr,shmem_ds,1000000,10,1,measured,256,2026-09-09T14:43:56.787594Z,158230449031678,158230449031678,158230449031678,-1,-1,ok,
exp_copy_xcdr__py_to_py__1000000B__10Hz__shmem_ds__best_effort,publish,pub,py_to_py,copy,exp,xcdr,shmem_ds,1000000,10,1,measured,257,2026-09-09T14:43:56.886631Z,158230548167578,158230548167578,158230548167578,-1,-1,ok,
exp_copy_xcdr__py_to_py__1000000B__10Hz__shmem_ds__best_effort,publish,pub,py_to_py,copy,exp,xcdr,shmem_ds,1000000,10,1,measured,258,2026-09-09T14:43:56.986073Z,158230647591264,158230647591264,158230647591264,-1,-1,ok,
exp_copy_xcdr__py_to_py__1000000B__10Hz__shmem_ds__best_effort,publish,pub,py_to_py,copy,exp,xcdr,shmem_ds,1000000,10,1,measured,259,2026-09-09T14:43:57.085126Z,158230747034387,158230747034387,158230747034387,-1,-1,ok,
exp_copy_xcdr__py_to_py__1000000B__10Hz__shmem_ds__best_effort,publish,pub,py_to_py,copy,exp,xcdr,shmem_ds,1000000,10,1,measured,260,2026-09-09T14:43:57.186002Z,158230847877971,158230847877971,158230847877971,-1,-1,ok,
exp_copy_xcdr__py_to_py__1000000B__10Hz__shmem_ds__best_effort,publish,pub,py_to_py,copy,exp,xcdr,shmem_ds,1000000,10,1,measured,261,2026-09-09T14:43:57.286910Z,158230948649761,158230948649761,158230948649761,-1,-1,ok,
exp_copy_xcdr__py_to_py__1000000B__10Hz__shmem_ds__best_effort,publish,pub,py_to_py,copy,exp,xcdr,shmem_ds,1000000,10,1,measured,262,2026-09-09T14:43:57.388119Z,158231049510278,158231049510278,158231049510278,-1,-1,ok,
exp_copy_xcdr__py_to_py__1000000B__10Hz__shmem_ds__best_effort,publish,pub,py_to_py,copy,exp,xcdr,shmem_ds,1000000,10,1,measured,263,2026-09-09T14:43:57.487241Z,158231149169050,158231149169050,158231149169050,-1,-1,ok,
exp_copy_xcdr__py_to_py__1000000B__10Hz__shmem_ds__best_effort,publish,pub,py_to_py,copy,exp,xcdr,shmem_ds,1000000,10,1,measured,264,2026-09-09T14:43:57.586608Z,158231248449624,158231248449624,158231248449624,-1,-1,ok,
exp_copy_xcdr__py_to_py__1000000B__10Hz__shmem_ds__best_effort,publish,pub,py_to_py,copy,exp,xcdr,shmem_ds,1000000,10,1,measured,265,2026-09-09T14:43:57.687201Z,158231349136764,158231349136764,158231349136764,-1,-1,ok,
exp_copy_xcdr__py_to_py__1000000B__10Hz__shmem_ds__best_effort,publish,pub,py_to_py,copy,exp,xcdr,shmem_ds,1000000,10,1,measured,266,2026-09-09T14:43:57.787765Z,158231449561004,158231449561004,158231449561004,-1,-1,ok,
exp_copy_xcdr__py_to_py__1000000B__10Hz__shmem_ds__best_effort,publish,pub,py_to_py,copy,exp,xcdr,shmem_ds,1000000,10,1,measured,267,2026-09-09T14:43:57.888206Z,158231549817026,158231549817026,158231549817026,-1,-1,ok,
exp_copy_xcdr__py_to_py__1000000B__10Hz__shmem_ds__best_effort,publish,pub,py_to_py,copy,exp,xcdr,shmem_ds,1000000,10,1,measured,268,2026-09-09T14:43:57.989308Z,158231650840050,158231650840050,158231650840050,-1,-1,ok,
exp_copy_xcdr__py_to_py__1000000B__10Hz__shmem_ds__best_effort,publish,pub,py_to_py,copy,exp,xcdr,shmem_ds,1000000,10,1,measured,269,2026-09-09T14:43:58.089115Z,158231751057219,158231751057219,158231751057219,-1,-1,ok,
exp_copy_xcdr__py_to_py__1000000B__10Hz__shmem_ds__best_effort,publish,pub,py_to_py,copy,exp,xcdr,shmem_ds,1000000,10,1,measured,270,2026-09-09T14:43:58.188165Z,158231850046282,158231850046282,158231850046282,-1,-1,ok,
exp_copy_xcdr__py_to_py__1000000B__10Hz__shmem_ds__best_effort,publish,pub,py_to_py,copy,exp,xcdr,shmem_ds,1000000,10,1,measured,271,2026-09-09T14:43:58.288792Z,158231950673488,158231950673488,158231950673488,-1,-1,ok,
exp_copy_xcdr__py_to_py__1000000B__10Hz__shmem_ds__best_effort,publish,pub,py_to_py,copy,exp,xcdr,shmem_ds,1000000,10,1,measured,272,2026-09-09T14:43:58.388410Z,158232050285892,158232050285892,158232050285892,-1,-1,ok,
exp_copy_xcdr__py_to_py__1000000B__10Hz__shmem_ds__best_effort,publish,pub,py_to_py,copy,exp,xcdr,shmem_ds,1000000,10,1,measured,273,2026-09-09T14:43:58.488758Z,158232150607430,158232150607430,158232150607430,-1,-1,ok,
exp_copy_xcdr__py_to_py__1000000B__10Hz__shmem_ds__best_effort,publish,pub,py_to_py,copy,exp,xcdr,shmem_ds,1000000,10,1,measured,274,2026-09-09T14:43:58.590003Z,158232251559070,158232251559070,158232251559070,-1,-1,ok,
exp_copy_xcdr__py_to_py__1000000B__10Hz__shmem_ds__best_effort,publish,pub,py_to_py,copy,exp,xcdr,shmem_ds,1000000,10,1,measured,275,2026-09-09T14:43:58.688857Z,158232350762499,158232350762499,158232350762499,-1,-1,ok,
exp_copy_xcdr__py_to_py__1000000B__10Hz__shmem_ds__best_effort,publish,pub,py_to_py,copy,exp,xcdr,shmem_ds,1000000,10,1,measured,276,2026-09-09T14:43:58.788314Z,158232450081828,158232450081828,158232450081828,-1,-1,ok,
exp_copy_xcdr__py_to_py__1000000B__10Hz__shmem_ds__best_effort,publish,pub,py_to_py,copy,exp,xcdr,shmem_ds,1000000,10,1,measured,277,2026-09-09T14:43:58.887817Z,158232549319622,158232549319622,158232549319622,-1,-1,ok,
exp_copy_xcdr__py_to_py__1000000B__10Hz__shmem_ds__best_effort,publish,pub,py_to_py,copy,exp,xcdr,shmem_ds,1000000,10,1,measured,278,2026-09-09T14:43:58.987869Z,158232649411193,158232649411193,158232649411193,-1,-1,ok,
exp_copy_xcdr__py_to_py__1000000B__10Hz__shmem_ds__best_effort,publish,pub,py_to_py,copy,exp,xcdr,shmem_ds,1000000,10,1,measured,279,2026-09-09T14:43:59.087095Z,158232748891598,158232748891598,158232748891598,-1,-1,ok,
exp_copy_xcdr__py_to_py__1000000B__10Hz__shmem_ds__best_effort,publish,pub,py_to_py,copy,exp,xcdr,shmem_ds,1000000,10,1,measured,280,2026-09-09T14:43:59.187117Z,158232849056990,158232849056990,158232849056990,-1,-1,ok,
exp_copy_xcdr__py_to_py__1000000B__10Hz__shmem_ds__best_effort,publish,pub,py_to_py,copy,exp,xcdr,shmem_ds,1000000,10,1,measured,281,2026-09-09T14:43:59.287755Z,158232949506249,158232949506249,158232949506249,-1,-1,ok,
exp_copy_xcdr__py_to_py__1000000B__10Hz__shmem_ds__best_effort,publish,pub,py_to_py,copy,exp,xcdr,shmem_ds,1000000,10,1,measured,282,2026-09-09T14:43:59.386958Z,158233048884450,158233048884450,158233048884450,-1,-1,ok,
exp_copy_xcdr__py_to_py__1000000B__10Hz__shmem_ds__best_effort,publish,pub,py_to_py,copy,exp,xcdr,shmem_ds,1000000,10,1,measured,283,2026-09-09T14:43:59.487318Z,158233149176492,158233149176492,158233149176492,-1,-1,ok,
exp_copy_xcdr__py_to_py__1000000B__10Hz__shmem_ds__best_effort,publish,pub,py_to_py,copy,exp,xcdr,shmem_ds,1000000,10,1,measured,284,2026-09-09T14:43:59.586914Z,158233248689127,158233248689127,158233248689127,-1,-1,ok,
exp_copy_xcdr__py_to_py__1000000B__10Hz__shmem_ds__best_effort,publish,pub,py_to_py,copy,exp,xcdr,shmem_ds,1000000,10,1,measured,285,2026-09-09T14:43:59.686954Z,158233348718872,158233348718872,158233348718872,-1,-1,ok,
exp_copy_xcdr__py_to_py__1000000B__10Hz__shmem_ds__best_effort,publish,pub,py_to_py,copy,exp,xcdr,shmem_ds,1000000,10,1,measured,286,2026-09-09T14:43:59.787606Z,158233449484390,158233449484390,158233449484390,-1,-1,ok,
exp_copy_xcdr__py_to_py__1000000B__10Hz__shmem_ds__best_effort,publish,pub,py_to_py,copy,exp,xcdr,shmem_ds,1000000,10,1,measured,287,2026-09-09T14:43:59.888934Z,158233550325582,158233550325582,158233550325582,-1,-1,ok,
exp_copy_xcdr__py_to_py__1000000B__10Hz__shmem_ds__best_effort,publish,pub,py_to_py,copy,exp,xcdr,shmem_ds,1000000,10,1,measured,288,2026-09-09T14:43:59.987757Z,158233649433060,158233649433060,158233649433060,-1,-1,ok,
exp_copy_xcdr__py_to_py__1000000B__10Hz__shmem_ds__best_effort,publish,pub,py_to_py,copy,exp,xcdr,shmem_ds,1000000,10,1,measured,289,2026-09-09T14:44:00.087976Z,158233749351424,158233749351424,158233749351424,-1,-1,ok,
exp_copy_xcdr__py_to_py__1000000B__10Hz__shmem_ds__best_effort,publish,pub,py_to_py,copy,exp,xcdr,shmem_ds,1000000,10,1,measured,290,2026-09-09T14:44:00.186921Z,158233848809998,158233848809998,158233848809998,-1,-1,ok,
exp_copy_xcdr__py_to_py__1000000B__10Hz__shmem_ds__best_effort,publish,pub,py_to_py,copy,exp,xcdr,shmem_ds,1000000,10,1,measured,291,2026-09-09T14:44:00.286005Z,158233947788392,158233947788392,158233947788392,-1,-1,ok,
exp_copy_xcdr__py_to_py__1000000B__10Hz__shmem_ds__best_effort,publish,pub,py_to_py,copy,exp,xcdr,shmem_ds,1000000,10,1,measured,292,2026-09-09T14:44:00.386330Z,158234048288397,158234048288397,158234048288397,-1,-1,ok,
exp_copy_xcdr__py_to_py__1000000B__10Hz__shmem_ds__best_effort,publish,pub,py_to_py,copy,exp,xcdr,shmem_ds,1000000,10,1,measured,293,2026-09-09T14:44:00.486639Z,158234148561043,158234148561043,158234148561043,-1,-1,ok,
exp_copy_xcdr__py_to_py__1000000B__10Hz__shmem_ds__best_effort,publish,pub,py_to_py,copy,exp,xcdr,shmem_ds,1000000,10,1,measured,294,2026-09-09T14:44:00.586349Z,158234248177074,158234248177074,158234248177074,-1,-1,ok,
exp_copy_xcdr__py_to_py__1000000B__10Hz__shmem_ds__best_effort,publish,pub,py_to_py,copy,exp,xcdr,shmem_ds,1000000,10,1,measured,295,2026-09-09T14:44:00.687312Z,158234348726654,158234348726654,158234348726654,-1,-1,ok,
exp_copy_xcdr__py_to_py__1000000B__10Hz__shmem_ds__best_effort,publish,pub,py_to_py,copy,exp,xcdr,shmem_ds,1000000,10,1,measured,296,2026-09-09T14:44:00.786969Z,158234448734959,158234448734959,158234448734959,-1,-1,ok,
exp_copy_xcdr__py_to_py__1000000B__10Hz__shmem_ds__best_effort,publish,pub,py_to_py,copy,exp,xcdr,shmem_ds,1000000,10,1,measured,297,2026-09-09T14:44:00.887212Z,158234548660236,158234548660236,158234548660236,-1,-1,ok,
exp_copy_xcdr__py_to_py__1000000B__10Hz__shmem_ds__best_effort,publish,pub,py_to_py,copy,exp,xcdr,shmem_ds,1000000,10,1,measured,298,2026-09-09T14:44:00.985829Z,158234647665631,158234647665631,158234647665631,-1,-1,ok,
exp_copy_xcdr__py_to_py__1000000B__10Hz__shmem_ds__best_effort,publish,pub,py_to_py,copy,exp,xcdr,shmem_ds,1000000,10,1,measured,299,2026-09-09T14:44:01.084994Z,158234746779121,158234746779121,158234746779121,-1,-1,ok,
exp_copy_xcdr__py_to_py__1000000B__10Hz__shmem_ds__best_effort,publish,pub,py_to_py,copy,exp,xcdr,shmem_ds,1000000,10,1,measured,300,2026-09-09T14:44:01.185617Z,158234847471552,158234847471552,158234847471552,-1,-1,ok,
exp_copy_xcdr__py_to_py__1000000B__10Hz__shmem_ds__best_effort,receive,sub,py_to_py,copy,exp,xcdr,shmem_ds,1000000,10,1,measured,0,2026-09-09T14:43:31.191534Z,158204853638791,158204851327034,158204853638791,1788965011189177894,1788965011191156190,ok,
exp_copy_xcdr__py_to_py__1000000B__10Hz__shmem_ds__best_effort,receive,sub,py_to_py,copy,exp,xcdr,shmem_ds,1000000,10,1,measured,1,2026-09-09T14:43:31.290586Z,158204952718673,158204951845480,158204952718673,1788965011289685730,1788965011290373002,ok,
exp_copy_xcdr__py_to_py__1000000B__10Hz__shmem_ds__best_effort,receive,sub,py_to_py,copy,exp,xcdr,shmem_ds,1000000,10,1,measured,2,2026-09-09T14:43:31.389431Z,158205051574682,158205050872482,158205051574682,1788965011388706380,1788965011389257865,ok,
exp_copy_xcdr__py_to_py__1000000B__10Hz__shmem_ds__best_effort,receive,sub,py_to_py,copy,exp,xcdr,shmem_ds,1000000,10,1,measured,3,2026-09-09T14:43:31.489066Z,158205151202422,158205150460837,158205151202422,1788965011488302580,1788965011488854175,ok,
exp_copy_xcdr__py_to_py__1000000B__10Hz__shmem_ds__best_effort,receive,sub,py_to_py,copy,exp,xcdr,shmem_ds,1000000,10,1,measured,4,2026-09-09T14:43:31.588927Z,158205251055858,158205249970302,158205251055858,1788965011587842463,1788965011588662756,ok,
exp_copy_xcdr__py_to_py__1000000B__10Hz__shmem_ds__best_effort,receive,sub,py_to_py,copy,exp,xcdr,shmem_ds,1000000,10,1,measured,5,2026-09-09T14:43:31.688836Z,158205350977183,158205350385072,158205350977183,1788965011688219010,1788965011688645578,ok,
exp_copy_xcdr__py_to_py__1000000B__10Hz__shmem_ds__best_effort,receive,sub,py_to_py,copy,exp,xcdr,shmem_ds,1000000,10,1,measured,6,2026-09-09T14:43:31.789396Z,158205451555894,158205450762341,158205451555894,1788965011788608372,1788965011789259425,ok,
exp_copy_xcdr__py_to_py__1000000B__10Hz__shmem_ds__best_effort,receive,sub,py_to_py,copy,exp,xcdr,shmem_ds,1000000,10,1,measured,7,2026-09-09T14:43:31.890505Z,158205552659739,158205551587538,158205552659739,1788965011889445562,1788965011890332201,ok,
exp_copy_xcdr__py_to_py__1000000B__10Hz__shmem_ds__best_effort,receive,sub,py_to_py,copy,exp,xcdr,shmem_ds,1000000,10,1,measured,8,2026-09-09T14:43:31.989812Z,158205651930802,158205650797035,158205651930802,1788965011988657925,1788965011989575292,ok,
exp_copy_xcdr__py_to_py__1000000B__10Hz__shmem_ds__best_effort,receive,sub,py_to_py,copy,exp,xcdr,shmem_ds,1000000,10,1,measured,9,2026-09-09T14:43:32.089239Z,158205751372741,158205750586983,158205751372741,1788965012088434607,1788965012089030084,ok,
exp_copy_xcdr__py_to_py__1000000B__10Hz__shmem_ds__best_effort,receive,sub,py_to_py,copy,exp,xcdr,shmem_ds,1000000,10,1,measured,10,2026-09-09T14:43:32.188085Z,158205850242265,158205849621709,158205850242265,1788965012187466719,1788965012187938051,ok,
exp_copy_xcdr__py_to_py__1000000B__10Hz__shmem_ds__best_effort,receive,sub,py_to_py,copy,exp,xcdr,shmem_ds,1000000,10,1,measured,11,2026-09-09T14:43:32.287287Z,158205949444529,158205949027990,158205949444529,1788965012286860466,1788965012287133683,ok,
exp_copy_xcdr__py_to_py__1000000B__10Hz__shmem_ds__best_effort,receive,sub,py_to_py,copy,exp,xcdr,shmem_ds,1000000,10,1,measured,12,2026-09-09T14:43:32.387902Z,158206050032146,158206049125850,158206050032146,1788965012386983834,1788965012387655416,ok,
exp_copy_xcdr__py_to_py__1000000B__10Hz__shmem_ds__best_effort,receive,sub,py_to_py,copy,exp,xcdr,shmem_ds,1000000,10,1,measured,13,2026-09-09T14:43:32.486621Z,158206148776043,158206148172169,158206148776043,1788965012486018341,1788965012486455338,ok,
exp_copy_xcdr__py_to_py__1000000B__10Hz__shmem_ds__best_effort,receive,sub,py_to_py,copy,exp,xcdr,shmem_ds,1000000,10,1,measured,14,2026-09-09T14:43:32.586512Z,158206248632867,158206247595091,158206248632867,1788965012585457464,1788965012586232421,ok,
exp_copy_xcdr__py_to_py__1000000B__10Hz__shmem_ds__best_effort,receive,sub,py_to_py,copy,exp,xcdr,shmem_ds,1000000,10,1,measured,15,2026-09-09T14:43:32.686354Z,158206348496944,158206347849177,158206348496944,1788965012685697643,1788965012686149339,ok,
exp_copy_xcdr__py_to_py__1000000B__10Hz__shmem_ds__best_effort,receive,sub,py_to_py,copy,exp,xcdr,shmem_ds,1000000,10,1,measured,16,2026-09-09T14:43:32.786516Z,158206448654077,158206447936127,158206448654077,1788965012785788100,1788965012786282546,ok,
exp_copy_xcdr__py_to_py__1000000B__10Hz__shmem_ds__best_effort,receive,sub,py_to_py,copy,exp,xcdr,shmem_ds,1000000,10,1,measured,17,2026-09-09T14:43:32.886275Z,158206548394951,158206547424373,158206548394951,1788965012885287206,1788965012886008562,ok,
exp_copy_xcdr__py_to_py__1000000B__10Hz__shmem_ds__best_effort,receive,sub,py_to_py,copy,exp,xcdr,shmem_ds,1000000,10,1,measured,18,2026-09-09T14:43:32.986573Z,158206648698572,158206647552842,158206648698572,1788965012985425283,1788965012986320108,ok,
exp_copy_xcdr__py_to_py__1000000B__10Hz__shmem_ds__best_effort,receive,sub,py_to_py,copy,exp,xcdr,shmem_ds,1000000,10,1,measured,19,2026-09-09T14:43:33.086931Z,158206749070611,158206748232914,158206749070611,1788965013086086590,1788965013086742041,ok,
exp_copy_xcdr__py_to_py__1000000B__10Hz__shmem_ds__best_effort,receive,sub,py_to_py,copy,exp,xcdr,shmem_ds,1000000,10,1,measured,20,2026-09-09T14:43:33.185768Z,158206847918956,158206847183683,158206847918956,1788965013185033422,1788965013185606427,ok,
exp_copy_xcdr__py_to_py__1000000B__10Hz__shmem_ds__best_effort,receive,sub,py_to_py,copy,exp,xcdr,shmem_ds,1000000,10,1,measured,21,2026-09-09T14:43:33.286094Z,158206948253665,158206947729142,158206948253665,1788965013285559614,1788965013285919586,ok,
exp_copy_xcdr__py_to_py__1000000B__10Hz__shmem_ds__best_effort,receive,sub,py_to_py,copy,exp,xcdr,shmem_ds,1000000,10,1,measured,22,2026-09-09T14:43:33.387458Z,158207049578630,158207048282525,158207049578630,1788965013386156429,1788965013387196289,ok,
exp_copy_xcdr__py_to_py__1000000B__10Hz__shmem_ds__best_effort,receive,sub,py_to_py,copy,exp,xcdr,shmem_ds,1000000,10,1,measured,23,2026-09-09T14:43:33.486672Z,158207148835798,158207147889096,158207148835798,1788965013485743853,1788965013486545842,ok,
exp_copy_xcdr__py_to_py__1000000B__10Hz__shmem_ds__best_effort,receive,sub,py_to_py,copy,exp,xcdr,shmem_ds,1000000,10,1,measured,24,2026-09-09T14:43:33.586367Z,158207248493005,158207247262825,158207248493005,1788965013585133553,1788965013586132215,ok,
exp_copy_xcdr__py_to_py__1000000B__10Hz__shmem_ds__best_effort,receive,sub,py_to_py,copy,exp,xcdr,shmem_ds,1000000,10,1,measured,25,2026-09-09T14:43:33.686731Z,158207348885854,158207348068295,158207348885854,1788965013685917613,1788965013686575439,ok,
exp_copy_xcdr__py_to_py__1000000B__10Hz__shmem_ds__best_effort,receive,sub,py_to_py,copy,exp,xcdr,shmem_ds,1000000,10,1,measured,26,2026-09-09T14:43:33.786348Z,158207448504166,158207447750589,158207448504166,1788965013785593414,1788965013786189052,ok,
exp_copy_xcdr__py_to_py__1000000B__10Hz__shmem_ds__best_effort,receive,sub,py_to_py,copy,exp,xcdr,shmem_ds,1000000,10,1,measured,27,2026-09-09T14:43:33.885612Z,158207547770342,158207546944799,158207547770342,1788965013884799196,1788965013885462913,ok,
exp_copy_xcdr__py_to_py__1000000B__10Hz__shmem_ds__best_effort,receive,sub,py_to_py,copy,exp,xcdr,shmem_ds,1000000,10,1,measured,28,2026-09-09T14:43:33.984939Z,158207647082796,158207646166250,158207647082796,1788965013984016129,1788965013984739428,ok,
exp_copy_xcdr__py_to_py__1000000B__10Hz__shmem_ds__best_effort,receive,sub,py_to_py,copy,exp,xcdr,shmem_ds,1000000,10,1,measured,29,2026-09-09T14:43:34.085521Z,158207747661948,158207746826014,158207747661948,1788965014084672507,1788965014085321355,ok,
exp_copy_xcdr__py_to_py__1000000B__10Hz__shmem_ds__best_effort,receive,sub,py_to_py,copy,exp,xcdr,shmem_ds,1000000,10,1,measured,30,2026-09-09T14:43:34.185709Z,158207847846584,158207847054855,158207847846584,1788965014184899363,1788965014185501704,ok,
exp_copy_xcdr__py_to_py__1000000B__10Hz__shmem_ds__best_effort,receive,sub,py_to_py,copy,exp,xcdr,shmem_ds,1000000,10,1,measured,31,2026-09-09T14:43:34.286066Z,158207948224776,158207947621334,158207948224776,1788965014285461924,1788965014285924330,ok,
exp_copy_xcdr__py_to_py__1000000B__10Hz__shmem_ds__best_effort,receive,sub,py_to_py,copy,exp,xcdr,shmem_ds,1000000,10,1,measured,32,2026-09-09T14:43:34.386534Z,158208048686566,158208048061122,158208048686566,1788965014385898617,1788965014386354430,ok,
exp_copy_xcdr__py_to_py__1000000B__10Hz__shmem_ds__best_effort,receive,sub,py_to_py,copy,exp,xcdr,shmem_ds,1000000,10,1,measured,33,2026-09-09T14:43:34.486528Z,158208148684839,158208148147852,158208148684839,1788965014485980117,1788965014486364375,ok,
exp_copy_xcdr__py_to_py__1000000B__10Hz__shmem_ds__best_effort,receive,sub,py_to_py,copy,exp,xcdr,shmem_ds,1000000,10,1,measured,34,2026-09-09T14:43:34.588338Z,158208250457672,158208249231019,158208250457672,1788965014587097138,1788965014588067246,ok,
exp_copy_xcdr__py_to_py__1000000B__10Hz__shmem_ds__best_effort,receive,sub,py_to_py,copy,exp,xcdr,shmem_ds,1000000,10,1,measured,35,2026-09-09T14:43:34.687769Z,158208349899000,158208348867397,158208349899000,1788965014686722054,1788965014687551585,ok,
exp_copy_xcdr__py_to_py__1000000B__10Hz__shmem_ds__best_effort,receive,sub,py_to_py,copy,exp,xcdr,shmem_ds,1000000,10,1,measured,36,2026-09-09T14:43:34.787680Z,158208449820257,158208449012738,158208449820257,1788965014786864380,1788965014787465578,ok,
exp_copy_xcdr__py_to_py__1000000B__10Hz__shmem_ds__best_effort,receive,sub,py_to_py,copy,exp,xcdr,shmem_ds,1000000,10,1,measured,37,2026-09-09T14:43:34.888222Z,158208550374673,158208549650422,158208550374673,1788965014887492105,1788965014888031967,ok,
exp_copy_xcdr__py_to_py__1000000B__10Hz__shmem_ds__best_effort,receive,sub,py_to_py,copy,exp,xcdr,shmem_ds,1000000,10,1,measured,38,2026-09-09T14:43:34.988991Z,158208651115201,158208649948692,158208651115201,1788965014987824099,1788965014988744392,ok,
exp_copy_xcdr__py_to_py__1000000B__10Hz__shmem_ds__best_effort,receive,sub,py_to_py,copy,exp,xcdr,shmem_ds,1000000,10,1,measured,39,2026-09-09T14:43:35.089488Z,158208751620324,158208750640289,158208751620324,1788965015088492742,1788965015089277628,ok,
exp_copy_xcdr__py_to_py__1000000B__10Hz__shmem_ds__best_effort,receive,sub,py_to_py,copy,exp,xcdr,shmem_ds,1000000,10,1,measured,40,2026-09-09T14:43:35.189485Z,158208851634809,158208850777866,158208851634809,1788965015188624138,1788965015189308724,ok,
exp_copy_xcdr__py_to_py__1000000B__10Hz__shmem_ds__best_effort,receive,sub,py_to_py,copy,exp,xcdr,shmem_ds,1000000,10,1,measured,41,2026-09-09T14:43:35.289580Z,158208951744182,158208951167320,158208951744182,1788965015289006238,1788965015289447042,ok,
exp_copy_xcdr__py_to_py__1000000B__10Hz__shmem_ds__best_effort,receive,sub,py_to_py,copy,exp,xcdr,shmem_ds,1000000,10,1,measured,42,2026-09-09T14:43:35.388462Z,158209050630149,158209050213329,158209050630149,1788965015388044412,1788965015388334842,ok,
exp_copy_xcdr__py_to_py__1000000B__10Hz__shmem_ds__best_effort,receive,sub,py_to_py,copy,exp,xcdr,shmem_ds,1000000,10,1,measured,43,2026-09-09T14:43:35.487986Z,158209150148072,158209149674375,158209150148072,1788965015487504526,1788965015487846364,ok,
exp_copy_xcdr__py_to_py__1000000B__10Hz__shmem_ds__best_effort,receive,sub,py_to_py,copy,exp,xcdr,shmem_ds,1000000,10,1,measured,44,2026-09-09T14:43:35.588451Z,158209250563546,158209249397528,158209250563546,1788965015587271923,1788965015588133815,ok,
exp_copy_xcdr__py_to_py__1000000B__10Hz__shmem_ds__best_effort,receive,sub,py_to_py,copy,exp,xcdr,shmem_ds,1000000,10,1,measured,45,2026-09-09T14:43:35.686933Z,158209349086936,158209348457764,158209349086936,1788965015686305288,1788965015686764538,ok,
exp_copy_xcdr__py_to_py__1000000B__10Hz__shmem_ds__best_effort,receive,sub,py_to_py,copy,exp,xcdr,shmem_ds,1000000,10,1,measured,46,2026-09-09T14:43:35.786133Z,158209448284222,158209447845301,158209448284222,1788965015785668860,1788965015785954400,ok,
exp_copy_xcdr__py_to_py__1000000B__10Hz__shmem_ds__best_effort,receive,sub,py_to_py,copy,exp,xcdr,shmem_ds,1000000,10,1,measured,47,2026-09-09T14:43:35.885979Z,158209548104488,158209547143628,158209548104488,1788965015885000860,1788965015885693162,ok,
exp_copy_xcdr__py_to_py__1000000B__10Hz__shmem_ds__best_effort,receive,sub,py_to_py,copy,exp,xcdr,shmem_ds,1000000,10,1,measured,48,2026-09-09T14:43:35.985467Z,158209647601792,158209646734169,158209647601792,1788965015984589698,1788965015985254287,ok,
exp_copy_xcdr__py_to_py__1000000B__10Hz__shmem_ds__best_effort,receive,sub,py_to_py,copy,exp,xcdr,shmem_ds,1000000,10,1,measured,49,2026-09-09T14:43:36.085598Z,158209747734280,158209746981755,158209747734280,1788965016084843496,1788965016085386043,ok,
exp_copy_xcdr__py_to_py__1000000B__10Hz__shmem_ds__best_effort,receive,sub,py_to_py,copy,exp,xcdr,shmem_ds,1000000,10,1,measured,50,2026-09-09T14:43:36.185013Z,158209847171972,158209846654112,158209847171972,1788965016184487489,1788965016184850967,ok,
exp_copy_xcdr__py_to_py__1000000B__10Hz__shmem_ds__best_effort,receive,sub,py_to_py,copy,exp,xcdr,shmem_ds,1000000,10,1,measured,51,2026-09-09T14:43:36.284782Z,158209946934529,158209946395769,158209946934529,1788965016284229166,1788965016284598135,ok,
exp_copy_xcdr__py_to_py__1000000B__10Hz__shmem_ds__best_effort,receive,sub,py_to_py,copy,exp,xcdr,shmem_ds,1000000,10,1,measured,52,2026-09-09T14:43:36.384035Z,158210046199254,158210045783948,158210046199254,1788965016383611704,1788965016383889791,ok,
exp_copy_xcdr__py_to_py__1000000B__10Hz__shmem_ds__best_effort,receive,sub,py_to_py,copy,exp,xcdr,shmem_ds,1000000,10,1,measured,53,2026-09-09T14:43:36.483644Z,158210145804253,158210145353539,158210145804253,1788965016483182939,1788965016483481995,ok,
exp_copy_xcdr__py_to_py__1000000B__10Hz__shmem_ds__best_effort,receive,sub,py_to_py,copy,exp,xcdr,shmem_ds,1000000,10,1,measured,54,2026-09-09T14:43:36.585239Z,158210247351401,158210246309648,158210247351401,1788965016584177500,1788965016584962487,ok,
exp_copy_xcdr__py_to_py__1000000B__10Hz__shmem_ds__best_effort,receive,sub,py_to_py,copy,exp,xcdr,shmem_ds,1000000,10,1,measured,55,2026-09-09T14:43:36.685117Z,158210347254915,158210346574857,158210347254915,1788965016684425587,1788965016684909323,ok,
exp_copy_xcdr__py_to_py__1000000B__10Hz__shmem_ds__best_effort,receive,sub,py_to_py,copy,exp,xcdr,shmem_ds,1000000,10,1,measured,56,2026-09-09T14:43:36.785290Z,158210447434351,158210446749694,158210447434351,1788965016784595135,1788965016785065756,ok,
exp_copy_xcdr__py_to_py__1000000B__10Hz__shmem_ds__best_effort,receive,sub,py_to_py,copy,exp,xcdr,shmem_ds,1000000,10,1,measured,57,2026-09-09T14:43:36.885145Z,158210547268544,158210546235107,158210547268544,1788965016884104121,1788965016884874350,ok,
exp_copy_xcdr__py_to_py__1000000B__10Hz__shmem_ds__best_effort,receive,sub,py_to_py,copy,exp,xcdr,shmem_ds,1000000,10,1,measured,58,2026-09-09T14:43:36.985479Z,158210647629535,158210646663986,158210647629535,1788965016984532540,1788965016985300475,ok,
exp_copy_xcdr__py_to_py__1000000B__10Hz__shmem_ds__best_effort,receive,sub,py_to_py,copy,exp,xcdr,shmem_ds,1000000,10,1,measured,59,2026-09-09T14:43:37.084598Z,158210746733865,158210745950671,158210746733865,1788965017083819025,1788965017084390447,ok,
exp_copy_xcdr__py_to_py__1000000B__10Hz__shmem_ds__best_effort,receive,sub,py_to_py,copy,exp,xcdr,shmem_ds,1000000,10,1,measured,60,2026-09-09T14:43:37.184028Z,158210846179703,158210845635071,158210846179703,1788965017183473238,1788965017183847256,ok,
exp_copy_xcdr__py_to_py__1000000B__10Hz__shmem_ds__best_effort,receive,sub,py_to_py,copy,exp,xcdr,shmem_ds,1000000,10,1,measured,61,2026-09-09T14:43:37.285018Z,158210947170227,158210946624423,158210947170227,1788965017284464683,1788965017284836127,ok,
exp_copy_xcdr__py_to_py__1000000B__10Hz__shmem_ds__best_effort,receive,sub,py_to_py,copy,exp,xcdr,shmem_ds,1000000,10,1,measured,62,2026-09-09T14:43:37.385108Z,158211047274010,158211046862280,158211047274010,1788965017384692091,1788965017384961712,ok,
exp_copy_xcdr__py_to_py__1000000B__10Hz__shmem_ds__best_effort,receive,sub,py_to_py,copy,exp,xcdr,shmem_ds,1000000,10,1,measured,63,2026-09-09T14:43:37.485310Z,158211147467774,158211146984458,158211147467774,1788965017484827003,1788965017485139675,ok,
exp_copy_xcdr__py_to_py__1000000B__10Hz__shmem_ds__best_effort,receive,sub,py_to_py,copy,exp,xcdr,shmem_ds,1000000,10,1,measured,64,2026-09-09T14:43:37.585829Z,158211247969191,158211247388511,158211247969191,1788965017585236396,1788965017585644779,ok,
exp_copy_xcdr__py_to_py__1000000B__10Hz__shmem_ds__best_effort,receive,sub,py_to_py,copy,exp,xcdr,shmem_ds,1000000,10,1,measured,65,2026-09-09T14:43:37.686951Z,158211349085691,158211348161712,158211349085691,1788965017686020367,1788965017686733277,ok,
exp_copy_xcdr__py_to_py__1000000B__10Hz__shmem_ds__best_effort,receive,sub,py_to_py,copy,exp,xcdr,shmem_ds,1000000,10,1,measured,66,2026-09-09T14:43:37.786994Z,158211449145704,158211448620800,158211449145704,1788965017786460429,1788965017786813898,ok,
exp_copy_xcdr__py_to_py__1000000B__10Hz__shmem_ds__best_effort,receive,sub,py_to_py,copy,exp,xcdr,shmem_ds,1000000,10,1,measured,67,2026-09-09T14:43:37.887075Z,158211549201126,158211548162920,158211549201126,1788965017886027897,1788965017886795902,ok,
exp_copy_xcdr__py_to_py__1000000B__10Hz__shmem_ds__best_effort,receive,sub,py_to_py,copy,exp,xcdr,shmem_ds,1000000,10,1,measured,68,2026-09-09T14:43:37.985872Z,158211647987897,158211647206487,158211647987897,1788965017985058389,1788965017985613090,ok,
exp_copy_xcdr__py_to_py__1000000B__10Hz__shmem_ds__best_effort,receive,sub,py_to_py,copy,exp,xcdr,shmem_ds,1000000,10,1,measured,69,2026-09-09T14:43:38.085978Z,158211748095208,158211746888883,158211748095208,1788965018084764521,1788965018085700333,ok,
exp_copy_xcdr__py_to_py__1000000B__10Hz__shmem_ds__best_effort,receive,sub,py_to_py,copy,exp,xcdr,shmem_ds,1000000,10,1,measured,70,2026-09-09T14:43:38.184643Z,158211846805063,158211846319283,158211846805063,1788965018184164322,1788965018184483176,ok,
exp_copy_xcdr__py_to_py__1000000B__10Hz__shmem_ds__best_effort,receive,sub,py_to_py,copy,exp,xcdr,shmem_ds,1000000,10,1,measured,71,2026-09-09T14:43:38.284060Z,158211946218249,158211945704316,158211946218249,1788965018283538625,1788965018283890321,ok,
exp_copy_xcdr__py_to_py__1000000B__10Hz__shmem_ds__best_effort,receive,sub,py_to_py,copy,exp,xcdr,shmem_ds,1000000,10,1,measured,72,2026-09-09T14:43:38.385431Z,158212047559878,158212046660635,158212047559878,1788965018384516725,1788965018385193607,ok,
exp_copy_xcdr__py_to_py__1000000B__10Hz__shmem_ds__best_effort,receive,sub,py_to_py,copy,exp,xcdr,shmem_ds,1000000,10,1,measured,73,2026-09-09T14:43:38.485818Z,158212147950285,158212147381598,158212147950285,1788965018485225796,1788965018485616676,ok,
exp_copy_xcdr__py_to_py__1000000B__10Hz__shmem_ds__best_effort,receive,sub,py_to_py,copy,exp,xcdr,shmem_ds,1000000,10,1,measured,74,2026-09-09T14:43:38.585604Z,158212247751848,158212247045500,158212247751848,1788965018584898024,1788965018585420243,ok,
exp_copy_xcdr__py_to_py__1000000B__10Hz__shmem_ds__best_effort,receive,sub,py_to_py,copy,exp,xcdr,shmem_ds,1000000,10,1,measured,75,2026-09-09T14:43:38.686015Z,158212348145742,158212347380062,158212348145742,1788965018685237736,1788965018685763411,ok,
exp_copy_xcdr__py_to_py__1000000B__10Hz__shmem_ds__best_effort,receive,sub,py_to_py,copy,exp,xcdr,shmem_ds,1000000,10,1,measured,76,2026-09-09T14:43:38.785616Z,158212447762494,158212447147429,158212447762494,1788965018784992028,1788965018785413516,ok,
exp_copy_xcdr__py_to_py__1000000B__10Hz__shmem_ds__best_effort,receive,sub,py_to_py,copy,exp,xcdr,shmem_ds,1000000,10,1,measured,77,2026-09-09T14:43:38.886991Z,158212549111206,158212548030269,158212549111206,1788965018885901207,1788965018886697195,ok,
exp_copy_xcdr__py_to_py__1000000B__10Hz__shmem_ds__best_effort,receive,sub,py_to_py,copy,exp,xcdr,shmem_ds,1000000,10,1,measured,78,2026-09-09T14:43:38.986762Z,158212648878965,158212647931551,158212648878965,1788965018985797810,1788965018986488448,ok,
exp_copy_xcdr__py_to_py__1000000B__10Hz__shmem_ds__best_effort,receive,sub,py_to_py,copy,exp,xcdr,shmem_ds,1000000,10,1,measured,79,2026-09-09T14:43:39.086202Z,158212748324943,158212747454314,158212748324943,1788965019085314111,1788965019085935027,ok,
exp_copy_xcdr__py_to_py__1000000B__10Hz__shmem_ds__best_effort,receive,sub,py_to_py,copy,exp,xcdr,shmem_ds,1000000,10,1,measured,80,2026-09-09T14:43:39.185266Z,158212847419567,158212846894563,158212847419567,1788965019184740293,1788965019185095716,ok,
exp_copy_xcdr__py_to_py__1000000B__10Hz__shmem_ds__best_effort,receive,sub,py_to_py,copy,exp,xcdr,shmem_ds,1000000,10,1,measured,81,2026-09-09T14:43:39.285361Z,158212947513573,158212946986104,158212947513573,1788965019284836303,1788965019285182248,ok,
exp_copy_xcdr__py_to_py__1000000B__10Hz__shmem_ds__best_effort,receive,sub,py_to_py,copy,exp,xcdr,shmem_ds,1000000,10,1,measured,82,2026-09-09T14:43:39.384809Z,158213046958008,158213046491214,158213046958008,1788965019384322167,1788965019384636773,ok,
exp_copy_xcdr__py_to_py__1000000B__10Hz__shmem_ds__best_effort,receive,sub,py_to_py,copy,exp,xcdr,shmem_ds,1000000,10,1,measured,83,2026-09-09T14:43:39.485146Z,158213147300497,158213146697144,158213147300497,1788965019484534940,1788965019484977578,ok,
exp_copy_xcdr__py_to_py__1000000B__10Hz__shmem_ds__best_effort,receive,sub,py_to_py,copy,exp,xcdr,shmem_ds,1000000,10,1,measured,84,2026-09-09T14:43:39.586037Z,158213248181623,158213247572249,158213248181623,1788965019585416026,1788965019585839999,ok,
exp_copy_xcdr__py_to_py__1000000B__10Hz__shmem_ds__best_effort,receive,sub,py_to_py,copy,exp,xcdr,shmem_ds,1000000,10,1,measured,85,2026-09-09T14:43:39.685768Z,158213347913634,158213347319268,158213347913634,1788965019685168866,1788965019685574013,ok,
exp_copy_xcdr__py_to_py__1000000B__10Hz__shmem_ds__best_effort,receive,sub,py_to_py,copy,exp,xcdr,shmem_ds,1000000,10,1,measured,86,2026-09-09T14:43:39.784940Z,158213447097227,158213446688142,158213447097227,1788965019784519215,1788965019784772605,ok,
exp_copy_xcdr__py_to_py__1000000B__10Hz__shmem_ds__best_effort,receive,sub,py_to_py,copy,exp,xcdr,shmem_ds,1000000,10,1,measured,87,2026-09-09T14:43:39.886759Z,158213548861055,158213547775199,158213548861055,1788965019885637621,1788965019886417268,ok,
exp_copy_xcdr__py_to_py__1000000B__10Hz__shmem_ds__best_effort,receive,sub,py_to_py,copy,exp,xcdr,shmem_ds,1000000,10,1,measured,88,2026-09-09T14:43:39.986509Z,158213648643602,158213647807269,158213648643602,1788965019985663890,1788965019986292440,ok,
exp_copy_xcdr__py_to_py__1000000B__10Hz__shmem_ds__best_effort,receive,sub,py_to_py,copy,exp,xcdr,shmem_ds,1000000,10,1,measured,89,2026-09-09T14:43:40.085524Z,158213747665488,158213746936558,158213747665488,1788965020084783451,1788965020085318885,ok,
exp_copy_xcdr__py_to_py__1000000B__10Hz__shmem_ds__best_effort,receive,sub,py_to_py,copy,exp,xcdr,shmem_ds,1000000,10,1,measured,90,2026-09-09T14:43:40.184376Z,158213846537271,158213845990957,158213846537271,1788965020183845544,1788965020184212970,ok,
exp_copy_xcdr__py_to_py__1000000B__10Hz__shmem_ds__best_effort,receive,sub,py_to_py,copy,exp,xcdr,shmem_ds,1000000,10,1,measured,91,2026-09-09T14:43:40.283521Z,158213945681910,158213945198154,158213945681910,1788965020283028976,1788965020283359983,ok,
exp_copy_xcdr__py_to_py__1000000B__10Hz__shmem_ds__best_effort,receive,sub,py_to_py,copy,exp,xcdr,shmem_ds,1000000,10,1,measured,92,2026-09-09T14:43:40.383666Z,158214045830870,158214045432165,158214045830870,1788965020383256886,1788965020383523401,ok,
exp_copy_xcdr__py_to_py__1000000B__10Hz__shmem_ds__best_effort,receive,sub,py_to_py,copy,exp,xcdr,shmem_ds,1000000,10,1,measured,93,2026-09-09T14:43:40.484300Z,158214146461834,158214146024166,158214146461834,1788965020483850339,1788965020484140238,ok,
exp_copy_xcdr__py_to_py__1000000B__10Hz__shmem_ds__best_effort,receive,sub,py_to_py,copy,exp,xcdr,shmem_ds,1000000,10,1,measured,94,2026-09-09T14:43:40.584995Z,158214247108609,158214246024065,158214247108609,1788965020583894262,1788965020584679359,ok,
exp_copy_xcdr__py_to_py__1000000B__10Hz__shmem_ds__best_effort,receive,sub,py_to_py,copy,exp,xcdr,shmem_ds,1000000,10,1,measured,95,2026-09-09T14:43:40.683485Z,158214345633814,158214345060739,158214345633814,1788965020682901911,1788965020683307409,ok,
exp_copy_xcdr__py_to_py__1000000B__10Hz__shmem_ds__best_effort,receive,sub,py_to_py,copy,exp,xcdr,shmem_ds,1000000,10,1,measured,96,2026-09-09T14:43:40.783402Z,158214445542341,158214444827587,158214445542341,1788965020782680010,1788965020783156583,ok,
exp_copy_xcdr__py_to_py__1000000B__10Hz__shmem_ds__best_effort,receive,sub,py_to_py,copy,exp,xcdr,shmem_ds,1000000,10,1,measured,97,2026-09-09T14:43:40.884871Z,158214546976475,158214545911428,158214546976475,1788965020883784511,1788965020884593142,ok,
exp_copy_xcdr__py_to_py__1000000B__10Hz__shmem_ds__best_effort,receive,sub,py_to_py,copy,exp,xcdr,shmem_ds,1000000,10,1,measured,98,2026-09-09T14:43:40.984796Z,158214646916210,158214645946073,158214646916210,1788965020983820197,1788965020984527497,ok,
exp_copy_xcdr__py_to_py__1000000B__10Hz__shmem_ds__best_effort,receive,sub,py_to_py,copy,exp,xcdr,shmem_ds,1000000,10,1,measured,99,2026-09-09T14:43:41.086007Z,158214748128696,158214746889339,158214748128696,1788965021084751230,1788965021085708523,ok,
exp_copy_xcdr__py_to_py__1000000B__10Hz__shmem_ds__best_effort,receive,sub,py_to_py,copy,exp,xcdr,shmem_ds,1000000,10,1,measured,100,2026-09-09T14:43:41.186760Z,158214848878004,158214847624100,158214848878004,1788965021185508564,1788965021186486896,ok,
exp_copy_xcdr__py_to_py__1000000B__10Hz__shmem_ds__best_effort,receive,sub,py_to_py,copy,exp,xcdr,shmem_ds,1000000,10,1,measured,101,2026-09-09T14:43:41.285096Z,158214947244701,158214946585733,158214947244701,1788965021284435791,1788965021284900882,ok,
exp_copy_xcdr__py_to_py__1000000B__10Hz__shmem_ds__best_effort,receive,sub,py_to_py,copy,exp,xcdr,shmem_ds,1000000,10,1,measured,102,2026-09-09T14:43:41.385740Z,158215047880364,158215047025655,158215047880364,1788965021384881795,1788965021385507821,ok,
exp_copy_xcdr__py_to_py__1000000B__10Hz__shmem_ds__best_effort,receive,sub,py_to_py,copy,exp,xcdr,shmem_ds,1000000,10,1,measured,103,2026-09-09T14:43:41.485645Z,158215147803879,158215147331224,158215147803879,1788965021485167707,1788965021485498313,ok,
exp_copy_xcdr__py_to_py__1000000B__10Hz__shmem_ds__best_effort,receive,sub,py_to_py,copy,exp,xcdr,shmem_ds,1000000,10,1,measured,104,2026-09-09T14:43:41.586004Z,158215248144664,158215247473703,158215248144664,1788965021585326828,1788965021585782330,ok,
exp_copy_xcdr__py_to_py__1000000B__10Hz__shmem_ds__best_effort,receive,sub,py_to_py,copy,exp,xcdr,shmem_ds,1000000,10,1,measured,105,2026-09-09T14:43:41.685552Z,158215347693118,158215347026546,158215347693118,1788965021684880091,1788965021685350622,ok,
exp_copy_xcdr__py_to_py__1000000B__10Hz__shmem_ds__best_effort,receive,sub,py_to_py,copy,exp,xcdr,shmem_ds,1000000,10,1,measured,106,2026-09-09T14:43:41.785728Z,158215447869241,158215447256050,158215447869241,1788965021785099025,1788965021785534961,ok,
exp_copy_xcdr__py_to_py__1000000B__10Hz__shmem_ds__best_effort,receive,sub,py_to_py,copy,exp,xcdr,shmem_ds,1000000,10,1,measured,107,2026-09-09T14:43:41.885509Z,158215547626641,158215546557326,158215547626641,1788965021884425179,1788965021885230404,ok,
exp_copy_xcdr__py_to_py__1000000B__10Hz__shmem_ds__best_effort,receive,sub,py_to_py,copy,exp,xcdr,shmem_ds,1000000,10,1,measured,108,2026-09-09T14:43:41.985281Z,158215647400702,158215646416168,158215647400702,1788965021984281736,1788965021985023931,ok,
exp_copy_xcdr__py_to_py__1000000B__10Hz__shmem_ds__best_effort,receive,sub,py_to_py,copy,exp,xcdr,shmem_ds,1000000,10,1,measured,109,2026-09-09T14:43:42.084689Z,158215746834720,158215746259340,158215746834720,1788965022084102666,1788965022084503916,ok,
exp_copy_xcdr__py_to_py__1000000B__10Hz__shmem_ds__best_effort,receive,sub,py_to_py,copy,exp,xcdr,shmem_ds,1000000,10,1,measured,110,2026-09-09T14:43:42.185872Z,158215847995749,158215847210132,158215847995749,1788965022185062615,1788965022185644908,ok,
exp_copy_xcdr__py_to_py__1000000B__10Hz__shmem_ds__best_effort,receive,sub,py_to_py,copy,exp,xcdr,shmem_ds,1000000,10,1,measured,111,2026-09-09T14:43:42.286125Z,158215948290647,158215947876363,158215948290647,1788965022285708097,1788965022285997124,ok,
exp_copy_xcdr__py_to_py__1000000B__10Hz__shmem_ds__best_effort,receive,sub,py_to_py,copy,exp,xcdr,shmem_ds,1000000,10,1,measured,112,2026-09-09T14:43:42.385713Z,158216047872336,158216047394781,158216047872336,1788965022385225874,1788965022385564736,ok,
exp_copy_xcdr__py_to_py__1000000B__10Hz__shmem_ds__best_effort,receive,sub,py_to_py,copy,exp,xcdr,shmem_ds,1000000,10,1,measured,113,2026-09-09T14:43:42.485554Z,158216147720498,158216147376697,158216147720498,1788965022485202400,1788965022485428608,ok,
exp_copy_xcdr__py_to_py__1000000B__10Hz__shmem_ds__best_effort,receive,sub,py_to_py,copy,exp,xcdr,shmem_ds,1000000,10,1,measured,114,2026-09-09T14:43:42.585835Z,158216247935075,158216246865379,158216247935075,1788965022584736568,1788965022585518008,ok,
exp_copy_xcdr__py_to_py__1000000B__10Hz__shmem_ds__best_effort,receive,sub,py_to_py,copy,exp,xcdr,shmem_ds,1000000,10,1,measured,115,2026-09-09T14:43:42.685915Z,158216348073025,158216347604027,158216348073025,1788965022685444668,1788965022685754866,ok,
exp_copy_xcdr__py_to_py__1000000B__10Hz__shmem_ds__best_effort,receive,sub,py_to_py,copy,exp,xcdr,shmem_ds,1000000,10,1,measured,116,2026-09-09T14:43:42.786856Z,158216448996725,158216448363296,158216448996725,1788965022786213224,1788965022786647777,ok,
exp_copy_xcdr__py_to_py__1000000B__10Hz__shmem_ds__best_effort,receive,sub,py_to_py,copy,exp,xcdr,shmem_ds,1000000,10,1,measured,117,2026-09-09T14:43:42.886897Z,158216549018465,158216548056353,158216549018465,1788965022885918425,1788965022886643699,ok,
exp_copy_xcdr__py_to_py__1000000B__10Hz__shmem_ds__best_effort,receive,sub,py_to_py,copy,exp,xcdr,shmem_ds,1000000,10,1,measured,118,2026-09-09T14:43:42.987122Z,158216649246638,158216648315706,158216649246638,1788965022986179510,1788965022986883984,ok,
exp_copy_xcdr__py_to_py__1000000B__10Hz__shmem_ds__best_effort,receive,sub,py_to_py,copy,exp,xcdr,shmem_ds,1000000,10,1,measured,119,2026-09-09T14:43:43.086984Z,158216749111753,158216748488132,158216749111753,1788965023086337550,1788965023086770810,ok,
exp_copy_xcdr__py_to_py__1000000B__10Hz__shmem_ds__best_effort,receive,sub,py_to_py,copy,exp,xcdr,shmem_ds,1000000,10,1,measured,120,2026-09-09T14:43:43.186294Z,158216848437937,158216847771806,158216848437937,1788965023185617246,1788965023186101954,ok,
exp_copy_xcdr__py_to_py__1000000B__10Hz__shmem_ds__best_effort,receive,sub,py_to_py,copy,exp,xcdr,shmem_ds,1000000,10,1,measured,121,2026-09-09T14:43:43.286493Z,158216948653365,158216948240063,158216948653365,1788965023286072137,1788965023286349964,ok,
exp_copy_xcdr__py_to_py__1000000B__10Hz__shmem_ds__best_effort,receive,sub,py_to_py,copy,exp,xcdr,shmem_ds,1000000,10,1,measured,122,2026-09-09T14:43:43.386659Z,158217048817306,158217048333059,158217048817306,1788965023386164914,1788965023386501080,ok,
exp_copy_xcdr__py_to_py__1000000B__10Hz__shmem_ds__best_effort,receive,sub,py_to_py,copy,exp,xcdr,shmem_ds,1000000,10,1,measured,123,2026-09-09T14:43:43.487155Z,158217149317765,158217148875037,158217149317765,1788965023486705168,1788965023487010887,ok,
exp_copy_xcdr__py_to_py__1000000B__10Hz__shmem_ds__best_effort,receive,sub,py_to_py,copy,exp,xcdr,shmem_ds,1000000,10,1,measured,124,2026-09-09T14:43:43.587464Z,158217249604448,158217248982110,158217249604448,1788965023586843640,1788965023587265299,ok,
exp_copy_xcdr__py_to_py__1000000B__10Hz__shmem_ds__best_effort,receive,sub,py_to_py,copy,exp,xcdr,shmem_ds,1000000,10,1,measured,125,2026-09-09T14:43:43.686731Z,158217348859007,158217348050435,158217348859007,1788965023685906856,1788965023686512052,ok,
exp_copy_xcdr__py_to_py__1000000B__10Hz__shmem_ds__best_effort,receive,sub,py_to_py,copy,exp,xcdr,shmem_ds,1000000,10,1,measured,126,2026-09-09T14:43:43.785987Z,158217448137001,158217447611305,158217448137001,1788965023785449211,1788965023785797280,ok,
exp_copy_xcdr__py_to_py__1000000B__10Hz__shmem_ds__best_effort,receive,sub,py_to_py,copy,exp,xcdr,shmem_ds,1000000,10,1,measured,127,2026-09-09T14:43:43.885516Z,158217547631644,158217546714377,158217547631644,1788965023884573533,1788965023885255925,ok,
exp_copy_xcdr__py_to_py__1000000B__10Hz__shmem_ds__best_effort,receive,sub,py_to_py,copy,exp,xcdr,shmem_ds,1000000,10,1,measured,128,2026-09-09T14:43:43.986229Z,158217648357549,158217647574927,158217648357549,1788965023985427821,1788965023985998773,ok,
exp_copy_xcdr__py_to_py__1000000B__10Hz__shmem_ds__best_effort,receive,sub,py_to_py,copy,exp,xcdr,shmem_ds,1000000,10,1,measured,129,2026-09-09T14:43:44.087164Z,158217749316516,158217748312996,158217749316516,1788965024086179185,1788965024086938122,ok,
exp_copy_xcdr__py_to_py__1000000B__10Hz__shmem_ds__best_effort,receive,sub,py_to_py,copy,exp,xcdr,shmem_ds,1000000,10,1,measured,130,2026-09-09T14:43:44.187431Z,158217849576209,158217848955633,158217849576209,1788965024186815461,1788965024187242520,ok,
exp_copy_xcdr__py_to_py__1000000B__10Hz__shmem_ds__best_effort,receive,sub,py_to_py,copy,exp,xcdr,shmem_ds,1000000,10,1,measured,131,2026-09-09T14:43:44.286757Z,158217948920809,158217948510502,158217948920809,1788965024286341124,1788965024286609332,ok,
exp_copy_xcdr__py_to_py__1000000B__10Hz__shmem_ds__best_effort,receive,sub,py_to_py,copy,exp,xcdr,shmem_ds,1000000,10,1,measured,132,2026-09-09T14:43:44.386045Z,158218048198010,158218047643530,158218048198010,1788965024385477458,1788965024385861395,ok,
exp_copy_xcdr__py_to_py__1000000B__10Hz__shmem_ds__best_effort,receive,sub,py_to_py,copy,exp,xcdr,shmem_ds,1000000,10,1,measured,133,2026-09-09T14:43:44.486612Z,158218148778802,158218148378524,158218148778802,1788965024486207793,1788965024486468326,ok,
exp_copy_xcdr__py_to_py__1000000B__10Hz__shmem_ds__best_effort,receive,sub,py_to_py,copy,exp,xcdr,shmem_ds,1000000,10,1,measured,134,2026-09-09T14:43:44.587911Z,158218250054068,158218249342430,158218250054068,1788965024587194824,1788965024587674442,ok,
exp_copy_xcdr__py_to_py__1000000B__10Hz__shmem_ds__best_effort,receive,sub,py_to_py,copy,exp,xcdr,shmem_ds,1000000,10,1,measured,135,2026-09-09T14:43:44.687412Z,158218349536659,158218348568234,158218349536659,1788965024686438792,1788965024687169416,ok,
exp_copy_xcdr__py_to_py__1000000B__10Hz__shmem_ds__best_effort,receive,sub,py_to_py,copy,exp,xcdr,shmem_ds,1000000,10,1,measured,136,2026-09-09T14:43:44.787279Z,158218449419558,158218448615455,158218449419558,1788965024786469221,1788965024787043899,ok,
exp_copy_xcdr__py_to_py__1000000B__10Hz__shmem_ds__best_effort,receive,sub,py_to_py,copy,exp,xcdr,shmem_ds,1000000,10,1,measured,137,2026-09-09T14:43:44.886507Z,158218548637086,158218547666999,158218548637086,1788965024885530143,1788965024886243374,ok,
exp_copy_xcdr__py_to_py__1000000B__10Hz__shmem_ds__best_effort,receive,sub,py_to_py,copy,exp,xcdr,shmem_ds,1000000,10,1,measured,138,2026-09-09T14:43:44.987022Z,158218649174466,158218648226941,158218649174466,1788965024986101467,1788965024986854402,ok,
exp_copy_xcdr__py_to_py__1000000B__10Hz__shmem_ds__best_effort,receive,sub,py_to_py,copy,exp,xcdr,shmem_ds,1000000,10,1,measured,139,2026-09-09T14:43:45.087129Z,158218749274566,158218748674780,158218749274566,1788965025086526332,1788965025086945165,ok,
exp_copy_xcdr__py_to_py__1000000B__10Hz__shmem_ds__best_effort,receive,sub,py_to_py,copy,exp,xcdr,shmem_ds,1000000,10,1,measured,140,2026-09-09T14:43:45.186578Z,158218848718405,158218847944689,158218848718405,1788965025185792895,1788965025186361131,ok,
exp_copy_xcdr__py_to_py__1000000B__10Hz__shmem_ds__best_effort,receive,sub,py_to_py,copy,exp,xcdr,shmem_ds,1000000,10,1,measured,141,2026-09-09T14:43:45.286200Z,158218948351802,158218947834663,158218948351802,1788965025285668811,1788965025286003375,ok,
exp_copy_xcdr__py_to_py__1000000B__10Hz__shmem_ds__best_effort,receive,sub,py_to_py,copy,exp,xcdr,shmem_ds,1000000,10,1,measured,142,2026-09-09T14:43:45.387093Z,158219049208546,158219048076352,158219049208546,1788965025385949485,1788965025386816466,ok,
exp_copy_xcdr__py_to_py__1000000B__10Hz__shmem_ds__best_effort,receive,sub,py_to_py,copy,exp,xcdr,shmem_ds,1000000,10,1,measured,143,2026-09-09T14:43:45.485783Z,158219147945706,158219147496495,158219147945706,1788965025485337567,1788965025485645510,ok,
exp_copy_xcdr__py_to_py__1000000B__10Hz__shmem_ds__best_effort,receive,sub,py_to_py,copy,exp,xcdr,shmem_ds,1000000,10,1,measured,144,2026-09-09T14:43:45.587245Z,158219249367861,158219248324104,158219249367861,1788965025586188290,1788965025586981953,ok,
exp_copy_xcdr__py_to_py__1000000B__10Hz__shmem_ds__best_effort,receive,sub,py_to_py,copy,exp,xcdr,shmem_ds,1000000,10,1,measured,145,2026-09-09T14:43:45.686649Z,158219348785900,158219348067149,158219348785900,1788965025685915034,1788965025686425030,ok,
exp_copy_xcdr__py_to_py__1000000B__10Hz__shmem_ds__best_effort,receive,sub,py_to_py,copy,exp,xcdr,shmem_ds,1000000,10,1,measured,146,2026-09-09T14:43:45.786048Z,158219448190103,158219447521818,158219448190103,1788965025785368009,1788965025785841316,ok,
exp_copy_xcdr__py_to_py__1000000B__10Hz__shmem_ds__best_effort,receive,sub,py_to_py,copy,exp,xcdr,shmem_ds,1000000,10,1,measured,147,2026-09-09T14:43:45.886418Z,158219548546429,158219547625215,158219548546429,1788965025885483850,1788965025886155933,ok,
exp_copy_xcdr__py_to_py__1000000B__10Hz__shmem_ds__best_effort,receive,sub,py_to_py,copy,exp,xcdr,shmem_ds,1000000,10,1,measured,148,2026-09-09T14:43:45.986968Z,158219649096030,158219648136002,158219649096030,1788965025986002723,1788965025986727195,ok,
exp_copy_xcdr__py_to_py__1000000B__10Hz__shmem_ds__best_effort,receive,sub,py_to_py,copy,exp,xcdr,shmem_ds,1000000,10,1,measured,149,2026-09-09T14:43:46.085740Z,158219747900299,158219747434567,158219747900299,1788965026085272843,1788965026085582310,ok,
exp_copy_xcdr__py_to_py__1000000B__10Hz__shmem_ds__best_effort,receive,sub,py_to_py,copy,exp,xcdr,shmem_ds,1000000,10,1,measured,150,2026-09-09T14:43:46.186131Z,158219848269580,158219847141042,158219848269580,1788965026185006190,1788965026185876739,ok,
exp_copy_xcdr__py_to_py__1000000B__10Hz__shmem_ds__best_effort,receive,sub,py_to_py,copy,exp,xcdr,shmem_ds,1000000,10,1,measured,151,2026-09-09T14:43:46.286412Z,158219948567886,158219948060575,158219948567886,1788965026285902699,1788965026286244707,ok,
exp_copy_xcdr__py_to_py__1000000B__10Hz__shmem_ds__best_effort,receive,sub,py_to_py,copy,exp,xcdr,shmem_ds,1000000,10,1,measured,152,2026-09-09T14:43:46.386980Z,158220049118882,158220048372689,158220049118882,1788965026386217959,1788965026386744196,ok,
exp_copy_xcdr__py_to_py__1000000B__10Hz__shmem_ds__best_effort,receive,sub,py_to_py,copy,exp,xcdr,shmem_ds,1000000,10,1,measured,153,2026-09-09T14:43:46.487335Z,158220149451464,158220148320242,158220149451464,1788965026486189557,1788965026487063021,ok,
exp_copy_xcdr__py_to_py__1000000B__10Hz__shmem_ds__best_effort,receive,sub,py_to_py,copy,exp,xcdr,shmem_ds,1000000,10,1,measured,154,2026-09-09T14:43:46.587111Z,158220249260905,158220248354168,158220249260905,1788965026586221740,1788965026586934771,ok,
exp_copy_xcdr__py_to_py__1000000B__10Hz__shmem_ds__best_effort,receive,sub,py_to_py,copy,exp,xcdr,shmem_ds,1000000,10,1,measured,155,2026-09-09T14:43:46.686356Z,158220348488965,158220347609079,158220348488965,1788965026685471912,1788965026686131060,ok,
exp_copy_xcdr__py_to_py__1000000B__10Hz__shmem_ds__best_effort,receive,sub,py_to_py,copy,exp,xcdr,shmem_ds,1000000,10,1,measured,156,2026-09-09T14:43:46.785716Z,158220447852552,158220446973888,158220447852552,1788965026784835659,1788965026785417791,ok,
exp_copy_xcdr__py_to_py__1000000B__10Hz__shmem_ds__best_effort,receive,sub,py_to_py,copy,exp,xcdr,shmem_ds,1000000,10,1,measured,157,2026-09-09T14:43:46.885747Z,158220547865959,158220546721422,158220547865959,1788965026884591499,1788965026885490060,ok,
exp_copy_xcdr__py_to_py__1000000B__10Hz__shmem_ds__best_effort,receive,sub,py_to_py,copy,exp,xcdr,shmem_ds,1000000,10,1,measured,158,2026-09-09T14:43:46.985792Z,158220647943809,158220646929698,158220647943809,1788965026984799584,1788965026985603988,ok,
exp_copy_xcdr__py_to_py__1000000B__10Hz__shmem_ds__best_effort,receive,sub,py_to_py,copy,exp,xcdr,shmem_ds,1000000,10,1,measured,159,2026-09-09T14:43:47.084627Z,158220746783944,158220746264040,158220746783944,1788965027084105132,1788965027084456738,ok,
exp_copy_xcdr__py_to_py__1000000B__10Hz__shmem_ds__best_effort,receive,sub,py_to_py,copy,exp,xcdr,shmem_ds,1000000,10,1,measured,160,2026-09-09T14:43:47.184228Z,158220846374130,158220845706836,158220846374130,1788965027183546265,1788965027184008821,ok,
exp_copy_xcdr__py_to_py__1000000B__10Hz__shmem_ds__best_effort,receive,sub,py_to_py,copy,exp,xcdr,shmem_ds,1000000,10,1,measured,161,2026-09-09T14:43:47.283554Z,158220945697010,158220944887798,158220945697010,1788965027282733909,1788965027283370935,ok,
exp_copy_xcdr__py_to_py__1000000B__10Hz__shmem_ds__best_effort,receive,sub,py_to_py,copy,exp,xcdr,shmem_ds,1000000,10,1,measured,162,2026-09-09T14:43:47.383351Z,158221045513845,158221045055608,158221045513845,1788965027382883194,1788965027383198972,ok,
exp_copy_xcdr__py_to_py__1000000B__10Hz__shmem_ds__best_effort,receive,sub,py_to_py,copy,exp,xcdr,shmem_ds,1000000,10,1,measured,163,2026-09-09T14:43:47.483791Z,158221145911451,158221144678917,158221145911451,1788965027482553843,1788965027483502390,ok,
exp_copy_xcdr__py_to_py__1000000B__10Hz__shmem_ds__best_effort,receive,sub,py_to_py,copy,exp,xcdr,shmem_ds,1000000,10,1,measured,164,2026-09-09T14:43:47.584184Z,158221246334355,158221245476891,158221246334355,1788965027583352929,1788965027584009232,ok,
exp_copy_xcdr__py_to_py__1000000B__10Hz__shmem_ds__best_effort,receive,sub,py_to_py,copy,exp,xcdr,shmem_ds,1000000,10,1,measured,165,2026-09-09T14:43:47.684892Z,158221347023753,158221346161149,158221347023753,1788965027684017179,1788965027684640389,ok,
exp_copy_xcdr__py_to_py__1000000B__10Hz__shmem_ds__best_effort,receive,sub,py_to_py,copy,exp,xcdr,shmem_ds,1000000,10,1,measured,166,2026-09-09T14:43:47.783527Z,158221445687875,158221445264484,158221445687875,1788965027783097991,1788965027783369776,ok,
exp_copy_xcdr__py_to_py__1000000B__10Hz__shmem_ds__best_effort,receive,sub,py_to_py,copy,exp,xcdr,shmem_ds,1000000,10,1,measured,167,2026-09-09T14:43:47.883626Z,158221545755476,158221544782523,158221545755476,1788965027882646569,1788965027883382643,ok,
exp_copy_xcdr__py_to_py__1000000B__10Hz__shmem_ds__best_effort,receive,sub,py_to_py,copy,exp,xcdr,shmem_ds,1000000,10,1,measured,168,2026-09-09T14:43:47.983833Z,158221645953473,158221645129032,158221645953473,1788965027982987617,1788965027983601920,ok,
exp_copy_xcdr__py_to_py__1000000B__10Hz__shmem_ds__best_effort,receive,sub,py_to_py,copy,exp,xcdr,shmem_ds,1000000,10,1,measured,169,2026-09-09T14:43:48.082783Z,158221744936880,158221744435971,158221744936880,1788965028082267725,1788965028082604002,ok,
exp_copy_xcdr__py_to_py__1000000B__10Hz__shmem_ds__best_effort,receive,sub,py_to_py,copy,exp,xcdr,shmem_ds,1000000,10,1,measured,170,2026-09-09T14:43:48.182265Z,158221844411519,158221843752110,158221844411519,1788965028181592410,1788965028182070676,ok,
exp_copy_xcdr__py_to_py__1000000B__10Hz__shmem_ds__best_effort,receive,sub,py_to_py,copy,exp,xcdr,shmem_ds,1000000,10,1,measured,171,2026-09-09T14:43:48.283025Z,158221945173825,158221944602233,158221945173825,1788965028282436572,1788965028282838964,ok,
exp_copy_xcdr__py_to_py__1000000B__10Hz__shmem_ds__best_effort,receive,sub,py_to_py,copy,exp,xcdr,shmem_ds,1000000,10,1,measured,172,2026-09-09T14:43:48.383045Z,158222045198004,158222044733294,158222045198004,1788965028382563244,1788965028382886597,ok,
exp_copy_xcdr__py_to_py__1000000B__10Hz__shmem_ds__best_effort,receive,sub,py_to_py,copy,exp,xcdr,shmem_ds,1000000,10,1,measured,173,2026-09-09T14:43:48.483076Z,158222145224989,158222144689124,158222145224989,1788965028482519846,1788965028482899765,ok,
exp_copy_xcdr__py_to_py__1000000B__10Hz__shmem_ds__best_effort,receive,sub,py_to_py,copy,exp,xcdr,shmem_ds,1000000,10,1,measured,174,2026-09-09T14:43:48.584087Z,158222246213965,158222245322136,158222246213965,1788965028583173938,1788965028583842664,ok,
exp_copy_xcdr__py_to_py__1000000B__10Hz__shmem_ds__best_effort,receive,sub,py_to_py,copy,exp,xcdr,shmem_ds,1000000,10,1,measured,175,2026-09-09T14:43:48.684557Z,158222346685450,158222345930771,158222346685450,1788965028683780268,1788965028684319810,ok,
exp_copy_xcdr__py_to_py__1000000B__10Hz__shmem_ds__best_effort,receive,sub,py_to_py,copy,exp,xcdr,shmem_ds,1000000,10,1,measured,176,2026-09-09T14:43:48.783928Z,158222446066171,158222445304638,158222446066171,1788965028783154697,1788965028783657590,ok,
exp_copy_xcdr__py_to_py__1000000B__10Hz__shmem_ds__best_effort,receive,sub,py_to_py,copy,exp,xcdr,shmem_ds,1000000,10,1,measured,177,2026-09-09T14:43:48.883511Z,158222545635849,158222544548690,158222545635849,1788965028882417083,1788965028883258717,ok,
exp_copy_xcdr__py_to_py__1000000B__10Hz__shmem_ds__best_effort,receive,sub,py_to_py,copy,exp,xcdr,shmem_ds,1000000,10,1,measured,178,2026-09-09T14:43:48.983414Z,158222645524501,158222644455516,158222645524501,1788965028982332707,1788965028983120238,ok,
exp_copy_xcdr__py_to_py__1000000B__10Hz__shmem_ds__best_effort,receive,sub,py_to_py,copy,exp,xcdr,shmem_ds,1000000,10,1,measured,179,2026-09-09T14:43:49.082668Z,158222744818407,158222744219282,158222744818407,1788965029082068419,1788965029082489146,ok,
exp_copy_xcdr__py_to_py__1000000B__10Hz__shmem_ds__best_effort,receive,sub,py_to_py,copy,exp,xcdr,shmem_ds,1000000,10,1,measured,180,2026-09-09T14:43:49.182686Z,158222844825965,158222844147520,158222844825965,1788965029181994543,1788965029182478459,ok,
exp_copy_xcdr__py_to_py__1000000B__10Hz__shmem_ds__best_effort,receive,sub,py_to_py,copy,exp,xcdr,shmem_ds,1000000,10,1,measured,181,2026-09-09T14:43:49.282970Z,158222945127379,158222944568491,158222945127379,1788965029282411797,1788965029282787658,ok,
exp_copy_xcdr__py_to_py__1000000B__10Hz__shmem_ds__best_effort,receive,sub,py_to_py,copy,exp,xcdr,shmem_ds,1000000,10,1,measured,182,2026-09-09T14:43:49.383283Z,158223045444883,158223044907214,158223045444883,1788965029382744559,1788965029383118467,ok,
exp_copy_xcdr__py_to_py__1000000B__10Hz__shmem_ds__best_effort,receive,sub,py_to_py,copy,exp,xcdr,shmem_ds,1000000,10,1,measured,183,2026-09-09T14:43:49.484301Z,158223146453777,158223145876003,158223146453777,1788965029483714089,1788965029484120709,ok,
exp_copy_xcdr__py_to_py__1000000B__10Hz__shmem_ds__best_effort,receive,sub,py_to_py,copy,exp,xcdr,shmem_ds,1000000,10,1,measured,184,2026-09-09T14:43:49.583852Z,158223246009620,158223245135043,158223246009620,1788965029582992506,1788965029583688093,ok,
exp_copy_xcdr__py_to_py__1000000B__10Hz__shmem_ds__best_effort,receive,sub,py_to_py,copy,exp,xcdr,shmem_ds,1000000,10,1,measured,185,2026-09-09T14:43:49.684043Z,158223346193772,158223344992998,158223346193772,1788965029682879145,1788965029683868238,ok,
exp_copy_xcdr__py_to_py__1000000B__10Hz__shmem_ds__best_effort,receive,sub,py_to_py,copy,exp,xcdr,shmem_ds,1000000,10,1,measured,186,2026-09-09T14:43:49.782929Z,158223445095015,158223444582344,158223445095015,1788965029782425249,1788965029782759001,ok,
exp_copy_xcdr__py_to_py__1000000B__10Hz__shmem_ds__best_effort,receive,sub,py_to_py,copy,exp,xcdr,shmem_ds,1000000,10,1,measured,187,2026-09-09T14:43:49.884263Z,158223546383439,158223545369278,158223546383439,1788965029883232742,1788965029883998522,ok,
exp_copy_xcdr__py_to_py__1000000B__10Hz__shmem_ds__best_effort,receive,sub,py_to_py,copy,exp,xcdr,shmem_ds,1000000,10,1,measured,188,2026-09-09T14:43:49.983566Z,158223645693916,158223644862441,158223645693916,1788965029982719203,1788965029983338666,ok,
exp_copy_xcdr__py_to_py__1000000B__10Hz__shmem_ds__best_effort,receive,sub,py_to_py,copy,exp,xcdr,shmem_ds,1000000,10,1,measured,189,2026-09-09T14:43:50.082558Z,158223744713986,158223744168042,158223744713986,1788965030082006048,1788965030082382581,ok,
exp_copy_xcdr__py_to_py__1000000B__10Hz__shmem_ds__best_effort,receive,sub,py_to_py,copy,exp,xcdr,shmem_ds,1000000,10,1,measured,190,2026-09-09T14:43:50.182505Z,158223844653615,158223844063688,158223844653615,1788965030181904309,1788965030182317081,ok,
exp_copy_xcdr__py_to_py__1000000B__10Hz__shmem_ds__best_effort,receive,sub,py_to_py,copy,exp,xcdr,shmem_ds,1000000,10,1,measured,191,2026-09-09T14:43:50.282299Z,158223944453610,158223943897918,158223944453610,1788965030281735824,1788965030282122266,ok,
exp_copy_xcdr__py_to_py__1000000B__10Hz__shmem_ds__best_effort,receive,sub,py_to_py,copy,exp,xcdr,shmem_ds,1000000,10,1,measured,192,2026-09-09T14:43:50.382097Z,158224044227506,158224043487955,158224044227506,1788965030381334978,1788965030381865172,ok,
exp_copy_xcdr__py_to_py__1000000B__10Hz__shmem_ds__best_effort,receive,sub,py_to_py,copy,exp,xcdr,shmem_ds,1000000,10,1,measured,193,2026-09-09T14:43:50.481356Z,158224143504019,158224142962534,158224143504019,1788965030480814406,1788965030481174498,ok,
exp_copy_xcdr__py_to_py__1000000B__10Hz__shmem_ds__best_effort,receive,sub,py_to_py,copy,exp,xcdr,shmem_ds,1000000,10,1,measured,194,2026-09-09T14:43:50.582298Z,158224244443532,158224243852132,158224244443532,1788965030581693715,1788965030582094534,ok,
exp_copy_xcdr__py_to_py__1000000B__10Hz__shmem_ds__best_effort,receive,sub,py_to_py,copy,exp,xcdr,shmem_ds,1000000,10,1,measured,195,2026-09-09T14:43:50.682462Z,158224344587880,158224343739473,158224344587880,1788965030681592387,1788965030682206611,ok,
exp_copy_xcdr__py_to_py__1000000B__10Hz__shmem_ds__best_effort,receive,sub,py_to_py,copy,exp,xcdr,shmem_ds,1000000,10,1,measured,196,2026-09-09T14:43:50.783016Z,158224445165598,158224444452167,158224445165598,1788965030782306473,1788965030782781383,ok,
exp_copy_xcdr__py_to_py__1000000B__10Hz__shmem_ds__best_effort,receive,sub,py_to_py,copy,exp,xcdr,shmem_ds,1000000,10,1,measured,197,2026-09-09T14:43:50.883404Z,158224545558396,158224544622303,158224545558396,1788965030882491799,1788965030883236980,ok,
exp_copy_xcdr__py_to_py__1000000B__10Hz__shmem_ds__best_effort,receive,sub,py_to_py,copy,exp,xcdr,shmem_ds,1000000,10,1,measured,198,2026-09-09T14:43:50.982493Z,158224644641343,158224643719056,158224644641343,1788965030981586127,1788965030982294328,ok,
exp_copy_xcdr__py_to_py__1000000B__10Hz__shmem_ds__best_effort,receive,sub,py_to_py,copy,exp,xcdr,shmem_ds,1000000,10,1,measured,199,2026-09-09T14:43:51.083127Z,158224745258917,158224744645315,158224745258917,1788965031082494552,1788965031082904418,ok,
exp_copy_xcdr__py_to_py__1000000B__10Hz__shmem_ds__best_effort,receive,sub,py_to_py,copy,exp,xcdr,shmem_ds,1000000,10,1,measured,200,2026-09-09T14:43:51.183973Z,158224846111878,158224845329356,158224846111878,1788965031183183152,1788965031183755185,ok,
exp_copy_xcdr__py_to_py__1000000B__10Hz__shmem_ds__best_effort,receive,sub,py_to_py,copy,exp,xcdr,shmem_ds,1000000,10,1,measured,201,2026-09-09T14:43:51.284595Z,158224946747555,158224946228141,158224946747555,1788965031284065877,1788965031284418004,ok,
exp_copy_xcdr__py_to_py__1000000B__10Hz__shmem_ds__best_effort,receive,sub,py_to_py,copy,exp,xcdr,shmem_ds,1000000,10,1,measured,202,2026-09-09T14:43:51.385326Z,158225047483614,158225047048380,158225047483614,1788965031384877720,1788965031385162419,ok,
exp_copy_xcdr__py_to_py__1000000B__10Hz__shmem_ds__best_effort,receive,sub,py_to_py,copy,exp,xcdr,shmem_ds,1000000,10,1,measured,203,2026-09-09T14:43:51.486196Z,158225148348036,158225147776393,158225148348036,1788965031485611063,1788965031486010299,ok,
exp_copy_xcdr__py_to_py__1000000B__10Hz__shmem_ds__best_effort,receive,sub,py_to_py,copy,exp,xcdr,shmem_ds,1000000,10,1,measured,204,2026-09-09T14:43:51.585787Z,158225247944016,158225247168157,158225247944016,1788965031585023856,1788965031585628632,ok,
exp_copy_xcdr__py_to_py__1000000B__10Hz__shmem_ds__best_effort,receive,sub,py_to_py,copy,exp,xcdr,shmem_ds,1000000,10,1,measured,205,2026-09-09T14:43:51.685868Z,158225347996279,158225347150026,158225347996279,1788965031685004373,1788965031685643914,ok,
exp_copy_xcdr__py_to_py__1000000B__10Hz__shmem_ds__best_effort,receive,sub,py_to_py,copy,exp,xcdr,shmem_ds,1000000,10,1,measured,206,2026-09-09T14:43:51.784761Z,158225446920806,158225446503265,158225446920806,1788965031784337033,1788965031784611433,ok,
exp_copy_xcdr__py_to_py__1000000B__10Hz__shmem_ds__best_effort,receive,sub,py_to_py,copy,exp,xcdr,shmem_ds,1000000,10,1,measured,207,2026-09-09T14:43:51.884868Z,158225546998227,158225546353296,158225546998227,1788965031884202012,1788965031884644620,ok,
exp_copy_xcdr__py_to_py__1000000B__10Hz__shmem_ds__best_effort,receive,sub,py_to_py,copy,exp,xcdr,shmem_ds,1000000,10,1,measured,208,2026-09-09T14:43:51.984281Z,158225646410759,158225645500125,158225646410759,1788965031983363669,1788965031984032325,ok,
exp_copy_xcdr__py_to_py__1000000B__10Hz__shmem_ds__best_effort,receive,sub,py_to_py,copy,exp,xcdr,shmem_ds,1000000,10,1,measured,209,2026-09-09T14:43:52.083606Z,158225745758057,158225745206643,158225745758057,1788965032083049088,1788965032083421803,ok,
exp_copy_xcdr__py_to_py__1000000B__10Hz__shmem_ds__best_effort,receive,sub,py_to_py,copy,exp,xcdr,shmem_ds,1000000,10,1,measured,210,2026-09-09T14:43:52.184672Z,158225846823300,158225846174471,158225846823300,1788965032184017326,1788965032184485313,ok,
exp_copy_xcdr__py_to_py__1000000B__10Hz__shmem_ds__best_effort,receive,sub,py_to_py,copy,exp,xcdr,shmem_ds,1000000,10,1,measured,211,2026-09-09T14:43:52.284060Z,158225946213079,158225945677034,158225946213079,1788965032283516162,1788965032283887987,ok,
exp_copy_xcdr__py_to_py__1000000B__10Hz__shmem_ds__best_effort,receive,sub,py_to_py,copy,exp,xcdr,shmem_ds,1000000,10,1,measured,212,2026-09-09T14:43:52.384452Z,158226046615627,158226046215158,158226046615627,1788965032384044969,1788965032384306093,ok,
exp_copy_xcdr__py_to_py__1000000B__10Hz__shmem_ds__best_effort,receive,sub,py_to_py,copy,exp,xcdr,shmem_ds,1000000,10,1,measured,213,2026-09-09T14:43:52.484470Z,158226146630289,158226146154939,158226146630289,1788965032483984930,1788965032484300467,ok,
exp_copy_xcdr__py_to_py__1000000B__10Hz__shmem_ds__best_effort,receive,sub,py_to_py,copy,exp,xcdr,shmem_ds,1000000,10,1,measured,214,2026-09-09T14:43:52.584440Z,158226246583406,158226246010702,158226246583406,1788965032583851874,1788965032584246461,ok,
exp_copy_xcdr__py_to_py__1000000B__10Hz__shmem_ds__best_effort,receive,sub,py_to_py,copy,exp,xcdr,shmem_ds,1000000,10,1,measured,215,2026-09-09T14:43:52.685440Z,158226347592571,158226346927652,158226347592571,1788965032684770046,1788965032685238934,ok,
exp_copy_xcdr__py_to_py__1000000B__10Hz__shmem_ds__best_effort,receive,sub,py_to_py,copy,exp,xcdr,shmem_ds,1000000,10,1,measured,216,2026-09-09T14:43:52.786540Z,158226448680106,158226447949012,158226448680106,1788965032785799932,1788965032786294138,ok,
exp_copy_xcdr__py_to_py__1000000B__10Hz__shmem_ds__best_effort,receive,sub,py_to_py,copy,exp,xcdr,shmem_ds,1000000,10,1,measured,217,2026-09-09T14:43:52.887128Z,158226549275949,158226548144246,158226549275949,1788965032886026025,1788965032886910119,ok,
exp_copy_xcdr__py_to_py__1000000B__10Hz__shmem_ds__best_effort,receive,sub,py_to_py,copy,exp,xcdr,shmem_ds,1000000,10,1,measured,218,2026-09-09T14:43:52.986921Z,158226649068010,158226648499403,158226649068010,1788965032986343291,1788965032986715676,ok,
exp_copy_xcdr__py_to_py__1000000B__10Hz__shmem_ds__best_effort,receive,sub,py_to_py,copy,exp,xcdr,shmem_ds,1000000,10,1,measured,219,2026-09-09T14:43:53.086091Z,158226748249466,158226747762884,158226748249466,1788965033085601411,1788965033085932799,ok,
exp_copy_xcdr__py_to_py__1000000B__10Hz__shmem_ds__best_effort,receive,sub,py_to_py,copy,exp,xcdr,shmem_ds,1000000,10,1,measured,220,2026-09-09T14:43:53.185964Z,158226848103795,158226847386868,158226848103795,1788965033185232819,1788965033185736493,ok,
exp_copy_xcdr__py_to_py__1000000B__10Hz__shmem_ds__best_effort,receive,sub,py_to_py,copy,exp,xcdr,shmem_ds,1000000,10,1,measured,221,2026-09-09T14:43:53.286530Z,158226948693147,158226948280105,158226948693147,1788965033286113923,1788965033286384355,ok,
exp_copy_xcdr__py_to_py__1000000B__10Hz__shmem_ds__best_effort,receive,sub,py_to_py,copy,exp,xcdr,shmem_ds,1000000,10,1,measured,222,2026-09-09T14:43:53.386787Z,158227048945091,158227048436357,158227048945091,1788965033386271357,1788965033386617403,ok,
exp_copy_xcdr__py_to_py__1000000B__10Hz__shmem_ds__best_effort,receive,sub,py_to_py,copy,exp,xcdr,shmem_ds,1000000,10,1,measured,223,2026-09-09T14:43:53.486722Z,158227148890321,158227148504751,158227148890321,1788965033486333740,1788965033486582461,ok,
exp_copy_xcdr__py_to_py__1000000B__10Hz__shmem_ds__best_effort,receive,sub,py_to_py,copy,exp,xcdr,shmem_ds,1000000,10,1,measured,224,2026-09-09T14:43:53.587728Z,158227249883979,158227249064376,158227249883979,1788965033586931838,1788965033587561080,ok,
exp_copy_xcdr__py_to_py__1000000B__10Hz__shmem_ds__best_effort,receive,sub,py_to_py,copy,exp,xcdr,shmem_ds,1000000,10,1,measured,225,2026-09-09T14:43:53.686716Z,158227348864694,158227348224451,158227348864694,1788965033686071214,1788965033686541625,ok,
exp_copy_xcdr__py_to_py__1000000B__10Hz__shmem_ds__best_effort,receive,sub,py_to_py,copy,exp,xcdr,shmem_ds,1000000,10,1,measured,226,2026-09-09T14:43:53.786721Z,158227448878406,158227448331050,158227448878406,1788965033786171831,1788965033786551981,ok,
exp_copy_xcdr__py_to_py__1000000B__10Hz__shmem_ds__best_effort,receive,sub,py_to_py,copy,exp,xcdr,shmem_ds,1000000,10,1,measured,227,2026-09-09T14:43:53.887514Z,158227549635415,158227548425283,158227549635415,1788965033886304337,1788965033887244006,ok,
exp_copy_xcdr__py_to_py__1000000B__10Hz__shmem_ds__best_effort,receive,sub,py_to_py,copy,exp,xcdr,shmem_ds,1000000,10,1,measured,228,2026-09-09T14:43:53.988001Z,158227650121450,158227649115926,158227650121450,1788965033986984079,1788965033987717288,ok,
exp_copy_xcdr__py_to_py__1000000B__10Hz__shmem_ds__best_effort,receive,sub,py_to_py,copy,exp,xcdr,shmem_ds,1000000,10,1,measured,229,2026-09-09T14:43:54.087233Z,158227749355275,158227748426727,158227749355275,1788965034086288337,1788965034086972573,ok,
exp_copy_xcdr__py_to_py__1000000B__10Hz__shmem_ds__best_effort,receive,sub,py_to_py,copy,exp,xcdr,shmem_ds,1000000,10,1,measured,230,2026-09-09T14:43:54.188066Z,158227850194410,158227849298394,158227850194410,1788965034187153602,1788965034187823801,ok,
exp_copy_xcdr__py_to_py__1000000B__10Hz__shmem_ds__best_effort,receive,sub,py_to_py,copy,exp,xcdr,shmem_ds,1000000,10,1,measured,231,2026-09-09T14:43:54.287011Z,158227949155008,158227948467817,158227949155008,1788965034286317385,1788965034286817843,ok,
exp_copy_xcdr__py_to_py__1000000B__10Hz__shmem_ds__best_effort,receive,sub,py_to_py,copy,exp,xcdr,shmem_ds,1000000,10,1,measured,232,2026-09-09T14:43:54.386302Z,158228048448036,158228047813234,158228048448036,1788965034385653364,1788965034386102564,ok,
exp_copy_xcdr__py_to_py__1000000B__10Hz__shmem_ds__best_effort,receive,sub,py_to_py,copy,exp,xcdr,shmem_ds,1000000,10,1,measured,233,2026-09-09T14:43:54.486202Z,158228148364374,158228147965849,158228148364374,1788965034485794597,1788965034486057415,ok,
exp_copy_xcdr__py_to_py__1000000B__10Hz__shmem_ds__best_effort,receive,sub,py_to_py,copy,exp,xcdr,shmem_ds,1000000,10,1,measured,234,2026-09-09T14:43:54.586751Z,158228248901087,158228248336618,158228248901087,1788965034586175115,1788965034586563951,ok,
exp_copy_xcdr__py_to_py__1000000B__10Hz__shmem_ds__best_effort,receive,sub,py_to_py,copy,exp,xcdr,shmem_ds,1000000,10,1,measured,235,2026-09-09T14:43:54.686400Z,158228348541201,158228347858639,158228348541201,1788965034685704590,1788965034686190460,ok,
exp_copy_xcdr__py_to_py__1000000B__10Hz__shmem_ds__best_effort,receive,sub,py_to_py,copy,exp,xcdr,shmem_ds,1000000,10,1,measured,236,2026-09-09T14:43:54.786177Z,158228448297205,158228447178907,158228448297205,1788965034785053593,1788965034785895317,ok,
exp_copy_xcdr__py_to_py__1000000B__10Hz__shmem_ds__best_effort,receive,sub,py_to_py,copy,exp,xcdr,shmem_ds,1000000,10,1,measured,237,2026-09-09T14:43:54.886830Z,158228548942964,158228547909166,158228548942964,1788965034885774734,1788965034886547427,ok,
exp_copy_xcdr__py_to_py__1000000B__10Hz__shmem_ds__best_effort,receive,sub,py_to_py,copy,exp,xcdr,shmem_ds,1000000,10,1,measured,238,2026-09-09T14:43:54.986384Z,158228648506813,158228647435945,158228648506813,1788965034985310961,1788965034986134752,ok,
exp_copy_xcdr__py_to_py__1000000B__10Hz__shmem_ds__best_effort,receive,sub,py_to_py,copy,exp,xcdr,shmem_ds,1000000,10,1,measured,239,2026-09-09T14:43:55.085902Z,158228748058461,158228747542223,158228748058461,1788965035085383756,1788965035085723690,ok,
exp_copy_xcdr__py_to_py__1000000B__10Hz__shmem_ds__best_effort,receive,sub,py_to_py,copy,exp,xcdr,shmem_ds,1000000,10,1,measured,240,2026-09-09T14:43:55.186467Z,158228848608228,158228847795459,158228848608228,1788965035185649105,1788965035186249752,ok,
exp_copy_xcdr__py_to_py__1000000B__10Hz__shmem_ds__best_effort,receive,sub,py_to_py,copy,exp,xcdr,shmem_ds,1000000,10,1,measured,241,2026-09-09T14:43:55.285786Z,158228947951892,158228947552105,158228947951892,1788965035285381264,1788965035285641847,ok,
exp_copy_xcdr__py_to_py__1000000B__10Hz__shmem_ds__best_effort,receive,sub,py_to_py,copy,exp,xcdr,shmem_ds,1000000,10,1,measured,242,2026-09-09T14:43:55.386115Z,158229048273628,158229047747221,158229048273628,1788965035385583834,1788965035385946561,ok,
exp_copy_xcdr__py_to_py__1000000B__10Hz__shmem_ds__best_effort,receive,sub,py_to_py,copy,exp,xcdr,shmem_ds,1000000,10,1,measured,243,2026-09-09T14:43:55.486066Z,158229148231304,158229147775180,158229148231304,1788965035485606844,1788965035485916551,ok,
exp_copy_xcdr__py_to_py__1000000B__10Hz__shmem_ds__best_effort,receive,sub,py_to_py,copy,exp,xcdr,shmem_ds,1000000,10,1,measured,244,2026-09-09T14:43:55.587662Z,158229249779052,158229248738562,158229249779052,1788965035586604901,1788965035587383325,ok,
exp_copy_xcdr__py_to_py__1000000B__10Hz__shmem_ds__best_effort,receive,sub,py_to_py,copy,exp,xcdr,shmem_ds,1000000,10,1,measured,245,2026-09-09T14:43:55.686632Z,158229348766411,158229348139544,158229348766411,1788965035685987088,1788965035686428023,ok,
exp_copy_xcdr__py_to_py__1000000B__10Hz__shmem_ds__best_effort,receive,sub,py_to_py,copy,exp,xcdr,shmem_ds,1000000,10,1,measured,246,2026-09-09T14:43:55.787182Z,158229449307191,158229448515001,158229449307191,1788965035786353768,1788965035786930170,ok,
exp_copy_xcdr__py_to_py__1000000B__10Hz__shmem_ds__best_effort,receive,sub,py_to_py,copy,exp,xcdr,shmem_ds,1000000,10,1,measured,247,2026-09-09T14:43:55.886890Z,158229549018361,158229548067279,158229549018361,1788965035885926015,1788965035886623957,ok,
exp_copy_xcdr__py_to_py__1000000B__10Hz__shmem_ds__best_effort,receive,sub,py_to_py,copy,exp,xcdr,shmem_ds,1000000,10,1,measured,248,2026-09-09T14:43:55.986840Z,158229648941352,158229647877106,158229648941352,1788965035985745149,1788965035986539303,ok,
exp_copy_xcdr__py_to_py__1000000B__10Hz__shmem_ds__best_effort,receive,sub,py_to_py,copy,exp,xcdr,shmem_ds,1000000,10,1,measured,249,2026-09-09T14:43:56.086402Z,158229748568422,158229748132787,158229748568422,1788965036085970082,1788965036086255312,ok,
exp_copy_xcdr__py_to_py__1000000B__10Hz__shmem_ds__best_effort,receive,sub,py_to_py,copy,exp,xcdr,shmem_ds,1000000,10,1,measured,250,2026-09-09T14:43:56.186267Z,158229848412624,158229847739880,158229848412624,1788965036185583407,1788965036186053978,ok,
exp_copy_xcdr__py_to_py__1000000B__10Hz__shmem_ds__best_effort,receive,sub,py_to_py,copy,exp,xcdr,shmem_ds,1000000,10,1,measured,251,2026-09-09T14:43:56.285630Z,158229947792368,158229947342746,158229947792368,1788965036285173388,1788965036285474258,ok,
exp_copy_xcdr__py_to_py__1000000B__10Hz__shmem_ds__best_effort,receive,sub,py_to_py,copy,exp,xcdr,shmem_ds,1000000,10,1,measured,252,2026-09-09T14:43:56.387042Z,158230049164252,158230047962867,158230049164252,1788965036385852180,1788965036386771572,ok,
exp_copy_xcdr__py_to_py__1000000B__10Hz__shmem_ds__best_effort,receive,sub,py_to_py,copy,exp,xcdr,shmem_ds,1000000,10,1,measured,253,2026-09-09T14:43:56.485408Z,158230147564740,158230147038954,158230147564740,1788965036484883743,1788965036485242342,ok,
exp_copy_xcdr__py_to_py__1000000B__10Hz__shmem_ds__best_effort,receive,sub,py_to_py,copy,exp,xcdr,shmem_ds,1000000,10,1,measured,254,2026-09-09T14:43:56.586006Z,158230248121120,158230247026947,158230248121120,1788965036584896523,1788965036585705235,ok,
exp_copy_xcdr__py_to_py__1000000B__10Hz__shmem_ds__best_effort,receive,sub,py_to_py,copy,exp,xcdr,shmem_ds,1000000,10,1,measured,255,2026-09-09T14:43:56.686447Z,158230348599583,158230347966003,158230348599583,1788965036685827113,1788965036686283016,ok,
exp_copy_xcdr__py_to_py__1000000B__10Hz__shmem_ds__best_effort,receive,sub,py_to_py,copy,exp,xcdr,shmem_ds,1000000,10,1,measured,256,2026-09-09T14:43:56.787946Z,158230450095893,158230449031678,158230450095893,1788965036786911994,1788965036787733560,ok,
exp_copy_xcdr__py_to_py__1000000B__10Hz__shmem_ds__best_effort,receive,sub,py_to_py,copy,exp,xcdr,shmem_ds,1000000,10,1,measured,257,2026-09-09T14:43:56.887029Z,158230549154888,158230548167578,158230549154888,1788965036886033196,1788965036886776303,ok,
exp_copy_xcdr__py_to_py__1000000B__10Hz__shmem_ds__best_effort,receive,sub,py_to_py,copy,exp,xcdr,shmem_ds,1000000,10,1,measured,258,2026-09-09T14:43:56.986465Z,158230648590205,158230647591264,158230648590205,1788965036985460218,1788965036986215719,ok,
exp_copy_xcdr__py_to_py__1000000B__10Hz__shmem_ds__best_effort,receive,sub,py_to_py,copy,exp,xcdr,shmem_ds,1000000,10,1,measured,259,2026-09-09T14:43:57.085365Z,158230747524375,158230747034387,158230747524375,1788965037084872443,1788965037085200805,ok,
exp_copy_xcdr__py_to_py__1000000B__10Hz__shmem_ds__best_effort,receive,sub,py_to_py,copy,exp,xcdr,shmem_ds,1000000,10,1,measured,260,2026-09-09T14:43:57.186235Z,158230848397826,158230847877971,158230848397826,1788965037185717280,1788965037186067653,ok,
exp_copy_xcdr__py_to_py__1000000B__10Hz__shmem_ds__best_effort,receive,sub,py_to_py,copy,exp,xcdr,shmem_ds,1000000,10,1,measured,261,2026-09-09T14:43:57.287202Z,158230949353373,158230948649761,158230949353373,1788965037286490502,1788965037286991260,ok,
exp_copy_xcdr__py_to_py__1000000B__10Hz__shmem_ds__best_effort,receive,sub,py_to_py,copy,exp,xcdr,shmem_ds,1000000,10,1,measured,262,2026-09-09T14:43:57.388530Z,158231050651520,158231049510278,158231050651520,1788965037387387318,1788965037388275400,ok,
exp_copy_xcdr__py_to_py__1000000B__10Hz__shmem_ds__best_effort,receive,sub,py_to_py,copy,exp,xcdr,shmem_ds,1000000,10,1,measured,263,2026-09-09T14:43:57.487503Z,158231149666212,158231149169050,158231149666212,1788965037487011695,1788965037487352481,ok,
exp_copy_xcdr__py_to_py__1000000B__10Hz__shmem_ds__best_effort,receive,sub,py_to_py,copy,exp,xcdr,shmem_ds,1000000,10,1,measured,264,2026-09-09T14:43:57.586885Z,158231249037027,158231248449624,158231249037027,1788965037586292259,1788965037586693860,ok,
exp_copy_xcdr__py_to_py__1000000B__10Hz__shmem_ds__best_effort,receive,sub,py_to_py,copy,exp,xcdr,shmem_ds,1000000,10,1,measured,265,2026-09-09T14:43:57.687457Z,158231349620039,158231349136764,158231349620039,1788965037686978006,1788965037687306047,ok,
exp_copy_xcdr__py_to_py__1000000B__10Hz__shmem_ds__best_effort,receive,sub,py_to_py,copy,exp,xcdr,shmem_ds,1000000,10,1,measured,266,2026-09-09T14:43:57.788111Z,158231450254667,158231449561004,158231450254667,1788965037787406083,1788965037787906581,ok,
exp_copy_xcdr__py_to_py__1000000B__10Hz__shmem_ds__best_effort,receive,sub,py_to_py,copy,exp,xcdr,shmem_ds,1000000,10,1,measured,267,2026-09-09T14:43:57.888592Z,158231550712151,158231549817026,158231550712151,1788965037887675410,1788965037888333116,ok,
exp_copy_xcdr__py_to_py__1000000B__10Hz__shmem_ds__best_effort,receive,sub,py_to_py,copy,exp,xcdr,shmem_ds,1000000,10,1,measured,268,2026-09-09T14:43:57.989726Z,158231651843150,158231650840050,158231651843150,1788965037988705529,1788965037989451982,ok,
exp_copy_xcdr__py_to_py__1000000B__10Hz__shmem_ds__best_effort,receive,sub,py_to_py,copy,exp,xcdr,shmem_ds,1000000,10,1,measured,269,2026-09-09T14:43:58.089364Z,158231751529393,158231751057219,158231751529393,1788965038088893342,1788965038089226142,ok,
exp_copy_xcdr__py_to_py__1000000B__10Hz__shmem_ds__best_effort,receive,sub,py_to_py,copy,exp,xcdr,shmem_ds,1000000,10,1,measured,270,2026-09-09T14:43:58.188435Z,158231850590884,158231850046282,158231850590884,1788965038187878287,1788965038188272744,ok,
exp_copy_xcdr__py_to_py__1000000B__10Hz__shmem_ds__best_effort,receive,sub,py_to_py,copy,exp,xcdr,shmem_ds,1000000,10,1,measured,271,2026-09-09T14:43:58.289102Z,158231951254900,158231950673488,158231951254900,1788965038288505062,1788965038288921100,ok,
exp_copy_xcdr__py_to_py__1000000B__10Hz__shmem_ds__best_effort,receive,sub,py_to_py,copy,exp,xcdr,shmem_ds,1000000,10,1,measured,272,2026-09-09T14:43:58.388654Z,158232050816928,158232050285892,158232050816928,1788965038388119440,1788965038388496023,ok,
exp_copy_xcdr__py_to_py__1000000B__10Hz__shmem_ds__best_effort,receive,sub,py_to_py,copy,exp,xcdr,shmem_ds,1000000,10,1,measured,273,2026-09-09T14:43:58.489043Z,158232151193630,158232150607430,158232151193630,1788965038488442431,1788965038488860132,ok,
exp_copy_xcdr__py_to_py__1000000B__10Hz__shmem_ds__best_effort,receive,sub,py_to_py,copy,exp,xcdr,shmem_ds,1000000,10,1,measured,274,2026-09-09T14:43:58.590275Z,158232252429218,158232251559070,158232252429218,1788965038589421282,1788965038590105267,ok,
exp_copy_xcdr__py_to_py__1000000B__10Hz__shmem_ds__best_effort,receive,sub,py_to_py,copy,exp,xcdr,shmem_ds,1000000,10,1,measured,275,2026-09-09T14:43:58.689094Z,158232351252357,158232350762499,158232351252357,1788965038688601837,1788965038688930019,ok,
exp_copy_xcdr__py_to_py__1000000B__10Hz__shmem_ds__best_effort,receive,sub,py_to_py,copy,exp,xcdr,shmem_ds,1000000,10,1,measured,276,2026-09-09T14:43:58.788595Z,158232450745585,158232450081828,158232450745585,1788965038787937337,1788965038788399562,ok,
exp_copy_xcdr__py_to_py__1000000B__10Hz__shmem_ds__best_effort,receive,sub,py_to_py,copy,exp,xcdr,shmem_ds,1000000,10,1,measured,277,2026-09-09T14:43:58.888209Z,158232550333202,158232549319622,158232550333202,1788965038887188767,1788965038887958234,ok,
exp_copy_xcdr__py_to_py__1000000B__10Hz__shmem_ds__best_effort,receive,sub,py_to_py,copy,exp,xcdr,shmem_ds,1000000,10,1,measured,278,2026-09-09T14:43:58.988246Z,158232650369128,158232649411193,158232650369128,1788965038987278525,1788965038988009109,ok,
exp_copy_xcdr__py_to_py__1000000B__10Hz__shmem_ds__best_effort,receive,sub,py_to_py,copy,exp,xcdr,shmem_ds,1000000,10,1,measured,279,2026-09-09T14:43:59.087401Z,158232749542802,158232748891598,158232749542802,1788965039086741988,1788965039087197110,ok,
exp_copy_xcdr__py_to_py__1000000B__10Hz__shmem_ds__best_effort,receive,sub,py_to_py,copy,exp,xcdr,shmem_ds,1000000,10,1,measured,280,2026-09-09T14:43:59.187332Z,158232849495039,158232849056990,158232849495039,1788965039186891379,1788965039187182220,ok,
exp_copy_xcdr__py_to_py__1000000B__10Hz__shmem_ds__best_effort,receive,sub,py_to_py,copy,exp,xcdr,shmem_ds,1000000,10,1,measured,281,2026-09-09T14:43:59.288080Z,158232950222095,158232949506249,158232950222095,1788965039287352130,1788965039287864861,ok,
exp_copy_xcdr__py_to_py__1000000B__10Hz__shmem_ds__best_effort,receive,sub,py_to_py,copy,exp,xcdr,shmem_ds,1000000,10,1,measured,282,2026-09-09T14:43:59.387167Z,158233049330044,158233048884450,158233049330044,1788965039386717937,1788965039387020460,ok,
exp_copy_xcdr__py_to_py__1000000B__10Hz__shmem_ds__best_effort,receive,sub,py_to_py,copy,exp,xcdr,shmem_ds,1000000,10,1,measured,283,2026-09-09T14:43:59.487570Z,158233149724259,158233149176492,158233149724259,1788965039487011492,1788965039487393085,ok,
exp_copy_xcdr__py_to_py__1000000B__10Hz__shmem_ds__best_effort,receive,sub,py_to_py,copy,exp,xcdr,shmem_ds,1000000,10,1,measured,284,2026-09-09T14:43:59.587206Z,158233249348787,158233248689127,158233249348787,1788965039586530640,1788965039586993597,ok,
exp_copy_xcdr__py_to_py__1000000B__10Hz__shmem_ds__best_effort,receive,sub,py_to_py,copy,exp,xcdr,shmem_ds,1000000,10,1,measured,285,2026-09-09T14:43:59.687243Z,158233349387859,158233348718872,158233349387859,1788965039686567929,1788965039687061043,ok,
exp_copy_xcdr__py_to_py__1000000B__10Hz__shmem_ds__best_effort,receive,sub,py_to_py,copy,exp,xcdr,shmem_ds,1000000,10,1,measured,286,2026-09-09T14:43:59.787876Z,158233450025014,158233449484390,158233450025014,1788965039787322276,1788965039787673411,ok,
exp_copy_xcdr__py_to_py__1000000B__10Hz__shmem_ds__best_effort,receive,sub,py_to_py,copy,exp,xcdr,shmem_ds,1000000,10,1,measured,287,2026-09-09T14:43:59.889353Z,158233551473286,158233550325582,158233551473286,1788965039888208884,1788965039889088269,ok,
exp_copy_xcdr__py_to_py__1000000B__10Hz__shmem_ds__best_effort,receive,sub,py_to_py,copy,exp,xcdr,shmem_ds,1000000,10,1,measured,288,2026-09-09T14:43:59.988090Z,158233650223377,158233649433060,158233650223377,1788965039987290613,1788965039987885510,ok,
exp_copy_xcdr__py_to_py__1000000B__10Hz__shmem_ds__best_effort,receive,sub,py_to_py,copy,exp,xcdr,shmem_ds,1000000,10,1,measured,289,2026-09-09T14:44:00.088384Z,158233750504137,158233749351424,158233750504137,1788965040087231460,1788965040088125704,ok,
exp_copy_xcdr__py_to_py__1000000B__10Hz__shmem_ds__best_effort,receive,sub,py_to_py,copy,exp,xcdr,shmem_ds,1000000,10,1,measured,290,2026-09-09T14:44:00.187119Z,158233849288153,158233848809998,158233849288153,1788965040186659165,1788965040186990001,ok,
exp_copy_xcdr__py_to_py__1000000B__10Hz__shmem_ds__best_effort,receive,sub,py_to_py,copy,exp,xcdr,shmem_ds,1000000,10,1,measured,291,2026-09-09T14:44:00.286281Z,158233948436760,158233947788392,158233948436760,1788965040285631858,1788965040286090277,ok,
exp_copy_xcdr__py_to_py__1000000B__10Hz__shmem_ds__best_effort,receive,sub,py_to_py,copy,exp,xcdr,shmem_ds,1000000,10,1,measured,292,2026-09-09T14:44:00.386540Z,158234048705598,158234048288397,158234048705598,1788965040386120783,1788965040386394331,ok,
exp_copy_xcdr__py_to_py__1000000B__10Hz__shmem_ds__best_effort,receive,sub,py_to_py,copy,exp,xcdr,shmem_ds,1000000,10,1,measured,293,2026-09-09T14:44:00.486873Z,158234149033969,158234148561043,158234149033969,1788965040486392587,1788965040486702303,ok,
exp_copy_xcdr__py_to_py__1000000B__10Hz__shmem_ds__best_effort,receive,sub,py_to_py,copy,exp,xcdr,shmem_ds,1000000,10,1,measured,294,2026-09-09T14:44:00.586623Z,158234248767182,158234248177074,158234248767182,1788965040586017174,1788965040586425618,ok,
exp_copy_xcdr__py_to_py__1000000B__10Hz__shmem_ds__best_effort,receive,sub,py_to_py,copy,exp,xcdr,shmem_ds,1000000,10,1,measured,295,2026-09-09T14:44:00.687741Z,158234349861594,158234348726654,158234349861594,1788965040686608543,1788965040687472870,ok,
exp_copy_xcdr__py_to_py__1000000B__10Hz__shmem_ds__best_effort,receive,sub,py_to_py,copy,exp,xcdr,shmem_ds,1000000,10,1,measured,296,2026-09-09T14:44:00.787271Z,158234449420637,158234448734959,158234449420637,1788965040786587071,1788965040787055499,ok,
exp_copy_xcdr__py_to_py__1000000B__10Hz__shmem_ds__best_effort,receive,sub,py_to_py,copy,exp,xcdr,shmem_ds,1000000,10,1,measured,297,2026-09-09T14:44:00.887612Z,158234549732507,158234548660236,158234549732507,1788965040886536023,1788965040887348352,ok,
exp_copy_xcdr__py_to_py__1000000B__10Hz__shmem_ds__best_effort,receive,sub,py_to_py,copy,exp,xcdr,shmem_ds,1000000,10,1,measured,298,2026-09-09T14:44:00.986076Z,158234648224970,158234647665631,158234648224970,1788965040985525348,1788965040985892594,ok,
exp_copy_xcdr__py_to_py__1000000B__10Hz__shmem_ds__best_effort,receive,sub,py_to_py,copy,exp,xcdr,shmem_ds,1000000,10,1,measured,299,2026-09-09T14:44:01.085292Z,158234747435594,158234746779121,158234747435594,1788965041084628749,1788965041085090293,ok,
exp_copy_xcdr__py_to_py__1000000B__10Hz__shmem_ds__best_effort,receive,sub,py_to_py,copy,exp,xcdr,shmem_ds,1000000,10,1,measured,300,2026-09-09T14:44:01.185911Z,158234848067811,158234847471552,158234848067811,1788965041185306292,1788965041185713814,ok,
