run_id,event,process,direction,config,message,backend,transport,payload_bytes,target_frequency_hz,step_index,phase,sequence,observed_utc,observed_mono_ns,send_mono_ns,receive_mono_ns,middleware_source_ns,middleware_received_ns,status,error
exp_constrained_pub_only_xcdr__cpp_to_py__100000B__10Hz__shmem_ds__best_effort,publish,pub,cpp_to_py,constrained_pub_only,exp,xcdr,shmem_ds,100000,10,0,measured,0,2026-09-09T14:20:50.932260Z,156844594407956,156844594407956,-1,-1,-1,ok,
exp_constrained_pub_only_xcdr__cpp_to_py__100000B__10Hz__shmem_ds__best_effort,publish,pub,cpp_to_py,constrained_pub_only,exp,xcdr,shmem_ds,100000,10,0,measured,1,2026-09-09T14:20:51.032839Z,156844694963444,156844694963444,-1,-1,-1,ok,
exp_constrained_pub_only_xcdr__cpp_to_py__100000B__10Hz__shmem_ds__best_effort,publish,pub,cpp_to_py,constrained_pub_only,exp,xcdr,shmem_ds,100000,10,0,measured,2,2026-09-09T14:20:51.133054Z,156844795221034,156844795221034,-1,-1,-1,ok,
exp_constrained_pub_only_xcdr__cpp_to_py__100000B__10Hz__shmem_ds__best_effort,publish,pub,cpp_to_py,constrained_pub_only,exp,xcdr,shmem_ds,100000,10,0,measured,3,2026-09-09T14:20:51.233565Z,156844895724330,156844895724330,-1,-1,-1,ok,
exp_constrained_pub_only_xcdr__cpp_to_py__100000B__10Hz__shmem_ds__best_effort,publish,pub,cpp_to_py,constrained_pub_only,exp,xcdr,shmem_ds,100000,10,0,measured,4,2026-09-09T14:20:51.332879Z,156844995015914,156844995015914,-1,-1,-1,ok,
exp_constrained_pub_only_xcdr__cpp_to_py__100000B__10Hz__shmem_ds__best_effort,publish,pub,cpp_to_py,constrained_pub_only,exp,xcdr,shmem_ds,100000,10,0,measured,5,2026-09-09T14:20:51.433705Z,156845095836039,156845095836039,-1,-1,-1,ok,
exp_constrained_pub_only_xcdr__cpp_to_py__100000B__10Hz__shmem_ds__best_effort,publish,pub,cpp_to_py,constrained_pub_only,exp,xcdr,shmem_ds,100000,10,0,measured,6,2026-09-09T14:20:51.532834Z,156845194977254,156845194977254,-1,-1,-1,ok,
exp_constrained_pub_only_xcdr__cpp_to_py__100000B__10Hz__shmem_ds__best_effort,publish,pub,cpp_to_py,constrained_pub_only,exp,xcdr,shmem_ds,100000,10,0,measured,7,2026-09-09T14:20:51.632996Z,156845295151428,156845295151428,-1,-1,-1,ok,
exp_constrained_pub_only_xcdr__cpp_to_py__100000B__10Hz__shmem_ds__best_effort,publish,pub,cpp_to_py,constrained_pub_only,exp,xcdr,shmem_ds,100000,10,0,measured,8,2026-09-09T14:20:51.732732Z,156845394894471,156845394894471,-1,-1,-1,ok,
exp_constrained_pub_only_xcdr__cpp_to_py__100000B__10Hz__shmem_ds__best_effort,publish,pub,cpp_to_py,constrained_pub_only,exp,xcdr,shmem_ds,100000,10,0,measured,9,2026-09-09T14:20:51.832277Z,156845494437202,156845494437202,-1,-1,-1,ok,
exp_constrained_pub_only_xcdr__cpp_to_py__100000B__10Hz__shmem_ds__best_effort,publish,pub,cpp_to_py,constrained_pub_only,exp,xcdr,shmem_ds,100000,10,0,measured,10,2026-09-09T14:20:51.932084Z,156845594235958,156845594235958,-1,-1,-1,ok,
exp_constrained_pub_only_xcdr__cpp_to_py__100000B__10Hz__shmem_ds__best_effort,publish,pub,cpp_to_py,constrained_pub_only,exp,xcdr,shmem_ds,100000,10,0,measured,11,2026-09-09T14:20:52.031045Z,156845693200827,156845693200827,-1,-1,-1,ok,
exp_constrained_pub_only_xcdr__cpp_to_py__100000B__10Hz__shmem_ds__best_effort,publish,pub,cpp_to_py,constrained_pub_only,exp,xcdr,shmem_ds,100000,10,0,measured,12,2026-09-09T14:20:52.131094Z,156845793248424,156845793248424,-1,-1,-1,ok,
exp_constrained_pub_only_xcdr__cpp_to_py__100000B__10Hz__shmem_ds__best_effort,publish,pub,cpp_to_py,constrained_pub_only,exp,xcdr,shmem_ds,100000,10,0,measured,13,2026-09-09T14:20:52.231473Z,156845893627176,156845893627176,-1,-1,-1,ok,
exp_constrained_pub_only_xcdr__cpp_to_py__100000B__10Hz__shmem_ds__best_effort,publish,pub,cpp_to_py,constrained_pub_only,exp,xcdr,shmem_ds,100000,10,0,measured,14,2026-09-09T14:20:52.331738Z,156845993894501,156845993894501,-1,-1,-1,ok,
exp_constrained_pub_only_xcdr__cpp_to_py__100000B__10Hz__shmem_ds__best_effort,publish,pub,cpp_to_py,constrained_pub_only,exp,xcdr,shmem_ds,100000,10,0,measured,15,2026-09-09T14:20:52.432444Z,156846094575134,156846094575134,-1,-1,-1,ok,
exp_constrained_pub_only_xcdr__cpp_to_py__100000B__10Hz__shmem_ds__best_effort,publish,pub,cpp_to_py,constrained_pub_only,exp,xcdr,shmem_ds,100000,10,0,measured,16,2026-09-09T14:20:52.533282Z,156846195436934,156846195436934,-1,-1,-1,ok,
exp_constrained_pub_only_xcdr__cpp_to_py__100000B__10Hz__shmem_ds__best_effort,publish,pub,cpp_to_py,constrained_pub_only,exp,xcdr,shmem_ds,100000,10,0,measured,17,2026-09-09T14:20:52.633788Z,156846295945818,156846295945818,-1,-1,-1,ok,
exp_constrained_pub_only_xcdr__cpp_to_py__100000B__10Hz__shmem_ds__best_effort,publish,pub,cpp_to_py,constrained_pub_only,exp,xcdr,shmem_ds,100000,10,0,measured,18,2026-09-09T14:20:52.733650Z,156846395825573,156846395825573,-1,-1,-1,ok,
exp_constrained_pub_only_xcdr__cpp_to_py__100000B__10Hz__shmem_ds__best_effort,publish,pub,cpp_to_py,constrained_pub_only,exp,xcdr,shmem_ds,100000,10,0,measured,19,2026-09-09T14:20:52.832762Z,156846494928574,156846494928574,-1,-1,-1,ok,
exp_constrained_pub_only_xcdr__cpp_to_py__100000B__10Hz__shmem_ds__best_effort,publish,pub,cpp_to_py,constrained_pub_only,exp,xcdr,shmem_ds,100000,10,0,measured,20,2026-09-09T14:20:52.931900Z,156846594064927,156846594064927,-1,-1,-1,ok,
exp_constrained_pub_only_xcdr__cpp_to_py__100000B__10Hz__shmem_ds__best_effort,publish,pub,cpp_to_py,constrained_pub_only,exp,xcdr,shmem_ds,100000,10,0,measured,21,2026-09-09T14:20:53.032450Z,156846694585595,156846694585595,-1,-1,-1,ok,
exp_constrained_pub_only_xcdr__cpp_to_py__100000B__10Hz__shmem_ds__best_effort,publish,pub,cpp_to_py,constrained_pub_only,exp,xcdr,shmem_ds,100000,10,0,measured,22,2026-09-09T14:20:53.131677Z,156846793846066,156846793846066,-1,-1,-1,ok,
exp_constrained_pub_only_xcdr__cpp_to_py__100000B__10Hz__shmem_ds__best_effort,publish,pub,cpp_to_py,constrained_pub_only,exp,xcdr,shmem_ds,100000,10,0,measured,23,2026-09-09T14:20:53.231512Z,156846893689771,156846893689771,-1,-1,-1,ok,
exp_constrained_pub_only_xcdr__cpp_to_py__100000B__10Hz__shmem_ds__best_effort,publish,pub,cpp_to_py,constrained_pub_only,exp,xcdr,shmem_ds,100000,10,0,measured,24,2026-09-09T14:20:53.330722Z,156846992901050,156846992901050,-1,-1,-1,ok,
exp_constrained_pub_only_xcdr__cpp_to_py__100000B__10Hz__shmem_ds__best_effort,publish,pub,cpp_to_py,constrained_pub_only,exp,xcdr,shmem_ds,100000,10,0,measured,25,2026-09-09T14:20:53.430038Z,156847092196847,156847092196847,-1,-1,-1,ok,
exp_constrained_pub_only_xcdr__cpp_to_py__100000B__10Hz__shmem_ds__best_effort,publish,pub,cpp_to_py,constrained_pub_only,exp,xcdr,shmem_ds,100000,10,0,measured,26,2026-09-09T14:20:53.529213Z,156847191378230,156847191378230,-1,-1,-1,ok,
exp_constrained_pub_only_xcdr__cpp_to_py__100000B__10Hz__shmem_ds__best_effort,publish,pub,cpp_to_py,constrained_pub_only,exp,xcdr,shmem_ds,100000,10,0,measured,27,2026-09-09T14:20:53.629314Z,156847291460188,156847291460188,-1,-1,-1,ok,
exp_constrained_pub_only_xcdr__cpp_to_py__100000B__10Hz__shmem_ds__best_effort,publish,pub,cpp_to_py,constrained_pub_only,exp,xcdr,shmem_ds,100000,10,0,measured,28,2026-09-09T14:20:53.729165Z,156847391334660,156847391334660,-1,-1,-1,ok,
exp_constrained_pub_only_xcdr__cpp_to_py__100000B__10Hz__shmem_ds__best_effort,publish,pub,cpp_to_py,constrained_pub_only,exp,xcdr,shmem_ds,100000,10,0,measured,29,2026-09-09T14:20:53.829728Z,156847491886331,156847491886331,-1,-1,-1,ok,
exp_constrained_pub_only_xcdr__cpp_to_py__100000B__10Hz__shmem_ds__best_effort,publish,pub,cpp_to_py,constrained_pub_only,exp,xcdr,shmem_ds,100000,10,0,measured,30,2026-09-09T14:20:53.928952Z,156847591121225,156847591121225,-1,-1,-1,ok,
exp_constrained_pub_only_xcdr__cpp_to_py__100000B__10Hz__shmem_ds__best_effort,publish,pub,cpp_to_py,constrained_pub_only,exp,xcdr,shmem_ds,100000,10,0,measured,31,2026-09-09T14:20:54.029500Z,156847691640718,156847691640718,-1,-1,-1,ok,
exp_constrained_pub_only_xcdr__cpp_to_py__100000B__10Hz__shmem_ds__best_effort,publish,pub,cpp_to_py,constrained_pub_only,exp,xcdr,shmem_ds,100000,10,0,measured,32,2026-09-09T14:20:54.129113Z,156847791269049,156847791269049,-1,-1,-1,ok,
exp_constrained_pub_only_xcdr__cpp_to_py__100000B__10Hz__shmem_ds__best_effort,publish,pub,cpp_to_py,constrained_pub_only,exp,xcdr,shmem_ds,100000,10,0,measured,33,2026-09-09T14:20:54.229672Z,156847891802614,156847891802614,-1,-1,-1,ok,
exp_constrained_pub_only_xcdr__cpp_to_py__100000B__10Hz__shmem_ds__best_effort,publish,pub,cpp_to_py,constrained_pub_only,exp,xcdr,shmem_ds,100000,10,0,measured,34,2026-09-09T14:20:54.330189Z,156847992365233,156847992365233,-1,-1,-1,ok,
exp_constrained_pub_only_xcdr__cpp_to_py__100000B__10Hz__shmem_ds__best_effort,publish,pub,cpp_to_py,constrained_pub_only,exp,xcdr,shmem_ds,100000,10,0,measured,35,2026-09-09T14:20:54.429310Z,156848091468709,156848091468709,-1,-1,-1,ok,
exp_constrained_pub_only_xcdr__cpp_to_py__100000B__10Hz__shmem_ds__best_effort,publish,pub,cpp_to_py,constrained_pub_only,exp,xcdr,shmem_ds,100000,10,0,measured,36,2026-09-09T14:20:54.530149Z,156848192312441,156848192312441,-1,-1,-1,ok,
exp_constrained_pub_only_xcdr__cpp_to_py__100000B__10Hz__shmem_ds__best_effort,publish,pub,cpp_to_py,constrained_pub_only,exp,xcdr,shmem_ds,100000,10,0,measured,37,2026-09-09T14:20:54.630705Z,156848292836618,156848292836618,-1,-1,-1,ok,
exp_constrained_pub_only_xcdr__cpp_to_py__100000B__10Hz__shmem_ds__best_effort,publish,pub,cpp_to_py,constrained_pub_only,exp,xcdr,shmem_ds,100000,10,0,measured,38,2026-09-09T14:20:54.730463Z,156848392630759,156848392630759,-1,-1,-1,ok,
exp_constrained_pub_only_xcdr__cpp_to_py__100000B__10Hz__shmem_ds__best_effort,publish,pub,cpp_to_py,constrained_pub_only,exp,xcdr,shmem_ds,100000,10,0,measured,39,2026-09-09T14:20:54.830078Z,156848492235197,156848492235197,-1,-1,-1,ok,
exp_constrained_pub_only_xcdr__cpp_to_py__100000B__10Hz__shmem_ds__best_effort,publish,pub,cpp_to_py,constrained_pub_only,exp,xcdr,shmem_ds,100000,10,0,measured,40,2026-09-09T14:20:54.929100Z,156848591267330,156848591267330,-1,-1,-1,ok,
exp_constrained_pub_only_xcdr__cpp_to_py__100000B__10Hz__shmem_ds__best_effort,publish,pub,cpp_to_py,constrained_pub_only,exp,xcdr,shmem_ds,100000,10,0,measured,41,2026-09-09T14:20:55.029515Z,156848691674081,156848691674081,-1,-1,-1,ok,
exp_constrained_pub_only_xcdr__cpp_to_py__100000B__10Hz__shmem_ds__best_effort,publish,pub,cpp_to_py,constrained_pub_only,exp,xcdr,shmem_ds,100000,10,0,measured,42,2026-09-09T14:20:55.129416Z,156848791585466,156848791585466,-1,-1,-1,ok,
exp_constrained_pub_only_xcdr__cpp_to_py__100000B__10Hz__shmem_ds__best_effort,publish,pub,cpp_to_py,constrained_pub_only,exp,xcdr,shmem_ds,100000,10,0,measured,43,2026-09-09T14:20:55.229500Z,156848891664233,156848891664233,-1,-1,-1,ok,
exp_constrained_pub_only_xcdr__cpp_to_py__100000B__10Hz__shmem_ds__best_effort,publish,pub,cpp_to_py,constrained_pub_only,exp,xcdr,shmem_ds,100000,10,0,measured,44,2026-09-09T14:20:55.329492Z,156848991653023,156848991653023,-1,-1,-1,ok,
exp_constrained_pub_only_xcdr__cpp_to_py__100000B__10Hz__shmem_ds__best_effort,publish,pub,cpp_to_py,constrained_pub_only,exp,xcdr,shmem_ds,100000,10,0,measured,45,2026-09-09T14:20:55.428896Z,156849091051985,156849091051985,-1,-1,-1,ok,
exp_constrained_pub_only_xcdr__cpp_to_py__100000B__10Hz__shmem_ds__best_effort,publish,pub,cpp_to_py,constrained_pub_only,exp,xcdr,shmem_ds,100000,10,0,measured,46,2026-09-09T14:20:55.529116Z,156849191279178,156849191279178,-1,-1,-1,ok,
exp_constrained_pub_only_xcdr__cpp_to_py__100000B__10Hz__shmem_ds__best_effort,publish,pub,cpp_to_py,constrained_pub_only,exp,xcdr,shmem_ds,100000,10,0,measured,47,2026-09-09T14:20:55.629095Z,156849291261455,156849291261455,-1,-1,-1,ok,
exp_constrained_pub_only_xcdr__cpp_to_py__100000B__10Hz__shmem_ds__best_effort,publish,pub,cpp_to_py,constrained_pub_only,exp,xcdr,shmem_ds,100000,10,0,measured,48,2026-09-09T14:20:55.728890Z,156849391046396,156849391046396,-1,-1,-1,ok,
exp_constrained_pub_only_xcdr__cpp_to_py__100000B__10Hz__shmem_ds__best_effort,publish,pub,cpp_to_py,constrained_pub_only,exp,xcdr,shmem_ds,100000,10,0,measured,49,2026-09-09T14:20:55.829209Z,156849491368054,156849491368054,-1,-1,-1,ok,
exp_constrained_pub_only_xcdr__cpp_to_py__100000B__10Hz__shmem_ds__best_effort,publish,pub,cpp_to_py,constrained_pub_only,exp,xcdr,shmem_ds,100000,10,0,measured,50,2026-09-09T14:20:55.929098Z,156849591222564,156849591222564,-1,-1,-1,ok,
exp_constrained_pub_only_xcdr__cpp_to_py__100000B__10Hz__shmem_ds__best_effort,publish,pub,cpp_to_py,constrained_pub_only,exp,xcdr,shmem_ds,100000,10,0,measured,51,2026-09-09T14:20:56.028965Z,156849691099647,156849691099647,-1,-1,-1,ok,
exp_constrained_pub_only_xcdr__cpp_to_py__100000B__10Hz__shmem_ds__best_effort,publish,pub,cpp_to_py,constrained_pub_only,exp,xcdr,shmem_ds,100000,10,0,measured,52,2026-09-09T14:20:56.128072Z,156849790246929,156849790246929,-1,-1,-1,ok,
exp_constrained_pub_only_xcdr__cpp_to_py__100000B__10Hz__shmem_ds__best_effort,publish,pub,cpp_to_py,constrained_pub_only,exp,xcdr,shmem_ds,100000,10,0,measured,53,2026-09-09T14:20:56.227224Z,156849889394662,156849889394662,-1,-1,-1,ok,
exp_constrained_pub_only_xcdr__cpp_to_py__100000B__10Hz__shmem_ds__best_effort,publish,pub,cpp_to_py,constrained_pub_only,exp,xcdr,shmem_ds,100000,10,0,measured,54,2026-09-09T14:20:56.327864Z,156849990035141,156849990035141,-1,-1,-1,ok,
exp_constrained_pub_only_xcdr__cpp_to_py__100000B__10Hz__shmem_ds__best_effort,publish,pub,cpp_to_py,constrained_pub_only,exp,xcdr,shmem_ds,100000,10,0,measured,55,2026-09-09T14:20:56.427926Z,156850090052160,156850090052160,-1,-1,-1,ok,
exp_constrained_pub_only_xcdr__cpp_to_py__100000B__10Hz__shmem_ds__best_effort,publish,pub,cpp_to_py,constrained_pub_only,exp,xcdr,shmem_ds,100000,10,0,measured,56,2026-09-09T14:20:56.527728Z,156850189887732,156850189887732,-1,-1,-1,ok,
exp_constrained_pub_only_xcdr__cpp_to_py__100000B__10Hz__shmem_ds__best_effort,publish,pub,cpp_to_py,constrained_pub_only,exp,xcdr,shmem_ds,100000,10,0,measured,57,2026-09-09T14:20:56.628731Z,156850290886726,156850290886726,-1,-1,-1,ok,
exp_constrained_pub_only_xcdr__cpp_to_py__100000B__10Hz__shmem_ds__best_effort,publish,pub,cpp_to_py,constrained_pub_only,exp,xcdr,shmem_ds,100000,10,0,measured,58,2026-09-09T14:20:56.728895Z,156850391064644,156850391064644,-1,-1,-1,ok,
exp_constrained_pub_only_xcdr__cpp_to_py__100000B__10Hz__shmem_ds__best_effort,publish,pub,cpp_to_py,constrained_pub_only,exp,xcdr,shmem_ds,100000,10,0,measured,59,2026-09-09T14:20:56.829145Z,156850491305149,156850491305149,-1,-1,-1,ok,
exp_constrained_pub_only_xcdr__cpp_to_py__100000B__10Hz__shmem_ds__best_effort,publish,pub,cpp_to_py,constrained_pub_only,exp,xcdr,shmem_ds,100000,10,0,measured,60,2026-09-09T14:20:56.929314Z,156850591467138,156850591467138,-1,-1,-1,ok,
exp_constrained_pub_only_xcdr__cpp_to_py__100000B__10Hz__shmem_ds__best_effort,publish,pub,cpp_to_py,constrained_pub_only,exp,xcdr,shmem_ds,100000,10,0,measured,61,2026-09-09T14:20:57.030089Z,156850692214116,156850692214116,-1,-1,-1,ok,
exp_constrained_pub_only_xcdr__cpp_to_py__100000B__10Hz__shmem_ds__best_effort,publish,pub,cpp_to_py,constrained_pub_only,exp,xcdr,shmem_ds,100000,10,0,measured,62,2026-09-09T14:20:57.129985Z,156850792139953,156850792139953,-1,-1,-1,ok,
exp_constrained_pub_only_xcdr__cpp_to_py__100000B__10Hz__shmem_ds__best_effort,publish,pub,cpp_to_py,constrained_pub_only,exp,xcdr,shmem_ds,100000,10,0,measured,63,2026-09-09T14:20:57.230653Z,156850892795397,156850892795397,-1,-1,-1,ok,
exp_constrained_pub_only_xcdr__cpp_to_py__100000B__10Hz__shmem_ds__best_effort,publish,pub,cpp_to_py,constrained_pub_only,exp,xcdr,shmem_ds,100000,10,0,measured,64,2026-09-09T14:20:57.330602Z,156850992762761,156850992762761,-1,-1,-1,ok,
exp_constrained_pub_only_xcdr__cpp_to_py__100000B__10Hz__shmem_ds__best_effort,publish,pub,cpp_to_py,constrained_pub_only,exp,xcdr,shmem_ds,100000,10,0,measured,65,2026-09-09T14:20:57.430494Z,156851092652711,156851092652711,-1,-1,-1,ok,
exp_constrained_pub_only_xcdr__cpp_to_py__100000B__10Hz__shmem_ds__best_effort,publish,pub,cpp_to_py,constrained_pub_only,exp,xcdr,shmem_ds,100000,10,0,measured,66,2026-09-09T14:20:57.530111Z,156851192271056,156851192271056,-1,-1,-1,ok,
exp_constrained_pub_only_xcdr__cpp_to_py__100000B__10Hz__shmem_ds__best_effort,publish,pub,cpp_to_py,constrained_pub_only,exp,xcdr,shmem_ds,100000,10,0,measured,67,2026-09-09T14:20:57.629699Z,156851291864244,156851291864244,-1,-1,-1,ok,
exp_constrained_pub_only_xcdr__cpp_to_py__100000B__10Hz__shmem_ds__best_effort,publish,pub,cpp_to_py,constrained_pub_only,exp,xcdr,shmem_ds,100000,10,0,measured,68,2026-09-09T14:20:57.729754Z,156851391916035,156851391916035,-1,-1,-1,ok,
exp_constrained_pub_only_xcdr__cpp_to_py__100000B__10Hz__shmem_ds__best_effort,publish,pub,cpp_to_py,constrained_pub_only,exp,xcdr,shmem_ds,100000,10,0,measured,69,2026-09-09T14:20:57.829527Z,156851491667769,156851491667769,-1,-1,-1,ok,
exp_constrained_pub_only_xcdr__cpp_to_py__100000B__10Hz__shmem_ds__best_effort,publish,pub,cpp_to_py,constrained_pub_only,exp,xcdr,shmem_ds,100000,10,0,measured,70,2026-09-09T14:20:57.930028Z,156851592183252,156851592183252,-1,-1,-1,ok,
exp_constrained_pub_only_xcdr__cpp_to_py__100000B__10Hz__shmem_ds__best_effort,publish,pub,cpp_to_py,constrained_pub_only,exp,xcdr,shmem_ds,100000,10,0,measured,71,2026-09-09T14:20:58.029641Z,156851691792703,156851691792703,-1,-1,-1,ok,
exp_constrained_pub_only_xcdr__cpp_to_py__100000B__10Hz__shmem_ds__best_effort,publish,pub,cpp_to_py,constrained_pub_only,exp,xcdr,shmem_ds,100000,10,0,measured,72,2026-09-09T14:20:58.130002Z,156851792158315,156851792158315,-1,-1,-1,ok,
exp_constrained_pub_only_xcdr__cpp_to_py__100000B__10Hz__shmem_ds__best_effort,publish,pub,cpp_to_py,constrained_pub_only,exp,xcdr,shmem_ds,100000,10,0,measured,73,2026-09-09T14:20:58.230422Z,156851892597243,156851892597243,-1,-1,-1,ok,
exp_constrained_pub_only_xcdr__cpp_to_py__100000B__10Hz__shmem_ds__best_effort,publish,pub,cpp_to_py,constrained_pub_only,exp,xcdr,shmem_ds,100000,10,0,measured,74,2026-09-09T14:20:58.330722Z,156851992897934,156851992897934,-1,-1,-1,ok,
exp_constrained_pub_only_xcdr__cpp_to_py__100000B__10Hz__shmem_ds__best_effort,publish,pub,cpp_to_py,constrained_pub_only,exp,xcdr,shmem_ds,100000,10,0,measured,75,2026-09-09T14:20:58.431394Z,156852093549177,156852093549177,-1,-1,-1,ok,
exp_constrained_pub_only_xcdr__cpp_to_py__100000B__10Hz__shmem_ds__best_effort,publish,pub,cpp_to_py,constrained_pub_only,exp,xcdr,shmem_ds,100000,10,0,measured,76,2026-09-09T14:20:58.531952Z,156852194115151,156852194115151,-1,-1,-1,ok,
exp_constrained_pub_only_xcdr__cpp_to_py__100000B__10Hz__shmem_ds__best_effort,publish,pub,cpp_to_py,constrained_pub_only,exp,xcdr,shmem_ds,100000,10,0,measured,77,2026-09-09T14:20:58.632273Z,156852294429008,156852294429008,-1,-1,-1,ok,
exp_constrained_pub_only_xcdr__cpp_to_py__100000B__10Hz__shmem_ds__best_effort,publish,pub,cpp_to_py,constrained_pub_only,exp,xcdr,shmem_ds,100000,10,0,measured,78,2026-09-09T14:20:58.732885Z,156852395023725,156852395023725,-1,-1,-1,ok,
exp_constrained_pub_only_xcdr__cpp_to_py__100000B__10Hz__shmem_ds__best_effort,publish,pub,cpp_to_py,constrained_pub_only,exp,xcdr,shmem_ds,100000,10,0,measured,79,2026-09-09T14:20:58.832685Z,156852494830698,156852494830698,-1,-1,-1,ok,
exp_constrained_pub_only_xcdr__cpp_to_py__100000B__10Hz__shmem_ds__best_effort,publish,pub,cpp_to_py,constrained_pub_only,exp,xcdr,shmem_ds,100000,10,0,measured,80,2026-09-09T14:20:58.933520Z,156852595683325,156852595683325,-1,-1,-1,ok,
exp_constrained_pub_only_xcdr__cpp_to_py__100000B__10Hz__shmem_ds__best_effort,publish,pub,cpp_to_py,constrained_pub_only,exp,xcdr,shmem_ds,100000,10,0,measured,81,2026-09-09T14:20:59.033283Z,156852695414680,156852695414680,-1,-1,-1,ok,
exp_constrained_pub_only_xcdr__cpp_to_py__100000B__10Hz__shmem_ds__best_effort,publish,pub,cpp_to_py,constrained_pub_only,exp,xcdr,shmem_ds,100000,10,0,measured,82,2026-09-09T14:20:59.132839Z,156852794986724,156852794986724,-1,-1,-1,ok,
exp_constrained_pub_only_xcdr__cpp_to_py__100000B__10Hz__shmem_ds__best_effort,publish,pub,cpp_to_py,constrained_pub_only,exp,xcdr,shmem_ds,100000,10,0,measured,83,2026-09-09T14:20:59.233314Z,156852895467927,156852895467927,-1,-1,-1,ok,
exp_constrained_pub_only_xcdr__cpp_to_py__100000B__10Hz__shmem_ds__best_effort,publish,pub,cpp_to_py,constrained_pub_only,exp,xcdr,shmem_ds,100000,10,0,measured,84,2026-09-09T14:20:59.333487Z,156852995649545,156852995649545,-1,-1,-1,ok,
exp_constrained_pub_only_xcdr__cpp_to_py__100000B__10Hz__shmem_ds__best_effort,publish,pub,cpp_to_py,constrained_pub_only,exp,xcdr,shmem_ds,100000,10,0,measured,85,2026-09-09T14:20:59.433245Z,156853095382007,156853095382007,-1,-1,-1,ok,
exp_constrained_pub_only_xcdr__cpp_to_py__100000B__10Hz__shmem_ds__best_effort,publish,pub,cpp_to_py,constrained_pub_only,exp,xcdr,shmem_ds,100000,10,0,measured,86,2026-09-09T14:20:59.532470Z,156853194630649,156853194630649,-1,-1,-1,ok,
exp_constrained_pub_only_xcdr__cpp_to_py__100000B__10Hz__shmem_ds__best_effort,publish,pub,cpp_to_py,constrained_pub_only,exp,xcdr,shmem_ds,100000,10,0,measured,87,2026-09-09T14:20:59.632752Z,156853294897816,156853294897816,-1,-1,-1,ok,
exp_constrained_pub_only_xcdr__cpp_to_py__100000B__10Hz__shmem_ds__best_effort,publish,pub,cpp_to_py,constrained_pub_only,exp,xcdr,shmem_ds,100000,10,0,measured,88,2026-09-09T14:20:59.732921Z,156853395075615,156853395075615,-1,-1,-1,ok,
exp_constrained_pub_only_xcdr__cpp_to_py__100000B__10Hz__shmem_ds__best_effort,publish,pub,cpp_to_py,constrained_pub_only,exp,xcdr,shmem_ds,100000,10,0,measured,89,2026-09-09T14:20:59.832950Z,156853495109267,156853495109267,-1,-1,-1,ok,
exp_constrained_pub_only_xcdr__cpp_to_py__100000B__10Hz__shmem_ds__best_effort,publish,pub,cpp_to_py,constrained_pub_only,exp,xcdr,shmem_ds,100000,10,0,measured,90,2026-09-09T14:20:59.933195Z,156853595344885,156853595344885,-1,-1,-1,ok,
exp_constrained_pub_only_xcdr__cpp_to_py__100000B__10Hz__shmem_ds__best_effort,publish,pub,cpp_to_py,constrained_pub_only,exp,xcdr,shmem_ds,100000,10,0,measured,91,2026-09-09T14:21:00.032335Z,156853694475280,156853694475280,-1,-1,-1,ok,
exp_constrained_pub_only_xcdr__cpp_to_py__100000B__10Hz__shmem_ds__best_effort,publish,pub,cpp_to_py,constrained_pub_only,exp,xcdr,shmem_ds,100000,10,0,measured,92,2026-09-09T14:21:00.132027Z,156853794188013,156853794188013,-1,-1,-1,ok,
exp_constrained_pub_only_xcdr__cpp_to_py__100000B__10Hz__shmem_ds__best_effort,publish,pub,cpp_to_py,constrained_pub_only,exp,xcdr,shmem_ds,100000,10,0,measured,93,2026-09-09T14:21:00.232470Z,156853894645189,156853894645189,-1,-1,-1,ok,
exp_constrained_pub_only_xcdr__cpp_to_py__100000B__10Hz__shmem_ds__best_effort,publish,pub,cpp_to_py,constrained_pub_only,exp,xcdr,shmem_ds,100000,10,0,measured,94,2026-09-09T14:21:00.332745Z,156853994893247,156853994893247,-1,-1,-1,ok,
exp_constrained_pub_only_xcdr__cpp_to_py__100000B__10Hz__shmem_ds__best_effort,publish,pub,cpp_to_py,constrained_pub_only,exp,xcdr,shmem_ds,100000,10,0,measured,95,2026-09-09T14:21:00.432521Z,156854094676450,156854094676450,-1,-1,-1,ok,
exp_constrained_pub_only_xcdr__cpp_to_py__100000B__10Hz__shmem_ds__best_effort,publish,pub,cpp_to_py,constrained_pub_only,exp,xcdr,shmem_ds,100000,10,0,measured,96,2026-09-09T14:21:00.533375Z,156854195533521,156854195533521,-1,-1,-1,ok,
exp_constrained_pub_only_xcdr__cpp_to_py__100000B__10Hz__shmem_ds__best_effort,publish,pub,cpp_to_py,constrained_pub_only,exp,xcdr,shmem_ds,100000,10,0,measured,97,2026-09-09T14:21:00.633864Z,156854296023067,156854296023067,-1,-1,-1,ok,
exp_constrained_pub_only_xcdr__cpp_to_py__100000B__10Hz__shmem_ds__best_effort,publish,pub,cpp_to_py,constrained_pub_only,exp,xcdr,shmem_ds,100000,10,0,measured,98,2026-09-09T14:21:00.733326Z,156854395482649,156854395482649,-1,-1,-1,ok,
exp_constrained_pub_only_xcdr__cpp_to_py__100000B__10Hz__shmem_ds__best_effort,publish,pub,cpp_to_py,constrained_pub_only,exp,xcdr,shmem_ds,100000,10,0,measured,99,2026-09-09T14:21:00.833369Z,156854495532008,156854495532008,-1,-1,-1,ok,
exp_constrained_pub_only_xcdr__cpp_to_py__100000B__10Hz__shmem_ds__best_effort,publish,pub,cpp_to_py,constrained_pub_only,exp,xcdr,shmem_ds,100000,10,0,measured,100,2026-09-09T14:21:00.932627Z,156854594786168,156854594786168,-1,-1,-1,ok,
exp_constrained_pub_only_xcdr__cpp_to_py__100000B__10Hz__shmem_ds__best_effort,publish,pub,cpp_to_py,constrained_pub_only,exp,xcdr,shmem_ds,100000,10,0,measured,101,2026-09-09T14:21:01.033188Z,156854695353491,156854695353491,-1,-1,-1,ok,
exp_constrained_pub_only_xcdr__cpp_to_py__100000B__10Hz__shmem_ds__best_effort,publish,pub,cpp_to_py,constrained_pub_only,exp,xcdr,shmem_ds,100000,10,0,measured,102,2026-09-09T14:21:01.132690Z,156854794839309,156854794839309,-1,-1,-1,ok,
exp_constrained_pub_only_xcdr__cpp_to_py__100000B__10Hz__shmem_ds__best_effort,publish,pub,cpp_to_py,constrained_pub_only,exp,xcdr,shmem_ds,100000,10,0,measured,103,2026-09-09T14:21:01.231856Z,156854894020301,156854894020301,-1,-1,-1,ok,
exp_constrained_pub_only_xcdr__cpp_to_py__100000B__10Hz__shmem_ds__best_effort,publish,pub,cpp_to_py,constrained_pub_only,exp,xcdr,shmem_ds,100000,10,0,measured,104,2026-09-09T14:21:01.332621Z,156854994790005,156854994790005,-1,-1,-1,ok,
exp_constrained_pub_only_xcdr__cpp_to_py__100000B__10Hz__shmem_ds__best_effort,publish,pub,cpp_to_py,constrained_pub_only,exp,xcdr,shmem_ds,100000,10,0,measured,105,2026-09-09T14:21:01.432628Z,156855094763761,156855094763761,-1,-1,-1,ok,
exp_constrained_pub_only_xcdr__cpp_to_py__100000B__10Hz__shmem_ds__best_effort,publish,pub,cpp_to_py,constrained_pub_only,exp,xcdr,shmem_ds,100000,10,0,measured,106,2026-09-09T14:21:01.531799Z,156855193961904,156855193961904,-1,-1,-1,ok,
exp_constrained_pub_only_xcdr__cpp_to_py__100000B__10Hz__shmem_ds__best_effort,publish,pub,cpp_to_py,constrained_pub_only,exp,xcdr,shmem_ds,100000,10,0,measured,107,2026-09-09T14:21:01.632222Z,156855294359557,156855294359557,-1,-1,-1,ok,
exp_constrained_pub_only_xcdr__cpp_to_py__100000B__10Hz__shmem_ds__best_effort,publish,pub,cpp_to_py,constrained_pub_only,exp,xcdr,shmem_ds,100000,10,0,measured,108,2026-09-09T14:21:01.731436Z,156855393601221,156855393601221,-1,-1,-1,ok,
exp_constrained_pub_only_xcdr__cpp_to_py__100000B__10Hz__shmem_ds__best_effort,publish,pub,cpp_to_py,constrained_pub_only,exp,xcdr,shmem_ds,100000,10,0,measured,109,2026-09-09T14:21:01.831871Z,156855494038367,156855494038367,-1,-1,-1,ok,
exp_constrained_pub_only_xcdr__cpp_to_py__100000B__10Hz__shmem_ds__best_effort,publish,pub,cpp_to_py,constrained_pub_only,exp,xcdr,shmem_ds,100000,10,0,measured,110,2026-09-09T14:21:01.932064Z,156855594237592,156855594237592,-1,-1,-1,ok,
exp_constrained_pub_only_xcdr__cpp_to_py__100000B__10Hz__shmem_ds__best_effort,publish,pub,cpp_to_py,constrained_pub_only,exp,xcdr,shmem_ds,100000,10,0,measured,111,2026-09-09T14:21:02.031865Z,156855693982343,156855693982343,-1,-1,-1,ok,
exp_constrained_pub_only_xcdr__cpp_to_py__100000B__10Hz__shmem_ds__best_effort,publish,pub,cpp_to_py,constrained_pub_only,exp,xcdr,shmem_ds,100000,10,0,measured,112,2026-09-09T14:21:02.132353Z,156855794510005,156855794510005,-1,-1,-1,ok,
exp_constrained_pub_only_xcdr__cpp_to_py__100000B__10Hz__shmem_ds__best_effort,publish,pub,cpp_to_py,constrained_pub_only,exp,xcdr,shmem_ds,100000,10,0,measured,113,2026-09-09T14:21:02.233208Z,156855895362712,156855895362712,-1,-1,-1,ok,
exp_constrained_pub_only_xcdr__cpp_to_py__100000B__10Hz__shmem_ds__best_effort,publish,pub,cpp_to_py,constrained_pub_only,exp,xcdr,shmem_ds,100000,10,0,measured,114,2026-09-09T14:21:02.334237Z,156855996374936,156855996374936,-1,-1,-1,ok,
exp_constrained_pub_only_xcdr__cpp_to_py__100000B__10Hz__shmem_ds__best_effort,publish,pub,cpp_to_py,constrained_pub_only,exp,xcdr,shmem_ds,100000,10,0,measured,115,2026-09-09T14:21:02.434038Z,156856096166940,156856096166940,-1,-1,-1,ok,
exp_constrained_pub_only_xcdr__cpp_to_py__100000B__10Hz__shmem_ds__best_effort,publish,pub,cpp_to_py,constrained_pub_only,exp,xcdr,shmem_ds,100000,10,0,measured,116,2026-09-09T14:21:02.533757Z,156856195897230,156856195897230,-1,-1,-1,ok,
exp_constrained_pub_only_xcdr__cpp_to_py__100000B__10Hz__shmem_ds__best_effort,publish,pub,cpp_to_py,constrained_pub_only,exp,xcdr,shmem_ds,100000,10,0,measured,117,2026-09-09T14:21:02.634439Z,156856296570973,156856296570973,-1,-1,-1,ok,
exp_constrained_pub_only_xcdr__cpp_to_py__100000B__10Hz__shmem_ds__best_effort,publish,pub,cpp_to_py,constrained_pub_only,exp,xcdr,shmem_ds,100000,10,0,measured,118,2026-09-09T14:21:02.734915Z,156856397075573,156856397075573,-1,-1,-1,ok,
exp_constrained_pub_only_xcdr__cpp_to_py__100000B__10Hz__shmem_ds__best_effort,publish,pub,cpp_to_py,constrained_pub_only,exp,xcdr,shmem_ds,100000,10,0,measured,119,2026-09-09T14:21:02.835269Z,156856497409004,156856497409004,-1,-1,-1,ok,
exp_constrained_pub_only_xcdr__cpp_to_py__100000B__10Hz__shmem_ds__best_effort,publish,pub,cpp_to_py,constrained_pub_only,exp,xcdr,shmem_ds,100000,10,0,measured,120,2026-09-09T14:21:02.935989Z,156856598154561,156856598154561,-1,-1,-1,ok,
exp_constrained_pub_only_xcdr__cpp_to_py__100000B__10Hz__shmem_ds__best_effort,publish,pub,cpp_to_py,constrained_pub_only,exp,xcdr,shmem_ds,100000,10,0,measured,121,2026-09-09T14:21:03.035174Z,156856697312368,156856697312368,-1,-1,-1,ok,
exp_constrained_pub_only_xcdr__cpp_to_py__100000B__10Hz__shmem_ds__best_effort,publish,pub,cpp_to_py,constrained_pub_only,exp,xcdr,shmem_ds,100000,10,0,measured,122,2026-09-09T14:21:03.134762Z,156856796931198,156856796931198,-1,-1,-1,ok,
exp_constrained_pub_only_xcdr__cpp_to_py__100000B__10Hz__shmem_ds__best_effort,publish,pub,cpp_to_py,constrained_pub_only,exp,xcdr,shmem_ds,100000,10,0,measured,123,2026-09-09T14:21:03.234337Z,156856896510845,156856896510845,-1,-1,-1,ok,
exp_constrained_pub_only_xcdr__cpp_to_py__100000B__10Hz__shmem_ds__best_effort,publish,pub,cpp_to_py,constrained_pub_only,exp,xcdr,shmem_ds,100000,10,0,measured,124,2026-09-09T14:21:03.334177Z,156856996347971,156856996347971,-1,-1,-1,ok,
exp_constrained_pub_only_xcdr__cpp_to_py__100000B__10Hz__shmem_ds__best_effort,publish,pub,cpp_to_py,constrained_pub_only,exp,xcdr,shmem_ds,100000,10,0,measured,125,2026-09-09T14:21:03.433565Z,156857095701457,156857095701457,-1,-1,-1,ok,
exp_constrained_pub_only_xcdr__cpp_to_py__100000B__10Hz__shmem_ds__best_effort,publish,pub,cpp_to_py,constrained_pub_only,exp,xcdr,shmem_ds,100000,10,0,measured,126,2026-09-09T14:21:03.534261Z,156857196401887,156857196401887,-1,-1,-1,ok,
exp_constrained_pub_only_xcdr__cpp_to_py__100000B__10Hz__shmem_ds__best_effort,publish,pub,cpp_to_py,constrained_pub_only,exp,xcdr,shmem_ds,100000,10,0,measured,127,2026-09-09T14:21:03.634199Z,156857296357493,156857296357493,-1,-1,-1,ok,
exp_constrained_pub_only_xcdr__cpp_to_py__100000B__10Hz__shmem_ds__best_effort,publish,pub,cpp_to_py,constrained_pub_only,exp,xcdr,shmem_ds,100000,10,0,measured,128,2026-09-09T14:21:03.733769Z,156857395934385,156857395934385,-1,-1,-1,ok,
exp_constrained_pub_only_xcdr__cpp_to_py__100000B__10Hz__shmem_ds__best_effort,publish,pub,cpp_to_py,constrained_pub_only,exp,xcdr,shmem_ds,100000,10,0,measured,129,2026-09-09T14:21:03.834415Z,156857496571939,156857496571939,-1,-1,-1,ok,
exp_constrained_pub_only_xcdr__cpp_to_py__100000B__10Hz__shmem_ds__best_effort,publish,pub,cpp_to_py,constrained_pub_only,exp,xcdr,shmem_ds,100000,10,0,measured,130,2026-09-09T14:21:03.934322Z,156857596455451,156857596455451,-1,-1,-1,ok,
exp_constrained_pub_only_xcdr__cpp_to_py__100000B__10Hz__shmem_ds__best_effort,publish,pub,cpp_to_py,constrained_pub_only,exp,xcdr,shmem_ds,100000,10,0,measured,131,2026-09-09T14:21:04.033476Z,156857695611442,156857695611442,-1,-1,-1,ok,
exp_constrained_pub_only_xcdr__cpp_to_py__100000B__10Hz__shmem_ds__best_effort,publish,pub,cpp_to_py,constrained_pub_only,exp,xcdr,shmem_ds,100000,10,0,measured,132,2026-09-09T14:21:04.134198Z,156857796348016,156857796348016,-1,-1,-1,ok,
exp_constrained_pub_only_xcdr__cpp_to_py__100000B__10Hz__shmem_ds__best_effort,publish,pub,cpp_to_py,constrained_pub_only,exp,xcdr,shmem_ds,100000,10,0,measured,133,2026-09-09T14:21:04.234756Z,156857896917942,156857896917942,-1,-1,-1,ok,
exp_constrained_pub_only_xcdr__cpp_to_py__100000B__10Hz__shmem_ds__best_effort,publish,pub,cpp_to_py,constrained_pub_only,exp,xcdr,shmem_ds,100000,10,0,measured,134,2026-09-09T14:21:04.335561Z,156857997724588,156857997724588,-1,-1,-1,ok,
exp_constrained_pub_only_xcdr__cpp_to_py__100000B__10Hz__shmem_ds__best_effort,publish,pub,cpp_to_py,constrained_pub_only,exp,xcdr,shmem_ds,100000,10,0,measured,135,2026-09-09T14:21:04.436334Z,156858098461163,156858098461163,-1,-1,-1,ok,
exp_constrained_pub_only_xcdr__cpp_to_py__100000B__10Hz__shmem_ds__best_effort,publish,pub,cpp_to_py,constrained_pub_only,exp,xcdr,shmem_ds,100000,10,0,measured,136,2026-09-09T14:21:04.535328Z,156858197488159,156858197488159,-1,-1,-1,ok,
exp_constrained_pub_only_xcdr__cpp_to_py__100000B__10Hz__shmem_ds__best_effort,publish,pub,cpp_to_py,constrained_pub_only,exp,xcdr,shmem_ds,100000,10,0,measured,137,2026-09-09T14:21:04.635825Z,156858297975291,156858297975291,-1,-1,-1,ok,
exp_constrained_pub_only_xcdr__cpp_to_py__100000B__10Hz__shmem_ds__best_effort,publish,pub,cpp_to_py,constrained_pub_only,exp,xcdr,shmem_ds,100000,10,0,measured,138,2026-09-09T14:21:04.734948Z,156858397112943,156858397112943,-1,-1,-1,ok,
exp_constrained_pub_only_xcdr__cpp_to_py__100000B__10Hz__shmem_ds__best_effort,publish,pub,cpp_to_py,constrained_pub_only,exp,xcdr,shmem_ds,100000,10,0,measured,139,2026-09-09T14:21:04.834371Z,156858496532239,156858496532239,-1,-1,-1,ok,
exp_constrained_pub_only_xcdr__cpp_to_py__100000B__10Hz__shmem_ds__best_effort,publish,pub,cpp_to_py,constrained_pub_only,exp,xcdr,shmem_ds,100000,10,0,measured,140,2026-09-09T14:21:04.934650Z,156858596800022,156858596800022,-1,-1,-1,ok,
exp_constrained_pub_only_xcdr__cpp_to_py__100000B__10Hz__shmem_ds__best_effort,publish,pub,cpp_to_py,constrained_pub_only,exp,xcdr,shmem_ds,100000,10,0,measured,141,2026-09-09T14:21:05.034512Z,156858696674737,156858696674737,-1,-1,-1,ok,
exp_constrained_pub_only_xcdr__cpp_to_py__100000B__10Hz__shmem_ds__best_effort,publish,pub,cpp_to_py,constrained_pub_only,exp,xcdr,shmem_ds,100000,10,0,measured,142,2026-09-09T14:21:05.134206Z,156858796357530,156858796357530,-1,-1,-1,ok,
exp_constrained_pub_only_xcdr__cpp_to_py__100000B__10Hz__shmem_ds__best_effort,publish,pub,cpp_to_py,constrained_pub_only,exp,xcdr,shmem_ds,100000,10,0,measured,143,2026-09-09T14:21:05.233863Z,156858896041324,156858896041324,-1,-1,-1,ok,
exp_constrained_pub_only_xcdr__cpp_to_py__100000B__10Hz__shmem_ds__best_effort,publish,pub,cpp_to_py,constrained_pub_only,exp,xcdr,shmem_ds,100000,10,0,measured,144,2026-09-09T14:21:05.334275Z,156858996453283,156858996453283,-1,-1,-1,ok,
exp_constrained_pub_only_xcdr__cpp_to_py__100000B__10Hz__shmem_ds__best_effort,publish,pub,cpp_to_py,constrained_pub_only,exp,xcdr,shmem_ds,100000,10,0,measured,145,2026-09-09T14:21:05.433992Z,156859096146275,156859096146275,-1,-1,-1,ok,
exp_constrained_pub_only_xcdr__cpp_to_py__100000B__10Hz__shmem_ds__best_effort,publish,pub,cpp_to_py,constrained_pub_only,exp,xcdr,shmem_ds,100000,10,0,measured,146,2026-09-09T14:21:05.534463Z,156859196623755,156859196623755,-1,-1,-1,ok,
exp_constrained_pub_only_xcdr__cpp_to_py__100000B__10Hz__shmem_ds__best_effort,publish,pub,cpp_to_py,constrained_pub_only,exp,xcdr,shmem_ds,100000,10,0,measured,147,2026-09-09T14:21:05.633770Z,156859295941690,156859295941690,-1,-1,-1,ok,
exp_constrained_pub_only_xcdr__cpp_to_py__100000B__10Hz__shmem_ds__best_effort,publish,pub,cpp_to_py,constrained_pub_only,exp,xcdr,shmem_ds,100000,10,0,measured,148,2026-09-09T14:21:05.734080Z,156859396250276,156859396250276,-1,-1,-1,ok,
exp_constrained_pub_only_xcdr__cpp_to_py__100000B__10Hz__shmem_ds__best_effort,publish,pub,cpp_to_py,constrained_pub_only,exp,xcdr,shmem_ds,100000,10,0,measured,149,2026-09-09T14:21:05.833252Z,156859495417761,156859495417761,-1,-1,-1,ok,
exp_constrained_pub_only_xcdr__cpp_to_py__100000B__10Hz__shmem_ds__best_effort,publish,pub,cpp_to_py,constrained_pub_only,exp,xcdr,shmem_ds,100000,10,0,measured,150,2026-09-09T14:21:05.933034Z,156859595210298,156859595210298,-1,-1,-1,ok,
exp_constrained_pub_only_xcdr__cpp_to_py__100000B__10Hz__shmem_ds__best_effort,publish,pub,cpp_to_py,constrained_pub_only,exp,xcdr,shmem_ds,100000,10,0,measured,151,2026-09-09T14:21:06.032776Z,156859694941814,156859694941814,-1,-1,-1,ok,
exp_constrained_pub_only_xcdr__cpp_to_py__100000B__10Hz__shmem_ds__best_effort,publish,pub,cpp_to_py,constrained_pub_only,exp,xcdr,shmem_ds,100000,10,0,measured,152,2026-09-09T14:21:06.132808Z,156859794972892,156859794972892,-1,-1,-1,ok,
exp_constrained_pub_only_xcdr__cpp_to_py__100000B__10Hz__shmem_ds__best_effort,publish,pub,cpp_to_py,constrained_pub_only,exp,xcdr,shmem_ds,100000,10,0,measured,153,2026-09-09T14:21:06.233116Z,156859895297535,156859895297535,-1,-1,-1,ok,
exp_constrained_pub_only_xcdr__cpp_to_py__100000B__10Hz__shmem_ds__best_effort,publish,pub,cpp_to_py,constrained_pub_only,exp,xcdr,shmem_ds,100000,10,0,measured,154,2026-09-09T14:21:06.333592Z,156859995761017,156859995761017,-1,-1,-1,ok,
exp_constrained_pub_only_xcdr__cpp_to_py__100000B__10Hz__shmem_ds__best_effort,publish,pub,cpp_to_py,constrained_pub_only,exp,xcdr,shmem_ds,100000,10,0,measured,155,2026-09-09T14:21:06.433607Z,156860095765736,156860095765736,-1,-1,-1,ok,
exp_constrained_pub_only_xcdr__cpp_to_py__100000B__10Hz__shmem_ds__best_effort,publish,pub,cpp_to_py,constrained_pub_only,exp,xcdr,shmem_ds,100000,10,0,measured,156,2026-09-09T14:21:06.533650Z,156860195810258,156860195810258,-1,-1,-1,ok,
exp_constrained_pub_only_xcdr__cpp_to_py__100000B__10Hz__shmem_ds__best_effort,publish,pub,cpp_to_py,constrained_pub_only,exp,xcdr,shmem_ds,100000,10,0,measured,157,2026-09-09T14:21:06.633437Z,156860295600899,156860295600899,-1,-1,-1,ok,
exp_constrained_pub_only_xcdr__cpp_to_py__100000B__10Hz__shmem_ds__best_effort,publish,pub,cpp_to_py,constrained_pub_only,exp,xcdr,shmem_ds,100000,10,0,measured,158,2026-09-09T14:21:06.734024Z,156860396191427,156860396191427,-1,-1,-1,ok,
exp_constrained_pub_only_xcdr__cpp_to_py__100000B__10Hz__shmem_ds__best_effort,publish,pub,cpp_to_py,constrained_pub_only,exp,xcdr,shmem_ds,100000,10,0,measured,159,2026-09-09T14:21:06.833446Z,156860495587864,156860495587864,-1,-1,-1,ok,
exp_constrained_pub_only_xcdr__cpp_to_py__100000B__10Hz__shmem_ds__best_effort,publish,pub,cpp_to_py,constrained_pub_only,exp,xcdr,shmem_ds,100000,10,0,measured,160,2026-09-09T14:21:06.933083Z,156860595256027,156860595256027,-1,-1,-1,ok,
exp_constrained_pub_only_xcdr__cpp_to_py__100000B__10Hz__shmem_ds__best_effort,publish,pub,cpp_to_py,constrained_pub_only,exp,xcdr,shmem_ds,100000,10,0,measured,161,2026-09-09T14:21:07.033217Z,156860695374770,156860695374770,-1,-1,-1,ok,
exp_constrained_pub_only_xcdr__cpp_to_py__100000B__10Hz__shmem_ds__best_effort,publish,pub,cpp_to_py,constrained_pub_only,exp,xcdr,shmem_ds,100000,10,0,measured,162,2026-09-09T14:21:07.132374Z,156860794533662,156860794533662,-1,-1,-1,ok,
exp_constrained_pub_only_xcdr__cpp_to_py__100000B__10Hz__shmem_ds__best_effort,publish,pub,cpp_to_py,constrained_pub_only,exp,xcdr,shmem_ds,100000,10,0,measured,163,2026-09-09T14:21:07.231828Z,156860893990389,156860893990389,-1,-1,-1,ok,
exp_constrained_pub_only_xcdr__cpp_to_py__100000B__10Hz__shmem_ds__best_effort,publish,pub,cpp_to_py,constrained_pub_only,exp,xcdr,shmem_ds,100000,10,0,measured,164,2026-09-09T14:21:07.331698Z,156860993857579,156860993857579,-1,-1,-1,ok,
exp_constrained_pub_only_xcdr__cpp_to_py__100000B__10Hz__shmem_ds__best_effort,publish,pub,cpp_to_py,constrained_pub_only,exp,xcdr,shmem_ds,100000,10,0,measured,165,2026-09-09T14:21:07.431656Z,156861093813785,156861093813785,-1,-1,-1,ok,
exp_constrained_pub_only_xcdr__cpp_to_py__100000B__10Hz__shmem_ds__best_effort,publish,pub,cpp_to_py,constrained_pub_only,exp,xcdr,shmem_ds,100000,10,0,measured,166,2026-09-09T14:21:07.531084Z,156861193245665,156861193245665,-1,-1,-1,ok,
exp_constrained_pub_only_xcdr__cpp_to_py__100000B__10Hz__shmem_ds__best_effort,publish,pub,cpp_to_py,constrained_pub_only,exp,xcdr,shmem_ds,100000,10,0,measured,167,2026-09-09T14:21:07.631271Z,156861293436327,156861293436327,-1,-1,-1,ok,
exp_constrained_pub_only_xcdr__cpp_to_py__100000B__10Hz__shmem_ds__best_effort,publish,pub,cpp_to_py,constrained_pub_only,exp,xcdr,shmem_ds,100000,10,0,measured,168,2026-09-09T14:21:07.732322Z,156861394455459,156861394455459,-1,-1,-1,ok,
exp_constrained_pub_only_xcdr__cpp_to_py__100000B__10Hz__shmem_ds__best_effort,publish,pub,cpp_to_py,constrained_pub_only,exp,xcdr,shmem_ds,100000,10,0,measured,169,2026-09-09T14:21:07.833114Z,156861495253481,156861495253481,-1,-1,-1,ok,
exp_constrained_pub_only_xcdr__cpp_to_py__100000B__10Hz__shmem_ds__best_effort,publish,pub,cpp_to_py,constrained_pub_only,exp,xcdr,shmem_ds,100000,10,0,measured,170,2026-09-09T14:21:07.932843Z,156861594991571,156861594991571,-1,-1,-1,ok,
exp_constrained_pub_only_xcdr__cpp_to_py__100000B__10Hz__shmem_ds__best_effort,publish,pub,cpp_to_py,constrained_pub_only,exp,xcdr,shmem_ds,100000,10,0,measured,171,2026-09-09T14:21:08.032862Z,156861694982573,156861694982573,-1,-1,-1,ok,
exp_constrained_pub_only_xcdr__cpp_to_py__100000B__10Hz__shmem_ds__best_effort,publish,pub,cpp_to_py,constrained_pub_only,exp,xcdr,shmem_ds,100000,10,0,measured,172,2026-09-09T14:21:08.132419Z,156861794559971,156861794559971,-1,-1,-1,ok,
exp_constrained_pub_only_xcdr__cpp_to_py__100000B__10Hz__shmem_ds__best_effort,publish,pub,cpp_to_py,constrained_pub_only,exp,xcdr,shmem_ds,100000,10,0,measured,173,2026-09-09T14:21:08.232327Z,156861894464518,156861894464518,-1,-1,-1,ok,
exp_constrained_pub_only_xcdr__cpp_to_py__100000B__10Hz__shmem_ds__best_effort,publish,pub,cpp_to_py,constrained_pub_only,exp,xcdr,shmem_ds,100000,10,0,measured,174,2026-09-09T14:21:08.331913Z,156861994069187,156861994069187,-1,-1,-1,ok,
exp_constrained_pub_only_xcdr__cpp_to_py__100000B__10Hz__shmem_ds__best_effort,publish,pub,cpp_to_py,constrained_pub_only,exp,xcdr,shmem_ds,100000,10,0,measured,175,2026-09-09T14:21:08.431546Z,156862093675570,156862093675570,-1,-1,-1,ok,
exp_constrained_pub_only_xcdr__cpp_to_py__100000B__10Hz__shmem_ds__best_effort,publish,pub,cpp_to_py,constrained_pub_only,exp,xcdr,shmem_ds,100000,10,0,measured,176,2026-09-09T14:21:08.531391Z,156862193547035,156862193547035,-1,-1,-1,ok,
exp_constrained_pub_only_xcdr__cpp_to_py__100000B__10Hz__shmem_ds__best_effort,publish,pub,cpp_to_py,constrained_pub_only,exp,xcdr,shmem_ds,100000,10,0,measured,177,2026-09-09T14:21:08.631671Z,156862293828733,156862293828733,-1,-1,-1,ok,
exp_constrained_pub_only_xcdr__cpp_to_py__100000B__10Hz__shmem_ds__best_effort,publish,pub,cpp_to_py,constrained_pub_only,exp,xcdr,shmem_ds,100000,10,0,measured,178,2026-09-09T14:21:08.730833Z,156862392967085,156862392967085,-1,-1,-1,ok,
exp_constrained_pub_only_xcdr__cpp_to_py__100000B__10Hz__shmem_ds__best_effort,publish,pub,cpp_to_py,constrained_pub_only,exp,xcdr,shmem_ds,100000,10,0,measured,179,2026-09-09T14:21:08.830833Z,156862492978821,156862492978821,-1,-1,-1,ok,
exp_constrained_pub_only_xcdr__cpp_to_py__100000B__10Hz__shmem_ds__best_effort,publish,pub,cpp_to_py,constrained_pub_only,exp,xcdr,shmem_ds,100000,10,0,measured,180,2026-09-09T14:21:08.930560Z,156862592698894,156862592698894,-1,-1,-1,ok,
exp_constrained_pub_only_xcdr__cpp_to_py__100000B__10Hz__shmem_ds__best_effort,publish,pub,cpp_to_py,constrained_pub_only,exp,xcdr,shmem_ds,100000,10,0,measured,181,2026-09-09T14:21:09.031087Z,156862693227223,156862693227223,-1,-1,-1,ok,
exp_constrained_pub_only_xcdr__cpp_to_py__100000B__10Hz__shmem_ds__best_effort,publish,pub,cpp_to_py,constrained_pub_only,exp,xcdr,shmem_ds,100000,10,0,measured,182,2026-09-09T14:21:09.130975Z,156862793101141,156862793101141,-1,-1,-1,ok,
exp_constrained_pub_only_xcdr__cpp_to_py__100000B__10Hz__shmem_ds__best_effort,publish,pub,cpp_to_py,constrained_pub_only,exp,xcdr,shmem_ds,100000,10,0,measured,183,2026-09-09T14:21:09.230320Z,156862892471330,156862892471330,-1,-1,-1,ok,
exp_constrained_pub_only_xcdr__cpp_to_py__100000B__10Hz__shmem_ds__best_effort,publish,pub,cpp_to_py,constrained_pub_only,exp,xcdr,shmem_ds,100000,10,0,measured,184,2026-09-09T14:21:09.329352Z,156862991491710,156862991491710,-1,-1,-1,ok,
exp_constrained_pub_only_xcdr__cpp_to_py__100000B__10Hz__shmem_ds__best_effort,publish,pub,cpp_to_py,constrained_pub_only,exp,xcdr,shmem_ds,100000,10,0,measured,185,2026-09-09T14:21:09.429648Z,156863091776150,156863091776150,-1,-1,-1,ok,
exp_constrained_pub_only_xcdr__cpp_to_py__100000B__10Hz__shmem_ds__best_effort,publish,pub,cpp_to_py,constrained_pub_only,exp,xcdr,shmem_ds,100000,10,0,measured,186,2026-09-09T14:21:09.529124Z,156863191282454,156863191282454,-1,-1,-1,ok,
exp_constrained_pub_only_xcdr__cpp_to_py__100000B__10Hz__shmem_ds__best_effort,publish,pub,cpp_to_py,constrained_pub_only,exp,xcdr,shmem_ds,100000,10,0,measured,187,2026-09-09T14:21:09.628521Z,156863290662923,156863290662923,-1,-1,-1,ok,
exp_constrained_pub_only_xcdr__cpp_to_py__100000B__10Hz__shmem_ds__best_effort,publish,pub,cpp_to_py,constrained_pub_only,exp,xcdr,shmem_ds,100000,10,0,measured,188,2026-09-09T14:21:09.729297Z,156863391451601,156863391451601,-1,-1,-1,ok,
exp_constrained_pub_only_xcdr__cpp_to_py__100000B__10Hz__shmem_ds__best_effort,publish,pub,cpp_to_py,constrained_pub_only,exp,xcdr,shmem_ds,100000,10,0,measured,189,2026-09-09T14:21:09.829879Z,156863492039456,156863492039456,-1,-1,-1,ok,
exp_constrained_pub_only_xcdr__cpp_to_py__100000B__10Hz__shmem_ds__best_effort,publish,pub,cpp_to_py,constrained_pub_only,exp,xcdr,shmem_ds,100000,10,0,measured,190,2026-09-09T14:21:09.929754Z,156863591883978,156863591883978,-1,-1,-1,ok,
exp_constrained_pub_only_xcdr__cpp_to_py__100000B__10Hz__shmem_ds__best_effort,publish,pub,cpp_to_py,constrained_pub_only,exp,xcdr,shmem_ds,100000,10,0,measured,191,2026-09-09T14:21:10.028941Z,156863691077912,156863691077912,-1,-1,-1,ok,
exp_constrained_pub_only_xcdr__cpp_to_py__100000B__10Hz__shmem_ds__best_effort,publish,pub,cpp_to_py,constrained_pub_only,exp,xcdr,shmem_ds,100000,10,0,measured,192,2026-09-09T14:21:10.129272Z,156863791415338,156863791415338,-1,-1,-1,ok,
exp_constrained_pub_only_xcdr__cpp_to_py__100000B__10Hz__shmem_ds__best_effort,publish,pub,cpp_to_py,constrained_pub_only,exp,xcdr,shmem_ds,100000,10,0,measured,193,2026-09-09T14:21:10.230180Z,156863892335939,156863892335939,-1,-1,-1,ok,
exp_constrained_pub_only_xcdr__cpp_to_py__100000B__10Hz__shmem_ds__best_effort,publish,pub,cpp_to_py,constrained_pub_only,exp,xcdr,shmem_ds,100000,10,0,measured,194,2026-09-09T14:21:10.329775Z,156863991907300,156863991907300,-1,-1,-1,ok,
exp_constrained_pub_only_xcdr__cpp_to_py__100000B__10Hz__shmem_ds__best_effort,publish,pub,cpp_to_py,constrained_pub_only,exp,xcdr,shmem_ds,100000,10,0,measured,195,2026-09-09T14:21:10.428936Z,156864091065644,156864091065644,-1,-1,-1,ok,
exp_constrained_pub_only_xcdr__cpp_to_py__100000B__10Hz__shmem_ds__best_effort,publish,pub,cpp_to_py,constrained_pub_only,exp,xcdr,shmem_ds,100000,10,0,measured,196,2026-09-09T14:21:10.529128Z,156864191286613,156864191286613,-1,-1,-1,ok,
exp_constrained_pub_only_xcdr__cpp_to_py__100000B__10Hz__shmem_ds__best_effort,publish,pub,cpp_to_py,constrained_pub_only,exp,xcdr,shmem_ds,100000,10,0,measured,197,2026-09-09T14:21:10.629280Z,156864291436721,156864291436721,-1,-1,-1,ok,
exp_constrained_pub_only_xcdr__cpp_to_py__100000B__10Hz__shmem_ds__best_effort,publish,pub,cpp_to_py,constrained_pub_only,exp,xcdr,shmem_ds,100000,10,0,measured,198,2026-09-09T14:21:10.728654Z,156864390804603,156864390804603,-1,-1,-1,ok,
exp_constrained_pub_only_xcdr__cpp_to_py__100000B__10Hz__shmem_ds__best_effort,publish,pub,cpp_to_py,constrained_pub_only,exp,xcdr,shmem_ds,100000,10,0,measured,199,2026-09-09T14:21:10.829403Z,156864491566148,156864491566148,-1,-1,-1,ok,
exp_constrained_pub_only_xcdr__cpp_to_py__100000B__10Hz__shmem_ds__best_effort,publish,pub,cpp_to_py,constrained_pub_only,exp,xcdr,shmem_ds,100000,10,0,measured,200,2026-09-09T14:21:10.929310Z,156864591467563,156864591467563,-1,-1,-1,ok,
exp_constrained_pub_only_xcdr__cpp_to_py__100000B__10Hz__shmem_ds__best_effort,publish,pub,cpp_to_py,constrained_pub_only,exp,xcdr,shmem_ds,100000,10,0,measured,201,2026-09-09T14:21:11.028509Z,156864690669159,156864690669159,-1,-1,-1,ok,
exp_constrained_pub_only_xcdr__cpp_to_py__100000B__10Hz__shmem_ds__best_effort,publish,pub,cpp_to_py,constrained_pub_only,exp,xcdr,shmem_ds,100000,10,0,measured,202,2026-09-09T14:21:11.127873Z,156864790018143,156864790018143,-1,-1,-1,ok,
exp_constrained_pub_only_xcdr__cpp_to_py__100000B__10Hz__shmem_ds__best_effort,publish,pub,cpp_to_py,constrained_pub_only,exp,xcdr,shmem_ds,100000,10,0,measured,203,2026-09-09T14:21:11.228657Z,156864890815081,156864890815081,-1,-1,-1,ok,
exp_constrained_pub_only_xcdr__cpp_to_py__100000B__10Hz__shmem_ds__best_effort,publish,pub,cpp_to_py,constrained_pub_only,exp,xcdr,shmem_ds,100000,10,0,measured,204,2026-09-09T14:21:11.328540Z,156864990713318,156864990713318,-1,-1,-1,ok,
exp_constrained_pub_only_xcdr__cpp_to_py__100000B__10Hz__shmem_ds__best_effort,publish,pub,cpp_to_py,constrained_pub_only,exp,xcdr,shmem_ds,100000,10,0,measured,205,2026-09-09T14:21:11.429256Z,156865091387828,156865091387828,-1,-1,-1,ok,
exp_constrained_pub_only_xcdr__cpp_to_py__100000B__10Hz__shmem_ds__best_effort,publish,pub,cpp_to_py,constrained_pub_only,exp,xcdr,shmem_ds,100000,10,0,measured,206,2026-09-09T14:21:11.529032Z,156865191192701,156865191192701,-1,-1,-1,ok,
exp_constrained_pub_only_xcdr__cpp_to_py__100000B__10Hz__shmem_ds__best_effort,publish,pub,cpp_to_py,constrained_pub_only,exp,xcdr,shmem_ds,100000,10,0,measured,207,2026-09-09T14:21:11.628893Z,156865291050853,156865291050853,-1,-1,-1,ok,
exp_constrained_pub_only_xcdr__cpp_to_py__100000B__10Hz__shmem_ds__best_effort,publish,pub,cpp_to_py,constrained_pub_only,exp,xcdr,shmem_ds,100000,10,0,measured,208,2026-09-09T14:21:11.728531Z,156865390688906,156865390688906,-1,-1,-1,ok,
exp_constrained_pub_only_xcdr__cpp_to_py__100000B__10Hz__shmem_ds__best_effort,publish,pub,cpp_to_py,constrained_pub_only,exp,xcdr,shmem_ds,100000,10,0,measured,209,2026-09-09T14:21:11.827744Z,156865489904201,156865489904201,-1,-1,-1,ok,
exp_constrained_pub_only_xcdr__cpp_to_py__100000B__10Hz__shmem_ds__best_effort,publish,pub,cpp_to_py,constrained_pub_only,exp,xcdr,shmem_ds,100000,10,0,measured,210,2026-09-09T14:21:11.927198Z,156865589327053,156865589327053,-1,-1,-1,ok,
exp_constrained_pub_only_xcdr__cpp_to_py__100000B__10Hz__shmem_ds__best_effort,publish,pub,cpp_to_py,constrained_pub_only,exp,xcdr,shmem_ds,100000,10,0,measured,211,2026-09-09T14:21:12.026613Z,156865688772830,156865688772830,-1,-1,-1,ok,
exp_constrained_pub_only_xcdr__cpp_to_py__100000B__10Hz__shmem_ds__best_effort,publish,pub,cpp_to_py,constrained_pub_only,exp,xcdr,shmem_ds,100000,10,0,measured,212,2026-09-09T14:21:12.127400Z,156865789547975,156865789547975,-1,-1,-1,ok,
exp_constrained_pub_only_xcdr__cpp_to_py__100000B__10Hz__shmem_ds__best_effort,publish,pub,cpp_to_py,constrained_pub_only,exp,xcdr,shmem_ds,100000,10,0,measured,213,2026-09-09T14:21:12.227265Z,156865889425329,156865889425329,-1,-1,-1,ok,
exp_constrained_pub_only_xcdr__cpp_to_py__100000B__10Hz__shmem_ds__best_effort,publish,pub,cpp_to_py,constrained_pub_only,exp,xcdr,shmem_ds,100000,10,0,measured,214,2026-09-09T14:21:12.326667Z,156865988835815,156865988835815,-1,-1,-1,ok,
exp_constrained_pub_only_xcdr__cpp_to_py__100000B__10Hz__shmem_ds__best_effort,publish,pub,cpp_to_py,constrained_pub_only,exp,xcdr,shmem_ds,100000,10,0,measured,215,2026-09-09T14:21:12.426068Z,156866088194965,156866088194965,-1,-1,-1,ok,
exp_constrained_pub_only_xcdr__cpp_to_py__100000B__10Hz__shmem_ds__best_effort,publish,pub,cpp_to_py,constrained_pub_only,exp,xcdr,shmem_ds,100000,10,0,measured,216,2026-09-09T14:21:12.525360Z,156866187514432,156866187514432,-1,-1,-1,ok,
exp_constrained_pub_only_xcdr__cpp_to_py__100000B__10Hz__shmem_ds__best_effort,publish,pub,cpp_to_py,constrained_pub_only,exp,xcdr,shmem_ds,100000,10,0,measured,217,2026-09-09T14:21:12.624680Z,156866286834460,156866286834460,-1,-1,-1,ok,
exp_constrained_pub_only_xcdr__cpp_to_py__100000B__10Hz__shmem_ds__best_effort,publish,pub,cpp_to_py,constrained_pub_only,exp,xcdr,shmem_ds,100000,10,0,measured,218,2026-09-09T14:21:12.723931Z,156866386082985,156866386082985,-1,-1,-1,ok,
exp_constrained_pub_only_xcdr__cpp_to_py__100000B__10Hz__shmem_ds__best_effort,publish,pub,cpp_to_py,constrained_pub_only,exp,xcdr,shmem_ds,100000,10,0,measured,219,2026-09-09T14:21:12.823333Z,156866485493371,156866485493371,-1,-1,-1,ok,
exp_constrained_pub_only_xcdr__cpp_to_py__100000B__10Hz__shmem_ds__best_effort,publish,pub,cpp_to_py,constrained_pub_only,exp,xcdr,shmem_ds,100000,10,0,measured,220,2026-09-09T14:21:12.924253Z,156866586404468,156866586404468,-1,-1,-1,ok,
exp_constrained_pub_only_xcdr__cpp_to_py__100000B__10Hz__shmem_ds__best_effort,publish,pub,cpp_to_py,constrained_pub_only,exp,xcdr,shmem_ds,100000,10,0,measured,221,2026-09-09T14:21:13.024094Z,156866686248673,156866686248673,-1,-1,-1,ok,
exp_constrained_pub_only_xcdr__cpp_to_py__100000B__10Hz__shmem_ds__best_effort,publish,pub,cpp_to_py,constrained_pub_only,exp,xcdr,shmem_ds,100000,10,0,measured,222,2026-09-09T14:21:13.123902Z,156866786052568,156866786052568,-1,-1,-1,ok,
exp_constrained_pub_only_xcdr__cpp_to_py__100000B__10Hz__shmem_ds__best_effort,publish,pub,cpp_to_py,constrained_pub_only,exp,xcdr,shmem_ds,100000,10,0,measured,223,2026-09-09T14:21:13.223129Z,156866885294908,156866885294908,-1,-1,-1,ok,
exp_constrained_pub_only_xcdr__cpp_to_py__100000B__10Hz__shmem_ds__best_effort,publish,pub,cpp_to_py,constrained_pub_only,exp,xcdr,shmem_ds,100000,10,0,measured,224,2026-09-09T14:21:13.322409Z,156866984567194,156866984567194,-1,-1,-1,ok,
exp_constrained_pub_only_xcdr__cpp_to_py__100000B__10Hz__shmem_ds__best_effort,publish,pub,cpp_to_py,constrained_pub_only,exp,xcdr,shmem_ds,100000,10,0,measured,225,2026-09-09T14:21:13.422206Z,156867084364336,156867084364336,-1,-1,-1,ok,
exp_constrained_pub_only_xcdr__cpp_to_py__100000B__10Hz__shmem_ds__best_effort,publish,pub,cpp_to_py,constrained_pub_only,exp,xcdr,shmem_ds,100000,10,0,measured,226,2026-09-09T14:21:13.521663Z,156867183784939,156867183784939,-1,-1,-1,ok,
exp_constrained_pub_only_xcdr__cpp_to_py__100000B__10Hz__shmem_ds__best_effort,publish,pub,cpp_to_py,constrained_pub_only,exp,xcdr,shmem_ds,100000,10,0,measured,227,2026-09-09T14:21:13.620912Z,156867283077422,156867283077422,-1,-1,-1,ok,
exp_constrained_pub_only_xcdr__cpp_to_py__100000B__10Hz__shmem_ds__best_effort,publish,pub,cpp_to_py,constrained_pub_only,exp,xcdr,shmem_ds,100000,10,0,measured,228,2026-09-09T14:21:13.720609Z,156867382765462,156867382765462,-1,-1,-1,ok,
exp_constrained_pub_only_xcdr__cpp_to_py__100000B__10Hz__shmem_ds__best_effort,publish,pub,cpp_to_py,constrained_pub_only,exp,xcdr,shmem_ds,100000,10,0,measured,229,2026-09-09T14:21:13.821274Z,156867483440537,156867483440537,-1,-1,-1,ok,
exp_constrained_pub_only_xcdr__cpp_to_py__100000B__10Hz__shmem_ds__best_effort,publish,pub,cpp_to_py,constrained_pub_only,exp,xcdr,shmem_ds,100000,10,0,measured,230,2026-09-09T14:21:13.921576Z,156867583742488,156867583742488,-1,-1,-1,ok,
exp_constrained_pub_only_xcdr__cpp_to_py__100000B__10Hz__shmem_ds__best_effort,publish,pub,cpp_to_py,constrained_pub_only,exp,xcdr,shmem_ds,100000,10,0,measured,231,2026-09-09T14:21:14.021295Z,156867683428526,156867683428526,-1,-1,-1,ok,
exp_constrained_pub_only_xcdr__cpp_to_py__100000B__10Hz__shmem_ds__best_effort,publish,pub,cpp_to_py,constrained_pub_only,exp,xcdr,shmem_ds,100000,10,0,measured,232,2026-09-09T14:21:14.122124Z,156867784271181,156867784271181,-1,-1,-1,ok,
exp_constrained_pub_only_xcdr__cpp_to_py__100000B__10Hz__shmem_ds__best_effort,publish,pub,cpp_to_py,constrained_pub_only,exp,xcdr,shmem_ds,100000,10,0,measured,233,2026-09-09T14:21:14.221894Z,156867884048663,156867884048663,-1,-1,-1,ok,
exp_constrained_pub_only_xcdr__cpp_to_py__100000B__10Hz__shmem_ds__best_effort,publish,pub,cpp_to_py,constrained_pub_only,exp,xcdr,shmem_ds,100000,10,0,measured,234,2026-09-09T14:21:14.322059Z,156867984217945,156867984217945,-1,-1,-1,ok,
exp_constrained_pub_only_xcdr__cpp_to_py__100000B__10Hz__shmem_ds__best_effort,publish,pub,cpp_to_py,constrained_pub_only,exp,xcdr,shmem_ds,100000,10,0,measured,235,2026-09-09T14:21:14.422136Z,156868084262655,156868084262655,-1,-1,-1,ok,
exp_constrained_pub_only_xcdr__cpp_to_py__100000B__10Hz__shmem_ds__best_effort,publish,pub,cpp_to_py,constrained_pub_only,exp,xcdr,shmem_ds,100000,10,0,measured,236,2026-09-09T14:21:14.521912Z,156868184070264,156868184070264,-1,-1,-1,ok,
exp_constrained_pub_only_xcdr__cpp_to_py__100000B__10Hz__shmem_ds__best_effort,publish,pub,cpp_to_py,constrained_pub_only,exp,xcdr,shmem_ds,100000,10,0,measured,237,2026-09-09T14:21:14.622236Z,156868284365941,156868284365941,-1,-1,-1,ok,
exp_constrained_pub_only_xcdr__cpp_to_py__100000B__10Hz__shmem_ds__best_effort,publish,pub,cpp_to_py,constrained_pub_only,exp,xcdr,shmem_ds,100000,10,0,measured,238,2026-09-09T14:21:14.723057Z,156868385212903,156868385212903,-1,-1,-1,ok,
exp_constrained_pub_only_xcdr__cpp_to_py__100000B__10Hz__shmem_ds__best_effort,publish,pub,cpp_to_py,constrained_pub_only,exp,xcdr,shmem_ds,100000,10,0,measured,239,2026-09-09T14:21:14.822433Z,156868484577849,156868484577849,-1,-1,-1,ok,
exp_constrained_pub_only_xcdr__cpp_to_py__100000B__10Hz__shmem_ds__best_effort,publish,pub,cpp_to_py,constrained_pub_only,exp,xcdr,shmem_ds,100000,10,0,measured,240,2026-09-09T14:21:14.922323Z,156868584451581,156868584451581,-1,-1,-1,ok,
exp_constrained_pub_only_xcdr__cpp_to_py__100000B__10Hz__shmem_ds__best_effort,publish,pub,cpp_to_py,constrained_pub_only,exp,xcdr,shmem_ds,100000,10,0,measured,241,2026-09-09T14:21:15.022906Z,156868685065151,156868685065151,-1,-1,-1,ok,
exp_constrained_pub_only_xcdr__cpp_to_py__100000B__10Hz__shmem_ds__best_effort,publish,pub,cpp_to_py,constrained_pub_only,exp,xcdr,shmem_ds,100000,10,0,measured,242,2026-09-09T14:21:15.123238Z,156868785375813,156868785375813,-1,-1,-1,ok,
exp_constrained_pub_only_xcdr__cpp_to_py__100000B__10Hz__shmem_ds__best_effort,publish,pub,cpp_to_py,constrained_pub_only,exp,xcdr,shmem_ds,100000,10,0,measured,243,2026-09-09T14:21:15.222365Z,156868884520846,156868884520846,-1,-1,-1,ok,
exp_constrained_pub_only_xcdr__cpp_to_py__100000B__10Hz__shmem_ds__best_effort,publish,pub,cpp_to_py,constrained_pub_only,exp,xcdr,shmem_ds,100000,10,0,measured,244,2026-09-09T14:21:15.322921Z,156868985073348,156868985073348,-1,-1,-1,ok,
exp_constrained_pub_only_xcdr__cpp_to_py__100000B__10Hz__shmem_ds__best_effort,publish,pub,cpp_to_py,constrained_pub_only,exp,xcdr,shmem_ds,100000,10,0,measured,245,2026-09-09T14:21:15.423182Z,156869085335640,156869085335640,-1,-1,-1,ok,
exp_constrained_pub_only_xcdr__cpp_to_py__100000B__10Hz__shmem_ds__best_effort,publish,pub,cpp_to_py,constrained_pub_only,exp,xcdr,shmem_ds,100000,10,0,measured,246,2026-09-09T14:21:15.523979Z,156869186143546,156869186143546,-1,-1,-1,ok,
exp_constrained_pub_only_xcdr__cpp_to_py__100000B__10Hz__shmem_ds__best_effort,publish,pub,cpp_to_py,constrained_pub_only,exp,xcdr,shmem_ds,100000,10,0,measured,247,2026-09-09T14:21:15.623448Z,156869285610068,156869285610068,-1,-1,-1,ok,
exp_constrained_pub_only_xcdr__cpp_to_py__100000B__10Hz__shmem_ds__best_effort,publish,pub,cpp_to_py,constrained_pub_only,exp,xcdr,shmem_ds,100000,10,0,measured,248,2026-09-09T14:21:15.724184Z,156869386344278,156869386344278,-1,-1,-1,ok,
exp_constrained_pub_only_xcdr__cpp_to_py__100000B__10Hz__shmem_ds__best_effort,publish,pub,cpp_to_py,constrained_pub_only,exp,xcdr,shmem_ds,100000,10,0,measured,249,2026-09-09T14:21:15.823632Z,156869485782736,156869485782736,-1,-1,-1,ok,
exp_constrained_pub_only_xcdr__cpp_to_py__100000B__10Hz__shmem_ds__best_effort,publish,pub,cpp_to_py,constrained_pub_only,exp,xcdr,shmem_ds,100000,10,0,measured,250,2026-09-09T14:21:15.923451Z,156869585604669,156869585604669,-1,-1,-1,ok,
exp_constrained_pub_only_xcdr__cpp_to_py__100000B__10Hz__shmem_ds__best_effort,publish,pub,cpp_to_py,constrained_pub_only,exp,xcdr,shmem_ds,100000,10,0,measured,251,2026-09-09T14:21:16.023293Z,156869685441821,156869685441821,-1,-1,-1,ok,
exp_constrained_pub_only_xcdr__cpp_to_py__100000B__10Hz__shmem_ds__best_effort,publish,pub,cpp_to_py,constrained_pub_only,exp,xcdr,shmem_ds,100000,10,0,measured,252,2026-09-09T14:21:16.123551Z,156869785701055,156869785701055,-1,-1,-1,ok,
exp_constrained_pub_only_xcdr__cpp_to_py__100000B__10Hz__shmem_ds__best_effort,publish,pub,cpp_to_py,constrained_pub_only,exp,xcdr,shmem_ds,100000,10,0,measured,253,2026-09-09T14:21:16.224349Z,156869886520410,156869886520410,-1,-1,-1,ok,
exp_constrained_pub_only_xcdr__cpp_to_py__100000B__10Hz__shmem_ds__best_effort,publish,pub,cpp_to_py,constrained_pub_only,exp,xcdr,shmem_ds,100000,10,0,measured,254,2026-09-09T14:21:16.324800Z,156869986972813,156869986972813,-1,-1,-1,ok,
exp_constrained_pub_only_xcdr__cpp_to_py__100000B__10Hz__shmem_ds__best_effort,publish,pub,cpp_to_py,constrained_pub_only,exp,xcdr,shmem_ds,100000,10,0,measured,255,2026-09-09T14:21:16.424373Z,156870086540870,156870086540870,-1,-1,-1,ok,
exp_constrained_pub_only_xcdr__cpp_to_py__100000B__10Hz__shmem_ds__best_effort,publish,pub,cpp_to_py,constrained_pub_only,exp,xcdr,shmem_ds,100000,10,0,measured,256,2026-09-09T14:21:16.523750Z,156870185912532,156870185912532,-1,-1,-1,ok,
exp_constrained_pub_only_xcdr__cpp_to_py__100000B__10Hz__shmem_ds__best_effort,publish,pub,cpp_to_py,constrained_pub_only,exp,xcdr,shmem_ds,100000,10,0,measured,257,2026-09-09T14:21:16.623256Z,156870285412323,156870285412323,-1,-1,-1,ok,
exp_constrained_pub_only_xcdr__cpp_to_py__100000B__10Hz__shmem_ds__best_effort,publish,pub,cpp_to_py,constrained_pub_only,exp,xcdr,shmem_ds,100000,10,0,measured,258,2026-09-09T14:21:16.722971Z,156870385131481,156870385131481,-1,-1,-1,ok,
exp_constrained_pub_only_xcdr__cpp_to_py__100000B__10Hz__shmem_ds__best_effort,publish,pub,cpp_to_py,constrained_pub_only,exp,xcdr,shmem_ds,100000,10,0,measured,259,2026-09-09T14:21:16.822078Z,156870484244602,156870484244602,-1,-1,-1,ok,
exp_constrained_pub_only_xcdr__cpp_to_py__100000B__10Hz__shmem_ds__best_effort,publish,pub,cpp_to_py,constrained_pub_only,exp,xcdr,shmem_ds,100000,10,0,measured,260,2026-09-09T14:21:16.921420Z,156870583576230,156870583576230,-1,-1,-1,ok,
exp_constrained_pub_only_xcdr__cpp_to_py__100000B__10Hz__shmem_ds__best_effort,publish,pub,cpp_to_py,constrained_pub_only,exp,xcdr,shmem_ds,100000,10,0,measured,261,2026-09-09T14:21:17.020529Z,156870682669515,156870682669515,-1,-1,-1,ok,
exp_constrained_pub_only_xcdr__cpp_to_py__100000B__10Hz__shmem_ds__best_effort,publish,pub,cpp_to_py,constrained_pub_only,exp,xcdr,shmem_ds,100000,10,0,measured,262,2026-09-09T14:21:17.119524Z,156870781683158,156870781683158,-1,-1,-1,ok,
exp_constrained_pub_only_xcdr__cpp_to_py__100000B__10Hz__shmem_ds__best_effort,publish,pub,cpp_to_py,constrained_pub_only,exp,xcdr,shmem_ds,100000,10,0,measured,263,2026-09-09T14:21:17.219433Z,156870881585604,156870881585604,-1,-1,-1,ok,
exp_constrained_pub_only_xcdr__cpp_to_py__100000B__10Hz__shmem_ds__best_effort,publish,pub,cpp_to_py,constrained_pub_only,exp,xcdr,shmem_ds,100000,10,0,measured,264,2026-09-09T14:21:17.318900Z,156870981060987,156870981060987,-1,-1,-1,ok,
exp_constrained_pub_only_xcdr__cpp_to_py__100000B__10Hz__shmem_ds__best_effort,publish,pub,cpp_to_py,constrained_pub_only,exp,xcdr,shmem_ds,100000,10,0,measured,265,2026-09-09T14:21:17.417923Z,156871080097332,156871080097332,-1,-1,-1,ok,
exp_constrained_pub_only_xcdr__cpp_to_py__100000B__10Hz__shmem_ds__best_effort,publish,pub,cpp_to_py,constrained_pub_only,exp,xcdr,shmem_ds,100000,10,0,measured,266,2026-09-09T14:21:17.517658Z,156871179822890,156871179822890,-1,-1,-1,ok,
exp_constrained_pub_only_xcdr__cpp_to_py__100000B__10Hz__shmem_ds__best_effort,publish,pub,cpp_to_py,constrained_pub_only,exp,xcdr,shmem_ds,100000,10,0,measured,267,2026-09-09T14:21:17.617792Z,156871279940607,156871279940607,-1,-1,-1,ok,
exp_constrained_pub_only_xcdr__cpp_to_py__100000B__10Hz__shmem_ds__best_effort,publish,pub,cpp_to_py,constrained_pub_only,exp,xcdr,shmem_ds,100000,10,0,measured,268,2026-09-09T14:21:17.717121Z,156871379278082,156871379278082,-1,-1,-1,ok,
exp_constrained_pub_only_xcdr__cpp_to_py__100000B__10Hz__shmem_ds__best_effort,publish,pub,cpp_to_py,constrained_pub_only,exp,xcdr,shmem_ds,100000,10,0,measured,269,2026-09-09T14:21:17.817467Z,156871479639713,156871479639713,-1,-1,-1,ok,
exp_constrained_pub_only_xcdr__cpp_to_py__100000B__10Hz__shmem_ds__best_effort,publish,pub,cpp_to_py,constrained_pub_only,exp,xcdr,shmem_ds,100000,10,0,measured,270,2026-09-09T14:21:17.918125Z,156871580262270,156871580262270,-1,-1,-1,ok,
exp_constrained_pub_only_xcdr__cpp_to_py__100000B__10Hz__shmem_ds__best_effort,publish,pub,cpp_to_py,constrained_pub_only,exp,xcdr,shmem_ds,100000,10,0,measured,271,2026-09-09T14:21:18.018148Z,156871680284891,156871680284891,-1,-1,-1,ok,
exp_constrained_pub_only_xcdr__cpp_to_py__100000B__10Hz__shmem_ds__best_effort,publish,pub,cpp_to_py,constrained_pub_only,exp,xcdr,shmem_ds,100000,10,0,measured,272,2026-09-09T14:21:18.117249Z,156871779405739,156871779405739,-1,-1,-1,ok,
exp_constrained_pub_only_xcdr__cpp_to_py__100000B__10Hz__shmem_ds__best_effort,publish,pub,cpp_to_py,constrained_pub_only,exp,xcdr,shmem_ds,100000,10,0,measured,273,2026-09-09T14:21:18.216430Z,156871878554511,156871878554511,-1,-1,-1,ok,
exp_constrained_pub_only_xcdr__cpp_to_py__100000B__10Hz__shmem_ds__best_effort,publish,pub,cpp_to_py,constrained_pub_only,exp,xcdr,shmem_ds,100000,10,0,measured,274,2026-09-09T14:21:18.316536Z,156871978695207,156871978695207,-1,-1,-1,ok,
exp_constrained_pub_only_xcdr__cpp_to_py__100000B__10Hz__shmem_ds__best_effort,publish,pub,cpp_to_py,constrained_pub_only,exp,xcdr,shmem_ds,100000,10,0,measured,275,2026-09-09T14:21:18.417509Z,156872079654137,156872079654137,-1,-1,-1,ok,
exp_constrained_pub_only_xcdr__cpp_to_py__100000B__10Hz__shmem_ds__best_effort,publish,pub,cpp_to_py,constrained_pub_only,exp,xcdr,shmem_ds,100000,10,0,measured,276,2026-09-09T14:21:18.517527Z,156872179694055,156872179694055,-1,-1,-1,ok,
exp_constrained_pub_only_xcdr__cpp_to_py__100000B__10Hz__shmem_ds__best_effort,publish,pub,cpp_to_py,constrained_pub_only,exp,xcdr,shmem_ds,100000,10,0,measured,277,2026-09-09T14:21:18.616969Z,156872279085037,156872279085037,-1,-1,-1,ok,
exp_constrained_pub_only_xcdr__cpp_to_py__100000B__10Hz__shmem_ds__best_effort,publish,pub,cpp_to_py,constrained_pub_only,exp,xcdr,shmem_ds,100000,10,0,measured,278,2026-09-09T14:21:18.717370Z,156872379522536,156872379522536,-1,-1,-1,ok,
exp_constrained_pub_only_xcdr__cpp_to_py__100000B__10Hz__shmem_ds__best_effort,publish,pub,cpp_to_py,constrained_pub_only,exp,xcdr,shmem_ds,100000,10,0,measured,279,2026-09-09T14:21:18.816586Z,156872478734094,156872478734094,-1,-1,-1,ok,
exp_constrained_pub_only_xcdr__cpp_to_py__100000B__10Hz__shmem_ds__best_effort,publish,pub,cpp_to_py,constrained_pub_only,exp,xcdr,shmem_ds,100000,10,0,measured,280,2026-09-09T14:21:18.916685Z,156872578815760,156872578815760,-1,-1,-1,ok,
exp_constrained_pub_only_xcdr__cpp_to_py__100000B__10Hz__shmem_ds__best_effort,publish,pub,cpp_to_py,constrained_pub_only,exp,xcdr,shmem_ds,100000,10,0,measured,281,2026-09-09T14:21:19.017401Z,156872679542440,156872679542440,-1,-1,-1,ok,
exp_constrained_pub_only_xcdr__cpp_to_py__100000B__10Hz__shmem_ds__best_effort,publish,pub,cpp_to_py,constrained_pub_only,exp,xcdr,shmem_ds,100000,10,0,measured,282,2026-09-09T14:21:19.118300Z,156872780403845,156872780403845,-1,-1,-1,ok,
exp_constrained_pub_only_xcdr__cpp_to_py__100000B__10Hz__shmem_ds__best_effort,publish,pub,cpp_to_py,constrained_pub_only,exp,xcdr,shmem_ds,100000,10,0,measured,283,2026-09-09T14:21:19.217534Z,156872879672938,156872879672938,-1,-1,-1,ok,
exp_constrained_pub_only_xcdr__cpp_to_py__100000B__10Hz__shmem_ds__best_effort,publish,pub,cpp_to_py,constrained_pub_only,exp,xcdr,shmem_ds,100000,10,0,measured,284,2026-09-09T14:21:19.318030Z,156872980202595,156872980202595,-1,-1,-1,ok,
exp_constrained_pub_only_xcdr__cpp_to_py__100000B__10Hz__shmem_ds__best_effort,publish,pub,cpp_to_py,constrained_pub_only,exp,xcdr,shmem_ds,100000,10,0,measured,285,2026-09-09T14:21:19.418935Z,156873081098353,156873081098353,-1,-1,-1,ok,
exp_constrained_pub_only_xcdr__cpp_to_py__100000B__10Hz__shmem_ds__best_effort,publish,pub,cpp_to_py,constrained_pub_only,exp,xcdr,shmem_ds,100000,10,0,measured,286,2026-09-09T14:21:19.519044Z,156873181187160,156873181187160,-1,-1,-1,ok,
exp_constrained_pub_only_xcdr__cpp_to_py__100000B__10Hz__shmem_ds__best_effort,publish,pub,cpp_to_py,constrained_pub_only,exp,xcdr,shmem_ds,100000,10,0,measured,287,2026-09-09T14:21:19.619447Z,156873281609909,156873281609909,-1,-1,-1,ok,
exp_constrained_pub_only_xcdr__cpp_to_py__100000B__10Hz__shmem_ds__best_effort,publish,pub,cpp_to_py,constrained_pub_only,exp,xcdr,shmem_ds,100000,10,0,measured,288,2026-09-09T14:21:19.718763Z,156873380926028,156873380926028,-1,-1,-1,ok,
exp_constrained_pub_only_xcdr__cpp_to_py__100000B__10Hz__shmem_ds__best_effort,publish,pub,cpp_to_py,constrained_pub_only,exp,xcdr,shmem_ds,100000,10,0,measured,289,2026-09-09T14:21:19.819697Z,156873481866510,156873481866510,-1,-1,-1,ok,
exp_constrained_pub_only_xcdr__cpp_to_py__100000B__10Hz__shmem_ds__best_effort,publish,pub,cpp_to_py,constrained_pub_only,exp,xcdr,shmem_ds,100000,10,0,measured,290,2026-09-09T14:21:19.918934Z,156873581091781,156873581091781,-1,-1,-1,ok,
exp_constrained_pub_only_xcdr__cpp_to_py__100000B__10Hz__shmem_ds__best_effort,publish,pub,cpp_to_py,constrained_pub_only,exp,xcdr,shmem_ds,100000,10,0,measured,291,2026-09-09T14:21:20.018246Z,156873680402742,156873680402742,-1,-1,-1,ok,
exp_constrained_pub_only_xcdr__cpp_to_py__100000B__10Hz__shmem_ds__best_effort,publish,pub,cpp_to_py,constrained_pub_only,exp,xcdr,shmem_ds,100000,10,0,measured,292,2026-09-09T14:21:20.118885Z,156873781047831,156873781047831,-1,-1,-1,ok,
exp_constrained_pub_only_xcdr__cpp_to_py__100000B__10Hz__shmem_ds__best_effort,publish,pub,cpp_to_py,constrained_pub_only,exp,xcdr,shmem_ds,100000,10,0,measured,293,2026-09-09T14:21:20.218874Z,156873880989672,156873880989672,-1,-1,-1,ok,
exp_constrained_pub_only_xcdr__cpp_to_py__100000B__10Hz__shmem_ds__best_effort,publish,pub,cpp_to_py,constrained_pub_only,exp,xcdr,shmem_ds,100000,10,0,measured,294,2026-09-09T14:21:20.319198Z,156873981369287,156873981369287,-1,-1,-1,ok,
exp_constrained_pub_only_xcdr__cpp_to_py__100000B__10Hz__shmem_ds__best_effort,publish,pub,cpp_to_py,constrained_pub_only,exp,xcdr,shmem_ds,100000,10,0,measured,295,2026-09-09T14:21:20.420192Z,156874082332889,156874082332889,-1,-1,-1,ok,
exp_constrained_pub_only_xcdr__cpp_to_py__100000B__10Hz__shmem_ds__best_effort,publish,pub,cpp_to_py,constrained_pub_only,exp,xcdr,shmem_ds,100000,10,0,measured,296,2026-09-09T14:21:20.520097Z,156874182252599,156874182252599,-1,-1,-1,ok,
exp_constrained_pub_only_xcdr__cpp_to_py__100000B__10Hz__shmem_ds__best_effort,publish,pub,cpp_to_py,constrained_pub_only,exp,xcdr,shmem_ds,100000,10,0,measured,297,2026-09-09T14:21:20.619157Z,156874281313350,156874281313350,-1,-1,-1,ok,
exp_constrained_pub_only_xcdr__cpp_to_py__100000B__10Hz__shmem_ds__best_effort,publish,pub,cpp_to_py,constrained_pub_only,exp,xcdr,shmem_ds,100000,10,0,measured,298,2026-09-09T14:21:20.720070Z,156874382225906,156874382225906,-1,-1,-1,ok,
exp_constrained_pub_only_xcdr__cpp_to_py__100000B__10Hz__shmem_ds__best_effort,publish,pub,cpp_to_py,constrained_pub_only,exp,xcdr,shmem_ds,100000,10,0,measured,299,2026-09-09T14:21:20.820376Z,156874482539038,156874482539038,-1,-1,-1,ok,
exp_constrained_pub_only_xcdr__cpp_to_py__100000B__10Hz__shmem_ds__best_effort,publish,pub,cpp_to_py,constrained_pub_only,exp,xcdr,shmem_ds,100000,10,0,measured,300,2026-09-09T14:21:20.920281Z,156874582448809,156874582448809,-1,-1,-1,ok,
exp_constrained_pub_only_xcdr__cpp_to_py__100000B__10Hz__shmem_ds__best_effort,receive,sub,cpp_to_py,constrained_pub_only,exp,xcdr,shmem_ds,100000,10,0,measured,0,2026-09-09T14:20:50.932725Z,156844594816786,156844594407956,156844594816786,1788963650932237856,1788963650932308998,ok,
exp_constrained_pub_only_xcdr__cpp_to_py__100000B__10Hz__shmem_ds__best_effort,receive,sub,cpp_to_py,constrained_pub_only,exp,xcdr,shmem_ds,100000,10,0,measured,1,2026-09-09T14:20:51.033311Z,156844695358859,156844694963444,156844695358859,1788963651032788876,1788963651032860950,ok,
exp_constrained_pub_only_xcdr__cpp_to_py__100000B__10Hz__shmem_ds__best_effort,receive,sub,cpp_to_py,constrained_pub_only,exp,xcdr,shmem_ds,100000,10,0,measured,2,2026-09-09T14:20:51.133327Z,156844795457964,156844795221034,156844795457964,1788963651133038781,1788963651133084957,ok,
exp_constrained_pub_only_xcdr__cpp_to_py__100000B__10Hz__shmem_ds__best_effort,receive,sub,cpp_to_py,constrained_pub_only,exp,xcdr,shmem_ds,100000,10,0,measured,3,2026-09-09T14:20:51.233822Z,156844895952875,156844895724330,156844895952875,1788963651233542778,1788963651233583805,ok,
exp_constrained_pub_only_xcdr__cpp_to_py__100000B__10Hz__shmem_ds__best_effort,receive,sub,cpp_to_py,constrained_pub_only,exp,xcdr,shmem_ds,100000,10,0,measured,4,2026-09-09T14:20:51.333163Z,156844995284143,156844995015914,156844995284143,1788963651332855141,1788963651332905525,ok,
exp_constrained_pub_only_xcdr__cpp_to_py__100000B__10Hz__shmem_ds__best_effort,receive,sub,cpp_to_py,constrained_pub_only,exp,xcdr,shmem_ds,100000,10,0,measured,5,2026-09-09T14:20:51.434065Z,156845096159220,156845095836039,156845096159220,1788963651433663414,1788963651433734066,ok,
exp_constrained_pub_only_xcdr__cpp_to_py__100000B__10Hz__shmem_ds__best_effort,receive,sub,cpp_to_py,constrained_pub_only,exp,xcdr,shmem_ds,100000,10,0,measured,6,2026-09-09T14:20:51.533079Z,156845195216569,156845194977254,156845195216569,1788963651532792557,1788963651532843381,ok,
exp_constrained_pub_only_xcdr__cpp_to_py__100000B__10Hz__shmem_ds__best_effort,receive,sub,cpp_to_py,constrained_pub_only,exp,xcdr,shmem_ds,100000,10,0,measured,7,2026-09-09T14:20:51.633248Z,156845295365246,156845295151428,156845295365246,1788963651632970387,1788963651633014249,ok,
exp_constrained_pub_only_xcdr__cpp_to_py__100000B__10Hz__shmem_ds__best_effort,receive,sub,cpp_to_py,constrained_pub_only,exp,xcdr,shmem_ds,100000,10,0,measured,8,2026-09-09T14:20:51.732984Z,156845395118167,156845394894471,156845395118167,1788963651732709373,1788963651732755519,ok,
exp_constrained_pub_only_xcdr__cpp_to_py__100000B__10Hz__shmem_ds__best_effort,receive,sub,cpp_to_py,constrained_pub_only,exp,xcdr,shmem_ds,100000,10,0,measured,9,2026-09-09T14:20:51.832533Z,156845494665176,156845494437202,156845494665176,1788963651832254378,1788963651832301055,ok,
exp_constrained_pub_only_xcdr__cpp_to_py__100000B__10Hz__shmem_ds__best_effort,receive,sub,cpp_to_py,constrained_pub_only,exp,xcdr,shmem_ds,100000,10,0,measured,10,2026-09-09T14:20:51.932299Z,156845594444376,156845594235958,156845594444376,1788963651932056360,1788963651932111202,ok,
exp_constrained_pub_only_xcdr__cpp_to_py__100000B__10Hz__shmem_ds__best_effort,receive,sub,cpp_to_py,constrained_pub_only,exp,xcdr,shmem_ds,100000,10,0,measured,11,2026-09-09T14:20:52.031296Z,156845693427028,156845693200827,156845693427028,1788963652031018624,1788963652031059610,ok,
exp_constrained_pub_only_xcdr__cpp_to_py__100000B__10Hz__shmem_ds__best_effort,receive,sub,cpp_to_py,constrained_pub_only,exp,xcdr,shmem_ds,100000,10,0,measured,12,2026-09-09T14:20:52.131333Z,156845793461390,156845793248424,156845793461390,1788963652131066512,1788963652131109622,ok,
exp_constrained_pub_only_xcdr__cpp_to_py__100000B__10Hz__shmem_ds__best_effort,receive,sub,cpp_to_py,constrained_pub_only,exp,xcdr,shmem_ds,100000,10,0,measured,13,2026-09-09T14:20:52.231714Z,156845893839821,156845893627176,156845893839821,1788963652231446827,1788963652231488224,ok,
exp_constrained_pub_only_xcdr__cpp_to_py__100000B__10Hz__shmem_ds__best_effort,receive,sub,cpp_to_py,constrained_pub_only,exp,xcdr,shmem_ds,100000,10,0,measured,14,2026-09-09T14:20:52.331979Z,156845994113598,156845993894501,156845994113598,1788963652331716015,1788963652331750399,ok,
exp_constrained_pub_only_xcdr__cpp_to_py__100000B__10Hz__shmem_ds__best_effort,receive,sub,cpp_to_py,constrained_pub_only,exp,xcdr,shmem_ds,100000,10,0,measured,15,2026-09-09T14:20:52.432815Z,156846094894177,156846094575134,156846094894177,1788963652432403922,1788963652432465266,ok,
exp_constrained_pub_only_xcdr__cpp_to_py__100000B__10Hz__shmem_ds__best_effort,receive,sub,cpp_to_py,constrained_pub_only,exp,xcdr,shmem_ds,100000,10,0,measured,16,2026-09-09T14:20:52.533523Z,156846195655921,156846195436934,156846195655921,1788963652533256525,1788963652533297872,ok,
exp_constrained_pub_only_xcdr__cpp_to_py__100000B__10Hz__shmem_ds__best_effort,receive,sub,cpp_to_py,constrained_pub_only,exp,xcdr,shmem_ds,100000,10,0,measured,17,2026-09-09T14:20:52.634060Z,156846296189581,156846295945818,156846296189581,1788963652633764507,1788963652633813398,ok,
exp_constrained_pub_only_xcdr__cpp_to_py__100000B__10Hz__shmem_ds__best_effort,receive,sub,cpp_to_py,constrained_pub_only,exp,xcdr,shmem_ds,100000,10,0,measured,18,2026-09-09T14:20:52.733865Z,156846396012891,156846395825573,156846396012891,1788963652733635345,1788963652733664589,ok,
exp_constrained_pub_only_xcdr__cpp_to_py__100000B__10Hz__shmem_ds__best_effort,receive,sub,cpp_to_py,constrained_pub_only,exp,xcdr,shmem_ds,100000,10,0,measured,19,2026-09-09T14:20:52.833016Z,156846495152530,156846494928574,156846495152530,1788963652832744477,1788963652832778420,ok,
exp_constrained_pub_only_xcdr__cpp_to_py__100000B__10Hz__shmem_ds__best_effort,receive,sub,cpp_to_py,constrained_pub_only,exp,xcdr,shmem_ds,100000,10,0,measured,20,2026-09-09T14:20:52.932133Z,156846594264678,156846594064927,156846594264678,1788963652931879347,1788963652931913701,ok,
exp_constrained_pub_only_xcdr__cpp_to_py__100000B__10Hz__shmem_ds__best_effort,receive,sub,cpp_to_py,constrained_pub_only,exp,xcdr,shmem_ds,100000,10,0,measured,21,2026-09-09T14:20:53.032817Z,156846694901352,156846694585595,156846694901352,1788963653032413370,1788963653032471198,ok,
exp_constrained_pub_only_xcdr__cpp_to_py__100000B__10Hz__shmem_ds__best_effort,receive,sub,cpp_to_py,constrained_pub_only,exp,xcdr,shmem_ds,100000,10,0,measured,22,2026-09-09T14:20:53.131864Z,156846794016402,156846793846066,156846794016402,1788963653131659124,1788963653131689080,ok,
exp_constrained_pub_only_xcdr__cpp_to_py__100000B__10Hz__shmem_ds__best_effort,receive,sub,cpp_to_py,constrained_pub_only,exp,xcdr,shmem_ds,100000,10,0,measured,23,2026-09-09T14:20:53.231669Z,156846893826074,156846893689771,156846893826074,1788963653231498942,1788963653231521374,ok,
exp_constrained_pub_only_xcdr__cpp_to_py__100000B__10Hz__shmem_ds__best_effort,receive,sub,cpp_to_py,constrained_pub_only,exp,xcdr,shmem_ds,100000,10,0,measured,24,2026-09-09T14:20:53.330884Z,156846993045699,156846992901050,156846993045699,1788963653330709931,1788963653330732823,ok,
exp_constrained_pub_only_xcdr__cpp_to_py__100000B__10Hz__shmem_ds__best_effort,receive,sub,cpp_to_py,constrained_pub_only,exp,xcdr,shmem_ds,100000,10,0,measured,25,2026-09-09T14:20:53.430245Z,156847092388172,156847092196847,156847092388172,1788963653430013271,1788963653430050911,ok,
exp_constrained_pub_only_xcdr__cpp_to_py__100000B__10Hz__shmem_ds__best_effort,receive,sub,cpp_to_py,constrained_pub_only,exp,xcdr,shmem_ds,100000,10,0,measured,26,2026-09-09T14:20:53.529435Z,156847191575687,156847191378230,156847191575687,1788963653529192851,1788963653529224590,ok,
exp_constrained_pub_only_xcdr__cpp_to_py__100000B__10Hz__shmem_ds__best_effort,receive,sub,cpp_to_py,constrained_pub_only,exp,xcdr,shmem_ds,100000,10,0,measured,27,2026-09-09T14:20:53.629615Z,156847291725972,156847291460188,156847291725972,1788963653629282313,1788963653629334019,ok,
exp_constrained_pub_only_xcdr__cpp_to_py__100000B__10Hz__shmem_ds__best_effort,receive,sub,cpp_to_py,constrained_pub_only,exp,xcdr,shmem_ds,100000,10,0,measured,28,2026-09-09T14:20:53.729374Z,156847391514996,156847391334660,156847391514996,1788963653729147038,1788963653729179378,ok,
exp_constrained_pub_only_xcdr__cpp_to_py__100000B__10Hz__shmem_ds__best_effort,receive,sub,cpp_to_py,constrained_pub_only,exp,xcdr,shmem_ds,100000,10,0,measured,29,2026-09-09T14:20:53.830003Z,156847492136907,156847491886331,156847492136907,1788963653829704660,1788963653829740486,ok,
exp_constrained_pub_only_xcdr__cpp_to_py__100000B__10Hz__shmem_ds__best_effort,receive,sub,cpp_to_py,constrained_pub_only,exp,xcdr,shmem_ds,100000,10,0,measured,30,2026-09-09T14:20:53.929163Z,156847591305487,156847591121225,156847591305487,1788963653928933792,1788963653928966233,ok,
exp_constrained_pub_only_xcdr__cpp_to_py__100000B__10Hz__shmem_ds__best_effort,receive,sub,cpp_to_py,constrained_pub_only,exp,xcdr,shmem_ds,100000,10,0,measured,31,2026-09-09T14:20:54.029812Z,156847691903456,156847691640718,156847691903456,1788963654029466239,1788963654029516863,ok,
exp_constrained_pub_only_xcdr__cpp_to_py__100000B__10Hz__shmem_ds__best_effort,receive,sub,cpp_to_py,constrained_pub_only,exp,xcdr,shmem_ds,100000,10,0,measured,32,2026-09-09T14:20:54.129322Z,156847791461297,156847791269049,156847791461297,1788963654129088379,1788963654129129316,ok,
exp_constrained_pub_only_xcdr__cpp_to_py__100000B__10Hz__shmem_ds__best_effort,receive,sub,cpp_to_py,constrained_pub_only,exp,xcdr,shmem_ds,100000,10,0,measured,33,2026-09-09T14:20:54.230016Z,156847892115085,156847891802614,156847892115085,1788963654229631101,1788963654229696172,ok,
exp_constrained_pub_only_xcdr__cpp_to_py__100000B__10Hz__shmem_ds__best_effort,receive,sub,cpp_to_py,constrained_pub_only,exp,xcdr,shmem_ds,100000,10,0,measured,34,2026-09-09T14:20:54.330369Z,156847992513649,156847992365233,156847992513649,1788963654330176598,1788963654330201715,ok,
exp_constrained_pub_only_xcdr__cpp_to_py__100000B__10Hz__shmem_ds__best_effort,receive,sub,cpp_to_py,constrained_pub_only,exp,xcdr,shmem_ds,100000,10,0,measured,35,2026-09-09T14:20:54.429522Z,156848091662249,156848091468709,156848091662249,1788963654429285595,1788963654429323656,ok,
exp_constrained_pub_only_xcdr__cpp_to_py__100000B__10Hz__shmem_ds__best_effort,receive,sub,cpp_to_py,constrained_pub_only,exp,xcdr,shmem_ds,100000,10,0,measured,36,2026-09-09T14:20:54.530395Z,156848192529765,156848192312441,156848192529765,1788963654530127373,1788963654530166055,ok,
exp_constrained_pub_only_xcdr__cpp_to_py__100000B__10Hz__shmem_ds__best_effort,receive,sub,cpp_to_py,constrained_pub_only,exp,xcdr,shmem_ds,100000,10,0,measured,37,2026-09-09T14:20:54.631097Z,156848293197619,156848292836618,156848293197619,1788963654630666748,1788963654630721650,ok,
exp_constrained_pub_only_xcdr__cpp_to_py__100000B__10Hz__shmem_ds__best_effort,receive,sub,cpp_to_py,constrained_pub_only,exp,xcdr,shmem_ds,100000,10,0,measured,38,2026-09-09T14:20:54.730679Z,156848392820592,156848392630759,156848392820592,1788963654730445159,1788963654730474694,ok,
exp_constrained_pub_only_xcdr__cpp_to_py__100000B__10Hz__shmem_ds__best_effort,receive,sub,cpp_to_py,constrained_pub_only,exp,xcdr,shmem_ds,100000,10,0,measured,39,2026-09-09T14:20:54.830334Z,156848492465665,156848492235197,156848492465665,1788963654830053755,1788963654830092166,ok,
exp_constrained_pub_only_xcdr__cpp_to_py__100000B__10Hz__shmem_ds__best_effort,receive,sub,cpp_to_py,constrained_pub_only,exp,xcdr,shmem_ds,100000,10,0,measured,40,2026-09-09T14:20:54.929326Z,156848591465919,156848591267330,156848591465919,1788963654929080779,1788963654929113881,ok,
exp_constrained_pub_only_xcdr__cpp_to_py__100000B__10Hz__shmem_ds__best_effort,receive,sub,cpp_to_py,constrained_pub_only,exp,xcdr,shmem_ds,100000,10,0,measured,41,2026-09-09T14:20:55.029759Z,156848691891004,156848691674081,156848691891004,1788963655029492710,1788963655029529648,ok,
exp_constrained_pub_only_xcdr__cpp_to_py__100000B__10Hz__shmem_ds__best_effort,receive,sub,cpp_to_py,constrained_pub_only,exp,xcdr,shmem_ds,100000,10,0,measured,42,2026-09-09T14:20:55.129626Z,156848791771632,156848791585466,156848791771632,1788963655129397623,1788963655129429432,ok,
exp_constrained_pub_only_xcdr__cpp_to_py__100000B__10Hz__shmem_ds__best_effort,receive,sub,cpp_to_py,constrained_pub_only,exp,xcdr,shmem_ds,100000,10,0,measured,43,2026-09-09T14:20:55.229747Z,156848891874414,156848891664233,156848891874414,1788963655229479656,1788963655229514571,ok,
exp_constrained_pub_only_xcdr__cpp_to_py__100000B__10Hz__shmem_ds__best_effort,receive,sub,cpp_to_py,constrained_pub_only,exp,xcdr,shmem_ds,100000,10,0,measured,44,2026-09-09T14:20:55.329751Z,156848991877630,156848991653023,156848991877630,1788963655329469287,1788963655329507528,ok,
exp_constrained_pub_only_xcdr__cpp_to_py__100000B__10Hz__shmem_ds__best_effort,receive,sub,cpp_to_py,constrained_pub_only,exp,xcdr,shmem_ds,100000,10,0,measured,45,2026-09-09T14:20:55.429148Z,156849091277675,156849091051985,156849091277675,1788963655428869893,1788963655428911821,ok,
exp_constrained_pub_only_xcdr__cpp_to_py__100000B__10Hz__shmem_ds__best_effort,receive,sub,cpp_to_py,constrained_pub_only,exp,xcdr,shmem_ds,100000,10,0,measured,46,2026-09-09T14:20:55.529359Z,156849191492955,156849191279178,156849191492955,1788963655529095162,1788963655529130067,ok,
exp_constrained_pub_only_xcdr__cpp_to_py__100000B__10Hz__shmem_ds__best_effort,receive,sub,cpp_to_py,constrained_pub_only,exp,xcdr,shmem_ds,100000,10,0,measured,47,2026-09-09T14:20:55.629306Z,156849291446980,156849291261455,156849291446980,1788963655629075285,1788963655629104840,ok,
exp_constrained_pub_only_xcdr__cpp_to_py__100000B__10Hz__shmem_ds__best_effort,receive,sub,cpp_to_py,constrained_pub_only,exp,xcdr,shmem_ds,100000,10,0,measured,48,2026-09-09T14:20:55.729119Z,156849391256156,156849391046396,156849391256156,1788963655728865816,1788963655728901502,ok,
exp_constrained_pub_only_xcdr__cpp_to_py__100000B__10Hz__shmem_ds__best_effort,receive,sub,cpp_to_py,constrained_pub_only,exp,xcdr,shmem_ds,100000,10,0,measured,49,2026-09-09T14:20:55.829473Z,156849491604163,156849491368054,156849491604163,1788963655829187153,1788963655829224262,ok,
exp_constrained_pub_only_xcdr__cpp_to_py__100000B__10Hz__shmem_ds__best_effort,receive,sub,cpp_to_py,constrained_pub_only,exp,xcdr,shmem_ds,100000,10,0,measured,50,2026-09-09T14:20:55.929368Z,156849591479321,156849591222564,156849591479321,1788963655929047815,1788963655929094581,ok,
exp_constrained_pub_only_xcdr__cpp_to_py__100000B__10Hz__shmem_ds__best_effort,receive,sub,cpp_to_py,constrained_pub_only,exp,xcdr,shmem_ds,100000,10,0,measured,51,2026-09-09T14:20:56.029314Z,156849691413611,156849691099647,156849691413611,1788963656028928665,1788963656028982265,ok,
exp_constrained_pub_only_xcdr__cpp_to_py__100000B__10Hz__shmem_ds__best_effort,receive,sub,cpp_to_py,constrained_pub_only,exp,xcdr,shmem_ds,100000,10,0,measured,52,2026-09-09T14:20:56.128281Z,156849790428377,156849790246929,156849790428377,1788963656128057242,1788963656128085605,ok,
exp_constrained_pub_only_xcdr__cpp_to_py__100000B__10Hz__shmem_ds__best_effort,receive,sub,cpp_to_py,constrained_pub_only,exp,xcdr,shmem_ds,100000,10,0,measured,53,2026-09-09T14:20:56.227442Z,156849889585177,156849889394662,156849889585177,1788963656227205847,1788963656227236494,ok,
exp_constrained_pub_only_xcdr__cpp_to_py__100000B__10Hz__shmem_ds__best_effort,receive,sub,cpp_to_py,constrained_pub_only,exp,xcdr,shmem_ds,100000,10,0,measured,54,2026-09-09T14:20:56.328070Z,156849990215746,156849990035141,156849990215746,1788963656327846165,1788963656327874818,ok,
exp_constrained_pub_only_xcdr__cpp_to_py__100000B__10Hz__shmem_ds__best_effort,receive,sub,cpp_to_py,constrained_pub_only,exp,xcdr,shmem_ds,100000,10,0,measured,55,2026-09-09T14:20:56.428287Z,156850090376543,156850090052160,156850090376543,1788963656427882210,1788963656427949806,ok,
exp_constrained_pub_only_xcdr__cpp_to_py__100000B__10Hz__shmem_ds__best_effort,receive,sub,cpp_to_py,constrained_pub_only,exp,xcdr,shmem_ds,100000,10,0,measured,56,2026-09-09T14:20:56.527987Z,156850190119352,156850189887732,156850190119352,1788963656527704136,1788963656527741265,ok,
exp_constrained_pub_only_xcdr__cpp_to_py__100000B__10Hz__shmem_ds__best_effort,receive,sub,cpp_to_py,constrained_pub_only,exp,xcdr,shmem_ds,100000,10,0,measured,57,2026-09-09T14:20:56.629108Z,156850291202042,156850290886726,156850291202042,1788963656628705365,1788963656628747072,ok,
exp_constrained_pub_only_xcdr__cpp_to_py__100000B__10Hz__shmem_ds__best_effort,receive,sub,cpp_to_py,constrained_pub_only,exp,xcdr,shmem_ds,100000,10,0,measured,58,2026-09-09T14:20:56.729107Z,156850391252654,156850391064644,156850391252654,1788963656728877132,1788963656728906737,ok,
exp_constrained_pub_only_xcdr__cpp_to_py__100000B__10Hz__shmem_ds__best_effort,receive,sub,cpp_to_py,constrained_pub_only,exp,xcdr,shmem_ds,100000,10,0,measured,59,2026-09-09T14:20:56.829396Z,156850491529226,156850491305149,156850491529226,1788963656829122555,1788963656829160296,ok,
exp_constrained_pub_only_xcdr__cpp_to_py__100000B__10Hz__shmem_ds__best_effort,receive,sub,cpp_to_py,constrained_pub_only,exp,xcdr,shmem_ds,100000,10,0,measured,60,2026-09-09T14:20:56.929636Z,156850591769951,156850591467138,156850591769951,1788963656929285195,1788963656929333215,ok,
exp_constrained_pub_only_xcdr__cpp_to_py__100000B__10Hz__shmem_ds__best_effort,receive,sub,cpp_to_py,constrained_pub_only,exp,xcdr,shmem_ds,100000,10,0,measured,61,2026-09-09T14:20:57.030462Z,156850692555771,156850692214116,156850692555771,1788963657030044106,1788963657030114246,ok,
exp_constrained_pub_only_xcdr__cpp_to_py__100000B__10Hz__shmem_ds__best_effort,receive,sub,cpp_to_py,constrained_pub_only,exp,xcdr,shmem_ds,100000,10,0,measured,62,2026-09-09T14:20:57.130169Z,156850792319126,156850792139953,156850792319126,1788963657129959393,1788963657130002022,ok,
exp_constrained_pub_only_xcdr__cpp_to_py__100000B__10Hz__shmem_ds__best_effort,receive,sub,cpp_to_py,constrained_pub_only,exp,xcdr,shmem_ds,100000,10,0,measured,63,2026-09-09T14:20:57.230994Z,156850893110382,156850892795397,156850893110382,1788963657230618984,1788963657230674478,ok,
exp_constrained_pub_only_xcdr__cpp_to_py__100000B__10Hz__shmem_ds__best_effort,receive,sub,cpp_to_py,constrained_pub_only,exp,xcdr,shmem_ds,100000,10,0,measured,64,2026-09-09T14:20:57.330847Z,156850992954197,156850992762761,156850992954197,1788963657330580307,1788963657330615883,ok,
exp_constrained_pub_only_xcdr__cpp_to_py__100000B__10Hz__shmem_ds__best_effort,receive,sub,cpp_to_py,constrained_pub_only,exp,xcdr,shmem_ds,100000,10,0,measured,65,2026-09-09T14:20:57.430748Z,156851092881827,156851092652711,156851092881827,1788963657430469736,1788963657430517044,ok,
exp_constrained_pub_only_xcdr__cpp_to_py__100000B__10Hz__shmem_ds__best_effort,receive,sub,cpp_to_py,constrained_pub_only,exp,xcdr,shmem_ds,100000,10,0,measured,66,2026-09-09T14:20:57.530348Z,156851192484934,156851192271056,156851192484934,1788963657530088022,1788963657530131012,ok,
exp_constrained_pub_only_xcdr__cpp_to_py__100000B__10Hz__shmem_ds__best_effort,receive,sub,cpp_to_py,constrained_pub_only,exp,xcdr,shmem_ds,100000,10,0,measured,67,2026-09-09T14:20:57.629976Z,156851292086688,156851291864244,156851292086688,1788963657629678485,1788963657629711456,ok,
exp_constrained_pub_only_xcdr__cpp_to_py__100000B__10Hz__shmem_ds__best_effort,receive,sub,cpp_to_py,constrained_pub_only,exp,xcdr,shmem_ds,100000,10,0,measured,68,2026-09-09T14:20:57.730000Z,156851392135173,156851391916035,156851392135173,1788963657729730727,1788963657729774178,ok,
exp_constrained_pub_only_xcdr__cpp_to_py__100000B__10Hz__shmem_ds__best_effort,receive,sub,cpp_to_py,constrained_pub_only,exp,xcdr,shmem_ds,100000,10,0,measured,69,2026-09-09T14:20:57.829909Z,156851491974349,156851491667769,156851491974349,1788963657829492589,1788963657829555396,ok,
exp_constrained_pub_only_xcdr__cpp_to_py__100000B__10Hz__shmem_ds__best_effort,receive,sub,cpp_to_py,constrained_pub_only,exp,xcdr,shmem_ds,100000,10,0,measured,70,2026-09-09T14:20:57.930280Z,156851592417016,156851592183252,156851592417016,1788963657930001520,1788963657930050671,ok,
exp_constrained_pub_only_xcdr__cpp_to_py__100000B__10Hz__shmem_ds__best_effort,receive,sub,cpp_to_py,constrained_pub_only,exp,xcdr,shmem_ds,100000,10,0,measured,71,2026-09-09T14:20:58.029911Z,156851692033571,156851691792703,156851692033571,1788963658029612464,1788963658029659661,ok,
exp_constrained_pub_only_xcdr__cpp_to_py__100000B__10Hz__shmem_ds__best_effort,receive,sub,cpp_to_py,constrained_pub_only,exp,xcdr,shmem_ds,100000,10,0,measured,72,2026-09-09T14:20:58.130230Z,156851792363065,156851792158315,156851792363065,1788963658129975310,1788963658130014894,ok,
exp_constrained_pub_only_xcdr__cpp_to_py__100000B__10Hz__shmem_ds__best_effort,receive,sub,cpp_to_py,constrained_pub_only,exp,xcdr,shmem_ds,100000,10,0,measured,73,2026-09-09T14:20:58.230602Z,156851892756399,156851892597243,156851892756399,1788963658230407306,1788963658230433174,ok,
exp_constrained_pub_only_xcdr__cpp_to_py__100000B__10Hz__shmem_ds__best_effort,receive,sub,cpp_to_py,constrained_pub_only,exp,xcdr,shmem_ds,100000,10,0,measured,74,2026-09-09T14:20:58.330894Z,156851993053503,156851992897934,156851993053503,1788963658330706945,1788963658330731040,ok,
exp_constrained_pub_only_xcdr__cpp_to_py__100000B__10Hz__shmem_ds__best_effort,receive,sub,cpp_to_py,constrained_pub_only,exp,xcdr,shmem_ds,100000,10,0,measured,75,2026-09-09T14:20:58.431630Z,156852093763977,156852093549177,156852093763977,1788963658431366804,1788963658431413681,ok,
exp_constrained_pub_only_xcdr__cpp_to_py__100000B__10Hz__shmem_ds__best_effort,receive,sub,cpp_to_py,constrained_pub_only,exp,xcdr,shmem_ds,100000,10,0,measured,76,2026-09-09T14:20:58.532175Z,156852194313811,156852194115151,156852194313811,1788963658531930704,1788963658531970007,ok,
exp_constrained_pub_only_xcdr__cpp_to_py__100000B__10Hz__shmem_ds__best_effort,receive,sub,cpp_to_py,constrained_pub_only,exp,xcdr,shmem_ds,100000,10,0,measured,77,2026-09-09T14:20:58.632520Z,156852294651100,156852294429008,156852294651100,1788963658632247736,1788963658632285998,ok,
exp_constrained_pub_only_xcdr__cpp_to_py__100000B__10Hz__shmem_ds__best_effort,receive,sub,cpp_to_py,constrained_pub_only,exp,xcdr,shmem_ds,100000,10,0,measured,78,2026-09-09T14:20:58.733092Z,156852395239135,156852395023725,156852395239135,1788963658732859255,1788963658732896645,ok,
exp_constrained_pub_only_xcdr__cpp_to_py__100000B__10Hz__shmem_ds__best_effort,receive,sub,cpp_to_py,constrained_pub_only,exp,xcdr,shmem_ds,100000,10,0,measured,79,2026-09-09T14:20:58.833024Z,156852495131147,156852494830698,156852495131147,1788963658832657021,1788963658832697987,ok,
exp_constrained_pub_only_xcdr__cpp_to_py__100000B__10Hz__shmem_ds__best_effort,receive,sub,cpp_to_py,constrained_pub_only,exp,xcdr,shmem_ds,100000,10,0,measured,80,2026-09-09T14:20:58.933752Z,156852595890941,156852595683325,156852595890941,1788963658933499570,1788963658933532631,ok,
exp_constrained_pub_only_xcdr__cpp_to_py__100000B__10Hz__shmem_ds__best_effort,receive,sub,cpp_to_py,constrained_pub_only,exp,xcdr,shmem_ds,100000,10,0,measured,81,2026-09-09T14:20:59.033649Z,156852695744624,156852695414680,156852695744624,1788963659033245091,1788963659033307667,ok,
exp_constrained_pub_only_xcdr__cpp_to_py__100000B__10Hz__shmem_ds__best_effort,receive,sub,cpp_to_py,constrained_pub_only,exp,xcdr,shmem_ds,100000,10,0,measured,82,2026-09-09T14:20:59.133080Z,156852795202545,156852794986724,156852795202545,1788963659132815171,1788963659132854935,ok,
exp_constrained_pub_only_xcdr__cpp_to_py__100000B__10Hz__shmem_ds__best_effort,receive,sub,cpp_to_py,constrained_pub_only,exp,xcdr,shmem_ds,100000,10,0,measured,83,2026-09-09T14:20:59.233583Z,156852895706321,156852895467927,156852895706321,1788963659233287177,1788963659233327402,ok,
exp_constrained_pub_only_xcdr__cpp_to_py__100000B__10Hz__shmem_ds__best_effort,receive,sub,cpp_to_py,constrained_pub_only,exp,xcdr,shmem_ds,100000,10,0,measured,84,2026-09-09T14:20:59.333729Z,156852995860547,156852995649545,156852995860547,1788963659333465328,1788963659333500113,ok,
exp_constrained_pub_only_xcdr__cpp_to_py__100000B__10Hz__shmem_ds__best_effort,receive,sub,cpp_to_py,constrained_pub_only,exp,xcdr,shmem_ds,100000,10,0,measured,85,2026-09-09T14:20:59.433572Z,156853095678698,156853095382007,156853095678698,1788963659433207899,1788963659433263252,ok,
exp_constrained_pub_only_xcdr__cpp_to_py__100000B__10Hz__shmem_ds__best_effort,receive,sub,cpp_to_py,constrained_pub_only,exp,xcdr,shmem_ds,100000,10,0,measured,86,2026-09-09T14:20:59.532711Z,156853194845629,156853194630649,156853194845629,1788963659532447074,1788963659532482800,ok,
exp_constrained_pub_only_xcdr__cpp_to_py__100000B__10Hz__shmem_ds__best_effort,receive,sub,cpp_to_py,constrained_pub_only,exp,xcdr,shmem_ds,100000,10,0,measured,87,2026-09-09T14:20:59.633059Z,156853295169541,156853294897816,156853295169541,1788963659632720432,1788963659632765626,ok,
exp_constrained_pub_only_xcdr__cpp_to_py__100000B__10Hz__shmem_ds__best_effort,receive,sub,cpp_to_py,constrained_pub_only,exp,xcdr,shmem_ds,100000,10,0,measured,88,2026-09-09T14:20:59.733192Z,156853395313928,156853395075615,156853395313928,1788963659732894985,1788963659732933607,ok,
exp_constrained_pub_only_xcdr__cpp_to_py__100000B__10Hz__shmem_ds__best_effort,receive,sub,cpp_to_py,constrained_pub_only,exp,xcdr,shmem_ds,100000,10,0,measured,89,2026-09-09T14:20:59.833207Z,156853495343653,156853495109267,156853495343653,1788963659832926143,1788963659832960607,ok,
exp_constrained_pub_only_xcdr__cpp_to_py__100000B__10Hz__shmem_ds__best_effort,receive,sub,cpp_to_py,constrained_pub_only,exp,xcdr,shmem_ds,100000,10,0,measured,90,2026-09-09T14:20:59.933489Z,156853595606541,156853595344885,156853595606541,1788963659933165036,1788963659933215771,ok,
exp_constrained_pub_only_xcdr__cpp_to_py__100000B__10Hz__shmem_ds__best_effort,receive,sub,cpp_to_py,constrained_pub_only,exp,xcdr,shmem_ds,100000,10,0,measured,91,2026-09-09T14:21:00.032665Z,156853694768104,156853694475280,156853694768104,1788963660032300270,1788963660032355042,ok,
exp_constrained_pub_only_xcdr__cpp_to_py__100000B__10Hz__shmem_ds__best_effort,receive,sub,cpp_to_py,constrained_pub_only,exp,xcdr,shmem_ds,100000,10,0,measured,92,2026-09-09T14:21:00.132275Z,156853794404956,156853794188013,156853794404956,1788963660132004117,1788963660132040976,ok,
exp_constrained_pub_only_xcdr__cpp_to_py__100000B__10Hz__shmem_ds__best_effort,receive,sub,cpp_to_py,constrained_pub_only,exp,xcdr,shmem_ds,100000,10,0,measured,93,2026-09-09T14:21:00.232663Z,156853894816488,156853894645189,156853894816488,1788963660232454731,1788963660232482112,ok,
exp_constrained_pub_only_xcdr__cpp_to_py__100000B__10Hz__shmem_ds__best_effort,receive,sub,cpp_to_py,constrained_pub_only,exp,xcdr,shmem_ds,100000,10,0,measured,94,2026-09-09T14:21:00.333083Z,156853995196030,156853994893247,156853995196030,1788963660332715783,1788963660332763492,ok,
exp_constrained_pub_only_xcdr__cpp_to_py__100000B__10Hz__shmem_ds__best_effort,receive,sub,cpp_to_py,constrained_pub_only,exp,xcdr,shmem_ds,100000,10,0,measured,95,2026-09-09T14:21:00.432781Z,156854094909333,156854094676450,156854094909333,1788963660432494498,1788963660432543860,ok,
exp_constrained_pub_only_xcdr__cpp_to_py__100000B__10Hz__shmem_ds__best_effort,receive,sub,cpp_to_py,constrained_pub_only,exp,xcdr,shmem_ds,100000,10,0,measured,96,2026-09-09T14:21:00.533629Z,156854195763739,156854195533521,156854195763739,1788963660533351578,1788963660533391853,ok,
exp_constrained_pub_only_xcdr__cpp_to_py__100000B__10Hz__shmem_ds__best_effort,receive,sub,cpp_to_py,constrained_pub_only,exp,xcdr,shmem_ds,100000,10,0,measured,97,2026-09-09T14:21:00.634126Z,156854296258675,156854296023067,156854296258675,1788963660633840885,1788963660633877252,ok,
exp_constrained_pub_only_xcdr__cpp_to_py__100000B__10Hz__shmem_ds__best_effort,receive,sub,cpp_to_py,constrained_pub_only,exp,xcdr,shmem_ds,100000,10,0,measured,98,2026-09-09T14:21:00.733568Z,156854395692650,156854395482649,156854395692650,1788963660733301759,1788963660733339700,ok,
exp_constrained_pub_only_xcdr__cpp_to_py__100000B__10Hz__shmem_ds__best_effort,receive,sub,cpp_to_py,constrained_pub_only,exp,xcdr,shmem_ds,100000,10,0,measured,99,2026-09-09T14:21:00.833594Z,156854495734134,156854495532008,156854495734134,1788963660833347491,1788963660833382616,ok,
exp_constrained_pub_only_xcdr__cpp_to_py__100000B__10Hz__shmem_ds__best_effort,receive,sub,cpp_to_py,constrained_pub_only,exp,xcdr,shmem_ds,100000,10,0,measured,100,2026-09-09T14:21:00.932883Z,156854595017328,156854594786168,156854595017328,1788963660932603334,1788963660932645913,ok,
exp_constrained_pub_only_xcdr__cpp_to_py__100000B__10Hz__shmem_ds__best_effort,receive,sub,cpp_to_py,constrained_pub_only,exp,xcdr,shmem_ds,100000,10,0,measured,101,2026-09-09T14:21:01.033502Z,156854695650093,156854695353491,156854695650093,1788963661033168203,1788963661033324934,ok,
exp_constrained_pub_only_xcdr__cpp_to_py__100000B__10Hz__shmem_ds__best_effort,receive,sub,cpp_to_py,constrained_pub_only,exp,xcdr,shmem_ds,100000,10,0,measured,102,2026-09-09T14:21:01.132957Z,156854795077793,156854794839309,156854795077793,1788963661132659992,1788963661132699866,ok,
exp_constrained_pub_only_xcdr__cpp_to_py__100000B__10Hz__shmem_ds__best_effort,receive,sub,cpp_to_py,constrained_pub_only,exp,xcdr,shmem_ds,100000,10,0,measured,103,2026-09-09T14:21:01.232081Z,156854894216526,156854894020301,156854894216526,1788963661231835603,1788963661231869066,ok,
exp_constrained_pub_only_xcdr__cpp_to_py__100000B__10Hz__shmem_ds__best_effort,receive,sub,cpp_to_py,constrained_pub_only,exp,xcdr,shmem_ds,100000,10,0,measured,104,2026-09-09T14:21:01.332831Z,156854994961735,156854994790005,156854994961735,1788963661332602262,1788963661332633430,ok,
exp_constrained_pub_only_xcdr__cpp_to_py__100000B__10Hz__shmem_ds__best_effort,receive,sub,cpp_to_py,constrained_pub_only,exp,xcdr,shmem_ds,100000,10,0,measured,105,2026-09-09T14:21:01.432942Z,156855095044854,156855094763761,156855095044854,1788963661432589523,1788963661432645537,ok,
exp_constrained_pub_only_xcdr__cpp_to_py__100000B__10Hz__shmem_ds__best_effort,receive,sub,cpp_to_py,constrained_pub_only,exp,xcdr,shmem_ds,100000,10,0,measured,106,2026-09-09T14:21:01.532038Z,156855194178106,156855193961904,156855194178106,1788963661531776896,1788963661531821669,ok,
exp_constrained_pub_only_xcdr__cpp_to_py__100000B__10Hz__shmem_ds__best_effort,receive,sub,cpp_to_py,constrained_pub_only,exp,xcdr,shmem_ds,100000,10,0,measured,107,2026-09-09T14:21:01.632493Z,156855294606055,156855294359557,156855294606055,1788963661632180981,1788963661632224682,ok,
exp_constrained_pub_only_xcdr__cpp_to_py__100000B__10Hz__shmem_ds__best_effort,receive,sub,cpp_to_py,constrained_pub_only,exp,xcdr,shmem_ds,100000,10,0,measured,108,2026-09-09T14:21:01.731663Z,156855393798127,156855393601221,156855393798127,1788963661731415782,1788963661731452871,ok,
exp_constrained_pub_only_xcdr__cpp_to_py__100000B__10Hz__shmem_ds__best_effort,receive,sub,cpp_to_py,constrained_pub_only,exp,xcdr,shmem_ds,100000,10,0,measured,109,2026-09-09T14:21:01.832096Z,156855494235945,156855494038367,156855494235945,1788963661831853610,1788963661831885158,ok,
exp_constrained_pub_only_xcdr__cpp_to_py__100000B__10Hz__shmem_ds__best_effort,receive,sub,cpp_to_py,constrained_pub_only,exp,xcdr,shmem_ds,100000,10,0,measured,110,2026-09-09T14:21:01.932245Z,156855594398571,156855594237592,156855594398571,1788963661932048456,1788963661932074765,ok,
exp_constrained_pub_only_xcdr__cpp_to_py__100000B__10Hz__shmem_ds__best_effort,receive,sub,cpp_to_py,constrained_pub_only,exp,xcdr,shmem_ds,100000,10,0,measured,111,2026-09-09T14:21:02.032163Z,156855694264468,156855693982343,156855694264468,1788963662031813786,1788963662031877113,ok,
exp_constrained_pub_only_xcdr__cpp_to_py__100000B__10Hz__shmem_ds__best_effort,receive,sub,cpp_to_py,constrained_pub_only,exp,xcdr,shmem_ds,100000,10,0,measured,112,2026-09-09T14:21:02.132544Z,156855794693616,156855794510005,156855794693616,1788963662132327461,1788963662132365121,ok,
exp_constrained_pub_only_xcdr__cpp_to_py__100000B__10Hz__shmem_ds__best_effort,receive,sub,cpp_to_py,constrained_pub_only,exp,xcdr,shmem_ds,100000,10,0,measured,113,2026-09-09T14:21:02.233443Z,156855895577602,156855895362712,156855895577602,1788963662233183204,1788963662233224692,ok,
exp_constrained_pub_only_xcdr__cpp_to_py__100000B__10Hz__shmem_ds__best_effort,receive,sub,cpp_to_py,constrained_pub_only,exp,xcdr,shmem_ds,100000,10,0,measured,114,2026-09-09T14:21:02.334557Z,156855996656980,156855996374936,156855996656980,1788963662334201880,1788963662334255259,ok,
exp_constrained_pub_only_xcdr__cpp_to_py__100000B__10Hz__shmem_ds__best_effort,receive,sub,cpp_to_py,constrained_pub_only,exp,xcdr,shmem_ds,100000,10,0,measured,115,2026-09-09T14:21:02.434388Z,156856096475814,156856096166940,156856096475814,1788963662433996128,1788963662434062481,ok,
exp_constrained_pub_only_xcdr__cpp_to_py__100000B__10Hz__shmem_ds__best_effort,receive,sub,cpp_to_py,constrained_pub_only,exp,xcdr,shmem_ds,100000,10,0,measured,116,2026-09-09T14:21:02.534111Z,156856196214660,156856195897230,156856196214660,1788963662533721809,1788963662533778775,ok,
exp_constrained_pub_only_xcdr__cpp_to_py__100000B__10Hz__shmem_ds__best_effort,receive,sub,cpp_to_py,constrained_pub_only,exp,xcdr,shmem_ds,100000,10,0,measured,117,2026-09-09T14:21:02.634815Z,156856296894956,156856296570973,156856296894956,1788963662634401244,1788963662634462868,ok,
exp_constrained_pub_only_xcdr__cpp_to_py__100000B__10Hz__shmem_ds__best_effort,receive,sub,cpp_to_py,constrained_pub_only,exp,xcdr,shmem_ds,100000,10,0,measured,118,2026-09-09T14:21:02.735192Z,156856397316310,156856397075573,156856397316310,1788963662734892358,1788963662734931851,ok,
exp_constrained_pub_only_xcdr__cpp_to_py__100000B__10Hz__shmem_ds__best_effort,receive,sub,cpp_to_py,constrained_pub_only,exp,xcdr,shmem_ds,100000,10,0,measured,119,2026-09-09T14:21:02.835604Z,156856497707138,156856497409004,156856497707138,1788963662835235266,1788963662835289978,ok,
exp_constrained_pub_only_xcdr__cpp_to_py__100000B__10Hz__shmem_ds__best_effort,receive,sub,cpp_to_py,constrained_pub_only,exp,xcdr,shmem_ds,100000,10,0,measured,120,2026-09-09T14:21:02.936241Z,156856598365393,156856598154561,156856598365393,1788963662935969142,1788963662936003376,ok,
exp_constrained_pub_only_xcdr__cpp_to_py__100000B__10Hz__shmem_ds__best_effort,receive,sub,cpp_to_py,constrained_pub_only,exp,xcdr,shmem_ds,100000,10,0,measured,121,2026-09-09T14:21:03.035488Z,156856697587089,156856697312368,156856697587089,1788963663035137479,1788963663035191379,ok,
exp_constrained_pub_only_xcdr__cpp_to_py__100000B__10Hz__shmem_ds__best_effort,receive,sub,cpp_to_py,constrained_pub_only,exp,xcdr,shmem_ds,100000,10,0,measured,122,2026-09-09T14:21:03.134998Z,156856797130118,156856796931198,156856797130118,1788963663134743365,1788963663134774913,ok,
exp_constrained_pub_only_xcdr__cpp_to_py__100000B__10Hz__shmem_ds__best_effort,receive,sub,cpp_to_py,constrained_pub_only,exp,xcdr,shmem_ds,100000,10,0,measured,123,2026-09-09T14:21:03.234537Z,156856896689407,156856896510845,156856896689407,1788963663234320978,1788963663234348800,ok,
exp_constrained_pub_only_xcdr__cpp_to_py__100000B__10Hz__shmem_ds__best_effort,receive,sub,cpp_to_py,constrained_pub_only,exp,xcdr,shmem_ds,100000,10,0,measured,124,2026-09-09T14:21:03.334405Z,156856996540509,156856996347971,156856996540509,1788963663334159937,1788963663334191155,ok,
exp_constrained_pub_only_xcdr__cpp_to_py__100000B__10Hz__shmem_ds__best_effort,receive,sub,cpp_to_py,constrained_pub_only,exp,xcdr,shmem_ds,100000,10,0,measured,125,2026-09-09T14:21:03.433962Z,156857095999922,156857095701457,156857095999922,1788963663433528942,1788963663433581379,ok,
exp_constrained_pub_only_xcdr__cpp_to_py__100000B__10Hz__shmem_ds__best_effort,receive,sub,cpp_to_py,constrained_pub_only,exp,xcdr,shmem_ds,100000,10,0,measured,126,2026-09-09T14:21:03.534604Z,156857196706073,156857196401887,156857196706073,1788963663534227489,1788963663534279465,ok,
exp_constrained_pub_only_xcdr__cpp_to_py__100000B__10Hz__shmem_ds__best_effort,receive,sub,cpp_to_py,constrained_pub_only,exp,xcdr,shmem_ds,100000,10,0,measured,127,2026-09-09T14:21:03.634456Z,156857296573595,156857296357493,156857296573595,1788963663634175160,1788963663634208752,ok,
exp_constrained_pub_only_xcdr__cpp_to_py__100000B__10Hz__shmem_ds__best_effort,receive,sub,cpp_to_py,constrained_pub_only,exp,xcdr,shmem_ds,100000,10,0,measured,128,2026-09-09T14:21:03.734049Z,156857396173940,156857395934385,156857396173940,1788963663733748786,1788963663733781376,ok,
exp_constrained_pub_only_xcdr__cpp_to_py__100000B__10Hz__shmem_ds__best_effort,receive,sub,cpp_to_py,constrained_pub_only,exp,xcdr,shmem_ds,100000,10,0,measured,129,2026-09-09T14:21:03.834707Z,156857496829818,156857496571939,156857496829818,1788963663834389816,1788963663834429750,ok,
exp_constrained_pub_only_xcdr__cpp_to_py__100000B__10Hz__shmem_ds__best_effort,receive,sub,cpp_to_py,constrained_pub_only,exp,xcdr,shmem_ds,100000,10,0,measured,130,2026-09-09T14:21:03.934707Z,156857596774544,156857596455451,156857596774544,1788963663934283487,1788963663934339521,ok,
exp_constrained_pub_only_xcdr__cpp_to_py__100000B__10Hz__shmem_ds__best_effort,receive,sub,cpp_to_py,constrained_pub_only,exp,xcdr,shmem_ds,100000,10,0,measured,131,2026-09-09T14:21:04.033821Z,156857695909256,156857695611442,156857695909256,1788963664033439688,1788963664033495132,ok,
exp_constrained_pub_only_xcdr__cpp_to_py__100000B__10Hz__shmem_ds__best_effort,receive,sub,cpp_to_py,constrained_pub_only,exp,xcdr,shmem_ds,100000,10,0,measured,132,2026-09-09T14:21:04.134466Z,156857796591569,156857796348016,156857796591569,1788963664134169410,1788963664134212991,ok,
exp_constrained_pub_only_xcdr__cpp_to_py__100000B__10Hz__shmem_ds__best_effort,receive,sub,cpp_to_py,constrained_pub_only,exp,xcdr,shmem_ds,100000,10,0,measured,133,2026-09-09T14:21:04.235043Z,156857897173417,156857896917942,156857897173417,1788963664234732623,1788963664234771686,ok,
exp_constrained_pub_only_xcdr__cpp_to_py__100000B__10Hz__shmem_ds__best_effort,receive,sub,cpp_to_py,constrained_pub_only,exp,xcdr,shmem_ds,100000,10,0,measured,134,2026-09-09T14:21:04.335730Z,156857997887581,156857997724588,156857997887581,1788963664335538658,1788963664335571369,ok,
exp_constrained_pub_only_xcdr__cpp_to_py__100000B__10Hz__shmem_ds__best_effort,receive,sub,cpp_to_py,constrained_pub_only,exp,xcdr,shmem_ds,100000,10,0,measured,135,2026-09-09T14:21:04.436644Z,156858098740312,156858098461163,156858098740312,1788963664436287857,1788963664436345003,ok,
exp_constrained_pub_only_xcdr__cpp_to_py__100000B__10Hz__shmem_ds__best_effort,receive,sub,cpp_to_py,constrained_pub_only,exp,xcdr,shmem_ds,100000,10,0,measured,136,2026-09-09T14:21:04.535542Z,156858197682511,156858197488159,156858197682511,1788963664535305095,1788963664535343787,ok,
exp_constrained_pub_only_xcdr__cpp_to_py__100000B__10Hz__shmem_ds__best_effort,receive,sub,cpp_to_py,constrained_pub_only,exp,xcdr,shmem_ds,100000,10,0,measured,137,2026-09-09T14:21:04.636034Z,156858298173089,156858297975291,156858298173089,1788963664635791806,1788963664635836459,ok,
exp_constrained_pub_only_xcdr__cpp_to_py__100000B__10Hz__shmem_ds__best_effort,receive,sub,cpp_to_py,constrained_pub_only,exp,xcdr,shmem_ds,100000,10,0,measured,138,2026-09-09T14:21:04.735219Z,156858397347559,156858397112943,156858397347559,1788963664734927324,1788963664734960456,ok,
exp_constrained_pub_only_xcdr__cpp_to_py__100000B__10Hz__shmem_ds__best_effort,receive,sub,cpp_to_py,constrained_pub_only,exp,xcdr,shmem_ds,100000,10,0,measured,139,2026-09-09T14:21:04.834597Z,156858496731880,156858496532239,156858496731880,1788963664834348894,1788963664834386263,ok,
exp_constrained_pub_only_xcdr__cpp_to_py__100000B__10Hz__shmem_ds__best_effort,receive,sub,cpp_to_py,constrained_pub_only,exp,xcdr,shmem_ds,100000,10,0,measured,140,2026-09-09T14:21:04.934873Z,156858597011174,156858596800022,156858597011174,1788963664934619111,1788963664934665357,ok,
exp_constrained_pub_only_xcdr__cpp_to_py__100000B__10Hz__shmem_ds__best_effort,receive,sub,cpp_to_py,constrained_pub_only,exp,xcdr,shmem_ds,100000,10,0,measured,141,2026-09-09T14:21:05.034698Z,156858696848610,156858696674737,156858696848610,1788963665034489348,1788963665034525114,ok,
exp_constrained_pub_only_xcdr__cpp_to_py__100000B__10Hz__shmem_ds__best_effort,receive,sub,cpp_to_py,constrained_pub_only,exp,xcdr,shmem_ds,100000,10,0,measured,142,2026-09-09T14:21:05.134434Z,156858796566408,156858796357530,156858796566408,1788963665134177521,1788963665134219589,ok,
exp_constrained_pub_only_xcdr__cpp_to_py__100000B__10Hz__shmem_ds__best_effort,receive,sub,cpp_to_py,constrained_pub_only,exp,xcdr,shmem_ds,100000,10,0,measured,143,2026-09-09T14:21:05.234034Z,156858896189480,156858896041324,156858896189480,1788963665233851427,1788963665233876874,ok,
exp_constrained_pub_only_xcdr__cpp_to_py__100000B__10Hz__shmem_ds__best_effort,receive,sub,cpp_to_py,constrained_pub_only,exp,xcdr,shmem_ds,100000,10,0,measured,144,2026-09-09T14:21:05.334415Z,156858996582142,156858996453283,156858996582142,1788963665334263055,1788963665334284705,ok,
exp_constrained_pub_only_xcdr__cpp_to_py__100000B__10Hz__shmem_ds__best_effort,receive,sub,cpp_to_py,constrained_pub_only,exp,xcdr,shmem_ds,100000,10,0,measured,145,2026-09-09T14:21:05.434258Z,156859096382384,156859096146275,156859096382384,1788963665433963822,1788963665434007433,ok,
exp_constrained_pub_only_xcdr__cpp_to_py__100000B__10Hz__shmem_ds__best_effort,receive,sub,cpp_to_py,constrained_pub_only,exp,xcdr,shmem_ds,100000,10,0,measured,146,2026-09-09T14:21:05.534698Z,156859196834046,156859196623755,156859196834046,1788963665534441021,1788963665534478902,ok,
exp_constrained_pub_only_xcdr__cpp_to_py__100000B__10Hz__shmem_ds__best_effort,receive,sub,cpp_to_py,constrained_pub_only,exp,xcdr,shmem_ds,100000,10,0,measured,147,2026-09-09T14:21:05.633972Z,156859296119110,156859295941690,156859296119110,1788963665633754397,1788963665633779594,ok,
exp_constrained_pub_only_xcdr__cpp_to_py__100000B__10Hz__shmem_ds__best_effort,receive,sub,cpp_to_py,constrained_pub_only,exp,xcdr,shmem_ds,100000,10,0,measured,148,2026-09-09T14:21:05.734279Z,156859396428357,156859396250276,156859396428357,1788963665734062914,1788963665734090976,ok,
exp_constrained_pub_only_xcdr__cpp_to_py__100000B__10Hz__shmem_ds__best_effort,receive,sub,cpp_to_py,constrained_pub_only,exp,xcdr,shmem_ds,100000,10,0,measured,149,2026-09-09T14:21:05.833480Z,156859495621029,156859495417761,156859495621029,1788963665833232583,1788963665833266926,ok,
exp_constrained_pub_only_xcdr__cpp_to_py__100000B__10Hz__shmem_ds__best_effort,receive,sub,cpp_to_py,constrained_pub_only,exp,xcdr,shmem_ds,100000,10,0,measured,150,2026-09-09T14:21:05.933206Z,156859595358604,156859595210298,156859595358604,1788963665933020831,1788963665933047872,ok,
exp_constrained_pub_only_xcdr__cpp_to_py__100000B__10Hz__shmem_ds__best_effort,receive,sub,cpp_to_py,constrained_pub_only,exp,xcdr,shmem_ds,100000,10,0,measured,151,2026-09-09T14:21:06.032982Z,156859695125926,156859694941814,156859695125926,1788963666032757617,1788963666032789016,ok,
exp_constrained_pub_only_xcdr__cpp_to_py__100000B__10Hz__shmem_ds__best_effort,receive,sub,cpp_to_py,constrained_pub_only,exp,xcdr,shmem_ds,100000,10,0,measured,152,2026-09-09T14:21:06.133032Z,156859795172192,156859794972892,156859795172192,1788963666132782944,1788963666132820975,ok,
exp_constrained_pub_only_xcdr__cpp_to_py__100000B__10Hz__shmem_ds__best_effort,receive,sub,cpp_to_py,constrained_pub_only,exp,xcdr,shmem_ds,100000,10,0,measured,153,2026-09-09T14:21:06.233280Z,156859895439449,156859895297535,156859895439449,1788963666233104652,1788963666233127144,ok,
exp_constrained_pub_only_xcdr__cpp_to_py__100000B__10Hz__shmem_ds__best_effort,receive,sub,cpp_to_py,constrained_pub_only,exp,xcdr,shmem_ds,100000,10,0,measured,154,2026-09-09T14:21:06.333856Z,156859995973362,156859995761017,156859995973362,1788963666333573694,1788963666333608459,ok,
exp_constrained_pub_only_xcdr__cpp_to_py__100000B__10Hz__shmem_ds__best_effort,receive,sub,cpp_to_py,constrained_pub_only,exp,xcdr,shmem_ds,100000,10,0,measured,155,2026-09-09T14:21:06.433883Z,156860095976007,156860095765736,156860095976007,1788963666433582381,1788963666433624870,ok,
exp_constrained_pub_only_xcdr__cpp_to_py__100000B__10Hz__shmem_ds__best_effort,receive,sub,cpp_to_py,constrained_pub_only,exp,xcdr,shmem_ds,100000,10,0,measured,156,2026-09-09T14:21:06.533924Z,156860196054442,156860195810258,156860196054442,1788963666533627003,1788963666533666677,ok,
exp_constrained_pub_only_xcdr__cpp_to_py__100000B__10Hz__shmem_ds__best_effort,receive,sub,cpp_to_py,constrained_pub_only,exp,xcdr,shmem_ds,100000,10,0,measured,157,2026-09-09T14:21:06.633654Z,156860295790371,156860295600899,156860295790371,1788963666633417023,1788963666633449293,ok,
exp_constrained_pub_only_xcdr__cpp_to_py__100000B__10Hz__shmem_ds__best_effort,receive,sub,cpp_to_py,constrained_pub_only,exp,xcdr,shmem_ds,100000,10,0,measured,158,2026-09-09T14:21:06.734267Z,156860396394084,156860396191427,156860396394084,1788963666734003764,1788963666734040252,ok,
exp_constrained_pub_only_xcdr__cpp_to_py__100000B__10Hz__shmem_ds__best_effort,receive,sub,cpp_to_py,constrained_pub_only,exp,xcdr,shmem_ds,100000,10,0,measured,159,2026-09-09T14:21:06.833767Z,156860495869328,156860495587864,156860495869328,1788963666833411192,1788963666833466264,ok,
exp_constrained_pub_only_xcdr__cpp_to_py__100000B__10Hz__shmem_ds__best_effort,receive,sub,cpp_to_py,constrained_pub_only,exp,xcdr,shmem_ds,100000,10,0,measured,160,2026-09-09T14:21:06.933281Z,156860595428378,156860595256027,156860595428378,1788963666933066481,1788963666933093831,ok,
exp_constrained_pub_only_xcdr__cpp_to_py__100000B__10Hz__shmem_ds__best_effort,receive,sub,cpp_to_py,constrained_pub_only,exp,xcdr,shmem_ds,100000,10,0,measured,161,2026-09-09T14:21:07.033470Z,156860695603215,156860695374770,156860695603215,1788963667033191916,1788963667033233212,ok,
exp_constrained_pub_only_xcdr__cpp_to_py__100000B__10Hz__shmem_ds__best_effort,receive,sub,cpp_to_py,constrained_pub_only,exp,xcdr,shmem_ds,100000,10,0,measured,162,2026-09-09T14:21:07.132593Z,156860794727693,156860794533662,156860794727693,1788963667132349977,1788963667132389029,ok,
exp_constrained_pub_only_xcdr__cpp_to_py__100000B__10Hz__shmem_ds__best_effort,receive,sub,cpp_to_py,constrained_pub_only,exp,xcdr,shmem_ds,100000,10,0,measured,163,2026-09-09T14:21:07.232046Z,156860894164853,156860893990389,156860894164853,1788963667231810711,1788963667231838953,ok,
exp_constrained_pub_only_xcdr__cpp_to_py__100000B__10Hz__shmem_ds__best_effort,receive,sub,cpp_to_py,constrained_pub_only,exp,xcdr,shmem_ds,100000,10,0,measured,164,2026-09-09T14:21:07.331938Z,156860994081736,156860993857579,156860994081736,1788963667331671109,1788963667331704360,ok,
exp_constrained_pub_only_xcdr__cpp_to_py__100000B__10Hz__shmem_ds__best_effort,receive,sub,cpp_to_py,constrained_pub_only,exp,xcdr,shmem_ds,100000,10,0,measured,165,2026-09-09T14:21:07.431915Z,156861094043953,156861093813785,156861094043953,1788963667431630109,1788963667431673740,ok,
exp_constrained_pub_only_xcdr__cpp_to_py__100000B__10Hz__shmem_ds__best_effort,receive,sub,cpp_to_py,constrained_pub_only,exp,xcdr,shmem_ds,100000,10,0,measured,166,2026-09-09T14:21:07.531292Z,156861193435108,156861193245665,156861193435108,1788963667531061970,1788963667531099570,ok,
exp_constrained_pub_only_xcdr__cpp_to_py__100000B__10Hz__shmem_ds__best_effort,receive,sub,cpp_to_py,constrained_pub_only,exp,xcdr,shmem_ds,100000,10,0,measured,167,2026-09-09T14:21:07.631481Z,156861293627903,156861293436327,156861293627903,1788963667631250146,1788963667631281164,ok,
exp_constrained_pub_only_xcdr__cpp_to_py__100000B__10Hz__shmem_ds__best_effort,receive,sub,cpp_to_py,constrained_pub_only,exp,xcdr,shmem_ds,100000,10,0,measured,168,2026-09-09T14:21:07.732651Z,156861394752973,156861394455459,156861394752973,1788963667732282734,1788963667732340001,ok,
exp_constrained_pub_only_xcdr__cpp_to_py__100000B__10Hz__shmem_ds__best_effort,receive,sub,cpp_to_py,constrained_pub_only,exp,xcdr,shmem_ds,100000,10,0,measured,169,2026-09-09T14:21:07.833445Z,156861495548529,156861495253481,156861495548529,1788963667833081737,1788963667833135006,ok,
exp_constrained_pub_only_xcdr__cpp_to_py__100000B__10Hz__shmem_ds__best_effort,receive,sub,cpp_to_py,constrained_pub_only,exp,xcdr,shmem_ds,100000,10,0,measured,170,2026-09-09T14:21:07.933098Z,156861595232649,156861594991571,156861595232649,1788963667932816702,1788963667932858039,ok,
exp_constrained_pub_only_xcdr__cpp_to_py__100000B__10Hz__shmem_ds__best_effort,receive,sub,cpp_to_py,constrained_pub_only,exp,xcdr,shmem_ds,100000,10,0,measured,171,2026-09-09T14:21:08.033205Z,156861695303200,156861694982573,156861695303200,1788963668032822692,1788963668032876392,ok,
exp_constrained_pub_only_xcdr__cpp_to_py__100000B__10Hz__shmem_ds__best_effort,receive,sub,cpp_to_py,constrained_pub_only,exp,xcdr,shmem_ds,100000,10,0,measured,172,2026-09-09T14:21:08.132730Z,156861794840844,156861794559971,156861794840844,1788963668132382838,1788963668132436047,ok,
exp_constrained_pub_only_xcdr__cpp_to_py__100000B__10Hz__shmem_ds__best_effort,receive,sub,cpp_to_py,constrained_pub_only,exp,xcdr,shmem_ds,100000,10,0,measured,173,2026-09-09T14:21:08.232638Z,156861894745902,156861894464518,156861894745902,1788963668232290150,1788963668232344391,ok,
exp_constrained_pub_only_xcdr__cpp_to_py__100000B__10Hz__shmem_ds__best_effort,receive,sub,cpp_to_py,constrained_pub_only,exp,xcdr,shmem_ds,100000,10,0,measured,174,2026-09-09T14:21:08.332131Z,156861994275160,156861994069187,156861994275160,1788963668331886053,1788963668331927189,ok,
exp_constrained_pub_only_xcdr__cpp_to_py__100000B__10Hz__shmem_ds__best_effort,receive,sub,cpp_to_py,constrained_pub_only,exp,xcdr,shmem_ds,100000,10,0,measured,175,2026-09-09T14:21:08.431886Z,156862093971561,156862093675570,156862093971561,1788963668431504759,1788963668431569619,ok,
exp_constrained_pub_only_xcdr__cpp_to_py__100000B__10Hz__shmem_ds__best_effort,receive,sub,cpp_to_py,constrained_pub_only,exp,xcdr,shmem_ds,100000,10,0,measured,176,2026-09-09T14:21:08.531646Z,156862193779056,156862193547035,156862193779056,1788963668531364331,1788963668531407040,ok,
exp_constrained_pub_only_xcdr__cpp_to_py__100000B__10Hz__shmem_ds__best_effort,receive,sub,cpp_to_py,constrained_pub_only,exp,xcdr,shmem_ds,100000,10,0,measured,177,2026-09-09T14:21:08.631970Z,156862294102723,156862293828733,156862294102723,1788963668631646220,1788963668631688959,ok,
exp_constrained_pub_only_xcdr__cpp_to_py__100000B__10Hz__shmem_ds__best_effort,receive,sub,cpp_to_py,constrained_pub_only,exp,xcdr,shmem_ds,100000,10,0,measured,178,2026-09-09T14:21:08.731204Z,156862393325471,156862392967085,156862393325471,1788963668730788819,1788963668730852027,ok,
exp_constrained_pub_only_xcdr__cpp_to_py__100000B__10Hz__shmem_ds__best_effort,receive,sub,cpp_to_py,constrained_pub_only,exp,xcdr,shmem_ds,100000,10,0,measured,179,2026-09-09T14:21:08.831112Z,156862493242030,156862492978821,156862493242030,1788963668830796978,1788963668830848815,ok,
exp_constrained_pub_only_xcdr__cpp_to_py__100000B__10Hz__shmem_ds__best_effort,receive,sub,cpp_to_py,constrained_pub_only,exp,xcdr,shmem_ds,100000,10,0,measured,180,2026-09-09T14:21:08.930857Z,156862592956824,156862592698894,156862592956824,1788963668930524526,1788963668930568788,ok,
exp_constrained_pub_only_xcdr__cpp_to_py__100000B__10Hz__shmem_ds__best_effort,receive,sub,cpp_to_py,constrained_pub_only,exp,xcdr,shmem_ds,100000,10,0,measured,181,2026-09-09T14:21:09.031396Z,156862693503347,156862693227223,156862693503347,1788963669031052725,1788963669031100033,ok,
exp_constrained_pub_only_xcdr__cpp_to_py__100000B__10Hz__shmem_ds__best_effort,receive,sub,cpp_to_py,constrained_pub_only,exp,xcdr,shmem_ds,100000,10,0,measured,182,2026-09-09T14:21:09.131323Z,156862793419112,156862793101141,156862793419112,1788963669130931101,1788963669130994468,ok,
exp_constrained_pub_only_xcdr__cpp_to_py__100000B__10Hz__shmem_ds__best_effort,receive,sub,cpp_to_py,constrained_pub_only,exp,xcdr,shmem_ds,100000,10,0,measured,183,2026-09-09T14:21:09.230572Z,156862892700877,156862892471330,156862892700877,1788963669230291041,1788963669230333279,ok,
exp_constrained_pub_only_xcdr__cpp_to_py__100000B__10Hz__shmem_ds__best_effort,receive,sub,cpp_to_py,constrained_pub_only,exp,xcdr,shmem_ds,100000,10,0,measured,184,2026-09-09T14:21:09.329710Z,156862991801386,156862991491710,156862991801386,1788963669329321028,1788963669329373055,ok,
exp_constrained_pub_only_xcdr__cpp_to_py__100000B__10Hz__shmem_ds__best_effort,receive,sub,cpp_to_py,constrained_pub_only,exp,xcdr,shmem_ds,100000,10,0,measured,185,2026-09-09T14:21:09.430016Z,156863092114510,156863091776150,156863092114510,1788963669429604858,1788963669429668967,ok,
exp_constrained_pub_only_xcdr__cpp_to_py__100000B__10Hz__shmem_ds__best_effort,receive,sub,cpp_to_py,constrained_pub_only,exp,xcdr,shmem_ds,100000,10,0,measured,186,2026-09-09T14:21:09.529372Z,156863191503054,156863191282454,156863191503054,1788963669529100020,1788963669529135657,ok,
exp_constrained_pub_only_xcdr__cpp_to_py__100000B__10Hz__shmem_ds__best_effort,receive,sub,cpp_to_py,constrained_pub_only,exp,xcdr,shmem_ds,100000,10,0,measured,187,2026-09-09T14:21:09.628733Z,156863290875268,156863290662923,156863290875268,1788963669628486801,1788963669628533598,ok,
exp_constrained_pub_only_xcdr__cpp_to_py__100000B__10Hz__shmem_ds__best_effort,receive,sub,cpp_to_py,constrained_pub_only,exp,xcdr,shmem_ds,100000,10,0,measured,188,2026-09-09T14:21:09.729566Z,156863391691097,156863391451601,156863391691097,1788963669729270320,1788963669729306277,ok,
exp_constrained_pub_only_xcdr__cpp_to_py__100000B__10Hz__shmem_ds__best_effort,receive,sub,cpp_to_py,constrained_pub_only,exp,xcdr,shmem_ds,100000,10,0,measured,189,2026-09-09T14:21:09.830132Z,156863492270125,156863492039456,156863492270125,1788963669829855991,1788963669829890585,ok,
exp_constrained_pub_only_xcdr__cpp_to_py__100000B__10Hz__shmem_ds__best_effort,receive,sub,cpp_to_py,constrained_pub_only,exp,xcdr,shmem_ds,100000,10,0,measured,190,2026-09-09T14:21:09.930096Z,156863592193303,156863591883978,156863592193303,1788963669929713367,1788963669929767528,ok,
exp_constrained_pub_only_xcdr__cpp_to_py__100000B__10Hz__shmem_ds__best_effort,receive,sub,cpp_to_py,constrained_pub_only,exp,xcdr,shmem_ds,100000,10,0,measured,191,2026-09-09T14:21:10.029264Z,156863691366629,156863691077912,156863691366629,1788963670028905066,1788963670028954608,ok,
exp_constrained_pub_only_xcdr__cpp_to_py__100000B__10Hz__shmem_ds__best_effort,receive,sub,cpp_to_py,constrained_pub_only,exp,xcdr,shmem_ds,100000,10,0,measured,192,2026-09-09T14:21:10.129498Z,156863791624477,156863791415338,156863791624477,1788963670129236882,1788963670129274292,ok,
exp_constrained_pub_only_xcdr__cpp_to_py__100000B__10Hz__shmem_ds__best_effort,receive,sub,cpp_to_py,constrained_pub_only,exp,xcdr,shmem_ds,100000,10,0,measured,193,2026-09-09T14:21:10.230436Z,156863892563703,156863892335939,156863892563703,1788963670230153005,1788963670230191316,ok,
exp_constrained_pub_only_xcdr__cpp_to_py__100000B__10Hz__shmem_ds__best_effort,receive,sub,cpp_to_py,constrained_pub_only,exp,xcdr,shmem_ds,100000,10,0,measured,194,2026-09-09T14:21:10.330111Z,156863992203221,156863991907300,156863992203221,1788963670329736859,1788963670329790349,ok,
exp_constrained_pub_only_xcdr__cpp_to_py__100000B__10Hz__shmem_ds__best_effort,receive,sub,cpp_to_py,constrained_pub_only,exp,xcdr,shmem_ds,100000,10,0,measured,195,2026-09-09T14:21:10.429279Z,156864091375660,156864091065644,156864091375660,1788963670428893289,1788963670428950085,ok,
exp_constrained_pub_only_xcdr__cpp_to_py__100000B__10Hz__shmem_ds__best_effort,receive,sub,cpp_to_py,constrained_pub_only,exp,xcdr,shmem_ds,100000,10,0,measured,196,2026-09-09T14:21:10.529411Z,156864191539543,156864191286613,156864191539543,1788963670529103699,1788963670529138444,ok,
exp_constrained_pub_only_xcdr__cpp_to_py__100000B__10Hz__shmem_ds__best_effort,receive,sub,cpp_to_py,constrained_pub_only,exp,xcdr,shmem_ds,100000,10,0,measured,197,2026-09-09T14:21:10.629619Z,156864291713666,156864291436721,156864291713666,1788963670629255089,1788963670629294111,ok,
exp_constrained_pub_only_xcdr__cpp_to_py__100000B__10Hz__shmem_ds__best_effort,receive,sub,cpp_to_py,constrained_pub_only,exp,xcdr,shmem_ds,100000,10,0,measured,198,2026-09-09T14:21:10.728940Z,156864391060088,156864390804603,156864391060088,1788963670728624354,1788963670728662886,ok,
exp_constrained_pub_only_xcdr__cpp_to_py__100000B__10Hz__shmem_ds__best_effort,receive,sub,cpp_to_py,constrained_pub_only,exp,xcdr,shmem_ds,100000,10,0,measured,199,2026-09-09T14:21:10.829641Z,156864491774095,156864491566148,156864491774095,1788963670829382663,1788963670829413931,ok,
exp_constrained_pub_only_xcdr__cpp_to_py__100000B__10Hz__shmem_ds__best_effort,receive,sub,cpp_to_py,constrained_pub_only,exp,xcdr,shmem_ds,100000,10,0,measured,200,2026-09-09T14:21:10.929540Z,156864591673055,156864591467563,156864591673055,1788963670929286021,1788963670929319083,ok,
exp_constrained_pub_only_xcdr__cpp_to_py__100000B__10Hz__shmem_ds__best_effort,receive,sub,cpp_to_py,constrained_pub_only,exp,xcdr,shmem_ds,100000,10,0,measured,201,2026-09-09T14:21:11.028710Z,156864690854434,156864690669159,156864690854434,1788963671028486245,1788963671028518355,ok,
exp_constrained_pub_only_xcdr__cpp_to_py__100000B__10Hz__shmem_ds__best_effort,receive,sub,cpp_to_py,constrained_pub_only,exp,xcdr,shmem_ds,100000,10,0,measured,202,2026-09-09T14:21:11.128143Z,156864790264913,156864790018143,156864790264913,1788963671127840750,1788963671127885463,ok,
exp_constrained_pub_only_xcdr__cpp_to_py__100000B__10Hz__shmem_ds__best_effort,receive,sub,cpp_to_py,constrained_pub_only,exp,xcdr,shmem_ds,100000,10,0,measured,203,2026-09-09T14:21:11.228880Z,156864891027416,156864890815081,156864891027416,1788963671228632147,1788963671228664457,ok,
exp_constrained_pub_only_xcdr__cpp_to_py__100000B__10Hz__shmem_ds__best_effort,receive,sub,cpp_to_py,constrained_pub_only,exp,xcdr,shmem_ds,100000,10,0,measured,204,2026-09-09T14:21:11.328724Z,156864990883524,156864990713318,156864990883524,1788963671328523731,1788963671328547365,ok,
exp_constrained_pub_only_xcdr__cpp_to_py__100000B__10Hz__shmem_ds__best_effort,receive,sub,cpp_to_py,constrained_pub_only,exp,xcdr,shmem_ds,100000,10,0,measured,205,2026-09-09T14:21:11.429620Z,156865091718363,156865091387828,156865091718363,1788963671429215103,1788963671429270576,ok,
exp_constrained_pub_only_xcdr__cpp_to_py__100000B__10Hz__shmem_ds__best_effort,receive,sub,cpp_to_py,constrained_pub_only,exp,xcdr,shmem_ds,100000,10,0,measured,206,2026-09-09T14:21:11.529286Z,156865191422618,156865191192701,156865191422618,1788963671529008675,1788963671529044391,ok,
exp_constrained_pub_only_xcdr__cpp_to_py__100000B__10Hz__shmem_ds__best_effort,receive,sub,cpp_to_py,constrained_pub_only,exp,xcdr,shmem_ds,100000,10,0,measured,207,2026-09-09T14:21:11.629107Z,156865291244152,156865291050853,156865291244152,1788963671628869401,1788963671628893857,ok,
exp_constrained_pub_only_xcdr__cpp_to_py__100000B__10Hz__shmem_ds__best_effort,receive,sub,cpp_to_py,constrained_pub_only,exp,xcdr,shmem_ds,100000,10,0,measured,208,2026-09-09T14:21:11.728746Z,156865390891322,156865390688906,156865390891322,1788963671728501112,1788963671728541097,ok,
exp_constrained_pub_only_xcdr__cpp_to_py__100000B__10Hz__shmem_ds__best_effort,receive,sub,cpp_to_py,constrained_pub_only,exp,xcdr,shmem_ds,100000,10,0,measured,209,2026-09-09T14:21:11.827978Z,156865490115374,156865489904201,156865490115374,1788963671827721638,1788963671827746925,ok,
exp_constrained_pub_only_xcdr__cpp_to_py__100000B__10Hz__shmem_ds__best_effort,receive,sub,cpp_to_py,constrained_pub_only,exp,xcdr,shmem_ds,100000,10,0,measured,210,2026-09-09T14:21:11.927579Z,156865589671434,156865589327053,156865589671434,1788963671927157093,1788963671927214751,ok,
exp_constrained_pub_only_xcdr__cpp_to_py__100000B__10Hz__shmem_ds__best_effort,receive,sub,cpp_to_py,constrained_pub_only,exp,xcdr,shmem_ds,100000,10,0,measured,211,2026-09-09T14:21:12.026864Z,156865688984714,156865688772830,156865688984714,1788963672026589846,1788963672026625011,ok,
exp_constrained_pub_only_xcdr__cpp_to_py__100000B__10Hz__shmem_ds__best_effort,receive,sub,cpp_to_py,constrained_pub_only,exp,xcdr,shmem_ds,100000,10,0,measured,212,2026-09-09T14:21:12.127680Z,156865789799052,156865789547975,156865789799052,1788963672127370341,1788963672127415936,ok,
exp_constrained_pub_only_xcdr__cpp_to_py__100000B__10Hz__shmem_ds__best_effort,receive,sub,cpp_to_py,constrained_pub_only,exp,xcdr,shmem_ds,100000,10,0,measured,213,2026-09-09T14:21:12.227482Z,156865889620602,156865889425329,156865889620602,1788963672227242866,1788963672227265888,ok,
exp_constrained_pub_only_xcdr__cpp_to_py__100000B__10Hz__shmem_ds__best_effort,receive,sub,cpp_to_py,constrained_pub_only,exp,xcdr,shmem_ds,100000,10,0,measured,214,2026-09-09T14:21:12.326863Z,156865989018084,156865988835815,156865989018084,1788963672326650396,1788963672326676645,ok,
exp_constrained_pub_only_xcdr__cpp_to_py__100000B__10Hz__shmem_ds__best_effort,receive,sub,cpp_to_py,constrained_pub_only,exp,xcdr,shmem_ds,100000,10,0,measured,215,2026-09-09T14:21:12.426447Z,156866088541670,156866088194965,156866088541670,1788963672426024214,1788963672426086570,ok,
exp_constrained_pub_only_xcdr__cpp_to_py__100000B__10Hz__shmem_ds__best_effort,receive,sub,cpp_to_py,constrained_pub_only,exp,xcdr,shmem_ds,100000,10,0,measured,216,2026-09-09T14:21:12.525633Z,156866187761973,156866187514432,156866187761973,1788963672525332320,1788963672525374659,ok,
exp_constrained_pub_only_xcdr__cpp_to_py__100000B__10Hz__shmem_ds__best_effort,receive,sub,cpp_to_py,constrained_pub_only,exp,xcdr,shmem_ds,100000,10,0,measured,217,2026-09-09T14:21:12.624931Z,156866287060892,156866286834460,156866287060892,1788963672624653770,1788963672624697642,ok,
exp_constrained_pub_only_xcdr__cpp_to_py__100000B__10Hz__shmem_ds__best_effort,receive,sub,cpp_to_py,constrained_pub_only,exp,xcdr,shmem_ds,100000,10,0,measured,218,2026-09-09T14:21:12.724153Z,156866386291563,156866386082985,156866386291563,1788963672723903347,1788963672723946848,ok,
exp_constrained_pub_only_xcdr__cpp_to_py__100000B__10Hz__shmem_ds__best_effort,receive,sub,cpp_to_py,constrained_pub_only,exp,xcdr,shmem_ds,100000,10,0,measured,219,2026-09-09T14:21:12.823554Z,156866485692191,156866485493371,156866485692191,1788963672823309856,1788963672823344941,ok,
exp_constrained_pub_only_xcdr__cpp_to_py__100000B__10Hz__shmem_ds__best_effort,receive,sub,cpp_to_py,constrained_pub_only,exp,xcdr,shmem_ds,100000,10,0,measured,220,2026-09-09T14:21:12.924478Z,156866586610041,156866586404468,156866586610041,1788963672924224981,1788963672924264354,ok,
exp_constrained_pub_only_xcdr__cpp_to_py__100000B__10Hz__shmem_ds__best_effort,receive,sub,cpp_to_py,constrained_pub_only,exp,xcdr,shmem_ds,100000,10,0,measured,221,2026-09-09T14:21:13.024402Z,156866686505881,156866686248673,156866686505881,1788963673024065188,1788963673024097808,ok,
exp_constrained_pub_only_xcdr__cpp_to_py__100000B__10Hz__shmem_ds__best_effort,receive,sub,cpp_to_py,constrained_pub_only,exp,xcdr,shmem_ds,100000,10,0,measured,222,2026-09-09T14:21:13.124227Z,156866786354099,156866786052568,156866786354099,1788963673123873401,1788963673123917893,ok,
exp_constrained_pub_only_xcdr__cpp_to_py__100000B__10Hz__shmem_ds__best_effort,receive,sub,cpp_to_py,constrained_pub_only,exp,xcdr,shmem_ds,100000,10,0,measured,223,2026-09-09T14:21:13.223349Z,156866885490462,156866885294908,156866885490462,1788963673223107886,1788963673223135147,ok,
exp_constrained_pub_only_xcdr__cpp_to_py__100000B__10Hz__shmem_ds__best_effort,receive,sub,cpp_to_py,constrained_pub_only,exp,xcdr,shmem_ds,100000,10,0,measured,224,2026-09-09T14:21:13.322643Z,156866984791852,156866984567194,156866984791852,1788963673322384981,1788963673322414927,ok,
exp_constrained_pub_only_xcdr__cpp_to_py__100000B__10Hz__shmem_ds__best_effort,receive,sub,cpp_to_py,constrained_pub_only,exp,xcdr,shmem_ds,100000,10,0,measured,225,2026-09-09T14:21:13.422438Z,156867084574657,156867084364336,156867084574657,1788963673422181772,1788963673422209544,ok,
exp_constrained_pub_only_xcdr__cpp_to_py__100000B__10Hz__shmem_ds__best_effort,receive,sub,cpp_to_py,constrained_pub_only,exp,xcdr,shmem_ds,100000,10,0,measured,226,2026-09-09T14:21:13.521956Z,156867184090717,156867183784939,156867184090717,1788963673521615570,1788963673521683526,ok,
exp_constrained_pub_only_xcdr__cpp_to_py__100000B__10Hz__shmem_ds__best_effort,receive,sub,cpp_to_py,constrained_pub_only,exp,xcdr,shmem_ds,100000,10,0,measured,227,2026-09-09T14:21:13.621140Z,156867283276002,156867283077422,156867283276002,1788963673620892785,1788963673620923983,ok,
exp_constrained_pub_only_xcdr__cpp_to_py__100000B__10Hz__shmem_ds__best_effort,receive,sub,cpp_to_py,constrained_pub_only,exp,xcdr,shmem_ds,100000,10,0,measured,228,2026-09-09T14:21:13.720884Z,156867382999066,156867382765462,156867382999066,1788963673720584681,1788963673720618144,ok,
exp_constrained_pub_only_xcdr__cpp_to_py__100000B__10Hz__shmem_ds__best_effort,receive,sub,cpp_to_py,constrained_pub_only,exp,xcdr,shmem_ds,100000,10,0,measured,229,2026-09-09T14:21:13.821522Z,156867483662971,156867483440537,156867483662971,1788963673821255219,1788963673821285024,ok,
exp_constrained_pub_only_xcdr__cpp_to_py__100000B__10Hz__shmem_ds__best_effort,receive,sub,cpp_to_py,constrained_pub_only,exp,xcdr,shmem_ds,100000,10,0,measured,230,2026-09-09T14:21:13.921869Z,156867583975552,156867583742488,156867583975552,1788963673921556378,1788963673921584831,ok,
exp_constrained_pub_only_xcdr__cpp_to_py__100000B__10Hz__shmem_ds__best_effort,receive,sub,cpp_to_py,constrained_pub_only,exp,xcdr,shmem_ds,100000,10,0,measured,231,2026-09-09T14:21:14.021635Z,156867683732802,156867683428526,156867683732802,1788963674021256472,1788963674021308509,ok,
exp_constrained_pub_only_xcdr__cpp_to_py__100000B__10Hz__shmem_ds__best_effort,receive,sub,cpp_to_py,constrained_pub_only,exp,xcdr,shmem_ds,100000,10,0,measured,232,2026-09-09T14:21:14.122411Z,156867784533058,156867784271181,156867784533058,1788963674122094128,1788963674122138250,ok,
exp_constrained_pub_only_xcdr__cpp_to_py__100000B__10Hz__shmem_ds__best_effort,receive,sub,cpp_to_py,constrained_pub_only,exp,xcdr,shmem_ds,100000,10,0,measured,233,2026-09-09T14:21:14.222160Z,156867884287006,156867884048663,156867884287006,1788963674221867041,1788963674221904611,ok,
exp_constrained_pub_only_xcdr__cpp_to_py__100000B__10Hz__shmem_ds__best_effort,receive,sub,cpp_to_py,constrained_pub_only,exp,xcdr,shmem_ds,100000,10,0,measured,234,2026-09-09T14:21:14.322313Z,156867984444106,156867984217945,156867984444106,1788963674322034750,1788963674322070947,ok,
exp_constrained_pub_only_xcdr__cpp_to_py__100000B__10Hz__shmem_ds__best_effort,receive,sub,cpp_to_py,constrained_pub_only,exp,xcdr,shmem_ds,100000,10,0,measured,235,2026-09-09T14:21:14.422520Z,156868084611594,156868084262655,156868084611594,1788963674422092504,1788963674422155792,ok,
exp_constrained_pub_only_xcdr__cpp_to_py__100000B__10Hz__shmem_ds__best_effort,receive,sub,cpp_to_py,constrained_pub_only,exp,xcdr,shmem_ds,100000,10,0,measured,236,2026-09-09T14:21:14.522174Z,156868184308938,156868184070264,156868184308938,1788963674521887179,1788963674521924890,ok,
exp_constrained_pub_only_xcdr__cpp_to_py__100000B__10Hz__shmem_ds__best_effort,receive,sub,cpp_to_py,constrained_pub_only,exp,xcdr,shmem_ds,100000,10,0,measured,237,2026-09-09T14:21:14.622618Z,156868284712776,156868284365941,156868284712776,1788963674622194588,1788963674622257495,ok,
exp_constrained_pub_only_xcdr__cpp_to_py__100000B__10Hz__shmem_ds__best_effort,receive,sub,cpp_to_py,constrained_pub_only,exp,xcdr,shmem_ds,100000,10,0,measured,238,2026-09-09T14:21:14.723289Z,156868385414027,156868385212903,156868385414027,1788963674723030279,1788963674723065755,ok,
exp_constrained_pub_only_xcdr__cpp_to_py__100000B__10Hz__shmem_ds__best_effort,receive,sub,cpp_to_py,constrained_pub_only,exp,xcdr,shmem_ds,100000,10,0,measured,239,2026-09-09T14:21:14.822685Z,156868484825990,156868484577849,156868484825990,1788963674822399794,1788963674822446050,ok,
exp_constrained_pub_only_xcdr__cpp_to_py__100000B__10Hz__shmem_ds__best_effort,receive,sub,cpp_to_py,constrained_pub_only,exp,xcdr,shmem_ds,100000,10,0,measured,240,2026-09-09T14:21:14.922683Z,156868584778820,156868584451581,156868584778820,1788963674922281000,1788963674922343807,ok,
exp_constrained_pub_only_xcdr__cpp_to_py__100000B__10Hz__shmem_ds__best_effort,receive,sub,cpp_to_py,constrained_pub_only,exp,xcdr,shmem_ds,100000,10,0,measured,241,2026-09-09T14:21:15.023152Z,156868685288847,156868685065151,156868685288847,1788963675022882637,1788963675022919366,ok,
exp_constrained_pub_only_xcdr__cpp_to_py__100000B__10Hz__shmem_ds__best_effort,receive,sub,cpp_to_py,constrained_pub_only,exp,xcdr,shmem_ds,100000,10,0,measured,242,2026-09-09T14:21:15.123592Z,156868785720484,156868785375813,156868785720484,1788963675123199852,1788963675123254453,ok,
exp_constrained_pub_only_xcdr__cpp_to_py__100000B__10Hz__shmem_ds__best_effort,receive,sub,cpp_to_py,constrained_pub_only,exp,xcdr,shmem_ds,100000,10,0,measured,243,2026-09-09T14:21:15.222631Z,156868884755493,156868884520846,156868884755493,1788963675222338854,1788963675222378417,ok,
exp_constrained_pub_only_xcdr__cpp_to_py__100000B__10Hz__shmem_ds__best_effort,receive,sub,cpp_to_py,constrained_pub_only,exp,xcdr,shmem_ds,100000,10,0,measured,244,2026-09-09T14:21:15.323203Z,156868985333702,156868985073348,156868985333702,1788963675322894311,1788963675322939054,ok,
exp_constrained_pub_only_xcdr__cpp_to_py__100000B__10Hz__shmem_ds__best_effort,receive,sub,cpp_to_py,constrained_pub_only,exp,xcdr,shmem_ds,100000,10,0,measured,245,2026-09-09T14:21:15.423434Z,156869085566689,156869085335640,156869085566689,1788963675423153938,1788963675423193040,ok,
exp_constrained_pub_only_xcdr__cpp_to_py__100000B__10Hz__shmem_ds__best_effort,receive,sub,cpp_to_py,constrained_pub_only,exp,xcdr,shmem_ds,100000,10,0,measured,246,2026-09-09T14:21:15.524204Z,156869186346945,156869186143546,156869186346945,1788963675523958769,1788963675523991660,ok,
exp_constrained_pub_only_xcdr__cpp_to_py__100000B__10Hz__shmem_ds__best_effort,receive,sub,cpp_to_py,constrained_pub_only,exp,xcdr,shmem_ds,100000,10,0,measured,247,2026-09-09T14:21:15.623663Z,156869285803077,156869285610068,156869285803077,1788963675623426453,1788963675623457871,ok,
exp_constrained_pub_only_xcdr__cpp_to_py__100000B__10Hz__shmem_ds__best_effort,receive,sub,cpp_to_py,constrained_pub_only,exp,xcdr,shmem_ds,100000,10,0,measured,248,2026-09-09T14:21:15.724414Z,156869386542747,156869386344278,156869386542747,1788963675724160362,1788963675724191890,ok,
exp_constrained_pub_only_xcdr__cpp_to_py__100000B__10Hz__shmem_ds__best_effort,receive,sub,cpp_to_py,constrained_pub_only,exp,xcdr,shmem_ds,100000,10,0,measured,249,2026-09-09T14:21:15.823875Z,156869486009328,156869485782736,156869486009328,1788963675823601716,1788963675823635709,ok,
exp_constrained_pub_only_xcdr__cpp_to_py__100000B__10Hz__shmem_ds__best_effort,receive,sub,cpp_to_py,constrained_pub_only,exp,xcdr,shmem_ds,100000,10,0,measured,250,2026-09-09T14:21:15.923649Z,156869585800514,156869585604669,156869585800514,1788963675923423218,1788963675923458584,ok,
exp_constrained_pub_only_xcdr__cpp_to_py__100000B__10Hz__shmem_ds__best_effort,receive,sub,cpp_to_py,constrained_pub_only,exp,xcdr,shmem_ds,100000,10,0,measured,251,2026-09-09T14:21:16.023536Z,156869685658845,156869685441821,156869685658845,1788963676023263826,1788963676023304242,ok,
exp_constrained_pub_only_xcdr__cpp_to_py__100000B__10Hz__shmem_ds__best_effort,receive,sub,cpp_to_py,constrained_pub_only,exp,xcdr,shmem_ds,100000,10,0,measured,252,2026-09-09T14:21:16.123828Z,156869785942614,156869785701055,156869785942614,1788963676123522800,1788963676123567362,ok,
exp_constrained_pub_only_xcdr__cpp_to_py__100000B__10Hz__shmem_ds__best_effort,receive,sub,cpp_to_py,constrained_pub_only,exp,xcdr,shmem_ds,100000,10,0,measured,253,2026-09-09T14:21:16.224554Z,156869886706366,156869886520410,156869886706366,1788963676224331815,1788963676224360458,ok,
exp_constrained_pub_only_xcdr__cpp_to_py__100000B__10Hz__shmem_ds__best_effort,receive,sub,cpp_to_py,constrained_pub_only,exp,xcdr,shmem_ds,100000,10,0,measured,254,2026-09-09T14:21:16.325015Z,156869987168938,156869986972813,156869987168938,1788963676324782976,1788963676324818432,ok,
exp_constrained_pub_only_xcdr__cpp_to_py__100000B__10Hz__shmem_ds__best_effort,receive,sub,cpp_to_py,constrained_pub_only,exp,xcdr,shmem_ds,100000,10,0,measured,255,2026-09-09T14:21:16.424611Z,156870086742054,156870086540870,156870086742054,1788963676424353357,1788963676424383073,ok,
exp_constrained_pub_only_xcdr__cpp_to_py__100000B__10Hz__shmem_ds__best_effort,receive,sub,cpp_to_py,constrained_pub_only,exp,xcdr,shmem_ds,100000,10,0,measured,256,2026-09-09T14:21:16.524001Z,156870186138813,156870185912532,156870186138813,1788963676523727945,1788963676523760516,ok,
exp_constrained_pub_only_xcdr__cpp_to_py__100000B__10Hz__shmem_ds__best_effort,receive,sub,cpp_to_py,constrained_pub_only,exp,xcdr,shmem_ds,100000,10,0,measured,257,2026-09-09T14:21:16.623500Z,156870285633364,156870285412323,156870285633364,1788963676623230020,1788963676623268481,ok,
exp_constrained_pub_only_xcdr__cpp_to_py__100000B__10Hz__shmem_ds__best_effort,receive,sub,cpp_to_py,constrained_pub_only,exp,xcdr,shmem_ds,100000,10,0,measured,258,2026-09-09T14:21:16.723202Z,156870385340500,156870385131481,156870385340500,1788963676722948006,1788963676722984915,ok,
exp_constrained_pub_only_xcdr__cpp_to_py__100000B__10Hz__shmem_ds__best_effort,receive,sub,cpp_to_py,constrained_pub_only,exp,xcdr,shmem_ds,100000,10,0,measured,259,2026-09-09T14:21:16.822303Z,156870484442971,156870484244602,156870484442971,1788963676822060736,1788963676822087276,ok,
exp_constrained_pub_only_xcdr__cpp_to_py__100000B__10Hz__shmem_ds__best_effort,receive,sub,cpp_to_py,constrained_pub_only,exp,xcdr,shmem_ds,100000,10,0,measured,260,2026-09-09T14:21:16.921633Z,156870583787673,156870583576230,156870583787673,1788963676921395900,1788963676921428291,ok,
exp_constrained_pub_only_xcdr__cpp_to_py__100000B__10Hz__shmem_ds__best_effort,receive,sub,cpp_to_py,constrained_pub_only,exp,xcdr,shmem_ds,100000,10,0,measured,261,2026-09-09T14:21:17.020794Z,156870682914912,156870682669515,156870682914912,1788963677020494877,1788963677020531244,ok,
exp_constrained_pub_only_xcdr__cpp_to_py__100000B__10Hz__shmem_ds__best_effort,receive,sub,cpp_to_py,constrained_pub_only,exp,xcdr,shmem_ds,100000,10,0,measured,262,2026-09-09T14:21:17.119716Z,156870781863093,156870781683158,156870781863093,1788963677119500374,1788963677119533716,ok,
exp_constrained_pub_only_xcdr__cpp_to_py__100000B__10Hz__shmem_ds__best_effort,receive,sub,cpp_to_py,constrained_pub_only,exp,xcdr,shmem_ds,100000,10,0,measured,263,2026-09-09T14:21:17.219640Z,156870881785516,156870881585604,156870881785516,1788963677219405475,1788963677219440370,ok,
exp_constrained_pub_only_xcdr__cpp_to_py__100000B__10Hz__shmem_ds__best_effort,receive,sub,cpp_to_py,constrained_pub_only,exp,xcdr,shmem_ds,100000,10,0,measured,264,2026-09-09T14:21:17.319112Z,156870981256170,156870981060987,156870981256170,1788963677318876950,1788963677318906626,ok,
exp_constrained_pub_only_xcdr__cpp_to_py__100000B__10Hz__shmem_ds__best_effort,receive,sub,cpp_to_py,constrained_pub_only,exp,xcdr,shmem_ds,100000,10,0,measured,265,2026-09-09T14:21:17.418088Z,156871080247842,156871080097332,156871080247842,1788963677417908056,1788963677417923435,ok,
exp_constrained_pub_only_xcdr__cpp_to_py__100000B__10Hz__shmem_ds__best_effort,receive,sub,cpp_to_py,constrained_pub_only,exp,xcdr,shmem_ds,100000,10,0,measured,266,2026-09-09T14:21:17.517902Z,156871180048189,156871179822890,156871180048189,1788963677517637902,1788963677517666906,ok,
exp_constrained_pub_only_xcdr__cpp_to_py__100000B__10Hz__shmem_ds__best_effort,receive,sub,cpp_to_py,constrained_pub_only,exp,xcdr,shmem_ds,100000,10,0,measured,267,2026-09-09T14:21:17.618080Z,156871280199699,156871279940607,156871280199699,1788963677617761510,1788963677617813056,ok,
exp_constrained_pub_only_xcdr__cpp_to_py__100000B__10Hz__shmem_ds__best_effort,receive,sub,cpp_to_py,constrained_pub_only,exp,xcdr,shmem_ds,100000,10,0,measured,268,2026-09-09T14:21:17.717362Z,156871379498522,156871379278082,156871379498522,1788963677717095057,1788963677717131165,ok,
exp_constrained_pub_only_xcdr__cpp_to_py__100000B__10Hz__shmem_ds__best_effort,receive,sub,cpp_to_py,constrained_pub_only,exp,xcdr,shmem_ds,100000,10,0,measured,269,2026-09-09T14:21:17.817641Z,156871479797066,156871479639713,156871479797066,1788963677817450497,1788963677817469603,ok,
exp_constrained_pub_only_xcdr__cpp_to_py__100000B__10Hz__shmem_ds__best_effort,receive,sub,cpp_to_py,constrained_pub_only,exp,xcdr,shmem_ds,100000,10,0,measured,270,2026-09-09T14:21:17.918440Z,156871580549183,156871580262270,156871580549183,1788963677918089314,1788963677918135540,ok,
exp_constrained_pub_only_xcdr__cpp_to_py__100000B__10Hz__shmem_ds__best_effort,receive,sub,cpp_to_py,constrained_pub_only,exp,xcdr,shmem_ds,100000,10,0,measured,271,2026-09-09T14:21:18.018429Z,156871680545215,156871680284891,156871680545215,1788963678018112566,1788963678018154053,ok,
exp_constrained_pub_only_xcdr__cpp_to_py__100000B__10Hz__shmem_ds__best_effort,receive,sub,cpp_to_py,constrained_pub_only,exp,xcdr,shmem_ds,100000,10,0,measured,272,2026-09-09T14:21:18.117459Z,156871779598298,156871779405739,156871779598298,1788963678117223456,1788963678117250707,ok,
exp_constrained_pub_only_xcdr__cpp_to_py__100000B__10Hz__shmem_ds__best_effort,receive,sub,cpp_to_py,constrained_pub_only,exp,xcdr,shmem_ds,100000,10,0,measured,273,2026-09-09T14:21:18.216813Z,156871878891668,156871878554511,156871878891668,1788963678216385523,1788963678216448039,ok,
exp_constrained_pub_only_xcdr__cpp_to_py__100000B__10Hz__shmem_ds__best_effort,receive,sub,cpp_to_py,constrained_pub_only,exp,xcdr,shmem_ds,100000,10,0,measured,274,2026-09-09T14:21:18.316784Z,156871978917211,156871978695207,156871978917211,1788963678316515599,1788963678316546808,ok,
exp_constrained_pub_only_xcdr__cpp_to_py__100000B__10Hz__shmem_ds__best_effort,receive,sub,cpp_to_py,constrained_pub_only,exp,xcdr,shmem_ds,100000,10,0,measured,275,2026-09-09T14:21:18.417761Z,156872079892831,156872079654137,156872079892831,1788963678417476352,1788963678417520604,ok,
exp_constrained_pub_only_xcdr__cpp_to_py__100000B__10Hz__shmem_ds__best_effort,receive,sub,cpp_to_py,constrained_pub_only,exp,xcdr,shmem_ds,100000,10,0,measured,276,2026-09-09T14:21:18.517723Z,156872179872928,156872179694055,156872179872928,1788963678517507755,1788963678517539043,ok,
exp_constrained_pub_only_xcdr__cpp_to_py__100000B__10Hz__shmem_ds__best_effort,receive,sub,cpp_to_py,constrained_pub_only,exp,xcdr,shmem_ds,100000,10,0,measured,277,2026-09-09T14:21:18.617345Z,156872279437573,156872279085037,156872279437573,1788963678616918964,1788963678616986410,ok,
exp_constrained_pub_only_xcdr__cpp_to_py__100000B__10Hz__shmem_ds__best_effort,receive,sub,cpp_to_py,constrained_pub_only,exp,xcdr,shmem_ds,100000,10,0,measured,278,2026-09-09T14:21:18.717628Z,156872379757443,156872379522536,156872379757443,1788963678717342307,1788963678717381780,ok,
exp_constrained_pub_only_xcdr__cpp_to_py__100000B__10Hz__shmem_ds__best_effort,receive,sub,cpp_to_py,constrained_pub_only,exp,xcdr,shmem_ds,100000,10,0,measured,279,2026-09-09T14:21:18.816888Z,156872478972428,156872478734094,156872478972428,1788963678816555939,1788963678816597446,ok,
exp_constrained_pub_only_xcdr__cpp_to_py__100000B__10Hz__shmem_ds__best_effort,receive,sub,cpp_to_py,constrained_pub_only,exp,xcdr,shmem_ds,100000,10,0,measured,280,2026-09-09T14:21:18.916986Z,156872579100039,156872578815760,156872579100039,1788963678916644698,1788963678916697216,ok,
exp_constrained_pub_only_xcdr__cpp_to_py__100000B__10Hz__shmem_ds__best_effort,receive,sub,cpp_to_py,constrained_pub_only,exp,xcdr,shmem_ds,100000,10,0,measured,281,2026-09-09T14:21:19.017625Z,156872679765455,156872679542440,156872679765455,1788963679017368713,1788963679017416762,ok,
exp_constrained_pub_only_xcdr__cpp_to_py__100000B__10Hz__shmem_ds__best_effort,receive,sub,cpp_to_py,constrained_pub_only,exp,xcdr,shmem_ds,100000,10,0,measured,282,2026-09-09T14:21:19.118699Z,156872780789392,156872780403845,156872780789392,1788963679118238052,1788963679118323822,ok,
exp_constrained_pub_only_xcdr__cpp_to_py__100000B__10Hz__shmem_ds__best_effort,receive,sub,cpp_to_py,constrained_pub_only,exp,xcdr,shmem_ds,100000,10,0,measured,283,2026-09-09T14:21:19.217799Z,156872879917663,156872879672938,156872879917663,1788963679217499912,1788963679217548953,ok,
exp_constrained_pub_only_xcdr__cpp_to_py__100000B__10Hz__shmem_ds__best_effort,receive,sub,cpp_to_py,constrained_pub_only,exp,xcdr,shmem_ds,100000,10,0,measured,284,2026-09-09T14:21:19.318186Z,156872980351061,156872980202595,156872980351061,1788963679318013829,1788963679318038155,ok,
exp_constrained_pub_only_xcdr__cpp_to_py__100000B__10Hz__shmem_ds__best_effort,receive,sub,cpp_to_py,constrained_pub_only,exp,xcdr,shmem_ds,100000,10,0,measured,285,2026-09-09T14:21:19.419180Z,156873081312411,156873081098353,156873081312411,1788963679418912544,1788963679418947208,ok,
exp_constrained_pub_only_xcdr__cpp_to_py__100000B__10Hz__shmem_ds__best_effort,receive,sub,cpp_to_py,constrained_pub_only,exp,xcdr,shmem_ds,100000,10,0,measured,286,2026-09-09T14:21:19.519317Z,156873181462563,156873181187160,156873181462563,1788963679519010177,1788963679519060180,ok,
exp_constrained_pub_only_xcdr__cpp_to_py__100000B__10Hz__shmem_ds__best_effort,receive,sub,cpp_to_py,constrained_pub_only,exp,xcdr,shmem_ds,100000,10,0,measured,287,2026-09-09T14:21:19.619752Z,156873281868640,156873281609909,156873281868640,1788963679619424229,1788963679619461619,ok,
exp_constrained_pub_only_xcdr__cpp_to_py__100000B__10Hz__shmem_ds__best_effort,receive,sub,cpp_to_py,constrained_pub_only,exp,xcdr,shmem_ds,100000,10,0,measured,288,2026-09-09T14:21:19.718982Z,156873381131651,156873380926028,156873381131651,1788963679718746009,1788963679718775584,ok,
exp_constrained_pub_only_xcdr__cpp_to_py__100000B__10Hz__shmem_ds__best_effort,receive,sub,cpp_to_py,constrained_pub_only,exp,xcdr,shmem_ds,100000,10,0,measured,289,2026-09-09T14:21:19.819933Z,156873482077653,156873481866510,156873482077653,1788963679819679809,1788963679819706929,ok,
exp_constrained_pub_only_xcdr__cpp_to_py__100000B__10Hz__shmem_ds__best_effort,receive,sub,cpp_to_py,constrained_pub_only,exp,xcdr,shmem_ds,100000,10,0,measured,290,2026-09-09T14:21:19.919186Z,156873581320606,156873581091781,156873581320606,1788963679918908676,1788963679918947128,ok,
exp_constrained_pub_only_xcdr__cpp_to_py__100000B__10Hz__shmem_ds__best_effort,receive,sub,cpp_to_py,constrained_pub_only,exp,xcdr,shmem_ds,100000,10,0,measured,291,2026-09-09T14:21:20.018505Z,156873680633792,156873680402742,156873680633792,1788963680018221381,1788963680018259752,ok,
exp_constrained_pub_only_xcdr__cpp_to_py__100000B__10Hz__shmem_ds__best_effort,receive,sub,cpp_to_py,constrained_pub_only,exp,xcdr,shmem_ds,100000,10,0,measured,292,2026-09-09T14:21:20.119113Z,156873781253574,156873781047831,156873781253574,1788963680118862863,1788963680118899461,ok,
exp_constrained_pub_only_xcdr__cpp_to_py__100000B__10Hz__shmem_ds__best_effort,receive,sub,cpp_to_py,constrained_pub_only,exp,xcdr,shmem_ds,100000,10,0,measured,293,2026-09-09T14:21:20.219167Z,156873881282156,156873880989672,156873881282156,1788963680218825613,1788963680218885955,ok,
exp_constrained_pub_only_xcdr__cpp_to_py__100000B__10Hz__shmem_ds__best_effort,receive,sub,cpp_to_py,constrained_pub_only,exp,xcdr,shmem_ds,100000,10,0,measured,294,2026-09-09T14:21:20.319397Z,156873981547519,156873981369287,156873981547519,1788963680319181834,1788963680319207622,ok,
exp_constrained_pub_only_xcdr__cpp_to_py__100000B__10Hz__shmem_ds__best_effort,receive,sub,cpp_to_py,constrained_pub_only,exp,xcdr,shmem_ds,100000,10,0,measured,295,2026-09-09T14:21:20.420606Z,156874082722414,156874082332889,156874082722414,1788963680420154373,1788963680420213844,ok,
exp_constrained_pub_only_xcdr__cpp_to_py__100000B__10Hz__shmem_ds__best_effort,receive,sub,cpp_to_py,constrained_pub_only,exp,xcdr,shmem_ds,100000,10,0,measured,296,2026-09-09T14:21:20.520367Z,156874182495971,156874182252599,156874182495971,1788963680520070917,1788963680520114498,ok,
exp_constrained_pub_only_xcdr__cpp_to_py__100000B__10Hz__shmem_ds__best_effort,receive,sub,cpp_to_py,constrained_pub_only,exp,xcdr,shmem_ds,100000,10,0,measured,297,2026-09-09T14:21:20.619463Z,156874281561752,156874281313350,156874281561752,1788963680619131277,1788963680619172744,ok,
exp_constrained_pub_only_xcdr__cpp_to_py__100000B__10Hz__shmem_ds__best_effort,receive,sub,cpp_to_py,constrained_pub_only,exp,xcdr,shmem_ds,100000,10,0,measured,298,2026-09-09T14:21:20.720267Z,156874382411311,156874382225906,156874382411311,1788963680720044164,1788963680720083618,ok,
exp_constrained_pub_only_xcdr__cpp_to_py__100000B__10Hz__shmem_ds__best_effort,receive,sub,cpp_to_py,constrained_pub_only,exp,xcdr,shmem_ds,100000,10,0,measured,299,2026-09-09T14:21:20.820621Z,156874482759809,156874482539038,156874482759809,1788963680820355032,1788963680820388203,ok,
exp_constrained_pub_only_xcdr__cpp_to_py__100000B__10Hz__shmem_ds__best_effort,receive,sub,cpp_to_py,constrained_pub_only,exp,xcdr,shmem_ds,100000,10,0,measured,300,2026-09-09T14:21:20.920462Z,156874582611782,156874582448809,156874582611782,1788963680920262078,1788963680920290501,ok,
exp_constrained_pub_only_xcdr__cpp_to_py__1000000B__10Hz__shmem_ds__best_effort,publish,pub,cpp_to_py,constrained_pub_only,exp,xcdr,shmem_ds,1000000,10,1,measured,0,2026-09-09T14:21:25.747913Z,156879410065784,156879410065784,-1,-1,-1,ok,
exp_constrained_pub_only_xcdr__cpp_to_py__1000000B__10Hz__shmem_ds__best_effort,publish,pub,cpp_to_py,constrained_pub_only,exp,xcdr,shmem_ds,1000000,10,1,measured,1,2026-09-09T14:21:25.848464Z,156879510623005,156879510623005,-1,-1,-1,ok,
exp_constrained_pub_only_xcdr__cpp_to_py__1000000B__10Hz__shmem_ds__best_effort,publish,pub,cpp_to_py,constrained_pub_only,exp,xcdr,shmem_ds,1000000,10,1,measured,2,2026-09-09T14:21:25.948738Z,156879610900064,156879610900064,-1,-1,-1,ok,
exp_constrained_pub_only_xcdr__cpp_to_py__1000000B__10Hz__shmem_ds__best_effort,publish,pub,cpp_to_py,constrained_pub_only,exp,xcdr,shmem_ds,1000000,10,1,measured,3,2026-09-09T14:21:26.049255Z,156879711430899,156879711430899,-1,-1,-1,ok,
exp_constrained_pub_only_xcdr__cpp_to_py__1000000B__10Hz__shmem_ds__best_effort,publish,pub,cpp_to_py,constrained_pub_only,exp,xcdr,shmem_ds,1000000,10,1,measured,4,2026-09-09T14:21:26.148504Z,156879810680292,156879810680292,-1,-1,-1,ok,
exp_constrained_pub_only_xcdr__cpp_to_py__1000000B__10Hz__shmem_ds__best_effort,publish,pub,cpp_to_py,constrained_pub_only,exp,xcdr,shmem_ds,1000000,10,1,measured,5,2026-09-09T14:21:26.249382Z,156879911533490,156879911533490,-1,-1,-1,ok,
exp_constrained_pub_only_xcdr__cpp_to_py__1000000B__10Hz__shmem_ds__best_effort,publish,pub,cpp_to_py,constrained_pub_only,exp,xcdr,shmem_ds,1000000,10,1,measured,6,2026-09-09T14:21:26.348439Z,156880010600645,156880010600645,-1,-1,-1,ok,
exp_constrained_pub_only_xcdr__cpp_to_py__1000000B__10Hz__shmem_ds__best_effort,publish,pub,cpp_to_py,constrained_pub_only,exp,xcdr,shmem_ds,1000000,10,1,measured,7,2026-09-09T14:21:26.448731Z,156880110867121,156880110867121,-1,-1,-1,ok,
exp_constrained_pub_only_xcdr__cpp_to_py__1000000B__10Hz__shmem_ds__best_effort,publish,pub,cpp_to_py,constrained_pub_only,exp,xcdr,shmem_ds,1000000,10,1,measured,8,2026-09-09T14:21:26.548428Z,156880210589665,156880210589665,-1,-1,-1,ok,
exp_constrained_pub_only_xcdr__cpp_to_py__1000000B__10Hz__shmem_ds__best_effort,publish,pub,cpp_to_py,constrained_pub_only,exp,xcdr,shmem_ds,1000000,10,1,measured,9,2026-09-09T14:21:26.648029Z,156880310171237,156880310171237,-1,-1,-1,ok,
exp_constrained_pub_only_xcdr__cpp_to_py__1000000B__10Hz__shmem_ds__best_effort,publish,pub,cpp_to_py,constrained_pub_only,exp,xcdr,shmem_ds,1000000,10,1,measured,10,2026-09-09T14:21:26.747740Z,156880409909570,156880409909570,-1,-1,-1,ok,
exp_constrained_pub_only_xcdr__cpp_to_py__1000000B__10Hz__shmem_ds__best_effort,publish,pub,cpp_to_py,constrained_pub_only,exp,xcdr,shmem_ds,1000000,10,1,measured,11,2026-09-09T14:21:26.846402Z,156880508561082,156880508561082,-1,-1,-1,ok,
exp_constrained_pub_only_xcdr__cpp_to_py__1000000B__10Hz__shmem_ds__best_effort,publish,pub,cpp_to_py,constrained_pub_only,exp,xcdr,shmem_ds,1000000,10,1,measured,12,2026-09-09T14:21:26.946442Z,156880608601938,156880608601938,-1,-1,-1,ok,
exp_constrained_pub_only_xcdr__cpp_to_py__1000000B__10Hz__shmem_ds__best_effort,publish,pub,cpp_to_py,constrained_pub_only,exp,xcdr,shmem_ds,1000000,10,1,measured,13,2026-09-09T14:21:27.046833Z,156880708989804,156880708989804,-1,-1,-1,ok,
exp_constrained_pub_only_xcdr__cpp_to_py__1000000B__10Hz__shmem_ds__best_effort,publish,pub,cpp_to_py,constrained_pub_only,exp,xcdr,shmem_ds,1000000,10,1,measured,14,2026-09-09T14:21:27.147093Z,156880809257800,156880809257800,-1,-1,-1,ok,
exp_constrained_pub_only_xcdr__cpp_to_py__1000000B__10Hz__shmem_ds__best_effort,publish,pub,cpp_to_py,constrained_pub_only,exp,xcdr,shmem_ds,1000000,10,1,measured,15,2026-09-09T14:21:27.247740Z,156880909905664,156880909905664,-1,-1,-1,ok,
exp_constrained_pub_only_xcdr__cpp_to_py__1000000B__10Hz__shmem_ds__best_effort,publish,pub,cpp_to_py,constrained_pub_only,exp,xcdr,shmem_ds,1000000,10,1,measured,16,2026-09-09T14:21:27.348700Z,156881010859366,156881010859366,-1,-1,-1,ok,
exp_constrained_pub_only_xcdr__cpp_to_py__1000000B__10Hz__shmem_ds__best_effort,publish,pub,cpp_to_py,constrained_pub_only,exp,xcdr,shmem_ds,1000000,10,1,measured,17,2026-09-09T14:21:27.449214Z,156881111378981,156881111378981,-1,-1,-1,ok,
exp_constrained_pub_only_xcdr__cpp_to_py__1000000B__10Hz__shmem_ds__best_effort,publish,pub,cpp_to_py,constrained_pub_only,exp,xcdr,shmem_ds,1000000,10,1,measured,18,2026-09-09T14:21:27.549042Z,156881211203161,156881211203161,-1,-1,-1,ok,
exp_constrained_pub_only_xcdr__cpp_to_py__1000000B__10Hz__shmem_ds__best_effort,publish,pub,cpp_to_py,constrained_pub_only,exp,xcdr,shmem_ds,1000000,10,1,measured,19,2026-09-09T14:21:27.648218Z,156881310373224,156881310373224,-1,-1,-1,ok,
exp_constrained_pub_only_xcdr__cpp_to_py__1000000B__10Hz__shmem_ds__best_effort,publish,pub,cpp_to_py,constrained_pub_only,exp,xcdr,shmem_ds,1000000,10,1,measured,20,2026-09-09T14:21:27.747257Z,156881409426479,156881409426479,-1,-1,-1,ok,
exp_constrained_pub_only_xcdr__cpp_to_py__1000000B__10Hz__shmem_ds__best_effort,publish,pub,cpp_to_py,constrained_pub_only,exp,xcdr,shmem_ds,1000000,10,1,measured,21,2026-09-09T14:21:27.847759Z,156881509919514,156881509919514,-1,-1,-1,ok,
exp_constrained_pub_only_xcdr__cpp_to_py__1000000B__10Hz__shmem_ds__best_effort,publish,pub,cpp_to_py,constrained_pub_only,exp,xcdr,shmem_ds,1000000,10,1,measured,22,2026-09-09T14:21:27.947054Z,156881609212836,156881609212836,-1,-1,-1,ok,
exp_constrained_pub_only_xcdr__cpp_to_py__1000000B__10Hz__shmem_ds__best_effort,publish,pub,cpp_to_py,constrained_pub_only,exp,xcdr,shmem_ds,1000000,10,1,measured,23,2026-09-09T14:21:28.046923Z,156881709082374,156881709082374,-1,-1,-1,ok,
exp_constrained_pub_only_xcdr__cpp_to_py__1000000B__10Hz__shmem_ds__best_effort,publish,pub,cpp_to_py,constrained_pub_only,exp,xcdr,shmem_ds,1000000,10,1,measured,24,2026-09-09T14:21:28.146204Z,156881808351519,156881808351519,-1,-1,-1,ok,
exp_constrained_pub_only_xcdr__cpp_to_py__1000000B__10Hz__shmem_ds__best_effort,publish,pub,cpp_to_py,constrained_pub_only,exp,xcdr,shmem_ds,1000000,10,1,measured,25,2026-09-09T14:21:28.245491Z,156881907645779,156881907645779,-1,-1,-1,ok,
exp_constrained_pub_only_xcdr__cpp_to_py__1000000B__10Hz__shmem_ds__best_effort,publish,pub,cpp_to_py,constrained_pub_only,exp,xcdr,shmem_ds,1000000,10,1,measured,26,2026-09-09T14:21:28.344575Z,156882006746971,156882006746971,-1,-1,-1,ok,
exp_constrained_pub_only_xcdr__cpp_to_py__1000000B__10Hz__shmem_ds__best_effort,publish,pub,cpp_to_py,constrained_pub_only,exp,xcdr,shmem_ds,1000000,10,1,measured,27,2026-09-09T14:21:28.444720Z,156882106885253,156882106885253,-1,-1,-1,ok,
exp_constrained_pub_only_xcdr__cpp_to_py__1000000B__10Hz__shmem_ds__best_effort,publish,pub,cpp_to_py,constrained_pub_only,exp,xcdr,shmem_ds,1000000,10,1,measured,28,2026-09-09T14:21:28.544638Z,156882206780784,156882206780784,-1,-1,-1,ok,
exp_constrained_pub_only_xcdr__cpp_to_py__1000000B__10Hz__shmem_ds__best_effort,publish,pub,cpp_to_py,constrained_pub_only,exp,xcdr,shmem_ds,1000000,10,1,measured,29,2026-09-09T14:21:28.645200Z,156882307333056,156882307333056,-1,-1,-1,ok,
exp_constrained_pub_only_xcdr__cpp_to_py__1000000B__10Hz__shmem_ds__best_effort,publish,pub,cpp_to_py,constrained_pub_only,exp,xcdr,shmem_ds,1000000,10,1,measured,30,2026-09-09T14:21:28.744424Z,156882406577484,156882406577484,-1,-1,-1,ok,
exp_constrained_pub_only_xcdr__cpp_to_py__1000000B__10Hz__shmem_ds__best_effort,publish,pub,cpp_to_py,constrained_pub_only,exp,xcdr,shmem_ds,1000000,10,1,measured,31,2026-09-09T14:21:28.844947Z,156882507078901,156882507078901,-1,-1,-1,ok,
exp_constrained_pub_only_xcdr__cpp_to_py__1000000B__10Hz__shmem_ds__best_effort,publish,pub,cpp_to_py,constrained_pub_only,exp,xcdr,shmem_ds,1000000,10,1,measured,32,2026-09-09T14:21:28.944467Z,156882606623197,156882606623197,-1,-1,-1,ok,
exp_constrained_pub_only_xcdr__cpp_to_py__1000000B__10Hz__shmem_ds__best_effort,publish,pub,cpp_to_py,constrained_pub_only,exp,xcdr,shmem_ds,1000000,10,1,measured,33,2026-09-09T14:21:29.045034Z,156882707186122,156882707186122,-1,-1,-1,ok,
exp_constrained_pub_only_xcdr__cpp_to_py__1000000B__10Hz__shmem_ds__best_effort,publish,pub,cpp_to_py,constrained_pub_only,exp,xcdr,shmem_ds,1000000,10,1,measured,34,2026-09-09T14:21:29.145558Z,156882807731859,156882807731859,-1,-1,-1,ok,
exp_constrained_pub_only_xcdr__cpp_to_py__1000000B__10Hz__shmem_ds__best_effort,publish,pub,cpp_to_py,constrained_pub_only,exp,xcdr,shmem_ds,1000000,10,1,measured,35,2026-09-09T14:21:29.244783Z,156882906909310,156882906909310,-1,-1,-1,ok,
exp_constrained_pub_only_xcdr__cpp_to_py__1000000B__10Hz__shmem_ds__best_effort,publish,pub,cpp_to_py,constrained_pub_only,exp,xcdr,shmem_ds,1000000,10,1,measured,36,2026-09-09T14:21:29.345502Z,156883007671259,156883007671259,-1,-1,-1,ok,
exp_constrained_pub_only_xcdr__cpp_to_py__1000000B__10Hz__shmem_ds__best_effort,publish,pub,cpp_to_py,constrained_pub_only,exp,xcdr,shmem_ds,1000000,10,1,measured,37,2026-09-09T14:21:29.446004Z,156883108172202,156883108172202,-1,-1,-1,ok,
exp_constrained_pub_only_xcdr__cpp_to_py__1000000B__10Hz__shmem_ds__best_effort,publish,pub,cpp_to_py,constrained_pub_only,exp,xcdr,shmem_ds,1000000,10,1,measured,38,2026-09-09T14:21:29.545847Z,156883207997969,156883207997969,-1,-1,-1,ok,
exp_constrained_pub_only_xcdr__cpp_to_py__1000000B__10Hz__shmem_ds__best_effort,publish,pub,cpp_to_py,constrained_pub_only,exp,xcdr,shmem_ds,1000000,10,1,measured,39,2026-09-09T14:21:29.645543Z,156883307676643,156883307676643,-1,-1,-1,ok,
exp_constrained_pub_only_xcdr__cpp_to_py__1000000B__10Hz__shmem_ds__best_effort,publish,pub,cpp_to_py,constrained_pub_only,exp,xcdr,shmem_ds,1000000,10,1,measured,40,2026-09-09T14:21:29.744547Z,156883406696168,156883406696168,-1,-1,-1,ok,
exp_constrained_pub_only_xcdr__cpp_to_py__1000000B__10Hz__shmem_ds__best_effort,publish,pub,cpp_to_py,constrained_pub_only,exp,xcdr,shmem_ds,1000000,10,1,measured,41,2026-09-09T14:21:29.844999Z,156883507130278,156883507130278,-1,-1,-1,ok,
exp_constrained_pub_only_xcdr__cpp_to_py__1000000B__10Hz__shmem_ds__best_effort,publish,pub,cpp_to_py,constrained_pub_only,exp,xcdr,shmem_ds,1000000,10,1,measured,42,2026-09-09T14:21:29.944796Z,156883606952918,156883606952918,-1,-1,-1,ok,
exp_constrained_pub_only_xcdr__cpp_to_py__1000000B__10Hz__shmem_ds__best_effort,publish,pub,cpp_to_py,constrained_pub_only,exp,xcdr,shmem_ds,1000000,10,1,measured,43,2026-09-09T14:21:30.044955Z,156883707110637,156883707110637,-1,-1,-1,ok,
exp_constrained_pub_only_xcdr__cpp_to_py__1000000B__10Hz__shmem_ds__best_effort,publish,pub,cpp_to_py,constrained_pub_only,exp,xcdr,shmem_ds,1000000,10,1,measured,44,2026-09-09T14:21:30.144851Z,156883807007904,156883807007904,-1,-1,-1,ok,
exp_constrained_pub_only_xcdr__cpp_to_py__1000000B__10Hz__shmem_ds__best_effort,publish,pub,cpp_to_py,constrained_pub_only,exp,xcdr,shmem_ds,1000000,10,1,measured,45,2026-09-09T14:21:30.244357Z,156883906504314,156883906504314,-1,-1,-1,ok,
exp_constrained_pub_only_xcdr__cpp_to_py__1000000B__10Hz__shmem_ds__best_effort,publish,pub,cpp_to_py,constrained_pub_only,exp,xcdr,shmem_ds,1000000,10,1,measured,46,2026-09-09T14:21:30.344441Z,156884006620730,156884006620730,-1,-1,-1,ok,
exp_constrained_pub_only_xcdr__cpp_to_py__1000000B__10Hz__shmem_ds__best_effort,publish,pub,cpp_to_py,constrained_pub_only,exp,xcdr,shmem_ds,1000000,10,1,measured,47,2026-09-09T14:21:30.444493Z,156884106666684,156884106666684,-1,-1,-1,ok,
exp_constrained_pub_only_xcdr__cpp_to_py__1000000B__10Hz__shmem_ds__best_effort,publish,pub,cpp_to_py,constrained_pub_only,exp,xcdr,shmem_ds,1000000,10,1,measured,48,2026-09-09T14:21:30.544311Z,156884206460037,156884206460037,-1,-1,-1,ok,
exp_constrained_pub_only_xcdr__cpp_to_py__1000000B__10Hz__shmem_ds__best_effort,publish,pub,cpp_to_py,constrained_pub_only,exp,xcdr,shmem_ds,1000000,10,1,measured,49,2026-09-09T14:21:30.644658Z,156884306802944,156884306802944,-1,-1,-1,ok,
exp_constrained_pub_only_xcdr__cpp_to_py__1000000B__10Hz__shmem_ds__best_effort,publish,pub,cpp_to_py,constrained_pub_only,exp,xcdr,shmem_ds,1000000,10,1,measured,50,2026-09-09T14:21:30.744496Z,156884406633897,156884406633897,-1,-1,-1,ok,
exp_constrained_pub_only_xcdr__cpp_to_py__1000000B__10Hz__shmem_ds__best_effort,publish,pub,cpp_to_py,constrained_pub_only,exp,xcdr,shmem_ds,1000000,10,1,measured,51,2026-09-09T14:21:30.844377Z,156884506506699,156884506506699,-1,-1,-1,ok,
exp_constrained_pub_only_xcdr__cpp_to_py__1000000B__10Hz__shmem_ds__best_effort,publish,pub,cpp_to_py,constrained_pub_only,exp,xcdr,shmem_ds,1000000,10,1,measured,52,2026-09-09T14:21:30.943418Z,156884605595392,156884605595392,-1,-1,-1,ok,
exp_constrained_pub_only_xcdr__cpp_to_py__1000000B__10Hz__shmem_ds__best_effort,publish,pub,cpp_to_py,constrained_pub_only,exp,xcdr,shmem_ds,1000000,10,1,measured,53,2026-09-09T14:21:31.042607Z,156884704762823,156884704762823,-1,-1,-1,ok,
exp_constrained_pub_only_xcdr__cpp_to_py__1000000B__10Hz__shmem_ds__best_effort,publish,pub,cpp_to_py,constrained_pub_only,exp,xcdr,shmem_ds,1000000,10,1,measured,54,2026-09-09T14:21:31.143238Z,156884805399192,156884805399192,-1,-1,-1,ok,
exp_constrained_pub_only_xcdr__cpp_to_py__1000000B__10Hz__shmem_ds__best_effort,publish,pub,cpp_to_py,constrained_pub_only,exp,xcdr,shmem_ds,1000000,10,1,measured,55,2026-09-09T14:21:31.243207Z,156884905363150,156884905363150,-1,-1,-1,ok,
exp_constrained_pub_only_xcdr__cpp_to_py__1000000B__10Hz__shmem_ds__best_effort,publish,pub,cpp_to_py,constrained_pub_only,exp,xcdr,shmem_ds,1000000,10,1,measured,56,2026-09-09T14:21:31.343096Z,156885005253681,156885005253681,-1,-1,-1,ok,
exp_constrained_pub_only_xcdr__cpp_to_py__1000000B__10Hz__shmem_ds__best_effort,publish,pub,cpp_to_py,constrained_pub_only,exp,xcdr,shmem_ds,1000000,10,1,measured,57,2026-09-09T14:21:31.444123Z,156885106291959,156885106291959,-1,-1,-1,ok,
exp_constrained_pub_only_xcdr__cpp_to_py__1000000B__10Hz__shmem_ds__best_effort,publish,pub,cpp_to_py,constrained_pub_only,exp,xcdr,shmem_ds,1000000,10,1,measured,58,2026-09-09T14:21:31.544265Z,156885206447042,156885206447042,-1,-1,-1,ok,
exp_constrained_pub_only_xcdr__cpp_to_py__1000000B__10Hz__shmem_ds__best_effort,publish,pub,cpp_to_py,constrained_pub_only,exp,xcdr,shmem_ds,1000000,10,1,measured,59,2026-09-09T14:21:31.644553Z,156885306725806,156885306725806,-1,-1,-1,ok,
exp_constrained_pub_only_xcdr__cpp_to_py__1000000B__10Hz__shmem_ds__best_effort,publish,pub,cpp_to_py,constrained_pub_only,exp,xcdr,shmem_ds,1000000,10,1,measured,60,2026-09-09T14:21:31.744734Z,156885406895517,156885406895517,-1,-1,-1,ok,
exp_constrained_pub_only_xcdr__cpp_to_py__1000000B__10Hz__shmem_ds__best_effort,publish,pub,cpp_to_py,constrained_pub_only,exp,xcdr,shmem_ds,1000000,10,1,measured,61,2026-09-09T14:21:31.845403Z,156885507557314,156885507557314,-1,-1,-1,ok,
exp_constrained_pub_only_xcdr__cpp_to_py__1000000B__10Hz__shmem_ds__best_effort,publish,pub,cpp_to_py,constrained_pub_only,exp,xcdr,shmem_ds,1000000,10,1,measured,62,2026-09-09T14:21:31.945328Z,156885607486787,156885607486787,-1,-1,-1,ok,
exp_constrained_pub_only_xcdr__cpp_to_py__1000000B__10Hz__shmem_ds__best_effort,publish,pub,cpp_to_py,constrained_pub_only,exp,xcdr,shmem_ds,1000000,10,1,measured,63,2026-09-09T14:21:32.045947Z,156885708120033,156885708120033,-1,-1,-1,ok,
exp_constrained_pub_only_xcdr__cpp_to_py__1000000B__10Hz__shmem_ds__best_effort,publish,pub,cpp_to_py,constrained_pub_only,exp,xcdr,shmem_ds,1000000,10,1,measured,64,2026-09-09T14:21:32.145936Z,156885808110247,156885808110247,-1,-1,-1,ok,
exp_constrained_pub_only_xcdr__cpp_to_py__1000000B__10Hz__shmem_ds__best_effort,publish,pub,cpp_to_py,constrained_pub_only,exp,xcdr,shmem_ds,1000000,10,1,measured,65,2026-09-09T14:21:32.245890Z,156885908052852,156885908052852,-1,-1,-1,ok,
exp_constrained_pub_only_xcdr__cpp_to_py__1000000B__10Hz__shmem_ds__best_effort,publish,pub,cpp_to_py,constrained_pub_only,exp,xcdr,shmem_ds,1000000,10,1,measured,66,2026-09-09T14:21:32.345486Z,156886007649964,156886007649964,-1,-1,-1,ok,
exp_constrained_pub_only_xcdr__cpp_to_py__1000000B__10Hz__shmem_ds__best_effort,publish,pub,cpp_to_py,constrained_pub_only,exp,xcdr,shmem_ds,1000000,10,1,measured,67,2026-09-09T14:21:32.445194Z,156886107350257,156886107350257,-1,-1,-1,ok,
exp_constrained_pub_only_xcdr__cpp_to_py__1000000B__10Hz__shmem_ds__best_effort,publish,pub,cpp_to_py,constrained_pub_only,exp,xcdr,shmem_ds,1000000,10,1,measured,68,2026-09-09T14:21:32.545156Z,156886207309233,156886207309233,-1,-1,-1,ok,
exp_constrained_pub_only_xcdr__cpp_to_py__1000000B__10Hz__shmem_ds__best_effort,publish,pub,cpp_to_py,constrained_pub_only,exp,xcdr,shmem_ds,1000000,10,1,measured,69,2026-09-09T14:21:32.645023Z,156886307149778,156886307149778,-1,-1,-1,ok,
exp_constrained_pub_only_xcdr__cpp_to_py__1000000B__10Hz__shmem_ds__best_effort,publish,pub,cpp_to_py,constrained_pub_only,exp,xcdr,shmem_ds,1000000,10,1,measured,70,2026-09-09T14:21:32.745365Z,156886407524577,156886407524577,-1,-1,-1,ok,
exp_constrained_pub_only_xcdr__cpp_to_py__1000000B__10Hz__shmem_ds__best_effort,publish,pub,cpp_to_py,constrained_pub_only,exp,xcdr,shmem_ds,1000000,10,1,measured,71,2026-09-09T14:21:32.844968Z,156886507122671,156886507122671,-1,-1,-1,ok,
exp_constrained_pub_only_xcdr__cpp_to_py__1000000B__10Hz__shmem_ds__best_effort,publish,pub,cpp_to_py,constrained_pub_only,exp,xcdr,shmem_ds,1000000,10,1,measured,72,2026-09-09T14:21:32.945342Z,156886607504514,156886607504514,-1,-1,-1,ok,
exp_constrained_pub_only_xcdr__cpp_to_py__1000000B__10Hz__shmem_ds__best_effort,publish,pub,cpp_to_py,constrained_pub_only,exp,xcdr,shmem_ds,1000000,10,1,measured,73,2026-09-09T14:21:33.045900Z,156886708057067,156886708057067,-1,-1,-1,ok,
exp_constrained_pub_only_xcdr__cpp_to_py__1000000B__10Hz__shmem_ds__best_effort,publish,pub,cpp_to_py,constrained_pub_only,exp,xcdr,shmem_ds,1000000,10,1,measured,74,2026-09-09T14:21:33.146189Z,156886808345984,156886808345984,-1,-1,-1,ok,
exp_constrained_pub_only_xcdr__cpp_to_py__1000000B__10Hz__shmem_ds__best_effort,publish,pub,cpp_to_py,constrained_pub_only,exp,xcdr,shmem_ds,1000000,10,1,measured,75,2026-09-09T14:21:33.246729Z,156886908900154,156886908900154,-1,-1,-1,ok,
exp_constrained_pub_only_xcdr__cpp_to_py__1000000B__10Hz__shmem_ds__best_effort,publish,pub,cpp_to_py,constrained_pub_only,exp,xcdr,shmem_ds,1000000,10,1,measured,76,2026-09-09T14:21:33.347328Z,156887009484049,156887009484049,-1,-1,-1,ok,
exp_constrained_pub_only_xcdr__cpp_to_py__1000000B__10Hz__shmem_ds__best_effort,publish,pub,cpp_to_py,constrained_pub_only,exp,xcdr,shmem_ds,1000000,10,1,measured,77,2026-09-09T14:21:33.447609Z,156887109778075,156887109778075,-1,-1,-1,ok,
exp_constrained_pub_only_xcdr__cpp_to_py__1000000B__10Hz__shmem_ds__best_effort,publish,pub,cpp_to_py,constrained_pub_only,exp,xcdr,shmem_ds,1000000,10,1,measured,78,2026-09-09T14:21:33.548311Z,156887210448923,156887210448923,-1,-1,-1,ok,
exp_constrained_pub_only_xcdr__cpp_to_py__1000000B__10Hz__shmem_ds__best_effort,publish,pub,cpp_to_py,constrained_pub_only,exp,xcdr,shmem_ds,1000000,10,1,measured,79,2026-09-09T14:21:33.648009Z,156887310175282,156887310175282,-1,-1,-1,ok,
exp_constrained_pub_only_xcdr__cpp_to_py__1000000B__10Hz__shmem_ds__best_effort,publish,pub,cpp_to_py,constrained_pub_only,exp,xcdr,shmem_ds,1000000,10,1,measured,80,2026-09-09T14:21:33.748891Z,156887411058395,156887411058395,-1,-1,-1,ok,
exp_constrained_pub_only_xcdr__cpp_to_py__1000000B__10Hz__shmem_ds__best_effort,publish,pub,cpp_to_py,constrained_pub_only,exp,xcdr,shmem_ds,1000000,10,1,measured,81,2026-09-09T14:21:33.848614Z,156887510746153,156887510746153,-1,-1,-1,ok,
exp_constrained_pub_only_xcdr__cpp_to_py__1000000B__10Hz__shmem_ds__best_effort,publish,pub,cpp_to_py,constrained_pub_only,exp,xcdr,shmem_ds,1000000,10,1,measured,82,2026-09-09T14:21:33.948233Z,156887610385850,156887610385850,-1,-1,-1,ok,
exp_constrained_pub_only_xcdr__cpp_to_py__1000000B__10Hz__shmem_ds__best_effort,publish,pub,cpp_to_py,constrained_pub_only,exp,xcdr,shmem_ds,1000000,10,1,measured,83,2026-09-09T14:21:34.048825Z,156887710952236,156887710952236,-1,-1,-1,ok,
exp_constrained_pub_only_xcdr__cpp_to_py__1000000B__10Hz__shmem_ds__best_effort,publish,pub,cpp_to_py,constrained_pub_only,exp,xcdr,shmem_ds,1000000,10,1,measured,84,2026-09-09T14:21:34.148973Z,156887811122499,156887811122499,-1,-1,-1,ok,
exp_constrained_pub_only_xcdr__cpp_to_py__1000000B__10Hz__shmem_ds__best_effort,publish,pub,cpp_to_py,constrained_pub_only,exp,xcdr,shmem_ds,1000000,10,1,measured,85,2026-09-09T14:21:34.248536Z,156887910706039,156887910706039,-1,-1,-1,ok,
exp_constrained_pub_only_xcdr__cpp_to_py__1000000B__10Hz__shmem_ds__best_effort,publish,pub,cpp_to_py,constrained_pub_only,exp,xcdr,shmem_ds,1000000,10,1,measured,86,2026-09-09T14:21:34.347824Z,156888009986034,156888009986034,-1,-1,-1,ok,
exp_constrained_pub_only_xcdr__cpp_to_py__1000000B__10Hz__shmem_ds__best_effort,publish,pub,cpp_to_py,constrained_pub_only,exp,xcdr,shmem_ds,1000000,10,1,measured,87,2026-09-09T14:21:34.448093Z,156888110254158,156888110254158,-1,-1,-1,ok,
exp_constrained_pub_only_xcdr__cpp_to_py__1000000B__10Hz__shmem_ds__best_effort,publish,pub,cpp_to_py,constrained_pub_only,exp,xcdr,shmem_ds,1000000,10,1,measured,88,2026-09-09T14:21:34.548369Z,156888210504109,156888210504109,-1,-1,-1,ok,
exp_constrained_pub_only_xcdr__cpp_to_py__1000000B__10Hz__shmem_ds__best_effort,publish,pub,cpp_to_py,constrained_pub_only,exp,xcdr,shmem_ds,1000000,10,1,measured,89,2026-09-09T14:21:34.648304Z,156888310465412,156888310465412,-1,-1,-1,ok,
exp_constrained_pub_only_xcdr__cpp_to_py__1000000B__10Hz__shmem_ds__best_effort,publish,pub,cpp_to_py,constrained_pub_only,exp,xcdr,shmem_ds,1000000,10,1,measured,90,2026-09-09T14:21:34.748520Z,156888410689234,156888410689234,-1,-1,-1,ok,
exp_constrained_pub_only_xcdr__cpp_to_py__1000000B__10Hz__shmem_ds__best_effort,publish,pub,cpp_to_py,constrained_pub_only,exp,xcdr,shmem_ds,1000000,10,1,measured,91,2026-09-09T14:21:34.847720Z,156888509881466,156888509881466,-1,-1,-1,ok,
exp_constrained_pub_only_xcdr__cpp_to_py__1000000B__10Hz__shmem_ds__best_effort,publish,pub,cpp_to_py,constrained_pub_only,exp,xcdr,shmem_ds,1000000,10,1,measured,92,2026-09-09T14:21:34.947356Z,156888609526651,156888609526651,-1,-1,-1,ok,
exp_constrained_pub_only_xcdr__cpp_to_py__1000000B__10Hz__shmem_ds__best_effort,publish,pub,cpp_to_py,constrained_pub_only,exp,xcdr,shmem_ds,1000000,10,1,measured,93,2026-09-09T14:21:35.047901Z,156888710072706,156888710072706,-1,-1,-1,ok,
exp_constrained_pub_only_xcdr__cpp_to_py__1000000B__10Hz__shmem_ds__best_effort,publish,pub,cpp_to_py,constrained_pub_only,exp,xcdr,shmem_ds,1000000,10,1,measured,94,2026-09-09T14:21:35.148045Z,156888810228708,156888810228708,-1,-1,-1,ok,
exp_constrained_pub_only_xcdr__cpp_to_py__1000000B__10Hz__shmem_ds__best_effort,publish,pub,cpp_to_py,constrained_pub_only,exp,xcdr,shmem_ds,1000000,10,1,measured,95,2026-09-09T14:21:35.247881Z,156888910050238,156888910050238,-1,-1,-1,ok,
exp_constrained_pub_only_xcdr__cpp_to_py__1000000B__10Hz__shmem_ds__best_effort,publish,pub,cpp_to_py,constrained_pub_only,exp,xcdr,shmem_ds,1000000,10,1,measured,96,2026-09-09T14:21:35.348737Z,156889010911854,156889010911854,-1,-1,-1,ok,
exp_constrained_pub_only_xcdr__cpp_to_py__1000000B__10Hz__shmem_ds__best_effort,publish,pub,cpp_to_py,constrained_pub_only,exp,xcdr,shmem_ds,1000000,10,1,measured,97,2026-09-09T14:21:35.449350Z,156889111508427,156889111508427,-1,-1,-1,ok,
exp_constrained_pub_only_xcdr__cpp_to_py__1000000B__10Hz__shmem_ds__best_effort,publish,pub,cpp_to_py,constrained_pub_only,exp,xcdr,shmem_ds,1000000,10,1,measured,98,2026-09-09T14:21:35.548833Z,156889210968735,156889210968735,-1,-1,-1,ok,
exp_constrained_pub_only_xcdr__cpp_to_py__1000000B__10Hz__shmem_ds__best_effort,publish,pub,cpp_to_py,constrained_pub_only,exp,xcdr,shmem_ds,1000000,10,1,measured,99,2026-09-09T14:21:35.648738Z,156889310909557,156889310909557,-1,-1,-1,ok,
exp_constrained_pub_only_xcdr__cpp_to_py__1000000B__10Hz__shmem_ds__best_effort,publish,pub,cpp_to_py,constrained_pub_only,exp,xcdr,shmem_ds,1000000,10,1,measured,100,2026-09-09T14:21:35.747993Z,156889410164181,156889410164181,-1,-1,-1,ok,
exp_constrained_pub_only_xcdr__cpp_to_py__1000000B__10Hz__shmem_ds__best_effort,publish,pub,cpp_to_py,constrained_pub_only,exp,xcdr,shmem_ds,1000000,10,1,measured,101,2026-09-09T14:21:35.848703Z,156889510851392,156889510851392,-1,-1,-1,ok,
exp_constrained_pub_only_xcdr__cpp_to_py__1000000B__10Hz__shmem_ds__best_effort,publish,pub,cpp_to_py,constrained_pub_only,exp,xcdr,shmem_ds,1000000,10,1,measured,102,2026-09-09T14:21:35.948066Z,156889610224768,156889610224768,-1,-1,-1,ok,
exp_constrained_pub_only_xcdr__cpp_to_py__1000000B__10Hz__shmem_ds__best_effort,publish,pub,cpp_to_py,constrained_pub_only,exp,xcdr,shmem_ds,1000000,10,1,measured,103,2026-09-09T14:21:36.047232Z,156889709393776,156889709393776,-1,-1,-1,ok,
exp_constrained_pub_only_xcdr__cpp_to_py__1000000B__10Hz__shmem_ds__best_effort,publish,pub,cpp_to_py,constrained_pub_only,exp,xcdr,shmem_ds,1000000,10,1,measured,104,2026-09-09T14:21:36.148141Z,156889810272382,156889810272382,-1,-1,-1,ok,
exp_constrained_pub_only_xcdr__cpp_to_py__1000000B__10Hz__shmem_ds__best_effort,publish,pub,cpp_to_py,constrained_pub_only,exp,xcdr,shmem_ds,1000000,10,1,measured,105,2026-09-09T14:21:36.248069Z,156889910223520,156889910223520,-1,-1,-1,ok,
exp_constrained_pub_only_xcdr__cpp_to_py__1000000B__10Hz__shmem_ds__best_effort,publish,pub,cpp_to_py,constrained_pub_only,exp,xcdr,shmem_ds,1000000,10,1,measured,106,2026-09-09T14:21:36.347185Z,156890009341356,156890009341356,-1,-1,-1,ok,
exp_constrained_pub_only_xcdr__cpp_to_py__1000000B__10Hz__shmem_ds__best_effort,publish,pub,cpp_to_py,constrained_pub_only,exp,xcdr,shmem_ds,1000000,10,1,measured,107,2026-09-09T14:21:36.447599Z,156890109746740,156890109746740,-1,-1,-1,ok,
exp_constrained_pub_only_xcdr__cpp_to_py__1000000B__10Hz__shmem_ds__best_effort,publish,pub,cpp_to_py,constrained_pub_only,exp,xcdr,shmem_ds,1000000,10,1,measured,108,2026-09-09T14:21:36.546963Z,156890209091869,156890209091869,-1,-1,-1,ok,
exp_constrained_pub_only_xcdr__cpp_to_py__1000000B__10Hz__shmem_ds__best_effort,publish,pub,cpp_to_py,constrained_pub_only,exp,xcdr,shmem_ds,1000000,10,1,measured,109,2026-09-09T14:21:36.647280Z,156890309438003,156890309438003,-1,-1,-1,ok,
exp_constrained_pub_only_xcdr__cpp_to_py__1000000B__10Hz__shmem_ds__best_effort,publish,pub,cpp_to_py,constrained_pub_only,exp,xcdr,shmem_ds,1000000,10,1,measured,110,2026-09-09T14:21:36.747533Z,156890409703867,156890409703867,-1,-1,-1,ok,
exp_constrained_pub_only_xcdr__cpp_to_py__1000000B__10Hz__shmem_ds__best_effort,publish,pub,cpp_to_py,constrained_pub_only,exp,xcdr,shmem_ds,1000000,10,1,measured,111,2026-09-09T14:21:36.847202Z,156890509356049,156890509356049,-1,-1,-1,ok,
exp_constrained_pub_only_xcdr__cpp_to_py__1000000B__10Hz__shmem_ds__best_effort,publish,pub,cpp_to_py,constrained_pub_only,exp,xcdr,shmem_ds,1000000,10,1,measured,112,2026-09-09T14:21:36.947719Z,156890609881556,156890609881556,-1,-1,-1,ok,
exp_constrained_pub_only_xcdr__cpp_to_py__1000000B__10Hz__shmem_ds__best_effort,publish,pub,cpp_to_py,constrained_pub_only,exp,xcdr,shmem_ds,1000000,10,1,measured,113,2026-09-09T14:21:37.048703Z,156890710847445,156890710847445,-1,-1,-1,ok,
exp_constrained_pub_only_xcdr__cpp_to_py__1000000B__10Hz__shmem_ds__best_effort,publish,pub,cpp_to_py,constrained_pub_only,exp,xcdr,shmem_ds,1000000,10,1,measured,114,2026-09-09T14:21:37.149697Z,156890811837194,156890811837194,-1,-1,-1,ok,
exp_constrained_pub_only_xcdr__cpp_to_py__1000000B__10Hz__shmem_ds__best_effort,publish,pub,cpp_to_py,constrained_pub_only,exp,xcdr,shmem_ds,1000000,10,1,measured,115,2026-09-09T14:21:37.249458Z,156890911609746,156890911609746,-1,-1,-1,ok,
exp_constrained_pub_only_xcdr__cpp_to_py__1000000B__10Hz__shmem_ds__best_effort,publish,pub,cpp_to_py,constrained_pub_only,exp,xcdr,shmem_ds,1000000,10,1,measured,116,2026-09-09T14:21:37.349206Z,156891011352373,156891011352373,-1,-1,-1,ok,
exp_constrained_pub_only_xcdr__cpp_to_py__1000000B__10Hz__shmem_ds__best_effort,publish,pub,cpp_to_py,constrained_pub_only,exp,xcdr,shmem_ds,1000000,10,1,measured,117,2026-09-09T14:21:37.449873Z,156891112027916,156891112027916,-1,-1,-1,ok,
exp_constrained_pub_only_xcdr__cpp_to_py__1000000B__10Hz__shmem_ds__best_effort,publish,pub,cpp_to_py,constrained_pub_only,exp,xcdr,shmem_ds,1000000,10,1,measured,118,2026-09-09T14:21:37.550317Z,156891212471808,156891212471808,-1,-1,-1,ok,
exp_constrained_pub_only_xcdr__cpp_to_py__1000000B__10Hz__shmem_ds__best_effort,publish,pub,cpp_to_py,constrained_pub_only,exp,xcdr,shmem_ds,1000000,10,1,measured,119,2026-09-09T14:21:37.650629Z,156891312784366,156891312784366,-1,-1,-1,ok,
exp_constrained_pub_only_xcdr__cpp_to_py__1000000B__10Hz__shmem_ds__best_effort,publish,pub,cpp_to_py,constrained_pub_only,exp,xcdr,shmem_ds,1000000,10,1,measured,120,2026-09-09T14:21:37.751382Z,156891413540298,156891413540298,-1,-1,-1,ok,
exp_constrained_pub_only_xcdr__cpp_to_py__1000000B__10Hz__shmem_ds__best_effort,publish,pub,cpp_to_py,constrained_pub_only,exp,xcdr,shmem_ds,1000000,10,1,measured,121,2026-09-09T14:21:37.850527Z,156891512687477,156891512687477,-1,-1,-1,ok,
exp_constrained_pub_only_xcdr__cpp_to_py__1000000B__10Hz__shmem_ds__best_effort,publish,pub,cpp_to_py,constrained_pub_only,exp,xcdr,shmem_ds,1000000,10,1,measured,122,2026-09-09T14:21:37.950330Z,156891612462223,156891612462223,-1,-1,-1,ok,
exp_constrained_pub_only_xcdr__cpp_to_py__1000000B__10Hz__shmem_ds__best_effort,publish,pub,cpp_to_py,constrained_pub_only,exp,xcdr,shmem_ds,1000000,10,1,measured,123,2026-09-09T14:21:38.049883Z,156891712032471,156891712032471,-1,-1,-1,ok,
exp_constrained_pub_only_xcdr__cpp_to_py__1000000B__10Hz__shmem_ds__best_effort,publish,pub,cpp_to_py,constrained_pub_only,exp,xcdr,shmem_ds,1000000,10,1,measured,124,2026-09-09T14:21:38.149646Z,156891811804460,156891811804460,-1,-1,-1,ok,
exp_constrained_pub_only_xcdr__cpp_to_py__1000000B__10Hz__shmem_ds__best_effort,publish,pub,cpp_to_py,constrained_pub_only,exp,xcdr,shmem_ds,1000000,10,1,measured,125,2026-09-09T14:21:38.249060Z,156891911190018,156891911190018,-1,-1,-1,ok,
exp_constrained_pub_only_xcdr__cpp_to_py__1000000B__10Hz__shmem_ds__best_effort,publish,pub,cpp_to_py,constrained_pub_only,exp,xcdr,shmem_ds,1000000,10,1,measured,126,2026-09-09T14:21:38.349602Z,156892011762376,156892011762376,-1,-1,-1,ok,
exp_constrained_pub_only_xcdr__cpp_to_py__1000000B__10Hz__shmem_ds__best_effort,publish,pub,cpp_to_py,constrained_pub_only,exp,xcdr,shmem_ds,1000000,10,1,measured,127,2026-09-09T14:21:38.449596Z,156892111766096,156892111766096,-1,-1,-1,ok,
exp_constrained_pub_only_xcdr__cpp_to_py__1000000B__10Hz__shmem_ds__best_effort,publish,pub,cpp_to_py,constrained_pub_only,exp,xcdr,shmem_ds,1000000,10,1,measured,128,2026-09-09T14:21:38.549265Z,156892211400597,156892211400597,-1,-1,-1,ok,
exp_constrained_pub_only_xcdr__cpp_to_py__1000000B__10Hz__shmem_ds__best_effort,publish,pub,cpp_to_py,constrained_pub_only,exp,xcdr,shmem_ds,1000000,10,1,measured,129,2026-09-09T14:21:38.649889Z,156892312045390,156892312045390,-1,-1,-1,ok,
exp_constrained_pub_only_xcdr__cpp_to_py__1000000B__10Hz__shmem_ds__best_effort,publish,pub,cpp_to_py,constrained_pub_only,exp,xcdr,shmem_ds,1000000,10,1,measured,130,2026-09-09T14:21:38.749764Z,156892411911363,156892411911363,-1,-1,-1,ok,
exp_constrained_pub_only_xcdr__cpp_to_py__1000000B__10Hz__shmem_ds__best_effort,publish,pub,cpp_to_py,constrained_pub_only,exp,xcdr,shmem_ds,1000000,10,1,measured,131,2026-09-09T14:21:38.848971Z,156892511099534,156892511099534,-1,-1,-1,ok,
exp_constrained_pub_only_xcdr__cpp_to_py__1000000B__10Hz__shmem_ds__best_effort,publish,pub,cpp_to_py,constrained_pub_only,exp,xcdr,shmem_ds,1000000,10,1,measured,132,2026-09-09T14:21:38.949612Z,156892611758103,156892611758103,-1,-1,-1,ok,
exp_constrained_pub_only_xcdr__cpp_to_py__1000000B__10Hz__shmem_ds__best_effort,publish,pub,cpp_to_py,constrained_pub_only,exp,xcdr,shmem_ds,1000000,10,1,measured,133,2026-09-09T14:21:39.050239Z,156892712370489,156892712370489,-1,-1,-1,ok,
exp_constrained_pub_only_xcdr__cpp_to_py__1000000B__10Hz__shmem_ds__best_effort,publish,pub,cpp_to_py,constrained_pub_only,exp,xcdr,shmem_ds,1000000,10,1,measured,134,2026-09-09T14:21:39.151041Z,156892813186538,156892813186538,-1,-1,-1,ok,
exp_constrained_pub_only_xcdr__cpp_to_py__1000000B__10Hz__shmem_ds__best_effort,publish,pub,cpp_to_py,constrained_pub_only,exp,xcdr,shmem_ds,1000000,10,1,measured,135,2026-09-09T14:21:39.251656Z,156892913804658,156892913804658,-1,-1,-1,ok,
exp_constrained_pub_only_xcdr__cpp_to_py__1000000B__10Hz__shmem_ds__best_effort,publish,pub,cpp_to_py,constrained_pub_only,exp,xcdr,shmem_ds,1000000,10,1,measured,136,2026-09-09T14:21:39.350697Z,156893012851142,156893012851142,-1,-1,-1,ok,
exp_constrained_pub_only_xcdr__cpp_to_py__1000000B__10Hz__shmem_ds__best_effort,publish,pub,cpp_to_py,constrained_pub_only,exp,xcdr,shmem_ds,1000000,10,1,measured,137,2026-09-09T14:21:39.451255Z,156893113406535,156893113406535,-1,-1,-1,ok,
exp_constrained_pub_only_xcdr__cpp_to_py__1000000B__10Hz__shmem_ds__best_effort,publish,pub,cpp_to_py,constrained_pub_only,exp,xcdr,shmem_ds,1000000,10,1,measured,138,2026-09-09T14:21:39.550326Z,156893212485409,156893212485409,-1,-1,-1,ok,
exp_constrained_pub_only_xcdr__cpp_to_py__1000000B__10Hz__shmem_ds__best_effort,publish,pub,cpp_to_py,constrained_pub_only,exp,xcdr,shmem_ds,1000000,10,1,measured,139,2026-09-09T14:21:39.649725Z,156893311891222,156893311891222,-1,-1,-1,ok,
exp_constrained_pub_only_xcdr__cpp_to_py__1000000B__10Hz__shmem_ds__best_effort,publish,pub,cpp_to_py,constrained_pub_only,exp,xcdr,shmem_ds,1000000,10,1,measured,140,2026-09-09T14:21:39.750061Z,156893412224322,156893412224322,-1,-1,-1,ok,
exp_constrained_pub_only_xcdr__cpp_to_py__1000000B__10Hz__shmem_ds__best_effort,publish,pub,cpp_to_py,constrained_pub_only,exp,xcdr,shmem_ds,1000000,10,1,measured,141,2026-09-09T14:21:39.849892Z,156893512052040,156893512052040,-1,-1,-1,ok,
exp_constrained_pub_only_xcdr__cpp_to_py__1000000B__10Hz__shmem_ds__best_effort,publish,pub,cpp_to_py,constrained_pub_only,exp,xcdr,shmem_ds,1000000,10,1,measured,142,2026-09-09T14:21:39.949547Z,156893611703811,156893611703811,-1,-1,-1,ok,
exp_constrained_pub_only_xcdr__cpp_to_py__1000000B__10Hz__shmem_ds__best_effort,publish,pub,cpp_to_py,constrained_pub_only,exp,xcdr,shmem_ds,1000000,10,1,measured,143,2026-09-09T14:21:40.049236Z,156893711404806,156893711404806,-1,-1,-1,ok,
exp_constrained_pub_only_xcdr__cpp_to_py__1000000B__10Hz__shmem_ds__best_effort,publish,pub,cpp_to_py,constrained_pub_only,exp,xcdr,shmem_ds,1000000,10,1,measured,144,2026-09-09T14:21:40.149749Z,156893811901597,156893811901597,-1,-1,-1,ok,
exp_constrained_pub_only_xcdr__cpp_to_py__1000000B__10Hz__shmem_ds__best_effort,publish,pub,cpp_to_py,constrained_pub_only,exp,xcdr,shmem_ds,1000000,10,1,measured,145,2026-09-09T14:21:40.249348Z,156893911506266,156893911506266,-1,-1,-1,ok,
exp_constrained_pub_only_xcdr__cpp_to_py__1000000B__10Hz__shmem_ds__best_effort,publish,pub,cpp_to_py,constrained_pub_only,exp,xcdr,shmem_ds,1000000,10,1,measured,146,2026-09-09T14:21:40.349959Z,156894012091031,156894012091031,-1,-1,-1,ok,
exp_constrained_pub_only_xcdr__cpp_to_py__1000000B__10Hz__shmem_ds__best_effort,publish,pub,cpp_to_py,constrained_pub_only,exp,xcdr,shmem_ds,1000000,10,1,measured,147,2026-09-09T14:21:40.449234Z,156894111389209,156894111389209,-1,-1,-1,ok,
exp_constrained_pub_only_xcdr__cpp_to_py__1000000B__10Hz__shmem_ds__best_effort,publish,pub,cpp_to_py,constrained_pub_only,exp,xcdr,shmem_ds,1000000,10,1,measured,148,2026-09-09T14:21:40.549572Z,156894211707047,156894211707047,-1,-1,-1,ok,
exp_constrained_pub_only_xcdr__cpp_to_py__1000000B__10Hz__shmem_ds__best_effort,publish,pub,cpp_to_py,constrained_pub_only,exp,xcdr,shmem_ds,1000000,10,1,measured,149,2026-09-09T14:21:40.648771Z,156894310902465,156894310902465,-1,-1,-1,ok,
exp_constrained_pub_only_xcdr__cpp_to_py__1000000B__10Hz__shmem_ds__best_effort,publish,pub,cpp_to_py,constrained_pub_only,exp,xcdr,shmem_ds,1000000,10,1,measured,150,2026-09-09T14:21:40.748392Z,156894410564812,156894410564812,-1,-1,-1,ok,
exp_constrained_pub_only_xcdr__cpp_to_py__1000000B__10Hz__shmem_ds__best_effort,publish,pub,cpp_to_py,constrained_pub_only,exp,xcdr,shmem_ds,1000000,10,1,measured,151,2026-09-09T14:21:40.848190Z,156894510341783,156894510341783,-1,-1,-1,ok,
exp_constrained_pub_only_xcdr__cpp_to_py__1000000B__10Hz__shmem_ds__best_effort,publish,pub,cpp_to_py,constrained_pub_only,exp,xcdr,shmem_ds,1000000,10,1,measured,152,2026-09-09T14:21:40.948218Z,156894610367256,156894610367256,-1,-1,-1,ok,
exp_constrained_pub_only_xcdr__cpp_to_py__1000000B__10Hz__shmem_ds__best_effort,publish,pub,cpp_to_py,constrained_pub_only,exp,xcdr,shmem_ds,1000000,10,1,measured,153,2026-09-09T14:21:41.048683Z,156894710828905,156894710828905,-1,-1,-1,ok,
exp_constrained_pub_only_xcdr__cpp_to_py__1000000B__10Hz__shmem_ds__best_effort,publish,pub,cpp_to_py,constrained_pub_only,exp,xcdr,shmem_ds,1000000,10,1,measured,154,2026-09-09T14:21:41.149099Z,156894811245724,156894811245724,-1,-1,-1,ok,
exp_constrained_pub_only_xcdr__cpp_to_py__1000000B__10Hz__shmem_ds__best_effort,publish,pub,cpp_to_py,constrained_pub_only,exp,xcdr,shmem_ds,1000000,10,1,measured,155,2026-09-09T14:21:41.249092Z,156894911250296,156894911250296,-1,-1,-1,ok,
exp_constrained_pub_only_xcdr__cpp_to_py__1000000B__10Hz__shmem_ds__best_effort,publish,pub,cpp_to_py,constrained_pub_only,exp,xcdr,shmem_ds,1000000,10,1,measured,156,2026-09-09T14:21:41.349148Z,156895011296875,156895011296875,-1,-1,-1,ok,
exp_constrained_pub_only_xcdr__cpp_to_py__1000000B__10Hz__shmem_ds__best_effort,publish,pub,cpp_to_py,constrained_pub_only,exp,xcdr,shmem_ds,1000000,10,1,measured,157,2026-09-09T14:21:41.448831Z,156895110991960,156895110991960,-1,-1,-1,ok,
exp_constrained_pub_only_xcdr__cpp_to_py__1000000B__10Hz__shmem_ds__best_effort,publish,pub,cpp_to_py,constrained_pub_only,exp,xcdr,shmem_ds,1000000,10,1,measured,158,2026-09-09T14:21:41.549527Z,156895211659696,156895211659696,-1,-1,-1,ok,
exp_constrained_pub_only_xcdr__cpp_to_py__1000000B__10Hz__shmem_ds__best_effort,publish,pub,cpp_to_py,constrained_pub_only,exp,xcdr,shmem_ds,1000000,10,1,measured,159,2026-09-09T14:21:41.648905Z,156895311057006,156895311057006,-1,-1,-1,ok,
exp_constrained_pub_only_xcdr__cpp_to_py__1000000B__10Hz__shmem_ds__best_effort,publish,pub,cpp_to_py,constrained_pub_only,exp,xcdr,shmem_ds,1000000,10,1,measured,160,2026-09-09T14:21:41.748587Z,156895410743025,156895410743025,-1,-1,-1,ok,
exp_constrained_pub_only_xcdr__cpp_to_py__1000000B__10Hz__shmem_ds__best_effort,publish,pub,cpp_to_py,constrained_pub_only,exp,xcdr,shmem_ds,1000000,10,1,measured,161,2026-09-09T14:21:41.848711Z,156895510837884,156895510837884,-1,-1,-1,ok,
exp_constrained_pub_only_xcdr__cpp_to_py__1000000B__10Hz__shmem_ds__best_effort,publish,pub,cpp_to_py,constrained_pub_only,exp,xcdr,shmem_ds,1000000,10,1,measured,162,2026-09-09T14:21:41.947787Z,156895609935246,156895609935246,-1,-1,-1,ok,
exp_constrained_pub_only_xcdr__cpp_to_py__1000000B__10Hz__shmem_ds__best_effort,publish,pub,cpp_to_py,constrained_pub_only,exp,xcdr,shmem_ds,1000000,10,1,measured,163,2026-09-09T14:21:42.047344Z,156895709488910,156895709488910,-1,-1,-1,ok,
exp_constrained_pub_only_xcdr__cpp_to_py__1000000B__10Hz__shmem_ds__best_effort,publish,pub,cpp_to_py,constrained_pub_only,exp,xcdr,shmem_ds,1000000,10,1,measured,164,2026-09-09T14:21:42.147102Z,156895809261676,156895809261676,-1,-1,-1,ok,
exp_constrained_pub_only_xcdr__cpp_to_py__1000000B__10Hz__shmem_ds__best_effort,publish,pub,cpp_to_py,constrained_pub_only,exp,xcdr,shmem_ds,1000000,10,1,measured,165,2026-09-09T14:21:42.247021Z,156895909188841,156895909188841,-1,-1,-1,ok,
exp_constrained_pub_only_xcdr__cpp_to_py__1000000B__10Hz__shmem_ds__best_effort,publish,pub,cpp_to_py,constrained_pub_only,exp,xcdr,shmem_ds,1000000,10,1,measured,166,2026-09-09T14:21:42.346477Z,156896008638435,156896008638435,-1,-1,-1,ok,
exp_constrained_pub_only_xcdr__cpp_to_py__1000000B__10Hz__shmem_ds__best_effort,publish,pub,cpp_to_py,constrained_pub_only,exp,xcdr,shmem_ds,1000000,10,1,measured,167,2026-09-09T14:21:42.446685Z,156896108840971,156896108840971,-1,-1,-1,ok,
exp_constrained_pub_only_xcdr__cpp_to_py__1000000B__10Hz__shmem_ds__best_effort,publish,pub,cpp_to_py,constrained_pub_only,exp,xcdr,shmem_ds,1000000,10,1,measured,168,2026-09-09T14:21:42.547794Z,156896209919138,156896209919138,-1,-1,-1,ok,
exp_constrained_pub_only_xcdr__cpp_to_py__1000000B__10Hz__shmem_ds__best_effort,publish,pub,cpp_to_py,constrained_pub_only,exp,xcdr,shmem_ds,1000000,10,1,measured,169,2026-09-09T14:21:42.648596Z,156896310730389,156896310730389,-1,-1,-1,ok,
exp_constrained_pub_only_xcdr__cpp_to_py__1000000B__10Hz__shmem_ds__best_effort,publish,pub,cpp_to_py,constrained_pub_only,exp,xcdr,shmem_ds,1000000,10,1,measured,170,2026-09-09T14:21:42.748324Z,156896410477847,156896410477847,-1,-1,-1,ok,
exp_constrained_pub_only_xcdr__cpp_to_py__1000000B__10Hz__shmem_ds__best_effort,publish,pub,cpp_to_py,constrained_pub_only,exp,xcdr,shmem_ds,1000000,10,1,measured,171,2026-09-09T14:21:42.848322Z,156896510450616,156896510450616,-1,-1,-1,ok,
exp_constrained_pub_only_xcdr__cpp_to_py__1000000B__10Hz__shmem_ds__best_effort,publish,pub,cpp_to_py,constrained_pub_only,exp,xcdr,shmem_ds,1000000,10,1,measured,172,2026-09-09T14:21:42.947882Z,156896610014031,156896610014031,-1,-1,-1,ok,
exp_constrained_pub_only_xcdr__cpp_to_py__1000000B__10Hz__shmem_ds__best_effort,publish,pub,cpp_to_py,constrained_pub_only,exp,xcdr,shmem_ds,1000000,10,1,measured,173,2026-09-09T14:21:43.047836Z,156896709968529,156896709968529,-1,-1,-1,ok,
exp_constrained_pub_only_xcdr__cpp_to_py__1000000B__10Hz__shmem_ds__best_effort,publish,pub,cpp_to_py,constrained_pub_only,exp,xcdr,shmem_ds,1000000,10,1,measured,174,2026-09-09T14:21:43.147299Z,156896809462582,156896809462582,-1,-1,-1,ok,
exp_constrained_pub_only_xcdr__cpp_to_py__1000000B__10Hz__shmem_ds__best_effort,publish,pub,cpp_to_py,constrained_pub_only,exp,xcdr,shmem_ds,1000000,10,1,measured,175,2026-09-09T14:21:43.246999Z,156896909146158,156896909146158,-1,-1,-1,ok,
exp_constrained_pub_only_xcdr__cpp_to_py__1000000B__10Hz__shmem_ds__best_effort,publish,pub,cpp_to_py,constrained_pub_only,exp,xcdr,shmem_ds,1000000,10,1,measured,176,2026-09-09T14:21:43.346911Z,156897009052410,156897009052410,-1,-1,-1,ok,
exp_constrained_pub_only_xcdr__cpp_to_py__1000000B__10Hz__shmem_ds__best_effort,publish,pub,cpp_to_py,constrained_pub_only,exp,xcdr,shmem_ds,1000000,10,1,measured,177,2026-09-09T14:21:43.447050Z,156897109218845,156897109218845,-1,-1,-1,ok,
exp_constrained_pub_only_xcdr__cpp_to_py__1000000B__10Hz__shmem_ds__best_effort,publish,pub,cpp_to_py,constrained_pub_only,exp,xcdr,shmem_ds,1000000,10,1,measured,178,2026-09-09T14:21:43.546208Z,156897208366334,156897208366334,-1,-1,-1,ok,
exp_constrained_pub_only_xcdr__cpp_to_py__1000000B__10Hz__shmem_ds__best_effort,publish,pub,cpp_to_py,constrained_pub_only,exp,xcdr,shmem_ds,1000000,10,1,measured,179,2026-09-09T14:21:43.646271Z,156897308408148,156897308408148,-1,-1,-1,ok,
exp_constrained_pub_only_xcdr__cpp_to_py__1000000B__10Hz__shmem_ds__best_effort,publish,pub,cpp_to_py,constrained_pub_only,exp,xcdr,shmem_ds,1000000,10,1,measured,180,2026-09-09T14:21:43.746110Z,156897408225263,156897408225263,-1,-1,-1,ok,
exp_constrained_pub_only_xcdr__cpp_to_py__1000000B__10Hz__shmem_ds__best_effort,publish,pub,cpp_to_py,constrained_pub_only,exp,xcdr,shmem_ds,1000000,10,1,measured,181,2026-09-09T14:21:43.846434Z,156897508589828,156897508589828,-1,-1,-1,ok,
exp_constrained_pub_only_xcdr__cpp_to_py__1000000B__10Hz__shmem_ds__best_effort,publish,pub,cpp_to_py,constrained_pub_only,exp,xcdr,shmem_ds,1000000,10,1,measured,182,2026-09-09T14:21:43.946315Z,156897608466554,156897608466554,-1,-1,-1,ok,
exp_constrained_pub_only_xcdr__cpp_to_py__1000000B__10Hz__shmem_ds__best_effort,publish,pub,cpp_to_py,constrained_pub_only,exp,xcdr,shmem_ds,1000000,10,1,measured,183,2026-09-09T14:21:44.045690Z,156897707845777,156897707845777,-1,-1,-1,ok,
exp_constrained_pub_only_xcdr__cpp_to_py__1000000B__10Hz__shmem_ds__best_effort,publish,pub,cpp_to_py,constrained_pub_only,exp,xcdr,shmem_ds,1000000,10,1,measured,184,2026-09-09T14:21:44.144848Z,156897806965160,156897806965160,-1,-1,-1,ok,
exp_constrained_pub_only_xcdr__cpp_to_py__1000000B__10Hz__shmem_ds__best_effort,publish,pub,cpp_to_py,constrained_pub_only,exp,xcdr,shmem_ds,1000000,10,1,measured,185,2026-09-09T14:21:44.244994Z,156897907146861,156897907146861,-1,-1,-1,ok,
exp_constrained_pub_only_xcdr__cpp_to_py__1000000B__10Hz__shmem_ds__best_effort,publish,pub,cpp_to_py,constrained_pub_only,exp,xcdr,shmem_ds,1000000,10,1,measured,186,2026-09-09T14:21:44.344643Z,156898006777075,156898006777075,-1,-1,-1,ok,
exp_constrained_pub_only_xcdr__cpp_to_py__1000000B__10Hz__shmem_ds__best_effort,publish,pub,cpp_to_py,constrained_pub_only,exp,xcdr,shmem_ds,1000000,10,1,measured,187,2026-09-09T14:21:44.443933Z,156898106089587,156898106089587,-1,-1,-1,ok,
exp_constrained_pub_only_xcdr__cpp_to_py__1000000B__10Hz__shmem_ds__best_effort,publish,pub,cpp_to_py,constrained_pub_only,exp,xcdr,shmem_ds,1000000,10,1,measured,188,2026-09-09T14:21:44.544745Z,156898206873049,156898206873049,-1,-1,-1,ok,
exp_constrained_pub_only_xcdr__cpp_to_py__1000000B__10Hz__shmem_ds__best_effort,publish,pub,cpp_to_py,constrained_pub_only,exp,xcdr,shmem_ds,1000000,10,1,measured,189,2026-09-09T14:21:44.645377Z,156898307507223,156898307507223,-1,-1,-1,ok,
exp_constrained_pub_only_xcdr__cpp_to_py__1000000B__10Hz__shmem_ds__best_effort,publish,pub,cpp_to_py,constrained_pub_only,exp,xcdr,shmem_ds,1000000,10,1,measured,190,2026-09-09T14:21:44.745138Z,156898407297375,156898407297375,-1,-1,-1,ok,
exp_constrained_pub_only_xcdr__cpp_to_py__1000000B__10Hz__shmem_ds__best_effort,publish,pub,cpp_to_py,constrained_pub_only,exp,xcdr,shmem_ds,1000000,10,1,measured,191,2026-09-09T14:21:44.844391Z,156898506519909,156898506519909,-1,-1,-1,ok,
exp_constrained_pub_only_xcdr__cpp_to_py__1000000B__10Hz__shmem_ds__best_effort,publish,pub,cpp_to_py,constrained_pub_only,exp,xcdr,shmem_ds,1000000,10,1,measured,192,2026-09-09T14:21:44.944602Z,156898606761902,156898606761902,-1,-1,-1,ok,
exp_constrained_pub_only_xcdr__cpp_to_py__1000000B__10Hz__shmem_ds__best_effort,publish,pub,cpp_to_py,constrained_pub_only,exp,xcdr,shmem_ds,1000000,10,1,measured,193,2026-09-09T14:21:45.045607Z,156898707766859,156898707766859,-1,-1,-1,ok,
exp_constrained_pub_only_xcdr__cpp_to_py__1000000B__10Hz__shmem_ds__best_effort,publish,pub,cpp_to_py,constrained_pub_only,exp,xcdr,shmem_ds,1000000,10,1,measured,194,2026-09-09T14:21:45.145167Z,156898807325166,156898807325166,-1,-1,-1,ok,
exp_constrained_pub_only_xcdr__cpp_to_py__1000000B__10Hz__shmem_ds__best_effort,publish,pub,cpp_to_py,constrained_pub_only,exp,xcdr,shmem_ds,1000000,10,1,measured,195,2026-09-09T14:21:45.244245Z,156898906400182,156898906400182,-1,-1,-1,ok,
exp_constrained_pub_only_xcdr__cpp_to_py__1000000B__10Hz__shmem_ds__best_effort,publish,pub,cpp_to_py,constrained_pub_only,exp,xcdr,shmem_ds,1000000,10,1,measured,196,2026-09-09T14:21:45.344535Z,156899006686235,156899006686235,-1,-1,-1,ok,
exp_constrained_pub_only_xcdr__cpp_to_py__1000000B__10Hz__shmem_ds__best_effort,publish,pub,cpp_to_py,constrained_pub_only,exp,xcdr,shmem_ds,1000000,10,1,measured,197,2026-09-09T14:21:45.444797Z,156899106935579,156899106935579,-1,-1,-1,ok,
exp_constrained_pub_only_xcdr__cpp_to_py__1000000B__10Hz__shmem_ds__best_effort,publish,pub,cpp_to_py,constrained_pub_only,exp,xcdr,shmem_ds,1000000,10,1,measured,198,2026-09-09T14:21:45.543984Z,156899206139485,156899206139485,-1,-1,-1,ok,
exp_constrained_pub_only_xcdr__cpp_to_py__1000000B__10Hz__shmem_ds__best_effort,publish,pub,cpp_to_py,constrained_pub_only,exp,xcdr,shmem_ds,1000000,10,1,measured,199,2026-09-09T14:21:45.644830Z,156899306980611,156899306980611,-1,-1,-1,ok,
exp_constrained_pub_only_xcdr__cpp_to_py__1000000B__10Hz__shmem_ds__best_effort,publish,pub,cpp_to_py,constrained_pub_only,exp,xcdr,shmem_ds,1000000,10,1,measured,200,2026-09-09T14:21:45.744671Z,156899406827004,156899406827004,-1,-1,-1,ok,
exp_constrained_pub_only_xcdr__cpp_to_py__1000000B__10Hz__shmem_ds__best_effort,publish,pub,cpp_to_py,constrained_pub_only,exp,xcdr,shmem_ds,1000000,10,1,measured,201,2026-09-09T14:21:45.843898Z,156899506054204,156899506054204,-1,-1,-1,ok,
exp_constrained_pub_only_xcdr__cpp_to_py__1000000B__10Hz__shmem_ds__best_effort,publish,pub,cpp_to_py,constrained_pub_only,exp,xcdr,shmem_ds,1000000,10,1,measured,202,2026-09-09T14:21:45.943322Z,156899605452513,156899605452513,-1,-1,-1,ok,
exp_constrained_pub_only_xcdr__cpp_to_py__1000000B__10Hz__shmem_ds__best_effort,publish,pub,cpp_to_py,constrained_pub_only,exp,xcdr,shmem_ds,1000000,10,1,measured,203,2026-09-09T14:21:46.044103Z,156899706253577,156899706253577,-1,-1,-1,ok,
exp_constrained_pub_only_xcdr__cpp_to_py__1000000B__10Hz__shmem_ds__best_effort,publish,pub,cpp_to_py,constrained_pub_only,exp,xcdr,shmem_ds,1000000,10,1,measured,204,2026-09-09T14:21:46.143987Z,156899806159107,156899806159107,-1,-1,-1,ok,
exp_constrained_pub_only_xcdr__cpp_to_py__1000000B__10Hz__shmem_ds__best_effort,publish,pub,cpp_to_py,constrained_pub_only,exp,xcdr,shmem_ds,1000000,10,1,measured,205,2026-09-09T14:21:46.244636Z,156899906798082,156899906798082,-1,-1,-1,ok,
exp_constrained_pub_only_xcdr__cpp_to_py__1000000B__10Hz__shmem_ds__best_effort,publish,pub,cpp_to_py,constrained_pub_only,exp,xcdr,shmem_ds,1000000,10,1,measured,206,2026-09-09T14:21:46.344534Z,156900006665221,156900006665221,-1,-1,-1,ok,
exp_constrained_pub_only_xcdr__cpp_to_py__1000000B__10Hz__shmem_ds__best_effort,publish,pub,cpp_to_py,constrained_pub_only,exp,xcdr,shmem_ds,1000000,10,1,measured,207,2026-09-09T14:21:46.444289Z,156900106443384,156900106443384,-1,-1,-1,ok,
exp_constrained_pub_only_xcdr__cpp_to_py__1000000B__10Hz__shmem_ds__best_effort,publish,pub,cpp_to_py,constrained_pub_only,exp,xcdr,shmem_ds,1000000,10,1,measured,208,2026-09-09T14:21:46.543932Z,156900206087787,156900206087787,-1,-1,-1,ok,
exp_constrained_pub_only_xcdr__cpp_to_py__1000000B__10Hz__shmem_ds__best_effort,publish,pub,cpp_to_py,constrained_pub_only,exp,xcdr,shmem_ds,1000000,10,1,measured,209,2026-09-09T14:21:46.643095Z,156900305256545,156900305256545,-1,-1,-1,ok,
exp_constrained_pub_only_xcdr__cpp_to_py__1000000B__10Hz__shmem_ds__best_effort,publish,pub,cpp_to_py,constrained_pub_only,exp,xcdr,shmem_ds,1000000,10,1,measured,210,2026-09-09T14:21:46.742504Z,156900404661562,156900404661562,-1,-1,-1,ok,
exp_constrained_pub_only_xcdr__cpp_to_py__1000000B__10Hz__shmem_ds__best_effort,publish,pub,cpp_to_py,constrained_pub_only,exp,xcdr,shmem_ds,1000000,10,1,measured,211,2026-09-09T14:21:46.841977Z,156900504136441,156900504136441,-1,-1,-1,ok,
exp_constrained_pub_only_xcdr__cpp_to_py__1000000B__10Hz__shmem_ds__best_effort,publish,pub,cpp_to_py,constrained_pub_only,exp,xcdr,shmem_ds,1000000,10,1,measured,212,2026-09-09T14:21:46.942761Z,156900604935755,156900604935755,-1,-1,-1,ok,
exp_constrained_pub_only_xcdr__cpp_to_py__1000000B__10Hz__shmem_ds__best_effort,publish,pub,cpp_to_py,constrained_pub_only,exp,xcdr,shmem_ds,1000000,10,1,measured,213,2026-09-09T14:21:47.042712Z,156900704857709,156900704857709,-1,-1,-1,ok,
exp_constrained_pub_only_xcdr__cpp_to_py__1000000B__10Hz__shmem_ds__best_effort,publish,pub,cpp_to_py,constrained_pub_only,exp,xcdr,shmem_ds,1000000,10,1,measured,214,2026-09-09T14:21:47.142105Z,156900804273284,156900804273284,-1,-1,-1,ok,
exp_constrained_pub_only_xcdr__cpp_to_py__1000000B__10Hz__shmem_ds__best_effort,publish,pub,cpp_to_py,constrained_pub_only,exp,xcdr,shmem_ds,1000000,10,1,measured,215,2026-09-09T14:21:47.241342Z,156900903512799,156900903512799,-1,-1,-1,ok,
exp_constrained_pub_only_xcdr__cpp_to_py__1000000B__10Hz__shmem_ds__best_effort,publish,pub,cpp_to_py,constrained_pub_only,exp,xcdr,shmem_ds,1000000,10,1,measured,216,2026-09-09T14:21:47.340722Z,156901002880444,156901002880444,-1,-1,-1,ok,
exp_constrained_pub_only_xcdr__cpp_to_py__1000000B__10Hz__shmem_ds__best_effort,publish,pub,cpp_to_py,constrained_pub_only,exp,xcdr,shmem_ds,1000000,10,1,measured,217,2026-09-09T14:21:47.440146Z,156901102280449,156901102280449,-1,-1,-1,ok,
exp_constrained_pub_only_xcdr__cpp_to_py__1000000B__10Hz__shmem_ds__best_effort,publish,pub,cpp_to_py,constrained_pub_only,exp,xcdr,shmem_ds,1000000,10,1,measured,218,2026-09-09T14:21:47.539326Z,156901201485492,156901201485492,-1,-1,-1,ok,
exp_constrained_pub_only_xcdr__cpp_to_py__1000000B__10Hz__shmem_ds__best_effort,publish,pub,cpp_to_py,constrained_pub_only,exp,xcdr,shmem_ds,1000000,10,1,measured,219,2026-09-09T14:21:47.638696Z,156901300858366,156901300858366,-1,-1,-1,ok,
exp_constrained_pub_only_xcdr__cpp_to_py__1000000B__10Hz__shmem_ds__best_effort,publish,pub,cpp_to_py,constrained_pub_only,exp,xcdr,shmem_ds,1000000,10,1,measured,220,2026-09-09T14:21:47.739644Z,156901401810303,156901401810303,-1,-1,-1,ok,
exp_constrained_pub_only_xcdr__cpp_to_py__1000000B__10Hz__shmem_ds__best_effort,publish,pub,cpp_to_py,constrained_pub_only,exp,xcdr,shmem_ds,1000000,10,1,measured,221,2026-09-09T14:21:47.839436Z,156901501603540,156901501603540,-1,-1,-1,ok,
exp_constrained_pub_only_xcdr__cpp_to_py__1000000B__10Hz__shmem_ds__best_effort,publish,pub,cpp_to_py,constrained_pub_only,exp,xcdr,shmem_ds,1000000,10,1,measured,222,2026-09-09T14:21:47.939352Z,156901601492736,156901601492736,-1,-1,-1,ok,
exp_constrained_pub_only_xcdr__cpp_to_py__1000000B__10Hz__shmem_ds__best_effort,publish,pub,cpp_to_py,constrained_pub_only,exp,xcdr,shmem_ds,1000000,10,1,measured,223,2026-09-09T14:21:48.038635Z,156901700768582,156901700768582,-1,-1,-1,ok,
exp_constrained_pub_only_xcdr__cpp_to_py__1000000B__10Hz__shmem_ds__best_effort,publish,pub,cpp_to_py,constrained_pub_only,exp,xcdr,shmem_ds,1000000,10,1,measured,224,2026-09-09T14:21:48.137794Z,156901799973641,156901799973641,-1,-1,-1,ok,
exp_constrained_pub_only_xcdr__cpp_to_py__1000000B__10Hz__shmem_ds__best_effort,publish,pub,cpp_to_py,constrained_pub_only,exp,xcdr,shmem_ds,1000000,10,1,measured,225,2026-09-09T14:21:48.237651Z,156901899822769,156901899822769,-1,-1,-1,ok,
exp_constrained_pub_only_xcdr__cpp_to_py__1000000B__10Hz__shmem_ds__best_effort,publish,pub,cpp_to_py,constrained_pub_only,exp,xcdr,shmem_ds,1000000,10,1,measured,226,2026-09-09T14:21:48.337060Z,156901999237637,156901999237637,-1,-1,-1,ok,
exp_constrained_pub_only_xcdr__cpp_to_py__1000000B__10Hz__shmem_ds__best_effort,publish,pub,cpp_to_py,constrained_pub_only,exp,xcdr,shmem_ds,1000000,10,1,measured,227,2026-09-09T14:21:48.436431Z,156902098577507,156902098577507,-1,-1,-1,ok,
exp_constrained_pub_only_xcdr__cpp_to_py__1000000B__10Hz__shmem_ds__best_effort,publish,pub,cpp_to_py,constrained_pub_only,exp,xcdr,shmem_ds,1000000,10,1,measured,228,2026-09-09T14:21:48.536108Z,156902198246520,156902198246520,-1,-1,-1,ok,
exp_constrained_pub_only_xcdr__cpp_to_py__1000000B__10Hz__shmem_ds__best_effort,publish,pub,cpp_to_py,constrained_pub_only,exp,xcdr,shmem_ds,1000000,10,1,measured,229,2026-09-09T14:21:48.636818Z,156902298935131,156902298935131,-1,-1,-1,ok,
exp_constrained_pub_only_xcdr__cpp_to_py__1000000B__10Hz__shmem_ds__best_effort,publish,pub,cpp_to_py,constrained_pub_only,exp,xcdr,shmem_ds,1000000,10,1,measured,230,2026-09-09T14:21:48.737081Z,156902399230911,156902399230911,-1,-1,-1,ok,
exp_constrained_pub_only_xcdr__cpp_to_py__1000000B__10Hz__shmem_ds__best_effort,publish,pub,cpp_to_py,constrained_pub_only,exp,xcdr,shmem_ds,1000000,10,1,measured,231,2026-09-09T14:21:48.836615Z,156902498775382,156902498775382,-1,-1,-1,ok,
exp_constrained_pub_only_xcdr__cpp_to_py__1000000B__10Hz__shmem_ds__best_effort,publish,pub,cpp_to_py,constrained_pub_only,exp,xcdr,shmem_ds,1000000,10,1,measured,232,2026-09-09T14:21:48.937493Z,156902599645813,156902599645813,-1,-1,-1,ok,
exp_constrained_pub_only_xcdr__cpp_to_py__1000000B__10Hz__shmem_ds__best_effort,publish,pub,cpp_to_py,constrained_pub_only,exp,xcdr,shmem_ds,1000000,10,1,measured,233,2026-09-09T14:21:49.037447Z,156902699571155,156902699571155,-1,-1,-1,ok,
exp_constrained_pub_only_xcdr__cpp_to_py__1000000B__10Hz__shmem_ds__best_effort,publish,pub,cpp_to_py,constrained_pub_only,exp,xcdr,shmem_ds,1000000,10,1,measured,234,2026-09-09T14:21:49.137557Z,156902799701313,156902799701313,-1,-1,-1,ok,
exp_constrained_pub_only_xcdr__cpp_to_py__1000000B__10Hz__shmem_ds__best_effort,publish,pub,cpp_to_py,constrained_pub_only,exp,xcdr,shmem_ds,1000000,10,1,measured,235,2026-09-09T14:21:49.237454Z,156902899614227,156902899614227,-1,-1,-1,ok,
exp_constrained_pub_only_xcdr__cpp_to_py__1000000B__10Hz__shmem_ds__best_effort,publish,pub,cpp_to_py,constrained_pub_only,exp,xcdr,shmem_ds,1000000,10,1,measured,236,2026-09-09T14:21:49.337376Z,156902999542739,156902999542739,-1,-1,-1,ok,
exp_constrained_pub_only_xcdr__cpp_to_py__1000000B__10Hz__shmem_ds__best_effort,publish,pub,cpp_to_py,constrained_pub_only,exp,xcdr,shmem_ds,1000000,10,1,measured,237,2026-09-09T14:21:49.437706Z,156903099852993,156903099852993,-1,-1,-1,ok,
exp_constrained_pub_only_xcdr__cpp_to_py__1000000B__10Hz__shmem_ds__best_effort,publish,pub,cpp_to_py,constrained_pub_only,exp,xcdr,shmem_ds,1000000,10,1,measured,238,2026-09-09T14:21:49.538415Z,156903200575324,156903200575324,-1,-1,-1,ok,
exp_constrained_pub_only_xcdr__cpp_to_py__1000000B__10Hz__shmem_ds__best_effort,publish,pub,cpp_to_py,constrained_pub_only,exp,xcdr,shmem_ds,1000000,10,1,measured,239,2026-09-09T14:21:49.637929Z,156903300079546,156903300079546,-1,-1,-1,ok,
exp_constrained_pub_only_xcdr__cpp_to_py__1000000B__10Hz__shmem_ds__best_effort,publish,pub,cpp_to_py,constrained_pub_only,exp,xcdr,shmem_ds,1000000,10,1,measured,240,2026-09-09T14:21:49.737657Z,156903399812474,156903399812474,-1,-1,-1,ok,
exp_constrained_pub_only_xcdr__cpp_to_py__1000000B__10Hz__shmem_ds__best_effort,publish,pub,cpp_to_py,constrained_pub_only,exp,xcdr,shmem_ds,1000000,10,1,measured,241,2026-09-09T14:21:49.838314Z,156903500467631,156903500467631,-1,-1,-1,ok,
exp_constrained_pub_only_xcdr__cpp_to_py__1000000B__10Hz__shmem_ds__best_effort,publish,pub,cpp_to_py,constrained_pub_only,exp,xcdr,shmem_ds,1000000,10,1,measured,242,2026-09-09T14:21:49.938570Z,156903600733051,156903600733051,-1,-1,-1,ok,
exp_constrained_pub_only_xcdr__cpp_to_py__1000000B__10Hz__shmem_ds__best_effort,publish,pub,cpp_to_py,constrained_pub_only,exp,xcdr,shmem_ds,1000000,10,1,measured,243,2026-09-09T14:21:50.037900Z,156903700041831,156903700041831,-1,-1,-1,ok,
exp_constrained_pub_only_xcdr__cpp_to_py__1000000B__10Hz__shmem_ds__best_effort,publish,pub,cpp_to_py,constrained_pub_only,exp,xcdr,shmem_ds,1000000,10,1,measured,244,2026-09-09T14:21:50.138235Z,156903800413165,156903800413165,-1,-1,-1,ok,
exp_constrained_pub_only_xcdr__cpp_to_py__1000000B__10Hz__shmem_ds__best_effort,publish,pub,cpp_to_py,constrained_pub_only,exp,xcdr,shmem_ds,1000000,10,1,measured,245,2026-09-09T14:21:50.238585Z,156903900752740,156903900752740,-1,-1,-1,ok,
exp_constrained_pub_only_xcdr__cpp_to_py__1000000B__10Hz__shmem_ds__best_effort,publish,pub,cpp_to_py,constrained_pub_only,exp,xcdr,shmem_ds,1000000,10,1,measured,246,2026-09-09T14:21:50.339329Z,156904001504152,156904001504152,-1,-1,-1,ok,
exp_constrained_pub_only_xcdr__cpp_to_py__1000000B__10Hz__shmem_ds__best_effort,publish,pub,cpp_to_py,constrained_pub_only,exp,xcdr,shmem_ds,1000000,10,1,measured,247,2026-09-09T14:21:50.438934Z,156904101077039,156904101077039,-1,-1,-1,ok,
exp_constrained_pub_only_xcdr__cpp_to_py__1000000B__10Hz__shmem_ds__best_effort,publish,pub,cpp_to_py,constrained_pub_only,exp,xcdr,shmem_ds,1000000,10,1,measured,248,2026-09-09T14:21:50.539541Z,156904201701294,156904201701294,-1,-1,-1,ok,
exp_constrained_pub_only_xcdr__cpp_to_py__1000000B__10Hz__shmem_ds__best_effort,publish,pub,cpp_to_py,constrained_pub_only,exp,xcdr,shmem_ds,1000000,10,1,measured,249,2026-09-09T14:21:50.638995Z,156904301140141,156904301140141,-1,-1,-1,ok,
exp_constrained_pub_only_xcdr__cpp_to_py__1000000B__10Hz__shmem_ds__best_effort,publish,pub,cpp_to_py,constrained_pub_only,exp,xcdr,shmem_ds,1000000,10,1,measured,250,2026-09-09T14:21:50.738914Z,156904401072418,156904401072418,-1,-1,-1,ok,
exp_constrained_pub_only_xcdr__cpp_to_py__1000000B__10Hz__shmem_ds__best_effort,publish,pub,cpp_to_py,constrained_pub_only,exp,xcdr,shmem_ds,1000000,10,1,measured,251,2026-09-09T14:21:50.838634Z,156904500793891,156904500793891,-1,-1,-1,ok,
exp_constrained_pub_only_xcdr__cpp_to_py__1000000B__10Hz__shmem_ds__best_effort,publish,pub,cpp_to_py,constrained_pub_only,exp,xcdr,shmem_ds,1000000,10,1,measured,252,2026-09-09T14:21:50.938892Z,156904601058386,156904601058386,-1,-1,-1,ok,
exp_constrained_pub_only_xcdr__cpp_to_py__1000000B__10Hz__shmem_ds__best_effort,publish,pub,cpp_to_py,constrained_pub_only,exp,xcdr,shmem_ds,1000000,10,1,measured,253,2026-09-09T14:21:51.039849Z,156904701986770,156904701986770,-1,-1,-1,ok,
exp_constrained_pub_only_xcdr__cpp_to_py__1000000B__10Hz__shmem_ds__best_effort,publish,pub,cpp_to_py,constrained_pub_only,exp,xcdr,shmem_ds,1000000,10,1,measured,254,2026-09-09T14:21:51.140245Z,156904802404528,156904802404528,-1,-1,-1,ok,
exp_constrained_pub_only_xcdr__cpp_to_py__1000000B__10Hz__shmem_ds__best_effort,publish,pub,cpp_to_py,constrained_pub_only,exp,xcdr,shmem_ds,1000000,10,1,measured,255,2026-09-09T14:21:51.239780Z,156904901953246,156904901953246,-1,-1,-1,ok,
exp_constrained_pub_only_xcdr__cpp_to_py__1000000B__10Hz__shmem_ds__best_effort,publish,pub,cpp_to_py,constrained_pub_only,exp,xcdr,shmem_ds,1000000,10,1,measured,256,2026-09-09T14:21:51.339196Z,156905001353066,156905001353066,-1,-1,-1,ok,
exp_constrained_pub_only_xcdr__cpp_to_py__1000000B__10Hz__shmem_ds__best_effort,publish,pub,cpp_to_py,constrained_pub_only,exp,xcdr,shmem_ds,1000000,10,1,measured,257,2026-09-09T14:21:51.438718Z,156905100870356,156905100870356,-1,-1,-1,ok,
exp_constrained_pub_only_xcdr__cpp_to_py__1000000B__10Hz__shmem_ds__best_effort,publish,pub,cpp_to_py,constrained_pub_only,exp,xcdr,shmem_ds,1000000,10,1,measured,258,2026-09-09T14:21:51.538431Z,156905200570336,156905200570336,-1,-1,-1,ok,
exp_constrained_pub_only_xcdr__cpp_to_py__1000000B__10Hz__shmem_ds__best_effort,publish,pub,cpp_to_py,constrained_pub_only,exp,xcdr,shmem_ds,1000000,10,1,measured,259,2026-09-09T14:21:51.637489Z,156905299641855,156905299641855,-1,-1,-1,ok,
exp_constrained_pub_only_xcdr__cpp_to_py__1000000B__10Hz__shmem_ds__best_effort,publish,pub,cpp_to_py,constrained_pub_only,exp,xcdr,shmem_ds,1000000,10,1,measured,260,2026-09-09T14:21:51.736875Z,156905399000028,156905399000028,-1,-1,-1,ok,
exp_constrained_pub_only_xcdr__cpp_to_py__1000000B__10Hz__shmem_ds__best_effort,publish,pub,cpp_to_py,constrained_pub_only,exp,xcdr,shmem_ds,1000000,10,1,measured,261,2026-09-09T14:21:51.835869Z,156905498026193,156905498026193,-1,-1,-1,ok,
exp_constrained_pub_only_xcdr__cpp_to_py__1000000B__10Hz__shmem_ds__best_effort,publish,pub,cpp_to_py,constrained_pub_only,exp,xcdr,shmem_ds,1000000,10,1,measured,262,2026-09-09T14:21:51.934877Z,156905597045414,156905597045414,-1,-1,-1,ok,
exp_constrained_pub_only_xcdr__cpp_to_py__1000000B__10Hz__shmem_ds__best_effort,publish,pub,cpp_to_py,constrained_pub_only,exp,xcdr,shmem_ds,1000000,10,1,measured,263,2026-09-09T14:21:52.034778Z,156905696942002,156905696942002,-1,-1,-1,ok,
exp_constrained_pub_only_xcdr__cpp_to_py__1000000B__10Hz__shmem_ds__best_effort,publish,pub,cpp_to_py,constrained_pub_only,exp,xcdr,shmem_ds,1000000,10,1,measured,264,2026-09-09T14:21:52.134253Z,156905796413152,156905796413152,-1,-1,-1,ok,
exp_constrained_pub_only_xcdr__cpp_to_py__1000000B__10Hz__shmem_ds__best_effort,publish,pub,cpp_to_py,constrained_pub_only,exp,xcdr,shmem_ds,1000000,10,1,measured,265,2026-09-09T14:21:52.233353Z,156905895517820,156905895517820,-1,-1,-1,ok,
exp_constrained_pub_only_xcdr__cpp_to_py__1000000B__10Hz__shmem_ds__best_effort,publish,pub,cpp_to_py,constrained_pub_only,exp,xcdr,shmem_ds,1000000,10,1,measured,266,2026-09-09T14:21:52.333070Z,156905995236761,156905995236761,-1,-1,-1,ok,
exp_constrained_pub_only_xcdr__cpp_to_py__1000000B__10Hz__shmem_ds__best_effort,publish,pub,cpp_to_py,constrained_pub_only,exp,xcdr,shmem_ds,1000000,10,1,measured,267,2026-09-09T14:21:52.433142Z,156906095330892,156906095330892,-1,-1,-1,ok,
exp_constrained_pub_only_xcdr__cpp_to_py__1000000B__10Hz__shmem_ds__best_effort,publish,pub,cpp_to_py,constrained_pub_only,exp,xcdr,shmem_ds,1000000,10,1,measured,268,2026-09-09T14:21:52.532470Z,156906194631725,156906194631725,-1,-1,-1,ok,
exp_constrained_pub_only_xcdr__cpp_to_py__1000000B__10Hz__shmem_ds__best_effort,publish,pub,cpp_to_py,constrained_pub_only,exp,xcdr,shmem_ds,1000000,10,1,measured,269,2026-09-09T14:21:52.632876Z,156906295031355,156906295031355,-1,-1,-1,ok,
exp_constrained_pub_only_xcdr__cpp_to_py__1000000B__10Hz__shmem_ds__best_effort,publish,pub,cpp_to_py,constrained_pub_only,exp,xcdr,shmem_ds,1000000,10,1,measured,270,2026-09-09T14:21:52.733454Z,156906395615348,156906395615348,-1,-1,-1,ok,
exp_constrained_pub_only_xcdr__cpp_to_py__1000000B__10Hz__shmem_ds__best_effort,publish,pub,cpp_to_py,constrained_pub_only,exp,xcdr,shmem_ds,1000000,10,1,measured,271,2026-09-09T14:21:52.833472Z,156906495629240,156906495629240,-1,-1,-1,ok,
exp_constrained_pub_only_xcdr__cpp_to_py__1000000B__10Hz__shmem_ds__best_effort,publish,pub,cpp_to_py,constrained_pub_only,exp,xcdr,shmem_ds,1000000,10,1,measured,272,2026-09-09T14:21:52.932623Z,156906594786385,156906594786385,-1,-1,-1,ok,
exp_constrained_pub_only_xcdr__cpp_to_py__1000000B__10Hz__shmem_ds__best_effort,publish,pub,cpp_to_py,constrained_pub_only,exp,xcdr,shmem_ds,1000000,10,1,measured,273,2026-09-09T14:21:53.031900Z,156906694041205,156906694041205,-1,-1,-1,ok,
exp_constrained_pub_only_xcdr__cpp_to_py__1000000B__10Hz__shmem_ds__best_effort,publish,pub,cpp_to_py,constrained_pub_only,exp,xcdr,shmem_ds,1000000,10,1,measured,274,2026-09-09T14:21:53.132018Z,156906794175999,156906794175999,-1,-1,-1,ok,
exp_constrained_pub_only_xcdr__cpp_to_py__1000000B__10Hz__shmem_ds__best_effort,publish,pub,cpp_to_py,constrained_pub_only,exp,xcdr,shmem_ds,1000000,10,1,measured,275,2026-09-09T14:21:53.232852Z,156906895022958,156906895022958,-1,-1,-1,ok,
exp_constrained_pub_only_xcdr__cpp_to_py__1000000B__10Hz__shmem_ds__best_effort,publish,pub,cpp_to_py,constrained_pub_only,exp,xcdr,shmem_ds,1000000,10,1,measured,276,2026-09-09T14:21:53.333081Z,156906995227300,156906995227300,-1,-1,-1,ok,
exp_constrained_pub_only_xcdr__cpp_to_py__1000000B__10Hz__shmem_ds__best_effort,publish,pub,cpp_to_py,constrained_pub_only,exp,xcdr,shmem_ds,1000000,10,1,measured,277,2026-09-09T14:21:53.432255Z,156907094425700,156907094425700,-1,-1,-1,ok,
exp_constrained_pub_only_xcdr__cpp_to_py__1000000B__10Hz__shmem_ds__best_effort,publish,pub,cpp_to_py,constrained_pub_only,exp,xcdr,shmem_ds,1000000,10,1,measured,278,2026-09-09T14:21:53.532886Z,156907195026390,156907195026390,-1,-1,-1,ok,
exp_constrained_pub_only_xcdr__cpp_to_py__1000000B__10Hz__shmem_ds__best_effort,publish,pub,cpp_to_py,constrained_pub_only,exp,xcdr,shmem_ds,1000000,10,1,measured,279,2026-09-09T14:21:53.631942Z,156907294110106,156907294110106,-1,-1,-1,ok,
exp_constrained_pub_only_xcdr__cpp_to_py__1000000B__10Hz__shmem_ds__best_effort,publish,pub,cpp_to_py,constrained_pub_only,exp,xcdr,shmem_ds,1000000,10,1,measured,280,2026-09-09T14:21:53.731988Z,156907394143841,156907394143841,-1,-1,-1,ok,
exp_constrained_pub_only_xcdr__cpp_to_py__1000000B__10Hz__shmem_ds__best_effort,publish,pub,cpp_to_py,constrained_pub_only,exp,xcdr,shmem_ds,1000000,10,1,measured,281,2026-09-09T14:21:53.832901Z,156907495027389,156907495027389,-1,-1,-1,ok,
exp_constrained_pub_only_xcdr__cpp_to_py__1000000B__10Hz__shmem_ds__best_effort,publish,pub,cpp_to_py,constrained_pub_only,exp,xcdr,shmem_ds,1000000,10,1,measured,282,2026-09-09T14:21:53.933596Z,156907595748484,156907595748484,-1,-1,-1,ok,
exp_constrained_pub_only_xcdr__cpp_to_py__1000000B__10Hz__shmem_ds__best_effort,publish,pub,cpp_to_py,constrained_pub_only,exp,xcdr,shmem_ds,1000000,10,1,measured,283,2026-09-09T14:21:54.033011Z,156907695161174,156907695161174,-1,-1,-1,ok,
exp_constrained_pub_only_xcdr__cpp_to_py__1000000B__10Hz__shmem_ds__best_effort,publish,pub,cpp_to_py,constrained_pub_only,exp,xcdr,shmem_ds,1000000,10,1,measured,284,2026-09-09T14:21:54.133575Z,156907795725835,156907795725835,-1,-1,-1,ok,
exp_constrained_pub_only_xcdr__cpp_to_py__1000000B__10Hz__shmem_ds__best_effort,publish,pub,cpp_to_py,constrained_pub_only,exp,xcdr,shmem_ds,1000000,10,1,measured,285,2026-09-09T14:21:54.234428Z,156907896594272,156907896594272,-1,-1,-1,ok,
exp_constrained_pub_only_xcdr__cpp_to_py__1000000B__10Hz__shmem_ds__best_effort,publish,pub,cpp_to_py,constrained_pub_only,exp,xcdr,shmem_ds,1000000,10,1,measured,286,2026-09-09T14:21:54.334513Z,156907996663168,156907996663168,-1,-1,-1,ok,
exp_constrained_pub_only_xcdr__cpp_to_py__1000000B__10Hz__shmem_ds__best_effort,publish,pub,cpp_to_py,constrained_pub_only,exp,xcdr,shmem_ds,1000000,10,1,measured,287,2026-09-09T14:21:54.434894Z,156908097056048,156908097056048,-1,-1,-1,ok,
exp_constrained_pub_only_xcdr__cpp_to_py__1000000B__10Hz__shmem_ds__best_effort,publish,pub,cpp_to_py,constrained_pub_only,exp,xcdr,shmem_ds,1000000,10,1,measured,288,2026-09-09T14:21:54.534150Z,156908196309365,156908196309365,-1,-1,-1,ok,
exp_constrained_pub_only_xcdr__cpp_to_py__1000000B__10Hz__shmem_ds__best_effort,publish,pub,cpp_to_py,constrained_pub_only,exp,xcdr,shmem_ds,1000000,10,1,measured,289,2026-09-09T14:21:54.635124Z,156908297278660,156908297278660,-1,-1,-1,ok,
exp_constrained_pub_only_xcdr__cpp_to_py__1000000B__10Hz__shmem_ds__best_effort,publish,pub,cpp_to_py,constrained_pub_only,exp,xcdr,shmem_ds,1000000,10,1,measured,290,2026-09-09T14:21:54.734415Z,156908396567843,156908396567843,-1,-1,-1,ok,
exp_constrained_pub_only_xcdr__cpp_to_py__1000000B__10Hz__shmem_ds__best_effort,publish,pub,cpp_to_py,constrained_pub_only,exp,xcdr,shmem_ds,1000000,10,1,measured,291,2026-09-09T14:21:54.833728Z,156908495861837,156908495861837,-1,-1,-1,ok,
exp_constrained_pub_only_xcdr__cpp_to_py__1000000B__10Hz__shmem_ds__best_effort,publish,pub,cpp_to_py,constrained_pub_only,exp,xcdr,shmem_ds,1000000,10,1,measured,292,2026-09-09T14:21:54.934308Z,156908596455001,156908596455001,-1,-1,-1,ok,
exp_constrained_pub_only_xcdr__cpp_to_py__1000000B__10Hz__shmem_ds__best_effort,publish,pub,cpp_to_py,constrained_pub_only,exp,xcdr,shmem_ds,1000000,10,1,measured,293,2026-09-09T14:21:55.034331Z,156908696452026,156908696452026,-1,-1,-1,ok,
exp_constrained_pub_only_xcdr__cpp_to_py__1000000B__10Hz__shmem_ds__best_effort,publish,pub,cpp_to_py,constrained_pub_only,exp,xcdr,shmem_ds,1000000,10,1,measured,294,2026-09-09T14:21:55.134756Z,156908796898972,156908796898972,-1,-1,-1,ok,
exp_constrained_pub_only_xcdr__cpp_to_py__1000000B__10Hz__shmem_ds__best_effort,publish,pub,cpp_to_py,constrained_pub_only,exp,xcdr,shmem_ds,1000000,10,1,measured,295,2026-09-09T14:21:55.235686Z,156908897828880,156908897828880,-1,-1,-1,ok,
exp_constrained_pub_only_xcdr__cpp_to_py__1000000B__10Hz__shmem_ds__best_effort,publish,pub,cpp_to_py,constrained_pub_only,exp,xcdr,shmem_ds,1000000,10,1,measured,296,2026-09-09T14:21:55.335519Z,156908997666603,156908997666603,-1,-1,-1,ok,
exp_constrained_pub_only_xcdr__cpp_to_py__1000000B__10Hz__shmem_ds__best_effort,publish,pub,cpp_to_py,constrained_pub_only,exp,xcdr,shmem_ds,1000000,10,1,measured,297,2026-09-09T14:21:55.434676Z,156909096802909,156909096802909,-1,-1,-1,ok,
exp_constrained_pub_only_xcdr__cpp_to_py__1000000B__10Hz__shmem_ds__best_effort,publish,pub,cpp_to_py,constrained_pub_only,exp,xcdr,shmem_ds,1000000,10,1,measured,298,2026-09-09T14:21:55.535439Z,156909197599779,156909197599779,-1,-1,-1,ok,
exp_constrained_pub_only_xcdr__cpp_to_py__1000000B__10Hz__shmem_ds__best_effort,publish,pub,cpp_to_py,constrained_pub_only,exp,xcdr,shmem_ds,1000000,10,1,measured,299,2026-09-09T14:21:55.635778Z,156909297933767,156909297933767,-1,-1,-1,ok,
exp_constrained_pub_only_xcdr__cpp_to_py__1000000B__10Hz__shmem_ds__best_effort,publish,pub,cpp_to_py,constrained_pub_only,exp,xcdr,shmem_ds,1000000,10,1,measured,300,2026-09-09T14:21:55.735787Z,156909397936407,156909397936407,-1,-1,-1,ok,
exp_constrained_pub_only_xcdr__cpp_to_py__1000000B__10Hz__shmem_ds__best_effort,receive,sub,cpp_to_py,constrained_pub_only,exp,xcdr,shmem_ds,1000000,10,1,measured,0,2026-09-09T14:21:25.748359Z,156879410455158,156879410065784,156879410455158,1788963685747893429,1788963685747950786,ok,
exp_constrained_pub_only_xcdr__cpp_to_py__1000000B__10Hz__shmem_ds__best_effort,receive,sub,cpp_to_py,constrained_pub_only,exp,xcdr,shmem_ds,1000000,10,1,measured,1,2026-09-09T14:21:25.848741Z,156879510866638,156879510623005,156879510866638,1788963685848441613,1788963685848489032,ok,
exp_constrained_pub_only_xcdr__cpp_to_py__1000000B__10Hz__shmem_ds__best_effort,receive,sub,cpp_to_py,constrained_pub_only,exp,xcdr,shmem_ds,1000000,10,1,measured,2,2026-09-09T14:21:25.949030Z,156879611163644,156879610900064,156879611163644,1788963685948717540,1788963685948762534,ok,
exp_constrained_pub_only_xcdr__cpp_to_py__1000000B__10Hz__shmem_ds__best_effort,receive,sub,cpp_to_py,constrained_pub_only,exp,xcdr,shmem_ds,1000000,10,1,measured,3,2026-09-09T14:21:26.049463Z,156879711608970,156879711430899,156879711608970,1788963686049242875,1788963686049264074,ok,
exp_constrained_pub_only_xcdr__cpp_to_py__1000000B__10Hz__shmem_ds__best_effort,receive,sub,cpp_to_py,constrained_pub_only,exp,xcdr,shmem_ds,1000000,10,1,measured,4,2026-09-09T14:21:26.148705Z,156879810851872,156879810680292,156879810851872,1788963686148491237,1788963686148514520,ok,
exp_constrained_pub_only_xcdr__cpp_to_py__1000000B__10Hz__shmem_ds__best_effort,receive,sub,cpp_to_py,constrained_pub_only,exp,xcdr,shmem_ds,1000000,10,1,measured,5,2026-09-09T14:21:26.249672Z,156879911786131,156879911533490,156879911786131,1788963686249354443,1788963686249407592,ok,
exp_constrained_pub_only_xcdr__cpp_to_py__1000000B__10Hz__shmem_ds__best_effort,receive,sub,cpp_to_py,constrained_pub_only,exp,xcdr,shmem_ds,1000000,10,1,measured,6,2026-09-09T14:21:26.348696Z,156880010834190,156880010600645,156880010834190,1788963686348416980,1788963686348456874,ok,
exp_constrained_pub_only_xcdr__cpp_to_py__1000000B__10Hz__shmem_ds__best_effort,receive,sub,cpp_to_py,constrained_pub_only,exp,xcdr,shmem_ds,1000000,10,1,measured,7,2026-09-09T14:21:26.449072Z,156880111169474,156880110867121,156880111169474,1788963686448695468,1788963686448734862,ok,
exp_constrained_pub_only_xcdr__cpp_to_py__1000000B__10Hz__shmem_ds__best_effort,receive,sub,cpp_to_py,constrained_pub_only,exp,xcdr,shmem_ds,1000000,10,1,measured,8,2026-09-09T14:21:26.548674Z,156880210809204,156880210589665,156880210809204,1788963686548406791,1788963686548447186,ok,
exp_constrained_pub_only_xcdr__cpp_to_py__1000000B__10Hz__shmem_ds__best_effort,receive,sub,cpp_to_py,constrained_pub_only,exp,xcdr,shmem_ds,1000000,10,1,measured,9,2026-09-09T14:21:26.648394Z,156880310486243,156880310171237,156880310486243,1788963686648000335,1788963686648054235,ok,
exp_constrained_pub_only_xcdr__cpp_to_py__1000000B__10Hz__shmem_ds__best_effort,receive,sub,cpp_to_py,constrained_pub_only,exp,xcdr,shmem_ds,1000000,10,1,measured,10,2026-09-09T14:21:26.747973Z,156880410116375,156880409909570,156880410116375,1788963686747723520,1788963686747756301,ok,
exp_constrained_pub_only_xcdr__cpp_to_py__1000000B__10Hz__shmem_ds__best_effort,receive,sub,cpp_to_py,constrained_pub_only,exp,xcdr,shmem_ds,1000000,10,1,measured,11,2026-09-09T14:21:26.846652Z,156880508784397,156880508561082,156880508784397,1788963686846379330,1788963686846417661,ok,
exp_constrained_pub_only_xcdr__cpp_to_py__1000000B__10Hz__shmem_ds__best_effort,receive,sub,cpp_to_py,constrained_pub_only,exp,xcdr,shmem_ds,1000000,10,1,measured,12,2026-09-09T14:21:26.946716Z,156880608849880,156880608601938,156880608849880,1788963686946419114,1788963686946445994,ok,
exp_constrained_pub_only_xcdr__cpp_to_py__1000000B__10Hz__shmem_ds__best_effort,receive,sub,cpp_to_py,constrained_pub_only,exp,xcdr,shmem_ds,1000000,10,1,measured,13,2026-09-09T14:21:27.047039Z,156880709177994,156880708989804,156880709177994,1788963687046814233,1788963687046833910,ok,
exp_constrained_pub_only_xcdr__cpp_to_py__1000000B__10Hz__shmem_ds__best_effort,receive,sub,cpp_to_py,constrained_pub_only,exp,xcdr,shmem_ds,1000000,10,1,measured,14,2026-09-09T14:21:27.147315Z,156880809455358,156880809257800,156880809455358,1788963687147074475,1788963687147100874,ok,
exp_constrained_pub_only_xcdr__cpp_to_py__1000000B__10Hz__shmem_ds__best_effort,receive,sub,cpp_to_py,constrained_pub_only,exp,xcdr,shmem_ds,1000000,10,1,measured,15,2026-09-09T14:21:27.247949Z,156880910092191,156880909905664,156880910092191,1788963687247721307,1788963687247750692,ok,
exp_constrained_pub_only_xcdr__cpp_to_py__1000000B__10Hz__shmem_ds__best_effort,receive,sub,cpp_to_py,constrained_pub_only,exp,xcdr,shmem_ds,1000000,10,1,measured,16,2026-09-09T14:21:27.348946Z,156881011070619,156881010859366,156881011070619,1788963687348677874,1788963687348703983,ok,
exp_constrained_pub_only_xcdr__cpp_to_py__1000000B__10Hz__shmem_ds__best_effort,receive,sub,cpp_to_py,constrained_pub_only,exp,xcdr,shmem_ds,1000000,10,1,measured,17,2026-09-09T14:21:27.449458Z,156881111598860,156881111378981,156881111598860,1788963687449194504,1788963687449224139,ok,
exp_constrained_pub_only_xcdr__cpp_to_py__1000000B__10Hz__shmem_ds__best_effort,receive,sub,cpp_to_py,constrained_pub_only,exp,xcdr,shmem_ds,1000000,10,1,measured,18,2026-09-09T14:21:27.549283Z,156881211416708,156881211203161,156881211416708,1788963687549020267,1788963687549053338,ok,
exp_constrained_pub_only_xcdr__cpp_to_py__1000000B__10Hz__shmem_ds__best_effort,receive,sub,cpp_to_py,constrained_pub_only,exp,xcdr,shmem_ds,1000000,10,1,measured,19,2026-09-09T14:21:27.648516Z,156881310628108,156881310373224,156881310628108,1788963687648195870,1788963687648228751,ok,
exp_constrained_pub_only_xcdr__cpp_to_py__1000000B__10Hz__shmem_ds__best_effort,receive,sub,cpp_to_py,constrained_pub_only,exp,xcdr,shmem_ds,1000000,10,1,measured,20,2026-09-09T14:21:27.747468Z,156881409615150,156881409426479,156881409615150,1788963687747239497,1788963687747265896,ok,
exp_constrained_pub_only_xcdr__cpp_to_py__1000000B__10Hz__shmem_ds__best_effort,receive,sub,cpp_to_py,constrained_pub_only,exp,xcdr,shmem_ds,1000000,10,1,measured,21,2026-09-09T14:21:27.848009Z,156881510144804,156881509919514,156881510144804,1788963687847735668,1788963687847774030,ok,
exp_constrained_pub_only_xcdr__cpp_to_py__1000000B__10Hz__shmem_ds__best_effort,receive,sub,cpp_to_py,constrained_pub_only,exp,xcdr,shmem_ds,1000000,10,1,measured,22,2026-09-09T14:21:27.947331Z,156881609467260,156881609212836,156881609467260,1788963687947030073,1788963687947067232,ok,
exp_constrained_pub_only_xcdr__cpp_to_py__1000000B__10Hz__shmem_ds__best_effort,receive,sub,cpp_to_py,constrained_pub_only,exp,xcdr,shmem_ds,1000000,10,1,measured,23,2026-09-09T14:21:28.047151Z,156881709284491,156881709082374,156881709284491,1788963688046900392,1788963688046937010,ok,
exp_constrained_pub_only_xcdr__cpp_to_py__1000000B__10Hz__shmem_ds__best_effort,receive,sub,cpp_to_py,constrained_pub_only,exp,xcdr,shmem_ds,1000000,10,1,measured,24,2026-09-09T14:21:28.146481Z,156881808592037,156881808351519,156881808592037,1788963688146175237,1788963688146214801,ok,
exp_constrained_pub_only_xcdr__cpp_to_py__1000000B__10Hz__shmem_ds__best_effort,receive,sub,cpp_to_py,constrained_pub_only,exp,xcdr,shmem_ds,1000000,10,1,measured,25,2026-09-09T14:21:28.245742Z,156881907857403,156881907645779,156881907857403,1788963688245466732,1788963688245487140,ok,
exp_constrained_pub_only_xcdr__cpp_to_py__1000000B__10Hz__shmem_ds__best_effort,receive,sub,cpp_to_py,constrained_pub_only,exp,xcdr,shmem_ds,1000000,10,1,measured,26,2026-09-09T14:21:28.344755Z,156882006903452,156882006746971,156882006903452,1788963688344559969,1788963688344584224,ok,
exp_constrained_pub_only_xcdr__cpp_to_py__1000000B__10Hz__shmem_ds__best_effort,receive,sub,cpp_to_py,constrained_pub_only,exp,xcdr,shmem_ds,1000000,10,1,measured,27,2026-09-09T14:21:28.444949Z,156882107082200,156882106885253,156882107082200,1788963688444700415,1788963688444727536,ok,
exp_constrained_pub_only_xcdr__cpp_to_py__1000000B__10Hz__shmem_ds__best_effort,receive,sub,cpp_to_py,constrained_pub_only,exp,xcdr,shmem_ds,1000000,10,1,measured,28,2026-09-09T14:21:28.544976Z,156882207080912,156882206780784,156882207080912,1788963688544605954,1788963688544655597,ok,
exp_constrained_pub_only_xcdr__cpp_to_py__1000000B__10Hz__shmem_ds__best_effort,receive,sub,cpp_to_py,constrained_pub_only,exp,xcdr,shmem_ds,1000000,10,1,measured,29,2026-09-09T14:21:28.645559Z,156882307651448,156882307333056,156882307651448,1788963688645163306,1788963688645217076,ok,
exp_constrained_pub_only_xcdr__cpp_to_py__1000000B__10Hz__shmem_ds__best_effort,receive,sub,cpp_to_py,constrained_pub_only,exp,xcdr,shmem_ds,1000000,10,1,measured,30,2026-09-09T14:21:28.744698Z,156882406811309,156882406577484,156882406811309,1788963688744397525,1788963688744440565,ok,
exp_constrained_pub_only_xcdr__cpp_to_py__1000000B__10Hz__shmem_ds__best_effort,receive,sub,cpp_to_py,constrained_pub_only,exp,xcdr,shmem_ds,1000000,10,1,measured,31,2026-09-09T14:21:28.845290Z,156882507381244,156882507078901,156882507381244,1788963688844908680,1788963688844966608,ok,
exp_constrained_pub_only_xcdr__cpp_to_py__1000000B__10Hz__shmem_ds__best_effort,receive,sub,cpp_to_py,constrained_pub_only,exp,xcdr,shmem_ds,1000000,10,1,measured,32,2026-09-09T14:21:28.944752Z,156882606885245,156882606623197,156882606885245,1788963688944441044,1788963688944481630,ok,
exp_constrained_pub_only_xcdr__cpp_to_py__1000000B__10Hz__shmem_ds__best_effort,receive,sub,cpp_to_py,constrained_pub_only,exp,xcdr,shmem_ds,1000000,10,1,measured,33,2026-09-09T14:21:29.045306Z,156882707423093,156882707186122,156882707423093,1788963689045006544,1788963689045050085,ok,
exp_constrained_pub_only_xcdr__cpp_to_py__1000000B__10Hz__shmem_ds__best_effort,receive,sub,cpp_to_py,constrained_pub_only,exp,xcdr,shmem_ds,1000000,10,1,measured,34,2026-09-09T14:21:29.145731Z,156882807878793,156882807731859,156882807878793,1788963689145543625,1788963689145559264,ok,
exp_constrained_pub_only_xcdr__cpp_to_py__1000000B__10Hz__shmem_ds__best_effort,receive,sub,cpp_to_py,constrained_pub_only,exp,xcdr,shmem_ds,1000000,10,1,measured,35,2026-09-09T14:21:29.245164Z,156882907254212,156882906909310,156882907254212,1788963689244740051,1788963689244800363,ok,
exp_constrained_pub_only_xcdr__cpp_to_py__1000000B__10Hz__shmem_ds__best_effort,receive,sub,cpp_to_py,constrained_pub_only,exp,xcdr,shmem_ds,1000000,10,1,measured,36,2026-09-09T14:21:29.345699Z,156883007844752,156883007671259,156883007844752,1788963689345484167,1788963689345513492,ok,
exp_constrained_pub_only_xcdr__cpp_to_py__1000000B__10Hz__shmem_ds__best_effort,receive,sub,cpp_to_py,constrained_pub_only,exp,xcdr,shmem_ds,1000000,10,1,measured,37,2026-09-09T14:21:29.446253Z,156883108382713,156883108172202,156883108382713,1788963689445985931,1788963689446017580,ok,
exp_constrained_pub_only_xcdr__cpp_to_py__1000000B__10Hz__shmem_ds__best_effort,receive,sub,cpp_to_py,constrained_pub_only,exp,xcdr,shmem_ds,1000000,10,1,measured,38,2026-09-09T14:21:29.546081Z,156883208218600,156883207997969,156883208218600,1788963689545824703,1788963689545860239,ok,
exp_constrained_pub_only_xcdr__cpp_to_py__1000000B__10Hz__shmem_ds__best_effort,receive,sub,cpp_to_py,constrained_pub_only,exp,xcdr,shmem_ds,1000000,10,1,measured,39,2026-09-09T14:21:29.645885Z,156883307973525,156883307676643,156883307973525,1788963689645505000,1788963689645562166,ok,
exp_constrained_pub_only_xcdr__cpp_to_py__1000000B__10Hz__shmem_ds__best_effort,receive,sub,cpp_to_py,constrained_pub_only,exp,xcdr,shmem_ds,1000000,10,1,measured,40,2026-09-09T14:21:29.744863Z,156883406940653,156883406696168,156883406940653,1788963689744517943,1788963689744561303,ok,
exp_constrained_pub_only_xcdr__cpp_to_py__1000000B__10Hz__shmem_ds__best_effort,receive,sub,cpp_to_py,constrained_pub_only,exp,xcdr,shmem_ds,1000000,10,1,measured,41,2026-09-09T14:21:29.845353Z,156883507445575,156883507130278,156883507445575,1788963689844960138,1788963689845019558,ok,
exp_constrained_pub_only_xcdr__cpp_to_py__1000000B__10Hz__shmem_ds__best_effort,receive,sub,cpp_to_py,constrained_pub_only,exp,xcdr,shmem_ds,1000000,10,1,measured,42,2026-09-09T14:21:29.945068Z,156883607201742,156883606952918,156883607201742,1788963689944770535,1788963689944813255,ok,
exp_constrained_pub_only_xcdr__cpp_to_py__1000000B__10Hz__shmem_ds__best_effort,receive,sub,cpp_to_py,constrained_pub_only,exp,xcdr,shmem_ds,1000000,10,1,measured,43,2026-09-09T14:21:30.045215Z,156883707335215,156883707110637,156883707335215,1788963690044929396,1788963690044956076,ok,
exp_constrained_pub_only_xcdr__cpp_to_py__1000000B__10Hz__shmem_ds__best_effort,receive,sub,cpp_to_py,constrained_pub_only,exp,xcdr,shmem_ds,1000000,10,1,measured,44,2026-09-09T14:21:30.145105Z,156883807245866,156883807007904,156883807245866,1788963690144827153,1788963690144861768,ok,
exp_constrained_pub_only_xcdr__cpp_to_py__1000000B__10Hz__shmem_ds__best_effort,receive,sub,cpp_to_py,constrained_pub_only,exp,xcdr,shmem_ds,1000000,10,1,measured,45,2026-09-09T14:21:30.244677Z,156883906783083,156883906504314,156883906783083,1788963690244330026,1788963690244371714,ok,
exp_constrained_pub_only_xcdr__cpp_to_py__1000000B__10Hz__shmem_ds__best_effort,receive,sub,cpp_to_py,constrained_pub_only,exp,xcdr,shmem_ds,1000000,10,1,measured,46,2026-09-09T14:21:30.344668Z,156884006810172,156884006620730,156884006810172,1788963690344430131,1788963690344458063,ok,
exp_constrained_pub_only_xcdr__cpp_to_py__1000000B__10Hz__shmem_ds__best_effort,receive,sub,cpp_to_py,constrained_pub_only,exp,xcdr,shmem_ds,1000000,10,1,measured,47,2026-09-09T14:21:30.444858Z,156884106945573,156884106666684,156884106945573,1788963690444479672,1788963690444516641,ok,
exp_constrained_pub_only_xcdr__cpp_to_py__1000000B__10Hz__shmem_ds__best_effort,receive,sub,cpp_to_py,constrained_pub_only,exp,xcdr,shmem_ds,1000000,10,1,measured,48,2026-09-09T14:21:30.544636Z,156884206738676,156884206460037,156884206738676,1788963690544283986,1788963690544328448,ok,
exp_constrained_pub_only_xcdr__cpp_to_py__1000000B__10Hz__shmem_ds__best_effort,receive,sub,cpp_to_py,constrained_pub_only,exp,xcdr,shmem_ds,1000000,10,1,measured,49,2026-09-09T14:21:30.645068Z,156884307127368,156884306802944,156884307127368,1788963690644630950,1788963690644674611,ok,
exp_constrained_pub_only_xcdr__cpp_to_py__1000000B__10Hz__shmem_ds__best_effort,receive,sub,cpp_to_py,constrained_pub_only,exp,xcdr,shmem_ds,1000000,10,1,measured,50,2026-09-09T14:21:30.744751Z,156884406874465,156884406633897,156884406874465,1788963690744457806,1788963690744488092,ok,
exp_constrained_pub_only_xcdr__cpp_to_py__1000000B__10Hz__shmem_ds__best_effort,receive,sub,cpp_to_py,constrained_pub_only,exp,xcdr,shmem_ds,1000000,10,1,measured,51,2026-09-09T14:21:30.844768Z,156884506834008,156884506506699,156884506834008,1788963690844337220,1788963690844393364,ok,
exp_constrained_pub_only_xcdr__cpp_to_py__1000000B__10Hz__shmem_ds__best_effort,receive,sub,cpp_to_py,constrained_pub_only,exp,xcdr,shmem_ds,1000000,10,1,measured,52,2026-09-09T14:21:30.943625Z,156884605772351,156884605595392,156884605772351,1788963690943405765,1788963690943429800,ok,
exp_constrained_pub_only_xcdr__cpp_to_py__1000000B__10Hz__shmem_ds__best_effort,receive,sub,cpp_to_py,constrained_pub_only,exp,xcdr,shmem_ds,1000000,10,1,measured,53,2026-09-09T14:21:31.042876Z,156884704996117,156884704762823,156884704996117,1788963691042581422,1788963691042623710,ok,
exp_constrained_pub_only_xcdr__cpp_to_py__1000000B__10Hz__shmem_ds__best_effort,receive,sub,cpp_to_py,constrained_pub_only,exp,xcdr,shmem_ds,1000000,10,1,measured,54,2026-09-09T14:21:31.143449Z,156884805587132,156884805399192,156884805587132,1788963691143216218,1788963691143243298,ok,
exp_constrained_pub_only_xcdr__cpp_to_py__1000000B__10Hz__shmem_ds__best_effort,receive,sub,cpp_to_py,constrained_pub_only,exp,xcdr,shmem_ds,1000000,10,1,measured,55,2026-09-09T14:21:31.243447Z,156884905576036,156884905363150,156884905576036,1788963691243181258,1788963691243221352,ok,
exp_constrained_pub_only_xcdr__cpp_to_py__1000000B__10Hz__shmem_ds__best_effort,receive,sub,cpp_to_py,constrained_pub_only,exp,xcdr,shmem_ds,1000000,10,1,measured,56,2026-09-09T14:21:31.343338Z,156885005471477,156885005253681,156885005471477,1788963691343072220,1788963691343112765,ok,
exp_constrained_pub_only_xcdr__cpp_to_py__1000000B__10Hz__shmem_ds__best_effort,receive,sub,cpp_to_py,constrained_pub_only,exp,xcdr,shmem_ds,1000000,10,1,measured,57,2026-09-09T14:21:31.444388Z,156885106505216,156885106291959,156885106505216,1788963691444105799,1788963691444142327,ok,
exp_constrained_pub_only_xcdr__cpp_to_py__1000000B__10Hz__shmem_ds__best_effort,receive,sub,cpp_to_py,constrained_pub_only,exp,xcdr,shmem_ds,1000000,10,1,measured,58,2026-09-09T14:21:31.544507Z,156885206643789,156885206447042,156885206643789,1788963691544255953,1788963691544283434,ok,
exp_constrained_pub_only_xcdr__cpp_to_py__1000000B__10Hz__shmem_ds__best_effort,receive,sub,cpp_to_py,constrained_pub_only,exp,xcdr,shmem_ds,1000000,10,1,measured,59,2026-09-09T14:21:31.644875Z,156885306967386,156885306725806,156885306967386,1788963691644539896,1788963691644575994,ok,
exp_constrained_pub_only_xcdr__cpp_to_py__1000000B__10Hz__shmem_ds__best_effort,receive,sub,cpp_to_py,constrained_pub_only,exp,xcdr,shmem_ds,1000000,10,1,measured,60,2026-09-09T14:21:31.745014Z,156885407133670,156885406895517,156885407133670,1788963691744713905,1788963691744751505,ok,
exp_constrained_pub_only_xcdr__cpp_to_py__1000000B__10Hz__shmem_ds__best_effort,receive,sub,cpp_to_py,constrained_pub_only,exp,xcdr,shmem_ds,1000000,10,1,measured,61,2026-09-09T14:21:31.845722Z,156885507850960,156885507557314,156885507850960,1788963691845375111,1788963691845424813,ok,
exp_constrained_pub_only_xcdr__cpp_to_py__1000000B__10Hz__shmem_ds__best_effort,receive,sub,cpp_to_py,constrained_pub_only,exp,xcdr,shmem_ds,1000000,10,1,measured,62,2026-09-09T14:21:31.945562Z,156885607698732,156885607486787,156885607698732,1788963691945303182,1788963691945342886,ok,
exp_constrained_pub_only_xcdr__cpp_to_py__1000000B__10Hz__shmem_ds__best_effort,receive,sub,cpp_to_py,constrained_pub_only,exp,xcdr,shmem_ds,1000000,10,1,measured,63,2026-09-09T14:21:32.046192Z,156885708302503,156885708120033,156885708302503,1788963692045932751,1788963692045961274,ok,
exp_constrained_pub_only_xcdr__cpp_to_py__1000000B__10Hz__shmem_ds__best_effort,receive,sub,cpp_to_py,constrained_pub_only,exp,xcdr,shmem_ds,1000000,10,1,measured,64,2026-09-09T14:21:32.146145Z,156885808284462,156885808110247,156885808284462,1788963692145924017,1788963692145948022,ok,
exp_constrained_pub_only_xcdr__cpp_to_py__1000000B__10Hz__shmem_ds__best_effort,receive,sub,cpp_to_py,constrained_pub_only,exp,xcdr,shmem_ds,1000000,10,1,measured,65,2026-09-09T14:21:32.246099Z,156885908241764,156885908052852,156885908241764,1788963692245870008,1788963692245903390,ok,
exp_constrained_pub_only_xcdr__cpp_to_py__1000000B__10Hz__shmem_ds__best_effort,receive,sub,cpp_to_py,constrained_pub_only,exp,xcdr,shmem_ds,1000000,10,1,measured,66,2026-09-09T14:21:32.345695Z,156886007837704,156886007649964,156886007837704,1788963692345464706,1788963692345494912,ok,
exp_constrained_pub_only_xcdr__cpp_to_py__1000000B__10Hz__shmem_ds__best_effort,receive,sub,cpp_to_py,constrained_pub_only,exp,xcdr,shmem_ds,1000000,10,1,measured,67,2026-09-09T14:21:32.445438Z,156886107562182,156886107350257,156886107562182,1788963692445168575,1788963692445202649,ok,
exp_constrained_pub_only_xcdr__cpp_to_py__1000000B__10Hz__shmem_ds__best_effort,receive,sub,cpp_to_py,constrained_pub_only,exp,xcdr,shmem_ds,1000000,10,1,measured,68,2026-09-09T14:21:32.545394Z,156886207527640,156886207309233,156886207527640,1788963692545129285,1788963692545170161,ok,
exp_constrained_pub_only_xcdr__cpp_to_py__1000000B__10Hz__shmem_ds__best_effort,receive,sub,cpp_to_py,constrained_pub_only,exp,xcdr,shmem_ds,1000000,10,1,measured,69,2026-09-09T14:21:32.645349Z,156886307447021,156886307149778,156886307447021,1788963692644985027,1788963692645043025,ok,
exp_constrained_pub_only_xcdr__cpp_to_py__1000000B__10Hz__shmem_ds__best_effort,receive,sub,cpp_to_py,constrained_pub_only,exp,xcdr,shmem_ds,1000000,10,1,measured,70,2026-09-09T14:21:32.745582Z,156886407719019,156886407524577,156886407719019,1788963692745341844,1788963692745377279,ok,
exp_constrained_pub_only_xcdr__cpp_to_py__1000000B__10Hz__shmem_ds__best_effort,receive,sub,cpp_to_py,constrained_pub_only,exp,xcdr,shmem_ds,1000000,10,1,measured,71,2026-09-09T14:21:32.845219Z,156886507350144,156886507122671,156886507350144,1788963692844942542,1788963692844984079,ok,
exp_constrained_pub_only_xcdr__cpp_to_py__1000000B__10Hz__shmem_ds__best_effort,receive,sub,cpp_to_py,constrained_pub_only,exp,xcdr,shmem_ds,1000000,10,1,measured,72,2026-09-09T14:21:32.945607Z,156886607742907,156886607504514,156886607742907,1788963692945320447,1788963692945351054,ok,
exp_constrained_pub_only_xcdr__cpp_to_py__1000000B__10Hz__shmem_ds__best_effort,receive,sub,cpp_to_py,constrained_pub_only,exp,xcdr,shmem_ds,1000000,10,1,measured,73,2026-09-09T14:21:33.046164Z,156886708286515,156886708057067,156886708286515,1788963693045874233,1788963693045905762,ok,
exp_constrained_pub_only_xcdr__cpp_to_py__1000000B__10Hz__shmem_ds__best_effort,receive,sub,cpp_to_py,constrained_pub_only,exp,xcdr,shmem_ds,1000000,10,1,measured,74,2026-09-09T14:21:33.146414Z,156886808558229,156886808345984,156886808558229,1788963693146165615,1788963693146198826,ok,
exp_constrained_pub_only_xcdr__cpp_to_py__1000000B__10Hz__shmem_ds__best_effort,receive,sub,cpp_to_py,constrained_pub_only,exp,xcdr,shmem_ds,1000000,10,1,measured,75,2026-09-09T14:21:33.246956Z,156886909099255,156886908900154,156886909099255,1788963693246712251,1788963693246740092,ok,
exp_constrained_pub_only_xcdr__cpp_to_py__1000000B__10Hz__shmem_ds__best_effort,receive,sub,cpp_to_py,constrained_pub_only,exp,xcdr,shmem_ds,1000000,10,1,measured,76,2026-09-09T14:21:33.347586Z,156887009717394,156887009484049,156887009717394,1788963693347302518,1788963693347341791,ok,
exp_constrained_pub_only_xcdr__cpp_to_py__1000000B__10Hz__shmem_ds__best_effort,receive,sub,cpp_to_py,constrained_pub_only,exp,xcdr,shmem_ds,1000000,10,1,measured,77,2026-09-09T14:21:33.447840Z,156887109968350,156887109778075,156887109968350,1788963693447590893,1788963693447618244,ok,
exp_constrained_pub_only_xcdr__cpp_to_py__1000000B__10Hz__shmem_ds__best_effort,receive,sub,cpp_to_py,constrained_pub_only,exp,xcdr,shmem_ds,1000000,10,1,measured,78,2026-09-09T14:21:33.548651Z,156887210753200,156887210448923,156887210753200,1788963693548275156,1788963693548330610,ok,
exp_constrained_pub_only_xcdr__cpp_to_py__1000000B__10Hz__shmem_ds__best_effort,receive,sub,cpp_to_py,constrained_pub_only,exp,xcdr,shmem_ds,1000000,10,1,measured,79,2026-09-09T14:21:33.648238Z,156887310352402,156887310175282,156887310352402,1788963693647990625,1788963693648020040,ok,
exp_constrained_pub_only_xcdr__cpp_to_py__1000000B__10Hz__shmem_ds__best_effort,receive,sub,cpp_to_py,constrained_pub_only,exp,xcdr,shmem_ds,1000000,10,1,measured,80,2026-09-09T14:21:33.749105Z,156887411247687,156887411058395,156887411247687,1788963693748871594,1788963693748905457,ok,
exp_constrained_pub_only_xcdr__cpp_to_py__1000000B__10Hz__shmem_ds__best_effort,receive,sub,cpp_to_py,constrained_pub_only,exp,xcdr,shmem_ds,1000000,10,1,measured,81,2026-09-09T14:21:33.848939Z,156887511041052,156887510746153,156887511041052,1788963693848578737,1788963693848632157,ok,
exp_constrained_pub_only_xcdr__cpp_to_py__1000000B__10Hz__shmem_ds__best_effort,receive,sub,cpp_to_py,constrained_pub_only,exp,xcdr,shmem_ds,1000000,10,1,measured,82,2026-09-09T14:21:33.948479Z,156887610615127,156887610385850,156887610615127,1788963693948204679,1788963693948246227,ok,
exp_constrained_pub_only_xcdr__cpp_to_py__1000000B__10Hz__shmem_ds__best_effort,receive,sub,cpp_to_py,constrained_pub_only,exp,xcdr,shmem_ds,1000000,10,1,measured,83,2026-09-09T14:21:34.049140Z,156887711252425,156887710952236,156887711252425,1788963694048777377,1788963694048853279,ok,
exp_constrained_pub_only_xcdr__cpp_to_py__1000000B__10Hz__shmem_ds__best_effort,receive,sub,cpp_to_py,constrained_pub_only,exp,xcdr,shmem_ds,1000000,10,1,measured,84,2026-09-09T14:21:34.149214Z,156887811343050,156887811122499,156887811343050,1788963694148946858,1788963694148985290,ok,
exp_constrained_pub_only_xcdr__cpp_to_py__1000000B__10Hz__shmem_ds__best_effort,receive,sub,cpp_to_py,constrained_pub_only,exp,xcdr,shmem_ds,1000000,10,1,measured,85,2026-09-09T14:21:34.248705Z,156887910860176,156887910706039,156887910860176,1788963694248519498,1788963694248544124,ok,
exp_constrained_pub_only_xcdr__cpp_to_py__1000000B__10Hz__shmem_ds__best_effort,receive,sub,cpp_to_py,constrained_pub_only,exp,xcdr,shmem_ds,1000000,10,1,measured,86,2026-09-09T14:21:34.348021Z,156888010169726,156888009986034,156888010169726,1788963694347799573,1788963694347832224,ok,
exp_constrained_pub_only_xcdr__cpp_to_py__1000000B__10Hz__shmem_ds__best_effort,receive,sub,cpp_to_py,constrained_pub_only,exp,xcdr,shmem_ds,1000000,10,1,measured,87,2026-09-09T14:21:34.448339Z,156888110476252,156888110254158,156888110476252,1788963694448070302,1788963694448107832,ok,
exp_constrained_pub_only_xcdr__cpp_to_py__1000000B__10Hz__shmem_ds__best_effort,receive,sub,cpp_to_py,constrained_pub_only,exp,xcdr,shmem_ds,1000000,10,1,measured,88,2026-09-09T14:21:34.548707Z,156888210803867,156888210504109,156888210803867,1788963694548331033,1788963694548386336,ok,
exp_constrained_pub_only_xcdr__cpp_to_py__1000000B__10Hz__shmem_ds__best_effort,receive,sub,cpp_to_py,constrained_pub_only,exp,xcdr,shmem_ds,1000000,10,1,measured,89,2026-09-09T14:21:34.648523Z,156888310657800,156888310465412,156888310657800,1788963694648282588,1788963694648315490,ok,
exp_constrained_pub_only_xcdr__cpp_to_py__1000000B__10Hz__shmem_ds__best_effort,receive,sub,cpp_to_py,constrained_pub_only,exp,xcdr,shmem_ds,1000000,10,1,measured,90,2026-09-09T14:21:34.748702Z,156888410848521,156888410689234,156888410848521,1788963694748501852,1788963694748529523,ok,
exp_constrained_pub_only_xcdr__cpp_to_py__1000000B__10Hz__shmem_ds__best_effort,receive,sub,cpp_to_py,constrained_pub_only,exp,xcdr,shmem_ds,1000000,10,1,measured,91,2026-09-09T14:21:34.847969Z,156888510104912,156888509881466,156888510104912,1788963694847698081,1788963694847730782,ok,
exp_constrained_pub_only_xcdr__cpp_to_py__1000000B__10Hz__shmem_ds__best_effort,receive,sub,cpp_to_py,constrained_pub_only,exp,xcdr,shmem_ds,1000000,10,1,measured,92,2026-09-09T14:21:34.947582Z,156888609721884,156888609526651,156888609721884,1788963694947339749,1788963694947368653,ok,
exp_constrained_pub_only_xcdr__cpp_to_py__1000000B__10Hz__shmem_ds__best_effort,receive,sub,cpp_to_py,constrained_pub_only,exp,xcdr,shmem_ds,1000000,10,1,measured,93,2026-09-09T14:21:35.048178Z,156888710290371,156888710072706,156888710290371,1788963695047885654,1788963695047921310,ok,
exp_constrained_pub_only_xcdr__cpp_to_py__1000000B__10Hz__shmem_ds__best_effort,receive,sub,cpp_to_py,constrained_pub_only,exp,xcdr,shmem_ds,1000000,10,1,measured,94,2026-09-09T14:21:35.148229Z,156888810376023,156888810228708,156888810376023,1788963695148036296,1788963695148059410,ok,
exp_constrained_pub_only_xcdr__cpp_to_py__1000000B__10Hz__shmem_ds__best_effort,receive,sub,cpp_to_py,constrained_pub_only,exp,xcdr,shmem_ds,1000000,10,1,measured,95,2026-09-09T14:21:35.248082Z,156888910229792,156888910050238,156888910229792,1788963695247865521,1788963695247891639,ok,
exp_constrained_pub_only_xcdr__cpp_to_py__1000000B__10Hz__shmem_ds__best_effort,receive,sub,cpp_to_py,constrained_pub_only,exp,xcdr,shmem_ds,1000000,10,1,measured,96,2026-09-09T14:21:35.348926Z,156889011074758,156889010911854,156889011074758,1788963695348721957,1788963695348749899,ok,
exp_constrained_pub_only_xcdr__cpp_to_py__1000000B__10Hz__shmem_ds__best_effort,receive,sub,cpp_to_py,constrained_pub_only,exp,xcdr,shmem_ds,1000000,10,1,measured,97,2026-09-09T14:21:35.449587Z,156889111719560,156889111508427,156889111719560,1788963695449326285,1788963695449363664,ok,
exp_constrained_pub_only_xcdr__cpp_to_py__1000000B__10Hz__shmem_ds__best_effort,receive,sub,cpp_to_py,constrained_pub_only,exp,xcdr,shmem_ds,1000000,10,1,measured,98,2026-09-09T14:21:35.549152Z,156889211259836,156889210968735,156889211259836,1788963695548791291,1788963695548854839,ok,
exp_constrained_pub_only_xcdr__cpp_to_py__1000000B__10Hz__shmem_ds__best_effort,receive,sub,cpp_to_py,constrained_pub_only,exp,xcdr,shmem_ds,1000000,10,1,measured,99,2026-09-09T14:21:35.648952Z,156889311098859,156889310909557,156889311098859,1788963695648722294,1788963695648747952,ok,
exp_constrained_pub_only_xcdr__cpp_to_py__1000000B__10Hz__shmem_ds__best_effort,receive,sub,cpp_to_py,constrained_pub_only,exp,xcdr,shmem_ds,1000000,10,1,measured,100,2026-09-09T14:21:35.748173Z,156889410321514,156889410164181,156889410321514,1788963695747976248,1788963695748002396,ok,
exp_constrained_pub_only_xcdr__cpp_to_py__1000000B__10Hz__shmem_ds__best_effort,receive,sub,cpp_to_py,constrained_pub_only,exp,xcdr,shmem_ds,1000000,10,1,measured,101,2026-09-09T14:21:35.849038Z,156889511146892,156889510851392,156889511146892,1788963695848674700,1788963695848728760,ok,
exp_constrained_pub_only_xcdr__cpp_to_py__1000000B__10Hz__shmem_ds__best_effort,receive,sub,cpp_to_py,constrained_pub_only,exp,xcdr,shmem_ds,1000000,10,1,measured,102,2026-09-09T14:21:35.948341Z,156889610473581,156889610224768,156889610473581,1788963695948042585,1788963695948081408,ok,
exp_constrained_pub_only_xcdr__cpp_to_py__1000000B__10Hz__shmem_ds__best_effort,receive,sub,cpp_to_py,constrained_pub_only,exp,xcdr,shmem_ds,1000000,10,1,measured,103,2026-09-09T14:21:36.047445Z,156889709583189,156889709393776,156889709583189,1788963696047211153,1788963696047248292,ok,
exp_constrained_pub_only_xcdr__cpp_to_py__1000000B__10Hz__shmem_ds__best_effort,receive,sub,cpp_to_py,constrained_pub_only,exp,xcdr,shmem_ds,1000000,10,1,measured,104,2026-09-09T14:21:36.148474Z,156889810575997,156889810272382,156889810575997,1788963696148102802,1788963696148157905,ok,
exp_constrained_pub_only_xcdr__cpp_to_py__1000000B__10Hz__shmem_ds__best_effort,receive,sub,cpp_to_py,constrained_pub_only,exp,xcdr,shmem_ds,1000000,10,1,measured,105,2026-09-09T14:21:36.248330Z,156889910456283,156889910223520,156889910456283,1788963696248043090,1788963696248080330,ok,
exp_constrained_pub_only_xcdr__cpp_to_py__1000000B__10Hz__shmem_ds__best_effort,receive,sub,cpp_to_py,constrained_pub_only,exp,xcdr,shmem_ds,1000000,10,1,measured,106,2026-09-09T14:21:36.347506Z,156890009604927,156890009341356,156890009604927,1788963696347159985,1788963696347198476,ok,
exp_constrained_pub_only_xcdr__cpp_to_py__1000000B__10Hz__shmem_ds__best_effort,receive,sub,cpp_to_py,constrained_pub_only,exp,xcdr,shmem_ds,1000000,10,1,measured,107,2026-09-09T14:21:36.447844Z,156890109969615,156890109746740,156890109969615,1788963696447565308,1788963696447603129,ok,
exp_constrained_pub_only_xcdr__cpp_to_py__1000000B__10Hz__shmem_ds__best_effort,receive,sub,cpp_to_py,constrained_pub_only,exp,xcdr,shmem_ds,1000000,10,1,measured,108,2026-09-09T14:21:36.547292Z,156890209394242,156890209091869,156890209394242,1788963696546921018,1788963696546976832,ok,
exp_constrained_pub_only_xcdr__cpp_to_py__1000000B__10Hz__shmem_ds__best_effort,receive,sub,cpp_to_py,constrained_pub_only,exp,xcdr,shmem_ds,1000000,10,1,measured,109,2026-09-09T14:21:36.647536Z,156890309666569,156890309438003,156890309666569,1788963696647258495,1788963696647293210,ok,
exp_constrained_pub_only_xcdr__cpp_to_py__1000000B__10Hz__shmem_ds__best_effort,receive,sub,cpp_to_py,constrained_pub_only,exp,xcdr,shmem_ds,1000000,10,1,measured,110,2026-09-09T14:21:36.747813Z,156890409926351,156890409703867,156890409926351,1788963696747516665,1788963696747546600,ok,
exp_constrained_pub_only_xcdr__cpp_to_py__1000000B__10Hz__shmem_ds__best_effort,receive,sub,cpp_to_py,constrained_pub_only,exp,xcdr,shmem_ds,1000000,10,1,measured,111,2026-09-09T14:21:36.847544Z,156890509641240,156890509356049,156890509641240,1788963696847175699,1788963696847214181,ok,
exp_constrained_pub_only_xcdr__cpp_to_py__1000000B__10Hz__shmem_ds__best_effort,receive,sub,cpp_to_py,constrained_pub_only,exp,xcdr,shmem_ds,1000000,10,1,measured,112,2026-09-09T14:21:36.947989Z,156890610128896,156890609881556,156890610128896,1788963696947698021,1788963696947736592,ok,
exp_constrained_pub_only_xcdr__cpp_to_py__1000000B__10Hz__shmem_ds__best_effort,receive,sub,cpp_to_py,constrained_pub_only,exp,xcdr,shmem_ds,1000000,10,1,measured,113,2026-09-09T14:21:37.049000Z,156890711113901,156890710847445,156890711113901,1788963697048669530,1788963697048712160,ok,
exp_constrained_pub_only_xcdr__cpp_to_py__1000000B__10Hz__shmem_ds__best_effort,receive,sub,cpp_to_py,constrained_pub_only,exp,xcdr,shmem_ds,1000000,10,1,measured,114,2026-09-09T14:21:37.150005Z,156890812118067,156890811837194,156890812118067,1788963697149662716,1788963697149707880,ok,
exp_constrained_pub_only_xcdr__cpp_to_py__1000000B__10Hz__shmem_ds__best_effort,receive,sub,cpp_to_py,constrained_pub_only,exp,xcdr,shmem_ds,1000000,10,1,measured,115,2026-09-09T14:21:37.249702Z,156890911831408,156890911609746,156890911831408,1788963697249430979,1788963697249462568,ok,
exp_constrained_pub_only_xcdr__cpp_to_py__1000000B__10Hz__shmem_ds__best_effort,receive,sub,cpp_to_py,constrained_pub_only,exp,xcdr,shmem_ds,1000000,10,1,measured,116,2026-09-09T14:21:37.349431Z,156891011573244,156891011352373,156891011573244,1788963697349175921,1788963697349212208,ok,
exp_constrained_pub_only_xcdr__cpp_to_py__1000000B__10Hz__shmem_ds__best_effort,receive,sub,cpp_to_py,constrained_pub_only,exp,xcdr,shmem_ds,1000000,10,1,measured,117,2026-09-09T14:21:37.450142Z,156891112273664,156891112027916,156891112273664,1788963697449847507,1788963697449880598,ok,
exp_constrained_pub_only_xcdr__cpp_to_py__1000000B__10Hz__shmem_ds__best_effort,receive,sub,cpp_to_py,constrained_pub_only,exp,xcdr,shmem_ds,1000000,10,1,measured,118,2026-09-09T14:21:37.550542Z,156891212677421,156891212471808,156891212677421,1788963697550290377,1788963697550330732,ok,
exp_constrained_pub_only_xcdr__cpp_to_py__1000000B__10Hz__shmem_ds__best_effort,receive,sub,cpp_to_py,constrained_pub_only,exp,xcdr,shmem_ds,1000000,10,1,measured,119,2026-09-09T14:21:37.650879Z,156891313017600,156891312784366,156891313017600,1788963697650603405,1788963697650647628,ok,
exp_constrained_pub_only_xcdr__cpp_to_py__1000000B__10Hz__shmem_ds__best_effort,receive,sub,cpp_to_py,constrained_pub_only,exp,xcdr,shmem_ds,1000000,10,1,measured,120,2026-09-09T14:21:37.751604Z,156891413743957,156891413540298,156891413743957,1788963697751358406,1788963697751395064,ok,
exp_constrained_pub_only_xcdr__cpp_to_py__1000000B__10Hz__shmem_ds__best_effort,receive,sub,cpp_to_py,constrained_pub_only,exp,xcdr,shmem_ds,1000000,10,1,measured,121,2026-09-09T14:21:37.850739Z,156891512879765,156891512687477,156891512879765,1788963697850504382,1788963697850541822,ok,
exp_constrained_pub_only_xcdr__cpp_to_py__1000000B__10Hz__shmem_ds__best_effort,receive,sub,cpp_to_py,constrained_pub_only,exp,xcdr,shmem_ds,1000000,10,1,measured,122,2026-09-09T14:21:37.950636Z,156891612772400,156891612462223,156891612772400,1788963697950289347,1788963697950352966,ok,
exp_constrained_pub_only_xcdr__cpp_to_py__1000000B__10Hz__shmem_ds__best_effort,receive,sub,cpp_to_py,constrained_pub_only,exp,xcdr,shmem_ds,1000000,10,1,measured,123,2026-09-09T14:21:38.050134Z,156891712269563,156891712032471,156891712269563,1788963698049855679,1788963698049896735,ok,
exp_constrained_pub_only_xcdr__cpp_to_py__1000000B__10Hz__shmem_ds__best_effort,receive,sub,cpp_to_py,constrained_pub_only,exp,xcdr,shmem_ds,1000000,10,1,measured,124,2026-09-09T14:21:38.149901Z,156891812041080,156891811804460,156891812041080,1788963698149624521,1788963698149662091,ok,
exp_constrained_pub_only_xcdr__cpp_to_py__1000000B__10Hz__shmem_ds__best_effort,receive,sub,cpp_to_py,constrained_pub_only,exp,xcdr,shmem_ds,1000000,10,1,measured,125,2026-09-09T14:21:38.249294Z,156891911437789,156891911190018,156891911437789,1788963698249026420,1788963698249080791,ok,
exp_constrained_pub_only_xcdr__cpp_to_py__1000000B__10Hz__shmem_ds__best_effort,receive,sub,cpp_to_py,constrained_pub_only,exp,xcdr,shmem_ds,1000000,10,1,measured,126,2026-09-09T14:21:38.349841Z,156892011973549,156892011762376,156892011973549,1788963698349579302,1788963698349615389,ok,
exp_constrained_pub_only_xcdr__cpp_to_py__1000000B__10Hz__shmem_ds__best_effort,receive,sub,cpp_to_py,constrained_pub_only,exp,xcdr,shmem_ds,1000000,10,1,measured,127,2026-09-09T14:21:38.449753Z,156892111913451,156892111766096,156892111913451,1788963698449578654,1788963698449605403,ok,
exp_constrained_pub_only_xcdr__cpp_to_py__1000000B__10Hz__shmem_ds__best_effort,receive,sub,cpp_to_py,constrained_pub_only,exp,xcdr,shmem_ds,1000000,10,1,measured,128,2026-09-09T14:21:38.549613Z,156892211714221,156892211400597,156892211714221,1788963698549228073,1788963698549288505,ok,
exp_constrained_pub_only_xcdr__cpp_to_py__1000000B__10Hz__shmem_ds__best_effort,receive,sub,cpp_to_py,constrained_pub_only,exp,xcdr,shmem_ds,1000000,10,1,measured,129,2026-09-09T14:21:38.650107Z,156892312244171,156892312045390,156892312244171,1788963698649863769,1788963698649903573,ok,
exp_constrained_pub_only_xcdr__cpp_to_py__1000000B__10Hz__shmem_ds__best_effort,receive,sub,cpp_to_py,constrained_pub_only,exp,xcdr,shmem_ds,1000000,10,1,measured,130,2026-09-09T14:21:38.750039Z,156892412162070,156892411911363,156892412162070,1788963698749733158,1788963698749773954,ok,
exp_constrained_pub_only_xcdr__cpp_to_py__1000000B__10Hz__shmem_ds__best_effort,receive,sub,cpp_to_py,constrained_pub_only,exp,xcdr,shmem_ds,1000000,10,1,measured,131,2026-09-09T14:21:38.849253Z,156892511387150,156892511099534,156892511387150,1788963698848930536,1788963698848990678,ok,
exp_constrained_pub_only_xcdr__cpp_to_py__1000000B__10Hz__shmem_ds__best_effort,receive,sub,cpp_to_py,constrained_pub_only,exp,xcdr,shmem_ds,1000000,10,1,measured,132,2026-09-09T14:21:38.949923Z,156892612055647,156892611758103,156892612055647,1788963698949579517,1788963698949628849,ok,
exp_constrained_pub_only_xcdr__cpp_to_py__1000000B__10Hz__shmem_ds__best_effort,receive,sub,cpp_to_py,constrained_pub_only,exp,xcdr,shmem_ds,1000000,10,1,measured,133,2026-09-09T14:21:39.050585Z,156892712679945,156892712370489,156892712679945,1788963699050199337,1788963699050257255,ok,
exp_constrained_pub_only_xcdr__cpp_to_py__1000000B__10Hz__shmem_ds__best_effort,receive,sub,cpp_to_py,constrained_pub_only,exp,xcdr,shmem_ds,1000000,10,1,measured,134,2026-09-09T14:21:39.151350Z,156892813460378,156892813186538,156892813460378,1788963699151009645,1788963699151058406,ok,
exp_constrained_pub_only_xcdr__cpp_to_py__1000000B__10Hz__shmem_ds__best_effort,receive,sub,cpp_to_py,constrained_pub_only,exp,xcdr,shmem_ds,1000000,10,1,measured,135,2026-09-09T14:21:39.251917Z,156892914051047,156892913804658,156892914051047,1788963699251621954,1788963699251665275,ok,
exp_constrained_pub_only_xcdr__cpp_to_py__1000000B__10Hz__shmem_ds__best_effort,receive,sub,cpp_to_py,constrained_pub_only,exp,xcdr,shmem_ds,1000000,10,1,measured,136,2026-09-09T14:21:39.350968Z,156893013096569,156893012851142,156893013096569,1788963699350670171,1788963699350711678,ok,
exp_constrained_pub_only_xcdr__cpp_to_py__1000000B__10Hz__shmem_ds__best_effort,receive,sub,cpp_to_py,constrained_pub_only,exp,xcdr,shmem_ds,1000000,10,1,measured,137,2026-09-09T14:21:39.451471Z,156893113614913,156893113406535,156893113614913,1788963699451227137,1788963699451265569,ok,
exp_constrained_pub_only_xcdr__cpp_to_py__1000000B__10Hz__shmem_ds__best_effort,receive,sub,cpp_to_py,constrained_pub_only,exp,xcdr,shmem_ds,1000000,10,1,measured,138,2026-09-09T14:21:39.550642Z,156893212752056,156893212485409,156893212752056,1788963699550302004,1788963699550342740,ok,
exp_constrained_pub_only_xcdr__cpp_to_py__1000000B__10Hz__shmem_ds__best_effort,receive,sub,cpp_to_py,constrained_pub_only,exp,xcdr,shmem_ds,1000000,10,1,measured,139,2026-09-09T14:21:39.649962Z,156893312102455,156893311891222,156893312102455,1788963699649707075,1788963699649737602,ok,
exp_constrained_pub_only_xcdr__cpp_to_py__1000000B__10Hz__shmem_ds__best_effort,receive,sub,cpp_to_py,constrained_pub_only,exp,xcdr,shmem_ds,1000000,10,1,measured,140,2026-09-09T14:21:39.750325Z,156893412449311,156893412224322,156893412449311,1788963699750040275,1788963699750074790,ok,
exp_constrained_pub_only_xcdr__cpp_to_py__1000000B__10Hz__shmem_ds__best_effort,receive,sub,cpp_to_py,constrained_pub_only,exp,xcdr,shmem_ds,1000000,10,1,measured,141,2026-09-09T14:21:39.850210Z,156893512313998,156893512052040,156893512313998,1788963699849868956,1788963699849905053,ok,
exp_constrained_pub_only_xcdr__cpp_to_py__1000000B__10Hz__shmem_ds__best_effort,receive,sub,cpp_to_py,constrained_pub_only,exp,xcdr,shmem_ds,1000000,10,1,measured,142,2026-09-09T14:21:39.949835Z,156893611957223,156893611703811,156893611957223,1788963699949521248,1788963699949561823,ok,
exp_constrained_pub_only_xcdr__cpp_to_py__1000000B__10Hz__shmem_ds__best_effort,receive,sub,cpp_to_py,constrained_pub_only,exp,xcdr,shmem_ds,1000000,10,1,measured,143,2026-09-09T14:21:40.049493Z,156893711620698,156893711404806,156893711620698,1788963700049217904,1788963700049247409,ok,
exp_constrained_pub_only_xcdr__cpp_to_py__1000000B__10Hz__shmem_ds__best_effort,receive,sub,cpp_to_py,constrained_pub_only,exp,xcdr,shmem_ds,1000000,10,1,measured,144,2026-09-09T14:21:40.150041Z,156893812164577,156893811901597,156893812164577,1788963700149721679,1788963700149762474,ok,
exp_constrained_pub_only_xcdr__cpp_to_py__1000000B__10Hz__shmem_ds__best_effort,receive,sub,cpp_to_py,constrained_pub_only,exp,xcdr,shmem_ds,1000000,10,1,measured,145,2026-09-09T14:21:40.249618Z,156893911752916,156893911506266,156893911752916,1788963700249323673,1788963700249364018,ok,
exp_constrained_pub_only_xcdr__cpp_to_py__1000000B__10Hz__shmem_ds__best_effort,receive,sub,cpp_to_py,constrained_pub_only,exp,xcdr,shmem_ds,1000000,10,1,measured,146,2026-09-09T14:21:40.350315Z,156894012409223,156894012091031,156894012409223,1788963700349920370,1788963700349978348,ok,
exp_constrained_pub_only_xcdr__cpp_to_py__1000000B__10Hz__shmem_ds__best_effort,receive,sub,cpp_to_py,constrained_pub_only,exp,xcdr,shmem_ds,1000000,10,1,measured,147,2026-09-09T14:21:40.449502Z,156894111625600,156894111389209,156894111625600,1788963700449207407,1788963700449248364,ok,
exp_constrained_pub_only_xcdr__cpp_to_py__1000000B__10Hz__shmem_ds__best_effort,receive,sub,cpp_to_py,constrained_pub_only,exp,xcdr,shmem_ds,1000000,10,1,measured,148,2026-09-09T14:21:40.549932Z,156894212034297,156894211707047,156894212034297,1788963700549533100,1788963700549592951,ok,
exp_constrained_pub_only_xcdr__cpp_to_py__1000000B__10Hz__shmem_ds__best_effort,receive,sub,cpp_to_py,constrained_pub_only,exp,xcdr,shmem_ds,1000000,10,1,measured,149,2026-09-09T14:21:40.649131Z,156894311227230,156894310902465,156894311227230,1788963700648731994,1788963700648790623,ok,
exp_constrained_pub_only_xcdr__cpp_to_py__1000000B__10Hz__shmem_ds__best_effort,receive,sub,cpp_to_py,constrained_pub_only,exp,xcdr,shmem_ds,1000000,10,1,measured,150,2026-09-09T14:21:40.748601Z,156894410747111,156894410564812,156894410747111,1788963700748375826,1788963700748402326,ok,
exp_constrained_pub_only_xcdr__cpp_to_py__1000000B__10Hz__shmem_ds__best_effort,receive,sub,cpp_to_py,constrained_pub_only,exp,xcdr,shmem_ds,1000000,10,1,measured,151,2026-09-09T14:21:40.848436Z,156894510573895,156894510341783,156894510573895,1788963700848160181,1788963700848204484,ok,
exp_constrained_pub_only_xcdr__cpp_to_py__1000000B__10Hz__shmem_ds__best_effort,receive,sub,cpp_to_py,constrained_pub_only,exp,xcdr,shmem_ds,1000000,10,1,measured,152,2026-09-09T14:21:40.948516Z,156894610645905,156894610367256,156894610645905,1788963700948188259,1788963700948235177,ok,
exp_constrained_pub_only_xcdr__cpp_to_py__1000000B__10Hz__shmem_ds__best_effort,receive,sub,cpp_to_py,constrained_pub_only,exp,xcdr,shmem_ds,1000000,10,1,measured,153,2026-09-09T14:21:41.048938Z,156894711067860,156894710828905,156894711067860,1788963701048652363,1788963701048686637,ok,
exp_constrained_pub_only_xcdr__cpp_to_py__1000000B__10Hz__shmem_ds__best_effort,receive,sub,cpp_to_py,constrained_pub_only,exp,xcdr,shmem_ds,1000000,10,1,measured,154,2026-09-09T14:21:41.149374Z,156894811490580,156894811245724,156894811490580,1788963701149069813,1788963701149113074,ok,
exp_constrained_pub_only_xcdr__cpp_to_py__1000000B__10Hz__shmem_ds__best_effort,receive,sub,cpp_to_py,constrained_pub_only,exp,xcdr,shmem_ds,1000000,10,1,measured,155,2026-09-09T14:21:41.249279Z,156894911430682,156894911250296,156894911430682,1788963701249069325,1788963701249100012,ok,
exp_constrained_pub_only_xcdr__cpp_to_py__1000000B__10Hz__shmem_ds__best_effort,receive,sub,cpp_to_py,constrained_pub_only,exp,xcdr,shmem_ds,1000000,10,1,measured,156,2026-09-09T14:21:41.349405Z,156895011536581,156895011296875,156895011536581,1788963701349118840,1788963701349165306,ok,
exp_constrained_pub_only_xcdr__cpp_to_py__1000000B__10Hz__shmem_ds__best_effort,receive,sub,cpp_to_py,constrained_pub_only,exp,xcdr,shmem_ds,1000000,10,1,measured,157,2026-09-09T14:21:41.449006Z,156895111164271,156895110991960,156895111164271,1788963701448814786,1788963701448840264,ok,
exp_constrained_pub_only_xcdr__cpp_to_py__1000000B__10Hz__shmem_ds__best_effort,receive,sub,cpp_to_py,constrained_pub_only,exp,xcdr,shmem_ds,1000000,10,1,measured,158,2026-09-09T14:21:41.549869Z,156895211963662,156895211659696,156895211963662,1788963701549487962,1788963701549546031,ok,
exp_constrained_pub_only_xcdr__cpp_to_py__1000000B__10Hz__shmem_ds__best_effort,receive,sub,cpp_to_py,constrained_pub_only,exp,xcdr,shmem_ds,1000000,10,1,measured,159,2026-09-09T14:21:41.649152Z,156895311284430,156895311057006,156895311284430,1788963701648876286,1788963701648918345,ok,
exp_constrained_pub_only_xcdr__cpp_to_py__1000000B__10Hz__shmem_ds__best_effort,receive,sub,cpp_to_py,constrained_pub_only,exp,xcdr,shmem_ds,1000000,10,1,measured,160,2026-09-09T14:21:41.748817Z,156895410954770,156895410743025,156895410954770,1788963701748561584,1788963701748600877,ok,
exp_constrained_pub_only_xcdr__cpp_to_py__1000000B__10Hz__shmem_ds__best_effort,receive,sub,cpp_to_py,constrained_pub_only,exp,xcdr,shmem_ds,1000000,10,1,measured,161,2026-09-09T14:21:41.849079Z,156895511175373,156895510837884,156895511175373,1788963701848669227,1788963701848729950,ok,
exp_constrained_pub_only_xcdr__cpp_to_py__1000000B__10Hz__shmem_ds__best_effort,receive,sub,cpp_to_py,constrained_pub_only,exp,xcdr,shmem_ds,1000000,10,1,measured,162,2026-09-09T14:21:41.948186Z,156895610279718,156895609935246,156895610279718,1788963701947755217,1788963701947815359,ok,
exp_constrained_pub_only_xcdr__cpp_to_py__1000000B__10Hz__shmem_ds__best_effort,receive,sub,cpp_to_py,constrained_pub_only,exp,xcdr,shmem_ds,1000000,10,1,measured,163,2026-09-09T14:21:42.047602Z,156895709731231,156895709488910,156895709731231,1788963702047311336,1788963702047359956,ok,
exp_constrained_pub_only_xcdr__cpp_to_py__1000000B__10Hz__shmem_ds__best_effort,receive,sub,cpp_to_py,constrained_pub_only,exp,xcdr,shmem_ds,1000000,10,1,measured,164,2026-09-09T14:21:42.147278Z,156895809435129,156895809261676,156895809435129,1788963702147074504,1788963702147104400,ok,
exp_constrained_pub_only_xcdr__cpp_to_py__1000000B__10Hz__shmem_ds__best_effort,receive,sub,cpp_to_py,constrained_pub_only,exp,xcdr,shmem_ds,1000000,10,1,measured,165,2026-09-09T14:21:42.247206Z,156895909362955,156895909188841,156895909362955,1788963702247001378,1788963702247032737,ok,
exp_constrained_pub_only_xcdr__cpp_to_py__1000000B__10Hz__shmem_ds__best_effort,receive,sub,cpp_to_py,constrained_pub_only,exp,xcdr,shmem_ds,1000000,10,1,measured,166,2026-09-09T14:21:42.346693Z,156896008838868,156896008638435,156896008838868,1788963702346453507,1788963702346489634,ok,
exp_constrained_pub_only_xcdr__cpp_to_py__1000000B__10Hz__shmem_ds__best_effort,receive,sub,cpp_to_py,constrained_pub_only,exp,xcdr,shmem_ds,1000000,10,1,measured,167,2026-09-09T14:21:42.446962Z,156896109098861,156896108840971,156896109098861,1788963702446659820,1788963702446700296,ok,
exp_constrained_pub_only_xcdr__cpp_to_py__1000000B__10Hz__shmem_ds__best_effort,receive,sub,cpp_to_py,constrained_pub_only,exp,xcdr,shmem_ds,1000000,10,1,measured,168,2026-09-09T14:21:42.548196Z,156896210283056,156896209919138,156896210283056,1788963702547749108,1788963702547827754,ok,
exp_constrained_pub_only_xcdr__cpp_to_py__1000000B__10Hz__shmem_ds__best_effort,receive,sub,cpp_to_py,constrained_pub_only,exp,xcdr,shmem_ds,1000000,10,1,measured,169,2026-09-09T14:21:42.648972Z,156896311061616,156896310730389,156896311061616,1788963702648561090,1788963702648623967,ok,
exp_constrained_pub_only_xcdr__cpp_to_py__1000000B__10Hz__shmem_ds__best_effort,receive,sub,cpp_to_py,constrained_pub_only,exp,xcdr,shmem_ds,1000000,10,1,measured,170,2026-09-09T14:21:42.748567Z,156896410691736,156896410477847,156896410691736,1788963702748298029,1788963702748335940,ok,
exp_constrained_pub_only_xcdr__cpp_to_py__1000000B__10Hz__shmem_ds__best_effort,receive,sub,cpp_to_py,constrained_pub_only,exp,xcdr,shmem_ds,1000000,10,1,measured,171,2026-09-09T14:21:42.848671Z,156896510770041,156896510450616,156896510770041,1788963702848280486,1788963702848342702,ok,
exp_constrained_pub_only_xcdr__cpp_to_py__1000000B__10Hz__shmem_ds__best_effort,receive,sub,cpp_to_py,constrained_pub_only,exp,xcdr,shmem_ds,1000000,10,1,measured,172,2026-09-09T14:21:42.948271Z,156896610370726,156896610014031,156896610370726,1788963702947843681,1788963702947905205,ok,
exp_constrained_pub_only_xcdr__cpp_to_py__1000000B__10Hz__shmem_ds__best_effort,receive,sub,cpp_to_py,constrained_pub_only,exp,xcdr,shmem_ds,1000000,10,1,measured,173,2026-09-09T14:21:43.048084Z,156896710216721,156896709968529,156896710216721,1788963703047790383,1788963703047852499,ok,
exp_constrained_pub_only_xcdr__cpp_to_py__1000000B__10Hz__shmem_ds__best_effort,receive,sub,cpp_to_py,constrained_pub_only,exp,xcdr,shmem_ds,1000000,10,1,measured,174,2026-09-09T14:21:43.147491Z,156896809643850,156896809462582,156896809643850,1788963703147277765,1788963703147310355,ok,
exp_constrained_pub_only_xcdr__cpp_to_py__1000000B__10Hz__shmem_ds__best_effort,receive,sub,cpp_to_py,constrained_pub_only,exp,xcdr,shmem_ds,1000000,10,1,measured,175,2026-09-09T14:21:43.247234Z,156896909370326,156896909146158,156896909370326,1788963703246968674,1788963703247010222,ok,
exp_constrained_pub_only_xcdr__cpp_to_py__1000000B__10Hz__shmem_ds__best_effort,receive,sub,cpp_to_py,constrained_pub_only,exp,xcdr,shmem_ds,1000000,10,1,measured,176,2026-09-09T14:21:43.347193Z,156897009314999,156897009052410,156897009314999,1788963703346877931,1788963703346925209,ok,
exp_constrained_pub_only_xcdr__cpp_to_py__1000000B__10Hz__shmem_ds__best_effort,receive,sub,cpp_to_py,constrained_pub_only,exp,xcdr,shmem_ds,1000000,10,1,measured,177,2026-09-09T14:21:43.447221Z,156897109378352,156897109218845,156897109378352,1788963703447031333,1788963703447057191,ok,
exp_constrained_pub_only_xcdr__cpp_to_py__1000000B__10Hz__shmem_ds__best_effort,receive,sub,cpp_to_py,constrained_pub_only,exp,xcdr,shmem_ds,1000000,10,1,measured,178,2026-09-09T14:21:43.546445Z,156897208585522,156897208366334,156897208585522,1788963703546183790,1788963703546223664,ok,
exp_constrained_pub_only_xcdr__cpp_to_py__1000000B__10Hz__shmem_ds__best_effort,receive,sub,cpp_to_py,constrained_pub_only,exp,xcdr,shmem_ds,1000000,10,1,measured,179,2026-09-09T14:21:43.646673Z,156897308790991,156897308408148,156897308790991,1788963703646233449,1788963703646289974,ok,
exp_constrained_pub_only_xcdr__cpp_to_py__1000000B__10Hz__shmem_ds__best_effort,receive,sub,cpp_to_py,constrained_pub_only,exp,xcdr,shmem_ds,1000000,10,1,measured,180,2026-09-09T14:21:43.746495Z,156897408582979,156897408225263,156897408582979,1788963703746059852,1788963703746134270,ok,
exp_constrained_pub_only_xcdr__cpp_to_py__1000000B__10Hz__shmem_ds__best_effort,receive,sub,cpp_to_py,constrained_pub_only,exp,xcdr,shmem_ds,1000000,10,1,measured,181,2026-09-09T14:21:43.846657Z,156897508792004,156897508589828,156897508792004,1788963703846408827,1788963703846446578,ok,
exp_constrained_pub_only_xcdr__cpp_to_py__1000000B__10Hz__shmem_ds__best_effort,receive,sub,cpp_to_py,constrained_pub_only,exp,xcdr,shmem_ds,1000000,10,1,measured,182,2026-09-09T14:21:43.946543Z,156897608679170,156897608466554,156897608679170,1788963703946286546,1788963703946327482,ok,
exp_constrained_pub_only_xcdr__cpp_to_py__1000000B__10Hz__shmem_ds__best_effort,receive,sub,cpp_to_py,constrained_pub_only,exp,xcdr,shmem_ds,1000000,10,1,measured,183,2026-09-09T14:21:44.045974Z,156897708104619,156897707845777,156897708104619,1788963704045664336,1788963704045704571,ok,
exp_constrained_pub_only_xcdr__cpp_to_py__1000000B__10Hz__shmem_ds__best_effort,receive,sub,cpp_to_py,constrained_pub_only,exp,xcdr,shmem_ds,1000000,10,1,measured,184,2026-09-09T14:21:44.145231Z,156897807317636,156897806965160,156897807317636,1788963704144796672,1788963704144865901,ok,
exp_constrained_pub_only_xcdr__cpp_to_py__1000000B__10Hz__shmem_ds__best_effort,receive,sub,cpp_to_py,constrained_pub_only,exp,xcdr,shmem_ds,1000000,10,1,measured,185,2026-09-09T14:21:44.245224Z,156897907358244,156897907146861,156897907358244,1788963704244966572,1788963704245006336,ok,
exp_constrained_pub_only_xcdr__cpp_to_py__1000000B__10Hz__shmem_ds__best_effort,receive,sub,cpp_to_py,constrained_pub_only,exp,xcdr,shmem_ds,1000000,10,1,measured,186,2026-09-09T14:21:44.344989Z,156898007096670,156898006777075,156898007096670,1788963704344604841,1788963704344654423,ok,
exp_constrained_pub_only_xcdr__cpp_to_py__1000000B__10Hz__shmem_ds__best_effort,receive,sub,cpp_to_py,constrained_pub_only,exp,xcdr,shmem_ds,1000000,10,1,measured,187,2026-09-09T14:21:44.444186Z,156898106322661,156898106089587,156898106322661,1788963704443907444,1788963704443947910,ok,
exp_constrained_pub_only_xcdr__cpp_to_py__1000000B__10Hz__shmem_ds__best_effort,receive,sub,cpp_to_py,constrained_pub_only,exp,xcdr,shmem_ds,1000000,10,1,measured,188,2026-09-09T14:21:44.545131Z,156898207225104,156898206873049,156898207225104,1788963704544702307,1788963704544765856,ok,
exp_constrained_pub_only_xcdr__cpp_to_py__1000000B__10Hz__shmem_ds__best_effort,receive,sub,cpp_to_py,constrained_pub_only,exp,xcdr,shmem_ds,1000000,10,1,measured,189,2026-09-09T14:21:44.645737Z,156898307833811,156898307507223,156898307833811,1788963704645338325,1788963704645393869,ok,
exp_constrained_pub_only_xcdr__cpp_to_py__1000000B__10Hz__shmem_ds__best_effort,receive,sub,cpp_to_py,constrained_pub_only,exp,xcdr,shmem_ds,1000000,10,1,measured,190,2026-09-09T14:21:44.745408Z,156898407526602,156898407297375,156898407526602,1788963704745115122,1788963704745147061,ok,
exp_constrained_pub_only_xcdr__cpp_to_py__1000000B__10Hz__shmem_ds__best_effort,receive,sub,cpp_to_py,constrained_pub_only,exp,xcdr,shmem_ds,1000000,10,1,measured,191,2026-09-09T14:21:44.844755Z,156898506849232,156898506519909,156898506849232,1788963704844350900,1788963704844411223,ok,
exp_constrained_pub_only_xcdr__cpp_to_py__1000000B__10Hz__shmem_ds__best_effort,receive,sub,cpp_to_py,constrained_pub_only,exp,xcdr,shmem_ds,1000000,10,1,measured,192,2026-09-09T14:21:44.944781Z,156898606931899,156898606761902,156898606931899,1788963704944576363,1788963704944601700,ok,
exp_constrained_pub_only_xcdr__cpp_to_py__1000000B__10Hz__shmem_ds__best_effort,receive,sub,cpp_to_py,constrained_pub_only,exp,xcdr,shmem_ds,1000000,10,1,measured,193,2026-09-09T14:21:45.045875Z,156898707988592,156898707766859,156898707988592,1788963705045583053,1788963705045608220,ok,
exp_constrained_pub_only_xcdr__cpp_to_py__1000000B__10Hz__shmem_ds__best_effort,receive,sub,cpp_to_py,constrained_pub_only,exp,xcdr,shmem_ds,1000000,10,1,measured,194,2026-09-09T14:21:45.145420Z,156898807544585,156898807325166,156898807544585,1788963705145143334,1788963705145174442,ok,
exp_constrained_pub_only_xcdr__cpp_to_py__1000000B__10Hz__shmem_ds__best_effort,receive,sub,cpp_to_py,constrained_pub_only,exp,xcdr,shmem_ds,1000000,10,1,measured,195,2026-09-09T14:21:45.244531Z,156898906663252,156898906400182,156898906663252,1788963705244218521,1788963705244260008,ok,
exp_constrained_pub_only_xcdr__cpp_to_py__1000000B__10Hz__shmem_ds__best_effort,receive,sub,cpp_to_py,constrained_pub_only,exp,xcdr,shmem_ds,1000000,10,1,measured,196,2026-09-09T14:21:45.344830Z,156899006935719,156899006686235,156899006935719,1788963705344507579,1788963705344551300,ok,
exp_constrained_pub_only_xcdr__cpp_to_py__1000000B__10Hz__shmem_ds__best_effort,receive,sub,cpp_to_py,constrained_pub_only,exp,xcdr,shmem_ds,1000000,10,1,measured,197,2026-09-09T14:21:45.445097Z,156899107211403,156899106935579,156899107211403,1788963705444761942,1788963705444818227,ok,
exp_constrained_pub_only_xcdr__cpp_to_py__1000000B__10Hz__shmem_ds__best_effort,receive,sub,cpp_to_py,constrained_pub_only,exp,xcdr,shmem_ds,1000000,10,1,measured,198,2026-09-09T14:21:45.544224Z,156899206357231,156899206139485,156899206357231,1788963705543958415,1788963705543999100,ok,
exp_constrained_pub_only_xcdr__cpp_to_py__1000000B__10Hz__shmem_ds__best_effort,receive,sub,cpp_to_py,constrained_pub_only,exp,xcdr,shmem_ds,1000000,10,1,measured,199,2026-09-09T14:21:45.645159Z,156899307278365,156899306980611,156899307278365,1788963705644800712,1788963705644846878,ok,
exp_constrained_pub_only_xcdr__cpp_to_py__1000000B__10Hz__shmem_ds__best_effort,receive,sub,cpp_to_py,constrained_pub_only,exp,xcdr,shmem_ds,1000000,10,1,measured,200,2026-09-09T14:21:45.744942Z,156899407072882,156899406827004,156899407072882,1788963705744646214,1788963705744687060,ok,
exp_constrained_pub_only_xcdr__cpp_to_py__1000000B__10Hz__shmem_ds__best_effort,receive,sub,cpp_to_py,constrained_pub_only,exp,xcdr,shmem_ds,1000000,10,1,measured,201,2026-09-09T14:21:45.844182Z,156899506314048,156899506054204,156899506314048,1788963705843871981,1788963705843915402,ok,
exp_constrained_pub_only_xcdr__cpp_to_py__1000000B__10Hz__shmem_ds__best_effort,receive,sub,cpp_to_py,constrained_pub_only,exp,xcdr,shmem_ds,1000000,10,1,measured,202,2026-09-09T14:21:45.943668Z,156899605765896,156899605452513,156899605765896,1788963705943279557,1788963705943341513,ok,
exp_constrained_pub_only_xcdr__cpp_to_py__1000000B__10Hz__shmem_ds__best_effort,receive,sub,cpp_to_py,constrained_pub_only,exp,xcdr,shmem_ds,1000000,10,1,measured,203,2026-09-09T14:21:46.044370Z,156899706487312,156899706253577,156899706487312,1788963706044074099,1788963706044115576,ok,
exp_constrained_pub_only_xcdr__cpp_to_py__1000000B__10Hz__shmem_ds__best_effort,receive,sub,cpp_to_py,constrained_pub_only,exp,xcdr,shmem_ds,1000000,10,1,measured,204,2026-09-09T14:21:46.144153Z,156899806309908,156899806159107,156899806309908,1788963706143972366,1788963706143999907,ok,
exp_constrained_pub_only_xcdr__cpp_to_py__1000000B__10Hz__shmem_ds__best_effort,receive,sub,cpp_to_py,constrained_pub_only,exp,xcdr,shmem_ds,1000000,10,1,measured,205,2026-09-09T14:21:46.244900Z,156899906987845,156899906798082,156899906987845,1788963706244615338,1788963706244643240,ok,
exp_constrained_pub_only_xcdr__cpp_to_py__1000000B__10Hz__shmem_ds__best_effort,receive,sub,cpp_to_py,constrained_pub_only,exp,xcdr,shmem_ds,1000000,10,1,measured,206,2026-09-09T14:21:46.344962Z,156900007078170,156900006665221,156900007078170,1788963706344491474,1788963706344558779,ok,
exp_constrained_pub_only_xcdr__cpp_to_py__1000000B__10Hz__shmem_ds__best_effort,receive,sub,cpp_to_py,constrained_pub_only,exp,xcdr,shmem_ds,1000000,10,1,measured,207,2026-09-09T14:21:46.444531Z,156900106665317,156900106443384,156900106665317,1788963706444262804,1788963706444302809,ok,
exp_constrained_pub_only_xcdr__cpp_to_py__1000000B__10Hz__shmem_ds__best_effort,receive,sub,cpp_to_py,constrained_pub_only,exp,xcdr,shmem_ds,1000000,10,1,measured,208,2026-09-09T14:21:46.544146Z,156900206285185,156900206087787,156900206285185,1788963706543907508,1788963706543943465,ok,
exp_constrained_pub_only_xcdr__cpp_to_py__1000000B__10Hz__shmem_ds__best_effort,receive,sub,cpp_to_py,constrained_pub_only,exp,xcdr,shmem_ds,1000000,10,1,measured,209,2026-09-09T14:21:46.643319Z,156900305454534,156900305256545,156900305454534,1788963706643072879,1788963706643110620,ok,
exp_constrained_pub_only_xcdr__cpp_to_py__1000000B__10Hz__shmem_ds__best_effort,receive,sub,cpp_to_py,constrained_pub_only,exp,xcdr,shmem_ds,1000000,10,1,measured,210,2026-09-09T14:21:46.742740Z,156900404877334,156900404661562,156900404877334,1788963706742478808,1788963706742519865,ok,
exp_constrained_pub_only_xcdr__cpp_to_py__1000000B__10Hz__shmem_ds__best_effort,receive,sub,cpp_to_py,constrained_pub_only,exp,xcdr,shmem_ds,1000000,10,1,measured,211,2026-09-09T14:21:46.842227Z,156900504359656,156900504136441,156900504359656,1788963706841953076,1788963706841993651,ok,
exp_constrained_pub_only_xcdr__cpp_to_py__1000000B__10Hz__shmem_ds__best_effort,receive,sub,cpp_to_py,constrained_pub_only,exp,xcdr,shmem_ds,1000000,10,1,measured,212,2026-09-09T14:21:46.942964Z,156900605108287,156900604935755,156900605108287,1788963706942746179,1788963706942773840,ok,
exp_constrained_pub_only_xcdr__cpp_to_py__1000000B__10Hz__shmem_ds__best_effort,receive,sub,cpp_to_py,constrained_pub_only,exp,xcdr,shmem_ds,1000000,10,1,measured,213,2026-09-09T14:21:47.042969Z,156900705108806,156900704857709,156900705108806,1788963707042683421,1788963707042733594,ok,
exp_constrained_pub_only_xcdr__cpp_to_py__1000000B__10Hz__shmem_ds__best_effort,receive,sub,cpp_to_py,constrained_pub_only,exp,xcdr,shmem_ds,1000000,10,1,measured,214,2026-09-09T14:21:47.142365Z,156900804484417,156900804273284,156900804484417,1788963707142089178,1788963707142124924,ok,
exp_constrained_pub_only_xcdr__cpp_to_py__1000000B__10Hz__shmem_ds__best_effort,receive,sub,cpp_to_py,constrained_pub_only,exp,xcdr,shmem_ds,1000000,10,1,measured,215,2026-09-09T14:21:47.241556Z,156900903697864,156900903512799,156900903697864,1788963707241324966,1788963707241359591,ok,
exp_constrained_pub_only_xcdr__cpp_to_py__1000000B__10Hz__shmem_ds__best_effort,receive,sub,cpp_to_py,constrained_pub_only,exp,xcdr,shmem_ds,1000000,10,1,measured,216,2026-09-09T14:21:47.341022Z,156901003156909,156901002880444,156901003156909,1788963707340698853,1788963707340738306,ok,
exp_constrained_pub_only_xcdr__cpp_to_py__1000000B__10Hz__shmem_ds__best_effort,receive,sub,cpp_to_py,constrained_pub_only,exp,xcdr,shmem_ds,1000000,10,1,measured,217,2026-09-09T14:21:47.440490Z,156901102591008,156901102280449,156901102591008,1788963707440109367,1788963707440163729,ok,
exp_constrained_pub_only_xcdr__cpp_to_py__1000000B__10Hz__shmem_ds__best_effort,receive,sub,cpp_to_py,constrained_pub_only,exp,xcdr,shmem_ds,1000000,10,1,measured,218,2026-09-09T14:21:47.539665Z,156901201767418,156901201485492,156901201767418,1788963707539303079,1788963707539346410,ok,
exp_constrained_pub_only_xcdr__cpp_to_py__1000000B__10Hz__shmem_ds__best_effort,receive,sub,cpp_to_py,constrained_pub_only,exp,xcdr,shmem_ds,1000000,10,1,measured,219,2026-09-09T14:21:47.638914Z,156901301057988,156901300858366,156901301057988,1788963707638675612,1788963707638709796,ok,
exp_constrained_pub_only_xcdr__cpp_to_py__1000000B__10Hz__shmem_ds__best_effort,receive,sub,cpp_to_py,constrained_pub_only,exp,xcdr,shmem_ds,1000000,10,1,measured,220,2026-09-09T14:21:47.739910Z,156901402033829,156901401810303,156901402033829,1788963707739627659,1788963707739661001,ok,
exp_constrained_pub_only_xcdr__cpp_to_py__1000000B__10Hz__shmem_ds__best_effort,receive,sub,cpp_to_py,constrained_pub_only,exp,xcdr,shmem_ds,1000000,10,1,measured,221,2026-09-09T14:21:47.839644Z,156901501782282,156901501603540,156901501782282,1788963707839415576,1788963707839442396,ok,
exp_constrained_pub_only_xcdr__cpp_to_py__1000000B__10Hz__shmem_ds__best_effort,receive,sub,cpp_to_py,constrained_pub_only,exp,xcdr,shmem_ds,1000000,10,1,measured,222,2026-09-09T14:21:47.939682Z,156901601787134,156901601492736,156901601787134,1788963707939316624,1788963707939369593,ok,
exp_constrained_pub_only_xcdr__cpp_to_py__1000000B__10Hz__shmem_ds__best_effort,receive,sub,cpp_to_py,constrained_pub_only,exp,xcdr,shmem_ds,1000000,10,1,measured,223,2026-09-09T14:21:48.038970Z,156901701068731,156901700768582,156901701068731,1788963708038596398,1788963708038651140,ok,
exp_constrained_pub_only_xcdr__cpp_to_py__1000000B__10Hz__shmem_ds__best_effort,receive,sub,cpp_to_py,constrained_pub_only,exp,xcdr,shmem_ds,1000000,10,1,measured,224,2026-09-09T14:21:48.137992Z,156901800137667,156901799973641,156901800137667,1788963708137782622,1788963708137815954,ok,
exp_constrained_pub_only_xcdr__cpp_to_py__1000000B__10Hz__shmem_ds__best_effort,receive,sub,cpp_to_py,constrained_pub_only,exp,xcdr,shmem_ds,1000000,10,1,measured,225,2026-09-09T14:21:48.237821Z,156901899967238,156901899822769,156901899967238,1788963708237634876,1788963708237659221,ok,
exp_constrained_pub_only_xcdr__cpp_to_py__1000000B__10Hz__shmem_ds__best_effort,receive,sub,cpp_to_py,constrained_pub_only,exp,xcdr,shmem_ds,1000000,10,1,measured,226,2026-09-09T14:21:48.337220Z,156901999375574,156901999237637,156901999375574,1788963708337047039,1788963708337068589,ok,
exp_constrained_pub_only_xcdr__cpp_to_py__1000000B__10Hz__shmem_ds__best_effort,receive,sub,cpp_to_py,constrained_pub_only,exp,xcdr,shmem_ds,1000000,10,1,measured,227,2026-09-09T14:21:48.436709Z,156902098823315,156902098577507,156902098823315,1788963708436400514,1788963708436441761,ok,
exp_constrained_pub_only_xcdr__cpp_to_py__1000000B__10Hz__shmem_ds__best_effort,receive,sub,cpp_to_py,constrained_pub_only,exp,xcdr,shmem_ds,1000000,10,1,measured,228,2026-09-09T14:21:48.536419Z,156902198528345,156902198246520,156902198528345,1788963708536072602,1788963708536122515,ok,
exp_constrained_pub_only_xcdr__cpp_to_py__1000000B__10Hz__shmem_ds__best_effort,receive,sub,cpp_to_py,constrained_pub_only,exp,xcdr,shmem_ds,1000000,10,1,measured,229,2026-09-09T14:21:48.637184Z,156902299276667,156902298935131,156902299276667,1788963708636766664,1788963708636838458,ok,
exp_constrained_pub_only_xcdr__cpp_to_py__1000000B__10Hz__shmem_ds__best_effort,receive,sub,cpp_to_py,constrained_pub_only,exp,xcdr,shmem_ds,1000000,10,1,measured,230,2026-09-09T14:21:48.737328Z,156902399461481,156902399230911,156902399461481,1788963708737053347,1788963708737089425,ok,
exp_constrained_pub_only_xcdr__cpp_to_py__1000000B__10Hz__shmem_ds__best_effort,receive,sub,cpp_to_py,constrained_pub_only,exp,xcdr,shmem_ds,1000000,10,1,measured,231,2026-09-09T14:21:48.836845Z,156902498979362,156902498775382,156902498979362,1788963708836592158,1788963708836623165,ok,
exp_constrained_pub_only_xcdr__cpp_to_py__1000000B__10Hz__shmem_ds__best_effort,receive,sub,cpp_to_py,constrained_pub_only,exp,xcdr,shmem_ds,1000000,10,1,measured,232,2026-09-09T14:21:48.937756Z,156902599886611,156902599645813,156902599886611,1788963708937465624,1788963708937508794,ok,
exp_constrained_pub_only_xcdr__cpp_to_py__1000000B__10Hz__shmem_ds__best_effort,receive,sub,cpp_to_py,constrained_pub_only,exp,xcdr,shmem_ds,1000000,10,1,measured,233,2026-09-09T14:21:49.037786Z,156902699879099,156902699571155,156902699879099,1788963709037402478,1788963709037463471,ok,
exp_constrained_pub_only_xcdr__cpp_to_py__1000000B__10Hz__shmem_ds__best_effort,receive,sub,cpp_to_py,constrained_pub_only,exp,xcdr,shmem_ds,1000000,10,1,measured,234,2026-09-09T14:21:49.137842Z,156902799942622,156902799701313,156902799942622,1788963709137524520,1788963709137569554,ok,
exp_constrained_pub_only_xcdr__cpp_to_py__1000000B__10Hz__shmem_ds__best_effort,receive,sub,cpp_to_py,constrained_pub_only,exp,xcdr,shmem_ds,1000000,10,1,measured,235,2026-09-09T14:21:49.237645Z,156902899791747,156902899614227,156902899791747,1788963709237430952,1788963709237464194,ok,
exp_constrained_pub_only_xcdr__cpp_to_py__1000000B__10Hz__shmem_ds__best_effort,receive,sub,cpp_to_py,constrained_pub_only,exp,xcdr,shmem_ds,1000000,10,1,measured,236,2026-09-09T14:21:49.337620Z,156902999745898,156902999542739,156902999745898,1788963709337357591,1788963709337391053,ok,
exp_constrained_pub_only_xcdr__cpp_to_py__1000000B__10Hz__shmem_ds__best_effort,receive,sub,cpp_to_py,constrained_pub_only,exp,xcdr,shmem_ds,1000000,10,1,measured,237,2026-09-09T14:21:49.437950Z,156903100077611,156903099852993,156903100077611,1788963709437675749,1788963709437711416,ok,
exp_constrained_pub_only_xcdr__cpp_to_py__1000000B__10Hz__shmem_ds__best_effort,receive,sub,cpp_to_py,constrained_pub_only,exp,xcdr,shmem_ds,1000000,10,1,measured,238,2026-09-09T14:21:49.538607Z,156903200748366,156903200575324,156903200748366,1788963709538391899,1788963709538423368,ok,
exp_constrained_pub_only_xcdr__cpp_to_py__1000000B__10Hz__shmem_ds__best_effort,receive,sub,cpp_to_py,constrained_pub_only,exp,xcdr,shmem_ds,1000000,10,1,measured,239,2026-09-09T14:21:49.638157Z,156903300281302,156903300079546,156903300281302,1788963709637901201,1788963709637934102,ok,
exp_constrained_pub_only_xcdr__cpp_to_py__1000000B__10Hz__shmem_ds__best_effort,receive,sub,cpp_to_py,constrained_pub_only,exp,xcdr,shmem_ds,1000000,10,1,measured,240,2026-09-09T14:21:49.737927Z,156903400066007,156903399812474,156903400066007,1788963709737631474,1788963709737669184,ok,
exp_constrained_pub_only_xcdr__cpp_to_py__1000000B__10Hz__shmem_ds__best_effort,receive,sub,cpp_to_py,constrained_pub_only,exp,xcdr,shmem_ds,1000000,10,1,measured,241,2026-09-09T14:21:49.838543Z,156903500683543,156903500467631,156903500683543,1788963709838286730,1788963709838328578,ok,
exp_constrained_pub_only_xcdr__cpp_to_py__1000000B__10Hz__shmem_ds__best_effort,receive,sub,cpp_to_py,constrained_pub_only,exp,xcdr,shmem_ds,1000000,10,1,measured,242,2026-09-09T14:21:49.938753Z,156903600904199,156903600733051,156903600904199,1788963709938547271,1788963709938578670,ok,
exp_constrained_pub_only_xcdr__cpp_to_py__1000000B__10Hz__shmem_ds__best_effort,receive,sub,cpp_to_py,constrained_pub_only,exp,xcdr,shmem_ds,1000000,10,1,measured,243,2026-09-09T14:21:50.038169Z,156903700282720,156903700041831,156903700282720,1788963710037869557,1788963710037909261,ok,
exp_constrained_pub_only_xcdr__cpp_to_py__1000000B__10Hz__shmem_ds__best_effort,receive,sub,cpp_to_py,constrained_pub_only,exp,xcdr,shmem_ds,1000000,10,1,measured,244,2026-09-09T14:21:50.138402Z,156903800555140,156903800413165,156903800555140,1788963710138224711,1788963710138242965,ok,
exp_constrained_pub_only_xcdr__cpp_to_py__1000000B__10Hz__shmem_ds__best_effort,receive,sub,cpp_to_py,constrained_pub_only,exp,xcdr,shmem_ds,1000000,10,1,measured,245,2026-09-09T14:21:50.238832Z,156903900946742,156903900752740,156903900946742,1788963710238567111,1788963710238592488,ok,
exp_constrained_pub_only_xcdr__cpp_to_py__1000000B__10Hz__shmem_ds__best_effort,receive,sub,cpp_to_py,constrained_pub_only,exp,xcdr,shmem_ds,1000000,10,1,measured,246,2026-09-09T14:21:50.339480Z,156904001635777,156904001504152,156904001635777,1788963710339314976,1788963710339334543,ok,
exp_constrained_pub_only_xcdr__cpp_to_py__1000000B__10Hz__shmem_ds__best_effort,receive,sub,cpp_to_py,constrained_pub_only,exp,xcdr,shmem_ds,1000000,10,1,measured,247,2026-09-09T14:21:50.439237Z,156904101344517,156904101077039,156904101344517,1788963710438901919,1788963710438950831,ok,
exp_constrained_pub_only_xcdr__cpp_to_py__1000000B__10Hz__shmem_ds__best_effort,receive,sub,cpp_to_py,constrained_pub_only,exp,xcdr,shmem_ds,1000000,10,1,measured,248,2026-09-09T14:21:50.539786Z,156904201922426,156904201701294,156904201922426,1788963710539519091,1788963710539550369,ok,
exp_constrained_pub_only_xcdr__cpp_to_py__1000000B__10Hz__shmem_ds__best_effort,receive,sub,cpp_to_py,constrained_pub_only,exp,xcdr,shmem_ds,1000000,10,1,measured,249,2026-09-09T14:21:50.639244Z,156904301373987,156904301140141,156904301373987,1788963710638958710,1788963710638995709,ok,
exp_constrained_pub_only_xcdr__cpp_to_py__1000000B__10Hz__shmem_ds__best_effort,receive,sub,cpp_to_py,constrained_pub_only,exp,xcdr,shmem_ds,1000000,10,1,measured,250,2026-09-09T14:21:50.739163Z,156904401283320,156904401072418,156904401283320,1788963710738891157,1788963710738918618,ok,
exp_constrained_pub_only_xcdr__cpp_to_py__1000000B__10Hz__shmem_ds__best_effort,receive,sub,cpp_to_py,constrained_pub_only,exp,xcdr,shmem_ds,1000000,10,1,measured,251,2026-09-09T14:21:50.838903Z,156904500992952,156904500793891,156904500992952,1788963710838611147,1788963710838646734,ok,
exp_constrained_pub_only_xcdr__cpp_to_py__1000000B__10Hz__shmem_ds__best_effort,receive,sub,cpp_to_py,constrained_pub_only,exp,xcdr,shmem_ds,1000000,10,1,measured,252,2026-09-09T14:21:50.939126Z,156904601254782,156904601058386,156904601254782,1788963710938872927,1788963710938903424,ok,
exp_constrained_pub_only_xcdr__cpp_to_py__1000000B__10Hz__shmem_ds__best_effort,receive,sub,cpp_to_py,constrained_pub_only,exp,xcdr,shmem_ds,1000000,10,1,measured,253,2026-09-09T14:21:51.040143Z,156904702257936,156904701986770,156904702257936,1788963711039820177,1788963711039859199,ok,
exp_constrained_pub_only_xcdr__cpp_to_py__1000000B__10Hz__shmem_ds__best_effort,receive,sub,cpp_to_py,constrained_pub_only,exp,xcdr,shmem_ds,1000000,10,1,measured,254,2026-09-09T14:21:51.140502Z,156904802627894,156904802404528,156904802627894,1788963711140221884,1788963711140251770,ok,
exp_constrained_pub_only_xcdr__cpp_to_py__1000000B__10Hz__shmem_ds__best_effort,receive,sub,cpp_to_py,constrained_pub_only,exp,xcdr,shmem_ds,1000000,10,1,measured,255,2026-09-09T14:21:51.239972Z,156904902118784,156904901953246,156904902118784,1788963711239764130,1788963711239784378,ok,
exp_constrained_pub_only_xcdr__cpp_to_py__1000000B__10Hz__shmem_ds__best_effort,receive,sub,cpp_to_py,constrained_pub_only,exp,xcdr,shmem_ds,1000000,10,1,measured,256,2026-09-09T14:21:51.339460Z,156905001584377,156905001353066,156905001584377,1788963711339170273,1788963711339206250,ok,
exp_constrained_pub_only_xcdr__cpp_to_py__1000000B__10Hz__shmem_ds__best_effort,receive,sub,cpp_to_py,constrained_pub_only,exp,xcdr,shmem_ds,1000000,10,1,measured,257,2026-09-09T14:21:51.439002Z,156905101119320,156905100870356,156905101119320,1788963711438690097,1788963711438735251,ok,
exp_constrained_pub_only_xcdr__cpp_to_py__1000000B__10Hz__shmem_ds__best_effort,receive,sub,cpp_to_py,constrained_pub_only,exp,xcdr,shmem_ds,1000000,10,1,measured,258,2026-09-09T14:21:51.538764Z,156905200865676,156905200570336,156905200865676,1788963711538396859,1788963711538445791,ok,
exp_constrained_pub_only_xcdr__cpp_to_py__1000000B__10Hz__shmem_ds__best_effort,receive,sub,cpp_to_py,constrained_pub_only,exp,xcdr,shmem_ds,1000000,10,1,measured,259,2026-09-09T14:21:51.637758Z,156905299875791,156905299641855,156905299875791,1788963711637462527,1788963711637493515,ok,
exp_constrained_pub_only_xcdr__cpp_to_py__1000000B__10Hz__shmem_ds__best_effort,receive,sub,cpp_to_py,constrained_pub_only,exp,xcdr,shmem_ds,1000000,10,1,measured,260,2026-09-09T14:21:51.737217Z,156905399312660,156905399000028,156905399312660,1788963711736838604,1788963711736888888,ok,
exp_constrained_pub_only_xcdr__cpp_to_py__1000000B__10Hz__shmem_ds__best_effort,receive,sub,cpp_to_py,constrained_pub_only,exp,xcdr,shmem_ds,1000000,10,1,measured,261,2026-09-09T14:21:51.836119Z,156905498250951,156905498026193,156905498250951,1788963711835845322,1788963711835881059,ok,
exp_constrained_pub_only_xcdr__cpp_to_py__1000000B__10Hz__shmem_ds__best_effort,receive,sub,cpp_to_py,constrained_pub_only,exp,xcdr,shmem_ds,1000000,10,1,measured,262,2026-09-09T14:21:51.935080Z,156905597223526,156905597045414,156905597223526,1788963711934858873,1788963711934889140,ok,
exp_constrained_pub_only_xcdr__cpp_to_py__1000000B__10Hz__shmem_ds__best_effort,receive,sub,cpp_to_py,constrained_pub_only,exp,xcdr,shmem_ds,1000000,10,1,measured,263,2026-09-09T14:21:52.034991Z,156905697131364,156905696942002,156905697131364,1788963712034757064,1788963712034787571,ok,
exp_constrained_pub_only_xcdr__cpp_to_py__1000000B__10Hz__shmem_ds__best_effort,receive,sub,cpp_to_py,constrained_pub_only,exp,xcdr,shmem_ds,1000000,10,1,measured,264,2026-09-09T14:21:52.134480Z,156905796614808,156905796413152,156905796614808,1788963712134230549,1788963712134253672,ok,
exp_constrained_pub_only_xcdr__cpp_to_py__1000000B__10Hz__shmem_ds__best_effort,receive,sub,cpp_to_py,constrained_pub_only,exp,xcdr,shmem_ds,1000000,10,1,measured,265,2026-09-09T14:21:52.233680Z,156905895803322,156905895517820,156905895803322,1788963712233335116,1788963712233380410,ok,
exp_constrained_pub_only_xcdr__cpp_to_py__1000000B__10Hz__shmem_ds__best_effort,receive,sub,cpp_to_py,constrained_pub_only,exp,xcdr,shmem_ds,1000000,10,1,measured,266,2026-09-09T14:21:52.333371Z,156905995478552,156905995236761,156905995478552,1788963712333053166,1788963712333092830,ok,
exp_constrained_pub_only_xcdr__cpp_to_py__1000000B__10Hz__shmem_ds__best_effort,receive,sub,cpp_to_py,constrained_pub_only,exp,xcdr,shmem_ds,1000000,10,1,measured,267,2026-09-09T14:21:52.433321Z,156906095470643,156906095330892,156906095470643,1788963712433136186,1788963712433157496,ok,
exp_constrained_pub_only_xcdr__cpp_to_py__1000000B__10Hz__shmem_ds__best_effort,receive,sub,cpp_to_py,constrained_pub_only,exp,xcdr,shmem_ds,1000000,10,1,measured,268,2026-09-09T14:21:52.532694Z,156906194834503,156906194631725,156906194834503,1788963712532448440,1788963712532480029,ok,
exp_constrained_pub_only_xcdr__cpp_to_py__1000000B__10Hz__shmem_ds__best_effort,receive,sub,cpp_to_py,constrained_pub_only,exp,xcdr,shmem_ds,1000000,10,1,measured,269,2026-09-09T14:21:52.633097Z,156906295232770,156906295031355,156906295232770,1788963712632851386,1788963712632889287,ok,
exp_constrained_pub_only_xcdr__cpp_to_py__1000000B__10Hz__shmem_ds__best_effort,receive,sub,cpp_to_py,constrained_pub_only,exp,xcdr,shmem_ds,1000000,10,1,measured,270,2026-09-09T14:21:52.733655Z,156906395796525,156906395615348,156906395796525,1788963712733431953,1788963712733463131,ok,
exp_constrained_pub_only_xcdr__cpp_to_py__1000000B__10Hz__shmem_ds__best_effort,receive,sub,cpp_to_py,constrained_pub_only,exp,xcdr,shmem_ds,1000000,10,1,measured,271,2026-09-09T14:21:52.833729Z,156906495863927,156906495629240,156906495863927,1788963712833448269,1788963712833486280,ok,
exp_constrained_pub_only_xcdr__cpp_to_py__1000000B__10Hz__shmem_ds__best_effort,receive,sub,cpp_to_py,constrained_pub_only,exp,xcdr,shmem_ds,1000000,10,1,measured,272,2026-09-09T14:21:52.932827Z,156906594956221,156906594786385,156906594956221,1788963712932602328,1788963712932632825,ok,
exp_constrained_pub_only_xcdr__cpp_to_py__1000000B__10Hz__shmem_ds__best_effort,receive,sub,cpp_to_py,constrained_pub_only,exp,xcdr,shmem_ds,1000000,10,1,measured,273,2026-09-09T14:21:53.032223Z,156906694331786,156906694041205,156906694331786,1788963713031865444,1788963713031913363,ok,
exp_constrained_pub_only_xcdr__cpp_to_py__1000000B__10Hz__shmem_ds__best_effort,receive,sub,cpp_to_py,constrained_pub_only,exp,xcdr,shmem_ds,1000000,10,1,measured,274,2026-09-09T14:21:53.132257Z,156906794382553,156906794175999,156906794382553,1788963713131994828,1788963713132031676,ok,
exp_constrained_pub_only_xcdr__cpp_to_py__1000000B__10Hz__shmem_ds__best_effort,receive,sub,cpp_to_py,constrained_pub_only,exp,xcdr,shmem_ds,1000000,10,1,measured,275,2026-09-09T14:21:53.233023Z,156906895174490,156906895022958,156906895174490,1788963713232835635,1788963713232860852,ok,
exp_constrained_pub_only_xcdr__cpp_to_py__1000000B__10Hz__shmem_ds__best_effort,receive,sub,cpp_to_py,constrained_pub_only,exp,xcdr,shmem_ds,1000000,10,1,measured,276,2026-09-09T14:21:53.333360Z,156906995473348,156906995227300,156906995473348,1788963713333052701,1788963713333090341,ok,
exp_constrained_pub_only_xcdr__cpp_to_py__1000000B__10Hz__shmem_ds__best_effort,receive,sub,cpp_to_py,constrained_pub_only,exp,xcdr,shmem_ds,1000000,10,1,measured,277,2026-09-09T14:21:53.432441Z,156907094593212,156907094425700,156907094593212,1788963713432238117,1788963713432266319,ok,
exp_constrained_pub_only_xcdr__cpp_to_py__1000000B__10Hz__shmem_ds__best_effort,receive,sub,cpp_to_py,constrained_pub_only,exp,xcdr,shmem_ds,1000000,10,1,measured,278,2026-09-09T14:21:53.533152Z,156907195292165,156907195026390,156907195292165,1788963713532852573,1788963713532902566,ok,
exp_constrained_pub_only_xcdr__cpp_to_py__1000000B__10Hz__shmem_ds__best_effort,receive,sub,cpp_to_py,constrained_pub_only,exp,xcdr,shmem_ds,1000000,10,1,measured,279,2026-09-09T14:21:53.632114Z,156907294260376,156907294110106,156907294260376,1788963713631924126,1788963713631946097,ok,
exp_constrained_pub_only_xcdr__cpp_to_py__1000000B__10Hz__shmem_ds__best_effort,receive,sub,cpp_to_py,constrained_pub_only,exp,xcdr,shmem_ds,1000000,10,1,measured,280,2026-09-09T14:21:53.732212Z,156907394349654,156907394143841,156907394349654,1788963713731963151,1788963713731990903,ok,
exp_constrained_pub_only_xcdr__cpp_to_py__1000000B__10Hz__shmem_ds__best_effort,receive,sub,cpp_to_py,constrained_pub_only,exp,xcdr,shmem_ds,1000000,10,1,measured,281,2026-09-09T14:21:53.833281Z,156907495373283,156907495027389,156907495373283,1788963713832860204,1788963713832917501,ok,
exp_constrained_pub_only_xcdr__cpp_to_py__1000000B__10Hz__shmem_ds__best_effort,receive,sub,cpp_to_py,constrained_pub_only,exp,xcdr,shmem_ds,1000000,10,1,measured,282,2026-09-09T14:21:53.933890Z,156907595982540,156907595748484,156907595982540,1788963713933567944,1788963713933607849,ok,
exp_constrained_pub_only_xcdr__cpp_to_py__1000000B__10Hz__shmem_ds__best_effort,receive,sub,cpp_to_py,constrained_pub_only,exp,xcdr,shmem_ds,1000000,10,1,measured,283,2026-09-09T14:21:54.033252Z,156907695387917,156907695161174,156907695387917,1788963714032987237,1788963714033021721,ok,
exp_constrained_pub_only_xcdr__cpp_to_py__1000000B__10Hz__shmem_ds__best_effort,receive,sub,cpp_to_py,constrained_pub_only,exp,xcdr,shmem_ds,1000000,10,1,measured,284,2026-09-09T14:21:54.133852Z,156907795942789,156907795725835,156907795942789,1788963714133546357,1788963714133581543,ok,
exp_constrained_pub_only_xcdr__cpp_to_py__1000000B__10Hz__shmem_ds__best_effort,receive,sub,cpp_to_py,constrained_pub_only,exp,xcdr,shmem_ds,1000000,10,1,measured,285,2026-09-09T14:21:54.234643Z,156907896789996,156907896594272,156907896789996,1788963714234409073,1788963714234436895,ok,
exp_constrained_pub_only_xcdr__cpp_to_py__1000000B__10Hz__shmem_ds__best_effort,receive,sub,cpp_to_py,constrained_pub_only,exp,xcdr,shmem_ds,1000000,10,1,measured,286,2026-09-09T14:21:54.334721Z,156907996871205,156907996663168,156907996871205,1788963714334483420,1788963714334518104,ok,
exp_constrained_pub_only_xcdr__cpp_to_py__1000000B__10Hz__shmem_ds__best_effort,receive,sub,cpp_to_py,constrained_pub_only,exp,xcdr,shmem_ds,1000000,10,1,measured,287,2026-09-09T14:21:54.435111Z,156908097253897,156908097056048,156908097253897,1788963714434871732,1788963714434902970,ok,
exp_constrained_pub_only_xcdr__cpp_to_py__1000000B__10Hz__shmem_ds__best_effort,receive,sub,cpp_to_py,constrained_pub_only,exp,xcdr,shmem_ds,1000000,10,1,measured,288,2026-09-09T14:21:54.534392Z,156908196529485,156908196309365,156908196529485,1788963714534126662,1788963714534159813,ok,
exp_constrained_pub_only_xcdr__cpp_to_py__1000000B__10Hz__shmem_ds__best_effort,receive,sub,cpp_to_py,constrained_pub_only,exp,xcdr,shmem_ds,1000000,10,1,measured,289,2026-09-09T14:21:54.635391Z,156908297521422,156908297278660,156908297521422,1788963714635097599,1788963714635139327,ok,
exp_constrained_pub_only_xcdr__cpp_to_py__1000000B__10Hz__shmem_ds__best_effort,receive,sub,cpp_to_py,constrained_pub_only,exp,xcdr,shmem_ds,1000000,10,1,measured,290,2026-09-09T14:21:54.734661Z,156908396795517,156908396567843,156908396795517,1788963714734389928,1788963714734426887,ok,
exp_constrained_pub_only_xcdr__cpp_to_py__1000000B__10Hz__shmem_ds__best_effort,receive,sub,cpp_to_py,constrained_pub_only,exp,xcdr,shmem_ds,1000000,10,1,measured,291,2026-09-09T14:21:54.834085Z,156908496189768,156908495861837,156908496189768,1788963714833691085,1788963714833745537,ok,
exp_constrained_pub_only_xcdr__cpp_to_py__1000000B__10Hz__shmem_ds__best_effort,receive,sub,cpp_to_py,constrained_pub_only,exp,xcdr,shmem_ds,1000000,10,1,measured,292,2026-09-09T14:21:54.934598Z,156908596729001,156908596455001,156908596729001,1788963714934277677,1788963714934323081,ok,
exp_constrained_pub_only_xcdr__cpp_to_py__1000000B__10Hz__shmem_ds__best_effort,receive,sub,cpp_to_py,constrained_pub_only,exp,xcdr,shmem_ds,1000000,10,1,measured,293,2026-09-09T14:21:55.034681Z,156908696773074,156908696452026,156908696773074,1788963715034284540,1788963715034354451,ok,
exp_constrained_pub_only_xcdr__cpp_to_py__1000000B__10Hz__shmem_ds__best_effort,receive,sub,cpp_to_py,constrained_pub_only,exp,xcdr,shmem_ds,1000000,10,1,measured,294,2026-09-09T14:21:55.135012Z,156908797134200,156908796898972,156908797134200,1788963715134723281,1788963715134758687,ok,
exp_constrained_pub_only_xcdr__cpp_to_py__1000000B__10Hz__shmem_ds__best_effort,receive,sub,cpp_to_py,constrained_pub_only,exp,xcdr,shmem_ds,1000000,10,1,measured,295,2026-09-09T14:21:55.235995Z,156908898111496,156908897828880,156908898111496,1788963715235652598,1788963715235697091,ok,
exp_constrained_pub_only_xcdr__cpp_to_py__1000000B__10Hz__shmem_ds__best_effort,receive,sub,cpp_to_py,constrained_pub_only,exp,xcdr,shmem_ds,1000000,10,1,measured,296,2026-09-09T14:21:55.335787Z,156908997918512,156908997666603,156908997918512,1788963715335489249,1788963715335535966,ok,
exp_constrained_pub_only_xcdr__cpp_to_py__1000000B__10Hz__shmem_ds__best_effort,receive,sub,cpp_to_py,constrained_pub_only,exp,xcdr,shmem_ds,1000000,10,1,measured,297,2026-09-09T14:21:55.434961Z,156909097091927,156909096802909,156909097091927,1788963715434634772,1788963715434689835,ok,
exp_constrained_pub_only_xcdr__cpp_to_py__1000000B__10Hz__shmem_ds__best_effort,receive,sub,cpp_to_py,constrained_pub_only,exp,xcdr,shmem_ds,1000000,10,1,measured,298,2026-09-09T14:21:55.535671Z,156909197806123,156909197599779,156909197806123,1788963715535416304,1788963715535449586,ok,
exp_constrained_pub_only_xcdr__cpp_to_py__1000000B__10Hz__shmem_ds__best_effort,receive,sub,cpp_to_py,constrained_pub_only,exp,xcdr,shmem_ds,1000000,10,1,measured,299,2026-09-09T14:21:55.636033Z,156909298170758,156909297933767,156909298170758,1788963715635751905,1788963715635792931,ok,
exp_constrained_pub_only_xcdr__cpp_to_py__1000000B__10Hz__shmem_ds__best_effort,receive,sub,cpp_to_py,constrained_pub_only,exp,xcdr,shmem_ds,1000000,10,1,measured,300,2026-09-09T14:21:55.736067Z,156909398188336,156909397936407,156909398188336,1788963715735759053,1788963715735799839,ok,
