run_id,event,process,direction,config,message,backend,transport,payload_bytes,target_frequency_hz,step_index,phase,sequence,observed_utc,observed_mono_ns,send_mono_ns,receive_mono_ns,middleware_source_ns,middleware_received_ns,status,error
std_copy_xcdr__py_to_cpp__100000B__10Hz__shmem_ds__best_effort,publish,pub,py_to_cpp,copy,std,xcdr,shmem_ds,100000,10,0,measured,0,2026-09-09T14:37:07.649900Z,157821311888126,157821311888126,157821311888126,-1,-1,ok,
std_copy_xcdr__py_to_cpp__100000B__10Hz__shmem_ds__best_effort,publish,pub,py_to_cpp,copy,std,xcdr,shmem_ds,100000,10,0,measured,1,2026-09-09T14:37:07.750388Z,157821412428145,157821412428145,157821412428145,-1,-1,ok,
std_copy_xcdr__py_to_cpp__100000B__10Hz__shmem_ds__best_effort,publish,pub,py_to_cpp,copy,std,xcdr,shmem_ds,100000,10,0,measured,2,2026-09-09T14:37:07.849621Z,157821511591131,157821511591131,157821511591131,-1,-1,ok,
std_copy_xcdr__py_to_cpp__100000B__10Hz__shmem_ds__best_effort,publish,pub,py_to_cpp,copy,std,xcdr,shmem_ds,100000,10,0,measured,3,2026-09-09T14:37:07.949018Z,157821611044065,157821611044065,157821611044065,-1,-1,ok,
std_copy_xcdr__py_to_cpp__100000B__10Hz__shmem_ds__best_effort,publish,pub,py_to_cpp,copy,std,xcdr,shmem_ds,100000,10,0,measured,4,2026-09-09T14:37:08.048619Z,157821710549178,157821710549178,157821710549178,-1,-1,ok,
std_copy_xcdr__py_to_cpp__100000B__10Hz__shmem_ds__best_effort,publish,pub,py_to_cpp,copy,std,xcdr,shmem_ds,100000,10,0,measured,5,2026-09-09T14:37:08.148947Z,157821810946327,157821810946327,157821810946327,-1,-1,ok,
std_copy_xcdr__py_to_cpp__100000B__10Hz__shmem_ds__best_effort,publish,pub,py_to_cpp,copy,std,xcdr,shmem_ds,100000,10,0,measured,6,2026-09-09T14:37:08.249186Z,157821911239221,157821911239221,157821911239221,-1,-1,ok,
std_copy_xcdr__py_to_cpp__100000B__10Hz__shmem_ds__best_effort,publish,pub,py_to_cpp,copy,std,xcdr,shmem_ds,100000,10,0,measured,7,2026-09-09T14:37:08.350041Z,157822012057006,157822012057006,157822012057006,-1,-1,ok,
std_copy_xcdr__py_to_cpp__100000B__10Hz__shmem_ds__best_effort,publish,pub,py_to_cpp,copy,std,xcdr,shmem_ds,100000,10,0,measured,8,2026-09-09T14:37:08.449190Z,157822111220665,157822111220665,157822111220665,-1,-1,ok,
std_copy_xcdr__py_to_cpp__100000B__10Hz__shmem_ds__best_effort,publish,pub,py_to_cpp,copy,std,xcdr,shmem_ds,100000,10,0,measured,9,2026-09-09T14:37:08.549112Z,157822211127098,157822211127098,157822211127098,-1,-1,ok,
std_copy_xcdr__py_to_cpp__100000B__10Hz__shmem_ds__best_effort,publish,pub,py_to_cpp,copy,std,xcdr,shmem_ds,100000,10,0,measured,10,2026-09-09T14:37:08.648121Z,157822310144259,157822310144259,157822310144259,-1,-1,ok,
std_copy_xcdr__py_to_cpp__100000B__10Hz__shmem_ds__best_effort,publish,pub,py_to_cpp,copy,std,xcdr,shmem_ds,100000,10,0,measured,11,2026-09-09T14:37:08.747620Z,157822409629044,157822409629044,157822409629044,-1,-1,ok,
std_copy_xcdr__py_to_cpp__100000B__10Hz__shmem_ds__best_effort,publish,pub,py_to_cpp,copy,std,xcdr,shmem_ds,100000,10,0,measured,12,2026-09-09T14:37:08.847623Z,157822509628523,157822509628523,157822509628523,-1,-1,ok,
std_copy_xcdr__py_to_cpp__100000B__10Hz__shmem_ds__best_effort,publish,pub,py_to_cpp,copy,std,xcdr,shmem_ds,100000,10,0,measured,13,2026-09-09T14:37:08.946624Z,157822608660783,157822608660783,157822608660783,-1,-1,ok,
std_copy_xcdr__py_to_cpp__100000B__10Hz__shmem_ds__best_effort,publish,pub,py_to_cpp,copy,std,xcdr,shmem_ds,100000,10,0,measured,14,2026-09-09T14:37:09.045940Z,157822707966200,157822707966200,157822707966200,-1,-1,ok,
std_copy_xcdr__py_to_cpp__100000B__10Hz__shmem_ds__best_effort,publish,pub,py_to_cpp,copy,std,xcdr,shmem_ds,100000,10,0,measured,15,2026-09-09T14:37:09.146339Z,157822808354375,157822808354375,157822808354375,-1,-1,ok,
std_copy_xcdr__py_to_cpp__100000B__10Hz__shmem_ds__best_effort,publish,pub,py_to_cpp,copy,std,xcdr,shmem_ds,100000,10,0,measured,16,2026-09-09T14:37:09.246357Z,157822908395874,157822908395874,157822908395874,-1,-1,ok,
std_copy_xcdr__py_to_cpp__100000B__10Hz__shmem_ds__best_effort,publish,pub,py_to_cpp,copy,std,xcdr,shmem_ds,100000,10,0,measured,17,2026-09-09T14:37:09.345824Z,157823007848771,157823007848771,157823007848771,-1,-1,ok,
std_copy_xcdr__py_to_cpp__100000B__10Hz__shmem_ds__best_effort,publish,pub,py_to_cpp,copy,std,xcdr,shmem_ds,100000,10,0,measured,18,2026-09-09T14:37:09.445992Z,157823108032981,157823108032981,157823108032981,-1,-1,ok,
std_copy_xcdr__py_to_cpp__100000B__10Hz__shmem_ds__best_effort,publish,pub,py_to_cpp,copy,std,xcdr,shmem_ds,100000,10,0,measured,19,2026-09-09T14:37:09.546749Z,157823208704851,157823208704851,157823208704851,-1,-1,ok,
std_copy_xcdr__py_to_cpp__100000B__10Hz__shmem_ds__best_effort,publish,pub,py_to_cpp,copy,std,xcdr,shmem_ds,100000,10,0,measured,20,2026-09-09T14:37:09.645774Z,157823307747761,157823307747761,157823307747761,-1,-1,ok,
std_copy_xcdr__py_to_cpp__100000B__10Hz__shmem_ds__best_effort,publish,pub,py_to_cpp,copy,std,xcdr,shmem_ds,100000,10,0,measured,21,2026-09-09T14:37:09.746394Z,157823408359229,157823408359229,157823408359229,-1,-1,ok,
std_copy_xcdr__py_to_cpp__100000B__10Hz__shmem_ds__best_effort,publish,pub,py_to_cpp,copy,std,xcdr,shmem_ds,100000,10,0,measured,22,2026-09-09T14:37:09.846822Z,157823508775666,157823508775666,157823508775666,-1,-1,ok,
std_copy_xcdr__py_to_cpp__100000B__10Hz__shmem_ds__best_effort,publish,pub,py_to_cpp,copy,std,xcdr,shmem_ds,100000,10,0,measured,23,2026-09-09T14:37:09.946579Z,157823608564567,157823608564567,157823608564567,-1,-1,ok,
std_copy_xcdr__py_to_cpp__100000B__10Hz__shmem_ds__best_effort,publish,pub,py_to_cpp,copy,std,xcdr,shmem_ds,100000,10,0,measured,24,2026-09-09T14:37:10.045813Z,157823707756580,157823707756580,157823707756580,-1,-1,ok,
std_copy_xcdr__py_to_cpp__100000B__10Hz__shmem_ds__best_effort,publish,pub,py_to_cpp,copy,std,xcdr,shmem_ds,100000,10,0,measured,25,2026-09-09T14:37:10.146701Z,157823808659589,157823808659589,157823808659589,-1,-1,ok,
std_copy_xcdr__py_to_cpp__100000B__10Hz__shmem_ds__best_effort,publish,pub,py_to_cpp,copy,std,xcdr,shmem_ds,100000,10,0,measured,26,2026-09-09T14:37:10.246260Z,157823908278079,157823908278079,157823908278079,-1,-1,ok,
std_copy_xcdr__py_to_cpp__100000B__10Hz__shmem_ds__best_effort,publish,pub,py_to_cpp,copy,std,xcdr,shmem_ds,100000,10,0,measured,27,2026-09-09T14:37:10.345520Z,157824007519496,157824007519496,157824007519496,-1,-1,ok,
std_copy_xcdr__py_to_cpp__100000B__10Hz__shmem_ds__best_effort,publish,pub,py_to_cpp,copy,std,xcdr,shmem_ds,100000,10,0,measured,28,2026-09-09T14:37:10.444763Z,157824106736307,157824106736307,157824106736307,-1,-1,ok,
std_copy_xcdr__py_to_cpp__100000B__10Hz__shmem_ds__best_effort,publish,pub,py_to_cpp,copy,std,xcdr,shmem_ds,100000,10,0,measured,29,2026-09-09T14:37:10.545445Z,157824207423738,157824207423738,157824207423738,-1,-1,ok,
std_copy_xcdr__py_to_cpp__100000B__10Hz__shmem_ds__best_effort,publish,pub,py_to_cpp,copy,std,xcdr,shmem_ds,100000,10,0,measured,30,2026-09-09T14:37:10.645655Z,157824307633857,157824307633857,157824307633857,-1,-1,ok,
std_copy_xcdr__py_to_cpp__100000B__10Hz__shmem_ds__best_effort,publish,pub,py_to_cpp,copy,std,xcdr,shmem_ds,100000,10,0,measured,31,2026-09-09T14:37:10.746282Z,157824408259352,157824408259352,157824408259352,-1,-1,ok,
std_copy_xcdr__py_to_cpp__100000B__10Hz__shmem_ds__best_effort,publish,pub,py_to_cpp,copy,std,xcdr,shmem_ds,100000,10,0,measured,32,2026-09-09T14:37:10.846745Z,157824508716398,157824508716398,157824508716398,-1,-1,ok,
std_copy_xcdr__py_to_cpp__100000B__10Hz__shmem_ds__best_effort,publish,pub,py_to_cpp,copy,std,xcdr,shmem_ds,100000,10,0,measured,33,2026-09-09T14:37:10.946821Z,157824608787664,157824608787664,157824608787664,-1,-1,ok,
std_copy_xcdr__py_to_cpp__100000B__10Hz__shmem_ds__best_effort,publish,pub,py_to_cpp,copy,std,xcdr,shmem_ds,100000,10,0,measured,34,2026-09-09T14:37:11.047702Z,157824709694381,157824709694381,157824709694381,-1,-1,ok,
std_copy_xcdr__py_to_cpp__100000B__10Hz__shmem_ds__best_effort,publish,pub,py_to_cpp,copy,std,xcdr,shmem_ds,100000,10,0,measured,35,2026-09-09T14:37:11.147526Z,157824809490007,157824809490007,157824809490007,-1,-1,ok,
std_copy_xcdr__py_to_cpp__100000B__10Hz__shmem_ds__best_effort,publish,pub,py_to_cpp,copy,std,xcdr,shmem_ds,100000,10,0,measured,36,2026-09-09T14:37:11.247619Z,157824909598295,157824909598295,157824909598295,-1,-1,ok,
std_copy_xcdr__py_to_cpp__100000B__10Hz__shmem_ds__best_effort,publish,pub,py_to_cpp,copy,std,xcdr,shmem_ds,100000,10,0,measured,37,2026-09-09T14:37:11.348313Z,157825010290917,157825010290917,157825010290917,-1,-1,ok,
std_copy_xcdr__py_to_cpp__100000B__10Hz__shmem_ds__best_effort,publish,pub,py_to_cpp,copy,std,xcdr,shmem_ds,100000,10,0,measured,38,2026-09-09T14:37:11.450010Z,157825111656913,157825111656913,157825111656913,-1,-1,ok,
std_copy_xcdr__py_to_cpp__100000B__10Hz__shmem_ds__best_effort,publish,pub,py_to_cpp,copy,std,xcdr,shmem_ds,100000,10,0,measured,39,2026-09-09T14:37:11.549242Z,157825211215140,157825211215140,157825211215140,-1,-1,ok,
std_copy_xcdr__py_to_cpp__100000B__10Hz__shmem_ds__best_effort,publish,pub,py_to_cpp,copy,std,xcdr,shmem_ds,100000,10,0,measured,40,2026-09-09T14:37:11.649545Z,157825311441551,157825311441551,157825311441551,-1,-1,ok,
std_copy_xcdr__py_to_cpp__100000B__10Hz__shmem_ds__best_effort,publish,pub,py_to_cpp,copy,std,xcdr,shmem_ds,100000,10,0,measured,41,2026-09-09T14:37:11.749719Z,157825411711174,157825411711174,157825411711174,-1,-1,ok,
std_copy_xcdr__py_to_cpp__100000B__10Hz__shmem_ds__best_effort,publish,pub,py_to_cpp,copy,std,xcdr,shmem_ds,100000,10,0,measured,42,2026-09-09T14:37:11.848822Z,157825510815633,157825510815633,157825510815633,-1,-1,ok,
std_copy_xcdr__py_to_cpp__100000B__10Hz__shmem_ds__best_effort,publish,pub,py_to_cpp,copy,std,xcdr,shmem_ds,100000,10,0,measured,43,2026-09-09T14:37:11.948241Z,157825610236781,157825610236781,157825610236781,-1,-1,ok,
std_copy_xcdr__py_to_cpp__100000B__10Hz__shmem_ds__best_effort,publish,pub,py_to_cpp,copy,std,xcdr,shmem_ds,100000,10,0,measured,44,2026-09-09T14:37:12.047754Z,157825709796883,157825709796883,157825709796883,-1,-1,ok,
std_copy_xcdr__py_to_cpp__100000B__10Hz__shmem_ds__best_effort,publish,pub,py_to_cpp,copy,std,xcdr,shmem_ds,100000,10,0,measured,45,2026-09-09T14:37:12.146940Z,157825808962750,157825808962750,157825808962750,-1,-1,ok,
std_copy_xcdr__py_to_cpp__100000B__10Hz__shmem_ds__best_effort,publish,pub,py_to_cpp,copy,std,xcdr,shmem_ds,100000,10,0,measured,46,2026-09-09T14:37:12.246364Z,157825908413294,157825908413294,157825908413294,-1,-1,ok,
std_copy_xcdr__py_to_cpp__100000B__10Hz__shmem_ds__best_effort,publish,pub,py_to_cpp,copy,std,xcdr,shmem_ds,100000,10,0,measured,47,2026-09-09T14:37:12.345637Z,157826007660825,157826007660825,157826007660825,-1,-1,ok,
std_copy_xcdr__py_to_cpp__100000B__10Hz__shmem_ds__best_effort,publish,pub,py_to_cpp,copy,std,xcdr,shmem_ds,100000,10,0,measured,48,2026-09-09T14:37:12.445188Z,157826107210277,157826107210277,157826107210277,-1,-1,ok,
std_copy_xcdr__py_to_cpp__100000B__10Hz__shmem_ds__best_effort,publish,pub,py_to_cpp,copy,std,xcdr,shmem_ds,100000,10,0,measured,49,2026-09-09T14:37:12.545517Z,157826207516781,157826207516781,157826207516781,-1,-1,ok,
std_copy_xcdr__py_to_cpp__100000B__10Hz__shmem_ds__best_effort,publish,pub,py_to_cpp,copy,std,xcdr,shmem_ds,100000,10,0,measured,50,2026-09-09T14:37:12.645345Z,157826307311787,157826307311787,157826307311787,-1,-1,ok,
std_copy_xcdr__py_to_cpp__100000B__10Hz__shmem_ds__best_effort,publish,pub,py_to_cpp,copy,std,xcdr,shmem_ds,100000,10,0,measured,51,2026-09-09T14:37:12.745124Z,157826407057320,157826407057320,157826407057320,-1,-1,ok,
std_copy_xcdr__py_to_cpp__100000B__10Hz__shmem_ds__best_effort,publish,pub,py_to_cpp,copy,std,xcdr,shmem_ds,100000,10,0,measured,52,2026-09-09T14:37:12.844447Z,157826506428915,157826506428915,157826506428915,-1,-1,ok,
std_copy_xcdr__py_to_cpp__100000B__10Hz__shmem_ds__best_effort,publish,pub,py_to_cpp,copy,std,xcdr,shmem_ds,100000,10,0,measured,53,2026-09-09T14:37:12.944012Z,157826605974290,157826605974290,157826605974290,-1,-1,ok,
std_copy_xcdr__py_to_cpp__100000B__10Hz__shmem_ds__best_effort,publish,pub,py_to_cpp,copy,std,xcdr,shmem_ds,100000,10,0,measured,54,2026-09-09T14:37:13.044896Z,157826706855590,157826706855590,157826706855590,-1,-1,ok,
std_copy_xcdr__py_to_cpp__100000B__10Hz__shmem_ds__best_effort,publish,pub,py_to_cpp,copy,std,xcdr,shmem_ds,100000,10,0,measured,55,2026-09-09T14:37:13.145187Z,157826807160341,157826807160341,157826807160341,-1,-1,ok,
std_copy_xcdr__py_to_cpp__100000B__10Hz__shmem_ds__best_effort,publish,pub,py_to_cpp,copy,std,xcdr,shmem_ds,100000,10,0,measured,56,2026-09-09T14:37:13.245396Z,157826907364212,157826907364212,157826907364212,-1,-1,ok,
std_copy_xcdr__py_to_cpp__100000B__10Hz__shmem_ds__best_effort,publish,pub,py_to_cpp,copy,std,xcdr,shmem_ds,100000,10,0,measured,57,2026-09-09T14:37:13.344580Z,157827006621402,157827006621402,157827006621402,-1,-1,ok,
std_copy_xcdr__py_to_cpp__100000B__10Hz__shmem_ds__best_effort,publish,pub,py_to_cpp,copy,std,xcdr,shmem_ds,100000,10,0,measured,58,2026-09-09T14:37:13.445070Z,157827107113859,157827107113859,157827107113859,-1,-1,ok,
std_copy_xcdr__py_to_cpp__100000B__10Hz__shmem_ds__best_effort,publish,pub,py_to_cpp,copy,std,xcdr,shmem_ds,100000,10,0,measured,59,2026-09-09T14:37:13.544376Z,157827206406876,157827206406876,157827206406876,-1,-1,ok,
std_copy_xcdr__py_to_cpp__100000B__10Hz__shmem_ds__best_effort,publish,pub,py_to_cpp,copy,std,xcdr,shmem_ds,100000,10,0,measured,60,2026-09-09T14:37:13.644185Z,157827306197005,157827306197005,157827306197005,-1,-1,ok,
std_copy_xcdr__py_to_cpp__100000B__10Hz__shmem_ds__best_effort,publish,pub,py_to_cpp,copy,std,xcdr,shmem_ds,100000,10,0,measured,61,2026-09-09T14:37:13.745162Z,157827407189737,157827407189737,157827407189737,-1,-1,ok,
std_copy_xcdr__py_to_cpp__100000B__10Hz__shmem_ds__best_effort,publish,pub,py_to_cpp,copy,std,xcdr,shmem_ds,100000,10,0,measured,62,2026-09-09T14:37:13.845411Z,157827507440646,157827507440646,157827507440646,-1,-1,ok,
std_copy_xcdr__py_to_cpp__100000B__10Hz__shmem_ds__best_effort,publish,pub,py_to_cpp,copy,std,xcdr,shmem_ds,100000,10,0,measured,63,2026-09-09T14:37:13.945579Z,157827607587759,157827607587759,157827607587759,-1,-1,ok,
std_copy_xcdr__py_to_cpp__100000B__10Hz__shmem_ds__best_effort,publish,pub,py_to_cpp,copy,std,xcdr,shmem_ds,100000,10,0,measured,64,2026-09-09T14:37:14.045929Z,157827707912949,157827707912949,157827707912949,-1,-1,ok,
std_copy_xcdr__py_to_cpp__100000B__10Hz__shmem_ds__best_effort,publish,pub,py_to_cpp,copy,std,xcdr,shmem_ds,100000,10,0,measured,65,2026-09-09T14:37:14.146564Z,157827808594233,157827808594233,157827808594233,-1,-1,ok,
std_copy_xcdr__py_to_cpp__100000B__10Hz__shmem_ds__best_effort,publish,pub,py_to_cpp,copy,std,xcdr,shmem_ds,100000,10,0,measured,66,2026-09-09T14:37:14.247107Z,157827909143578,157827909143578,157827909143578,-1,-1,ok,
std_copy_xcdr__py_to_cpp__100000B__10Hz__shmem_ds__best_effort,publish,pub,py_to_cpp,copy,std,xcdr,shmem_ds,100000,10,0,measured,67,2026-09-09T14:37:14.346499Z,157828008566873,157828008566873,157828008566873,-1,-1,ok,
std_copy_xcdr__py_to_cpp__100000B__10Hz__shmem_ds__best_effort,publish,pub,py_to_cpp,copy,std,xcdr,shmem_ds,100000,10,0,measured,68,2026-09-09T14:37:14.445600Z,157828107645036,157828107645036,157828107645036,-1,-1,ok,
std_copy_xcdr__py_to_cpp__100000B__10Hz__shmem_ds__best_effort,publish,pub,py_to_cpp,copy,std,xcdr,shmem_ds,100000,10,0,measured,69,2026-09-09T14:37:14.545304Z,157828207340797,157828207340797,157828207340797,-1,-1,ok,
std_copy_xcdr__py_to_cpp__100000B__10Hz__shmem_ds__best_effort,publish,pub,py_to_cpp,copy,std,xcdr,shmem_ds,100000,10,0,measured,70,2026-09-09T14:37:14.645011Z,157828306947910,157828306947910,157828306947910,-1,-1,ok,
std_copy_xcdr__py_to_cpp__100000B__10Hz__shmem_ds__best_effort,publish,pub,py_to_cpp,copy,std,xcdr,shmem_ds,100000,10,0,measured,71,2026-09-09T14:37:14.744248Z,157828406256648,157828406256648,157828406256648,-1,-1,ok,
std_copy_xcdr__py_to_cpp__100000B__10Hz__shmem_ds__best_effort,publish,pub,py_to_cpp,copy,std,xcdr,shmem_ds,100000,10,0,measured,72,2026-09-09T14:37:14.845272Z,157828507237299,157828507237299,157828507237299,-1,-1,ok,
std_copy_xcdr__py_to_cpp__100000B__10Hz__shmem_ds__best_effort,publish,pub,py_to_cpp,copy,std,xcdr,shmem_ds,100000,10,0,measured,73,2026-09-09T14:37:14.945893Z,157828607913574,157828607913574,157828607913574,-1,-1,ok,
std_copy_xcdr__py_to_cpp__100000B__10Hz__shmem_ds__best_effort,publish,pub,py_to_cpp,copy,std,xcdr,shmem_ds,100000,10,0,measured,74,2026-09-09T14:37:15.045467Z,157828707502464,157828707502464,157828707502464,-1,-1,ok,
std_copy_xcdr__py_to_cpp__100000B__10Hz__shmem_ds__best_effort,publish,pub,py_to_cpp,copy,std,xcdr,shmem_ds,100000,10,0,measured,75,2026-09-09T14:37:15.145778Z,157828807825201,157828807825201,157828807825201,-1,-1,ok,
std_copy_xcdr__py_to_cpp__100000B__10Hz__shmem_ds__best_effort,publish,pub,py_to_cpp,copy,std,xcdr,shmem_ds,100000,10,0,measured,76,2026-09-09T14:37:15.245534Z,157828907569544,157828907569544,157828907569544,-1,-1,ok,
std_copy_xcdr__py_to_cpp__100000B__10Hz__shmem_ds__best_effort,publish,pub,py_to_cpp,copy,std,xcdr,shmem_ds,100000,10,0,measured,77,2026-09-09T14:37:15.346722Z,157829008624766,157829008624766,157829008624766,-1,-1,ok,
std_copy_xcdr__py_to_cpp__100000B__10Hz__shmem_ds__best_effort,publish,pub,py_to_cpp,copy,std,xcdr,shmem_ds,100000,10,0,measured,78,2026-09-09T14:37:15.446462Z,157829108444864,157829108444864,157829108444864,-1,-1,ok,
std_copy_xcdr__py_to_cpp__100000B__10Hz__shmem_ds__best_effort,publish,pub,py_to_cpp,copy,std,xcdr,shmem_ds,100000,10,0,measured,79,2026-09-09T14:37:15.546069Z,157829208017613,157829208017613,157829208017613,-1,-1,ok,
std_copy_xcdr__py_to_cpp__100000B__10Hz__shmem_ds__best_effort,publish,pub,py_to_cpp,copy,std,xcdr,shmem_ds,100000,10,0,measured,80,2026-09-09T14:37:15.645499Z,157829307465816,157829307465816,157829307465816,-1,-1,ok,
std_copy_xcdr__py_to_cpp__100000B__10Hz__shmem_ds__best_effort,publish,pub,py_to_cpp,copy,std,xcdr,shmem_ds,100000,10,0,measured,81,2026-09-09T14:37:15.745458Z,157829407500780,157829407500780,157829407500780,-1,-1,ok,
std_copy_xcdr__py_to_cpp__100000B__10Hz__shmem_ds__best_effort,publish,pub,py_to_cpp,copy,std,xcdr,shmem_ds,100000,10,0,measured,82,2026-09-09T14:37:15.845088Z,157829507070072,157829507070072,157829507070072,-1,-1,ok,
std_copy_xcdr__py_to_cpp__100000B__10Hz__shmem_ds__best_effort,publish,pub,py_to_cpp,copy,std,xcdr,shmem_ds,100000,10,0,measured,83,2026-09-09T14:37:15.945353Z,157829607370908,157829607370908,157829607370908,-1,-1,ok,
std_copy_xcdr__py_to_cpp__100000B__10Hz__shmem_ds__best_effort,publish,pub,py_to_cpp,copy,std,xcdr,shmem_ds,100000,10,0,measured,84,2026-09-09T14:37:16.045989Z,157829708017698,157829708017698,157829708017698,-1,-1,ok,
std_copy_xcdr__py_to_cpp__100000B__10Hz__shmem_ds__best_effort,publish,pub,py_to_cpp,copy,std,xcdr,shmem_ds,100000,10,0,measured,85,2026-09-09T14:37:16.145791Z,157829807818370,157829807818370,157829807818370,-1,-1,ok,
std_copy_xcdr__py_to_cpp__100000B__10Hz__shmem_ds__best_effort,publish,pub,py_to_cpp,copy,std,xcdr,shmem_ds,100000,10,0,measured,86,2026-09-09T14:37:16.245187Z,157829907225767,157829907225767,157829907225767,-1,-1,ok,
std_copy_xcdr__py_to_cpp__100000B__10Hz__shmem_ds__best_effort,publish,pub,py_to_cpp,copy,std,xcdr,shmem_ds,100000,10,0,measured,87,2026-09-09T14:37:16.346182Z,157830008213263,157830008213263,157830008213263,-1,-1,ok,
std_copy_xcdr__py_to_cpp__100000B__10Hz__shmem_ds__best_effort,publish,pub,py_to_cpp,copy,std,xcdr,shmem_ds,100000,10,0,measured,88,2026-09-09T14:37:16.446197Z,157830108232437,157830108232437,157830108232437,-1,-1,ok,
std_copy_xcdr__py_to_cpp__100000B__10Hz__shmem_ds__best_effort,publish,pub,py_to_cpp,copy,std,xcdr,shmem_ds,100000,10,0,measured,89,2026-09-09T14:37:16.545439Z,157830207457551,157830207457551,157830207457551,-1,-1,ok,
std_copy_xcdr__py_to_cpp__100000B__10Hz__shmem_ds__best_effort,publish,pub,py_to_cpp,copy,std,xcdr,shmem_ds,100000,10,0,measured,90,2026-09-09T14:37:16.644827Z,157830306709124,157830306709124,157830306709124,-1,-1,ok,
std_copy_xcdr__py_to_cpp__100000B__10Hz__shmem_ds__best_effort,publish,pub,py_to_cpp,copy,std,xcdr,shmem_ds,100000,10,0,measured,91,2026-09-09T14:37:16.743858Z,157830405832264,157830405832264,157830405832264,-1,-1,ok,
std_copy_xcdr__py_to_cpp__100000B__10Hz__shmem_ds__best_effort,publish,pub,py_to_cpp,copy,std,xcdr,shmem_ds,100000,10,0,measured,92,2026-09-09T14:37:16.844121Z,157830506076274,157830506076274,157830506076274,-1,-1,ok,
std_copy_xcdr__py_to_cpp__100000B__10Hz__shmem_ds__best_effort,publish,pub,py_to_cpp,copy,std,xcdr,shmem_ds,100000,10,0,measured,93,2026-09-09T14:37:16.944581Z,157830606603940,157830606603940,157830606603940,-1,-1,ok,
std_copy_xcdr__py_to_cpp__100000B__10Hz__shmem_ds__best_effort,publish,pub,py_to_cpp,copy,std,xcdr,shmem_ds,100000,10,0,measured,94,2026-09-09T14:37:17.044410Z,157830706436491,157830706436491,157830706436491,-1,-1,ok,
std_copy_xcdr__py_to_cpp__100000B__10Hz__shmem_ds__best_effort,publish,pub,py_to_cpp,copy,std,xcdr,shmem_ds,100000,10,0,measured,95,2026-09-09T14:37:17.143487Z,157830805533935,157830805533935,157830805533935,-1,-1,ok,
std_copy_xcdr__py_to_cpp__100000B__10Hz__shmem_ds__best_effort,publish,pub,py_to_cpp,copy,std,xcdr,shmem_ds,100000,10,0,measured,96,2026-09-09T14:37:17.243231Z,157830905287037,157830905287037,157830905287037,-1,-1,ok,
std_copy_xcdr__py_to_cpp__100000B__10Hz__shmem_ds__best_effort,publish,pub,py_to_cpp,copy,std,xcdr,shmem_ds,100000,10,0,measured,97,2026-09-09T14:37:17.344251Z,157831006302987,157831006302987,157831006302987,-1,-1,ok,
std_copy_xcdr__py_to_cpp__100000B__10Hz__shmem_ds__best_effort,publish,pub,py_to_cpp,copy,std,xcdr,shmem_ds,100000,10,0,measured,98,2026-09-09T14:37:17.444278Z,157831106336509,157831106336509,157831106336509,-1,-1,ok,
std_copy_xcdr__py_to_cpp__100000B__10Hz__shmem_ds__best_effort,publish,pub,py_to_cpp,copy,std,xcdr,shmem_ds,100000,10,0,measured,99,2026-09-09T14:37:17.545353Z,157831207361697,157831207361697,157831207361697,-1,-1,ok,
std_copy_xcdr__py_to_cpp__100000B__10Hz__shmem_ds__best_effort,publish,pub,py_to_cpp,copy,std,xcdr,shmem_ds,100000,10,0,measured,100,2026-09-09T14:37:17.646038Z,157831308066049,157831308066049,157831308066049,-1,-1,ok,
std_copy_xcdr__py_to_cpp__100000B__10Hz__shmem_ds__best_effort,publish,pub,py_to_cpp,copy,std,xcdr,shmem_ds,100000,10,0,measured,101,2026-09-09T14:37:17.745058Z,157831407095623,157831407095623,157831407095623,-1,-1,ok,
std_copy_xcdr__py_to_cpp__100000B__10Hz__shmem_ds__best_effort,publish,pub,py_to_cpp,copy,std,xcdr,shmem_ds,100000,10,0,measured,102,2026-09-09T14:37:17.845719Z,157831507698332,157831507698332,157831507698332,-1,-1,ok,
std_copy_xcdr__py_to_cpp__100000B__10Hz__shmem_ds__best_effort,publish,pub,py_to_cpp,copy,std,xcdr,shmem_ds,100000,10,0,measured,103,2026-09-09T14:37:17.945929Z,157831607940790,157831607940790,157831607940790,-1,-1,ok,
std_copy_xcdr__py_to_cpp__100000B__10Hz__shmem_ds__best_effort,publish,pub,py_to_cpp,copy,std,xcdr,shmem_ds,100000,10,0,measured,104,2026-09-09T14:37:18.046072Z,157831708045898,157831708045898,157831708045898,-1,-1,ok,
std_copy_xcdr__py_to_cpp__100000B__10Hz__shmem_ds__best_effort,publish,pub,py_to_cpp,copy,std,xcdr,shmem_ds,100000,10,0,measured,105,2026-09-09T14:37:18.145428Z,157831807464219,157831807464219,157831807464219,-1,-1,ok,
std_copy_xcdr__py_to_cpp__100000B__10Hz__shmem_ds__best_effort,publish,pub,py_to_cpp,copy,std,xcdr,shmem_ds,100000,10,0,measured,106,2026-09-09T14:37:18.245704Z,157831907736434,157831907736434,157831907736434,-1,-1,ok,
std_copy_xcdr__py_to_cpp__100000B__10Hz__shmem_ds__best_effort,publish,pub,py_to_cpp,copy,std,xcdr,shmem_ds,100000,10,0,measured,107,2026-09-09T14:37:18.344985Z,157832006981907,157832006981907,157832006981907,-1,-1,ok,
std_copy_xcdr__py_to_cpp__100000B__10Hz__shmem_ds__best_effort,publish,pub,py_to_cpp,copy,std,xcdr,shmem_ds,100000,10,0,measured,108,2026-09-09T14:37:18.444851Z,157832106851892,157832106851892,157832106851892,-1,-1,ok,
std_copy_xcdr__py_to_cpp__100000B__10Hz__shmem_ds__best_effort,publish,pub,py_to_cpp,copy,std,xcdr,shmem_ds,100000,10,0,measured,109,2026-09-09T14:37:18.544814Z,157832206813379,157832206813379,157832206813379,-1,-1,ok,
std_copy_xcdr__py_to_cpp__100000B__10Hz__shmem_ds__best_effort,publish,pub,py_to_cpp,copy,std,xcdr,shmem_ds,100000,10,0,measured,110,2026-09-09T14:37:18.645778Z,157832307738950,157832307738950,157832307738950,-1,-1,ok,
std_copy_xcdr__py_to_cpp__100000B__10Hz__shmem_ds__best_effort,publish,pub,py_to_cpp,copy,std,xcdr,shmem_ds,100000,10,0,measured,111,2026-09-09T14:37:18.746599Z,157832408574480,157832408574480,157832408574480,-1,-1,ok,
std_copy_xcdr__py_to_cpp__100000B__10Hz__shmem_ds__best_effort,publish,pub,py_to_cpp,copy,std,xcdr,shmem_ds,100000,10,0,measured,112,2026-09-09T14:37:18.846138Z,157832508073964,157832508073964,157832508073964,-1,-1,ok,
std_copy_xcdr__py_to_cpp__100000B__10Hz__shmem_ds__best_effort,publish,pub,py_to_cpp,copy,std,xcdr,shmem_ds,100000,10,0,measured,113,2026-09-09T14:37:18.945949Z,157832607961411,157832607961411,157832607961411,-1,-1,ok,
std_copy_xcdr__py_to_cpp__100000B__10Hz__shmem_ds__best_effort,publish,pub,py_to_cpp,copy,std,xcdr,shmem_ds,100000,10,0,measured,114,2026-09-09T14:37:19.045300Z,157832707319819,157832707319819,157832707319819,-1,-1,ok,
std_copy_xcdr__py_to_cpp__100000B__10Hz__shmem_ds__best_effort,publish,pub,py_to_cpp,copy,std,xcdr,shmem_ds,100000,10,0,measured,115,2026-09-09T14:37:19.146237Z,157832808208290,157832808208290,157832808208290,-1,-1,ok,
std_copy_xcdr__py_to_cpp__100000B__10Hz__shmem_ds__best_effort,publish,pub,py_to_cpp,copy,std,xcdr,shmem_ds,100000,10,0,measured,116,2026-09-09T14:37:19.246942Z,157832908909869,157832908909869,157832908909869,-1,-1,ok,
std_copy_xcdr__py_to_cpp__100000B__10Hz__shmem_ds__best_effort,publish,pub,py_to_cpp,copy,std,xcdr,shmem_ds,100000,10,0,measured,117,2026-09-09T14:37:19.346488Z,157833008489355,157833008489355,157833008489355,-1,-1,ok,
std_copy_xcdr__py_to_cpp__100000B__10Hz__shmem_ds__best_effort,publish,pub,py_to_cpp,copy,std,xcdr,shmem_ds,100000,10,0,measured,118,2026-09-09T14:37:19.446742Z,157833108752173,157833108752173,157833108752173,-1,-1,ok,
std_copy_xcdr__py_to_cpp__100000B__10Hz__shmem_ds__best_effort,publish,pub,py_to_cpp,copy,std,xcdr,shmem_ds,100000,10,0,measured,119,2026-09-09T14:37:19.547026Z,157833209012066,157833209012066,157833209012066,-1,-1,ok,
std_copy_xcdr__py_to_cpp__100000B__10Hz__shmem_ds__best_effort,publish,pub,py_to_cpp,copy,std,xcdr,shmem_ds,100000,10,0,measured,120,2026-09-09T14:37:19.646360Z,157833308347922,157833308347922,157833308347922,-1,-1,ok,
std_copy_xcdr__py_to_cpp__100000B__10Hz__shmem_ds__best_effort,publish,pub,py_to_cpp,copy,std,xcdr,shmem_ds,100000,10,0,measured,121,2026-09-09T14:37:19.746906Z,157833408869099,157833408869099,157833408869099,-1,-1,ok,
std_copy_xcdr__py_to_cpp__100000B__10Hz__shmem_ds__best_effort,publish,pub,py_to_cpp,copy,std,xcdr,shmem_ds,100000,10,0,measured,122,2026-09-09T14:37:19.847043Z,157833508984479,157833508984479,157833508984479,-1,-1,ok,
std_copy_xcdr__py_to_cpp__100000B__10Hz__shmem_ds__best_effort,publish,pub,py_to_cpp,copy,std,xcdr,shmem_ds,100000,10,0,measured,123,2026-09-09T14:37:19.947617Z,157833609568184,157833609568184,157833609568184,-1,-1,ok,
std_copy_xcdr__py_to_cpp__100000B__10Hz__shmem_ds__best_effort,publish,pub,py_to_cpp,copy,std,xcdr,shmem_ds,100000,10,0,measured,124,2026-09-09T14:37:20.047566Z,157833709560151,157833709560151,157833709560151,-1,-1,ok,
std_copy_xcdr__py_to_cpp__100000B__10Hz__shmem_ds__best_effort,publish,pub,py_to_cpp,copy,std,xcdr,shmem_ds,100000,10,0,measured,125,2026-09-09T14:37:20.146543Z,157833808529445,157833808529445,157833808529445,-1,-1,ok,
std_copy_xcdr__py_to_cpp__100000B__10Hz__shmem_ds__best_effort,publish,pub,py_to_cpp,copy,std,xcdr,shmem_ds,100000,10,0,measured,126,2026-09-09T14:37:20.246161Z,157833908175577,157833908175577,157833908175577,-1,-1,ok,
std_copy_xcdr__py_to_cpp__100000B__10Hz__shmem_ds__best_effort,publish,pub,py_to_cpp,copy,std,xcdr,shmem_ds,100000,10,0,measured,127,2026-09-09T14:37:20.345120Z,157834007167965,157834007167965,157834007167965,-1,-1,ok,
std_copy_xcdr__py_to_cpp__100000B__10Hz__shmem_ds__best_effort,publish,pub,py_to_cpp,copy,std,xcdr,shmem_ds,100000,10,0,measured,128,2026-09-09T14:37:20.446077Z,157834108070174,157834108070174,157834108070174,-1,-1,ok,
std_copy_xcdr__py_to_cpp__100000B__10Hz__shmem_ds__best_effort,publish,pub,py_to_cpp,copy,std,xcdr,shmem_ds,100000,10,0,measured,129,2026-09-09T14:37:20.546895Z,157834208864208,157834208864208,157834208864208,-1,-1,ok,
std_copy_xcdr__py_to_cpp__100000B__10Hz__shmem_ds__best_effort,publish,pub,py_to_cpp,copy,std,xcdr,shmem_ds,100000,10,0,measured,130,2026-09-09T14:37:20.647457Z,157834309472360,157834309472360,157834309472360,-1,-1,ok,
std_copy_xcdr__py_to_cpp__100000B__10Hz__shmem_ds__best_effort,publish,pub,py_to_cpp,copy,std,xcdr,shmem_ds,100000,10,0,measured,131,2026-09-09T14:37:20.747181Z,157834409170391,157834409170391,157834409170391,-1,-1,ok,
std_copy_xcdr__py_to_cpp__100000B__10Hz__shmem_ds__best_effort,publish,pub,py_to_cpp,copy,std,xcdr,shmem_ds,100000,10,0,measured,132,2026-09-09T14:37:20.846320Z,157834508286423,157834508286423,157834508286423,-1,-1,ok,
std_copy_xcdr__py_to_cpp__100000B__10Hz__shmem_ds__best_effort,publish,pub,py_to_cpp,copy,std,xcdr,shmem_ds,100000,10,0,measured,133,2026-09-09T14:37:20.947011Z,157834609018028,157834609018028,157834609018028,-1,-1,ok,
std_copy_xcdr__py_to_cpp__100000B__10Hz__shmem_ds__best_effort,publish,pub,py_to_cpp,copy,std,xcdr,shmem_ds,100000,10,0,measured,134,2026-09-09T14:37:21.047898Z,157834709880151,157834709880151,157834709880151,-1,-1,ok,
std_copy_xcdr__py_to_cpp__100000B__10Hz__shmem_ds__best_effort,publish,pub,py_to_cpp,copy,std,xcdr,shmem_ds,100000,10,0,measured,135,2026-09-09T14:37:21.147053Z,157834809053982,157834809053982,157834809053982,-1,-1,ok,
std_copy_xcdr__py_to_cpp__100000B__10Hz__shmem_ds__best_effort,publish,pub,py_to_cpp,copy,std,xcdr,shmem_ds,100000,10,0,measured,136,2026-09-09T14:37:21.247014Z,157834909018590,157834909018590,157834909018590,-1,-1,ok,
std_copy_xcdr__py_to_cpp__100000B__10Hz__shmem_ds__best_effort,publish,pub,py_to_cpp,copy,std,xcdr,shmem_ds,100000,10,0,measured,137,2026-09-09T14:37:21.346131Z,157835008142957,157835008142957,157835008142957,-1,-1,ok,
std_copy_xcdr__py_to_cpp__100000B__10Hz__shmem_ds__best_effort,publish,pub,py_to_cpp,copy,std,xcdr,shmem_ds,100000,10,0,measured,138,2026-09-09T14:37:21.446623Z,157835108645471,157835108645471,157835108645471,-1,-1,ok,
std_copy_xcdr__py_to_cpp__100000B__10Hz__shmem_ds__best_effort,publish,pub,py_to_cpp,copy,std,xcdr,shmem_ds,100000,10,0,measured,139,2026-09-09T14:37:21.547162Z,157835209197007,157835209197007,157835209197007,-1,-1,ok,
std_copy_xcdr__py_to_cpp__100000B__10Hz__shmem_ds__best_effort,publish,pub,py_to_cpp,copy,std,xcdr,shmem_ds,100000,10,0,measured,140,2026-09-09T14:37:21.646418Z,157835308439268,157835308439268,157835308439268,-1,-1,ok,
std_copy_xcdr__py_to_cpp__100000B__10Hz__shmem_ds__best_effort,publish,pub,py_to_cpp,copy,std,xcdr,shmem_ds,100000,10,0,measured,141,2026-09-09T14:37:21.746411Z,157835408411169,157835408411169,157835408411169,-1,-1,ok,
std_copy_xcdr__py_to_cpp__100000B__10Hz__shmem_ds__best_effort,publish,pub,py_to_cpp,copy,std,xcdr,shmem_ds,100000,10,0,measured,142,2026-09-09T14:37:21.846547Z,157835508532471,157835508532471,157835508532471,-1,-1,ok,
std_copy_xcdr__py_to_cpp__100000B__10Hz__shmem_ds__best_effort,publish,pub,py_to_cpp,copy,std,xcdr,shmem_ds,100000,10,0,measured,143,2026-09-09T14:37:21.945988Z,157835608027981,157835608027981,157835608027981,-1,-1,ok,
std_copy_xcdr__py_to_cpp__100000B__10Hz__shmem_ds__best_effort,publish,pub,py_to_cpp,copy,std,xcdr,shmem_ds,100000,10,0,measured,144,2026-09-09T14:37:22.046782Z,157835708785036,157835708785036,157835708785036,-1,-1,ok,
std_copy_xcdr__py_to_cpp__100000B__10Hz__shmem_ds__best_effort,publish,pub,py_to_cpp,copy,std,xcdr,shmem_ds,100000,10,0,measured,145,2026-09-09T14:37:22.146650Z,157835808618786,157835808618786,157835808618786,-1,-1,ok,
std_copy_xcdr__py_to_cpp__100000B__10Hz__shmem_ds__best_effort,publish,pub,py_to_cpp,copy,std,xcdr,shmem_ds,100000,10,0,measured,146,2026-09-09T14:37:22.246038Z,157835908051057,157835908051057,157835908051057,-1,-1,ok,
std_copy_xcdr__py_to_cpp__100000B__10Hz__shmem_ds__best_effort,publish,pub,py_to_cpp,copy,std,xcdr,shmem_ds,100000,10,0,measured,147,2026-09-09T14:37:22.346008Z,157836008054319,157836008054319,157836008054319,-1,-1,ok,
std_copy_xcdr__py_to_cpp__100000B__10Hz__shmem_ds__best_effort,publish,pub,py_to_cpp,copy,std,xcdr,shmem_ds,100000,10,0,measured,148,2026-09-09T14:37:22.446732Z,157836108675728,157836108675728,157836108675728,-1,-1,ok,
std_copy_xcdr__py_to_cpp__100000B__10Hz__shmem_ds__best_effort,publish,pub,py_to_cpp,copy,std,xcdr,shmem_ds,100000,10,0,measured,149,2026-09-09T14:37:22.545986Z,157836207996979,157836207996979,157836207996979,-1,-1,ok,
std_copy_xcdr__py_to_cpp__100000B__10Hz__shmem_ds__best_effort,publish,pub,py_to_cpp,copy,std,xcdr,shmem_ds,100000,10,0,measured,150,2026-09-09T14:37:22.645603Z,157836307606946,157836307606946,157836307606946,-1,-1,ok,
std_copy_xcdr__py_to_cpp__100000B__10Hz__shmem_ds__best_effort,publish,pub,py_to_cpp,copy,std,xcdr,shmem_ds,100000,10,0,measured,151,2026-09-09T14:37:22.746666Z,157836408659702,157836408659702,157836408659702,-1,-1,ok,
std_copy_xcdr__py_to_cpp__100000B__10Hz__shmem_ds__best_effort,publish,pub,py_to_cpp,copy,std,xcdr,shmem_ds,100000,10,0,measured,152,2026-09-09T14:37:22.847006Z,157836508964923,157836508964923,157836508964923,-1,-1,ok,
std_copy_xcdr__py_to_cpp__100000B__10Hz__shmem_ds__best_effort,publish,pub,py_to_cpp,copy,std,xcdr,shmem_ds,100000,10,0,measured,153,2026-09-09T14:37:22.946771Z,157836608788665,157836608788665,157836608788665,-1,-1,ok,
std_copy_xcdr__py_to_cpp__100000B__10Hz__shmem_ds__best_effort,publish,pub,py_to_cpp,copy,std,xcdr,shmem_ds,100000,10,0,measured,154,2026-09-09T14:37:23.046856Z,157836708835108,157836708835108,157836708835108,-1,-1,ok,
std_copy_xcdr__py_to_cpp__100000B__10Hz__shmem_ds__best_effort,publish,pub,py_to_cpp,copy,std,xcdr,shmem_ds,100000,10,0,measured,155,2026-09-09T14:37:23.146077Z,157836808083832,157836808083832,157836808083832,-1,-1,ok,
std_copy_xcdr__py_to_cpp__100000B__10Hz__shmem_ds__best_effort,publish,pub,py_to_cpp,copy,std,xcdr,shmem_ds,100000,10,0,measured,156,2026-09-09T14:37:23.245488Z,157836907501246,157836907501246,157836907501246,-1,-1,ok,
std_copy_xcdr__py_to_cpp__100000B__10Hz__shmem_ds__best_effort,publish,pub,py_to_cpp,copy,std,xcdr,shmem_ds,100000,10,0,measured,157,2026-09-09T14:37:23.345129Z,157837007164896,157837007164896,157837007164896,-1,-1,ok,
std_copy_xcdr__py_to_cpp__100000B__10Hz__shmem_ds__best_effort,publish,pub,py_to_cpp,copy,std,xcdr,shmem_ds,100000,10,0,measured,158,2026-09-09T14:37:23.445297Z,157837107325425,157837107325425,157837107325425,-1,-1,ok,
std_copy_xcdr__py_to_cpp__100000B__10Hz__shmem_ds__best_effort,publish,pub,py_to_cpp,copy,std,xcdr,shmem_ds,100000,10,0,measured,159,2026-09-09T14:37:23.544775Z,157837206809325,157837206809325,157837206809325,-1,-1,ok,
std_copy_xcdr__py_to_cpp__100000B__10Hz__shmem_ds__best_effort,publish,pub,py_to_cpp,copy,std,xcdr,shmem_ds,100000,10,0,measured,160,2026-09-09T14:37:23.644225Z,157837306248921,157837306248921,157837306248921,-1,-1,ok,
std_copy_xcdr__py_to_cpp__100000B__10Hz__shmem_ds__best_effort,publish,pub,py_to_cpp,copy,std,xcdr,shmem_ds,100000,10,0,measured,161,2026-09-09T14:37:23.743385Z,157837405393408,157837405393408,157837405393408,-1,-1,ok,
std_copy_xcdr__py_to_cpp__100000B__10Hz__shmem_ds__best_effort,publish,pub,py_to_cpp,copy,std,xcdr,shmem_ds,100000,10,0,measured,162,2026-09-09T14:37:23.843589Z,157837505636564,157837505636564,157837505636564,-1,-1,ok,
std_copy_xcdr__py_to_cpp__100000B__10Hz__shmem_ds__best_effort,publish,pub,py_to_cpp,copy,std,xcdr,shmem_ds,100000,10,0,measured,163,2026-09-09T14:37:23.943002Z,157837605043277,157837605043277,157837605043277,-1,-1,ok,
std_copy_xcdr__py_to_cpp__100000B__10Hz__shmem_ds__best_effort,publish,pub,py_to_cpp,copy,std,xcdr,shmem_ds,100000,10,0,measured,164,2026-09-09T14:37:24.043907Z,157837705918909,157837705918909,157837705918909,-1,-1,ok,
std_copy_xcdr__py_to_cpp__100000B__10Hz__shmem_ds__best_effort,publish,pub,py_to_cpp,copy,std,xcdr,shmem_ds,100000,10,0,measured,165,2026-09-09T14:37:24.144565Z,157837806612969,157837806612969,157837806612969,-1,-1,ok,
std_copy_xcdr__py_to_cpp__100000B__10Hz__shmem_ds__best_effort,publish,pub,py_to_cpp,copy,std,xcdr,shmem_ds,100000,10,0,measured,166,2026-09-09T14:37:24.243753Z,157837905771705,157837905771705,157837905771705,-1,-1,ok,
std_copy_xcdr__py_to_cpp__100000B__10Hz__shmem_ds__best_effort,publish,pub,py_to_cpp,copy,std,xcdr,shmem_ds,100000,10,0,measured,167,2026-09-09T14:37:24.343204Z,157838005234365,157838005234365,157838005234365,-1,-1,ok,
std_copy_xcdr__py_to_cpp__100000B__10Hz__shmem_ds__best_effort,publish,pub,py_to_cpp,copy,std,xcdr,shmem_ds,100000,10,0,measured,168,2026-09-09T14:37:24.443533Z,157838105566409,157838105566409,157838105566409,-1,-1,ok,
std_copy_xcdr__py_to_cpp__100000B__10Hz__shmem_ds__best_effort,publish,pub,py_to_cpp,copy,std,xcdr,shmem_ds,100000,10,0,measured,169,2026-09-09T14:37:24.543120Z,157838205068175,157838205068175,157838205068175,-1,-1,ok,
std_copy_xcdr__py_to_cpp__100000B__10Hz__shmem_ds__best_effort,publish,pub,py_to_cpp,copy,std,xcdr,shmem_ds,100000,10,0,measured,170,2026-09-09T14:37:24.642272Z,157838304291742,157838304291742,157838304291742,-1,-1,ok,
std_copy_xcdr__py_to_cpp__100000B__10Hz__shmem_ds__best_effort,publish,pub,py_to_cpp,copy,std,xcdr,shmem_ds,100000,10,0,measured,171,2026-09-09T14:37:24.743237Z,157838405229633,157838405229633,157838405229633,-1,-1,ok,
std_copy_xcdr__py_to_cpp__100000B__10Hz__shmem_ds__best_effort,publish,pub,py_to_cpp,copy,std,xcdr,shmem_ds,100000,10,0,measured,172,2026-09-09T14:37:24.843411Z,157838505373582,157838505373582,157838505373582,-1,-1,ok,
std_copy_xcdr__py_to_cpp__100000B__10Hz__shmem_ds__best_effort,publish,pub,py_to_cpp,copy,std,xcdr,shmem_ds,100000,10,0,measured,173,2026-09-09T14:37:24.943202Z,157838605214658,157838605214658,157838605214658,-1,-1,ok,
std_copy_xcdr__py_to_cpp__100000B__10Hz__shmem_ds__best_effort,publish,pub,py_to_cpp,copy,std,xcdr,shmem_ds,100000,10,0,measured,174,2026-09-09T14:37:25.043880Z,157838705862340,157838705862340,157838705862340,-1,-1,ok,
std_copy_xcdr__py_to_cpp__100000B__10Hz__shmem_ds__best_effort,publish,pub,py_to_cpp,copy,std,xcdr,shmem_ds,100000,10,0,measured,175,2026-09-09T14:37:25.144367Z,157838806404323,157838806404323,157838806404323,-1,-1,ok,
std_copy_xcdr__py_to_cpp__100000B__10Hz__shmem_ds__best_effort,publish,pub,py_to_cpp,copy,std,xcdr,shmem_ds,100000,10,0,measured,176,2026-09-09T14:37:25.243748Z,157838905782114,157838905782114,157838905782114,-1,-1,ok,
std_copy_xcdr__py_to_cpp__100000B__10Hz__shmem_ds__best_effort,publish,pub,py_to_cpp,copy,std,xcdr,shmem_ds,100000,10,0,measured,177,2026-09-09T14:37:25.342933Z,157839004968603,157839004968603,157839004968603,-1,-1,ok,
std_copy_xcdr__py_to_cpp__100000B__10Hz__shmem_ds__best_effort,publish,pub,py_to_cpp,copy,std,xcdr,shmem_ds,100000,10,0,measured,178,2026-09-09T14:37:25.442784Z,157839104827463,157839104827463,157839104827463,-1,-1,ok,
std_copy_xcdr__py_to_cpp__100000B__10Hz__shmem_ds__best_effort,publish,pub,py_to_cpp,copy,std,xcdr,shmem_ds,100000,10,0,measured,179,2026-09-09T14:37:25.542721Z,157839204741890,157839204741890,157839204741890,-1,-1,ok,
std_copy_xcdr__py_to_cpp__100000B__10Hz__shmem_ds__best_effort,publish,pub,py_to_cpp,copy,std,xcdr,shmem_ds,100000,10,0,measured,180,2026-09-09T14:37:25.642635Z,157839304649513,157839304649513,157839304649513,-1,-1,ok,
std_copy_xcdr__py_to_cpp__100000B__10Hz__shmem_ds__best_effort,publish,pub,py_to_cpp,copy,std,xcdr,shmem_ds,100000,10,0,measured,181,2026-09-09T14:37:25.743002Z,157839405053054,157839405053054,157839405053054,-1,-1,ok,
std_copy_xcdr__py_to_cpp__100000B__10Hz__shmem_ds__best_effort,publish,pub,py_to_cpp,copy,std,xcdr,shmem_ds,100000,10,0,measured,182,2026-09-09T14:37:25.843408Z,157839505445034,157839505445034,157839505445034,-1,-1,ok,
std_copy_xcdr__py_to_cpp__100000B__10Hz__shmem_ds__best_effort,publish,pub,py_to_cpp,copy,std,xcdr,shmem_ds,100000,10,0,measured,183,2026-09-09T14:37:25.944382Z,157839606403473,157839606403473,157839606403473,-1,-1,ok,
std_copy_xcdr__py_to_cpp__100000B__10Hz__shmem_ds__best_effort,publish,pub,py_to_cpp,copy,std,xcdr,shmem_ds,100000,10,0,measured,184,2026-09-09T14:37:26.043579Z,157839705607327,157839705607327,157839705607327,-1,-1,ok,
std_copy_xcdr__py_to_cpp__100000B__10Hz__shmem_ds__best_effort,publish,pub,py_to_cpp,copy,std,xcdr,shmem_ds,100000,10,0,measured,185,2026-09-09T14:37:26.143326Z,157839805385306,157839805385306,157839805385306,-1,-1,ok,
std_copy_xcdr__py_to_cpp__100000B__10Hz__shmem_ds__best_effort,publish,pub,py_to_cpp,copy,std,xcdr,shmem_ds,100000,10,0,measured,186,2026-09-09T14:37:26.242997Z,157839905054690,157839905054690,157839905054690,-1,-1,ok,
std_copy_xcdr__py_to_cpp__100000B__10Hz__shmem_ds__best_effort,publish,pub,py_to_cpp,copy,std,xcdr,shmem_ds,100000,10,0,measured,187,2026-09-09T14:37:26.343704Z,157840005777746,157840005777746,157840005777746,-1,-1,ok,
std_copy_xcdr__py_to_cpp__100000B__10Hz__shmem_ds__best_effort,publish,pub,py_to_cpp,copy,std,xcdr,shmem_ds,100000,10,0,measured,188,2026-09-09T14:37:26.443309Z,157840105333214,157840105333214,157840105333214,-1,-1,ok,
std_copy_xcdr__py_to_cpp__100000B__10Hz__shmem_ds__best_effort,publish,pub,py_to_cpp,copy,std,xcdr,shmem_ds,100000,10,0,measured,189,2026-09-09T14:37:26.542647Z,157840204697109,157840204697109,157840204697109,-1,-1,ok,
std_copy_xcdr__py_to_cpp__100000B__10Hz__shmem_ds__best_effort,publish,pub,py_to_cpp,copy,std,xcdr,shmem_ds,100000,10,0,measured,190,2026-09-09T14:37:26.642626Z,157840304632317,157840304632317,157840304632317,-1,-1,ok,
std_copy_xcdr__py_to_cpp__100000B__10Hz__shmem_ds__best_effort,publish,pub,py_to_cpp,copy,std,xcdr,shmem_ds,100000,10,0,measured,191,2026-09-09T14:37:26.742459Z,157840404479256,157840404479256,157840404479256,-1,-1,ok,
std_copy_xcdr__py_to_cpp__100000B__10Hz__shmem_ds__best_effort,publish,pub,py_to_cpp,copy,std,xcdr,shmem_ds,100000,10,0,measured,192,2026-09-09T14:37:26.842109Z,157840504076022,157840504076022,157840504076022,-1,-1,ok,
std_copy_xcdr__py_to_cpp__100000B__10Hz__shmem_ds__best_effort,publish,pub,py_to_cpp,copy,std,xcdr,shmem_ds,100000,10,0,measured,193,2026-09-09T14:37:26.941472Z,157840603501234,157840603501234,157840603501234,-1,-1,ok,
std_copy_xcdr__py_to_cpp__100000B__10Hz__shmem_ds__best_effort,publish,pub,py_to_cpp,copy,std,xcdr,shmem_ds,100000,10,0,measured,194,2026-09-09T14:37:27.042399Z,157840704394482,157840704394482,157840704394482,-1,-1,ok,
std_copy_xcdr__py_to_cpp__100000B__10Hz__shmem_ds__best_effort,publish,pub,py_to_cpp,copy,std,xcdr,shmem_ds,100000,10,0,measured,195,2026-09-09T14:37:27.142238Z,157840804247173,157840804247173,157840804247173,-1,-1,ok,
std_copy_xcdr__py_to_cpp__100000B__10Hz__shmem_ds__best_effort,publish,pub,py_to_cpp,copy,std,xcdr,shmem_ds,100000,10,0,measured,196,2026-09-09T14:37:27.242955Z,157840904965692,157840904965692,157840904965692,-1,-1,ok,
std_copy_xcdr__py_to_cpp__100000B__10Hz__shmem_ds__best_effort,publish,pub,py_to_cpp,copy,std,xcdr,shmem_ds,100000,10,0,measured,197,2026-09-09T14:37:27.343162Z,157841005133751,157841005133751,157841005133751,-1,-1,ok,
std_copy_xcdr__py_to_cpp__100000B__10Hz__shmem_ds__best_effort,publish,pub,py_to_cpp,copy,std,xcdr,shmem_ds,100000,10,0,measured,198,2026-09-09T14:37:27.442135Z,157841104160890,157841104160890,157841104160890,-1,-1,ok,
std_copy_xcdr__py_to_cpp__100000B__10Hz__shmem_ds__best_effort,publish,pub,py_to_cpp,copy,std,xcdr,shmem_ds,100000,10,0,measured,199,2026-09-09T14:37:27.543173Z,157841205182953,157841205182953,157841205182953,-1,-1,ok,
std_copy_xcdr__py_to_cpp__100000B__10Hz__shmem_ds__best_effort,publish,pub,py_to_cpp,copy,std,xcdr,shmem_ds,100000,10,0,measured,200,2026-09-09T14:37:27.643800Z,157841305821971,157841305821971,157841305821971,-1,-1,ok,
std_copy_xcdr__py_to_cpp__100000B__10Hz__shmem_ds__best_effort,publish,pub,py_to_cpp,copy,std,xcdr,shmem_ds,100000,10,0,measured,201,2026-09-09T14:37:27.744670Z,157841406731120,157841406731120,157841406731120,-1,-1,ok,
std_copy_xcdr__py_to_cpp__100000B__10Hz__shmem_ds__best_effort,publish,pub,py_to_cpp,copy,std,xcdr,shmem_ds,100000,10,0,measured,202,2026-09-09T14:37:27.845692Z,157841507685334,157841507685334,157841507685334,-1,-1,ok,
std_copy_xcdr__py_to_cpp__100000B__10Hz__shmem_ds__best_effort,publish,pub,py_to_cpp,copy,std,xcdr,shmem_ds,100000,10,0,measured,203,2026-09-09T14:37:27.946281Z,157841608331597,157841608331597,157841608331597,-1,-1,ok,
std_copy_xcdr__py_to_cpp__100000B__10Hz__shmem_ds__best_effort,publish,pub,py_to_cpp,copy,std,xcdr,shmem_ds,100000,10,0,measured,204,2026-09-09T14:37:28.045702Z,157841707699060,157841707699060,157841707699060,-1,-1,ok,
std_copy_xcdr__py_to_cpp__100000B__10Hz__shmem_ds__best_effort,publish,pub,py_to_cpp,copy,std,xcdr,shmem_ds,100000,10,0,measured,205,2026-09-09T14:37:28.145563Z,157841807607910,157841807607910,157841807607910,-1,-1,ok,
std_copy_xcdr__py_to_cpp__100000B__10Hz__shmem_ds__best_effort,publish,pub,py_to_cpp,copy,std,xcdr,shmem_ds,100000,10,0,measured,206,2026-09-09T14:37:28.245001Z,157841907046860,157841907046860,157841907046860,-1,-1,ok,
std_copy_xcdr__py_to_cpp__100000B__10Hz__shmem_ds__best_effort,publish,pub,py_to_cpp,copy,std,xcdr,shmem_ds,100000,10,0,measured,207,2026-09-09T14:37:28.344755Z,157842006814370,157842006814370,157842006814370,-1,-1,ok,
std_copy_xcdr__py_to_cpp__100000B__10Hz__shmem_ds__best_effort,publish,pub,py_to_cpp,copy,std,xcdr,shmem_ds,100000,10,0,measured,208,2026-09-09T14:37:28.443975Z,157842105985494,157842105985494,157842105985494,-1,-1,ok,
std_copy_xcdr__py_to_cpp__100000B__10Hz__shmem_ds__best_effort,publish,pub,py_to_cpp,copy,std,xcdr,shmem_ds,100000,10,0,measured,209,2026-09-09T14:37:28.543756Z,157842205767132,157842205767132,157842205767132,-1,-1,ok,
std_copy_xcdr__py_to_cpp__100000B__10Hz__shmem_ds__best_effort,publish,pub,py_to_cpp,copy,std,xcdr,shmem_ds,100000,10,0,measured,210,2026-09-09T14:37:28.644649Z,157842306682453,157842306682453,157842306682453,-1,-1,ok,
std_copy_xcdr__py_to_cpp__100000B__10Hz__shmem_ds__best_effort,publish,pub,py_to_cpp,copy,std,xcdr,shmem_ds,100000,10,0,measured,211,2026-09-09T14:37:28.744545Z,157842406398647,157842406398647,157842406398647,-1,-1,ok,
std_copy_xcdr__py_to_cpp__100000B__10Hz__shmem_ds__best_effort,publish,pub,py_to_cpp,copy,std,xcdr,shmem_ds,100000,10,0,measured,212,2026-09-09T14:37:28.844934Z,157842506883265,157842506883265,157842506883265,-1,-1,ok,
std_copy_xcdr__py_to_cpp__100000B__10Hz__shmem_ds__best_effort,publish,pub,py_to_cpp,copy,std,xcdr,shmem_ds,100000,10,0,measured,213,2026-09-09T14:37:28.944698Z,157842606718144,157842606718144,157842606718144,-1,-1,ok,
std_copy_xcdr__py_to_cpp__100000B__10Hz__shmem_ds__best_effort,publish,pub,py_to_cpp,copy,std,xcdr,shmem_ds,100000,10,0,measured,214,2026-09-09T14:37:29.044502Z,157842706540319,157842706540319,157842706540319,-1,-1,ok,
std_copy_xcdr__py_to_cpp__100000B__10Hz__shmem_ds__best_effort,publish,pub,py_to_cpp,copy,std,xcdr,shmem_ds,100000,10,0,measured,215,2026-09-09T14:37:29.145362Z,157842807426977,157842807426977,157842807426977,-1,-1,ok,
std_copy_xcdr__py_to_cpp__100000B__10Hz__shmem_ds__best_effort,publish,pub,py_to_cpp,copy,std,xcdr,shmem_ds,100000,10,0,measured,216,2026-09-09T14:37:29.246364Z,157842908420648,157842908420648,157842908420648,-1,-1,ok,
std_copy_xcdr__py_to_cpp__100000B__10Hz__shmem_ds__best_effort,publish,pub,py_to_cpp,copy,std,xcdr,shmem_ds,100000,10,0,measured,217,2026-09-09T14:37:29.346478Z,157843008535688,157843008535688,157843008535688,-1,-1,ok,
std_copy_xcdr__py_to_cpp__100000B__10Hz__shmem_ds__best_effort,publish,pub,py_to_cpp,copy,std,xcdr,shmem_ds,100000,10,0,measured,218,2026-09-09T14:37:29.446923Z,157843108968488,157843108968488,157843108968488,-1,-1,ok,
std_copy_xcdr__py_to_cpp__100000B__10Hz__shmem_ds__best_effort,publish,pub,py_to_cpp,copy,std,xcdr,shmem_ds,100000,10,0,measured,219,2026-09-09T14:37:29.546266Z,157843208310446,157843208310446,157843208310446,-1,-1,ok,
std_copy_xcdr__py_to_cpp__100000B__10Hz__shmem_ds__best_effort,publish,pub,py_to_cpp,copy,std,xcdr,shmem_ds,100000,10,0,measured,220,2026-09-09T14:37:29.645852Z,157843307884202,157843307884202,157843307884202,-1,-1,ok,
std_copy_xcdr__py_to_cpp__100000B__10Hz__shmem_ds__best_effort,publish,pub,py_to_cpp,copy,std,xcdr,shmem_ds,100000,10,0,measured,221,2026-09-09T14:37:29.746745Z,157843408810014,157843408810014,157843408810014,-1,-1,ok,
std_copy_xcdr__py_to_cpp__100000B__10Hz__shmem_ds__best_effort,publish,pub,py_to_cpp,copy,std,xcdr,shmem_ds,100000,10,0,measured,222,2026-09-09T14:37:29.846980Z,157843509015665,157843509015665,157843509015665,-1,-1,ok,
std_copy_xcdr__py_to_cpp__100000B__10Hz__shmem_ds__best_effort,publish,pub,py_to_cpp,copy,std,xcdr,shmem_ds,100000,10,0,measured,223,2026-09-09T14:37:29.946990Z,157843609048760,157843609048760,157843609048760,-1,-1,ok,
std_copy_xcdr__py_to_cpp__100000B__10Hz__shmem_ds__best_effort,publish,pub,py_to_cpp,copy,std,xcdr,shmem_ds,100000,10,0,measured,224,2026-09-09T14:37:30.047719Z,157843709679775,157843709679775,157843709679775,-1,-1,ok,
std_copy_xcdr__py_to_cpp__100000B__10Hz__shmem_ds__best_effort,publish,pub,py_to_cpp,copy,std,xcdr,shmem_ds,100000,10,0,measured,225,2026-09-09T14:37:30.146753Z,157843808754639,157843808754639,157843808754639,-1,-1,ok,
std_copy_xcdr__py_to_cpp__100000B__10Hz__shmem_ds__best_effort,publish,pub,py_to_cpp,copy,std,xcdr,shmem_ds,100000,10,0,measured,226,2026-09-09T14:37:30.246926Z,157843908920666,157843908920666,157843908920666,-1,-1,ok,
std_copy_xcdr__py_to_cpp__100000B__10Hz__shmem_ds__best_effort,publish,pub,py_to_cpp,copy,std,xcdr,shmem_ds,100000,10,0,measured,227,2026-09-09T14:37:30.346817Z,157844008870875,157844008870875,157844008870875,-1,-1,ok,
std_copy_xcdr__py_to_cpp__100000B__10Hz__shmem_ds__best_effort,publish,pub,py_to_cpp,copy,std,xcdr,shmem_ds,100000,10,0,measured,228,2026-09-09T14:37:30.447675Z,157844109664669,157844109664669,157844109664669,-1,-1,ok,
std_copy_xcdr__py_to_cpp__100000B__10Hz__shmem_ds__best_effort,publish,pub,py_to_cpp,copy,std,xcdr,shmem_ds,100000,10,0,measured,229,2026-09-09T14:37:30.546902Z,157844208916007,157844208916007,157844208916007,-1,-1,ok,
std_copy_xcdr__py_to_cpp__100000B__10Hz__shmem_ds__best_effort,publish,pub,py_to_cpp,copy,std,xcdr,shmem_ds,100000,10,0,measured,230,2026-09-09T14:37:30.647784Z,157844309817094,157844309817094,157844309817094,-1,-1,ok,
std_copy_xcdr__py_to_cpp__100000B__10Hz__shmem_ds__best_effort,publish,pub,py_to_cpp,copy,std,xcdr,shmem_ds,100000,10,0,measured,231,2026-09-09T14:37:30.747026Z,157844409039627,157844409039627,157844409039627,-1,-1,ok,
std_copy_xcdr__py_to_cpp__100000B__10Hz__shmem_ds__best_effort,publish,pub,py_to_cpp,copy,std,xcdr,shmem_ds,100000,10,0,measured,232,2026-09-09T14:37:30.846343Z,157844508368591,157844508368591,157844508368591,-1,-1,ok,
std_copy_xcdr__py_to_cpp__100000B__10Hz__shmem_ds__best_effort,publish,pub,py_to_cpp,copy,std,xcdr,shmem_ds,100000,10,0,measured,233,2026-09-09T14:37:30.946486Z,157844608537323,157844608537323,157844608537323,-1,-1,ok,
std_copy_xcdr__py_to_cpp__100000B__10Hz__shmem_ds__best_effort,publish,pub,py_to_cpp,copy,std,xcdr,shmem_ds,100000,10,0,measured,234,2026-09-09T14:37:31.046798Z,157844708856671,157844708856671,157844708856671,-1,-1,ok,
std_copy_xcdr__py_to_cpp__100000B__10Hz__shmem_ds__best_effort,publish,pub,py_to_cpp,copy,std,xcdr,shmem_ds,100000,10,0,measured,235,2026-09-09T14:37:31.146263Z,157844808326893,157844808326893,157844808326893,-1,-1,ok,
std_copy_xcdr__py_to_cpp__100000B__10Hz__shmem_ds__best_effort,publish,pub,py_to_cpp,copy,std,xcdr,shmem_ds,100000,10,0,measured,236,2026-09-09T14:37:31.245461Z,157844907532776,157844907532776,157844907532776,-1,-1,ok,
std_copy_xcdr__py_to_cpp__100000B__10Hz__shmem_ds__best_effort,publish,pub,py_to_cpp,copy,std,xcdr,shmem_ds,100000,10,0,measured,237,2026-09-09T14:37:31.346294Z,157845008344875,157845008344875,157845008344875,-1,-1,ok,
std_copy_xcdr__py_to_cpp__100000B__10Hz__shmem_ds__best_effort,publish,pub,py_to_cpp,copy,std,xcdr,shmem_ds,100000,10,0,measured,238,2026-09-09T14:37:31.445763Z,157845107831870,157845107831870,157845107831870,-1,-1,ok,
std_copy_xcdr__py_to_cpp__100000B__10Hz__shmem_ds__best_effort,publish,pub,py_to_cpp,copy,std,xcdr,shmem_ds,100000,10,0,measured,239,2026-09-09T14:37:31.546048Z,157845208068270,157845208068270,157845208068270,-1,-1,ok,
std_copy_xcdr__py_to_cpp__100000B__10Hz__shmem_ds__best_effort,publish,pub,py_to_cpp,copy,std,xcdr,shmem_ds,100000,10,0,measured,240,2026-09-09T14:37:31.646202Z,157845308263844,157845308263844,157845308263844,-1,-1,ok,
std_copy_xcdr__py_to_cpp__100000B__10Hz__shmem_ds__best_effort,publish,pub,py_to_cpp,copy,std,xcdr,shmem_ds,100000,10,0,measured,241,2026-09-09T14:37:31.746061Z,157845408121219,157845408121219,157845408121219,-1,-1,ok,
std_copy_xcdr__py_to_cpp__100000B__10Hz__shmem_ds__best_effort,publish,pub,py_to_cpp,copy,std,xcdr,shmem_ds,100000,10,0,measured,242,2026-09-09T14:37:31.846307Z,157845508333304,157845508333304,157845508333304,-1,-1,ok,
std_copy_xcdr__py_to_cpp__100000B__10Hz__shmem_ds__best_effort,publish,pub,py_to_cpp,copy,std,xcdr,shmem_ds,100000,10,0,measured,243,2026-09-09T14:37:31.946444Z,157845608418269,157845608418269,157845608418269,-1,-1,ok,
std_copy_xcdr__py_to_cpp__100000B__10Hz__shmem_ds__best_effort,publish,pub,py_to_cpp,copy,std,xcdr,shmem_ds,100000,10,0,measured,244,2026-09-09T14:37:32.047134Z,157845709187107,157845709187107,157845709187107,-1,-1,ok,
std_copy_xcdr__py_to_cpp__100000B__10Hz__shmem_ds__best_effort,publish,pub,py_to_cpp,copy,std,xcdr,shmem_ds,100000,10,0,measured,245,2026-09-09T14:37:32.146532Z,157845808586778,157845808586778,157845808586778,-1,-1,ok,
std_copy_xcdr__py_to_cpp__100000B__10Hz__shmem_ds__best_effort,publish,pub,py_to_cpp,copy,std,xcdr,shmem_ds,100000,10,0,measured,246,2026-09-09T14:37:32.246975Z,157845909032184,157845909032184,157845909032184,-1,-1,ok,
std_copy_xcdr__py_to_cpp__100000B__10Hz__shmem_ds__best_effort,publish,pub,py_to_cpp,copy,std,xcdr,shmem_ds,100000,10,0,measured,247,2026-09-09T14:37:32.346494Z,157846008526554,157846008526554,157846008526554,-1,-1,ok,
std_copy_xcdr__py_to_cpp__100000B__10Hz__shmem_ds__best_effort,publish,pub,py_to_cpp,copy,std,xcdr,shmem_ds,100000,10,0,measured,248,2026-09-09T14:37:32.446551Z,157846108478137,157846108478137,157846108478137,-1,-1,ok,
std_copy_xcdr__py_to_cpp__100000B__10Hz__shmem_ds__best_effort,publish,pub,py_to_cpp,copy,std,xcdr,shmem_ds,100000,10,0,measured,249,2026-09-09T14:37:32.546812Z,157846208768682,157846208768682,157846208768682,-1,-1,ok,
std_copy_xcdr__py_to_cpp__100000B__10Hz__shmem_ds__best_effort,publish,pub,py_to_cpp,copy,std,xcdr,shmem_ds,100000,10,0,measured,250,2026-09-09T14:37:32.646201Z,157846308246781,157846308246781,157846308246781,-1,-1,ok,
std_copy_xcdr__py_to_cpp__100000B__10Hz__shmem_ds__best_effort,publish,pub,py_to_cpp,copy,std,xcdr,shmem_ds,100000,10,0,measured,251,2026-09-09T14:37:32.745987Z,157846407960614,157846407960614,157846407960614,-1,-1,ok,
std_copy_xcdr__py_to_cpp__100000B__10Hz__shmem_ds__best_effort,publish,pub,py_to_cpp,copy,std,xcdr,shmem_ds,100000,10,0,measured,252,2026-09-09T14:37:32.846586Z,157846508525307,157846508525307,157846508525307,-1,-1,ok,
std_copy_xcdr__py_to_cpp__100000B__10Hz__shmem_ds__best_effort,publish,pub,py_to_cpp,copy,std,xcdr,shmem_ds,100000,10,0,measured,253,2026-09-09T14:37:32.945696Z,157846607645729,157846607645729,157846607645729,-1,-1,ok,
std_copy_xcdr__py_to_cpp__100000B__10Hz__shmem_ds__best_effort,publish,pub,py_to_cpp,copy,std,xcdr,shmem_ds,100000,10,0,measured,254,2026-09-09T14:37:33.045386Z,157846707443161,157846707443161,157846707443161,-1,-1,ok,
std_copy_xcdr__py_to_cpp__100000B__10Hz__shmem_ds__best_effort,publish,pub,py_to_cpp,copy,std,xcdr,shmem_ds,100000,10,0,measured,255,2026-09-09T14:37:33.146369Z,157846808429251,157846808429251,157846808429251,-1,-1,ok,
std_copy_xcdr__py_to_cpp__100000B__10Hz__shmem_ds__best_effort,publish,pub,py_to_cpp,copy,std,xcdr,shmem_ds,100000,10,0,measured,256,2026-09-09T14:37:33.247353Z,157846909418398,157846909418398,157846909418398,-1,-1,ok,
std_copy_xcdr__py_to_cpp__100000B__10Hz__shmem_ds__best_effort,publish,pub,py_to_cpp,copy,std,xcdr,shmem_ds,100000,10,0,measured,257,2026-09-09T14:37:33.346541Z,157847008589527,157847008589527,157847008589527,-1,-1,ok,
std_copy_xcdr__py_to_cpp__100000B__10Hz__shmem_ds__best_effort,publish,pub,py_to_cpp,copy,std,xcdr,shmem_ds,100000,10,0,measured,258,2026-09-09T14:37:33.445972Z,157847108019966,157847108019966,157847108019966,-1,-1,ok,
std_copy_xcdr__py_to_cpp__100000B__10Hz__shmem_ds__best_effort,publish,pub,py_to_cpp,copy,std,xcdr,shmem_ds,100000,10,0,measured,259,2026-09-09T14:37:33.545737Z,157847207684058,157847207684058,157847207684058,-1,-1,ok,
std_copy_xcdr__py_to_cpp__100000B__10Hz__shmem_ds__best_effort,publish,pub,py_to_cpp,copy,std,xcdr,shmem_ds,100000,10,0,measured,260,2026-09-09T14:37:33.646349Z,157847308391000,157847308391000,157847308391000,-1,-1,ok,
std_copy_xcdr__py_to_cpp__100000B__10Hz__shmem_ds__best_effort,publish,pub,py_to_cpp,copy,std,xcdr,shmem_ds,100000,10,0,measured,261,2026-09-09T14:37:33.747136Z,157847409180350,157847409180350,157847409180350,-1,-1,ok,
std_copy_xcdr__py_to_cpp__100000B__10Hz__shmem_ds__best_effort,publish,pub,py_to_cpp,copy,std,xcdr,shmem_ds,100000,10,0,measured,262,2026-09-09T14:37:33.847917Z,157847509948177,157847509948177,157847509948177,-1,-1,ok,
std_copy_xcdr__py_to_cpp__100000B__10Hz__shmem_ds__best_effort,publish,pub,py_to_cpp,copy,std,xcdr,shmem_ds,100000,10,0,measured,263,2026-09-09T14:37:33.947657Z,157847609689525,157847609689525,157847609689525,-1,-1,ok,
std_copy_xcdr__py_to_cpp__100000B__10Hz__shmem_ds__best_effort,publish,pub,py_to_cpp,copy,std,xcdr,shmem_ds,100000,10,0,measured,264,2026-09-09T14:37:34.046914Z,157847708965912,157847708965912,157847708965912,-1,-1,ok,
std_copy_xcdr__py_to_cpp__100000B__10Hz__shmem_ds__best_effort,publish,pub,py_to_cpp,copy,std,xcdr,shmem_ds,100000,10,0,measured,265,2026-09-09T14:37:34.147584Z,157847809635656,157847809635656,157847809635656,-1,-1,ok,
std_copy_xcdr__py_to_cpp__100000B__10Hz__shmem_ds__best_effort,publish,pub,py_to_cpp,copy,std,xcdr,shmem_ds,100000,10,0,measured,266,2026-09-09T14:37:34.247985Z,157847910046149,157847910046149,157847910046149,-1,-1,ok,
std_copy_xcdr__py_to_cpp__100000B__10Hz__shmem_ds__best_effort,publish,pub,py_to_cpp,copy,std,xcdr,shmem_ds,100000,10,0,measured,267,2026-09-09T14:37:34.348211Z,157848010269579,157848010269579,157848010269579,-1,-1,ok,
std_copy_xcdr__py_to_cpp__100000B__10Hz__shmem_ds__best_effort,publish,pub,py_to_cpp,copy,std,xcdr,shmem_ds,100000,10,0,measured,268,2026-09-09T14:37:34.449174Z,157848111235253,157848111235253,157848111235253,-1,-1,ok,
std_copy_xcdr__py_to_cpp__100000B__10Hz__shmem_ds__best_effort,publish,pub,py_to_cpp,copy,std,xcdr,shmem_ds,100000,10,0,measured,269,2026-09-09T14:37:34.549536Z,157848211579831,157848211579831,157848211579831,-1,-1,ok,
std_copy_xcdr__py_to_cpp__100000B__10Hz__shmem_ds__best_effort,publish,pub,py_to_cpp,copy,std,xcdr,shmem_ds,100000,10,0,measured,270,2026-09-09T14:37:34.648575Z,157848310586731,157848310586731,157848310586731,-1,-1,ok,
std_copy_xcdr__py_to_cpp__100000B__10Hz__shmem_ds__best_effort,publish,pub,py_to_cpp,copy,std,xcdr,shmem_ds,100000,10,0,measured,271,2026-09-09T14:37:34.749241Z,157848411251465,157848411251465,157848411251465,-1,-1,ok,
std_copy_xcdr__py_to_cpp__100000B__10Hz__shmem_ds__best_effort,publish,pub,py_to_cpp,copy,std,xcdr,shmem_ds,100000,10,0,measured,272,2026-09-09T14:37:34.848844Z,157848510855384,157848510855384,157848510855384,-1,-1,ok,
std_copy_xcdr__py_to_cpp__100000B__10Hz__shmem_ds__best_effort,publish,pub,py_to_cpp,copy,std,xcdr,shmem_ds,100000,10,0,measured,273,2026-09-09T14:37:34.949322Z,157848611275205,157848611275205,157848611275205,-1,-1,ok,
std_copy_xcdr__py_to_cpp__100000B__10Hz__shmem_ds__best_effort,publish,pub,py_to_cpp,copy,std,xcdr,shmem_ds,100000,10,0,measured,274,2026-09-09T14:37:35.049960Z,157848712015242,157848712015242,157848712015242,-1,-1,ok,
std_copy_xcdr__py_to_cpp__100000B__10Hz__shmem_ds__best_effort,publish,pub,py_to_cpp,copy,std,xcdr,shmem_ds,100000,10,0,measured,275,2026-09-09T14:37:35.149204Z,157848811266445,157848811266445,157848811266445,-1,-1,ok,
std_copy_xcdr__py_to_cpp__100000B__10Hz__shmem_ds__best_effort,publish,pub,py_to_cpp,copy,std,xcdr,shmem_ds,100000,10,0,measured,276,2026-09-09T14:37:35.248438Z,157848910496807,157848910496807,157848910496807,-1,-1,ok,
std_copy_xcdr__py_to_cpp__100000B__10Hz__shmem_ds__best_effort,publish,pub,py_to_cpp,copy,std,xcdr,shmem_ds,100000,10,0,measured,277,2026-09-09T14:37:35.347673Z,157849009730466,157849009730466,157849009730466,-1,-1,ok,
std_copy_xcdr__py_to_cpp__100000B__10Hz__shmem_ds__best_effort,publish,pub,py_to_cpp,copy,std,xcdr,shmem_ds,100000,10,0,measured,278,2026-09-09T14:37:35.447765Z,157849109822518,157849109822518,157849109822518,-1,-1,ok,
std_copy_xcdr__py_to_cpp__100000B__10Hz__shmem_ds__best_effort,publish,pub,py_to_cpp,copy,std,xcdr,shmem_ds,100000,10,0,measured,279,2026-09-09T14:37:35.547397Z,157849209419003,157849209419003,157849209419003,-1,-1,ok,
std_copy_xcdr__py_to_cpp__100000B__10Hz__shmem_ds__best_effort,publish,pub,py_to_cpp,copy,std,xcdr,shmem_ds,100000,10,0,measured,280,2026-09-09T14:37:35.647540Z,157849309588241,157849309588241,157849309588241,-1,-1,ok,
std_copy_xcdr__py_to_cpp__100000B__10Hz__shmem_ds__best_effort,publish,pub,py_to_cpp,copy,std,xcdr,shmem_ds,100000,10,0,measured,281,2026-09-09T14:37:35.747998Z,157849410035846,157849410035846,157849410035846,-1,-1,ok,
std_copy_xcdr__py_to_cpp__100000B__10Hz__shmem_ds__best_effort,publish,pub,py_to_cpp,copy,std,xcdr,shmem_ds,100000,10,0,measured,282,2026-09-09T14:37:35.847537Z,157849509494179,157849509494179,157849509494179,-1,-1,ok,
std_copy_xcdr__py_to_cpp__100000B__10Hz__shmem_ds__best_effort,publish,pub,py_to_cpp,copy,std,xcdr,shmem_ds,100000,10,0,measured,283,2026-09-09T14:37:35.947728Z,157849609750302,157849609750302,157849609750302,-1,-1,ok,
std_copy_xcdr__py_to_cpp__100000B__10Hz__shmem_ds__best_effort,publish,pub,py_to_cpp,copy,std,xcdr,shmem_ds,100000,10,0,measured,284,2026-09-09T14:37:36.047275Z,157849709280553,157849709280553,157849709280553,-1,-1,ok,
std_copy_xcdr__py_to_cpp__100000B__10Hz__shmem_ds__best_effort,publish,pub,py_to_cpp,copy,std,xcdr,shmem_ds,100000,10,0,measured,285,2026-09-09T14:37:36.147178Z,157849809218364,157849809218364,157849809218364,-1,-1,ok,
std_copy_xcdr__py_to_cpp__100000B__10Hz__shmem_ds__best_effort,publish,pub,py_to_cpp,copy,std,xcdr,shmem_ds,100000,10,0,measured,286,2026-09-09T14:37:36.247949Z,157849909998428,157849909998428,157849909998428,-1,-1,ok,
std_copy_xcdr__py_to_cpp__100000B__10Hz__shmem_ds__best_effort,publish,pub,py_to_cpp,copy,std,xcdr,shmem_ds,100000,10,0,measured,287,2026-09-09T14:37:36.348618Z,157850010685387,157850010685387,157850010685387,-1,-1,ok,
std_copy_xcdr__py_to_cpp__100000B__10Hz__shmem_ds__best_effort,publish,pub,py_to_cpp,copy,std,xcdr,shmem_ds,100000,10,0,measured,288,2026-09-09T14:37:36.447835Z,157850109880795,157850109880795,157850109880795,-1,-1,ok,
std_copy_xcdr__py_to_cpp__100000B__10Hz__shmem_ds__best_effort,publish,pub,py_to_cpp,copy,std,xcdr,shmem_ds,100000,10,0,measured,289,2026-09-09T14:37:36.547703Z,157850209755777,157850209755777,157850209755777,-1,-1,ok,
std_copy_xcdr__py_to_cpp__100000B__10Hz__shmem_ds__best_effort,publish,pub,py_to_cpp,copy,std,xcdr,shmem_ds,100000,10,0,measured,290,2026-09-09T14:37:36.647308Z,157850309326675,157850309326675,157850309326675,-1,-1,ok,
std_copy_xcdr__py_to_cpp__100000B__10Hz__shmem_ds__best_effort,publish,pub,py_to_cpp,copy,std,xcdr,shmem_ds,100000,10,0,measured,291,2026-09-09T14:37:36.746480Z,157850408412045,157850408412045,157850408412045,-1,-1,ok,
std_copy_xcdr__py_to_cpp__100000B__10Hz__shmem_ds__best_effort,publish,pub,py_to_cpp,copy,std,xcdr,shmem_ds,100000,10,0,measured,292,2026-09-09T14:37:36.847100Z,157850509020966,157850509020966,157850509020966,-1,-1,ok,
std_copy_xcdr__py_to_cpp__100000B__10Hz__shmem_ds__best_effort,publish,pub,py_to_cpp,copy,std,xcdr,shmem_ds,100000,10,0,measured,293,2026-09-09T14:37:36.947077Z,157850609135352,157850609135352,157850609135352,-1,-1,ok,
std_copy_xcdr__py_to_cpp__100000B__10Hz__shmem_ds__best_effort,publish,pub,py_to_cpp,copy,std,xcdr,shmem_ds,100000,10,0,measured,294,2026-09-09T14:37:37.046593Z,157850708640675,157850708640675,157850708640675,-1,-1,ok,
std_copy_xcdr__py_to_cpp__100000B__10Hz__shmem_ds__best_effort,publish,pub,py_to_cpp,copy,std,xcdr,shmem_ds,100000,10,0,measured,295,2026-09-09T14:37:37.147063Z,157850809123570,157850809123570,157850809123570,-1,-1,ok,
std_copy_xcdr__py_to_cpp__100000B__10Hz__shmem_ds__best_effort,publish,pub,py_to_cpp,copy,std,xcdr,shmem_ds,100000,10,0,measured,296,2026-09-09T14:37:37.247148Z,157850909208711,157850909208711,157850909208711,-1,-1,ok,
std_copy_xcdr__py_to_cpp__100000B__10Hz__shmem_ds__best_effort,publish,pub,py_to_cpp,copy,std,xcdr,shmem_ds,100000,10,0,measured,297,2026-09-09T14:37:37.346989Z,157851009051454,157851009051454,157851009051454,-1,-1,ok,
std_copy_xcdr__py_to_cpp__100000B__10Hz__shmem_ds__best_effort,publish,pub,py_to_cpp,copy,std,xcdr,shmem_ds,100000,10,0,measured,298,2026-09-09T14:37:37.445991Z,157851108051052,157851108051052,157851108051052,-1,-1,ok,
std_copy_xcdr__py_to_cpp__100000B__10Hz__shmem_ds__best_effort,publish,pub,py_to_cpp,copy,std,xcdr,shmem_ds,100000,10,0,measured,299,2026-09-09T14:37:37.545213Z,157851207263223,157851207263223,157851207263223,-1,-1,ok,
std_copy_xcdr__py_to_cpp__100000B__10Hz__shmem_ds__best_effort,publish,pub,py_to_cpp,copy,std,xcdr,shmem_ds,100000,10,0,measured,300,2026-09-09T14:37:37.645979Z,157851308027979,157851308027979,157851308027979,-1,-1,ok,
std_copy_xcdr__py_to_cpp__100000B__10Hz__shmem_ds__best_effort,receive,sub,py_to_cpp,copy,std,xcdr,shmem_ds,100000,10,0,measured,0,2026-09-09T14:37:07.650136Z,157821312335221,157821311888126,157821312335221,1788964627649736501,1788964627649975463,ok,
std_copy_xcdr__py_to_cpp__100000B__10Hz__shmem_ds__best_effort,receive,sub,py_to_cpp,copy,std,xcdr,shmem_ds,100000,10,0,measured,1,2026-09-09T14:37:07.750430Z,157821412629726,157821412428145,157821412629726,1788964627750262184,1788964627750395696,ok,
std_copy_xcdr__py_to_cpp__100000B__10Hz__shmem_ds__best_effort,receive,sub,py_to_cpp,copy,std,xcdr,shmem_ds,100000,10,0,measured,2,2026-09-09T14:37:07.849704Z,157821511903411,157821511591131,157821511903411,1788964627849463041,1788964627849638653,ok,
std_copy_xcdr__py_to_cpp__100000B__10Hz__shmem_ds__best_effort,receive,sub,py_to_cpp,copy,std,xcdr,shmem_ds,100000,10,0,measured,3,2026-09-09T14:37:07.949072Z,157821611271766,157821611044065,157821611271766,1788964627948889595,1788964627949029329,ok,
std_copy_xcdr__py_to_cpp__100000B__10Hz__shmem_ds__best_effort,receive,sub,py_to_cpp,copy,std,xcdr,shmem_ds,100000,10,0,measured,4,2026-09-09T14:37:08.048753Z,157821710951128,157821710549178,157821710951128,1788964628048414496,1788964628048652947,ok,
std_copy_xcdr__py_to_cpp__100000B__10Hz__shmem_ds__best_effort,receive,sub,py_to_cpp,copy,std,xcdr,shmem_ds,100000,10,0,measured,5,2026-09-09T14:37:08.149015Z,157821811214775,157821810946327,157821811214775,1788964628148793961,1788964628148966497,ok,
std_copy_xcdr__py_to_cpp__100000B__10Hz__shmem_ds__best_effort,receive,sub,py_to_cpp,copy,std,xcdr,shmem_ds,100000,10,0,measured,6,2026-09-09T14:37:08.249235Z,157821911434770,157821911239221,157821911434770,1788964628249068590,1788964628249199077,ok,
std_copy_xcdr__py_to_cpp__100000B__10Hz__shmem_ds__best_effort,receive,sub,py_to_cpp,copy,std,xcdr,shmem_ds,100000,10,0,measured,7,2026-09-09T14:37:08.350102Z,157822012301599,157822012057006,157822012301599,1788964628349906755,1788964628350051869,ok,
std_copy_xcdr__py_to_cpp__100000B__10Hz__shmem_ds__best_effort,receive,sub,py_to_cpp,copy,std,xcdr,shmem_ds,100000,10,0,measured,8,2026-09-09T14:37:08.449247Z,157822111447023,157822111220665,157822111447023,1788964628449061125,1788964628449205829,ok,
std_copy_xcdr__py_to_cpp__100000B__10Hz__shmem_ds__best_effort,receive,sub,py_to_cpp,copy,std,xcdr,shmem_ds,100000,10,0,measured,9,2026-09-09T14:37:08.549181Z,157822211380176,157822211127098,157822211380176,1788964628548974371,1788964628549125006,ok,
std_copy_xcdr__py_to_cpp__100000B__10Hz__shmem_ds__best_effort,receive,sub,py_to_cpp,copy,std,xcdr,shmem_ds,100000,10,0,measured,10,2026-09-09T14:37:08.648183Z,157822310382650,157822310144259,157822310382650,1788964628647989188,1788964628648136436,ok,
std_copy_xcdr__py_to_cpp__100000B__10Hz__shmem_ds__best_effort,receive,sub,py_to_cpp,copy,std,xcdr,shmem_ds,100000,10,0,measured,11,2026-09-09T14:37:08.747695Z,157822409894777,157822409629044,157822409894777,1788964628747481377,1788964628747635709,ok,
std_copy_xcdr__py_to_cpp__100000B__10Hz__shmem_ds__best_effort,receive,sub,py_to_cpp,copy,std,xcdr,shmem_ds,100000,10,0,measured,12,2026-09-09T14:37:08.847730Z,157822509928971,157822509628523,157822509928971,1788964628847479574,1788964628847638394,ok,
std_copy_xcdr__py_to_cpp__100000B__10Hz__shmem_ds__best_effort,receive,sub,py_to_cpp,copy,std,xcdr,shmem_ds,100000,10,0,measured,13,2026-09-09T14:37:08.946697Z,157822608895938,157822608660783,157822608895938,1788964628946506534,1788964628946640096,ok,
std_copy_xcdr__py_to_cpp__100000B__10Hz__shmem_ds__best_effort,receive,sub,py_to_cpp,copy,std,xcdr,shmem_ds,100000,10,0,measured,14,2026-09-09T14:37:09.046005Z,157822708204180,157822707966200,157822708204180,1788964629045813073,1788964629045959239,ok,
std_copy_xcdr__py_to_cpp__100000B__10Hz__shmem_ds__best_effort,receive,sub,py_to_cpp,copy,std,xcdr,shmem_ds,100000,10,0,measured,15,2026-09-09T14:37:09.146412Z,157822808611652,157822808354375,157822808611652,1788964629146199635,1788964629146361511,ok,
std_copy_xcdr__py_to_cpp__100000B__10Hz__shmem_ds__best_effort,receive,sub,py_to_cpp,copy,std,xcdr,shmem_ds,100000,10,0,measured,16,2026-09-09T14:37:09.246408Z,157822908607324,157822908395874,157822908607324,1788964629246229061,1788964629246369476,ok,
std_copy_xcdr__py_to_cpp__100000B__10Hz__shmem_ds__best_effort,receive,sub,py_to_cpp,copy,std,xcdr,shmem_ds,100000,10,0,measured,17,2026-09-09T14:37:09.345881Z,157823008080339,157823007848771,157823008080339,1788964629345683881,1788964629345838914,ok,
std_copy_xcdr__py_to_cpp__100000B__10Hz__shmem_ds__best_effort,receive,sub,py_to_cpp,copy,std,xcdr,shmem_ds,100000,10,0,measured,18,2026-09-09T14:37:09.446043Z,157823108242396,157823108032981,157823108242396,1788964629445865626,1788964629446005240,ok,
std_copy_xcdr__py_to_cpp__100000B__10Hz__shmem_ds__best_effort,receive,sub,py_to_cpp,copy,std,xcdr,shmem_ds,100000,10,0,measured,19,2026-09-09T14:37:09.546850Z,157823209049152,157823208704851,157823209049152,1788964629546575568,1788964629546765157,ok,
std_copy_xcdr__py_to_cpp__100000B__10Hz__shmem_ds__best_effort,receive,sub,py_to_cpp,copy,std,xcdr,shmem_ds,100000,10,0,measured,20,2026-09-09T14:37:09.645865Z,157823308064510,157823307747761,157823308064510,1788964629645611225,1788964629645789201,ok,
std_copy_xcdr__py_to_cpp__100000B__10Hz__shmem_ds__best_effort,receive,sub,py_to_cpp,copy,std,xcdr,shmem_ds,100000,10,0,measured,21,2026-09-09T14:37:09.746481Z,157823408679805,157823408359229,157823408679805,1788964629746226941,1788964629746412562,ok,
std_copy_xcdr__py_to_cpp__100000B__10Hz__shmem_ds__best_effort,receive,sub,py_to_cpp,copy,std,xcdr,shmem_ds,100000,10,0,measured,22,2026-09-09T14:37:09.846926Z,157823509124976,157823508775666,157823509124976,1788964629846648307,1788964629846853475,ok,
std_copy_xcdr__py_to_cpp__100000B__10Hz__shmem_ds__best_effort,receive,sub,py_to_cpp,copy,std,xcdr,shmem_ds,100000,10,0,measured,23,2026-09-09T14:37:09.946651Z,157823608850608,157823608564567,157823608850608,1788964629946428672,1788964629946591510,ok,
std_copy_xcdr__py_to_cpp__100000B__10Hz__shmem_ds__best_effort,receive,sub,py_to_cpp,copy,std,xcdr,shmem_ds,100000,10,0,measured,24,2026-09-09T14:37:10.045871Z,157823708069972,157823707756580,157823708069972,1788964630045643748,1788964630045827746,ok,
std_copy_xcdr__py_to_cpp__100000B__10Hz__shmem_ds__best_effort,receive,sub,py_to_cpp,copy,std,xcdr,shmem_ds,100000,10,0,measured,25,2026-09-09T14:37:10.146760Z,157823808959326,157823808659589,157823808959326,1788964630146543612,1788964630146717410,ok,
std_copy_xcdr__py_to_cpp__100000B__10Hz__shmem_ds__best_effort,receive,sub,py_to_cpp,copy,std,xcdr,shmem_ds,100000,10,0,measured,26,2026-09-09T14:37:10.246305Z,157823908504868,157823908278079,157823908504868,1788964630246125703,1788964630246270857,ok,
std_copy_xcdr__py_to_cpp__100000B__10Hz__shmem_ds__best_effort,receive,sub,py_to_cpp,copy,std,xcdr,shmem_ds,100000,10,0,measured,27,2026-09-09T14:37:10.345619Z,157824007817961,157824007519496,157824007817961,1788964630345377831,1788964630345544696,ok,
std_copy_xcdr__py_to_cpp__100000B__10Hz__shmem_ds__best_effort,receive,sub,py_to_cpp,copy,std,xcdr,shmem_ds,100000,10,0,measured,28,2026-09-09T14:37:10.444862Z,157824107061422,157824106736307,157824107061422,1788964630444600753,1788964630444786464,ok,
std_copy_xcdr__py_to_cpp__100000B__10Hz__shmem_ds__best_effort,receive,sub,py_to_cpp,copy,std,xcdr,shmem_ds,100000,10,0,measured,29,2026-09-09T14:37:10.545539Z,157824207738564,157824207423738,157824207738564,1788964630545282243,1788964630545470389,ok,
std_copy_xcdr__py_to_cpp__100000B__10Hz__shmem_ds__best_effort,receive,sub,py_to_cpp,copy,std,xcdr,shmem_ds,100000,10,0,measured,30,2026-09-09T14:37:10.645744Z,157824307943673,157824307633857,157824307943673,1788964630645495839,1788964630645671962,ok,
std_copy_xcdr__py_to_cpp__100000B__10Hz__shmem_ds__best_effort,receive,sub,py_to_cpp,copy,std,xcdr,shmem_ds,100000,10,0,measured,31,2026-09-09T14:37:10.746375Z,157824408574688,157824408259352,157824408574688,1788964630746121694,1788964630746302606,ok,
std_copy_xcdr__py_to_cpp__100000B__10Hz__shmem_ds__best_effort,receive,sub,py_to_cpp,copy,std,xcdr,shmem_ds,100000,10,0,measured,32,2026-09-09T14:37:10.846846Z,157824509044769,157824508716398,157824509044769,1788964630846579191,1788964630846761936,ok,
std_copy_xcdr__py_to_cpp__100000B__10Hz__shmem_ds__best_effort,receive,sub,py_to_cpp,copy,std,xcdr,shmem_ds,100000,10,0,measured,33,2026-09-09T14:37:10.946918Z,157824609116185,157824608787664,157824609116185,1788964630946648673,1788964630946842560,ok,
std_copy_xcdr__py_to_cpp__100000B__10Hz__shmem_ds__best_effort,receive,sub,py_to_cpp,copy,std,xcdr,shmem_ds,100000,10,0,measured,34,2026-09-09T14:37:11.047800Z,157824709999097,157824709694381,157824709999097,1788964631047550421,1788964631047740380,ok,
std_copy_xcdr__py_to_cpp__100000B__10Hz__shmem_ds__best_effort,receive,sub,py_to_cpp,copy,std,xcdr,shmem_ds,100000,10,0,measured,35,2026-09-09T14:37:11.147620Z,157824809818458,157824809490007,157824809818458,1788964631147354894,1788964631147553610,ok,
std_copy_xcdr__py_to_cpp__100000B__10Hz__shmem_ds__best_effort,receive,sub,py_to_cpp,copy,std,xcdr,shmem_ds,100000,10,0,measured,36,2026-09-09T14:37:11.247727Z,157824909925774,157824909598295,157824909925774,1788964631247456679,1788964631247644204,ok,
std_copy_xcdr__py_to_cpp__100000B__10Hz__shmem_ds__best_effort,receive,sub,py_to_cpp,copy,std,xcdr,shmem_ds,100000,10,0,measured,37,2026-09-09T14:37:11.348405Z,157825010603628,157825010290917,157825010603628,1788964631348152187,1788964631348332678,ok,
std_copy_xcdr__py_to_cpp__100000B__10Hz__shmem_ds__best_effort,receive,sub,py_to_cpp,copy,std,xcdr,shmem_ds,100000,10,0,measured,38,2026-09-09T14:37:11.450438Z,157825112635503,157825111656913,157825112635503,1788964631449629343,1788964631450334125,ok,
std_copy_xcdr__py_to_cpp__100000B__10Hz__shmem_ds__best_effort,receive,sub,py_to_cpp,copy,std,xcdr,shmem_ds,100000,10,0,measured,39,2026-09-09T14:37:11.549335Z,157825211533632,157825211215140,157825211533632,1788964631549078063,1788964631549265197,ok,
std_copy_xcdr__py_to_cpp__100000B__10Hz__shmem_ds__best_effort,receive,sub,py_to_cpp,copy,std,xcdr,shmem_ds,100000,10,0,measured,40,2026-09-09T14:37:11.649648Z,157825311846276,157825311441551,157825311846276,1788964631649354008,1788964631649566008,ok,
std_copy_xcdr__py_to_cpp__100000B__10Hz__shmem_ds__best_effort,receive,sub,py_to_cpp,copy,std,xcdr,shmem_ds,100000,10,0,measured,41,2026-09-09T14:37:11.749766Z,157825411965424,157825411711174,157825411965424,1788964631749569819,1788964631749729380,ok,
std_copy_xcdr__py_to_cpp__100000B__10Hz__shmem_ds__best_effort,receive,sub,py_to_cpp,copy,std,xcdr,shmem_ds,100000,10,0,measured,42,2026-09-09T14:37:11.848880Z,157825511078740,157825510815633,157825511078740,1788964631848666263,1788964631848829752,ok,
std_copy_xcdr__py_to_cpp__100000B__10Hz__shmem_ds__best_effort,receive,sub,py_to_cpp,copy,std,xcdr,shmem_ds,100000,10,0,measured,43,2026-09-09T14:37:11.948305Z,157825610504257,157825610236781,157825610504257,1788964631948094815,1788964631948251371,ok,
std_copy_xcdr__py_to_cpp__100000B__10Hz__shmem_ds__best_effort,receive,sub,py_to_cpp,copy,std,xcdr,shmem_ds,100000,10,0,measured,44,2026-09-09T14:37:12.047792Z,157825709991772,157825709796883,157825709991772,1788964632047633477,1788964632047757361,ok,
std_copy_xcdr__py_to_cpp__100000B__10Hz__shmem_ds__best_effort,receive,sub,py_to_cpp,copy,std,xcdr,shmem_ds,100000,10,0,measured,45,2026-09-09T14:37:12.146982Z,157825809181744,157825808962750,157825809181744,1788964632146815353,1788964632146947653,ok,
std_copy_xcdr__py_to_cpp__100000B__10Hz__shmem_ds__best_effort,receive,sub,py_to_cpp,copy,std,xcdr,shmem_ds,100000,10,0,measured,46,2026-09-09T14:37:12.246390Z,157825908589908,157825908413294,157825908589908,1788964632246247363,1788964632246366207,ok,
std_copy_xcdr__py_to_cpp__100000B__10Hz__shmem_ds__best_effort,receive,sub,py_to_cpp,copy,std,xcdr,shmem_ds,100000,10,0,measured,47,2026-09-09T14:37:12.345696Z,157826007895770,157826007660825,157826007895770,1788964632345500585,1788964632345646180,ok,
std_copy_xcdr__py_to_cpp__100000B__10Hz__shmem_ds__best_effort,receive,sub,py_to_cpp,copy,std,xcdr,shmem_ds,100000,10,0,measured,48,2026-09-09T14:37:12.445227Z,157826107426035,157826107210277,157826107426035,1788964632445056128,1788964632445191815,ok,
std_copy_xcdr__py_to_cpp__100000B__10Hz__shmem_ds__best_effort,receive,sub,py_to_cpp,copy,std,xcdr,shmem_ds,100000,10,0,measured,49,2026-09-09T14:37:12.545586Z,157826207784587,157826207516781,157826207784587,1788964632545372159,1788964632545529848,ok,
std_copy_xcdr__py_to_cpp__100000B__10Hz__shmem_ds__best_effort,receive,sub,py_to_cpp,copy,std,xcdr,shmem_ds,100000,10,0,measured,50,2026-09-09T14:37:12.645404Z,157826307603498,157826307311787,157826307603498,1788964632645180401,1788964632645341155,ok,
std_copy_xcdr__py_to_cpp__100000B__10Hz__shmem_ds__best_effort,receive,sub,py_to_cpp,copy,std,xcdr,shmem_ds,100000,10,0,measured,51,2026-09-09T14:37:12.745217Z,157826407415717,157826407057320,157826407415717,1788964632744928158,1788964632745145128,ok,
std_copy_xcdr__py_to_cpp__100000B__10Hz__shmem_ds__best_effort,receive,sub,py_to_cpp,copy,std,xcdr,shmem_ds,100000,10,0,measured,52,2026-09-09T14:37:12.844535Z,157826506733471,157826506428915,157826506733471,1788964632844286578,1788964632844471398,ok,
std_copy_xcdr__py_to_cpp__100000B__10Hz__shmem_ds__best_effort,receive,sub,py_to_cpp,copy,std,xcdr,shmem_ds,100000,10,0,measured,53,2026-09-09T14:37:12.944102Z,157826606301248,157826605974290,157826606301248,1788964632943848404,1788964632944029747,ok,
std_copy_xcdr__py_to_cpp__100000B__10Hz__shmem_ds__best_effort,receive,sub,py_to_cpp,copy,std,xcdr,shmem_ds,100000,10,0,measured,54,2026-09-09T14:37:13.044966Z,157826707165045,157826706855590,157826707165045,1788964633044722952,1788964633044914444,ok,
std_copy_xcdr__py_to_cpp__100000B__10Hz__shmem_ds__best_effort,receive,sub,py_to_cpp,copy,std,xcdr,shmem_ds,100000,10,0,measured,55,2026-09-09T14:37:13.145280Z,157826807478683,157826807160341,157826807478683,1788964633145024006,1788964633145210478,ok,
std_copy_xcdr__py_to_cpp__100000B__10Hz__shmem_ds__best_effort,receive,sub,py_to_cpp,copy,std,xcdr,shmem_ds,100000,10,0,measured,56,2026-09-09T14:37:13.245483Z,157826907681822,157826907364212,157826907681822,1788964633245228467,1788964633245418036,ok,
std_copy_xcdr__py_to_cpp__100000B__10Hz__shmem_ds__best_effort,receive,sub,py_to_cpp,copy,std,xcdr,shmem_ds,100000,10,0,measured,57,2026-09-09T14:37:13.344638Z,157827006837180,157827006621402,157827006837180,1788964633344457124,1788964633344590135,ok,
std_copy_xcdr__py_to_cpp__100000B__10Hz__shmem_ds__best_effort,receive,sub,py_to_cpp,copy,std,xcdr,shmem_ds,100000,10,0,measured,58,2026-09-09T14:37:13.445128Z,157827107327583,157827107113859,157827107327583,1788964633444949661,1788964633445079146,ok,
std_copy_xcdr__py_to_cpp__100000B__10Hz__shmem_ds__best_effort,receive,sub,py_to_cpp,copy,std,xcdr,shmem_ds,100000,10,0,measured,59,2026-09-09T14:37:13.544439Z,157827206638244,157827206406876,157827206638244,1788964633544245063,1788964633544388143,ok,
std_copy_xcdr__py_to_cpp__100000B__10Hz__shmem_ds__best_effort,receive,sub,py_to_cpp,copy,std,xcdr,shmem_ds,100000,10,0,measured,60,2026-09-09T14:37:13.644250Z,157827306449262,157827306197005,157827306449262,1788964633644049708,1788964633644195264,ok,
std_copy_xcdr__py_to_cpp__100000B__10Hz__shmem_ds__best_effort,receive,sub,py_to_cpp,copy,std,xcdr,shmem_ds,100000,10,0,measured,61,2026-09-09T14:37:13.745207Z,157827407406647,157827407189737,157827407406647,1788964633745037521,1788964633745169491,ok,
std_copy_xcdr__py_to_cpp__100000B__10Hz__shmem_ds__best_effort,receive,sub,py_to_cpp,copy,std,xcdr,shmem_ds,100000,10,0,measured,62,2026-09-09T14:37:13.845462Z,157827507661544,157827507440646,157827507661544,1788964633845279333,1788964633845419769,ok,
std_copy_xcdr__py_to_cpp__100000B__10Hz__shmem_ds__best_effort,receive,sub,py_to_cpp,copy,std,xcdr,shmem_ds,100000,10,0,measured,63,2026-09-09T14:37:13.945642Z,157827607841599,157827607587759,157827607841599,1788964633945439861,1788964633945584515,ok,
std_copy_xcdr__py_to_cpp__100000B__10Hz__shmem_ds__best_effort,receive,sub,py_to_cpp,copy,std,xcdr,shmem_ds,100000,10,0,measured,64,2026-09-09T14:37:14.045983Z,157827708182338,157827707912949,157827708182338,1788964634045763338,1788964634045929973,ok,
std_copy_xcdr__py_to_cpp__100000B__10Hz__shmem_ds__best_effort,receive,sub,py_to_cpp,copy,std,xcdr,shmem_ds,100000,10,0,measured,65,2026-09-09T14:37:14.146618Z,157827808817085,157827808594233,157827808817085,1788964634146434283,1788964634146567786,ok,
std_copy_xcdr__py_to_cpp__100000B__10Hz__shmem_ds__best_effort,receive,sub,py_to_cpp,copy,std,xcdr,shmem_ds,100000,10,0,measured,66,2026-09-09T14:37:14.247163Z,157827909361941,157827909143578,157827909361941,1788964634246985051,1788964634247117722,ok,
std_copy_xcdr__py_to_cpp__100000B__10Hz__shmem_ds__best_effort,receive,sub,py_to_cpp,copy,std,xcdr,shmem_ds,100000,10,0,measured,67,2026-09-09T14:37:14.346543Z,157828008742565,157828008566873,157828008742565,1788964634346393718,1788964634346507593,ok,
std_copy_xcdr__py_to_cpp__100000B__10Hz__shmem_ds__best_effort,receive,sub,py_to_cpp,copy,std,xcdr,shmem_ds,100000,10,0,measured,68,2026-09-09T14:37:14.445648Z,157828107847439,157828107645036,157828107847439,1788964634445479956,1788964634445608769,ok,
std_copy_xcdr__py_to_cpp__100000B__10Hz__shmem_ds__best_effort,receive,sub,py_to_cpp,copy,std,xcdr,shmem_ds,100000,10,0,measured,69,2026-09-09T14:37:14.545369Z,157828207568658,157828207340797,157828207568658,1788964634545176278,1788964634545317194,ok,
std_copy_xcdr__py_to_cpp__100000B__10Hz__shmem_ds__best_effort,receive,sub,py_to_cpp,copy,std,xcdr,shmem_ds,100000,10,0,measured,70,2026-09-09T14:37:14.645116Z,157828307315134,157828306947910,157828307315134,1788964634644835890,1788964634645033434,ok,
std_copy_xcdr__py_to_cpp__100000B__10Hz__shmem_ds__best_effort,receive,sub,py_to_cpp,copy,std,xcdr,shmem_ds,100000,10,0,measured,71,2026-09-09T14:37:14.744316Z,157828406514816,157828406256648,157828406514816,1788964634744104984,1788964634744259716,ok,
std_copy_xcdr__py_to_cpp__100000B__10Hz__shmem_ds__best_effort,receive,sub,py_to_cpp,copy,std,xcdr,shmem_ds,100000,10,0,measured,72,2026-09-09T14:37:14.845358Z,157828507557123,157828507237299,157828507557123,1788964634845107806,1788964634845291002,ok,
std_copy_xcdr__py_to_cpp__100000B__10Hz__shmem_ds__best_effort,receive,sub,py_to_cpp,copy,std,xcdr,shmem_ds,100000,10,0,measured,73,2026-09-09T14:37:14.945949Z,157828608148308,157828607913574,157828608148308,1788964634945758192,1788964634945901323,ok,
std_copy_xcdr__py_to_cpp__100000B__10Hz__shmem_ds__best_effort,receive,sub,py_to_cpp,copy,std,xcdr,shmem_ds,100000,10,0,measured,74,2026-09-09T14:37:15.045526Z,157828707725255,157828707502464,157828707725255,1788964635045345480,1788964635045480274,ok,
std_copy_xcdr__py_to_cpp__100000B__10Hz__shmem_ds__best_effort,receive,sub,py_to_cpp,copy,std,xcdr,shmem_ds,100000,10,0,measured,75,2026-09-09T14:37:15.145839Z,157828808038875,157828807825201,157828808038875,1788964635145658428,1788964635145789766,ok,
std_copy_xcdr__py_to_cpp__100000B__10Hz__shmem_ds__best_effort,receive,sub,py_to_cpp,copy,std,xcdr,shmem_ds,100000,10,0,measured,76,2026-09-09T14:37:15.245594Z,157828907793468,157828907569544,157828907793468,1788964635245408622,1788964635245548386,ok,
std_copy_xcdr__py_to_cpp__100000B__10Hz__shmem_ds__best_effort,receive,sub,py_to_cpp,copy,std,xcdr,shmem_ds,100000,10,0,measured,77,2026-09-09T14:37:15.346859Z,157829009057304,157829008624766,157829009057304,1788964635346518738,1788964635346753091,ok,
std_copy_xcdr__py_to_cpp__100000B__10Hz__shmem_ds__best_effort,receive,sub,py_to_cpp,copy,std,xcdr,shmem_ds,100000,10,0,measured,78,2026-09-09T14:37:15.446536Z,157829108734862,157829108444864,157829108734862,1788964635446302647,1788964635446476796,ok,
std_copy_xcdr__py_to_cpp__100000B__10Hz__shmem_ds__best_effort,receive,sub,py_to_cpp,copy,std,xcdr,shmem_ds,100000,10,0,measured,79,2026-09-09T14:37:15.546157Z,157829208355762,157829208017613,157829208355762,1788964635545895554,1788964635546085974,ok,
std_copy_xcdr__py_to_cpp__100000B__10Hz__shmem_ds__best_effort,receive,sub,py_to_cpp,copy,std,xcdr,shmem_ds,100000,10,0,measured,80,2026-09-09T14:37:15.645576Z,157829307774240,157829307465816,157829307774240,1788964635645343567,1788964635645511365,ok,
std_copy_xcdr__py_to_cpp__100000B__10Hz__shmem_ds__best_effort,receive,sub,py_to_cpp,copy,std,xcdr,shmem_ds,100000,10,0,measured,81,2026-09-09T14:37:15.745509Z,157829407708392,157829407500780,157829407708392,1788964635745336862,1788964635745469743,ok,
std_copy_xcdr__py_to_cpp__100000B__10Hz__shmem_ds__best_effort,receive,sub,py_to_cpp,copy,std,xcdr,shmem_ds,100000,10,0,measured,82,2026-09-09T14:37:15.845169Z,157829507367916,157829507070072,157829507367916,1788964635844932024,1788964635845105772,ok,
std_copy_xcdr__py_to_cpp__100000B__10Hz__shmem_ds__best_effort,receive,sub,py_to_cpp,copy,std,xcdr,shmem_ds,100000,10,0,measured,83,2026-09-09T14:37:15.945434Z,157829607633034,157829607370908,157829607633034,1788964635945223672,1788964635945371602,ok,
std_copy_xcdr__py_to_cpp__100000B__10Hz__shmem_ds__best_effort,receive,sub,py_to_cpp,copy,std,xcdr,shmem_ds,100000,10,0,measured,84,2026-09-09T14:37:16.046052Z,157829708251310,157829708017698,157829708251310,1788964636045865252,1788964636046000268,ok,
std_copy_xcdr__py_to_cpp__100000B__10Hz__shmem_ds__best_effort,receive,sub,py_to_cpp,copy,std,xcdr,shmem_ds,100000,10,0,measured,85,2026-09-09T14:37:16.145899Z,157829808098049,157829807818370,157829808098049,1788964636145662928,1788964636145845163,ok,
std_copy_xcdr__py_to_cpp__100000B__10Hz__shmem_ds__best_effort,receive,sub,py_to_cpp,copy,std,xcdr,shmem_ds,100000,10,0,measured,86,2026-09-09T14:37:16.245241Z,157829907439652,157829907225767,157829907439652,1788964636245066398,1788964636245195232,ok,
std_copy_xcdr__py_to_cpp__100000B__10Hz__shmem_ds__best_effort,receive,sub,py_to_cpp,copy,std,xcdr,shmem_ds,100000,10,0,measured,87,2026-09-09T14:37:16.346230Z,157830008429933,157830008213263,157830008429933,1788964636346054145,1788964636346192777,ok,
std_copy_xcdr__py_to_cpp__100000B__10Hz__shmem_ds__best_effort,receive,sub,py_to_cpp,copy,std,xcdr,shmem_ds,100000,10,0,measured,88,2026-09-09T14:37:16.446245Z,157830108444648,157830108232437,157830108444648,1788964636446070223,1788964636446208163,ok,
std_copy_xcdr__py_to_cpp__100000B__10Hz__shmem_ds__best_effort,receive,sub,py_to_cpp,copy,std,xcdr,shmem_ds,100000,10,0,measured,89,2026-09-09T14:37:16.545501Z,157830207700530,157830207457551,157830207700530,1788964636545303081,1788964636545453616,ok,
std_copy_xcdr__py_to_cpp__100000B__10Hz__shmem_ds__best_effort,receive,sub,py_to_cpp,copy,std,xcdr,shmem_ds,100000,10,0,measured,90,2026-09-09T14:37:16.644986Z,157830307184373,157830306709124,157830307184373,1788964636644607615,1788964636644898395,ok,
std_copy_xcdr__py_to_cpp__100000B__10Hz__shmem_ds__best_effort,receive,sub,py_to_cpp,copy,std,xcdr,shmem_ds,100000,10,0,measured,91,2026-09-09T14:37:16.743937Z,157830406136189,157830405832264,157830406136189,1788964636743690428,1788964636743874957,ok,
std_copy_xcdr__py_to_cpp__100000B__10Hz__shmem_ds__best_effort,receive,sub,py_to_cpp,copy,std,xcdr,shmem_ds,100000,10,0,measured,92,2026-09-09T14:37:16.844209Z,157830506408111,157830506076274,157830506408111,1788964636843952853,1788964636844138594,ok,
std_copy_xcdr__py_to_cpp__100000B__10Hz__shmem_ds__best_effort,receive,sub,py_to_cpp,copy,std,xcdr,shmem_ds,100000,10,0,measured,93,2026-09-09T14:37:16.944635Z,157830606834325,157830606603940,157830606834325,1788964636944451484,1788964636944590707,ok,
std_copy_xcdr__py_to_cpp__100000B__10Hz__shmem_ds__best_effort,receive,sub,py_to_cpp,copy,std,xcdr,shmem_ds,100000,10,0,measured,94,2026-09-09T14:37:17.044458Z,157830706657910,157830706436491,157830706657910,1788964637044285217,1788964637044420764,ok,
std_copy_xcdr__py_to_cpp__100000B__10Hz__shmem_ds__best_effort,receive,sub,py_to_cpp,copy,std,xcdr,shmem_ds,100000,10,0,measured,95,2026-09-09T14:37:17.143529Z,157830805728412,157830805533935,157830805728412,1788964637143371520,1788964637143498911,ok,
std_copy_xcdr__py_to_cpp__100000B__10Hz__shmem_ds__best_effort,receive,sub,py_to_cpp,copy,std,xcdr,shmem_ds,100000,10,0,measured,96,2026-09-09T14:37:17.243274Z,157830905473359,157830905287037,157830905473359,1788964637243115905,1788964637243243607,ok,
std_copy_xcdr__py_to_cpp__100000B__10Hz__shmem_ds__best_effort,receive,sub,py_to_cpp,copy,std,xcdr,shmem_ds,100000,10,0,measured,97,2026-09-09T14:37:17.344318Z,157831006518194,157831006302987,157831006518194,1788964637344135643,1788964637344260740,ok,
std_copy_xcdr__py_to_cpp__100000B__10Hz__shmem_ds__best_effort,receive,sub,py_to_cpp,copy,std,xcdr,shmem_ds,100000,10,0,measured,98,2026-09-09T14:37:17.444318Z,157831106518163,157831106336509,157831106518163,1788964637444166450,1788964637444290985,ok,
std_copy_xcdr__py_to_cpp__100000B__10Hz__shmem_ds__best_effort,receive,sub,py_to_cpp,copy,std,xcdr,shmem_ds,100000,10,0,measured,99,2026-09-09T14:37:17.545420Z,157831207619735,157831207361697,157831207619735,1788964637545211375,1788964637545369635,ok,
std_copy_xcdr__py_to_cpp__100000B__10Hz__shmem_ds__best_effort,receive,sub,py_to_cpp,copy,std,xcdr,shmem_ds,100000,10,0,measured,100,2026-09-09T14:37:17.646084Z,157831308283340,157831308066049,157831308283340,1788964637645908042,1788964637646050171,ok,
std_copy_xcdr__py_to_cpp__100000B__10Hz__shmem_ds__best_effort,receive,sub,py_to_cpp,copy,std,xcdr,shmem_ds,100000,10,0,measured,101,2026-09-09T14:37:17.745092Z,157831407291623,157831407095623,157831407291623,1788964637744927808,1788964637745067432,ok,
std_copy_xcdr__py_to_cpp__100000B__10Hz__shmem_ds__best_effort,receive,sub,py_to_cpp,copy,std,xcdr,shmem_ds,100000,10,0,measured,102,2026-09-09T14:37:17.845799Z,157831507998169,157831507698332,157831507998169,1788964637845557468,1788964637845738751,ok,
std_copy_xcdr__py_to_cpp__100000B__10Hz__shmem_ds__best_effort,receive,sub,py_to_cpp,copy,std,xcdr,shmem_ds,100000,10,0,measured,103,2026-09-09T14:37:17.945988Z,157831608186745,157831607940790,157831608186745,1788964637945792832,1788964637945938668,ok,
std_copy_xcdr__py_to_cpp__100000B__10Hz__shmem_ds__best_effort,receive,sub,py_to_cpp,copy,std,xcdr,shmem_ds,100000,10,0,measured,104,2026-09-09T14:37:18.046162Z,157831708361064,157831708045898,157831708361064,1788964638045908911,1788964638046092759,ok,
std_copy_xcdr__py_to_cpp__100000B__10Hz__shmem_ds__best_effort,receive,sub,py_to_cpp,copy,std,xcdr,shmem_ds,100000,10,0,measured,105,2026-09-09T14:37:18.145482Z,157831807680708,157831807464219,157831807680708,1788964638145302275,1788964638145442059,ok,
std_copy_xcdr__py_to_cpp__100000B__10Hz__shmem_ds__best_effort,receive,sub,py_to_cpp,copy,std,xcdr,shmem_ds,100000,10,0,measured,106,2026-09-09T14:37:18.245771Z,157831907969835,157831907736434,157831907969835,1788964638245576854,1788964638245722289,ok,
std_copy_xcdr__py_to_cpp__100000B__10Hz__shmem_ds__best_effort,receive,sub,py_to_cpp,copy,std,xcdr,shmem_ds,100000,10,0,measured,107,2026-09-09T14:37:18.345040Z,157832007239805,157832006981907,157832007239805,1788964638344846954,1788964638344996467,ok,
std_copy_xcdr__py_to_cpp__100000B__10Hz__shmem_ds__best_effort,receive,sub,py_to_cpp,copy,std,xcdr,shmem_ds,100000,10,0,measured,108,2026-09-09T14:37:18.444899Z,157832107098318,157832106851892,157832107098318,1788964638444704485,1788964638444861212,ok,
std_copy_xcdr__py_to_cpp__100000B__10Hz__shmem_ds__best_effort,receive,sub,py_to_cpp,copy,std,xcdr,shmem_ds,100000,10,0,measured,109,2026-09-09T14:37:18.544878Z,157832207076627,157832206813379,157832207076627,1788964638544659601,1788964638544830534,ok,
std_copy_xcdr__py_to_cpp__100000B__10Hz__shmem_ds__best_effort,receive,sub,py_to_cpp,copy,std,xcdr,shmem_ds,100000,10,0,measured,110,2026-09-09T14:37:18.645870Z,157832308069425,157832307738950,157832308069425,1788964638645615359,1788964638645790139,ok,
std_copy_xcdr__py_to_cpp__100000B__10Hz__shmem_ds__best_effort,receive,sub,py_to_cpp,copy,std,xcdr,shmem_ds,100000,10,0,measured,111,2026-09-09T14:37:18.746673Z,157832408871632,157832408574480,157832408871632,1788964638746432063,1788964638746614538,ok,
std_copy_xcdr__py_to_cpp__100000B__10Hz__shmem_ds__best_effort,receive,sub,py_to_cpp,copy,std,xcdr,shmem_ds,100000,10,0,measured,112,2026-09-09T14:37:18.846235Z,157832508432973,157832508073964,157832508432973,1788964638845955722,1788964638846157804,ok,
std_copy_xcdr__py_to_cpp__100000B__10Hz__shmem_ds__best_effort,receive,sub,py_to_cpp,copy,std,xcdr,shmem_ds,100000,10,0,measured,113,2026-09-09T14:37:18.946002Z,157832608200854,157832607961411,157832608200854,1788964638945815487,1788964638945957256,ok,
std_copy_xcdr__py_to_cpp__100000B__10Hz__shmem_ds__best_effort,receive,sub,py_to_cpp,copy,std,xcdr,shmem_ds,100000,10,0,measured,114,2026-09-09T14:37:19.045360Z,157832707559462,157832707319819,157832707559462,1788964639045168896,1788964639045310674,ok,
std_copy_xcdr__py_to_cpp__100000B__10Hz__shmem_ds__best_effort,receive,sub,py_to_cpp,copy,std,xcdr,shmem_ds,100000,10,0,measured,115,2026-09-09T14:37:19.146314Z,157832808513016,157832808208290,157832808513016,1788964639146084639,1788964639146253548,ok,
std_copy_xcdr__py_to_cpp__100000B__10Hz__shmem_ds__best_effort,receive,sub,py_to_cpp,copy,std,xcdr,shmem_ds,100000,10,0,measured,116,2026-09-09T14:37:19.247010Z,157832909208684,157832908909869,157832909208684,1788964639246783823,1788964639246951490,ok,
std_copy_xcdr__py_to_cpp__100000B__10Hz__shmem_ds__best_effort,receive,sub,py_to_cpp,copy,std,xcdr,shmem_ds,100000,10,0,measured,117,2026-09-09T14:37:19.346547Z,157833008745279,157833008489355,157833008745279,1788964639346353260,1788964639346501971,ok,
std_copy_xcdr__py_to_cpp__100000B__10Hz__shmem_ds__best_effort,receive,sub,py_to_cpp,copy,std,xcdr,shmem_ds,100000,10,0,measured,118,2026-09-09T14:37:19.446799Z,157833108997948,157833108752173,157833108997948,1788964639446611429,1788964639446757255,ok,
std_copy_xcdr__py_to_cpp__100000B__10Hz__shmem_ds__best_effort,receive,sub,py_to_cpp,copy,std,xcdr,shmem_ds,100000,10,0,measured,119,2026-09-09T14:37:19.547105Z,157833209304108,157833209012066,157833209304108,1788964639546874708,1788964639547046283,ok,
std_copy_xcdr__py_to_cpp__100000B__10Hz__shmem_ds__best_effort,receive,sub,py_to_cpp,copy,std,xcdr,shmem_ds,100000,10,0,measured,120,2026-09-09T14:37:19.646442Z,157833308640906,157833308347922,157833308640906,1788964639646208180,1788964639646378963,ok,
std_copy_xcdr__py_to_cpp__100000B__10Hz__shmem_ds__best_effort,receive,sub,py_to_cpp,copy,std,xcdr,shmem_ds,100000,10,0,measured,121,2026-09-09T14:37:19.746988Z,157833409186329,157833408869099,157833409186329,1788964639746744616,1788964639746920659,ok,
std_copy_xcdr__py_to_cpp__100000B__10Hz__shmem_ds__best_effort,receive,sub,py_to_cpp,copy,std,xcdr,shmem_ds,100000,10,0,measured,122,2026-09-09T14:37:19.847144Z,157833509342426,157833508984479,157833509342426,1788964639846877108,1788964639847065284,ok,
std_copy_xcdr__py_to_cpp__100000B__10Hz__shmem_ds__best_effort,receive,sub,py_to_cpp,copy,std,xcdr,shmem_ds,100000,10,0,measured,123,2026-09-09T14:37:19.947681Z,157833609879894,157833609568184,157833609879894,1788964639947455984,1788964639947626787,ok,
std_copy_xcdr__py_to_cpp__100000B__10Hz__shmem_ds__best_effort,receive,sub,py_to_cpp,copy,std,xcdr,shmem_ds,100000,10,0,measured,124,2026-09-09T14:37:20.047636Z,157833709834570,157833709560151,157833709834570,1788964640047435047,1788964640047582576,ok,
std_copy_xcdr__py_to_cpp__100000B__10Hz__shmem_ds__best_effort,receive,sub,py_to_cpp,copy,std,xcdr,shmem_ds,100000,10,0,measured,125,2026-09-09T14:37:20.146603Z,157833808801940,157833808529445,157833808801940,1788964640146408969,1788964640146552921,ok,
std_copy_xcdr__py_to_cpp__100000B__10Hz__shmem_ds__best_effort,receive,sub,py_to_cpp,copy,std,xcdr,shmem_ds,100000,10,0,measured,126,2026-09-09T14:37:20.246206Z,157833908405122,157833908175577,157833908405122,1788964640246043560,1788964640246171943,ok,
std_copy_xcdr__py_to_cpp__100000B__10Hz__shmem_ds__best_effort,receive,sub,py_to_cpp,copy,std,xcdr,shmem_ds,100000,10,0,measured,127,2026-09-09T14:37:20.345161Z,157834007360810,157834007167965,157834007360810,1788964640345029345,1788964640345131969,ok,
std_copy_xcdr__py_to_cpp__100000B__10Hz__shmem_ds__best_effort,receive,sub,py_to_cpp,copy,std,xcdr,shmem_ds,100000,10,0,measured,128,2026-09-09T14:37:20.446137Z,157834108336227,157834108070174,157834108336227,1788964640445943136,1788964640446091997,ok,
std_copy_xcdr__py_to_cpp__100000B__10Hz__shmem_ds__best_effort,receive,sub,py_to_cpp,copy,std,xcdr,shmem_ds,100000,10,0,measured,129,2026-09-09T14:37:20.546962Z,157834209161400,157834208864208,157834209161400,1788964640546738071,1788964640546907412,ok,
std_copy_xcdr__py_to_cpp__100000B__10Hz__shmem_ds__best_effort,receive,sub,py_to_cpp,copy,std,xcdr,shmem_ds,100000,10,0,measured,130,2026-09-09T14:37:20.647499Z,157834309698086,157834309472360,157834309698086,1788964640647337056,1788964640647463836,ok,
std_copy_xcdr__py_to_cpp__100000B__10Hz__shmem_ds__best_effort,receive,sub,py_to_cpp,copy,std,xcdr,shmem_ds,100000,10,0,measured,131,2026-09-09T14:37:20.747262Z,157834409461281,157834409170391,157834409461281,1788964640747028565,1788964640747197515,ok,
std_copy_xcdr__py_to_cpp__100000B__10Hz__shmem_ds__best_effort,receive,sub,py_to_cpp,copy,std,xcdr,shmem_ds,100000,10,0,measured,132,2026-09-09T14:37:20.846389Z,157834508587281,157834508286423,157834508587281,1788964640846166358,1788964640846328404,ok,
std_copy_xcdr__py_to_cpp__100000B__10Hz__shmem_ds__best_effort,receive,sub,py_to_cpp,copy,std,xcdr,shmem_ds,100000,10,0,measured,133,2026-09-09T14:37:20.947079Z,157834609278451,157834609018028,157834609278451,1788964640946871984,1788964640947022910,ok,
std_copy_xcdr__py_to_cpp__100000B__10Hz__shmem_ds__best_effort,receive,sub,py_to_cpp,copy,std,xcdr,shmem_ds,100000,10,0,measured,134,2026-09-09T14:37:21.047928Z,157834710127409,157834709880151,157834710127409,1788964641047747793,1788964641047901644,ok,
std_copy_xcdr__py_to_cpp__100000B__10Hz__shmem_ds__best_effort,receive,sub,py_to_cpp,copy,std,xcdr,shmem_ds,100000,10,0,measured,135,2026-09-09T14:37:21.147082Z,157834809281863,157834809053982,157834809281863,1788964641146926924,1788964641147059795,ok,
std_copy_xcdr__py_to_cpp__100000B__10Hz__shmem_ds__best_effort,receive,sub,py_to_cpp,copy,std,xcdr,shmem_ds,100000,10,0,measured,136,2026-09-09T14:37:21.247067Z,157834909266148,157834909018590,157834909266148,1788964641246889478,1788964641247031677,ok,
std_copy_xcdr__py_to_cpp__100000B__10Hz__shmem_ds__best_effort,receive,sub,py_to_cpp,copy,std,xcdr,shmem_ds,100000,10,0,measured,137,2026-09-09T14:37:21.346182Z,157835008382069,157835008142957,157835008382069,1788964641346010058,1788964641346141026,ok,
std_copy_xcdr__py_to_cpp__100000B__10Hz__shmem_ds__best_effort,receive,sub,py_to_cpp,copy,std,xcdr,shmem_ds,100000,10,0,measured,138,2026-09-09T14:37:21.446662Z,157835108861259,157835108645471,157835108861259,1788964641446501040,1788964641446633230,ok,
std_copy_xcdr__py_to_cpp__100000B__10Hz__shmem_ds__best_effort,receive,sub,py_to_cpp,copy,std,xcdr,shmem_ds,100000,10,0,measured,139,2026-09-09T14:37:21.547216Z,157835209415070,157835209197007,157835209415070,1788964641547040133,1788964641547173194,ok,
std_copy_xcdr__py_to_cpp__100000B__10Hz__shmem_ds__best_effort,receive,sub,py_to_cpp,copy,std,xcdr,shmem_ds,100000,10,0,measured,140,2026-09-09T14:37:21.646458Z,157835308657771,157835308439268,157835308657771,1788964641646295148,1788964641646426105,ok,
std_copy_xcdr__py_to_cpp__100000B__10Hz__shmem_ds__best_effort,receive,sub,py_to_cpp,copy,std,xcdr,shmem_ds,100000,10,0,measured,141,2026-09-09T14:37:21.746466Z,157835408665740,157835408411169,157835408665740,1788964641746278480,1788964641746420659,ok,
std_copy_xcdr__py_to_cpp__100000B__10Hz__shmem_ds__best_effort,receive,sub,py_to_cpp,copy,std,xcdr,shmem_ds,100000,10,0,measured,142,2026-09-09T14:37:21.846616Z,157835508815086,157835508532471,157835508815086,1788964641846400253,1788964641846561448,ok,
std_copy_xcdr__py_to_cpp__100000B__10Hz__shmem_ds__best_effort,receive,sub,py_to_cpp,copy,std,xcdr,shmem_ds,100000,10,0,measured,143,2026-09-09T14:37:21.946042Z,157835608241214,157835608027981,157835608241214,1788964641945870085,1788964641945997666,ok,
std_copy_xcdr__py_to_cpp__100000B__10Hz__shmem_ds__best_effort,receive,sub,py_to_cpp,copy,std,xcdr,shmem_ds,100000,10,0,measured,144,2026-09-09T14:37:22.046837Z,157835709036472,157835708785036,157835709036472,1788964642046650574,1788964642046783836,ok,
std_copy_xcdr__py_to_cpp__100000B__10Hz__shmem_ds__best_effort,receive,sub,py_to_cpp,copy,std,xcdr,shmem_ds,100000,10,0,measured,145,2026-09-09T14:37:22.146703Z,157835808902242,157835808618786,157835808902242,1788964642146480707,1788964642146661419,ok,
std_copy_xcdr__py_to_cpp__100000B__10Hz__shmem_ds__best_effort,receive,sub,py_to_cpp,copy,std,xcdr,shmem_ds,100000,10,0,measured,146,2026-09-09T14:37:22.246092Z,157835908292013,157835908051057,157835908292013,1788964642245910434,1788964642246048925,ok,
std_copy_xcdr__py_to_cpp__100000B__10Hz__shmem_ds__best_effort,receive,sub,py_to_cpp,copy,std,xcdr,shmem_ds,100000,10,0,measured,147,2026-09-09T14:37:22.346056Z,157836008255319,157836008054319,157836008255319,1788964642345895691,1788964642346019976,ok,
std_copy_xcdr__py_to_cpp__100000B__10Hz__shmem_ds__best_effort,receive,sub,py_to_cpp,copy,std,xcdr,shmem_ds,100000,10,0,measured,148,2026-09-09T14:37:22.446840Z,157836109039586,157836108675728,157836109039586,1788964642446560553,1788964642446759689,ok,
std_copy_xcdr__py_to_cpp__100000B__10Hz__shmem_ds__best_effort,receive,sub,py_to_cpp,copy,std,xcdr,shmem_ds,100000,10,0,measured,149,2026-09-09T14:37:22.546046Z,157836208245099,157836207996979,157836208245099,1788964642545853470,1788964642545997182,ok,
std_copy_xcdr__py_to_cpp__100000B__10Hz__shmem_ds__best_effort,receive,sub,py_to_cpp,copy,std,xcdr,shmem_ds,100000,10,0,measured,150,2026-09-09T14:37:22.645658Z,157836307857320,157836307606946,157836307857320,1788964642645465441,1788964642645621546,ok,
std_copy_xcdr__py_to_cpp__100000B__10Hz__shmem_ds__best_effort,receive,sub,py_to_cpp,copy,std,xcdr,shmem_ds,100000,10,0,measured,151,2026-09-09T14:37:22.746740Z,157836408939521,157836408659702,157836408939521,1788964642746516784,1788964642746682457,ok,
std_copy_xcdr__py_to_cpp__100000B__10Hz__shmem_ds__best_effort,receive,sub,py_to_cpp,copy,std,xcdr,shmem_ds,100000,10,0,measured,152,2026-09-09T14:37:22.847099Z,157836509297883,157836508964923,157836509297883,1788964642846851190,1788964642847029668,ok,
std_copy_xcdr__py_to_cpp__100000B__10Hz__shmem_ds__best_effort,receive,sub,py_to_cpp,copy,std,xcdr,shmem_ds,100000,10,0,measured,153,2026-09-09T14:37:22.946842Z,157836609041553,157836608788665,157836609041553,1788964642946638403,1788964642946783267,ok,
std_copy_xcdr__py_to_cpp__100000B__10Hz__shmem_ds__best_effort,receive,sub,py_to_cpp,copy,std,xcdr,shmem_ds,100000,10,0,measured,154,2026-09-09T14:37:23.046908Z,157836709108064,157836708835108,157836709108064,1788964643046709733,1788964643046872521,ok,
std_copy_xcdr__py_to_cpp__100000B__10Hz__shmem_ds__best_effort,receive,sub,py_to_cpp,copy,std,xcdr,shmem_ds,100000,10,0,measured,155,2026-09-09T14:37:23.146160Z,157836808360155,157836808083832,157836808360155,1788964643145950021,1788964643146101187,ok,
std_copy_xcdr__py_to_cpp__100000B__10Hz__shmem_ds__best_effort,receive,sub,py_to_cpp,copy,std,xcdr,shmem_ds,100000,10,0,measured,156,2026-09-09T14:37:23.245553Z,157836907752501,157836907501246,157836907752501,1788964643245362396,1788964643245513532,ok,
std_copy_xcdr__py_to_cpp__100000B__10Hz__shmem_ds__best_effort,receive,sub,py_to_cpp,copy,std,xcdr,shmem_ds,100000,10,0,measured,157,2026-09-09T14:37:23.345184Z,157837007383339,157837007164896,157837007383339,1788964643345005166,1788964643345149650,ok,
std_copy_xcdr__py_to_cpp__100000B__10Hz__shmem_ds__best_effort,receive,sub,py_to_cpp,copy,std,xcdr,shmem_ds,100000,10,0,measured,158,2026-09-09T14:37:23.445334Z,157837107533298,157837107325425,157837107533298,1788964643445176957,1788964643445309267,ok,
std_copy_xcdr__py_to_cpp__100000B__10Hz__shmem_ds__best_effort,receive,sub,py_to_cpp,copy,std,xcdr,shmem_ds,100000,10,0,measured,159,2026-09-09T14:37:23.544845Z,157837207043959,157837206809325,157837207043959,1788964643544651238,1788964643544788798,ok,
std_copy_xcdr__py_to_cpp__100000B__10Hz__shmem_ds__best_effort,receive,sub,py_to_cpp,copy,std,xcdr,shmem_ds,100000,10,0,measured,160,2026-09-09T14:37:23.644271Z,157837306470600,157837306248921,157837306470600,1788964643644100332,1788964643644238052,ok,
std_copy_xcdr__py_to_cpp__100000B__10Hz__shmem_ds__best_effort,receive,sub,py_to_cpp,copy,std,xcdr,shmem_ds,100000,10,0,measured,161,2026-09-09T14:37:23.743458Z,157837405657236,157837405393408,157837405657236,1788964643743254046,1788964643743408789,ok,
std_copy_xcdr__py_to_cpp__100000B__10Hz__shmem_ds__best_effort,receive,sub,py_to_cpp,copy,std,xcdr,shmem_ds,100000,10,0,measured,162,2026-09-09T14:37:23.843641Z,157837505840480,157837505636564,157837505840480,1788964643843474480,1788964643843601019,ok,
std_copy_xcdr__py_to_cpp__100000B__10Hz__shmem_ds__best_effort,receive,sub,py_to_cpp,copy,std,xcdr,shmem_ds,100000,10,0,measured,163,2026-09-09T14:37:23.943063Z,157837605262452,157837605043277,157837605262452,1788964643942896773,1788964643943022831,ok,
std_copy_xcdr__py_to_cpp__100000B__10Hz__shmem_ds__best_effort,receive,sub,py_to_cpp,copy,std,xcdr,shmem_ds,100000,10,0,measured,164,2026-09-09T14:37:24.043955Z,157837706155186,157837705918909,157837706155186,1788964644043772945,1788964644043923781,ok,
std_copy_xcdr__py_to_cpp__100000B__10Hz__shmem_ds__best_effort,receive,sub,py_to_cpp,copy,std,xcdr,shmem_ds,100000,10,0,measured,165,2026-09-09T14:37:24.144611Z,157837806811183,157837806612969,157837806811183,1788964644144453690,1788964644144578786,ok,
std_copy_xcdr__py_to_cpp__100000B__10Hz__shmem_ds__best_effort,receive,sub,py_to_cpp,copy,std,xcdr,shmem_ds,100000,10,0,measured,166,2026-09-09T14:37:24.243824Z,157837906024002,157837905771705,157837906024002,1788964644243629598,1788964644243778129,ok,
std_copy_xcdr__py_to_cpp__100000B__10Hz__shmem_ds__best_effort,receive,sub,py_to_cpp,copy,std,xcdr,shmem_ds,100000,10,0,measured,167,2026-09-09T14:37:24.343265Z,157838005464611,157838005234365,157838005464611,1788964644343088572,1788964644343224869,ok,
std_copy_xcdr__py_to_cpp__100000B__10Hz__shmem_ds__best_effort,receive,sub,py_to_cpp,copy,std,xcdr,shmem_ds,100000,10,0,measured,168,2026-09-09T14:37:24.443582Z,157838105781896,157838105566409,157838105781896,1788964644443418271,1788964644443556232,ok,
std_copy_xcdr__py_to_cpp__100000B__10Hz__shmem_ds__best_effort,receive,sub,py_to_cpp,copy,std,xcdr,shmem_ds,100000,10,0,measured,169,2026-09-09T14:37:24.543213Z,157838205412115,157838205068175,157838205412115,1788964644542935796,1788964644543142888,ok,
std_copy_xcdr__py_to_cpp__100000B__10Hz__shmem_ds__best_effort,receive,sub,py_to_cpp,copy,std,xcdr,shmem_ds,100000,10,0,measured,170,2026-09-09T14:37:24.642331Z,157838304530303,157838304291742,157838304530303,1788964644642143534,1788964644642288669,ok,
std_copy_xcdr__py_to_cpp__100000B__10Hz__shmem_ds__best_effort,receive,sub,py_to_cpp,copy,std,xcdr,shmem_ds,100000,10,0,measured,171,2026-09-09T14:37:24.743308Z,157838405506787,157838405229633,157838405506787,1788964644743093488,1788964644743245545,ok,
std_copy_xcdr__py_to_cpp__100000B__10Hz__shmem_ds__best_effort,receive,sub,py_to_cpp,copy,std,xcdr,shmem_ds,100000,10,0,measured,172,2026-09-09T14:37:24.843502Z,157838505701232,157838505373582,157838505701232,1788964644843251023,1788964644843427807,ok,
std_copy_xcdr__py_to_cpp__100000B__10Hz__shmem_ds__best_effort,receive,sub,py_to_cpp,copy,std,xcdr,shmem_ds,100000,10,0,measured,173,2026-09-09T14:37:24.943273Z,157838605471995,157838605214658,157838605471995,1788964644943082751,1788964644943219079,ok,
std_copy_xcdr__py_to_cpp__100000B__10Hz__shmem_ds__best_effort,receive,sub,py_to_cpp,copy,std,xcdr,shmem_ds,100000,10,0,measured,174,2026-09-09T14:37:25.043956Z,157838706155324,157838705862340,157838706155324,1788964645043727948,1788964645043901106,ok,
std_copy_xcdr__py_to_cpp__100000B__10Hz__shmem_ds__best_effort,receive,sub,py_to_cpp,copy,std,xcdr,shmem_ds,100000,10,0,measured,175,2026-09-09T14:37:25.144408Z,157838806608058,157838806404323,157838806608058,1788964645144243171,1788964645144374268,ok,
std_copy_xcdr__py_to_cpp__100000B__10Hz__shmem_ds__best_effort,receive,sub,py_to_cpp,copy,std,xcdr,shmem_ds,100000,10,0,measured,176,2026-09-09T14:37:25.243794Z,157838905993774,157838905782114,157838905993774,1788964645243628456,1788964645243760175,ok,
std_copy_xcdr__py_to_cpp__100000B__10Hz__shmem_ds__best_effort,receive,sub,py_to_cpp,copy,std,xcdr,shmem_ds,100000,10,0,measured,177,2026-09-09T14:37:25.342967Z,157839005166998,157839004968603,157839005166998,1788964645342819994,1788964645342940202,ok,
std_copy_xcdr__py_to_cpp__100000B__10Hz__shmem_ds__best_effort,receive,sub,py_to_cpp,copy,std,xcdr,shmem_ds,100000,10,0,measured,178,2026-09-09T14:37:25.442881Z,157839105080662,157839104827463,157839105080662,1788964645442670478,1788964645442798360,ok,
std_copy_xcdr__py_to_cpp__100000B__10Hz__shmem_ds__best_effort,receive,sub,py_to_cpp,copy,std,xcdr,shmem_ds,100000,10,0,measured,179,2026-09-09T14:37:25.542792Z,157839204991762,157839204741890,157839204991762,1788964645542588973,1788964645542740509,ok,
std_copy_xcdr__py_to_cpp__100000B__10Hz__shmem_ds__best_effort,receive,sub,py_to_cpp,copy,std,xcdr,shmem_ds,100000,10,0,measured,180,2026-09-09T14:37:25.642694Z,157839304893785,157839304649513,157839304893785,1788964645642505553,1788964645642652391,ok,
std_copy_xcdr__py_to_cpp__100000B__10Hz__shmem_ds__best_effort,receive,sub,py_to_cpp,copy,std,xcdr,shmem_ds,100000,10,0,measured,181,2026-09-09T14:37:25.743046Z,157839405245749,157839405053054,157839405245749,1788964645742890459,1788964645743013492,ok,
std_copy_xcdr__py_to_cpp__100000B__10Hz__shmem_ds__best_effort,receive,sub,py_to_cpp,copy,std,xcdr,shmem_ds,100000,10,0,measured,182,2026-09-09T14:37:25.843470Z,157839505669768,157839505445034,157839505669768,1788964645843283631,1788964645843423214,ok,
std_copy_xcdr__py_to_cpp__100000B__10Hz__shmem_ds__best_effort,receive,sub,py_to_cpp,copy,std,xcdr,shmem_ds,100000,10,0,measured,183,2026-09-09T14:37:25.944432Z,157839606631324,157839606403473,157839606631324,1788964645944258982,1788964645944392946,ok,
std_copy_xcdr__py_to_cpp__100000B__10Hz__shmem_ds__best_effort,receive,sub,py_to_cpp,copy,std,xcdr,shmem_ds,100000,10,0,measured,184,2026-09-09T14:37:26.043630Z,157839705829207,157839705607327,157839705829207,1788964646043454571,1788964646043592471,ok,
std_copy_xcdr__py_to_cpp__100000B__10Hz__shmem_ds__best_effort,receive,sub,py_to_cpp,copy,std,xcdr,shmem_ds,100000,10,0,measured,185,2026-09-09T14:37:26.143353Z,157839805552362,157839805385306,157839805552362,1788964646143215006,1788964646143329884,ok,
std_copy_xcdr__py_to_cpp__100000B__10Hz__shmem_ds__best_effort,receive,sub,py_to_cpp,copy,std,xcdr,shmem_ds,100000,10,0,measured,186,2026-09-09T14:37:26.243044Z,157839905243777,157839905054690,157839905243777,1788964646242882787,1788964646243012432,ok,
std_copy_xcdr__py_to_cpp__100000B__10Hz__shmem_ds__best_effort,receive,sub,py_to_cpp,copy,std,xcdr,shmem_ds,100000,10,0,measured,187,2026-09-09T14:37:26.343738Z,157840005937678,157840005777746,157840005937678,1788964646343601775,1788964646343713967,ok,
std_copy_xcdr__py_to_cpp__100000B__10Hz__shmem_ds__best_effort,receive,sub,py_to_cpp,copy,std,xcdr,shmem_ds,100000,10,0,measured,188,2026-09-09T14:37:26.443396Z,157840105595289,157840105333214,157840105595289,1788964646443179906,1788964646443346842,ok,
std_copy_xcdr__py_to_cpp__100000B__10Hz__shmem_ds__best_effort,receive,sub,py_to_cpp,copy,std,xcdr,shmem_ds,100000,10,0,measured,189,2026-09-09T14:37:26.542698Z,157840204897859,157840204697109,157840204897859,1788964646542532951,1788964646542659541,ok,
std_copy_xcdr__py_to_cpp__100000B__10Hz__shmem_ds__best_effort,receive,sub,py_to_cpp,copy,std,xcdr,shmem_ds,100000,10,0,measured,190,2026-09-09T14:37:26.642693Z,157840304892619,157840304632317,157840304892619,1788964646642487225,1788964646642640124,ok,
std_copy_xcdr__py_to_cpp__100000B__10Hz__shmem_ds__best_effort,receive,sub,py_to_cpp,copy,std,xcdr,shmem_ds,100000,10,0,measured,191,2026-09-09T14:37:26.742517Z,157840404715914,157840404479256,157840404715914,1788964646742326880,1788964646742472245,ok,
std_copy_xcdr__py_to_cpp__100000B__10Hz__shmem_ds__best_effort,receive,sub,py_to_cpp,copy,std,xcdr,shmem_ds,100000,10,0,measured,192,2026-09-09T14:37:26.842200Z,157840504399003,157840504076022,157840504399003,1788964646841951950,1788964646842130768,ok,
std_copy_xcdr__py_to_cpp__100000B__10Hz__shmem_ds__best_effort,receive,sub,py_to_cpp,copy,std,xcdr,shmem_ds,100000,10,0,measured,193,2026-09-09T14:37:26.941519Z,157840603718315,157840603501234,157840603718315,1788964646941346924,1788964646941484054,ok,
std_copy_xcdr__py_to_cpp__100000B__10Hz__shmem_ds__best_effort,receive,sub,py_to_cpp,copy,std,xcdr,shmem_ds,100000,10,0,measured,194,2026-09-09T14:37:27.042458Z,157840704657680,157840704394482,157840704657680,1788964647042262314,1788964647042412889,ok,
std_copy_xcdr__py_to_cpp__100000B__10Hz__shmem_ds__best_effort,receive,sub,py_to_cpp,copy,std,xcdr,shmem_ds,100000,10,0,measured,195,2026-09-09T14:37:27.142273Z,157840804473101,157840804247173,157840804473101,1788964647142108183,1788964647142243599,ok,
std_copy_xcdr__py_to_cpp__100000B__10Hz__shmem_ds__best_effort,receive,sub,py_to_cpp,copy,std,xcdr,shmem_ds,100000,10,0,measured,196,2026-09-09T14:37:27.243005Z,157840905204694,157840904965692,157840905204694,1788964647242830579,1788964647242968049,ok,
std_copy_xcdr__py_to_cpp__100000B__10Hz__shmem_ds__best_effort,receive,sub,py_to_cpp,copy,std,xcdr,shmem_ds,100000,10,0,measured,197,2026-09-09T14:37:27.343228Z,157841005426614,157841005133751,157841005426614,1788964647343011902,1788964647343166244,ok,
std_copy_xcdr__py_to_cpp__100000B__10Hz__shmem_ds__best_effort,receive,sub,py_to_cpp,copy,std,xcdr,shmem_ds,100000,10,0,measured,198,2026-09-09T14:37:27.442184Z,157841104383100,157841104160890,157841104383100,1788964647442009596,1788964647442144531,ok,
std_copy_xcdr__py_to_cpp__100000B__10Hz__shmem_ds__best_effort,receive,sub,py_to_cpp,copy,std,xcdr,shmem_ds,100000,10,0,measured,199,2026-09-09T14:37:27.543243Z,157841205442083,157841205182953,157841205442083,1788964647543037961,1788964647543194096,ok,
std_copy_xcdr__py_to_cpp__100000B__10Hz__shmem_ds__best_effort,receive,sub,py_to_cpp,copy,std,xcdr,shmem_ds,100000,10,0,measured,200,2026-09-09T14:37:27.643881Z,157841306080219,157841305821971,157841306080219,1788964647643676017,1788964647643841520,ok,
std_copy_xcdr__py_to_cpp__100000B__10Hz__shmem_ds__best_effort,receive,sub,py_to_cpp,copy,std,xcdr,shmem_ds,100000,10,0,measured,201,2026-09-09T14:37:27.744721Z,157841406920799,157841406731120,157841406920799,1788964647744560360,1788964647744683933,ok,
std_copy_xcdr__py_to_cpp__100000B__10Hz__shmem_ds__best_effort,receive,sub,py_to_cpp,copy,std,xcdr,shmem_ds,100000,10,0,measured,202,2026-09-09T14:37:27.845774Z,157841507973218,157841507685334,157841507973218,1788964647845544590,1788964647845711976,ok,
std_copy_xcdr__py_to_cpp__100000B__10Hz__shmem_ds__best_effort,receive,sub,py_to_cpp,copy,std,xcdr,shmem_ds,100000,10,0,measured,203,2026-09-09T14:37:27.946327Z,157841608526655,157841608331597,157841608526655,1788964647946172568,1788964647946290822,ok,
std_copy_xcdr__py_to_cpp__100000B__10Hz__shmem_ds__best_effort,receive,sub,py_to_cpp,copy,std,xcdr,shmem_ds,100000,10,0,measured,204,2026-09-09T14:37:28.045785Z,157841707983879,157841707699060,157841707983879,1788964648045558226,1788964648045724010,ok,
std_copy_xcdr__py_to_cpp__100000B__10Hz__shmem_ds__best_effort,receive,sub,py_to_cpp,copy,std,xcdr,shmem_ds,100000,10,0,measured,205,2026-09-09T14:37:28.145610Z,157841807810202,157841807607910,157841807810202,1788964648145444152,1788964648145582053,ok,
std_copy_xcdr__py_to_cpp__100000B__10Hz__shmem_ds__best_effort,receive,sub,py_to_cpp,copy,std,xcdr,shmem_ds,100000,10,0,measured,206,2026-09-09T14:37:28.245059Z,157841907259061,157841907046860,157841907259061,1788964648244881910,1788964648245020502,ok,
std_copy_xcdr__py_to_cpp__100000B__10Hz__shmem_ds__best_effort,receive,sub,py_to_cpp,copy,std,xcdr,shmem_ds,100000,10,0,measured,207,2026-09-09T14:37:28.344793Z,157842006992717,157842006814370,157842006992717,1788964648344641635,1788964648344768866,ok,
std_copy_xcdr__py_to_cpp__100000B__10Hz__shmem_ds__best_effort,receive,sub,py_to_cpp,copy,std,xcdr,shmem_ds,100000,10,0,measured,208,2026-09-09T14:37:28.444045Z,157842106244444,157842105985494,157842106244444,1788964648443843127,1788964648443995766,ok,
std_copy_xcdr__py_to_cpp__100000B__10Hz__shmem_ds__best_effort,receive,sub,py_to_cpp,copy,std,xcdr,shmem_ds,100000,10,0,measured,209,2026-09-09T14:37:28.543880Z,157842206079192,157842205767132,157842206079192,1788964648543617080,1788964648543776592,ok,
std_copy_xcdr__py_to_cpp__100000B__10Hz__shmem_ds__best_effort,receive,sub,py_to_cpp,copy,std,xcdr,shmem_ds,100000,10,0,measured,210,2026-09-09T14:37:28.644702Z,157842306901828,157842306682453,157842306901828,1788964648644525990,1788964648644663740,ok,
std_copy_xcdr__py_to_cpp__100000B__10Hz__shmem_ds__best_effort,receive,sub,py_to_cpp,copy,std,xcdr,shmem_ds,100000,10,0,measured,211,2026-09-09T14:37:28.744758Z,157842406956993,157842406398647,157842406956993,1788964648744304341,1788964648744600451,ok,
std_copy_xcdr__py_to_cpp__100000B__10Hz__shmem_ds__best_effort,receive,sub,py_to_cpp,copy,std,xcdr,shmem_ds,100000,10,0,measured,212,2026-09-09T14:37:28.845034Z,157842507232205,157842506883265,157842507232205,1788964648844760285,1788964648844956576,ok,
std_copy_xcdr__py_to_cpp__100000B__10Hz__shmem_ds__best_effort,receive,sub,py_to_cpp,copy,std,xcdr,shmem_ds,100000,10,0,measured,213,2026-09-09T14:37:28.944761Z,157842606960542,157842606718144,157842606960542,1788964648944573252,1788964648944716924,ok,
std_copy_xcdr__py_to_cpp__100000B__10Hz__shmem_ds__best_effort,receive,sub,py_to_cpp,copy,std,xcdr,shmem_ds,100000,10,0,measured,214,2026-09-09T14:37:29.044551Z,157842706750707,157842706540319,157842706750707,1788964649044381170,1788964649044512940,ok,
std_copy_xcdr__py_to_cpp__100000B__10Hz__shmem_ds__best_effort,receive,sub,py_to_cpp,copy,std,xcdr,shmem_ds,100000,10,0,measured,215,2026-09-09T14:37:29.145397Z,157842807596437,157842807426977,157842807596437,1788964649145251708,1788964649145374079,ok,
std_copy_xcdr__py_to_cpp__100000B__10Hz__shmem_ds__best_effort,receive,sub,py_to_cpp,copy,std,xcdr,shmem_ds,100000,10,0,measured,216,2026-09-09T14:37:29.246409Z,157842908608313,157842908420648,157842908608313,1788964649246248394,1788964649246375465,ok,
std_copy_xcdr__py_to_cpp__100000B__10Hz__shmem_ds__best_effort,receive,sub,py_to_cpp,copy,std,xcdr,shmem_ds,100000,10,0,measured,217,2026-09-09T14:37:29.346512Z,157843008711821,157843008535688,157843008711821,1788964649346362342,1788964649346487960,ok,
std_copy_xcdr__py_to_cpp__100000B__10Hz__shmem_ds__best_effort,receive,sub,py_to_cpp,copy,std,xcdr,shmem_ds,100000,10,0,measured,218,2026-09-09T14:37:29.446967Z,157843109166493,157843108968488,157843109166493,1788964649446796275,1788964649446933524,ok,
std_copy_xcdr__py_to_cpp__100000B__10Hz__shmem_ds__best_effort,receive,sub,py_to_cpp,copy,std,xcdr,shmem_ds,100000,10,0,measured,219,2026-09-09T14:37:29.546323Z,157843208522386,157843208310446,157843208522386,1788964649546146758,1788964649546279018,ok,
std_copy_xcdr__py_to_cpp__100000B__10Hz__shmem_ds__best_effort,receive,sub,py_to_cpp,copy,std,xcdr,shmem_ds,100000,10,0,measured,220,2026-09-09T14:37:29.645904Z,157843308103968,157843307884202,157843308103968,1788964649645720365,1788964649645859448,ok,
std_copy_xcdr__py_to_cpp__100000B__10Hz__shmem_ds__best_effort,receive,sub,py_to_cpp,copy,std,xcdr,shmem_ds,100000,10,0,measured,221,2026-09-09T14:37:29.746784Z,157843408983372,157843408810014,157843408983372,1788964649746638572,1788964649746757026,ok,
std_copy_xcdr__py_to_cpp__100000B__10Hz__shmem_ds__best_effort,receive,sub,py_to_cpp,copy,std,xcdr,shmem_ds,100000,10,0,measured,222,2026-09-09T14:37:29.847039Z,157843509238797,157843509015665,157843509238797,1788964649846853561,1788964649846995990,ok,
std_copy_xcdr__py_to_cpp__100000B__10Hz__shmem_ds__best_effort,receive,sub,py_to_cpp,copy,std,xcdr,shmem_ds,100000,10,0,measured,223,2026-09-09T14:37:29.947034Z,157843609233289,157843609048760,157843609233289,1788964649946883479,1788964649946996734,ok,
std_copy_xcdr__py_to_cpp__100000B__10Hz__shmem_ds__best_effort,receive,sub,py_to_cpp,copy,std,xcdr,shmem_ds,100000,10,0,measured,224,2026-09-09T14:37:30.047819Z,157843710017193,157843709679775,157843710017193,1788964650047561514,1788964650047742817,ok,
std_copy_xcdr__py_to_cpp__100000B__10Hz__shmem_ds__best_effort,receive,sub,py_to_cpp,copy,std,xcdr,shmem_ds,100000,10,0,measured,225,2026-09-09T14:37:30.146861Z,157843809060017,157843808754639,157843809060017,1788964650146617773,1788964650146769510,ok,
std_copy_xcdr__py_to_cpp__100000B__10Hz__shmem_ds__best_effort,receive,sub,py_to_cpp,copy,std,xcdr,shmem_ds,100000,10,0,measured,226,2026-09-09T14:37:30.247002Z,157843909200195,157843908920666,157843909200195,1788964650246777728,1788964650246936989,ok,
std_copy_xcdr__py_to_cpp__100000B__10Hz__shmem_ds__best_effort,receive,sub,py_to_cpp,copy,std,xcdr,shmem_ds,100000,10,0,measured,227,2026-09-09T14:37:30.346873Z,157844009072115,157844008870875,157844009072115,1788964650346700345,1788964650346829910,ok,
std_copy_xcdr__py_to_cpp__100000B__10Hz__shmem_ds__best_effort,receive,sub,py_to_cpp,copy,std,xcdr,shmem_ds,100000,10,0,measured,228,2026-09-09T14:37:30.447753Z,157844109951502,157844109664669,157844109951502,1788964650447524978,1788964650447693386,ok,
std_copy_xcdr__py_to_cpp__100000B__10Hz__shmem_ds__best_effort,receive,sub,py_to_cpp,copy,std,xcdr,shmem_ds,100000,10,0,measured,229,2026-09-09T14:37:30.546966Z,157844209164948,157844208916007,157844209164948,1788964650546763902,1788964650546915699,ok,
std_copy_xcdr__py_to_cpp__100000B__10Hz__shmem_ds__best_effort,receive,sub,py_to_cpp,copy,std,xcdr,shmem_ds,100000,10,0,measured,230,2026-09-09T14:37:30.647857Z,157844310056206,157844309817094,157844310056206,1788964650647668866,1788964650647800555,ok,
std_copy_xcdr__py_to_cpp__100000B__10Hz__shmem_ds__best_effort,receive,sub,py_to_cpp,copy,std,xcdr,shmem_ds,100000,10,0,measured,231,2026-09-09T14:37:30.747104Z,157844409302875,157844409039627,157844409302875,1788964650746893693,1788964650747040601,ok,
std_copy_xcdr__py_to_cpp__100000B__10Hz__shmem_ds__best_effort,receive,sub,py_to_cpp,copy,std,xcdr,shmem_ds,100000,10,0,measured,232,2026-09-09T14:37:30.846411Z,157844508610058,157844508368591,157844508610058,1788964650846214913,1788964650846356490,ok,
std_copy_xcdr__py_to_cpp__100000B__10Hz__shmem_ds__best_effort,receive,sub,py_to_cpp,copy,std,xcdr,shmem_ds,100000,10,0,measured,233,2026-09-09T14:37:30.946550Z,157844608748513,157844608537323,157844608748513,1788964650946381741,1788964650946498823,ok,
std_copy_xcdr__py_to_cpp__100000B__10Hz__shmem_ds__best_effort,receive,sub,py_to_cpp,copy,std,xcdr,shmem_ds,100000,10,0,measured,234,2026-09-09T14:37:31.046872Z,157844709071988,157844708856671,157844709071988,1788964651046690108,1788964651046834120,ok,
std_copy_xcdr__py_to_cpp__100000B__10Hz__shmem_ds__best_effort,receive,sub,py_to_cpp,copy,std,xcdr,shmem_ds,100000,10,0,measured,235,2026-09-09T14:37:31.146309Z,157844808508697,157844808326893,157844808508697,1788964651146154329,1788964651146275338,ok,
std_copy_xcdr__py_to_cpp__100000B__10Hz__shmem_ds__best_effort,receive,sub,py_to_cpp,copy,std,xcdr,shmem_ds,100000,10,0,measured,236,2026-09-09T14:37:31.245493Z,157844907693069,157844907532776,157844907693069,1788964651245357677,1788964651245469859,ok,
std_copy_xcdr__py_to_cpp__100000B__10Hz__shmem_ds__best_effort,receive,sub,py_to_cpp,copy,std,xcdr,shmem_ds,100000,10,0,measured,237,2026-09-09T14:37:31.346344Z,157845008543441,157845008344875,157845008543441,1788964651346175046,1788964651346308759,ok,
std_copy_xcdr__py_to_cpp__100000B__10Hz__shmem_ds__best_effort,receive,sub,py_to_cpp,copy,std,xcdr,shmem_ds,100000,10,0,measured,238,2026-09-09T14:37:31.445796Z,157845107996251,157845107831870,157845107996251,1788964651445657713,1788964651445771438,ok,
std_copy_xcdr__py_to_cpp__100000B__10Hz__shmem_ds__best_effort,receive,sub,py_to_cpp,copy,std,xcdr,shmem_ds,100000,10,0,measured,239,2026-09-09T14:37:31.546116Z,157845208314967,157845208068270,157845208314967,1788964651545927917,1788964651546064555,ok,
std_copy_xcdr__py_to_cpp__100000B__10Hz__shmem_ds__best_effort,receive,sub,py_to_cpp,copy,std,xcdr,shmem_ds,100000,10,0,measured,240,2026-09-09T14:37:31.646266Z,157845308465255,157845308263844,157845308465255,1788964651646095568,1788964651646224392,ok,
std_copy_xcdr__py_to_cpp__100000B__10Hz__shmem_ds__best_effort,receive,sub,py_to_cpp,copy,std,xcdr,shmem_ds,100000,10,0,measured,241,2026-09-09T14:37:31.746123Z,157845408322259,157845408121219,157845408322259,1788964651745952923,1788964651746078199,ok,
std_copy_xcdr__py_to_cpp__100000B__10Hz__shmem_ds__best_effort,receive,sub,py_to_cpp,copy,std,xcdr,shmem_ds,100000,10,0,measured,242,2026-09-09T14:37:31.846374Z,157845508573268,157845508333304,157845508573268,1788964651846177782,1788964651846322766,ok,
std_copy_xcdr__py_to_cpp__100000B__10Hz__shmem_ds__best_effort,receive,sub,py_to_cpp,copy,std,xcdr,shmem_ds,100000,10,0,measured,243,2026-09-09T14:37:31.946535Z,157845608733535,157845608418269,157845608733535,1788964651946299136,1788964651946471943,ok,
std_copy_xcdr__py_to_cpp__100000B__10Hz__shmem_ds__best_effort,receive,sub,py_to_cpp,copy,std,xcdr,shmem_ds,100000,10,0,measured,244,2026-09-09T14:37:32.047185Z,157845709384410,157845709187107,157845709384410,1788964652047024792,1788964652047148306,ok,
std_copy_xcdr__py_to_cpp__100000B__10Hz__shmem_ds__best_effort,receive,sub,py_to_cpp,copy,std,xcdr,shmem_ds,100000,10,0,measured,245,2026-09-09T14:37:32.146578Z,157845808778060,157845808586778,157845808778060,1788964652146426788,1788964652146549300,ok,
std_copy_xcdr__py_to_cpp__100000B__10Hz__shmem_ds__best_effort,receive,sub,py_to_cpp,copy,std,xcdr,shmem_ds,100000,10,0,measured,246,2026-09-09T14:37:32.247020Z,157845909219248,157845909032184,157845909219248,1788964652246869068,1788964652246992842,ok,
std_copy_xcdr__py_to_cpp__100000B__10Hz__shmem_ds__best_effort,receive,sub,py_to_cpp,copy,std,xcdr,shmem_ds,100000,10,0,measured,247,2026-09-09T14:37:32.346561Z,157846008759885,157846008526554,157846008759885,1788964652346380390,1788964652346515515,ok,
std_copy_xcdr__py_to_cpp__100000B__10Hz__shmem_ds__best_effort,receive,sub,py_to_cpp,copy,std,xcdr,shmem_ds,100000,10,0,measured,248,2026-09-09T14:37:32.446652Z,157846108849780,157846108478137,157846108849780,1788964652446376046,1788964652446571806,ok,
std_copy_xcdr__py_to_cpp__100000B__10Hz__shmem_ds__best_effort,receive,sub,py_to_cpp,copy,std,xcdr,shmem_ds,100000,10,0,measured,249,2026-09-09T14:37:32.546918Z,157846209116370,157846208768682,157846209116370,1788964652546647074,1788964652546848996,ok,
std_copy_xcdr__py_to_cpp__100000B__10Hz__shmem_ds__best_effort,receive,sub,py_to_cpp,copy,std,xcdr,shmem_ds,100000,10,0,measured,250,2026-09-09T14:37:32.646257Z,157846308456277,157846308246781,157846308456277,1788964652646090537,1788964652646217698,ok,
std_copy_xcdr__py_to_cpp__100000B__10Hz__shmem_ds__best_effort,receive,sub,py_to_cpp,copy,std,xcdr,shmem_ds,100000,10,0,measured,251,2026-09-09T14:37:32.746078Z,157846408275119,157846407960614,157846408275119,1788964652745827214,1788964652746005962,ok,
std_copy_xcdr__py_to_cpp__100000B__10Hz__shmem_ds__best_effort,receive,sub,py_to_cpp,copy,std,xcdr,shmem_ds,100000,10,0,measured,252,2026-09-09T14:37:32.846689Z,157846508888023,157846508525307,157846508888023,1788964652846416053,1788964652846610971,ok,
std_copy_xcdr__py_to_cpp__100000B__10Hz__shmem_ds__best_effort,receive,sub,py_to_cpp,copy,std,xcdr,shmem_ds,100000,10,0,measured,253,2026-09-09T14:37:32.945754Z,157846607953511,157846607645729,157846607953511,1788964652945533980,1788964652945709081,ok,
std_copy_xcdr__py_to_cpp__100000B__10Hz__shmem_ds__best_effort,receive,sub,py_to_cpp,copy,std,xcdr,shmem_ds,100000,10,0,measured,254,2026-09-09T14:37:33.045440Z,157846707639242,157846707443161,157846707639242,1788964653045279815,1788964653045404240,ok,
std_copy_xcdr__py_to_cpp__100000B__10Hz__shmem_ds__best_effort,receive,sub,py_to_cpp,copy,std,xcdr,shmem_ds,100000,10,0,measured,255,2026-09-09T14:37:33.146430Z,157846808628979,157846808429251,157846808628979,1788964653146263680,1788964653146389979,ok,
std_copy_xcdr__py_to_cpp__100000B__10Hz__shmem_ds__best_effort,receive,sub,py_to_cpp,copy,std,xcdr,shmem_ds,100000,10,0,measured,256,2026-09-09T14:37:33.247396Z,157846909595613,157846909418398,157846909595613,1788964653247248689,1788964653247370660,ok,
std_copy_xcdr__py_to_cpp__100000B__10Hz__shmem_ds__best_effort,receive,sub,py_to_cpp,copy,std,xcdr,shmem_ds,100000,10,0,measured,257,2026-09-09T14:37:33.346589Z,157847008787923,157847008589527,157847008787923,1788964653346424077,1788964653346554503,ok,
std_copy_xcdr__py_to_cpp__100000B__10Hz__shmem_ds__best_effort,receive,sub,py_to_cpp,copy,std,xcdr,shmem_ds,100000,10,0,measured,258,2026-09-09T14:37:33.446107Z,157847108303853,157847108019966,157847108303853,1788964653445857511,1788964653445991304,ok,
std_copy_xcdr__py_to_cpp__100000B__10Hz__shmem_ds__best_effort,receive,sub,py_to_cpp,copy,std,xcdr,shmem_ds,100000,10,0,measured,259,2026-09-09T14:37:33.545856Z,157847208054308,157847207684058,157847208054308,1788964653545563652,1788964653545756587,ok,
std_copy_xcdr__py_to_cpp__100000B__10Hz__shmem_ds__best_effort,receive,sub,py_to_cpp,copy,std,xcdr,shmem_ds,100000,10,0,measured,260,2026-09-09T14:37:33.646399Z,157847308598222,157847308391000,157847308598222,1788964653646235198,1788964653646354103,ok,
std_copy_xcdr__py_to_cpp__100000B__10Hz__shmem_ds__best_effort,receive,sub,py_to_cpp,copy,std,xcdr,shmem_ds,100000,10,0,measured,261,2026-09-09T14:37:33.747183Z,157847409382312,157847409180350,157847409382312,1788964653747022554,1788964653747151949,ok,
std_copy_xcdr__py_to_cpp__100000B__10Hz__shmem_ds__best_effort,receive,sub,py_to_cpp,copy,std,xcdr,shmem_ds,100000,10,0,measured,262,2026-09-09T14:37:33.847974Z,157847510173463,157847509948177,157847510173463,1788964653847786143,1788964653847929725,ok,
std_copy_xcdr__py_to_cpp__100000B__10Hz__shmem_ds__best_effort,receive,sub,py_to_cpp,copy,std,xcdr,shmem_ds,100000,10,0,measured,263,2026-09-09T14:37:33.947721Z,157847609920191,157847609689525,157847609920191,1788964653947533211,1788964653947670361,ok,
std_copy_xcdr__py_to_cpp__100000B__10Hz__shmem_ds__best_effort,receive,sub,py_to_cpp,copy,std,xcdr,shmem_ds,100000,10,0,measured,264,2026-09-09T14:37:34.046962Z,157847709161682,157847708965912,157847709161682,1788964654046797346,1788964654046931449,ok,
std_copy_xcdr__py_to_cpp__100000B__10Hz__shmem_ds__best_effort,receive,sub,py_to_cpp,copy,std,xcdr,shmem_ds,100000,10,0,measured,265,2026-09-09T14:37:34.147634Z,157847809833620,157847809635656,157847809833620,1788964654147473952,1788964654147600692,ok,
std_copy_xcdr__py_to_cpp__100000B__10Hz__shmem_ds__best_effort,receive,sub,py_to_cpp,copy,std,xcdr,shmem_ds,100000,10,0,measured,266,2026-09-09T14:37:34.248022Z,157847910221260,157847910046149,157847910221260,1788964654247880117,1788964654247994784,ok,
std_copy_xcdr__py_to_cpp__100000B__10Hz__shmem_ds__best_effort,receive,sub,py_to_cpp,copy,std,xcdr,shmem_ds,100000,10,0,measured,267,2026-09-09T14:37:34.348246Z,157848010445542,157848010269579,157848010445542,1788964654348101925,1788964654348219467,ok,
std_copy_xcdr__py_to_cpp__100000B__10Hz__shmem_ds__best_effort,receive,sub,py_to_cpp,copy,std,xcdr,shmem_ds,100000,10,0,measured,268,2026-09-09T14:37:34.449244Z,157848111443456,157848111235253,157848111443456,1788964654449067297,1788964654449185831,ok,
std_copy_xcdr__py_to_cpp__100000B__10Hz__shmem_ds__best_effort,receive,sub,py_to_cpp,copy,std,xcdr,shmem_ds,100000,10,0,measured,269,2026-09-09T14:37:34.549593Z,157848211791902,157848211579831,157848211791902,1788964654549417647,1788964654549546120,ok,
std_copy_xcdr__py_to_cpp__100000B__10Hz__shmem_ds__best_effort,receive,sub,py_to_cpp,copy,std,xcdr,shmem_ds,100000,10,0,measured,270,2026-09-09T14:37:34.648642Z,157848310840921,157848310586731,157848310840921,1788964654648433533,1788964654648594858,ok,
std_copy_xcdr__py_to_cpp__100000B__10Hz__shmem_ds__best_effort,receive,sub,py_to_cpp,copy,std,xcdr,shmem_ds,100000,10,0,measured,271,2026-09-09T14:37:34.749322Z,157848411521425,157848411251465,157848411521425,1788964654749103137,1788964654749258180,ok,
std_copy_xcdr__py_to_cpp__100000B__10Hz__shmem_ds__best_effort,receive,sub,py_to_cpp,copy,std,xcdr,shmem_ds,100000,10,0,measured,272,2026-09-09T14:37:34.848908Z,157848511107019,157848510855384,157848511107019,1788964654848703729,1788964654848858512,ok,
std_copy_xcdr__py_to_cpp__100000B__10Hz__shmem_ds__best_effort,receive,sub,py_to_cpp,copy,std,xcdr,shmem_ds,100000,10,0,measured,273,2026-09-09T14:37:34.949412Z,157848611611080,157848611275205,157848611611080,1788964654949155431,1788964654949345079,ok,
std_copy_xcdr__py_to_cpp__100000B__10Hz__shmem_ds__best_effort,receive,sub,py_to_cpp,copy,std,xcdr,shmem_ds,100000,10,0,measured,274,2026-09-09T14:37:35.050014Z,157848712213587,157848712015242,157848712213587,1788964655049848348,1788964655049972724,ok,
std_copy_xcdr__py_to_cpp__100000B__10Hz__shmem_ds__best_effort,receive,sub,py_to_cpp,copy,std,xcdr,shmem_ds,100000,10,0,measured,275,2026-09-09T14:37:35.149253Z,157848811452336,157848811266445,157848811452336,1788964655149099261,1788964655149217474,ok,
std_copy_xcdr__py_to_cpp__100000B__10Hz__shmem_ds__best_effort,receive,sub,py_to_cpp,copy,std,xcdr,shmem_ds,100000,10,0,measured,276,2026-09-09T14:37:35.248487Z,157848910686486,157848910496807,157848910686486,1788964655248327610,1788964655248456744,ok,
std_copy_xcdr__py_to_cpp__100000B__10Hz__shmem_ds__best_effort,receive,sub,py_to_cpp,copy,std,xcdr,shmem_ds,100000,10,0,measured,277,2026-09-09T14:37:35.347721Z,157849009920025,157849009730466,157849009920025,1788964655347565597,1788964655347681215,ok,
std_copy_xcdr__py_to_cpp__100000B__10Hz__shmem_ds__best_effort,receive,sub,py_to_cpp,copy,std,xcdr,shmem_ds,100000,10,0,measured,278,2026-09-09T14:37:35.447825Z,157849110024621,157849109822518,157849110024621,1788964655447659893,1788964655447777115,ok,
std_copy_xcdr__py_to_cpp__100000B__10Hz__shmem_ds__best_effort,receive,sub,py_to_cpp,copy,std,xcdr,shmem_ds,100000,10,0,measured,279,2026-09-09T14:37:35.547457Z,157849209656803,157849209419003,157849209656803,1788964655547262860,1788964655547409978,ok,
std_copy_xcdr__py_to_cpp__100000B__10Hz__shmem_ds__best_effort,receive,sub,py_to_cpp,copy,std,xcdr,shmem_ds,100000,10,0,measured,280,2026-09-09T14:37:35.647580Z,157849309779322,157849309588241,157849309779322,1788964655647431076,1788964655647545853,ok,
std_copy_xcdr__py_to_cpp__100000B__10Hz__shmem_ds__best_effort,receive,sub,py_to_cpp,copy,std,xcdr,shmem_ds,100000,10,0,measured,281,2026-09-09T14:37:35.748053Z,157849410251934,157849410035846,157849410251934,1788964655747883119,1788964655748006523,ok,
std_copy_xcdr__py_to_cpp__100000B__10Hz__shmem_ds__best_effort,receive,sub,py_to_cpp,copy,std,xcdr,shmem_ds,100000,10,0,measured,282,2026-09-09T14:37:35.847624Z,157849509823332,157849509494179,157849509823332,1788964655847372301,1788964655847551340,ok,
std_copy_xcdr__py_to_cpp__100000B__10Hz__shmem_ds__best_effort,receive,sub,py_to_cpp,copy,std,xcdr,shmem_ds,100000,10,0,measured,283,2026-09-09T14:37:35.947790Z,157849609989074,157849609750302,157849609989074,1788964655947598347,1788964655947738692,ok,
std_copy_xcdr__py_to_cpp__100000B__10Hz__shmem_ds__best_effort,receive,sub,py_to_cpp,copy,std,xcdr,shmem_ds,100000,10,0,measured,284,2026-09-09T14:37:36.047332Z,157849709531086,157849709280553,157849709531086,1788964656047140520,1788964656047280174,ok,
std_copy_xcdr__py_to_cpp__100000B__10Hz__shmem_ds__best_effort,receive,sub,py_to_cpp,copy,std,xcdr,shmem_ds,100000,10,0,measured,285,2026-09-09T14:37:36.147228Z,157849809427089,157849809218364,157849809427089,1788964656147065337,1788964656147190343,ok,
std_copy_xcdr__py_to_cpp__100000B__10Hz__shmem_ds__best_effort,receive,sub,py_to_cpp,copy,std,xcdr,shmem_ds,100000,10,0,measured,286,2026-09-09T14:37:36.247979Z,157849910178739,157849909998428,157849910178739,1788964656247843798,1788964656247950771,ok,
std_copy_xcdr__py_to_cpp__100000B__10Hz__shmem_ds__best_effort,receive,sub,py_to_cpp,copy,std,xcdr,shmem_ds,100000,10,0,measured,287,2026-09-09T14:37:36.348664Z,157850010863644,157850010685387,157850010863644,1788964656348513814,1788964656348632248,ok,
std_copy_xcdr__py_to_cpp__100000B__10Hz__shmem_ds__best_effort,receive,sub,py_to_cpp,copy,std,xcdr,shmem_ds,100000,10,0,measured,288,2026-09-09T14:37:36.447876Z,157850110076094,157850109880795,157850110076094,1788964656447717087,1788964656447844729,ok,
std_copy_xcdr__py_to_cpp__100000B__10Hz__shmem_ds__best_effort,receive,sub,py_to_cpp,copy,std,xcdr,shmem_ds,100000,10,0,measured,289,2026-09-09T14:37:36.547758Z,157850209957419,157850209755777,157850209957419,1788964656547593272,1788964656547715584,ok,
std_copy_xcdr__py_to_cpp__100000B__10Hz__shmem_ds__best_effort,receive,sub,py_to_cpp,copy,std,xcdr,shmem_ds,100000,10,0,measured,290,2026-09-09T14:37:36.647370Z,157850309568663,157850309326675,157850309568663,1788964656647184789,1788964656647323842,ok,
std_copy_xcdr__py_to_cpp__100000B__10Hz__shmem_ds__best_effort,receive,sub,py_to_cpp,copy,std,xcdr,shmem_ds,100000,10,0,measured,291,2026-09-09T14:37:36.746595Z,157850408793276,157850408412045,157850408793276,1788964656746298182,1788964656746504653,ok,
std_copy_xcdr__py_to_cpp__100000B__10Hz__shmem_ds__best_effort,receive,sub,py_to_cpp,copy,std,xcdr,shmem_ds,100000,10,0,measured,292,2026-09-09T14:37:36.847205Z,157850509403520,157850509020966,157850509403520,1788964656846918074,1788964656847120947,ok,
std_copy_xcdr__py_to_cpp__100000B__10Hz__shmem_ds__best_effort,receive,sub,py_to_cpp,copy,std,xcdr,shmem_ds,100000,10,0,measured,293,2026-09-09T14:37:36.947131Z,157850609330151,157850609135352,157850609330151,1788964656946976945,1788964656947085941,ok,
std_copy_xcdr__py_to_cpp__100000B__10Hz__shmem_ds__best_effort,receive,sub,py_to_cpp,copy,std,xcdr,shmem_ds,100000,10,0,measured,294,2026-09-09T14:37:37.046639Z,157850708838991,157850708640675,157850708838991,1788964657046481226,1788964657046602526,ok,
std_copy_xcdr__py_to_cpp__100000B__10Hz__shmem_ds__best_effort,receive,sub,py_to_cpp,copy,std,xcdr,shmem_ds,100000,10,0,measured,295,2026-09-09T14:37:37.147097Z,157850809296958,157850809123570,157850809296958,1788964657146957609,1788964657147067937,ok,
std_copy_xcdr__py_to_cpp__100000B__10Hz__shmem_ds__best_effort,receive,sub,py_to_cpp,copy,std,xcdr,shmem_ds,100000,10,0,measured,296,2026-09-09T14:37:37.247179Z,157850909378442,157850909208711,157850909378442,1788964657247043120,1788964657247150704,ok,
std_copy_xcdr__py_to_cpp__100000B__10Hz__shmem_ds__best_effort,receive,sub,py_to_cpp,copy,std,xcdr,shmem_ds,100000,10,0,measured,297,2026-09-09T14:37:37.347042Z,157851009242064,157851009051454,157851009242064,1788964657346881134,1788964657347001502,ok,
std_copy_xcdr__py_to_cpp__100000B__10Hz__shmem_ds__best_effort,receive,sub,py_to_cpp,copy,std,xcdr,shmem_ds,100000,10,0,measured,298,2026-09-09T14:37:37.446024Z,157851108223548,157851108051052,157851108223548,1788964657445883197,1788964657445993175,ok,
std_copy_xcdr__py_to_cpp__100000B__10Hz__shmem_ds__best_effort,receive,sub,py_to_cpp,copy,std,xcdr,shmem_ds,100000,10,0,measured,299,2026-09-09T14:37:37.545270Z,157851207469153,157851207263223,157851207469153,1788964657545098775,1788964657545224873,ok,
std_copy_xcdr__py_to_cpp__100000B__10Hz__shmem_ds__best_effort,receive,sub,py_to_cpp,copy,std,xcdr,shmem_ds,100000,10,0,measured,300,2026-09-09T14:37:37.646025Z,157851308224440,157851308027979,157851308224440,1788964657645870032,1788964657645989629,ok,
std_copy_xcdr__py_to_cpp__1000000B__10Hz__shmem_ds__best_effort,publish,pub,py_to_cpp,copy,std,xcdr,shmem_ds,1000000,10,1,measured,0,2026-09-09T14:37:42.463387Z,157856124405684,157856124405684,157856124405684,-1,-1,ok,
std_copy_xcdr__py_to_cpp__1000000B__10Hz__shmem_ds__best_effort,publish,pub,py_to_cpp,copy,std,xcdr,shmem_ds,1000000,10,1,measured,1,2026-09-09T14:37:42.564034Z,157856225131151,157856225131151,157856225131151,-1,-1,ok,
std_copy_xcdr__py_to_cpp__1000000B__10Hz__shmem_ds__best_effort,publish,pub,py_to_cpp,copy,std,xcdr,shmem_ds,1000000,10,1,measured,2,2026-09-09T14:37:42.663028Z,157856324183945,157856324183945,157856324183945,-1,-1,ok,
std_copy_xcdr__py_to_cpp__1000000B__10Hz__shmem_ds__best_effort,publish,pub,py_to_cpp,copy,std,xcdr,shmem_ds,1000000,10,1,measured,3,2026-09-09T14:37:42.762147Z,157856423620615,157856423620615,157856423620615,-1,-1,ok,
std_copy_xcdr__py_to_cpp__1000000B__10Hz__shmem_ds__best_effort,publish,pub,py_to_cpp,copy,std,xcdr,shmem_ds,1000000,10,1,measured,4,2026-09-09T14:37:42.861554Z,157856523056484,157856523056484,157856523056484,-1,-1,ok,
std_copy_xcdr__py_to_cpp__1000000B__10Hz__shmem_ds__best_effort,publish,pub,py_to_cpp,copy,std,xcdr,shmem_ds,1000000,10,1,measured,5,2026-09-09T14:37:42.962607Z,157856623595669,157856623595669,157856623595669,-1,-1,ok,
std_copy_xcdr__py_to_cpp__1000000B__10Hz__shmem_ds__best_effort,publish,pub,py_to_cpp,copy,std,xcdr,shmem_ds,1000000,10,1,measured,6,2026-09-09T14:37:43.062536Z,157856723885814,157856723885814,157856723885814,-1,-1,ok,
std_copy_xcdr__py_to_cpp__1000000B__10Hz__shmem_ds__best_effort,publish,pub,py_to_cpp,copy,std,xcdr,shmem_ds,1000000,10,1,measured,7,2026-09-09T14:37:43.163129Z,157856824642611,157856824642611,157856824642611,-1,-1,ok,
std_copy_xcdr__py_to_cpp__1000000B__10Hz__shmem_ds__best_effort,publish,pub,py_to_cpp,copy,std,xcdr,shmem_ds,1000000,10,1,measured,8,2026-09-09T14:37:43.262146Z,157856923802118,157856923802118,157856923802118,-1,-1,ok,
std_copy_xcdr__py_to_cpp__1000000B__10Hz__shmem_ds__best_effort,publish,pub,py_to_cpp,copy,std,xcdr,shmem_ds,1000000,10,1,measured,9,2026-09-09T14:37:43.362254Z,157857023684803,157857023684803,157857023684803,-1,-1,ok,
std_copy_xcdr__py_to_cpp__1000000B__10Hz__shmem_ds__best_effort,publish,pub,py_to_cpp,copy,std,xcdr,shmem_ds,1000000,10,1,measured,10,2026-09-09T14:37:43.461059Z,157857122706068,157857122706068,157857122706068,-1,-1,ok,
std_copy_xcdr__py_to_cpp__1000000B__10Hz__shmem_ds__best_effort,publish,pub,py_to_cpp,copy,std,xcdr,shmem_ds,1000000,10,1,measured,11,2026-09-09T14:37:43.560851Z,157857222182364,157857222182364,157857222182364,-1,-1,ok,
std_copy_xcdr__py_to_cpp__1000000B__10Hz__shmem_ds__best_effort,publish,pub,py_to_cpp,copy,std,xcdr,shmem_ds,1000000,10,1,measured,12,2026-09-09T14:37:43.660818Z,157857322194814,157857322194814,157857322194814,-1,-1,ok,
std_copy_xcdr__py_to_cpp__1000000B__10Hz__shmem_ds__best_effort,publish,pub,py_to_cpp,copy,std,xcdr,shmem_ds,1000000,10,1,measured,13,2026-09-09T14:37:43.759796Z,157857421258950,157857421258950,157857421258950,-1,-1,ok,
std_copy_xcdr__py_to_cpp__1000000B__10Hz__shmem_ds__best_effort,publish,pub,py_to_cpp,copy,std,xcdr,shmem_ds,1000000,10,1,measured,14,2026-09-09T14:37:43.859081Z,157857520610059,157857520610059,157857520610059,-1,-1,ok,
std_copy_xcdr__py_to_cpp__1000000B__10Hz__shmem_ds__best_effort,publish,pub,py_to_cpp,copy,std,xcdr,shmem_ds,1000000,10,1,measured,15,2026-09-09T14:37:43.960155Z,157857621053335,157857621053335,157857621053335,-1,-1,ok,
std_copy_xcdr__py_to_cpp__1000000B__10Hz__shmem_ds__best_effort,publish,pub,py_to_cpp,copy,std,xcdr,shmem_ds,1000000,10,1,measured,16,2026-09-09T14:37:44.059623Z,157857721034847,157857721034847,157857721034847,-1,-1,ok,
std_copy_xcdr__py_to_cpp__1000000B__10Hz__shmem_ds__best_effort,publish,pub,py_to_cpp,copy,std,xcdr,shmem_ds,1000000,10,1,measured,17,2026-09-09T14:37:44.158795Z,157857820442524,157857820442524,157857820442524,-1,-1,ok,
std_copy_xcdr__py_to_cpp__1000000B__10Hz__shmem_ds__best_effort,publish,pub,py_to_cpp,copy,std,xcdr,shmem_ds,1000000,10,1,measured,18,2026-09-09T14:37:44.259012Z,157857920649052,157857920649052,157857920649052,-1,-1,ok,
std_copy_xcdr__py_to_cpp__1000000B__10Hz__shmem_ds__best_effort,publish,pub,py_to_cpp,copy,std,xcdr,shmem_ds,1000000,10,1,measured,19,2026-09-09T14:37:44.359850Z,157858021310942,157858021310942,157858021310942,-1,-1,ok,
std_copy_xcdr__py_to_cpp__1000000B__10Hz__shmem_ds__best_effort,publish,pub,py_to_cpp,copy,std,xcdr,shmem_ds,1000000,10,1,measured,20,2026-09-09T14:37:44.458770Z,157858120310437,157858120310437,157858120310437,-1,-1,ok,
std_copy_xcdr__py_to_cpp__1000000B__10Hz__shmem_ds__best_effort,publish,pub,py_to_cpp,copy,std,xcdr,shmem_ds,1000000,10,1,measured,21,2026-09-09T14:37:44.559189Z,157858220871425,157858220871425,157858220871425,-1,-1,ok,
std_copy_xcdr__py_to_cpp__1000000B__10Hz__shmem_ds__best_effort,publish,pub,py_to_cpp,copy,std,xcdr,shmem_ds,1000000,10,1,measured,22,2026-09-09T14:37:44.659710Z,157858321356691,157858321356691,157858321356691,-1,-1,ok,
std_copy_xcdr__py_to_cpp__1000000B__10Hz__shmem_ds__best_effort,publish,pub,py_to_cpp,copy,std,xcdr,shmem_ds,1000000,10,1,measured,23,2026-09-09T14:37:44.759320Z,157858420980487,157858420980487,157858420980487,-1,-1,ok,
std_copy_xcdr__py_to_cpp__1000000B__10Hz__shmem_ds__best_effort,publish,pub,py_to_cpp,copy,std,xcdr,shmem_ds,1000000,10,1,measured,24,2026-09-09T14:37:44.858589Z,157858520270281,157858520270281,157858520270281,-1,-1,ok,
std_copy_xcdr__py_to_cpp__1000000B__10Hz__shmem_ds__best_effort,publish,pub,py_to_cpp,copy,std,xcdr,shmem_ds,1000000,10,1,measured,25,2026-09-09T14:37:44.960018Z,157858621303473,157858621303473,157858621303473,-1,-1,ok,
std_copy_xcdr__py_to_cpp__1000000B__10Hz__shmem_ds__best_effort,publish,pub,py_to_cpp,copy,std,xcdr,shmem_ds,1000000,10,1,measured,26,2026-09-09T14:37:45.058976Z,157858720828292,157858720828292,157858720828292,-1,-1,ok,
std_copy_xcdr__py_to_cpp__1000000B__10Hz__shmem_ds__best_effort,publish,pub,py_to_cpp,copy,std,xcdr,shmem_ds,1000000,10,1,measured,27,2026-09-09T14:37:45.158262Z,157858820033088,157858820033088,157858820033088,-1,-1,ok,
std_copy_xcdr__py_to_cpp__1000000B__10Hz__shmem_ds__best_effort,publish,pub,py_to_cpp,copy,std,xcdr,shmem_ds,1000000,10,1,measured,28,2026-09-09T14:37:45.257580Z,157858919238343,157858919238343,157858919238343,-1,-1,ok,
std_copy_xcdr__py_to_cpp__1000000B__10Hz__shmem_ds__best_effort,publish,pub,py_to_cpp,copy,std,xcdr,shmem_ds,1000000,10,1,measured,29,2026-09-09T14:37:45.358292Z,157859019923567,157859019923567,157859019923567,-1,-1,ok,
std_copy_xcdr__py_to_cpp__1000000B__10Hz__shmem_ds__best_effort,publish,pub,py_to_cpp,copy,std,xcdr,shmem_ds,1000000,10,1,measured,30,2026-09-09T14:37:45.458889Z,157859120211991,157859120211991,157859120211991,-1,-1,ok,
std_copy_xcdr__py_to_cpp__1000000B__10Hz__shmem_ds__best_effort,publish,pub,py_to_cpp,copy,std,xcdr,shmem_ds,1000000,10,1,measured,31,2026-09-09T14:37:45.559104Z,157859220756609,157859220756609,157859220756609,-1,-1,ok,
std_copy_xcdr__py_to_cpp__1000000B__10Hz__shmem_ds__best_effort,publish,pub,py_to_cpp,copy,std,xcdr,shmem_ds,1000000,10,1,measured,32,2026-09-09T14:37:45.659579Z,157859321281210,157859321281210,157859321281210,-1,-1,ok,
std_copy_xcdr__py_to_cpp__1000000B__10Hz__shmem_ds__best_effort,publish,pub,py_to_cpp,copy,std,xcdr,shmem_ds,1000000,10,1,measured,33,2026-09-09T14:37:45.759862Z,157859421321015,157859421321015,157859421321015,-1,-1,ok,
std_copy_xcdr__py_to_cpp__1000000B__10Hz__shmem_ds__best_effort,publish,pub,py_to_cpp,copy,std,xcdr,shmem_ds,1000000,10,1,measured,34,2026-09-09T14:37:45.860883Z,157859522313009,157859522313009,157859522313009,-1,-1,ok,
std_copy_xcdr__py_to_cpp__1000000B__10Hz__shmem_ds__best_effort,publish,pub,py_to_cpp,copy,std,xcdr,shmem_ds,1000000,10,1,measured,35,2026-09-09T14:37:45.960840Z,157859622081800,157859622081800,157859622081800,-1,-1,ok,
std_copy_xcdr__py_to_cpp__1000000B__10Hz__shmem_ds__best_effort,publish,pub,py_to_cpp,copy,std,xcdr,shmem_ds,1000000,10,1,measured,36,2026-09-09T14:37:46.060887Z,157859722184323,157859722184323,157859722184323,-1,-1,ok,
std_copy_xcdr__py_to_cpp__1000000B__10Hz__shmem_ds__best_effort,publish,pub,py_to_cpp,copy,std,xcdr,shmem_ds,1000000,10,1,measured,37,2026-09-09T14:37:46.161424Z,157859822826418,157859822826418,157859822826418,-1,-1,ok,
std_copy_xcdr__py_to_cpp__1000000B__10Hz__shmem_ds__best_effort,publish,pub,py_to_cpp,copy,std,xcdr,shmem_ds,1000000,10,1,measured,38,2026-09-09T14:37:46.261726Z,157859923085687,157859923085687,157859923085687,-1,-1,ok,
std_copy_xcdr__py_to_cpp__1000000B__10Hz__shmem_ds__best_effort,publish,pub,py_to_cpp,copy,std,xcdr,shmem_ds,1000000,10,1,measured,39,2026-09-09T14:37:46.362699Z,157860023837097,157860023837097,157860023837097,-1,-1,ok,
std_copy_xcdr__py_to_cpp__1000000B__10Hz__shmem_ds__best_effort,publish,pub,py_to_cpp,copy,std,xcdr,shmem_ds,1000000,10,1,measured,40,2026-09-09T14:37:46.462525Z,157860123923531,157860123923531,157860123923531,-1,-1,ok,
std_copy_xcdr__py_to_cpp__1000000B__10Hz__shmem_ds__best_effort,publish,pub,py_to_cpp,copy,std,xcdr,shmem_ds,1000000,10,1,measured,41,2026-09-09T14:37:46.563108Z,157860224369334,157860224369334,157860224369334,-1,-1,ok,
std_copy_xcdr__py_to_cpp__1000000B__10Hz__shmem_ds__best_effort,publish,pub,py_to_cpp,copy,std,xcdr,shmem_ds,1000000,10,1,measured,42,2026-09-09T14:37:46.662237Z,157860323457097,157860323457097,157860323457097,-1,-1,ok,
std_copy_xcdr__py_to_cpp__1000000B__10Hz__shmem_ds__best_effort,publish,pub,py_to_cpp,copy,std,xcdr,shmem_ds,1000000,10,1,measured,43,2026-09-09T14:37:46.761164Z,157860422852714,157860422852714,157860422852714,-1,-1,ok,
std_copy_xcdr__py_to_cpp__1000000B__10Hz__shmem_ds__best_effort,publish,pub,py_to_cpp,copy,std,xcdr,shmem_ds,1000000,10,1,measured,44,2026-09-09T14:37:46.861205Z,157860522478766,157860522478766,157860522478766,-1,-1,ok,
std_copy_xcdr__py_to_cpp__1000000B__10Hz__shmem_ds__best_effort,publish,pub,py_to_cpp,copy,std,xcdr,shmem_ds,1000000,10,1,measured,45,2026-09-09T14:37:46.960433Z,157860621677681,157860621677681,157860621677681,-1,-1,ok,
std_copy_xcdr__py_to_cpp__1000000B__10Hz__shmem_ds__best_effort,publish,pub,py_to_cpp,copy,std,xcdr,shmem_ds,1000000,10,1,measured,46,2026-09-09T14:37:47.059178Z,157860721022913,157860721022913,157860721022913,-1,-1,ok,
std_copy_xcdr__py_to_cpp__1000000B__10Hz__shmem_ds__best_effort,publish,pub,py_to_cpp,copy,std,xcdr,shmem_ds,1000000,10,1,measured,47,2026-09-09T14:37:47.158428Z,157860820210476,157860820210476,157860820210476,-1,-1,ok,
std_copy_xcdr__py_to_cpp__1000000B__10Hz__shmem_ds__best_effort,publish,pub,py_to_cpp,copy,std,xcdr,shmem_ds,1000000,10,1,measured,48,2026-09-09T14:37:47.257985Z,157860919749055,157860919749055,157860919749055,-1,-1,ok,
std_copy_xcdr__py_to_cpp__1000000B__10Hz__shmem_ds__best_effort,publish,pub,py_to_cpp,copy,std,xcdr,shmem_ds,1000000,10,1,measured,49,2026-09-09T14:37:47.358529Z,157861020075673,157861020075673,157861020075673,-1,-1,ok,
std_copy_xcdr__py_to_cpp__1000000B__10Hz__shmem_ds__best_effort,publish,pub,py_to_cpp,copy,std,xcdr,shmem_ds,1000000,10,1,measured,50,2026-09-09T14:37:47.458298Z,157861119811815,157861119811815,157861119811815,-1,-1,ok,
std_copy_xcdr__py_to_cpp__1000000B__10Hz__shmem_ds__best_effort,publish,pub,py_to_cpp,copy,std,xcdr,shmem_ds,1000000,10,1,measured,51,2026-09-09T14:37:47.557855Z,157861219515215,157861219515215,157861219515215,-1,-1,ok,
std_copy_xcdr__py_to_cpp__1000000B__10Hz__shmem_ds__best_effort,publish,pub,py_to_cpp,copy,std,xcdr,shmem_ds,1000000,10,1,measured,52,2026-09-09T14:37:47.657094Z,157861318927073,157861318927073,157861318927073,-1,-1,ok,
std_copy_xcdr__py_to_cpp__1000000B__10Hz__shmem_ds__best_effort,publish,pub,py_to_cpp,copy,std,xcdr,shmem_ds,1000000,10,1,measured,53,2026-09-09T14:37:47.756972Z,157861418508041,157861418508041,157861418508041,-1,-1,ok,
std_copy_xcdr__py_to_cpp__1000000B__10Hz__shmem_ds__best_effort,publish,pub,py_to_cpp,copy,std,xcdr,shmem_ds,1000000,10,1,measured,54,2026-09-09T14:37:47.857787Z,157861519404357,157861519404357,157861519404357,-1,-1,ok,
std_copy_xcdr__py_to_cpp__1000000B__10Hz__shmem_ds__best_effort,publish,pub,py_to_cpp,copy,std,xcdr,shmem_ds,1000000,10,1,measured,55,2026-09-09T14:37:47.958513Z,157861619762124,157861619762124,157861619762124,-1,-1,ok,
std_copy_xcdr__py_to_cpp__1000000B__10Hz__shmem_ds__best_effort,publish,pub,py_to_cpp,copy,std,xcdr,shmem_ds,1000000,10,1,measured,56,2026-09-09T14:37:48.058031Z,157861719858447,157861719858447,157861719858447,-1,-1,ok,
std_copy_xcdr__py_to_cpp__1000000B__10Hz__shmem_ds__best_effort,publish,pub,py_to_cpp,copy,std,xcdr,shmem_ds,1000000,10,1,measured,57,2026-09-09T14:37:48.157337Z,157861819172111,157861819172111,157861819172111,-1,-1,ok,
std_copy_xcdr__py_to_cpp__1000000B__10Hz__shmem_ds__best_effort,publish,pub,py_to_cpp,copy,std,xcdr,shmem_ds,1000000,10,1,measured,58,2026-09-09T14:37:48.257701Z,157861919601294,157861919601294,157861919601294,-1,-1,ok,
std_copy_xcdr__py_to_cpp__1000000B__10Hz__shmem_ds__best_effort,publish,pub,py_to_cpp,copy,std,xcdr,shmem_ds,1000000,10,1,measured,59,2026-09-09T14:37:48.357168Z,157862018947830,157862018947830,157862018947830,-1,-1,ok,
std_copy_xcdr__py_to_cpp__1000000B__10Hz__shmem_ds__best_effort,publish,pub,py_to_cpp,copy,std,xcdr,shmem_ds,1000000,10,1,measured,60,2026-09-09T14:37:48.457167Z,157862118748694,157862118748694,157862118748694,-1,-1,ok,
std_copy_xcdr__py_to_cpp__1000000B__10Hz__shmem_ds__best_effort,publish,pub,py_to_cpp,copy,std,xcdr,shmem_ds,1000000,10,1,measured,61,2026-09-09T14:37:48.558040Z,157862219727597,157862219727597,157862219727597,-1,-1,ok,
std_copy_xcdr__py_to_cpp__1000000B__10Hz__shmem_ds__best_effort,publish,pub,py_to_cpp,copy,std,xcdr,shmem_ds,1000000,10,1,measured,62,2026-09-09T14:37:48.658555Z,157862320063174,157862320063174,157862320063174,-1,-1,ok,
std_copy_xcdr__py_to_cpp__1000000B__10Hz__shmem_ds__best_effort,publish,pub,py_to_cpp,copy,std,xcdr,shmem_ds,1000000,10,1,measured,63,2026-09-09T14:37:48.758478Z,157862420156923,157862420156923,157862420156923,-1,-1,ok,
std_copy_xcdr__py_to_cpp__1000000B__10Hz__shmem_ds__best_effort,publish,pub,py_to_cpp,copy,std,xcdr,shmem_ds,1000000,10,1,measured,64,2026-09-09T14:37:48.858843Z,157862520506696,157862520506696,157862520506696,-1,-1,ok,
std_copy_xcdr__py_to_cpp__1000000B__10Hz__shmem_ds__best_effort,publish,pub,py_to_cpp,copy,std,xcdr,shmem_ds,1000000,10,1,measured,65,2026-09-09T14:37:48.960016Z,157862621293947,157862621293947,157862621293947,-1,-1,ok,
std_copy_xcdr__py_to_cpp__1000000B__10Hz__shmem_ds__best_effort,publish,pub,py_to_cpp,copy,std,xcdr,shmem_ds,1000000,10,1,measured,66,2026-09-09T14:37:49.060341Z,157862721775870,157862721775870,157862721775870,-1,-1,ok,
std_copy_xcdr__py_to_cpp__1000000B__10Hz__shmem_ds__best_effort,publish,pub,py_to_cpp,copy,std,xcdr,shmem_ds,1000000,10,1,measured,67,2026-09-09T14:37:49.159457Z,157862821195033,157862821195033,157862821195033,-1,-1,ok,
std_copy_xcdr__py_to_cpp__1000000B__10Hz__shmem_ds__best_effort,publish,pub,py_to_cpp,copy,std,xcdr,shmem_ds,1000000,10,1,measured,68,2026-09-09T14:37:49.258463Z,157862920242574,157862920242574,157862920242574,-1,-1,ok,
std_copy_xcdr__py_to_cpp__1000000B__10Hz__shmem_ds__best_effort,publish,pub,py_to_cpp,copy,std,xcdr,shmem_ds,1000000,10,1,measured,69,2026-09-09T14:37:49.357960Z,157863019833193,157863019833193,157863019833193,-1,-1,ok,
std_copy_xcdr__py_to_cpp__1000000B__10Hz__shmem_ds__best_effort,publish,pub,py_to_cpp,copy,std,xcdr,shmem_ds,1000000,10,1,measured,70,2026-09-09T14:37:49.457883Z,157863119426055,157863119426055,157863119426055,-1,-1,ok,
std_copy_xcdr__py_to_cpp__1000000B__10Hz__shmem_ds__best_effort,publish,pub,py_to_cpp,copy,std,xcdr,shmem_ds,1000000,10,1,measured,71,2026-09-09T14:37:49.557417Z,157863218824140,157863218824140,157863218824140,-1,-1,ok,
std_copy_xcdr__py_to_cpp__1000000B__10Hz__shmem_ds__best_effort,publish,pub,py_to_cpp,copy,std,xcdr,shmem_ds,1000000,10,1,measured,72,2026-09-09T14:37:49.658030Z,157863319735536,157863319735536,157863319735536,-1,-1,ok,
std_copy_xcdr__py_to_cpp__1000000B__10Hz__shmem_ds__best_effort,publish,pub,py_to_cpp,copy,std,xcdr,shmem_ds,1000000,10,1,measured,73,2026-09-09T14:37:49.758560Z,157863420441243,157863420441243,157863420441243,-1,-1,ok,
std_copy_xcdr__py_to_cpp__1000000B__10Hz__shmem_ds__best_effort,publish,pub,py_to_cpp,copy,std,xcdr,shmem_ds,1000000,10,1,measured,74,2026-09-09T14:37:49.858635Z,157863520169282,157863520169282,157863520169282,-1,-1,ok,
std_copy_xcdr__py_to_cpp__1000000B__10Hz__shmem_ds__best_effort,publish,pub,py_to_cpp,copy,std,xcdr,shmem_ds,1000000,10,1,measured,75,2026-09-09T14:37:49.959224Z,157863620512513,157863620512513,157863620512513,-1,-1,ok,
std_copy_xcdr__py_to_cpp__1000000B__10Hz__shmem_ds__best_effort,publish,pub,py_to_cpp,copy,std,xcdr,shmem_ds,1000000,10,1,measured,76,2026-09-09T14:37:50.058572Z,157863720239911,157863720239911,157863720239911,-1,-1,ok,
std_copy_xcdr__py_to_cpp__1000000B__10Hz__shmem_ds__best_effort,publish,pub,py_to_cpp,copy,std,xcdr,shmem_ds,1000000,10,1,measured,77,2026-09-09T14:37:50.159095Z,157863820985334,157863820985334,157863820985334,-1,-1,ok,
std_copy_xcdr__py_to_cpp__1000000B__10Hz__shmem_ds__best_effort,publish,pub,py_to_cpp,copy,std,xcdr,shmem_ds,1000000,10,1,measured,78,2026-09-09T14:37:50.259077Z,157863920909906,157863920909906,157863920909906,-1,-1,ok,
std_copy_xcdr__py_to_cpp__1000000B__10Hz__shmem_ds__best_effort,publish,pub,py_to_cpp,copy,std,xcdr,shmem_ds,1000000,10,1,measured,79,2026-09-09T14:37:50.358700Z,157864020460920,157864020460920,157864020460920,-1,-1,ok,
std_copy_xcdr__py_to_cpp__1000000B__10Hz__shmem_ds__best_effort,publish,pub,py_to_cpp,copy,std,xcdr,shmem_ds,1000000,10,1,measured,80,2026-09-09T14:37:50.458615Z,157864120034157,157864120034157,157864120034157,-1,-1,ok,
std_copy_xcdr__py_to_cpp__1000000B__10Hz__shmem_ds__best_effort,publish,pub,py_to_cpp,copy,std,xcdr,shmem_ds,1000000,10,1,measured,81,2026-09-09T14:37:50.558781Z,157864220168374,157864220168374,157864220168374,-1,-1,ok,
std_copy_xcdr__py_to_cpp__1000000B__10Hz__shmem_ds__best_effort,publish,pub,py_to_cpp,copy,std,xcdr,shmem_ds,1000000,10,1,measured,82,2026-09-09T14:37:50.658342Z,157864319687158,157864319687158,157864319687158,-1,-1,ok,
std_copy_xcdr__py_to_cpp__1000000B__10Hz__shmem_ds__best_effort,publish,pub,py_to_cpp,copy,std,xcdr,shmem_ds,1000000,10,1,measured,83,2026-09-09T14:37:50.758145Z,157864419808611,157864419808611,157864419808611,-1,-1,ok,
std_copy_xcdr__py_to_cpp__1000000B__10Hz__shmem_ds__best_effort,publish,pub,py_to_cpp,copy,std,xcdr,shmem_ds,1000000,10,1,measured,84,2026-09-09T14:37:50.858995Z,157864520648843,157864520648843,157864520648843,-1,-1,ok,
std_copy_xcdr__py_to_cpp__1000000B__10Hz__shmem_ds__best_effort,publish,pub,py_to_cpp,copy,std,xcdr,shmem_ds,1000000,10,1,measured,85,2026-09-09T14:37:50.959429Z,157864620517939,157864620517939,157864620517939,-1,-1,ok,
std_copy_xcdr__py_to_cpp__1000000B__10Hz__shmem_ds__best_effort,publish,pub,py_to_cpp,copy,std,xcdr,shmem_ds,1000000,10,1,measured,86,2026-09-09T14:37:51.058299Z,157864719865850,157864719865850,157864719865850,-1,-1,ok,
std_copy_xcdr__py_to_cpp__1000000B__10Hz__shmem_ds__best_effort,publish,pub,py_to_cpp,copy,std,xcdr,shmem_ds,1000000,10,1,measured,87,2026-09-09T14:37:51.158941Z,157864820796575,157864820796575,157864820796575,-1,-1,ok,
std_copy_xcdr__py_to_cpp__1000000B__10Hz__shmem_ds__best_effort,publish,pub,py_to_cpp,copy,std,xcdr,shmem_ds,1000000,10,1,measured,88,2026-09-09T14:37:51.259078Z,157864920820425,157864920820425,157864920820425,-1,-1,ok,
std_copy_xcdr__py_to_cpp__1000000B__10Hz__shmem_ds__best_effort,publish,pub,py_to_cpp,copy,std,xcdr,shmem_ds,1000000,10,1,measured,89,2026-09-09T14:37:51.358453Z,157865020049812,157865020049812,157865020049812,-1,-1,ok,
std_copy_xcdr__py_to_cpp__1000000B__10Hz__shmem_ds__best_effort,publish,pub,py_to_cpp,copy,std,xcdr,shmem_ds,1000000,10,1,measured,90,2026-09-09T14:37:51.457737Z,157865119204649,157865119204649,157865119204649,-1,-1,ok,
std_copy_xcdr__py_to_cpp__1000000B__10Hz__shmem_ds__best_effort,publish,pub,py_to_cpp,copy,std,xcdr,shmem_ds,1000000,10,1,measured,91,2026-09-09T14:37:51.556638Z,157865218337333,157865218337333,157865218337333,-1,-1,ok,
std_copy_xcdr__py_to_cpp__1000000B__10Hz__shmem_ds__best_effort,publish,pub,py_to_cpp,copy,std,xcdr,shmem_ds,1000000,10,1,measured,92,2026-09-09T14:37:51.657400Z,157865318681218,157865318681218,157865318681218,-1,-1,ok,
std_copy_xcdr__py_to_cpp__1000000B__10Hz__shmem_ds__best_effort,publish,pub,py_to_cpp,copy,std,xcdr,shmem_ds,1000000,10,1,measured,93,2026-09-09T14:37:51.757822Z,157865419235501,157865419235501,157865419235501,-1,-1,ok,
std_copy_xcdr__py_to_cpp__1000000B__10Hz__shmem_ds__best_effort,publish,pub,py_to_cpp,copy,std,xcdr,shmem_ds,1000000,10,1,measured,94,2026-09-09T14:37:51.857592Z,157865519144493,157865519144493,157865519144493,-1,-1,ok,
std_copy_xcdr__py_to_cpp__1000000B__10Hz__shmem_ds__best_effort,publish,pub,py_to_cpp,copy,std,xcdr,shmem_ds,1000000,10,1,measured,95,2026-09-09T14:37:51.956460Z,157865618176206,157865618176206,157865618176206,-1,-1,ok,
std_copy_xcdr__py_to_cpp__1000000B__10Hz__shmem_ds__best_effort,publish,pub,py_to_cpp,copy,std,xcdr,shmem_ds,1000000,10,1,measured,96,2026-09-09T14:37:52.056466Z,157865717951968,157865717951968,157865717951968,-1,-1,ok,
std_copy_xcdr__py_to_cpp__1000000B__10Hz__shmem_ds__best_effort,publish,pub,py_to_cpp,copy,std,xcdr,shmem_ds,1000000,10,1,measured,97,2026-09-09T14:37:52.157215Z,157865818903013,157865818903013,157865818903013,-1,-1,ok,
std_copy_xcdr__py_to_cpp__1000000B__10Hz__shmem_ds__best_effort,publish,pub,py_to_cpp,copy,std,xcdr,shmem_ds,1000000,10,1,measured,98,2026-09-09T14:37:52.257223Z,157865918946290,157865918946290,157865918946290,-1,-1,ok,
std_copy_xcdr__py_to_cpp__1000000B__10Hz__shmem_ds__best_effort,publish,pub,py_to_cpp,copy,std,xcdr,shmem_ds,1000000,10,1,measured,99,2026-09-09T14:37:52.358011Z,157866019861908,157866019861908,157866019861908,-1,-1,ok,
std_copy_xcdr__py_to_cpp__1000000B__10Hz__shmem_ds__best_effort,publish,pub,py_to_cpp,copy,std,xcdr,shmem_ds,1000000,10,1,measured,100,2026-09-09T14:37:52.459451Z,157866120744622,157866120744622,157866120744622,-1,-1,ok,
std_copy_xcdr__py_to_cpp__1000000B__10Hz__shmem_ds__best_effort,publish,pub,py_to_cpp,copy,std,xcdr,shmem_ds,1000000,10,1,measured,101,2026-09-09T14:37:52.558441Z,157866219729227,157866219729227,157866219729227,-1,-1,ok,
std_copy_xcdr__py_to_cpp__1000000B__10Hz__shmem_ds__best_effort,publish,pub,py_to_cpp,copy,std,xcdr,shmem_ds,1000000,10,1,measured,102,2026-09-09T14:37:52.658558Z,157866320141684,157866320141684,157866320141684,-1,-1,ok,
std_copy_xcdr__py_to_cpp__1000000B__10Hz__shmem_ds__best_effort,publish,pub,py_to_cpp,copy,std,xcdr,shmem_ds,1000000,10,1,measured,103,2026-09-09T14:37:52.758800Z,157866420474809,157866420474809,157866420474809,-1,-1,ok,
std_copy_xcdr__py_to_cpp__1000000B__10Hz__shmem_ds__best_effort,publish,pub,py_to_cpp,copy,std,xcdr,shmem_ds,1000000,10,1,measured,104,2026-09-09T14:37:52.858905Z,157866520559275,157866520559275,157866520559275,-1,-1,ok,
std_copy_xcdr__py_to_cpp__1000000B__10Hz__shmem_ds__best_effort,publish,pub,py_to_cpp,copy,std,xcdr,shmem_ds,1000000,10,1,measured,105,2026-09-09T14:37:52.958916Z,157866620186094,157866620186094,157866620186094,-1,-1,ok,
std_copy_xcdr__py_to_cpp__1000000B__10Hz__shmem_ds__best_effort,publish,pub,py_to_cpp,copy,std,xcdr,shmem_ds,1000000,10,1,measured,106,2026-09-09T14:37:53.058721Z,157866720363266,157866720363266,157866720363266,-1,-1,ok,
std_copy_xcdr__py_to_cpp__1000000B__10Hz__shmem_ds__best_effort,publish,pub,py_to_cpp,copy,std,xcdr,shmem_ds,1000000,10,1,measured,107,2026-09-09T14:37:53.157609Z,157866819509247,157866819509247,157866819509247,-1,-1,ok,
std_copy_xcdr__py_to_cpp__1000000B__10Hz__shmem_ds__best_effort,publish,pub,py_to_cpp,copy,std,xcdr,shmem_ds,1000000,10,1,measured,108,2026-09-09T14:37:53.257550Z,157866919386892,157866919386892,157866919386892,-1,-1,ok,
std_copy_xcdr__py_to_cpp__1000000B__10Hz__shmem_ds__best_effort,publish,pub,py_to_cpp,copy,std,xcdr,shmem_ds,1000000,10,1,measured,109,2026-09-09T14:37:53.357376Z,157867019273584,157867019273584,157867019273584,-1,-1,ok,
std_copy_xcdr__py_to_cpp__1000000B__10Hz__shmem_ds__best_effort,publish,pub,py_to_cpp,copy,std,xcdr,shmem_ds,1000000,10,1,measured,110,2026-09-09T14:37:53.459059Z,157867120377780,157867120377780,157867120377780,-1,-1,ok,
std_copy_xcdr__py_to_cpp__1000000B__10Hz__shmem_ds__best_effort,publish,pub,py_to_cpp,copy,std,xcdr,shmem_ds,1000000,10,1,measured,111,2026-09-09T14:37:53.559758Z,157867221081467,157867221081467,157867221081467,-1,-1,ok,
std_copy_xcdr__py_to_cpp__1000000B__10Hz__shmem_ds__best_effort,publish,pub,py_to_cpp,copy,std,xcdr,shmem_ds,1000000,10,1,measured,112,2026-09-09T14:37:53.658965Z,157867320553815,157867320553815,157867320553815,-1,-1,ok,
std_copy_xcdr__py_to_cpp__1000000B__10Hz__shmem_ds__best_effort,publish,pub,py_to_cpp,copy,std,xcdr,shmem_ds,1000000,10,1,measured,113,2026-09-09T14:37:53.758584Z,157867420478239,157867420478239,157867420478239,-1,-1,ok,
std_copy_xcdr__py_to_cpp__1000000B__10Hz__shmem_ds__best_effort,publish,pub,py_to_cpp,copy,std,xcdr,shmem_ds,1000000,10,1,measured,114,2026-09-09T14:37:53.858781Z,157867519984481,157867519984481,157867519984481,-1,-1,ok,
std_copy_xcdr__py_to_cpp__1000000B__10Hz__shmem_ds__best_effort,publish,pub,py_to_cpp,copy,std,xcdr,shmem_ds,1000000,10,1,measured,115,2026-09-09T14:37:53.959463Z,157867620817804,157867620817804,157867620817804,-1,-1,ok,
std_copy_xcdr__py_to_cpp__1000000B__10Hz__shmem_ds__best_effort,publish,pub,py_to_cpp,copy,std,xcdr,shmem_ds,1000000,10,1,measured,116,2026-09-09T14:37:54.059868Z,157867721472870,157867721472870,157867721472870,-1,-1,ok,
std_copy_xcdr__py_to_cpp__1000000B__10Hz__shmem_ds__best_effort,publish,pub,py_to_cpp,copy,std,xcdr,shmem_ds,1000000,10,1,measured,117,2026-09-09T14:37:54.159251Z,157867821047754,157867821047754,157867821047754,-1,-1,ok,
std_copy_xcdr__py_to_cpp__1000000B__10Hz__shmem_ds__best_effort,publish,pub,py_to_cpp,copy,std,xcdr,shmem_ds,1000000,10,1,measured,118,2026-09-09T14:37:54.259560Z,157867921303294,157867921303294,157867921303294,-1,-1,ok,
std_copy_xcdr__py_to_cpp__1000000B__10Hz__shmem_ds__best_effort,publish,pub,py_to_cpp,copy,std,xcdr,shmem_ds,1000000,10,1,measured,119,2026-09-09T14:37:54.359631Z,157868021503830,157868021503830,157868021503830,-1,-1,ok,
std_copy_xcdr__py_to_cpp__1000000B__10Hz__shmem_ds__best_effort,publish,pub,py_to_cpp,copy,std,xcdr,shmem_ds,1000000,10,1,measured,120,2026-09-09T14:37:54.459239Z,157868120864309,157868120864309,157868120864309,-1,-1,ok,
std_copy_xcdr__py_to_cpp__1000000B__10Hz__shmem_ds__best_effort,publish,pub,py_to_cpp,copy,std,xcdr,shmem_ds,1000000,10,1,measured,121,2026-09-09T14:37:54.560222Z,157868221464130,157868221464130,157868221464130,-1,-1,ok,
std_copy_xcdr__py_to_cpp__1000000B__10Hz__shmem_ds__best_effort,publish,pub,py_to_cpp,copy,std,xcdr,shmem_ds,1000000,10,1,measured,122,2026-09-09T14:37:54.660018Z,157868321514463,157868321514463,157868321514463,-1,-1,ok,
std_copy_xcdr__py_to_cpp__1000000B__10Hz__shmem_ds__best_effort,publish,pub,py_to_cpp,copy,std,xcdr,shmem_ds,1000000,10,1,measured,123,2026-09-09T14:37:54.760563Z,157868422065523,157868422065523,157868422065523,-1,-1,ok,
std_copy_xcdr__py_to_cpp__1000000B__10Hz__shmem_ds__best_effort,publish,pub,py_to_cpp,copy,std,xcdr,shmem_ds,1000000,10,1,measured,124,2026-09-09T14:37:54.860853Z,157868522166282,157868522166282,157868522166282,-1,-1,ok,
std_copy_xcdr__py_to_cpp__1000000B__10Hz__shmem_ds__best_effort,publish,pub,py_to_cpp,copy,std,xcdr,shmem_ds,1000000,10,1,measured,125,2026-09-09T14:37:54.960015Z,157868621214248,157868621214248,157868621214248,-1,-1,ok,
std_copy_xcdr__py_to_cpp__1000000B__10Hz__shmem_ds__best_effort,publish,pub,py_to_cpp,copy,std,xcdr,shmem_ds,1000000,10,1,measured,126,2026-09-09T14:37:55.059048Z,157868720741412,157868720741412,157868720741412,-1,-1,ok,
std_copy_xcdr__py_to_cpp__1000000B__10Hz__shmem_ds__best_effort,publish,pub,py_to_cpp,copy,std,xcdr,shmem_ds,1000000,10,1,measured,127,2026-09-09T14:37:55.158286Z,157868819790964,157868819790964,157868819790964,-1,-1,ok,
std_copy_xcdr__py_to_cpp__1000000B__10Hz__shmem_ds__best_effort,publish,pub,py_to_cpp,copy,std,xcdr,shmem_ds,1000000,10,1,measured,128,2026-09-09T14:37:55.258814Z,157868920599140,157868920599140,157868920599140,-1,-1,ok,
std_copy_xcdr__py_to_cpp__1000000B__10Hz__shmem_ds__best_effort,publish,pub,py_to_cpp,copy,std,xcdr,shmem_ds,1000000,10,1,measured,129,2026-09-09T14:37:55.359588Z,157869021360529,157869021360529,157869021360529,-1,-1,ok,
std_copy_xcdr__py_to_cpp__1000000B__10Hz__shmem_ds__best_effort,publish,pub,py_to_cpp,copy,std,xcdr,shmem_ds,1000000,10,1,measured,130,2026-09-09T14:37:55.460256Z,157869122012689,157869122012689,157869122012689,-1,-1,ok,
std_copy_xcdr__py_to_cpp__1000000B__10Hz__shmem_ds__best_effort,publish,pub,py_to_cpp,copy,std,xcdr,shmem_ds,1000000,10,1,measured,131,2026-09-09T14:37:55.560510Z,157869221729293,157869221729293,157869221729293,-1,-1,ok,
std_copy_xcdr__py_to_cpp__1000000B__10Hz__shmem_ds__best_effort,publish,pub,py_to_cpp,copy,std,xcdr,shmem_ds,1000000,10,1,measured,132,2026-09-09T14:37:55.658985Z,157869320770228,157869320770228,157869320770228,-1,-1,ok,
std_copy_xcdr__py_to_cpp__1000000B__10Hz__shmem_ds__best_effort,publish,pub,py_to_cpp,copy,std,xcdr,shmem_ds,1000000,10,1,measured,133,2026-09-09T14:37:55.759577Z,157869421478325,157869421478325,157869421478325,-1,-1,ok,
std_copy_xcdr__py_to_cpp__1000000B__10Hz__shmem_ds__best_effort,publish,pub,py_to_cpp,copy,std,xcdr,shmem_ds,1000000,10,1,measured,134,2026-09-09T14:37:55.861057Z,157869522464870,157869522464870,157869522464870,-1,-1,ok,
std_copy_xcdr__py_to_cpp__1000000B__10Hz__shmem_ds__best_effort,publish,pub,py_to_cpp,copy,std,xcdr,shmem_ds,1000000,10,1,measured,135,2026-09-09T14:37:55.960357Z,157869621697507,157869621697507,157869621697507,-1,-1,ok,
std_copy_xcdr__py_to_cpp__1000000B__10Hz__shmem_ds__best_effort,publish,pub,py_to_cpp,copy,std,xcdr,shmem_ds,1000000,10,1,measured,136,2026-09-09T14:37:56.059962Z,157869721586256,157869721586256,157869721586256,-1,-1,ok,
std_copy_xcdr__py_to_cpp__1000000B__10Hz__shmem_ds__best_effort,publish,pub,py_to_cpp,copy,std,xcdr,shmem_ds,1000000,10,1,measured,137,2026-09-09T14:37:56.158996Z,157869820697816,157869820697816,157869820697816,-1,-1,ok,
std_copy_xcdr__py_to_cpp__1000000B__10Hz__shmem_ds__best_effort,publish,pub,py_to_cpp,copy,std,xcdr,shmem_ds,1000000,10,1,measured,138,2026-09-09T14:37:56.259291Z,157869921184726,157869921184726,157869921184726,-1,-1,ok,
std_copy_xcdr__py_to_cpp__1000000B__10Hz__shmem_ds__best_effort,publish,pub,py_to_cpp,copy,std,xcdr,shmem_ds,1000000,10,1,measured,139,2026-09-09T14:37:56.360032Z,157870021751087,157870021751087,157870021751087,-1,-1,ok,
std_copy_xcdr__py_to_cpp__1000000B__10Hz__shmem_ds__best_effort,publish,pub,py_to_cpp,copy,std,xcdr,shmem_ds,1000000,10,1,measured,140,2026-09-09T14:37:56.459376Z,157870121042897,157870121042897,157870121042897,-1,-1,ok,
std_copy_xcdr__py_to_cpp__1000000B__10Hz__shmem_ds__best_effort,publish,pub,py_to_cpp,copy,std,xcdr,shmem_ds,1000000,10,1,measured,141,2026-09-09T14:37:56.559758Z,157870221059879,157870221059879,157870221059879,-1,-1,ok,
std_copy_xcdr__py_to_cpp__1000000B__10Hz__shmem_ds__best_effort,publish,pub,py_to_cpp,copy,std,xcdr,shmem_ds,1000000,10,1,measured,142,2026-09-09T14:37:56.659253Z,157870321069938,157870321069938,157870321069938,-1,-1,ok,
std_copy_xcdr__py_to_cpp__1000000B__10Hz__shmem_ds__best_effort,publish,pub,py_to_cpp,copy,std,xcdr,shmem_ds,1000000,10,1,measured,143,2026-09-09T14:37:56.758924Z,157870420596852,157870420596852,157870420596852,-1,-1,ok,
std_copy_xcdr__py_to_cpp__1000000B__10Hz__shmem_ds__best_effort,publish,pub,py_to_cpp,copy,std,xcdr,shmem_ds,1000000,10,1,measured,144,2026-09-09T14:37:56.860065Z,157870521404078,157870521404078,157870521404078,-1,-1,ok,
std_copy_xcdr__py_to_cpp__1000000B__10Hz__shmem_ds__best_effort,publish,pub,py_to_cpp,copy,std,xcdr,shmem_ds,1000000,10,1,measured,145,2026-09-09T14:37:56.959989Z,157870621307606,157870621307606,157870621307606,-1,-1,ok,
std_copy_xcdr__py_to_cpp__1000000B__10Hz__shmem_ds__best_effort,publish,pub,py_to_cpp,copy,std,xcdr,shmem_ds,1000000,10,1,measured,146,2026-09-09T14:37:57.059266Z,157870720660762,157870720660762,157870720660762,-1,-1,ok,
std_copy_xcdr__py_to_cpp__1000000B__10Hz__shmem_ds__best_effort,publish,pub,py_to_cpp,copy,std,xcdr,shmem_ds,1000000,10,1,measured,147,2026-09-09T14:37:57.158954Z,157870820680290,157870820680290,157870820680290,-1,-1,ok,
std_copy_xcdr__py_to_cpp__1000000B__10Hz__shmem_ds__best_effort,publish,pub,py_to_cpp,copy,std,xcdr,shmem_ds,1000000,10,1,measured,148,2026-09-09T14:37:57.259130Z,157870921057213,157870921057213,157870921057213,-1,-1,ok,
std_copy_xcdr__py_to_cpp__1000000B__10Hz__shmem_ds__best_effort,publish,pub,py_to_cpp,copy,std,xcdr,shmem_ds,1000000,10,1,measured,149,2026-09-09T14:37:57.358733Z,157871020511421,157871020511421,157871020511421,-1,-1,ok,
std_copy_xcdr__py_to_cpp__1000000B__10Hz__shmem_ds__best_effort,publish,pub,py_to_cpp,copy,std,xcdr,shmem_ds,1000000,10,1,measured,150,2026-09-09T14:37:57.458394Z,157871120157723,157871120157723,157871120157723,-1,-1,ok,
std_copy_xcdr__py_to_cpp__1000000B__10Hz__shmem_ds__best_effort,publish,pub,py_to_cpp,copy,std,xcdr,shmem_ds,1000000,10,1,measured,151,2026-09-09T14:37:57.559968Z,157871221258776,157871221258776,157871221258776,-1,-1,ok,
std_copy_xcdr__py_to_cpp__1000000B__10Hz__shmem_ds__best_effort,publish,pub,py_to_cpp,copy,std,xcdr,shmem_ds,1000000,10,1,measured,152,2026-09-09T14:37:57.659612Z,157871321452883,157871321452883,157871321452883,-1,-1,ok,
std_copy_xcdr__py_to_cpp__1000000B__10Hz__shmem_ds__best_effort,publish,pub,py_to_cpp,copy,std,xcdr,shmem_ds,1000000,10,1,measured,153,2026-09-09T14:37:57.759925Z,157871421383423,157871421383423,157871421383423,-1,-1,ok,
std_copy_xcdr__py_to_cpp__1000000B__10Hz__shmem_ds__best_effort,publish,pub,py_to_cpp,copy,std,xcdr,shmem_ds,1000000,10,1,measured,154,2026-09-09T14:37:57.859667Z,157871521366632,157871521366632,157871521366632,-1,-1,ok,
std_copy_xcdr__py_to_cpp__1000000B__10Hz__shmem_ds__best_effort,publish,pub,py_to_cpp,copy,std,xcdr,shmem_ds,1000000,10,1,measured,155,2026-09-09T14:37:57.959390Z,157871620721713,157871620721713,157871620721713,-1,-1,ok,
std_copy_xcdr__py_to_cpp__1000000B__10Hz__shmem_ds__best_effort,publish,pub,py_to_cpp,copy,std,xcdr,shmem_ds,1000000,10,1,measured,156,2026-09-09T14:37:58.058379Z,157871720076934,157871720076934,157871720076934,-1,-1,ok,
std_copy_xcdr__py_to_cpp__1000000B__10Hz__shmem_ds__best_effort,publish,pub,py_to_cpp,copy,std,xcdr,shmem_ds,1000000,10,1,measured,157,2026-09-09T14:37:58.158122Z,157871819750598,157871819750598,157871819750598,-1,-1,ok,
std_copy_xcdr__py_to_cpp__1000000B__10Hz__shmem_ds__best_effort,publish,pub,py_to_cpp,copy,std,xcdr,shmem_ds,1000000,10,1,measured,158,2026-09-09T14:37:58.258020Z,157871919875907,157871919875907,157871919875907,-1,-1,ok,
std_copy_xcdr__py_to_cpp__1000000B__10Hz__shmem_ds__best_effort,publish,pub,py_to_cpp,copy,std,xcdr,shmem_ds,1000000,10,1,measured,159,2026-09-09T14:37:58.357546Z,157872019318444,157872019318444,157872019318444,-1,-1,ok,
std_copy_xcdr__py_to_cpp__1000000B__10Hz__shmem_ds__best_effort,publish,pub,py_to_cpp,copy,std,xcdr,shmem_ds,1000000,10,1,measured,160,2026-09-09T14:37:58.457056Z,157872118799936,157872118799936,157872118799936,-1,-1,ok,
std_copy_xcdr__py_to_cpp__1000000B__10Hz__shmem_ds__best_effort,publish,pub,py_to_cpp,copy,std,xcdr,shmem_ds,1000000,10,1,measured,161,2026-09-09T14:37:58.556769Z,157872218061611,157872218061611,157872218061611,-1,-1,ok,
std_copy_xcdr__py_to_cpp__1000000B__10Hz__shmem_ds__best_effort,publish,pub,py_to_cpp,copy,std,xcdr,shmem_ds,1000000,10,1,measured,162,2026-09-09T14:37:58.656454Z,157872318238367,157872318238367,157872318238367,-1,-1,ok,
std_copy_xcdr__py_to_cpp__1000000B__10Hz__shmem_ds__best_effort,publish,pub,py_to_cpp,copy,std,xcdr,shmem_ds,1000000,10,1,measured,163,2026-09-09T14:37:58.756052Z,157872417685263,157872417685263,157872417685263,-1,-1,ok,
std_copy_xcdr__py_to_cpp__1000000B__10Hz__shmem_ds__best_effort,publish,pub,py_to_cpp,copy,std,xcdr,shmem_ds,1000000,10,1,measured,164,2026-09-09T14:37:58.856771Z,157872518483324,157872518483324,157872518483324,-1,-1,ok,
std_copy_xcdr__py_to_cpp__1000000B__10Hz__shmem_ds__best_effort,publish,pub,py_to_cpp,copy,std,xcdr,shmem_ds,1000000,10,1,measured,165,2026-09-09T14:37:58.958059Z,157872619333242,157872619333242,157872619333242,-1,-1,ok,
std_copy_xcdr__py_to_cpp__1000000B__10Hz__shmem_ds__best_effort,publish,pub,py_to_cpp,copy,std,xcdr,shmem_ds,1000000,10,1,measured,166,2026-09-09T14:37:59.056882Z,157872718393517,157872718393517,157872718393517,-1,-1,ok,
std_copy_xcdr__py_to_cpp__1000000B__10Hz__shmem_ds__best_effort,publish,pub,py_to_cpp,copy,std,xcdr,shmem_ds,1000000,10,1,measured,167,2026-09-09T14:37:59.156145Z,157872817830796,157872817830796,157872817830796,-1,-1,ok,
std_copy_xcdr__py_to_cpp__1000000B__10Hz__shmem_ds__best_effort,publish,pub,py_to_cpp,copy,std,xcdr,shmem_ds,1000000,10,1,measured,168,2026-09-09T14:37:59.256261Z,157872918131387,157872918131387,157872918131387,-1,-1,ok,
std_copy_xcdr__py_to_cpp__1000000B__10Hz__shmem_ds__best_effort,publish,pub,py_to_cpp,copy,std,xcdr,shmem_ds,1000000,10,1,measured,169,2026-09-09T14:37:59.355741Z,157873017560890,157873017560890,157873017560890,-1,-1,ok,
std_copy_xcdr__py_to_cpp__1000000B__10Hz__shmem_ds__best_effort,publish,pub,py_to_cpp,copy,std,xcdr,shmem_ds,1000000,10,1,measured,170,2026-09-09T14:37:59.455172Z,157873116815042,157873116815042,157873116815042,-1,-1,ok,
std_copy_xcdr__py_to_cpp__1000000B__10Hz__shmem_ds__best_effort,publish,pub,py_to_cpp,copy,std,xcdr,shmem_ds,1000000,10,1,measured,171,2026-09-09T14:37:59.556591Z,157873217833551,157873217833551,157873217833551,-1,-1,ok,
std_copy_xcdr__py_to_cpp__1000000B__10Hz__shmem_ds__best_effort,publish,pub,py_to_cpp,copy,std,xcdr,shmem_ds,1000000,10,1,measured,172,2026-09-09T14:37:59.656075Z,157873317860935,157873317860935,157873317860935,-1,-1,ok,
std_copy_xcdr__py_to_cpp__1000000B__10Hz__shmem_ds__best_effort,publish,pub,py_to_cpp,copy,std,xcdr,shmem_ds,1000000,10,1,measured,173,2026-09-09T14:37:59.755889Z,157873417763234,157873417763234,157873417763234,-1,-1,ok,
std_copy_xcdr__py_to_cpp__1000000B__10Hz__shmem_ds__best_effort,publish,pub,py_to_cpp,copy,std,xcdr,shmem_ds,1000000,10,1,measured,174,2026-09-09T14:37:59.857091Z,157873518455225,157873518455225,157873518455225,-1,-1,ok,
std_copy_xcdr__py_to_cpp__1000000B__10Hz__shmem_ds__best_effort,publish,pub,py_to_cpp,copy,std,xcdr,shmem_ds,1000000,10,1,measured,175,2026-09-09T14:37:59.957862Z,157873619140194,157873619140194,157873619140194,-1,-1,ok,
std_copy_xcdr__py_to_cpp__1000000B__10Hz__shmem_ds__best_effort,publish,pub,py_to_cpp,copy,std,xcdr,shmem_ds,1000000,10,1,measured,176,2026-09-09T14:38:00.057144Z,157873718459047,157873718459047,157873718459047,-1,-1,ok,
std_copy_xcdr__py_to_cpp__1000000B__10Hz__shmem_ds__best_effort,publish,pub,py_to_cpp,copy,std,xcdr,shmem_ds,1000000,10,1,measured,177,2026-09-09T14:38:00.155757Z,157873817586481,157873817586481,157873817586481,-1,-1,ok,
std_copy_xcdr__py_to_cpp__1000000B__10Hz__shmem_ds__best_effort,publish,pub,py_to_cpp,copy,std,xcdr,shmem_ds,1000000,10,1,measured,178,2026-09-09T14:38:00.255818Z,157873917459595,157873917459595,157873917459595,-1,-1,ok,
std_copy_xcdr__py_to_cpp__1000000B__10Hz__shmem_ds__best_effort,publish,pub,py_to_cpp,copy,std,xcdr,shmem_ds,1000000,10,1,measured,179,2026-09-09T14:38:00.355440Z,157874017263778,157874017263778,157874017263778,-1,-1,ok,
std_copy_xcdr__py_to_cpp__1000000B__10Hz__shmem_ds__best_effort,publish,pub,py_to_cpp,copy,std,xcdr,shmem_ds,1000000,10,1,measured,180,2026-09-09T14:38:00.455487Z,157874117218997,157874117218997,157874117218997,-1,-1,ok,
std_copy_xcdr__py_to_cpp__1000000B__10Hz__shmem_ds__best_effort,publish,pub,py_to_cpp,copy,std,xcdr,shmem_ds,1000000,10,1,measured,181,2026-09-09T14:38:00.556480Z,157874217762018,157874217762018,157874217762018,-1,-1,ok,
std_copy_xcdr__py_to_cpp__1000000B__10Hz__shmem_ds__best_effort,publish,pub,py_to_cpp,copy,std,xcdr,shmem_ds,1000000,10,1,measured,182,2026-09-09T14:38:00.656924Z,157874318172207,157874318172207,157874318172207,-1,-1,ok,
std_copy_xcdr__py_to_cpp__1000000B__10Hz__shmem_ds__best_effort,publish,pub,py_to_cpp,copy,std,xcdr,shmem_ds,1000000,10,1,measured,183,2026-09-09T14:38:00.758238Z,157874419187221,157874419187221,157874419187221,-1,-1,ok,
std_copy_xcdr__py_to_cpp__1000000B__10Hz__shmem_ds__best_effort,publish,pub,py_to_cpp,copy,std,xcdr,shmem_ds,1000000,10,1,measured,184,2026-09-09T14:38:00.857085Z,157874518302110,157874518302110,157874518302110,-1,-1,ok,
std_copy_xcdr__py_to_cpp__1000000B__10Hz__shmem_ds__best_effort,publish,pub,py_to_cpp,copy,std,xcdr,shmem_ds,1000000,10,1,measured,185,2026-09-09T14:38:00.956667Z,157874618046801,157874618046801,157874618046801,-1,-1,ok,
std_copy_xcdr__py_to_cpp__1000000B__10Hz__shmem_ds__best_effort,publish,pub,py_to_cpp,copy,std,xcdr,shmem_ds,1000000,10,1,measured,186,2026-09-09T14:38:01.056261Z,157874717735216,157874717735216,157874717735216,-1,-1,ok,
std_copy_xcdr__py_to_cpp__1000000B__10Hz__shmem_ds__best_effort,publish,pub,py_to_cpp,copy,std,xcdr,shmem_ds,1000000,10,1,measured,187,2026-09-09T14:38:01.157276Z,157874818496069,157874818496069,157874818496069,-1,-1,ok,
std_copy_xcdr__py_to_cpp__1000000B__10Hz__shmem_ds__best_effort,publish,pub,py_to_cpp,copy,std,xcdr,shmem_ds,1000000,10,1,measured,188,2026-09-09T14:38:01.256329Z,157874917937437,157874917937437,157874917937437,-1,-1,ok,
std_copy_xcdr__py_to_cpp__1000000B__10Hz__shmem_ds__best_effort,publish,pub,py_to_cpp,copy,std,xcdr,shmem_ds,1000000,10,1,measured,189,2026-09-09T14:38:01.355380Z,157875017247507,157875017247507,157875017247507,-1,-1,ok,
std_copy_xcdr__py_to_cpp__1000000B__10Hz__shmem_ds__best_effort,publish,pub,py_to_cpp,copy,std,xcdr,shmem_ds,1000000,10,1,measured,190,2026-09-09T14:38:01.455705Z,157875117221763,157875117221763,157875117221763,-1,-1,ok,
std_copy_xcdr__py_to_cpp__1000000B__10Hz__shmem_ds__best_effort,publish,pub,py_to_cpp,copy,std,xcdr,shmem_ds,1000000,10,1,measured,191,2026-09-09T14:38:01.555351Z,157875217027620,157875217027620,157875217027620,-1,-1,ok,
std_copy_xcdr__py_to_cpp__1000000B__10Hz__shmem_ds__best_effort,publish,pub,py_to_cpp,copy,std,xcdr,shmem_ds,1000000,10,1,measured,192,2026-09-09T14:38:01.654999Z,157875316611177,157875316611177,157875316611177,-1,-1,ok,
std_copy_xcdr__py_to_cpp__1000000B__10Hz__shmem_ds__best_effort,publish,pub,py_to_cpp,copy,std,xcdr,shmem_ds,1000000,10,1,measured,193,2026-09-09T14:38:01.754119Z,157875416043077,157875416043077,157875416043077,-1,-1,ok,
std_copy_xcdr__py_to_cpp__1000000B__10Hz__shmem_ds__best_effort,publish,pub,py_to_cpp,copy,std,xcdr,shmem_ds,1000000,10,1,measured,194,2026-09-09T14:38:01.855190Z,157875516906715,157875516906715,157875516906715,-1,-1,ok,
std_copy_xcdr__py_to_cpp__1000000B__10Hz__shmem_ds__best_effort,publish,pub,py_to_cpp,copy,std,xcdr,shmem_ds,1000000,10,1,measured,195,2026-09-09T14:38:01.955177Z,157875616820957,157875616820957,157875616820957,-1,-1,ok,
std_copy_xcdr__py_to_cpp__1000000B__10Hz__shmem_ds__best_effort,publish,pub,py_to_cpp,copy,std,xcdr,shmem_ds,1000000,10,1,measured,196,2026-09-09T14:38:02.056121Z,157875717577173,157875717577173,157875717577173,-1,-1,ok,
std_copy_xcdr__py_to_cpp__1000000B__10Hz__shmem_ds__best_effort,publish,pub,py_to_cpp,copy,std,xcdr,shmem_ds,1000000,10,1,measured,197,2026-09-09T14:38:02.156038Z,157875817661889,157875817661889,157875817661889,-1,-1,ok,
std_copy_xcdr__py_to_cpp__1000000B__10Hz__shmem_ds__best_effort,publish,pub,py_to_cpp,copy,std,xcdr,shmem_ds,1000000,10,1,measured,198,2026-09-09T14:38:02.254941Z,157875916708190,157875916708190,157875916708190,-1,-1,ok,
std_copy_xcdr__py_to_cpp__1000000B__10Hz__shmem_ds__best_effort,publish,pub,py_to_cpp,copy,std,xcdr,shmem_ds,1000000,10,1,measured,199,2026-09-09T14:38:02.355952Z,157876017705963,157876017705963,157876017705963,-1,-1,ok,
std_copy_xcdr__py_to_cpp__1000000B__10Hz__shmem_ds__best_effort,publish,pub,py_to_cpp,copy,std,xcdr,shmem_ds,1000000,10,1,measured,200,2026-09-09T14:38:02.456842Z,157876118431151,157876118431151,157876118431151,-1,-1,ok,
std_copy_xcdr__py_to_cpp__1000000B__10Hz__shmem_ds__best_effort,publish,pub,py_to_cpp,copy,std,xcdr,shmem_ds,1000000,10,1,measured,201,2026-09-09T14:38:02.558116Z,157876219465793,157876219465793,157876219465793,-1,-1,ok,
std_copy_xcdr__py_to_cpp__1000000B__10Hz__shmem_ds__best_effort,publish,pub,py_to_cpp,copy,std,xcdr,shmem_ds,1000000,10,1,measured,202,2026-09-09T14:38:02.658637Z,157876320253858,157876320253858,157876320253858,-1,-1,ok,
std_copy_xcdr__py_to_cpp__1000000B__10Hz__shmem_ds__best_effort,publish,pub,py_to_cpp,copy,std,xcdr,shmem_ds,1000000,10,1,measured,203,2026-09-09T14:38:02.759380Z,157876421074787,157876421074787,157876421074787,-1,-1,ok,
std_copy_xcdr__py_to_cpp__1000000B__10Hz__shmem_ds__best_effort,publish,pub,py_to_cpp,copy,std,xcdr,shmem_ds,1000000,10,1,measured,204,2026-09-09T14:38:02.858823Z,157876520320265,157876520320265,157876520320265,-1,-1,ok,
std_copy_xcdr__py_to_cpp__1000000B__10Hz__shmem_ds__best_effort,publish,pub,py_to_cpp,copy,std,xcdr,shmem_ds,1000000,10,1,measured,205,2026-09-09T14:38:02.958920Z,157876620300424,157876620300424,157876620300424,-1,-1,ok,
std_copy_xcdr__py_to_cpp__1000000B__10Hz__shmem_ds__best_effort,publish,pub,py_to_cpp,copy,std,xcdr,shmem_ds,1000000,10,1,measured,206,2026-09-09T14:38:03.058232Z,157876719686028,157876719686028,157876719686028,-1,-1,ok,
std_copy_xcdr__py_to_cpp__1000000B__10Hz__shmem_ds__best_effort,publish,pub,py_to_cpp,copy,std,xcdr,shmem_ds,1000000,10,1,measured,207,2026-09-09T14:38:03.157547Z,157876819407757,157876819407757,157876819407757,-1,-1,ok,
std_copy_xcdr__py_to_cpp__1000000B__10Hz__shmem_ds__best_effort,publish,pub,py_to_cpp,copy,std,xcdr,shmem_ds,1000000,10,1,measured,208,2026-09-09T14:38:03.256759Z,157876918525645,157876918525645,157876918525645,-1,-1,ok,
std_copy_xcdr__py_to_cpp__1000000B__10Hz__shmem_ds__best_effort,publish,pub,py_to_cpp,copy,std,xcdr,shmem_ds,1000000,10,1,measured,209,2026-09-09T14:38:03.357213Z,157877018436213,157877018436213,157877018436213,-1,-1,ok,
std_copy_xcdr__py_to_cpp__1000000B__10Hz__shmem_ds__best_effort,publish,pub,py_to_cpp,copy,std,xcdr,shmem_ds,1000000,10,1,measured,210,2026-09-09T14:38:03.457881Z,157877119352733,157877119352733,157877119352733,-1,-1,ok,
std_copy_xcdr__py_to_cpp__1000000B__10Hz__shmem_ds__best_effort,publish,pub,py_to_cpp,copy,std,xcdr,shmem_ds,1000000,10,1,measured,211,2026-09-09T14:38:03.557142Z,157877218810705,157877218810705,157877218810705,-1,-1,ok,
std_copy_xcdr__py_to_cpp__1000000B__10Hz__shmem_ds__best_effort,publish,pub,py_to_cpp,copy,std,xcdr,shmem_ds,1000000,10,1,measured,212,2026-09-09T14:38:03.657839Z,157877319416998,157877319416998,157877319416998,-1,-1,ok,
std_copy_xcdr__py_to_cpp__1000000B__10Hz__shmem_ds__best_effort,publish,pub,py_to_cpp,copy,std,xcdr,shmem_ds,1000000,10,1,measured,213,2026-09-09T14:38:03.757865Z,157877419268474,157877419268474,157877419268474,-1,-1,ok,
std_copy_xcdr__py_to_cpp__1000000B__10Hz__shmem_ds__best_effort,publish,pub,py_to_cpp,copy,std,xcdr,shmem_ds,1000000,10,1,measured,214,2026-09-09T14:38:03.857968Z,157877519232012,157877519232012,157877519232012,-1,-1,ok,
std_copy_xcdr__py_to_cpp__1000000B__10Hz__shmem_ds__best_effort,publish,pub,py_to_cpp,copy,std,xcdr,shmem_ds,1000000,10,1,measured,215,2026-09-09T14:38:03.958279Z,157877620055295,157877620055295,157877620055295,-1,-1,ok,
std_copy_xcdr__py_to_cpp__1000000B__10Hz__shmem_ds__best_effort,publish,pub,py_to_cpp,copy,std,xcdr,shmem_ds,1000000,10,1,measured,216,2026-09-09T14:38:04.059255Z,157877721020738,157877721020738,157877721020738,-1,-1,ok,
std_copy_xcdr__py_to_cpp__1000000B__10Hz__shmem_ds__best_effort,publish,pub,py_to_cpp,copy,std,xcdr,shmem_ds,1000000,10,1,measured,217,2026-09-09T14:38:04.159297Z,157877821078415,157877821078415,157877821078415,-1,-1,ok,
std_copy_xcdr__py_to_cpp__1000000B__10Hz__shmem_ds__best_effort,publish,pub,py_to_cpp,copy,std,xcdr,shmem_ds,1000000,10,1,measured,218,2026-09-09T14:38:04.259798Z,157877921560544,157877921560544,157877921560544,-1,-1,ok,
std_copy_xcdr__py_to_cpp__1000000B__10Hz__shmem_ds__best_effort,publish,pub,py_to_cpp,copy,std,xcdr,shmem_ds,1000000,10,1,measured,219,2026-09-09T14:38:04.359016Z,157878020856400,157878020856400,157878020856400,-1,-1,ok,
std_copy_xcdr__py_to_cpp__1000000B__10Hz__shmem_ds__best_effort,publish,pub,py_to_cpp,copy,std,xcdr,shmem_ds,1000000,10,1,measured,220,2026-09-09T14:38:04.458631Z,157878120456711,157878120456711,157878120456711,-1,-1,ok,
std_copy_xcdr__py_to_cpp__1000000B__10Hz__shmem_ds__best_effort,publish,pub,py_to_cpp,copy,std,xcdr,shmem_ds,1000000,10,1,measured,221,2026-09-09T14:38:04.559717Z,157878221413158,157878221413158,157878221413158,-1,-1,ok,
std_copy_xcdr__py_to_cpp__1000000B__10Hz__shmem_ds__best_effort,publish,pub,py_to_cpp,copy,std,xcdr,shmem_ds,1000000,10,1,measured,222,2026-09-09T14:38:04.659931Z,157878321602744,157878321602744,157878321602744,-1,-1,ok,
std_copy_xcdr__py_to_cpp__1000000B__10Hz__shmem_ds__best_effort,publish,pub,py_to_cpp,copy,std,xcdr,shmem_ds,1000000,10,1,measured,223,2026-09-09T14:38:04.759976Z,157878421669588,157878421669588,157878421669588,-1,-1,ok,
std_copy_xcdr__py_to_cpp__1000000B__10Hz__shmem_ds__best_effort,publish,pub,py_to_cpp,copy,std,xcdr,shmem_ds,1000000,10,1,measured,224,2026-09-09T14:38:04.860661Z,157878522172617,157878522172617,157878522172617,-1,-1,ok,
std_copy_xcdr__py_to_cpp__1000000B__10Hz__shmem_ds__best_effort,publish,pub,py_to_cpp,copy,std,xcdr,shmem_ds,1000000,10,1,measured,225,2026-09-09T14:38:04.959751Z,157878621331654,157878621331654,157878621331654,-1,-1,ok,
std_copy_xcdr__py_to_cpp__1000000B__10Hz__shmem_ds__best_effort,publish,pub,py_to_cpp,copy,std,xcdr,shmem_ds,1000000,10,1,measured,226,2026-09-09T14:38:05.059633Z,157878721419919,157878721419919,157878721419919,-1,-1,ok,
std_copy_xcdr__py_to_cpp__1000000B__10Hz__shmem_ds__best_effort,publish,pub,py_to_cpp,copy,std,xcdr,shmem_ds,1000000,10,1,measured,227,2026-09-09T14:38:05.159632Z,157878821430206,157878821430206,157878821430206,-1,-1,ok,
std_copy_xcdr__py_to_cpp__1000000B__10Hz__shmem_ds__best_effort,publish,pub,py_to_cpp,copy,std,xcdr,shmem_ds,1000000,10,1,measured,228,2026-09-09T14:38:05.260340Z,157878922137453,157878922137453,157878922137453,-1,-1,ok,
std_copy_xcdr__py_to_cpp__1000000B__10Hz__shmem_ds__best_effort,publish,pub,py_to_cpp,copy,std,xcdr,shmem_ds,1000000,10,1,measured,229,2026-09-09T14:38:05.359558Z,157879021422059,157879021422059,157879021422059,-1,-1,ok,
std_copy_xcdr__py_to_cpp__1000000B__10Hz__shmem_ds__best_effort,publish,pub,py_to_cpp,copy,std,xcdr,shmem_ds,1000000,10,1,measured,230,2026-09-09T14:38:05.460536Z,157879122352386,157879122352386,157879122352386,-1,-1,ok,
std_copy_xcdr__py_to_cpp__1000000B__10Hz__shmem_ds__best_effort,publish,pub,py_to_cpp,copy,std,xcdr,shmem_ds,1000000,10,1,measured,231,2026-09-09T14:38:05.560116Z,157879221635188,157879221635188,157879221635188,-1,-1,ok,
std_copy_xcdr__py_to_cpp__1000000B__10Hz__shmem_ds__best_effort,publish,pub,py_to_cpp,copy,std,xcdr,shmem_ds,1000000,10,1,measured,232,2026-09-09T14:38:05.659274Z,157879320939310,157879320939310,157879320939310,-1,-1,ok,
std_copy_xcdr__py_to_cpp__1000000B__10Hz__shmem_ds__best_effort,publish,pub,py_to_cpp,copy,std,xcdr,shmem_ds,1000000,10,1,measured,233,2026-09-09T14:38:05.759170Z,157879421066761,157879421066761,157879421066761,-1,-1,ok,
std_copy_xcdr__py_to_cpp__1000000B__10Hz__shmem_ds__best_effort,publish,pub,py_to_cpp,copy,std,xcdr,shmem_ds,1000000,10,1,measured,234,2026-09-09T14:38:05.859661Z,157879521432120,157879521432120,157879521432120,-1,-1,ok,
std_copy_xcdr__py_to_cpp__1000000B__10Hz__shmem_ds__best_effort,publish,pub,py_to_cpp,copy,std,xcdr,shmem_ds,1000000,10,1,measured,235,2026-09-09T14:38:05.959243Z,157879620940108,157879620940108,157879620940108,-1,-1,ok,
std_copy_xcdr__py_to_cpp__1000000B__10Hz__shmem_ds__best_effort,publish,pub,py_to_cpp,copy,std,xcdr,shmem_ds,1000000,10,1,measured,236,2026-09-09T14:38:06.058485Z,157879720192041,157879720192041,157879720192041,-1,-1,ok,
std_copy_xcdr__py_to_cpp__1000000B__10Hz__shmem_ds__best_effort,publish,pub,py_to_cpp,copy,std,xcdr,shmem_ds,1000000,10,1,measured,237,2026-09-09T14:38:06.159896Z,157879820989018,157879820989018,157879820989018,-1,-1,ok,
std_copy_xcdr__py_to_cpp__1000000B__10Hz__shmem_ds__best_effort,publish,pub,py_to_cpp,copy,std,xcdr,shmem_ds,1000000,10,1,measured,238,2026-09-09T14:38:06.258683Z,157879920458875,157879920458875,157879920458875,-1,-1,ok,
std_copy_xcdr__py_to_cpp__1000000B__10Hz__shmem_ds__best_effort,publish,pub,py_to_cpp,copy,std,xcdr,shmem_ds,1000000,10,1,measured,239,2026-09-09T14:38:06.359030Z,157880020648814,157880020648814,157880020648814,-1,-1,ok,
std_copy_xcdr__py_to_cpp__1000000B__10Hz__shmem_ds__best_effort,publish,pub,py_to_cpp,copy,std,xcdr,shmem_ds,1000000,10,1,measured,240,2026-09-09T14:38:06.459615Z,157880120939634,157880120939634,157880120939634,-1,-1,ok,
std_copy_xcdr__py_to_cpp__1000000B__10Hz__shmem_ds__best_effort,publish,pub,py_to_cpp,copy,std,xcdr,shmem_ds,1000000,10,1,measured,241,2026-09-09T14:38:06.559558Z,157880220802904,157880220802904,157880220802904,-1,-1,ok,
std_copy_xcdr__py_to_cpp__1000000B__10Hz__shmem_ds__best_effort,publish,pub,py_to_cpp,copy,std,xcdr,shmem_ds,1000000,10,1,measured,242,2026-09-09T14:38:06.659355Z,157880320910227,157880320910227,157880320910227,-1,-1,ok,
std_copy_xcdr__py_to_cpp__1000000B__10Hz__shmem_ds__best_effort,publish,pub,py_to_cpp,copy,std,xcdr,shmem_ds,1000000,10,1,measured,243,2026-09-09T14:38:06.759346Z,157880420940173,157880420940173,157880420940173,-1,-1,ok,
std_copy_xcdr__py_to_cpp__1000000B__10Hz__shmem_ds__best_effort,publish,pub,py_to_cpp,copy,std,xcdr,shmem_ds,1000000,10,1,measured,244,2026-09-09T14:38:06.860471Z,157880521879329,157880521879329,157880521879329,-1,-1,ok,
std_copy_xcdr__py_to_cpp__1000000B__10Hz__shmem_ds__best_effort,publish,pub,py_to_cpp,copy,std,xcdr,shmem_ds,1000000,10,1,measured,245,2026-09-09T14:38:06.959714Z,157880621307778,157880621307778,157880621307778,-1,-1,ok,
std_copy_xcdr__py_to_cpp__1000000B__10Hz__shmem_ds__best_effort,publish,pub,py_to_cpp,copy,std,xcdr,shmem_ds,1000000,10,1,measured,246,2026-09-09T14:38:07.059765Z,157880721610590,157880721610590,157880721610590,-1,-1,ok,
std_copy_xcdr__py_to_cpp__1000000B__10Hz__shmem_ds__best_effort,publish,pub,py_to_cpp,copy,std,xcdr,shmem_ds,1000000,10,1,measured,247,2026-09-09T14:38:07.159719Z,157880821163525,157880821163525,157880821163525,-1,-1,ok,
std_copy_xcdr__py_to_cpp__1000000B__10Hz__shmem_ds__best_effort,publish,pub,py_to_cpp,copy,std,xcdr,shmem_ds,1000000,10,1,measured,248,2026-09-09T14:38:07.259490Z,157880920954911,157880920954911,157880920954911,-1,-1,ok,
std_copy_xcdr__py_to_cpp__1000000B__10Hz__shmem_ds__best_effort,publish,pub,py_to_cpp,copy,std,xcdr,shmem_ds,1000000,10,1,measured,249,2026-09-09T14:38:07.359522Z,157881021296216,157881021296216,157881021296216,-1,-1,ok,
std_copy_xcdr__py_to_cpp__1000000B__10Hz__shmem_ds__best_effort,publish,pub,py_to_cpp,copy,std,xcdr,shmem_ds,1000000,10,1,measured,250,2026-09-09T14:38:07.459032Z,157881120832660,157881120832660,157881120832660,-1,-1,ok,
std_copy_xcdr__py_to_cpp__1000000B__10Hz__shmem_ds__best_effort,publish,pub,py_to_cpp,copy,std,xcdr,shmem_ds,1000000,10,1,measured,251,2026-09-09T14:38:07.558910Z,157881220541198,157881220541198,157881220541198,-1,-1,ok,
std_copy_xcdr__py_to_cpp__1000000B__10Hz__shmem_ds__best_effort,publish,pub,py_to_cpp,copy,std,xcdr,shmem_ds,1000000,10,1,measured,252,2026-09-09T14:38:07.659356Z,157881321019273,157881321019273,157881321019273,-1,-1,ok,
std_copy_xcdr__py_to_cpp__1000000B__10Hz__shmem_ds__best_effort,publish,pub,py_to_cpp,copy,std,xcdr,shmem_ds,1000000,10,1,measured,253,2026-09-09T14:38:07.758358Z,157881420130693,157881420130693,157881420130693,-1,-1,ok,
std_copy_xcdr__py_to_cpp__1000000B__10Hz__shmem_ds__best_effort,publish,pub,py_to_cpp,copy,std,xcdr,shmem_ds,1000000,10,1,measured,254,2026-09-09T14:38:07.858737Z,157881520077783,157881520077783,157881520077783,-1,-1,ok,
std_copy_xcdr__py_to_cpp__1000000B__10Hz__shmem_ds__best_effort,publish,pub,py_to_cpp,copy,std,xcdr,shmem_ds,1000000,10,1,measured,255,2026-09-09T14:38:07.959358Z,157881621067506,157881621067506,157881621067506,-1,-1,ok,
std_copy_xcdr__py_to_cpp__1000000B__10Hz__shmem_ds__best_effort,publish,pub,py_to_cpp,copy,std,xcdr,shmem_ds,1000000,10,1,measured,256,2026-09-09T14:38:08.060400Z,157881722074732,157881722074732,157881722074732,-1,-1,ok,
std_copy_xcdr__py_to_cpp__1000000B__10Hz__shmem_ds__best_effort,publish,pub,py_to_cpp,copy,std,xcdr,shmem_ds,1000000,10,1,measured,257,2026-09-09T14:38:08.159835Z,157881821252088,157881821252088,157881821252088,-1,-1,ok,
std_copy_xcdr__py_to_cpp__1000000B__10Hz__shmem_ds__best_effort,publish,pub,py_to_cpp,copy,std,xcdr,shmem_ds,1000000,10,1,measured,258,2026-09-09T14:38:08.258736Z,157881920577693,157881920577693,157881920577693,-1,-1,ok,
std_copy_xcdr__py_to_cpp__1000000B__10Hz__shmem_ds__best_effort,publish,pub,py_to_cpp,copy,std,xcdr,shmem_ds,1000000,10,1,measured,259,2026-09-09T14:38:08.358416Z,157882020133645,157882020133645,157882020133645,-1,-1,ok,
std_copy_xcdr__py_to_cpp__1000000B__10Hz__shmem_ds__best_effort,publish,pub,py_to_cpp,copy,std,xcdr,shmem_ds,1000000,10,1,measured,260,2026-09-09T14:38:08.459211Z,157882120993573,157882120993573,157882120993573,-1,-1,ok,
std_copy_xcdr__py_to_cpp__1000000B__10Hz__shmem_ds__best_effort,publish,pub,py_to_cpp,copy,std,xcdr,shmem_ds,1000000,10,1,measured,261,2026-09-09T14:38:08.560478Z,157882221824898,157882221824898,157882221824898,-1,-1,ok,
std_copy_xcdr__py_to_cpp__1000000B__10Hz__shmem_ds__best_effort,publish,pub,py_to_cpp,copy,std,xcdr,shmem_ds,1000000,10,1,measured,262,2026-09-09T14:38:08.661749Z,157882322700244,157882322700244,157882322700244,-1,-1,ok,
std_copy_xcdr__py_to_cpp__1000000B__10Hz__shmem_ds__best_effort,publish,pub,py_to_cpp,copy,std,xcdr,shmem_ds,1000000,10,1,measured,263,2026-09-09T14:38:08.761222Z,157882422470371,157882422470371,157882422470371,-1,-1,ok,
std_copy_xcdr__py_to_cpp__1000000B__10Hz__shmem_ds__best_effort,publish,pub,py_to_cpp,copy,std,xcdr,shmem_ds,1000000,10,1,measured,264,2026-09-09T14:38:08.860328Z,157882521652566,157882521652566,157882521652566,-1,-1,ok,
std_copy_xcdr__py_to_cpp__1000000B__10Hz__shmem_ds__best_effort,publish,pub,py_to_cpp,copy,std,xcdr,shmem_ds,1000000,10,1,measured,265,2026-09-09T14:38:08.961083Z,157882622376476,157882622376476,157882622376476,-1,-1,ok,
std_copy_xcdr__py_to_cpp__1000000B__10Hz__shmem_ds__best_effort,publish,pub,py_to_cpp,copy,std,xcdr,shmem_ds,1000000,10,1,measured,266,2026-09-09T14:38:09.060885Z,157882722640868,157882722640868,157882722640868,-1,-1,ok,
std_copy_xcdr__py_to_cpp__1000000B__10Hz__shmem_ds__best_effort,publish,pub,py_to_cpp,copy,std,xcdr,shmem_ds,1000000,10,1,measured,267,2026-09-09T14:38:09.161334Z,157882822893789,157882822893789,157882822893789,-1,-1,ok,
std_copy_xcdr__py_to_cpp__1000000B__10Hz__shmem_ds__best_effort,publish,pub,py_to_cpp,copy,std,xcdr,shmem_ds,1000000,10,1,measured,268,2026-09-09T14:38:09.261984Z,157882923815565,157882923815565,157882923815565,-1,-1,ok,
std_copy_xcdr__py_to_cpp__1000000B__10Hz__shmem_ds__best_effort,publish,pub,py_to_cpp,copy,std,xcdr,shmem_ds,1000000,10,1,measured,269,2026-09-09T14:38:09.362670Z,157883024188462,157883024188462,157883024188462,-1,-1,ok,
std_copy_xcdr__py_to_cpp__1000000B__10Hz__shmem_ds__best_effort,publish,pub,py_to_cpp,copy,std,xcdr,shmem_ds,1000000,10,1,measured,270,2026-09-09T14:38:09.461447Z,157883123171661,157883123171661,157883123171661,-1,-1,ok,
std_copy_xcdr__py_to_cpp__1000000B__10Hz__shmem_ds__best_effort,publish,pub,py_to_cpp,copy,std,xcdr,shmem_ds,1000000,10,1,measured,271,2026-09-09T14:38:09.562565Z,157883223887768,157883223887768,157883223887768,-1,-1,ok,
std_copy_xcdr__py_to_cpp__1000000B__10Hz__shmem_ds__best_effort,publish,pub,py_to_cpp,copy,std,xcdr,shmem_ds,1000000,10,1,measured,272,2026-09-09T14:38:09.661871Z,157883323447739,157883323447739,157883323447739,-1,-1,ok,
std_copy_xcdr__py_to_cpp__1000000B__10Hz__shmem_ds__best_effort,publish,pub,py_to_cpp,copy,std,xcdr,shmem_ds,1000000,10,1,measured,273,2026-09-09T14:38:09.762076Z,157883423779839,157883423779839,157883423779839,-1,-1,ok,
std_copy_xcdr__py_to_cpp__1000000B__10Hz__shmem_ds__best_effort,publish,pub,py_to_cpp,copy,std,xcdr,shmem_ds,1000000,10,1,measured,274,2026-09-09T14:38:09.863408Z,157883524690354,157883524690354,157883524690354,-1,-1,ok,
std_copy_xcdr__py_to_cpp__1000000B__10Hz__shmem_ds__best_effort,publish,pub,py_to_cpp,copy,std,xcdr,shmem_ds,1000000,10,1,measured,275,2026-09-09T14:38:09.962693Z,157883623975053,157883623975053,157883623975053,-1,-1,ok,
std_copy_xcdr__py_to_cpp__1000000B__10Hz__shmem_ds__best_effort,publish,pub,py_to_cpp,copy,std,xcdr,shmem_ds,1000000,10,1,measured,276,2026-09-09T14:38:10.061220Z,157883723063502,157883723063502,157883723063502,-1,-1,ok,
std_copy_xcdr__py_to_cpp__1000000B__10Hz__shmem_ds__best_effort,publish,pub,py_to_cpp,copy,std,xcdr,shmem_ds,1000000,10,1,measured,277,2026-09-09T14:38:10.160843Z,157883822356097,157883822356097,157883822356097,-1,-1,ok,
std_copy_xcdr__py_to_cpp__1000000B__10Hz__shmem_ds__best_effort,publish,pub,py_to_cpp,copy,std,xcdr,shmem_ds,1000000,10,1,measured,278,2026-09-09T14:38:10.260539Z,157883922400616,157883922400616,157883922400616,-1,-1,ok,
std_copy_xcdr__py_to_cpp__1000000B__10Hz__shmem_ds__best_effort,publish,pub,py_to_cpp,copy,std,xcdr,shmem_ds,1000000,10,1,measured,279,2026-09-09T14:38:10.360161Z,157884021947011,157884021947011,157884021947011,-1,-1,ok,
std_copy_xcdr__py_to_cpp__1000000B__10Hz__shmem_ds__best_effort,publish,pub,py_to_cpp,copy,std,xcdr,shmem_ds,1000000,10,1,measured,280,2026-09-09T14:38:10.460224Z,157884122131835,157884122131835,157884122131835,-1,-1,ok,
std_copy_xcdr__py_to_cpp__1000000B__10Hz__shmem_ds__best_effort,publish,pub,py_to_cpp,copy,std,xcdr,shmem_ds,1000000,10,1,measured,281,2026-09-09T14:38:10.561359Z,157884222687770,157884222687770,157884222687770,-1,-1,ok,
std_copy_xcdr__py_to_cpp__1000000B__10Hz__shmem_ds__best_effort,publish,pub,py_to_cpp,copy,std,xcdr,shmem_ds,1000000,10,1,measured,282,2026-09-09T14:38:10.661028Z,157884322166177,157884322166177,157884322166177,-1,-1,ok,
std_copy_xcdr__py_to_cpp__1000000B__10Hz__shmem_ds__best_effort,publish,pub,py_to_cpp,copy,std,xcdr,shmem_ds,1000000,10,1,measured,283,2026-09-09T14:38:10.760630Z,157884422318157,157884422318157,157884422318157,-1,-1,ok,
std_copy_xcdr__py_to_cpp__1000000B__10Hz__shmem_ds__best_effort,publish,pub,py_to_cpp,copy,std,xcdr,shmem_ds,1000000,10,1,measured,284,2026-09-09T14:38:10.860623Z,157884521900942,157884521900942,157884521900942,-1,-1,ok,
std_copy_xcdr__py_to_cpp__1000000B__10Hz__shmem_ds__best_effort,publish,pub,py_to_cpp,copy,std,xcdr,shmem_ds,1000000,10,1,measured,285,2026-09-09T14:38:10.960450Z,157884621909451,157884621909451,157884621909451,-1,-1,ok,
std_copy_xcdr__py_to_cpp__1000000B__10Hz__shmem_ds__best_effort,publish,pub,py_to_cpp,copy,std,xcdr,shmem_ds,1000000,10,1,measured,286,2026-09-09T14:38:11.060817Z,157884722607756,157884722607756,157884722607756,-1,-1,ok,
std_copy_xcdr__py_to_cpp__1000000B__10Hz__shmem_ds__best_effort,publish,pub,py_to_cpp,copy,std,xcdr,shmem_ds,1000000,10,1,measured,287,2026-09-09T14:38:11.161774Z,157884823326280,157884823326280,157884823326280,-1,-1,ok,
std_copy_xcdr__py_to_cpp__1000000B__10Hz__shmem_ds__best_effort,publish,pub,py_to_cpp,copy,std,xcdr,shmem_ds,1000000,10,1,measured,288,2026-09-09T14:38:11.260589Z,157884922454074,157884922454074,157884922454074,-1,-1,ok,
std_copy_xcdr__py_to_cpp__1000000B__10Hz__shmem_ds__best_effort,publish,pub,py_to_cpp,copy,std,xcdr,shmem_ds,1000000,10,1,measured,289,2026-09-09T14:38:11.360509Z,157885022300378,157885022300378,157885022300378,-1,-1,ok,
std_copy_xcdr__py_to_cpp__1000000B__10Hz__shmem_ds__best_effort,publish,pub,py_to_cpp,copy,std,xcdr,shmem_ds,1000000,10,1,measured,290,2026-09-09T14:38:11.460243Z,157885121881941,157885121881941,157885121881941,-1,-1,ok,
std_copy_xcdr__py_to_cpp__1000000B__10Hz__shmem_ds__best_effort,publish,pub,py_to_cpp,copy,std,xcdr,shmem_ds,1000000,10,1,measured,291,2026-09-09T14:38:11.559140Z,157885220872426,157885220872426,157885220872426,-1,-1,ok,
std_copy_xcdr__py_to_cpp__1000000B__10Hz__shmem_ds__best_effort,publish,pub,py_to_cpp,copy,std,xcdr,shmem_ds,1000000,10,1,measured,292,2026-09-09T14:38:11.660175Z,157885321512982,157885321512982,157885321512982,-1,-1,ok,
std_copy_xcdr__py_to_cpp__1000000B__10Hz__shmem_ds__best_effort,publish,pub,py_to_cpp,copy,std,xcdr,shmem_ds,1000000,10,1,measured,293,2026-09-09T14:38:11.759935Z,157885421710560,157885421710560,157885421710560,-1,-1,ok,
std_copy_xcdr__py_to_cpp__1000000B__10Hz__shmem_ds__best_effort,publish,pub,py_to_cpp,copy,std,xcdr,shmem_ds,1000000,10,1,measured,294,2026-09-09T14:38:11.859990Z,157885521322189,157885521322189,157885521322189,-1,-1,ok,
std_copy_xcdr__py_to_cpp__1000000B__10Hz__shmem_ds__best_effort,publish,pub,py_to_cpp,copy,std,xcdr,shmem_ds,1000000,10,1,measured,295,2026-09-09T14:38:11.960443Z,157885621822090,157885621822090,157885621822090,-1,-1,ok,
std_copy_xcdr__py_to_cpp__1000000B__10Hz__shmem_ds__best_effort,publish,pub,py_to_cpp,copy,std,xcdr,shmem_ds,1000000,10,1,measured,296,2026-09-09T14:38:12.060147Z,157885721826753,157885721826753,157885721826753,-1,-1,ok,
std_copy_xcdr__py_to_cpp__1000000B__10Hz__shmem_ds__best_effort,publish,pub,py_to_cpp,copy,std,xcdr,shmem_ds,1000000,10,1,measured,297,2026-09-09T14:38:12.159988Z,157885821670654,157885821670654,157885821670654,-1,-1,ok,
std_copy_xcdr__py_to_cpp__1000000B__10Hz__shmem_ds__best_effort,publish,pub,py_to_cpp,copy,std,xcdr,shmem_ds,1000000,10,1,measured,298,2026-09-09T14:38:12.258917Z,157885920680365,157885920680365,157885920680365,-1,-1,ok,
std_copy_xcdr__py_to_cpp__1000000B__10Hz__shmem_ds__best_effort,publish,pub,py_to_cpp,copy,std,xcdr,shmem_ds,1000000,10,1,measured,299,2026-09-09T14:38:12.358044Z,157886019808592,157886019808592,157886019808592,-1,-1,ok,
std_copy_xcdr__py_to_cpp__1000000B__10Hz__shmem_ds__best_effort,publish,pub,py_to_cpp,copy,std,xcdr,shmem_ds,1000000,10,1,measured,300,2026-09-09T14:38:12.458966Z,157886120613339,157886120613339,157886120613339,-1,-1,ok,
std_copy_xcdr__py_to_cpp__1000000B__10Hz__shmem_ds__best_effort,receive,sub,py_to_cpp,copy,std,xcdr,shmem_ds,1000000,10,1,measured,0,2026-09-09T14:37:42.464787Z,157856126986614,157856124405684,157856126986614,1788964662462316096,1788964662464192385,ok,
std_copy_xcdr__py_to_cpp__1000000B__10Hz__shmem_ds__best_effort,receive,sub,py_to_cpp,copy,std,xcdr,shmem_ds,1000000,10,1,measured,1,2026-09-09T14:37:42.564873Z,157856227070950,157856225131151,157856227070950,1788964662563260208,1788964662564183233,ok,
std_copy_xcdr__py_to_cpp__1000000B__10Hz__shmem_ds__best_effort,receive,sub,py_to_cpp,copy,std,xcdr,shmem_ds,1000000,10,1,measured,2,2026-09-09T14:37:42.663323Z,157856325521264,157856324183945,157856325521264,1788964662662308934,1788964662663125829,ok,
std_copy_xcdr__py_to_cpp__1000000B__10Hz__shmem_ds__best_effort,receive,sub,py_to_cpp,copy,std,xcdr,shmem_ds,1000000,10,1,measured,3,2026-09-09T14:37:42.762417Z,157856424616258,157856423620615,157856424616258,1788964662761609306,1788964662762239799,ok,
std_copy_xcdr__py_to_cpp__1000000B__10Hz__shmem_ds__best_effort,receive,sub,py_to_cpp,copy,std,xcdr,shmem_ds,1000000,10,1,measured,4,2026-09-09T14:37:42.861799Z,157856523997995,157856523056484,157856523997995,1788964662861038322,1788964662861632395,ok,
std_copy_xcdr__py_to_cpp__1000000B__10Hz__shmem_ds__best_effort,receive,sub,py_to_cpp,copy,std,xcdr,shmem_ds,1000000,10,1,measured,5,2026-09-09T14:37:42.962944Z,157856625142324,157856623595669,157856625142324,1788964662961697724,1788964662962729065,ok,
std_copy_xcdr__py_to_cpp__1000000B__10Hz__shmem_ds__best_effort,receive,sub,py_to_cpp,copy,std,xcdr,shmem_ds,1000000,10,1,measured,6,2026-09-09T14:37:43.062772Z,157856724970595,157856723885814,157856724970595,1788964663061953404,1788964663062605497,ok,
std_copy_xcdr__py_to_cpp__1000000B__10Hz__shmem_ds__best_effort,receive,sub,py_to_cpp,copy,std,xcdr,shmem_ds,1000000,10,1,measured,7,2026-09-09T14:37:43.163334Z,157856825532925,157856824642611,157856825532925,1788964663162661188,1788964663163186041,ok,
std_copy_xcdr__py_to_cpp__1000000B__10Hz__shmem_ds__best_effort,receive,sub,py_to_cpp,copy,std,xcdr,shmem_ds,1000000,10,1,measured,8,2026-09-09T14:37:43.262333Z,157856924531748,157856923802118,157856924531748,1788964663261772154,1788964663262206465,ok,
std_copy_xcdr__py_to_cpp__1000000B__10Hz__shmem_ds__best_effort,receive,sub,py_to_cpp,copy,std,xcdr,shmem_ds,1000000,10,1,measured,9,2026-09-09T14:37:43.362543Z,157857024741321,157857023684803,157857024741321,1788964663361716665,1788964663362341557,ok,
std_copy_xcdr__py_to_cpp__1000000B__10Hz__shmem_ds__best_effort,receive,sub,py_to_cpp,copy,std,xcdr,shmem_ds,1000000,10,1,measured,10,2026-09-09T14:37:43.461232Z,157857123430478,157857122706068,157857123430478,1788964663460683989,1788964663461104424,ok,
std_copy_xcdr__py_to_cpp__1000000B__10Hz__shmem_ds__best_effort,receive,sub,py_to_cpp,copy,std,xcdr,shmem_ds,1000000,10,1,measured,11,2026-09-09T14:37:43.561103Z,157857223302112,157857222182364,157857223302112,1788964663560254533,1788964663560940380,ok,
std_copy_xcdr__py_to_cpp__1000000B__10Hz__shmem_ds__best_effort,receive,sub,py_to_cpp,copy,std,xcdr,shmem_ds,1000000,10,1,measured,12,2026-09-09T14:37:43.661051Z,157857323250100,157857322194814,157857323250100,1788964663660244029,1788964663660879832,ok,
std_copy_xcdr__py_to_cpp__1000000B__10Hz__shmem_ds__best_effort,receive,sub,py_to_cpp,copy,std,xcdr,shmem_ds,1000000,10,1,measured,13,2026-09-09T14:37:43.760084Z,157857422282666,157857421258950,157857422282666,1788964663759253893,1788964663759914222,ok,
std_copy_xcdr__py_to_cpp__1000000B__10Hz__shmem_ds__best_effort,receive,sub,py_to_cpp,copy,std,xcdr,shmem_ds,1000000,10,1,measured,14,2026-09-09T14:37:43.859298Z,157857521497237,157857520610059,157857521497237,1788964663858589923,1788964663859147768,ok,
std_copy_xcdr__py_to_cpp__1000000B__10Hz__shmem_ds__best_effort,receive,sub,py_to_cpp,copy,std,xcdr,shmem_ds,1000000,10,1,measured,15,2026-09-09T14:37:43.960374Z,157857622573229,157857621053335,157857622573229,1788964663959201808,1788964663960235523,ok,
std_copy_xcdr__py_to_cpp__1000000B__10Hz__shmem_ds__best_effort,receive,sub,py_to_cpp,copy,std,xcdr,shmem_ds,1000000,10,1,measured,16,2026-09-09T14:37:44.059798Z,157857721996966,157857721034847,157857721996966,1788964664059060377,1788964664059651115,ok,
std_copy_xcdr__py_to_cpp__1000000B__10Hz__shmem_ds__best_effort,receive,sub,py_to_cpp,copy,std,xcdr,shmem_ds,1000000,10,1,measured,17,2026-09-09T14:37:44.159048Z,157857821247326,157857820442524,157857821247326,1788964664158466462,1788964664158907706,ok,
std_copy_xcdr__py_to_cpp__1000000B__10Hz__shmem_ds__best_effort,receive,sub,py_to_cpp,copy,std,xcdr,shmem_ds,1000000,10,1,measured,18,2026-09-09T14:37:44.259237Z,157857921435720,157857920649052,157857921435720,1788964664258675354,1788964664259090028,ok,
std_copy_xcdr__py_to_cpp__1000000B__10Hz__shmem_ds__best_effort,receive,sub,py_to_cpp,copy,std,xcdr,shmem_ds,1000000,10,1,measured,19,2026-09-09T14:37:44.360036Z,157858022235680,157858021310942,157858022235680,1788964664359380495,1788964664359922891,ok,
std_copy_xcdr__py_to_cpp__1000000B__10Hz__shmem_ds__best_effort,receive,sub,py_to_cpp,copy,std,xcdr,shmem_ds,1000000,10,1,measured,20,2026-09-09T14:37:44.459040Z,157858121238161,157858120310437,157858121238161,1788964664458344534,1788964664458881309,ok,
std_copy_xcdr__py_to_cpp__1000000B__10Hz__shmem_ds__best_effort,receive,sub,py_to_cpp,copy,std,xcdr,shmem_ds,1000000,10,1,measured,21,2026-09-09T14:37:44.559390Z,157858221588942,157858220871425,157858221588942,1788964664558850348,1788964664559262537,ok,
std_copy_xcdr__py_to_cpp__1000000B__10Hz__shmem_ds__best_effort,receive,sub,py_to_cpp,copy,std,xcdr,shmem_ds,1000000,10,1,measured,22,2026-09-09T14:37:44.659916Z,157858322114674,157858321356691,157858322114674,1788964664659390427,1788964664659775866,ok,
std_copy_xcdr__py_to_cpp__1000000B__10Hz__shmem_ds__best_effort,receive,sub,py_to_cpp,copy,std,xcdr,shmem_ds,1000000,10,1,measured,23,2026-09-09T14:37:44.759556Z,157858421755613,157858420980487,157858421755613,1788964664758965992,1788964664759403790,ok,
std_copy_xcdr__py_to_cpp__1000000B__10Hz__shmem_ds__best_effort,receive,sub,py_to_cpp,copy,std,xcdr,shmem_ds,1000000,10,1,measured,24,2026-09-09T14:37:44.858788Z,157858520987377,157858520270281,157858520987377,1788964664858245687,1788964664858664289,ok,
std_copy_xcdr__py_to_cpp__1000000B__10Hz__shmem_ds__best_effort,receive,sub,py_to_cpp,copy,std,xcdr,shmem_ds,1000000,10,1,measured,25,2026-09-09T14:37:44.960378Z,157858622576641,157858621303473,157858622576641,1788964664959424845,1788964664960159554,ok,
std_copy_xcdr__py_to_cpp__1000000B__10Hz__shmem_ds__best_effort,receive,sub,py_to_cpp,copy,std,xcdr,shmem_ds,1000000,10,1,measured,26,2026-09-09T14:37:45.059121Z,157858721320133,157858720828292,157858721320133,1788964665058759154,1788964665059028263,ok,
std_copy_xcdr__py_to_cpp__1000000B__10Hz__shmem_ds__best_effort,receive,sub,py_to_cpp,copy,std,xcdr,shmem_ds,1000000,10,1,measured,27,2026-09-09T14:37:45.158476Z,157858820675413,157858820033088,157858820675413,1788964665157983968,1788964665158337657,ok,
std_copy_xcdr__py_to_cpp__1000000B__10Hz__shmem_ds__best_effort,receive,sub,py_to_cpp,copy,std,xcdr,shmem_ds,1000000,10,1,measured,28,2026-09-09T14:37:45.257796Z,157858919994834,157858919238343,157858919994834,1788964665257222155,1788964665257656216,ok,
std_copy_xcdr__py_to_cpp__1000000B__10Hz__shmem_ds__best_effort,receive,sub,py_to_cpp,copy,std,xcdr,shmem_ds,1000000,10,1,measured,29,2026-09-09T14:37:45.358552Z,157859020750741,157859019923567,157859020750741,1788964665357927076,1788964665358382527,ok,
std_copy_xcdr__py_to_cpp__1000000B__10Hz__shmem_ds__best_effort,receive,sub,py_to_cpp,copy,std,xcdr,shmem_ds,1000000,10,1,measured,30,2026-09-09T14:37:45.459124Z,157859121323122,157859120211991,157859121323122,1788964665458318184,1788964665458991167,ok,
std_copy_xcdr__py_to_cpp__1000000B__10Hz__shmem_ds__best_effort,receive,sub,py_to_cpp,copy,std,xcdr,shmem_ds,1000000,10,1,measured,31,2026-09-09T14:37:45.559307Z,157859221506317,157859220756609,157859221506317,1788964665558740952,1788964665559172698,ok,
std_copy_xcdr__py_to_cpp__1000000B__10Hz__shmem_ds__best_effort,receive,sub,py_to_cpp,copy,std,xcdr,shmem_ds,1000000,10,1,measured,32,2026-09-09T14:37:45.659755Z,157859321954443,157859321281210,157859321954443,1788964665659295249,1788964665659641023,ok,
std_copy_xcdr__py_to_cpp__1000000B__10Hz__shmem_ds__best_effort,receive,sub,py_to_cpp,copy,std,xcdr,shmem_ds,1000000,10,1,measured,33,2026-09-09T14:37:45.760159Z,157859422357405,157859421321015,157859422357405,1788964665759396520,1788964665759963993,ok,
std_copy_xcdr__py_to_cpp__1000000B__10Hz__shmem_ds__best_effort,receive,sub,py_to_cpp,copy,std,xcdr,shmem_ds,1000000,10,1,measured,34,2026-09-09T14:37:45.861068Z,157859523267664,157859522313009,157859523267664,1788964665860440121,1788964665860942421,ok,
std_copy_xcdr__py_to_cpp__1000000B__10Hz__shmem_ds__best_effort,receive,sub,py_to_cpp,copy,std,xcdr,shmem_ds,1000000,10,1,measured,35,2026-09-09T14:37:45.961175Z,157859623373362,157859622081800,157859623373362,1788964665960234912,1788964665960955514,ok,
std_copy_xcdr__py_to_cpp__1000000B__10Hz__shmem_ds__best_effort,receive,sub,py_to_cpp,copy,std,xcdr,shmem_ds,1000000,10,1,measured,36,2026-09-09T14:37:46.061224Z,157859723422214,157859722184323,157859723422214,1788964666060288482,1788964666061007462,ok,
std_copy_xcdr__py_to_cpp__1000000B__10Hz__shmem_ds__best_effort,receive,sub,py_to_cpp,copy,std,xcdr,shmem_ds,1000000,10,1,measured,37,2026-09-09T14:37:46.161688Z,157859823886773,157859822826418,157859823886773,1788964666160941878,1788964666161519040,ok,
std_copy_xcdr__py_to_cpp__1000000B__10Hz__shmem_ds__best_effort,receive,sub,py_to_cpp,copy,std,xcdr,shmem_ds,1000000,10,1,measured,38,2026-09-09T14:37:46.261945Z,157859924144018,157859923085687,157859924144018,1788964666261244058,1788964666261798096,ok,
std_copy_xcdr__py_to_cpp__1000000B__10Hz__shmem_ds__best_effort,receive,sub,py_to_cpp,copy,std,xcdr,shmem_ds,1000000,10,1,measured,39,2026-09-09T14:37:46.362923Z,157860025121536,157860023837097,157860025121536,1788964666362032289,1788964666362783890,ok,
std_copy_xcdr__py_to_cpp__1000000B__10Hz__shmem_ds__best_effort,receive,sub,py_to_cpp,copy,std,xcdr,shmem_ds,1000000,10,1,measured,40,2026-09-09T14:37:46.462816Z,157860125014634,157860123923531,157860125014634,1788964666462035004,1788964666462616323,ok,
std_copy_xcdr__py_to_cpp__1000000B__10Hz__shmem_ds__best_effort,receive,sub,py_to_cpp,copy,std,xcdr,shmem_ds,1000000,10,1,measured,41,2026-09-09T14:37:46.563312Z,157860225511604,157860224369334,157860225511604,1788964666562497248,1788964666563181412,ok,
std_copy_xcdr__py_to_cpp__1000000B__10Hz__shmem_ds__best_effort,receive,sub,py_to_cpp,copy,std,xcdr,shmem_ds,1000000,10,1,measured,42,2026-09-09T14:37:46.662464Z,157860324663619,157860323457097,157860324663619,1788964666661625368,1788964666662331934,ok,
std_copy_xcdr__py_to_cpp__1000000B__10Hz__shmem_ds__best_effort,receive,sub,py_to_cpp,copy,std,xcdr,shmem_ds,1000000,10,1,measured,43,2026-09-09T14:37:46.761394Z,157860423592503,157860422852714,157860423592503,1788964666760823371,1788964666761241462,ok,
std_copy_xcdr__py_to_cpp__1000000B__10Hz__shmem_ds__best_effort,receive,sub,py_to_cpp,copy,std,xcdr,shmem_ds,1000000,10,1,measured,44,2026-09-09T14:37:46.861540Z,157860523738188,157860522478766,157860523738188,1788964666860604025,1788964666861312375,ok,
std_copy_xcdr__py_to_cpp__1000000B__10Hz__shmem_ds__best_effort,receive,sub,py_to_cpp,copy,std,xcdr,shmem_ds,1000000,10,1,measured,45,2026-09-09T14:37:46.960832Z,157860623030710,157860621677681,157860623030710,1788964666959817868,1788964666960579048,ok,
std_copy_xcdr__py_to_cpp__1000000B__10Hz__shmem_ds__best_effort,receive,sub,py_to_cpp,copy,std,xcdr,shmem_ds,1000000,10,1,measured,46,2026-09-09T14:37:47.059336Z,157860721535171,157860721022913,157860721535171,1788964667058955387,1788964667059237080,ok,
std_copy_xcdr__py_to_cpp__1000000B__10Hz__shmem_ds__best_effort,receive,sub,py_to_cpp,copy,std,xcdr,shmem_ds,1000000,10,1,measured,47,2026-09-09T14:37:47.158661Z,157860820859654,157860820210476,157860820859654,1788964667158142550,1788964667158513912,ok,
std_copy_xcdr__py_to_cpp__1000000B__10Hz__shmem_ds__best_effort,receive,sub,py_to_cpp,copy,std,xcdr,shmem_ds,1000000,10,1,measured,48,2026-09-09T14:37:47.258168Z,157860920366913,157860919749055,157860920366913,1788964667257685136,1788964667258052371,ok,
std_copy_xcdr__py_to_cpp__1000000B__10Hz__shmem_ds__best_effort,receive,sub,py_to_cpp,copy,std,xcdr,shmem_ds,1000000,10,1,measured,49,2026-09-09T14:37:47.358852Z,157861021049935,157861020075673,157861021049935,1788964667358079813,1788964667358639902,ok,
std_copy_xcdr__py_to_cpp__1000000B__10Hz__shmem_ds__best_effort,receive,sub,py_to_cpp,copy,std,xcdr,shmem_ds,1000000,10,1,measured,50,2026-09-09T14:37:47.458560Z,157861120758645,157861119811815,157861120758645,1788964667457863044,1788964667458390481,ok,
std_copy_xcdr__py_to_cpp__1000000B__10Hz__shmem_ds__best_effort,receive,sub,py_to_cpp,copy,std,xcdr,shmem_ds,1000000,10,1,measured,51,2026-09-09T14:37:47.558049Z,157861220247369,157861219515215,157861220247369,1788964667557480351,1788964667557922497,ok,
std_copy_xcdr__py_to_cpp__1000000B__10Hz__shmem_ds__best_effort,receive,sub,py_to_cpp,copy,std,xcdr,shmem_ds,1000000,10,1,measured,52,2026-09-09T14:37:47.657247Z,157861319446215,157861318927073,157861319446215,1788964667656872422,1788964667657154265,ok,
std_copy_xcdr__py_to_cpp__1000000B__10Hz__shmem_ds__best_effort,receive,sub,py_to_cpp,copy,std,xcdr,shmem_ds,1000000,10,1,measured,53,2026-09-09T14:37:47.757287Z,157861419485009,157861418508041,157861419485009,1788964667756525166,1788964667757081147,ok,
std_copy_xcdr__py_to_cpp__1000000B__10Hz__shmem_ds__best_effort,receive,sub,py_to_cpp,copy,std,xcdr,shmem_ds,1000000,10,1,measured,54,2026-09-09T14:37:47.858028Z,157861520226381,157861519404357,157861520226381,1788964667857463681,1788964667857887382,ok,
std_copy_xcdr__py_to_cpp__1000000B__10Hz__shmem_ds__best_effort,receive,sub,py_to_cpp,copy,std,xcdr,shmem_ds,1000000,10,1,measured,55,2026-09-09T14:37:47.958898Z,157861621095966,157861619762124,157861621095966,1788964667957898534,1788964667958650196,ok,
std_copy_xcdr__py_to_cpp__1000000B__10Hz__shmem_ds__best_effort,receive,sub,py_to_cpp,copy,std,xcdr,shmem_ds,1000000,10,1,measured,56,2026-09-09T14:37:48.058198Z,157861720397687,157861719858447,157861720397687,1788964668057799428,1788964668058096409,ok,
std_copy_xcdr__py_to_cpp__1000000B__10Hz__shmem_ds__best_effort,receive,sub,py_to_cpp,copy,std,xcdr,shmem_ds,1000000,10,1,measured,57,2026-09-09T14:37:48.157539Z,157861819737851,157861819172111,157861819737851,1788964668157098093,1788964668157404422,ok,
std_copy_xcdr__py_to_cpp__1000000B__10Hz__shmem_ds__best_effort,receive,sub,py_to_cpp,copy,std,xcdr,shmem_ds,1000000,10,1,measured,58,2026-09-09T14:37:48.257862Z,157861920061484,157861919601294,157861920061484,1788964668257501698,1788964668257753123,ok,
std_copy_xcdr__py_to_cpp__1000000B__10Hz__shmem_ds__best_effort,receive,sub,py_to_cpp,copy,std,xcdr,shmem_ds,1000000,10,1,measured,59,2026-09-09T14:37:48.357414Z,157862019613068,157862018947830,157862019613068,1788964668356881928,1788964668357252719,ok,
std_copy_xcdr__py_to_cpp__1000000B__10Hz__shmem_ds__best_effort,receive,sub,py_to_cpp,copy,std,xcdr,shmem_ds,1000000,10,1,measured,60,2026-09-09T14:37:48.457470Z,157862119668624,157862118748694,157862119668624,1788964668456727988,1788964668457270454,ok,
std_copy_xcdr__py_to_cpp__1000000B__10Hz__shmem_ds__best_effort,receive,sub,py_to_cpp,copy,std,xcdr,shmem_ds,1000000,10,1,measured,61,2026-09-09T14:37:48.558280Z,157862220478868,157862219727597,157862220478868,1788964668557699937,1788964668558122957,ok,
std_copy_xcdr__py_to_cpp__1000000B__10Hz__shmem_ds__best_effort,receive,sub,py_to_cpp,copy,std,xcdr,shmem_ds,1000000,10,1,measured,62,2026-09-09T14:37:48.658888Z,157862321086670,157862320063174,157862321086670,1788964668658116968,1788964668658678891,ok,
std_copy_xcdr__py_to_cpp__1000000B__10Hz__shmem_ds__best_effort,receive,sub,py_to_cpp,copy,std,xcdr,shmem_ds,1000000,10,1,measured,63,2026-09-09T14:37:48.758737Z,157862420935585,157862420156923,157862420935585,1788964668758126708,1788964668758564856,ok,
std_copy_xcdr__py_to_cpp__1000000B__10Hz__shmem_ds__best_effort,receive,sub,py_to_cpp,copy,std,xcdr,shmem_ds,1000000,10,1,measured,64,2026-09-09T14:37:48.859091Z,157862521289997,157862520506696,157862521289997,1788964668858490618,1788964668858925380,ok,
std_copy_xcdr__py_to_cpp__1000000B__10Hz__shmem_ds__best_effort,receive,sub,py_to_cpp,copy,std,xcdr,shmem_ds,1000000,10,1,measured,65,2026-09-09T14:37:48.960440Z,157862622638380,157862621293947,157862622638380,1788964668959438272,1788964668960167561,ok,
std_copy_xcdr__py_to_cpp__1000000B__10Hz__shmem_ds__best_effort,receive,sub,py_to_cpp,copy,std,xcdr,shmem_ds,1000000,10,1,measured,66,2026-09-09T14:37:49.060696Z,157862722894124,157862721775870,157862722894124,1788964669059869759,1788964669060474954,ok,
std_copy_xcdr__py_to_cpp__1000000B__10Hz__shmem_ds__best_effort,receive,sub,py_to_cpp,copy,std,xcdr,shmem_ds,1000000,10,1,measured,67,2026-09-09T14:37:49.159703Z,157862821901630,157862821195033,157862821901630,1788964669159166271,1788964669159543164,ok,
std_copy_xcdr__py_to_cpp__1000000B__10Hz__shmem_ds__best_effort,receive,sub,py_to_cpp,copy,std,xcdr,shmem_ds,1000000,10,1,measured,68,2026-09-09T14:37:49.258705Z,157862920904306,157862920242574,157862920904306,1788964669258182193,1788964669258544347,ok,
std_copy_xcdr__py_to_cpp__1000000B__10Hz__shmem_ds__best_effort,receive,sub,py_to_cpp,copy,std,xcdr,shmem_ds,1000000,10,1,measured,69,2026-09-09T14:37:49.358137Z,157863020336875,157863019833193,157863020336875,1788964669357743525,1788964669358021201,ok,
std_copy_xcdr__py_to_cpp__1000000B__10Hz__shmem_ds__best_effort,receive,sub,py_to_cpp,copy,std,xcdr,shmem_ds,1000000,10,1,measured,70,2026-09-09T14:37:49.458230Z,157863120428251,157863119426055,157863120428251,1788964669457431809,1788964669458001186,ok,
std_copy_xcdr__py_to_cpp__1000000B__10Hz__shmem_ds__best_effort,receive,sub,py_to_cpp,copy,std,xcdr,shmem_ds,1000000,10,1,measured,71,2026-09-09T14:37:49.557793Z,157863219991287,157863218824140,157863219991287,1788964669556878936,1788964669557550897,ok,
std_copy_xcdr__py_to_cpp__1000000B__10Hz__shmem_ds__best_effort,receive,sub,py_to_cpp,copy,std,xcdr,shmem_ds,1000000,10,1,measured,72,2026-09-09T14:37:49.658263Z,157863320462471,157863319735536,157863320462471,1788964669657712595,1788964669658116970,ok,
std_copy_xcdr__py_to_cpp__1000000B__10Hz__shmem_ds__best_effort,receive,sub,py_to_cpp,copy,std,xcdr,shmem_ds,1000000,10,1,measured,73,2026-09-09T14:37:49.758752Z,157863420950967,157863420441243,157863420950967,1788964669758357367,1788964669758626286,ok,
std_copy_xcdr__py_to_cpp__1000000B__10Hz__shmem_ds__best_effort,receive,sub,py_to_cpp,copy,std,xcdr,shmem_ds,1000000,10,1,measured,74,2026-09-09T14:37:49.858870Z,157863521069384,157863520169282,157863521069384,1788964669858243985,1788964669858714966,ok,
std_copy_xcdr__py_to_cpp__1000000B__10Hz__shmem_ds__best_effort,receive,sub,py_to_cpp,copy,std,xcdr,shmem_ds,1000000,10,1,measured,75,2026-09-09T14:37:49.959627Z,157863621825246,157863620512513,157863621825246,1788964669958636871,1788964669959369467,ok,
std_copy_xcdr__py_to_cpp__1000000B__10Hz__shmem_ds__best_effort,receive,sub,py_to_cpp,copy,std,xcdr,shmem_ds,1000000,10,1,measured,76,2026-09-09T14:37:50.058854Z,157863721053159,157863720239911,157863721053159,1788964670058236767,1788964670058676108,ok,
std_copy_xcdr__py_to_cpp__1000000B__10Hz__shmem_ds__best_effort,receive,sub,py_to_cpp,copy,std,xcdr,shmem_ds,1000000,10,1,measured,77,2026-09-09T14:37:50.159270Z,157863821469340,157863820985334,157863821469340,1788964670158910515,1788964670159160538,ok,
std_copy_xcdr__py_to_cpp__1000000B__10Hz__shmem_ds__best_effort,receive,sub,py_to_cpp,copy,std,xcdr,shmem_ds,1000000,10,1,measured,78,2026-09-09T14:37:50.259302Z,157863921501355,157863920909906,157863921501355,1788964670258835047,1788964670259150123,ok,
std_copy_xcdr__py_to_cpp__1000000B__10Hz__shmem_ds__best_effort,receive,sub,py_to_cpp,copy,std,xcdr,shmem_ds,1000000,10,1,measured,79,2026-09-09T14:37:50.358942Z,157864021141096,157864020460920,157864021141096,1788964670358393625,1788964670358778333,ok,
std_copy_xcdr__py_to_cpp__1000000B__10Hz__shmem_ds__best_effort,receive,sub,py_to_cpp,copy,std,xcdr,shmem_ds,1000000,10,1,measured,80,2026-09-09T14:37:50.458963Z,157864121161118,157864120034157,157864121161118,1788964670458112658,1788964670458738160,ok,
std_copy_xcdr__py_to_cpp__1000000B__10Hz__shmem_ds__best_effort,receive,sub,py_to_cpp,copy,std,xcdr,shmem_ds,1000000,10,1,measured,81,2026-09-09T14:37:50.559021Z,157864221219863,157864220168374,157864221219863,1788964670558256063,1788964670558898067,ok,
std_copy_xcdr__py_to_cpp__1000000B__10Hz__shmem_ds__best_effort,receive,sub,py_to_cpp,copy,std,xcdr,shmem_ds,1000000,10,1,measured,82,2026-09-09T14:37:50.658634Z,157864320832744,157864319687158,157864320832744,1788964670657819791,1788964670658456725,ok,
std_copy_xcdr__py_to_cpp__1000000B__10Hz__shmem_ds__best_effort,receive,sub,py_to_cpp,copy,std,xcdr,shmem_ds,1000000,10,1,measured,83,2026-09-09T14:37:50.758357Z,157864420556455,157864419808611,157864420556455,1788964670757784267,1788964670758218869,ok,
std_copy_xcdr__py_to_cpp__1000000B__10Hz__shmem_ds__best_effort,receive,sub,py_to_cpp,copy,std,xcdr,shmem_ds,1000000,10,1,measured,84,2026-09-09T14:37:50.859214Z,157864521412588,157864520648843,157864521412588,1788964670858626714,1788964670859069822,ok,
std_copy_xcdr__py_to_cpp__1000000B__10Hz__shmem_ds__best_effort,receive,sub,py_to_cpp,copy,std,xcdr,shmem_ds,1000000,10,1,measured,85,2026-09-09T14:37:50.959770Z,157864621969104,157864620517939,157864621969104,1788964670958653007,1788964670959553039,ok,
std_copy_xcdr__py_to_cpp__1000000B__10Hz__shmem_ds__best_effort,receive,sub,py_to_cpp,copy,std,xcdr,shmem_ds,1000000,10,1,measured,86,2026-09-09T14:37:51.058530Z,157864720728722,157864719865850,157864720728722,1788964671057939001,1788964671058371870,ok,
std_copy_xcdr__py_to_cpp__1000000B__10Hz__shmem_ds__best_effort,receive,sub,py_to_cpp,copy,std,xcdr,shmem_ds,1000000,10,1,measured,87,2026-09-09T14:37:51.159102Z,157864821301680,157864820796575,157864821301680,1788964671158721435,1788964671158994582,ok,
std_copy_xcdr__py_to_cpp__1000000B__10Hz__shmem_ds__best_effort,receive,sub,py_to_cpp,copy,std,xcdr,shmem_ds,1000000,10,1,measured,88,2026-09-09T14:37:51.259311Z,157864921509788,157864920820425,157864921509788,1788964671258767357,1788964671259158076,ok,
std_copy_xcdr__py_to_cpp__1000000B__10Hz__shmem_ds__best_effort,receive,sub,py_to_cpp,copy,std,xcdr,shmem_ds,1000000,10,1,measured,89,2026-09-09T14:37:51.358683Z,157865020881986,157865020049812,157865020881986,1788964671358049564,1788964671358540873,ok,
std_copy_xcdr__py_to_cpp__1000000B__10Hz__shmem_ds__best_effort,receive,sub,py_to_cpp,copy,std,xcdr,shmem_ds,1000000,10,1,measured,90,2026-09-09T14:37:51.457927Z,157865120126001,157865119204649,157865120126001,1788964671457354084,1788964671457812190,ok,
std_copy_xcdr__py_to_cpp__1000000B__10Hz__shmem_ds__best_effort,receive,sub,py_to_cpp,copy,std,xcdr,shmem_ds,1000000,10,1,measured,91,2026-09-09T14:37:51.556835Z,157865219033259,157865218337333,157865219033259,1788964671556314512,1788964671556706563,ok,
std_copy_xcdr__py_to_cpp__1000000B__10Hz__shmem_ds__best_effort,receive,sub,py_to_cpp,copy,std,xcdr,shmem_ds,1000000,10,1,measured,92,2026-09-09T14:37:51.657702Z,157865319900473,157865318681218,157865319900473,1788964671656830532,1788964671657514275,ok,
std_copy_xcdr__py_to_cpp__1000000B__10Hz__shmem_ds__best_effort,receive,sub,py_to_cpp,copy,std,xcdr,shmem_ds,1000000,10,1,measured,93,2026-09-09T14:37:51.758147Z,157865420346262,157865419235501,157865420346262,1788964671757308040,1788964671757936609,ok,
std_copy_xcdr__py_to_cpp__1000000B__10Hz__shmem_ds__best_effort,receive,sub,py_to_cpp,copy,std,xcdr,shmem_ds,1000000,10,1,measured,94,2026-09-09T14:37:51.857825Z,157865520023626,157865519144493,157865520023626,1788964671857246709,1788964671857667835,ok,
std_copy_xcdr__py_to_cpp__1000000B__10Hz__shmem_ds__best_effort,receive,sub,py_to_cpp,copy,std,xcdr,shmem_ds,1000000,10,1,measured,95,2026-09-09T14:37:51.956849Z,157865619047114,157865618176206,157865619047114,1788964671956133959,1788964671956607655,ok,
std_copy_xcdr__py_to_cpp__1000000B__10Hz__shmem_ds__best_effort,receive,sub,py_to_cpp,copy,std,xcdr,shmem_ds,1000000,10,1,measured,96,2026-09-09T14:37:52.056724Z,157865718922493,157865717951968,157865718922493,1788964672056039255,1788964672056555692,ok,
std_copy_xcdr__py_to_cpp__1000000B__10Hz__shmem_ds__best_effort,receive,sub,py_to_cpp,copy,std,xcdr,shmem_ds,1000000,10,1,measured,97,2026-09-09T14:37:52.157442Z,157865819640958,157865818903013,157865819640958,1788964672156894409,1788964672157288955,ok,
std_copy_xcdr__py_to_cpp__1000000B__10Hz__shmem_ds__best_effort,receive,sub,py_to_cpp,copy,std,xcdr,shmem_ds,1000000,10,1,measured,98,2026-09-09T14:37:52.257448Z,157865919646685,157865918946290,157865919646685,1788964672256917889,1788964672257296886,ok,
std_copy_xcdr__py_to_cpp__1000000B__10Hz__shmem_ds__best_effort,receive,sub,py_to_cpp,copy,std,xcdr,shmem_ds,1000000,10,1,measured,99,2026-09-09T14:37:52.358179Z,157866020378234,157866019861908,157866020378234,1788964672357780877,1788964672358071256,ok,
std_copy_xcdr__py_to_cpp__1000000B__10Hz__shmem_ds__best_effort,receive,sub,py_to_cpp,copy,std,xcdr,shmem_ds,1000000,10,1,measured,100,2026-09-09T14:37:52.459684Z,157866121883165,157866120744622,157866121883165,1788964672458859201,1788964672459552211,ok,
std_copy_xcdr__py_to_cpp__1000000B__10Hz__shmem_ds__best_effort,receive,sub,py_to_cpp,copy,std,xcdr,shmem_ds,1000000,10,1,measured,101,2026-09-09T14:37:52.558736Z,157866220935469,157866219729227,157866220935469,1788964672557871428,1788964672558563027,ok,
std_copy_xcdr__py_to_cpp__1000000B__10Hz__shmem_ds__best_effort,receive,sub,py_to_cpp,copy,std,xcdr,shmem_ds,1000000,10,1,measured,102,2026-09-09T14:37:52.658789Z,157866320987874,157866320141684,157866320987874,1788964672658190849,1788964672658639026,ok,
std_copy_xcdr__py_to_cpp__1000000B__10Hz__shmem_ds__best_effort,receive,sub,py_to_cpp,copy,std,xcdr,shmem_ds,1000000,10,1,measured,103,2026-09-09T14:37:52.759040Z,157866421238934,157866420474809,157866421238934,1788964672758450375,1788964672758890748,ok,
std_copy_xcdr__py_to_cpp__1000000B__10Hz__shmem_ds__best_effort,receive,sub,py_to_cpp,copy,std,xcdr,shmem_ds,1000000,10,1,measured,104,2026-09-09T14:37:52.859124Z,157866521322829,157866520559275,157866521322829,1788964672858549799,1788964672858976797,ok,
std_copy_xcdr__py_to_cpp__1000000B__10Hz__shmem_ds__best_effort,receive,sub,py_to_cpp,copy,std,xcdr,shmem_ds,1000000,10,1,measured,105,2026-09-09T14:37:52.959289Z,157866621486925,157866620186094,157866621486925,1788964672958318056,1788964672959054018,ok,
std_copy_xcdr__py_to_cpp__1000000B__10Hz__shmem_ds__best_effort,receive,sub,py_to_cpp,copy,std,xcdr,shmem_ds,1000000,10,1,measured,106,2026-09-09T14:37:53.058967Z,157866721165082,157866720363266,157866721165082,1788964673058388155,1788964673058795776,ok,
std_copy_xcdr__py_to_cpp__1000000B__10Hz__shmem_ds__best_effort,receive,sub,py_to_cpp,copy,std,xcdr,shmem_ds,1000000,10,1,measured,107,2026-09-09T14:37:53.157764Z,157866819963637,157866819509247,157866819963637,1788964673157419600,1788964673157666938,ok,
std_copy_xcdr__py_to_cpp__1000000B__10Hz__shmem_ds__best_effort,receive,sub,py_to_cpp,copy,std,xcdr,shmem_ds,1000000,10,1,measured,108,2026-09-09T14:37:53.257768Z,157866919967009,157866919386892,157866919967009,1788964673257303997,1788964673257621117,ok,
std_copy_xcdr__py_to_cpp__1000000B__10Hz__shmem_ds__best_effort,receive,sub,py_to_cpp,copy,std,xcdr,shmem_ds,1000000,10,1,measured,109,2026-09-09T14:37:53.357556Z,157867019755215,157867019273584,157867019755215,1788964673357168618,1788964673357433539,ok,
std_copy_xcdr__py_to_cpp__1000000B__10Hz__shmem_ds__best_effort,receive,sub,py_to_cpp,copy,std,xcdr,shmem_ds,1000000,10,1,measured,110,2026-09-09T14:37:53.459445Z,157867121643614,157867120377780,157867121643614,1788964673458456892,1788964673459208403,ok,
std_copy_xcdr__py_to_cpp__1000000B__10Hz__shmem_ds__best_effort,receive,sub,py_to_cpp,copy,std,xcdr,shmem_ds,1000000,10,1,measured,111,2026-09-09T14:37:53.560083Z,157867222281587,157867221081467,157867222281587,1788964673559211886,1788964673559882143,ok,
std_copy_xcdr__py_to_cpp__1000000B__10Hz__shmem_ds__best_effort,receive,sub,py_to_cpp,copy,std,xcdr,shmem_ds,1000000,10,1,measured,112,2026-09-09T14:37:53.659204Z,157867321402951,157867320553815,157867321402951,1788964673658594665,1788964673659040879,ok,
std_copy_xcdr__py_to_cpp__1000000B__10Hz__shmem_ds__best_effort,receive,sub,py_to_cpp,copy,std,xcdr,shmem_ds,1000000,10,1,measured,113,2026-09-09T14:37:53.758742Z,157867420942086,157867420478239,157867420942086,1788964673758392670,1788964673758633806,ok,
std_copy_xcdr__py_to_cpp__1000000B__10Hz__shmem_ds__best_effort,receive,sub,py_to_cpp,copy,std,xcdr,shmem_ds,1000000,10,1,measured,114,2026-09-09T14:37:53.859204Z,157867521402724,157867519984481,157867521402724,1788964673858145568,1788964673858941423,ok,
std_copy_xcdr__py_to_cpp__1000000B__10Hz__shmem_ds__best_effort,receive,sub,py_to_cpp,copy,std,xcdr,shmem_ds,1000000,10,1,measured,115,2026-09-09T14:37:53.959651Z,157867621850236,157867620817804,157867621850236,1788964673958944596,1788964673959531235,ok,
std_copy_xcdr__py_to_cpp__1000000B__10Hz__shmem_ds__best_effort,receive,sub,py_to_cpp,copy,std,xcdr,shmem_ds,1000000,10,1,measured,116,2026-09-09T14:37:54.060094Z,157867722293142,157867721472870,157867722293142,1788964674059499543,1788964674059936469,ok,
std_copy_xcdr__py_to_cpp__1000000B__10Hz__shmem_ds__best_effort,receive,sub,py_to_cpp,copy,std,xcdr,shmem_ds,1000000,10,1,measured,117,2026-09-09T14:37:54.159437Z,157867821636187,157867821047754,157867821636187,1788964674158992352,1788964674159310483,ok,
std_copy_xcdr__py_to_cpp__1000000B__10Hz__shmem_ds__best_effort,receive,sub,py_to_cpp,copy,std,xcdr,shmem_ds,1000000,10,1,measured,118,2026-09-09T14:37:54.259808Z,157867922007045,157867921303294,157867922007045,1788964674259256959,1788964674259641676,ok,
std_copy_xcdr__py_to_cpp__1000000B__10Hz__shmem_ds__best_effort,receive,sub,py_to_cpp,copy,std,xcdr,shmem_ds,1000000,10,1,measured,119,2026-09-09T14:37:54.359799Z,157868021998476,157868021503830,157868021998476,1788964674359406819,1788964674359683352,ok,
std_copy_xcdr__py_to_cpp__1000000B__10Hz__shmem_ds__best_effort,receive,sub,py_to_cpp,copy,std,xcdr,shmem_ds,1000000,10,1,measured,120,2026-09-09T14:37:54.459438Z,157868121636800,157868120864309,157868121636800,1788964674458855565,1788964674459332737,ok,
std_copy_xcdr__py_to_cpp__1000000B__10Hz__shmem_ds__best_effort,receive,sub,py_to_cpp,copy,std,xcdr,shmem_ds,1000000,10,1,measured,121,2026-09-09T14:37:54.560595Z,157868222793444,157868221464130,157868222793444,1788964674559585081,1788964674560360207,ok,
std_copy_xcdr__py_to_cpp__1000000B__10Hz__shmem_ds__best_effort,receive,sub,py_to_cpp,copy,std,xcdr,shmem_ds,1000000,10,1,measured,122,2026-09-09T14:37:54.660247Z,157868322445544,157868321514463,157868322445544,1788964674659578316,1788964674660093932,ok,
std_copy_xcdr__py_to_cpp__1000000B__10Hz__shmem_ds__best_effort,receive,sub,py_to_cpp,copy,std,xcdr,shmem_ds,1000000,10,1,measured,123,2026-09-09T14:37:54.760817Z,157868423015610,157868422065523,157868423015610,1788964674760046580,1788964674760654590,ok,
std_copy_xcdr__py_to_cpp__1000000B__10Hz__shmem_ds__best_effort,receive,sub,py_to_cpp,copy,std,xcdr,shmem_ds,1000000,10,1,measured,124,2026-09-09T14:37:54.861193Z,157868523391569,157868522166282,157868523391569,1788964674860265071,1788964674860980874,ok,
std_copy_xcdr__py_to_cpp__1000000B__10Hz__shmem_ds__best_effort,receive,sub,py_to_cpp,copy,std,xcdr,shmem_ds,1000000,10,1,measured,125,2026-09-09T14:37:54.960368Z,157868622566636,157868621214248,157868622566636,1788964674959369955,1788964674960155841,ok,
std_copy_xcdr__py_to_cpp__1000000B__10Hz__shmem_ds__best_effort,receive,sub,py_to_cpp,copy,std,xcdr,shmem_ds,1000000,10,1,measured,126,2026-09-09T14:37:55.059247Z,157868721446055,157868720741412,157868721446055,1788964675058741324,1788964675059113228,ok,
std_copy_xcdr__py_to_cpp__1000000B__10Hz__shmem_ds__best_effort,receive,sub,py_to_cpp,copy,std,xcdr,shmem_ds,1000000,10,1,measured,127,2026-09-09T14:37:55.158584Z,157868820782799,157868819790964,157868820782799,1788964675157840480,1788964675158389308,ok,
std_copy_xcdr__py_to_cpp__1000000B__10Hz__shmem_ds__best_effort,receive,sub,py_to_cpp,copy,std,xcdr,shmem_ds,1000000,10,1,measured,128,2026-09-09T14:37:55.258984Z,157868921182844,157868920599140,157868921182844,1788964675258549639,1788964675258867300,ok,
std_copy_xcdr__py_to_cpp__1000000B__10Hz__shmem_ds__best_effort,receive,sub,py_to_cpp,copy,std,xcdr,shmem_ds,1000000,10,1,measured,129,2026-09-09T14:37:55.359836Z,157869022034864,157869021360529,157869022034864,1788964675359304505,1788964675359666049,ok,
std_copy_xcdr__py_to_cpp__1000000B__10Hz__shmem_ds__best_effort,receive,sub,py_to_cpp,copy,std,xcdr,shmem_ds,1000000,10,1,measured,130,2026-09-09T14:37:55.460470Z,157869122668490,157869122012689,157869122668490,1788964675459957658,1788964675460327197,ok,
std_copy_xcdr__py_to_cpp__1000000B__10Hz__shmem_ds__best_effort,receive,sub,py_to_cpp,copy,std,xcdr,shmem_ds,1000000,10,1,measured,131,2026-09-09T14:37:55.560724Z,157869222922800,157869221729293,157869222922800,1788964675559887394,1788964675560590374,ok,
std_copy_xcdr__py_to_cpp__1000000B__10Hz__shmem_ds__best_effort,receive,sub,py_to_cpp,copy,std,xcdr,shmem_ds,1000000,10,1,measured,132,2026-09-09T14:37:55.659131Z,157869321330117,157869320770228,157869321330117,1788964675658741706,1788964675659026585,ok,
std_copy_xcdr__py_to_cpp__1000000B__10Hz__shmem_ds__best_effort,receive,sub,py_to_cpp,copy,std,xcdr,shmem_ds,1000000,10,1,measured,133,2026-09-09T14:37:55.759740Z,157869421939147,157869421478325,157869421939147,1788964675759376385,1788964675759629824,ok,
std_copy_xcdr__py_to_cpp__1000000B__10Hz__shmem_ds__best_effort,receive,sub,py_to_cpp,copy,std,xcdr,shmem_ds,1000000,10,1,measured,134,2026-09-09T14:37:55.861390Z,157869523587733,157869522464870,157869523587733,1788964675860528302,1788964675861173612,ok,
std_copy_xcdr__py_to_cpp__1000000B__10Hz__shmem_ds__best_effort,receive,sub,py_to_cpp,copy,std,xcdr,shmem_ds,1000000,10,1,measured,135,2026-09-09T14:37:55.960651Z,157869622849125,157869621697507,157869622849125,1788964675959822746,1788964675960464049,ok,
std_copy_xcdr__py_to_cpp__1000000B__10Hz__shmem_ds__best_effort,receive,sub,py_to_cpp,copy,std,xcdr,shmem_ds,1000000,10,1,measured,136,2026-09-09T14:37:56.060183Z,157869722381931,157869721586256,157869722381931,1788964676059590687,1788964676060026010,ok,
std_copy_xcdr__py_to_cpp__1000000B__10Hz__shmem_ds__best_effort,receive,sub,py_to_cpp,copy,std,xcdr,shmem_ds,1000000,10,1,measured,137,2026-09-09T14:37:56.159214Z,157869821413118,157869820697816,157869821413118,1788964676158670797,1788964676159063540,ok,
std_copy_xcdr__py_to_cpp__1000000B__10Hz__shmem_ds__best_effort,receive,sub,py_to_cpp,copy,std,xcdr,shmem_ds,1000000,10,1,measured,138,2026-09-09T14:37:56.259432Z,157869921631351,157869921184726,157869921631351,1788964676259096752,1788964676259329903,ok,
std_copy_xcdr__py_to_cpp__1000000B__10Hz__shmem_ds__best_effort,receive,sub,py_to_cpp,copy,std,xcdr,shmem_ds,1000000,10,1,measured,139,2026-09-09T14:37:56.360227Z,157870022426264,157870021751087,157870022426264,1788964676359704090,1788964676360103676,ok,
std_copy_xcdr__py_to_cpp__1000000B__10Hz__shmem_ds__best_effort,receive,sub,py_to_cpp,copy,std,xcdr,shmem_ds,1000000,10,1,measured,140,2026-09-09T14:37:56.459594Z,157870121793416,157870121042897,157870121793416,1788964676459039132,1788964676459445320,ok,
std_copy_xcdr__py_to_cpp__1000000B__10Hz__shmem_ds__best_effort,receive,sub,py_to_cpp,copy,std,xcdr,shmem_ds,1000000,10,1,measured,141,2026-09-09T14:37:56.560170Z,157870222368424,157870221059879,157870222368424,1788964676559168757,1788964676559916792,ok,
std_copy_xcdr__py_to_cpp__1000000B__10Hz__shmem_ds__best_effort,receive,sub,py_to_cpp,copy,std,xcdr,shmem_ds,1000000,10,1,measured,142,2026-09-09T14:37:56.659425Z,157870321624787,157870321069938,157870321624787,1788964676659031407,1788964676659309603,ok,
std_copy_xcdr__py_to_cpp__1000000B__10Hz__shmem_ds__best_effort,receive,sub,py_to_cpp,copy,std,xcdr,shmem_ds,1000000,10,1,measured,143,2026-09-09T14:37:56.759187Z,157870421385944,157870420596852,157870421385944,1788964676758565194,1788964676759011378,ok,
std_copy_xcdr__py_to_cpp__1000000B__10Hz__shmem_ds__best_effort,receive,sub,py_to_cpp,copy,std,xcdr,shmem_ds,1000000,10,1,measured,144,2026-09-09T14:37:56.860433Z,157870522630718,157870521404078,157870522630718,1788964676859515671,1788964676860197060,ok,
std_copy_xcdr__py_to_cpp__1000000B__10Hz__shmem_ds__best_effort,receive,sub,py_to_cpp,copy,std,xcdr,shmem_ds,1000000,10,1,measured,145,2026-09-09T14:37:56.960406Z,157870622604518,157870621307606,157870622604518,1788964676959406194,1788964676960133349,ok,
std_copy_xcdr__py_to_cpp__1000000B__10Hz__shmem_ds__best_effort,receive,sub,py_to_cpp,copy,std,xcdr,shmem_ds,1000000,10,1,measured,146,2026-09-09T14:37:57.059623Z,157870721821197,157870720660762,157870721821197,1788964677058751305,1788964677059407176,ok,
std_copy_xcdr__py_to_cpp__1000000B__10Hz__shmem_ds__best_effort,receive,sub,py_to_cpp,copy,std,xcdr,shmem_ds,1000000,10,1,measured,147,2026-09-09T14:37:57.159191Z,157870821390103,157870820680290,157870821390103,1788964677158653632,1788964677159035584,ok,
std_copy_xcdr__py_to_cpp__1000000B__10Hz__shmem_ds__best_effort,receive,sub,py_to_cpp,copy,std,xcdr,shmem_ds,1000000,10,1,measured,148,2026-09-09T14:37:57.259268Z,157870921467599,157870921057213,157870921467599,1788964677258955904,1788964677259173626,ok,
std_copy_xcdr__py_to_cpp__1000000B__10Hz__shmem_ds__best_effort,receive,sub,py_to_cpp,copy,std,xcdr,shmem_ds,1000000,10,1,measured,149,2026-09-09T14:37:57.358990Z,157871021189133,157871020511421,157871021189133,1788964677358439167,1788964677358834705,ok,
std_copy_xcdr__py_to_cpp__1000000B__10Hz__shmem_ds__best_effort,receive,sub,py_to_cpp,copy,std,xcdr,shmem_ds,1000000,10,1,measured,150,2026-09-09T14:37:57.458614Z,157871120812762,157871120157723,157871120812762,1788964677458100487,1788964677458460007,ok,
std_copy_xcdr__py_to_cpp__1000000B__10Hz__shmem_ds__best_effort,receive,sub,py_to_cpp,copy,std,xcdr,shmem_ds,1000000,10,1,measured,151,2026-09-09T14:37:57.560402Z,157871222600613,157871221258776,157871222600613,1788964677559362724,1788964677560116260,ok,
std_copy_xcdr__py_to_cpp__1000000B__10Hz__shmem_ds__best_effort,receive,sub,py_to_cpp,copy,std,xcdr,shmem_ds,1000000,10,1,measured,152,2026-09-09T14:37:57.659793Z,157871321992593,157871321452883,157871321992593,1788964677659397681,1788964677659673993,ok,
std_copy_xcdr__py_to_cpp__1000000B__10Hz__shmem_ds__best_effort,receive,sub,py_to_cpp,copy,std,xcdr,shmem_ds,1000000,10,1,measured,153,2026-09-09T14:37:57.760283Z,157871422481279,157871421383423,157871422481279,1788964677759432428,1788964677760048323,ok,
std_copy_xcdr__py_to_cpp__1000000B__10Hz__shmem_ds__best_effort,receive,sub,py_to_cpp,copy,std,xcdr,shmem_ds,1000000,10,1,measured,154,2026-09-09T14:37:57.859892Z,157871522090831,157871521366632,157871522090831,1788964677859341857,1788964677859738828,ok,
std_copy_xcdr__py_to_cpp__1000000B__10Hz__shmem_ds__best_effort,receive,sub,py_to_cpp,copy,std,xcdr,shmem_ds,1000000,10,1,measured,155,2026-09-09T14:37:57.959745Z,157871621943153,157871620721713,157871621943153,1788964677958863483,1788964677959511228,ok,
std_copy_xcdr__py_to_cpp__1000000B__10Hz__shmem_ds__best_effort,receive,sub,py_to_cpp,copy,std,xcdr,shmem_ds,1000000,10,1,measured,156,2026-09-09T14:37:58.058623Z,157871720820771,157871720076934,157871720820771,1788964678058061918,1788964678058453719,ok,
std_copy_xcdr__py_to_cpp__1000000B__10Hz__shmem_ds__best_effort,receive,sub,py_to_cpp,copy,std,xcdr,shmem_ds,1000000,10,1,measured,157,2026-09-09T14:37:58.158368Z,157871820566632,157871819750598,157871820566632,1788964678157749348,1788964678158191084,ok,
std_copy_xcdr__py_to_cpp__1000000B__10Hz__shmem_ds__best_effort,receive,sub,py_to_cpp,copy,std,xcdr,shmem_ds,1000000,10,1,measured,158,2026-09-09T14:37:58.258193Z,157871920391793,157871919875907,157871920391793,1788964678257792361,1788964678258076038,ok,
std_copy_xcdr__py_to_cpp__1000000B__10Hz__shmem_ds__best_effort,receive,sub,py_to_cpp,copy,std,xcdr,shmem_ds,1000000,10,1,measured,159,2026-09-09T14:37:58.357774Z,157872019972932,157872019318444,157872019972932,1788964678357253444,1788964678357625417,ok,
std_copy_xcdr__py_to_cpp__1000000B__10Hz__shmem_ds__best_effort,receive,sub,py_to_cpp,copy,std,xcdr,shmem_ds,1000000,10,1,measured,160,2026-09-09T14:37:58.457288Z,157872119486725,157872118799936,157872119486725,1788964678456756446,1788964678457131054,ok,
std_copy_xcdr__py_to_cpp__1000000B__10Hz__shmem_ds__best_effort,receive,sub,py_to_cpp,copy,std,xcdr,shmem_ds,1000000,10,1,measured,161,2026-09-09T14:37:58.557182Z,157872219380505,157872218061611,157872219380505,1788964678556173565,1788964678556926930,ok,
std_copy_xcdr__py_to_cpp__1000000B__10Hz__shmem_ds__best_effort,receive,sub,py_to_cpp,copy,std,xcdr,shmem_ds,1000000,10,1,measured,162,2026-09-09T14:37:58.656641Z,157872318840576,157872318238367,157872318840576,1788964678656206279,1788964678656519581,ok,
std_copy_xcdr__py_to_cpp__1000000B__10Hz__shmem_ds__best_effort,receive,sub,py_to_cpp,copy,std,xcdr,shmem_ds,1000000,10,1,measured,163,2026-09-09T14:37:58.756320Z,157872418518348,157872417685263,157872418518348,1788964678755661420,1788964678756145876,ok,
std_copy_xcdr__py_to_cpp__1000000B__10Hz__shmem_ds__best_effort,receive,sub,py_to_cpp,copy,std,xcdr,shmem_ds,1000000,10,1,measured,164,2026-09-09T14:37:58.856964Z,157872519163660,157872518483324,157872519163660,1788964678856450384,1788964678856846292,ok,
std_copy_xcdr__py_to_cpp__1000000B__10Hz__shmem_ds__best_effort,receive,sub,py_to_cpp,copy,std,xcdr,shmem_ds,1000000,10,1,measured,165,2026-09-09T14:37:58.958262Z,157872620461306,157872619333242,157872620461306,1788964678957462449,1788964678958136945,ok,
std_copy_xcdr__py_to_cpp__1000000B__10Hz__shmem_ds__best_effort,receive,sub,py_to_cpp,copy,std,xcdr,shmem_ds,1000000,10,1,measured,166,2026-09-09T14:37:59.057137Z,157872719335459,157872718393517,157872719335459,1788964679056457340,1788964679056967656,ok,
std_copy_xcdr__py_to_cpp__1000000B__10Hz__shmem_ds__best_effort,receive,sub,py_to_cpp,copy,std,xcdr,shmem_ds,1000000,10,1,measured,167,2026-09-09T14:37:59.156358Z,157872818556829,157872817830796,157872818556829,1788964679155832532,1788964679156215596,ok,
std_copy_xcdr__py_to_cpp__1000000B__10Hz__shmem_ds__best_effort,receive,sub,py_to_cpp,copy,std,xcdr,shmem_ds,1000000,10,1,measured,168,2026-09-09T14:37:59.256428Z,157872918627455,157872918131387,157872918627455,1788964679256047220,1788964679256316609,ok,
std_copy_xcdr__py_to_cpp__1000000B__10Hz__shmem_ds__best_effort,receive,sub,py_to_cpp,copy,std,xcdr,shmem_ds,1000000,10,1,measured,169,2026-09-09T14:37:59.355972Z,157873018170934,157873017560890,157873018170934,1788964679355483345,1788964679355827015,ok,
std_copy_xcdr__py_to_cpp__1000000B__10Hz__shmem_ds__best_effort,receive,sub,py_to_cpp,copy,std,xcdr,shmem_ds,1000000,10,1,measured,170,2026-09-09T14:37:59.455466Z,157873117664799,157873116815042,157873117664799,1788964679454731266,1788964679455277810,ok,
std_copy_xcdr__py_to_cpp__1000000B__10Hz__shmem_ds__best_effort,receive,sub,py_to_cpp,copy,std,xcdr,shmem_ds,1000000,10,1,measured,171,2026-09-09T14:37:59.556970Z,157873219167414,157873217833551,157873219167414,1788964679555987775,1788964679556731943,ok,
std_copy_xcdr__py_to_cpp__1000000B__10Hz__shmem_ds__best_effort,receive,sub,py_to_cpp,copy,std,xcdr,shmem_ds,1000000,10,1,measured,172,2026-09-09T14:37:59.656246Z,157873318444669,157873317860935,157873318444669,1788964679655834668,1788964679656131409,ok,
std_copy_xcdr__py_to_cpp__1000000B__10Hz__shmem_ds__best_effort,receive,sub,py_to_cpp,copy,std,xcdr,shmem_ds,1000000,10,1,measured,173,2026-09-09T14:37:59.756070Z,157873418268980,157873417763234,157873418268980,1788964679755662586,1788964679755946954,ok,
std_copy_xcdr__py_to_cpp__1000000B__10Hz__shmem_ds__best_effort,receive,sub,py_to_cpp,copy,std,xcdr,shmem_ds,1000000,10,1,measured,174,2026-09-09T14:37:59.857457Z,157873519655526,157873518455225,157873519655526,1788964679856525731,1788964679857225124,ok,
std_copy_xcdr__py_to_cpp__1000000B__10Hz__shmem_ds__best_effort,receive,sub,py_to_cpp,copy,std,xcdr,shmem_ds,1000000,10,1,measured,175,2026-09-09T14:37:59.958173Z,157873620371042,157873619140194,157873620371042,1788964679957303254,1788964679957974193,ok,
std_copy_xcdr__py_to_cpp__1000000B__10Hz__shmem_ds__best_effort,receive,sub,py_to_cpp,copy,std,xcdr,shmem_ds,1000000,10,1,measured,176,2026-09-09T14:38:00.057461Z,157873719659458,157873718459047,157873719659458,1788964680056568988,1788964680057249214,ok,
std_copy_xcdr__py_to_cpp__1000000B__10Hz__shmem_ds__best_effort,receive,sub,py_to_cpp,copy,std,xcdr,shmem_ds,1000000,10,1,measured,177,2026-09-09T14:38:00.155919Z,157873818118808,157873817586481,157873818118808,1788964680155532472,1788964680155800519,ok,
std_copy_xcdr__py_to_cpp__1000000B__10Hz__shmem_ds__best_effort,receive,sub,py_to_cpp,copy,std,xcdr,shmem_ds,1000000,10,1,measured,178,2026-09-09T14:38:00.256116Z,157873918314592,157873917459595,157873918314592,1788964680255445490,1788964680255921040,ok,
std_copy_xcdr__py_to_cpp__1000000B__10Hz__shmem_ds__best_effort,receive,sub,py_to_cpp,copy,std,xcdr,shmem_ds,1000000,10,1,measured,179,2026-09-09T14:38:00.355609Z,157874017808538,157874017263778,157874017808538,1788964680355193176,1788964680355498444,ok,
std_copy_xcdr__py_to_cpp__1000000B__10Hz__shmem_ds__best_effort,receive,sub,py_to_cpp,copy,std,xcdr,shmem_ds,1000000,10,1,measured,180,2026-09-09T14:38:00.455742Z,157874117940772,157874117218997,157874117940772,1788964680455169947,1788964680455571857,ok,
std_copy_xcdr__py_to_cpp__1000000B__10Hz__shmem_ds__best_effort,receive,sub,py_to_cpp,copy,std,xcdr,shmem_ds,1000000,10,1,measured,181,2026-09-09T14:38:00.556862Z,157874219060404,157874217762018,157874219060404,1788964680555887668,1788964680556616567,ok,
std_copy_xcdr__py_to_cpp__1000000B__10Hz__shmem_ds__best_effort,receive,sub,py_to_cpp,copy,std,xcdr,shmem_ds,1000000,10,1,measured,182,2026-09-09T14:38:00.657344Z,157874319541938,157874318172207,157874319541938,1788964680656285083,1788964680657080297,ok,
std_copy_xcdr__py_to_cpp__1000000B__10Hz__shmem_ds__best_effort,receive,sub,py_to_cpp,copy,std,xcdr,shmem_ds,1000000,10,1,measured,183,2026-09-09T14:38:00.758478Z,157874420676999,157874419187221,157874420676999,1788964680757553045,1788964680758328181,ok,
std_copy_xcdr__py_to_cpp__1000000B__10Hz__shmem_ds__best_effort,receive,sub,py_to_cpp,copy,std,xcdr,shmem_ds,1000000,10,1,measured,184,2026-09-09T14:38:00.857463Z,157874519661261,157874518302110,157874519661261,1788964680856473176,1788964680857220410,ok,
std_copy_xcdr__py_to_cpp__1000000B__10Hz__shmem_ds__best_effort,receive,sub,py_to_cpp,copy,std,xcdr,shmem_ds,1000000,10,1,measured,185,2026-09-09T14:38:00.956952Z,157874619151240,157874618046801,157874619151240,1788964680956142044,1788964680956781193,ok,
std_copy_xcdr__py_to_cpp__1000000B__10Hz__shmem_ds__best_effort,receive,sub,py_to_cpp,copy,std,xcdr,shmem_ds,1000000,10,1,measured,186,2026-09-09T14:38:01.056551Z,157874718749725,157874717735216,157874718749725,1788964681055822293,1788964681056358236,ok,
std_copy_xcdr__py_to_cpp__1000000B__10Hz__shmem_ds__best_effort,receive,sub,py_to_cpp,copy,std,xcdr,shmem_ds,1000000,10,1,measured,187,2026-09-09T14:38:01.157648Z,157874819846694,157874818496069,157874819846694,1788964681156628683,1788964681157413036,ok,
std_copy_xcdr__py_to_cpp__1000000B__10Hz__shmem_ds__best_effort,receive,sub,py_to_cpp,copy,std,xcdr,shmem_ds,1000000,10,1,measured,188,2026-09-09T14:38:01.256546Z,157874918744895,157874917937437,157874918744895,1788964681255976494,1788964681256402179,ok,
std_copy_xcdr__py_to_cpp__1000000B__10Hz__shmem_ds__best_effort,receive,sub,py_to_cpp,copy,std,xcdr,shmem_ds,1000000,10,1,measured,189,2026-09-09T14:38:01.355533Z,157875017732415,157875017247507,157875017732415,1788964681355160876,1788964681355429634,ok,
std_copy_xcdr__py_to_cpp__1000000B__10Hz__shmem_ds__best_effort,receive,sub,py_to_cpp,copy,std,xcdr,shmem_ds,1000000,10,1,measured,190,2026-09-09T14:38:01.456040Z,157875118238586,157875117221763,157875118238586,1788964681455249678,1788964681455829655,ok,
std_copy_xcdr__py_to_cpp__1000000B__10Hz__shmem_ds__best_effort,receive,sub,py_to_cpp,copy,std,xcdr,shmem_ds,1000000,10,1,measured,191,2026-09-09T14:38:01.555580Z,157875217779272,157875217027620,157875217779272,1788964681554993117,1788964681555427038,ok,
std_copy_xcdr__py_to_cpp__1000000B__10Hz__shmem_ds__best_effort,receive,sub,py_to_cpp,copy,std,xcdr,shmem_ds,1000000,10,1,measured,192,2026-09-09T14:38:01.655223Z,157875317421830,157875316611177,157875317421830,1788964681654639763,1788964681655074315,ok,
std_copy_xcdr__py_to_cpp__1000000B__10Hz__shmem_ds__best_effort,receive,sub,py_to_cpp,copy,std,xcdr,shmem_ds,1000000,10,1,measured,193,2026-09-09T14:38:01.754245Z,157875416443925,157875416043077,157875416443925,1788964681753939153,1788964681754161193,ok,
std_copy_xcdr__py_to_cpp__1000000B__10Hz__shmem_ds__best_effort,receive,sub,py_to_cpp,copy,std,xcdr,shmem_ds,1000000,10,1,measured,194,2026-09-09T14:38:01.855408Z,157875517607421,157875516906715,157875517607421,1788964681854866131,1788964681855263903,ok,
std_copy_xcdr__py_to_cpp__1000000B__10Hz__shmem_ds__best_effort,receive,sub,py_to_cpp,copy,std,xcdr,shmem_ds,1000000,10,1,measured,195,2026-09-09T14:38:01.955416Z,157875617615049,157875616820957,157875617615049,1788964681954809688,1788964681955262705,ok,
std_copy_xcdr__py_to_cpp__1000000B__10Hz__shmem_ds__best_effort,receive,sub,py_to_cpp,copy,std,xcdr,shmem_ds,1000000,10,1,measured,196,2026-09-09T14:38:02.056400Z,157875718598515,157875717577173,157875718598515,1788964682055663599,1788964682056215493,ok,
std_copy_xcdr__py_to_cpp__1000000B__10Hz__shmem_ds__best_effort,receive,sub,py_to_cpp,copy,std,xcdr,shmem_ds,1000000,10,1,measured,197,2026-09-09T14:38:02.156245Z,157875818443547,157875817661889,157875818443547,1788964682155695475,1788964682156109077,ok,
std_copy_xcdr__py_to_cpp__1000000B__10Hz__shmem_ds__best_effort,receive,sub,py_to_cpp,copy,std,xcdr,shmem_ds,1000000,10,1,measured,198,2026-09-09T14:38:02.255163Z,157875917362237,157875916708190,157875917362237,1788964682254654540,1788964682255013529,ok,
std_copy_xcdr__py_to_cpp__1000000B__10Hz__shmem_ds__best_effort,receive,sub,py_to_cpp,copy,std,xcdr,shmem_ds,1000000,10,1,measured,199,2026-09-09T14:38:02.356157Z,157876018355973,157876017705963,157876018355973,1788964682355636194,1788964682356020941,ok,
std_copy_xcdr__py_to_cpp__1000000B__10Hz__shmem_ds__best_effort,receive,sub,py_to_cpp,copy,std,xcdr,shmem_ds,1000000,10,1,measured,200,2026-09-09T14:38:02.457083Z,157876119281429,157876118431151,157876119281429,1788964682456442745,1788964682456927121,ok,
std_copy_xcdr__py_to_cpp__1000000B__10Hz__shmem_ds__best_effort,receive,sub,py_to_cpp,copy,std,xcdr,shmem_ds,1000000,10,1,measured,201,2026-09-09T14:38:02.558335Z,157876220533412,157876219465793,157876220533412,1788964682557603025,1788964682558191558,ok,
std_copy_xcdr__py_to_cpp__1000000B__10Hz__shmem_ds__best_effort,receive,sub,py_to_cpp,copy,std,xcdr,shmem_ds,1000000,10,1,measured,202,2026-09-09T14:38:02.658880Z,157876321078828,157876320253858,157876321078828,1788964682658277665,1788964682658713179,ok,
std_copy_xcdr__py_to_cpp__1000000B__10Hz__shmem_ds__best_effort,receive,sub,py_to_cpp,copy,std,xcdr,shmem_ds,1000000,10,1,measured,203,2026-09-09T14:38:02.759599Z,157876421798626,157876421074787,157876421798626,1788964682759047618,1788964682759449498,ok,
std_copy_xcdr__py_to_cpp__1000000B__10Hz__shmem_ds__best_effort,receive,sub,py_to_cpp,copy,std,xcdr,shmem_ds,1000000,10,1,measured,204,2026-09-09T14:38:02.859025Z,157876521223934,157876520320265,157876521223934,1788964682858442989,1788964682858893602,ok,
std_copy_xcdr__py_to_cpp__1000000B__10Hz__shmem_ds__best_effort,receive,sub,py_to_cpp,copy,std,xcdr,shmem_ds,1000000,10,1,measured,205,2026-09-09T14:38:02.959223Z,157876621421294,157876620300424,157876621421294,1788964682958394184,1788964682959033673,ok,
std_copy_xcdr__py_to_cpp__1000000B__10Hz__shmem_ds__best_effort,receive,sub,py_to_cpp,copy,std,xcdr,shmem_ds,1000000,10,1,measured,206,2026-09-09T14:38:03.058520Z,157876720718080,157876719686028,157876720718080,1788964683057768286,1788964683058331612,ok,
std_copy_xcdr__py_to_cpp__1000000B__10Hz__shmem_ds__best_effort,receive,sub,py_to_cpp,copy,std,xcdr,shmem_ds,1000000,10,1,measured,207,2026-09-09T14:38:03.157675Z,157876819874440,157876819407757,157876819874440,1788964683157337386,1788964683157587710,ok,
std_copy_xcdr__py_to_cpp__1000000B__10Hz__shmem_ds__best_effort,receive,sub,py_to_cpp,copy,std,xcdr,shmem_ds,1000000,10,1,measured,208,2026-09-09T14:38:03.257008Z,157876919207124,157876918525645,157876919207124,1788964683256468209,1788964683256850572,ok,
std_copy_xcdr__py_to_cpp__1000000B__10Hz__shmem_ds__best_effort,receive,sub,py_to_cpp,copy,std,xcdr,shmem_ds,1000000,10,1,measured,209,2026-09-09T14:38:03.357581Z,157877019780065,157877018436213,157877019780065,1788964683356570359,1788964683357345064,ok,
std_copy_xcdr__py_to_cpp__1000000B__10Hz__shmem_ds__best_effort,receive,sub,py_to_cpp,copy,std,xcdr,shmem_ds,1000000,10,1,measured,210,2026-09-09T14:38:03.458160Z,157877120358085,157877119352733,157877120358085,1788964683457428469,1788964683457980222,ok,
std_copy_xcdr__py_to_cpp__1000000B__10Hz__shmem_ds__best_effort,receive,sub,py_to_cpp,copy,std,xcdr,shmem_ds,1000000,10,1,measured,211,2026-09-09T14:38:03.557367Z,157877219566264,157877218810705,157877219566264,1788964683556783596,1788964683557218508,ok,
std_copy_xcdr__py_to_cpp__1000000B__10Hz__shmem_ds__best_effort,receive,sub,py_to_cpp,copy,std,xcdr,shmem_ds,1000000,10,1,measured,212,2026-09-09T14:38:03.658081Z,157877320279950,157877319416998,157877320279950,1788964683657445624,1788964683657917697,ok,
std_copy_xcdr__py_to_cpp__1000000B__10Hz__shmem_ds__best_effort,receive,sub,py_to_cpp,copy,std,xcdr,shmem_ds,1000000,10,1,measured,213,2026-09-09T14:38:03.758229Z,157877420427726,157877419268474,157877420427726,1788964683757342536,1788964683757986374,ok,
std_copy_xcdr__py_to_cpp__1000000B__10Hz__shmem_ds__best_effort,receive,sub,py_to_cpp,copy,std,xcdr,shmem_ds,1000000,10,1,measured,214,2026-09-09T14:38:03.858382Z,157877520580081,157877519232012,157877520580081,1788964683857374784,1788964683858116727,ok,
std_copy_xcdr__py_to_cpp__1000000B__10Hz__shmem_ds__best_effort,receive,sub,py_to_cpp,copy,std,xcdr,shmem_ds,1000000,10,1,measured,215,2026-09-09T14:38:03.958469Z,157877620668154,157877620055295,157877620668154,1788964683958011805,1788964683958348983,ok,
std_copy_xcdr__py_to_cpp__1000000B__10Hz__shmem_ds__best_effort,receive,sub,py_to_cpp,copy,std,xcdr,shmem_ds,1000000,10,1,measured,216,2026-09-09T14:38:04.059461Z,157877721660358,157877721020738,157877721660358,1788964684058965917,1788964684059324375,ok,
std_copy_xcdr__py_to_cpp__1000000B__10Hz__shmem_ds__best_effort,receive,sub,py_to_cpp,copy,std,xcdr,shmem_ds,1000000,10,1,measured,217,2026-09-09T14:38:04.159505Z,157877821704609,157877821078415,157877821704609,1788964684159035756,1788964684159375890,ok,
std_copy_xcdr__py_to_cpp__1000000B__10Hz__shmem_ds__best_effort,receive,sub,py_to_cpp,copy,std,xcdr,shmem_ds,1000000,10,1,measured,218,2026-09-09T14:38:04.260038Z,157877922237224,157877921560544,157877922237224,1788964684259505953,1788964684259893116,ok,
std_copy_xcdr__py_to_cpp__1000000B__10Hz__shmem_ds__best_effort,receive,sub,py_to_cpp,copy,std,xcdr,shmem_ds,1000000,10,1,measured,219,2026-09-09T14:38:04.359182Z,157878021381954,157878020856400,157878021381954,1788964684358784105,1788964684359079674,ok,
std_copy_xcdr__py_to_cpp__1000000B__10Hz__shmem_ds__best_effort,receive,sub,py_to_cpp,copy,std,xcdr,shmem_ds,1000000,10,1,measured,220,2026-09-09T14:38:04.458786Z,157878120985021,157878120456711,157878120985021,1788964684458409354,1788964684458675007,ok,
std_copy_xcdr__py_to_cpp__1000000B__10Hz__shmem_ds__best_effort,receive,sub,py_to_cpp,copy,std,xcdr,shmem_ds,1000000,10,1,measured,221,2026-09-09T14:38:04.559958Z,157878222156504,157878221413158,157878222156504,1788964684559377904,1788964684559808338,ok,
std_copy_xcdr__py_to_cpp__1000000B__10Hz__shmem_ds__best_effort,receive,sub,py_to_cpp,copy,std,xcdr,shmem_ds,1000000,10,1,measured,222,2026-09-09T14:38:04.660178Z,157878322376788,157878321602744,157878322376788,1788964684659609499,1788964684660022600,ok,
std_copy_xcdr__py_to_cpp__1000000B__10Hz__shmem_ds__best_effort,receive,sub,py_to_cpp,copy,std,xcdr,shmem_ds,1000000,10,1,measured,223,2026-09-09T14:38:04.760222Z,157878422421680,157878421669588,157878422421680,1788964684759634945,1788964684760057454,ok,
std_copy_xcdr__py_to_cpp__1000000B__10Hz__shmem_ds__best_effort,receive,sub,py_to_cpp,copy,std,xcdr,shmem_ds,1000000,10,1,measured,224,2026-09-09T14:38:04.861094Z,157878523291954,157878522172617,157878523291954,1788964684860146180,1788964684860814794,ok,
std_copy_xcdr__py_to_cpp__1000000B__10Hz__shmem_ds__best_effort,receive,sub,py_to_cpp,copy,std,xcdr,shmem_ds,1000000,10,1,measured,225,2026-09-09T14:38:04.959962Z,157878622161023,157878621331654,157878622161023,1788964684959401599,1788964684959839667,ok,
std_copy_xcdr__py_to_cpp__1000000B__10Hz__shmem_ds__best_effort,receive,sub,py_to_cpp,copy,std,xcdr,shmem_ds,1000000,10,1,measured,226,2026-09-09T14:38:05.059830Z,157878722028950,157878721419919,157878722028950,1788964685059360188,1788964685059701123,ok,
std_copy_xcdr__py_to_cpp__1000000B__10Hz__shmem_ds__best_effort,receive,sub,py_to_cpp,copy,std,xcdr,shmem_ds,1000000,10,1,measured,227,2026-09-09T14:38:05.159817Z,157878822016816,157878821430206,157878822016816,1788964685159383541,1788964685159694318,ok,
std_copy_xcdr__py_to_cpp__1000000B__10Hz__shmem_ds__best_effort,receive,sub,py_to_cpp,copy,std,xcdr,shmem_ds,1000000,10,1,measured,228,2026-09-09T14:38:05.260578Z,157878922777052,157878922137453,157878922777052,1788964685260072282,1788964685260418176,ok,
std_copy_xcdr__py_to_cpp__1000000B__10Hz__shmem_ds__best_effort,receive,sub,py_to_cpp,copy,std,xcdr,shmem_ds,1000000,10,1,measured,229,2026-09-09T14:38:05.359734Z,157879021933637,157879021422059,157879021933637,1788964685359335247,1788964685359618623,ok,
std_copy_xcdr__py_to_cpp__1000000B__10Hz__shmem_ds__best_effort,receive,sub,py_to_cpp,copy,std,xcdr,shmem_ds,1000000,10,1,measured,230,2026-09-09T14:38:05.460702Z,157879122900783,157879122352386,157879122900783,1788964685460289980,1788964685460592693,ok,
std_copy_xcdr__py_to_cpp__1000000B__10Hz__shmem_ds__best_effort,receive,sub,py_to_cpp,copy,std,xcdr,shmem_ds,1000000,10,1,measured,231,2026-09-09T14:38:05.560336Z,157879222534429,157879221635188,157879222534429,1788964685559779223,1788964685560191943,ok,
std_copy_xcdr__py_to_cpp__1000000B__10Hz__shmem_ds__best_effort,receive,sub,py_to_cpp,copy,std,xcdr,shmem_ds,1000000,10,1,measured,232,2026-09-09T14:38:05.659491Z,157879321690160,157879320939310,157879321690160,1788964685658949532,1788964685659348727,ok,
std_copy_xcdr__py_to_cpp__1000000B__10Hz__shmem_ds__best_effort,receive,sub,py_to_cpp,copy,std,xcdr,shmem_ds,1000000,10,1,measured,233,2026-09-09T14:38:05.759315Z,157879421514858,157879421066761,157879421514858,1788964685758981221,1788964685759218911,ok,
std_copy_xcdr__py_to_cpp__1000000B__10Hz__shmem_ds__best_effort,receive,sub,py_to_cpp,copy,std,xcdr,shmem_ds,1000000,10,1,measured,234,2026-09-09T14:38:05.859895Z,157879522094242,157879521432120,157879522094242,1788964685859357711,1788964685859737970,ok,
std_copy_xcdr__py_to_cpp__1000000B__10Hz__shmem_ds__best_effort,receive,sub,py_to_cpp,copy,std,xcdr,shmem_ds,1000000,10,1,measured,235,2026-09-09T14:38:05.959451Z,157879621649670,157879620940108,157879621649670,1788964685958921595,1788964685959315200,ok,
std_copy_xcdr__py_to_cpp__1000000B__10Hz__shmem_ds__best_effort,receive,sub,py_to_cpp,copy,std,xcdr,shmem_ds,1000000,10,1,measured,236,2026-09-09T14:38:06.058706Z,157879720905551,157879720192041,157879720905551,1788964686058177546,1788964686058557735,ok,
std_copy_xcdr__py_to_cpp__1000000B__10Hz__shmem_ds__best_effort,receive,sub,py_to_cpp,copy,std,xcdr,shmem_ds,1000000,10,1,measured,237,2026-09-09T14:38:06.160144Z,157879822343430,157879820989018,157879822343430,1788964686159197254,1788964686159996616,ok,
std_copy_xcdr__py_to_cpp__1000000B__10Hz__shmem_ds__best_effort,receive,sub,py_to_cpp,copy,std,xcdr,shmem_ds,1000000,10,1,measured,238,2026-09-09T14:38:06.258867Z,157879921066584,157879920458875,157879921066584,1788964686258429482,1788964686258741792,ok,
std_copy_xcdr__py_to_cpp__1000000B__10Hz__shmem_ds__best_effort,receive,sub,py_to_cpp,copy,std,xcdr,shmem_ds,1000000,10,1,measured,239,2026-09-09T14:38:06.359316Z,157880021514631,157880020648814,157880021514631,1788964686358630672,1788964686359125117,ok,
std_copy_xcdr__py_to_cpp__1000000B__10Hz__shmem_ds__best_effort,receive,sub,py_to_cpp,copy,std,xcdr,shmem_ds,1000000,10,1,measured,240,2026-09-09T14:38:06.459919Z,157880122117212,157880120939634,157880122117212,1788964686459122963,1788964686459721936,ok,
std_copy_xcdr__py_to_cpp__1000000B__10Hz__shmem_ds__best_effort,receive,sub,py_to_cpp,copy,std,xcdr,shmem_ds,1000000,10,1,measured,241,2026-09-09T14:38:06.559978Z,157880222176432,157880220802904,157880222176432,1788964686558923655,1788964686559711675,ok,
std_copy_xcdr__py_to_cpp__1000000B__10Hz__shmem_ds__best_effort,receive,sub,py_to_cpp,copy,std,xcdr,shmem_ds,1000000,10,1,measured,242,2026-09-09T14:38:06.659594Z,157880321792756,157880320910227,157880321792756,1788964686658978409,1788964686659437817,ok,
std_copy_xcdr__py_to_cpp__1000000B__10Hz__shmem_ds__best_effort,receive,sub,py_to_cpp,copy,std,xcdr,shmem_ds,1000000,10,1,measured,243,2026-09-09T14:38:06.759621Z,157880421820298,157880420940173,157880421820298,1788964686758944814,1788964686759431224,ok,
std_copy_xcdr__py_to_cpp__1000000B__10Hz__shmem_ds__best_effort,receive,sub,py_to_cpp,copy,std,xcdr,shmem_ds,1000000,10,1,measured,244,2026-09-09T14:38:06.860670Z,157880522868740,157880521879329,157880522868740,1788964686860016831,1788964686860538548,ok,
std_copy_xcdr__py_to_cpp__1000000B__10Hz__shmem_ds__best_effort,receive,sub,py_to_cpp,copy,std,xcdr,shmem_ds,1000000,10,1,measured,245,2026-09-09T14:38:06.959940Z,157880622139100,157880621307778,157880622139100,1788964686959383644,1788964686959791305,ok,
std_copy_xcdr__py_to_cpp__1000000B__10Hz__shmem_ds__best_effort,receive,sub,py_to_cpp,copy,std,xcdr,shmem_ds,1000000,10,1,measured,246,2026-09-09T14:38:07.059944Z,157880722143618,157880721610590,157880722143618,1788964687059545780,1788964687059833604,ok,
std_copy_xcdr__py_to_cpp__1000000B__10Hz__shmem_ds__best_effort,receive,sub,py_to_cpp,copy,std,xcdr,shmem_ds,1000000,10,1,measured,247,2026-09-09T14:38:07.160065Z,157880822262483,157880821163525,157880822262483,1788964687159201719,1788964687159855075,ok,
std_copy_xcdr__py_to_cpp__1000000B__10Hz__shmem_ds__best_effort,receive,sub,py_to_cpp,copy,std,xcdr,shmem_ds,1000000,10,1,measured,248,2026-09-09T14:38:07.259748Z,157880921946657,157880920954911,157880921946657,1788964687259027060,1788964687259585255,ok,
std_copy_xcdr__py_to_cpp__1000000B__10Hz__shmem_ds__best_effort,receive,sub,py_to_cpp,copy,std,xcdr,shmem_ds,1000000,10,1,measured,249,2026-09-09T14:38:07.359725Z,157881021923904,157881021296216,157881021923904,1788964687359232178,1788964687359588251,ok,
std_copy_xcdr__py_to_cpp__1000000B__10Hz__shmem_ds__best_effort,receive,sub,py_to_cpp,copy,std,xcdr,shmem_ds,1000000,10,1,measured,250,2026-09-09T14:38:07.459212Z,157881121410793,157881120832660,157881121410793,1788964687458778610,1788964687459094367,ok,
std_copy_xcdr__py_to_cpp__1000000B__10Hz__shmem_ds__best_effort,receive,sub,py_to_cpp,copy,std,xcdr,shmem_ds,1000000,10,1,measured,251,2026-09-09T14:38:07.559139Z,157881221337324,157881220541198,157881221337324,1788964687558568482,1788964687558988517,ok,
std_copy_xcdr__py_to_cpp__1000000B__10Hz__shmem_ds__best_effort,receive,sub,py_to_cpp,copy,std,xcdr,shmem_ds,1000000,10,1,measured,252,2026-09-09T14:38:07.659588Z,157881321786855,157881321019273,157881321786855,1788964687659017442,1788964687659438007,ok,
std_copy_xcdr__py_to_cpp__1000000B__10Hz__shmem_ds__best_effort,receive,sub,py_to_cpp,copy,std,xcdr,shmem_ds,1000000,10,1,measured,253,2026-09-09T14:38:07.758564Z,157881420762848,157881420130693,157881420762848,1788964687758077655,1788964687758430622,ok,
std_copy_xcdr__py_to_cpp__1000000B__10Hz__shmem_ds__best_effort,receive,sub,py_to_cpp,copy,std,xcdr,shmem_ds,1000000,10,1,measured,254,2026-09-09T14:38:07.859121Z,157881521319431,157881520077783,157881521319431,1788964687858161453,1788964687858878139,ok,
std_copy_xcdr__py_to_cpp__1000000B__10Hz__shmem_ds__best_effort,receive,sub,py_to_cpp,copy,std,xcdr,shmem_ds,1000000,10,1,measured,255,2026-09-09T14:38:07.959581Z,157881621780745,157881621067506,157881621780745,1788964687959028685,1788964687959437388,ok,
std_copy_xcdr__py_to_cpp__1000000B__10Hz__shmem_ds__best_effort,receive,sub,py_to_cpp,copy,std,xcdr,shmem_ds,1000000,10,1,measured,256,2026-09-09T14:38:08.060614Z,157881722812648,157881722074732,157881722812648,1788964688060076157,1788964688060475703,ok,
std_copy_xcdr__py_to_cpp__1000000B__10Hz__shmem_ds__best_effort,receive,sub,py_to_cpp,copy,std,xcdr,shmem_ds,1000000,10,1,measured,257,2026-09-09T14:38:08.160032Z,157881822231159,157881821252088,157881822231159,1788964688159352470,1788964688159903913,ok,
std_copy_xcdr__py_to_cpp__1000000B__10Hz__shmem_ds__best_effort,receive,sub,py_to_cpp,copy,std,xcdr,shmem_ds,1000000,10,1,measured,258,2026-09-09T14:38:08.258899Z,157881921098088,157881920577693,157881921098088,1788964688258517832,1788964688258791871,ok,
std_copy_xcdr__py_to_cpp__1000000B__10Hz__shmem_ds__best_effort,receive,sub,py_to_cpp,copy,std,xcdr,shmem_ds,1000000,10,1,measured,259,2026-09-09T14:38:08.358644Z,157882020842756,157882020133645,157882020842756,1788964688358087380,1788964688358494991,ok,
std_copy_xcdr__py_to_cpp__1000000B__10Hz__shmem_ds__best_effort,receive,sub,py_to_cpp,copy,std,xcdr,shmem_ds,1000000,10,1,measured,260,2026-09-09T14:38:08.459395Z,157882121594479,157882120993573,157882121594479,1788964688458956605,1788964688459274316,ok,
std_copy_xcdr__py_to_cpp__1000000B__10Hz__shmem_ds__best_effort,receive,sub,py_to_cpp,copy,std,xcdr,shmem_ds,1000000,10,1,measured,261,2026-09-09T14:38:08.560870Z,157882223068129,157882221824898,157882223068129,1788964688559913417,1788964688560627708,ok,
std_copy_xcdr__py_to_cpp__1000000B__10Hz__shmem_ds__best_effort,receive,sub,py_to_cpp,copy,std,xcdr,shmem_ds,1000000,10,1,measured,262,2026-09-09T14:38:08.661959Z,157882324158222,157882322700244,157882324158222,1788964688661066068,1788964688661833800,ok,
std_copy_xcdr__py_to_cpp__1000000B__10Hz__shmem_ds__best_effort,receive,sub,py_to_cpp,copy,std,xcdr,shmem_ds,1000000,10,1,measured,263,2026-09-09T14:38:08.761442Z,157882423641165,157882422470371,157882423641165,1788964688760833209,1788964688761292538,ok,
std_copy_xcdr__py_to_cpp__1000000B__10Hz__shmem_ds__best_effort,receive,sub,py_to_cpp,copy,std,xcdr,shmem_ds,1000000,10,1,measured,264,2026-09-09T14:38:08.860669Z,157882522867043,157882521652566,157882522867043,1788964688859765071,1788964688860451739,ok,
std_copy_xcdr__py_to_cpp__1000000B__10Hz__shmem_ds__best_effort,receive,sub,py_to_cpp,copy,std,xcdr,shmem_ds,1000000,10,1,measured,265,2026-09-09T14:38:08.961440Z,157882623638282,157882622376476,157882623638282,1788964688960501384,1788964688961219082,ok,
std_copy_xcdr__py_to_cpp__1000000B__10Hz__shmem_ds__best_effort,receive,sub,py_to_cpp,copy,std,xcdr,shmem_ds,1000000,10,1,measured,266,2026-09-09T14:38:09.061070Z,157882723268585,157882722640868,157882723268585,1788964689060610372,1788964689060944705,ok,
std_copy_xcdr__py_to_cpp__1000000B__10Hz__shmem_ds__best_effort,receive,sub,py_to_cpp,copy,std,xcdr,shmem_ds,1000000,10,1,measured,267,2026-09-09T14:38:09.161635Z,157882823833807,157882822893789,157882823833807,1788964689160911094,1788964689161438181,ok,
std_copy_xcdr__py_to_cpp__1000000B__10Hz__shmem_ds__best_effort,receive,sub,py_to_cpp,copy,std,xcdr,shmem_ds,1000000,10,1,measured,268,2026-09-09T14:38:09.262148Z,157882924346890,157882923815565,157882924346890,1788964689261744753,1788964689262037647,ok,
std_copy_xcdr__py_to_cpp__1000000B__10Hz__shmem_ds__best_effort,receive,sub,py_to_cpp,copy,std,xcdr,shmem_ds,1000000,10,1,measured,269,2026-09-09T14:38:09.362994Z,157883025191639,157883024188462,157883025191639,1788964689362223370,1788964689362777628,ok,
std_copy_xcdr__py_to_cpp__1000000B__10Hz__shmem_ds__best_effort,receive,sub,py_to_cpp,copy,std,xcdr,shmem_ds,1000000,10,1,measured,270,2026-09-09T14:38:09.461647Z,157883123845125,157883123171661,157883123845125,1788964689461138461,1788964689461512097,ok,
std_copy_xcdr__py_to_cpp__1000000B__10Hz__shmem_ds__best_effort,receive,sub,py_to_cpp,copy,std,xcdr,shmem_ds,1000000,10,1,measured,271,2026-09-09T14:38:09.562769Z,157883224968122,157883223887768,157883224968122,1788964689562029599,1788964689562635044,ok,
std_copy_xcdr__py_to_cpp__1000000B__10Hz__shmem_ds__best_effort,receive,sub,py_to_cpp,copy,std,xcdr,shmem_ds,1000000,10,1,measured,272,2026-09-09T14:38:09.662092Z,157883324291384,157883323447739,157883324291384,1788964689661490241,1788964689661935393,ok,
std_copy_xcdr__py_to_cpp__1000000B__10Hz__shmem_ds__best_effort,receive,sub,py_to_cpp,copy,std,xcdr,shmem_ds,1000000,10,1,measured,273,2026-09-09T14:38:09.762264Z,157883424462871,157883423779839,157883424462871,1788964689761793828,1788964689762136756,ok,
std_copy_xcdr__py_to_cpp__1000000B__10Hz__shmem_ds__best_effort,receive,sub,py_to_cpp,copy,std,xcdr,shmem_ds,1000000,10,1,measured,274,2026-09-09T14:38:09.863749Z,157883525947091,157883524690354,157883525947091,1788964689862843506,1788964689863522861,ok,
std_copy_xcdr__py_to_cpp__1000000B__10Hz__shmem_ds__best_effort,receive,sub,py_to_cpp,copy,std,xcdr,shmem_ds,1000000,10,1,measured,275,2026-09-09T14:38:09.963047Z,157883625245116,157883623975053,157883625245116,1788964689962109600,1788964689962820134,ok,
std_copy_xcdr__py_to_cpp__1000000B__10Hz__shmem_ds__best_effort,receive,sub,py_to_cpp,copy,std,xcdr,shmem_ds,1000000,10,1,measured,276,2026-09-09T14:38:10.061393Z,157883723592102,157883723063502,157883723592102,1788964690061000074,1788964690061276106,ok,
std_copy_xcdr__py_to_cpp__1000000B__10Hz__shmem_ds__best_effort,receive,sub,py_to_cpp,copy,std,xcdr,shmem_ds,1000000,10,1,measured,277,2026-09-09T14:38:10.161152Z,157883823349747,157883822356097,157883823349747,1788964690160379173,1788964690160948460,ok,
std_copy_xcdr__py_to_cpp__1000000B__10Hz__shmem_ds__best_effort,receive,sub,py_to_cpp,copy,std,xcdr,shmem_ds,1000000,10,1,measured,278,2026-09-09T14:38:10.260695Z,157883922893538,157883922400616,157883922893538,1788964690260327820,1788964690260592431,ok,
std_copy_xcdr__py_to_cpp__1000000B__10Hz__shmem_ds__best_effort,receive,sub,py_to_cpp,copy,std,xcdr,shmem_ds,1000000,10,1,measured,279,2026-09-09T14:38:10.360391Z,157884022589706,157884021947011,157884022589706,1788964690359884144,1788964690360230710,ok,
std_copy_xcdr__py_to_cpp__1000000B__10Hz__shmem_ds__best_effort,receive,sub,py_to_cpp,copy,std,xcdr,shmem_ds,1000000,10,1,measured,280,2026-09-09T14:38:10.460366Z,157884122565685,157884122131835,157884122565685,1788964690460029223,1788964690460263005,ok,
std_copy_xcdr__py_to_cpp__1000000B__10Hz__shmem_ds__best_effort,receive,sub,py_to_cpp,copy,std,xcdr,shmem_ds,1000000,10,1,measured,281,2026-09-09T14:38:10.561699Z,157884223896937,157884222687770,157884223896937,1788964690560768655,1788964690561472056,ok,
std_copy_xcdr__py_to_cpp__1000000B__10Hz__shmem_ds__best_effort,receive,sub,py_to_cpp,copy,std,xcdr,shmem_ds,1000000,10,1,measured,282,2026-09-09T14:38:10.661418Z,157884323616831,157884322166177,157884323616831,1788964690660335971,1788964690661175659,ok,
std_copy_xcdr__py_to_cpp__1000000B__10Hz__shmem_ds__best_effort,receive,sub,py_to_cpp,copy,std,xcdr,shmem_ds,1000000,10,1,measured,283,2026-09-09T14:38:10.760845Z,157884423043600,157884422318157,157884423043600,1788964690760293533,1788964690760704020,ok,
std_copy_xcdr__py_to_cpp__1000000B__10Hz__shmem_ds__best_effort,receive,sub,py_to_cpp,copy,std,xcdr,shmem_ds,1000000,10,1,measured,284,2026-09-09T14:38:10.860978Z,157884523175984,157884521900942,157884523175984,1788964690860046530,1788964690860739010,ok,
std_copy_xcdr__py_to_cpp__1000000B__10Hz__shmem_ds__best_effort,receive,sub,py_to_cpp,copy,std,xcdr,shmem_ds,1000000,10,1,measured,285,2026-09-09T14:38:10.960653Z,157884622852224,157884621909451,157884622852224,1788964690960045931,1788964690960520970,ok,
std_copy_xcdr__py_to_cpp__1000000B__10Hz__shmem_ds__best_effort,receive,sub,py_to_cpp,copy,std,xcdr,shmem_ds,1000000,10,1,measured,286,2026-09-09T14:38:11.060965Z,157884723164449,157884722607756,157884723164449,1788964691060569366,1788964691060857942,ok,
std_copy_xcdr__py_to_cpp__1000000B__10Hz__shmem_ds__best_effort,receive,sub,py_to_cpp,copy,std,xcdr,shmem_ds,1000000,10,1,measured,287,2026-09-09T14:38:11.162107Z,157884824305011,157884823326280,157884824305011,1788964691161343545,1788964691161901139,ok,
std_copy_xcdr__py_to_cpp__1000000B__10Hz__shmem_ds__best_effort,receive,sub,py_to_cpp,copy,std,xcdr,shmem_ds,1000000,10,1,measured,288,2026-09-09T14:38:11.260737Z,157884922936607,157884922454074,157884922936607,1788964691260381449,1788964691260639988,ok,
std_copy_xcdr__py_to_cpp__1000000B__10Hz__shmem_ds__best_effort,receive,sub,py_to_cpp,copy,std,xcdr,shmem_ds,1000000,10,1,measured,289,2026-09-09T14:38:11.360734Z,157885022932934,157885022300378,157885022932934,1788964691360232161,1788964691360584467,ok,
std_copy_xcdr__py_to_cpp__1000000B__10Hz__shmem_ds__best_effort,receive,sub,py_to_cpp,copy,std,xcdr,shmem_ds,1000000,10,1,measured,290,2026-09-09T14:38:11.460501Z,157885122699938,157885121881941,157885122699938,1788964691459878847,1788964691460334198,ok,
std_copy_xcdr__py_to_cpp__1000000B__10Hz__shmem_ds__best_effort,receive,sub,py_to_cpp,copy,std,xcdr,shmem_ds,1000000,10,1,measured,291,2026-09-09T14:38:11.559362Z,157885221561159,157885220872426,157885221561159,1788964691558833675,1788964691559217220,ok,
std_copy_xcdr__py_to_cpp__1000000B__10Hz__shmem_ds__best_effort,receive,sub,py_to_cpp,copy,std,xcdr,shmem_ds,1000000,10,1,measured,292,2026-09-09T14:38:11.660505Z,157885322702823,157885321512982,157885322702823,1788964691659616120,1788964691660288271,ok,
std_copy_xcdr__py_to_cpp__1000000B__10Hz__shmem_ds__best_effort,receive,sub,py_to_cpp,copy,std,xcdr,shmem_ds,1000000,10,1,measured,293,2026-09-09T14:38:11.760109Z,157885422308561,157885421710560,157885422308561,1788964691759674654,1788964691759994389,ok,
std_copy_xcdr__py_to_cpp__1000000B__10Hz__shmem_ds__best_effort,receive,sub,py_to_cpp,copy,std,xcdr,shmem_ds,1000000,10,1,measured,294,2026-09-09T14:38:11.860209Z,157885522407332,157885521322189,157885522407332,1788964691859415007,1788964691860070257,ok,
std_copy_xcdr__py_to_cpp__1000000B__10Hz__shmem_ds__best_effort,receive,sub,py_to_cpp,copy,std,xcdr,shmem_ds,1000000,10,1,measured,295,2026-09-09T14:38:11.960738Z,157885622936828,157885621822090,157885622936828,1788964691959930758,1788964691960553906,ok,
std_copy_xcdr__py_to_cpp__1000000B__10Hz__shmem_ds__best_effort,receive,sub,py_to_cpp,copy,std,xcdr,shmem_ds,1000000,10,1,measured,296,2026-09-09T14:38:12.060370Z,157885722568516,157885721826753,157885722568516,1788964692059818249,1788964692060225380,ok,
std_copy_xcdr__py_to_cpp__1000000B__10Hz__shmem_ds__best_effort,receive,sub,py_to_cpp,copy,std,xcdr,shmem_ds,1000000,10,1,measured,297,2026-09-09T14:38:12.160215Z,157885822413308,157885821670654,157885822413308,1788964692159644106,1788964692160063749,ok,
std_copy_xcdr__py_to_cpp__1000000B__10Hz__shmem_ds__best_effort,receive,sub,py_to_cpp,copy,std,xcdr,shmem_ds,1000000,10,1,measured,298,2026-09-09T14:38:12.259123Z,157885921322029,157885920680365,157885921322029,1788964692258622498,1788964692258987469,ok,
std_copy_xcdr__py_to_cpp__1000000B__10Hz__shmem_ds__best_effort,receive,sub,py_to_cpp,copy,std,xcdr,shmem_ds,1000000,10,1,measured,299,2026-09-09T14:38:12.358242Z,157886020441739,157886019808592,157886020441739,1788964692357737900,1788964692358116517,ok,
std_copy_xcdr__py_to_cpp__1000000B__10Hz__shmem_ds__best_effort,receive,sub,py_to_cpp,copy,std,xcdr,shmem_ds,1000000,10,1,measured,300,2026-09-09T14:38:12.459200Z,157886121399115,157886120613339,157886121399115,1788964692458600407,1788964692459046751,ok,
