run_id,event,process,direction,config,message,backend,transport,payload_bytes,target_frequency_hz,step_index,phase,sequence,observed_utc,observed_mono_ns,send_mono_ns,receive_mono_ns,middleware_source_ns,middleware_received_ns,status,error
std_copy_fastcdr__cpp_to_py__100000B__10Hz__shmem_ds__best_effort,publish,pub,cpp_to_py,copy,std,fastcdr,shmem_ds,100000,10,0,measured,0,2026-09-09T14:30:09.754622Z,157403416361625,157403416361625,-1,-1,-1,ok,
std_copy_fastcdr__cpp_to_py__100000B__10Hz__shmem_ds__best_effort,publish,pub,cpp_to_py,copy,std,fastcdr,shmem_ds,100000,10,0,measured,1,2026-09-09T14:30:09.854867Z,157403516934234,157403516934234,-1,-1,-1,ok,
std_copy_fastcdr__cpp_to_py__100000B__10Hz__shmem_ds__best_effort,publish,pub,cpp_to_py,copy,std,fastcdr,shmem_ds,100000,10,0,measured,2,2026-09-09T14:30:09.955134Z,157403617210053,157403617210053,-1,-1,-1,ok,
std_copy_fastcdr__cpp_to_py__100000B__10Hz__shmem_ds__best_effort,publish,pub,cpp_to_py,copy,std,fastcdr,shmem_ds,100000,10,0,measured,3,2026-09-09T14:30:10.055642Z,157403717715876,157403717715876,-1,-1,-1,ok,
std_copy_fastcdr__cpp_to_py__100000B__10Hz__shmem_ds__best_effort,publish,pub,cpp_to_py,copy,std,fastcdr,shmem_ds,100000,10,0,measured,4,2026-09-09T14:30:10.154918Z,157403816990593,157403816990593,-1,-1,-1,ok,
std_copy_fastcdr__cpp_to_py__100000B__10Hz__shmem_ds__best_effort,publish,pub,cpp_to_py,copy,std,fastcdr,shmem_ds,100000,10,0,measured,5,2026-09-09T14:30:10.255701Z,157403917793608,157403917793608,-1,-1,-1,ok,
std_copy_fastcdr__cpp_to_py__100000B__10Hz__shmem_ds__best_effort,publish,pub,cpp_to_py,copy,std,fastcdr,shmem_ds,100000,10,0,measured,6,2026-09-09T14:30:10.354938Z,157404016985718,157404016985718,-1,-1,-1,ok,
std_copy_fastcdr__cpp_to_py__100000B__10Hz__shmem_ds__best_effort,publish,pub,cpp_to_py,copy,std,fastcdr,shmem_ds,100000,10,0,measured,7,2026-09-09T14:30:10.455036Z,157404117132968,157404117132968,-1,-1,-1,ok,
std_copy_fastcdr__cpp_to_py__100000B__10Hz__shmem_ds__best_effort,publish,pub,cpp_to_py,copy,std,fastcdr,shmem_ds,100000,10,0,measured,8,2026-09-09T14:30:10.554884Z,157404216882969,157404216882969,-1,-1,-1,ok,
std_copy_fastcdr__cpp_to_py__100000B__10Hz__shmem_ds__best_effort,publish,pub,cpp_to_py,copy,std,fastcdr,shmem_ds,100000,10,0,measured,9,2026-09-09T14:30:10.654348Z,157404316427174,157404316427174,-1,-1,-1,ok,
std_copy_fastcdr__cpp_to_py__100000B__10Hz__shmem_ds__best_effort,publish,pub,cpp_to_py,copy,std,fastcdr,shmem_ds,100000,10,0,measured,10,2026-09-09T14:30:10.754174Z,157404416210216,157404416210216,-1,-1,-1,ok,
std_copy_fastcdr__cpp_to_py__100000B__10Hz__shmem_ds__best_effort,publish,pub,cpp_to_py,copy,std,fastcdr,shmem_ds,100000,10,0,measured,11,2026-09-09T14:30:10.853170Z,157404515233239,157404515233239,-1,-1,-1,ok,
std_copy_fastcdr__cpp_to_py__100000B__10Hz__shmem_ds__best_effort,publish,pub,cpp_to_py,copy,std,fastcdr,shmem_ds,100000,10,0,measured,12,2026-09-09T14:30:10.953207Z,157404615283897,157404615283897,-1,-1,-1,ok,
std_copy_fastcdr__cpp_to_py__100000B__10Hz__shmem_ds__best_effort,publish,pub,cpp_to_py,copy,std,fastcdr,shmem_ds,100000,10,0,measured,13,2026-09-09T14:30:11.053534Z,157404715647776,157404715647776,-1,-1,-1,ok,
std_copy_fastcdr__cpp_to_py__100000B__10Hz__shmem_ds__best_effort,publish,pub,cpp_to_py,copy,std,fastcdr,shmem_ds,100000,10,0,measured,14,2026-09-09T14:30:11.153839Z,157404815924743,157404815924743,-1,-1,-1,ok,
std_copy_fastcdr__cpp_to_py__100000B__10Hz__shmem_ds__best_effort,publish,pub,cpp_to_py,copy,std,fastcdr,shmem_ds,100000,10,0,measured,15,2026-09-09T14:30:11.254470Z,157404916576785,157404916576785,-1,-1,-1,ok,
std_copy_fastcdr__cpp_to_py__100000B__10Hz__shmem_ds__best_effort,publish,pub,cpp_to_py,copy,std,fastcdr,shmem_ds,100000,10,0,measured,16,2026-09-09T14:30:11.355393Z,157405017468259,157405017468259,-1,-1,-1,ok,
std_copy_fastcdr__cpp_to_py__100000B__10Hz__shmem_ds__best_effort,publish,pub,cpp_to_py,copy,std,fastcdr,shmem_ds,100000,10,0,measured,17,2026-09-09T14:30:11.455883Z,157405117969438,157405117969438,-1,-1,-1,ok,
std_copy_fastcdr__cpp_to_py__100000B__10Hz__shmem_ds__best_effort,publish,pub,cpp_to_py,copy,std,fastcdr,shmem_ds,100000,10,0,measured,18,2026-09-09T14:30:11.555888Z,157405217884463,157405217884463,-1,-1,-1,ok,
std_copy_fastcdr__cpp_to_py__100000B__10Hz__shmem_ds__best_effort,publish,pub,cpp_to_py,copy,std,fastcdr,shmem_ds,100000,10,0,measured,19,2026-09-09T14:30:11.654903Z,157405316964885,157405316964885,-1,-1,-1,ok,
std_copy_fastcdr__cpp_to_py__100000B__10Hz__shmem_ds__best_effort,publish,pub,cpp_to_py,copy,std,fastcdr,shmem_ds,100000,10,0,measured,20,2026-09-09T14:30:11.754016Z,157405416096104,157405416096104,-1,-1,-1,ok,
std_copy_fastcdr__cpp_to_py__100000B__10Hz__shmem_ds__best_effort,publish,pub,cpp_to_py,copy,std,fastcdr,shmem_ds,100000,10,0,measured,21,2026-09-09T14:30:11.854557Z,157405516596131,157405516596131,-1,-1,-1,ok,
std_copy_fastcdr__cpp_to_py__100000B__10Hz__shmem_ds__best_effort,publish,pub,cpp_to_py,copy,std,fastcdr,shmem_ds,100000,10,0,measured,22,2026-09-09T14:30:11.953855Z,157405615892901,157405615892901,-1,-1,-1,ok,
std_copy_fastcdr__cpp_to_py__100000B__10Hz__shmem_ds__best_effort,publish,pub,cpp_to_py,copy,std,fastcdr,shmem_ds,100000,10,0,measured,23,2026-09-09T14:30:12.053667Z,157405715740179,157405715740179,-1,-1,-1,ok,
std_copy_fastcdr__cpp_to_py__100000B__10Hz__shmem_ds__best_effort,publish,pub,cpp_to_py,copy,std,fastcdr,shmem_ds,100000,10,0,measured,24,2026-09-09T14:30:12.152865Z,157405814942865,157405814942865,-1,-1,-1,ok,
std_copy_fastcdr__cpp_to_py__100000B__10Hz__shmem_ds__best_effort,publish,pub,cpp_to_py,copy,std,fastcdr,shmem_ds,100000,10,0,measured,25,2026-09-09T14:30:12.252149Z,157405914228546,157405914228546,-1,-1,-1,ok,
std_copy_fastcdr__cpp_to_py__100000B__10Hz__shmem_ds__best_effort,publish,pub,cpp_to_py,copy,std,fastcdr,shmem_ds,100000,10,0,measured,26,2026-09-09T14:30:12.351331Z,157406013417686,157406013417686,-1,-1,-1,ok,
std_copy_fastcdr__cpp_to_py__100000B__10Hz__shmem_ds__best_effort,publish,pub,cpp_to_py,copy,std,fastcdr,shmem_ds,100000,10,0,measured,27,2026-09-09T14:30:12.451380Z,157406113476013,157406113476013,-1,-1,-1,ok,
std_copy_fastcdr__cpp_to_py__100000B__10Hz__shmem_ds__best_effort,publish,pub,cpp_to_py,copy,std,fastcdr,shmem_ds,100000,10,0,measured,28,2026-09-09T14:30:12.551293Z,157406213369199,157406213369199,-1,-1,-1,ok,
std_copy_fastcdr__cpp_to_py__100000B__10Hz__shmem_ds__best_effort,publish,pub,cpp_to_py,copy,std,fastcdr,shmem_ds,100000,10,0,measured,29,2026-09-09T14:30:12.651859Z,157406313916006,157406313916006,-1,-1,-1,ok,
std_copy_fastcdr__cpp_to_py__100000B__10Hz__shmem_ds__best_effort,publish,pub,cpp_to_py,copy,std,fastcdr,shmem_ds,100000,10,0,measured,30,2026-09-09T14:30:12.751144Z,157406413163646,157406413163646,-1,-1,-1,ok,
std_copy_fastcdr__cpp_to_py__100000B__10Hz__shmem_ds__best_effort,publish,pub,cpp_to_py,copy,std,fastcdr,shmem_ds,100000,10,0,measured,31,2026-09-09T14:30:12.851652Z,157406513659999,157406513659999,-1,-1,-1,ok,
std_copy_fastcdr__cpp_to_py__100000B__10Hz__shmem_ds__best_effort,publish,pub,cpp_to_py,copy,std,fastcdr,shmem_ds,100000,10,0,measured,32,2026-09-09T14:30:12.951269Z,157406613304677,157406613304677,-1,-1,-1,ok,
std_copy_fastcdr__cpp_to_py__100000B__10Hz__shmem_ds__best_effort,publish,pub,cpp_to_py,copy,std,fastcdr,shmem_ds,100000,10,0,measured,33,2026-09-09T14:30:13.051727Z,157406713802744,157406713802744,-1,-1,-1,ok,
std_copy_fastcdr__cpp_to_py__100000B__10Hz__shmem_ds__best_effort,publish,pub,cpp_to_py,copy,std,fastcdr,shmem_ds,100000,10,0,measured,34,2026-09-09T14:30:13.152324Z,157406814409406,157406814409406,-1,-1,-1,ok,
std_copy_fastcdr__cpp_to_py__100000B__10Hz__shmem_ds__best_effort,publish,pub,cpp_to_py,copy,std,fastcdr,shmem_ds,100000,10,0,measured,35,2026-09-09T14:30:13.251407Z,157406913497027,157406913497027,-1,-1,-1,ok,
std_copy_fastcdr__cpp_to_py__100000B__10Hz__shmem_ds__best_effort,publish,pub,cpp_to_py,copy,std,fastcdr,shmem_ds,100000,10,0,measured,36,2026-09-09T14:30:13.352255Z,157407014352107,157407014352107,-1,-1,-1,ok,
std_copy_fastcdr__cpp_to_py__100000B__10Hz__shmem_ds__best_effort,publish,pub,cpp_to_py,copy,std,fastcdr,shmem_ds,100000,10,0,measured,37,2026-09-09T14:30:13.452764Z,157407114838934,157407114838934,-1,-1,-1,ok,
std_copy_fastcdr__cpp_to_py__100000B__10Hz__shmem_ds__best_effort,publish,pub,cpp_to_py,copy,std,fastcdr,shmem_ds,100000,10,0,measured,38,2026-09-09T14:30:13.552604Z,157407214670527,157407214670527,-1,-1,-1,ok,
std_copy_fastcdr__cpp_to_py__100000B__10Hz__shmem_ds__best_effort,publish,pub,cpp_to_py,copy,std,fastcdr,shmem_ds,100000,10,0,measured,39,2026-09-09T14:30:13.652176Z,157407314264031,157407314264031,-1,-1,-1,ok,
std_copy_fastcdr__cpp_to_py__100000B__10Hz__shmem_ds__best_effort,publish,pub,cpp_to_py,copy,std,fastcdr,shmem_ds,100000,10,0,measured,40,2026-09-09T14:30:13.751205Z,157407413304143,157407413304143,-1,-1,-1,ok,
std_copy_fastcdr__cpp_to_py__100000B__10Hz__shmem_ds__best_effort,publish,pub,cpp_to_py,copy,std,fastcdr,shmem_ds,100000,10,0,measured,41,2026-09-09T14:30:13.851621Z,157407513703985,157407513703985,-1,-1,-1,ok,
std_copy_fastcdr__cpp_to_py__100000B__10Hz__shmem_ds__best_effort,publish,pub,cpp_to_py,copy,std,fastcdr,shmem_ds,100000,10,0,measured,42,2026-09-09T14:30:13.951540Z,157407613624415,157407613624415,-1,-1,-1,ok,
std_copy_fastcdr__cpp_to_py__100000B__10Hz__shmem_ds__best_effort,publish,pub,cpp_to_py,copy,std,fastcdr,shmem_ds,100000,10,0,measured,43,2026-09-09T14:30:14.051619Z,157407713694888,157407713694888,-1,-1,-1,ok,
std_copy_fastcdr__cpp_to_py__100000B__10Hz__shmem_ds__best_effort,publish,pub,cpp_to_py,copy,std,fastcdr,shmem_ds,100000,10,0,measured,44,2026-09-09T14:30:14.151589Z,157407813671516,157407813671516,-1,-1,-1,ok,
std_copy_fastcdr__cpp_to_py__100000B__10Hz__shmem_ds__best_effort,publish,pub,cpp_to_py,copy,std,fastcdr,shmem_ds,100000,10,0,measured,45,2026-09-09T14:30:14.251052Z,157407913100062,157407913100062,-1,-1,-1,ok,
std_copy_fastcdr__cpp_to_py__100000B__10Hz__shmem_ds__best_effort,publish,pub,cpp_to_py,copy,std,fastcdr,shmem_ds,100000,10,0,measured,46,2026-09-09T14:30:14.351235Z,157408013313276,157408013313276,-1,-1,-1,ok,
std_copy_fastcdr__cpp_to_py__100000B__10Hz__shmem_ds__best_effort,publish,pub,cpp_to_py,copy,std,fastcdr,shmem_ds,100000,10,0,measured,47,2026-09-09T14:30:14.451224Z,157408113298941,157408113298941,-1,-1,-1,ok,
std_copy_fastcdr__cpp_to_py__100000B__10Hz__shmem_ds__best_effort,publish,pub,cpp_to_py,copy,std,fastcdr,shmem_ds,100000,10,0,measured,48,2026-09-09T14:30:14.550977Z,157408213067647,157408213067647,-1,-1,-1,ok,
std_copy_fastcdr__cpp_to_py__100000B__10Hz__shmem_ds__best_effort,publish,pub,cpp_to_py,copy,std,fastcdr,shmem_ds,100000,10,0,measured,49,2026-09-09T14:30:14.651313Z,157408313403472,157408313403472,-1,-1,-1,ok,
std_copy_fastcdr__cpp_to_py__100000B__10Hz__shmem_ds__best_effort,publish,pub,cpp_to_py,copy,std,fastcdr,shmem_ds,100000,10,0,measured,50,2026-09-09T14:30:14.751208Z,157408413238604,157408413238604,-1,-1,-1,ok,
std_copy_fastcdr__cpp_to_py__100000B__10Hz__shmem_ds__best_effort,publish,pub,cpp_to_py,copy,std,fastcdr,shmem_ds,100000,10,0,measured,51,2026-09-09T14:30:14.851057Z,157408513106587,157408513106587,-1,-1,-1,ok,
std_copy_fastcdr__cpp_to_py__100000B__10Hz__shmem_ds__best_effort,publish,pub,cpp_to_py,copy,std,fastcdr,shmem_ds,100000,10,0,measured,52,2026-09-09T14:30:14.950275Z,157408612292485,157408612292485,-1,-1,-1,ok,
std_copy_fastcdr__cpp_to_py__100000B__10Hz__shmem_ds__best_effort,publish,pub,cpp_to_py,copy,std,fastcdr,shmem_ds,100000,10,0,measured,53,2026-09-09T14:30:15.049340Z,157408711436466,157408711436466,-1,-1,-1,ok,
std_copy_fastcdr__cpp_to_py__100000B__10Hz__shmem_ds__best_effort,publish,pub,cpp_to_py,copy,std,fastcdr,shmem_ds,100000,10,0,measured,54,2026-09-09T14:30:15.149977Z,157408812076285,157408812076285,-1,-1,-1,ok,
std_copy_fastcdr__cpp_to_py__100000B__10Hz__shmem_ds__best_effort,publish,pub,cpp_to_py,copy,std,fastcdr,shmem_ds,100000,10,0,measured,55,2026-09-09T14:30:15.249960Z,157408912032718,157408912032718,-1,-1,-1,ok,
std_copy_fastcdr__cpp_to_py__100000B__10Hz__shmem_ds__best_effort,publish,pub,cpp_to_py,copy,std,fastcdr,shmem_ds,100000,10,0,measured,56,2026-09-09T14:30:15.349865Z,157409011921503,157409011921503,-1,-1,-1,ok,
std_copy_fastcdr__cpp_to_py__100000B__10Hz__shmem_ds__best_effort,publish,pub,cpp_to_py,copy,std,fastcdr,shmem_ds,100000,10,0,measured,57,2026-09-09T14:30:15.450845Z,157409112911893,157409112911893,-1,-1,-1,ok,
std_copy_fastcdr__cpp_to_py__100000B__10Hz__shmem_ds__best_effort,publish,pub,cpp_to_py,copy,std,fastcdr,shmem_ds,100000,10,0,measured,58,2026-09-09T14:30:15.551024Z,157409213099802,157409213099802,-1,-1,-1,ok,
std_copy_fastcdr__cpp_to_py__100000B__10Hz__shmem_ds__best_effort,publish,pub,cpp_to_py,copy,std,fastcdr,shmem_ds,100000,10,0,measured,59,2026-09-09T14:30:15.651285Z,157409313339207,157409313339207,-1,-1,-1,ok,
std_copy_fastcdr__cpp_to_py__100000B__10Hz__shmem_ds__best_effort,publish,pub,cpp_to_py,copy,std,fastcdr,shmem_ds,100000,10,0,measured,60,2026-09-09T14:30:15.751414Z,157409413490828,157409413490828,-1,-1,-1,ok,
std_copy_fastcdr__cpp_to_py__100000B__10Hz__shmem_ds__best_effort,publish,pub,cpp_to_py,copy,std,fastcdr,shmem_ds,100000,10,0,measured,61,2026-09-09T14:30:15.852137Z,157409514213454,157409514213454,-1,-1,-1,ok,
std_copy_fastcdr__cpp_to_py__100000B__10Hz__shmem_ds__best_effort,publish,pub,cpp_to_py,copy,std,fastcdr,shmem_ds,100000,10,0,measured,62,2026-09-09T14:30:15.952113Z,157409614167882,157409614167882,-1,-1,-1,ok,
std_copy_fastcdr__cpp_to_py__100000B__10Hz__shmem_ds__best_effort,publish,pub,cpp_to_py,copy,std,fastcdr,shmem_ds,100000,10,0,measured,63,2026-09-09T14:30:16.052762Z,157409714814526,157409714814526,-1,-1,-1,ok,
std_copy_fastcdr__cpp_to_py__100000B__10Hz__shmem_ds__best_effort,publish,pub,cpp_to_py,copy,std,fastcdr,shmem_ds,100000,10,0,measured,64,2026-09-09T14:30:16.152770Z,157409814796870,157409814796870,-1,-1,-1,ok,
std_copy_fastcdr__cpp_to_py__100000B__10Hz__shmem_ds__best_effort,publish,pub,cpp_to_py,copy,std,fastcdr,shmem_ds,100000,10,0,measured,65,2026-09-09T14:30:16.252626Z,157409914685888,157409914685888,-1,-1,-1,ok,
std_copy_fastcdr__cpp_to_py__100000B__10Hz__shmem_ds__best_effort,publish,pub,cpp_to_py,copy,std,fastcdr,shmem_ds,100000,10,0,measured,66,2026-09-09T14:30:16.352260Z,157410014308705,157410014308705,-1,-1,-1,ok,
std_copy_fastcdr__cpp_to_py__100000B__10Hz__shmem_ds__best_effort,publish,pub,cpp_to_py,copy,std,fastcdr,shmem_ds,100000,10,0,measured,67,2026-09-09T14:30:16.451838Z,157410113904761,157410113904761,-1,-1,-1,ok,
std_copy_fastcdr__cpp_to_py__100000B__10Hz__shmem_ds__best_effort,publish,pub,cpp_to_py,copy,std,fastcdr,shmem_ds,100000,10,0,measured,68,2026-09-09T14:30:16.551873Z,157410213946307,157410213946307,-1,-1,-1,ok,
std_copy_fastcdr__cpp_to_py__100000B__10Hz__shmem_ds__best_effort,publish,pub,cpp_to_py,copy,std,fastcdr,shmem_ds,100000,10,0,measured,69,2026-09-09T14:30:16.651610Z,157410313682497,157410313682497,-1,-1,-1,ok,
std_copy_fastcdr__cpp_to_py__100000B__10Hz__shmem_ds__best_effort,publish,pub,cpp_to_py,copy,std,fastcdr,shmem_ds,100000,10,0,measured,70,2026-09-09T14:30:16.752127Z,157410414204918,157410414204918,-1,-1,-1,ok,
std_copy_fastcdr__cpp_to_py__100000B__10Hz__shmem_ds__best_effort,publish,pub,cpp_to_py,copy,std,fastcdr,shmem_ds,100000,10,0,measured,71,2026-09-09T14:30:16.851730Z,157410513818247,157410513818247,-1,-1,-1,ok,
std_copy_fastcdr__cpp_to_py__100000B__10Hz__shmem_ds__best_effort,publish,pub,cpp_to_py,copy,std,fastcdr,shmem_ds,100000,10,0,measured,72,2026-09-09T14:30:16.952117Z,157410614186728,157410614186728,-1,-1,-1,ok,
std_copy_fastcdr__cpp_to_py__100000B__10Hz__shmem_ds__best_effort,publish,pub,cpp_to_py,copy,std,fastcdr,shmem_ds,100000,10,0,measured,73,2026-09-09T14:30:17.052566Z,157410714644860,157410714644860,-1,-1,-1,ok,
std_copy_fastcdr__cpp_to_py__100000B__10Hz__shmem_ds__best_effort,publish,pub,cpp_to_py,copy,std,fastcdr,shmem_ds,100000,10,0,measured,74,2026-09-09T14:30:17.152874Z,157410814947289,157410814947289,-1,-1,-1,ok,
std_copy_fastcdr__cpp_to_py__100000B__10Hz__shmem_ds__best_effort,publish,pub,cpp_to_py,copy,std,fastcdr,shmem_ds,100000,10,0,measured,75,2026-09-09T14:30:17.253500Z,157410915578468,157410915578468,-1,-1,-1,ok,
std_copy_fastcdr__cpp_to_py__100000B__10Hz__shmem_ds__best_effort,publish,pub,cpp_to_py,copy,std,fastcdr,shmem_ds,100000,10,0,measured,76,2026-09-09T14:30:17.354139Z,157411016151938,157411016151938,-1,-1,-1,ok,
std_copy_fastcdr__cpp_to_py__100000B__10Hz__shmem_ds__best_effort,publish,pub,cpp_to_py,copy,std,fastcdr,shmem_ds,100000,10,0,measured,77,2026-09-09T14:30:17.454405Z,157411116456962,157411116456962,-1,-1,-1,ok,
std_copy_fastcdr__cpp_to_py__100000B__10Hz__shmem_ds__best_effort,publish,pub,cpp_to_py,copy,std,fastcdr,shmem_ds,100000,10,0,measured,78,2026-09-09T14:30:17.555030Z,157411217023489,157411217023489,-1,-1,-1,ok,
std_copy_fastcdr__cpp_to_py__100000B__10Hz__shmem_ds__best_effort,publish,pub,cpp_to_py,copy,std,fastcdr,shmem_ds,100000,10,0,measured,79,2026-09-09T14:30:17.654859Z,157411316854029,157411316854029,-1,-1,-1,ok,
std_copy_fastcdr__cpp_to_py__100000B__10Hz__shmem_ds__best_effort,publish,pub,cpp_to_py,copy,std,fastcdr,shmem_ds,100000,10,0,measured,80,2026-09-09T14:30:17.755649Z,157411417722004,157411417722004,-1,-1,-1,ok,
std_copy_fastcdr__cpp_to_py__100000B__10Hz__shmem_ds__best_effort,publish,pub,cpp_to_py,copy,std,fastcdr,shmem_ds,100000,10,0,measured,81,2026-09-09T14:30:17.855441Z,157411517424553,157411517424553,-1,-1,-1,ok,
std_copy_fastcdr__cpp_to_py__100000B__10Hz__shmem_ds__best_effort,publish,pub,cpp_to_py,copy,std,fastcdr,shmem_ds,100000,10,0,measured,82,2026-09-09T14:30:17.954949Z,157411617015752,157411617015752,-1,-1,-1,ok,
std_copy_fastcdr__cpp_to_py__100000B__10Hz__shmem_ds__best_effort,publish,pub,cpp_to_py,copy,std,fastcdr,shmem_ds,100000,10,0,measured,83,2026-09-09T14:30:18.055406Z,157411717493313,157411717493313,-1,-1,-1,ok,
std_copy_fastcdr__cpp_to_py__100000B__10Hz__shmem_ds__best_effort,publish,pub,cpp_to_py,copy,std,fastcdr,shmem_ds,100000,10,0,measured,84,2026-09-09T14:30:18.155607Z,157411817680768,157411817680768,-1,-1,-1,ok,
std_copy_fastcdr__cpp_to_py__100000B__10Hz__shmem_ds__best_effort,publish,pub,cpp_to_py,copy,std,fastcdr,shmem_ds,100000,10,0,measured,85,2026-09-09T14:30:18.255391Z,157411917391525,157411917391525,-1,-1,-1,ok,
std_copy_fastcdr__cpp_to_py__100000B__10Hz__shmem_ds__best_effort,publish,pub,cpp_to_py,copy,std,fastcdr,shmem_ds,100000,10,0,measured,86,2026-09-09T14:30:18.354653Z,157412016671731,157412016671731,-1,-1,-1,ok,
std_copy_fastcdr__cpp_to_py__100000B__10Hz__shmem_ds__best_effort,publish,pub,cpp_to_py,copy,std,fastcdr,shmem_ds,100000,10,0,measured,87,2026-09-09T14:30:18.454921Z,157412116919871,157412116919871,-1,-1,-1,ok,
std_copy_fastcdr__cpp_to_py__100000B__10Hz__shmem_ds__best_effort,publish,pub,cpp_to_py,copy,std,fastcdr,shmem_ds,100000,10,0,measured,88,2026-09-09T14:30:18.555007Z,157412217096345,157412217096345,-1,-1,-1,ok,
std_copy_fastcdr__cpp_to_py__100000B__10Hz__shmem_ds__best_effort,publish,pub,cpp_to_py,copy,std,fastcdr,shmem_ds,100000,10,0,measured,89,2026-09-09T14:30:18.655061Z,157412317141161,157412317141161,-1,-1,-1,ok,
std_copy_fastcdr__cpp_to_py__100000B__10Hz__shmem_ds__best_effort,publish,pub,cpp_to_py,copy,std,fastcdr,shmem_ds,100000,10,0,measured,90,2026-09-09T14:30:18.755398Z,157412417373782,157412417373782,-1,-1,-1,ok,
std_copy_fastcdr__cpp_to_py__100000B__10Hz__shmem_ds__best_effort,publish,pub,cpp_to_py,copy,std,fastcdr,shmem_ds,100000,10,0,measured,91,2026-09-09T14:30:18.854447Z,157412516484147,157412516484147,-1,-1,-1,ok,
std_copy_fastcdr__cpp_to_py__100000B__10Hz__shmem_ds__best_effort,publish,pub,cpp_to_py,copy,std,fastcdr,shmem_ds,100000,10,0,measured,92,2026-09-09T14:30:18.954209Z,157412616221394,157412616221394,-1,-1,-1,ok,
std_copy_fastcdr__cpp_to_py__100000B__10Hz__shmem_ds__best_effort,publish,pub,cpp_to_py,copy,std,fastcdr,shmem_ds,100000,10,0,measured,93,2026-09-09T14:30:19.054648Z,157412716695621,157412716695621,-1,-1,-1,ok,
std_copy_fastcdr__cpp_to_py__100000B__10Hz__shmem_ds__best_effort,publish,pub,cpp_to_py,copy,std,fastcdr,shmem_ds,100000,10,0,measured,94,2026-09-09T14:30:19.154895Z,157412816913265,157412816913265,-1,-1,-1,ok,
std_copy_fastcdr__cpp_to_py__100000B__10Hz__shmem_ds__best_effort,publish,pub,cpp_to_py,copy,std,fastcdr,shmem_ds,100000,10,0,measured,95,2026-09-09T14:30:19.254658Z,157412916705559,157412916705559,-1,-1,-1,ok,
std_copy_fastcdr__cpp_to_py__100000B__10Hz__shmem_ds__best_effort,publish,pub,cpp_to_py,copy,std,fastcdr,shmem_ds,100000,10,0,measured,96,2026-09-09T14:30:19.355479Z,157413017567316,157413017567316,-1,-1,-1,ok,
std_copy_fastcdr__cpp_to_py__100000B__10Hz__shmem_ds__best_effort,publish,pub,cpp_to_py,copy,std,fastcdr,shmem_ds,100000,10,0,measured,97,2026-09-09T14:30:19.455946Z,157413118018641,157413118018641,-1,-1,-1,ok,
std_copy_fastcdr__cpp_to_py__100000B__10Hz__shmem_ds__best_effort,publish,pub,cpp_to_py,copy,std,fastcdr,shmem_ds,100000,10,0,measured,98,2026-09-09T14:30:19.555470Z,157413217516249,157413217516249,-1,-1,-1,ok,
std_copy_fastcdr__cpp_to_py__100000B__10Hz__shmem_ds__best_effort,publish,pub,cpp_to_py,copy,std,fastcdr,shmem_ds,100000,10,0,measured,99,2026-09-09T14:30:19.655498Z,157413317568652,157413317568652,-1,-1,-1,ok,
std_copy_fastcdr__cpp_to_py__100000B__10Hz__shmem_ds__best_effort,publish,pub,cpp_to_py,copy,std,fastcdr,shmem_ds,100000,10,0,measured,100,2026-09-09T14:30:19.754818Z,157413416817010,157413416817010,-1,-1,-1,ok,
std_copy_fastcdr__cpp_to_py__100000B__10Hz__shmem_ds__best_effort,publish,pub,cpp_to_py,copy,std,fastcdr,shmem_ds,100000,10,0,measured,101,2026-09-09T14:30:19.855468Z,157413517401306,157413517401306,-1,-1,-1,ok,
std_copy_fastcdr__cpp_to_py__100000B__10Hz__shmem_ds__best_effort,publish,pub,cpp_to_py,copy,std,fastcdr,shmem_ds,100000,10,0,measured,102,2026-09-09T14:30:19.954800Z,157413616860832,157413616860832,-1,-1,-1,ok,
std_copy_fastcdr__cpp_to_py__100000B__10Hz__shmem_ds__best_effort,publish,pub,cpp_to_py,copy,std,fastcdr,shmem_ds,100000,10,0,measured,103,2026-09-09T14:30:20.053996Z,157413716047316,157413716047316,-1,-1,-1,ok,
std_copy_fastcdr__cpp_to_py__100000B__10Hz__shmem_ds__best_effort,publish,pub,cpp_to_py,copy,std,fastcdr,shmem_ds,100000,10,0,measured,104,2026-09-09T14:30:20.154814Z,157413816828404,157413816828404,-1,-1,-1,ok,
std_copy_fastcdr__cpp_to_py__100000B__10Hz__shmem_ds__best_effort,publish,pub,cpp_to_py,copy,std,fastcdr,shmem_ds,100000,10,0,measured,105,2026-09-09T14:30:20.254671Z,157413916769690,157413916769690,-1,-1,-1,ok,
std_copy_fastcdr__cpp_to_py__100000B__10Hz__shmem_ds__best_effort,publish,pub,cpp_to_py,copy,std,fastcdr,shmem_ds,100000,10,0,measured,106,2026-09-09T14:30:20.353925Z,157414015996350,157414015996350,-1,-1,-1,ok,
std_copy_fastcdr__cpp_to_py__100000B__10Hz__shmem_ds__best_effort,publish,pub,cpp_to_py,copy,std,fastcdr,shmem_ds,100000,10,0,measured,107,2026-09-09T14:30:20.454295Z,157414116382835,157414116382835,-1,-1,-1,ok,
std_copy_fastcdr__cpp_to_py__100000B__10Hz__shmem_ds__best_effort,publish,pub,cpp_to_py,copy,std,fastcdr,shmem_ds,100000,10,0,measured,108,2026-09-09T14:30:20.553563Z,157414215636816,157414215636816,-1,-1,-1,ok,
std_copy_fastcdr__cpp_to_py__100000B__10Hz__shmem_ds__best_effort,publish,pub,cpp_to_py,copy,std,fastcdr,shmem_ds,100000,10,0,measured,109,2026-09-09T14:30:20.653996Z,157414316077724,157414316077724,-1,-1,-1,ok,
std_copy_fastcdr__cpp_to_py__100000B__10Hz__shmem_ds__best_effort,publish,pub,cpp_to_py,copy,std,fastcdr,shmem_ds,100000,10,0,measured,110,2026-09-09T14:30:20.754216Z,157414416287235,157414416287235,-1,-1,-1,ok,
std_copy_fastcdr__cpp_to_py__100000B__10Hz__shmem_ds__best_effort,publish,pub,cpp_to_py,copy,std,fastcdr,shmem_ds,100000,10,0,measured,111,2026-09-09T14:30:20.853928Z,157414515999530,157414515999530,-1,-1,-1,ok,
std_copy_fastcdr__cpp_to_py__100000B__10Hz__shmem_ds__best_effort,publish,pub,cpp_to_py,copy,std,fastcdr,shmem_ds,100000,10,0,measured,112,2026-09-09T14:30:20.954537Z,157414616541638,157414616541638,-1,-1,-1,ok,
std_copy_fastcdr__cpp_to_py__100000B__10Hz__shmem_ds__best_effort,publish,pub,cpp_to_py,copy,std,fastcdr,shmem_ds,100000,10,0,measured,113,2026-09-09T14:30:21.055413Z,157414717397188,157414717397188,-1,-1,-1,ok,
std_copy_fastcdr__cpp_to_py__100000B__10Hz__shmem_ds__best_effort,publish,pub,cpp_to_py,copy,std,fastcdr,shmem_ds,100000,10,0,measured,114,2026-09-09T14:30:21.156443Z,157414818392593,157414818392593,-1,-1,-1,ok,
std_copy_fastcdr__cpp_to_py__100000B__10Hz__shmem_ds__best_effort,publish,pub,cpp_to_py,copy,std,fastcdr,shmem_ds,100000,10,0,measured,115,2026-09-09T14:30:21.256107Z,157414918168239,157414918168239,-1,-1,-1,ok,
std_copy_fastcdr__cpp_to_py__100000B__10Hz__shmem_ds__best_effort,publish,pub,cpp_to_py,copy,std,fastcdr,shmem_ds,100000,10,0,measured,116,2026-09-09T14:30:21.355959Z,157415017913849,157415017913849,-1,-1,-1,ok,
std_copy_fastcdr__cpp_to_py__100000B__10Hz__shmem_ds__best_effort,publish,pub,cpp_to_py,copy,std,fastcdr,shmem_ds,100000,10,0,measured,117,2026-09-09T14:30:21.456497Z,157415118575064,157415118575064,-1,-1,-1,ok,
std_copy_fastcdr__cpp_to_py__100000B__10Hz__shmem_ds__best_effort,publish,pub,cpp_to_py,copy,std,fastcdr,shmem_ds,100000,10,0,measured,118,2026-09-09T14:30:21.557032Z,157415219104621,157415219104621,-1,-1,-1,ok,
std_copy_fastcdr__cpp_to_py__100000B__10Hz__shmem_ds__best_effort,publish,pub,cpp_to_py,copy,std,fastcdr,shmem_ds,100000,10,0,measured,119,2026-09-09T14:30:21.657340Z,157415319417720,157415319417720,-1,-1,-1,ok,
std_copy_fastcdr__cpp_to_py__100000B__10Hz__shmem_ds__best_effort,publish,pub,cpp_to_py,copy,std,fastcdr,shmem_ds,100000,10,0,measured,120,2026-09-09T14:30:21.758168Z,157415420188963,157415420188963,-1,-1,-1,ok,
std_copy_fastcdr__cpp_to_py__100000B__10Hz__shmem_ds__best_effort,publish,pub,cpp_to_py,copy,std,fastcdr,shmem_ds,100000,10,0,measured,121,2026-09-09T14:30:21.857278Z,157415519321167,157415519321167,-1,-1,-1,ok,
std_copy_fastcdr__cpp_to_py__100000B__10Hz__shmem_ds__best_effort,publish,pub,cpp_to_py,copy,std,fastcdr,shmem_ds,100000,10,0,measured,122,2026-09-09T14:30:21.956978Z,157415618971237,157415618971237,-1,-1,-1,ok,
std_copy_fastcdr__cpp_to_py__100000B__10Hz__shmem_ds__best_effort,publish,pub,cpp_to_py,copy,std,fastcdr,shmem_ds,100000,10,0,measured,123,2026-09-09T14:30:22.056468Z,157415718552619,157415718552619,-1,-1,-1,ok,
std_copy_fastcdr__cpp_to_py__100000B__10Hz__shmem_ds__best_effort,publish,pub,cpp_to_py,copy,std,fastcdr,shmem_ds,100000,10,0,measured,124,2026-09-09T14:30:22.156334Z,157415818389012,157415818389012,-1,-1,-1,ok,
std_copy_fastcdr__cpp_to_py__100000B__10Hz__shmem_ds__best_effort,publish,pub,cpp_to_py,copy,std,fastcdr,shmem_ds,100000,10,0,measured,125,2026-09-09T14:30:22.255621Z,157415917707660,157415917707660,-1,-1,-1,ok,
std_copy_fastcdr__cpp_to_py__100000B__10Hz__shmem_ds__best_effort,publish,pub,cpp_to_py,copy,std,fastcdr,shmem_ds,100000,10,0,measured,126,2026-09-09T14:30:22.356336Z,157416018412840,157416018412840,-1,-1,-1,ok,
std_copy_fastcdr__cpp_to_py__100000B__10Hz__shmem_ds__best_effort,publish,pub,cpp_to_py,copy,std,fastcdr,shmem_ds,100000,10,0,measured,127,2026-09-09T14:30:22.456401Z,157416118389618,157416118389618,-1,-1,-1,ok,
std_copy_fastcdr__cpp_to_py__100000B__10Hz__shmem_ds__best_effort,publish,pub,cpp_to_py,copy,std,fastcdr,shmem_ds,100000,10,0,measured,128,2026-09-09T14:30:22.555930Z,157416217966532,157416217966532,-1,-1,-1,ok,
std_copy_fastcdr__cpp_to_py__100000B__10Hz__shmem_ds__best_effort,publish,pub,cpp_to_py,copy,std,fastcdr,shmem_ds,100000,10,0,measured,129,2026-09-09T14:30:22.656608Z,157416318602963,157416318602963,-1,-1,-1,ok,
std_copy_fastcdr__cpp_to_py__100000B__10Hz__shmem_ds__best_effort,publish,pub,cpp_to_py,copy,std,fastcdr,shmem_ds,100000,10,0,measured,130,2026-09-09T14:30:22.756383Z,157416418461098,157416418461098,-1,-1,-1,ok,
std_copy_fastcdr__cpp_to_py__100000B__10Hz__shmem_ds__best_effort,publish,pub,cpp_to_py,copy,std,fastcdr,shmem_ds,100000,10,0,measured,131,2026-09-09T14:30:22.855538Z,157416517617670,157416517617670,-1,-1,-1,ok,
std_copy_fastcdr__cpp_to_py__100000B__10Hz__shmem_ds__best_effort,publish,pub,cpp_to_py,copy,std,fastcdr,shmem_ds,100000,10,0,measured,132,2026-09-09T14:30:22.956328Z,157416618373937,157416618373937,-1,-1,-1,ok,
std_copy_fastcdr__cpp_to_py__100000B__10Hz__shmem_ds__best_effort,publish,pub,cpp_to_py,copy,std,fastcdr,shmem_ds,100000,10,0,measured,133,2026-09-09T14:30:23.056884Z,157416718955395,157416718955395,-1,-1,-1,ok,
std_copy_fastcdr__cpp_to_py__100000B__10Hz__shmem_ds__best_effort,publish,pub,cpp_to_py,copy,std,fastcdr,shmem_ds,100000,10,0,measured,134,2026-09-09T14:30:23.157675Z,157416819758442,157416819758442,-1,-1,-1,ok,
std_copy_fastcdr__cpp_to_py__100000B__10Hz__shmem_ds__best_effort,publish,pub,cpp_to_py,copy,std,fastcdr,shmem_ds,100000,10,0,measured,135,2026-09-09T14:30:23.258380Z,157416920468043,157416920468043,-1,-1,-1,ok,
std_copy_fastcdr__cpp_to_py__100000B__10Hz__shmem_ds__best_effort,publish,pub,cpp_to_py,copy,std,fastcdr,shmem_ds,100000,10,0,measured,136,2026-09-09T14:30:23.357455Z,157417019529269,157417019529269,-1,-1,-1,ok,
std_copy_fastcdr__cpp_to_py__100000B__10Hz__shmem_ds__best_effort,publish,pub,cpp_to_py,copy,std,fastcdr,shmem_ds,100000,10,0,measured,137,2026-09-09T14:30:23.457961Z,157417120012153,157417120012153,-1,-1,-1,ok,
std_copy_fastcdr__cpp_to_py__100000B__10Hz__shmem_ds__best_effort,publish,pub,cpp_to_py,copy,std,fastcdr,shmem_ds,100000,10,0,measured,138,2026-09-09T14:30:23.557134Z,157417219156755,157417219156755,-1,-1,-1,ok,
std_copy_fastcdr__cpp_to_py__100000B__10Hz__shmem_ds__best_effort,publish,pub,cpp_to_py,copy,std,fastcdr,shmem_ds,100000,10,0,measured,139,2026-09-09T14:30:23.656473Z,157417318564583,157417318564583,-1,-1,-1,ok,
std_copy_fastcdr__cpp_to_py__100000B__10Hz__shmem_ds__best_effort,publish,pub,cpp_to_py,copy,std,fastcdr,shmem_ds,100000,10,0,measured,140,2026-09-09T14:30:23.756703Z,157417418818516,157417418818516,-1,-1,-1,ok,
std_copy_fastcdr__cpp_to_py__100000B__10Hz__shmem_ds__best_effort,publish,pub,cpp_to_py,copy,std,fastcdr,shmem_ds,100000,10,0,measured,141,2026-09-09T14:30:23.856612Z,157417518704976,157417518704976,-1,-1,-1,ok,
std_copy_fastcdr__cpp_to_py__100000B__10Hz__shmem_ds__best_effort,publish,pub,cpp_to_py,copy,std,fastcdr,shmem_ds,100000,10,0,measured,142,2026-09-09T14:30:23.956294Z,157417618376802,157417618376802,-1,-1,-1,ok,
std_copy_fastcdr__cpp_to_py__100000B__10Hz__shmem_ds__best_effort,publish,pub,cpp_to_py,copy,std,fastcdr,shmem_ds,100000,10,0,measured,143,2026-09-09T14:30:24.056008Z,157417718090528,157417718090528,-1,-1,-1,ok,
std_copy_fastcdr__cpp_to_py__100000B__10Hz__shmem_ds__best_effort,publish,pub,cpp_to_py,copy,std,fastcdr,shmem_ds,100000,10,0,measured,144,2026-09-09T14:30:24.156436Z,157417818499144,157417818499144,-1,-1,-1,ok,
std_copy_fastcdr__cpp_to_py__100000B__10Hz__shmem_ds__best_effort,publish,pub,cpp_to_py,copy,std,fastcdr,shmem_ds,100000,10,0,measured,145,2026-09-09T14:30:24.256087Z,157417918175621,157417918175621,-1,-1,-1,ok,
std_copy_fastcdr__cpp_to_py__100000B__10Hz__shmem_ds__best_effort,publish,pub,cpp_to_py,copy,std,fastcdr,shmem_ds,100000,10,0,measured,146,2026-09-09T14:30:24.356608Z,157418018663386,157418018663386,-1,-1,-1,ok,
std_copy_fastcdr__cpp_to_py__100000B__10Hz__shmem_ds__best_effort,publish,pub,cpp_to_py,copy,std,fastcdr,shmem_ds,100000,10,0,measured,147,2026-09-09T14:30:24.455940Z,157418117991337,157418117991337,-1,-1,-1,ok,
std_copy_fastcdr__cpp_to_py__100000B__10Hz__shmem_ds__best_effort,publish,pub,cpp_to_py,copy,std,fastcdr,shmem_ds,100000,10,0,measured,148,2026-09-09T14:30:24.556212Z,157418218293403,157418218293403,-1,-1,-1,ok,
std_copy_fastcdr__cpp_to_py__100000B__10Hz__shmem_ds__best_effort,publish,pub,cpp_to_py,copy,std,fastcdr,shmem_ds,100000,10,0,measured,149,2026-09-09T14:30:24.655380Z,157418317457865,157418317457865,-1,-1,-1,ok,
std_copy_fastcdr__cpp_to_py__100000B__10Hz__shmem_ds__best_effort,publish,pub,cpp_to_py,copy,std,fastcdr,shmem_ds,100000,10,0,measured,150,2026-09-09T14:30:24.755173Z,157418417258085,157418417258085,-1,-1,-1,ok,
std_copy_fastcdr__cpp_to_py__100000B__10Hz__shmem_ds__best_effort,publish,pub,cpp_to_py,copy,std,fastcdr,shmem_ds,100000,10,0,measured,151,2026-09-09T14:30:24.854914Z,157418516975720,157418516975720,-1,-1,-1,ok,
std_copy_fastcdr__cpp_to_py__100000B__10Hz__shmem_ds__best_effort,publish,pub,cpp_to_py,copy,std,fastcdr,shmem_ds,100000,10,0,measured,152,2026-09-09T14:30:24.954933Z,157418617010442,157418617010442,-1,-1,-1,ok,
std_copy_fastcdr__cpp_to_py__100000B__10Hz__shmem_ds__best_effort,publish,pub,cpp_to_py,copy,std,fastcdr,shmem_ds,100000,10,0,measured,153,2026-09-09T14:30:25.055278Z,157418717354727,157418717354727,-1,-1,-1,ok,
std_copy_fastcdr__cpp_to_py__100000B__10Hz__shmem_ds__best_effort,publish,pub,cpp_to_py,copy,std,fastcdr,shmem_ds,100000,10,0,measured,154,2026-09-09T14:30:25.155694Z,157418817791680,157418817791680,-1,-1,-1,ok,
std_copy_fastcdr__cpp_to_py__100000B__10Hz__shmem_ds__best_effort,publish,pub,cpp_to_py,copy,std,fastcdr,shmem_ds,100000,10,0,measured,155,2026-09-09T14:30:25.255748Z,157418917799614,157418917799614,-1,-1,-1,ok,
std_copy_fastcdr__cpp_to_py__100000B__10Hz__shmem_ds__best_effort,publish,pub,cpp_to_py,copy,std,fastcdr,shmem_ds,100000,10,0,measured,156,2026-09-09T14:30:25.355784Z,157419017842594,157419017842594,-1,-1,-1,ok,
std_copy_fastcdr__cpp_to_py__100000B__10Hz__shmem_ds__best_effort,publish,pub,cpp_to_py,copy,std,fastcdr,shmem_ds,100000,10,0,measured,157,2026-09-09T14:30:25.455563Z,157419117638608,157419117638608,-1,-1,-1,ok,
std_copy_fastcdr__cpp_to_py__100000B__10Hz__shmem_ds__best_effort,publish,pub,cpp_to_py,copy,std,fastcdr,shmem_ds,100000,10,0,measured,158,2026-09-09T14:30:25.556135Z,157419218220233,157419218220233,-1,-1,-1,ok,
std_copy_fastcdr__cpp_to_py__100000B__10Hz__shmem_ds__best_effort,publish,pub,cpp_to_py,copy,std,fastcdr,shmem_ds,100000,10,0,measured,159,2026-09-09T14:30:25.655526Z,157419317597659,157419317597659,-1,-1,-1,ok,
std_copy_fastcdr__cpp_to_py__100000B__10Hz__shmem_ds__best_effort,publish,pub,cpp_to_py,copy,std,fastcdr,shmem_ds,100000,10,0,measured,160,2026-09-09T14:30:25.755216Z,157419417295709,157419417295709,-1,-1,-1,ok,
std_copy_fastcdr__cpp_to_py__100000B__10Hz__shmem_ds__best_effort,publish,pub,cpp_to_py,copy,std,fastcdr,shmem_ds,100000,10,0,measured,161,2026-09-09T14:30:25.855328Z,157419517403391,157419517403391,-1,-1,-1,ok,
std_copy_fastcdr__cpp_to_py__100000B__10Hz__shmem_ds__best_effort,publish,pub,cpp_to_py,copy,std,fastcdr,shmem_ds,100000,10,0,measured,162,2026-09-09T14:30:25.954488Z,157419616568046,157419616568046,-1,-1,-1,ok,
std_copy_fastcdr__cpp_to_py__100000B__10Hz__shmem_ds__best_effort,publish,pub,cpp_to_py,copy,std,fastcdr,shmem_ds,100000,10,0,measured,163,2026-09-09T14:30:26.053949Z,157419716018520,157419716018520,-1,-1,-1,ok,
std_copy_fastcdr__cpp_to_py__100000B__10Hz__shmem_ds__best_effort,publish,pub,cpp_to_py,copy,std,fastcdr,shmem_ds,100000,10,0,measured,164,2026-09-09T14:30:26.153892Z,157419815901972,157419815901972,-1,-1,-1,ok,
std_copy_fastcdr__cpp_to_py__100000B__10Hz__shmem_ds__best_effort,publish,pub,cpp_to_py,copy,std,fastcdr,shmem_ds,100000,10,0,measured,165,2026-09-09T14:30:26.253774Z,157419915847109,157419915847109,-1,-1,-1,ok,
std_copy_fastcdr__cpp_to_py__100000B__10Hz__shmem_ds__best_effort,publish,pub,cpp_to_py,copy,std,fastcdr,shmem_ds,100000,10,0,measured,166,2026-09-09T14:30:26.353280Z,157420015289160,157420015289160,-1,-1,-1,ok,
std_copy_fastcdr__cpp_to_py__100000B__10Hz__shmem_ds__best_effort,publish,pub,cpp_to_py,copy,std,fastcdr,shmem_ds,100000,10,0,measured,167,2026-09-09T14:30:26.453409Z,157420115480051,157420115480051,-1,-1,-1,ok,
std_copy_fastcdr__cpp_to_py__100000B__10Hz__shmem_ds__best_effort,publish,pub,cpp_to_py,copy,std,fastcdr,shmem_ds,100000,10,0,measured,168,2026-09-09T14:30:26.554462Z,157420216465468,157420216465468,-1,-1,-1,ok,
std_copy_fastcdr__cpp_to_py__100000B__10Hz__shmem_ds__best_effort,publish,pub,cpp_to_py,copy,std,fastcdr,shmem_ds,100000,10,0,measured,169,2026-09-09T14:30:26.655174Z,157420317264064,157420317264064,-1,-1,-1,ok,
std_copy_fastcdr__cpp_to_py__100000B__10Hz__shmem_ds__best_effort,publish,pub,cpp_to_py,copy,std,fastcdr,shmem_ds,100000,10,0,measured,170,2026-09-09T14:30:26.755017Z,157420417031457,157420417031457,-1,-1,-1,ok,
std_copy_fastcdr__cpp_to_py__100000B__10Hz__shmem_ds__best_effort,publish,pub,cpp_to_py,copy,std,fastcdr,shmem_ds,100000,10,0,measured,171,2026-09-09T14:30:26.854917Z,157420516983057,157420516983057,-1,-1,-1,ok,
std_copy_fastcdr__cpp_to_py__100000B__10Hz__shmem_ds__best_effort,publish,pub,cpp_to_py,copy,std,fastcdr,shmem_ds,100000,10,0,measured,172,2026-09-09T14:30:26.954510Z,157420616571212,157420616571212,-1,-1,-1,ok,
std_copy_fastcdr__cpp_to_py__100000B__10Hz__shmem_ds__best_effort,publish,pub,cpp_to_py,copy,std,fastcdr,shmem_ds,100000,10,0,measured,173,2026-09-09T14:30:27.054436Z,157420716476927,157420716476927,-1,-1,-1,ok,
std_copy_fastcdr__cpp_to_py__100000B__10Hz__shmem_ds__best_effort,publish,pub,cpp_to_py,copy,std,fastcdr,shmem_ds,100000,10,0,measured,174,2026-09-09T14:30:27.154079Z,157420816100823,157420816100823,-1,-1,-1,ok,
std_copy_fastcdr__cpp_to_py__100000B__10Hz__shmem_ds__best_effort,publish,pub,cpp_to_py,copy,std,fastcdr,shmem_ds,100000,10,0,measured,175,2026-09-09T14:30:27.253605Z,157420915679984,157420915679984,-1,-1,-1,ok,
std_copy_fastcdr__cpp_to_py__100000B__10Hz__shmem_ds__best_effort,publish,pub,cpp_to_py,copy,std,fastcdr,shmem_ds,100000,10,0,measured,176,2026-09-09T14:30:27.353507Z,157421015580750,157421015580750,-1,-1,-1,ok,
std_copy_fastcdr__cpp_to_py__100000B__10Hz__shmem_ds__best_effort,publish,pub,cpp_to_py,copy,std,fastcdr,shmem_ds,100000,10,0,measured,177,2026-09-09T14:30:27.453790Z,157421115863106,157421115863106,-1,-1,-1,ok,
std_copy_fastcdr__cpp_to_py__100000B__10Hz__shmem_ds__best_effort,publish,pub,cpp_to_py,copy,std,fastcdr,shmem_ds,100000,10,0,measured,178,2026-09-09T14:30:27.552929Z,157421214991718,157421214991718,-1,-1,-1,ok,
std_copy_fastcdr__cpp_to_py__100000B__10Hz__shmem_ds__best_effort,publish,pub,cpp_to_py,copy,std,fastcdr,shmem_ds,100000,10,0,measured,179,2026-09-09T14:30:27.652943Z,157421315016017,157421315016017,-1,-1,-1,ok,
std_copy_fastcdr__cpp_to_py__100000B__10Hz__shmem_ds__best_effort,publish,pub,cpp_to_py,copy,std,fastcdr,shmem_ds,100000,10,0,measured,180,2026-09-09T14:30:27.752707Z,157421414721596,157421414721596,-1,-1,-1,ok,
std_copy_fastcdr__cpp_to_py__100000B__10Hz__shmem_ds__best_effort,publish,pub,cpp_to_py,copy,std,fastcdr,shmem_ds,100000,10,0,measured,181,2026-09-09T14:30:27.853236Z,157421515246379,157421515246379,-1,-1,-1,ok,
std_copy_fastcdr__cpp_to_py__100000B__10Hz__shmem_ds__best_effort,publish,pub,cpp_to_py,copy,std,fastcdr,shmem_ds,100000,10,0,measured,182,2026-09-09T14:30:27.953029Z,157421615101169,157421615101169,-1,-1,-1,ok,
std_copy_fastcdr__cpp_to_py__100000B__10Hz__shmem_ds__best_effort,publish,pub,cpp_to_py,copy,std,fastcdr,shmem_ds,100000,10,0,measured,183,2026-09-09T14:30:28.052424Z,157421714497767,157421714497767,-1,-1,-1,ok,
std_copy_fastcdr__cpp_to_py__100000B__10Hz__shmem_ds__best_effort,publish,pub,cpp_to_py,copy,std,fastcdr,shmem_ds,100000,10,0,measured,184,2026-09-09T14:30:28.151419Z,157421813496627,157421813496627,-1,-1,-1,ok,
std_copy_fastcdr__cpp_to_py__100000B__10Hz__shmem_ds__best_effort,publish,pub,cpp_to_py,copy,std,fastcdr,shmem_ds,100000,10,0,measured,185,2026-09-09T14:30:28.251702Z,157421913775258,157421913775258,-1,-1,-1,ok,
std_copy_fastcdr__cpp_to_py__100000B__10Hz__shmem_ds__best_effort,publish,pub,cpp_to_py,copy,std,fastcdr,shmem_ds,100000,10,0,measured,186,2026-09-09T14:30:28.351245Z,157422013319295,157422013319295,-1,-1,-1,ok,
std_copy_fastcdr__cpp_to_py__100000B__10Hz__shmem_ds__best_effort,publish,pub,cpp_to_py,copy,std,fastcdr,shmem_ds,100000,10,0,measured,187,2026-09-09T14:30:28.450675Z,157422112682471,157422112682471,-1,-1,-1,ok,
std_copy_fastcdr__cpp_to_py__100000B__10Hz__shmem_ds__best_effort,publish,pub,cpp_to_py,copy,std,fastcdr,shmem_ds,100000,10,0,measured,188,2026-09-09T14:30:28.551425Z,157422213475862,157422213475862,-1,-1,-1,ok,
std_copy_fastcdr__cpp_to_py__100000B__10Hz__shmem_ds__best_effort,publish,pub,cpp_to_py,copy,std,fastcdr,shmem_ds,100000,10,0,measured,189,2026-09-09T14:30:28.652012Z,157422314071651,157422314071651,-1,-1,-1,ok,
std_copy_fastcdr__cpp_to_py__100000B__10Hz__shmem_ds__best_effort,publish,pub,cpp_to_py,copy,std,fastcdr,shmem_ds,100000,10,0,measured,190,2026-09-09T14:30:28.751825Z,157422413888632,157422413888632,-1,-1,-1,ok,
std_copy_fastcdr__cpp_to_py__100000B__10Hz__shmem_ds__best_effort,publish,pub,cpp_to_py,copy,std,fastcdr,shmem_ds,100000,10,0,measured,191,2026-09-09T14:30:28.851015Z,157422513088120,157422513088120,-1,-1,-1,ok,
std_copy_fastcdr__cpp_to_py__100000B__10Hz__shmem_ds__best_effort,publish,pub,cpp_to_py,copy,std,fastcdr,shmem_ds,100000,10,0,measured,192,2026-09-09T14:30:28.951370Z,157422613440971,157422613440971,-1,-1,-1,ok,
std_copy_fastcdr__cpp_to_py__100000B__10Hz__shmem_ds__best_effort,publish,pub,cpp_to_py,copy,std,fastcdr,shmem_ds,100000,10,0,measured,193,2026-09-09T14:30:29.052299Z,157422714370109,157422714370109,-1,-1,-1,ok,
std_copy_fastcdr__cpp_to_py__100000B__10Hz__shmem_ds__best_effort,publish,pub,cpp_to_py,copy,std,fastcdr,shmem_ds,100000,10,0,measured,194,2026-09-09T14:30:29.151847Z,157422813910261,157422813910261,-1,-1,-1,ok,
std_copy_fastcdr__cpp_to_py__100000B__10Hz__shmem_ds__best_effort,publish,pub,cpp_to_py,copy,std,fastcdr,shmem_ds,100000,10,0,measured,195,2026-09-09T14:30:29.250942Z,157422913013159,157422913013159,-1,-1,-1,ok,
std_copy_fastcdr__cpp_to_py__100000B__10Hz__shmem_ds__best_effort,publish,pub,cpp_to_py,copy,std,fastcdr,shmem_ds,100000,10,0,measured,196,2026-09-09T14:30:29.351250Z,157423013322420,157423013322420,-1,-1,-1,ok,
std_copy_fastcdr__cpp_to_py__100000B__10Hz__shmem_ds__best_effort,publish,pub,cpp_to_py,copy,std,fastcdr,shmem_ds,100000,10,0,measured,197,2026-09-09T14:30:29.451395Z,157423113469556,157423113469556,-1,-1,-1,ok,
std_copy_fastcdr__cpp_to_py__100000B__10Hz__shmem_ds__best_effort,publish,pub,cpp_to_py,copy,std,fastcdr,shmem_ds,100000,10,0,measured,198,2026-09-09T14:30:29.550757Z,157423212828086,157423212828086,-1,-1,-1,ok,
std_copy_fastcdr__cpp_to_py__100000B__10Hz__shmem_ds__best_effort,publish,pub,cpp_to_py,copy,std,fastcdr,shmem_ds,100000,10,0,measured,199,2026-09-09T14:30:29.651527Z,157423313602904,157423313602904,-1,-1,-1,ok,
std_copy_fastcdr__cpp_to_py__100000B__10Hz__shmem_ds__best_effort,publish,pub,cpp_to_py,copy,std,fastcdr,shmem_ds,100000,10,0,measured,200,2026-09-09T14:30:29.751485Z,157423413499488,157423413499488,-1,-1,-1,ok,
std_copy_fastcdr__cpp_to_py__100000B__10Hz__shmem_ds__best_effort,publish,pub,cpp_to_py,copy,std,fastcdr,shmem_ds,100000,10,0,measured,201,2026-09-09T14:30:29.850694Z,157423512706052,157423512706052,-1,-1,-1,ok,
std_copy_fastcdr__cpp_to_py__100000B__10Hz__shmem_ds__best_effort,publish,pub,cpp_to_py,copy,std,fastcdr,shmem_ds,100000,10,0,measured,202,2026-09-09T14:30:29.949940Z,157423612014727,157423612014727,-1,-1,-1,ok,
std_copy_fastcdr__cpp_to_py__100000B__10Hz__shmem_ds__best_effort,publish,pub,cpp_to_py,copy,std,fastcdr,shmem_ds,100000,10,0,measured,203,2026-09-09T14:30:30.050859Z,157423712854840,157423712854840,-1,-1,-1,ok,
std_copy_fastcdr__cpp_to_py__100000B__10Hz__shmem_ds__best_effort,publish,pub,cpp_to_py,copy,std,fastcdr,shmem_ds,100000,10,0,measured,204,2026-09-09T14:30:30.150665Z,157423812757758,157423812757758,-1,-1,-1,ok,
std_copy_fastcdr__cpp_to_py__100000B__10Hz__shmem_ds__best_effort,publish,pub,cpp_to_py,copy,std,fastcdr,shmem_ds,100000,10,0,measured,205,2026-09-09T14:30:30.251304Z,157423913390181,157423913390181,-1,-1,-1,ok,
std_copy_fastcdr__cpp_to_py__100000B__10Hz__shmem_ds__best_effort,publish,pub,cpp_to_py,copy,std,fastcdr,shmem_ds,100000,10,0,measured,206,2026-09-09T14:30:30.351139Z,157424013225932,157424013225932,-1,-1,-1,ok,
std_copy_fastcdr__cpp_to_py__100000B__10Hz__shmem_ds__best_effort,publish,pub,cpp_to_py,copy,std,fastcdr,shmem_ds,100000,10,0,measured,207,2026-09-09T14:30:30.451007Z,157424113084818,157424113084818,-1,-1,-1,ok,
std_copy_fastcdr__cpp_to_py__100000B__10Hz__shmem_ds__best_effort,publish,pub,cpp_to_py,copy,std,fastcdr,shmem_ds,100000,10,0,measured,208,2026-09-09T14:30:30.550660Z,157424212734188,157424212734188,-1,-1,-1,ok,
std_copy_fastcdr__cpp_to_py__100000B__10Hz__shmem_ds__best_effort,publish,pub,cpp_to_py,copy,std,fastcdr,shmem_ds,100000,10,0,measured,209,2026-09-09T14:30:30.649877Z,157424311940363,157424311940363,-1,-1,-1,ok,
std_copy_fastcdr__cpp_to_py__100000B__10Hz__shmem_ds__best_effort,publish,pub,cpp_to_py,copy,std,fastcdr,shmem_ds,100000,10,0,measured,210,2026-09-09T14:30:30.749245Z,157424411326457,157424411326457,-1,-1,-1,ok,
std_copy_fastcdr__cpp_to_py__100000B__10Hz__shmem_ds__best_effort,publish,pub,cpp_to_py,copy,std,fastcdr,shmem_ds,100000,10,0,measured,211,2026-09-09T14:30:30.848730Z,157424510808672,157424510808672,-1,-1,-1,ok,
std_copy_fastcdr__cpp_to_py__100000B__10Hz__shmem_ds__best_effort,publish,pub,cpp_to_py,copy,std,fastcdr,shmem_ds,100000,10,0,measured,212,2026-09-09T14:30:30.949496Z,157424611568194,157424611568194,-1,-1,-1,ok,
std_copy_fastcdr__cpp_to_py__100000B__10Hz__shmem_ds__best_effort,publish,pub,cpp_to_py,copy,std,fastcdr,shmem_ds,100000,10,0,measured,213,2026-09-09T14:30:31.049410Z,157424711460934,157424711460934,-1,-1,-1,ok,
std_copy_fastcdr__cpp_to_py__100000B__10Hz__shmem_ds__best_effort,publish,pub,cpp_to_py,copy,std,fastcdr,shmem_ds,100000,10,0,measured,214,2026-09-09T14:30:31.148780Z,157424810869142,157424810869142,-1,-1,-1,ok,
std_copy_fastcdr__cpp_to_py__100000B__10Hz__shmem_ds__best_effort,publish,pub,cpp_to_py,copy,std,fastcdr,shmem_ds,100000,10,0,measured,215,2026-09-09T14:30:31.248123Z,157424910198632,157424910198632,-1,-1,-1,ok,
std_copy_fastcdr__cpp_to_py__100000B__10Hz__shmem_ds__best_effort,publish,pub,cpp_to_py,copy,std,fastcdr,shmem_ds,100000,10,0,measured,216,2026-09-09T14:30:31.347473Z,157425009546166,157425009546166,-1,-1,-1,ok,
std_copy_fastcdr__cpp_to_py__100000B__10Hz__shmem_ds__best_effort,publish,pub,cpp_to_py,copy,std,fastcdr,shmem_ds,100000,10,0,measured,217,2026-09-09T14:30:31.446788Z,157425108861649,157425108861649,-1,-1,-1,ok,
std_copy_fastcdr__cpp_to_py__100000B__10Hz__shmem_ds__best_effort,publish,pub,cpp_to_py,copy,std,fastcdr,shmem_ds,100000,10,0,measured,218,2026-09-09T14:30:31.546038Z,157425208106991,157425208106991,-1,-1,-1,ok,
std_copy_fastcdr__cpp_to_py__100000B__10Hz__shmem_ds__best_effort,publish,pub,cpp_to_py,copy,std,fastcdr,shmem_ds,100000,10,0,measured,219,2026-09-09T14:30:31.645462Z,157425307530728,157425307530728,-1,-1,-1,ok,
std_copy_fastcdr__cpp_to_py__100000B__10Hz__shmem_ds__best_effort,publish,pub,cpp_to_py,copy,std,fastcdr,shmem_ds,100000,10,0,measured,220,2026-09-09T14:30:31.746367Z,157425408434424,157425408434424,-1,-1,-1,ok,
std_copy_fastcdr__cpp_to_py__100000B__10Hz__shmem_ds__best_effort,publish,pub,cpp_to_py,copy,std,fastcdr,shmem_ds,100000,10,0,measured,221,2026-09-09T14:30:31.846255Z,157425508285206,157425508285206,-1,-1,-1,ok,
std_copy_fastcdr__cpp_to_py__100000B__10Hz__shmem_ds__best_effort,publish,pub,cpp_to_py,copy,std,fastcdr,shmem_ds,100000,10,0,measured,222,2026-09-09T14:30:31.946161Z,157425608083570,157425608083570,-1,-1,-1,ok,
std_copy_fastcdr__cpp_to_py__100000B__10Hz__shmem_ds__best_effort,publish,pub,cpp_to_py,copy,std,fastcdr,shmem_ds,100000,10,0,measured,223,2026-09-09T14:30:32.045326Z,157425707338791,157425707338791,-1,-1,-1,ok,
std_copy_fastcdr__cpp_to_py__100000B__10Hz__shmem_ds__best_effort,publish,pub,cpp_to_py,copy,std,fastcdr,shmem_ds,100000,10,0,measured,224,2026-09-09T14:30:32.144523Z,157425806597269,157425806597269,-1,-1,-1,ok,
std_copy_fastcdr__cpp_to_py__100000B__10Hz__shmem_ds__best_effort,publish,pub,cpp_to_py,copy,std,fastcdr,shmem_ds,100000,10,0,measured,225,2026-09-09T14:30:32.244353Z,157425906401876,157425906401876,-1,-1,-1,ok,
std_copy_fastcdr__cpp_to_py__100000B__10Hz__shmem_ds__best_effort,publish,pub,cpp_to_py,copy,std,fastcdr,shmem_ds,100000,10,0,measured,226,2026-09-09T14:30:32.343703Z,157426005791953,157426005791953,-1,-1,-1,ok,
std_copy_fastcdr__cpp_to_py__100000B__10Hz__shmem_ds__best_effort,publish,pub,cpp_to_py,copy,std,fastcdr,shmem_ds,100000,10,0,measured,227,2026-09-09T14:30:32.443027Z,157426105117077,157426105117077,-1,-1,-1,ok,
std_copy_fastcdr__cpp_to_py__100000B__10Hz__shmem_ds__best_effort,publish,pub,cpp_to_py,copy,std,fastcdr,shmem_ds,100000,10,0,measured,228,2026-09-09T14:30:32.542714Z,157426204788714,157426204788714,-1,-1,-1,ok,
std_copy_fastcdr__cpp_to_py__100000B__10Hz__shmem_ds__best_effort,publish,pub,cpp_to_py,copy,std,fastcdr,shmem_ds,100000,10,0,measured,229,2026-09-09T14:30:32.643405Z,157426305479171,157426305479171,-1,-1,-1,ok,
std_copy_fastcdr__cpp_to_py__100000B__10Hz__shmem_ds__best_effort,publish,pub,cpp_to_py,copy,std,fastcdr,shmem_ds,100000,10,0,measured,230,2026-09-09T14:30:32.743740Z,157426405784842,157426405784842,-1,-1,-1,ok,
std_copy_fastcdr__cpp_to_py__100000B__10Hz__shmem_ds__best_effort,publish,pub,cpp_to_py,copy,std,fastcdr,shmem_ds,100000,10,0,measured,231,2026-09-09T14:30:32.843324Z,157426505429387,157426505429387,-1,-1,-1,ok,
std_copy_fastcdr__cpp_to_py__100000B__10Hz__shmem_ds__best_effort,publish,pub,cpp_to_py,copy,std,fastcdr,shmem_ds,100000,10,0,measured,232,2026-09-09T14:30:32.944210Z,157426606282481,157426606282481,-1,-1,-1,ok,
std_copy_fastcdr__cpp_to_py__100000B__10Hz__shmem_ds__best_effort,publish,pub,cpp_to_py,copy,std,fastcdr,shmem_ds,100000,10,0,measured,233,2026-09-09T14:30:33.043998Z,157426706063595,157426706063595,-1,-1,-1,ok,
std_copy_fastcdr__cpp_to_py__100000B__10Hz__shmem_ds__best_effort,publish,pub,cpp_to_py,copy,std,fastcdr,shmem_ds,100000,10,0,measured,234,2026-09-09T14:30:33.144162Z,157426806242620,157426806242620,-1,-1,-1,ok,
std_copy_fastcdr__cpp_to_py__100000B__10Hz__shmem_ds__best_effort,publish,pub,cpp_to_py,copy,std,fastcdr,shmem_ds,100000,10,0,measured,235,2026-09-09T14:30:33.244146Z,157426906254982,157426906254982,-1,-1,-1,ok,
std_copy_fastcdr__cpp_to_py__100000B__10Hz__shmem_ds__best_effort,publish,pub,cpp_to_py,copy,std,fastcdr,shmem_ds,100000,10,0,measured,236,2026-09-09T14:30:33.344014Z,157427006101681,157427006101681,-1,-1,-1,ok,
std_copy_fastcdr__cpp_to_py__100000B__10Hz__shmem_ds__best_effort,publish,pub,cpp_to_py,copy,std,fastcdr,shmem_ds,100000,10,0,measured,237,2026-09-09T14:30:33.444276Z,157427106364905,157427106364905,-1,-1,-1,ok,
std_copy_fastcdr__cpp_to_py__100000B__10Hz__shmem_ds__best_effort,publish,pub,cpp_to_py,copy,std,fastcdr,shmem_ds,100000,10,0,measured,238,2026-09-09T14:30:33.545141Z,157427207235564,157427207235564,-1,-1,-1,ok,
std_copy_fastcdr__cpp_to_py__100000B__10Hz__shmem_ds__best_effort,publish,pub,cpp_to_py,copy,std,fastcdr,shmem_ds,100000,10,0,measured,239,2026-09-09T14:30:33.644510Z,157427306594634,157427306594634,-1,-1,-1,ok,
std_copy_fastcdr__cpp_to_py__100000B__10Hz__shmem_ds__best_effort,publish,pub,cpp_to_py,copy,std,fastcdr,shmem_ds,100000,10,0,measured,240,2026-09-09T14:30:33.744370Z,157427406447565,157427406447565,-1,-1,-1,ok,
std_copy_fastcdr__cpp_to_py__100000B__10Hz__shmem_ds__best_effort,publish,pub,cpp_to_py,copy,std,fastcdr,shmem_ds,100000,10,0,measured,241,2026-09-09T14:30:33.845035Z,157427507099421,157427507099421,-1,-1,-1,ok,
std_copy_fastcdr__cpp_to_py__100000B__10Hz__shmem_ds__best_effort,publish,pub,cpp_to_py,copy,std,fastcdr,shmem_ds,100000,10,0,measured,242,2026-09-09T14:30:33.945312Z,157427607382602,157427607382602,-1,-1,-1,ok,
std_copy_fastcdr__cpp_to_py__100000B__10Hz__shmem_ds__best_effort,publish,pub,cpp_to_py,copy,std,fastcdr,shmem_ds,100000,10,0,measured,243,2026-09-09T14:30:34.044475Z,157427706544592,157427706544592,-1,-1,-1,ok,
std_copy_fastcdr__cpp_to_py__100000B__10Hz__shmem_ds__best_effort,publish,pub,cpp_to_py,copy,std,fastcdr,shmem_ds,100000,10,0,measured,244,2026-09-09T14:30:34.145032Z,157427807101742,157427807101742,-1,-1,-1,ok,
std_copy_fastcdr__cpp_to_py__100000B__10Hz__shmem_ds__best_effort,publish,pub,cpp_to_py,copy,std,fastcdr,shmem_ds,100000,10,0,measured,245,2026-09-09T14:30:34.245421Z,157427907374547,157427907374547,-1,-1,-1,ok,
std_copy_fastcdr__cpp_to_py__100000B__10Hz__shmem_ds__best_effort,publish,pub,cpp_to_py,copy,std,fastcdr,shmem_ds,100000,10,0,measured,246,2026-09-09T14:30:34.346111Z,157428008184934,157428008184934,-1,-1,-1,ok,
std_copy_fastcdr__cpp_to_py__100000B__10Hz__shmem_ds__best_effort,publish,pub,cpp_to_py,copy,std,fastcdr,shmem_ds,100000,10,0,measured,247,2026-09-09T14:30:34.445574Z,157428107646470,157428107646470,-1,-1,-1,ok,
std_copy_fastcdr__cpp_to_py__100000B__10Hz__shmem_ds__best_effort,publish,pub,cpp_to_py,copy,std,fastcdr,shmem_ds,100000,10,0,measured,248,2026-09-09T14:30:34.546308Z,157428208379852,157428208379852,-1,-1,-1,ok,
std_copy_fastcdr__cpp_to_py__100000B__10Hz__shmem_ds__best_effort,publish,pub,cpp_to_py,copy,std,fastcdr,shmem_ds,100000,10,0,measured,249,2026-09-09T14:30:34.645740Z,157428307812714,157428307812714,-1,-1,-1,ok,
std_copy_fastcdr__cpp_to_py__100000B__10Hz__shmem_ds__best_effort,publish,pub,cpp_to_py,copy,std,fastcdr,shmem_ds,100000,10,0,measured,250,2026-09-09T14:30:34.745558Z,157428407632845,157428407632845,-1,-1,-1,ok,
std_copy_fastcdr__cpp_to_py__100000B__10Hz__shmem_ds__best_effort,publish,pub,cpp_to_py,copy,std,fastcdr,shmem_ds,100000,10,0,measured,251,2026-09-09T14:30:34.845392Z,157428507466021,157428507466021,-1,-1,-1,ok,
std_copy_fastcdr__cpp_to_py__100000B__10Hz__shmem_ds__best_effort,publish,pub,cpp_to_py,copy,std,fastcdr,shmem_ds,100000,10,0,measured,252,2026-09-09T14:30:34.945653Z,157428607721894,157428607721894,-1,-1,-1,ok,
std_copy_fastcdr__cpp_to_py__100000B__10Hz__shmem_ds__best_effort,publish,pub,cpp_to_py,copy,std,fastcdr,shmem_ds,100000,10,0,measured,253,2026-09-09T14:30:35.046499Z,157428708570224,157428708570224,-1,-1,-1,ok,
std_copy_fastcdr__cpp_to_py__100000B__10Hz__shmem_ds__best_effort,publish,pub,cpp_to_py,copy,std,fastcdr,shmem_ds,100000,10,0,measured,254,2026-09-09T14:30:35.146942Z,157428809015536,157428809015536,-1,-1,-1,ok,
std_copy_fastcdr__cpp_to_py__100000B__10Hz__shmem_ds__best_effort,publish,pub,cpp_to_py,copy,std,fastcdr,shmem_ds,100000,10,0,measured,255,2026-09-09T14:30:35.246515Z,157428908587862,157428908587862,-1,-1,-1,ok,
std_copy_fastcdr__cpp_to_py__100000B__10Hz__shmem_ds__best_effort,publish,pub,cpp_to_py,copy,std,fastcdr,shmem_ds,100000,10,0,measured,256,2026-09-09T14:30:35.345888Z,157429007950093,157429007950093,-1,-1,-1,ok,
std_copy_fastcdr__cpp_to_py__100000B__10Hz__shmem_ds__best_effort,publish,pub,cpp_to_py,copy,std,fastcdr,shmem_ds,100000,10,0,measured,257,2026-09-09T14:30:35.445374Z,157429107445726,157429107445726,-1,-1,-1,ok,
std_copy_fastcdr__cpp_to_py__100000B__10Hz__shmem_ds__best_effort,publish,pub,cpp_to_py,copy,std,fastcdr,shmem_ds,100000,10,0,measured,258,2026-09-09T14:30:35.545093Z,157429207166713,157429207166713,-1,-1,-1,ok,
std_copy_fastcdr__cpp_to_py__100000B__10Hz__shmem_ds__best_effort,publish,pub,cpp_to_py,copy,std,fastcdr,shmem_ds,100000,10,0,measured,259,2026-09-09T14:30:35.644288Z,157429306293440,157429306293440,-1,-1,-1,ok,
std_copy_fastcdr__cpp_to_py__100000B__10Hz__shmem_ds__best_effort,publish,pub,cpp_to_py,copy,std,fastcdr,shmem_ds,100000,10,0,measured,260,2026-09-09T14:30:35.743483Z,157429405592061,157429405592061,-1,-1,-1,ok,
std_copy_fastcdr__cpp_to_py__100000B__10Hz__shmem_ds__best_effort,publish,pub,cpp_to_py,copy,std,fastcdr,shmem_ds,100000,10,0,measured,261,2026-09-09T14:30:35.842577Z,157429504680436,157429504680436,-1,-1,-1,ok,
std_copy_fastcdr__cpp_to_py__100000B__10Hz__shmem_ds__best_effort,publish,pub,cpp_to_py,copy,std,fastcdr,shmem_ds,100000,10,0,measured,262,2026-09-09T14:30:35.941648Z,157429603718575,157429603718575,-1,-1,-1,ok,
std_copy_fastcdr__cpp_to_py__100000B__10Hz__shmem_ds__best_effort,publish,pub,cpp_to_py,copy,std,fastcdr,shmem_ds,100000,10,0,measured,263,2026-09-09T14:30:36.041551Z,157429703623400,157429703623400,-1,-1,-1,ok,
std_copy_fastcdr__cpp_to_py__100000B__10Hz__shmem_ds__best_effort,publish,pub,cpp_to_py,copy,std,fastcdr,shmem_ds,100000,10,0,measured,264,2026-09-09T14:30:36.141087Z,157429803098446,157429803098446,-1,-1,-1,ok,
std_copy_fastcdr__cpp_to_py__100000B__10Hz__shmem_ds__best_effort,publish,pub,cpp_to_py,copy,std,fastcdr,shmem_ds,100000,10,0,measured,265,2026-09-09T14:30:36.240080Z,157429902149192,157429902149192,-1,-1,-1,ok,
std_copy_fastcdr__cpp_to_py__100000B__10Hz__shmem_ds__best_effort,publish,pub,cpp_to_py,copy,std,fastcdr,shmem_ds,100000,10,0,measured,266,2026-09-09T14:30:36.339768Z,157430001862437,157430001862437,-1,-1,-1,ok,
std_copy_fastcdr__cpp_to_py__100000B__10Hz__shmem_ds__best_effort,publish,pub,cpp_to_py,copy,std,fastcdr,shmem_ds,100000,10,0,measured,267,2026-09-09T14:30:36.439886Z,157430101961889,157430101961889,-1,-1,-1,ok,
std_copy_fastcdr__cpp_to_py__100000B__10Hz__shmem_ds__best_effort,publish,pub,cpp_to_py,copy,std,fastcdr,shmem_ds,100000,10,0,measured,268,2026-09-09T14:30:36.539236Z,157430201310166,157430201310166,-1,-1,-1,ok,
std_copy_fastcdr__cpp_to_py__100000B__10Hz__shmem_ds__best_effort,publish,pub,cpp_to_py,copy,std,fastcdr,shmem_ds,100000,10,0,measured,269,2026-09-09T14:30:36.639624Z,157430301691200,157430301691200,-1,-1,-1,ok,
std_copy_fastcdr__cpp_to_py__100000B__10Hz__shmem_ds__best_effort,publish,pub,cpp_to_py,copy,std,fastcdr,shmem_ds,100000,10,0,measured,270,2026-09-09T14:30:36.740197Z,157430402268522,157430402268522,-1,-1,-1,ok,
std_copy_fastcdr__cpp_to_py__100000B__10Hz__shmem_ds__best_effort,publish,pub,cpp_to_py,copy,std,fastcdr,shmem_ds,100000,10,0,measured,271,2026-09-09T14:30:36.840218Z,157430502291801,157430502291801,-1,-1,-1,ok,
std_copy_fastcdr__cpp_to_py__100000B__10Hz__shmem_ds__best_effort,publish,pub,cpp_to_py,copy,std,fastcdr,shmem_ds,100000,10,0,measured,272,2026-09-09T14:30:36.939364Z,157430601437998,157430601437998,-1,-1,-1,ok,
std_copy_fastcdr__cpp_to_py__100000B__10Hz__shmem_ds__best_effort,publish,pub,cpp_to_py,copy,std,fastcdr,shmem_ds,100000,10,0,measured,273,2026-09-09T14:30:37.038477Z,157430700554679,157430700554679,-1,-1,-1,ok,
std_copy_fastcdr__cpp_to_py__100000B__10Hz__shmem_ds__best_effort,publish,pub,cpp_to_py,copy,std,fastcdr,shmem_ds,100000,10,0,measured,274,2026-09-09T14:30:37.138642Z,157430800726781,157430800726781,-1,-1,-1,ok,
std_copy_fastcdr__cpp_to_py__100000B__10Hz__shmem_ds__best_effort,publish,pub,cpp_to_py,copy,std,fastcdr,shmem_ds,100000,10,0,measured,275,2026-09-09T14:30:37.239666Z,157430901681667,157430901681667,-1,-1,-1,ok,
std_copy_fastcdr__cpp_to_py__100000B__10Hz__shmem_ds__best_effort,publish,pub,cpp_to_py,copy,std,fastcdr,shmem_ds,100000,10,0,measured,276,2026-09-09T14:30:37.339607Z,157431001731399,157431001731399,-1,-1,-1,ok,
std_copy_fastcdr__cpp_to_py__100000B__10Hz__shmem_ds__best_effort,publish,pub,cpp_to_py,copy,std,fastcdr,shmem_ds,100000,10,0,measured,277,2026-09-09T14:30:37.439066Z,157431101082012,157431101082012,-1,-1,-1,ok,
std_copy_fastcdr__cpp_to_py__100000B__10Hz__shmem_ds__best_effort,publish,pub,cpp_to_py,copy,std,fastcdr,shmem_ds,100000,10,0,measured,278,2026-09-09T14:30:37.539478Z,157431201552496,157431201552496,-1,-1,-1,ok,
std_copy_fastcdr__cpp_to_py__100000B__10Hz__shmem_ds__best_effort,publish,pub,cpp_to_py,copy,std,fastcdr,shmem_ds,100000,10,0,measured,279,2026-09-09T14:30:37.638686Z,157431300758989,157431300758989,-1,-1,-1,ok,
std_copy_fastcdr__cpp_to_py__100000B__10Hz__shmem_ds__best_effort,publish,pub,cpp_to_py,copy,std,fastcdr,shmem_ds,100000,10,0,measured,280,2026-09-09T14:30:37.738747Z,157431400819991,157431400819991,-1,-1,-1,ok,
std_copy_fastcdr__cpp_to_py__100000B__10Hz__shmem_ds__best_effort,publish,pub,cpp_to_py,copy,std,fastcdr,shmem_ds,100000,10,0,measured,281,2026-09-09T14:30:37.839480Z,157431501551707,157431501551707,-1,-1,-1,ok,
std_copy_fastcdr__cpp_to_py__100000B__10Hz__shmem_ds__best_effort,publish,pub,cpp_to_py,copy,std,fastcdr,shmem_ds,100000,10,0,measured,282,2026-09-09T14:30:37.940314Z,157431602389233,157431602389233,-1,-1,-1,ok,
std_copy_fastcdr__cpp_to_py__100000B__10Hz__shmem_ds__best_effort,publish,pub,cpp_to_py,copy,std,fastcdr,shmem_ds,100000,10,0,measured,283,2026-09-09T14:30:38.039620Z,157431701694302,157431701694302,-1,-1,-1,ok,
std_copy_fastcdr__cpp_to_py__100000B__10Hz__shmem_ds__best_effort,publish,pub,cpp_to_py,copy,std,fastcdr,shmem_ds,100000,10,0,measured,284,2026-09-09T14:30:38.140177Z,157431802252113,157431802252113,-1,-1,-1,ok,
std_copy_fastcdr__cpp_to_py__100000B__10Hz__shmem_ds__best_effort,publish,pub,cpp_to_py,copy,std,fastcdr,shmem_ds,100000,10,0,measured,285,2026-09-09T14:30:38.241070Z,157431903141037,157431903141037,-1,-1,-1,ok,
std_copy_fastcdr__cpp_to_py__100000B__10Hz__shmem_ds__best_effort,publish,pub,cpp_to_py,copy,std,fastcdr,shmem_ds,100000,10,0,measured,286,2026-09-09T14:30:38.341146Z,157432003212973,157432003212973,-1,-1,-1,ok,
std_copy_fastcdr__cpp_to_py__100000B__10Hz__shmem_ds__best_effort,publish,pub,cpp_to_py,copy,std,fastcdr,shmem_ds,100000,10,0,measured,287,2026-09-09T14:30:38.441578Z,157432103651278,157432103651278,-1,-1,-1,ok,
std_copy_fastcdr__cpp_to_py__100000B__10Hz__shmem_ds__best_effort,publish,pub,cpp_to_py,copy,std,fastcdr,shmem_ds,100000,10,0,measured,288,2026-09-09T14:30:38.540957Z,157432202955838,157432202955838,-1,-1,-1,ok,
std_copy_fastcdr__cpp_to_py__100000B__10Hz__shmem_ds__best_effort,publish,pub,cpp_to_py,copy,std,fastcdr,shmem_ds,100000,10,0,measured,289,2026-09-09T14:30:38.641851Z,157432303913041,157432303913041,-1,-1,-1,ok,
std_copy_fastcdr__cpp_to_py__100000B__10Hz__shmem_ds__best_effort,publish,pub,cpp_to_py,copy,std,fastcdr,shmem_ds,100000,10,0,measured,290,2026-09-09T14:30:38.741052Z,157432403127250,157432403127250,-1,-1,-1,ok,
std_copy_fastcdr__cpp_to_py__100000B__10Hz__shmem_ds__best_effort,publish,pub,cpp_to_py,copy,std,fastcdr,shmem_ds,100000,10,0,measured,291,2026-09-09T14:30:38.840360Z,157432502429515,157432502429515,-1,-1,-1,ok,
std_copy_fastcdr__cpp_to_py__100000B__10Hz__shmem_ds__best_effort,publish,pub,cpp_to_py,copy,std,fastcdr,shmem_ds,100000,10,0,measured,292,2026-09-09T14:30:38.941080Z,157432603089859,157432603089859,-1,-1,-1,ok,
std_copy_fastcdr__cpp_to_py__100000B__10Hz__shmem_ds__best_effort,publish,pub,cpp_to_py,copy,std,fastcdr,shmem_ds,100000,10,0,measured,293,2026-09-09T14:30:39.040991Z,157432703014248,157432703014248,-1,-1,-1,ok,
std_copy_fastcdr__cpp_to_py__100000B__10Hz__shmem_ds__best_effort,publish,pub,cpp_to_py,copy,std,fastcdr,shmem_ds,100000,10,0,measured,294,2026-09-09T14:30:39.141400Z,157432803418802,157432803418802,-1,-1,-1,ok,
std_copy_fastcdr__cpp_to_py__100000B__10Hz__shmem_ds__best_effort,publish,pub,cpp_to_py,copy,std,fastcdr,shmem_ds,100000,10,0,measured,295,2026-09-09T14:30:39.242285Z,157432904353305,157432904353305,-1,-1,-1,ok,
std_copy_fastcdr__cpp_to_py__100000B__10Hz__shmem_ds__best_effort,publish,pub,cpp_to_py,copy,std,fastcdr,shmem_ds,100000,10,0,measured,296,2026-09-09T14:30:39.342210Z,157433004283095,157433004283095,-1,-1,-1,ok,
std_copy_fastcdr__cpp_to_py__100000B__10Hz__shmem_ds__best_effort,publish,pub,cpp_to_py,copy,std,fastcdr,shmem_ds,100000,10,0,measured,297,2026-09-09T14:30:39.441273Z,157433103345179,157433103345179,-1,-1,-1,ok,
std_copy_fastcdr__cpp_to_py__100000B__10Hz__shmem_ds__best_effort,publish,pub,cpp_to_py,copy,std,fastcdr,shmem_ds,100000,10,0,measured,298,2026-09-09T14:30:39.542186Z,157433204252491,157433204252491,-1,-1,-1,ok,
std_copy_fastcdr__cpp_to_py__100000B__10Hz__shmem_ds__best_effort,publish,pub,cpp_to_py,copy,std,fastcdr,shmem_ds,100000,10,0,measured,299,2026-09-09T14:30:39.642506Z,157433304577376,157433304577376,-1,-1,-1,ok,
std_copy_fastcdr__cpp_to_py__100000B__10Hz__shmem_ds__best_effort,publish,pub,cpp_to_py,copy,std,fastcdr,shmem_ds,100000,10,0,measured,300,2026-09-09T14:30:39.742419Z,157433404490835,157433404490835,-1,-1,-1,ok,
std_copy_fastcdr__cpp_to_py__100000B__10Hz__shmem_ds__best_effort,receive,sub,cpp_to_py,copy,std,fastcdr,shmem_ds,100000,10,0,measured,0,2026-09-09T14:30:09.755271Z,157403417427092,157403416361625,157403417427092,1788964209754170376,1788964209754766689,ok,
std_copy_fastcdr__cpp_to_py__100000B__10Hz__shmem_ds__best_effort,receive,sub,cpp_to_py,copy,std,fastcdr,shmem_ds,100000,10,0,measured,1,2026-09-09T14:30:09.855242Z,157403517411182,157403516934234,157403517411182,1788964209854748775,1788964209854894049,ok,
std_copy_fastcdr__cpp_to_py__100000B__10Hz__shmem_ds__best_effort,receive,sub,cpp_to_py,copy,std,fastcdr,shmem_ds,100000,10,0,measured,2,2026-09-09T14:30:09.955459Z,157403617637598,157403617210053,157403617637598,1788964209955024654,1788964209955166281,ok,
std_copy_fastcdr__cpp_to_py__100000B__10Hz__shmem_ds__best_effort,receive,sub,cpp_to_py,copy,std,fastcdr,shmem_ds,100000,10,0,measured,3,2026-09-09T14:30:10.056020Z,157403718198966,157403717715876,157403718198966,1788964210055527893,1788964210055671604,ok,
std_copy_fastcdr__cpp_to_py__100000B__10Hz__shmem_ds__best_effort,receive,sub,cpp_to_py,copy,std,fastcdr,shmem_ds,100000,10,0,measured,4,2026-09-09T14:30:10.155159Z,157403817349639,157403816990593,157403817349639,1788964210154815023,1788964210154944747,ok,
std_copy_fastcdr__cpp_to_py__100000B__10Hz__shmem_ds__best_effort,receive,sub,cpp_to_py,copy,std,fastcdr,shmem_ds,100000,10,0,measured,5,2026-09-09T14:30:10.255907Z,157403918099084,157403917793608,157403918099084,1788964210255603190,1788964210255726633,ok,
std_copy_fastcdr__cpp_to_py__100000B__10Hz__shmem_ds__best_effort,receive,sub,cpp_to_py,copy,std,fastcdr,shmem_ds,100000,10,0,measured,6,2026-09-09T14:30:10.355224Z,157404017407162,157404016985718,157404017407162,1788964210354800570,1788964210354972284,ok,
std_copy_fastcdr__cpp_to_py__100000B__10Hz__shmem_ds__best_effort,receive,sub,cpp_to_py,copy,std,fastcdr,shmem_ds,100000,10,0,measured,7,2026-09-09T14:30:10.455255Z,157404117443503,157404117132968,157404117443503,1788964210454943172,1788964210455059591,ok,
std_copy_fastcdr__cpp_to_py__100000B__10Hz__shmem_ds__best_effort,receive,sub,cpp_to_py,copy,std,fastcdr,shmem_ds,100000,10,0,measured,8,2026-09-09T14:30:10.555113Z,157404217298863,157404216882969,157404217298863,1788964210554701388,1788964210554908538,ok,
std_copy_fastcdr__cpp_to_py__100000B__10Hz__shmem_ds__best_effort,receive,sub,cpp_to_py,copy,std,fastcdr,shmem_ds,100000,10,0,measured,9,2026-09-09T14:30:10.654633Z,157404316814683,157404316427174,157404316814683,1788964210654240593,1788964210654376759,ok,
std_copy_fastcdr__cpp_to_py__100000B__10Hz__shmem_ds__best_effort,receive,sub,cpp_to_py,copy,std,fastcdr,shmem_ds,100000,10,0,measured,10,2026-09-09T14:30:10.754512Z,157404416690020,157404416210216,157404416690020,1788964210754028725,1788964210754210117,ok,
std_copy_fastcdr__cpp_to_py__100000B__10Hz__shmem_ds__best_effort,receive,sub,cpp_to_py,copy,std,fastcdr,shmem_ds,100000,10,0,measured,11,2026-09-09T14:30:10.853456Z,157404515641949,157404515233239,157404515641949,1788964210853047199,1788964210853202943,ok,
std_copy_fastcdr__cpp_to_py__100000B__10Hz__shmem_ds__best_effort,receive,sub,cpp_to_py,copy,std,fastcdr,shmem_ds,100000,10,0,measured,12,2026-09-09T14:30:10.953461Z,157404615645568,157404615283897,157404615645568,1788964210953098408,1788964210953236448,ok,
std_copy_fastcdr__cpp_to_py__100000B__10Hz__shmem_ds__best_effort,receive,sub,cpp_to_py,copy,std,fastcdr,shmem_ds,100000,10,0,measured,13,2026-09-09T14:30:11.053814Z,157404715985282,157404715647776,157404715985282,1788964211053454022,1788964211053557306,ok,
std_copy_fastcdr__cpp_to_py__100000B__10Hz__shmem_ds__best_effort,receive,sub,cpp_to_py,copy,std,fastcdr,shmem_ds,100000,10,0,measured,14,2026-09-09T14:30:11.154107Z,157404816290932,157404815924743,157404816290932,1788964211153730367,1788964211153871403,ok,
std_copy_fastcdr__cpp_to_py__100000B__10Hz__shmem_ds__best_effort,receive,sub,cpp_to_py,copy,std,fastcdr,shmem_ds,100000,10,0,measured,15,2026-09-09T14:30:11.254698Z,157404916884695,157404916576785,157404916884695,1788964211254382520,1788964211254500101,ok,
std_copy_fastcdr__cpp_to_py__100000B__10Hz__shmem_ds__best_effort,receive,sub,cpp_to_py,copy,std,fastcdr,shmem_ds,100000,10,0,measured,16,2026-09-09T14:30:11.355694Z,157405017877670,157405017468259,157405017877670,1788964211355280186,1788964211355428605,ok,
std_copy_fastcdr__cpp_to_py__100000B__10Hz__shmem_ds__best_effort,receive,sub,cpp_to_py,copy,std,fastcdr,shmem_ds,100000,10,0,measured,17,2026-09-09T14:30:11.456096Z,157405118285814,157405117969438,157405118285814,1788964211455774441,1788964211455905799,ok,
std_copy_fastcdr__cpp_to_py__100000B__10Hz__shmem_ds__best_effort,receive,sub,cpp_to_py,copy,std,fastcdr,shmem_ds,100000,10,0,measured,18,2026-09-09T14:30:11.556252Z,157405218426684,157405217884463,157405218426684,1788964211555708742,1788964211555932394,ok,
std_copy_fastcdr__cpp_to_py__100000B__10Hz__shmem_ds__best_effort,receive,sub,cpp_to_py,copy,std,fastcdr,shmem_ds,100000,10,0,measured,19,2026-09-09T14:30:11.655155Z,157405317338589,157405316964885,157405317338589,1788964211654777713,1788964211654922015,ok,
std_copy_fastcdr__cpp_to_py__100000B__10Hz__shmem_ds__best_effort,receive,sub,cpp_to_py,copy,std,fastcdr,shmem_ds,100000,10,0,measured,20,2026-09-09T14:30:11.754247Z,157405416431957,157405416096104,157405416431957,1788964211753906638,1788964211754031032,ok,
std_copy_fastcdr__cpp_to_py__100000B__10Hz__shmem_ds__best_effort,receive,sub,cpp_to_py,copy,std,fastcdr,shmem_ds,100000,10,0,measured,21,2026-09-09T14:30:11.854908Z,157405517084531,157405516596131,157405517084531,1788964211854412666,1788964211854593056,ok,
std_copy_fastcdr__cpp_to_py__100000B__10Hz__shmem_ds__best_effort,receive,sub,cpp_to_py,copy,std,fastcdr,shmem_ds,100000,10,0,measured,22,2026-09-09T14:30:11.954189Z,157405616368557,157405615892901,157405616368557,1788964211953709777,1788964211953890337,ok,
std_copy_fastcdr__cpp_to_py__100000B__10Hz__shmem_ds__best_effort,receive,sub,cpp_to_py,copy,std,fastcdr,shmem_ds,100000,10,0,measured,23,2026-09-09T14:30:12.053941Z,157405716125475,157405715740179,157405716125475,1788964212053552336,1788964212053684014,ok,
std_copy_fastcdr__cpp_to_py__100000B__10Hz__shmem_ds__best_effort,receive,sub,cpp_to_py,copy,std,fastcdr,shmem_ds,100000,10,0,measured,24,2026-09-09T14:30:12.153139Z,157405815320867,157405814942865,157405815320867,1788964212152751285,1788964212152893764,ok,
std_copy_fastcdr__cpp_to_py__100000B__10Hz__shmem_ds__best_effort,receive,sub,cpp_to_py,copy,std,fastcdr,shmem_ds,100000,10,0,measured,25,2026-09-09T14:30:12.252388Z,157405914572053,157405914228546,157405914572053,1788964212252038489,1788964212252174455,ok,
std_copy_fastcdr__cpp_to_py__100000B__10Hz__shmem_ds__best_effort,receive,sub,cpp_to_py,copy,std,fastcdr,shmem_ds,100000,10,0,measured,26,2026-09-09T14:30:12.351577Z,157406013762816,157406013417686,157406013762816,1788964212351226096,1788964212351358195,ok,
std_copy_fastcdr__cpp_to_py__100000B__10Hz__shmem_ds__best_effort,receive,sub,cpp_to_py,copy,std,fastcdr,shmem_ds,100000,10,0,measured,27,2026-09-09T14:30:12.451586Z,157406113774135,157406113476013,157406113774135,1788964212451283261,1788964212451404930,ok,
std_copy_fastcdr__cpp_to_py__100000B__10Hz__shmem_ds__best_effort,receive,sub,cpp_to_py,copy,std,fastcdr,shmem_ds,100000,10,0,measured,28,2026-09-09T14:30:12.551548Z,157406213734307,157406213369199,157406213734307,1788964212551178110,1788964212551326219,ok,
std_copy_fastcdr__cpp_to_py__100000B__10Hz__shmem_ds__best_effort,receive,sub,cpp_to_py,copy,std,fastcdr,shmem_ds,100000,10,0,measured,29,2026-09-09T14:30:12.652103Z,157406314291313,157406313916006,157406314291313,1788964212651723985,1788964212651884758,ok,
std_copy_fastcdr__cpp_to_py__100000B__10Hz__shmem_ds__best_effort,receive,sub,cpp_to_py,copy,std,fastcdr,shmem_ds,100000,10,0,measured,30,2026-09-09T14:30:12.751548Z,157406413722860,157406413163646,157406413722860,1788964212750978248,1788964212751193082,ok,
std_copy_fastcdr__cpp_to_py__100000B__10Hz__shmem_ds__best_effort,receive,sub,cpp_to_py,copy,std,fastcdr,shmem_ds,100000,10,0,measured,31,2026-09-09T14:30:12.852148Z,157406514322376,157406513659999,157406514322376,1788964212851482836,1788964212851709923,ok,
std_copy_fastcdr__cpp_to_py__100000B__10Hz__shmem_ds__best_effort,receive,sub,cpp_to_py,copy,std,fastcdr,shmem_ds,100000,10,0,measured,32,2026-09-09T14:30:12.951529Z,157406613714318,157406613304677,157406613714318,1788964212951121883,1788964212951303285,ok,
std_copy_fastcdr__cpp_to_py__100000B__10Hz__shmem_ds__best_effort,receive,sub,cpp_to_py,copy,std,fastcdr,shmem_ds,100000,10,0,measured,33,2026-09-09T14:30:13.051979Z,157406714166419,157406713802744,157406714166419,1788964213051615643,1788964213051756167,ok,
std_copy_fastcdr__cpp_to_py__100000B__10Hz__shmem_ds__best_effort,receive,sub,cpp_to_py,copy,std,fastcdr,shmem_ds,100000,10,0,measured,34,2026-09-09T14:30:13.152567Z,157406814754767,157406814409406,157406814754767,1788964213152221773,1788964213152352029,ok,
std_copy_fastcdr__cpp_to_py__100000B__10Hz__shmem_ds__best_effort,receive,sub,cpp_to_py,copy,std,fastcdr,shmem_ds,100000,10,0,measured,35,2026-09-09T14:30:13.251632Z,157406913822219,157406913497027,157406913822219,1788964213251306699,1788964213251434480,ok,
std_copy_fastcdr__cpp_to_py__100000B__10Hz__shmem_ds__best_effort,receive,sub,cpp_to_py,copy,std,fastcdr,shmem_ds,100000,10,0,measured,36,2026-09-09T14:30:13.352498Z,157407014684674,157407014352107,157407014684674,1788964213352162892,1788964213352282918,ok,
std_copy_fastcdr__cpp_to_py__100000B__10Hz__shmem_ds__best_effort,receive,sub,cpp_to_py,copy,std,fastcdr,shmem_ds,100000,10,0,measured,37,2026-09-09T14:30:13.453025Z,157407115211135,157407114838934,157407115211135,1788964213452650069,1788964213452788680,ok,
std_copy_fastcdr__cpp_to_py__100000B__10Hz__shmem_ds__best_effort,receive,sub,cpp_to_py,copy,std,fastcdr,shmem_ds,100000,10,0,measured,38,2026-09-09T14:30:13.552889Z,157407215070771,157407214670527,157407215070771,1788964213552483585,1788964213552633939,ok,
std_copy_fastcdr__cpp_to_py__100000B__10Hz__shmem_ds__best_effort,receive,sub,cpp_to_py,copy,std,fastcdr,shmem_ds,100000,10,0,measured,39,2026-09-09T14:30:13.652423Z,157407314609191,157407314264031,157407314609191,1788964213652074274,1788964213652204409,ok,
std_copy_fastcdr__cpp_to_py__100000B__10Hz__shmem_ds__best_effort,receive,sub,cpp_to_py,copy,std,fastcdr,shmem_ds,100000,10,0,measured,40,2026-09-09T14:30:13.751415Z,157407413604499,157407413304143,157407413604499,1788964213751113004,1788964213751222720,ok,
std_copy_fastcdr__cpp_to_py__100000B__10Hz__shmem_ds__best_effort,receive,sub,cpp_to_py,copy,std,fastcdr,shmem_ds,100000,10,0,measured,41,2026-09-09T14:30:13.851866Z,157407514053584,157407513703985,157407514053584,1788964213851512996,1788964213851650826,ok,
std_copy_fastcdr__cpp_to_py__100000B__10Hz__shmem_ds__best_effort,receive,sub,cpp_to_py,copy,std,fastcdr,shmem_ds,100000,10,0,measured,42,2026-09-09T14:30:13.951814Z,157407613986086,157407613624415,157407613986086,1788964213951435590,1788964213951569162,ok,
std_copy_fastcdr__cpp_to_py__100000B__10Hz__shmem_ds__best_effort,receive,sub,cpp_to_py,copy,std,fastcdr,shmem_ds,100000,10,0,measured,43,2026-09-09T14:30:14.051912Z,157407714097076,157407713694888,157407714097076,1788964214051506815,1788964214051652078,ok,
std_copy_fastcdr__cpp_to_py__100000B__10Hz__shmem_ds__best_effort,receive,sub,cpp_to_py,copy,std,fastcdr,shmem_ds,100000,10,0,measured,44,2026-09-09T14:30:14.151843Z,157407814028659,157407813671516,157407814028659,1788964214151481299,1788964214151614920,ok,
std_copy_fastcdr__cpp_to_py__100000B__10Hz__shmem_ds__best_effort,receive,sub,cpp_to_py,copy,std,fastcdr,shmem_ds,100000,10,0,measured,45,2026-09-09T14:30:14.251366Z,157407913548096,157407913100062,157407913548096,1788964214250915435,1788964214251089783,ok,
std_copy_fastcdr__cpp_to_py__100000B__10Hz__shmem_ds__best_effort,receive,sub,cpp_to_py,copy,std,fastcdr,shmem_ds,100000,10,0,measured,46,2026-09-09T14:30:14.351495Z,157408013680327,157408013313276,157408013680327,1788964214351122998,1788964214351265366,ok,
std_copy_fastcdr__cpp_to_py__100000B__10Hz__shmem_ds__best_effort,receive,sub,cpp_to_py,copy,std,fastcdr,shmem_ds,100000,10,0,measured,47,2026-09-09T14:30:14.451490Z,157408113675550,157408113298941,157408113675550,1788964214451109605,1788964214451252875,ok,
std_copy_fastcdr__cpp_to_py__100000B__10Hz__shmem_ds__best_effort,receive,sub,cpp_to_py,copy,std,fastcdr,shmem_ds,100000,10,0,measured,48,2026-09-09T14:30:14.551222Z,157408213407647,157408213067647,157408213407647,1788964214550879213,1788964214551006222,ok,
std_copy_fastcdr__cpp_to_py__100000B__10Hz__shmem_ds__best_effort,receive,sub,cpp_to_py,copy,std,fastcdr,shmem_ds,100000,10,0,measured,49,2026-09-09T14:30:14.651538Z,157408313725007,157408313403472,157408313725007,1788964214651214296,1788964214651339552,ok,
std_copy_fastcdr__cpp_to_py__100000B__10Hz__shmem_ds__best_effort,receive,sub,cpp_to_py,copy,std,fastcdr,shmem_ds,100000,10,0,measured,50,2026-09-09T14:30:14.751568Z,157408413744777,157408413238604,157408413744777,1788964214751058676,1788964214751245277,ok,
std_copy_fastcdr__cpp_to_py__100000B__10Hz__shmem_ds__best_effort,receive,sub,cpp_to_py,copy,std,fastcdr,shmem_ds,100000,10,0,measured,51,2026-09-09T14:30:14.851369Z,157408513548670,157408513106587,157408513548670,1788964214850922381,1788964214851090858,ok,
std_copy_fastcdr__cpp_to_py__100000B__10Hz__shmem_ds__best_effort,receive,sub,cpp_to_py,copy,std,fastcdr,shmem_ds,100000,10,0,measured,52,2026-09-09T14:30:14.950672Z,157408612846248,157408612292485,157408612846248,1788964214950114610,1788964214950322051,ok,
std_copy_fastcdr__cpp_to_py__100000B__10Hz__shmem_ds__best_effort,receive,sub,cpp_to_py,copy,std,fastcdr,shmem_ds,100000,10,0,measured,53,2026-09-09T14:30:15.049613Z,157408711794119,157408711436466,157408711794119,1788964215049246298,1788964215049362898,ok,
std_copy_fastcdr__cpp_to_py__100000B__10Hz__shmem_ds__best_effort,receive,sub,cpp_to_py,copy,std,fastcdr,shmem_ds,100000,10,0,measured,54,2026-09-09T14:30:15.150209Z,157408812395427,157408812076285,157408812395427,1788964215149886018,1788964215150001806,ok,
std_copy_fastcdr__cpp_to_py__100000B__10Hz__shmem_ds__best_effort,receive,sub,cpp_to_py,copy,std,fastcdr,shmem_ds,100000,10,0,measured,55,2026-09-09T14:30:15.250224Z,157408912409047,157408912032718,157408912409047,1788964215249844163,1788964215249987403,ok,
std_copy_fastcdr__cpp_to_py__100000B__10Hz__shmem_ds__best_effort,receive,sub,cpp_to_py,copy,std,fastcdr,shmem_ds,100000,10,0,measured,56,2026-09-09T14:30:15.350201Z,157409012384185,157409011921503,157409012384185,1788964215349738068,1788964215349899803,ok,
std_copy_fastcdr__cpp_to_py__100000B__10Hz__shmem_ds__best_effort,receive,sub,cpp_to_py,copy,std,fastcdr,shmem_ds,100000,10,0,measured,57,2026-09-09T14:30:15.451176Z,157409113358995,157409112911893,157409113358995,1788964215450727847,1788964215450881356,ok,
std_copy_fastcdr__cpp_to_py__100000B__10Hz__shmem_ds__best_effort,receive,sub,cpp_to_py,copy,std,fastcdr,shmem_ds,100000,10,0,measured,58,2026-09-09T14:30:15.551399Z,157409213580277,157409213099802,157409213580277,1788964215550914734,1788964215551062913,ok,
std_copy_fastcdr__cpp_to_py__100000B__10Hz__shmem_ds__best_effort,receive,sub,cpp_to_py,copy,std,fastcdr,shmem_ds,100000,10,0,measured,59,2026-09-09T14:30:15.651643Z,157409313819282,157409313339207,157409313819282,1788964215651160301,1788964215651328208,ok,
std_copy_fastcdr__cpp_to_py__100000B__10Hz__shmem_ds__best_effort,receive,sub,cpp_to_py,copy,std,fastcdr,shmem_ds,100000,10,0,measured,60,2026-09-09T14:30:15.751691Z,157409413873428,157409413490828,157409413873428,1788964215751305790,1788964215751442487,ok,
std_copy_fastcdr__cpp_to_py__100000B__10Hz__shmem_ds__best_effort,receive,sub,cpp_to_py,copy,std,fastcdr,shmem_ds,100000,10,0,measured,61,2026-09-09T14:30:15.852420Z,157409514604881,157409514213454,157409514604881,1788964215852027885,1788964215852177968,ok,
std_copy_fastcdr__cpp_to_py__100000B__10Hz__shmem_ds__best_effort,receive,sub,cpp_to_py,copy,std,fastcdr,shmem_ds,100000,10,0,measured,62,2026-09-09T14:30:15.952401Z,157409614584988,157409614167882,157409614584988,1788964215951982234,1788964215952146954,ok,
std_copy_fastcdr__cpp_to_py__100000B__10Hz__shmem_ds__best_effort,receive,sub,cpp_to_py,copy,std,fastcdr,shmem_ds,100000,10,0,measured,63,2026-09-09T14:30:16.053062Z,157409715246891,157409714814526,157409715246891,1788964216052633787,1788964216052809378,ok,
std_copy_fastcdr__cpp_to_py__100000B__10Hz__shmem_ds__best_effort,receive,sub,cpp_to_py,copy,std,fastcdr,shmem_ds,100000,10,0,measured,64,2026-09-09T14:30:16.153067Z,157409815251376,157409814796870,157409815251376,1788964216152614928,1788964216152797662,ok,
std_copy_fastcdr__cpp_to_py__100000B__10Hz__shmem_ds__best_effort,receive,sub,cpp_to_py,copy,std,fastcdr,shmem_ds,100000,10,0,measured,65,2026-09-09T14:30:16.252992Z,157409915176072,157409914685888,157409915176072,1788964216252499768,1788964216252669458,ok,
std_copy_fastcdr__cpp_to_py__100000B__10Hz__shmem_ds__best_effort,receive,sub,cpp_to_py,copy,std,fastcdr,shmem_ds,100000,10,0,measured,66,2026-09-09T14:30:16.352552Z,157410014734227,157410014308705,157410014734227,1788964216352123257,1788964216352288498,ok,
std_copy_fastcdr__cpp_to_py__100000B__10Hz__shmem_ds__best_effort,receive,sub,cpp_to_py,copy,std,fastcdr,shmem_ds,100000,10,0,measured,67,2026-09-09T14:30:16.452145Z,157410114328400,157410113904761,157410114328400,1788964216451718932,1788964216451868895,ok,
std_copy_fastcdr__cpp_to_py__100000B__10Hz__shmem_ds__best_effort,receive,sub,cpp_to_py,copy,std,fastcdr,shmem_ds,100000,10,0,measured,68,2026-09-09T14:30:16.552165Z,157410214349987,157410213946307,157410214349987,1788964216551760437,1788964216551907394,ok,
std_copy_fastcdr__cpp_to_py__100000B__10Hz__shmem_ds__best_effort,receive,sub,cpp_to_py,copy,std,fastcdr,shmem_ds,100000,10,0,measured,69,2026-09-09T14:30:16.651871Z,157410314055149,157410313682497,157410314055149,1788964216651496828,1788964216651638365,ok,
std_copy_fastcdr__cpp_to_py__100000B__10Hz__shmem_ds__best_effort,receive,sub,cpp_to_py,copy,std,fastcdr,shmem_ds,100000,10,0,measured,70,2026-09-09T14:30:16.752381Z,157410414565808,157410414204918,157410414565808,1788964216752019540,1788964216752158402,ok,
std_copy_fastcdr__cpp_to_py__100000B__10Hz__shmem_ds__best_effort,receive,sub,cpp_to_py,copy,std,fastcdr,shmem_ds,100000,10,0,measured,71,2026-09-09T14:30:16.852004Z,157410514187813,157410513818247,157410514187813,1788964216851629372,1788964216851753155,ok,
std_copy_fastcdr__cpp_to_py__100000B__10Hz__shmem_ds__best_effort,receive,sub,cpp_to_py,copy,std,fastcdr,shmem_ds,100000,10,0,measured,72,2026-09-09T14:30:16.952396Z,157410614579348,157410614186728,157410614579348,1788964216952002482,1788964216952148337,ok,
std_copy_fastcdr__cpp_to_py__100000B__10Hz__shmem_ds__best_effort,receive,sub,cpp_to_py,copy,std,fastcdr,shmem_ds,100000,10,0,measured,73,2026-09-09T14:30:17.052870Z,157410715055333,157410714644860,157410715055333,1788964217052459291,1788964217052594997,ok,
std_copy_fastcdr__cpp_to_py__100000B__10Hz__shmem_ds__best_effort,receive,sub,cpp_to_py,copy,std,fastcdr,shmem_ds,100000,10,0,measured,74,2026-09-09T14:30:17.153148Z,157410815331082,157410814947289,157410815331082,1788964217152761249,1788964217152907695,ok,
std_copy_fastcdr__cpp_to_py__100000B__10Hz__shmem_ds__best_effort,receive,sub,cpp_to_py,copy,std,fastcdr,shmem_ds,100000,10,0,measured,75,2026-09-09T14:30:17.253815Z,157410915987128,157410915578468,157410915987128,1788964217253393230,1788964217253531811,ok,
std_copy_fastcdr__cpp_to_py__100000B__10Hz__shmem_ds__best_effort,receive,sub,cpp_to_py,copy,std,fastcdr,shmem_ds,100000,10,0,measured,76,2026-09-09T14:30:17.354567Z,157411016741038,157411016151938,157411016741038,1788964217353969245,1788964217354179661,ok,
std_copy_fastcdr__cpp_to_py__100000B__10Hz__shmem_ds__best_effort,receive,sub,cpp_to_py,copy,std,fastcdr,shmem_ds,100000,10,0,measured,77,2026-09-09T14:30:17.454721Z,157411116901920,157411116456962,157411116901920,1788964217454274619,1788964217454439310,ok,
std_copy_fastcdr__cpp_to_py__100000B__10Hz__shmem_ds__best_effort,receive,sub,cpp_to_py,copy,std,fastcdr,shmem_ds,100000,10,0,measured,78,2026-09-09T14:30:17.555309Z,157411217493314,157411217023489,157411217493314,1788964217554856064,1788964217555058937,ok,
std_copy_fastcdr__cpp_to_py__100000B__10Hz__shmem_ds__best_effort,receive,sub,cpp_to_py,copy,std,fastcdr,shmem_ds,100000,10,0,measured,79,2026-09-09T14:30:17.655252Z,157411317436306,157411316854029,157411317436306,1788964217654687206,1788964217654922469,ok,
std_copy_fastcdr__cpp_to_py__100000B__10Hz__shmem_ds__best_effort,receive,sub,cpp_to_py,copy,std,fastcdr,shmem_ds,100000,10,0,measured,80,2026-09-09T14:30:17.755959Z,157411418143708,157411417722004,157411418143708,1788964217755537377,1788964217755681638,ok,
std_copy_fastcdr__cpp_to_py__100000B__10Hz__shmem_ds__best_effort,receive,sub,cpp_to_py,copy,std,fastcdr,shmem_ds,100000,10,0,measured,81,2026-09-09T14:30:17.855813Z,157411517990018,157411517424553,157411517990018,1788964217855258220,1788964217855501138,ok,
std_copy_fastcdr__cpp_to_py__100000B__10Hz__shmem_ds__best_effort,receive,sub,cpp_to_py,copy,std,fastcdr,shmem_ds,100000,10,0,measured,82,2026-09-09T14:30:17.955281Z,157411617455471,157411617015752,157411617455471,1788964217954833800,1788964217954986538,ok,
std_copy_fastcdr__cpp_to_py__100000B__10Hz__shmem_ds__best_effort,receive,sub,cpp_to_py,copy,std,fastcdr,shmem_ds,100000,10,0,measured,83,2026-09-09T14:30:18.055683Z,157411717868089,157411717493313,157411717868089,1788964218055308315,1788964218055437849,ok,
std_copy_fastcdr__cpp_to_py__100000B__10Hz__shmem_ds__best_effort,receive,sub,cpp_to_py,copy,std,fastcdr,shmem_ds,100000,10,0,measured,84,2026-09-09T14:30:18.155946Z,157411818128431,157411817680768,157411818128431,1788964218155496782,1788964218155640152,ok,
std_copy_fastcdr__cpp_to_py__100000B__10Hz__shmem_ds__best_effort,receive,sub,cpp_to_py,copy,std,fastcdr,shmem_ds,100000,10,0,measured,85,2026-09-09T14:30:18.255739Z,157411917921724,157411917391525,157411917921724,1788964218255215094,1788964218255450627,ok,
std_copy_fastcdr__cpp_to_py__100000B__10Hz__shmem_ds__best_effort,receive,sub,cpp_to_py,copy,std,fastcdr,shmem_ds,100000,10,0,measured,86,2026-09-09T14:30:18.355070Z,157412017244530,157412016671731,157412017244530,1788964218354494819,1788964218354700877,ok,
std_copy_fastcdr__cpp_to_py__100000B__10Hz__shmem_ds__best_effort,receive,sub,cpp_to_py,copy,std,fastcdr,shmem_ds,100000,10,0,measured,87,2026-09-09T14:30:18.455234Z,157412117415995,157412116919871,157412117415995,1788964218454750623,1788964218454954697,ok,
std_copy_fastcdr__cpp_to_py__100000B__10Hz__shmem_ds__best_effort,receive,sub,cpp_to_py,copy,std,fastcdr,shmem_ds,100000,10,0,measured,88,2026-09-09T14:30:18.555311Z,157412217493653,157412217096345,157412217493653,1788964218554910485,1788964218555042755,ok,
std_copy_fastcdr__cpp_to_py__100000B__10Hz__shmem_ds__best_effort,receive,sub,cpp_to_py,copy,std,fastcdr,shmem_ds,100000,10,0,measured,89,2026-09-09T14:30:18.655338Z,157412317520436,157412317141161,157412317520436,1788964218654955823,1788964218655093733,ok,
std_copy_fastcdr__cpp_to_py__100000B__10Hz__shmem_ds__best_effort,receive,sub,cpp_to_py,copy,std,fastcdr,shmem_ds,100000,10,0,measured,90,2026-09-09T14:30:18.755963Z,157412418145916,157412417373782,157412418145916,1788964218755203962,1788964218755458141,ok,
std_copy_fastcdr__cpp_to_py__100000B__10Hz__shmem_ds__best_effort,receive,sub,cpp_to_py,copy,std,fastcdr,shmem_ds,100000,10,0,measured,91,2026-09-09T14:30:18.854798Z,157412516982677,157412516484147,157412516982677,1788964218854298508,1788964218854513503,ok,
std_copy_fastcdr__cpp_to_py__100000B__10Hz__shmem_ds__best_effort,receive,sub,cpp_to_py,copy,std,fastcdr,shmem_ds,100000,10,0,measured,92,2026-09-09T14:30:18.954679Z,157412616847454,157412616221394,157412616847454,1788964218954042298,1788964218954271510,ok,
std_copy_fastcdr__cpp_to_py__100000B__10Hz__shmem_ds__best_effort,receive,sub,cpp_to_py,copy,std,fastcdr,shmem_ds,100000,10,0,measured,93,2026-09-09T14:30:19.055040Z,157412717223466,157412716695621,157412717223466,1788964219054521554,1788964219054693718,ok,
std_copy_fastcdr__cpp_to_py__100000B__10Hz__shmem_ds__best_effort,receive,sub,cpp_to_py,copy,std,fastcdr,shmem_ds,100000,10,0,measured,94,2026-09-09T14:30:19.155207Z,157412817391657,157412816913265,157412817391657,1788964219154739459,1788964219154949344,ok,
std_copy_fastcdr__cpp_to_py__100000B__10Hz__shmem_ds__best_effort,receive,sub,cpp_to_py,copy,std,fastcdr,shmem_ds,100000,10,0,measured,95,2026-09-09T14:30:19.255116Z,157412917283307,157412916705559,157412917283307,1788964219254522164,1788964219254711631,ok,
std_copy_fastcdr__cpp_to_py__100000B__10Hz__shmem_ds__best_effort,receive,sub,cpp_to_py,copy,std,fastcdr,shmem_ds,100000,10,0,measured,96,2026-09-09T14:30:19.355771Z,157413017954085,157413017567316,157413017954085,1788964219355381998,1788964219355508687,ok,
std_copy_fastcdr__cpp_to_py__100000B__10Hz__shmem_ds__best_effort,receive,sub,cpp_to_py,copy,std,fastcdr,shmem_ds,100000,10,0,measured,97,2026-09-09T14:30:19.456248Z,157413118431228,157413118018641,157413118431228,1788964219455835006,1788964219455979117,ok,
std_copy_fastcdr__cpp_to_py__100000B__10Hz__shmem_ds__best_effort,receive,sub,cpp_to_py,copy,std,fastcdr,shmem_ds,100000,10,0,measured,98,2026-09-09T14:30:19.555743Z,157413217927724,157413217516249,157413217927724,1788964219555350467,1788964219555503075,ok,
std_copy_fastcdr__cpp_to_py__100000B__10Hz__shmem_ds__best_effort,receive,sub,cpp_to_py,copy,std,fastcdr,shmem_ds,100000,10,0,measured,99,2026-09-09T14:30:19.655797Z,157413317978564,157413317568652,157413317978564,1788964219655385618,1788964219655528708,ok,
std_copy_fastcdr__cpp_to_py__100000B__10Hz__shmem_ds__best_effort,receive,sub,cpp_to_py,copy,std,fastcdr,shmem_ds,100000,10,0,measured,100,2026-09-09T14:30:19.755228Z,157413417412582,157413416817010,157413417412582,1788964219754640619,1788964219754843201,ok,
std_copy_fastcdr__cpp_to_py__100000B__10Hz__shmem_ds__best_effort,receive,sub,cpp_to_py,copy,std,fastcdr,shmem_ds,100000,10,0,measured,101,2026-09-09T14:30:19.856149Z,157413518326699,157413517401306,157413518326699,1788964219855241325,1788964219855519539,ok,
std_copy_fastcdr__cpp_to_py__100000B__10Hz__shmem_ds__best_effort,receive,sub,cpp_to_py,copy,std,fastcdr,shmem_ds,100000,10,0,measured,102,2026-09-09T14:30:19.955251Z,157413617433861,157413616860832,157413617433861,1788964219954675634,1788964219954849140,ok,
std_copy_fastcdr__cpp_to_py__100000B__10Hz__shmem_ds__best_effort,receive,sub,cpp_to_py,copy,std,fastcdr,shmem_ds,100000,10,0,measured,103,2026-09-09T14:30:20.054346Z,157413716525226,157413716047316,157413716525226,1788964220053863420,1788964220054039081,ok,
std_copy_fastcdr__cpp_to_py__100000B__10Hz__shmem_ds__best_effort,receive,sub,cpp_to_py,copy,std,fastcdr,shmem_ds,100000,10,0,measured,104,2026-09-09T14:30:20.155192Z,157413817367539,157413816828404,157413817367539,1788964220154648365,1788964220154847981,ok,
std_copy_fastcdr__cpp_to_py__100000B__10Hz__shmem_ds__best_effort,receive,sub,cpp_to_py,copy,std,fastcdr,shmem_ds,100000,10,0,measured,105,2026-09-09T14:30:20.254992Z,157413917175815,157413916769690,157413917175815,1788964220254577018,1788964220254704227,ok,
std_copy_fastcdr__cpp_to_py__100000B__10Hz__shmem_ds__best_effort,receive,sub,cpp_to_py,copy,std,fastcdr,shmem_ds,100000,10,0,measured,106,2026-09-09T14:30:20.354312Z,157414016490521,157414015996350,157414016490521,1788964220353818736,1788964220353963418,ok,
std_copy_fastcdr__cpp_to_py__100000B__10Hz__shmem_ds__best_effort,receive,sub,cpp_to_py,copy,std,fastcdr,shmem_ds,100000,10,0,measured,107,2026-09-09T14:30:20.454636Z,157414116814337,157414116382835,157414116814337,1788964220454197757,1788964220454332651,ok,
std_copy_fastcdr__cpp_to_py__100000B__10Hz__shmem_ds__best_effort,receive,sub,cpp_to_py,copy,std,fastcdr,shmem_ds,100000,10,0,measured,108,2026-09-09T14:30:20.553841Z,157414216025248,157414215636816,157414216025248,1788964220553452409,1788964220553596962,ok,
std_copy_fastcdr__cpp_to_py__100000B__10Hz__shmem_ds__best_effort,receive,sub,cpp_to_py,copy,std,fastcdr,shmem_ds,100000,10,0,measured,109,2026-09-09T14:30:20.654260Z,157414316442972,157414316077724,157414316442972,1788964220653891453,1788964220654027129,ok,
std_copy_fastcdr__cpp_to_py__100000B__10Hz__shmem_ds__best_effort,receive,sub,cpp_to_py,copy,std,fastcdr,shmem_ds,100000,10,0,measured,110,2026-09-09T14:30:20.754496Z,157414416680586,157414416287235,157414416680586,1788964220754105904,1788964220754247751,ok,
std_copy_fastcdr__cpp_to_py__100000B__10Hz__shmem_ds__best_effort,receive,sub,cpp_to_py,copy,std,fastcdr,shmem_ds,100000,10,0,measured,111,2026-09-09T14:30:20.854236Z,157414516417698,157414515999530,157414516417698,1788964220853823028,1788964220853959505,ok,
std_copy_fastcdr__cpp_to_py__100000B__10Hz__shmem_ds__best_effort,receive,sub,cpp_to_py,copy,std,fastcdr,shmem_ds,100000,10,0,measured,112,2026-09-09T14:30:20.954934Z,157414617113546,157414616541638,157414617113546,1788964220954360167,1788964220954578108,ok,
std_copy_fastcdr__cpp_to_py__100000B__10Hz__shmem_ds__best_effort,receive,sub,cpp_to_py,copy,std,fastcdr,shmem_ds,100000,10,0,measured,113,2026-09-09T14:30:21.056070Z,157414718245176,157414717397188,157414718245176,1788964221055222029,1788964221055472291,ok,
std_copy_fastcdr__cpp_to_py__100000B__10Hz__shmem_ds__best_effort,receive,sub,cpp_to_py,copy,std,fastcdr,shmem_ds,100000,10,0,measured,114,2026-09-09T14:30:21.156896Z,157414819071612,157414818392593,157414819071612,1788964221156226761,1788964221156505456,ok,
std_copy_fastcdr__cpp_to_py__100000B__10Hz__shmem_ds__best_effort,receive,sub,cpp_to_py,copy,std,fastcdr,shmem_ds,100000,10,0,measured,115,2026-09-09T14:30:21.256427Z,157414918600323,157414918168239,157414918600323,1788964221255984744,1788964221256142832,ok,
std_copy_fastcdr__cpp_to_py__100000B__10Hz__shmem_ds__best_effort,receive,sub,cpp_to_py,copy,std,fastcdr,shmem_ds,100000,10,0,measured,116,2026-09-09T14:30:21.356422Z,157415018605462,157415017913849,157415018605462,1788964221355740804,1788964221356024849,ok,
std_copy_fastcdr__cpp_to_py__100000B__10Hz__shmem_ds__best_effort,receive,sub,cpp_to_py,copy,std,fastcdr,shmem_ds,100000,10,0,measured,117,2026-09-09T14:30:21.456778Z,157415118960170,157415118575064,157415118960170,1788964221456390237,1788964221456528878,ok,
std_copy_fastcdr__cpp_to_py__100000B__10Hz__shmem_ds__best_effort,receive,sub,cpp_to_py,copy,std,fastcdr,shmem_ds,100000,10,0,measured,118,2026-09-09T14:30:21.557308Z,157415219491089,157415219104621,157415219491089,1788964221556919383,1788964221557063725,ok,
std_copy_fastcdr__cpp_to_py__100000B__10Hz__shmem_ds__best_effort,receive,sub,cpp_to_py,copy,std,fastcdr,shmem_ds,100000,10,0,measured,119,2026-09-09T14:30:21.657656Z,157415319837030,157415319417720,157415319837030,1788964221657228314,1788964221657376273,ok,
std_copy_fastcdr__cpp_to_py__100000B__10Hz__shmem_ds__best_effort,receive,sub,cpp_to_py,copy,std,fastcdr,shmem_ds,100000,10,0,measured,120,2026-09-09T14:30:21.758552Z,157415420728329,157415420188963,157415420728329,1788964221758008333,1788964221758210855,ok,
std_copy_fastcdr__cpp_to_py__100000B__10Hz__shmem_ds__best_effort,receive,sub,cpp_to_py,copy,std,fastcdr,shmem_ds,100000,10,0,measured,121,2026-09-09T14:30:21.857604Z,157415519780492,157415519321167,157415519780492,1788964221857138514,1788964221857299717,ok,
std_copy_fastcdr__cpp_to_py__100000B__10Hz__shmem_ds__best_effort,receive,sub,cpp_to_py,copy,std,fastcdr,shmem_ds,100000,10,0,measured,122,2026-09-09T14:30:21.957333Z,157415619506866,157415618971237,157415619506866,1788964221956794475,1788964221957019879,ok,
std_copy_fastcdr__cpp_to_py__100000B__10Hz__shmem_ds__best_effort,receive,sub,cpp_to_py,copy,std,fastcdr,shmem_ds,100000,10,0,measured,123,2026-09-09T14:30:22.056782Z,157415718965487,157415718552619,157415718965487,1788964222056368232,1788964222056503216,ok,
std_copy_fastcdr__cpp_to_py__100000B__10Hz__shmem_ds__best_effort,receive,sub,cpp_to_py,copy,std,fastcdr,shmem_ds,100000,10,0,measured,124,2026-09-09T14:30:22.156720Z,157415818889435,157415818389012,157415818889435,1788964222156207080,1788964222156372051,ok,
std_copy_fastcdr__cpp_to_py__100000B__10Hz__shmem_ds__best_effort,receive,sub,cpp_to_py,copy,std,fastcdr,shmem_ds,100000,10,0,measured,125,2026-09-09T14:30:22.255913Z,157415918097615,157415917707660,157415918097615,1788964222255521931,1788964222255651545,ok,
std_copy_fastcdr__cpp_to_py__100000B__10Hz__shmem_ds__best_effort,receive,sub,cpp_to_py,copy,std,fastcdr,shmem_ds,100000,10,0,measured,126,2026-09-09T14:30:22.356645Z,157416018828794,157416018412840,157416018828794,1788964222356228053,1788964222356366424,ok,
std_copy_fastcdr__cpp_to_py__100000B__10Hz__shmem_ds__best_effort,receive,sub,cpp_to_py,copy,std,fastcdr,shmem_ds,100000,10,0,measured,127,2026-09-09T14:30:22.456878Z,157416119061955,157416118389618,157416119061955,1788964222456224147,1788964222456464510,ok,
std_copy_fastcdr__cpp_to_py__100000B__10Hz__shmem_ds__best_effort,receive,sub,cpp_to_py,copy,std,fastcdr,shmem_ds,100000,10,0,measured,128,2026-09-09T14:30:22.556340Z,157416218510648,157416217966532,157416218510648,1788964222555785492,1788964222555971302,ok,
std_copy_fastcdr__cpp_to_py__100000B__10Hz__shmem_ds__best_effort,receive,sub,cpp_to_py,copy,std,fastcdr,shmem_ds,100000,10,0,measured,129,2026-09-09T14:30:22.657078Z,157416319263087,157416318602963,157416319263087,1788964222656427103,1788964222656671594,ok,
std_copy_fastcdr__cpp_to_py__100000B__10Hz__shmem_ds__best_effort,receive,sub,cpp_to_py,copy,std,fastcdr,shmem_ds,100000,10,0,measured,130,2026-09-09T14:30:22.756663Z,157416418847756,157416418461098,157416418847756,1788964222756276350,1788964222756417847,ok,
std_copy_fastcdr__cpp_to_py__100000B__10Hz__shmem_ds__best_effort,receive,sub,cpp_to_py,copy,std,fastcdr,shmem_ds,100000,10,0,measured,131,2026-09-09T14:30:22.855817Z,157416517994921,157416517617670,157416517994921,1788964222855430749,1788964222855569961,ok,
std_copy_fastcdr__cpp_to_py__100000B__10Hz__shmem_ds__best_effort,receive,sub,cpp_to_py,copy,std,fastcdr,shmem_ds,100000,10,0,measured,132,2026-09-09T14:30:22.956648Z,157416618833342,157416618373937,157416618833342,1788964222956193888,1788964222956369960,ok,
std_copy_fastcdr__cpp_to_py__100000B__10Hz__shmem_ds__best_effort,receive,sub,cpp_to_py,copy,std,fastcdr,shmem_ds,100000,10,0,measured,133,2026-09-09T14:30:23.057165Z,157416719349337,157416718955395,157416719349337,1788964223056770748,1788964223056913247,ok,
std_copy_fastcdr__cpp_to_py__100000B__10Hz__shmem_ds__best_effort,receive,sub,cpp_to_py,copy,std,fastcdr,shmem_ds,100000,10,0,measured,134,2026-09-09T14:30:23.157970Z,157416820152715,157416819758442,157416820152715,1788964223157573404,1788964223157704692,ok,
std_copy_fastcdr__cpp_to_py__100000B__10Hz__shmem_ds__best_effort,receive,sub,cpp_to_py,copy,std,fastcdr,shmem_ds,100000,10,0,measured,135,2026-09-09T14:30:23.258688Z,157416920872095,157416920468043,157416920872095,1788964223258278697,1788964223258415866,ok,
std_copy_fastcdr__cpp_to_py__100000B__10Hz__shmem_ds__best_effort,receive,sub,cpp_to_py,copy,std,fastcdr,shmem_ds,100000,10,0,measured,136,2026-09-09T14:30:23.357761Z,157417019943700,157417019529269,157417019943700,1788964223357343770,1788964223357489565,ok,
std_copy_fastcdr__cpp_to_py__100000B__10Hz__shmem_ds__best_effort,receive,sub,cpp_to_py,copy,std,fastcdr,shmem_ds,100000,10,0,measured,137,2026-09-09T14:30:23.458338Z,157417120513838,157417120012153,157417120513838,1788964223457827746,1788964223458004399,ok,
std_copy_fastcdr__cpp_to_py__100000B__10Hz__shmem_ds__best_effort,receive,sub,cpp_to_py,copy,std,fastcdr,shmem_ds,100000,10,0,measured,138,2026-09-09T14:30:23.557576Z,157417219749151,157417219156755,157417219749151,1788964223556977789,1788964223557189087,ok,
std_copy_fastcdr__cpp_to_py__100000B__10Hz__shmem_ds__best_effort,receive,sub,cpp_to_py,copy,std,fastcdr,shmem_ds,100000,10,0,measured,139,2026-09-09T14:30:23.656757Z,157417318938929,157417318564583,157417318938929,1788964223656373865,1788964223656502247,ok,
std_copy_fastcdr__cpp_to_py__100000B__10Hz__shmem_ds__best_effort,receive,sub,cpp_to_py,copy,std,fastcdr,shmem_ds,100000,10,0,measured,140,2026-09-09T14:30:23.757013Z,157417419197420,157417418818516,157417419197420,1788964223756624912,1788964223756740780,ok,
std_copy_fastcdr__cpp_to_py__100000B__10Hz__shmem_ds__best_effort,receive,sub,cpp_to_py,copy,std,fastcdr,shmem_ds,100000,10,0,measured,141,2026-09-09T14:30:23.857096Z,157417519265833,157417518704976,157417519265833,1788964223856511683,1788964223856666905,ok,
std_copy_fastcdr__cpp_to_py__100000B__10Hz__shmem_ds__best_effort,receive,sub,cpp_to_py,copy,std,fastcdr,shmem_ds,100000,10,0,measured,142,2026-09-09T14:30:23.956664Z,157417618842449,157417618376802,157417618842449,1788964223956188688,1788964223956326878,ok,
std_copy_fastcdr__cpp_to_py__100000B__10Hz__shmem_ds__best_effort,receive,sub,cpp_to_py,copy,std,fastcdr,shmem_ds,100000,10,0,measured,143,2026-09-09T14:30:24.056339Z,157417718517903,157417718090528,157417718517903,1788964224055904388,1788964224056037899,ok,
std_copy_fastcdr__cpp_to_py__100000B__10Hz__shmem_ds__best_effort,receive,sub,cpp_to_py,copy,std,fastcdr,shmem_ds,100000,10,0,measured,144,2026-09-09T14:30:24.156766Z,157417818950775,157417818499144,157417818950775,1788964224156316521,1788964224156477253,ok,
std_copy_fastcdr__cpp_to_py__100000B__10Hz__shmem_ds__best_effort,receive,sub,cpp_to_py,copy,std,fastcdr,shmem_ds,100000,10,0,measured,145,2026-09-09T14:30:24.256409Z,157417918589020,157417918175621,157417918589020,1788964224255987357,1788964224256121740,ok,
std_copy_fastcdr__cpp_to_py__100000B__10Hz__shmem_ds__best_effort,receive,sub,cpp_to_py,copy,std,fastcdr,shmem_ds,100000,10,0,measured,146,2026-09-09T14:30:24.356960Z,157418019141146,157418018663386,157418019141146,1788964224356480432,1788964224356646185,ok,
std_copy_fastcdr__cpp_to_py__100000B__10Hz__shmem_ds__best_effort,receive,sub,cpp_to_py,copy,std,fastcdr,shmem_ds,100000,10,0,measured,147,2026-09-09T14:30:24.456209Z,157418118393444,157418117991337,157418118393444,1788964224455814605,1788964224455968014,ok,
std_copy_fastcdr__cpp_to_py__100000B__10Hz__shmem_ds__best_effort,receive,sub,cpp_to_py,copy,std,fastcdr,shmem_ds,100000,10,0,measured,148,2026-09-09T14:30:24.556504Z,157418218683768,157418218293403,157418218683768,1788964224556107623,1788964224556244561,ok,
std_copy_fastcdr__cpp_to_py__100000B__10Hz__shmem_ds__best_effort,receive,sub,cpp_to_py,copy,std,fastcdr,shmem_ds,100000,10,0,measured,149,2026-09-09T14:30:24.655661Z,157418317844724,157418317457865,157418317844724,1788964224655272777,1788964224655411338,ok,
std_copy_fastcdr__cpp_to_py__100000B__10Hz__shmem_ds__best_effort,receive,sub,cpp_to_py,copy,std,fastcdr,shmem_ds,100000,10,0,measured,150,2026-09-09T14:30:24.755449Z,157418417633122,157418417258085,157418417633122,1788964224755073839,1788964224755202271,ok,
std_copy_fastcdr__cpp_to_py__100000B__10Hz__shmem_ds__best_effort,receive,sub,cpp_to_py,copy,std,fastcdr,shmem_ds,100000,10,0,measured,151,2026-09-09T14:30:24.855167Z,157418517351357,157418516975720,157418517351357,1788964224854791163,1788964224854944602,ok,
std_copy_fastcdr__cpp_to_py__100000B__10Hz__shmem_ds__best_effort,receive,sub,cpp_to_py,copy,std,fastcdr,shmem_ds,100000,10,0,measured,152,2026-09-09T14:30:24.955199Z,157418617382984,157418617010442,157418617382984,1788964224954824362,1788964224954963875,ok,
std_copy_fastcdr__cpp_to_py__100000B__10Hz__shmem_ds__best_effort,receive,sub,cpp_to_py,copy,std,fastcdr,shmem_ds,100000,10,0,measured,153,2026-09-09T14:30:25.055516Z,157418717701300,157418717354727,157418717701300,1788964225055168858,1788964225055305045,ok,
std_copy_fastcdr__cpp_to_py__100000B__10Hz__shmem_ds__best_effort,receive,sub,cpp_to_py,copy,std,fastcdr,shmem_ds,100000,10,0,measured,154,2026-09-09T14:30:25.155988Z,157418818170945,157418817791680,157418818170945,1788964225155600551,1788964225155729133,ok,
std_copy_fastcdr__cpp_to_py__100000B__10Hz__shmem_ds__best_effort,receive,sub,cpp_to_py,copy,std,fastcdr,shmem_ds,100000,10,0,measured,155,2026-09-09T14:30:25.256116Z,157418918296380,157418917799614,157418918296380,1788964225255618854,1788964225255785508,ok,
std_copy_fastcdr__cpp_to_py__100000B__10Hz__shmem_ds__best_effort,receive,sub,cpp_to_py,copy,std,fastcdr,shmem_ds,100000,10,0,measured,156,2026-09-09T14:30:25.356113Z,157419018292451,157419017842594,157419018292451,1788964225355660201,1788964225355829470,ok,
std_copy_fastcdr__cpp_to_py__100000B__10Hz__shmem_ds__best_effort,receive,sub,cpp_to_py,copy,std,fastcdr,shmem_ds,100000,10,0,measured,157,2026-09-09T14:30:25.455911Z,157419118092283,157419117638608,157419118092283,1788964225455455925,1788964225455599135,ok,
std_copy_fastcdr__cpp_to_py__100000B__10Hz__shmem_ds__best_effort,receive,sub,cpp_to_py,copy,std,fastcdr,shmem_ds,100000,10,0,measured,158,2026-09-09T14:30:25.556418Z,157419218601401,157419218220233,157419218601401,1788964225556033953,1788964225556171502,ok,
std_copy_fastcdr__cpp_to_py__100000B__10Hz__shmem_ds__best_effort,receive,sub,cpp_to_py,copy,std,fastcdr,shmem_ds,100000,10,0,measured,159,2026-09-09T14:30:25.655779Z,157419317964079,157419317597659,157419317964079,1788964225655412661,1788964225655556763,ok,
std_copy_fastcdr__cpp_to_py__100000B__10Hz__shmem_ds__best_effort,receive,sub,cpp_to_py,copy,std,fastcdr,shmem_ds,100000,10,0,measured,160,2026-09-09T14:30:25.755481Z,157419417662290,157419417295709,157419417662290,1788964225755109629,1788964225755244694,ok,
std_copy_fastcdr__cpp_to_py__100000B__10Hz__shmem_ds__best_effort,receive,sub,cpp_to_py,copy,std,fastcdr,shmem_ds,100000,10,0,measured,161,2026-09-09T14:30:25.855592Z,157419517775822,157419517403391,157419517775822,1788964225855218914,1788964225855358828,ok,
std_copy_fastcdr__cpp_to_py__100000B__10Hz__shmem_ds__best_effort,receive,sub,cpp_to_py,copy,std,fastcdr,shmem_ds,100000,10,0,measured,162,2026-09-09T14:30:25.954747Z,157419616931120,157419616568046,157419616931120,1788964225954383599,1788964225954519425,ok,
std_copy_fastcdr__cpp_to_py__100000B__10Hz__shmem_ds__best_effort,receive,sub,cpp_to_py,copy,std,fastcdr,shmem_ds,100000,10,0,measured,163,2026-09-09T14:30:26.054234Z,157419716417372,157419716018520,157419716417372,1788964226053834344,1788964226053979417,ok,
std_copy_fastcdr__cpp_to_py__100000B__10Hz__shmem_ds__best_effort,receive,sub,cpp_to_py,copy,std,fastcdr,shmem_ds,100000,10,0,measured,164,2026-09-09T14:30:26.154180Z,157419816363191,157419815901972,157419816363191,1788964226153726392,1788964226153922672,ok,
std_copy_fastcdr__cpp_to_py__100000B__10Hz__shmem_ds__best_effort,receive,sub,cpp_to_py,copy,std,fastcdr,shmem_ds,100000,10,0,measured,165,2026-09-09T14:30:26.254088Z,157419916264105,157419915847109,157419916264105,1788964226253662603,1788964226253813647,ok,
std_copy_fastcdr__cpp_to_py__100000B__10Hz__shmem_ds__best_effort,receive,sub,cpp_to_py,copy,std,fastcdr,shmem_ds,100000,10,0,measured,166,2026-09-09T14:30:26.353572Z,157420015755308,157420015289160,157420015755308,1788964226353115163,1788964226353314448,ok,
std_copy_fastcdr__cpp_to_py__100000B__10Hz__shmem_ds__best_effort,receive,sub,cpp_to_py,copy,std,fastcdr,shmem_ds,100000,10,0,measured,167,2026-09-09T14:30:26.453701Z,157420115885114,157420115480051,157420115885114,1788964226453296496,1788964226453440577,ok,
std_copy_fastcdr__cpp_to_py__100000B__10Hz__shmem_ds__best_effort,receive,sub,cpp_to_py,copy,std,fastcdr,shmem_ds,100000,10,0,measured,168,2026-09-09T14:30:26.554819Z,157420216995056,157420216465468,157420216995056,1788964226554290179,1788964226554518589,ok,
std_copy_fastcdr__cpp_to_py__100000B__10Hz__shmem_ds__best_effort,receive,sub,cpp_to_py,copy,std,fastcdr,shmem_ds,100000,10,0,measured,169,2026-09-09T14:30:26.655431Z,157420317615687,157420317264064,157420317615687,1788964226655077794,1788964226655207338,ok,
std_copy_fastcdr__cpp_to_py__100000B__10Hz__shmem_ds__best_effort,receive,sub,cpp_to_py,copy,std,fastcdr,shmem_ds,100000,10,0,measured,170,2026-09-09T14:30:26.755396Z,157420417570723,157420417031457,157420417570723,1788964226754856298,1788964226755063799,ok,
std_copy_fastcdr__cpp_to_py__100000B__10Hz__shmem_ds__best_effort,receive,sub,cpp_to_py,copy,std,fastcdr,shmem_ds,100000,10,0,measured,171,2026-09-09T14:30:26.855281Z,157420517456549,157420516983057,157420517456549,1788964226854794061,1788964226854958762,ok,
std_copy_fastcdr__cpp_to_py__100000B__10Hz__shmem_ds__best_effort,receive,sub,cpp_to_py,copy,std,fastcdr,shmem_ds,100000,10,0,measured,172,2026-09-09T14:30:26.954833Z,157420616999599,157420616571212,157420616999599,1788964226954386225,1788964226954537880,ok,
std_copy_fastcdr__cpp_to_py__100000B__10Hz__shmem_ds__best_effort,receive,sub,cpp_to_py,copy,std,fastcdr,shmem_ds,100000,10,0,measured,173,2026-09-09T14:30:27.054749Z,157420716937214,157420716476927,157420716937214,1788964227054294023,1788964227054477559,ok,
std_copy_fastcdr__cpp_to_py__100000B__10Hz__shmem_ds__best_effort,receive,sub,cpp_to_py,copy,std,fastcdr,shmem_ds,100000,10,0,measured,174,2026-09-09T14:30:27.154500Z,157420816673001,157420816100823,157420816673001,1788964227153924201,1788964227154127294,ok,
std_copy_fastcdr__cpp_to_py__100000B__10Hz__shmem_ds__best_effort,receive,sub,cpp_to_py,copy,std,fastcdr,shmem_ds,100000,10,0,measured,175,2026-09-09T14:30:27.253895Z,157420916078274,157420915679984,157420916078274,1788964227253494655,1788964227253638136,ok,
std_copy_fastcdr__cpp_to_py__100000B__10Hz__shmem_ds__best_effort,receive,sub,cpp_to_py,copy,std,fastcdr,shmem_ds,100000,10,0,measured,176,2026-09-09T14:30:27.353784Z,157421015967018,157421015580750,157421015967018,1788964227353395532,1788964227353539454,ok,
std_copy_fastcdr__cpp_to_py__100000B__10Hz__shmem_ds__best_effort,receive,sub,cpp_to_py,copy,std,fastcdr,shmem_ds,100000,10,0,measured,177,2026-09-09T14:30:27.454101Z,157421116285432,157421115863106,157421116285432,1788964227453678269,1788964227453847127,ok,
std_copy_fastcdr__cpp_to_py__100000B__10Hz__shmem_ds__best_effort,receive,sub,cpp_to_py,copy,std,fastcdr,shmem_ds,100000,10,0,measured,178,2026-09-09T14:30:27.553213Z,157421215395579,157421214991718,157421215395579,1788964227552818022,1788964227552960310,ok,
std_copy_fastcdr__cpp_to_py__100000B__10Hz__shmem_ds__best_effort,receive,sub,cpp_to_py,copy,std,fastcdr,shmem_ds,100000,10,0,measured,179,2026-09-09T14:30:27.653209Z,157421315392667,157421315016017,157421315392667,1788964227652831370,1788964227652977967,ok,
std_copy_fastcdr__cpp_to_py__100000B__10Hz__shmem_ds__best_effort,receive,sub,cpp_to_py,copy,std,fastcdr,shmem_ds,100000,10,0,measured,180,2026-09-09T14:30:27.753159Z,157421415332347,157421414721596,157421415332347,1788964227752546146,1788964227752756893,ok,
std_copy_fastcdr__cpp_to_py__100000B__10Hz__shmem_ds__best_effort,receive,sub,cpp_to_py,copy,std,fastcdr,shmem_ds,100000,10,0,measured,181,2026-09-09T14:30:27.853667Z,157421515840168,157421515246379,157421515840168,1788964227853071561,1788964227853286425,ok,
std_copy_fastcdr__cpp_to_py__100000B__10Hz__shmem_ds__best_effort,receive,sub,cpp_to_py,copy,std,fastcdr,shmem_ds,100000,10,0,measured,182,2026-09-09T14:30:27.953348Z,157421615523445,157421615101169,157421615523445,1788964227952916031,1788964227953060523,ok,
std_copy_fastcdr__cpp_to_py__100000B__10Hz__shmem_ds__best_effort,receive,sub,cpp_to_py,copy,std,fastcdr,shmem_ds,100000,10,0,measured,183,2026-09-09T14:30:28.052834Z,157421714997589,157421714497767,157421714997589,1788964228052312228,1788964228052466609,ok,
std_copy_fastcdr__cpp_to_py__100000B__10Hz__shmem_ds__best_effort,receive,sub,cpp_to_py,copy,std,fastcdr,shmem_ds,100000,10,0,measured,184,2026-09-09T14:30:28.151690Z,157421813874489,157421813496627,157421813874489,1788964228151310307,1788964228151447125,ok,
std_copy_fastcdr__cpp_to_py__100000B__10Hz__shmem_ds__best_effort,receive,sub,cpp_to_py,copy,std,fastcdr,shmem_ds,100000,10,0,measured,185,2026-09-09T14:30:28.252002Z,157421914185741,157421913775258,157421914185741,1788964228251590601,1788964228251734402,ok,
std_copy_fastcdr__cpp_to_py__100000B__10Hz__shmem_ds__best_effort,receive,sub,cpp_to_py,copy,std,fastcdr,shmem_ds,100000,10,0,measured,186,2026-09-09T14:30:28.351528Z,157422013710933,157422013319295,157422013710933,1788964228351133496,1788964228351280252,ok,
std_copy_fastcdr__cpp_to_py__100000B__10Hz__shmem_ds__best_effort,receive,sub,cpp_to_py,copy,std,fastcdr,shmem_ds,100000,10,0,measured,187,2026-09-09T14:30:28.451063Z,157422113238519,157422112682471,157422113238519,1788964228450505639,1788964228450726145,ok,
std_copy_fastcdr__cpp_to_py__100000B__10Hz__shmem_ds__best_effort,receive,sub,cpp_to_py,copy,std,fastcdr,shmem_ds,100000,10,0,measured,188,2026-09-09T14:30:28.551651Z,157422213836722,157422213475862,157422213836722,1788964228551292919,1788964228551451097,ok,
std_copy_fastcdr__cpp_to_py__100000B__10Hz__shmem_ds__best_effort,receive,sub,cpp_to_py,copy,std,fastcdr,shmem_ds,100000,10,0,measured,189,2026-09-09T14:30:28.652307Z,157422314489358,157422314071651,157422314489358,1788964228651884529,1788964228652037507,ok,
std_copy_fastcdr__cpp_to_py__100000B__10Hz__shmem_ds__best_effort,receive,sub,cpp_to_py,copy,std,fastcdr,shmem_ds,100000,10,0,measured,190,2026-09-09T14:30:28.752099Z,157422414282635,157422413888632,157422414282635,1788964228751703665,1788964228751854920,ok,
std_copy_fastcdr__cpp_to_py__100000B__10Hz__shmem_ds__best_effort,receive,sub,cpp_to_py,copy,std,fastcdr,shmem_ds,100000,10,0,measured,191,2026-09-09T14:30:28.851308Z,157422513492391,157422513088120,157422513492391,1788964228850903042,1788964228851049358,ok,
std_copy_fastcdr__cpp_to_py__100000B__10Hz__shmem_ds__best_effort,receive,sub,cpp_to_py,copy,std,fastcdr,shmem_ds,100000,10,0,measured,192,2026-09-09T14:30:28.951666Z,157422613849000,157422613440971,157422613849000,1788964228951256574,1788964228951402770,ok,
std_copy_fastcdr__cpp_to_py__100000B__10Hz__shmem_ds__best_effort,receive,sub,cpp_to_py,copy,std,fastcdr,shmem_ds,100000,10,0,measured,193,2026-09-09T14:30:29.052695Z,157422714868277,157422714370109,157422714868277,1788964229052185231,1788964229052331447,ok,
std_copy_fastcdr__cpp_to_py__100000B__10Hz__shmem_ds__best_effort,receive,sub,cpp_to_py,copy,std,fastcdr,shmem_ds,100000,10,0,measured,194,2026-09-09T14:30:29.152131Z,157422814314763,157422813910261,157422814314763,1788964229151724782,1788964229151877650,ok,
std_copy_fastcdr__cpp_to_py__100000B__10Hz__shmem_ds__best_effort,receive,sub,cpp_to_py,copy,std,fastcdr,shmem_ds,100000,10,0,measured,195,2026-09-09T14:30:29.251219Z,157422913402763,157422913013159,157422913402763,1788964229250828261,1788964229250974838,ok,
std_copy_fastcdr__cpp_to_py__100000B__10Hz__shmem_ds__best_effort,receive,sub,cpp_to_py,copy,std,fastcdr,shmem_ds,100000,10,0,measured,196,2026-09-09T14:30:29.351532Z,157423013715611,157423013322420,157423013715611,1788964229351137723,1788964229351282937,ok,
std_copy_fastcdr__cpp_to_py__100000B__10Hz__shmem_ds__best_effort,receive,sub,cpp_to_py,copy,std,fastcdr,shmem_ds,100000,10,0,measured,197,2026-09-09T14:30:29.451682Z,157423113865342,157423113469556,157423113865342,1788964229451283777,1788964229451430724,ok,
std_copy_fastcdr__cpp_to_py__100000B__10Hz__shmem_ds__best_effort,receive,sub,cpp_to_py,copy,std,fastcdr,shmem_ds,100000,10,0,measured,198,2026-09-09T14:30:29.551047Z,157423213231145,157423212828086,157423213231145,1788964229550643369,1788964229550788903,ok,
std_copy_fastcdr__cpp_to_py__100000B__10Hz__shmem_ds__best_effort,receive,sub,cpp_to_py,copy,std,fastcdr,shmem_ds,100000,10,0,measured,199,2026-09-09T14:30:29.651813Z,157423313986226,157423313602904,157423313986226,1788964229651416864,1788964229651558481,ok,
std_copy_fastcdr__cpp_to_py__100000B__10Hz__shmem_ds__best_effort,receive,sub,cpp_to_py,copy,std,fastcdr,shmem_ds,100000,10,0,measured,200,2026-09-09T14:30:29.751880Z,157423414063080,157423413499488,157423414063080,1788964229751323718,1788964229751533002,ok,
std_copy_fastcdr__cpp_to_py__100000B__10Hz__shmem_ds__best_effort,receive,sub,cpp_to_py,copy,std,fastcdr,shmem_ds,100000,10,0,measured,201,2026-09-09T14:30:29.851076Z,157423513258593,157423512706052,157423513258593,1788964229850530161,1788964229850747040,ok,
std_copy_fastcdr__cpp_to_py__100000B__10Hz__shmem_ds__best_effort,receive,sub,cpp_to_py,copy,std,fastcdr,shmem_ds,100000,10,0,measured,202,2026-09-09T14:30:29.950304Z,157423612477579,157423612014727,157423612477579,1788964229949829950,1788964229949971337,ok,
std_copy_fastcdr__cpp_to_py__100000B__10Hz__shmem_ds__best_effort,receive,sub,cpp_to_py,copy,std,fastcdr,shmem_ds,100000,10,0,measured,203,2026-09-09T14:30:30.051260Z,157423713433210,157423712854840,157423713433210,1788964230050680252,1788964230050907981,ok,
std_copy_fastcdr__cpp_to_py__100000B__10Hz__shmem_ds__best_effort,receive,sub,cpp_to_py,copy,std,fastcdr,shmem_ds,100000,10,0,measured,204,2026-09-09T14:30:30.150901Z,157423813086097,157423812757758,157423813086097,1788964230150569043,1788964230150689180,ok,
std_copy_fastcdr__cpp_to_py__100000B__10Hz__shmem_ds__best_effort,receive,sub,cpp_to_py,copy,std,fastcdr,shmem_ds,100000,10,0,measured,205,2026-09-09T14:30:30.251578Z,157423913761260,157423913390181,157423913761260,1788964230251198671,1788964230251329607,ok,
std_copy_fastcdr__cpp_to_py__100000B__10Hz__shmem_ds__best_effort,receive,sub,cpp_to_py,copy,std,fastcdr,shmem_ds,100000,10,0,measured,206,2026-09-09T14:30:30.351379Z,157424013563699,157424013225932,157424013563699,1788964230351033010,1788964230351162724,ok,
std_copy_fastcdr__cpp_to_py__100000B__10Hz__shmem_ds__best_effort,receive,sub,cpp_to_py,copy,std,fastcdr,shmem_ds,100000,10,0,measured,207,2026-09-09T14:30:30.451282Z,157424113466386,157424113084818,157424113466386,1788964230450898898,1788964230451038742,ok,
std_copy_fastcdr__cpp_to_py__100000B__10Hz__shmem_ds__best_effort,receive,sub,cpp_to_py,copy,std,fastcdr,shmem_ds,100000,10,0,measured,208,2026-09-09T14:30:30.550953Z,157424213134973,157424212734188,157424213134973,1788964230550549110,1788964230550691518,ok,
std_copy_fastcdr__cpp_to_py__100000B__10Hz__shmem_ds__best_effort,receive,sub,cpp_to_py,copy,std,fastcdr,shmem_ds,100000,10,0,measured,209,2026-09-09T14:30:30.650161Z,157424312344905,157424311940363,157424312344905,1788964230649754684,1788964230649908884,ok,
std_copy_fastcdr__cpp_to_py__100000B__10Hz__shmem_ds__best_effort,receive,sub,cpp_to_py,copy,std,fastcdr,shmem_ds,100000,10,0,measured,210,2026-09-09T14:30:30.749503Z,157424411687347,157424411326457,157424411687347,1788964230749140908,1788964230749274720,ok,
std_copy_fastcdr__cpp_to_py__100000B__10Hz__shmem_ds__best_effort,receive,sub,cpp_to_py,copy,std,fastcdr,shmem_ds,100000,10,0,measured,211,2026-09-09T14:30:30.848996Z,157424511178619,157424510808672,157424511178619,1788964230848623093,1788964230848759570,ok,
std_copy_fastcdr__cpp_to_py__100000B__10Hz__shmem_ds__best_effort,receive,sub,cpp_to_py,copy,std,fastcdr,shmem_ds,100000,10,0,measured,212,2026-09-09T14:30:30.949821Z,157424611996150,157424611568194,157424611996150,1788964230949383807,1788964230949530814,ok,
std_copy_fastcdr__cpp_to_py__100000B__10Hz__shmem_ds__best_effort,receive,sub,cpp_to_py,copy,std,fastcdr,shmem_ds,100000,10,0,measured,213,2026-09-09T14:30:31.049695Z,157424711878200,157424711460934,157424711878200,1788964231049286396,1788964231049440947,ok,
std_copy_fastcdr__cpp_to_py__100000B__10Hz__shmem_ds__best_effort,receive,sub,cpp_to_py,copy,std,fastcdr,shmem_ds,100000,10,0,measured,214,2026-09-09T14:30:31.149044Z,157424811229271,157424810869142,157424811229271,1788964231148683353,1788964231148810763,ok,
std_copy_fastcdr__cpp_to_py__100000B__10Hz__shmem_ds__best_effort,receive,sub,cpp_to_py,copy,std,fastcdr,shmem_ds,100000,10,0,measured,215,2026-09-09T14:30:31.248425Z,157424910608594,157424910198632,157424910608594,1788964231248013173,1788964231248155311,ok,
std_copy_fastcdr__cpp_to_py__100000B__10Hz__shmem_ds__best_effort,receive,sub,cpp_to_py,copy,std,fastcdr,shmem_ds,100000,10,0,measured,216,2026-09-09T14:30:31.347762Z,157425009943144,157425009546166,157425009943144,1788964231347361739,1788964231347506041,ok,
std_copy_fastcdr__cpp_to_py__100000B__10Hz__shmem_ds__best_effort,receive,sub,cpp_to_py,copy,std,fastcdr,shmem_ds,100000,10,0,measured,217,2026-09-09T14:30:31.447091Z,157425109273626,157425108861649,157425109273626,1788964231446675560,1788964231446830141,ok,
std_copy_fastcdr__cpp_to_py__100000B__10Hz__shmem_ds__best_effort,receive,sub,cpp_to_py,copy,std,fastcdr,shmem_ds,100000,10,0,measured,218,2026-09-09T14:30:31.546344Z,157425208527894,157425208106991,157425208527894,1788964231545923436,1788964231546069050,ok,
std_copy_fastcdr__cpp_to_py__100000B__10Hz__shmem_ds__best_effort,receive,sub,cpp_to_py,copy,std,fastcdr,shmem_ds,100000,10,0,measured,219,2026-09-09T14:30:31.645823Z,157425307995474,157425307530728,157425307995474,1788964231645347444,1788964231645498949,ok,
std_copy_fastcdr__cpp_to_py__100000B__10Hz__shmem_ds__best_effort,receive,sub,cpp_to_py,copy,std,fastcdr,shmem_ds,100000,10,0,measured,220,2026-09-09T14:30:31.746709Z,157425408889031,157425408434424,157425408889031,1788964231746250318,1788964231746402655,ok,
std_copy_fastcdr__cpp_to_py__100000B__10Hz__shmem_ds__best_effort,receive,sub,cpp_to_py,copy,std,fastcdr,shmem_ds,100000,10,0,measured,221,2026-09-09T14:30:31.846781Z,157425508953065,157425508285206,157425508953065,1788964231846103695,1788964231846308802,ok,
std_copy_fastcdr__cpp_to_py__100000B__10Hz__shmem_ds__best_effort,receive,sub,cpp_to_py,copy,std,fastcdr,shmem_ds,100000,10,0,measured,222,2026-09-09T14:30:31.946777Z,157425608961193,157425608083570,157425608961193,1788964231945926074,1788964231946228133,ok,
std_copy_fastcdr__cpp_to_py__100000B__10Hz__shmem_ds__best_effort,receive,sub,cpp_to_py,copy,std,fastcdr,shmem_ds,100000,10,0,measured,223,2026-09-09T14:30:32.045767Z,157425707932229,157425707338791,157425707932229,1788964232045154544,1788964232045362446,ok,
std_copy_fastcdr__cpp_to_py__100000B__10Hz__shmem_ds__best_effort,receive,sub,cpp_to_py,copy,std,fastcdr,shmem_ds,100000,10,0,measured,224,2026-09-09T14:30:32.144850Z,157425806998826,157425806597269,157425806998826,1788964232144411971,1788964232144552676,ok,
std_copy_fastcdr__cpp_to_py__100000B__10Hz__shmem_ds__best_effort,receive,sub,cpp_to_py,copy,std,fastcdr,shmem_ds,100000,10,0,measured,225,2026-09-09T14:30:32.244668Z,157425906850782,157425906401876,157425906850782,1788964232244218752,1788964232244385907,ok,
std_copy_fastcdr__cpp_to_py__100000B__10Hz__shmem_ds__best_effort,receive,sub,cpp_to_py,copy,std,fastcdr,shmem_ds,100000,10,0,measured,226,2026-09-09T14:30:32.343939Z,157426006129218,157426005791953,157426006129218,1788964232343601244,1788964232343726561,ok,
std_copy_fastcdr__cpp_to_py__100000B__10Hz__shmem_ds__best_effort,receive,sub,cpp_to_py,copy,std,fastcdr,shmem_ds,100000,10,0,measured,227,2026-09-09T14:30:32.443252Z,157426105442319,157426105117077,157426105442319,1788964232442928462,1788964232443056473,ok,
std_copy_fastcdr__cpp_to_py__100000B__10Hz__shmem_ds__best_effort,receive,sub,cpp_to_py,copy,std,fastcdr,shmem_ds,100000,10,0,measured,228,2026-09-09T14:30:32.542981Z,157426205165624,157426204788714,157426205165624,1788964232542602734,1788964232542739462,ok,
std_copy_fastcdr__cpp_to_py__100000B__10Hz__shmem_ds__best_effort,receive,sub,cpp_to_py,copy,std,fastcdr,shmem_ds,100000,10,0,measured,229,2026-09-09T14:30:32.643627Z,157426305815254,157426305479171,157426305815254,1788964232643293041,1788964232643423166,ok,
std_copy_fastcdr__cpp_to_py__100000B__10Hz__shmem_ds__best_effort,receive,sub,cpp_to_py,copy,std,fastcdr,shmem_ds,100000,10,0,measured,230,2026-09-09T14:30:32.744073Z,157426406252723,157426405784842,157426406252723,1788964232743604072,1788964232743774774,ok,
std_copy_fastcdr__cpp_to_py__100000B__10Hz__shmem_ds__best_effort,receive,sub,cpp_to_py,copy,std,fastcdr,shmem_ds,100000,10,0,measured,231,2026-09-09T14:30:32.843504Z,157426505693465,157426505429387,157426505693465,1788964232843238719,1788964232843338427,ok,
std_copy_fastcdr__cpp_to_py__100000B__10Hz__shmem_ds__best_effort,receive,sub,cpp_to_py,copy,std,fastcdr,shmem_ds,100000,10,0,measured,232,2026-09-09T14:30:32.944443Z,157426606627821,157426606282481,157426606627821,1788964232944096070,1788964232944236735,ok,
std_copy_fastcdr__cpp_to_py__100000B__10Hz__shmem_ds__best_effort,receive,sub,cpp_to_py,copy,std,fastcdr,shmem_ds,100000,10,0,measured,233,2026-09-09T14:30:33.044289Z,157426706471664,157426706063595,157426706471664,1788964233043878267,1788964233044020385,ok,
std_copy_fastcdr__cpp_to_py__100000B__10Hz__shmem_ds__best_effort,receive,sub,cpp_to_py,copy,std,fastcdr,shmem_ds,100000,10,0,measured,234,2026-09-09T14:30:33.144394Z,157426806578634,157426806242620,157426806578634,1788964233144056150,1788964233144174373,ok,
std_copy_fastcdr__cpp_to_py__100000B__10Hz__shmem_ds__best_effort,receive,sub,cpp_to_py,copy,std,fastcdr,shmem_ds,100000,10,0,measured,235,2026-09-09T14:30:33.244307Z,157426906496417,157426906254982,157426906496417,1788964233244064143,1788964233244158892,ok,
std_copy_fastcdr__cpp_to_py__100000B__10Hz__shmem_ds__best_effort,receive,sub,cpp_to_py,copy,std,fastcdr,shmem_ds,100000,10,0,measured,236,2026-09-09T14:30:33.344246Z,157427006432224,157427006101681,157427006432224,1788964233343914379,1788964233344040076,ok,
std_copy_fastcdr__cpp_to_py__100000B__10Hz__shmem_ds__best_effort,receive,sub,cpp_to_py,copy,std,fastcdr,shmem_ds,100000,10,0,measured,237,2026-09-09T14:30:33.444478Z,157427106668267,157427106364905,157427106668267,1788964233444175970,1788964233444297379,ok,
std_copy_fastcdr__cpp_to_py__100000B__10Hz__shmem_ds__best_effort,receive,sub,cpp_to_py,copy,std,fastcdr,shmem_ds,100000,10,0,measured,238,2026-09-09T14:30:33.545367Z,157427207554885,157427207235564,157427207554885,1788964233545045517,1788964233545162707,ok,
std_copy_fastcdr__cpp_to_py__100000B__10Hz__shmem_ds__best_effort,receive,sub,cpp_to_py,copy,std,fastcdr,shmem_ds,100000,10,0,measured,239,2026-09-09T14:30:33.644726Z,157427306914086,157427306594634,157427306914086,1788964233644405047,1788964233644526877,ok,
std_copy_fastcdr__cpp_to_py__100000B__10Hz__shmem_ds__best_effort,receive,sub,cpp_to_py,copy,std,fastcdr,shmem_ds,100000,10,0,measured,240,2026-09-09T14:30:33.744637Z,157427406820658,157427406447565,157427406820658,1788964233744262377,1788964233744399876,ok,
std_copy_fastcdr__cpp_to_py__100000B__10Hz__shmem_ds__best_effort,receive,sub,cpp_to_py,copy,std,fastcdr,shmem_ds,100000,10,0,measured,241,2026-09-09T14:30:33.845291Z,157427507474307,157427507099421,157427507474307,1788964233844914494,1788964233845058655,ok,
std_copy_fastcdr__cpp_to_py__100000B__10Hz__shmem_ds__best_effort,receive,sub,cpp_to_py,copy,std,fastcdr,shmem_ds,100000,10,0,measured,242,2026-09-09T14:30:33.945601Z,157427607785492,157427607382602,157427607785492,1788964233945197244,1788964233945341616,ok,
std_copy_fastcdr__cpp_to_py__100000B__10Hz__shmem_ds__best_effort,receive,sub,cpp_to_py,copy,std,fastcdr,shmem_ds,100000,10,0,measured,243,2026-09-09T14:30:34.044733Z,157427706918557,157427706544592,157427706918557,1788964234044358583,1788964234044496442,ok,
std_copy_fastcdr__cpp_to_py__100000B__10Hz__shmem_ds__best_effort,receive,sub,cpp_to_py,copy,std,fastcdr,shmem_ds,100000,10,0,measured,244,2026-09-09T14:30:34.145281Z,157427807468393,157427807101742,157427807468393,1788964234144918097,1788964234145057550,ok,
std_copy_fastcdr__cpp_to_py__100000B__10Hz__shmem_ds__best_effort,receive,sub,cpp_to_py,copy,std,fastcdr,shmem_ds,100000,10,0,measured,245,2026-09-09T14:30:34.245956Z,157427908139448,157427907374547,157427908139448,1788964234245217051,1788964234245491929,ok,
std_copy_fastcdr__cpp_to_py__100000B__10Hz__shmem_ds__best_effort,receive,sub,cpp_to_py,copy,std,fastcdr,shmem_ds,100000,10,0,measured,246,2026-09-09T14:30:34.346422Z,157428008606178,157428008184934,157428008606178,1788964234346000427,1788964234346147044,ok,
std_copy_fastcdr__cpp_to_py__100000B__10Hz__shmem_ds__best_effort,receive,sub,cpp_to_py,copy,std,fastcdr,shmem_ds,100000,10,0,measured,247,2026-09-09T14:30:34.445940Z,157428108120593,157428107646470,157428108120593,1788964234445462314,1788964234445607157,ok,
std_copy_fastcdr__cpp_to_py__100000B__10Hz__shmem_ds__best_effort,receive,sub,cpp_to_py,copy,std,fastcdr,shmem_ds,100000,10,0,measured,248,2026-09-09T14:30:34.546634Z,157428208817046,157428208379852,157428208817046,1788964234546195456,1788964234546341611,ok,
std_copy_fastcdr__cpp_to_py__100000B__10Hz__shmem_ds__best_effort,receive,sub,cpp_to_py,copy,std,fastcdr,shmem_ds,100000,10,0,measured,249,2026-09-09T14:30:34.646036Z,157428308220232,157428307812714,157428308220232,1788964234645627446,1788964234645770305,ok,
std_copy_fastcdr__cpp_to_py__100000B__10Hz__shmem_ds__best_effort,receive,sub,cpp_to_py,copy,std,fastcdr,shmem_ds,100000,10,0,measured,250,2026-09-09T14:30:34.745859Z,157428408041575,157428407632845,157428408041575,1788964234745447617,1788964234745587441,ok,
std_copy_fastcdr__cpp_to_py__100000B__10Hz__shmem_ds__best_effort,receive,sub,cpp_to_py,copy,std,fastcdr,shmem_ds,100000,10,0,measured,251,2026-09-09T14:30:34.845748Z,157428507921620,157428507466021,157428507921620,1788964234845281635,1788964234845425205,ok,
std_copy_fastcdr__cpp_to_py__100000B__10Hz__shmem_ds__best_effort,receive,sub,cpp_to_py,copy,std,fastcdr,shmem_ds,100000,10,0,measured,252,2026-09-09T14:30:34.946021Z,157428608203602,157428607721894,157428608203602,1788964234945538189,1788964234945686508,ok,
std_copy_fastcdr__cpp_to_py__100000B__10Hz__shmem_ds__best_effort,receive,sub,cpp_to_py,copy,std,fastcdr,shmem_ds,100000,10,0,measured,253,2026-09-09T14:30:35.046785Z,157428708967793,157428708570224,157428708967793,1788964235046384785,1788964235046529508,ok,
std_copy_fastcdr__cpp_to_py__100000B__10Hz__shmem_ds__best_effort,receive,sub,cpp_to_py,copy,std,fastcdr,shmem_ds,100000,10,0,measured,254,2026-09-09T14:30:35.147239Z,157428809418625,157428809015536,157428809418625,1788964235146830257,1788964235146973437,ok,
std_copy_fastcdr__cpp_to_py__100000B__10Hz__shmem_ds__best_effort,receive,sub,cpp_to_py,copy,std,fastcdr,shmem_ds,100000,10,0,measured,255,2026-09-09T14:30:35.246814Z,157428908985492,157428908587862,157428908985492,1788964235246402805,1788964235246547627,ok,
std_copy_fastcdr__cpp_to_py__100000B__10Hz__shmem_ds__best_effort,receive,sub,cpp_to_py,copy,std,fastcdr,shmem_ds,100000,10,0,measured,256,2026-09-09T14:30:35.346174Z,157429008356549,157429007950093,157429008356549,1788964235345765136,1788964235345921130,ok,
std_copy_fastcdr__cpp_to_py__100000B__10Hz__shmem_ds__best_effort,receive,sub,cpp_to_py,copy,std,fastcdr,shmem_ds,100000,10,0,measured,257,2026-09-09T14:30:35.445660Z,157429107841752,157429107445726,157429107841752,1788964235445259906,1788964235445405811,ok,
std_copy_fastcdr__cpp_to_py__100000B__10Hz__shmem_ds__best_effort,receive,sub,cpp_to_py,copy,std,fastcdr,shmem_ds,100000,10,0,measured,258,2026-09-09T14:30:35.545378Z,157429207562048,157429207166713,157429207562048,1788964235544981765,1788964235545124805,ok,
std_copy_fastcdr__cpp_to_py__100000B__10Hz__shmem_ds__best_effort,receive,sub,cpp_to_py,copy,std,fastcdr,shmem_ds,100000,10,0,measured,259,2026-09-09T14:30:35.644702Z,157429306875687,157429306293440,157429306875687,1788964235644118621,1788964235644343164,ok,
std_copy_fastcdr__cpp_to_py__100000B__10Hz__shmem_ds__best_effort,receive,sub,cpp_to_py,copy,std,fastcdr,shmem_ds,100000,10,0,measured,260,2026-09-09T14:30:35.743783Z,157429405964603,157429405592061,157429405964603,1788964235743399018,1788964235743517531,ok,
std_copy_fastcdr__cpp_to_py__100000B__10Hz__shmem_ds__best_effort,receive,sub,cpp_to_py,copy,std,fastcdr,shmem_ds,100000,10,0,measured,261,2026-09-09T14:30:35.842816Z,157429504990410,157429504680436,157429504990410,1788964235842489978,1788964235842602119,ok,
std_copy_fastcdr__cpp_to_py__100000B__10Hz__shmem_ds__best_effort,receive,sub,cpp_to_py,copy,std,fastcdr,shmem_ds,100000,10,0,measured,262,2026-09-09T14:30:35.941955Z,157429604138697,157429603718575,157429604138697,1788964235941534139,1788964235941680905,ok,
std_copy_fastcdr__cpp_to_py__100000B__10Hz__shmem_ds__best_effort,receive,sub,cpp_to_py,copy,std,fastcdr,shmem_ds,100000,10,0,measured,263,2026-09-09T14:30:36.041851Z,157429704033272,157429703623400,157429704033272,1788964236041438533,1788964236041581211,ok,
std_copy_fastcdr__cpp_to_py__100000B__10Hz__shmem_ds__best_effort,receive,sub,cpp_to_py,copy,std,fastcdr,shmem_ds,100000,10,0,measured,264,2026-09-09T14:30:36.141394Z,157429803572930,157429803098446,157429803572930,1788964236140924198,1788964236141119547,ok,
std_copy_fastcdr__cpp_to_py__100000B__10Hz__shmem_ds__best_effort,receive,sub,cpp_to_py,copy,std,fastcdr,shmem_ds,100000,10,0,measured,265,2026-09-09T14:30:36.240430Z,157429902613277,157429902149192,157429902613277,1788964236239966008,1788964236240113506,ok,
std_copy_fastcdr__cpp_to_py__100000B__10Hz__shmem_ds__best_effort,receive,sub,cpp_to_py,copy,std,fastcdr,shmem_ds,100000,10,0,measured,266,2026-09-09T14:30:36.340049Z,157430002234718,157430001862437,157430002234718,1788964236339676948,1788964236339796474,ok,
std_copy_fastcdr__cpp_to_py__100000B__10Hz__shmem_ds__best_effort,receive,sub,cpp_to_py,copy,std,fastcdr,shmem_ds,100000,10,0,measured,267,2026-09-09T14:30:36.440172Z,157430102356313,157430101961889,157430102356313,1788964236439776080,1788964236439915743,ok,
std_copy_fastcdr__cpp_to_py__100000B__10Hz__shmem_ds__best_effort,receive,sub,cpp_to_py,copy,std,fastcdr,shmem_ds,100000,10,0,measured,268,2026-09-09T14:30:36.539541Z,157430201724397,157430201310166,157430201724397,1788964236539125600,1788964236539270232,ok,
std_copy_fastcdr__cpp_to_py__100000B__10Hz__shmem_ds__best_effort,receive,sub,cpp_to_py,copy,std,fastcdr,shmem_ds,100000,10,0,measured,269,2026-09-09T14:30:36.639985Z,157430302167327,157430301691200,157430302167327,1788964236639508546,1788964236639656094,ok,
std_copy_fastcdr__cpp_to_py__100000B__10Hz__shmem_ds__best_effort,receive,sub,cpp_to_py,copy,std,fastcdr,shmem_ds,100000,10,0,measured,270,2026-09-09T14:30:36.740531Z,157430402713751,157430402268522,157430402713751,1788964236740085218,1788964236740227065,ok,
std_copy_fastcdr__cpp_to_py__100000B__10Hz__shmem_ds__best_effort,receive,sub,cpp_to_py,copy,std,fastcdr,shmem_ds,100000,10,0,measured,271,2026-09-09T14:30:36.840548Z,157430502727462,157430502291801,157430502727462,1788964236840107245,1788964236840248350,ok,
std_copy_fastcdr__cpp_to_py__100000B__10Hz__shmem_ds__best_effort,receive,sub,cpp_to_py,copy,std,fastcdr,shmem_ds,100000,10,0,measured,272,2026-09-09T14:30:36.939680Z,157430601852889,157430601437998,157430601852889,1788964236939253521,1788964236939394096,ok,
std_copy_fastcdr__cpp_to_py__100000B__10Hz__shmem_ds__best_effort,receive,sub,cpp_to_py,copy,std,fastcdr,shmem_ds,100000,10,0,measured,273,2026-09-09T14:30:37.038759Z,157430700942350,157430700554679,157430700942350,1788964237038369491,1788964237038507170,ok,
std_copy_fastcdr__cpp_to_py__100000B__10Hz__shmem_ds__best_effort,receive,sub,cpp_to_py,copy,std,fastcdr,shmem_ds,100000,10,0,measured,274,2026-09-09T14:30:37.138943Z,157430801126644,157430800726781,157430801126644,1788964237138541372,1788964237138665707,ok,
std_copy_fastcdr__cpp_to_py__100000B__10Hz__shmem_ds__best_effort,receive,sub,cpp_to_py,copy,std,fastcdr,shmem_ds,100000,10,0,measured,275,2026-09-09T14:30:37.240122Z,157430902297087,157430901681667,157430902297087,1788964237239505216,1788964237239715442,ok,
std_copy_fastcdr__cpp_to_py__100000B__10Hz__shmem_ds__best_effort,receive,sub,cpp_to_py,copy,std,fastcdr,shmem_ds,100000,10,0,measured,276,2026-09-09T14:30:37.339827Z,157431002014913,157431001731399,157431002014913,1788964237339538737,1788964237339629407,ok,
std_copy_fastcdr__cpp_to_py__100000B__10Hz__shmem_ds__best_effort,receive,sub,cpp_to_py,copy,std,fastcdr,shmem_ds,100000,10,0,measured,277,2026-09-09T14:30:37.439515Z,157431101688085,157431101082012,157431101688085,1788964237438908156,1788964237439112471,ok,
std_copy_fastcdr__cpp_to_py__100000B__10Hz__shmem_ds__best_effort,receive,sub,cpp_to_py,copy,std,fastcdr,shmem_ds,100000,10,0,measured,278,2026-09-09T14:30:37.539821Z,157431201981525,157431201552496,157431201981525,1788964237539368681,1788964237539510929,ok,
std_copy_fastcdr__cpp_to_py__100000B__10Hz__shmem_ds__best_effort,receive,sub,cpp_to_py,copy,std,fastcdr,shmem_ds,100000,10,0,measured,279,2026-09-09T14:30:37.639016Z,157431301199649,157431300758989,157431301199649,1788964237638574672,1788964237638724464,ok,
std_copy_fastcdr__cpp_to_py__100000B__10Hz__shmem_ds__best_effort,receive,sub,cpp_to_py,copy,std,fastcdr,shmem_ds,100000,10,0,measured,280,2026-09-09T14:30:37.739052Z,157431401235133,157431400819991,157431401235133,1788964237738634763,1788964237738777201,ok,
std_copy_fastcdr__cpp_to_py__100000B__10Hz__shmem_ds__best_effort,receive,sub,cpp_to_py,copy,std,fastcdr,shmem_ds,100000,10,0,measured,281,2026-09-09T14:30:37.839784Z,157431501966609,157431501551707,157431501966609,1788964237839367671,1788964237839510440,ok,
std_copy_fastcdr__cpp_to_py__100000B__10Hz__shmem_ds__best_effort,receive,sub,cpp_to_py,copy,std,fastcdr,shmem_ds,100000,10,0,measured,282,2026-09-09T14:30:37.940608Z,157431602791541,157431602389233,157431602791541,1788964237940203644,1788964237940343397,ok,
std_copy_fastcdr__cpp_to_py__100000B__10Hz__shmem_ds__best_effort,receive,sub,cpp_to_py,copy,std,fastcdr,shmem_ds,100000,10,0,measured,283,2026-09-09T14:30:38.039936Z,157431702119863,157431701694302,157431702119863,1788964238039509765,1788964238039652353,ok,
std_copy_fastcdr__cpp_to_py__100000B__10Hz__shmem_ds__best_effort,receive,sub,cpp_to_py,copy,std,fastcdr,shmem_ds,100000,10,0,measured,284,2026-09-09T14:30:38.140460Z,157431802645183,157431802252113,157431802645183,1788964238140067315,1788964238140205987,ok,
std_copy_fastcdr__cpp_to_py__100000B__10Hz__shmem_ds__best_effort,receive,sub,cpp_to_py,copy,std,fastcdr,shmem_ds,100000,10,0,measured,285,2026-09-09T14:30:38.241362Z,157431903545530,157431903141037,157431903545530,1788964238240955839,1788964238241103538,ok,
std_copy_fastcdr__cpp_to_py__100000B__10Hz__shmem_ds__best_effort,receive,sub,cpp_to_py,copy,std,fastcdr,shmem_ds,100000,10,0,measured,286,2026-09-09T14:30:38.341484Z,157432003667329,157432003212973,157432003667329,1788964238341032814,1788964238341184951,ok,
std_copy_fastcdr__cpp_to_py__100000B__10Hz__shmem_ds__best_effort,receive,sub,cpp_to_py,copy,std,fastcdr,shmem_ds,100000,10,0,measured,287,2026-09-09T14:30:38.441887Z,157432104070929,157432103651278,157432104070929,1788964238441466892,1788964238441610653,ok,
std_copy_fastcdr__cpp_to_py__100000B__10Hz__shmem_ds__best_effort,receive,sub,cpp_to_py,copy,std,fastcdr,shmem_ds,100000,10,0,measured,288,2026-09-09T14:30:38.541440Z,157432203614248,157432202955838,157432203614248,1788964238540781510,1788964238541007285,ok,
std_copy_fastcdr__cpp_to_py__100000B__10Hz__shmem_ds__best_effort,receive,sub,cpp_to_py,copy,std,fastcdr,shmem_ds,100000,10,0,measured,289,2026-09-09T14:30:38.642163Z,157432304346538,157432303913041,157432304346538,1788964238641728584,1788964238641883436,ok,
std_copy_fastcdr__cpp_to_py__100000B__10Hz__shmem_ds__best_effort,receive,sub,cpp_to_py,copy,std,fastcdr,shmem_ds,100000,10,0,measured,290,2026-09-09T14:30:38.741344Z,157432403528206,157432403127250,157432403528206,1788964238740942032,1788964238741086284,ok,
std_copy_fastcdr__cpp_to_py__100000B__10Hz__shmem_ds__best_effort,receive,sub,cpp_to_py,copy,std,fastcdr,shmem_ds,100000,10,0,measured,291,2026-09-09T14:30:38.840669Z,157432502851490,157432502429515,157432502851490,1788964238840245479,1788964238840391504,ok,
std_copy_fastcdr__cpp_to_py__100000B__10Hz__shmem_ds__best_effort,receive,sub,cpp_to_py,copy,std,fastcdr,shmem_ds,100000,10,0,measured,292,2026-09-09T14:30:38.941526Z,157432603699848,157432603089859,157432603699848,1788964238940915351,1788964238941128503,ok,
std_copy_fastcdr__cpp_to_py__100000B__10Hz__shmem_ds__best_effort,receive,sub,cpp_to_py,copy,std,fastcdr,shmem_ds,100000,10,0,measured,293,2026-09-09T14:30:39.041353Z,157432703529850,157432703014248,157432703529850,1788964239040833909,1788964239041035930,ok,
std_copy_fastcdr__cpp_to_py__100000B__10Hz__shmem_ds__best_effort,receive,sub,cpp_to_py,copy,std,fastcdr,shmem_ds,100000,10,0,measured,294,2026-09-09T14:30:39.141817Z,157432803987794,157432803418802,157432803987794,1788964239141243172,1788964239141444481,ok,
std_copy_fastcdr__cpp_to_py__100000B__10Hz__shmem_ds__best_effort,receive,sub,cpp_to_py,copy,std,fastcdr,shmem_ds,100000,10,0,measured,295,2026-09-09T14:30:39.242561Z,157432904743901,157432904353305,157432904743901,1788964239242169078,1788964239242322047,ok,
std_copy_fastcdr__cpp_to_py__100000B__10Hz__shmem_ds__best_effort,receive,sub,cpp_to_py,copy,std,fastcdr,shmem_ds,100000,10,0,measured,296,2026-09-09T14:30:39.342515Z,157433004700010,157433004283095,157433004700010,1788964239342098097,1788964239342251817,ok,
std_copy_fastcdr__cpp_to_py__100000B__10Hz__shmem_ds__best_effort,receive,sub,cpp_to_py,copy,std,fastcdr,shmem_ds,100000,10,0,measured,297,2026-09-09T14:30:39.441573Z,157433103756354,157433103345179,157433103756354,1788964239441160993,1788964239441305525,ok,
std_copy_fastcdr__cpp_to_py__100000B__10Hz__shmem_ds__best_effort,receive,sub,cpp_to_py,copy,std,fastcdr,shmem_ds,100000,10,0,measured,298,2026-09-09T14:30:39.542539Z,157433204722767,157433204252491,157433204722767,1788964239542069988,1788964239542220612,ok,
std_copy_fastcdr__cpp_to_py__100000B__10Hz__shmem_ds__best_effort,receive,sub,cpp_to_py,copy,std,fastcdr,shmem_ds,100000,10,0,measured,299,2026-09-09T14:30:39.642796Z,157433304978822,157433304577376,157433304978822,1788964239642393139,1788964239642542150,ok,
std_copy_fastcdr__cpp_to_py__100000B__10Hz__shmem_ds__best_effort,receive,sub,cpp_to_py,copy,std,fastcdr,shmem_ds,100000,10,0,measured,300,2026-09-09T14:30:39.742795Z,157433404977852,157433404490835,157433404977852,1788964239742307480,1788964239742451912,ok,
std_copy_fastcdr__cpp_to_py__1000000B__10Hz__shmem_ds__best_effort,publish,pub,cpp_to_py,copy,std,fastcdr,shmem_ds,1000000,10,1,measured,0,2026-09-09T14:30:44.674489Z,157438335596515,157438335596515,-1,-1,-1,ok,
std_copy_fastcdr__cpp_to_py__1000000B__10Hz__shmem_ds__best_effort,publish,pub,cpp_to_py,copy,std,fastcdr,shmem_ds,1000000,10,1,measured,1,2026-09-09T14:30:44.774700Z,157438436171483,157438436171483,-1,-1,-1,ok,
std_copy_fastcdr__cpp_to_py__1000000B__10Hz__shmem_ds__best_effort,publish,pub,cpp_to_py,copy,std,fastcdr,shmem_ds,1000000,10,1,measured,2,2026-09-09T14:30:44.874957Z,157438536450943,157438536450943,-1,-1,-1,ok,
std_copy_fastcdr__cpp_to_py__1000000B__10Hz__shmem_ds__best_effort,publish,pub,cpp_to_py,copy,std,fastcdr,shmem_ds,1000000,10,1,measured,3,2026-09-09T14:30:44.975477Z,157438636956830,157438636956830,-1,-1,-1,ok,
std_copy_fastcdr__cpp_to_py__1000000B__10Hz__shmem_ds__best_effort,publish,pub,cpp_to_py,copy,std,fastcdr,shmem_ds,1000000,10,1,measured,4,2026-09-09T14:30:45.074418Z,157438736224566,157438736224566,-1,-1,-1,ok,
std_copy_fastcdr__cpp_to_py__1000000B__10Hz__shmem_ds__best_effort,publish,pub,cpp_to_py,copy,std,fastcdr,shmem_ds,1000000,10,1,measured,5,2026-09-09T14:30:45.175557Z,157438837037283,157438837037283,-1,-1,-1,ok,
std_copy_fastcdr__cpp_to_py__1000000B__10Hz__shmem_ds__best_effort,publish,pub,cpp_to_py,copy,std,fastcdr,shmem_ds,1000000,10,1,measured,6,2026-09-09T14:30:45.274784Z,157438936229517,157438936229517,-1,-1,-1,ok,
std_copy_fastcdr__cpp_to_py__1000000B__10Hz__shmem_ds__best_effort,publish,pub,cpp_to_py,copy,std,fastcdr,shmem_ds,1000000,10,1,measured,7,2026-09-09T14:30:45.374974Z,157439036372743,157439036372743,-1,-1,-1,ok,
std_copy_fastcdr__cpp_to_py__1000000B__10Hz__shmem_ds__best_effort,publish,pub,cpp_to_py,copy,std,fastcdr,shmem_ds,1000000,10,1,measured,8,2026-09-09T14:30:45.474641Z,157439136117539,157439136117539,-1,-1,-1,ok,
std_copy_fastcdr__cpp_to_py__1000000B__10Hz__shmem_ds__best_effort,publish,pub,cpp_to_py,copy,std,fastcdr,shmem_ds,1000000,10,1,measured,9,2026-09-09T14:30:45.573876Z,157439235663048,157439235663048,-1,-1,-1,ok,
std_copy_fastcdr__cpp_to_py__1000000B__10Hz__shmem_ds__best_effort,publish,pub,cpp_to_py,copy,std,fastcdr,shmem_ds,1000000,10,1,measured,10,2026-09-09T14:30:45.673650Z,157439335443640,157439335443640,-1,-1,-1,ok,
std_copy_fastcdr__cpp_to_py__1000000B__10Hz__shmem_ds__best_effort,publish,pub,cpp_to_py,copy,std,fastcdr,shmem_ds,1000000,10,1,measured,11,2026-09-09T14:30:45.772710Z,157439434468940,157439434468940,-1,-1,-1,ok,
std_copy_fastcdr__cpp_to_py__1000000B__10Hz__shmem_ds__best_effort,publish,pub,cpp_to_py,copy,std,fastcdr,shmem_ds,1000000,10,1,measured,12,2026-09-09T14:30:45.872779Z,157439534516175,157439534516175,-1,-1,-1,ok,
std_copy_fastcdr__cpp_to_py__1000000B__10Hz__shmem_ds__best_effort,publish,pub,cpp_to_py,copy,std,fastcdr,shmem_ds,1000000,10,1,measured,13,2026-09-09T14:30:45.973101Z,157439634884855,157439634884855,-1,-1,-1,ok,
std_copy_fastcdr__cpp_to_py__1000000B__10Hz__shmem_ds__best_effort,publish,pub,cpp_to_py,copy,std,fastcdr,shmem_ds,1000000,10,1,measured,14,2026-09-09T14:30:46.073399Z,157439735161485,157439735161485,-1,-1,-1,ok,
std_copy_fastcdr__cpp_to_py__1000000B__10Hz__shmem_ds__best_effort,publish,pub,cpp_to_py,copy,std,fastcdr,shmem_ds,1000000,10,1,measured,15,2026-09-09T14:30:46.174340Z,157439835817329,157439835817329,-1,-1,-1,ok,
std_copy_fastcdr__cpp_to_py__1000000B__10Hz__shmem_ds__best_effort,publish,pub,cpp_to_py,copy,std,fastcdr,shmem_ds,1000000,10,1,measured,16,2026-09-09T14:30:46.275239Z,157439936711382,157439936711382,-1,-1,-1,ok,
std_copy_fastcdr__cpp_to_py__1000000B__10Hz__shmem_ds__best_effort,publish,pub,cpp_to_py,copy,std,fastcdr,shmem_ds,1000000,10,1,measured,17,2026-09-09T14:30:46.375838Z,157440037215711,157440037215711,-1,-1,-1,ok,
std_copy_fastcdr__cpp_to_py__1000000B__10Hz__shmem_ds__best_effort,publish,pub,cpp_to_py,copy,std,fastcdr,shmem_ds,1000000,10,1,measured,18,2026-09-09T14:30:46.475641Z,157440137114499,157440137114499,-1,-1,-1,ok,
std_copy_fastcdr__cpp_to_py__1000000B__10Hz__shmem_ds__best_effort,publish,pub,cpp_to_py,copy,std,fastcdr,shmem_ds,1000000,10,1,measured,19,2026-09-09T14:30:46.574718Z,157440236203220,157440236203220,-1,-1,-1,ok,
std_copy_fastcdr__cpp_to_py__1000000B__10Hz__shmem_ds__best_effort,publish,pub,cpp_to_py,copy,std,fastcdr,shmem_ds,1000000,10,1,measured,20,2026-09-09T14:30:46.673778Z,157440335333760,157440335333760,-1,-1,-1,ok,
std_copy_fastcdr__cpp_to_py__1000000B__10Hz__shmem_ds__best_effort,publish,pub,cpp_to_py,copy,std,fastcdr,shmem_ds,1000000,10,1,measured,21,2026-09-09T14:30:46.774378Z,157440435833881,157440435833881,-1,-1,-1,ok,
std_copy_fastcdr__cpp_to_py__1000000B__10Hz__shmem_ds__best_effort,publish,pub,cpp_to_py,copy,std,fastcdr,shmem_ds,1000000,10,1,measured,22,2026-09-09T14:30:46.873732Z,157440535133609,157440535133609,-1,-1,-1,ok,
std_copy_fastcdr__cpp_to_py__1000000B__10Hz__shmem_ds__best_effort,publish,pub,cpp_to_py,copy,std,fastcdr,shmem_ds,1000000,10,1,measured,23,2026-09-09T14:30:46.973208Z,157440634981341,157440634981341,-1,-1,-1,ok,
std_copy_fastcdr__cpp_to_py__1000000B__10Hz__shmem_ds__best_effort,publish,pub,cpp_to_py,copy,std,fastcdr,shmem_ds,1000000,10,1,measured,24,2026-09-09T14:30:47.072364Z,157440734178177,157440734178177,-1,-1,-1,ok,
std_copy_fastcdr__cpp_to_py__1000000B__10Hz__shmem_ds__best_effort,publish,pub,cpp_to_py,copy,std,fastcdr,shmem_ds,1000000,10,1,measured,25,2026-09-09T14:30:47.171669Z,157440833467128,157440833467128,-1,-1,-1,ok,
std_copy_fastcdr__cpp_to_py__1000000B__10Hz__shmem_ds__best_effort,publish,pub,cpp_to_py,copy,std,fastcdr,shmem_ds,1000000,10,1,measured,26,2026-09-09T14:30:47.270950Z,157440932657563,157440932657563,-1,-1,-1,ok,
std_copy_fastcdr__cpp_to_py__1000000B__10Hz__shmem_ds__best_effort,publish,pub,cpp_to_py,copy,std,fastcdr,shmem_ds,1000000,10,1,measured,27,2026-09-09T14:30:47.371176Z,157441032715152,157441032715152,-1,-1,-1,ok,
std_copy_fastcdr__cpp_to_py__1000000B__10Hz__shmem_ds__best_effort,publish,pub,cpp_to_py,copy,std,fastcdr,shmem_ds,1000000,10,1,measured,28,2026-09-09T14:30:47.470792Z,157441132608522,157441132608522,-1,-1,-1,ok,
std_copy_fastcdr__cpp_to_py__1000000B__10Hz__shmem_ds__best_effort,publish,pub,cpp_to_py,copy,std,fastcdr,shmem_ds,1000000,10,1,measured,29,2026-09-09T14:30:47.571354Z,157441233153399,157441233153399,-1,-1,-1,ok,
std_copy_fastcdr__cpp_to_py__1000000B__10Hz__shmem_ds__best_effort,publish,pub,cpp_to_py,copy,std,fastcdr,shmem_ds,1000000,10,1,measured,30,2026-09-09T14:30:47.670599Z,157441332400972,157441332400972,-1,-1,-1,ok,
std_copy_fastcdr__cpp_to_py__1000000B__10Hz__shmem_ds__best_effort,publish,pub,cpp_to_py,copy,std,fastcdr,shmem_ds,1000000,10,1,measured,31,2026-09-09T14:30:47.771445Z,157441432897048,157441432897048,-1,-1,-1,ok,
std_copy_fastcdr__cpp_to_py__1000000B__10Hz__shmem_ds__best_effort,publish,pub,cpp_to_py,copy,std,fastcdr,shmem_ds,1000000,10,1,measured,32,2026-09-09T14:30:47.871128Z,157441532543823,157441532543823,-1,-1,-1,ok,
std_copy_fastcdr__cpp_to_py__1000000B__10Hz__shmem_ds__best_effort,publish,pub,cpp_to_py,copy,std,fastcdr,shmem_ds,1000000,10,1,measured,33,2026-09-09T14:30:47.971597Z,157441633046461,157441633046461,-1,-1,-1,ok,
std_copy_fastcdr__cpp_to_py__1000000B__10Hz__shmem_ds__best_effort,publish,pub,cpp_to_py,copy,std,fastcdr,shmem_ds,1000000,10,1,measured,34,2026-09-09T14:30:48.072192Z,157441733653918,157441733653918,-1,-1,-1,ok,
std_copy_fastcdr__cpp_to_py__1000000B__10Hz__shmem_ds__best_effort,publish,pub,cpp_to_py,copy,std,fastcdr,shmem_ds,1000000,10,1,measured,35,2026-09-09T14:30:48.170946Z,157441832736692,157441832736692,-1,-1,-1,ok,
std_copy_fastcdr__cpp_to_py__1000000B__10Hz__shmem_ds__best_effort,publish,pub,cpp_to_py,copy,std,fastcdr,shmem_ds,1000000,10,1,measured,36,2026-09-09T14:30:48.271782Z,157441933587379,157441933587379,-1,-1,-1,ok,
std_copy_fastcdr__cpp_to_py__1000000B__10Hz__shmem_ds__best_effort,publish,pub,cpp_to_py,copy,std,fastcdr,shmem_ds,1000000,10,1,measured,37,2026-09-09T14:30:48.372650Z,157442034083286,157442034083286,-1,-1,-1,ok,
std_copy_fastcdr__cpp_to_py__1000000B__10Hz__shmem_ds__best_effort,publish,pub,cpp_to_py,copy,std,fastcdr,shmem_ds,1000000,10,1,measured,38,2026-09-09T14:30:48.472341Z,157442133909182,157442133909182,-1,-1,-1,ok,
std_copy_fastcdr__cpp_to_py__1000000B__10Hz__shmem_ds__best_effort,publish,pub,cpp_to_py,copy,std,fastcdr,shmem_ds,1000000,10,1,measured,39,2026-09-09T14:30:48.572104Z,157442233511154,157442233511154,-1,-1,-1,ok,
std_copy_fastcdr__cpp_to_py__1000000B__10Hz__shmem_ds__best_effort,publish,pub,cpp_to_py,copy,std,fastcdr,shmem_ds,1000000,10,1,measured,40,2026-09-09T14:30:48.670948Z,157442332543112,157442332543112,-1,-1,-1,ok,
std_copy_fastcdr__cpp_to_py__1000000B__10Hz__shmem_ds__best_effort,publish,pub,cpp_to_py,copy,std,fastcdr,shmem_ds,1000000,10,1,measured,41,2026-09-09T14:30:48.771377Z,157442432940915,157442432940915,-1,-1,-1,ok,
std_copy_fastcdr__cpp_to_py__1000000B__10Hz__shmem_ds__best_effort,publish,pub,cpp_to_py,copy,std,fastcdr,shmem_ds,1000000,10,1,measured,42,2026-09-09T14:30:48.871778Z,157442532865597,157442532865597,-1,-1,-1,ok,
std_copy_fastcdr__cpp_to_py__1000000B__10Hz__shmem_ds__best_effort,publish,pub,cpp_to_py,copy,std,fastcdr,shmem_ds,1000000,10,1,measured,43,2026-09-09T14:30:48.971829Z,157442632939549,157442632939549,-1,-1,-1,ok,
std_copy_fastcdr__cpp_to_py__1000000B__10Hz__shmem_ds__best_effort,publish,pub,cpp_to_py,copy,std,fastcdr,shmem_ds,1000000,10,1,measured,44,2026-09-09T14:30:49.071123Z,157442732912633,157442732912633,-1,-1,-1,ok,
std_copy_fastcdr__cpp_to_py__1000000B__10Hz__shmem_ds__best_effort,publish,pub,cpp_to_py,copy,std,fastcdr,shmem_ds,1000000,10,1,measured,45,2026-09-09T14:30:49.170549Z,157442832347523,157442832347523,-1,-1,-1,ok,
std_copy_fastcdr__cpp_to_py__1000000B__10Hz__shmem_ds__best_effort,publish,pub,cpp_to_py,copy,std,fastcdr,shmem_ds,1000000,10,1,measured,46,2026-09-09T14:30:49.271087Z,157442932551994,157442932551994,-1,-1,-1,ok,
std_copy_fastcdr__cpp_to_py__1000000B__10Hz__shmem_ds__best_effort,publish,pub,cpp_to_py,copy,std,fastcdr,shmem_ds,1000000,10,1,measured,47,2026-09-09T14:30:49.370735Z,157443032531561,157443032531561,-1,-1,-1,ok,
std_copy_fastcdr__cpp_to_py__1000000B__10Hz__shmem_ds__best_effort,publish,pub,cpp_to_py,copy,std,fastcdr,shmem_ds,1000000,10,1,measured,48,2026-09-09T14:30:49.470817Z,157443132300280,157443132300280,-1,-1,-1,ok,
std_copy_fastcdr__cpp_to_py__1000000B__10Hz__shmem_ds__best_effort,publish,pub,cpp_to_py,copy,std,fastcdr,shmem_ds,1000000,10,1,measured,49,2026-09-09T14:30:49.571125Z,157443232638332,157443232638332,-1,-1,-1,ok,
std_copy_fastcdr__cpp_to_py__1000000B__10Hz__shmem_ds__best_effort,publish,pub,cpp_to_py,copy,std,fastcdr,shmem_ds,1000000,10,1,measured,50,2026-09-09T14:30:49.670653Z,157443332468177,157443332468177,-1,-1,-1,ok,
std_copy_fastcdr__cpp_to_py__1000000B__10Hz__shmem_ds__best_effort,publish,pub,cpp_to_py,copy,std,fastcdr,shmem_ds,1000000,10,1,measured,51,2026-09-09T14:30:49.770927Z,157443432346323,157443432346323,-1,-1,-1,ok,
std_copy_fastcdr__cpp_to_py__1000000B__10Hz__shmem_ds__best_effort,publish,pub,cpp_to_py,copy,std,fastcdr,shmem_ds,1000000,10,1,measured,52,2026-09-09T14:30:49.870056Z,157443531528447,157443531528447,-1,-1,-1,ok,
std_copy_fastcdr__cpp_to_py__1000000B__10Hz__shmem_ds__best_effort,publish,pub,cpp_to_py,copy,std,fastcdr,shmem_ds,1000000,10,1,measured,53,2026-09-09T14:30:49.968935Z,157443630672379,157443630672379,-1,-1,-1,ok,
std_copy_fastcdr__cpp_to_py__1000000B__10Hz__shmem_ds__best_effort,publish,pub,cpp_to_py,copy,std,fastcdr,shmem_ds,1000000,10,1,measured,54,2026-09-09T14:30:50.069522Z,157443731313614,157443731313614,-1,-1,-1,ok,
std_copy_fastcdr__cpp_to_py__1000000B__10Hz__shmem_ds__best_effort,publish,pub,cpp_to_py,copy,std,fastcdr,shmem_ds,1000000,10,1,measured,55,2026-09-09T14:30:50.169493Z,157443831270150,157443831270150,-1,-1,-1,ok,
std_copy_fastcdr__cpp_to_py__1000000B__10Hz__shmem_ds__best_effort,publish,pub,cpp_to_py,copy,std,fastcdr,shmem_ds,1000000,10,1,measured,56,2026-09-09T14:30:50.269354Z,157443931160981,157443931160981,-1,-1,-1,ok,
std_copy_fastcdr__cpp_to_py__1000000B__10Hz__shmem_ds__best_effort,publish,pub,cpp_to_py,copy,std,fastcdr,shmem_ds,1000000,10,1,measured,57,2026-09-09T14:30:50.370345Z,157444032148680,157444032148680,-1,-1,-1,ok,
std_copy_fastcdr__cpp_to_py__1000000B__10Hz__shmem_ds__best_effort,publish,pub,cpp_to_py,copy,std,fastcdr,shmem_ds,1000000,10,1,measured,58,2026-09-09T14:30:50.470853Z,157444132339668,157444132339668,-1,-1,-1,ok,
std_copy_fastcdr__cpp_to_py__1000000B__10Hz__shmem_ds__best_effort,publish,pub,cpp_to_py,copy,std,fastcdr,shmem_ds,1000000,10,1,measured,59,2026-09-09T14:30:50.570769Z,157444232575079,157444232575079,-1,-1,-1,ok,
std_copy_fastcdr__cpp_to_py__1000000B__10Hz__shmem_ds__best_effort,publish,pub,cpp_to_py,copy,std,fastcdr,shmem_ds,1000000,10,1,measured,60,2026-09-09T14:30:50.671167Z,157444332726782,157444332726782,-1,-1,-1,ok,
std_copy_fastcdr__cpp_to_py__1000000B__10Hz__shmem_ds__best_effort,publish,pub,cpp_to_py,copy,std,fastcdr,shmem_ds,1000000,10,1,measured,61,2026-09-09T14:30:50.772341Z,157444433455953,157444433455953,-1,-1,-1,ok,
std_copy_fastcdr__cpp_to_py__1000000B__10Hz__shmem_ds__best_effort,publish,pub,cpp_to_py,copy,std,fastcdr,shmem_ds,1000000,10,1,measured,62,2026-09-09T14:30:50.872128Z,157444533404174,157444533404174,-1,-1,-1,ok,
std_copy_fastcdr__cpp_to_py__1000000B__10Hz__shmem_ds__best_effort,publish,pub,cpp_to_py,copy,std,fastcdr,shmem_ds,1000000,10,1,measured,63,2026-09-09T14:30:50.972869Z,157444634053104,157444634053104,-1,-1,-1,ok,
std_copy_fastcdr__cpp_to_py__1000000B__10Hz__shmem_ds__best_effort,publish,pub,cpp_to_py,copy,std,fastcdr,shmem_ds,1000000,10,1,measured,64,2026-09-09T14:30:51.072583Z,157444734037234,157444734037234,-1,-1,-1,ok,
std_copy_fastcdr__cpp_to_py__1000000B__10Hz__shmem_ds__best_effort,publish,pub,cpp_to_py,copy,std,fastcdr,shmem_ds,1000000,10,1,measured,65,2026-09-09T14:30:51.172451Z,157444833926074,157444833926074,-1,-1,-1,ok,
std_copy_fastcdr__cpp_to_py__1000000B__10Hz__shmem_ds__best_effort,publish,pub,cpp_to_py,copy,std,fastcdr,shmem_ds,1000000,10,1,measured,66,2026-09-09T14:30:51.271835Z,157444933546469,157444933546469,-1,-1,-1,ok,
std_copy_fastcdr__cpp_to_py__1000000B__10Hz__shmem_ds__best_effort,publish,pub,cpp_to_py,copy,std,fastcdr,shmem_ds,1000000,10,1,measured,67,2026-09-09T14:30:51.371672Z,157445033143709,157445033143709,-1,-1,-1,ok,
std_copy_fastcdr__cpp_to_py__1000000B__10Hz__shmem_ds__best_effort,publish,pub,cpp_to_py,copy,std,fastcdr,shmem_ds,1000000,10,1,measured,68,2026-09-09T14:30:51.471642Z,157445133192139,157445133192139,-1,-1,-1,ok,
std_copy_fastcdr__cpp_to_py__1000000B__10Hz__shmem_ds__best_effort,publish,pub,cpp_to_py,copy,std,fastcdr,shmem_ds,1000000,10,1,measured,69,2026-09-09T14:30:51.571460Z,157445232918043,157445232918043,-1,-1,-1,ok,
std_copy_fastcdr__cpp_to_py__1000000B__10Hz__shmem_ds__best_effort,publish,pub,cpp_to_py,copy,std,fastcdr,shmem_ds,1000000,10,1,measured,70,2026-09-09T14:30:51.671989Z,157445333440998,157445333440998,-1,-1,-1,ok,
std_copy_fastcdr__cpp_to_py__1000000B__10Hz__shmem_ds__best_effort,publish,pub,cpp_to_py,copy,std,fastcdr,shmem_ds,1000000,10,1,measured,71,2026-09-09T14:30:51.771185Z,157445433013843,157445433013843,-1,-1,-1,ok,
std_copy_fastcdr__cpp_to_py__1000000B__10Hz__shmem_ds__best_effort,publish,pub,cpp_to_py,copy,std,fastcdr,shmem_ds,1000000,10,1,measured,72,2026-09-09T14:30:51.871837Z,157445533432302,157445533432302,-1,-1,-1,ok,
std_copy_fastcdr__cpp_to_py__1000000B__10Hz__shmem_ds__best_effort,publish,pub,cpp_to_py,copy,std,fastcdr,shmem_ds,1000000,10,1,measured,73,2026-09-09T14:30:51.972461Z,157445633889123,157445633889123,-1,-1,-1,ok,
std_copy_fastcdr__cpp_to_py__1000000B__10Hz__shmem_ds__best_effort,publish,pub,cpp_to_py,copy,std,fastcdr,shmem_ds,1000000,10,1,measured,74,2026-09-09T14:30:52.072748Z,157445734187027,157445734187027,-1,-1,-1,ok,
std_copy_fastcdr__cpp_to_py__1000000B__10Hz__shmem_ds__best_effort,publish,pub,cpp_to_py,copy,std,fastcdr,shmem_ds,1000000,10,1,measured,75,2026-09-09T14:30:52.173376Z,157445834820803,157445834820803,-1,-1,-1,ok,
std_copy_fastcdr__cpp_to_py__1000000B__10Hz__shmem_ds__best_effort,publish,pub,cpp_to_py,copy,std,fastcdr,shmem_ds,1000000,10,1,measured,76,2026-09-09T14:30:52.273958Z,157445935391802,157445935391802,-1,-1,-1,ok,
std_copy_fastcdr__cpp_to_py__1000000B__10Hz__shmem_ds__best_effort,publish,pub,cpp_to_py,copy,std,fastcdr,shmem_ds,1000000,10,1,measured,77,2026-09-09T14:30:52.374101Z,157446035694274,157446035694274,-1,-1,-1,ok,
std_copy_fastcdr__cpp_to_py__1000000B__10Hz__shmem_ds__best_effort,publish,pub,cpp_to_py,copy,std,fastcdr,shmem_ds,1000000,10,1,measured,78,2026-09-09T14:30:52.474542Z,157446136282544,157446136282544,-1,-1,-1,ok,
std_copy_fastcdr__cpp_to_py__1000000B__10Hz__shmem_ds__best_effort,publish,pub,cpp_to_py,copy,std,fastcdr,shmem_ds,1000000,10,1,measured,79,2026-09-09T14:30:52.574673Z,157446236088311,157446236088311,-1,-1,-1,ok,
std_copy_fastcdr__cpp_to_py__1000000B__10Hz__shmem_ds__best_effort,publish,pub,cpp_to_py,copy,std,fastcdr,shmem_ds,1000000,10,1,measured,80,2026-09-09T14:30:52.675479Z,157446336963693,157446336963693,-1,-1,-1,ok,
std_copy_fastcdr__cpp_to_py__1000000B__10Hz__shmem_ds__best_effort,publish,pub,cpp_to_py,copy,std,fastcdr,shmem_ds,1000000,10,1,measured,81,2026-09-09T14:30:52.775208Z,157446436660473,157446436660473,-1,-1,-1,ok,
std_copy_fastcdr__cpp_to_py__1000000B__10Hz__shmem_ds__best_effort,publish,pub,cpp_to_py,copy,std,fastcdr,shmem_ds,1000000,10,1,measured,82,2026-09-09T14:30:52.874814Z,157446536258197,157446536258197,-1,-1,-1,ok,
std_copy_fastcdr__cpp_to_py__1000000B__10Hz__shmem_ds__best_effort,publish,pub,cpp_to_py,copy,std,fastcdr,shmem_ds,1000000,10,1,measured,83,2026-09-09T14:30:52.975285Z,157446636735229,157446636735229,-1,-1,-1,ok,
std_copy_fastcdr__cpp_to_py__1000000B__10Hz__shmem_ds__best_effort,publish,pub,cpp_to_py,copy,std,fastcdr,shmem_ds,1000000,10,1,measured,84,2026-09-09T14:30:53.075436Z,157446736921824,157446736921824,-1,-1,-1,ok,
std_copy_fastcdr__cpp_to_py__1000000B__10Hz__shmem_ds__best_effort,publish,pub,cpp_to_py,copy,std,fastcdr,shmem_ds,1000000,10,1,measured,85,2026-09-09T14:30:53.175066Z,157446836624839,157446836624839,-1,-1,-1,ok,
std_copy_fastcdr__cpp_to_py__1000000B__10Hz__shmem_ds__best_effort,publish,pub,cpp_to_py,copy,std,fastcdr,shmem_ds,1000000,10,1,measured,86,2026-09-09T14:30:53.274478Z,157446935904876,157446935904876,-1,-1,-1,ok,
std_copy_fastcdr__cpp_to_py__1000000B__10Hz__shmem_ds__best_effort,publish,pub,cpp_to_py,copy,std,fastcdr,shmem_ds,1000000,10,1,measured,87,2026-09-09T14:30:53.374457Z,157447036149292,157447036149292,-1,-1,-1,ok,
std_copy_fastcdr__cpp_to_py__1000000B__10Hz__shmem_ds__best_effort,publish,pub,cpp_to_py,copy,std,fastcdr,shmem_ds,1000000,10,1,measured,88,2026-09-09T14:30:53.474634Z,157447136331491,157447136331491,-1,-1,-1,ok,
std_copy_fastcdr__cpp_to_py__1000000B__10Hz__shmem_ds__best_effort,publish,pub,cpp_to_py,copy,std,fastcdr,shmem_ds,1000000,10,1,measured,89,2026-09-09T14:30:53.574765Z,157447236383462,157447236383462,-1,-1,-1,ok,
std_copy_fastcdr__cpp_to_py__1000000B__10Hz__shmem_ds__best_effort,publish,pub,cpp_to_py,copy,std,fastcdr,shmem_ds,1000000,10,1,measured,90,2026-09-09T14:30:53.675132Z,157447336607238,157447336607238,-1,-1,-1,ok,
std_copy_fastcdr__cpp_to_py__1000000B__10Hz__shmem_ds__best_effort,publish,pub,cpp_to_py,copy,std,fastcdr,shmem_ds,1000000,10,1,measured,91,2026-09-09T14:30:53.773963Z,157447435717596,157447435717596,-1,-1,-1,ok,
std_copy_fastcdr__cpp_to_py__1000000B__10Hz__shmem_ds__best_effort,publish,pub,cpp_to_py,copy,std,fastcdr,shmem_ds,1000000,10,1,measured,92,2026-09-09T14:30:53.873679Z,157447535462991,157447535462991,-1,-1,-1,ok,
std_copy_fastcdr__cpp_to_py__1000000B__10Hz__shmem_ds__best_effort,publish,pub,cpp_to_py,copy,std,fastcdr,shmem_ds,1000000,10,1,measured,93,2026-09-09T14:30:53.974459Z,157447635926679,157447635926679,-1,-1,-1,ok,
std_copy_fastcdr__cpp_to_py__1000000B__10Hz__shmem_ds__best_effort,publish,pub,cpp_to_py,copy,std,fastcdr,shmem_ds,1000000,10,1,measured,94,2026-09-09T14:30:54.074709Z,157447736148694,157447736148694,-1,-1,-1,ok,
std_copy_fastcdr__cpp_to_py__1000000B__10Hz__shmem_ds__best_effort,publish,pub,cpp_to_py,copy,std,fastcdr,shmem_ds,1000000,10,1,measured,95,2026-09-09T14:30:54.174472Z,157447835942462,157447835942462,-1,-1,-1,ok,
std_copy_fastcdr__cpp_to_py__1000000B__10Hz__shmem_ds__best_effort,publish,pub,cpp_to_py,copy,std,fastcdr,shmem_ds,1000000,10,1,measured,96,2026-09-09T14:30:54.275341Z,157447936806337,157447936806337,-1,-1,-1,ok,
std_copy_fastcdr__cpp_to_py__1000000B__10Hz__shmem_ds__best_effort,publish,pub,cpp_to_py,copy,std,fastcdr,shmem_ds,1000000,10,1,measured,97,2026-09-09T14:30:54.375601Z,157448037284965,157448037284965,-1,-1,-1,ok,
std_copy_fastcdr__cpp_to_py__1000000B__10Hz__shmem_ds__best_effort,publish,pub,cpp_to_py,copy,std,fastcdr,shmem_ds,1000000,10,1,measured,98,2026-09-09T14:30:54.474988Z,157448136744022,157448136744022,-1,-1,-1,ok,
std_copy_fastcdr__cpp_to_py__1000000B__10Hz__shmem_ds__best_effort,publish,pub,cpp_to_py,copy,std,fastcdr,shmem_ds,1000000,10,1,measured,99,2026-09-09T14:30:54.575046Z,157448236805244,157448236805244,-1,-1,-1,ok,
std_copy_fastcdr__cpp_to_py__1000000B__10Hz__shmem_ds__best_effort,publish,pub,cpp_to_py,copy,std,fastcdr,shmem_ds,1000000,10,1,measured,100,2026-09-09T14:30:54.674266Z,157448336016505,157448336016505,-1,-1,-1,ok,
std_copy_fastcdr__cpp_to_py__1000000B__10Hz__shmem_ds__best_effort,publish,pub,cpp_to_py,copy,std,fastcdr,shmem_ds,1000000,10,1,measured,101,2026-09-09T14:30:54.775176Z,157448436629768,157448436629768,-1,-1,-1,ok,
std_copy_fastcdr__cpp_to_py__1000000B__10Hz__shmem_ds__best_effort,publish,pub,cpp_to_py,copy,std,fastcdr,shmem_ds,1000000,10,1,measured,102,2026-09-09T14:30:54.874603Z,157448536100246,157448536100246,-1,-1,-1,ok,
std_copy_fastcdr__cpp_to_py__1000000B__10Hz__shmem_ds__best_effort,publish,pub,cpp_to_py,copy,std,fastcdr,shmem_ds,1000000,10,1,measured,103,2026-09-09T14:30:54.973825Z,157448635286460,157448635286460,-1,-1,-1,ok,
std_copy_fastcdr__cpp_to_py__1000000B__10Hz__shmem_ds__best_effort,publish,pub,cpp_to_py,copy,std,fastcdr,shmem_ds,1000000,10,1,measured,104,2026-09-09T14:30:55.074372Z,157448736058322,157448736058322,-1,-1,-1,ok,
std_copy_fastcdr__cpp_to_py__1000000B__10Hz__shmem_ds__best_effort,publish,pub,cpp_to_py,copy,std,fastcdr,shmem_ds,1000000,10,1,measured,105,2026-09-09T14:30:55.174385Z,157448836019729,157448836019729,-1,-1,-1,ok,
std_copy_fastcdr__cpp_to_py__1000000B__10Hz__shmem_ds__best_effort,publish,pub,cpp_to_py,copy,std,fastcdr,shmem_ds,1000000,10,1,measured,106,2026-09-09T14:30:55.273691Z,157448935233115,157448935233115,-1,-1,-1,ok,
std_copy_fastcdr__cpp_to_py__1000000B__10Hz__shmem_ds__best_effort,publish,pub,cpp_to_py,copy,std,fastcdr,shmem_ds,1000000,10,1,measured,107,2026-09-09T14:30:55.374102Z,157449035620044,157449035620044,-1,-1,-1,ok,
std_copy_fastcdr__cpp_to_py__1000000B__10Hz__shmem_ds__best_effort,publish,pub,cpp_to_py,copy,std,fastcdr,shmem_ds,1000000,10,1,measured,108,2026-09-09T14:30:55.473089Z,157449134871992,157449134871992,-1,-1,-1,ok,
std_copy_fastcdr__cpp_to_py__1000000B__10Hz__shmem_ds__best_effort,publish,pub,cpp_to_py,copy,std,fastcdr,shmem_ds,1000000,10,1,measured,109,2026-09-09T14:30:55.573625Z,157449235313994,157449235313994,-1,-1,-1,ok,
std_copy_fastcdr__cpp_to_py__1000000B__10Hz__shmem_ds__best_effort,publish,pub,cpp_to_py,copy,std,fastcdr,shmem_ds,1000000,10,1,measured,110,2026-09-09T14:30:55.673652Z,157449335519821,157449335519821,-1,-1,-1,ok,
std_copy_fastcdr__cpp_to_py__1000000B__10Hz__shmem_ds__best_effort,publish,pub,cpp_to_py,copy,std,fastcdr,shmem_ds,1000000,10,1,measured,111,2026-09-09T14:30:55.773436Z,157449435233070,157449435233070,-1,-1,-1,ok,
std_copy_fastcdr__cpp_to_py__1000000B__10Hz__shmem_ds__best_effort,publish,pub,cpp_to_py,copy,std,fastcdr,shmem_ds,1000000,10,1,measured,112,2026-09-09T14:30:55.874363Z,157449535771925,157449535771925,-1,-1,-1,ok,
std_copy_fastcdr__cpp_to_py__1000000B__10Hz__shmem_ds__best_effort,publish,pub,cpp_to_py,copy,std,fastcdr,shmem_ds,1000000,10,1,measured,113,2026-09-09T14:30:55.975181Z,157449636630922,157449636630922,-1,-1,-1,ok,
std_copy_fastcdr__cpp_to_py__1000000B__10Hz__shmem_ds__best_effort,publish,pub,cpp_to_py,copy,std,fastcdr,shmem_ds,1000000,10,1,measured,114,2026-09-09T14:30:56.076175Z,157449737623163,157449737623163,-1,-1,-1,ok,
std_copy_fastcdr__cpp_to_py__1000000B__10Hz__shmem_ds__best_effort,publish,pub,cpp_to_py,copy,std,fastcdr,shmem_ds,1000000,10,1,measured,115,2026-09-09T14:30:56.175949Z,157449837406526,157449837406526,-1,-1,-1,ok,
std_copy_fastcdr__cpp_to_py__1000000B__10Hz__shmem_ds__best_effort,publish,pub,cpp_to_py,copy,std,fastcdr,shmem_ds,1000000,10,1,measured,116,2026-09-09T14:30:56.275335Z,157449937148240,157449937148240,-1,-1,-1,ok,
std_copy_fastcdr__cpp_to_py__1000000B__10Hz__shmem_ds__best_effort,publish,pub,cpp_to_py,copy,std,fastcdr,shmem_ds,1000000,10,1,measured,117,2026-09-09T14:30:56.376394Z,157450037815959,157450037815959,-1,-1,-1,ok,
std_copy_fastcdr__cpp_to_py__1000000B__10Hz__shmem_ds__best_effort,publish,pub,cpp_to_py,copy,std,fastcdr,shmem_ds,1000000,10,1,measured,118,2026-09-09T14:30:56.476940Z,157450138344527,157450138344527,-1,-1,-1,ok,
std_copy_fastcdr__cpp_to_py__1000000B__10Hz__shmem_ds__best_effort,publish,pub,cpp_to_py,copy,std,fastcdr,shmem_ds,1000000,10,1,measured,119,2026-09-09T14:30:56.576857Z,157450238656256,157450238656256,-1,-1,-1,ok,
std_copy_fastcdr__cpp_to_py__1000000B__10Hz__shmem_ds__best_effort,publish,pub,cpp_to_py,copy,std,fastcdr,shmem_ds,1000000,10,1,measured,120,2026-09-09T14:30:56.677965Z,157450339425216,157450339425216,-1,-1,-1,ok,
std_copy_fastcdr__cpp_to_py__1000000B__10Hz__shmem_ds__best_effort,publish,pub,cpp_to_py,copy,std,fastcdr,shmem_ds,1000000,10,1,measured,121,2026-09-09T14:30:56.776821Z,157450438554977,157450438554977,-1,-1,-1,ok,
std_copy_fastcdr__cpp_to_py__1000000B__10Hz__shmem_ds__best_effort,publish,pub,cpp_to_py,copy,std,fastcdr,shmem_ds,1000000,10,1,measured,122,2026-09-09T14:30:56.876830Z,157450538208987,157450538208987,-1,-1,-1,ok,
std_copy_fastcdr__cpp_to_py__1000000B__10Hz__shmem_ds__best_effort,publish,pub,cpp_to_py,copy,std,fastcdr,shmem_ds,1000000,10,1,measured,123,2026-09-09T14:30:56.976353Z,157450637797352,157450637797352,-1,-1,-1,ok,
std_copy_fastcdr__cpp_to_py__1000000B__10Hz__shmem_ds__best_effort,publish,pub,cpp_to_py,copy,std,fastcdr,shmem_ds,1000000,10,1,measured,124,2026-09-09T14:30:57.075837Z,157450737621042,157450737621042,-1,-1,-1,ok,
std_copy_fastcdr__cpp_to_py__1000000B__10Hz__shmem_ds__best_effort,publish,pub,cpp_to_py,copy,std,fastcdr,shmem_ds,1000000,10,1,measured,125,2026-09-09T14:30:57.175150Z,157450836946244,157450836946244,-1,-1,-1,ok,
std_copy_fastcdr__cpp_to_py__1000000B__10Hz__shmem_ds__best_effort,publish,pub,cpp_to_py,copy,std,fastcdr,shmem_ds,1000000,10,1,measured,126,2026-09-09T14:30:57.276016Z,157450937650134,157450937650134,-1,-1,-1,ok,
std_copy_fastcdr__cpp_to_py__1000000B__10Hz__shmem_ds__best_effort,publish,pub,cpp_to_py,copy,std,fastcdr,shmem_ds,1000000,10,1,measured,127,2026-09-09T14:30:57.376144Z,157451037625612,157451037625612,-1,-1,-1,ok,
std_copy_fastcdr__cpp_to_py__1000000B__10Hz__shmem_ds__best_effort,publish,pub,cpp_to_py,copy,std,fastcdr,shmem_ds,1000000,10,1,measured,128,2026-09-09T14:30:57.475582Z,157451137199602,157451137199602,-1,-1,-1,ok,
std_copy_fastcdr__cpp_to_py__1000000B__10Hz__shmem_ds__best_effort,publish,pub,cpp_to_py,copy,std,fastcdr,shmem_ds,1000000,10,1,measured,129,2026-09-09T14:30:57.576426Z,157451237842378,157451237842378,-1,-1,-1,ok,
std_copy_fastcdr__cpp_to_py__1000000B__10Hz__shmem_ds__best_effort,publish,pub,cpp_to_py,copy,std,fastcdr,shmem_ds,1000000,10,1,measured,130,2026-09-09T14:30:57.676045Z,157451337696756,157451337696756,-1,-1,-1,ok,
std_copy_fastcdr__cpp_to_py__1000000B__10Hz__shmem_ds__best_effort,publish,pub,cpp_to_py,copy,std,fastcdr,shmem_ds,1000000,10,1,measured,131,2026-09-09T14:30:57.775118Z,157451436860303,157451436860303,-1,-1,-1,ok,
std_copy_fastcdr__cpp_to_py__1000000B__10Hz__shmem_ds__best_effort,publish,pub,cpp_to_py,copy,std,fastcdr,shmem_ds,1000000,10,1,measured,132,2026-09-09T14:30:57.875900Z,157451537606944,157451537606944,-1,-1,-1,ok,
std_copy_fastcdr__cpp_to_py__1000000B__10Hz__shmem_ds__best_effort,publish,pub,cpp_to_py,copy,std,fastcdr,shmem_ds,1000000,10,1,measured,133,2026-09-09T14:30:57.976685Z,157451638195416,157451638195416,-1,-1,-1,ok,
std_copy_fastcdr__cpp_to_py__1000000B__10Hz__shmem_ds__best_effort,publish,pub,cpp_to_py,copy,std,fastcdr,shmem_ds,1000000,10,1,measured,134,2026-09-09T14:30:58.077268Z,157451738993465,157451738993465,-1,-1,-1,ok,
std_copy_fastcdr__cpp_to_py__1000000B__10Hz__shmem_ds__best_effort,publish,pub,cpp_to_py,copy,std,fastcdr,shmem_ds,1000000,10,1,measured,135,2026-09-09T14:30:58.177911Z,157451839705182,157451839705182,-1,-1,-1,ok,
std_copy_fastcdr__cpp_to_py__1000000B__10Hz__shmem_ds__best_effort,publish,pub,cpp_to_py,copy,std,fastcdr,shmem_ds,1000000,10,1,measured,136,2026-09-09T14:30:58.277279Z,157451938770596,157451938770596,-1,-1,-1,ok,
std_copy_fastcdr__cpp_to_py__1000000B__10Hz__shmem_ds__best_effort,publish,pub,cpp_to_py,copy,std,fastcdr,shmem_ds,1000000,10,1,measured,137,2026-09-09T14:30:58.377758Z,157452039250536,157452039250536,-1,-1,-1,ok,
std_copy_fastcdr__cpp_to_py__1000000B__10Hz__shmem_ds__best_effort,publish,pub,cpp_to_py,copy,std,fastcdr,shmem_ds,1000000,10,1,measured,138,2026-09-09T14:30:58.477077Z,157452138392224,157452138392224,-1,-1,-1,ok,
std_copy_fastcdr__cpp_to_py__1000000B__10Hz__shmem_ds__best_effort,publish,pub,cpp_to_py,copy,std,fastcdr,shmem_ds,1000000,10,1,measured,139,2026-09-09T14:30:58.576029Z,157452237805524,157452237805524,-1,-1,-1,ok,
std_copy_fastcdr__cpp_to_py__1000000B__10Hz__shmem_ds__best_effort,publish,pub,cpp_to_py,copy,std,fastcdr,shmem_ds,1000000,10,1,measured,140,2026-09-09T14:30:58.676555Z,157452338063977,157452338063977,-1,-1,-1,ok,
std_copy_fastcdr__cpp_to_py__1000000B__10Hz__shmem_ds__best_effort,publish,pub,cpp_to_py,copy,std,fastcdr,shmem_ds,1000000,10,1,measured,141,2026-09-09T14:30:58.776160Z,157452437949397,157452437949397,-1,-1,-1,ok,
std_copy_fastcdr__cpp_to_py__1000000B__10Hz__shmem_ds__best_effort,publish,pub,cpp_to_py,copy,std,fastcdr,shmem_ds,1000000,10,1,measured,142,2026-09-09T14:30:58.876227Z,157452537623487,157452537623487,-1,-1,-1,ok,
std_copy_fastcdr__cpp_to_py__1000000B__10Hz__shmem_ds__best_effort,publish,pub,cpp_to_py,copy,std,fastcdr,shmem_ds,1000000,10,1,measured,143,2026-09-09T14:30:58.975901Z,157452637335531,157452637335531,-1,-1,-1,ok,
std_copy_fastcdr__cpp_to_py__1000000B__10Hz__shmem_ds__best_effort,publish,pub,cpp_to_py,copy,std,fastcdr,shmem_ds,1000000,10,1,measured,144,2026-09-09T14:30:59.076335Z,157452737740551,157452737740551,-1,-1,-1,ok,
std_copy_fastcdr__cpp_to_py__1000000B__10Hz__shmem_ds__best_effort,publish,pub,cpp_to_py,copy,std,fastcdr,shmem_ds,1000000,10,1,measured,145,2026-09-09T14:30:59.175974Z,157452837421709,157452837421709,-1,-1,-1,ok,
std_copy_fastcdr__cpp_to_py__1000000B__10Hz__shmem_ds__best_effort,publish,pub,cpp_to_py,copy,std,fastcdr,shmem_ds,1000000,10,1,measured,146,2026-09-09T14:30:59.276091Z,157452937898505,157452937898505,-1,-1,-1,ok,
std_copy_fastcdr__cpp_to_py__1000000B__10Hz__shmem_ds__best_effort,publish,pub,cpp_to_py,copy,std,fastcdr,shmem_ds,1000000,10,1,measured,147,2026-09-09T14:30:59.376177Z,157453037232758,157453037232758,-1,-1,-1,ok,
std_copy_fastcdr__cpp_to_py__1000000B__10Hz__shmem_ds__best_effort,publish,pub,cpp_to_py,copy,std,fastcdr,shmem_ds,1000000,10,1,measured,148,2026-09-09T14:30:59.476077Z,157453137540295,157453137540295,-1,-1,-1,ok,
std_copy_fastcdr__cpp_to_py__1000000B__10Hz__shmem_ds__best_effort,publish,pub,cpp_to_py,copy,std,fastcdr,shmem_ds,1000000,10,1,measured,149,2026-09-09T14:30:59.575319Z,157453236698117,157453236698117,-1,-1,-1,ok,
std_copy_fastcdr__cpp_to_py__1000000B__10Hz__shmem_ds__best_effort,publish,pub,cpp_to_py,copy,std,fastcdr,shmem_ds,1000000,10,1,measured,150,2026-09-09T14:30:59.675053Z,157453336498368,157453336498368,-1,-1,-1,ok,
std_copy_fastcdr__cpp_to_py__1000000B__10Hz__shmem_ds__best_effort,publish,pub,cpp_to_py,copy,std,fastcdr,shmem_ds,1000000,10,1,measured,151,2026-09-09T14:30:59.774624Z,157453436212978,157453436212978,-1,-1,-1,ok,
std_copy_fastcdr__cpp_to_py__1000000B__10Hz__shmem_ds__best_effort,publish,pub,cpp_to_py,copy,std,fastcdr,shmem_ds,1000000,10,1,measured,152,2026-09-09T14:30:59.875100Z,157453536252210,157453536252210,-1,-1,-1,ok,
std_copy_fastcdr__cpp_to_py__1000000B__10Hz__shmem_ds__best_effort,publish,pub,cpp_to_py,copy,std,fastcdr,shmem_ds,1000000,10,1,measured,153,2026-09-09T14:30:59.975155Z,157453636586578,157453636586578,-1,-1,-1,ok,
std_copy_fastcdr__cpp_to_py__1000000B__10Hz__shmem_ds__best_effort,publish,pub,cpp_to_py,copy,std,fastcdr,shmem_ds,1000000,10,1,measured,154,2026-09-09T14:31:00.075512Z,157453737035294,157453737035294,-1,-1,-1,ok,
std_copy_fastcdr__cpp_to_py__1000000B__10Hz__shmem_ds__best_effort,publish,pub,cpp_to_py,copy,std,fastcdr,shmem_ds,1000000,10,1,measured,155,2026-09-09T14:31:00.175571Z,157453837038059,157453837038059,-1,-1,-1,ok,
std_copy_fastcdr__cpp_to_py__1000000B__10Hz__shmem_ds__best_effort,publish,pub,cpp_to_py,copy,std,fastcdr,shmem_ds,1000000,10,1,measured,156,2026-09-09T14:31:00.276026Z,157453937081762,157453937081762,-1,-1,-1,ok,
std_copy_fastcdr__cpp_to_py__1000000B__10Hz__shmem_ds__best_effort,publish,pub,cpp_to_py,copy,std,fastcdr,shmem_ds,1000000,10,1,measured,157,2026-09-09T14:31:00.375075Z,157454036875163,157454036875163,-1,-1,-1,ok,
std_copy_fastcdr__cpp_to_py__1000000B__10Hz__shmem_ds__best_effort,publish,pub,cpp_to_py,copy,std,fastcdr,shmem_ds,1000000,10,1,measured,158,2026-09-09T14:31:00.475992Z,157454137462771,157454137462771,-1,-1,-1,ok,
std_copy_fastcdr__cpp_to_py__1000000B__10Hz__shmem_ds__best_effort,publish,pub,cpp_to_py,copy,std,fastcdr,shmem_ds,1000000,10,1,measured,159,2026-09-09T14:31:00.575435Z,157454236839887,157454236839887,-1,-1,-1,ok,
std_copy_fastcdr__cpp_to_py__1000000B__10Hz__shmem_ds__best_effort,publish,pub,cpp_to_py,copy,std,fastcdr,shmem_ds,1000000,10,1,measured,160,2026-09-09T14:31:00.675119Z,157454336540563,157454336540563,-1,-1,-1,ok,
std_copy_fastcdr__cpp_to_py__1000000B__10Hz__shmem_ds__best_effort,publish,pub,cpp_to_py,copy,std,fastcdr,shmem_ds,1000000,10,1,measured,161,2026-09-09T14:31:00.775291Z,157454436650431,157454436650431,-1,-1,-1,ok,
std_copy_fastcdr__cpp_to_py__1000000B__10Hz__shmem_ds__best_effort,publish,pub,cpp_to_py,copy,std,fastcdr,shmem_ds,1000000,10,1,measured,162,2026-09-09T14:31:00.874367Z,157454535811450,157454535811450,-1,-1,-1,ok,
std_copy_fastcdr__cpp_to_py__1000000B__10Hz__shmem_ds__best_effort,publish,pub,cpp_to_py,copy,std,fastcdr,shmem_ds,1000000,10,1,measured,163,2026-09-09T14:31:00.973446Z,157454635270901,157454635270901,-1,-1,-1,ok,
std_copy_fastcdr__cpp_to_py__1000000B__10Hz__shmem_ds__best_effort,publish,pub,cpp_to_py,copy,std,fastcdr,shmem_ds,1000000,10,1,measured,164,2026-09-09T14:31:01.073700Z,157454735135588,157454735135588,-1,-1,-1,ok,
std_copy_fastcdr__cpp_to_py__1000000B__10Hz__shmem_ds__best_effort,publish,pub,cpp_to_py,copy,std,fastcdr,shmem_ds,1000000,10,1,measured,165,2026-09-09T14:31:01.173986Z,157454835087801,157454835087801,-1,-1,-1,ok,
std_copy_fastcdr__cpp_to_py__1000000B__10Hz__shmem_ds__best_effort,publish,pub,cpp_to_py,copy,std,fastcdr,shmem_ds,1000000,10,1,measured,166,2026-09-09T14:31:01.273065Z,157454934523890,157454934523890,-1,-1,-1,ok,
std_copy_fastcdr__cpp_to_py__1000000B__10Hz__shmem_ds__best_effort,publish,pub,cpp_to_py,copy,std,fastcdr,shmem_ds,1000000,10,1,measured,167,2026-09-09T14:31:01.373334Z,157455034716756,157455034716756,-1,-1,-1,ok,
std_copy_fastcdr__cpp_to_py__1000000B__10Hz__shmem_ds__best_effort,publish,pub,cpp_to_py,copy,std,fastcdr,shmem_ds,1000000,10,1,measured,168,2026-09-09T14:31:01.474263Z,157455135703078,157455135703078,-1,-1,-1,ok,
std_copy_fastcdr__cpp_to_py__1000000B__10Hz__shmem_ds__best_effort,publish,pub,cpp_to_py,copy,std,fastcdr,shmem_ds,1000000,10,1,measured,169,2026-09-09T14:31:01.574702Z,157455236499832,157455236499832,-1,-1,-1,ok,
std_copy_fastcdr__cpp_to_py__1000000B__10Hz__shmem_ds__best_effort,publish,pub,cpp_to_py,copy,std,fastcdr,shmem_ds,1000000,10,1,measured,170,2026-09-09T14:31:01.674840Z,157455336266735,157455336266735,-1,-1,-1,ok,
std_copy_fastcdr__cpp_to_py__1000000B__10Hz__shmem_ds__best_effort,publish,pub,cpp_to_py,copy,std,fastcdr,shmem_ds,1000000,10,1,measured,171,2026-09-09T14:31:01.774667Z,157455436228124,157455436228124,-1,-1,-1,ok,
std_copy_fastcdr__cpp_to_py__1000000B__10Hz__shmem_ds__best_effort,publish,pub,cpp_to_py,copy,std,fastcdr,shmem_ds,1000000,10,1,measured,172,2026-09-09T14:31:01.874389Z,157455535811953,157455535811953,-1,-1,-1,ok,
std_copy_fastcdr__cpp_to_py__1000000B__10Hz__shmem_ds__best_effort,publish,pub,cpp_to_py,copy,std,fastcdr,shmem_ds,1000000,10,1,measured,173,2026-09-09T14:31:01.973922Z,157455635711236,157455635711236,-1,-1,-1,ok,
std_copy_fastcdr__cpp_to_py__1000000B__10Hz__shmem_ds__best_effort,publish,pub,cpp_to_py,copy,std,fastcdr,shmem_ds,1000000,10,1,measured,174,2026-09-09T14:31:02.074227Z,157455735338166,157455735338166,-1,-1,-1,ok,
std_copy_fastcdr__cpp_to_py__1000000B__10Hz__shmem_ds__best_effort,publish,pub,cpp_to_py,copy,std,fastcdr,shmem_ds,1000000,10,1,measured,175,2026-09-09T14:31:02.173482Z,157455834917158,157455834917158,-1,-1,-1,ok,
std_copy_fastcdr__cpp_to_py__1000000B__10Hz__shmem_ds__best_effort,publish,pub,cpp_to_py,copy,std,fastcdr,shmem_ds,1000000,10,1,measured,176,2026-09-09T14:31:02.273390Z,157455934818666,157455934818666,-1,-1,-1,ok,
std_copy_fastcdr__cpp_to_py__1000000B__10Hz__shmem_ds__best_effort,publish,pub,cpp_to_py,copy,std,fastcdr,shmem_ds,1000000,10,1,measured,177,2026-09-09T14:31:02.373303Z,157456035098539,157456035098539,-1,-1,-1,ok,
std_copy_fastcdr__cpp_to_py__1000000B__10Hz__shmem_ds__best_effort,publish,pub,cpp_to_py,copy,std,fastcdr,shmem_ds,1000000,10,1,measured,178,2026-09-09T14:31:02.472783Z,157456134224336,157456134224336,-1,-1,-1,ok,
std_copy_fastcdr__cpp_to_py__1000000B__10Hz__shmem_ds__best_effort,publish,pub,cpp_to_py,copy,std,fastcdr,shmem_ds,1000000,10,1,measured,179,2026-09-09T14:31:02.572454Z,157456234242354,157456234242354,-1,-1,-1,ok,
std_copy_fastcdr__cpp_to_py__1000000B__10Hz__shmem_ds__best_effort,publish,pub,cpp_to_py,copy,std,fastcdr,shmem_ds,1000000,10,1,measured,180,2026-09-09T14:31:02.672633Z,157456333950870,157456333950870,-1,-1,-1,ok,
std_copy_fastcdr__cpp_to_py__1000000B__10Hz__shmem_ds__best_effort,publish,pub,cpp_to_py,copy,std,fastcdr,shmem_ds,1000000,10,1,measured,181,2026-09-09T14:31:02.773092Z,157456434478659,157456434478659,-1,-1,-1,ok,
std_copy_fastcdr__cpp_to_py__1000000B__10Hz__shmem_ds__best_effort,publish,pub,cpp_to_py,copy,std,fastcdr,shmem_ds,1000000,10,1,measured,182,2026-09-09T14:31:02.872988Z,157456534341155,157456534341155,-1,-1,-1,ok,
std_copy_fastcdr__cpp_to_py__1000000B__10Hz__shmem_ds__best_effort,publish,pub,cpp_to_py,copy,std,fastcdr,shmem_ds,1000000,10,1,measured,183,2026-09-09T14:31:02.971974Z,157456633732813,157456633732813,-1,-1,-1,ok,
std_copy_fastcdr__cpp_to_py__1000000B__10Hz__shmem_ds__best_effort,publish,pub,cpp_to_py,copy,std,fastcdr,shmem_ds,1000000,10,1,measured,184,2026-09-09T14:31:03.071277Z,157456732736181,157456732736181,-1,-1,-1,ok,
std_copy_fastcdr__cpp_to_py__1000000B__10Hz__shmem_ds__best_effort,publish,pub,cpp_to_py,copy,std,fastcdr,shmem_ds,1000000,10,1,measured,185,2026-09-09T14:31:03.171506Z,157456833012218,157456833012218,-1,-1,-1,ok,
std_copy_fastcdr__cpp_to_py__1000000B__10Hz__shmem_ds__best_effort,publish,pub,cpp_to_py,copy,std,fastcdr,shmem_ds,1000000,10,1,measured,186,2026-09-09T14:31:03.270661Z,157456932550695,157456932550695,-1,-1,-1,ok,
std_copy_fastcdr__cpp_to_py__1000000B__10Hz__shmem_ds__best_effort,publish,pub,cpp_to_py,copy,std,fastcdr,shmem_ds,1000000,10,1,measured,187,2026-09-09T14:31:03.370645Z,157457031919843,157457031919843,-1,-1,-1,ok,
std_copy_fastcdr__cpp_to_py__1000000B__10Hz__shmem_ds__best_effort,publish,pub,cpp_to_py,copy,std,fastcdr,shmem_ds,1000000,10,1,measured,188,2026-09-09T14:31:03.471098Z,157457132709419,157457132709419,-1,-1,-1,ok,
std_copy_fastcdr__cpp_to_py__1000000B__10Hz__shmem_ds__best_effort,publish,pub,cpp_to_py,copy,std,fastcdr,shmem_ds,1000000,10,1,measured,189,2026-09-09T14:31:03.571490Z,157457233302433,157457233302433,-1,-1,-1,ok,
std_copy_fastcdr__cpp_to_py__1000000B__10Hz__shmem_ds__best_effort,publish,pub,cpp_to_py,copy,std,fastcdr,shmem_ds,1000000,10,1,measured,190,2026-09-09T14:31:03.671361Z,157457333128913,157457333128913,-1,-1,-1,ok,
std_copy_fastcdr__cpp_to_py__1000000B__10Hz__shmem_ds__best_effort,publish,pub,cpp_to_py,copy,std,fastcdr,shmem_ds,1000000,10,1,measured,191,2026-09-09T14:31:03.770668Z,157457432323582,157457432323582,-1,-1,-1,ok,
std_copy_fastcdr__cpp_to_py__1000000B__10Hz__shmem_ds__best_effort,publish,pub,cpp_to_py,copy,std,fastcdr,shmem_ds,1000000,10,1,measured,192,2026-09-09T14:31:03.870879Z,157457532672958,157457532672958,-1,-1,-1,ok,
std_copy_fastcdr__cpp_to_py__1000000B__10Hz__shmem_ds__best_effort,publish,pub,cpp_to_py,copy,std,fastcdr,shmem_ds,1000000,10,1,measured,193,2026-09-09T14:31:03.971818Z,157457633603509,157457633603509,-1,-1,-1,ok,
std_copy_fastcdr__cpp_to_py__1000000B__10Hz__shmem_ds__best_effort,publish,pub,cpp_to_py,copy,std,fastcdr,shmem_ds,1000000,10,1,measured,194,2026-09-09T14:31:04.071660Z,157457733150884,157457733150884,-1,-1,-1,ok,
std_copy_fastcdr__cpp_to_py__1000000B__10Hz__shmem_ds__best_effort,publish,pub,cpp_to_py,copy,std,fastcdr,shmem_ds,1000000,10,1,measured,195,2026-09-09T14:31:04.170568Z,157457832292204,157457832292204,-1,-1,-1,ok,
std_copy_fastcdr__cpp_to_py__1000000B__10Hz__shmem_ds__best_effort,publish,pub,cpp_to_py,copy,std,fastcdr,shmem_ds,1000000,10,1,measured,196,2026-09-09T14:31:04.271102Z,157457932559157,157457932559157,-1,-1,-1,ok,
std_copy_fastcdr__cpp_to_py__1000000B__10Hz__shmem_ds__best_effort,publish,pub,cpp_to_py,copy,std,fastcdr,shmem_ds,1000000,10,1,measured,197,2026-09-09T14:31:04.370917Z,157458032707045,157458032707045,-1,-1,-1,ok,
std_copy_fastcdr__cpp_to_py__1000000B__10Hz__shmem_ds__best_effort,publish,pub,cpp_to_py,copy,std,fastcdr,shmem_ds,1000000,10,1,measured,198,2026-09-09T14:31:04.470583Z,157458132018105,157458132018105,-1,-1,-1,ok,
std_copy_fastcdr__cpp_to_py__1000000B__10Hz__shmem_ds__best_effort,publish,pub,cpp_to_py,copy,std,fastcdr,shmem_ds,1000000,10,1,measured,199,2026-09-09T14:31:04.571057Z,157458232838921,157458232838921,-1,-1,-1,ok,
std_copy_fastcdr__cpp_to_py__1000000B__10Hz__shmem_ds__best_effort,publish,pub,cpp_to_py,copy,std,fastcdr,shmem_ds,1000000,10,1,measured,200,2026-09-09T14:31:04.671128Z,157458332731308,157458332731308,-1,-1,-1,ok,
std_copy_fastcdr__cpp_to_py__1000000B__10Hz__shmem_ds__best_effort,publish,pub,cpp_to_py,copy,std,fastcdr,shmem_ds,1000000,10,1,measured,201,2026-09-09T14:31:04.770196Z,157458431937691,157458431937691,-1,-1,-1,ok,
std_copy_fastcdr__cpp_to_py__1000000B__10Hz__shmem_ds__best_effort,publish,pub,cpp_to_py,copy,std,fastcdr,shmem_ds,1000000,10,1,measured,202,2026-09-09T14:31:04.869875Z,157458531267987,157458531267987,-1,-1,-1,ok,
std_copy_fastcdr__cpp_to_py__1000000B__10Hz__shmem_ds__best_effort,publish,pub,cpp_to_py,copy,std,fastcdr,shmem_ds,1000000,10,1,measured,203,2026-09-09T14:31:04.970599Z,157458632091920,157458632091920,-1,-1,-1,ok,
std_copy_fastcdr__cpp_to_py__1000000B__10Hz__shmem_ds__best_effort,publish,pub,cpp_to_py,copy,std,fastcdr,shmem_ds,1000000,10,1,measured,204,2026-09-09T14:31:05.070351Z,157458731995128,157458731995128,-1,-1,-1,ok,
std_copy_fastcdr__cpp_to_py__1000000B__10Hz__shmem_ds__best_effort,publish,pub,cpp_to_py,copy,std,fastcdr,shmem_ds,1000000,10,1,measured,205,2026-09-09T14:31:05.171139Z,157458832627071,157458832627071,-1,-1,-1,ok,
std_copy_fastcdr__cpp_to_py__1000000B__10Hz__shmem_ds__best_effort,publish,pub,cpp_to_py,copy,std,fastcdr,shmem_ds,1000000,10,1,measured,206,2026-09-09T14:31:05.270765Z,157458932462722,157458932462722,-1,-1,-1,ok,
std_copy_fastcdr__cpp_to_py__1000000B__10Hz__shmem_ds__best_effort,publish,pub,cpp_to_py,copy,std,fastcdr,shmem_ds,1000000,10,1,measured,207,2026-09-09T14:31:05.370514Z,157459032320726,157459032320726,-1,-1,-1,ok,
std_copy_fastcdr__cpp_to_py__1000000B__10Hz__shmem_ds__best_effort,publish,pub,cpp_to_py,copy,std,fastcdr,shmem_ds,1000000,10,1,measured,208,2026-09-09T14:31:05.470523Z,157459131974014,157459131974014,-1,-1,-1,ok,
std_copy_fastcdr__cpp_to_py__1000000B__10Hz__shmem_ds__best_effort,publish,pub,cpp_to_py,copy,std,fastcdr,shmem_ds,1000000,10,1,measured,209,2026-09-09T14:31:05.569356Z,157459231171733,157459231171733,-1,-1,-1,ok,
std_copy_fastcdr__cpp_to_py__1000000B__10Hz__shmem_ds__best_effort,publish,pub,cpp_to_py,copy,std,fastcdr,shmem_ds,1000000,10,1,measured,210,2026-09-09T14:31:05.669041Z,157459330562977,157459330562977,-1,-1,-1,ok,
std_copy_fastcdr__cpp_to_py__1000000B__10Hz__shmem_ds__best_effort,publish,pub,cpp_to_py,copy,std,fastcdr,shmem_ds,1000000,10,1,measured,211,2026-09-09T14:31:05.768560Z,157459430017991,157459430017991,-1,-1,-1,ok,
std_copy_fastcdr__cpp_to_py__1000000B__10Hz__shmem_ds__best_effort,publish,pub,cpp_to_py,copy,std,fastcdr,shmem_ds,1000000,10,1,measured,212,2026-09-09T14:31:05.869015Z,157459530802080,157459530802080,-1,-1,-1,ok,
std_copy_fastcdr__cpp_to_py__1000000B__10Hz__shmem_ds__best_effort,publish,pub,cpp_to_py,copy,std,fastcdr,shmem_ds,1000000,10,1,measured,213,2026-09-09T14:31:05.968899Z,157459630691694,157459630691694,-1,-1,-1,ok,
std_copy_fastcdr__cpp_to_py__1000000B__10Hz__shmem_ds__best_effort,publish,pub,cpp_to_py,copy,std,fastcdr,shmem_ds,1000000,10,1,measured,214,2026-09-09T14:31:06.068318Z,157459730105833,157459730105833,-1,-1,-1,ok,
std_copy_fastcdr__cpp_to_py__1000000B__10Hz__shmem_ds__best_effort,publish,pub,cpp_to_py,copy,std,fastcdr,shmem_ds,1000000,10,1,measured,215,2026-09-09T14:31:06.168038Z,157459829433478,157459829433478,-1,-1,-1,ok,
std_copy_fastcdr__cpp_to_py__1000000B__10Hz__shmem_ds__best_effort,publish,pub,cpp_to_py,copy,std,fastcdr,shmem_ds,1000000,10,1,measured,216,2026-09-09T14:31:06.266983Z,157459928777316,157459928777316,-1,-1,-1,ok,
std_copy_fastcdr__cpp_to_py__1000000B__10Hz__shmem_ds__best_effort,publish,pub,cpp_to_py,copy,std,fastcdr,shmem_ds,1000000,10,1,measured,217,2026-09-09T14:31:06.366610Z,157460028102066,157460028102066,-1,-1,-1,ok,
std_copy_fastcdr__cpp_to_py__1000000B__10Hz__shmem_ds__best_effort,publish,pub,cpp_to_py,copy,std,fastcdr,shmem_ds,1000000,10,1,measured,218,2026-09-09T14:31:06.465690Z,157460127338670,157460127338670,-1,-1,-1,ok,
std_copy_fastcdr__cpp_to_py__1000000B__10Hz__shmem_ds__best_effort,publish,pub,cpp_to_py,copy,std,fastcdr,shmem_ds,1000000,10,1,measured,219,2026-09-09T14:31:06.565356Z,157460226768269,157460226768269,-1,-1,-1,ok,
std_copy_fastcdr__cpp_to_py__1000000B__10Hz__shmem_ds__best_effort,publish,pub,cpp_to_py,copy,std,fastcdr,shmem_ds,1000000,10,1,measured,220,2026-09-09T14:31:06.666064Z,157460327669381,157460327669381,-1,-1,-1,ok,
std_copy_fastcdr__cpp_to_py__1000000B__10Hz__shmem_ds__best_effort,publish,pub,cpp_to_py,copy,std,fastcdr,shmem_ds,1000000,10,1,measured,221,2026-09-09T14:31:06.766132Z,157460427522177,157460427522177,-1,-1,-1,ok,
std_copy_fastcdr__cpp_to_py__1000000B__10Hz__shmem_ds__best_effort,publish,pub,cpp_to_py,copy,std,fastcdr,shmem_ds,1000000,10,1,measured,222,2026-09-09T14:31:06.865503Z,157460527308058,157460527308058,-1,-1,-1,ok,
std_copy_fastcdr__cpp_to_py__1000000B__10Hz__shmem_ds__best_effort,publish,pub,cpp_to_py,copy,std,fastcdr,shmem_ds,1000000,10,1,measured,223,2026-09-09T14:31:06.965106Z,157460626579578,157460626579578,-1,-1,-1,ok,
std_copy_fastcdr__cpp_to_py__1000000B__10Hz__shmem_ds__best_effort,publish,pub,cpp_to_py,copy,std,fastcdr,shmem_ds,1000000,10,1,measured,224,2026-09-09T14:31:07.064394Z,157460725835891,157460725835891,-1,-1,-1,ok,
std_copy_fastcdr__cpp_to_py__1000000B__10Hz__shmem_ds__best_effort,publish,pub,cpp_to_py,copy,std,fastcdr,shmem_ds,1000000,10,1,measured,225,2026-09-09T14:31:07.164178Z,157460825636200,157460825636200,-1,-1,-1,ok,
std_copy_fastcdr__cpp_to_py__1000000B__10Hz__shmem_ds__best_effort,publish,pub,cpp_to_py,copy,std,fastcdr,shmem_ds,1000000,10,1,measured,226,2026-09-09T14:31:07.263203Z,157460925028109,157460925028109,-1,-1,-1,ok,
std_copy_fastcdr__cpp_to_py__1000000B__10Hz__shmem_ds__best_effort,publish,pub,cpp_to_py,copy,std,fastcdr,shmem_ds,1000000,10,1,measured,227,2026-09-09T14:31:07.363034Z,157461024351480,157461024351480,-1,-1,-1,ok,
std_copy_fastcdr__cpp_to_py__1000000B__10Hz__shmem_ds__best_effort,publish,pub,cpp_to_py,copy,std,fastcdr,shmem_ds,1000000,10,1,measured,228,2026-09-09T14:31:07.462260Z,157461124011355,157461124011355,-1,-1,-1,ok,
std_copy_fastcdr__cpp_to_py__1000000B__10Hz__shmem_ds__best_effort,publish,pub,cpp_to_py,copy,std,fastcdr,shmem_ds,1000000,10,1,measured,229,2026-09-09T14:31:07.563322Z,157461224718945,157461224718945,-1,-1,-1,ok,
std_copy_fastcdr__cpp_to_py__1000000B__10Hz__shmem_ds__best_effort,publish,pub,cpp_to_py,copy,std,fastcdr,shmem_ds,1000000,10,1,measured,230,2026-09-09T14:31:07.663516Z,157461325018926,157461325018926,-1,-1,-1,ok,
std_copy_fastcdr__cpp_to_py__1000000B__10Hz__shmem_ds__best_effort,publish,pub,cpp_to_py,copy,std,fastcdr,shmem_ds,1000000,10,1,measured,231,2026-09-09T14:31:07.763233Z,157461424673069,157461424673069,-1,-1,-1,ok,
std_copy_fastcdr__cpp_to_py__1000000B__10Hz__shmem_ds__best_effort,publish,pub,cpp_to_py,copy,std,fastcdr,shmem_ds,1000000,10,1,measured,232,2026-09-09T14:31:07.863741Z,157461525521445,157461525521445,-1,-1,-1,ok,
std_copy_fastcdr__cpp_to_py__1000000B__10Hz__shmem_ds__best_effort,publish,pub,cpp_to_py,copy,std,fastcdr,shmem_ds,1000000,10,1,measured,233,2026-09-09T14:31:07.963830Z,157461625301105,157461625301105,-1,-1,-1,ok,
std_copy_fastcdr__cpp_to_py__1000000B__10Hz__shmem_ds__best_effort,publish,pub,cpp_to_py,copy,std,fastcdr,shmem_ds,1000000,10,1,measured,234,2026-09-09T14:31:08.064046Z,157461725482635,157461725482635,-1,-1,-1,ok,
std_copy_fastcdr__cpp_to_py__1000000B__10Hz__shmem_ds__best_effort,publish,pub,cpp_to_py,copy,std,fastcdr,shmem_ds,1000000,10,1,measured,235,2026-09-09T14:31:08.164043Z,157461825496448,157461825496448,-1,-1,-1,ok,
std_copy_fastcdr__cpp_to_py__1000000B__10Hz__shmem_ds__best_effort,publish,pub,cpp_to_py,copy,std,fastcdr,shmem_ds,1000000,10,1,measured,236,2026-09-09T14:31:08.263907Z,157461925343369,157461925343369,-1,-1,-1,ok,
std_copy_fastcdr__cpp_to_py__1000000B__10Hz__shmem_ds__best_effort,publish,pub,cpp_to_py,copy,std,fastcdr,shmem_ds,1000000,10,1,measured,237,2026-09-09T14:31:08.364153Z,157462025606443,157462025606443,-1,-1,-1,ok,
std_copy_fastcdr__cpp_to_py__1000000B__10Hz__shmem_ds__best_effort,publish,pub,cpp_to_py,copy,std,fastcdr,shmem_ds,1000000,10,1,measured,238,2026-09-09T14:31:08.464899Z,157462126472834,157462126472834,-1,-1,-1,ok,
std_copy_fastcdr__cpp_to_py__1000000B__10Hz__shmem_ds__best_effort,publish,pub,cpp_to_py,copy,std,fastcdr,shmem_ds,1000000,10,1,measured,239,2026-09-09T14:31:08.564077Z,157462225831403,157462225831403,-1,-1,-1,ok,
std_copy_fastcdr__cpp_to_py__1000000B__10Hz__shmem_ds__best_effort,publish,pub,cpp_to_py,copy,std,fastcdr,shmem_ds,1000000,10,1,measured,240,2026-09-09T14:31:08.663931Z,157462325680096,157462325680096,-1,-1,-1,ok,
std_copy_fastcdr__cpp_to_py__1000000B__10Hz__shmem_ds__best_effort,publish,pub,cpp_to_py,copy,std,fastcdr,shmem_ds,1000000,10,1,measured,241,2026-09-09T14:31:08.764543Z,157462426334377,157462426334377,-1,-1,-1,ok,
std_copy_fastcdr__cpp_to_py__1000000B__10Hz__shmem_ds__best_effort,publish,pub,cpp_to_py,copy,std,fastcdr,shmem_ds,1000000,10,1,measured,242,2026-09-09T14:31:08.864815Z,157462526621457,157462526621457,-1,-1,-1,ok,
std_copy_fastcdr__cpp_to_py__1000000B__10Hz__shmem_ds__best_effort,publish,pub,cpp_to_py,copy,std,fastcdr,shmem_ds,1000000,10,1,measured,243,2026-09-09T14:31:08.963991Z,157462625783385,157462625783385,-1,-1,-1,ok,
std_copy_fastcdr__cpp_to_py__1000000B__10Hz__shmem_ds__best_effort,publish,pub,cpp_to_py,copy,std,fastcdr,shmem_ds,1000000,10,1,measured,244,2026-09-09T14:31:09.064671Z,157462726337189,157462726337189,-1,-1,-1,ok,
std_copy_fastcdr__cpp_to_py__1000000B__10Hz__shmem_ds__best_effort,publish,pub,cpp_to_py,copy,std,fastcdr,shmem_ds,1000000,10,1,measured,245,2026-09-09T14:31:09.165157Z,157462826603974,157462826603974,-1,-1,-1,ok,
std_copy_fastcdr__cpp_to_py__1000000B__10Hz__shmem_ds__best_effort,publish,pub,cpp_to_py,copy,std,fastcdr,shmem_ds,1000000,10,1,measured,246,2026-09-09T14:31:09.266027Z,157462927422647,157462927422647,-1,-1,-1,ok,
std_copy_fastcdr__cpp_to_py__1000000B__10Hz__shmem_ds__best_effort,publish,pub,cpp_to_py,copy,std,fastcdr,shmem_ds,1000000,10,1,measured,247,2026-09-09T14:31:09.365519Z,157463026887137,157463026887137,-1,-1,-1,ok,
std_copy_fastcdr__cpp_to_py__1000000B__10Hz__shmem_ds__best_effort,publish,pub,cpp_to_py,copy,std,fastcdr,shmem_ds,1000000,10,1,measured,248,2026-09-09T14:31:09.466074Z,157463127611302,157463127611302,-1,-1,-1,ok,
std_copy_fastcdr__cpp_to_py__1000000B__10Hz__shmem_ds__best_effort,publish,pub,cpp_to_py,copy,std,fastcdr,shmem_ds,1000000,10,1,measured,249,2026-09-09T14:31:09.565610Z,157463227052779,157463227052779,-1,-1,-1,ok,
std_copy_fastcdr__cpp_to_py__1000000B__10Hz__shmem_ds__best_effort,publish,pub,cpp_to_py,copy,std,fastcdr,shmem_ds,1000000,10,1,measured,250,2026-09-09T14:31:09.665115Z,157463326868402,157463326868402,-1,-1,-1,ok,
std_copy_fastcdr__cpp_to_py__1000000B__10Hz__shmem_ds__best_effort,publish,pub,cpp_to_py,copy,std,fastcdr,shmem_ds,1000000,10,1,measured,251,2026-09-09T14:31:09.764905Z,157463426699995,157463426699995,-1,-1,-1,ok,
std_copy_fastcdr__cpp_to_py__1000000B__10Hz__shmem_ds__best_effort,publish,pub,cpp_to_py,copy,std,fastcdr,shmem_ds,1000000,10,1,measured,252,2026-09-09T14:31:09.865164Z,157463526954705,157463526954705,-1,-1,-1,ok,
std_copy_fastcdr__cpp_to_py__1000000B__10Hz__shmem_ds__best_effort,publish,pub,cpp_to_py,copy,std,fastcdr,shmem_ds,1000000,10,1,measured,253,2026-09-09T14:31:09.966053Z,157463627804177,157463627804177,-1,-1,-1,ok,
std_copy_fastcdr__cpp_to_py__1000000B__10Hz__shmem_ds__best_effort,publish,pub,cpp_to_py,copy,std,fastcdr,shmem_ds,1000000,10,1,measured,254,2026-09-09T14:31:10.066482Z,157463728251482,157463728251482,-1,-1,-1,ok,
std_copy_fastcdr__cpp_to_py__1000000B__10Hz__shmem_ds__best_effort,publish,pub,cpp_to_py,copy,std,fastcdr,shmem_ds,1000000,10,1,measured,255,2026-09-09T14:31:10.166425Z,157463827830341,157463827830341,-1,-1,-1,ok,
std_copy_fastcdr__cpp_to_py__1000000B__10Hz__shmem_ds__best_effort,publish,pub,cpp_to_py,copy,std,fastcdr,shmem_ds,1000000,10,1,measured,256,2026-09-09T14:31:10.265697Z,157463927187611,157463927187611,-1,-1,-1,ok,
std_copy_fastcdr__cpp_to_py__1000000B__10Hz__shmem_ds__best_effort,publish,pub,cpp_to_py,copy,std,fastcdr,shmem_ds,1000000,10,1,measured,257,2026-09-09T14:31:10.365210Z,157464026687791,157464026687791,-1,-1,-1,ok,
std_copy_fastcdr__cpp_to_py__1000000B__10Hz__shmem_ds__best_effort,publish,pub,cpp_to_py,copy,std,fastcdr,shmem_ds,1000000,10,1,measured,258,2026-09-09T14:31:10.464594Z,157464126401975,157464126401975,-1,-1,-1,ok,
std_copy_fastcdr__cpp_to_py__1000000B__10Hz__shmem_ds__best_effort,publish,pub,cpp_to_py,copy,std,fastcdr,shmem_ds,1000000,10,1,measured,259,2026-09-09T14:31:10.563941Z,157464225521719,157464225521719,-1,-1,-1,ok,
std_copy_fastcdr__cpp_to_py__1000000B__10Hz__shmem_ds__best_effort,publish,pub,cpp_to_py,copy,std,fastcdr,shmem_ds,1000000,10,1,measured,260,2026-09-09T14:31:10.663586Z,157464324830970,157464324830970,-1,-1,-1,ok,
std_copy_fastcdr__cpp_to_py__1000000B__10Hz__shmem_ds__best_effort,publish,pub,cpp_to_py,copy,std,fastcdr,shmem_ds,1000000,10,1,measured,261,2026-09-09T14:31:10.762783Z,157464423928951,157464423928951,-1,-1,-1,ok,
std_copy_fastcdr__cpp_to_py__1000000B__10Hz__shmem_ds__best_effort,publish,pub,cpp_to_py,copy,std,fastcdr,shmem_ds,1000000,10,1,measured,262,2026-09-09T14:31:10.861453Z,157464522955378,157464522955378,-1,-1,-1,ok,
std_copy_fastcdr__cpp_to_py__1000000B__10Hz__shmem_ds__best_effort,publish,pub,cpp_to_py,copy,std,fastcdr,shmem_ds,1000000,10,1,measured,263,2026-09-09T14:31:10.961073Z,157464622859861,157464622859861,-1,-1,-1,ok,
std_copy_fastcdr__cpp_to_py__1000000B__10Hz__shmem_ds__best_effort,publish,pub,cpp_to_py,copy,std,fastcdr,shmem_ds,1000000,10,1,measured,264,2026-09-09T14:31:11.060836Z,157464722329755,157464722329755,-1,-1,-1,ok,
std_copy_fastcdr__cpp_to_py__1000000B__10Hz__shmem_ds__best_effort,publish,pub,cpp_to_py,copy,std,fastcdr,shmem_ds,1000000,10,1,measured,265,2026-09-09T14:31:11.159939Z,157464821388826,157464821388826,-1,-1,-1,ok,
std_copy_fastcdr__cpp_to_py__1000000B__10Hz__shmem_ds__best_effort,publish,pub,cpp_to_py,copy,std,fastcdr,shmem_ds,1000000,10,1,measured,266,2026-09-09T14:31:11.259287Z,157464921097502,157464921097502,-1,-1,-1,ok,
std_copy_fastcdr__cpp_to_py__1000000B__10Hz__shmem_ds__best_effort,publish,pub,cpp_to_py,copy,std,fastcdr,shmem_ds,1000000,10,1,measured,267,2026-09-09T14:31:11.359750Z,157465021201122,157465021201122,-1,-1,-1,ok,
std_copy_fastcdr__cpp_to_py__1000000B__10Hz__shmem_ds__best_effort,publish,pub,cpp_to_py,copy,std,fastcdr,shmem_ds,1000000,10,1,measured,268,2026-09-09T14:31:11.459105Z,157465120549969,157465120549969,-1,-1,-1,ok,
std_copy_fastcdr__cpp_to_py__1000000B__10Hz__shmem_ds__best_effort,publish,pub,cpp_to_py,copy,std,fastcdr,shmem_ds,1000000,10,1,measured,269,2026-09-09T14:31:11.559133Z,157465220926203,157465220926203,-1,-1,-1,ok,
std_copy_fastcdr__cpp_to_py__1000000B__10Hz__shmem_ds__best_effort,publish,pub,cpp_to_py,copy,std,fastcdr,shmem_ds,1000000,10,1,measured,270,2026-09-09T14:31:11.659709Z,157465321505349,157465321505349,-1,-1,-1,ok,
std_copy_fastcdr__cpp_to_py__1000000B__10Hz__shmem_ds__best_effort,publish,pub,cpp_to_py,copy,std,fastcdr,shmem_ds,1000000,10,1,measured,271,2026-09-09T14:31:11.759922Z,157465421531894,157465421531894,-1,-1,-1,ok,
std_copy_fastcdr__cpp_to_py__1000000B__10Hz__shmem_ds__best_effort,publish,pub,cpp_to_py,copy,std,fastcdr,shmem_ds,1000000,10,1,measured,272,2026-09-09T14:31:11.859054Z,157465520673851,157465520673851,-1,-1,-1,ok,
std_copy_fastcdr__cpp_to_py__1000000B__10Hz__shmem_ds__best_effort,publish,pub,cpp_to_py,copy,std,fastcdr,shmem_ds,1000000,10,1,measured,273,2026-09-09T14:31:11.958313Z,157465619793236,157465619793236,-1,-1,-1,ok,
std_copy_fastcdr__cpp_to_py__1000000B__10Hz__shmem_ds__best_effort,publish,pub,cpp_to_py,copy,std,fastcdr,shmem_ds,1000000,10,1,measured,274,2026-09-09T14:31:12.058313Z,157465719960887,157465719960887,-1,-1,-1,ok,
std_copy_fastcdr__cpp_to_py__1000000B__10Hz__shmem_ds__best_effort,publish,pub,cpp_to_py,copy,std,fastcdr,shmem_ds,1000000,10,1,measured,275,2026-09-09T14:31:12.159418Z,157465820916887,157465820916887,-1,-1,-1,ok,
std_copy_fastcdr__cpp_to_py__1000000B__10Hz__shmem_ds__best_effort,publish,pub,cpp_to_py,copy,std,fastcdr,shmem_ds,1000000,10,1,measured,276,2026-09-09T14:31:12.259405Z,157465920975604,157465920975604,-1,-1,-1,ok,
std_copy_fastcdr__cpp_to_py__1000000B__10Hz__shmem_ds__best_effort,publish,pub,cpp_to_py,copy,std,fastcdr,shmem_ds,1000000,10,1,measured,277,2026-09-09T14:31:12.358840Z,157466020310026,157466020310026,-1,-1,-1,ok,
std_copy_fastcdr__cpp_to_py__1000000B__10Hz__shmem_ds__best_effort,publish,pub,cpp_to_py,copy,std,fastcdr,shmem_ds,1000000,10,1,measured,278,2026-09-09T14:31:12.459620Z,157466120790047,157466120790047,-1,-1,-1,ok,
std_copy_fastcdr__cpp_to_py__1000000B__10Hz__shmem_ds__best_effort,publish,pub,cpp_to_py,copy,std,fastcdr,shmem_ds,1000000,10,1,measured,279,2026-09-09T14:31:12.558475Z,157466219998572,157466219998572,-1,-1,-1,ok,
std_copy_fastcdr__cpp_to_py__1000000B__10Hz__shmem_ds__best_effort,publish,pub,cpp_to_py,copy,std,fastcdr,shmem_ds,1000000,10,1,measured,280,2026-09-09T14:31:12.658269Z,157466320056398,157466320056398,-1,-1,-1,ok,
std_copy_fastcdr__cpp_to_py__1000000B__10Hz__shmem_ds__best_effort,publish,pub,cpp_to_py,copy,std,fastcdr,shmem_ds,1000000,10,1,measured,281,2026-09-09T14:31:12.759040Z,157466420789487,157466420789487,-1,-1,-1,ok,
std_copy_fastcdr__cpp_to_py__1000000B__10Hz__shmem_ds__best_effort,publish,pub,cpp_to_py,copy,std,fastcdr,shmem_ds,1000000,10,1,measured,282,2026-09-09T14:31:12.860043Z,157466521628145,157466521628145,-1,-1,-1,ok,
std_copy_fastcdr__cpp_to_py__1000000B__10Hz__shmem_ds__best_effort,publish,pub,cpp_to_py,copy,std,fastcdr,shmem_ds,1000000,10,1,measured,283,2026-09-09T14:31:12.959463Z,157466620932339,157466620932339,-1,-1,-1,ok,
std_copy_fastcdr__cpp_to_py__1000000B__10Hz__shmem_ds__best_effort,publish,pub,cpp_to_py,copy,std,fastcdr,shmem_ds,1000000,10,1,measured,284,2026-09-09T14:31:13.059939Z,157466721486212,157466721486212,-1,-1,-1,ok,
std_copy_fastcdr__cpp_to_py__1000000B__10Hz__shmem_ds__best_effort,publish,pub,cpp_to_py,copy,std,fastcdr,shmem_ds,1000000,10,1,measured,285,2026-09-09T14:31:13.160985Z,157466822379415,157466822379415,-1,-1,-1,ok,
std_copy_fastcdr__cpp_to_py__1000000B__10Hz__shmem_ds__best_effort,publish,pub,cpp_to_py,copy,std,fastcdr,shmem_ds,1000000,10,1,measured,286,2026-09-09T14:31:13.260820Z,157466922449416,157466922449416,-1,-1,-1,ok,
std_copy_fastcdr__cpp_to_py__1000000B__10Hz__shmem_ds__best_effort,publish,pub,cpp_to_py,copy,std,fastcdr,shmem_ds,1000000,10,1,measured,287,2026-09-09T14:31:13.361440Z,157467022884786,157467022884786,-1,-1,-1,ok,
std_copy_fastcdr__cpp_to_py__1000000B__10Hz__shmem_ds__best_effort,publish,pub,cpp_to_py,copy,std,fastcdr,shmem_ds,1000000,10,1,measured,288,2026-09-09T14:31:13.460860Z,157467122189905,157467122189905,-1,-1,-1,ok,
std_copy_fastcdr__cpp_to_py__1000000B__10Hz__shmem_ds__best_effort,publish,pub,cpp_to_py,copy,std,fastcdr,shmem_ds,1000000,10,1,measured,289,2026-09-09T14:31:13.561711Z,157467223156617,157467223156617,-1,-1,-1,ok,
std_copy_fastcdr__cpp_to_py__1000000B__10Hz__shmem_ds__best_effort,publish,pub,cpp_to_py,copy,std,fastcdr,shmem_ds,1000000,10,1,measured,290,2026-09-09T14:31:13.660919Z,157467322362358,157467322362358,-1,-1,-1,ok,
std_copy_fastcdr__cpp_to_py__1000000B__10Hz__shmem_ds__best_effort,publish,pub,cpp_to_py,copy,std,fastcdr,shmem_ds,1000000,10,1,measured,291,2026-09-09T14:31:13.759854Z,157467421661246,157467421661246,-1,-1,-1,ok,
std_copy_fastcdr__cpp_to_py__1000000B__10Hz__shmem_ds__best_effort,publish,pub,cpp_to_py,copy,std,fastcdr,shmem_ds,1000000,10,1,measured,292,2026-09-09T14:31:13.860784Z,157467522324114,157467522324114,-1,-1,-1,ok,
std_copy_fastcdr__cpp_to_py__1000000B__10Hz__shmem_ds__best_effort,publish,pub,cpp_to_py,copy,std,fastcdr,shmem_ds,1000000,10,1,measured,293,2026-09-09T14:31:13.960764Z,157467622246427,157467622246427,-1,-1,-1,ok,
std_copy_fastcdr__cpp_to_py__1000000B__10Hz__shmem_ds__best_effort,publish,pub,cpp_to_py,copy,std,fastcdr,shmem_ds,1000000,10,1,measured,294,2026-09-09T14:31:14.061178Z,157467722651080,157467722651080,-1,-1,-1,ok,
std_copy_fastcdr__cpp_to_py__1000000B__10Hz__shmem_ds__best_effort,publish,pub,cpp_to_py,copy,std,fastcdr,shmem_ds,1000000,10,1,measured,295,2026-09-09T14:31:14.162246Z,157467823594681,157467823594681,-1,-1,-1,ok,
std_copy_fastcdr__cpp_to_py__1000000B__10Hz__shmem_ds__best_effort,publish,pub,cpp_to_py,copy,std,fastcdr,shmem_ds,1000000,10,1,measured,296,2026-09-09T14:31:14.262119Z,157467923521283,157467923521283,-1,-1,-1,ok,
std_copy_fastcdr__cpp_to_py__1000000B__10Hz__shmem_ds__best_effort,publish,pub,cpp_to_py,copy,std,fastcdr,shmem_ds,1000000,10,1,measured,297,2026-09-09T14:31:14.360887Z,157468022577335,157468022577335,-1,-1,-1,ok,
std_copy_fastcdr__cpp_to_py__1000000B__10Hz__shmem_ds__best_effort,publish,pub,cpp_to_py,copy,std,fastcdr,shmem_ds,1000000,10,1,measured,298,2026-09-09T14:31:14.462056Z,157468123492922,157468123492922,-1,-1,-1,ok,
std_copy_fastcdr__cpp_to_py__1000000B__10Hz__shmem_ds__best_effort,publish,pub,cpp_to_py,copy,std,fastcdr,shmem_ds,1000000,10,1,measured,299,2026-09-09T14:31:14.562408Z,157468223815952,157468223815952,-1,-1,-1,ok,
std_copy_fastcdr__cpp_to_py__1000000B__10Hz__shmem_ds__best_effort,publish,pub,cpp_to_py,copy,std,fastcdr,shmem_ds,1000000,10,1,measured,300,2026-09-09T14:31:14.662248Z,157468323724231,157468323724231,-1,-1,-1,ok,
std_copy_fastcdr__cpp_to_py__1000000B__10Hz__shmem_ds__best_effort,receive,sub,cpp_to_py,copy,std,fastcdr,shmem_ds,1000000,10,1,measured,0,2026-09-09T14:30:44.677119Z,157438339295716,157438335596515,157438339295716,1788964244673404284,1788964244675101963,ok,
std_copy_fastcdr__cpp_to_py__1000000B__10Hz__shmem_ds__best_effort,receive,sub,cpp_to_py,copy,std,fastcdr,shmem_ds,1000000,10,1,measured,1,2026-09-09T14:30:44.777100Z,157438439265674,157438436171483,157438439265674,1788964244773990252,1788964244774892422,ok,
std_copy_fastcdr__cpp_to_py__1000000B__10Hz__shmem_ds__best_effort,receive,sub,cpp_to_py,copy,std,fastcdr,shmem_ds,1000000,10,1,measured,2,2026-09-09T14:30:44.877190Z,157438539376206,157438536450943,157438539376206,1788964244874272988,1788964244875143218,ok,
std_copy_fastcdr__cpp_to_py__1000000B__10Hz__shmem_ds__best_effort,receive,sub,cpp_to_py,copy,std,fastcdr,shmem_ds,1000000,10,1,measured,3,2026-09-09T14:30:44.977629Z,157438639805729,157438636956830,157438639805729,1788964244974779126,1788964244975659395,ok,
std_copy_fastcdr__cpp_to_py__1000000B__10Hz__shmem_ds__best_effort,receive,sub,cpp_to_py,copy,std,fastcdr,shmem_ds,1000000,10,1,measured,4,2026-09-09T14:30:45.076117Z,157438738309174,157438736224566,157438738309174,1788964245074038235,1788964245074532196,ok,
std_copy_fastcdr__cpp_to_py__1000000B__10Hz__shmem_ds__best_effort,receive,sub,cpp_to_py,copy,std,fastcdr,shmem_ds,1000000,10,1,measured,5,2026-09-09T14:30:45.177740Z,157438839925627,157438837037283,157438839925627,1788964245174862374,1788964245175767941,ok,
std_copy_fastcdr__cpp_to_py__1000000B__10Hz__shmem_ds__best_effort,receive,sub,cpp_to_py,copy,std,fastcdr,shmem_ds,1000000,10,1,measured,6,2026-09-09T14:30:45.277035Z,157438939221335,157438936229517,157438939221335,1788964245274055861,1788964245275001252,ok,
std_copy_fastcdr__cpp_to_py__1000000B__10Hz__shmem_ds__best_effort,receive,sub,cpp_to_py,copy,std,fastcdr,shmem_ds,1000000,10,1,measured,7,2026-09-09T14:30:45.377184Z,157439039360824,157439036372743,157439039360824,1788964245374194718,1788964245375168814,ok,
std_copy_fastcdr__cpp_to_py__1000000B__10Hz__shmem_ds__best_effort,receive,sub,cpp_to_py,copy,std,fastcdr,shmem_ds,1000000,10,1,measured,8,2026-09-09T14:30:45.476375Z,157439138562056,157439136117539,157439138562056,1788964245473938773,1788964245474815455,ok,
std_copy_fastcdr__cpp_to_py__1000000B__10Hz__shmem_ds__best_effort,receive,sub,cpp_to_py,copy,std,fastcdr,shmem_ds,1000000,10,1,measured,9,2026-09-09T14:30:45.575583Z,157439237768295,157439235663048,157439237768295,1788964245573478491,1788964245573985847,ok,
std_copy_fastcdr__cpp_to_py__1000000B__10Hz__shmem_ds__best_effort,receive,sub,cpp_to_py,copy,std,fastcdr,shmem_ds,1000000,10,1,measured,10,2026-09-09T14:30:45.675410Z,157439337596217,157439335443640,157439337596217,1788964245673259204,1788964245673758805,ok,
std_copy_fastcdr__cpp_to_py__1000000B__10Hz__shmem_ds__best_effort,receive,sub,cpp_to_py,copy,std,fastcdr,shmem_ds,1000000,10,1,measured,11,2026-09-09T14:30:45.774628Z,157439436812276,157439434468940,157439436812276,1788964245772288000,1788964245772935680,ok,
std_copy_fastcdr__cpp_to_py__1000000B__10Hz__shmem_ds__best_effort,receive,sub,cpp_to_py,copy,std,fastcdr,shmem_ds,1000000,10,1,measured,12,2026-09-09T14:30:45.874620Z,157439536804828,157439534516175,157439536804828,1788964245872335385,1788964245872918243,ok,
std_copy_fastcdr__cpp_to_py__1000000B__10Hz__shmem_ds__best_effort,receive,sub,cpp_to_py,copy,std,fastcdr,shmem_ds,1000000,10,1,measured,13,2026-09-09T14:30:45.974928Z,157439637113185,157439634884855,157439637113185,1788964245972699527,1788964245973214017,ok,
std_copy_fastcdr__cpp_to_py__1000000B__10Hz__shmem_ds__best_effort,receive,sub,cpp_to_py,copy,std,fastcdr,shmem_ds,1000000,10,1,measured,14,2026-09-09T14:30:46.075206Z,157439737390966,157439735161485,157439737390966,1788964246072977699,1788964246073508820,ok,
std_copy_fastcdr__cpp_to_py__1000000B__10Hz__shmem_ds__best_effort,receive,sub,cpp_to_py,copy,std,fastcdr,shmem_ds,1000000,10,1,measured,15,2026-09-09T14:30:46.176036Z,157439838221420,157439835817329,157439838221420,1788964246173643733,1788964246174510897,ok,
std_copy_fastcdr__cpp_to_py__1000000B__10Hz__shmem_ds__best_effort,receive,sub,cpp_to_py,copy,std,fastcdr,shmem_ds,1000000,10,1,measured,16,2026-09-09T14:30:46.277060Z,157439939245578,157439936711382,157439939245578,1788964246274536975,1788964246275438965,ok,
std_copy_fastcdr__cpp_to_py__1000000B__10Hz__shmem_ds__best_effort,receive,sub,cpp_to_py,copy,std,fastcdr,shmem_ds,1000000,10,1,measured,17,2026-09-09T14:30:46.378104Z,157440040290185,157440037215711,157440040290185,1788964246375039570,1788964246376028995,ok,
std_copy_fastcdr__cpp_to_py__1000000B__10Hz__shmem_ds__best_effort,receive,sub,cpp_to_py,copy,std,fastcdr,shmem_ds,1000000,10,1,measured,18,2026-09-09T14:30:46.477895Z,157440140070269,157440137114499,157440140070269,1788964246474939931,1788964246475863912,ok,
std_copy_fastcdr__cpp_to_py__1000000B__10Hz__shmem_ds__best_effort,receive,sub,cpp_to_py,copy,std,fastcdr,shmem_ds,1000000,10,1,measured,19,2026-09-09T14:30:46.576553Z,157440238738969,157440236203220,157440238738969,1788964246574017672,1788964246574927867,ok,
std_copy_fastcdr__cpp_to_py__1000000B__10Hz__shmem_ds__best_effort,receive,sub,cpp_to_py,copy,std,fastcdr,shmem_ds,1000000,10,1,measured,20,2026-09-09T14:30:46.675668Z,157440337853899,157440335333760,157440337853899,1788964246673148271,1788964246673985239,ok,
std_copy_fastcdr__cpp_to_py__1000000B__10Hz__shmem_ds__best_effort,receive,sub,cpp_to_py,copy,std,fastcdr,shmem_ds,1000000,10,1,measured,21,2026-09-09T14:30:46.776345Z,157440438530563,157440435833881,157440438530563,1788964246773659353,1788964246774581721,ok,
std_copy_fastcdr__cpp_to_py__1000000B__10Hz__shmem_ds__best_effort,receive,sub,cpp_to_py,copy,std,fastcdr,shmem_ds,1000000,10,1,measured,22,2026-09-09T14:30:46.875480Z,157440537664970,157440535133609,157440537664970,1788964246872957038,1788964246873915905,ok,
std_copy_fastcdr__cpp_to_py__1000000B__10Hz__shmem_ds__best_effort,receive,sub,cpp_to_py,copy,std,fastcdr,shmem_ds,1000000,10,1,measured,23,2026-09-09T14:30:46.974943Z,157440637128127,157440634981341,157440637128127,1788964246972814468,1788964246973313057,ok,
std_copy_fastcdr__cpp_to_py__1000000B__10Hz__shmem_ds__best_effort,receive,sub,cpp_to_py,copy,std,fastcdr,shmem_ds,1000000,10,1,measured,24,2026-09-09T14:30:47.074048Z,157440736236276,157440734178177,157440736236276,1788964247071990675,1788964247072465059,ok,
std_copy_fastcdr__cpp_to_py__1000000B__10Hz__shmem_ds__best_effort,receive,sub,cpp_to_py,copy,std,fastcdr,shmem_ds,1000000,10,1,measured,25,2026-09-09T14:30:47.173403Z,157440835589057,157440833467128,157440835589057,1788964247171282050,1788964247171775119,ok,
std_copy_fastcdr__cpp_to_py__1000000B__10Hz__shmem_ds__best_effort,receive,sub,cpp_to_py,copy,std,fastcdr,shmem_ds,1000000,10,1,measured,26,2026-09-09T14:30:47.272785Z,157440934969791,157440932657563,157440934969791,1788964247270474649,1788964247271080852,ok,
std_copy_fastcdr__cpp_to_py__1000000B__10Hz__shmem_ds__best_effort,receive,sub,cpp_to_py,copy,std,fastcdr,shmem_ds,1000000,10,1,measured,27,2026-09-09T14:30:47.372990Z,157441035175810,157441032715152,157441035175810,1788964247370535084,1788964247371344188,ok,
std_copy_fastcdr__cpp_to_py__1000000B__10Hz__shmem_ds__best_effort,receive,sub,cpp_to_py,copy,std,fastcdr,shmem_ds,1000000,10,1,measured,28,2026-09-09T14:30:47.472614Z,157441134801565,157441132608522,157441134801565,1788964247470422572,1788964247470910452,ok,
std_copy_fastcdr__cpp_to_py__1000000B__10Hz__shmem_ds__best_effort,receive,sub,cpp_to_py,copy,std,fastcdr,shmem_ds,1000000,10,1,measured,29,2026-09-09T14:30:47.573169Z,157441235354357,157441233153399,157441235354357,1788964247570969624,1788964247571466160,ok,
std_copy_fastcdr__cpp_to_py__1000000B__10Hz__shmem_ds__best_effort,receive,sub,cpp_to_py,copy,std,fastcdr,shmem_ds,1000000,10,1,measured,30,2026-09-09T14:30:47.672318Z,157441334502813,157441332400972,157441334502813,1788964247670215944,1788964247670708352,ok,
std_copy_fastcdr__cpp_to_py__1000000B__10Hz__shmem_ds__best_effort,receive,sub,cpp_to_py,copy,std,fastcdr,shmem_ds,1000000,10,1,measured,31,2026-09-09T14:30:47.773462Z,157441435648233,157441432897048,157441435648233,1788964247770722611,1788964247771647524,ok,
std_copy_fastcdr__cpp_to_py__1000000B__10Hz__shmem_ds__best_effort,receive,sub,cpp_to_py,copy,std,fastcdr,shmem_ds,1000000,10,1,measured,32,2026-09-09T14:30:47.873008Z,157441535193196,157441532543823,157441535193196,1788964247870368945,1788964247871320217,ok,
std_copy_fastcdr__cpp_to_py__1000000B__10Hz__shmem_ds__best_effort,receive,sub,cpp_to_py,copy,std,fastcdr,shmem_ds,1000000,10,1,measured,33,2026-09-09T14:30:47.973383Z,157441635568043,157441633046461,157441635568043,1788964247970872724,1788964247971784382,ok,
std_copy_fastcdr__cpp_to_py__1000000B__10Hz__shmem_ds__best_effort,receive,sub,cpp_to_py,copy,std,fastcdr,shmem_ds,1000000,10,1,measured,34,2026-09-09T14:30:48.074477Z,157441736652980,157441733653918,157441736652980,1788964248071476103,1788964248072380939,ok,
std_copy_fastcdr__cpp_to_py__1000000B__10Hz__shmem_ds__best_effort,receive,sub,cpp_to_py,copy,std,fastcdr,shmem_ds,1000000,10,1,measured,35,2026-09-09T14:30:48.172649Z,157441834833705,157441832736692,157441834833705,1788964248170551985,1788964248171068048,ok,
std_copy_fastcdr__cpp_to_py__1000000B__10Hz__shmem_ds__best_effort,receive,sub,cpp_to_py,copy,std,fastcdr,shmem_ds,1000000,10,1,measured,36,2026-09-09T14:30:48.273511Z,157441935697145,157441933587379,157441935697145,1788964248271402581,1788964248271903055,ok,
std_copy_fastcdr__cpp_to_py__1000000B__10Hz__shmem_ds__best_effort,receive,sub,cpp_to_py,copy,std,fastcdr,shmem_ds,1000000,10,1,measured,37,2026-09-09T14:30:48.374604Z,157442036790057,157442034083286,157442036790057,1788964248371907676,1788964248372855893,ok,
std_copy_fastcdr__cpp_to_py__1000000B__10Hz__shmem_ds__best_effort,receive,sub,cpp_to_py,copy,std,fastcdr,shmem_ds,1000000,10,1,measured,38,2026-09-09T14:30:48.474312Z,157442136491077,157442133909182,157442136491077,1788964248471727180,1788964248472501980,ok,
std_copy_fastcdr__cpp_to_py__1000000B__10Hz__shmem_ds__best_effort,receive,sub,cpp_to_py,copy,std,fastcdr,shmem_ds,1000000,10,1,measured,39,2026-09-09T14:30:48.574298Z,157442236472725,157442233511154,157442236472725,1788964248571336977,1788964248572293670,ok,
std_copy_fastcdr__cpp_to_py__1000000B__10Hz__shmem_ds__best_effort,receive,sub,cpp_to_py,copy,std,fastcdr,shmem_ds,1000000,10,1,measured,40,2026-09-09T14:30:48.672773Z,157442334961050,157442332543112,157442334961050,1788964248670360509,1788964248671100464,ok,
std_copy_fastcdr__cpp_to_py__1000000B__10Hz__shmem_ds__best_effort,receive,sub,cpp_to_py,copy,std,fastcdr,shmem_ds,1000000,10,1,measured,41,2026-09-09T14:30:48.773048Z,157442435233646,157442432940915,157442435233646,1788964248770756008,1788964248771507304,ok,
std_copy_fastcdr__cpp_to_py__1000000B__10Hz__shmem_ds__best_effort,receive,sub,cpp_to_py,copy,std,fastcdr,shmem_ds,1000000,10,1,measured,42,2026-09-09T14:30:48.873649Z,157442535834532,157442532865597,157442535834532,1788964248870690077,1788964248871911418,ok,
std_copy_fastcdr__cpp_to_py__1000000B__10Hz__shmem_ds__best_effort,receive,sub,cpp_to_py,copy,std,fastcdr,shmem_ds,1000000,10,1,measured,43,2026-09-09T14:30:48.973529Z,157442635713617,157442632939549,157442635713617,1788964248970765822,1788964248972026859,ok,
std_copy_fastcdr__cpp_to_py__1000000B__10Hz__shmem_ds__best_effort,receive,sub,cpp_to_py,copy,std,fastcdr,shmem_ds,1000000,10,1,measured,44,2026-09-09T14:30:49.072874Z,157442735056924,157442732912633,157442735056924,1788964249070725541,1788964249071211317,ok,
std_copy_fastcdr__cpp_to_py__1000000B__10Hz__shmem_ds__best_effort,receive,sub,cpp_to_py,copy,std,fastcdr,shmem_ds,1000000,10,1,measured,45,2026-09-09T14:30:49.172416Z,157442834593406,157442832347523,157442834593406,1788964249170162225,1788964249170646638,ok,
std_copy_fastcdr__cpp_to_py__1000000B__10Hz__shmem_ds__best_effort,receive,sub,cpp_to_py,copy,std,fastcdr,shmem_ds,1000000,10,1,measured,46,2026-09-09T14:30:49.273447Z,157442935632730,157442932551994,157442935632730,1788964249270376063,1788964249271259779,ok,
std_copy_fastcdr__cpp_to_py__1000000B__10Hz__shmem_ds__best_effort,receive,sub,cpp_to_py,copy,std,fastcdr,shmem_ds,1000000,10,1,measured,47,2026-09-09T14:30:49.372679Z,157443034867824,157443032531561,157443034867824,1788964249370343798,1788964249370835404,ok,
std_copy_fastcdr__cpp_to_py__1000000B__10Hz__shmem_ds__best_effort,receive,sub,cpp_to_py,copy,std,fastcdr,shmem_ds,1000000,10,1,measured,48,2026-09-09T14:30:49.473244Z,157443135420771,157443132300280,157443135420771,1788964249470119700,1788964249470996122,ok,
std_copy_fastcdr__cpp_to_py__1000000B__10Hz__shmem_ds__best_effort,receive,sub,cpp_to_py,copy,std,fastcdr,shmem_ds,1000000,10,1,measured,49,2026-09-09T14:30:49.573557Z,157443235733496,157443232638332,157443235733496,1788964249570457983,1788964249571290873,ok,
std_copy_fastcdr__cpp_to_py__1000000B__10Hz__shmem_ds__best_effort,receive,sub,cpp_to_py,copy,std,fastcdr,shmem_ds,1000000,10,1,measured,50,2026-09-09T14:30:49.672889Z,157443335070291,157443332468177,157443335070291,1788964249670281607,1788964249670771520,ok,
std_copy_fastcdr__cpp_to_py__1000000B__10Hz__shmem_ds__best_effort,receive,sub,cpp_to_py,copy,std,fastcdr,shmem_ds,1000000,10,1,measured,51,2026-09-09T14:30:49.773044Z,157443435228825,157443432346323,157443435228825,1788964249770171925,1788964249771117677,ok,
std_copy_fastcdr__cpp_to_py__1000000B__10Hz__shmem_ds__best_effort,receive,sub,cpp_to_py,copy,std,fastcdr,shmem_ds,1000000,10,1,measured,52,2026-09-09T14:30:49.872094Z,157443534279892,157443531528447,157443534279892,1788964249869343920,1788964249870247944,ok,
std_copy_fastcdr__cpp_to_py__1000000B__10Hz__shmem_ds__best_effort,receive,sub,cpp_to_py,copy,std,fastcdr,shmem_ds,1000000,10,1,measured,53,2026-09-09T14:30:49.970865Z,157443633049068,157443630672379,157443633049068,1788964249968487150,1788964249969051103,ok,
std_copy_fastcdr__cpp_to_py__1000000B__10Hz__shmem_ds__best_effort,receive,sub,cpp_to_py,copy,std,fastcdr,shmem_ds,1000000,10,1,measured,54,2026-09-09T14:30:50.071362Z,157443733546252,157443731313614,157443733546252,1788964250069129067,1788964250069632546,ok,
std_copy_fastcdr__cpp_to_py__1000000B__10Hz__shmem_ds__best_effort,receive,sub,cpp_to_py,copy,std,fastcdr,shmem_ds,1000000,10,1,measured,55,2026-09-09T14:30:50.171309Z,157443833495083,157443831270150,157443833495083,1788964250169083780,1788964250169598981,ok,
std_copy_fastcdr__cpp_to_py__1000000B__10Hz__shmem_ds__best_effort,receive,sub,cpp_to_py,copy,std,fastcdr,shmem_ds,1000000,10,1,measured,56,2026-09-09T14:30:50.271144Z,157443933329629,157443931160981,157443933329629,1788964250268975894,1788964250269461278,ok,
std_copy_fastcdr__cpp_to_py__1000000B__10Hz__shmem_ds__best_effort,receive,sub,cpp_to_py,copy,std,fastcdr,shmem_ds,1000000,10,1,measured,57,2026-09-09T14:30:50.372170Z,157444034354658,157444032148680,157444034354658,1788964250369964434,1788964250370456261,ok,
std_copy_fastcdr__cpp_to_py__1000000B__10Hz__shmem_ds__best_effort,receive,sub,cpp_to_py,copy,std,fastcdr,shmem_ds,1000000,10,1,measured,58,2026-09-09T14:30:50.473141Z,157444135319704,157444132339668,157444135319704,1788964250470160261,1788964250471032765,ok,
std_copy_fastcdr__cpp_to_py__1000000B__10Hz__shmem_ds__best_effort,receive,sub,cpp_to_py,copy,std,fastcdr,shmem_ds,1000000,10,1,measured,59,2026-09-09T14:30:50.572689Z,157444234873531,157444232575079,157444234873531,1788964250570390061,1788964250570888721,ok,
std_copy_fastcdr__cpp_to_py__1000000B__10Hz__shmem_ds__best_effort,receive,sub,cpp_to_py,copy,std,fastcdr,shmem_ds,1000000,10,1,measured,60,2026-09-09T14:30:50.673870Z,157444336015701,157444332726782,157444336015701,1788964250670541935,1788964250671324169,ok,
std_copy_fastcdr__cpp_to_py__1000000B__10Hz__shmem_ds__best_effort,receive,sub,cpp_to_py,copy,std,fastcdr,shmem_ds,1000000,10,1,measured,61,2026-09-09T14:30:50.774392Z,157444436577597,157444433455953,157444436577597,1788964250771281315,1788964250772593258,ok,
std_copy_fastcdr__cpp_to_py__1000000B__10Hz__shmem_ds__best_effort,receive,sub,cpp_to_py,copy,std,fastcdr,shmem_ds,1000000,10,1,measured,62,2026-09-09T14:30:50.874040Z,157444536224590,157444533404174,157444536224590,1788964250871219968,1788964250872363884,ok,
std_copy_fastcdr__cpp_to_py__1000000B__10Hz__shmem_ds__best_effort,receive,sub,cpp_to_py,copy,std,fastcdr,shmem_ds,1000000,10,1,measured,63,2026-09-09T14:30:50.974725Z,157444636910890,157444634053104,157444636910890,1788964250971874629,1788964250973077255,ok,
std_copy_fastcdr__cpp_to_py__1000000B__10Hz__shmem_ds__best_effort,receive,sub,cpp_to_py,copy,std,fastcdr,shmem_ds,1000000,10,1,measured,64,2026-09-09T14:30:51.074327Z,157444736513641,157444734037234,157444736513641,1788964251071857306,1788964251072768743,ok,
std_copy_fastcdr__cpp_to_py__1000000B__10Hz__shmem_ds__best_effort,receive,sub,cpp_to_py,copy,std,fastcdr,shmem_ds,1000000,10,1,measured,65,2026-09-09T14:30:51.174588Z,157444836765786,157444833926074,157444836765786,1788964251171747128,1788964251172623209,ok,
std_copy_fastcdr__cpp_to_py__1000000B__10Hz__shmem_ds__best_effort,receive,sub,cpp_to_py,copy,std,fastcdr,shmem_ds,1000000,10,1,measured,66,2026-09-09T14:30:51.273835Z,157444936020842,157444933546469,157444936020842,1788964251271360930,1788964251271944560,ok,
std_copy_fastcdr__cpp_to_py__1000000B__10Hz__shmem_ds__best_effort,receive,sub,cpp_to_py,copy,std,fastcdr,shmem_ds,1000000,10,1,measured,67,2026-09-09T14:30:51.373746Z,157445035932334,157445033143709,157445035932334,1788964251370967888,1788964251371902480,ok,
std_copy_fastcdr__cpp_to_py__1000000B__10Hz__shmem_ds__best_effort,receive,sub,cpp_to_py,copy,std,fastcdr,shmem_ds,1000000,10,1,measured,68,2026-09-09T14:30:51.473478Z,157445135663006,157445133192139,157445135663006,1788964251471016740,1788964251471736166,ok,
std_copy_fastcdr__cpp_to_py__1000000B__10Hz__shmem_ds__best_effort,receive,sub,cpp_to_py,copy,std,fastcdr,shmem_ds,1000000,10,1,measured,69,2026-09-09T14:30:51.573366Z,157445235550805,157445232918043,157445235550805,1788964251570743305,1788964251571639083,ok,
std_copy_fastcdr__cpp_to_py__1000000B__10Hz__shmem_ds__best_effort,receive,sub,cpp_to_py,copy,std,fastcdr,shmem_ds,1000000,10,1,measured,70,2026-09-09T14:30:51.673895Z,157445336080413,157445333440998,157445336080413,1788964251671261771,1788964251672135418,ok,
std_copy_fastcdr__cpp_to_py__1000000B__10Hz__shmem_ds__best_effort,receive,sub,cpp_to_py,copy,std,fastcdr,shmem_ds,1000000,10,1,measured,71,2026-09-09T14:30:51.772857Z,157445435042958,157445433013843,157445435042958,1788964251770827263,1788964251771276950,ok,
std_copy_fastcdr__cpp_to_py__1000000B__10Hz__shmem_ds__best_effort,receive,sub,cpp_to_py,copy,std,fastcdr,shmem_ds,1000000,10,1,measured,72,2026-09-09T14:30:51.873604Z,157445535788393,157445533432302,157445535788393,1788964251871267543,1788964251871936183,ok,
std_copy_fastcdr__cpp_to_py__1000000B__10Hz__shmem_ds__best_effort,receive,sub,cpp_to_py,copy,std,fastcdr,shmem_ds,1000000,10,1,measured,73,2026-09-09T14:30:51.974469Z,157445636653674,157445633889123,157445636653674,1788964251971714164,1788964251972641011,ok,
std_copy_fastcdr__cpp_to_py__1000000B__10Hz__shmem_ds__best_effort,receive,sub,cpp_to_py,copy,std,fastcdr,shmem_ds,1000000,10,1,measured,74,2026-09-09T14:30:52.074681Z,157445736860506,157445734187027,157445736860506,1788964252072010495,1788964252072878952,ok,
std_copy_fastcdr__cpp_to_py__1000000B__10Hz__shmem_ds__best_effort,receive,sub,cpp_to_py,copy,std,fastcdr,shmem_ds,1000000,10,1,measured,75,2026-09-09T14:30:52.175506Z,157445837683128,157445834820803,157445837683128,1788964252172645674,1788964252173560668,ok,
std_copy_fastcdr__cpp_to_py__1000000B__10Hz__shmem_ds__best_effort,receive,sub,cpp_to_py,copy,std,fastcdr,shmem_ds,1000000,10,1,measured,76,2026-09-09T14:30:52.276017Z,157445938194014,157445935391802,157445938194014,1788964252273214158,1788964252274128341,ok,
std_copy_fastcdr__cpp_to_py__1000000B__10Hz__shmem_ds__best_effort,receive,sub,cpp_to_py,copy,std,fastcdr,shmem_ds,1000000,10,1,measured,77,2026-09-09T14:30:52.376312Z,157446038492969,157446035694274,157446038492969,1788964252373513093,1788964252374210939,ok,
std_copy_fastcdr__cpp_to_py__1000000B__10Hz__shmem_ds__best_effort,receive,sub,cpp_to_py,copy,std,fastcdr,shmem_ds,1000000,10,1,measured,78,2026-09-09T14:30:52.476643Z,157446138828533,157446136282544,157446138828533,1788964252474097617,1788964252474718327,ok,
std_copy_fastcdr__cpp_to_py__1000000B__10Hz__shmem_ds__best_effort,receive,sub,cpp_to_py,copy,std,fastcdr,shmem_ds,1000000,10,1,measured,79,2026-09-09T14:30:52.576705Z,157446238891063,157446236088311,157446238891063,1788964252573910917,1788964252574856339,ok,
std_copy_fastcdr__cpp_to_py__1000000B__10Hz__shmem_ds__best_effort,receive,sub,cpp_to_py,copy,std,fastcdr,shmem_ds,1000000,10,1,measured,80,2026-09-09T14:30:52.677481Z,157446339667078,157446336963693,157446339667078,1788964252674788704,1788964252675651149,ok,
std_copy_fastcdr__cpp_to_py__1000000B__10Hz__shmem_ds__best_effort,receive,sub,cpp_to_py,copy,std,fastcdr,shmem_ds,1000000,10,1,measured,81,2026-09-09T14:30:52.777425Z,157446439600534,157446436660473,157446439600534,1788964252774484292,1788964252775384940,ok,
std_copy_fastcdr__cpp_to_py__1000000B__10Hz__shmem_ds__best_effort,receive,sub,cpp_to_py,copy,std,fastcdr,shmem_ds,1000000,10,1,measured,82,2026-09-09T14:30:52.876656Z,157446538842187,157446536258197,157446538842187,1788964252874082768,1788964252874987823,ok,
std_copy_fastcdr__cpp_to_py__1000000B__10Hz__shmem_ds__best_effort,receive,sub,cpp_to_py,copy,std,fastcdr,shmem_ds,1000000,10,1,measured,83,2026-09-09T14:30:52.977338Z,157446639514797,157446636735229,157446639514797,1788964252974558988,1788964252975441411,ok,
std_copy_fastcdr__cpp_to_py__1000000B__10Hz__shmem_ds__best_effort,receive,sub,cpp_to_py,copy,std,fastcdr,shmem_ds,1000000,10,1,measured,84,2026-09-09T14:30:53.077409Z,157446739594872,157446736921824,157446739594872,1788964253074745222,1788964253075610042,ok,
std_copy_fastcdr__cpp_to_py__1000000B__10Hz__shmem_ds__best_effort,receive,sub,cpp_to_py,copy,std,fastcdr,shmem_ds,1000000,10,1,measured,85,2026-09-09T14:30:53.177040Z,157446839221833,157446836624839,157446839221833,1788964253174442566,1788964253175183663,ok,
std_copy_fastcdr__cpp_to_py__1000000B__10Hz__shmem_ds__best_effort,receive,sub,cpp_to_py,copy,std,fastcdr,shmem_ds,1000000,10,1,measured,86,2026-09-09T14:30:53.276668Z,157446938854325,157446935904876,157446938854325,1788964253273728365,1788964253274639171,ok,
std_copy_fastcdr__cpp_to_py__1000000B__10Hz__shmem_ds__best_effort,receive,sub,cpp_to_py,copy,std,fastcdr,shmem_ds,1000000,10,1,measured,87,2026-09-09T14:30:53.376436Z,157447038625659,157447036149292,157447038625659,1788964253373964815,1788964253374551501,ok,
std_copy_fastcdr__cpp_to_py__1000000B__10Hz__shmem_ds__best_effort,receive,sub,cpp_to_py,copy,std,fastcdr,shmem_ds,1000000,10,1,measured,88,2026-09-09T14:30:53.476649Z,157447138834678,157447136331491,157447138834678,1788964253474144930,1788964253474739731,ok,
std_copy_fastcdr__cpp_to_py__1000000B__10Hz__shmem_ds__best_effort,receive,sub,cpp_to_py,copy,std,fastcdr,shmem_ds,1000000,10,1,measured,89,2026-09-09T14:30:53.576598Z,157447238782183,157447236383462,157447238782183,1788964253574208854,1788964253574871483,ok,
std_copy_fastcdr__cpp_to_py__1000000B__10Hz__shmem_ds__best_effort,receive,sub,cpp_to_py,copy,std,fastcdr,shmem_ds,1000000,10,1,measured,90,2026-09-09T14:30:53.677199Z,157447339384352,157447336607238,157447339384352,1788964253674432440,1788964253675299624,ok,
std_copy_fastcdr__cpp_to_py__1000000B__10Hz__shmem_ds__best_effort,receive,sub,cpp_to_py,copy,std,fastcdr,shmem_ds,1000000,10,1,measured,91,2026-09-09T14:30:53.775697Z,157447437884430,157447435717596,157447437884430,1788964253773531827,1788964253774048340,ok,
std_copy_fastcdr__cpp_to_py__1000000B__10Hz__shmem_ds__best_effort,receive,sub,cpp_to_py,copy,std,fastcdr,shmem_ds,1000000,10,1,measured,92,2026-09-09T14:30:53.875422Z,157447537607543,157447535462991,157447537607543,1788964253873288323,1788964253873771163,ok,
std_copy_fastcdr__cpp_to_py__1000000B__10Hz__shmem_ds__best_effort,receive,sub,cpp_to_py,copy,std,fastcdr,shmem_ds,1000000,10,1,measured,93,2026-09-09T14:30:53.976608Z,157447638787000,157447635926679,157447638787000,1788964253973747513,1788964253974608275,ok,
std_copy_fastcdr__cpp_to_py__1000000B__10Hz__shmem_ds__best_effort,receive,sub,cpp_to_py,copy,std,fastcdr,shmem_ds,1000000,10,1,measured,94,2026-09-09T14:30:54.076856Z,157447739041586,157447736148694,157447739041586,1788964254073967844,1788964254074878941,ok,
std_copy_fastcdr__cpp_to_py__1000000B__10Hz__shmem_ds__best_effort,receive,sub,cpp_to_py,copy,std,fastcdr,shmem_ds,1000000,10,1,measured,95,2026-09-09T14:30:54.176589Z,157447838766895,157447835942462,157447838766895,1788964254173763375,1788964254174609420,ok,
std_copy_fastcdr__cpp_to_py__1000000B__10Hz__shmem_ds__best_effort,receive,sub,cpp_to_py,copy,std,fastcdr,shmem_ds,1000000,10,1,measured,96,2026-09-09T14:30:54.277616Z,157447939791664,157447936806337,157447939791664,1788964254274624736,1788964254275502230,ok,
std_copy_fastcdr__cpp_to_py__1000000B__10Hz__shmem_ds__best_effort,receive,sub,cpp_to_py,copy,std,fastcdr,shmem_ds,1000000,10,1,measured,97,2026-09-09T14:30:54.377586Z,157448039768296,157448037284965,157448039768296,1788964254375099357,1788964254375705860,ok,
std_copy_fastcdr__cpp_to_py__1000000B__10Hz__shmem_ds__best_effort,receive,sub,cpp_to_py,copy,std,fastcdr,shmem_ds,1000000,10,1,measured,98,2026-09-09T14:30:54.476816Z,157448138997299,157448136744022,157448138997299,1788964254474557261,1788964254475080097,ok,
std_copy_fastcdr__cpp_to_py__1000000B__10Hz__shmem_ds__best_effort,receive,sub,cpp_to_py,copy,std,fastcdr,shmem_ds,1000000,10,1,measured,99,2026-09-09T14:30:54.577061Z,157448239245985,157448236805244,157448239245985,1788964254574620287,1788964254575148162,ok,
std_copy_fastcdr__cpp_to_py__1000000B__10Hz__shmem_ds__best_effort,receive,sub,cpp_to_py,copy,std,fastcdr,shmem_ds,1000000,10,1,measured,100,2026-09-09T14:30:54.676058Z,157448338244213,157448336016505,157448338244213,1788964254673830936,1788964254674352479,ok,
std_copy_fastcdr__cpp_to_py__1000000B__10Hz__shmem_ds__best_effort,receive,sub,cpp_to_py,copy,std,fastcdr,shmem_ds,1000000,10,1,measured,101,2026-09-09T14:30:54.777519Z,157448439694855,157448436629768,157448439694855,1788964254774454439,1788964254775353683,ok,
std_copy_fastcdr__cpp_to_py__1000000B__10Hz__shmem_ds__best_effort,receive,sub,cpp_to_py,copy,std,fastcdr,shmem_ds,1000000,10,1,measured,102,2026-09-09T14:30:54.876652Z,157448538837145,157448536100246,157448538837145,1788964254873914487,1788964254874782884,ok,
std_copy_fastcdr__cpp_to_py__1000000B__10Hz__shmem_ds__best_effort,receive,sub,cpp_to_py,copy,std,fastcdr,shmem_ds,1000000,10,1,measured,103,2026-09-09T14:30:54.975977Z,157448638163161,157448635286460,157448638163161,1788964254973111030,1788964254973984396,ok,
std_copy_fastcdr__cpp_to_py__1000000B__10Hz__shmem_ds__best_effort,receive,sub,cpp_to_py,copy,std,fastcdr,shmem_ds,1000000,10,1,measured,104,2026-09-09T14:30:55.076299Z,157448738482311,157448736058322,157448738482311,1788964255073873775,1788964255074471071,ok,
std_copy_fastcdr__cpp_to_py__1000000B__10Hz__shmem_ds__best_effort,receive,sub,cpp_to_py,copy,std,fastcdr,shmem_ds,1000000,10,1,measured,105,2026-09-09T14:30:55.176383Z,157448838567200,157448836019729,157448838567200,1788964255173834050,1788964255174509733,ok,
std_copy_fastcdr__cpp_to_py__1000000B__10Hz__shmem_ds__best_effort,receive,sub,cpp_to_py,copy,std,fastcdr,shmem_ds,1000000,10,1,measured,106,2026-09-09T14:30:55.275694Z,157448937875826,157448935233115,157448937875826,1788964255273050261,1788964255273870778,ok,
std_copy_fastcdr__cpp_to_py__1000000B__10Hz__shmem_ds__best_effort,receive,sub,cpp_to_py,copy,std,fastcdr,shmem_ds,1000000,10,1,measured,107,2026-09-09T14:30:55.376207Z,157449038389103,157449035620044,157449038389103,1788964255373437912,1788964255374231387,ok,
std_copy_fastcdr__cpp_to_py__1000000B__10Hz__shmem_ds__best_effort,receive,sub,cpp_to_py,copy,std,fastcdr,shmem_ds,1000000,10,1,measured,108,2026-09-09T14:30:55.474977Z,157449137162780,157449134871992,157449137162780,1788964255472688067,1788964255473183881,ok,
std_copy_fastcdr__cpp_to_py__1000000B__10Hz__shmem_ds__best_effort,receive,sub,cpp_to_py,copy,std,fastcdr,shmem_ds,1000000,10,1,measured,109,2026-09-09T14:30:55.575619Z,157449237805390,157449235313994,157449237805390,1788964255573128516,1788964255573793970,ok,
std_copy_fastcdr__cpp_to_py__1000000B__10Hz__shmem_ds__best_effort,receive,sub,cpp_to_py,copy,std,fastcdr,shmem_ds,1000000,10,1,measured,110,2026-09-09T14:30:55.675545Z,157449337735107,157449335519821,157449337735107,1788964255673331197,1788964255673737182,ok,
std_copy_fastcdr__cpp_to_py__1000000B__10Hz__shmem_ds__best_effort,receive,sub,cpp_to_py,copy,std,fastcdr,shmem_ds,1000000,10,1,measured,111,2026-09-09T14:30:55.775311Z,157449437497508,157449435233070,157449437497508,1788964255773048703,1788964255773528708,ok,
std_copy_fastcdr__cpp_to_py__1000000B__10Hz__shmem_ds__best_effort,receive,sub,cpp_to_py,copy,std,fastcdr,shmem_ds,1000000,10,1,measured,112,2026-09-09T14:30:55.876763Z,157449538939334,157449535771925,157449538939334,1788964255873594091,1788964255874533912,ok,
std_copy_fastcdr__cpp_to_py__1000000B__10Hz__shmem_ds__best_effort,receive,sub,cpp_to_py,copy,std,fastcdr,shmem_ds,1000000,10,1,measured,113,2026-09-09T14:30:55.977457Z,157449639631377,157449636630922,157449639631377,1788964255974454932,1788964255975360378,ok,
std_copy_fastcdr__cpp_to_py__1000000B__10Hz__shmem_ds__best_effort,receive,sub,cpp_to_py,copy,std,fastcdr,shmem_ds,1000000,10,1,measured,114,2026-09-09T14:30:56.078184Z,157449740369820,157449737623163,157449740369820,1788964256075447162,1788964256076354172,ok,
std_copy_fastcdr__cpp_to_py__1000000B__10Hz__shmem_ds__best_effort,receive,sub,cpp_to_py,copy,std,fastcdr,shmem_ds,1000000,10,1,measured,115,2026-09-09T14:30:56.178147Z,157449840325467,157449837406526,157449840325467,1788964256175228762,1788964256176131543,ok,
std_copy_fastcdr__cpp_to_py__1000000B__10Hz__shmem_ds__best_effort,receive,sub,cpp_to_py,copy,std,fastcdr,shmem_ds,1000000,10,1,measured,116,2026-09-09T14:30:56.277355Z,157449939541851,157449937148240,157449939541851,1788964256274962330,1788964256275438899,ok,
std_copy_fastcdr__cpp_to_py__1000000B__10Hz__shmem_ds__best_effort,receive,sub,cpp_to_py,copy,std,fastcdr,shmem_ds,1000000,10,1,measured,117,2026-09-09T14:30:56.378591Z,157450040777642,157450037815959,157450040777642,1788964256375638666,1788964256376586312,ok,
std_copy_fastcdr__cpp_to_py__1000000B__10Hz__shmem_ds__best_effort,receive,sub,cpp_to_py,copy,std,fastcdr,shmem_ds,1000000,10,1,measured,118,2026-09-09T14:30:56.479152Z,157450141330565,157450138344527,157450141330565,1788964256476168275,1788964256477107806,ok,
std_copy_fastcdr__cpp_to_py__1000000B__10Hz__shmem_ds__best_effort,receive,sub,cpp_to_py,copy,std,fastcdr,shmem_ds,1000000,10,1,measured,119,2026-09-09T14:30:56.578637Z,157450240821848,157450238656256,157450240821848,1788964256576471659,1788964256576967473,ok,
std_copy_fastcdr__cpp_to_py__1000000B__10Hz__shmem_ds__best_effort,receive,sub,cpp_to_py,copy,std,fastcdr,shmem_ds,1000000,10,1,measured,120,2026-09-09T14:30:56.680066Z,157450342244109,157450339425216,157450342244109,1788964256677246861,1788964256678139744,ok,
std_copy_fastcdr__cpp_to_py__1000000B__10Hz__shmem_ds__best_effort,receive,sub,cpp_to_py,copy,std,fastcdr,shmem_ds,1000000,10,1,measured,121,2026-09-09T14:30:56.778939Z,157450441124651,157450438554977,157450441124651,1788964256776369569,1788964256777030114,ok,
std_copy_fastcdr__cpp_to_py__1000000B__10Hz__shmem_ds__best_effort,receive,sub,cpp_to_py,copy,std,fastcdr,shmem_ds,1000000,10,1,measured,122,2026-09-09T14:30:56.878876Z,157450541053418,157450538208987,157450541053418,1788964256876029459,1788964256877000349,ok,
std_copy_fastcdr__cpp_to_py__1000000B__10Hz__shmem_ds__best_effort,receive,sub,cpp_to_py,copy,std,fastcdr,shmem_ds,1000000,10,1,measured,123,2026-09-09T14:30:56.978565Z,157450640739347,157450637797352,157450640739347,1788964256975622904,1788964256976512671,ok,
std_copy_fastcdr__cpp_to_py__1000000B__10Hz__shmem_ds__best_effort,receive,sub,cpp_to_py,copy,std,fastcdr,shmem_ds,1000000,10,1,measured,124,2026-09-09T14:30:57.077540Z,157450739725710,157450737621042,157450739725710,1788964257075434271,1788964257075909467,ok,
std_copy_fastcdr__cpp_to_py__1000000B__10Hz__shmem_ds__best_effort,receive,sub,cpp_to_py,copy,std,fastcdr,shmem_ds,1000000,10,1,measured,125,2026-09-09T14:30:57.177114Z,157450839299470,157450836946244,157450839299470,1788964257174760776,1788964257175242824,ok,
std_copy_fastcdr__cpp_to_py__1000000B__10Hz__shmem_ds__best_effort,receive,sub,cpp_to_py,copy,std,fastcdr,shmem_ds,1000000,10,1,measured,126,2026-09-09T14:30:57.278102Z,157450940287425,157450937650134,157450940287425,1788964257275464816,1788964257276193209,ok,
std_copy_fastcdr__cpp_to_py__1000000B__10Hz__shmem_ds__best_effort,receive,sub,cpp_to_py,copy,std,fastcdr,shmem_ds,1000000,10,1,measured,127,2026-09-09T14:30:57.378330Z,157451040514757,157451037625612,157451040514757,1788964257375451355,1788964257376323428,ok,
std_copy_fastcdr__cpp_to_py__1000000B__10Hz__shmem_ds__best_effort,receive,sub,cpp_to_py,copy,std,fastcdr,shmem_ds,1000000,10,1,measured,128,2026-09-09T14:30:57.477581Z,157451139763915,157451137199602,157451139763915,1788964257475017169,1788964257475698694,ok,
std_copy_fastcdr__cpp_to_py__1000000B__10Hz__shmem_ds__best_effort,receive,sub,cpp_to_py,copy,std,fastcdr,shmem_ds,1000000,10,1,measured,129,2026-09-09T14:30:57.578645Z,157451240830460,157451237842378,157451240830460,1788964257575667319,1788964257576591090,ok,
std_copy_fastcdr__cpp_to_py__1000000B__10Hz__shmem_ds__best_effort,receive,sub,cpp_to_py,copy,std,fastcdr,shmem_ds,1000000,10,1,measured,130,2026-09-09T14:30:57.677913Z,157451340101449,157451337696756,157451340101449,1788964257675512861,1788964257676144662,ok,
std_copy_fastcdr__cpp_to_py__1000000B__10Hz__shmem_ds__best_effort,receive,sub,cpp_to_py,copy,std,fastcdr,shmem_ds,1000000,10,1,measured,131,2026-09-09T14:30:57.776915Z,157451439101768,157451436860303,157451439101768,1788964257774672741,1788964257775213680,ok,
std_copy_fastcdr__cpp_to_py__1000000B__10Hz__shmem_ds__best_effort,receive,sub,cpp_to_py,copy,std,fastcdr,shmem_ds,1000000,10,1,measured,132,2026-09-09T14:30:57.877917Z,157451540102859,157451537606944,157451540102859,1788964257875419472,1788964257876052184,ok,
std_copy_fastcdr__cpp_to_py__1000000B__10Hz__shmem_ds__best_effort,receive,sub,cpp_to_py,copy,std,fastcdr,shmem_ds,1000000,10,1,measured,133,2026-09-09T14:30:57.979084Z,157451641259401,157451638195416,157451641259401,1788964257976019165,1788964257976857044,ok,
std_copy_fastcdr__cpp_to_py__1000000B__10Hz__shmem_ds__best_effort,receive,sub,cpp_to_py,copy,std,fastcdr,shmem_ds,1000000,10,1,measured,134,2026-09-09T14:30:58.079110Z,157451741297678,157451738993465,157451741297678,1788964258076816663,1788964258077353966,ok,
std_copy_fastcdr__cpp_to_py__1000000B__10Hz__shmem_ds__best_effort,receive,sub,cpp_to_py,copy,std,fastcdr,shmem_ds,1000000,10,1,measured,135,2026-09-09T14:30:58.179785Z,157451841970592,157451839705182,157451841970592,1788964258177519794,1788964258178006351,ok,
std_copy_fastcdr__cpp_to_py__1000000B__10Hz__shmem_ds__best_effort,receive,sub,cpp_to_py,copy,std,fastcdr,shmem_ds,1000000,10,1,measured,136,2026-09-09T14:30:58.279460Z,157451941644453,157451938770596,157451941644453,1788964258276594926,1788964258277456961,ok,
std_copy_fastcdr__cpp_to_py__1000000B__10Hz__shmem_ds__best_effort,receive,sub,cpp_to_py,copy,std,fastcdr,shmem_ds,1000000,10,1,measured,137,2026-09-09T14:30:58.379688Z,157452041874782,157452039250536,157452041874782,1788964258377070247,1788964258377929807,ok,
std_copy_fastcdr__cpp_to_py__1000000B__10Hz__shmem_ds__best_effort,receive,sub,cpp_to_py,copy,std,fastcdr,shmem_ds,1000000,10,1,measured,138,2026-09-09T14:30:58.479332Z,157452141504711,157452138392224,157452141504711,1788964258476217907,1788964258477253328,ok,
std_copy_fastcdr__cpp_to_py__1000000B__10Hz__shmem_ds__best_effort,receive,sub,cpp_to_py,copy,std,fastcdr,shmem_ds,1000000,10,1,measured,139,2026-09-09T14:30:58.577901Z,157452240086463,157452237805524,157452240086463,1788964258575620837,1788964258576126520,ok,
std_copy_fastcdr__cpp_to_py__1000000B__10Hz__shmem_ds__best_effort,receive,sub,cpp_to_py,copy,std,fastcdr,shmem_ds,1000000,10,1,measured,140,2026-09-09T14:30:58.678768Z,157452340943184,157452338063977,157452340943184,1788964258675886544,1788964258676689427,ok,
std_copy_fastcdr__cpp_to_py__1000000B__10Hz__shmem_ds__best_effort,receive,sub,cpp_to_py,copy,std,fastcdr,shmem_ds,1000000,10,1,measured,141,2026-09-09T14:30:58.778016Z,157452440199778,157452437949397,157452440199778,1788964258775764720,1788964258776252419,ok,
std_copy_fastcdr__cpp_to_py__1000000B__10Hz__shmem_ds__best_effort,receive,sub,cpp_to_py,copy,std,fastcdr,shmem_ds,1000000,10,1,measured,142,2026-09-09T14:30:58.878426Z,157452540601100,157452537623487,157452540601100,1788964258875447406,1788964258876400152,ok,
std_copy_fastcdr__cpp_to_py__1000000B__10Hz__shmem_ds__best_effort,receive,sub,cpp_to_py,copy,std,fastcdr,shmem_ds,1000000,10,1,measured,143,2026-09-09T14:30:58.978037Z,157452640211962,157452637335531,157452640211962,1788964258975158799,1788964258976055389,ok,
std_copy_fastcdr__cpp_to_py__1000000B__10Hz__shmem_ds__best_effort,receive,sub,cpp_to_py,copy,std,fastcdr,shmem_ds,1000000,10,1,measured,144,2026-09-09T14:30:59.078403Z,157452740589371,157452737740551,157452740589371,1788964259075561535,1788964259076478052,ok,
std_copy_fastcdr__cpp_to_py__1000000B__10Hz__shmem_ds__best_effort,receive,sub,cpp_to_py,copy,std,fastcdr,shmem_ds,1000000,10,1,measured,145,2026-09-09T14:30:59.178177Z,157452840352894,157452837421709,157452840352894,1788964259175246609,1788964259176145303,ok,
std_copy_fastcdr__cpp_to_py__1000000B__10Hz__shmem_ds__best_effort,receive,sub,cpp_to_py,copy,std,fastcdr,shmem_ds,1000000,10,1,measured,146,2026-09-09T14:30:59.277788Z,157452939972695,157452937898505,157452939972695,1788964259275712927,1788964259276185157,ok,
std_copy_fastcdr__cpp_to_py__1000000B__10Hz__shmem_ds__best_effort,receive,sub,cpp_to_py,copy,std,fastcdr,shmem_ds,1000000,10,1,measured,147,2026-09-09T14:30:59.378222Z,157453040406961,157453037232758,157453040406961,1788964259375058501,1788964259376352600,ok,
std_copy_fastcdr__cpp_to_py__1000000B__10Hz__shmem_ds__best_effort,receive,sub,cpp_to_py,copy,std,fastcdr,shmem_ds,1000000,10,1,measured,148,2026-09-09T14:30:59.478051Z,157453140235696,157453137540295,157453140235696,1788964259475365367,1788964259476226490,ok,
std_copy_fastcdr__cpp_to_py__1000000B__10Hz__shmem_ds__best_effort,receive,sub,cpp_to_py,copy,std,fastcdr,shmem_ds,1000000,10,1,measured,149,2026-09-09T14:30:59.577100Z,157453239282177,157453236698117,157453239282177,1788964259574521905,1788964259575417393,ok,
std_copy_fastcdr__cpp_to_py__1000000B__10Hz__shmem_ds__best_effort,receive,sub,cpp_to_py,copy,std,fastcdr,shmem_ds,1000000,10,1,measured,150,2026-09-09T14:30:59.677346Z,157453339520985,157453336498368,157453339520985,1788964259674323830,1788964259675220460,ok,
std_copy_fastcdr__cpp_to_py__1000000B__10Hz__shmem_ds__best_effort,receive,sub,cpp_to_py,copy,std,fastcdr,shmem_ds,1000000,10,1,measured,151,2026-09-09T14:30:59.776716Z,157453438895935,157453436212978,157453438895935,1788964259774032519,1788964259774734712,ok,
std_copy_fastcdr__cpp_to_py__1000000B__10Hz__shmem_ds__best_effort,receive,sub,cpp_to_py,copy,std,fastcdr,shmem_ds,1000000,10,1,measured,152,2026-09-09T14:30:59.877149Z,157453539334259,157453536252210,157453539334259,1788964259874075568,1788964259875277464,ok,
std_copy_fastcdr__cpp_to_py__1000000B__10Hz__shmem_ds__best_effort,receive,sub,cpp_to_py,copy,std,fastcdr,shmem_ds,1000000,10,1,measured,153,2026-09-09T14:30:59.977050Z,157453639235200,157453636586578,157453639235200,1788964259974407802,1788964259975309542,ok,
std_copy_fastcdr__cpp_to_py__1000000B__10Hz__shmem_ds__best_effort,receive,sub,cpp_to_py,copy,std,fastcdr,shmem_ds,1000000,10,1,measured,154,2026-09-09T14:31:00.077551Z,157453739736846,157453737035294,157453739736846,1788964260074857590,1788964260075650926,ok,
std_copy_fastcdr__cpp_to_py__1000000B__10Hz__shmem_ds__best_effort,receive,sub,cpp_to_py,copy,std,fastcdr,shmem_ds,1000000,10,1,measured,155,2026-09-09T14:31:00.177519Z,157453839705006,157453837038059,157453839705006,1788964260174854263,1788964260175776111,ok,
std_copy_fastcdr__cpp_to_py__1000000B__10Hz__shmem_ds__best_effort,receive,sub,cpp_to_py,copy,std,fastcdr,shmem_ds,1000000,10,1,measured,156,2026-09-09T14:31:00.278259Z,157453940434060,157453937081762,157453940434060,1788964260274904939,1788964260276199239,ok,
std_copy_fastcdr__cpp_to_py__1000000B__10Hz__shmem_ds__best_effort,receive,sub,cpp_to_py,copy,std,fastcdr,shmem_ds,1000000,10,1,measured,157,2026-09-09T14:31:00.376941Z,157454039126516,157454036875163,157454039126516,1788964260374690225,1788964260375170691,ok,
std_copy_fastcdr__cpp_to_py__1000000B__10Hz__shmem_ds__best_effort,receive,sub,cpp_to_py,copy,std,fastcdr,shmem_ds,1000000,10,1,measured,158,2026-09-09T14:31:00.478208Z,157454140383116,157454137462771,157454140383116,1788964260475288444,1788964260476158824,ok,
std_copy_fastcdr__cpp_to_py__1000000B__10Hz__shmem_ds__best_effort,receive,sub,cpp_to_py,copy,std,fastcdr,shmem_ds,1000000,10,1,measured,159,2026-09-09T14:31:00.577437Z,157454239623123,157454236839887,157454239623123,1788964260574664247,1788964260575597055,ok,
std_copy_fastcdr__cpp_to_py__1000000B__10Hz__shmem_ds__best_effort,receive,sub,cpp_to_py,copy,std,fastcdr,shmem_ds,1000000,10,1,measured,160,2026-09-09T14:31:00.677227Z,157454339404602,157454336540563,157454339404602,1788964260674363421,1788964260675265050,ok,
std_copy_fastcdr__cpp_to_py__1000000B__10Hz__shmem_ds__best_effort,receive,sub,cpp_to_py,copy,std,fastcdr,shmem_ds,1000000,10,1,measured,161,2026-09-09T14:31:00.777441Z,157454439625809,157454436650431,157454439625809,1788964260774477275,1788964260775522566,ok,
std_copy_fastcdr__cpp_to_py__1000000B__10Hz__shmem_ds__best_effort,receive,sub,cpp_to_py,copy,std,fastcdr,shmem_ds,1000000,10,1,measured,162,2026-09-09T14:31:00.876548Z,157454538723529,157454535811450,157454538723529,1788964260873637142,1788964260874524074,ok,
std_copy_fastcdr__cpp_to_py__1000000B__10Hz__shmem_ds__best_effort,receive,sub,cpp_to_py,copy,std,fastcdr,shmem_ds,1000000,10,1,measured,163,2026-09-09T14:31:00.974951Z,157454637137139,157454635270901,157454637137139,1788964260973085112,1788964260973533727,ok,
std_copy_fastcdr__cpp_to_py__1000000B__10Hz__shmem_ds__best_effort,receive,sub,cpp_to_py,copy,std,fastcdr,shmem_ds,1000000,10,1,measured,164,2026-09-09T14:31:01.075625Z,157454737806713,157454735135588,157454737806713,1788964261072953536,1788964261073854644,ok,
std_copy_fastcdr__cpp_to_py__1000000B__10Hz__shmem_ds__best_effort,receive,sub,cpp_to_py,copy,std,fastcdr,shmem_ds,1000000,10,1,measured,165,2026-09-09T14:31:01.175942Z,157454838128483,157454835087801,157454838128483,1788964261172910017,1788964261174192835,ok,
std_copy_fastcdr__cpp_to_py__1000000B__10Hz__shmem_ds__best_effort,receive,sub,cpp_to_py,copy,std,fastcdr,shmem_ds,1000000,10,1,measured,166,2026-09-09T14:31:01.275049Z,157454937234830,157454934523890,157454937234830,1788964261272347789,1788964261273238869,ok,
std_copy_fastcdr__cpp_to_py__1000000B__10Hz__shmem_ds__best_effort,receive,sub,cpp_to_py,copy,std,fastcdr,shmem_ds,1000000,10,1,measured,167,2026-09-09T14:31:01.375431Z,157455037608958,157455034716756,157455037608958,1788964261372538030,1788964261373510964,ok,
std_copy_fastcdr__cpp_to_py__1000000B__10Hz__shmem_ds__best_effort,receive,sub,cpp_to_py,copy,std,fastcdr,shmem_ds,1000000,10,1,measured,168,2026-09-09T14:31:01.476424Z,157455138599477,157455135703078,157455138599477,1788964261473528079,1788964261474444396,ok,
std_copy_fastcdr__cpp_to_py__1000000B__10Hz__shmem_ds__best_effort,receive,sub,cpp_to_py,copy,std,fastcdr,shmem_ds,1000000,10,1,measured,169,2026-09-09T14:31:01.576400Z,157455238585333,157455236499832,157455238585333,1788964261574314954,1788964261574797003,ok,
std_copy_fastcdr__cpp_to_py__1000000B__10Hz__shmem_ds__best_effort,receive,sub,cpp_to_py,copy,std,fastcdr,shmem_ds,1000000,10,1,measured,170,2026-09-09T14:31:01.676962Z,157455339136945,157455336266735,157455339136945,1788964261674091806,1788964261675005399,ok,
std_copy_fastcdr__cpp_to_py__1000000B__10Hz__shmem_ds__best_effort,receive,sub,cpp_to_py,copy,std,fastcdr,shmem_ds,1000000,10,1,measured,171,2026-09-09T14:31:01.776385Z,157455438569698,157455436228124,157455438569698,1788964261774052304,1788964261774770939,ok,
std_copy_fastcdr__cpp_to_py__1000000B__10Hz__shmem_ds__best_effort,receive,sub,cpp_to_py,copy,std,fastcdr,shmem_ds,1000000,10,1,measured,172,2026-09-09T14:31:01.876532Z,157455538707100,157455535811953,157455538707100,1788964261873636533,1788964261874579400,ok,
std_copy_fastcdr__cpp_to_py__1000000B__10Hz__shmem_ds__best_effort,receive,sub,cpp_to_py,copy,std,fastcdr,shmem_ds,1000000,10,1,measured,173,2026-09-09T14:31:01.975721Z,157455637902947,157455635711236,157455637902947,1788964261973526018,1788964261974014990,ok,
std_copy_fastcdr__cpp_to_py__1000000B__10Hz__shmem_ds__best_effort,receive,sub,cpp_to_py,copy,std,fastcdr,shmem_ds,1000000,10,1,measured,174,2026-09-09T14:31:02.076464Z,157455738639890,157455735338166,157455738639890,1788964262073161494,1788964262074382877,ok,
std_copy_fastcdr__cpp_to_py__1000000B__10Hz__shmem_ds__best_effort,receive,sub,cpp_to_py,copy,std,fastcdr,shmem_ds,1000000,10,1,measured,175,2026-09-09T14:31:02.175657Z,157455837842211,157455834917158,157455837842211,1788964262172742179,1788964262173651483,ok,
std_copy_fastcdr__cpp_to_py__1000000B__10Hz__shmem_ds__best_effort,receive,sub,cpp_to_py,copy,std,fastcdr,shmem_ds,1000000,10,1,measured,176,2026-09-09T14:31:02.275609Z,157455937792542,157455934818666,157455937792542,1788964262272643447,1788964262273564423,ok,
std_copy_fastcdr__cpp_to_py__1000000B__10Hz__shmem_ds__best_effort,receive,sub,cpp_to_py,copy,std,fastcdr,shmem_ds,1000000,10,1,measured,177,2026-09-09T14:31:02.375100Z,157456037285171,157456035098539,157456037285171,1788964262372914623,1788964262373402232,ok,
std_copy_fastcdr__cpp_to_py__1000000B__10Hz__shmem_ds__best_effort,receive,sub,cpp_to_py,copy,std,fastcdr,shmem_ds,1000000,10,1,measured,178,2026-09-09T14:31:02.474871Z,157456137046395,157456134224336,157456137046395,1788964262472046261,1788964262472948331,ok,
std_copy_fastcdr__cpp_to_py__1000000B__10Hz__shmem_ds__best_effort,receive,sub,cpp_to_py,copy,std,fastcdr,shmem_ds,1000000,10,1,measured,179,2026-09-09T14:31:02.574054Z,157456236238988,157456234242354,157456236238988,1788964262572055263,1788964262572548062,ok,
std_copy_fastcdr__cpp_to_py__1000000B__10Hz__shmem_ds__best_effort,receive,sub,cpp_to_py,copy,std,fastcdr,shmem_ds,1000000,10,1,measured,180,2026-09-09T14:31:02.674578Z,157456336764673,157456333950870,157456336764673,1788964262671774378,1788964262672813517,ok,
std_copy_fastcdr__cpp_to_py__1000000B__10Hz__shmem_ds__best_effort,receive,sub,cpp_to_py,copy,std,fastcdr,shmem_ds,1000000,10,1,measured,181,2026-09-09T14:31:02.775192Z,157456437367034,157456434478659,157456437367034,1788964262772302398,1788964262773264662,ok,
std_copy_fastcdr__cpp_to_py__1000000B__10Hz__shmem_ds__best_effort,receive,sub,cpp_to_py,copy,std,fastcdr,shmem_ds,1000000,10,1,measured,182,2026-09-09T14:31:02.875238Z,157456537414147,157456534341155,157456537414147,1788964262872165375,1788964262873164788,ok,
std_copy_fastcdr__cpp_to_py__1000000B__10Hz__shmem_ds__best_effort,receive,sub,cpp_to_py,copy,std,fastcdr,shmem_ds,1000000,10,1,measured,183,2026-09-09T14:31:02.973634Z,157456635820739,157456633732813,157456635820739,1788964262971548687,1788964262972070651,ok,
std_copy_fastcdr__cpp_to_py__1000000B__10Hz__shmem_ds__best_effort,receive,sub,cpp_to_py,copy,std,fastcdr,shmem_ds,1000000,10,1,measured,184,2026-09-09T14:31:03.073335Z,157456735520680,157456732736181,157456735520680,1788964263070559419,1788964263071446771,ok,
std_copy_fastcdr__cpp_to_py__1000000B__10Hz__shmem_ds__best_effort,receive,sub,cpp_to_py,copy,std,fastcdr,shmem_ds,1000000,10,1,measured,185,2026-09-09T14:31:03.173496Z,157456835675889,157456833012218,157456835675889,1788964263170830407,1788964263171636386,ok,
std_copy_fastcdr__cpp_to_py__1000000B__10Hz__shmem_ds__best_effort,receive,sub,cpp_to_py,copy,std,fastcdr,shmem_ds,1000000,10,1,measured,186,2026-09-09T14:31:03.272276Z,157456934460054,157456932550695,157456934460054,1788964263270360588,1788964263270734092,ok,
std_copy_fastcdr__cpp_to_py__1000000B__10Hz__shmem_ds__best_effort,receive,sub,cpp_to_py,copy,std,fastcdr,shmem_ds,1000000,10,1,measured,187,2026-09-09T14:31:03.372203Z,157457034389308,157457031919843,157457034389308,1788964263369745385,1788964263370756922,ok,
std_copy_fastcdr__cpp_to_py__1000000B__10Hz__shmem_ds__best_effort,receive,sub,cpp_to_py,copy,std,fastcdr,shmem_ds,1000000,10,1,measured,188,2026-09-09T14:31:03.473181Z,157457135363471,157457132709419,157457135363471,1788964263470527126,1788964263471200495,ok,
std_copy_fastcdr__cpp_to_py__1000000B__10Hz__shmem_ds__best_effort,receive,sub,cpp_to_py,copy,std,fastcdr,shmem_ds,1000000,10,1,measured,189,2026-09-09T14:31:03.573225Z,157457235409805,157457233302433,157457235409805,1788964263571117155,1788964263571584866,ok,
std_copy_fastcdr__cpp_to_py__1000000B__10Hz__shmem_ds__best_effort,receive,sub,cpp_to_py,copy,std,fastcdr,shmem_ds,1000000,10,1,measured,190,2026-09-09T14:31:03.673228Z,157457335414461,157457333128913,157457335414461,1788964263670955868,1788964263671455610,ok,
std_copy_fastcdr__cpp_to_py__1000000B__10Hz__shmem_ds__best_effort,receive,sub,cpp_to_py,copy,std,fastcdr,shmem_ds,1000000,10,1,measured,191,2026-09-09T14:31:03.772512Z,157457434701735,157457432323582,157457434701735,1788964263770147902,1788964263770765075,ok,
std_copy_fastcdr__cpp_to_py__1000000B__10Hz__shmem_ds__best_effort,receive,sub,cpp_to_py,copy,std,fastcdr,shmem_ds,1000000,10,1,measured,192,2026-09-09T14:31:03.872654Z,157457534840133,157457532672958,157457534840133,1788964263870488812,1788964263870979807,ok,
std_copy_fastcdr__cpp_to_py__1000000B__10Hz__shmem_ds__best_effort,receive,sub,cpp_to_py,copy,std,fastcdr,shmem_ds,1000000,10,1,measured,193,2026-09-09T14:31:03.973481Z,157457635666667,157457633603509,157457635666667,1788964263971417860,1788964263971905098,ok,
std_copy_fastcdr__cpp_to_py__1000000B__10Hz__shmem_ds__best_effort,receive,sub,cpp_to_py,copy,std,fastcdr,shmem_ds,1000000,10,1,measured,194,2026-09-09T14:31:04.073596Z,157457735781432,157457733150884,157457735781432,1788964264070976937,1788964264071849862,ok,
std_copy_fastcdr__cpp_to_py__1000000B__10Hz__shmem_ds__best_effort,receive,sub,cpp_to_py,copy,std,fastcdr,shmem_ds,1000000,10,1,measured,195,2026-09-09T14:31:04.172340Z,157457834531125,157457832292204,157457834531125,1788964264170108339,1788964264170654689,ok,
std_copy_fastcdr__cpp_to_py__1000000B__10Hz__shmem_ds__best_effort,receive,sub,cpp_to_py,copy,std,fastcdr,shmem_ds,1000000,10,1,measured,196,2026-09-09T14:31:04.272995Z,157457935183103,157457932559157,157457935183103,1788964264270379349,1788964264271288603,ok,
std_copy_fastcdr__cpp_to_py__1000000B__10Hz__shmem_ds__best_effort,receive,sub,cpp_to_py,copy,std,fastcdr,shmem_ds,1000000,10,1,measured,197,2026-09-09T14:31:04.372673Z,157458034857979,157458032707045,157458034857979,1788964264370522558,1788964264371013884,ok,
std_copy_fastcdr__cpp_to_py__1000000B__10Hz__shmem_ds__best_effort,receive,sub,cpp_to_py,copy,std,fastcdr,shmem_ds,1000000,10,1,measured,198,2026-09-09T14:31:04.472546Z,157458134724005,157458132018105,157458134724005,1788964264469838678,1788964264470729587,ok,
std_copy_fastcdr__cpp_to_py__1000000B__10Hz__shmem_ds__best_effort,receive,sub,cpp_to_py,copy,std,fastcdr,shmem_ds,1000000,10,1,measured,199,2026-09-09T14:31:04.572805Z,157458234985026,157458232838921,157458234985026,1788964264570653773,1788964264571154968,ok,
std_copy_fastcdr__cpp_to_py__1000000B__10Hz__shmem_ds__best_effort,receive,sub,cpp_to_py,copy,std,fastcdr,shmem_ds,1000000,10,1,measured,200,2026-09-09T14:31:04.673026Z,157458335214659,157458332731308,157458335214659,1788964264670548073,1788964264671235810,ok,
std_copy_fastcdr__cpp_to_py__1000000B__10Hz__shmem_ds__best_effort,receive,sub,cpp_to_py,copy,std,fastcdr,shmem_ds,1000000,10,1,measured,201,2026-09-09T14:31:04.771910Z,157458434097041,157458431937691,157458434097041,1788964264769752022,1788964264770298993,ok,
std_copy_fastcdr__cpp_to_py__1000000B__10Hz__shmem_ds__best_effort,receive,sub,cpp_to_py,copy,std,fastcdr,shmem_ds,1000000,10,1,measured,202,2026-09-09T14:31:04.871764Z,157458533948981,157458531267987,157458533948981,1788964264869089743,1788964264870051956,ok,
std_copy_fastcdr__cpp_to_py__1000000B__10Hz__shmem_ds__best_effort,receive,sub,cpp_to_py,copy,std,fastcdr,shmem_ds,1000000,10,1,measured,203,2026-09-09T14:31:04.972226Z,157458634412234,157458632091920,157458634412234,1788964264969916430,1788964264970737959,ok,
std_copy_fastcdr__cpp_to_py__1000000B__10Hz__shmem_ds__best_effort,receive,sub,cpp_to_py,copy,std,fastcdr,shmem_ds,1000000,10,1,measured,204,2026-09-09T14:31:05.072126Z,157458734315542,157458731995128,157458734315542,1788964265069823776,1788964265070454736,ok,
std_copy_fastcdr__cpp_to_py__1000000B__10Hz__shmem_ds__best_effort,receive,sub,cpp_to_py,copy,std,fastcdr,shmem_ds,1000000,10,1,measured,205,2026-09-09T14:31:05.173033Z,157458835221491,157458832627071,157458835221491,1788964265170444508,1788964265171281836,ok,
std_copy_fastcdr__cpp_to_py__1000000B__10Hz__shmem_ds__best_effort,receive,sub,cpp_to_py,copy,std,fastcdr,shmem_ds,1000000,10,1,measured,206,2026-09-09T14:31:05.272565Z,157458934750094,157458932462722,157458934750094,1788964265270277604,1788964265270881052,ok,
std_copy_fastcdr__cpp_to_py__1000000B__10Hz__shmem_ds__best_effort,receive,sub,cpp_to_py,copy,std,fastcdr,shmem_ds,1000000,10,1,measured,207,2026-09-09T14:31:05.372159Z,157459034344541,157459032320726,157459034344541,1788964265370135458,1788964265370612908,ok,
std_copy_fastcdr__cpp_to_py__1000000B__10Hz__shmem_ds__best_effort,receive,sub,cpp_to_py,copy,std,fastcdr,shmem_ds,1000000,10,1,measured,208,2026-09-09T14:31:05.472204Z,157459134390529,157459131974014,157459134390529,1788964265469799997,1788964265470659958,ok,
std_copy_fastcdr__cpp_to_py__1000000B__10Hz__shmem_ds__best_effort,receive,sub,cpp_to_py,copy,std,fastcdr,shmem_ds,1000000,10,1,measured,209,2026-09-09T14:31:05.570973Z,157459233159821,157459231171733,157459233159821,1788964265568986605,1788964265569448115,ok,
std_copy_fastcdr__cpp_to_py__1000000B__10Hz__shmem_ds__best_effort,receive,sub,cpp_to_py,copy,std,fastcdr,shmem_ds,1000000,10,1,measured,210,2026-09-09T14:31:05.670694Z,157459332880486,157459330562977,157459332880486,1788964265668382268,1788964265669132141,ok,
std_copy_fastcdr__cpp_to_py__1000000B__10Hz__shmem_ds__best_effort,receive,sub,cpp_to_py,copy,std,fastcdr,shmem_ds,1000000,10,1,measured,211,2026-09-09T14:31:05.770588Z,157459432773275,157459430017991,157459432773275,1788964265767843043,1788964265768742458,ok,
std_copy_fastcdr__cpp_to_py__1000000B__10Hz__shmem_ds__best_effort,receive,sub,cpp_to_py,copy,std,fastcdr,shmem_ds,1000000,10,1,measured,212,2026-09-09T14:31:05.870718Z,157459532903622,157459530802080,157459532903622,1788964265868617303,1788964265869113338,ok,
std_copy_fastcdr__cpp_to_py__1000000B__10Hz__shmem_ds__best_effort,receive,sub,cpp_to_py,copy,std,fastcdr,shmem_ds,1000000,10,1,measured,213,2026-09-09T14:31:05.970786Z,157459632970790,157459630691694,157459632970790,1788964265968507708,1788964265968996319,ok,
std_copy_fastcdr__cpp_to_py__1000000B__10Hz__shmem_ds__best_effort,receive,sub,cpp_to_py,copy,std,fastcdr,shmem_ds,1000000,10,1,measured,214,2026-09-09T14:31:06.069991Z,157459732170565,157459730105833,157459732170565,1788964266067921065,1788964266068428241,ok,
std_copy_fastcdr__cpp_to_py__1000000B__10Hz__shmem_ds__best_effort,receive,sub,cpp_to_py,copy,std,fastcdr,shmem_ds,1000000,10,1,measured,215,2026-09-09T14:31:06.170127Z,157459832304280,157459829433478,157459832304280,1788964266167258359,1788964266168220122,ok,
std_copy_fastcdr__cpp_to_py__1000000B__10Hz__shmem_ds__best_effort,receive,sub,cpp_to_py,copy,std,fastcdr,shmem_ds,1000000,10,1,measured,216,2026-09-09T14:31:06.268677Z,157459930862737,157459928777316,157459930862737,1788964266266592208,1788964266267080298,ok,
std_copy_fastcdr__cpp_to_py__1000000B__10Hz__shmem_ds__best_effort,receive,sub,cpp_to_py,copy,std,fastcdr,shmem_ds,1000000,10,1,measured,217,2026-09-09T14:31:06.368812Z,157460030979310,157460028102066,157460030979310,1788964266365927698,1788964266366794893,ok,
std_copy_fastcdr__cpp_to_py__1000000B__10Hz__shmem_ds__best_effort,receive,sub,cpp_to_py,copy,std,fastcdr,shmem_ds,1000000,10,1,measured,218,2026-09-09T14:31:06.467450Z,157460129637494,157460127338670,157460129637494,1788964266465150527,1788964266465842241,ok,
std_copy_fastcdr__cpp_to_py__1000000B__10Hz__shmem_ds__best_effort,receive,sub,cpp_to_py,copy,std,fastcdr,shmem_ds,1000000,10,1,measured,219,2026-09-09T14:31:06.567478Z,157460229653087,157460226768269,157460229653087,1788964266564592108,1788964266565543601,ok,
std_copy_fastcdr__cpp_to_py__1000000B__10Hz__shmem_ds__best_effort,receive,sub,cpp_to_py,copy,std,fastcdr,shmem_ds,1000000,10,1,measured,220,2026-09-09T14:31:06.667783Z,157460329970949,157460327669381,157460329970949,1788964266665485686,1788964266666169555,ok,
std_copy_fastcdr__cpp_to_py__1000000B__10Hz__shmem_ds__best_effort,receive,sub,cpp_to_py,copy,std,fastcdr,shmem_ds,1000000,10,1,measured,221,2026-09-09T14:31:06.768191Z,157460430367310,157460427522177,157460430367310,1788964266765346156,1788964266766313530,ok,
std_copy_fastcdr__cpp_to_py__1000000B__10Hz__shmem_ds__best_effort,receive,sub,cpp_to_py,copy,std,fastcdr,shmem_ds,1000000,10,1,measured,222,2026-09-09T14:31:06.867225Z,157460529409349,157460527308058,157460529409349,1788964266865122268,1788964266865598216,ok,
std_copy_fastcdr__cpp_to_py__1000000B__10Hz__shmem_ds__best_effort,receive,sub,cpp_to_py,copy,std,fastcdr,shmem_ds,1000000,10,1,measured,223,2026-09-09T14:31:06.967031Z,157460629216248,157460626579578,157460629216248,1788964266964403948,1788964266965286542,ok,
std_copy_fastcdr__cpp_to_py__1000000B__10Hz__shmem_ds__best_effort,receive,sub,cpp_to_py,copy,std,fastcdr,shmem_ds,1000000,10,1,measured,224,2026-09-09T14:31:07.066072Z,157460728260020,157460725835891,157460728260020,1788964267063657616,1788964267064554436,ok,
std_copy_fastcdr__cpp_to_py__1000000B__10Hz__shmem_ds__best_effort,receive,sub,cpp_to_py,copy,std,fastcdr,shmem_ds,1000000,10,1,measured,225,2026-09-09T14:31:07.166114Z,157460828294852,157460825636200,157460828294852,1788964267163455962,1788964267164320471,ok,
std_copy_fastcdr__cpp_to_py__1000000B__10Hz__shmem_ds__best_effort,receive,sub,cpp_to_py,copy,std,fastcdr,shmem_ds,1000000,10,1,measured,226,2026-09-09T14:31:07.264854Z,157460927041755,157460925028109,157460927041755,1788964267262840767,1788964267263272631,ok,
std_copy_fastcdr__cpp_to_py__1000000B__10Hz__shmem_ds__best_effort,receive,sub,cpp_to_py,copy,std,fastcdr,shmem_ds,1000000,10,1,measured,227,2026-09-09T14:31:07.364747Z,157461026932606,157461024351480,157461026932606,1788964267362169538,1788964267363183079,ok,
std_copy_fastcdr__cpp_to_py__1000000B__10Hz__shmem_ds__best_effort,receive,sub,cpp_to_py,copy,std,fastcdr,shmem_ds,1000000,10,1,measured,228,2026-09-09T14:31:07.464282Z,157461126468577,157461124011355,157461126468577,1788964267461824654,1788964267462395029,ok,
std_copy_fastcdr__cpp_to_py__1000000B__10Hz__shmem_ds__best_effort,receive,sub,cpp_to_py,copy,std,fastcdr,shmem_ds,1000000,10,1,measured,229,2026-09-09T14:31:07.565325Z,157461227502251,157461224718945,157461227502251,1788964267562540439,1788964267563485421,ok,
std_copy_fastcdr__cpp_to_py__1000000B__10Hz__shmem_ds__best_effort,receive,sub,cpp_to_py,copy,std,fastcdr,shmem_ds,1000000,10,1,measured,230,2026-09-09T14:31:07.665643Z,157461327818413,157461325018926,157461327818413,1788964267662841352,1788964267663674322,ok,
std_copy_fastcdr__cpp_to_py__1000000B__10Hz__shmem_ds__best_effort,receive,sub,cpp_to_py,copy,std,fastcdr,shmem_ds,1000000,10,1,measured,231,2026-09-09T14:31:07.765337Z,157461427519044,157461424673069,157461427519044,1788964267762493722,1788964267763397335,ok,
std_copy_fastcdr__cpp_to_py__1000000B__10Hz__shmem_ds__best_effort,receive,sub,cpp_to_py,copy,std,fastcdr,shmem_ds,1000000,10,1,measured,232,2026-09-09T14:31:07.865510Z,157461527694121,157461525521445,157461527694121,1788964267863337550,1788964267863851208,ok,
std_copy_fastcdr__cpp_to_py__1000000B__10Hz__shmem_ds__best_effort,receive,sub,cpp_to_py,copy,std,fastcdr,shmem_ds,1000000,10,1,measured,233,2026-09-09T14:31:07.965954Z,157461628131250,157461625301105,157461628131250,1788964267963123581,1788964267963994844,ok,
std_copy_fastcdr__cpp_to_py__1000000B__10Hz__shmem_ds__best_effort,receive,sub,cpp_to_py,copy,std,fastcdr,shmem_ds,1000000,10,1,measured,234,2026-09-09T14:31:08.066056Z,157461728242548,157461725482635,157461728242548,1788964268063301465,1788964268064198396,ok,
std_copy_fastcdr__cpp_to_py__1000000B__10Hz__shmem_ds__best_effort,receive,sub,cpp_to_py,copy,std,fastcdr,shmem_ds,1000000,10,1,measured,235,2026-09-09T14:31:08.166152Z,157461828330451,157461825496448,157461828330451,1788964268163314827,1788964268164193924,ok,
std_copy_fastcdr__cpp_to_py__1000000B__10Hz__shmem_ds__best_effort,receive,sub,cpp_to_py,copy,std,fastcdr,shmem_ds,1000000,10,1,measured,236,2026-09-09T14:31:08.266003Z,157461928186859,157461925343369,157461928186859,1788964268263166266,1788964268264068447,ok,
std_copy_fastcdr__cpp_to_py__1000000B__10Hz__shmem_ds__best_effort,receive,sub,cpp_to_py,copy,std,fastcdr,shmem_ds,1000000,10,1,measured,237,2026-09-09T14:31:08.365843Z,157462028028318,157462025606443,157462028028318,1788964268363430673,1788964268364256049,ok,
std_copy_fastcdr__cpp_to_py__1000000B__10Hz__shmem_ds__best_effort,receive,sub,cpp_to_py,copy,std,fastcdr,shmem_ds,1000000,10,1,measured,238,2026-09-09T14:31:08.466791Z,157462128972837,157462126472834,157462128972837,1788964268464290101,1788964268465013224,ok,
std_copy_fastcdr__cpp_to_py__1000000B__10Hz__shmem_ds__best_effort,receive,sub,cpp_to_py,copy,std,fastcdr,shmem_ds,1000000,10,1,measured,239,2026-09-09T14:31:08.565826Z,157462228012414,157462225831403,157462228012414,1788964268563644702,1788964268564174881,ok,
std_copy_fastcdr__cpp_to_py__1000000B__10Hz__shmem_ds__best_effort,receive,sub,cpp_to_py,copy,std,fastcdr,shmem_ds,1000000,10,1,measured,240,2026-09-09T14:31:08.665561Z,157462327748685,157462325680096,157462327748685,1788964268663493174,1788964268664022542,ok,
std_copy_fastcdr__cpp_to_py__1000000B__10Hz__shmem_ds__best_effort,receive,sub,cpp_to_py,copy,std,fastcdr,shmem_ds,1000000,10,1,measured,241,2026-09-09T14:31:08.766504Z,157462428688325,157462426334377,157462428688325,1788964268764148198,1788964268764670101,ok,
std_copy_fastcdr__cpp_to_py__1000000B__10Hz__shmem_ds__best_effort,receive,sub,cpp_to_py,copy,std,fastcdr,shmem_ds,1000000,10,1,measured,242,2026-09-09T14:31:08.866647Z,157462528832084,157462526621457,157462528832084,1788964268864435637,1788964268864917456,ok,
std_copy_fastcdr__cpp_to_py__1000000B__10Hz__shmem_ds__best_effort,receive,sub,cpp_to_py,copy,std,fastcdr,shmem_ds,1000000,10,1,measured,243,2026-09-09T14:31:08.965832Z,157462628017947,157462625783385,157462628017947,1788964268963598918,1788964268964087028,ok,
std_copy_fastcdr__cpp_to_py__1000000B__10Hz__shmem_ds__best_effort,receive,sub,cpp_to_py,copy,std,fastcdr,shmem_ds,1000000,10,1,measured,244,2026-09-09T14:31:09.066568Z,157462728754666,157462726337189,157462728754666,1788964269064149857,1788964269064854385,ok,
std_copy_fastcdr__cpp_to_py__1000000B__10Hz__shmem_ds__best_effort,receive,sub,cpp_to_py,copy,std,fastcdr,shmem_ds,1000000,10,1,measured,245,2026-09-09T14:31:09.167294Z,157462829467401,157462826603974,157462829467401,1788964269164423504,1788964269165312380,ok,
std_copy_fastcdr__cpp_to_py__1000000B__10Hz__shmem_ds__best_effort,receive,sub,cpp_to_py,copy,std,fastcdr,shmem_ds,1000000,10,1,measured,246,2026-09-09T14:31:09.267928Z,157462930113820,157462927422647,157462930113820,1788964269265246926,1788964269266209100,ok,
std_copy_fastcdr__cpp_to_py__1000000B__10Hz__shmem_ds__best_effort,receive,sub,cpp_to_py,copy,std,fastcdr,shmem_ds,1000000,10,1,measured,247,2026-09-09T14:31:09.367583Z,157463029760563,157463026887137,157463029760563,1788964269364707990,1788964269365663772,ok,
std_copy_fastcdr__cpp_to_py__1000000B__10Hz__shmem_ds__best_effort,receive,sub,cpp_to_py,copy,std,fastcdr,shmem_ds,1000000,10,1,measured,248,2026-09-09T14:31:09.467958Z,157463130139869,157463127611302,157463130139869,1788964269465425994,1788964269466195404,ok,
std_copy_fastcdr__cpp_to_py__1000000B__10Hz__shmem_ds__best_effort,receive,sub,cpp_to_py,copy,std,fastcdr,shmem_ds,1000000,10,1,measured,249,2026-09-09T14:31:09.568052Z,157463230226412,157463227052779,157463230226412,1788964269564876518,1788964269565791583,ok,
std_copy_fastcdr__cpp_to_py__1000000B__10Hz__shmem_ds__best_effort,receive,sub,cpp_to_py,copy,std,fastcdr,shmem_ds,1000000,10,1,measured,250,2026-09-09T14:31:09.666793Z,157463328978390,157463326868402,157463328978390,1788964269664683505,1788964269665214696,ok,
std_copy_fastcdr__cpp_to_py__1000000B__10Hz__shmem_ds__best_effort,receive,sub,cpp_to_py,copy,std,fastcdr,shmem_ds,1000000,10,1,measured,251,2026-09-09T14:31:09.766768Z,157463428952561,157463426699995,157463428952561,1788964269764513855,1788964269765013597,ok,
std_copy_fastcdr__cpp_to_py__1000000B__10Hz__shmem_ds__best_effort,receive,sub,cpp_to_py,copy,std,fastcdr,shmem_ds,1000000,10,1,measured,252,2026-09-09T14:31:09.866972Z,157463529157067,157463526954705,157463529157067,1788964269864768024,1788964269865276132,ok,
std_copy_fastcdr__cpp_to_py__1000000B__10Hz__shmem_ds__best_effort,receive,sub,cpp_to_py,copy,std,fastcdr,shmem_ds,1000000,10,1,measured,253,2026-09-09T14:31:09.967932Z,157463630117838,157463627804177,157463630117838,1788964269965618698,1788964269966167312,ok,
std_copy_fastcdr__cpp_to_py__1000000B__10Hz__shmem_ds__best_effort,receive,sub,cpp_to_py,copy,std,fastcdr,shmem_ds,1000000,10,1,measured,254,2026-09-09T14:31:10.068282Z,157463730467770,157463728251482,157463730467770,1788964270066065452,1788964270066595281,ok,
std_copy_fastcdr__cpp_to_py__1000000B__10Hz__shmem_ds__best_effort,receive,sub,cpp_to_py,copy,std,fastcdr,shmem_ds,1000000,10,1,measured,255,2026-09-09T14:31:10.168644Z,157463830819095,157463827830341,157463830819095,1788964270165655523,1788964270166624219,ok,
std_copy_fastcdr__cpp_to_py__1000000B__10Hz__shmem_ds__best_effort,receive,sub,cpp_to_py,copy,std,fastcdr,shmem_ds,1000000,10,1,measured,256,2026-09-09T14:31:10.267705Z,157463929888423,157463927187611,157463929888423,1788964270265011501,1788964270265920374,ok,
std_copy_fastcdr__cpp_to_py__1000000B__10Hz__shmem_ds__best_effort,receive,sub,cpp_to_py,copy,std,fastcdr,shmem_ds,1000000,10,1,measured,257,2026-09-09T14:31:10.367180Z,157464029365089,157464026687791,157464029365089,1788964270364513784,1788964270365397551,ok,
std_copy_fastcdr__cpp_to_py__1000000B__10Hz__shmem_ds__best_effort,receive,sub,cpp_to_py,copy,std,fastcdr,shmem_ds,1000000,10,1,measured,258,2026-09-09T14:31:10.466322Z,157464128508146,157464126401975,157464128508146,1788964270464217479,1788964270464701361,ok,
std_copy_fastcdr__cpp_to_py__1000000B__10Hz__shmem_ds__best_effort,receive,sub,cpp_to_py,copy,std,fastcdr,shmem_ds,1000000,10,1,measured,259,2026-09-09T14:31:10.565700Z,157464227884262,157464225521719,157464227884262,1788964270563337593,1788964270564054154,ok,
std_copy_fastcdr__cpp_to_py__1000000B__10Hz__shmem_ds__best_effort,receive,sub,cpp_to_py,copy,std,fastcdr,shmem_ds,1000000,10,1,measured,260,2026-09-09T14:31:10.665825Z,157464327992109,157464324830970,157464327992109,1788964270662651252,1788964270663784418,ok,
std_copy_fastcdr__cpp_to_py__1000000B__10Hz__shmem_ds__best_effort,receive,sub,cpp_to_py,copy,std,fastcdr,shmem_ds,1000000,10,1,measured,261,2026-09-09T14:31:10.764539Z,157464426724932,157464423928951,157464426724932,1788964270761754132,1788964270762939197,ok,
std_copy_fastcdr__cpp_to_py__1000000B__10Hz__shmem_ds__best_effort,receive,sub,cpp_to_py,copy,std,fastcdr,shmem_ds,1000000,10,1,measured,262,2026-09-09T14:31:10.863808Z,157464525986833,157464522955378,157464525986833,1788964270860776362,1788964270861646813,ok,
std_copy_fastcdr__cpp_to_py__1000000B__10Hz__shmem_ds__best_effort,receive,sub,cpp_to_py,copy,std,fastcdr,shmem_ds,1000000,10,1,measured,263,2026-09-09T14:31:10.963369Z,157464625552236,157464622859861,157464625552236,1788964270960675725,1788964270961187910,ok,
std_copy_fastcdr__cpp_to_py__1000000B__10Hz__shmem_ds__best_effort,receive,sub,cpp_to_py,copy,std,fastcdr,shmem_ds,1000000,10,1,measured,264,2026-09-09T14:31:11.062705Z,157464724890883,157464722329755,157464724890883,1788964271060144517,1788964271061033363,ok,
std_copy_fastcdr__cpp_to_py__1000000B__10Hz__shmem_ds__best_effort,receive,sub,cpp_to_py,copy,std,fastcdr,shmem_ds,1000000,10,1,measured,265,2026-09-09T14:31:11.162188Z,157464824363744,157464821388826,157464824363744,1788964271159213436,1788964271160139572,ok,
std_copy_fastcdr__cpp_to_py__1000000B__10Hz__shmem_ds__best_effort,receive,sub,cpp_to_py,copy,std,fastcdr,shmem_ds,1000000,10,1,measured,266,2026-09-09T14:31:11.260960Z,157464923145242,157464921097502,157464923145242,1788964271258912905,1788964271259394522,ok,
std_copy_fastcdr__cpp_to_py__1000000B__10Hz__shmem_ds__best_effort,receive,sub,cpp_to_py,copy,std,fastcdr,shmem_ds,1000000,10,1,measured,267,2026-09-09T14:31:11.361465Z,157465023651110,157465021201122,157465023651110,1788964271359027175,1788964271359959292,ok,
std_copy_fastcdr__cpp_to_py__1000000B__10Hz__shmem_ds__best_effort,receive,sub,cpp_to_py,copy,std,fastcdr,shmem_ds,1000000,10,1,measured,268,2026-09-09T14:31:11.461257Z,157465123442011,157465120549969,157465123442011,1788964271458375171,1788964271459303391,ok,
std_copy_fastcdr__cpp_to_py__1000000B__10Hz__shmem_ds__best_effort,receive,sub,cpp_to_py,copy,std,fastcdr,shmem_ds,1000000,10,1,measured,269,2026-09-09T14:31:11.560994Z,157465223179721,157465220926203,157465223179721,1788964271558741335,1788964271559243272,ok,
std_copy_fastcdr__cpp_to_py__1000000B__10Hz__shmem_ds__best_effort,receive,sub,cpp_to_py,copy,std,fastcdr,shmem_ds,1000000,10,1,measured,270,2026-09-09T14:31:11.661500Z,157465323684938,157465321505349,157465323684938,1788964271659321394,1788964271659831355,ok,
std_copy_fastcdr__cpp_to_py__1000000B__10Hz__shmem_ds__best_effort,receive,sub,cpp_to_py,copy,std,fastcdr,shmem_ds,1000000,10,1,measured,271,2026-09-09T14:31:11.761613Z,157465423798637,157465421531894,157465423798637,1788964271759355533,1788964271760028762,ok,
std_copy_fastcdr__cpp_to_py__1000000B__10Hz__shmem_ds__best_effort,receive,sub,cpp_to_py,copy,std,fastcdr,shmem_ds,1000000,10,1,measured,272,2026-09-09T14:31:11.861108Z,157465523293449,157465520673851,157465523293449,1788964271858493111,1788964271859196768,ok,
std_copy_fastcdr__cpp_to_py__1000000B__10Hz__shmem_ds__best_effort,receive,sub,cpp_to_py,copy,std,fastcdr,shmem_ds,1000000,10,1,measured,273,2026-09-09T14:31:11.960211Z,157465622394289,157465619793236,157465622394289,1788964271957617696,1788964271958499137,ok,
std_copy_fastcdr__cpp_to_py__1000000B__10Hz__shmem_ds__best_effort,receive,sub,cpp_to_py,copy,std,fastcdr,shmem_ds,1000000,10,1,measured,274,2026-09-09T14:31:12.060752Z,157465722936397,157465719960887,157465722936397,1788964272057776812,1788964272058465971,ok,
std_copy_fastcdr__cpp_to_py__1000000B__10Hz__shmem_ds__best_effort,receive,sub,cpp_to_py,copy,std,fastcdr,shmem_ds,1000000,10,1,measured,275,2026-09-09T14:31:12.161798Z,157465823982095,157465820916887,157465823982095,1788964272158741076,1788964272159636965,ok,
std_copy_fastcdr__cpp_to_py__1000000B__10Hz__shmem_ds__best_effort,receive,sub,cpp_to_py,copy,std,fastcdr,shmem_ds,1000000,10,1,measured,276,2026-09-09T14:31:12.261892Z,157465924071460,157465920975604,157465924071460,1788964272258795235,1788964272259574303,ok,
std_copy_fastcdr__cpp_to_py__1000000B__10Hz__shmem_ds__best_effort,receive,sub,cpp_to_py,copy,std,fastcdr,shmem_ds,1000000,10,1,measured,277,2026-09-09T14:31:12.361306Z,157466023481685,157466020310026,157466023481685,1788964272358130749,1788964272359017852,ok,
std_copy_fastcdr__cpp_to_py__1000000B__10Hz__shmem_ds__best_effort,receive,sub,cpp_to_py,copy,std,fastcdr,shmem_ds,1000000,10,1,measured,278,2026-09-09T14:31:12.462103Z,157466124288192,157466120790047,157466124288192,1788964272458616111,1788964272459981835,ok,
std_copy_fastcdr__cpp_to_py__1000000B__10Hz__shmem_ds__best_effort,receive,sub,cpp_to_py,copy,std,fastcdr,shmem_ds,1000000,10,1,measured,279,2026-09-09T14:31:12.560944Z,157466223120648,157466219998572,157466223120648,1788964272557829875,1788964272558662214,ok,
std_copy_fastcdr__cpp_to_py__1000000B__10Hz__shmem_ds__best_effort,receive,sub,cpp_to_py,copy,std,fastcdr,shmem_ds,1000000,10,1,measured,280,2026-09-09T14:31:12.660357Z,157466322541363,157466320056398,157466322541363,1788964272657870979,1788964272658383546,ok,
std_copy_fastcdr__cpp_to_py__1000000B__10Hz__shmem_ds__best_effort,receive,sub,cpp_to_py,copy,std,fastcdr,shmem_ds,1000000,10,1,measured,281,2026-09-09T14:31:12.760924Z,157466423110332,157466420789487,157466423110332,1788964272758605080,1788964272759154947,ok,
std_copy_fastcdr__cpp_to_py__1000000B__10Hz__shmem_ds__best_effort,receive,sub,cpp_to_py,copy,std,fastcdr,shmem_ds,1000000,10,1,measured,282,2026-09-09T14:31:12.861790Z,157466523976061,157466521628145,157466523976061,1788964272859453346,1788964272860161471,ok,
std_copy_fastcdr__cpp_to_py__1000000B__10Hz__shmem_ds__best_effort,receive,sub,cpp_to_py,copy,std,fastcdr,shmem_ds,1000000,10,1,measured,283,2026-09-09T14:31:12.961592Z,157466623769087,157466620932339,157466623769087,1788964272958755788,1788964272959639494,ok,
std_copy_fastcdr__cpp_to_py__1000000B__10Hz__shmem_ds__best_effort,receive,sub,cpp_to_py,copy,std,fastcdr,shmem_ds,1000000,10,1,measured,284,2026-09-09T14:31:13.061578Z,157466723765469,157466721486212,157466723765469,1788964273059304320,1788964273060083309,ok,
std_copy_fastcdr__cpp_to_py__1000000B__10Hz__shmem_ds__best_effort,receive,sub,cpp_to_py,copy,std,fastcdr,shmem_ds,1000000,10,1,measured,285,2026-09-09T14:31:13.163517Z,157466825703041,157466822379415,157466825703041,1788964273160204226,1788964273161196416,ok,
std_copy_fastcdr__cpp_to_py__1000000B__10Hz__shmem_ds__best_effort,receive,sub,cpp_to_py,copy,std,fastcdr,shmem_ds,1000000,10,1,measured,286,2026-09-09T14:31:13.263036Z,157466925218957,157466922449416,157466925218957,1788964273260267685,1788964273261000426,ok,
std_copy_fastcdr__cpp_to_py__1000000B__10Hz__shmem_ds__best_effort,receive,sub,cpp_to_py,copy,std,fastcdr,shmem_ds,1000000,10,1,measured,287,2026-09-09T14:31:13.363586Z,157467025772360,157467022884786,157467025772360,1788964273360704046,1788964273361613902,ok,
std_copy_fastcdr__cpp_to_py__1000000B__10Hz__shmem_ds__best_effort,receive,sub,cpp_to_py,copy,std,fastcdr,shmem_ds,1000000,10,1,measured,288,2026-09-09T14:31:13.462961Z,157467125147421,157467122189905,157467125147421,1788964273460013284,1788964273461073542,ok,
std_copy_fastcdr__cpp_to_py__1000000B__10Hz__shmem_ds__best_effort,receive,sub,cpp_to_py,copy,std,fastcdr,shmem_ds,1000000,10,1,measured,289,2026-09-09T14:31:13.564164Z,157467226349536,157467223156617,157467226349536,1788964273560980967,1788964273561951947,ok,
std_copy_fastcdr__cpp_to_py__1000000B__10Hz__shmem_ds__best_effort,receive,sub,cpp_to_py,copy,std,fastcdr,shmem_ds,1000000,10,1,measured,290,2026-09-09T14:31:13.663215Z,157467325392741,157467322362358,157467325392741,1788964273660183713,1788964273661080644,ok,
std_copy_fastcdr__cpp_to_py__1000000B__10Hz__shmem_ds__best_effort,receive,sub,cpp_to_py,copy,std,fastcdr,shmem_ds,1000000,10,1,measured,291,2026-09-09T14:31:13.761710Z,157467423899615,157467421661246,157467423899615,1788964273759475637,1788964273759922339,ok,
std_copy_fastcdr__cpp_to_py__1000000B__10Hz__shmem_ds__best_effort,receive,sub,cpp_to_py,copy,std,fastcdr,shmem_ds,1000000,10,1,measured,292,2026-09-09T14:31:13.862641Z,157467524827013,157467522324114,157467524827013,1788964273860144046,1788964273860895022,ok,
std_copy_fastcdr__cpp_to_py__1000000B__10Hz__shmem_ds__best_effort,receive,sub,cpp_to_py,copy,std,fastcdr,shmem_ds,1000000,10,1,measured,293,2026-09-09T14:31:13.962962Z,157467625138659,157467622246427,157467625138659,1788964273960068924,1788964273960938673,ok,
std_copy_fastcdr__cpp_to_py__1000000B__10Hz__shmem_ds__best_effort,receive,sub,cpp_to_py,copy,std,fastcdr,shmem_ds,1000000,10,1,measured,294,2026-09-09T14:31:14.063423Z,157467725600801,157467722651080,157467725600801,1788964274060470942,1788964274061324531,ok,
std_copy_fastcdr__cpp_to_py__1000000B__10Hz__shmem_ds__best_effort,receive,sub,cpp_to_py,copy,std,fastcdr,shmem_ds,1000000,10,1,measured,295,2026-09-09T14:31:14.164021Z,157467826207095,157467823594681,157467826207095,1788964274161419431,1788964274162398797,ok,
std_copy_fastcdr__cpp_to_py__1000000B__10Hz__shmem_ds__best_effort,receive,sub,cpp_to_py,copy,std,fastcdr,shmem_ds,1000000,10,1,measured,296,2026-09-09T14:31:14.264136Z,157467926323115,157467923521283,157467926323115,1788964274261343409,1788964274262278792,ok,
std_copy_fastcdr__cpp_to_py__1000000B__10Hz__shmem_ds__best_effort,receive,sub,cpp_to_py,copy,std,fastcdr,shmem_ds,1000000,10,1,measured,297,2026-09-09T14:31:14.362872Z,157468025056168,157468022577335,157468025056168,1788964274360390413,1788964274360979744,ok,
std_copy_fastcdr__cpp_to_py__1000000B__10Hz__shmem_ds__best_effort,receive,sub,cpp_to_py,copy,std,fastcdr,shmem_ds,1000000,10,1,measured,298,2026-09-09T14:31:14.464457Z,157468126632050,157468123492922,157468126632050,1788964274461319807,1788964274462222999,ok,
std_copy_fastcdr__cpp_to_py__1000000B__10Hz__shmem_ds__best_effort,receive,sub,cpp_to_py,copy,std,fastcdr,shmem_ds,1000000,10,1,measured,299,2026-09-09T14:31:14.564685Z,157468226863237,157468223815952,157468226863237,1788964274561636315,1788964274562559916,ok,
std_copy_fastcdr__cpp_to_py__1000000B__10Hz__shmem_ds__best_effort,receive,sub,cpp_to_py,copy,std,fastcdr,shmem_ds,1000000,10,1,measured,300,2026-09-09T14:31:14.664479Z,157468326655276,157468323724231,157468326655276,1788964274661547789,1788964274662406528,ok,
