run_id,event,process,direction,config,message,backend,transport,payload_bytes,target_frequency_hz,step_index,phase,sequence,observed_utc,observed_mono_ns,send_mono_ns,receive_mono_ns,middleware_source_ns,middleware_received_ns,status,error
exp_constrained_pub_only_xcdr__py_to_cpp__100000B__10Hz__shmem_ds__best_effort,publish,pub,py_to_cpp,constrained_pub_only,exp,xcdr,shmem_ds,100000,10,0,measured,0,2026-09-09T14:23:09.309813Z,156982971889356,156982971889356,156982971889356,-1,-1,ok,
exp_constrained_pub_only_xcdr__py_to_cpp__100000B__10Hz__shmem_ds__best_effort,publish,pub,py_to_cpp,constrained_pub_only,exp,xcdr,shmem_ds,100000,10,0,measured,1,2026-09-09T14:23:09.410207Z,156983072327749,156983072327749,156983072327749,-1,-1,ok,
exp_constrained_pub_only_xcdr__py_to_cpp__100000B__10Hz__shmem_ds__best_effort,publish,pub,py_to_cpp,constrained_pub_only,exp,xcdr,shmem_ds,100000,10,0,measured,2,2026-09-09T14:23:09.509470Z,156983171572683,156983171572683,156983171572683,-1,-1,ok,
exp_constrained_pub_only_xcdr__py_to_cpp__100000B__10Hz__shmem_ds__best_effort,publish,pub,py_to_cpp,constrained_pub_only,exp,xcdr,shmem_ds,100000,10,0,measured,3,2026-09-09T14:23:09.608777Z,156983270907956,156983270907956,156983270907956,-1,-1,ok,
exp_constrained_pub_only_xcdr__py_to_cpp__100000B__10Hz__shmem_ds__best_effort,publish,pub,py_to_cpp,constrained_pub_only,exp,xcdr,shmem_ds,100000,10,0,measured,4,2026-09-09T14:23:09.708217Z,156983370335471,156983370335471,156983370335471,-1,-1,ok,
exp_constrained_pub_only_xcdr__py_to_cpp__100000B__10Hz__shmem_ds__best_effort,publish,pub,py_to_cpp,constrained_pub_only,exp,xcdr,shmem_ds,100000,10,0,measured,5,2026-09-09T14:23:09.808714Z,156983470833716,156983470833716,156983470833716,-1,-1,ok,
exp_constrained_pub_only_xcdr__py_to_cpp__100000B__10Hz__shmem_ds__best_effort,publish,pub,py_to_cpp,constrained_pub_only,exp,xcdr,shmem_ds,100000,10,0,measured,6,2026-09-09T14:23:09.909082Z,156983571200294,156983571200294,156983571200294,-1,-1,ok,
exp_constrained_pub_only_xcdr__py_to_cpp__100000B__10Hz__shmem_ds__best_effort,publish,pub,py_to_cpp,constrained_pub_only,exp,xcdr,shmem_ds,100000,10,0,measured,7,2026-09-09T14:23:10.010207Z,156983672319129,156983672319129,156983672319129,-1,-1,ok,
exp_constrained_pub_only_xcdr__py_to_cpp__100000B__10Hz__shmem_ds__best_effort,publish,pub,py_to_cpp,constrained_pub_only,exp,xcdr,shmem_ds,100000,10,0,measured,8,2026-09-09T14:23:10.109013Z,156983771149274,156983771149274,156983771149274,-1,-1,ok,
exp_constrained_pub_only_xcdr__py_to_cpp__100000B__10Hz__shmem_ds__best_effort,publish,pub,py_to_cpp,constrained_pub_only,exp,xcdr,shmem_ds,100000,10,0,measured,9,2026-09-09T14:23:10.208955Z,156983871069895,156983871069895,156983871069895,-1,-1,ok,
exp_constrained_pub_only_xcdr__py_to_cpp__100000B__10Hz__shmem_ds__best_effort,publish,pub,py_to_cpp,constrained_pub_only,exp,xcdr,shmem_ds,100000,10,0,measured,10,2026-09-09T14:23:10.307942Z,156983970073414,156983970073414,156983970073414,-1,-1,ok,
exp_constrained_pub_only_xcdr__py_to_cpp__100000B__10Hz__shmem_ds__best_effort,publish,pub,py_to_cpp,constrained_pub_only,exp,xcdr,shmem_ds,100000,10,0,measured,11,2026-09-09T14:23:10.407400Z,156984069529147,156984069529147,156984069529147,-1,-1,ok,
exp_constrained_pub_only_xcdr__py_to_cpp__100000B__10Hz__shmem_ds__best_effort,publish,pub,py_to_cpp,constrained_pub_only,exp,xcdr,shmem_ds,100000,10,0,measured,12,2026-09-09T14:23:10.507339Z,156984169465308,156984169465308,156984169465308,-1,-1,ok,
exp_constrained_pub_only_xcdr__py_to_cpp__100000B__10Hz__shmem_ds__best_effort,publish,pub,py_to_cpp,constrained_pub_only,exp,xcdr,shmem_ds,100000,10,0,measured,13,2026-09-09T14:23:10.606392Z,156984268521225,156984268521225,156984268521225,-1,-1,ok,
exp_constrained_pub_only_xcdr__py_to_cpp__100000B__10Hz__shmem_ds__best_effort,publish,pub,py_to_cpp,constrained_pub_only,exp,xcdr,shmem_ds,100000,10,0,measured,14,2026-09-09T14:23:10.705925Z,156984368039775,156984368039775,156984368039775,-1,-1,ok,
exp_constrained_pub_only_xcdr__py_to_cpp__100000B__10Hz__shmem_ds__best_effort,publish,pub,py_to_cpp,constrained_pub_only,exp,xcdr,shmem_ds,100000,10,0,measured,15,2026-09-09T14:23:10.806324Z,156984468408183,156984468408183,156984468408183,-1,-1,ok,
exp_constrained_pub_only_xcdr__py_to_cpp__100000B__10Hz__shmem_ds__best_effort,publish,pub,py_to_cpp,constrained_pub_only,exp,xcdr,shmem_ds,100000,10,0,measured,16,2026-09-09T14:23:10.906118Z,156984568242213,156984568242213,156984568242213,-1,-1,ok,
exp_constrained_pub_only_xcdr__py_to_cpp__100000B__10Hz__shmem_ds__best_effort,publish,pub,py_to_cpp,constrained_pub_only,exp,xcdr,shmem_ds,100000,10,0,measured,17,2026-09-09T14:23:11.005570Z,156984667693719,156984667693719,156984667693719,-1,-1,ok,
exp_constrained_pub_only_xcdr__py_to_cpp__100000B__10Hz__shmem_ds__best_effort,publish,pub,py_to_cpp,constrained_pub_only,exp,xcdr,shmem_ds,100000,10,0,measured,18,2026-09-09T14:23:11.105784Z,156984767905590,156984767905590,156984767905590,-1,-1,ok,
exp_constrained_pub_only_xcdr__py_to_cpp__100000B__10Hz__shmem_ds__best_effort,publish,pub,py_to_cpp,constrained_pub_only,exp,xcdr,shmem_ds,100000,10,0,measured,19,2026-09-09T14:23:11.206434Z,156984868554397,156984868554397,156984868554397,-1,-1,ok,
exp_constrained_pub_only_xcdr__py_to_cpp__100000B__10Hz__shmem_ds__best_effort,publish,pub,py_to_cpp,constrained_pub_only,exp,xcdr,shmem_ds,100000,10,0,measured,20,2026-09-09T14:23:11.305435Z,156984967554144,156984967554144,156984967554144,-1,-1,ok,
exp_constrained_pub_only_xcdr__py_to_cpp__100000B__10Hz__shmem_ds__best_effort,publish,pub,py_to_cpp,constrained_pub_only,exp,xcdr,shmem_ds,100000,10,0,measured,21,2026-09-09T14:23:11.406115Z,156985068234831,156985068234831,156985068234831,-1,-1,ok,
exp_constrained_pub_only_xcdr__py_to_cpp__100000B__10Hz__shmem_ds__best_effort,publish,pub,py_to_cpp,constrained_pub_only,exp,xcdr,shmem_ds,100000,10,0,measured,22,2026-09-09T14:23:11.506343Z,156985168475135,156985168475135,156985168475135,-1,-1,ok,
exp_constrained_pub_only_xcdr__py_to_cpp__100000B__10Hz__shmem_ds__best_effort,publish,pub,py_to_cpp,constrained_pub_only,exp,xcdr,shmem_ds,100000,10,0,measured,23,2026-09-09T14:23:11.606012Z,156985268142219,156985268142219,156985268142219,-1,-1,ok,
exp_constrained_pub_only_xcdr__py_to_cpp__100000B__10Hz__shmem_ds__best_effort,publish,pub,py_to_cpp,constrained_pub_only,exp,xcdr,shmem_ds,100000,10,0,measured,24,2026-09-09T14:23:11.705401Z,156985367527797,156985367527797,156985367527797,-1,-1,ok,
exp_constrained_pub_only_xcdr__py_to_cpp__100000B__10Hz__shmem_ds__best_effort,publish,pub,py_to_cpp,constrained_pub_only,exp,xcdr,shmem_ds,100000,10,0,measured,25,2026-09-09T14:23:11.806341Z,156985468468830,156985468468830,156985468468830,-1,-1,ok,
exp_constrained_pub_only_xcdr__py_to_cpp__100000B__10Hz__shmem_ds__best_effort,publish,pub,py_to_cpp,constrained_pub_only,exp,xcdr,shmem_ds,100000,10,0,measured,26,2026-09-09T14:23:11.906442Z,156985568529879,156985568529879,156985568529879,-1,-1,ok,
exp_constrained_pub_only_xcdr__py_to_cpp__100000B__10Hz__shmem_ds__best_effort,publish,pub,py_to_cpp,constrained_pub_only,exp,xcdr,shmem_ds,100000,10,0,measured,27,2026-09-09T14:23:12.005053Z,156985667183210,156985667183210,156985667183210,-1,-1,ok,
exp_constrained_pub_only_xcdr__py_to_cpp__100000B__10Hz__shmem_ds__best_effort,publish,pub,py_to_cpp,constrained_pub_only,exp,xcdr,shmem_ds,100000,10,0,measured,28,2026-09-09T14:23:12.104591Z,156985766671255,156985766671255,156985766671255,-1,-1,ok,
exp_constrained_pub_only_xcdr__py_to_cpp__100000B__10Hz__shmem_ds__best_effort,publish,pub,py_to_cpp,constrained_pub_only,exp,xcdr,shmem_ds,100000,10,0,measured,29,2026-09-09T14:23:12.205113Z,156985867245519,156985867245519,156985867245519,-1,-1,ok,
exp_constrained_pub_only_xcdr__py_to_cpp__100000B__10Hz__shmem_ds__best_effort,publish,pub,py_to_cpp,constrained_pub_only,exp,xcdr,shmem_ds,100000,10,0,measured,30,2026-09-09T14:23:12.305169Z,156985967310461,156985967310461,156985967310461,-1,-1,ok,
exp_constrained_pub_only_xcdr__py_to_cpp__100000B__10Hz__shmem_ds__best_effort,publish,pub,py_to_cpp,constrained_pub_only,exp,xcdr,shmem_ds,100000,10,0,measured,31,2026-09-09T14:23:12.405840Z,156986067961458,156986067961458,156986067961458,-1,-1,ok,
exp_constrained_pub_only_xcdr__py_to_cpp__100000B__10Hz__shmem_ds__best_effort,publish,pub,py_to_cpp,constrained_pub_only,exp,xcdr,shmem_ds,100000,10,0,measured,32,2026-09-09T14:23:12.506592Z,156986168696522,156986168696522,156986168696522,-1,-1,ok,
exp_constrained_pub_only_xcdr__py_to_cpp__100000B__10Hz__shmem_ds__best_effort,publish,pub,py_to_cpp,constrained_pub_only,exp,xcdr,shmem_ds,100000,10,0,measured,33,2026-09-09T14:23:12.606502Z,156986268597699,156986268597699,156986268597699,-1,-1,ok,
exp_constrained_pub_only_xcdr__py_to_cpp__100000B__10Hz__shmem_ds__best_effort,publish,pub,py_to_cpp,constrained_pub_only,exp,xcdr,shmem_ds,100000,10,0,measured,34,2026-09-09T14:23:12.707248Z,156986369382936,156986369382936,156986369382936,-1,-1,ok,
exp_constrained_pub_only_xcdr__py_to_cpp__100000B__10Hz__shmem_ds__best_effort,publish,pub,py_to_cpp,constrained_pub_only,exp,xcdr,shmem_ds,100000,10,0,measured,35,2026-09-09T14:23:12.807044Z,156986469162225,156986469162225,156986469162225,-1,-1,ok,
exp_constrained_pub_only_xcdr__py_to_cpp__100000B__10Hz__shmem_ds__best_effort,publish,pub,py_to_cpp,constrained_pub_only,exp,xcdr,shmem_ds,100000,10,0,measured,36,2026-09-09T14:23:12.907282Z,156986569403156,156986569403156,156986569403156,-1,-1,ok,
exp_constrained_pub_only_xcdr__py_to_cpp__100000B__10Hz__shmem_ds__best_effort,publish,pub,py_to_cpp,constrained_pub_only,exp,xcdr,shmem_ds,100000,10,0,measured,37,2026-09-09T14:23:13.007917Z,156986670039205,156986670039205,156986670039205,-1,-1,ok,
exp_constrained_pub_only_xcdr__py_to_cpp__100000B__10Hz__shmem_ds__best_effort,publish,pub,py_to_cpp,constrained_pub_only,exp,xcdr,shmem_ds,100000,10,0,measured,38,2026-09-09T14:23:13.108170Z,156986770292745,156986770292745,156986770292745,-1,-1,ok,
exp_constrained_pub_only_xcdr__py_to_cpp__100000B__10Hz__shmem_ds__best_effort,publish,pub,py_to_cpp,constrained_pub_only,exp,xcdr,shmem_ds,100000,10,0,measured,39,2026-09-09T14:23:13.208884Z,156986870995044,156986870995044,156986870995044,-1,-1,ok,
exp_constrained_pub_only_xcdr__py_to_cpp__100000B__10Hz__shmem_ds__best_effort,publish,pub,py_to_cpp,constrained_pub_only,exp,xcdr,shmem_ds,100000,10,0,measured,40,2026-09-09T14:23:13.309023Z,156986971145361,156986971145361,156986971145361,-1,-1,ok,
exp_constrained_pub_only_xcdr__py_to_cpp__100000B__10Hz__shmem_ds__best_effort,publish,pub,py_to_cpp,constrained_pub_only,exp,xcdr,shmem_ds,100000,10,0,measured,41,2026-09-09T14:23:13.409434Z,156987071557728,156987071557728,156987071557728,-1,-1,ok,
exp_constrained_pub_only_xcdr__py_to_cpp__100000B__10Hz__shmem_ds__best_effort,publish,pub,py_to_cpp,constrained_pub_only,exp,xcdr,shmem_ds,100000,10,0,measured,42,2026-09-09T14:23:13.508541Z,156987170677060,156987170677060,156987170677060,-1,-1,ok,
exp_constrained_pub_only_xcdr__py_to_cpp__100000B__10Hz__shmem_ds__best_effort,publish,pub,py_to_cpp,constrained_pub_only,exp,xcdr,shmem_ds,100000,10,0,measured,43,2026-09-09T14:23:13.607970Z,156987270098336,156987270098336,156987270098336,-1,-1,ok,
exp_constrained_pub_only_xcdr__py_to_cpp__100000B__10Hz__shmem_ds__best_effort,publish,pub,py_to_cpp,constrained_pub_only,exp,xcdr,shmem_ds,100000,10,0,measured,44,2026-09-09T14:23:13.707767Z,156987369862181,156987369862181,156987369862181,-1,-1,ok,
exp_constrained_pub_only_xcdr__py_to_cpp__100000B__10Hz__shmem_ds__best_effort,publish,pub,py_to_cpp,constrained_pub_only,exp,xcdr,shmem_ds,100000,10,0,measured,45,2026-09-09T14:23:13.806711Z,156987468833547,156987468833547,156987468833547,-1,-1,ok,
exp_constrained_pub_only_xcdr__py_to_cpp__100000B__10Hz__shmem_ds__best_effort,publish,pub,py_to_cpp,constrained_pub_only,exp,xcdr,shmem_ds,100000,10,0,measured,46,2026-09-09T14:23:13.906056Z,156987568191594,156987568191594,156987568191594,-1,-1,ok,
exp_constrained_pub_only_xcdr__py_to_cpp__100000B__10Hz__shmem_ds__best_effort,publish,pub,py_to_cpp,constrained_pub_only,exp,xcdr,shmem_ds,100000,10,0,measured,47,2026-09-09T14:23:14.005235Z,156987667363014,156987667363014,156987667363014,-1,-1,ok,
exp_constrained_pub_only_xcdr__py_to_cpp__100000B__10Hz__shmem_ds__best_effort,publish,pub,py_to_cpp,constrained_pub_only,exp,xcdr,shmem_ds,100000,10,0,measured,48,2026-09-09T14:23:14.104793Z,156987766927442,156987766927442,156987766927442,-1,-1,ok,
exp_constrained_pub_only_xcdr__py_to_cpp__100000B__10Hz__shmem_ds__best_effort,publish,pub,py_to_cpp,constrained_pub_only,exp,xcdr,shmem_ds,100000,10,0,measured,49,2026-09-09T14:23:14.205137Z,156987867267299,156987867267299,156987867267299,-1,-1,ok,
exp_constrained_pub_only_xcdr__py_to_cpp__100000B__10Hz__shmem_ds__best_effort,publish,pub,py_to_cpp,constrained_pub_only,exp,xcdr,shmem_ds,100000,10,0,measured,50,2026-09-09T14:23:14.304858Z,156987966984483,156987966984483,156987966984483,-1,-1,ok,
exp_constrained_pub_only_xcdr__py_to_cpp__100000B__10Hz__shmem_ds__best_effort,publish,pub,py_to_cpp,constrained_pub_only,exp,xcdr,shmem_ds,100000,10,0,measured,51,2026-09-09T14:23:14.404677Z,156988066802335,156988066802335,156988066802335,-1,-1,ok,
exp_constrained_pub_only_xcdr__py_to_cpp__100000B__10Hz__shmem_ds__best_effort,publish,pub,py_to_cpp,constrained_pub_only,exp,xcdr,shmem_ds,100000,10,0,measured,52,2026-09-09T14:23:14.504004Z,156988166150760,156988166150760,156988166150760,-1,-1,ok,
exp_constrained_pub_only_xcdr__py_to_cpp__100000B__10Hz__shmem_ds__best_effort,publish,pub,py_to_cpp,constrained_pub_only,exp,xcdr,shmem_ds,100000,10,0,measured,53,2026-09-09T14:23:14.603642Z,156988265756556,156988265756556,156988265756556,-1,-1,ok,
exp_constrained_pub_only_xcdr__py_to_cpp__100000B__10Hz__shmem_ds__best_effort,publish,pub,py_to_cpp,constrained_pub_only,exp,xcdr,shmem_ds,100000,10,0,measured,54,2026-09-09T14:23:14.704508Z,156988366630581,156988366630581,156988366630581,-1,-1,ok,
exp_constrained_pub_only_xcdr__py_to_cpp__100000B__10Hz__shmem_ds__best_effort,publish,pub,py_to_cpp,constrained_pub_only,exp,xcdr,shmem_ds,100000,10,0,measured,55,2026-09-09T14:23:14.804606Z,156988466748734,156988466748734,156988466748734,-1,-1,ok,
exp_constrained_pub_only_xcdr__py_to_cpp__100000B__10Hz__shmem_ds__best_effort,publish,pub,py_to_cpp,constrained_pub_only,exp,xcdr,shmem_ds,100000,10,0,measured,56,2026-09-09T14:23:14.905013Z,156988567135028,156988567135028,156988567135028,-1,-1,ok,
exp_constrained_pub_only_xcdr__py_to_cpp__100000B__10Hz__shmem_ds__best_effort,publish,pub,py_to_cpp,constrained_pub_only,exp,xcdr,shmem_ds,100000,10,0,measured,57,2026-09-09T14:23:15.004334Z,156988666452055,156988666452055,156988666452055,-1,-1,ok,
exp_constrained_pub_only_xcdr__py_to_cpp__100000B__10Hz__shmem_ds__best_effort,publish,pub,py_to_cpp,constrained_pub_only,exp,xcdr,shmem_ds,100000,10,0,measured,58,2026-09-09T14:23:15.104799Z,156988766921700,156988766921700,156988766921700,-1,-1,ok,
exp_constrained_pub_only_xcdr__py_to_cpp__100000B__10Hz__shmem_ds__best_effort,publish,pub,py_to_cpp,constrained_pub_only,exp,xcdr,shmem_ds,100000,10,0,measured,59,2026-09-09T14:23:15.204347Z,156988866471967,156988866471967,156988866471967,-1,-1,ok,
exp_constrained_pub_only_xcdr__py_to_cpp__100000B__10Hz__shmem_ds__best_effort,publish,pub,py_to_cpp,constrained_pub_only,exp,xcdr,shmem_ds,100000,10,0,measured,60,2026-09-09T14:23:15.303858Z,156988965993752,156988965993752,156988965993752,-1,-1,ok,
exp_constrained_pub_only_xcdr__py_to_cpp__100000B__10Hz__shmem_ds__best_effort,publish,pub,py_to_cpp,constrained_pub_only,exp,xcdr,shmem_ds,100000,10,0,measured,61,2026-09-09T14:23:15.404795Z,156989066942201,156989066942201,156989066942201,-1,-1,ok,
exp_constrained_pub_only_xcdr__py_to_cpp__100000B__10Hz__shmem_ds__best_effort,publish,pub,py_to_cpp,constrained_pub_only,exp,xcdr,shmem_ds,100000,10,0,measured,62,2026-09-09T14:23:15.505205Z,156989167336666,156989167336666,156989167336666,-1,-1,ok,
exp_constrained_pub_only_xcdr__py_to_cpp__100000B__10Hz__shmem_ds__best_effort,publish,pub,py_to_cpp,constrained_pub_only,exp,xcdr,shmem_ds,100000,10,0,measured,63,2026-09-09T14:23:15.605484Z,156989267575440,156989267575440,156989267575440,-1,-1,ok,
exp_constrained_pub_only_xcdr__py_to_cpp__100000B__10Hz__shmem_ds__best_effort,publish,pub,py_to_cpp,constrained_pub_only,exp,xcdr,shmem_ds,100000,10,0,measured,64,2026-09-09T14:23:15.705649Z,156989367774129,156989367774129,156989367774129,-1,-1,ok,
exp_constrained_pub_only_xcdr__py_to_cpp__100000B__10Hz__shmem_ds__best_effort,publish,pub,py_to_cpp,constrained_pub_only,exp,xcdr,shmem_ds,100000,10,0,measured,65,2026-09-09T14:23:15.806332Z,156989468456672,156989468456672,156989468456672,-1,-1,ok,
exp_constrained_pub_only_xcdr__py_to_cpp__100000B__10Hz__shmem_ds__best_effort,publish,pub,py_to_cpp,constrained_pub_only,exp,xcdr,shmem_ds,100000,10,0,measured,66,2026-09-09T14:23:15.906896Z,156989569021344,156989569021344,156989569021344,-1,-1,ok,
exp_constrained_pub_only_xcdr__py_to_cpp__100000B__10Hz__shmem_ds__best_effort,publish,pub,py_to_cpp,constrained_pub_only,exp,xcdr,shmem_ds,100000,10,0,measured,67,2026-09-09T14:23:16.006514Z,156989668641553,156989668641553,156989668641553,-1,-1,ok,
exp_constrained_pub_only_xcdr__py_to_cpp__100000B__10Hz__shmem_ds__best_effort,publish,pub,py_to_cpp,constrained_pub_only,exp,xcdr,shmem_ds,100000,10,0,measured,68,2026-09-09T14:23:16.105288Z,156989767426637,156989767426637,156989767426637,-1,-1,ok,
exp_constrained_pub_only_xcdr__py_to_cpp__100000B__10Hz__shmem_ds__best_effort,publish,pub,py_to_cpp,constrained_pub_only,exp,xcdr,shmem_ds,100000,10,0,measured,69,2026-09-09T14:23:16.205451Z,156989867544491,156989867544491,156989867544491,-1,-1,ok,
exp_constrained_pub_only_xcdr__py_to_cpp__100000B__10Hz__shmem_ds__best_effort,publish,pub,py_to_cpp,constrained_pub_only,exp,xcdr,shmem_ds,100000,10,0,measured,70,2026-09-09T14:23:16.304478Z,156989966613155,156989966613155,156989966613155,-1,-1,ok,
exp_constrained_pub_only_xcdr__py_to_cpp__100000B__10Hz__shmem_ds__best_effort,publish,pub,py_to_cpp,constrained_pub_only,exp,xcdr,shmem_ds,100000,10,0,measured,71,2026-09-09T14:23:16.404102Z,156990066213892,156990066213892,156990066213892,-1,-1,ok,
exp_constrained_pub_only_xcdr__py_to_cpp__100000B__10Hz__shmem_ds__best_effort,publish,pub,py_to_cpp,constrained_pub_only,exp,xcdr,shmem_ds,100000,10,0,measured,72,2026-09-09T14:23:16.504898Z,156990167020672,156990167020672,156990167020672,-1,-1,ok,
exp_constrained_pub_only_xcdr__py_to_cpp__100000B__10Hz__shmem_ds__best_effort,publish,pub,py_to_cpp,constrained_pub_only,exp,xcdr,shmem_ds,100000,10,0,measured,73,2026-09-09T14:23:16.605643Z,156990267768242,156990267768242,156990267768242,-1,-1,ok,
exp_constrained_pub_only_xcdr__py_to_cpp__100000B__10Hz__shmem_ds__best_effort,publish,pub,py_to_cpp,constrained_pub_only,exp,xcdr,shmem_ds,100000,10,0,measured,74,2026-09-09T14:23:16.705461Z,156990367549106,156990367549106,156990367549106,-1,-1,ok,
exp_constrained_pub_only_xcdr__py_to_cpp__100000B__10Hz__shmem_ds__best_effort,publish,pub,py_to_cpp,constrained_pub_only,exp,xcdr,shmem_ds,100000,10,0,measured,75,2026-09-09T14:23:16.805697Z,156990467797644,156990467797644,156990467797644,-1,-1,ok,
exp_constrained_pub_only_xcdr__py_to_cpp__100000B__10Hz__shmem_ds__best_effort,publish,pub,py_to_cpp,constrained_pub_only,exp,xcdr,shmem_ds,100000,10,0,measured,76,2026-09-09T14:23:16.905538Z,156990567636816,156990567636816,156990567636816,-1,-1,ok,
exp_constrained_pub_only_xcdr__py_to_cpp__100000B__10Hz__shmem_ds__best_effort,publish,pub,py_to_cpp,constrained_pub_only,exp,xcdr,shmem_ds,100000,10,0,measured,77,2026-09-09T14:23:17.006186Z,156990668322371,156990668322371,156990668322371,-1,-1,ok,
exp_constrained_pub_only_xcdr__py_to_cpp__100000B__10Hz__shmem_ds__best_effort,publish,pub,py_to_cpp,constrained_pub_only,exp,xcdr,shmem_ds,100000,10,0,measured,78,2026-09-09T14:23:17.106370Z,156990768456601,156990768456601,156990768456601,-1,-1,ok,
exp_constrained_pub_only_xcdr__py_to_cpp__100000B__10Hz__shmem_ds__best_effort,publish,pub,py_to_cpp,constrained_pub_only,exp,xcdr,shmem_ds,100000,10,0,measured,79,2026-09-09T14:23:17.205701Z,156990867817486,156990867817486,156990867817486,-1,-1,ok,
exp_constrained_pub_only_xcdr__py_to_cpp__100000B__10Hz__shmem_ds__best_effort,publish,pub,py_to_cpp,constrained_pub_only,exp,xcdr,shmem_ds,100000,10,0,measured,80,2026-09-09T14:23:17.305158Z,156990967283097,156990967283097,156990967283097,-1,-1,ok,
exp_constrained_pub_only_xcdr__py_to_cpp__100000B__10Hz__shmem_ds__best_effort,publish,pub,py_to_cpp,constrained_pub_only,exp,xcdr,shmem_ds,100000,10,0,measured,81,2026-09-09T14:23:17.405243Z,156991067362824,156991067362824,156991067362824,-1,-1,ok,
exp_constrained_pub_only_xcdr__py_to_cpp__100000B__10Hz__shmem_ds__best_effort,publish,pub,py_to_cpp,constrained_pub_only,exp,xcdr,shmem_ds,100000,10,0,measured,82,2026-09-09T14:23:17.504789Z,156991166912863,156991166912863,156991166912863,-1,-1,ok,
exp_constrained_pub_only_xcdr__py_to_cpp__100000B__10Hz__shmem_ds__best_effort,publish,pub,py_to_cpp,constrained_pub_only,exp,xcdr,shmem_ds,100000,10,0,measured,83,2026-09-09T14:23:17.604954Z,156991267078842,156991267078842,156991267078842,-1,-1,ok,
exp_constrained_pub_only_xcdr__py_to_cpp__100000B__10Hz__shmem_ds__best_effort,publish,pub,py_to_cpp,constrained_pub_only,exp,xcdr,shmem_ds,100000,10,0,measured,84,2026-09-09T14:23:17.705708Z,156991367841756,156991367841756,156991367841756,-1,-1,ok,
exp_constrained_pub_only_xcdr__py_to_cpp__100000B__10Hz__shmem_ds__best_effort,publish,pub,py_to_cpp,constrained_pub_only,exp,xcdr,shmem_ds,100000,10,0,measured,85,2026-09-09T14:23:17.805389Z,156991467537827,156991467537827,156991467537827,-1,-1,ok,
exp_constrained_pub_only_xcdr__py_to_cpp__100000B__10Hz__shmem_ds__best_effort,publish,pub,py_to_cpp,constrained_pub_only,exp,xcdr,shmem_ds,100000,10,0,measured,86,2026-09-09T14:23:17.904973Z,156991567100980,156991567100980,156991567100980,-1,-1,ok,
exp_constrained_pub_only_xcdr__py_to_cpp__100000B__10Hz__shmem_ds__best_effort,publish,pub,py_to_cpp,constrained_pub_only,exp,xcdr,shmem_ds,100000,10,0,measured,87,2026-09-09T14:23:18.005928Z,156991668058778,156991668058778,156991668058778,-1,-1,ok,
exp_constrained_pub_only_xcdr__py_to_cpp__100000B__10Hz__shmem_ds__best_effort,publish,pub,py_to_cpp,constrained_pub_only,exp,xcdr,shmem_ds,100000,10,0,measured,88,2026-09-09T14:23:18.105897Z,156991768035269,156991768035269,156991768035269,-1,-1,ok,
exp_constrained_pub_only_xcdr__py_to_cpp__100000B__10Hz__shmem_ds__best_effort,publish,pub,py_to_cpp,constrained_pub_only,exp,xcdr,shmem_ds,100000,10,0,measured,89,2026-09-09T14:23:18.205027Z,156991867174545,156991867174545,156991867174545,-1,-1,ok,
exp_constrained_pub_only_xcdr__py_to_cpp__100000B__10Hz__shmem_ds__best_effort,publish,pub,py_to_cpp,constrained_pub_only,exp,xcdr,shmem_ds,100000,10,0,measured,90,2026-09-09T14:23:18.304598Z,156991966669426,156991966669426,156991966669426,-1,-1,ok,
exp_constrained_pub_only_xcdr__py_to_cpp__100000B__10Hz__shmem_ds__best_effort,publish,pub,py_to_cpp,constrained_pub_only,exp,xcdr,shmem_ds,100000,10,0,measured,91,2026-09-09T14:23:18.403637Z,156992065742569,156992065742569,156992065742569,-1,-1,ok,
exp_constrained_pub_only_xcdr__py_to_cpp__100000B__10Hz__shmem_ds__best_effort,publish,pub,py_to_cpp,constrained_pub_only,exp,xcdr,shmem_ds,100000,10,0,measured,92,2026-09-09T14:23:18.503866Z,156992165958968,156992165958968,156992165958968,-1,-1,ok,
exp_constrained_pub_only_xcdr__py_to_cpp__100000B__10Hz__shmem_ds__best_effort,publish,pub,py_to_cpp,constrained_pub_only,exp,xcdr,shmem_ds,100000,10,0,measured,93,2026-09-09T14:23:18.604455Z,156992266585493,156992266585493,156992266585493,-1,-1,ok,
exp_constrained_pub_only_xcdr__py_to_cpp__100000B__10Hz__shmem_ds__best_effort,publish,pub,py_to_cpp,constrained_pub_only,exp,xcdr,shmem_ds,100000,10,0,measured,94,2026-09-09T14:23:18.704597Z,156992366689061,156992366689061,156992366689061,-1,-1,ok,
exp_constrained_pub_only_xcdr__py_to_cpp__100000B__10Hz__shmem_ds__best_effort,publish,pub,py_to_cpp,constrained_pub_only,exp,xcdr,shmem_ds,100000,10,0,measured,95,2026-09-09T14:23:18.803332Z,156992465448047,156992465448047,156992465448047,-1,-1,ok,
exp_constrained_pub_only_xcdr__py_to_cpp__100000B__10Hz__shmem_ds__best_effort,publish,pub,py_to_cpp,constrained_pub_only,exp,xcdr,shmem_ds,100000,10,0,measured,96,2026-09-09T14:23:18.903140Z,156992565247777,156992565247777,156992565247777,-1,-1,ok,
exp_constrained_pub_only_xcdr__py_to_cpp__100000B__10Hz__shmem_ds__best_effort,publish,pub,py_to_cpp,constrained_pub_only,exp,xcdr,shmem_ds,100000,10,0,measured,97,2026-09-09T14:23:19.004004Z,156992666134548,156992666134548,156992666134548,-1,-1,ok,
exp_constrained_pub_only_xcdr__py_to_cpp__100000B__10Hz__shmem_ds__best_effort,publish,pub,py_to_cpp,constrained_pub_only,exp,xcdr,shmem_ds,100000,10,0,measured,98,2026-09-09T14:23:19.104038Z,156992766174793,156992766174793,156992766174793,-1,-1,ok,
exp_constrained_pub_only_xcdr__py_to_cpp__100000B__10Hz__shmem_ds__best_effort,publish,pub,py_to_cpp,constrained_pub_only,exp,xcdr,shmem_ds,100000,10,0,measured,99,2026-09-09T14:23:19.205033Z,156992867162158,156992867162158,156992867162158,-1,-1,ok,
exp_constrained_pub_only_xcdr__py_to_cpp__100000B__10Hz__shmem_ds__best_effort,publish,pub,py_to_cpp,constrained_pub_only,exp,xcdr,shmem_ds,100000,10,0,measured,100,2026-09-09T14:23:19.305841Z,156992967920775,156992967920775,156992967920775,-1,-1,ok,
exp_constrained_pub_only_xcdr__py_to_cpp__100000B__10Hz__shmem_ds__best_effort,publish,pub,py_to_cpp,constrained_pub_only,exp,xcdr,shmem_ds,100000,10,0,measured,101,2026-09-09T14:23:19.404768Z,156993066894518,156993066894518,156993066894518,-1,-1,ok,
exp_constrained_pub_only_xcdr__py_to_cpp__100000B__10Hz__shmem_ds__best_effort,publish,pub,py_to_cpp,constrained_pub_only,exp,xcdr,shmem_ds,100000,10,0,measured,102,2026-09-09T14:23:19.505493Z,156993167602130,156993167602130,156993167602130,-1,-1,ok,
exp_constrained_pub_only_xcdr__py_to_cpp__100000B__10Hz__shmem_ds__best_effort,publish,pub,py_to_cpp,constrained_pub_only,exp,xcdr,shmem_ds,100000,10,0,measured,103,2026-09-09T14:23:19.605776Z,156993267869169,156993267869169,156993267869169,-1,-1,ok,
exp_constrained_pub_only_xcdr__py_to_cpp__100000B__10Hz__shmem_ds__best_effort,publish,pub,py_to_cpp,constrained_pub_only,exp,xcdr,shmem_ds,100000,10,0,measured,104,2026-09-09T14:23:19.705690Z,156993367812343,156993367812343,156993367812343,-1,-1,ok,
exp_constrained_pub_only_xcdr__py_to_cpp__100000B__10Hz__shmem_ds__best_effort,publish,pub,py_to_cpp,constrained_pub_only,exp,xcdr,shmem_ds,100000,10,0,measured,105,2026-09-09T14:23:19.805229Z,156993467353295,156993467353295,156993467353295,-1,-1,ok,
exp_constrained_pub_only_xcdr__py_to_cpp__100000B__10Hz__shmem_ds__best_effort,publish,pub,py_to_cpp,constrained_pub_only,exp,xcdr,shmem_ds,100000,10,0,measured,106,2026-09-09T14:23:19.905482Z,156993567609564,156993567609564,156993567609564,-1,-1,ok,
exp_constrained_pub_only_xcdr__py_to_cpp__100000B__10Hz__shmem_ds__best_effort,publish,pub,py_to_cpp,constrained_pub_only,exp,xcdr,shmem_ds,100000,10,0,measured,107,2026-09-09T14:23:20.004949Z,156993667041282,156993667041282,156993667041282,-1,-1,ok,
exp_constrained_pub_only_xcdr__py_to_cpp__100000B__10Hz__shmem_ds__best_effort,publish,pub,py_to_cpp,constrained_pub_only,exp,xcdr,shmem_ds,100000,10,0,measured,108,2026-09-09T14:23:20.104584Z,156993766709218,156993766709218,156993766709218,-1,-1,ok,
exp_constrained_pub_only_xcdr__py_to_cpp__100000B__10Hz__shmem_ds__best_effort,publish,pub,py_to_cpp,constrained_pub_only,exp,xcdr,shmem_ds,100000,10,0,measured,109,2026-09-09T14:23:20.204506Z,156993866631829,156993866631829,156993866631829,-1,-1,ok,
exp_constrained_pub_only_xcdr__py_to_cpp__100000B__10Hz__shmem_ds__best_effort,publish,pub,py_to_cpp,constrained_pub_only,exp,xcdr,shmem_ds,100000,10,0,measured,110,2026-09-09T14:23:20.305709Z,156993967816647,156993967816647,156993967816647,-1,-1,ok,
exp_constrained_pub_only_xcdr__py_to_cpp__100000B__10Hz__shmem_ds__best_effort,publish,pub,py_to_cpp,constrained_pub_only,exp,xcdr,shmem_ds,100000,10,0,measured,111,2026-09-09T14:23:20.406315Z,156994068414760,156994068414760,156994068414760,-1,-1,ok,
exp_constrained_pub_only_xcdr__py_to_cpp__100000B__10Hz__shmem_ds__best_effort,publish,pub,py_to_cpp,constrained_pub_only,exp,xcdr,shmem_ds,100000,10,0,measured,112,2026-09-09T14:23:20.505614Z,156994167748090,156994167748090,156994167748090,-1,-1,ok,
exp_constrained_pub_only_xcdr__py_to_cpp__100000B__10Hz__shmem_ds__best_effort,publish,pub,py_to_cpp,constrained_pub_only,exp,xcdr,shmem_ds,100000,10,0,measured,113,2026-09-09T14:23:20.605678Z,156994267806244,156994267806244,156994267806244,-1,-1,ok,
exp_constrained_pub_only_xcdr__py_to_cpp__100000B__10Hz__shmem_ds__best_effort,publish,pub,py_to_cpp,constrained_pub_only,exp,xcdr,shmem_ds,100000,10,0,measured,114,2026-09-09T14:23:20.705222Z,156994367323408,156994367323408,156994367323408,-1,-1,ok,
exp_constrained_pub_only_xcdr__py_to_cpp__100000B__10Hz__shmem_ds__best_effort,publish,pub,py_to_cpp,constrained_pub_only,exp,xcdr,shmem_ds,100000,10,0,measured,115,2026-09-09T14:23:20.805907Z,156994468026446,156994468026446,156994468026446,-1,-1,ok,
exp_constrained_pub_only_xcdr__py_to_cpp__100000B__10Hz__shmem_ds__best_effort,publish,pub,py_to_cpp,constrained_pub_only,exp,xcdr,shmem_ds,100000,10,0,measured,116,2026-09-09T14:23:20.906683Z,156994568798484,156994568798484,156994568798484,-1,-1,ok,
exp_constrained_pub_only_xcdr__py_to_cpp__100000B__10Hz__shmem_ds__best_effort,publish,pub,py_to_cpp,constrained_pub_only,exp,xcdr,shmem_ds,100000,10,0,measured,117,2026-09-09T14:23:21.006266Z,156994668373035,156994668373035,156994668373035,-1,-1,ok,
exp_constrained_pub_only_xcdr__py_to_cpp__100000B__10Hz__shmem_ds__best_effort,publish,pub,py_to_cpp,constrained_pub_only,exp,xcdr,shmem_ds,100000,10,0,measured,118,2026-09-09T14:23:21.106483Z,156994768612594,156994768612594,156994768612594,-1,-1,ok,
exp_constrained_pub_only_xcdr__py_to_cpp__100000B__10Hz__shmem_ds__best_effort,publish,pub,py_to_cpp,constrained_pub_only,exp,xcdr,shmem_ds,100000,10,0,measured,119,2026-09-09T14:23:21.206657Z,156994868791419,156994868791419,156994868791419,-1,-1,ok,
exp_constrained_pub_only_xcdr__py_to_cpp__100000B__10Hz__shmem_ds__best_effort,publish,pub,py_to_cpp,constrained_pub_only,exp,xcdr,shmem_ds,100000,10,0,measured,120,2026-09-09T14:23:21.306017Z,156994968134763,156994968134763,156994968134763,-1,-1,ok,
exp_constrained_pub_only_xcdr__py_to_cpp__100000B__10Hz__shmem_ds__best_effort,publish,pub,py_to_cpp,constrained_pub_only,exp,xcdr,shmem_ds,100000,10,0,measured,121,2026-09-09T14:23:21.406681Z,156995068798024,156995068798024,156995068798024,-1,-1,ok,
exp_constrained_pub_only_xcdr__py_to_cpp__100000B__10Hz__shmem_ds__best_effort,publish,pub,py_to_cpp,constrained_pub_only,exp,xcdr,shmem_ds,100000,10,0,measured,122,2026-09-09T14:23:21.506591Z,156995168715371,156995168715371,156995168715371,-1,-1,ok,
exp_constrained_pub_only_xcdr__py_to_cpp__100000B__10Hz__shmem_ds__best_effort,publish,pub,py_to_cpp,constrained_pub_only,exp,xcdr,shmem_ds,100000,10,0,measured,123,2026-09-09T14:23:21.607140Z,156995269271510,156995269271510,156995269271510,-1,-1,ok,
exp_constrained_pub_only_xcdr__py_to_cpp__100000B__10Hz__shmem_ds__best_effort,publish,pub,py_to_cpp,constrained_pub_only,exp,xcdr,shmem_ds,100000,10,0,measured,124,2026-09-09T14:23:21.707082Z,156995369224173,156995369224173,156995369224173,-1,-1,ok,
exp_constrained_pub_only_xcdr__py_to_cpp__100000B__10Hz__shmem_ds__best_effort,publish,pub,py_to_cpp,constrained_pub_only,exp,xcdr,shmem_ds,100000,10,0,measured,125,2026-09-09T14:23:21.806568Z,156995468704684,156995468704684,156995468704684,-1,-1,ok,
exp_constrained_pub_only_xcdr__py_to_cpp__100000B__10Hz__shmem_ds__best_effort,publish,pub,py_to_cpp,constrained_pub_only,exp,xcdr,shmem_ds,100000,10,0,measured,126,2026-09-09T14:23:21.906051Z,156995568142705,156995568142705,156995568142705,-1,-1,ok,
exp_constrained_pub_only_xcdr__py_to_cpp__100000B__10Hz__shmem_ds__best_effort,publish,pub,py_to_cpp,constrained_pub_only,exp,xcdr,shmem_ds,100000,10,0,measured,127,2026-09-09T14:23:22.005047Z,156995667118182,156995667118182,156995667118182,-1,-1,ok,
exp_constrained_pub_only_xcdr__py_to_cpp__100000B__10Hz__shmem_ds__best_effort,publish,pub,py_to_cpp,constrained_pub_only,exp,xcdr,shmem_ds,100000,10,0,measured,128,2026-09-09T14:23:22.105841Z,156995767958749,156995767958749,156995767958749,-1,-1,ok,
exp_constrained_pub_only_xcdr__py_to_cpp__100000B__10Hz__shmem_ds__best_effort,publish,pub,py_to_cpp,constrained_pub_only,exp,xcdr,shmem_ds,100000,10,0,measured,129,2026-09-09T14:23:22.206505Z,156995868631863,156995868631863,156995868631863,-1,-1,ok,
exp_constrained_pub_only_xcdr__py_to_cpp__100000B__10Hz__shmem_ds__best_effort,publish,pub,py_to_cpp,constrained_pub_only,exp,xcdr,shmem_ds,100000,10,0,measured,130,2026-09-09T14:23:22.307151Z,156995969280662,156995969280662,156995969280662,-1,-1,ok,
exp_constrained_pub_only_xcdr__py_to_cpp__100000B__10Hz__shmem_ds__best_effort,publish,pub,py_to_cpp,constrained_pub_only,exp,xcdr,shmem_ds,100000,10,0,measured,131,2026-09-09T14:23:22.406751Z,156996068881893,156996068881893,156996068881893,-1,-1,ok,
exp_constrained_pub_only_xcdr__py_to_cpp__100000B__10Hz__shmem_ds__best_effort,publish,pub,py_to_cpp,constrained_pub_only,exp,xcdr,shmem_ds,100000,10,0,measured,132,2026-09-09T14:23:22.506032Z,156996168126458,156996168126458,156996168126458,-1,-1,ok,
exp_constrained_pub_only_xcdr__py_to_cpp__100000B__10Hz__shmem_ds__best_effort,publish,pub,py_to_cpp,constrained_pub_only,exp,xcdr,shmem_ds,100000,10,0,measured,133,2026-09-09T14:23:22.606633Z,156996268755200,156996268755200,156996268755200,-1,-1,ok,
exp_constrained_pub_only_xcdr__py_to_cpp__100000B__10Hz__shmem_ds__best_effort,publish,pub,py_to_cpp,constrained_pub_only,exp,xcdr,shmem_ds,100000,10,0,measured,134,2026-09-09T14:23:22.707558Z,156996369685093,156996369685093,156996369685093,-1,-1,ok,
exp_constrained_pub_only_xcdr__py_to_cpp__100000B__10Hz__shmem_ds__best_effort,publish,pub,py_to_cpp,constrained_pub_only,exp,xcdr,shmem_ds,100000,10,0,measured,135,2026-09-09T14:23:22.806732Z,156996468858716,156996468858716,156996468858716,-1,-1,ok,
exp_constrained_pub_only_xcdr__py_to_cpp__100000B__10Hz__shmem_ds__best_effort,publish,pub,py_to_cpp,constrained_pub_only,exp,xcdr,shmem_ds,100000,10,0,measured,136,2026-09-09T14:23:22.906688Z,156996568817836,156996568817836,156996568817836,-1,-1,ok,
exp_constrained_pub_only_xcdr__py_to_cpp__100000B__10Hz__shmem_ds__best_effort,publish,pub,py_to_cpp,constrained_pub_only,exp,xcdr,shmem_ds,100000,10,0,measured,137,2026-09-09T14:23:23.005796Z,156996667929353,156996667929353,156996667929353,-1,-1,ok,
exp_constrained_pub_only_xcdr__py_to_cpp__100000B__10Hz__shmem_ds__best_effort,publish,pub,py_to_cpp,constrained_pub_only,exp,xcdr,shmem_ds,100000,10,0,measured,138,2026-09-09T14:23:23.106298Z,156996768424170,156996768424170,156996768424170,-1,-1,ok,
exp_constrained_pub_only_xcdr__py_to_cpp__100000B__10Hz__shmem_ds__best_effort,publish,pub,py_to_cpp,constrained_pub_only,exp,xcdr,shmem_ds,100000,10,0,measured,139,2026-09-09T14:23:23.207114Z,156996869242160,156996869242160,156996869242160,-1,-1,ok,
exp_constrained_pub_only_xcdr__py_to_cpp__100000B__10Hz__shmem_ds__best_effort,publish,pub,py_to_cpp,constrained_pub_only,exp,xcdr,shmem_ds,100000,10,0,measured,140,2026-09-09T14:23:23.306081Z,156996968213590,156996968213590,156996968213590,-1,-1,ok,
exp_constrained_pub_only_xcdr__py_to_cpp__100000B__10Hz__shmem_ds__best_effort,publish,pub,py_to_cpp,constrained_pub_only,exp,xcdr,shmem_ds,100000,10,0,measured,141,2026-09-09T14:23:23.406121Z,156997068245211,156997068245211,156997068245211,-1,-1,ok,
exp_constrained_pub_only_xcdr__py_to_cpp__100000B__10Hz__shmem_ds__best_effort,publish,pub,py_to_cpp,constrained_pub_only,exp,xcdr,shmem_ds,100000,10,0,measured,142,2026-09-09T14:23:23.506320Z,156997168429307,156997168429307,156997168429307,-1,-1,ok,
exp_constrained_pub_only_xcdr__py_to_cpp__100000B__10Hz__shmem_ds__best_effort,publish,pub,py_to_cpp,constrained_pub_only,exp,xcdr,shmem_ds,100000,10,0,measured,143,2026-09-09T14:23:23.605699Z,156997267819059,156997267819059,156997267819059,-1,-1,ok,
exp_constrained_pub_only_xcdr__py_to_cpp__100000B__10Hz__shmem_ds__best_effort,publish,pub,py_to_cpp,constrained_pub_only,exp,xcdr,shmem_ds,100000,10,0,measured,144,2026-09-09T14:23:23.706493Z,156997368570425,156997368570425,156997368570425,-1,-1,ok,
exp_constrained_pub_only_xcdr__py_to_cpp__100000B__10Hz__shmem_ds__best_effort,publish,pub,py_to_cpp,constrained_pub_only,exp,xcdr,shmem_ds,100000,10,0,measured,145,2026-09-09T14:23:23.806336Z,156997468460251,156997468460251,156997468460251,-1,-1,ok,
exp_constrained_pub_only_xcdr__py_to_cpp__100000B__10Hz__shmem_ds__best_effort,publish,pub,py_to_cpp,constrained_pub_only,exp,xcdr,shmem_ds,100000,10,0,measured,146,2026-09-09T14:23:23.906039Z,156997568115499,156997568115499,156997568115499,-1,-1,ok,
exp_constrained_pub_only_xcdr__py_to_cpp__100000B__10Hz__shmem_ds__best_effort,publish,pub,py_to_cpp,constrained_pub_only,exp,xcdr,shmem_ds,100000,10,0,measured,147,2026-09-09T14:23:24.005912Z,156997668037606,156997668037606,156997668037606,-1,-1,ok,
exp_constrained_pub_only_xcdr__py_to_cpp__100000B__10Hz__shmem_ds__best_effort,publish,pub,py_to_cpp,constrained_pub_only,exp,xcdr,shmem_ds,100000,10,0,measured,148,2026-09-09T14:23:24.106265Z,156997768397557,156997768397557,156997768397557,-1,-1,ok,
exp_constrained_pub_only_xcdr__py_to_cpp__100000B__10Hz__shmem_ds__best_effort,publish,pub,py_to_cpp,constrained_pub_only,exp,xcdr,shmem_ds,100000,10,0,measured,149,2026-09-09T14:23:24.205761Z,156997867876891,156997867876891,156997867876891,-1,-1,ok,
exp_constrained_pub_only_xcdr__py_to_cpp__100000B__10Hz__shmem_ds__best_effort,publish,pub,py_to_cpp,constrained_pub_only,exp,xcdr,shmem_ds,100000,10,0,measured,150,2026-09-09T14:23:24.305287Z,156997967404276,156997967404276,156997967404276,-1,-1,ok,
exp_constrained_pub_only_xcdr__py_to_cpp__100000B__10Hz__shmem_ds__best_effort,publish,pub,py_to_cpp,constrained_pub_only,exp,xcdr,shmem_ds,100000,10,0,measured,151,2026-09-09T14:23:24.406332Z,156998068461198,156998068461198,156998068461198,-1,-1,ok,
exp_constrained_pub_only_xcdr__py_to_cpp__100000B__10Hz__shmem_ds__best_effort,publish,pub,py_to_cpp,constrained_pub_only,exp,xcdr,shmem_ds,100000,10,0,measured,152,2026-09-09T14:23:24.506740Z,156998168874678,156998168874678,156998168874678,-1,-1,ok,
exp_constrained_pub_only_xcdr__py_to_cpp__100000B__10Hz__shmem_ds__best_effort,publish,pub,py_to_cpp,constrained_pub_only,exp,xcdr,shmem_ds,100000,10,0,measured,153,2026-09-09T14:23:24.606732Z,156998268867772,156998268867772,156998268867772,-1,-1,ok,
exp_constrained_pub_only_xcdr__py_to_cpp__100000B__10Hz__shmem_ds__best_effort,publish,pub,py_to_cpp,constrained_pub_only,exp,xcdr,shmem_ds,100000,10,0,measured,154,2026-09-09T14:23:24.706683Z,156998368794633,156998368794633,156998368794633,-1,-1,ok,
exp_constrained_pub_only_xcdr__py_to_cpp__100000B__10Hz__shmem_ds__best_effort,publish,pub,py_to_cpp,constrained_pub_only,exp,xcdr,shmem_ds,100000,10,0,measured,155,2026-09-09T14:23:24.805879Z,156998467992181,156998467992181,156998467992181,-1,-1,ok,
exp_constrained_pub_only_xcdr__py_to_cpp__100000B__10Hz__shmem_ds__best_effort,publish,pub,py_to_cpp,constrained_pub_only,exp,xcdr,shmem_ds,100000,10,0,measured,156,2026-09-09T14:23:24.905086Z,156998567220708,156998567220708,156998567220708,-1,-1,ok,
exp_constrained_pub_only_xcdr__py_to_cpp__100000B__10Hz__shmem_ds__best_effort,publish,pub,py_to_cpp,constrained_pub_only,exp,xcdr,shmem_ds,100000,10,0,measured,157,2026-09-09T14:23:25.004783Z,156998666920384,156998666920384,156998666920384,-1,-1,ok,
exp_constrained_pub_only_xcdr__py_to_cpp__100000B__10Hz__shmem_ds__best_effort,publish,pub,py_to_cpp,constrained_pub_only,exp,xcdr,shmem_ds,100000,10,0,measured,158,2026-09-09T14:23:25.105025Z,156998767149175,156998767149175,156998767149175,-1,-1,ok,
exp_constrained_pub_only_xcdr__py_to_cpp__100000B__10Hz__shmem_ds__best_effort,publish,pub,py_to_cpp,constrained_pub_only,exp,xcdr,shmem_ds,100000,10,0,measured,159,2026-09-09T14:23:25.204399Z,156998866538296,156998866538296,156998866538296,-1,-1,ok,
exp_constrained_pub_only_xcdr__py_to_cpp__100000B__10Hz__shmem_ds__best_effort,publish,pub,py_to_cpp,constrained_pub_only,exp,xcdr,shmem_ds,100000,10,0,measured,160,2026-09-09T14:23:25.303974Z,156998966103417,156998966103417,156998966103417,-1,-1,ok,
exp_constrained_pub_only_xcdr__py_to_cpp__100000B__10Hz__shmem_ds__best_effort,publish,pub,py_to_cpp,constrained_pub_only,exp,xcdr,shmem_ds,100000,10,0,measured,161,2026-09-09T14:23:25.403116Z,156999065241019,156999065241019,156999065241019,-1,-1,ok,
exp_constrained_pub_only_xcdr__py_to_cpp__100000B__10Hz__shmem_ds__best_effort,publish,pub,py_to_cpp,constrained_pub_only,exp,xcdr,shmem_ds,100000,10,0,measured,162,2026-09-09T14:23:25.503739Z,156999165833058,156999165833058,156999165833058,-1,-1,ok,
exp_constrained_pub_only_xcdr__py_to_cpp__100000B__10Hz__shmem_ds__best_effort,publish,pub,py_to_cpp,constrained_pub_only,exp,xcdr,shmem_ds,100000,10,0,measured,163,2026-09-09T14:23:25.602810Z,156999264921017,156999264921017,156999264921017,-1,-1,ok,
exp_constrained_pub_only_xcdr__py_to_cpp__100000B__10Hz__shmem_ds__best_effort,publish,pub,py_to_cpp,constrained_pub_only,exp,xcdr,shmem_ds,100000,10,0,measured,164,2026-09-09T14:23:25.703595Z,156999365724812,156999365724812,156999365724812,-1,-1,ok,
exp_constrained_pub_only_xcdr__py_to_cpp__100000B__10Hz__shmem_ds__best_effort,publish,pub,py_to_cpp,constrained_pub_only,exp,xcdr,shmem_ds,100000,10,0,measured,165,2026-09-09T14:23:25.804464Z,156999466575975,156999466575975,156999466575975,-1,-1,ok,
exp_constrained_pub_only_xcdr__py_to_cpp__100000B__10Hz__shmem_ds__best_effort,publish,pub,py_to_cpp,constrained_pub_only,exp,xcdr,shmem_ds,100000,10,0,measured,166,2026-09-09T14:23:25.903606Z,156999565704810,156999565704810,156999565704810,-1,-1,ok,
exp_constrained_pub_only_xcdr__py_to_cpp__100000B__10Hz__shmem_ds__best_effort,publish,pub,py_to_cpp,constrained_pub_only,exp,xcdr,shmem_ds,100000,10,0,measured,167,2026-09-09T14:23:26.002979Z,156999665106165,156999665106165,156999665106165,-1,-1,ok,
exp_constrained_pub_only_xcdr__py_to_cpp__100000B__10Hz__shmem_ds__best_effort,publish,pub,py_to_cpp,constrained_pub_only,exp,xcdr,shmem_ds,100000,10,0,measured,168,2026-09-09T14:23:26.103328Z,156999765453763,156999765453763,156999765453763,-1,-1,ok,
exp_constrained_pub_only_xcdr__py_to_cpp__100000B__10Hz__shmem_ds__best_effort,publish,pub,py_to_cpp,constrained_pub_only,exp,xcdr,shmem_ds,100000,10,0,measured,169,2026-09-09T14:23:26.202719Z,156999864856886,156999864856886,156999864856886,-1,-1,ok,
exp_constrained_pub_only_xcdr__py_to_cpp__100000B__10Hz__shmem_ds__best_effort,publish,pub,py_to_cpp,constrained_pub_only,exp,xcdr,shmem_ds,100000,10,0,measured,170,2026-09-09T14:23:26.302001Z,156999964127872,156999964127872,156999964127872,-1,-1,ok,
exp_constrained_pub_only_xcdr__py_to_cpp__100000B__10Hz__shmem_ds__best_effort,publish,pub,py_to_cpp,constrained_pub_only,exp,xcdr,shmem_ds,100000,10,0,measured,171,2026-09-09T14:23:26.402904Z,157000065027281,157000065027281,157000065027281,-1,-1,ok,
exp_constrained_pub_only_xcdr__py_to_cpp__100000B__10Hz__shmem_ds__best_effort,publish,pub,py_to_cpp,constrained_pub_only,exp,xcdr,shmem_ds,100000,10,0,measured,172,2026-09-09T14:23:26.503131Z,157000165220190,157000165220190,157000165220190,-1,-1,ok,
exp_constrained_pub_only_xcdr__py_to_cpp__100000B__10Hz__shmem_ds__best_effort,publish,pub,py_to_cpp,constrained_pub_only,exp,xcdr,shmem_ds,100000,10,0,measured,173,2026-09-09T14:23:26.602927Z,157000265054559,157000265054559,157000265054559,-1,-1,ok,
exp_constrained_pub_only_xcdr__py_to_cpp__100000B__10Hz__shmem_ds__best_effort,publish,pub,py_to_cpp,constrained_pub_only,exp,xcdr,shmem_ds,100000,10,0,measured,174,2026-09-09T14:23:26.703546Z,157000365671631,157000365671631,157000365671631,-1,-1,ok,
exp_constrained_pub_only_xcdr__py_to_cpp__100000B__10Hz__shmem_ds__best_effort,publish,pub,py_to_cpp,constrained_pub_only,exp,xcdr,shmem_ds,100000,10,0,measured,175,2026-09-09T14:23:26.804217Z,157000466311144,157000466311144,157000466311144,-1,-1,ok,
exp_constrained_pub_only_xcdr__py_to_cpp__100000B__10Hz__shmem_ds__best_effort,publish,pub,py_to_cpp,constrained_pub_only,exp,xcdr,shmem_ds,100000,10,0,measured,176,2026-09-09T14:23:26.903581Z,157000565700872,157000565700872,157000565700872,-1,-1,ok,
exp_constrained_pub_only_xcdr__py_to_cpp__100000B__10Hz__shmem_ds__best_effort,publish,pub,py_to_cpp,constrained_pub_only,exp,xcdr,shmem_ds,100000,10,0,measured,177,2026-09-09T14:23:27.002739Z,157000664867915,157000664867915,157000664867915,-1,-1,ok,
exp_constrained_pub_only_xcdr__py_to_cpp__100000B__10Hz__shmem_ds__best_effort,publish,pub,py_to_cpp,constrained_pub_only,exp,xcdr,shmem_ds,100000,10,0,measured,178,2026-09-09T14:23:27.102575Z,157000764697580,157000764697580,157000764697580,-1,-1,ok,
exp_constrained_pub_only_xcdr__py_to_cpp__100000B__10Hz__shmem_ds__best_effort,publish,pub,py_to_cpp,constrained_pub_only,exp,xcdr,shmem_ds,100000,10,0,measured,179,2026-09-09T14:23:27.202674Z,157000864771602,157000864771602,157000864771602,-1,-1,ok,
exp_constrained_pub_only_xcdr__py_to_cpp__100000B__10Hz__shmem_ds__best_effort,publish,pub,py_to_cpp,constrained_pub_only,exp,xcdr,shmem_ds,100000,10,0,measured,180,2026-09-09T14:23:27.302253Z,157000964382499,157000964382499,157000964382499,-1,-1,ok,
exp_constrained_pub_only_xcdr__py_to_cpp__100000B__10Hz__shmem_ds__best_effort,publish,pub,py_to_cpp,constrained_pub_only,exp,xcdr,shmem_ds,100000,10,0,measured,181,2026-09-09T14:23:27.403091Z,157001065172038,157001065172038,157001065172038,-1,-1,ok,
exp_constrained_pub_only_xcdr__py_to_cpp__100000B__10Hz__shmem_ds__best_effort,publish,pub,py_to_cpp,constrained_pub_only,exp,xcdr,shmem_ds,100000,10,0,measured,182,2026-09-09T14:23:27.503081Z,157001165213510,157001165213510,157001165213510,-1,-1,ok,
exp_constrained_pub_only_xcdr__py_to_cpp__100000B__10Hz__shmem_ds__best_effort,publish,pub,py_to_cpp,constrained_pub_only,exp,xcdr,shmem_ds,100000,10,0,measured,183,2026-09-09T14:23:27.604164Z,157001266283002,157001266283002,157001266283002,-1,-1,ok,
exp_constrained_pub_only_xcdr__py_to_cpp__100000B__10Hz__shmem_ds__best_effort,publish,pub,py_to_cpp,constrained_pub_only,exp,xcdr,shmem_ds,100000,10,0,measured,184,2026-09-09T14:23:27.703344Z,157001365464877,157001365464877,157001365464877,-1,-1,ok,
exp_constrained_pub_only_xcdr__py_to_cpp__100000B__10Hz__shmem_ds__best_effort,publish,pub,py_to_cpp,constrained_pub_only,exp,xcdr,shmem_ds,100000,10,0,measured,185,2026-09-09T14:23:27.803221Z,157001465330620,157001465330620,157001465330620,-1,-1,ok,
exp_constrained_pub_only_xcdr__py_to_cpp__100000B__10Hz__shmem_ds__best_effort,publish,pub,py_to_cpp,constrained_pub_only,exp,xcdr,shmem_ds,100000,10,0,measured,186,2026-09-09T14:23:27.902819Z,157001564929284,157001564929284,157001564929284,-1,-1,ok,
exp_constrained_pub_only_xcdr__py_to_cpp__100000B__10Hz__shmem_ds__best_effort,publish,pub,py_to_cpp,constrained_pub_only,exp,xcdr,shmem_ds,100000,10,0,measured,187,2026-09-09T14:23:28.003788Z,157001665884022,157001665884022,157001665884022,-1,-1,ok,
exp_constrained_pub_only_xcdr__py_to_cpp__100000B__10Hz__shmem_ds__best_effort,publish,pub,py_to_cpp,constrained_pub_only,exp,xcdr,shmem_ds,100000,10,0,measured,188,2026-09-09T14:23:28.103030Z,157001765159056,157001765159056,157001765159056,-1,-1,ok,
exp_constrained_pub_only_xcdr__py_to_cpp__100000B__10Hz__shmem_ds__best_effort,publish,pub,py_to_cpp,constrained_pub_only,exp,xcdr,shmem_ds,100000,10,0,measured,189,2026-09-09T14:23:28.202503Z,157001864628334,157001864628334,157001864628334,-1,-1,ok,
exp_constrained_pub_only_xcdr__py_to_cpp__100000B__10Hz__shmem_ds__best_effort,publish,pub,py_to_cpp,constrained_pub_only,exp,xcdr,shmem_ds,100000,10,0,measured,190,2026-09-09T14:23:28.302259Z,157001964394276,157001964394276,157001964394276,-1,-1,ok,
exp_constrained_pub_only_xcdr__py_to_cpp__100000B__10Hz__shmem_ds__best_effort,publish,pub,py_to_cpp,constrained_pub_only,exp,xcdr,shmem_ds,100000,10,0,measured,191,2026-09-09T14:23:28.402255Z,157002064368026,157002064368026,157002064368026,-1,-1,ok,
exp_constrained_pub_only_xcdr__py_to_cpp__100000B__10Hz__shmem_ds__best_effort,publish,pub,py_to_cpp,constrained_pub_only,exp,xcdr,shmem_ds,100000,10,0,measured,192,2026-09-09T14:23:28.501666Z,157002163801127,157002163801127,157002163801127,-1,-1,ok,
exp_constrained_pub_only_xcdr__py_to_cpp__100000B__10Hz__shmem_ds__best_effort,publish,pub,py_to_cpp,constrained_pub_only,exp,xcdr,shmem_ds,100000,10,0,measured,193,2026-09-09T14:23:28.601315Z,157002263420705,157002263420705,157002263420705,-1,-1,ok,
exp_constrained_pub_only_xcdr__py_to_cpp__100000B__10Hz__shmem_ds__best_effort,publish,pub,py_to_cpp,constrained_pub_only,exp,xcdr,shmem_ds,100000,10,0,measured,194,2026-09-09T14:23:28.702105Z,157002364219076,157002364219076,157002364219076,-1,-1,ok,
exp_constrained_pub_only_xcdr__py_to_cpp__100000B__10Hz__shmem_ds__best_effort,publish,pub,py_to_cpp,constrained_pub_only,exp,xcdr,shmem_ds,100000,10,0,measured,195,2026-09-09T14:23:28.801912Z,157002464041043,157002464041043,157002464041043,-1,-1,ok,
exp_constrained_pub_only_xcdr__py_to_cpp__100000B__10Hz__shmem_ds__best_effort,publish,pub,py_to_cpp,constrained_pub_only,exp,xcdr,shmem_ds,100000,10,0,measured,196,2026-09-09T14:23:28.902677Z,157002564803778,157002564803778,157002564803778,-1,-1,ok,
exp_constrained_pub_only_xcdr__py_to_cpp__100000B__10Hz__shmem_ds__best_effort,publish,pub,py_to_cpp,constrained_pub_only,exp,xcdr,shmem_ds,100000,10,0,measured,197,2026-09-09T14:23:29.002707Z,157002664837460,157002664837460,157002664837460,-1,-1,ok,
exp_constrained_pub_only_xcdr__py_to_cpp__100000B__10Hz__shmem_ds__best_effort,publish,pub,py_to_cpp,constrained_pub_only,exp,xcdr,shmem_ds,100000,10,0,measured,198,2026-09-09T14:23:29.102030Z,157002764133188,157002764133188,157002764133188,-1,-1,ok,
exp_constrained_pub_only_xcdr__py_to_cpp__100000B__10Hz__shmem_ds__best_effort,publish,pub,py_to_cpp,constrained_pub_only,exp,xcdr,shmem_ds,100000,10,0,measured,199,2026-09-09T14:23:29.202900Z,157002865023978,157002865023978,157002865023978,-1,-1,ok,
exp_constrained_pub_only_xcdr__py_to_cpp__100000B__10Hz__shmem_ds__best_effort,publish,pub,py_to_cpp,constrained_pub_only,exp,xcdr,shmem_ds,100000,10,0,measured,200,2026-09-09T14:23:29.303566Z,157002965689706,157002965689706,157002965689706,-1,-1,ok,
exp_constrained_pub_only_xcdr__py_to_cpp__100000B__10Hz__shmem_ds__best_effort,publish,pub,py_to_cpp,constrained_pub_only,exp,xcdr,shmem_ds,100000,10,0,measured,201,2026-09-09T14:23:29.404454Z,157003066583121,157003066583121,157003066583121,-1,-1,ok,
exp_constrained_pub_only_xcdr__py_to_cpp__100000B__10Hz__shmem_ds__best_effort,publish,pub,py_to_cpp,constrained_pub_only,exp,xcdr,shmem_ds,100000,10,0,measured,202,2026-09-09T14:23:29.505517Z,157003167583945,157003167583945,157003167583945,-1,-1,ok,
exp_constrained_pub_only_xcdr__py_to_cpp__100000B__10Hz__shmem_ds__best_effort,publish,pub,py_to_cpp,constrained_pub_only,exp,xcdr,shmem_ds,100000,10,0,measured,203,2026-09-09T14:23:29.606132Z,157003268256687,157003268256687,157003268256687,-1,-1,ok,
exp_constrained_pub_only_xcdr__py_to_cpp__100000B__10Hz__shmem_ds__best_effort,publish,pub,py_to_cpp,constrained_pub_only,exp,xcdr,shmem_ds,100000,10,0,measured,204,2026-09-09T14:23:29.705791Z,157003367885869,157003367885869,157003367885869,-1,-1,ok,
exp_constrained_pub_only_xcdr__py_to_cpp__100000B__10Hz__shmem_ds__best_effort,publish,pub,py_to_cpp,constrained_pub_only,exp,xcdr,shmem_ds,100000,10,0,measured,205,2026-09-09T14:23:29.805483Z,157003467571877,157003467571877,157003467571877,-1,-1,ok,
exp_constrained_pub_only_xcdr__py_to_cpp__100000B__10Hz__shmem_ds__best_effort,publish,pub,py_to_cpp,constrained_pub_only,exp,xcdr,shmem_ds,100000,10,0,measured,206,2026-09-09T14:23:29.904774Z,157003566907631,157003566907631,157003566907631,-1,-1,ok,
exp_constrained_pub_only_xcdr__py_to_cpp__100000B__10Hz__shmem_ds__best_effort,publish,pub,py_to_cpp,constrained_pub_only,exp,xcdr,shmem_ds,100000,10,0,measured,207,2026-09-09T14:23:30.004528Z,157003666666244,157003666666244,157003666666244,-1,-1,ok,
exp_constrained_pub_only_xcdr__py_to_cpp__100000B__10Hz__shmem_ds__best_effort,publish,pub,py_to_cpp,constrained_pub_only,exp,xcdr,shmem_ds,100000,10,0,measured,208,2026-09-09T14:23:30.103862Z,157003765958963,157003765958963,157003765958963,-1,-1,ok,
exp_constrained_pub_only_xcdr__py_to_cpp__100000B__10Hz__shmem_ds__best_effort,publish,pub,py_to_cpp,constrained_pub_only,exp,xcdr,shmem_ds,100000,10,0,measured,209,2026-09-09T14:23:30.203459Z,157003865591787,157003865591787,157003865591787,-1,-1,ok,
exp_constrained_pub_only_xcdr__py_to_cpp__100000B__10Hz__shmem_ds__best_effort,publish,pub,py_to_cpp,constrained_pub_only,exp,xcdr,shmem_ds,100000,10,0,measured,210,2026-09-09T14:23:30.304567Z,157003966697373,157003966697373,157003966697373,-1,-1,ok,
exp_constrained_pub_only_xcdr__py_to_cpp__100000B__10Hz__shmem_ds__best_effort,publish,pub,py_to_cpp,constrained_pub_only,exp,xcdr,shmem_ds,100000,10,0,measured,211,2026-09-09T14:23:30.404126Z,157004066243104,157004066243104,157004066243104,-1,-1,ok,
exp_constrained_pub_only_xcdr__py_to_cpp__100000B__10Hz__shmem_ds__best_effort,publish,pub,py_to_cpp,constrained_pub_only,exp,xcdr,shmem_ds,100000,10,0,measured,212,2026-09-09T14:23:30.504649Z,157004166771061,157004166771061,157004166771061,-1,-1,ok,
exp_constrained_pub_only_xcdr__py_to_cpp__100000B__10Hz__shmem_ds__best_effort,publish,pub,py_to_cpp,constrained_pub_only,exp,xcdr,shmem_ds,100000,10,0,measured,213,2026-09-09T14:23:30.604571Z,157004266677637,157004266677637,157004266677637,-1,-1,ok,
exp_constrained_pub_only_xcdr__py_to_cpp__100000B__10Hz__shmem_ds__best_effort,publish,pub,py_to_cpp,constrained_pub_only,exp,xcdr,shmem_ds,100000,10,0,measured,214,2026-09-09T14:23:30.704397Z,157004366511546,157004366511546,157004366511546,-1,-1,ok,
exp_constrained_pub_only_xcdr__py_to_cpp__100000B__10Hz__shmem_ds__best_effort,publish,pub,py_to_cpp,constrained_pub_only,exp,xcdr,shmem_ds,100000,10,0,measured,215,2026-09-09T14:23:30.805254Z,157004467374990,157004467374990,157004467374990,-1,-1,ok,
exp_constrained_pub_only_xcdr__py_to_cpp__100000B__10Hz__shmem_ds__best_effort,publish,pub,py_to_cpp,constrained_pub_only,exp,xcdr,shmem_ds,100000,10,0,measured,216,2026-09-09T14:23:30.906271Z,157004568397431,157004568397431,157004568397431,-1,-1,ok,
exp_constrained_pub_only_xcdr__py_to_cpp__100000B__10Hz__shmem_ds__best_effort,publish,pub,py_to_cpp,constrained_pub_only,exp,xcdr,shmem_ds,100000,10,0,measured,217,2026-09-09T14:23:31.006304Z,157004668430273,157004668430273,157004668430273,-1,-1,ok,
exp_constrained_pub_only_xcdr__py_to_cpp__100000B__10Hz__shmem_ds__best_effort,publish,pub,py_to_cpp,constrained_pub_only,exp,xcdr,shmem_ds,100000,10,0,measured,218,2026-09-09T14:23:31.106680Z,157004768815098,157004768815098,157004768815098,-1,-1,ok,
exp_constrained_pub_only_xcdr__py_to_cpp__100000B__10Hz__shmem_ds__best_effort,publish,pub,py_to_cpp,constrained_pub_only,exp,xcdr,shmem_ds,100000,10,0,measured,219,2026-09-09T14:23:31.206186Z,157004868276467,157004868276467,157004868276467,-1,-1,ok,
exp_constrained_pub_only_xcdr__py_to_cpp__100000B__10Hz__shmem_ds__best_effort,publish,pub,py_to_cpp,constrained_pub_only,exp,xcdr,shmem_ds,100000,10,0,measured,220,2026-09-09T14:23:31.305557Z,157004967689726,157004967689726,157004967689726,-1,-1,ok,
exp_constrained_pub_only_xcdr__py_to_cpp__100000B__10Hz__shmem_ds__best_effort,publish,pub,py_to_cpp,constrained_pub_only,exp,xcdr,shmem_ds,100000,10,0,measured,221,2026-09-09T14:23:31.406515Z,157005068643834,157005068643834,157005068643834,-1,-1,ok,
exp_constrained_pub_only_xcdr__py_to_cpp__100000B__10Hz__shmem_ds__best_effort,publish,pub,py_to_cpp,constrained_pub_only,exp,xcdr,shmem_ds,100000,10,0,measured,222,2026-09-09T14:23:31.506915Z,157005168997721,157005168997721,157005168997721,-1,-1,ok,
exp_constrained_pub_only_xcdr__py_to_cpp__100000B__10Hz__shmem_ds__best_effort,publish,pub,py_to_cpp,constrained_pub_only,exp,xcdr,shmem_ds,100000,10,0,measured,223,2026-09-09T14:23:31.607069Z,157005269170330,157005269170330,157005269170330,-1,-1,ok,
exp_constrained_pub_only_xcdr__py_to_cpp__100000B__10Hz__shmem_ds__best_effort,publish,pub,py_to_cpp,constrained_pub_only,exp,xcdr,shmem_ds,100000,10,0,measured,224,2026-09-09T14:23:31.707323Z,157005369449146,157005369449146,157005369449146,-1,-1,ok,
exp_constrained_pub_only_xcdr__py_to_cpp__100000B__10Hz__shmem_ds__best_effort,publish,pub,py_to_cpp,constrained_pub_only,exp,xcdr,shmem_ds,100000,10,0,measured,225,2026-09-09T14:23:31.807852Z,157005469908771,157005469908771,157005469908771,-1,-1,ok,
exp_constrained_pub_only_xcdr__py_to_cpp__100000B__10Hz__shmem_ds__best_effort,publish,pub,py_to_cpp,constrained_pub_only,exp,xcdr,shmem_ds,100000,10,0,measured,226,2026-09-09T14:23:31.906563Z,157005568690820,157005568690820,157005568690820,-1,-1,ok,
exp_constrained_pub_only_xcdr__py_to_cpp__100000B__10Hz__shmem_ds__best_effort,publish,pub,py_to_cpp,constrained_pub_only,exp,xcdr,shmem_ds,100000,10,0,measured,227,2026-09-09T14:23:32.006605Z,157005668733606,157005668733606,157005668733606,-1,-1,ok,
exp_constrained_pub_only_xcdr__py_to_cpp__100000B__10Hz__shmem_ds__best_effort,publish,pub,py_to_cpp,constrained_pub_only,exp,xcdr,shmem_ds,100000,10,0,measured,228,2026-09-09T14:23:32.107258Z,157005769402087,157005769402087,157005769402087,-1,-1,ok,
exp_constrained_pub_only_xcdr__py_to_cpp__100000B__10Hz__shmem_ds__best_effort,publish,pub,py_to_cpp,constrained_pub_only,exp,xcdr,shmem_ds,100000,10,0,measured,229,2026-09-09T14:23:32.206559Z,157005868697050,157005868697050,157005868697050,-1,-1,ok,
exp_constrained_pub_only_xcdr__py_to_cpp__100000B__10Hz__shmem_ds__best_effort,publish,pub,py_to_cpp,constrained_pub_only,exp,xcdr,shmem_ds,100000,10,0,measured,230,2026-09-09T14:23:32.307410Z,157005969552050,157005969552050,157005969552050,-1,-1,ok,
exp_constrained_pub_only_xcdr__py_to_cpp__100000B__10Hz__shmem_ds__best_effort,publish,pub,py_to_cpp,constrained_pub_only,exp,xcdr,shmem_ds,100000,10,0,measured,231,2026-09-09T14:23:32.406831Z,157006068931341,157006068931341,157006068931341,-1,-1,ok,
exp_constrained_pub_only_xcdr__py_to_cpp__100000B__10Hz__shmem_ds__best_effort,publish,pub,py_to_cpp,constrained_pub_only,exp,xcdr,shmem_ds,100000,10,0,measured,232,2026-09-09T14:23:32.506116Z,157006168219371,157006168219371,157006168219371,-1,-1,ok,
exp_constrained_pub_only_xcdr__py_to_cpp__100000B__10Hz__shmem_ds__best_effort,publish,pub,py_to_cpp,constrained_pub_only,exp,xcdr,shmem_ds,100000,10,0,measured,233,2026-09-09T14:23:32.606316Z,157006268439814,157006268439814,157006268439814,-1,-1,ok,
exp_constrained_pub_only_xcdr__py_to_cpp__100000B__10Hz__shmem_ds__best_effort,publish,pub,py_to_cpp,constrained_pub_only,exp,xcdr,shmem_ds,100000,10,0,measured,234,2026-09-09T14:23:32.706629Z,157006368737261,157006368737261,157006368737261,-1,-1,ok,
exp_constrained_pub_only_xcdr__py_to_cpp__100000B__10Hz__shmem_ds__best_effort,publish,pub,py_to_cpp,constrained_pub_only,exp,xcdr,shmem_ds,100000,10,0,measured,235,2026-09-09T14:23:32.806020Z,157006468155254,157006468155254,157006468155254,-1,-1,ok,
exp_constrained_pub_only_xcdr__py_to_cpp__100000B__10Hz__shmem_ds__best_effort,publish,pub,py_to_cpp,constrained_pub_only,exp,xcdr,shmem_ds,100000,10,0,measured,236,2026-09-09T14:23:32.905330Z,157006567458203,157006567458203,157006567458203,-1,-1,ok,
exp_constrained_pub_only_xcdr__py_to_cpp__100000B__10Hz__shmem_ds__best_effort,publish,pub,py_to_cpp,constrained_pub_only,exp,xcdr,shmem_ds,100000,10,0,measured,237,2026-09-09T14:23:33.006104Z,157006668223895,157006668223895,157006668223895,-1,-1,ok,
exp_constrained_pub_only_xcdr__py_to_cpp__100000B__10Hz__shmem_ds__best_effort,publish,pub,py_to_cpp,constrained_pub_only,exp,xcdr,shmem_ds,100000,10,0,measured,238,2026-09-09T14:23:33.105448Z,157006767592912,157006767592912,157006767592912,-1,-1,ok,
exp_constrained_pub_only_xcdr__py_to_cpp__100000B__10Hz__shmem_ds__best_effort,publish,pub,py_to_cpp,constrained_pub_only,exp,xcdr,shmem_ds,100000,10,0,measured,239,2026-09-09T14:23:33.205646Z,157006867794805,157006867794805,157006867794805,-1,-1,ok,
exp_constrained_pub_only_xcdr__py_to_cpp__100000B__10Hz__shmem_ds__best_effort,publish,pub,py_to_cpp,constrained_pub_only,exp,xcdr,shmem_ds,100000,10,0,measured,240,2026-09-09T14:23:33.305860Z,157006968013200,157006968013200,157006968013200,-1,-1,ok,
exp_constrained_pub_only_xcdr__py_to_cpp__100000B__10Hz__shmem_ds__best_effort,publish,pub,py_to_cpp,constrained_pub_only,exp,xcdr,shmem_ds,100000,10,0,measured,241,2026-09-09T14:23:33.405822Z,157007067950018,157007067950018,157007067950018,-1,-1,ok,
exp_constrained_pub_only_xcdr__py_to_cpp__100000B__10Hz__shmem_ds__best_effort,publish,pub,py_to_cpp,constrained_pub_only,exp,xcdr,shmem_ds,100000,10,0,measured,242,2026-09-09T14:23:33.506006Z,157007168138366,157007168138366,157007168138366,-1,-1,ok,
exp_constrained_pub_only_xcdr__py_to_cpp__100000B__10Hz__shmem_ds__best_effort,publish,pub,py_to_cpp,constrained_pub_only,exp,xcdr,shmem_ds,100000,10,0,measured,243,2026-09-09T14:23:33.606053Z,157007268189779,157007268189779,157007268189779,-1,-1,ok,
exp_constrained_pub_only_xcdr__py_to_cpp__100000B__10Hz__shmem_ds__best_effort,publish,pub,py_to_cpp,constrained_pub_only,exp,xcdr,shmem_ds,100000,10,0,measured,244,2026-09-09T14:23:33.707079Z,157007369201286,157007369201286,157007369201286,-1,-1,ok,
exp_constrained_pub_only_xcdr__py_to_cpp__100000B__10Hz__shmem_ds__best_effort,publish,pub,py_to_cpp,constrained_pub_only,exp,xcdr,shmem_ds,100000,10,0,measured,245,2026-09-09T14:23:33.806324Z,157007468446642,157007468446642,157007468446642,-1,-1,ok,
exp_constrained_pub_only_xcdr__py_to_cpp__100000B__10Hz__shmem_ds__best_effort,publish,pub,py_to_cpp,constrained_pub_only,exp,xcdr,shmem_ds,100000,10,0,measured,246,2026-09-09T14:23:33.906771Z,157007568894846,157007568894846,157007568894846,-1,-1,ok,
exp_constrained_pub_only_xcdr__py_to_cpp__100000B__10Hz__shmem_ds__best_effort,publish,pub,py_to_cpp,constrained_pub_only,exp,xcdr,shmem_ds,100000,10,0,measured,247,2026-09-09T14:23:34.006557Z,157007668645556,157007668645556,157007668645556,-1,-1,ok,
exp_constrained_pub_only_xcdr__py_to_cpp__100000B__10Hz__shmem_ds__best_effort,publish,pub,py_to_cpp,constrained_pub_only,exp,xcdr,shmem_ds,100000,10,0,measured,248,2026-09-09T14:23:34.106159Z,157007768281628,157007768281628,157007768281628,-1,-1,ok,
exp_constrained_pub_only_xcdr__py_to_cpp__100000B__10Hz__shmem_ds__best_effort,publish,pub,py_to_cpp,constrained_pub_only,exp,xcdr,shmem_ds,100000,10,0,measured,249,2026-09-09T14:23:34.206462Z,157007868594815,157007868594815,157007868594815,-1,-1,ok,
exp_constrained_pub_only_xcdr__py_to_cpp__100000B__10Hz__shmem_ds__best_effort,publish,pub,py_to_cpp,constrained_pub_only,exp,xcdr,shmem_ds,100000,10,0,measured,250,2026-09-09T14:23:34.306169Z,157007968283345,157007968283345,157007968283345,-1,-1,ok,
exp_constrained_pub_only_xcdr__py_to_cpp__100000B__10Hz__shmem_ds__best_effort,publish,pub,py_to_cpp,constrained_pub_only,exp,xcdr,shmem_ds,100000,10,0,measured,251,2026-09-09T14:23:34.405604Z,157008067728760,157008067728760,157008067728760,-1,-1,ok,
exp_constrained_pub_only_xcdr__py_to_cpp__100000B__10Hz__shmem_ds__best_effort,publish,pub,py_to_cpp,constrained_pub_only,exp,xcdr,shmem_ds,100000,10,0,measured,252,2026-09-09T14:23:34.506373Z,157008168466991,157008168466991,157008168466991,-1,-1,ok,
exp_constrained_pub_only_xcdr__py_to_cpp__100000B__10Hz__shmem_ds__best_effort,publish,pub,py_to_cpp,constrained_pub_only,exp,xcdr,shmem_ds,100000,10,0,measured,253,2026-09-09T14:23:34.605406Z,157008267534681,157008267534681,157008267534681,-1,-1,ok,
exp_constrained_pub_only_xcdr__py_to_cpp__100000B__10Hz__shmem_ds__best_effort,publish,pub,py_to_cpp,constrained_pub_only,exp,xcdr,shmem_ds,100000,10,0,measured,254,2026-09-09T14:23:34.705350Z,157008367474280,157008367474280,157008367474280,-1,-1,ok,
exp_constrained_pub_only_xcdr__py_to_cpp__100000B__10Hz__shmem_ds__best_effort,publish,pub,py_to_cpp,constrained_pub_only,exp,xcdr,shmem_ds,100000,10,0,measured,255,2026-09-09T14:23:34.806039Z,157008468178577,157008468178577,157008468178577,-1,-1,ok,
exp_constrained_pub_only_xcdr__py_to_cpp__100000B__10Hz__shmem_ds__best_effort,publish,pub,py_to_cpp,constrained_pub_only,exp,xcdr,shmem_ds,100000,10,0,measured,256,2026-09-09T14:23:34.907050Z,157008569187124,157008569187124,157008569187124,-1,-1,ok,
exp_constrained_pub_only_xcdr__py_to_cpp__100000B__10Hz__shmem_ds__best_effort,publish,pub,py_to_cpp,constrained_pub_only,exp,xcdr,shmem_ds,100000,10,0,measured,257,2026-09-09T14:23:35.006325Z,157008668453904,157008668453904,157008668453904,-1,-1,ok,
exp_constrained_pub_only_xcdr__py_to_cpp__100000B__10Hz__shmem_ds__best_effort,publish,pub,py_to_cpp,constrained_pub_only,exp,xcdr,shmem_ds,100000,10,0,measured,258,2026-09-09T14:23:35.105539Z,157008767701296,157008767701296,157008767701296,-1,-1,ok,
exp_constrained_pub_only_xcdr__py_to_cpp__100000B__10Hz__shmem_ds__best_effort,publish,pub,py_to_cpp,constrained_pub_only,exp,xcdr,shmem_ds,100000,10,0,measured,259,2026-09-09T14:23:35.205081Z,157008867242667,157008867242667,157008867242667,-1,-1,ok,
exp_constrained_pub_only_xcdr__py_to_cpp__100000B__10Hz__shmem_ds__best_effort,publish,pub,py_to_cpp,constrained_pub_only,exp,xcdr,shmem_ds,100000,10,0,measured,260,2026-09-09T14:23:35.307415Z,157008969588398,157008969588398,157008969588398,-1,-1,ok,
exp_constrained_pub_only_xcdr__py_to_cpp__100000B__10Hz__shmem_ds__best_effort,publish,pub,py_to_cpp,constrained_pub_only,exp,xcdr,shmem_ds,100000,10,0,measured,261,2026-09-09T14:23:35.406943Z,157009069065428,157009069065428,157009069065428,-1,-1,ok,
exp_constrained_pub_only_xcdr__py_to_cpp__100000B__10Hz__shmem_ds__best_effort,publish,pub,py_to_cpp,constrained_pub_only,exp,xcdr,shmem_ds,100000,10,0,measured,262,2026-09-09T14:23:35.507558Z,157009169715359,157009169715359,157009169715359,-1,-1,ok,
exp_constrained_pub_only_xcdr__py_to_cpp__100000B__10Hz__shmem_ds__best_effort,publish,pub,py_to_cpp,constrained_pub_only,exp,xcdr,shmem_ds,100000,10,0,measured,263,2026-09-09T14:23:35.607392Z,157009269525972,157009269525972,157009269525972,-1,-1,ok,
exp_constrained_pub_only_xcdr__py_to_cpp__100000B__10Hz__shmem_ds__best_effort,publish,pub,py_to_cpp,constrained_pub_only,exp,xcdr,shmem_ds,100000,10,0,measured,264,2026-09-09T14:23:35.706557Z,157009368709574,157009368709574,157009368709574,-1,-1,ok,
exp_constrained_pub_only_xcdr__py_to_cpp__100000B__10Hz__shmem_ds__best_effort,publish,pub,py_to_cpp,constrained_pub_only,exp,xcdr,shmem_ds,100000,10,0,measured,265,2026-09-09T14:23:35.807181Z,157009469343045,157009469343045,157009469343045,-1,-1,ok,
exp_constrained_pub_only_xcdr__py_to_cpp__100000B__10Hz__shmem_ds__best_effort,publish,pub,py_to_cpp,constrained_pub_only,exp,xcdr,shmem_ds,100000,10,0,measured,266,2026-09-09T14:23:35.907865Z,157009569950989,157009569950989,157009569950989,-1,-1,ok,
exp_constrained_pub_only_xcdr__py_to_cpp__100000B__10Hz__shmem_ds__best_effort,publish,pub,py_to_cpp,constrained_pub_only,exp,xcdr,shmem_ds,100000,10,0,measured,267,2026-09-09T14:23:36.008252Z,157009670360912,157009670360912,157009670360912,-1,-1,ok,
exp_constrained_pub_only_xcdr__py_to_cpp__100000B__10Hz__shmem_ds__best_effort,publish,pub,py_to_cpp,constrained_pub_only,exp,xcdr,shmem_ds,100000,10,0,measured,268,2026-09-09T14:23:36.109235Z,157009771317331,157009771317331,157009771317331,-1,-1,ok,
exp_constrained_pub_only_xcdr__py_to_cpp__100000B__10Hz__shmem_ds__best_effort,publish,pub,py_to_cpp,constrained_pub_only,exp,xcdr,shmem_ds,100000,10,0,measured,269,2026-09-09T14:23:36.209212Z,157009871361576,157009871361576,157009871361576,-1,-1,ok,
exp_constrained_pub_only_xcdr__py_to_cpp__100000B__10Hz__shmem_ds__best_effort,publish,pub,py_to_cpp,constrained_pub_only,exp,xcdr,shmem_ds,100000,10,0,measured,270,2026-09-09T14:23:36.308203Z,157009970348255,157009970348255,157009970348255,-1,-1,ok,
exp_constrained_pub_only_xcdr__py_to_cpp__100000B__10Hz__shmem_ds__best_effort,publish,pub,py_to_cpp,constrained_pub_only,exp,xcdr,shmem_ds,100000,10,0,measured,271,2026-09-09T14:23:36.409375Z,157010071478439,157010071478439,157010071478439,-1,-1,ok,
exp_constrained_pub_only_xcdr__py_to_cpp__100000B__10Hz__shmem_ds__best_effort,publish,pub,py_to_cpp,constrained_pub_only,exp,xcdr,shmem_ds,100000,10,0,measured,272,2026-09-09T14:23:36.508477Z,157010170600802,157010170600802,157010170600802,-1,-1,ok,
exp_constrained_pub_only_xcdr__py_to_cpp__100000B__10Hz__shmem_ds__best_effort,publish,pub,py_to_cpp,constrained_pub_only,exp,xcdr,shmem_ds,100000,10,0,measured,273,2026-09-09T14:23:36.608895Z,157010271019968,157010271019968,157010271019968,-1,-1,ok,
exp_constrained_pub_only_xcdr__py_to_cpp__100000B__10Hz__shmem_ds__best_effort,publish,pub,py_to_cpp,constrained_pub_only,exp,xcdr,shmem_ds,100000,10,0,measured,274,2026-09-09T14:23:36.709890Z,157010371988381,157010371988381,157010371988381,-1,-1,ok,
exp_constrained_pub_only_xcdr__py_to_cpp__100000B__10Hz__shmem_ds__best_effort,publish,pub,py_to_cpp,constrained_pub_only,exp,xcdr,shmem_ds,100000,10,0,measured,275,2026-09-09T14:23:36.809045Z,157010471198947,157010471198947,157010471198947,-1,-1,ok,
exp_constrained_pub_only_xcdr__py_to_cpp__100000B__10Hz__shmem_ds__best_effort,publish,pub,py_to_cpp,constrained_pub_only,exp,xcdr,shmem_ds,100000,10,0,measured,276,2026-09-09T14:23:36.908294Z,157010570419093,157010570419093,157010570419093,-1,-1,ok,
exp_constrained_pub_only_xcdr__py_to_cpp__100000B__10Hz__shmem_ds__best_effort,publish,pub,py_to_cpp,constrained_pub_only,exp,xcdr,shmem_ds,100000,10,0,measured,277,2026-09-09T14:23:37.007602Z,157010669715450,157010669715450,157010669715450,-1,-1,ok,
exp_constrained_pub_only_xcdr__py_to_cpp__100000B__10Hz__shmem_ds__best_effort,publish,pub,py_to_cpp,constrained_pub_only,exp,xcdr,shmem_ds,100000,10,0,measured,278,2026-09-09T14:23:37.107371Z,157010769531574,157010769531574,157010769531574,-1,-1,ok,
exp_constrained_pub_only_xcdr__py_to_cpp__100000B__10Hz__shmem_ds__best_effort,publish,pub,py_to_cpp,constrained_pub_only,exp,xcdr,shmem_ds,100000,10,0,measured,279,2026-09-09T14:23:37.206914Z,157010869075920,157010869075920,157010869075920,-1,-1,ok,
exp_constrained_pub_only_xcdr__py_to_cpp__100000B__10Hz__shmem_ds__best_effort,publish,pub,py_to_cpp,constrained_pub_only,exp,xcdr,shmem_ds,100000,10,0,measured,280,2026-09-09T14:23:37.307123Z,157010969285070,157010969285070,157010969285070,-1,-1,ok,
exp_constrained_pub_only_xcdr__py_to_cpp__100000B__10Hz__shmem_ds__best_effort,publish,pub,py_to_cpp,constrained_pub_only,exp,xcdr,shmem_ds,100000,10,0,measured,281,2026-09-09T14:23:37.407547Z,157011069709741,157011069709741,157011069709741,-1,-1,ok,
exp_constrained_pub_only_xcdr__py_to_cpp__100000B__10Hz__shmem_ds__best_effort,publish,pub,py_to_cpp,constrained_pub_only,exp,xcdr,shmem_ds,100000,10,0,measured,282,2026-09-09T14:23:37.507019Z,157011169174718,157011169174718,157011169174718,-1,-1,ok,
exp_constrained_pub_only_xcdr__py_to_cpp__100000B__10Hz__shmem_ds__best_effort,publish,pub,py_to_cpp,constrained_pub_only,exp,xcdr,shmem_ds,100000,10,0,measured,283,2026-09-09T14:23:37.607443Z,157011269577921,157011269577921,157011269577921,-1,-1,ok,
exp_constrained_pub_only_xcdr__py_to_cpp__100000B__10Hz__shmem_ds__best_effort,publish,pub,py_to_cpp,constrained_pub_only,exp,xcdr,shmem_ds,100000,10,0,measured,284,2026-09-09T14:23:37.706978Z,157011369106818,157011369106818,157011369106818,-1,-1,ok,
exp_constrained_pub_only_xcdr__py_to_cpp__100000B__10Hz__shmem_ds__best_effort,publish,pub,py_to_cpp,constrained_pub_only,exp,xcdr,shmem_ds,100000,10,0,measured,285,2026-09-09T14:23:37.806860Z,157011469021847,157011469021847,157011469021847,-1,-1,ok,
exp_constrained_pub_only_xcdr__py_to_cpp__100000B__10Hz__shmem_ds__best_effort,publish,pub,py_to_cpp,constrained_pub_only,exp,xcdr,shmem_ds,100000,10,0,measured,286,2026-09-09T14:23:37.907735Z,157011569868988,157011569868988,157011569868988,-1,-1,ok,
exp_constrained_pub_only_xcdr__py_to_cpp__100000B__10Hz__shmem_ds__best_effort,publish,pub,py_to_cpp,constrained_pub_only,exp,xcdr,shmem_ds,100000,10,0,measured,287,2026-09-09T14:23:38.008672Z,157011670778036,157011670778036,157011670778036,-1,-1,ok,
exp_constrained_pub_only_xcdr__py_to_cpp__100000B__10Hz__shmem_ds__best_effort,publish,pub,py_to_cpp,constrained_pub_only,exp,xcdr,shmem_ds,100000,10,0,measured,288,2026-09-09T14:23:38.107436Z,157011769595748,157011769595748,157011769595748,-1,-1,ok,
exp_constrained_pub_only_xcdr__py_to_cpp__100000B__10Hz__shmem_ds__best_effort,publish,pub,py_to_cpp,constrained_pub_only,exp,xcdr,shmem_ds,100000,10,0,measured,289,2026-09-09T14:23:38.207494Z,157011869656415,157011869656415,157011869656415,-1,-1,ok,
exp_constrained_pub_only_xcdr__py_to_cpp__100000B__10Hz__shmem_ds__best_effort,publish,pub,py_to_cpp,constrained_pub_only,exp,xcdr,shmem_ds,100000,10,0,measured,290,2026-09-09T14:23:38.306832Z,157011968982208,157011968982208,157011968982208,-1,-1,ok,
exp_constrained_pub_only_xcdr__py_to_cpp__100000B__10Hz__shmem_ds__best_effort,publish,pub,py_to_cpp,constrained_pub_only,exp,xcdr,shmem_ds,100000,10,0,measured,291,2026-09-09T14:23:38.406220Z,157012068363395,157012068363395,157012068363395,-1,-1,ok,
exp_constrained_pub_only_xcdr__py_to_cpp__100000B__10Hz__shmem_ds__best_effort,publish,pub,py_to_cpp,constrained_pub_only,exp,xcdr,shmem_ds,100000,10,0,measured,292,2026-09-09T14:23:38.506458Z,157012168606723,157012168606723,157012168606723,-1,-1,ok,
exp_constrained_pub_only_xcdr__py_to_cpp__100000B__10Hz__shmem_ds__best_effort,publish,pub,py_to_cpp,constrained_pub_only,exp,xcdr,shmem_ds,100000,10,0,measured,293,2026-09-09T14:23:38.607059Z,157012269188253,157012269188253,157012269188253,-1,-1,ok,
exp_constrained_pub_only_xcdr__py_to_cpp__100000B__10Hz__shmem_ds__best_effort,publish,pub,py_to_cpp,constrained_pub_only,exp,xcdr,shmem_ds,100000,10,0,measured,294,2026-09-09T14:23:38.706607Z,157012368713349,157012368713349,157012368713349,-1,-1,ok,
exp_constrained_pub_only_xcdr__py_to_cpp__100000B__10Hz__shmem_ds__best_effort,publish,pub,py_to_cpp,constrained_pub_only,exp,xcdr,shmem_ds,100000,10,0,measured,295,2026-09-09T14:23:38.806678Z,157012468834628,157012468834628,157012468834628,-1,-1,ok,
exp_constrained_pub_only_xcdr__py_to_cpp__100000B__10Hz__shmem_ds__best_effort,publish,pub,py_to_cpp,constrained_pub_only,exp,xcdr,shmem_ds,100000,10,0,measured,296,2026-09-09T14:23:38.906993Z,157012569137006,157012569137006,157012569137006,-1,-1,ok,
exp_constrained_pub_only_xcdr__py_to_cpp__100000B__10Hz__shmem_ds__best_effort,publish,pub,py_to_cpp,constrained_pub_only,exp,xcdr,shmem_ds,100000,10,0,measured,297,2026-09-09T14:23:39.006906Z,157012669027625,157012669027625,157012669027625,-1,-1,ok,
exp_constrained_pub_only_xcdr__py_to_cpp__100000B__10Hz__shmem_ds__best_effort,publish,pub,py_to_cpp,constrained_pub_only,exp,xcdr,shmem_ds,100000,10,0,measured,298,2026-09-09T14:23:39.105885Z,157012768045950,157012768045950,157012768045950,-1,-1,ok,
exp_constrained_pub_only_xcdr__py_to_cpp__100000B__10Hz__shmem_ds__best_effort,publish,pub,py_to_cpp,constrained_pub_only,exp,xcdr,shmem_ds,100000,10,0,measured,299,2026-09-09T14:23:39.204904Z,157012867064704,157012867064704,157012867064704,-1,-1,ok,
exp_constrained_pub_only_xcdr__py_to_cpp__100000B__10Hz__shmem_ds__best_effort,publish,pub,py_to_cpp,constrained_pub_only,exp,xcdr,shmem_ds,100000,10,0,measured,300,2026-09-09T14:23:39.305535Z,157012967697757,157012967697757,157012967697757,-1,-1,ok,
exp_constrained_pub_only_xcdr__py_to_cpp__100000B__10Hz__shmem_ds__best_effort,receive,sub,py_to_cpp,constrained_pub_only,exp,xcdr,shmem_ds,100000,10,0,measured,0,2026-09-09T14:23:09.310156Z,156982972355006,156982971889356,156982972355006,1788963789309762337,1788963789309870839,ok,
exp_constrained_pub_only_xcdr__py_to_cpp__100000B__10Hz__shmem_ds__best_effort,receive,sub,py_to_cpp,constrained_pub_only,exp,xcdr,shmem_ds,100000,10,0,measured,1,2026-09-09T14:23:09.410279Z,156983072477399,156983072327749,156983072477399,1788963789410167387,1788963789410214235,ok,
exp_constrained_pub_only_xcdr__py_to_cpp__100000B__10Hz__shmem_ds__best_effort,receive,sub,py_to_cpp,constrained_pub_only,exp,xcdr,shmem_ds,100000,10,0,measured,2,2026-09-09T14:23:09.509570Z,156983171767607,156983171572683,156983171767607,1788963789509421358,1788963789509481260,ok,
exp_constrained_pub_only_xcdr__py_to_cpp__100000B__10Hz__shmem_ds__best_effort,receive,sub,py_to_cpp,constrained_pub_only,exp,xcdr,shmem_ds,100000,10,0,measured,3,2026-09-09T14:23:09.608885Z,156983271075900,156983270907956,156983271075900,1788963789608743757,1788963789608785365,ok,
exp_constrained_pub_only_xcdr__py_to_cpp__100000B__10Hz__shmem_ds__best_effort,receive,sub,py_to_cpp,constrained_pub_only,exp,xcdr,shmem_ds,100000,10,0,measured,4,2026-09-09T14:23:09.708304Z,156983370502603,156983370335471,156983370502603,1788963789708171132,1788963789708225072,ok,
exp_constrained_pub_only_xcdr__py_to_cpp__100000B__10Hz__shmem_ds__best_effort,receive,sub,py_to_cpp,constrained_pub_only,exp,xcdr,shmem_ds,100000,10,0,measured,5,2026-09-09T14:23:09.808786Z,156983470984648,156983470833716,156983470984648,1788963789808670649,1788963789808723017,ok,
exp_constrained_pub_only_xcdr__py_to_cpp__100000B__10Hz__shmem_ds__best_effort,receive,sub,py_to_cpp,constrained_pub_only,exp,xcdr,shmem_ds,100000,10,0,measured,6,2026-09-09T14:23:09.909158Z,156983571356216,156983571200294,156983571356216,1788963789909039963,1788963789909092821,ok,
exp_constrained_pub_only_xcdr__py_to_cpp__100000B__10Hz__shmem_ds__best_effort,receive,sub,py_to_cpp,constrained_pub_only,exp,xcdr,shmem_ds,100000,10,0,measured,7,2026-09-09T14:23:10.010273Z,156983672471764,156983672319129,156983672471764,1788963790010167553,1788963790010210183,ok,
exp_constrained_pub_only_xcdr__py_to_cpp__100000B__10Hz__shmem_ds__best_effort,receive,sub,py_to_cpp,constrained_pub_only,exp,xcdr,shmem_ds,100000,10,0,measured,8,2026-09-09T14:23:10.109082Z,156983771280018,156983771149274,156983771280018,1788963790108979154,1788963790109023807,ok,
exp_constrained_pub_only_xcdr__py_to_cpp__100000B__10Hz__shmem_ds__best_effort,receive,sub,py_to_cpp,constrained_pub_only,exp,xcdr,shmem_ds,100000,10,0,measured,9,2026-09-09T14:23:10.209048Z,156983871245553,156983871069895,156983871245553,1788963790208915204,1788963790208963975,ok,
exp_constrained_pub_only_xcdr__py_to_cpp__100000B__10Hz__shmem_ds__best_effort,receive,sub,py_to_cpp,constrained_pub_only,exp,xcdr,shmem_ds,100000,10,0,measured,10,2026-09-09T14:23:10.308009Z,156983970207364,156983970073414,156983970207364,1788963790307908333,1788963790307948068,ok,
exp_constrained_pub_only_xcdr__py_to_cpp__100000B__10Hz__shmem_ds__best_effort,receive,sub,py_to_cpp,constrained_pub_only,exp,xcdr,shmem_ds,100000,10,0,measured,11,2026-09-09T14:23:10.407469Z,156984069667325,156984069529147,156984069667325,1788963790407361131,1788963790407397740,ok,
exp_constrained_pub_only_xcdr__py_to_cpp__100000B__10Hz__shmem_ds__best_effort,receive,sub,py_to_cpp,constrained_pub_only,exp,xcdr,shmem_ds,100000,10,0,measured,12,2026-09-09T14:23:10.507419Z,156984169616941,156984169465308,156984169616941,1788963790507299646,1788963790507339982,ok,
exp_constrained_pub_only_xcdr__py_to_cpp__100000B__10Hz__shmem_ds__best_effort,receive,sub,py_to_cpp,constrained_pub_only,exp,xcdr,shmem_ds,100000,10,0,measured,13,2026-09-09T14:23:10.606464Z,156984268662218,156984268521225,156984268662218,1788963790606353529,1788963790606393814,ok,
exp_constrained_pub_only_xcdr__py_to_cpp__100000B__10Hz__shmem_ds__best_effort,receive,sub,py_to_cpp,constrained_pub_only,exp,xcdr,shmem_ds,100000,10,0,measured,14,2026-09-09T14:23:10.705984Z,156984368182311,156984368039775,156984368182311,1788963790705880535,1788963790705918927,ok,
exp_constrained_pub_only_xcdr__py_to_cpp__100000B__10Hz__shmem_ds__best_effort,receive,sub,py_to_cpp,constrained_pub_only,exp,xcdr,shmem_ds,100000,10,0,measured,15,2026-09-09T14:23:10.806426Z,156984468623636,156984468408183,156984468623636,1788963790806259182,1788963790806325396,ok,
exp_constrained_pub_only_xcdr__py_to_cpp__100000B__10Hz__shmem_ds__best_effort,receive,sub,py_to_cpp,constrained_pub_only,exp,xcdr,shmem_ds,100000,10,0,measured,16,2026-09-09T14:23:10.906183Z,156984568381533,156984568242213,156984568381533,1788963790906077813,1788963790906119191,ok,
exp_constrained_pub_only_xcdr__py_to_cpp__100000B__10Hz__shmem_ds__best_effort,receive,sub,py_to_cpp,constrained_pub_only,exp,xcdr,shmem_ds,100000,10,0,measured,17,2026-09-09T14:23:11.005630Z,156984667828791,156984667693719,156984667828791,1788963791005527947,1788963791005571047,ok,
exp_constrained_pub_only_xcdr__py_to_cpp__100000B__10Hz__shmem_ds__best_effort,receive,sub,py_to_cpp,constrained_pub_only,exp,xcdr,shmem_ds,100000,10,0,measured,18,2026-09-09T14:23:11.105861Z,156984768059347,156984767905590,156984768059347,1788963791105740028,1788963791105785253,ok,
exp_constrained_pub_only_xcdr__py_to_cpp__100000B__10Hz__shmem_ds__best_effort,receive,sub,py_to_cpp,constrained_pub_only,exp,xcdr,shmem_ds,100000,10,0,measured,19,2026-09-09T14:23:11.206519Z,156984868716650,156984868554397,156984868716650,1788963791206387884,1788963791206436965,ok,
exp_constrained_pub_only_xcdr__py_to_cpp__100000B__10Hz__shmem_ds__best_effort,receive,sub,py_to_cpp,constrained_pub_only,exp,xcdr,shmem_ds,100000,10,0,measured,20,2026-09-09T14:23:11.305504Z,156984967702732,156984967554144,156984967702732,1788963791305392370,1788963791305436693,ok,
exp_constrained_pub_only_xcdr__py_to_cpp__100000B__10Hz__shmem_ds__best_effort,receive,sub,py_to_cpp,constrained_pub_only,exp,xcdr,shmem_ds,100000,10,0,measured,21,2026-09-09T14:23:11.406183Z,156985068380964,156985068234831,156985068380964,1788963791406071935,1788963791406115796,ok,
exp_constrained_pub_only_xcdr__py_to_cpp__100000B__10Hz__shmem_ds__best_effort,receive,sub,py_to_cpp,constrained_pub_only,exp,xcdr,shmem_ds,100000,10,0,measured,22,2026-09-09T14:23:11.506406Z,156985168604808,156985168475135,156985168604808,1788963791506304374,1788963791506343487,ok,
exp_constrained_pub_only_xcdr__py_to_cpp__100000B__10Hz__shmem_ds__best_effort,receive,sub,py_to_cpp,constrained_pub_only,exp,xcdr,shmem_ds,100000,10,0,measured,23,2026-09-09T14:23:11.606074Z,156985268272893,156985268142219,156985268272893,1788963791605974413,1788963791606011172,ok,
exp_constrained_pub_only_xcdr__py_to_cpp__100000B__10Hz__shmem_ds__best_effort,receive,sub,py_to_cpp,constrained_pub_only,exp,xcdr,shmem_ds,100000,10,0,measured,24,2026-09-09T14:23:11.705450Z,156985367648863,156985367527797,156985367648863,1788963791705364309,1788963791705400607,ok,
exp_constrained_pub_only_xcdr__py_to_cpp__100000B__10Hz__shmem_ds__best_effort,receive,sub,py_to_cpp,constrained_pub_only,exp,xcdr,shmem_ds,100000,10,0,measured,25,2026-09-09T14:23:11.806402Z,156985468600877,156985468468830,156985468600877,1788963791806299942,1788963791806338494,ok,
exp_constrained_pub_only_xcdr__py_to_cpp__100000B__10Hz__shmem_ds__best_effort,receive,sub,py_to_cpp,constrained_pub_only,exp,xcdr,shmem_ds,100000,10,0,measured,26,2026-09-09T14:23:11.906526Z,156985568724182,156985568529879,156985568724182,1788963791906383173,1788963791906443045,ok,
exp_constrained_pub_only_xcdr__py_to_cpp__100000B__10Hz__shmem_ds__best_effort,receive,sub,py_to_cpp,constrained_pub_only,exp,xcdr,shmem_ds,100000,10,0,measured,27,2026-09-09T14:23:12.005111Z,156985667309456,156985667183210,156985667309456,1788963792005015174,1788963792005052463,ok,
exp_constrained_pub_only_xcdr__py_to_cpp__100000B__10Hz__shmem_ds__best_effort,receive,sub,py_to_cpp,constrained_pub_only,exp,xcdr,shmem_ds,100000,10,0,measured,28,2026-09-09T14:23:12.104697Z,156985766894552,156985766671255,156985766894552,1788963792104522024,1788963792104594539,ok,
exp_constrained_pub_only_xcdr__py_to_cpp__100000B__10Hz__shmem_ds__best_effort,receive,sub,py_to_cpp,constrained_pub_only,exp,xcdr,shmem_ds,100000,10,0,measured,29,2026-09-09T14:23:12.205166Z,156985867364501,156985867245519,156985867364501,1788963792205077102,1788963792205114401,ok,
exp_constrained_pub_only_xcdr__py_to_cpp__100000B__10Hz__shmem_ds__best_effort,receive,sub,py_to_cpp,constrained_pub_only,exp,xcdr,shmem_ds,100000,10,0,measured,30,2026-09-09T14:23:12.305211Z,156985967409546,156985967310461,156985967409546,1788963792305136434,1788963792305170217,ok,
exp_constrained_pub_only_xcdr__py_to_cpp__100000B__10Hz__shmem_ds__best_effort,receive,sub,py_to_cpp,constrained_pub_only,exp,xcdr,shmem_ds,100000,10,0,measured,31,2026-09-09T14:23:12.405900Z,156986068098374,156986067961458,156986068098374,1788963792405793292,1788963792405838847,ok,
exp_constrained_pub_only_xcdr__py_to_cpp__100000B__10Hz__shmem_ds__best_effort,receive,sub,py_to_cpp,constrained_pub_only,exp,xcdr,shmem_ds,100000,10,0,measured,32,2026-09-09T14:23:12.506688Z,156986168877921,156986168696522,156986168877921,1788963792506542252,1788963792506591664,ok,
exp_constrained_pub_only_xcdr__py_to_cpp__100000B__10Hz__shmem_ds__best_effort,receive,sub,py_to_cpp,constrained_pub_only,exp,xcdr,shmem_ds,100000,10,0,measured,33,2026-09-09T14:23:12.606582Z,156986268780650,156986268597699,156986268780650,1788963792606454338,1788963792606499052,ok,
exp_constrained_pub_only_xcdr__py_to_cpp__100000B__10Hz__shmem_ds__best_effort,receive,sub,py_to_cpp,constrained_pub_only,exp,xcdr,shmem_ds,100000,10,0,measured,34,2026-09-09T14:23:12.707313Z,156986369511997,156986369382936,156986369511997,1788963792707212756,1788963792707248252,ok,
exp_constrained_pub_only_xcdr__py_to_cpp__100000B__10Hz__shmem_ds__best_effort,receive,sub,py_to_cpp,constrained_pub_only,exp,xcdr,shmem_ds,100000,10,0,measured,35,2026-09-09T14:23:12.807109Z,156986469307396,156986469162225,156986469307396,1788963792807002915,1788963792807042709,ok,
exp_constrained_pub_only_xcdr__py_to_cpp__100000B__10Hz__shmem_ds__best_effort,receive,sub,py_to_cpp,constrained_pub_only,exp,xcdr,shmem_ds,100000,10,0,measured,36,2026-09-09T14:23:12.907351Z,156986569550120,156986569403156,156986569550120,1788963792907245459,1788963792907283620,ok,
exp_constrained_pub_only_xcdr__py_to_cpp__100000B__10Hz__shmem_ds__best_effort,receive,sub,py_to_cpp,constrained_pub_only,exp,xcdr,shmem_ds,100000,10,0,measured,37,2026-09-09T14:23:13.007988Z,156986670185879,156986670039205,156986670185879,1788963793007876900,1788963793007917986,ok,
exp_constrained_pub_only_xcdr__py_to_cpp__100000B__10Hz__shmem_ds__best_effort,receive,sub,py_to_cpp,constrained_pub_only,exp,xcdr,shmem_ds,100000,10,0,measured,38,2026-09-09T14:23:13.108250Z,156986770448106,156986770292745,156986770448106,1788963793108129648,1788963793108174412,ok,
exp_constrained_pub_only_xcdr__py_to_cpp__100000B__10Hz__shmem_ds__best_effort,receive,sub,py_to_cpp,constrained_pub_only,exp,xcdr,shmem_ds,100000,10,0,measured,39,2026-09-09T14:23:13.208951Z,156986871148891,156986870995044,156986871148891,1788963793208842547,1788963793208888953,ok,
exp_constrained_pub_only_xcdr__py_to_cpp__100000B__10Hz__shmem_ds__best_effort,receive,sub,py_to_cpp,constrained_pub_only,exp,xcdr,shmem_ds,100000,10,0,measured,40,2026-09-09T14:23:13.309095Z,156986971293478,156986971145361,156986971293478,1788963793308982755,1788963793309023982,ok,
exp_constrained_pub_only_xcdr__py_to_cpp__100000B__10Hz__shmem_ds__best_effort,receive,sub,py_to_cpp,constrained_pub_only,exp,xcdr,shmem_ds,100000,10,0,measured,41,2026-09-09T14:23:13.409506Z,156987071703831,156987071557728,156987071703831,1788963793409394100,1788963793409435287,ok,
exp_constrained_pub_only_xcdr__py_to_cpp__100000B__10Hz__shmem_ds__best_effort,receive,sub,py_to_cpp,constrained_pub_only,exp,xcdr,shmem_ds,100000,10,0,measured,42,2026-09-09T14:23:13.508590Z,156987170788668,156987170677060,156987170788668,1788963793508506289,1788963793508544570,ok,
exp_constrained_pub_only_xcdr__py_to_cpp__100000B__10Hz__shmem_ds__best_effort,receive,sub,py_to_cpp,constrained_pub_only,exp,xcdr,shmem_ds,100000,10,0,measured,43,2026-09-09T14:23:13.608032Z,156987270230893,156987270098336,156987270230893,1788963793607935028,1788963793607972298,ok,
exp_constrained_pub_only_xcdr__py_to_cpp__100000B__10Hz__shmem_ds__best_effort,receive,sub,py_to_cpp,constrained_pub_only,exp,xcdr,shmem_ds,100000,10,0,measured,44,2026-09-09T14:23:13.707888Z,156987370085368,156987369862181,156987370085368,1788963793707709083,1788963793707767392,ok,
exp_constrained_pub_only_xcdr__py_to_cpp__100000B__10Hz__shmem_ds__best_effort,receive,sub,py_to_cpp,constrained_pub_only,exp,xcdr,shmem_ds,100000,10,0,measured,45,2026-09-09T14:23:13.806779Z,156987468976684,156987468833547,156987468976684,1788963793806669057,1788963793806712278,ok,
exp_constrained_pub_only_xcdr__py_to_cpp__100000B__10Hz__shmem_ds__best_effort,receive,sub,py_to_cpp,constrained_pub_only,exp,xcdr,shmem_ds,100000,10,0,measured,46,2026-09-09T14:23:13.906123Z,156987568320505,156987568191594,156987568320505,1788963793906021114,1788963793906062441,ok,
exp_constrained_pub_only_xcdr__py_to_cpp__100000B__10Hz__shmem_ds__best_effort,receive,sub,py_to_cpp,constrained_pub_only,exp,xcdr,shmem_ds,100000,10,0,measured,47,2026-09-09T14:23:14.005309Z,156987667507454,156987667363014,156987667507454,1788963794005196170,1788963794005238739,ok,
exp_constrained_pub_only_xcdr__py_to_cpp__100000B__10Hz__shmem_ds__best_effort,receive,sub,py_to_cpp,constrained_pub_only,exp,xcdr,shmem_ds,100000,10,0,measured,48,2026-09-09T14:23:14.104877Z,156987767075829,156987766927442,156987767075829,1788963794104755960,1788963794104795503,ok,
exp_constrained_pub_only_xcdr__py_to_cpp__100000B__10Hz__shmem_ds__best_effort,receive,sub,py_to_cpp,constrained_pub_only,exp,xcdr,shmem_ds,100000,10,0,measured,49,2026-09-09T14:23:14.205196Z,156987867394527,156987867267299,156987867394527,1788963794205100856,1788963794205137394,ok,
exp_constrained_pub_only_xcdr__py_to_cpp__100000B__10Hz__shmem_ds__best_effort,receive,sub,py_to_cpp,constrained_pub_only,exp,xcdr,shmem_ds,100000,10,0,measured,50,2026-09-09T14:23:14.304919Z,156987967117602,156987966984483,156987967117602,1788963794304824853,1788963794304860349,ok,
exp_constrained_pub_only_xcdr__py_to_cpp__100000B__10Hz__shmem_ds__best_effort,receive,sub,py_to_cpp,constrained_pub_only,exp,xcdr,shmem_ds,100000,10,0,measured,51,2026-09-09T14:23:14.404746Z,156988066943850,156988066802335,156988066943850,1788963794404636974,1788963794404679223,ok,
exp_constrained_pub_only_xcdr__py_to_cpp__100000B__10Hz__shmem_ds__best_effort,receive,sub,py_to_cpp,constrained_pub_only,exp,xcdr,shmem_ds,100000,10,0,measured,52,2026-09-09T14:23:14.504056Z,156988166254564,156988166150760,156988166254564,1788963794503977725,1788963794504008072,ok,
exp_constrained_pub_only_xcdr__py_to_cpp__100000B__10Hz__shmem_ds__best_effort,receive,sub,py_to_cpp,constrained_pub_only,exp,xcdr,shmem_ds,100000,10,0,measured,53,2026-09-09T14:23:14.603771Z,156988265969103,156988265756556,156988265969103,1788963794603596174,1788963794603646709,ok,
exp_constrained_pub_only_xcdr__py_to_cpp__100000B__10Hz__shmem_ds__best_effort,receive,sub,py_to_cpp,constrained_pub_only,exp,xcdr,shmem_ds,100000,10,0,measured,54,2026-09-09T14:23:14.704578Z,156988366775492,156988366630581,156988366775492,1788963794704463757,1788963794704508931,ok,
exp_constrained_pub_only_xcdr__py_to_cpp__100000B__10Hz__shmem_ds__best_effort,receive,sub,py_to_cpp,constrained_pub_only,exp,xcdr,shmem_ds,100000,10,0,measured,55,2026-09-09T14:23:14.804664Z,156988466862817,156988466748734,156988466862817,1788963794804573434,1788963794804606175,ok,
exp_constrained_pub_only_xcdr__py_to_cpp__100000B__10Hz__shmem_ds__best_effort,receive,sub,py_to_cpp,constrained_pub_only,exp,xcdr,shmem_ds,100000,10,0,measured,56,2026-09-09T14:23:14.905084Z,156988567281171,156988567135028,156988567281171,1788963794904969566,1788963794905015903,ok,
exp_constrained_pub_only_xcdr__py_to_cpp__100000B__10Hz__shmem_ds__best_effort,receive,sub,py_to_cpp,constrained_pub_only,exp,xcdr,shmem_ds,100000,10,0,measured,57,2026-09-09T14:23:15.004393Z,156988666591816,156988666452055,156988666591816,1788963795004288026,1788963795004332329,ok,
exp_constrained_pub_only_xcdr__py_to_cpp__100000B__10Hz__shmem_ds__best_effort,receive,sub,py_to_cpp,constrained_pub_only,exp,xcdr,shmem_ds,100000,10,0,measured,58,2026-09-09T14:23:15.104875Z,156988767072742,156988766921700,156988767072742,1788963795104756118,1788963795104813305,ok,
exp_constrained_pub_only_xcdr__py_to_cpp__100000B__10Hz__shmem_ds__best_effort,receive,sub,py_to_cpp,constrained_pub_only,exp,xcdr,shmem_ds,100000,10,0,measured,59,2026-09-09T14:23:15.204415Z,156988866612510,156988866471967,156988866612510,1788963795204308249,1788963795204347643,ok,
exp_constrained_pub_only_xcdr__py_to_cpp__100000B__10Hz__shmem_ds__best_effort,receive,sub,py_to_cpp,constrained_pub_only,exp,xcdr,shmem_ds,100000,10,0,measured,60,2026-09-09T14:23:15.303909Z,156988966099710,156988965993752,156988966099710,1788963795303831767,1788963795303862665,ok,
exp_constrained_pub_only_xcdr__py_to_cpp__100000B__10Hz__shmem_ds__best_effort,receive,sub,py_to_cpp,constrained_pub_only,exp,xcdr,shmem_ds,100000,10,0,measured,61,2026-09-09T14:23:15.404858Z,156989067056004,156989066942201,156989067056004,1788963795404768605,1788963795404796356,ok,
exp_constrained_pub_only_xcdr__py_to_cpp__100000B__10Hz__shmem_ds__best_effort,receive,sub,py_to_cpp,constrained_pub_only,exp,xcdr,shmem_ds,100000,10,0,measured,62,2026-09-09T14:23:15.505273Z,156989167470707,156989167336666,156989167470707,1788963795505170584,1788963795505206721,ok,
exp_constrained_pub_only_xcdr__py_to_cpp__100000B__10Hz__shmem_ds__best_effort,receive,sub,py_to_cpp,constrained_pub_only,exp,xcdr,shmem_ds,100000,10,0,measured,63,2026-09-09T14:23:15.605579Z,156989267777698,156989267575440,156989267777698,1788963795605425758,1788963795605486481,ok,
exp_constrained_pub_only_xcdr__py_to_cpp__100000B__10Hz__shmem_ds__best_effort,receive,sub,py_to_cpp,constrained_pub_only,exp,xcdr,shmem_ds,100000,10,0,measured,64,2026-09-09T14:23:15.705719Z,156989367918258,156989367774129,156989367918258,1788963795705610311,1788963795705650375,ok,
exp_constrained_pub_only_xcdr__py_to_cpp__100000B__10Hz__shmem_ds__best_effort,receive,sub,py_to_cpp,constrained_pub_only,exp,xcdr,shmem_ds,100000,10,0,measured,65,2026-09-09T14:23:15.806410Z,156989468608535,156989468456672,156989468608535,1788963795806291741,1788963795806334781,ok,
exp_constrained_pub_only_xcdr__py_to_cpp__100000B__10Hz__shmem_ds__best_effort,receive,sub,py_to_cpp,constrained_pub_only,exp,xcdr,shmem_ds,100000,10,0,measured,66,2026-09-09T14:23:15.906969Z,156989569167026,156989569021344,156989569167026,1788963795906858458,1788963795906900957,ok,
exp_constrained_pub_only_xcdr__py_to_cpp__100000B__10Hz__shmem_ds__best_effort,receive,sub,py_to_cpp,constrained_pub_only,exp,xcdr,shmem_ds,100000,10,0,measured,67,2026-09-09T14:23:16.006574Z,156989668772417,156989668641553,156989668772417,1788963796006474519,1788963796006514794,ok,
exp_constrained_pub_only_xcdr__py_to_cpp__100000B__10Hz__shmem_ds__best_effort,receive,sub,py_to_cpp,constrained_pub_only,exp,xcdr,shmem_ds,100000,10,0,measured,68,2026-09-09T14:23:16.105339Z,156989767537203,156989767426637,156989767537203,1788963796105255375,1788963796105287485,ok,
exp_constrained_pub_only_xcdr__py_to_cpp__100000B__10Hz__shmem_ds__best_effort,receive,sub,py_to_cpp,constrained_pub_only,exp,xcdr,shmem_ds,100000,10,0,measured,69,2026-09-09T14:23:16.205540Z,156989867737551,156989867544491,156989867737551,1788963796205390631,1788963796205451184,ok,
exp_constrained_pub_only_xcdr__py_to_cpp__100000B__10Hz__shmem_ds__best_effort,receive,sub,py_to_cpp,constrained_pub_only,exp,xcdr,shmem_ds,100000,10,0,measured,70,2026-09-09T14:23:16.304555Z,156989966753697,156989966613155,156989966753697,1788963796304442974,1788963796304484291,ok,
exp_constrained_pub_only_xcdr__py_to_cpp__100000B__10Hz__shmem_ds__best_effort,receive,sub,py_to_cpp,constrained_pub_only,exp,xcdr,shmem_ds,100000,10,0,measured,71,2026-09-09T14:23:16.404172Z,156990066369873,156990066213892,156990066369873,1788963796404065282,1788963796404104706,ok,
exp_constrained_pub_only_xcdr__py_to_cpp__100000B__10Hz__shmem_ds__best_effort,receive,sub,py_to_cpp,constrained_pub_only,exp,xcdr,shmem_ds,100000,10,0,measured,72,2026-09-09T14:23:16.504979Z,156990167177145,156990167020672,156990167177145,1788963796504859229,1788963796504901798,ok,
exp_constrained_pub_only_xcdr__py_to_cpp__100000B__10Hz__shmem_ds__best_effort,receive,sub,py_to_cpp,constrained_pub_only,exp,xcdr,shmem_ds,100000,10,0,measured,73,2026-09-09T14:23:16.605743Z,156990267940564,156990267768242,156990267940564,1788963796605603041,1788963796605647845,ok,
exp_constrained_pub_only_xcdr__py_to_cpp__100000B__10Hz__shmem_ds__best_effort,receive,sub,py_to_cpp,constrained_pub_only,exp,xcdr,shmem_ds,100000,10,0,measured,74,2026-09-09T14:23:16.705573Z,156990367770249,156990367549106,156990367770249,1788963796705397501,1788963796705463594,ok,
exp_constrained_pub_only_xcdr__py_to_cpp__100000B__10Hz__shmem_ds__best_effort,receive,sub,py_to_cpp,constrained_pub_only,exp,xcdr,shmem_ds,100000,10,0,measured,75,2026-09-09T14:23:16.805788Z,156990467985455,156990467797644,156990467985455,1788963796805642772,1788963796805704558,ok,
exp_constrained_pub_only_xcdr__py_to_cpp__100000B__10Hz__shmem_ds__best_effort,receive,sub,py_to_cpp,constrained_pub_only,exp,xcdr,shmem_ds,100000,10,0,measured,76,2026-09-09T14:23:16.905631Z,156990567828444,156990567636816,156990567828444,1788963796905483007,1788963796905543390,ok,
exp_constrained_pub_only_xcdr__py_to_cpp__100000B__10Hz__shmem_ds__best_effort,receive,sub,py_to_cpp,constrained_pub_only,exp,xcdr,shmem_ds,100000,10,0,measured,77,2026-09-09T14:23:17.006252Z,156990668450430,156990668322371,156990668450430,1788963797006152462,1788963797006190342,ok,
exp_constrained_pub_only_xcdr__py_to_cpp__100000B__10Hz__shmem_ds__best_effort,receive,sub,py_to_cpp,constrained_pub_only,exp,xcdr,shmem_ds,100000,10,0,measured,78,2026-09-09T14:23:17.106467Z,156990768665240,156990768456601,156990768665240,1788963797106310816,1788963797106381107,ok,
exp_constrained_pub_only_xcdr__py_to_cpp__100000B__10Hz__shmem_ds__best_effort,receive,sub,py_to_cpp,constrained_pub_only,exp,xcdr,shmem_ds,100000,10,0,measured,79,2026-09-09T14:23:17.205768Z,156990867965903,156990867817486,156990867965903,1788963797205658857,1788963797205707598,ok,
exp_constrained_pub_only_xcdr__py_to_cpp__100000B__10Hz__shmem_ds__best_effort,receive,sub,py_to_cpp,constrained_pub_only,exp,xcdr,shmem_ds,100000,10,0,measured,80,2026-09-09T14:23:17.305229Z,156990967427416,156990967283097,156990967427416,1788963797305118346,1788963797305161186,ok,
exp_constrained_pub_only_xcdr__py_to_cpp__100000B__10Hz__shmem_ds__best_effort,receive,sub,py_to_cpp,constrained_pub_only,exp,xcdr,shmem_ds,100000,10,0,measured,81,2026-09-09T14:23:17.405320Z,156991067518335,156991067362824,156991067518335,1788963797405200509,1788963797405248539,ok,
exp_constrained_pub_only_xcdr__py_to_cpp__100000B__10Hz__shmem_ds__best_effort,receive,sub,py_to_cpp,constrained_pub_only,exp,xcdr,shmem_ds,100000,10,0,measured,82,2026-09-09T14:23:17.504872Z,156991167071219,156991166912863,156991167071219,1788963797504748373,1788963797504795351,ok,
exp_constrained_pub_only_xcdr__py_to_cpp__100000B__10Hz__shmem_ds__best_effort,receive,sub,py_to_cpp,constrained_pub_only,exp,xcdr,shmem_ds,100000,10,0,measured,83,2026-09-09T14:23:17.605028Z,156991267226317,156991267078842,156991267226317,1788963797604915134,1788963797604960478,ok,
exp_constrained_pub_only_xcdr__py_to_cpp__100000B__10Hz__shmem_ds__best_effort,receive,sub,py_to_cpp,constrained_pub_only,exp,xcdr,shmem_ds,100000,10,0,measured,84,2026-09-09T14:23:17.705775Z,156991367974193,156991367841756,156991367974193,1788963797705673008,1788963797705713394,ok,
exp_constrained_pub_only_xcdr__py_to_cpp__100000B__10Hz__shmem_ds__best_effort,receive,sub,py_to_cpp,constrained_pub_only,exp,xcdr,shmem_ds,100000,10,0,measured,85,2026-09-09T14:23:17.805420Z,156991467619319,156991467537827,156991467619319,1788963797805363008,1788963797805391532,ok,
exp_constrained_pub_only_xcdr__py_to_cpp__100000B__10Hz__shmem_ds__best_effort,receive,sub,py_to_cpp,constrained_pub_only,exp,xcdr,shmem_ds,100000,10,0,measured,86,2026-09-09T14:23:17.905033Z,156991567231965,156991567100980,156991567231965,1788963797904934917,1788963797904975894,ok,
exp_constrained_pub_only_xcdr__py_to_cpp__100000B__10Hz__shmem_ds__best_effort,receive,sub,py_to_cpp,constrained_pub_only,exp,xcdr,shmem_ds,100000,10,0,measured,87,2026-09-09T14:23:18.005983Z,156991668181237,156991668058778,156991668181237,1788963798005891212,1788963798005927610,ok,
exp_constrained_pub_only_xcdr__py_to_cpp__100000B__10Hz__shmem_ds__best_effort,receive,sub,py_to_cpp,constrained_pub_only,exp,xcdr,shmem_ds,100000,10,0,measured,88,2026-09-09T14:23:18.105956Z,156991768153239,156991768035269,156991768153239,1788963798105864147,1788963798105894804,ok,
exp_constrained_pub_only_xcdr__py_to_cpp__100000B__10Hz__shmem_ds__best_effort,receive,sub,py_to_cpp,constrained_pub_only,exp,xcdr,shmem_ds,100000,10,0,measured,89,2026-09-09T14:23:18.205074Z,156991867273029,156991867174545,156991867273029,1788963798205000768,1788963798205027328,ok,
exp_constrained_pub_only_xcdr__py_to_cpp__100000B__10Hz__shmem_ds__best_effort,receive,sub,py_to_cpp,constrained_pub_only,exp,xcdr,shmem_ds,100000,10,0,measured,90,2026-09-09T14:23:18.304700Z,156991966897372,156991966669426,156991966897372,1788963798304536285,1788963798304603350,ok,
exp_constrained_pub_only_xcdr__py_to_cpp__100000B__10Hz__shmem_ds__best_effort,receive,sub,py_to_cpp,constrained_pub_only,exp,xcdr,shmem_ds,100000,10,0,measured,91,2026-09-09T14:23:18.403719Z,156992065916384,156992065742569,156992065916384,1788963798403585403,1788963798403640577,ok,
exp_constrained_pub_only_xcdr__py_to_cpp__100000B__10Hz__shmem_ds__best_effort,receive,sub,py_to_cpp,constrained_pub_only,exp,xcdr,shmem_ds,100000,10,0,measured,92,2026-09-09T14:23:18.503968Z,156992166165564,156992165958968,156992166165564,1788963798503814385,1788963798503888223,ok,
exp_constrained_pub_only_xcdr__py_to_cpp__100000B__10Hz__shmem_ds__best_effort,receive,sub,py_to_cpp,constrained_pub_only,exp,xcdr,shmem_ds,100000,10,0,measured,93,2026-09-09T14:23:18.604537Z,156992266735613,156992266585493,156992266735613,1788963798604416244,1788963798604459605,ok,
exp_constrained_pub_only_xcdr__py_to_cpp__100000B__10Hz__shmem_ds__best_effort,receive,sub,py_to_cpp,constrained_pub_only,exp,xcdr,shmem_ds,100000,10,0,measured,94,2026-09-09T14:23:18.704715Z,156992366912208,156992366689061,156992366912208,1788963798704541593,1788963798704603619,ok,
exp_constrained_pub_only_xcdr__py_to_cpp__100000B__10Hz__shmem_ds__best_effort,receive,sub,py_to_cpp,constrained_pub_only,exp,xcdr,shmem_ds,100000,10,0,measured,95,2026-09-09T14:23:18.803408Z,156992465605360,156992465448047,156992465605360,1788963798803290279,1788963798803330885,ok,
exp_constrained_pub_only_xcdr__py_to_cpp__100000B__10Hz__shmem_ds__best_effort,receive,sub,py_to_cpp,constrained_pub_only,exp,xcdr,shmem_ds,100000,10,0,measured,96,2026-09-09T14:23:18.903206Z,156992565403728,156992565247777,156992565403728,1788963798903095340,1788963798903139883,ok,
exp_constrained_pub_only_xcdr__py_to_cpp__100000B__10Hz__shmem_ds__best_effort,receive,sub,py_to_cpp,constrained_pub_only,exp,xcdr,shmem_ds,100000,10,0,measured,97,2026-09-09T14:23:19.004050Z,156992666248591,156992666134548,156992666248591,1788963799003968265,1788963799003998371,ok,
exp_constrained_pub_only_xcdr__py_to_cpp__100000B__10Hz__shmem_ds__best_effort,receive,sub,py_to_cpp,constrained_pub_only,exp,xcdr,shmem_ds,100000,10,0,measured,98,2026-09-09T14:23:19.104102Z,156992766300258,156992766174793,156992766300258,1788963799104005635,1788963799104040360,ok,
exp_constrained_pub_only_xcdr__py_to_cpp__100000B__10Hz__shmem_ds__best_effort,receive,sub,py_to_cpp,constrained_pub_only,exp,xcdr,shmem_ds,100000,10,0,measured,99,2026-09-09T14:23:19.205090Z,156992867288684,156992867162158,156992867288684,1788963799204996697,1788963799205033666,ok,
exp_constrained_pub_only_xcdr__py_to_cpp__100000B__10Hz__shmem_ds__best_effort,receive,sub,py_to_cpp,constrained_pub_only,exp,xcdr,shmem_ds,100000,10,0,measured,100,2026-09-09T14:23:19.305927Z,156992968124415,156992967920775,156992968124415,1788963799305768067,1788963799305839020,ok,
exp_constrained_pub_only_xcdr__py_to_cpp__100000B__10Hz__shmem_ds__best_effort,receive,sub,py_to_cpp,constrained_pub_only,exp,xcdr,shmem_ds,100000,10,0,measured,101,2026-09-09T14:23:19.404845Z,156993067043757,156993066894518,156993067043757,1788963799404727133,1788963799404767979,ok,
exp_constrained_pub_only_xcdr__py_to_cpp__100000B__10Hz__shmem_ds__best_effort,receive,sub,py_to_cpp,constrained_pub_only,exp,xcdr,shmem_ds,100000,10,0,measured,102,2026-09-09T14:23:19.505611Z,156993167807113,156993167602130,156993167807113,1788963799505447669,1788963799505491781,ok,
exp_constrained_pub_only_xcdr__py_to_cpp__100000B__10Hz__shmem_ds__best_effort,receive,sub,py_to_cpp,constrained_pub_only,exp,xcdr,shmem_ds,100000,10,0,measured,103,2026-09-09T14:23:19.605852Z,156993268050387,156993267869169,156993268050387,1788963799605722232,1788963799605773387,ok,
exp_constrained_pub_only_xcdr__py_to_cpp__100000B__10Hz__shmem_ds__best_effort,receive,sub,py_to_cpp,constrained_pub_only,exp,xcdr,shmem_ds,100000,10,0,measured,104,2026-09-09T14:23:19.705765Z,156993367962994,156993367812343,156993367962994,1788963799705648594,1788963799705690352,ok,
exp_constrained_pub_only_xcdr__py_to_cpp__100000B__10Hz__shmem_ds__best_effort,receive,sub,py_to_cpp,constrained_pub_only,exp,xcdr,shmem_ds,100000,10,0,measured,105,2026-09-09T14:23:19.805292Z,156993467490351,156993467353295,156993467490351,1788963799805188354,1788963799805227167,ok,
exp_constrained_pub_only_xcdr__py_to_cpp__100000B__10Hz__shmem_ds__best_effort,receive,sub,py_to_cpp,constrained_pub_only,exp,xcdr,shmem_ds,100000,10,0,measured,106,2026-09-09T14:23:19.905537Z,156993567735680,156993567609564,156993567735680,1788963799905443542,1788963799905480050,ok,
exp_constrained_pub_only_xcdr__py_to_cpp__100000B__10Hz__shmem_ds__best_effort,receive,sub,py_to_cpp,constrained_pub_only,exp,xcdr,shmem_ds,100000,10,0,measured,107,2026-09-09T14:23:20.005039Z,156993667237960,156993667041282,156993667237960,1788963800004892753,1788963800004950170,ok,
exp_constrained_pub_only_xcdr__py_to_cpp__100000B__10Hz__shmem_ds__best_effort,receive,sub,py_to_cpp,constrained_pub_only,exp,xcdr,shmem_ds,100000,10,0,measured,108,2026-09-09T14:23:20.104654Z,156993766852064,156993766709218,156993766852064,1788963800104543896,1788963800104585624,ok,
exp_constrained_pub_only_xcdr__py_to_cpp__100000B__10Hz__shmem_ds__best_effort,receive,sub,py_to_cpp,constrained_pub_only,exp,xcdr,shmem_ds,100000,10,0,measured,109,2026-09-09T14:23:20.204579Z,156993866777170,156993866631829,156993866777170,1788963800204465806,1788963800204507464,ok,
exp_constrained_pub_only_xcdr__py_to_cpp__100000B__10Hz__shmem_ds__best_effort,receive,sub,py_to_cpp,constrained_pub_only,exp,xcdr,shmem_ds,100000,10,0,measured,110,2026-09-09T14:23:20.305795Z,156993967991424,156993967816647,156993967991424,1788963800305656947,1788963800305711368,ok,
exp_constrained_pub_only_xcdr__py_to_cpp__100000B__10Hz__shmem_ds__best_effort,receive,sub,py_to_cpp,constrained_pub_only,exp,xcdr,shmem_ds,100000,10,0,measured,111,2026-09-09T14:23:20.406406Z,156994068603503,156994068414760,156994068603503,1788963800406259999,1788963800406314691,ok,
exp_constrained_pub_only_xcdr__py_to_cpp__100000B__10Hz__shmem_ds__best_effort,receive,sub,py_to_cpp,constrained_pub_only,exp,xcdr,shmem_ds,100000,10,0,measured,112,2026-09-09T14:23:20.505678Z,156994167876460,156994167748090,156994167876460,1788963800505579563,1788963800505611553,ok,
exp_constrained_pub_only_xcdr__py_to_cpp__100000B__10Hz__shmem_ds__best_effort,receive,sub,py_to_cpp,constrained_pub_only,exp,xcdr,shmem_ds,100000,10,0,measured,113,2026-09-09T14:23:20.605757Z,156994267956074,156994267806244,156994267956074,1788963800605639360,1788963800605680267,ok,
exp_constrained_pub_only_xcdr__py_to_cpp__100000B__10Hz__shmem_ds__best_effort,receive,sub,py_to_cpp,constrained_pub_only,exp,xcdr,shmem_ds,100000,10,0,measured,114,2026-09-09T14:23:20.705305Z,156994367501881,156994367323408,156994367501881,1788963800705171001,1788963800705222647,ok,
exp_constrained_pub_only_xcdr__py_to_cpp__100000B__10Hz__shmem_ds__best_effort,receive,sub,py_to_cpp,constrained_pub_only,exp,xcdr,shmem_ds,100000,10,0,measured,115,2026-09-09T14:23:20.805967Z,156994468165025,156994468026446,156994468165025,1788963800805863109,1788963800805908233,ok,
exp_constrained_pub_only_xcdr__py_to_cpp__100000B__10Hz__shmem_ds__best_effort,receive,sub,py_to_cpp,constrained_pub_only,exp,xcdr,shmem_ds,100000,10,0,measured,116,2026-09-09T14:23:20.906753Z,156994568950017,156994568798484,156994568950017,1788963800906636118,1788963800906683908,ok,
exp_constrained_pub_only_xcdr__py_to_cpp__100000B__10Hz__shmem_ds__best_effort,receive,sub,py_to_cpp,constrained_pub_only,exp,xcdr,shmem_ds,100000,10,0,measured,117,2026-09-09T14:23:21.006348Z,156994668533966,156994668373035,156994668533966,1788963801006216110,1788963801006261905,ok,
exp_constrained_pub_only_xcdr__py_to_cpp__100000B__10Hz__shmem_ds__best_effort,receive,sub,py_to_cpp,constrained_pub_only,exp,xcdr,shmem_ds,100000,10,0,measured,118,2026-09-09T14:23:21.106523Z,156994768722820,156994768612594,156994768722820,1788963801106445379,1788963801106482428,ok,
exp_constrained_pub_only_xcdr__py_to_cpp__100000B__10Hz__shmem_ds__best_effort,receive,sub,py_to_cpp,constrained_pub_only,exp,xcdr,shmem_ds,100000,10,0,measured,119,2026-09-09T14:23:21.206705Z,156994868903458,156994868791419,156994868903458,1788963801206622952,1788963801206654871,ok,
exp_constrained_pub_only_xcdr__py_to_cpp__100000B__10Hz__shmem_ds__best_effort,receive,sub,py_to_cpp,constrained_pub_only,exp,xcdr,shmem_ds,100000,10,0,measured,120,2026-09-09T14:23:21.306063Z,156994968260949,156994968134763,156994968260949,1788963801305978870,1788963801306008796,ok,
exp_constrained_pub_only_xcdr__py_to_cpp__100000B__10Hz__shmem_ds__best_effort,receive,sub,py_to_cpp,constrained_pub_only,exp,xcdr,shmem_ds,100000,10,0,measured,121,2026-09-09T14:23:21.406741Z,156995068939398,156995068798024,156995068939398,1788963801406645276,1788963801406682445,ok,
exp_constrained_pub_only_xcdr__py_to_cpp__100000B__10Hz__shmem_ds__best_effort,receive,sub,py_to_cpp,constrained_pub_only,exp,xcdr,shmem_ds,100000,10,0,measured,122,2026-09-09T14:23:21.506654Z,156995168851815,156995168715371,156995168851815,1788963801506551232,1788963801506589483,ok,
exp_constrained_pub_only_xcdr__py_to_cpp__100000B__10Hz__shmem_ds__best_effort,receive,sub,py_to_cpp,constrained_pub_only,exp,xcdr,shmem_ds,100000,10,0,measured,123,2026-09-09T14:23:21.607203Z,156995269402074,156995269271510,156995269402074,1788963801607105498,1788963801607143369,ok,
exp_constrained_pub_only_xcdr__py_to_cpp__100000B__10Hz__shmem_ds__best_effort,receive,sub,py_to_cpp,constrained_pub_only,exp,xcdr,shmem_ds,100000,10,0,measured,124,2026-09-09T14:23:21.707144Z,156995369342685,156995369224173,156995369342685,1788963801707053131,1788963801707082997,ok,
exp_constrained_pub_only_xcdr__py_to_cpp__100000B__10Hz__shmem_ds__best_effort,receive,sub,py_to_cpp,constrained_pub_only,exp,xcdr,shmem_ds,100000,10,0,measured,125,2026-09-09T14:23:21.806630Z,156995468828555,156995468704684,156995468828555,1788963801806534534,1788963801806569739,ok,
exp_constrained_pub_only_xcdr__py_to_cpp__100000B__10Hz__shmem_ds__best_effort,receive,sub,py_to_cpp,constrained_pub_only,exp,xcdr,shmem_ds,100000,10,0,measured,126,2026-09-09T14:23:21.906153Z,156995568350563,156995568142705,156995568350563,1788963801905992482,1788963801906050380,ok,
exp_constrained_pub_only_xcdr__py_to_cpp__100000B__10Hz__shmem_ds__best_effort,receive,sub,py_to_cpp,constrained_pub_only,exp,xcdr,shmem_ds,100000,10,0,measured,127,2026-09-09T14:23:22.005147Z,156995667344374,156995667118182,156995667344374,1788963802004984390,1788963802005043149,ok,
exp_constrained_pub_only_xcdr__py_to_cpp__100000B__10Hz__shmem_ds__best_effort,receive,sub,py_to_cpp,constrained_pub_only,exp,xcdr,shmem_ds,100000,10,0,measured,128,2026-09-09T14:23:22.105917Z,156995768114810,156995767958749,156995768114810,1788963802105793488,1788963802105842640,ok,
exp_constrained_pub_only_xcdr__py_to_cpp__100000B__10Hz__shmem_ds__best_effort,receive,sub,py_to_cpp,constrained_pub_only,exp,xcdr,shmem_ds,100000,10,0,measured,129,2026-09-09T14:23:22.206567Z,156995868765763,156995868631863,156995868765763,1788963802206465790,1788963802206506987,ok,
exp_constrained_pub_only_xcdr__py_to_cpp__100000B__10Hz__shmem_ds__best_effort,receive,sub,py_to_cpp,constrained_pub_only,exp,xcdr,shmem_ds,100000,10,0,measured,130,2026-09-09T14:23:22.307215Z,156995969413580,156995969280662,156995969413580,1788963802307114218,1788963802307153572,ok,
exp_constrained_pub_only_xcdr__py_to_cpp__100000B__10Hz__shmem_ds__best_effort,receive,sub,py_to_cpp,constrained_pub_only,exp,xcdr,shmem_ds,100000,10,0,measured,131,2026-09-09T14:23:22.406816Z,156996069014321,156996068881893,156996069014321,1788963802406713236,1788963802406751607,ok,
exp_constrained_pub_only_xcdr__py_to_cpp__100000B__10Hz__shmem_ds__best_effort,receive,sub,py_to_cpp,constrained_pub_only,exp,xcdr,shmem_ds,100000,10,0,measured,132,2026-09-09T14:23:22.506122Z,156996168319639,156996168126458,156996168319639,1788963802505977919,1788963802506029996,ok,
exp_constrained_pub_only_xcdr__py_to_cpp__100000B__10Hz__shmem_ds__best_effort,receive,sub,py_to_cpp,constrained_pub_only,exp,xcdr,shmem_ds,100000,10,0,measured,133,2026-09-09T14:23:22.606698Z,156996268896443,156996268755200,156996268896443,1788963802606585751,1788963802606633109,ok,
exp_constrained_pub_only_xcdr__py_to_cpp__100000B__10Hz__shmem_ds__best_effort,receive,sub,py_to_cpp,constrained_pub_only,exp,xcdr,shmem_ds,100000,10,0,measured,134,2026-09-09T14:23:22.707619Z,156996369817270,156996369685093,156996369817270,1788963802707518740,1788963802707559817,ok,
exp_constrained_pub_only_xcdr__py_to_cpp__100000B__10Hz__shmem_ds__best_effort,receive,sub,py_to_cpp,constrained_pub_only,exp,xcdr,shmem_ds,100000,10,0,measured,135,2026-09-09T14:23:22.806814Z,156996469011682,156996468858716,156996469011682,1788963802806693505,1788963802806735383,ok,
exp_constrained_pub_only_xcdr__py_to_cpp__100000B__10Hz__shmem_ds__best_effort,receive,sub,py_to_cpp,constrained_pub_only,exp,xcdr,shmem_ds,100000,10,0,measured,136,2026-09-09T14:23:22.906746Z,156996568943701,156996568817836,156996568943701,1788963802906650892,1788963802906687050,ok,
exp_constrained_pub_only_xcdr__py_to_cpp__100000B__10Hz__shmem_ds__best_effort,receive,sub,py_to_cpp,constrained_pub_only,exp,xcdr,shmem_ds,100000,10,0,measured,137,2026-09-09T14:23:23.005862Z,156996668059376,156996667929353,156996668059376,1788963803005759664,1788963803005795230,ok,
exp_constrained_pub_only_xcdr__py_to_cpp__100000B__10Hz__shmem_ds__best_effort,receive,sub,py_to_cpp,constrained_pub_only,exp,xcdr,shmem_ds,100000,10,0,measured,138,2026-09-09T14:23:23.106385Z,156996768583116,156996768424170,156996768583116,1788963803106257967,1788963803106302099,ok,
exp_constrained_pub_only_xcdr__py_to_cpp__100000B__10Hz__shmem_ds__best_effort,receive,sub,py_to_cpp,constrained_pub_only,exp,xcdr,shmem_ds,100000,10,0,measured,139,2026-09-09T14:23:23.207195Z,156996869392791,156996869242160,156996869392791,1788963803207078662,1788963803207118597,ok,
exp_constrained_pub_only_xcdr__py_to_cpp__100000B__10Hz__shmem_ds__best_effort,receive,sub,py_to_cpp,constrained_pub_only,exp,xcdr,shmem_ds,100000,10,0,measured,140,2026-09-09T14:23:23.306138Z,156996968335738,156996968213590,156996968335738,1788963803306044933,1788963803306082242,ok,
exp_constrained_pub_only_xcdr__py_to_cpp__100000B__10Hz__shmem_ds__best_effort,receive,sub,py_to_cpp,constrained_pub_only,exp,xcdr,shmem_ds,100000,10,0,measured,141,2026-09-09T14:23:23.406180Z,156997068377869,156997068245211,156997068377869,1788963803406081583,1788963803406120266,ok,
exp_constrained_pub_only_xcdr__py_to_cpp__100000B__10Hz__shmem_ds__best_effort,receive,sub,py_to_cpp,constrained_pub_only,exp,xcdr,shmem_ds,100000,10,0,measured,142,2026-09-09T14:23:23.506380Z,156997168577544,156997168429307,156997168577544,1788963803506280938,1788963803506319660,ok,
exp_constrained_pub_only_xcdr__py_to_cpp__100000B__10Hz__shmem_ds__best_effort,receive,sub,py_to_cpp,constrained_pub_only,exp,xcdr,shmem_ds,100000,10,0,measured,143,2026-09-09T14:23:23.605771Z,156997267969330,156997267819059,156997267969330,1788963803605655612,1788963803605700345,ok,
exp_constrained_pub_only_xcdr__py_to_cpp__100000B__10Hz__shmem_ds__best_effort,receive,sub,py_to_cpp,constrained_pub_only,exp,xcdr,shmem_ds,100000,10,0,measured,144,2026-09-09T14:23:23.706610Z,156997368806656,156997368570425,156997368806656,1788963803706420382,1788963803706498138,ok,
exp_constrained_pub_only_xcdr__py_to_cpp__100000B__10Hz__shmem_ds__best_effort,receive,sub,py_to_cpp,constrained_pub_only,exp,xcdr,shmem_ds,100000,10,0,measured,145,2026-09-09T14:23:23.806401Z,156997468599131,156997468460251,156997468599131,1788963803806296283,1788963803806337069,ok,
exp_constrained_pub_only_xcdr__py_to_cpp__100000B__10Hz__shmem_ds__best_effort,receive,sub,py_to_cpp,constrained_pub_only,exp,xcdr,shmem_ds,100000,10,0,measured,146,2026-09-09T14:23:23.906154Z,156997568350208,156997568115499,156997568350208,1788963803905968302,1788963803906038092,ok,
exp_constrained_pub_only_xcdr__py_to_cpp__100000B__10Hz__shmem_ds__best_effort,receive,sub,py_to_cpp,constrained_pub_only,exp,xcdr,shmem_ds,100000,10,0,measured,147,2026-09-09T14:23:24.005977Z,156997668174933,156997668037606,156997668174933,1788963804005873397,1788963804005913542,ok,
exp_constrained_pub_only_xcdr__py_to_cpp__100000B__10Hz__shmem_ds__best_effort,receive,sub,py_to_cpp,constrained_pub_only,exp,xcdr,shmem_ds,100000,10,0,measured,148,2026-09-09T14:23:24.106320Z,156997768518703,156997768397557,156997768518703,1788963804106228739,1788963804106265237,ok,
exp_constrained_pub_only_xcdr__py_to_cpp__100000B__10Hz__shmem_ds__best_effort,receive,sub,py_to_cpp,constrained_pub_only,exp,xcdr,shmem_ds,100000,10,0,measured,149,2026-09-09T14:23:24.205857Z,156997868054894,156997867876891,156997868054894,1788963804205715768,1788963804205763387,ok,
exp_constrained_pub_only_xcdr__py_to_cpp__100000B__10Hz__shmem_ds__best_effort,receive,sub,py_to_cpp,constrained_pub_only,exp,xcdr,shmem_ds,100000,10,0,measured,150,2026-09-09T14:23:24.305356Z,156997967553865,156997967404276,156997967553865,1788963804305242341,1788963804305285862,ok,
exp_constrained_pub_only_xcdr__py_to_cpp__100000B__10Hz__shmem_ds__best_effort,receive,sub,py_to_cpp,constrained_pub_only,exp,xcdr,shmem_ds,100000,10,0,measured,151,2026-09-09T14:23:24.406387Z,156998068585059,156998068461198,156998068585059,1788963804406292791,1788963804406326043,ok,
exp_constrained_pub_only_xcdr__py_to_cpp__100000B__10Hz__shmem_ds__best_effort,receive,sub,py_to_cpp,constrained_pub_only,exp,xcdr,shmem_ds,100000,10,0,measured,152,2026-09-09T14:23:24.506820Z,156998169018927,156998168874678,156998169018927,1788963804506704197,1788963804506743581,ok,
exp_constrained_pub_only_xcdr__py_to_cpp__100000B__10Hz__shmem_ds__best_effort,receive,sub,py_to_cpp,constrained_pub_only,exp,xcdr,shmem_ds,100000,10,0,measured,153,2026-09-09T14:23:24.606821Z,156998269019276,156998268867772,156998269019276,1788963804606696570,1788963804606738990,ok,
exp_constrained_pub_only_xcdr__py_to_cpp__100000B__10Hz__shmem_ds__best_effort,receive,sub,py_to_cpp,constrained_pub_only,exp,xcdr,shmem_ds,100000,10,0,measured,154,2026-09-09T14:23:24.706741Z,156998368938672,156998368794633,156998368938672,1788963804706641555,1788963804706675518,ok,
exp_constrained_pub_only_xcdr__py_to_cpp__100000B__10Hz__shmem_ds__best_effort,receive,sub,py_to_cpp,constrained_pub_only,exp,xcdr,shmem_ds,100000,10,0,measured,155,2026-09-09T14:23:24.805945Z,156998468143434,156998467992181,156998468143434,1788963804805841167,1788963804805880020,ok,
exp_constrained_pub_only_xcdr__py_to_cpp__100000B__10Hz__shmem_ds__best_effort,receive,sub,py_to_cpp,constrained_pub_only,exp,xcdr,shmem_ds,100000,10,0,measured,156,2026-09-09T14:23:24.905148Z,156998567346753,156998567220708,156998567346753,1788963804905051129,1788963804905086154,ok,
exp_constrained_pub_only_xcdr__py_to_cpp__100000B__10Hz__shmem_ds__best_effort,receive,sub,py_to_cpp,constrained_pub_only,exp,xcdr,shmem_ds,100000,10,0,measured,157,2026-09-09T14:23:25.004856Z,156998667054445,156998666920384,156998667054445,1788963805004749753,1788963805004784137,ok,
exp_constrained_pub_only_xcdr__py_to_cpp__100000B__10Hz__shmem_ds__best_effort,receive,sub,py_to_cpp,constrained_pub_only,exp,xcdr,shmem_ds,100000,10,0,measured,158,2026-09-09T14:23:25.105111Z,156998767309955,156998767149175,156998767309955,1788963805104984986,1788963805105027806,ok,
exp_constrained_pub_only_xcdr__py_to_cpp__100000B__10Hz__shmem_ds__best_effort,receive,sub,py_to_cpp,constrained_pub_only,exp,xcdr,shmem_ds,100000,10,0,measured,159,2026-09-09T14:23:25.204466Z,156998866664292,156998866538296,156998866664292,1788963805204365100,1788963805204400006,ok,
exp_constrained_pub_only_xcdr__py_to_cpp__100000B__10Hz__shmem_ds__best_effort,receive,sub,py_to_cpp,constrained_pub_only,exp,xcdr,shmem_ds,100000,10,0,measured,160,2026-09-09T14:23:25.304063Z,156998966260400,156998966103417,156998966260400,1788963805303940530,1788963805303977730,ok,
exp_constrained_pub_only_xcdr__py_to_cpp__100000B__10Hz__shmem_ds__best_effort,receive,sub,py_to_cpp,constrained_pub_only,exp,xcdr,shmem_ds,100000,10,0,measured,161,2026-09-09T14:23:25.403186Z,156999065384457,156999065241019,156999065384457,1788963805403076770,1788963805403120451,ok,
exp_constrained_pub_only_xcdr__py_to_cpp__100000B__10Hz__shmem_ds__best_effort,receive,sub,py_to_cpp,constrained_pub_only,exp,xcdr,shmem_ds,100000,10,0,measured,162,2026-09-09T14:23:25.503831Z,156999166028523,156999165833058,156999166028523,1788963805503688946,1788963805503736165,ok,
exp_constrained_pub_only_xcdr__py_to_cpp__100000B__10Hz__shmem_ds__best_effort,receive,sub,py_to_cpp,constrained_pub_only,exp,xcdr,shmem_ds,100000,10,0,measured,163,2026-09-09T14:23:25.602893Z,156999265091055,156999264921017,156999265091055,1788963805602757940,1788963805602811981,ok,
exp_constrained_pub_only_xcdr__py_to_cpp__100000B__10Hz__shmem_ds__best_effort,receive,sub,py_to_cpp,constrained_pub_only,exp,xcdr,shmem_ds,100000,10,0,measured,164,2026-09-09T14:23:25.703671Z,156999365868991,156999365724812,156999365868991,1788963805703556736,1788963805703599766,ok,
exp_constrained_pub_only_xcdr__py_to_cpp__100000B__10Hz__shmem_ds__best_effort,receive,sub,py_to_cpp,constrained_pub_only,exp,xcdr,shmem_ds,100000,10,0,measured,165,2026-09-09T14:23:25.804537Z,156999466733539,156999466575975,156999466733539,1788963805804413990,1788963805804463252,ok,
exp_constrained_pub_only_xcdr__py_to_cpp__100000B__10Hz__shmem_ds__best_effort,receive,sub,py_to_cpp,constrained_pub_only,exp,xcdr,shmem_ds,100000,10,0,measured,166,2026-09-09T14:23:25.903692Z,156999565888904,156999565704810,156999565888904,1788963805903551071,1788963805903605132,ok,
exp_constrained_pub_only_xcdr__py_to_cpp__100000B__10Hz__shmem_ds__best_effort,receive,sub,py_to_cpp,constrained_pub_only,exp,xcdr,shmem_ds,100000,10,0,measured,167,2026-09-09T14:23:26.003032Z,156999665231178,156999665106165,156999665231178,1788963806002942256,1788963806002978123,ok,
exp_constrained_pub_only_xcdr__py_to_cpp__100000B__10Hz__shmem_ds__best_effort,receive,sub,py_to_cpp,constrained_pub_only,exp,xcdr,shmem_ds,100000,10,0,measured,168,2026-09-09T14:23:26.103403Z,156999765601298,156999765453763,156999765601298,1788963806103287800,1788963806103330841,ok,
exp_constrained_pub_only_xcdr__py_to_cpp__100000B__10Hz__shmem_ds__best_effort,receive,sub,py_to_cpp,constrained_pub_only,exp,xcdr,shmem_ds,100000,10,0,measured,169,2026-09-09T14:23:26.202779Z,156999864977251,156999864856886,156999864977251,1788963806202684682,1788963806202724036,ok,
exp_constrained_pub_only_xcdr__py_to_cpp__100000B__10Hz__shmem_ds__best_effort,receive,sub,py_to_cpp,constrained_pub_only,exp,xcdr,shmem_ds,100000,10,0,measured,170,2026-09-09T14:23:26.302082Z,156999964280257,156999964127872,156999964280257,1788963806301963703,1788963806302003808,ok,
exp_constrained_pub_only_xcdr__py_to_cpp__100000B__10Hz__shmem_ds__best_effort,receive,sub,py_to_cpp,constrained_pub_only,exp,xcdr,shmem_ds,100000,10,0,measured,171,2026-09-09T14:23:26.402980Z,157000065178674,157000065027281,157000065178674,1788963806402864826,1788963806402905361,ok,
exp_constrained_pub_only_xcdr__py_to_cpp__100000B__10Hz__shmem_ds__best_effort,receive,sub,py_to_cpp,constrained_pub_only,exp,xcdr,shmem_ds,100000,10,0,measured,172,2026-09-09T14:23:26.503200Z,157000165398303,157000165220190,157000165398303,1788963806503081809,1788963806503124469,ok,
exp_constrained_pub_only_xcdr__py_to_cpp__100000B__10Hz__shmem_ds__best_effort,receive,sub,py_to_cpp,constrained_pub_only,exp,xcdr,shmem_ds,100000,10,0,measured,173,2026-09-09T14:23:26.603004Z,157000265202616,157000265054559,157000265202616,1788963806602888346,1788963806602928261,ok,
exp_constrained_pub_only_xcdr__py_to_cpp__100000B__10Hz__shmem_ds__best_effort,receive,sub,py_to_cpp,constrained_pub_only,exp,xcdr,shmem_ds,100000,10,0,measured,174,2026-09-09T14:23:26.703618Z,157000365808116,157000365671631,157000365808116,1788963806703507081,1788963806703545092,ok,
exp_constrained_pub_only_xcdr__py_to_cpp__100000B__10Hz__shmem_ds__best_effort,receive,sub,py_to_cpp,constrained_pub_only,exp,xcdr,shmem_ds,100000,10,0,measured,175,2026-09-09T14:23:26.804274Z,157000466471925,157000466311144,157000466471925,1788963806804167213,1788963806804211395,ok,
exp_constrained_pub_only_xcdr__py_to_cpp__100000B__10Hz__shmem_ds__best_effort,receive,sub,py_to_cpp,constrained_pub_only,exp,xcdr,shmem_ds,100000,10,0,measured,176,2026-09-09T14:23:26.903659Z,157000565858006,157000565700872,157000565858006,1788963806903540430,1788963806903581858,ok,
exp_constrained_pub_only_xcdr__py_to_cpp__100000B__10Hz__shmem_ds__best_effort,receive,sub,py_to_cpp,constrained_pub_only,exp,xcdr,shmem_ds,100000,10,0,measured,177,2026-09-09T14:23:27.002823Z,157000665022093,157000664867915,157000665022093,1788963807002702002,1788963807002742548,ok,
exp_constrained_pub_only_xcdr__py_to_cpp__100000B__10Hz__shmem_ds__best_effort,receive,sub,py_to_cpp,constrained_pub_only,exp,xcdr,shmem_ds,100000,10,0,measured,178,2026-09-09T14:23:27.102655Z,157000764852840,157000764697580,157000764852840,1788963807102532910,1788963807102578666,ok,
exp_constrained_pub_only_xcdr__py_to_cpp__100000B__10Hz__shmem_ds__best_effort,receive,sub,py_to_cpp,constrained_pub_only,exp,xcdr,shmem_ds,100000,10,0,measured,179,2026-09-09T14:23:27.202767Z,157000864964432,157000864771602,157000864964432,1788963807202615197,1788963807202678005,ok,
exp_constrained_pub_only_xcdr__py_to_cpp__100000B__10Hz__shmem_ds__best_effort,receive,sub,py_to_cpp,constrained_pub_only,exp,xcdr,shmem_ds,100000,10,0,measured,180,2026-09-09T14:23:27.302337Z,157000964535786,157000964382499,157000964535786,1788963807302216667,1788963807302260379,ok,
exp_constrained_pub_only_xcdr__py_to_cpp__100000B__10Hz__shmem_ds__best_effort,receive,sub,py_to_cpp,constrained_pub_only,exp,xcdr,shmem_ds,100000,10,0,measured,181,2026-09-09T14:23:27.403148Z,157001065345402,157001065172038,157001065345402,1788963807403021695,1788963807403091736,ok,
exp_constrained_pub_only_xcdr__py_to_cpp__100000B__10Hz__shmem_ds__best_effort,receive,sub,py_to_cpp,constrained_pub_only,exp,xcdr,shmem_ds,100000,10,0,measured,182,2026-09-09T14:23:27.503152Z,157001165350035,157001165213510,157001165350035,1788963807503044351,1788963807503083344,ok,
exp_constrained_pub_only_xcdr__py_to_cpp__100000B__10Hz__shmem_ds__best_effort,receive,sub,py_to_cpp,constrained_pub_only,exp,xcdr,shmem_ds,100000,10,0,measured,183,2026-09-09T14:23:27.604229Z,157001266427612,157001266283002,157001266427612,1788963807604120646,1788963807604163156,ok,
exp_constrained_pub_only_xcdr__py_to_cpp__100000B__10Hz__shmem_ds__best_effort,receive,sub,py_to_cpp,constrained_pub_only,exp,xcdr,shmem_ds,100000,10,0,measured,184,2026-09-09T14:23:27.703407Z,157001365605620,157001365464877,157001365605620,1788963807703300087,1788963807703345542,ok,
exp_constrained_pub_only_xcdr__py_to_cpp__100000B__10Hz__shmem_ds__best_effort,receive,sub,py_to_cpp,constrained_pub_only,exp,xcdr,shmem_ds,100000,10,0,measured,185,2026-09-09T14:23:27.803282Z,157001465479398,157001465330620,157001465479398,1788963807803169627,1788963807803217767,ok,
exp_constrained_pub_only_xcdr__py_to_cpp__100000B__10Hz__shmem_ds__best_effort,receive,sub,py_to_cpp,constrained_pub_only,exp,xcdr,shmem_ds,100000,10,0,measured,186,2026-09-09T14:23:27.902886Z,157001565083282,157001564929284,157001565083282,1788963807902763081,1788963807902814167,ok,
exp_constrained_pub_only_xcdr__py_to_cpp__100000B__10Hz__shmem_ds__best_effort,receive,sub,py_to_cpp,constrained_pub_only,exp,xcdr,shmem_ds,100000,10,0,measured,187,2026-09-09T14:23:28.003884Z,157001666081351,157001665884022,157001666081351,1788963808003730843,1788963808003787710,ok,
exp_constrained_pub_only_xcdr__py_to_cpp__100000B__10Hz__shmem_ds__best_effort,receive,sub,py_to_cpp,constrained_pub_only,exp,xcdr,shmem_ds,100000,10,0,measured,188,2026-09-09T14:23:28.103091Z,157001765289871,157001765159056,157001765289871,1788963808102993134,1788963808103029823,ok,
exp_constrained_pub_only_xcdr__py_to_cpp__100000B__10Hz__shmem_ds__best_effort,receive,sub,py_to_cpp,constrained_pub_only,exp,xcdr,shmem_ds,100000,10,0,measured,189,2026-09-09T14:23:28.202582Z,157001864780458,157001864628334,157001864780458,1788963808202464225,1788963808202504661,ok,
exp_constrained_pub_only_xcdr__py_to_cpp__100000B__10Hz__shmem_ds__best_effort,receive,sub,py_to_cpp,constrained_pub_only,exp,xcdr,shmem_ds,100000,10,0,measured,190,2026-09-09T14:23:28.302333Z,157001964531833,157001964394276,157001964531833,1788963808302224457,1788963808302262638,ok,
exp_constrained_pub_only_xcdr__py_to_cpp__100000B__10Hz__shmem_ds__best_effort,receive,sub,py_to_cpp,constrained_pub_only,exp,xcdr,shmem_ds,100000,10,0,measured,191,2026-09-09T14:23:28.402323Z,157002064521153,157002064368026,157002064521153,1788963808402206853,1788963808402252538,ok,
exp_constrained_pub_only_xcdr__py_to_cpp__100000B__10Hz__shmem_ds__best_effort,receive,sub,py_to_cpp,constrained_pub_only,exp,xcdr,shmem_ds,100000,10,0,measured,192,2026-09-09T14:23:28.501723Z,157002163921572,157002163801127,157002163921572,1788963808501630546,1788963808501667174,ok,
exp_constrained_pub_only_xcdr__py_to_cpp__100000B__10Hz__shmem_ds__best_effort,receive,sub,py_to_cpp,constrained_pub_only,exp,xcdr,shmem_ds,100000,10,0,measured,193,2026-09-09T14:23:28.601395Z,157002263592817,157002263420705,157002263592817,1788963808601265743,1788963808601311398,ok,
exp_constrained_pub_only_xcdr__py_to_cpp__100000B__10Hz__shmem_ds__best_effort,receive,sub,py_to_cpp,constrained_pub_only,exp,xcdr,shmem_ds,100000,10,0,measured,194,2026-09-09T14:23:28.702193Z,157002364390968,157002364219076,157002364390968,1788963808702058835,1788963808702109930,ok,
exp_constrained_pub_only_xcdr__py_to_cpp__100000B__10Hz__shmem_ds__best_effort,receive,sub,py_to_cpp,constrained_pub_only,exp,xcdr,shmem_ds,100000,10,0,measured,195,2026-09-09T14:23:28.801984Z,157002464181986,157002464041043,157002464181986,1788963808801871965,1788963808801912701,ok,
exp_constrained_pub_only_xcdr__py_to_cpp__100000B__10Hz__shmem_ds__best_effort,receive,sub,py_to_cpp,constrained_pub_only,exp,xcdr,shmem_ds,100000,10,0,measured,196,2026-09-09T14:23:28.902744Z,157002564942126,157002564803778,157002564942126,1788963808902635130,1788963808902678962,ok,
exp_constrained_pub_only_xcdr__py_to_cpp__100000B__10Hz__shmem_ds__best_effort,receive,sub,py_to_cpp,constrained_pub_only,exp,xcdr,shmem_ds,100000,10,0,measured,197,2026-09-09T14:23:29.002764Z,157002664961893,157002664837460,157002664961893,1788963809002669454,1788963809002708607,ok,
exp_constrained_pub_only_xcdr__py_to_cpp__100000B__10Hz__shmem_ds__best_effort,receive,sub,py_to_cpp,constrained_pub_only,exp,xcdr,shmem_ds,100000,10,0,measured,198,2026-09-09T14:23:29.102124Z,157002764321901,157002764133188,157002764321901,1788963809101978326,1788963809102032117,ok,
exp_constrained_pub_only_xcdr__py_to_cpp__100000B__10Hz__shmem_ds__best_effort,receive,sub,py_to_cpp,constrained_pub_only,exp,xcdr,shmem_ds,100000,10,0,measured,199,2026-09-09T14:23:29.202977Z,157002865175390,157002865023978,157002865175390,1788963809202857544,1788963809202902138,ok,
exp_constrained_pub_only_xcdr__py_to_cpp__100000B__10Hz__shmem_ds__best_effort,receive,sub,py_to_cpp,constrained_pub_only,exp,xcdr,shmem_ds,100000,10,0,measured,200,2026-09-09T14:23:29.303634Z,157002965832032,157002965689706,157002965832032,1788963809303524285,1788963809303569369,ok,
exp_constrained_pub_only_xcdr__py_to_cpp__100000B__10Hz__shmem_ds__best_effort,receive,sub,py_to_cpp,constrained_pub_only,exp,xcdr,shmem_ds,100000,10,0,measured,201,2026-09-09T14:23:29.404497Z,157003066694609,157003066583121,157003066694609,1788963809404415114,1788963809404453045,ok,
exp_constrained_pub_only_xcdr__py_to_cpp__100000B__10Hz__shmem_ds__best_effort,receive,sub,py_to_cpp,constrained_pub_only,exp,xcdr,shmem_ds,100000,10,0,measured,202,2026-09-09T14:23:29.505584Z,157003167782216,157003167583945,157003167782216,1788963809505445054,1788963809505517739,ok,
exp_constrained_pub_only_xcdr__py_to_cpp__100000B__10Hz__shmem_ds__best_effort,receive,sub,py_to_cpp,constrained_pub_only,exp,xcdr,shmem_ds,100000,10,0,measured,203,2026-09-09T14:23:29.606205Z,157003268402860,157003268256687,157003268402860,1788963809606090905,1788963809606135929,ok,
exp_constrained_pub_only_xcdr__py_to_cpp__100000B__10Hz__shmem_ds__best_effort,receive,sub,py_to_cpp,constrained_pub_only,exp,xcdr,shmem_ds,100000,10,0,measured,204,2026-09-09T14:23:29.705904Z,157003368101212,157003367885869,157003368101212,1788963809705729886,1788963809705785490,ok,
exp_constrained_pub_only_xcdr__py_to_cpp__100000B__10Hz__shmem_ds__best_effort,receive,sub,py_to_cpp,constrained_pub_only,exp,xcdr,shmem_ds,100000,10,0,measured,205,2026-09-09T14:23:29.805552Z,157003467750050,157003467571877,157003467750050,1788963809805428487,1788963809805476627,ok,
exp_constrained_pub_only_xcdr__py_to_cpp__100000B__10Hz__shmem_ds__best_effort,receive,sub,py_to_cpp,constrained_pub_only,exp,xcdr,shmem_ds,100000,10,0,measured,206,2026-09-09T14:23:29.904846Z,157003567044306,157003566907631,157003567044306,1788963809904736869,1788963809904776313,ok,
exp_constrained_pub_only_xcdr__py_to_cpp__100000B__10Hz__shmem_ds__best_effort,receive,sub,py_to_cpp,constrained_pub_only,exp,xcdr,shmem_ds,100000,10,0,measured,207,2026-09-09T14:23:30.004582Z,157003666780127,157003666666244,157003666780127,1788963810004496335,1788963810004530609,ok,
exp_constrained_pub_only_xcdr__py_to_cpp__100000B__10Hz__shmem_ds__best_effort,receive,sub,py_to_cpp,constrained_pub_only,exp,xcdr,shmem_ds,100000,10,0,measured,208,2026-09-09T14:23:30.103934Z,157003766131956,157003765958963,157003766131956,1788963810103813078,1788963810103861078,ok,
exp_constrained_pub_only_xcdr__py_to_cpp__100000B__10Hz__shmem_ds__best_effort,receive,sub,py_to_cpp,constrained_pub_only,exp,xcdr,shmem_ds,100000,10,0,measured,209,2026-09-09T14:23:30.203528Z,157003865726108,157003865591787,157003865726108,1788963810203422057,1788963810203460579,ok,
exp_constrained_pub_only_xcdr__py_to_cpp__100000B__10Hz__shmem_ds__best_effort,receive,sub,py_to_cpp,constrained_pub_only,exp,xcdr,shmem_ds,100000,10,0,measured,210,2026-09-09T14:23:30.304628Z,157003966826935,157003966697373,157003966826935,1788963810304528816,1788963810304570013,ok,
exp_constrained_pub_only_xcdr__py_to_cpp__100000B__10Hz__shmem_ds__best_effort,receive,sub,py_to_cpp,constrained_pub_only,exp,xcdr,shmem_ds,100000,10,0,measured,211,2026-09-09T14:23:30.404197Z,157004066395179,157004066243104,157004066395179,1788963810404085077,1788963810404127366,ok,
exp_constrained_pub_only_xcdr__py_to_cpp__100000B__10Hz__shmem_ds__best_effort,receive,sub,py_to_cpp,constrained_pub_only,exp,xcdr,shmem_ds,100000,10,0,measured,212,2026-09-09T14:23:30.504725Z,157004166922975,157004166771061,157004166922975,1788963810504608315,1788963810504649542,ok,
exp_constrained_pub_only_xcdr__py_to_cpp__100000B__10Hz__shmem_ds__best_effort,receive,sub,py_to_cpp,constrained_pub_only,exp,xcdr,shmem_ds,100000,10,0,measured,213,2026-09-09T14:23:30.604653Z,157004266851692,157004266677637,157004266851692,1788963810604529007,1788963810604571827,ok,
exp_constrained_pub_only_xcdr__py_to_cpp__100000B__10Hz__shmem_ds__best_effort,receive,sub,py_to_cpp,constrained_pub_only,exp,xcdr,shmem_ds,100000,10,0,measured,214,2026-09-09T14:23:30.704485Z,157004366682606,157004366511546,157004366682606,1788963810704353228,1788963810704399314,ok,
exp_constrained_pub_only_xcdr__py_to_cpp__100000B__10Hz__shmem_ds__best_effort,receive,sub,py_to_cpp,constrained_pub_only,exp,xcdr,shmem_ds,100000,10,0,measured,215,2026-09-09T14:23:30.805359Z,157004467555006,157004467374990,157004467555006,1788963810805215800,1788963810805256416,ok,
exp_constrained_pub_only_xcdr__py_to_cpp__100000B__10Hz__shmem_ds__best_effort,receive,sub,py_to_cpp,constrained_pub_only,exp,xcdr,shmem_ds,100000,10,0,measured,216,2026-09-09T14:23:30.906339Z,157004568537523,157004568397431,157004568537523,1788963810906235777,1788963810906275731,ok,
exp_constrained_pub_only_xcdr__py_to_cpp__100000B__10Hz__shmem_ds__best_effort,receive,sub,py_to_cpp,constrained_pub_only,exp,xcdr,shmem_ds,100000,10,0,measured,217,2026-09-09T14:23:31.006371Z,157004668568581,157004668430273,157004668568581,1788963811006265563,1788963811006305658,ok,
exp_constrained_pub_only_xcdr__py_to_cpp__100000B__10Hz__shmem_ds__best_effort,receive,sub,py_to_cpp,constrained_pub_only,exp,xcdr,shmem_ds,100000,10,0,measured,218,2026-09-09T14:23:31.106734Z,157004768932467,157004768815098,157004768932467,1788963811106646120,1788963811106676837,ok,
exp_constrained_pub_only_xcdr__py_to_cpp__100000B__10Hz__shmem_ds__best_effort,receive,sub,py_to_cpp,constrained_pub_only,exp,xcdr,shmem_ds,100000,10,0,measured,219,2026-09-09T14:23:31.206270Z,157004868467093,157004868276467,157004868467093,1788963811206123459,1788963811206182639,ok,
exp_constrained_pub_only_xcdr__py_to_cpp__100000B__10Hz__shmem_ds__best_effort,receive,sub,py_to_cpp,constrained_pub_only,exp,xcdr,shmem_ds,100000,10,0,measured,220,2026-09-09T14:23:31.305613Z,157004967810612,157004967689726,157004967810612,1788963811305517051,1788963811305556224,ok,
exp_constrained_pub_only_xcdr__py_to_cpp__100000B__10Hz__shmem_ds__best_effort,receive,sub,py_to_cpp,constrained_pub_only,exp,xcdr,shmem_ds,100000,10,0,measured,221,2026-09-09T14:23:31.406572Z,157005068770060,157005068643834,157005068770060,1788963811406474456,1788963811406513519,ok,
exp_constrained_pub_only_xcdr__py_to_cpp__100000B__10Hz__shmem_ds__best_effort,receive,sub,py_to_cpp,constrained_pub_only,exp,xcdr,shmem_ds,100000,10,0,measured,222,2026-09-09T14:23:31.506974Z,157005169172368,157005168997721,157005169172368,1788963811506871704,1788963811506909615,ok,
exp_constrained_pub_only_xcdr__py_to_cpp__100000B__10Hz__shmem_ds__best_effort,receive,sub,py_to_cpp,constrained_pub_only,exp,xcdr,shmem_ds,100000,10,0,measured,223,2026-09-09T14:23:31.607162Z,157005269360505,157005269170330,157005269360505,1788963811607019696,1788963811607067265,ok,
exp_constrained_pub_only_xcdr__py_to_cpp__100000B__10Hz__shmem_ds__best_effort,receive,sub,py_to_cpp,constrained_pub_only,exp,xcdr,shmem_ds,100000,10,0,measured,224,2026-09-09T14:23:31.707391Z,157005369589639,157005369449146,157005369589639,1788963811707283224,1788963811707322878,ok,
exp_constrained_pub_only_xcdr__py_to_cpp__100000B__10Hz__shmem_ds__best_effort,receive,sub,py_to_cpp,constrained_pub_only,exp,xcdr,shmem_ds,100000,10,0,measured,225,2026-09-09T14:23:31.807950Z,157005470147888,157005469908771,157005470147888,1788963811807777033,1788963811807842725,ok,
exp_constrained_pub_only_xcdr__py_to_cpp__100000B__10Hz__shmem_ds__best_effort,receive,sub,py_to_cpp,constrained_pub_only,exp,xcdr,shmem_ds,100000,10,0,measured,226,2026-09-09T14:23:31.906632Z,157005568830361,157005568690820,157005568830361,1788963811906526802,1788963811906567087,ok,
exp_constrained_pub_only_xcdr__py_to_cpp__100000B__10Hz__shmem_ds__best_effort,receive,sub,py_to_cpp,constrained_pub_only,exp,xcdr,shmem_ds,100000,10,0,measured,227,2026-09-09T14:23:32.006679Z,157005668877024,157005668733606,157005668877024,1788963812006569147,1788963812006607999,ok,
exp_constrained_pub_only_xcdr__py_to_cpp__100000B__10Hz__shmem_ds__best_effort,receive,sub,py_to_cpp,constrained_pub_only,exp,xcdr,shmem_ds,100000,10,0,measured,228,2026-09-09T14:23:32.107303Z,157005769501212,157005769402087,157005769501212,1788963812107228881,1788963812107256683,ok,
exp_constrained_pub_only_xcdr__py_to_cpp__100000B__10Hz__shmem_ds__best_effort,receive,sub,py_to_cpp,constrained_pub_only,exp,xcdr,shmem_ds,100000,10,0,measured,229,2026-09-09T14:23:32.206623Z,157005868820742,157005868697050,157005868820742,1788963812206526920,1788963812206559281,ok,
exp_constrained_pub_only_xcdr__py_to_cpp__100000B__10Hz__shmem_ds__best_effort,receive,sub,py_to_cpp,constrained_pub_only,exp,xcdr,shmem_ds,100000,10,0,measured,230,2026-09-09T14:23:32.307462Z,157005969660242,157005969552050,157005969660242,1788963812307381429,1788963812307408940,ok,
exp_constrained_pub_only_xcdr__py_to_cpp__100000B__10Hz__shmem_ds__best_effort,receive,sub,py_to_cpp,constrained_pub_only,exp,xcdr,shmem_ds,100000,10,0,measured,231,2026-09-09T14:23:32.406942Z,157006069126395,157006068931341,157006069126395,1788963812406771950,1788963812406833856,ok,
exp_constrained_pub_only_xcdr__py_to_cpp__100000B__10Hz__shmem_ds__best_effort,receive,sub,py_to_cpp,constrained_pub_only,exp,xcdr,shmem_ds,100000,10,0,measured,232,2026-09-09T14:23:32.506201Z,157006168398897,157006168219371,157006168398897,1788963812506073596,1788963812506119392,ok,
exp_constrained_pub_only_xcdr__py_to_cpp__100000B__10Hz__shmem_ds__best_effort,receive,sub,py_to_cpp,constrained_pub_only,exp,xcdr,shmem_ds,100000,10,0,measured,233,2026-09-09T14:23:32.606392Z,157006268590035,157006268439814,157006268590035,1788963812606274503,1788963812606315780,ok,
exp_constrained_pub_only_xcdr__py_to_cpp__100000B__10Hz__shmem_ds__best_effort,receive,sub,py_to_cpp,constrained_pub_only,exp,xcdr,shmem_ds,100000,10,0,measured,234,2026-09-09T14:23:32.706687Z,157006368884797,157006368737261,157006368884797,1788963812706582720,1788963812706622504,ok,
exp_constrained_pub_only_xcdr__py_to_cpp__100000B__10Hz__shmem_ds__best_effort,receive,sub,py_to_cpp,constrained_pub_only,exp,xcdr,shmem_ds,100000,10,0,measured,235,2026-09-09T14:23:32.806083Z,157006468281049,157006468155254,157006468281049,1788963812805984814,1788963812806020801,ok,
exp_constrained_pub_only_xcdr__py_to_cpp__100000B__10Hz__shmem_ds__best_effort,receive,sub,py_to_cpp,constrained_pub_only,exp,xcdr,shmem_ds,100000,10,0,measured,236,2026-09-09T14:23:32.905392Z,157006567590821,157006567458203,157006567590821,1788963812905290628,1788963812905329580,ok,
exp_constrained_pub_only_xcdr__py_to_cpp__100000B__10Hz__shmem_ds__best_effort,receive,sub,py_to_cpp,constrained_pub_only,exp,xcdr,shmem_ds,100000,10,0,measured,237,2026-09-09T14:23:33.006159Z,157006668356943,157006668223895,157006668356943,1788963813006066198,1788963813006102125,ok,
exp_constrained_pub_only_xcdr__py_to_cpp__100000B__10Hz__shmem_ds__best_effort,receive,sub,py_to_cpp,constrained_pub_only,exp,xcdr,shmem_ds,100000,10,0,measured,238,2026-09-09T14:23:33.105498Z,157006767696856,157006767592912,157006767696856,1788963813105419746,1788963813105448830,ok,
exp_constrained_pub_only_xcdr__py_to_cpp__100000B__10Hz__shmem_ds__best_effort,receive,sub,py_to_cpp,constrained_pub_only,exp,xcdr,shmem_ds,100000,10,0,measured,239,2026-09-09T14:23:33.205696Z,157006867894472,157006867794805,157006867894472,1788963813205619516,1788963813205647889,ok,
exp_constrained_pub_only_xcdr__py_to_cpp__100000B__10Hz__shmem_ds__best_effort,receive,sub,py_to_cpp,constrained_pub_only,exp,xcdr,shmem_ds,100000,10,0,measured,240,2026-09-09T14:23:33.305898Z,157006968096405,157006968013200,157006968096405,1788963813305838050,1788963813305859911,ok,
exp_constrained_pub_only_xcdr__py_to_cpp__100000B__10Hz__shmem_ds__best_effort,receive,sub,py_to_cpp,constrained_pub_only,exp,xcdr,shmem_ds,100000,10,0,measured,241,2026-09-09T14:23:33.405890Z,157007068087996,157007067950018,157007068087996,1788963813405778615,1788963813405835141,ok,
exp_constrained_pub_only_xcdr__py_to_cpp__100000B__10Hz__shmem_ds__best_effort,receive,sub,py_to_cpp,constrained_pub_only,exp,xcdr,shmem_ds,100000,10,0,measured,242,2026-09-09T14:23:33.506066Z,157007168264492,157007168138366,157007168264492,1788963813505970470,1788963813506008151,ok,
exp_constrained_pub_only_xcdr__py_to_cpp__100000B__10Hz__shmem_ds__best_effort,receive,sub,py_to_cpp,constrained_pub_only,exp,xcdr,shmem_ds,100000,10,0,measured,243,2026-09-09T14:23:33.606110Z,157007268307980,157007268189779,157007268307980,1788963813606019518,1788963813606052720,ok,
exp_constrained_pub_only_xcdr__py_to_cpp__100000B__10Hz__shmem_ds__best_effort,receive,sub,py_to_cpp,constrained_pub_only,exp,xcdr,shmem_ds,100000,10,0,measured,244,2026-09-09T14:23:33.707129Z,157007369327241,157007369201286,157007369327241,1788963813707046354,1788963813707076089,ok,
exp_constrained_pub_only_xcdr__py_to_cpp__100000B__10Hz__shmem_ds__best_effort,receive,sub,py_to_cpp,constrained_pub_only,exp,xcdr,shmem_ds,100000,10,0,measured,245,2026-09-09T14:23:33.806392Z,157007468590260,157007468446642,157007468590260,1788963813806282663,1788963813806322678,ok,
exp_constrained_pub_only_xcdr__py_to_cpp__100000B__10Hz__shmem_ds__best_effort,receive,sub,py_to_cpp,constrained_pub_only,exp,xcdr,shmem_ds,100000,10,0,measured,246,2026-09-09T14:23:33.906866Z,157007569064072,157007568894846,157007569064072,1788963813906730597,1788963813906780981,ok,
exp_constrained_pub_only_xcdr__py_to_cpp__100000B__10Hz__shmem_ds__best_effort,receive,sub,py_to_cpp,constrained_pub_only,exp,xcdr,shmem_ds,100000,10,0,measured,247,2026-09-09T14:23:34.006639Z,157007668836393,157007668645556,157007668836393,1788963814006495935,1788963814006550927,ok,
exp_constrained_pub_only_xcdr__py_to_cpp__100000B__10Hz__shmem_ds__best_effort,receive,sub,py_to_cpp,constrained_pub_only,exp,xcdr,shmem_ds,100000,10,0,measured,248,2026-09-09T14:23:34.106232Z,157007768429835,157007768281628,157007768429835,1788963814106118501,1788963814106159007,ok,
exp_constrained_pub_only_xcdr__py_to_cpp__100000B__10Hz__shmem_ds__best_effort,receive,sub,py_to_cpp,constrained_pub_only,exp,xcdr,shmem_ds,100000,10,0,measured,249,2026-09-09T14:23:34.206532Z,157007868729276,157007868594815,157007868729276,1788963814206424324,1788963814206463668,ok,
exp_constrained_pub_only_xcdr__py_to_cpp__100000B__10Hz__shmem_ds__best_effort,receive,sub,py_to_cpp,constrained_pub_only,exp,xcdr,shmem_ds,100000,10,0,measured,250,2026-09-09T14:23:34.306244Z,157007968442192,157007968283345,157007968442192,1788963814306124015,1788963814306169259,ok,
exp_constrained_pub_only_xcdr__py_to_cpp__100000B__10Hz__shmem_ds__best_effort,receive,sub,py_to_cpp,constrained_pub_only,exp,xcdr,shmem_ds,100000,10,0,measured,251,2026-09-09T14:23:34.405669Z,157008067867349,157008067728760,157008067867349,1788963814405563279,1788963814405605247,ok,
exp_constrained_pub_only_xcdr__py_to_cpp__100000B__10Hz__shmem_ds__best_effort,receive,sub,py_to_cpp,constrained_pub_only,exp,xcdr,shmem_ds,100000,10,0,measured,252,2026-09-09T14:23:34.506437Z,157008168635166,157008168466991,157008168635166,1788963814506321157,1788963814506371451,ok,
exp_constrained_pub_only_xcdr__py_to_cpp__100000B__10Hz__shmem_ds__best_effort,receive,sub,py_to_cpp,constrained_pub_only,exp,xcdr,shmem_ds,100000,10,0,measured,253,2026-09-09T14:23:34.605474Z,157008267671437,157008267534681,157008267671437,1788963814605371334,1788963814605404526,ok,
exp_constrained_pub_only_xcdr__py_to_cpp__100000B__10Hz__shmem_ds__best_effort,receive,sub,py_to_cpp,constrained_pub_only,exp,xcdr,shmem_ds,100000,10,0,measured,254,2026-09-09T14:23:34.705406Z,157008367603822,157008367474280,157008367603822,1788963814705311103,1788963814705347200,ok,
exp_constrained_pub_only_xcdr__py_to_cpp__100000B__10Hz__shmem_ds__best_effort,receive,sub,py_to_cpp,constrained_pub_only,exp,xcdr,shmem_ds,100000,10,0,measured,255,2026-09-09T14:23:34.806087Z,157008468286128,157008468178577,157008468286128,1788963814806007275,1788963814806040116,ok,
exp_constrained_pub_only_xcdr__py_to_cpp__100000B__10Hz__shmem_ds__best_effort,receive,sub,py_to_cpp,constrained_pub_only,exp,xcdr,shmem_ds,100000,10,0,measured,256,2026-09-09T14:23:34.907105Z,157008569303511,157008569187124,157008569303511,1788963814907017415,1788963814907050797,ok,
exp_constrained_pub_only_xcdr__py_to_cpp__100000B__10Hz__shmem_ds__best_effort,receive,sub,py_to_cpp,constrained_pub_only,exp,xcdr,shmem_ds,100000,10,0,measured,257,2026-09-09T14:23:35.006375Z,157008668573498,157008668453904,157008668573498,1788963815006286178,1788963815006320503,ok,
exp_constrained_pub_only_xcdr__py_to_cpp__100000B__10Hz__shmem_ds__best_effort,receive,sub,py_to_cpp,constrained_pub_only,exp,xcdr,shmem_ds,100000,10,0,measured,258,2026-09-09T14:23:35.105570Z,157008767769023,157008767701296,157008767769023,1788963815105521468,1788963815105536616,ok,
exp_constrained_pub_only_xcdr__py_to_cpp__100000B__10Hz__shmem_ds__best_effort,receive,sub,py_to_cpp,constrained_pub_only,exp,xcdr,shmem_ds,100000,10,0,measured,259,2026-09-09T14:23:35.205126Z,157008867316795,157008867242667,157008867316795,1788963815205063830,1788963815205086352,ok,
exp_constrained_pub_only_xcdr__py_to_cpp__100000B__10Hz__shmem_ds__best_effort,receive,sub,py_to_cpp,constrained_pub_only,exp,xcdr,shmem_ds,100000,10,0,measured,260,2026-09-09T14:23:35.307450Z,157008969648831,157008969588398,157008969648831,1788963815307402919,1788963815307422255,ok,
exp_constrained_pub_only_xcdr__py_to_cpp__100000B__10Hz__shmem_ds__best_effort,receive,sub,py_to_cpp,constrained_pub_only,exp,xcdr,shmem_ds,100000,10,0,measured,261,2026-09-09T14:23:35.406998Z,157009069196022,157009069065428,157009069196022,1788963815406900969,1788963815406939501,ok,
exp_constrained_pub_only_xcdr__py_to_cpp__100000B__10Hz__shmem_ds__best_effort,receive,sub,py_to_cpp,constrained_pub_only,exp,xcdr,shmem_ds,100000,10,0,measured,262,2026-09-09T14:23:35.507606Z,157009169803955,157009169715359,157009169803955,1788963815507538186,1788963815507560878,ok,
exp_constrained_pub_only_xcdr__py_to_cpp__100000B__10Hz__shmem_ds__best_effort,receive,sub,py_to_cpp,constrained_pub_only,exp,xcdr,shmem_ds,100000,10,0,measured,263,2026-09-09T14:23:35.607443Z,157009269641668,157009269525972,157009269641668,1788963815607356894,1788963815607393452,ok,
exp_constrained_pub_only_xcdr__py_to_cpp__100000B__10Hz__shmem_ds__best_effort,receive,sub,py_to_cpp,constrained_pub_only,exp,xcdr,shmem_ds,100000,10,0,measured,264,2026-09-09T14:23:35.706593Z,157009368792289,157009368709574,157009368792289,1788963815706533443,1788963815706558189,ok,
exp_constrained_pub_only_xcdr__py_to_cpp__100000B__10Hz__shmem_ds__best_effort,receive,sub,py_to_cpp,constrained_pub_only,exp,xcdr,shmem_ds,100000,10,0,measured,265,2026-09-09T14:23:35.807210Z,157009469409319,157009469343045,157009469409319,1788963815807163517,1788963815807183284,ok,
exp_constrained_pub_only_xcdr__py_to_cpp__100000B__10Hz__shmem_ds__best_effort,receive,sub,py_to_cpp,constrained_pub_only,exp,xcdr,shmem_ds,100000,10,0,measured,266,2026-09-09T14:23:35.907874Z,157009570072045,157009569950989,157009570072045,1788963815907781390,1788963815907823208,ok,
exp_constrained_pub_only_xcdr__py_to_cpp__100000B__10Hz__shmem_ds__best_effort,receive,sub,py_to_cpp,constrained_pub_only,exp,xcdr,shmem_ds,100000,10,0,measured,267,2026-09-09T14:23:36.008312Z,157009670510482,157009670360912,157009670510482,1788963816008215929,1788963816008252417,ok,
exp_constrained_pub_only_xcdr__py_to_cpp__100000B__10Hz__shmem_ds__best_effort,receive,sub,py_to_cpp,constrained_pub_only,exp,xcdr,shmem_ds,100000,10,0,measured,268,2026-09-09T14:23:36.109302Z,157009771499321,157009771317331,157009771499321,1788963816109179221,1788963816109223293,ok,
exp_constrained_pub_only_xcdr__py_to_cpp__100000B__10Hz__shmem_ds__best_effort,receive,sub,py_to_cpp,constrained_pub_only,exp,xcdr,shmem_ds,100000,10,0,measured,269,2026-09-09T14:23:36.209247Z,157009871445764,157009871361576,157009871445764,1788963816209186357,1788963816209206003,ok,
exp_constrained_pub_only_xcdr__py_to_cpp__100000B__10Hz__shmem_ds__best_effort,receive,sub,py_to_cpp,constrained_pub_only,exp,xcdr,shmem_ds,100000,10,0,measured,270,2026-09-09T14:23:36.308239Z,157009970436810,157009970348255,157009970436810,1788963816308174608,1788963816308194235,ok,
exp_constrained_pub_only_xcdr__py_to_cpp__100000B__10Hz__shmem_ds__best_effort,receive,sub,py_to_cpp,constrained_pub_only,exp,xcdr,shmem_ds,100000,10,0,measured,271,2026-09-09T14:23:36.409460Z,157010071657193,157010071478439,157010071657193,1788963816409320732,1788963816409377699,ok,
exp_constrained_pub_only_xcdr__py_to_cpp__100000B__10Hz__shmem_ds__best_effort,receive,sub,py_to_cpp,constrained_pub_only,exp,xcdr,shmem_ds,100000,10,0,measured,272,2026-09-09T14:23:36.508543Z,157010170740583,157010170600802,157010170740583,1788963816508435421,1788963816508478000,ok,
exp_constrained_pub_only_xcdr__py_to_cpp__100000B__10Hz__shmem_ds__best_effort,receive,sub,py_to_cpp,constrained_pub_only,exp,xcdr,shmem_ds,100000,10,0,measured,273,2026-09-09T14:23:36.608978Z,157010271176661,157010271019968,157010271176661,1788963816608855819,1788963816608898449,ok,
exp_constrained_pub_only_xcdr__py_to_cpp__100000B__10Hz__shmem_ds__best_effort,receive,sub,py_to_cpp,constrained_pub_only,exp,xcdr,shmem_ds,100000,10,0,measured,274,2026-09-09T14:23:36.709974Z,157010372171242,157010371988381,157010372171242,1788963816709851863,1788963816709893511,ok,
exp_constrained_pub_only_xcdr__py_to_cpp__100000B__10Hz__shmem_ds__best_effort,receive,sub,py_to_cpp,constrained_pub_only,exp,xcdr,shmem_ds,100000,10,0,measured,275,2026-09-09T14:23:36.809107Z,157010471304805,157010471198947,157010471304805,1788963816809022325,1788963816809051319,ok,
exp_constrained_pub_only_xcdr__py_to_cpp__100000B__10Hz__shmem_ds__best_effort,receive,sub,py_to_cpp,constrained_pub_only,exp,xcdr,shmem_ds,100000,10,0,measured,276,2026-09-09T14:23:36.908368Z,157010570564685,157010570419093,157010570564685,1788963816908250696,1788963816908294949,ok,
exp_constrained_pub_only_xcdr__py_to_cpp__100000B__10Hz__shmem_ds__best_effort,receive,sub,py_to_cpp,constrained_pub_only,exp,xcdr,shmem_ds,100000,10,0,measured,277,2026-09-09T14:23:37.007669Z,157010669866853,157010669715450,157010669866853,1788963817007554948,1788963817007594111,ok,
exp_constrained_pub_only_xcdr__py_to_cpp__100000B__10Hz__shmem_ds__best_effort,receive,sub,py_to_cpp,constrained_pub_only,exp,xcdr,shmem_ds,100000,10,0,measured,278,2026-09-09T14:23:37.107409Z,157010769607596,157010769531574,157010769607596,1788963817107352107,1788963817107366564,ok,
exp_constrained_pub_only_xcdr__py_to_cpp__100000B__10Hz__shmem_ds__best_effort,receive,sub,py_to_cpp,constrained_pub_only,exp,xcdr,shmem_ds,100000,10,0,measured,279,2026-09-09T14:23:37.206947Z,157010869145660,157010869075920,157010869145660,1788963817206896422,1788963817206911450,ok,
exp_constrained_pub_only_xcdr__py_to_cpp__100000B__10Hz__shmem_ds__best_effort,receive,sub,py_to_cpp,constrained_pub_only,exp,xcdr,shmem_ds,100000,10,0,measured,280,2026-09-09T14:23:37.307152Z,157010969351404,157010969285070,157010969351404,1788963817307105412,1788963817307120109,ok,
exp_constrained_pub_only_xcdr__py_to_cpp__100000B__10Hz__shmem_ds__best_effort,receive,sub,py_to_cpp,constrained_pub_only,exp,xcdr,shmem_ds,100000,10,0,measured,281,2026-09-09T14:23:37.407585Z,157011069784281,157011069709741,157011069784281,1788963817407529312,1788963817407551023,ok,
exp_constrained_pub_only_xcdr__py_to_cpp__100000B__10Hz__shmem_ds__best_effort,receive,sub,py_to_cpp,constrained_pub_only,exp,xcdr,shmem_ds,100000,10,0,measured,282,2026-09-09T14:23:37.507054Z,157011169252404,157011169174718,157011169252404,1788963817506998236,1788963817507014687,ok,
exp_constrained_pub_only_xcdr__py_to_cpp__100000B__10Hz__shmem_ds__best_effort,receive,sub,py_to_cpp,constrained_pub_only,exp,xcdr,shmem_ds,100000,10,0,measured,283,2026-09-09T14:23:37.607496Z,157011269694018,157011269577921,157011269694018,1788963817607410776,1788963817607443648,ok,
exp_constrained_pub_only_xcdr__py_to_cpp__100000B__10Hz__shmem_ds__best_effort,receive,sub,py_to_cpp,constrained_pub_only,exp,xcdr,shmem_ds,100000,10,0,measured,284,2026-09-09T14:23:37.707031Z,157011369229217,157011369106818,157011369229217,1788963817706941186,1788963817706972956,ok,
exp_constrained_pub_only_xcdr__py_to_cpp__100000B__10Hz__shmem_ds__best_effort,receive,sub,py_to_cpp,constrained_pub_only,exp,xcdr,shmem_ds,100000,10,0,measured,285,2026-09-09T14:23:37.806894Z,157011469092640,157011469021847,157011469092640,1788963817806843121,1788963817806856757,ok,
exp_constrained_pub_only_xcdr__py_to_cpp__100000B__10Hz__shmem_ds__best_effort,receive,sub,py_to_cpp,constrained_pub_only,exp,xcdr,shmem_ds,100000,10,0,measured,286,2026-09-09T14:23:37.907792Z,157011569990405,157011569868988,157011569990405,1788963817907698778,1788963817907734745,ok,
exp_constrained_pub_only_xcdr__py_to_cpp__100000B__10Hz__shmem_ds__best_effort,receive,sub,py_to_cpp,constrained_pub_only,exp,xcdr,shmem_ds,100000,10,0,measured,287,2026-09-09T14:23:38.008749Z,157011670946300,157011670778036,157011670946300,1788963818008619958,1788963818008664602,ok,
exp_constrained_pub_only_xcdr__py_to_cpp__100000B__10Hz__shmem_ds__best_effort,receive,sub,py_to_cpp,constrained_pub_only,exp,xcdr,shmem_ds,100000,10,0,measured,288,2026-09-09T14:23:38.107487Z,157011769676058,157011769595748,157011769676058,1788963818107417352,1788963818107436558,ok,
exp_constrained_pub_only_xcdr__py_to_cpp__100000B__10Hz__shmem_ds__best_effort,receive,sub,py_to_cpp,constrained_pub_only,exp,xcdr,shmem_ds,100000,10,0,measured,289,2026-09-09T14:23:38.207573Z,157011869771470,157011869656415,157011869771470,1788963818207476777,1788963818207502986,ok,
exp_constrained_pub_only_xcdr__py_to_cpp__100000B__10Hz__shmem_ds__best_effort,receive,sub,py_to_cpp,constrained_pub_only,exp,xcdr,shmem_ds,100000,10,0,measured,290,2026-09-09T14:23:38.306879Z,157011969077366,157011968982208,157011969077366,1788963818306814733,1788963818306832015,ok,
exp_constrained_pub_only_xcdr__py_to_cpp__100000B__10Hz__shmem_ds__best_effort,receive,sub,py_to_cpp,constrained_pub_only,exp,xcdr,shmem_ds,100000,10,0,measured,291,2026-09-09T14:23:38.406283Z,157012068481335,157012068363395,157012068481335,1788963818406189077,1788963818406217220,ok,
exp_constrained_pub_only_xcdr__py_to_cpp__100000B__10Hz__shmem_ds__best_effort,receive,sub,py_to_cpp,constrained_pub_only,exp,xcdr,shmem_ds,100000,10,0,measured,292,2026-09-09T14:23:38.506502Z,157012168699537,157012168606723,157012168699537,1788963818506431494,1788963818506453936,ok,
exp_constrained_pub_only_xcdr__py_to_cpp__100000B__10Hz__shmem_ds__best_effort,receive,sub,py_to_cpp,constrained_pub_only,exp,xcdr,shmem_ds,100000,10,0,measured,293,2026-09-09T14:23:38.607139Z,157012269337121,157012269188253,157012269337121,1788963818607022611,1788963818607063077,ok,
exp_constrained_pub_only_xcdr__py_to_cpp__100000B__10Hz__shmem_ds__best_effort,receive,sub,py_to_cpp,constrained_pub_only,exp,xcdr,shmem_ds,100000,10,0,measured,294,2026-09-09T14:23:38.706695Z,157012368891913,157012368713349,157012368891913,1788963818706553157,1788963818706607679,ok,
exp_constrained_pub_only_xcdr__py_to_cpp__100000B__10Hz__shmem_ds__best_effort,receive,sub,py_to_cpp,constrained_pub_only,exp,xcdr,shmem_ds,100000,10,0,measured,295,2026-09-09T14:23:38.806748Z,157012468944994,157012468834628,157012468944994,1788963818806657434,1788963818806686429,ok,
exp_constrained_pub_only_xcdr__py_to_cpp__100000B__10Hz__shmem_ds__best_effort,receive,sub,py_to_cpp,constrained_pub_only,exp,xcdr,shmem_ds,100000,10,0,measured,296,2026-09-09T14:23:38.907049Z,157012569246882,157012569137006,157012569246882,1788963818906962969,1788963818906987835,ok,
exp_constrained_pub_only_xcdr__py_to_cpp__100000B__10Hz__shmem_ds__best_effort,receive,sub,py_to_cpp,constrained_pub_only,exp,xcdr,shmem_ds,100000,10,0,measured,297,2026-09-09T14:23:39.006977Z,157012669174240,157012669027625,157012669174240,1788963819006863286,1788963819006904243,ok,
exp_constrained_pub_only_xcdr__py_to_cpp__100000B__10Hz__shmem_ds__best_effort,receive,sub,py_to_cpp,constrained_pub_only,exp,xcdr,shmem_ds,100000,10,0,measured,298,2026-09-09T14:23:39.105907Z,157012768105691,157012768045950,157012768105691,1788963819105867003,1788963819105880097,ok,
exp_constrained_pub_only_xcdr__py_to_cpp__100000B__10Hz__shmem_ds__best_effort,receive,sub,py_to_cpp,constrained_pub_only,exp,xcdr,shmem_ds,100000,10,0,measured,299,2026-09-09T14:23:39.204953Z,157012867151847,157012867064704,157012867151847,1788963819204885226,1788963819204912107,ok,
exp_constrained_pub_only_xcdr__py_to_cpp__100000B__10Hz__shmem_ds__best_effort,receive,sub,py_to_cpp,constrained_pub_only,exp,xcdr,shmem_ds,100000,10,0,measured,300,2026-09-09T14:23:39.305559Z,157012967758300,157012967697757,157012967758300,1788963819305517267,1788963819305533397,ok,
exp_constrained_pub_only_xcdr__py_to_cpp__1000000B__10Hz__shmem_ds__best_effort,publish,pub,py_to_cpp,constrained_pub_only,exp,xcdr,shmem_ds,1000000,10,1,measured,0,2026-09-09T14:23:44.452368Z,157018114484501,157018114484501,157018114484501,-1,-1,ok,
exp_constrained_pub_only_xcdr__py_to_cpp__1000000B__10Hz__shmem_ds__best_effort,publish,pub,py_to_cpp,constrained_pub_only,exp,xcdr,shmem_ds,1000000,10,1,measured,1,2026-09-09T14:23:44.552610Z,157018214748680,157018214748680,157018214748680,-1,-1,ok,
exp_constrained_pub_only_xcdr__py_to_cpp__1000000B__10Hz__shmem_ds__best_effort,publish,pub,py_to_cpp,constrained_pub_only,exp,xcdr,shmem_ds,1000000,10,1,measured,2,2026-09-09T14:23:44.651324Z,157018313448885,157018313448885,157018313448885,-1,-1,ok,
exp_constrained_pub_only_xcdr__py_to_cpp__1000000B__10Hz__shmem_ds__best_effort,publish,pub,py_to_cpp,constrained_pub_only,exp,xcdr,shmem_ds,1000000,10,1,measured,3,2026-09-09T14:23:44.750998Z,157018413112150,157018413112150,157018413112150,-1,-1,ok,
exp_constrained_pub_only_xcdr__py_to_cpp__1000000B__10Hz__shmem_ds__best_effort,publish,pub,py_to_cpp,constrained_pub_only,exp,xcdr,shmem_ds,1000000,10,1,measured,4,2026-09-09T14:23:44.850385Z,157018512519998,157018512519998,157018512519998,-1,-1,ok,
exp_constrained_pub_only_xcdr__py_to_cpp__1000000B__10Hz__shmem_ds__best_effort,publish,pub,py_to_cpp,constrained_pub_only,exp,xcdr,shmem_ds,1000000,10,1,measured,5,2026-09-09T14:23:44.950884Z,157018613028163,157018613028163,157018613028163,-1,-1,ok,
exp_constrained_pub_only_xcdr__py_to_cpp__1000000B__10Hz__shmem_ds__best_effort,publish,pub,py_to_cpp,constrained_pub_only,exp,xcdr,shmem_ds,1000000,10,1,measured,6,2026-09-09T14:23:45.051223Z,157018713359449,157018713359449,157018713359449,-1,-1,ok,
exp_constrained_pub_only_xcdr__py_to_cpp__1000000B__10Hz__shmem_ds__best_effort,publish,pub,py_to_cpp,constrained_pub_only,exp,xcdr,shmem_ds,1000000,10,1,measured,7,2026-09-09T14:23:45.151732Z,157018813867730,157018813867730,157018813867730,-1,-1,ok,
exp_constrained_pub_only_xcdr__py_to_cpp__1000000B__10Hz__shmem_ds__best_effort,publish,pub,py_to_cpp,constrained_pub_only,exp,xcdr,shmem_ds,1000000,10,1,measured,8,2026-09-09T14:23:45.250847Z,157018913010187,157018913010187,157018913010187,-1,-1,ok,
exp_constrained_pub_only_xcdr__py_to_cpp__1000000B__10Hz__shmem_ds__best_effort,publish,pub,py_to_cpp,constrained_pub_only,exp,xcdr,shmem_ds,1000000,10,1,measured,9,2026-09-09T14:23:45.350893Z,157019013044390,157019013044390,157019013044390,-1,-1,ok,
exp_constrained_pub_only_xcdr__py_to_cpp__1000000B__10Hz__shmem_ds__best_effort,publish,pub,py_to_cpp,constrained_pub_only,exp,xcdr,shmem_ds,1000000,10,1,measured,10,2026-09-09T14:23:45.449973Z,157019112126395,157019112126395,157019112126395,-1,-1,ok,
exp_constrained_pub_only_xcdr__py_to_cpp__1000000B__10Hz__shmem_ds__best_effort,publish,pub,py_to_cpp,constrained_pub_only,exp,xcdr,shmem_ds,1000000,10,1,measured,11,2026-09-09T14:23:45.549049Z,157019211176419,157019211176419,157019211176419,-1,-1,ok,
exp_constrained_pub_only_xcdr__py_to_cpp__1000000B__10Hz__shmem_ds__best_effort,publish,pub,py_to_cpp,constrained_pub_only,exp,xcdr,shmem_ds,1000000,10,1,measured,12,2026-09-09T14:23:45.649163Z,157019311292847,157019311292847,157019311292847,-1,-1,ok,
exp_constrained_pub_only_xcdr__py_to_cpp__1000000B__10Hz__shmem_ds__best_effort,publish,pub,py_to_cpp,constrained_pub_only,exp,xcdr,shmem_ds,1000000,10,1,measured,13,2026-09-09T14:23:45.748239Z,157019410391431,157019410391431,157019410391431,-1,-1,ok,
exp_constrained_pub_only_xcdr__py_to_cpp__1000000B__10Hz__shmem_ds__best_effort,publish,pub,py_to_cpp,constrained_pub_only,exp,xcdr,shmem_ds,1000000,10,1,measured,14,2026-09-09T14:23:45.847594Z,157019509728053,157019509728053,157019509728053,-1,-1,ok,
exp_constrained_pub_only_xcdr__py_to_cpp__1000000B__10Hz__shmem_ds__best_effort,publish,pub,py_to_cpp,constrained_pub_only,exp,xcdr,shmem_ds,1000000,10,1,measured,15,2026-09-09T14:23:45.947547Z,157019609696414,157019609696414,157019609696414,-1,-1,ok,
exp_constrained_pub_only_xcdr__py_to_cpp__1000000B__10Hz__shmem_ds__best_effort,publish,pub,py_to_cpp,constrained_pub_only,exp,xcdr,shmem_ds,1000000,10,1,measured,16,2026-09-09T14:23:46.047945Z,157019710098909,157019710098909,157019710098909,-1,-1,ok,
exp_constrained_pub_only_xcdr__py_to_cpp__1000000B__10Hz__shmem_ds__best_effort,publish,pub,py_to_cpp,constrained_pub_only,exp,xcdr,shmem_ds,1000000,10,1,measured,17,2026-09-09T14:23:46.147227Z,157019809387545,157019809387545,157019809387545,-1,-1,ok,
exp_constrained_pub_only_xcdr__py_to_cpp__1000000B__10Hz__shmem_ds__best_effort,publish,pub,py_to_cpp,constrained_pub_only,exp,xcdr,shmem_ds,1000000,10,1,measured,18,2026-09-09T14:23:46.247382Z,157019909547070,157019909547070,157019909547070,-1,-1,ok,
exp_constrained_pub_only_xcdr__py_to_cpp__1000000B__10Hz__shmem_ds__best_effort,publish,pub,py_to_cpp,constrained_pub_only,exp,xcdr,shmem_ds,1000000,10,1,measured,19,2026-09-09T14:23:46.348303Z,157020010411620,157020010411620,157020010411620,-1,-1,ok,
exp_constrained_pub_only_xcdr__py_to_cpp__1000000B__10Hz__shmem_ds__best_effort,publish,pub,py_to_cpp,constrained_pub_only,exp,xcdr,shmem_ds,1000000,10,1,measured,20,2026-09-09T14:23:46.447457Z,157020109603265,157020109603265,157020109603265,-1,-1,ok,
exp_constrained_pub_only_xcdr__py_to_cpp__1000000B__10Hz__shmem_ds__best_effort,publish,pub,py_to_cpp,constrained_pub_only,exp,xcdr,shmem_ds,1000000,10,1,measured,21,2026-09-09T14:23:46.547909Z,157020210041479,157020210041479,157020210041479,-1,-1,ok,
exp_constrained_pub_only_xcdr__py_to_cpp__1000000B__10Hz__shmem_ds__best_effort,publish,pub,py_to_cpp,constrained_pub_only,exp,xcdr,shmem_ds,1000000,10,1,measured,22,2026-09-09T14:23:46.648252Z,157020310378425,157020310378425,157020310378425,-1,-1,ok,
exp_constrained_pub_only_xcdr__py_to_cpp__1000000B__10Hz__shmem_ds__best_effort,publish,pub,py_to_cpp,constrained_pub_only,exp,xcdr,shmem_ds,1000000,10,1,measured,23,2026-09-09T14:23:46.748068Z,157020410194978,157020410194978,157020410194978,-1,-1,ok,
exp_constrained_pub_only_xcdr__py_to_cpp__1000000B__10Hz__shmem_ds__best_effort,publish,pub,py_to_cpp,constrained_pub_only,exp,xcdr,shmem_ds,1000000,10,1,measured,24,2026-09-09T14:23:46.847268Z,157020509408162,157020509408162,157020509408162,-1,-1,ok,
exp_constrained_pub_only_xcdr__py_to_cpp__1000000B__10Hz__shmem_ds__best_effort,publish,pub,py_to_cpp,constrained_pub_only,exp,xcdr,shmem_ds,1000000,10,1,measured,25,2026-09-09T14:23:46.948279Z,157020610409209,157020610409209,157020610409209,-1,-1,ok,
exp_constrained_pub_only_xcdr__py_to_cpp__1000000B__10Hz__shmem_ds__best_effort,publish,pub,py_to_cpp,constrained_pub_only,exp,xcdr,shmem_ds,1000000,10,1,measured,26,2026-09-09T14:23:47.047828Z,157020709968894,157020709968894,157020709968894,-1,-1,ok,
exp_constrained_pub_only_xcdr__py_to_cpp__1000000B__10Hz__shmem_ds__best_effort,publish,pub,py_to_cpp,constrained_pub_only,exp,xcdr,shmem_ds,1000000,10,1,measured,27,2026-09-09T14:23:47.146966Z,157020809110871,157020809110871,157020809110871,-1,-1,ok,
exp_constrained_pub_only_xcdr__py_to_cpp__1000000B__10Hz__shmem_ds__best_effort,publish,pub,py_to_cpp,constrained_pub_only,exp,xcdr,shmem_ds,1000000,10,1,measured,28,2026-09-09T14:23:47.246093Z,157020908255773,157020908255773,157020908255773,-1,-1,ok,
exp_constrained_pub_only_xcdr__py_to_cpp__1000000B__10Hz__shmem_ds__best_effort,publish,pub,py_to_cpp,constrained_pub_only,exp,xcdr,shmem_ds,1000000,10,1,measured,29,2026-09-09T14:23:47.347008Z,157021009152770,157021009152770,157021009152770,-1,-1,ok,
exp_constrained_pub_only_xcdr__py_to_cpp__1000000B__10Hz__shmem_ds__best_effort,publish,pub,py_to_cpp,constrained_pub_only,exp,xcdr,shmem_ds,1000000,10,1,measured,30,2026-09-09T14:23:47.447124Z,157021109286421,157021109286421,157021109286421,-1,-1,ok,
exp_constrained_pub_only_xcdr__py_to_cpp__1000000B__10Hz__shmem_ds__best_effort,publish,pub,py_to_cpp,constrained_pub_only,exp,xcdr,shmem_ds,1000000,10,1,measured,31,2026-09-09T14:23:47.547757Z,157021209902614,157021209902614,157021209902614,-1,-1,ok,
exp_constrained_pub_only_xcdr__py_to_cpp__1000000B__10Hz__shmem_ds__best_effort,publish,pub,py_to_cpp,constrained_pub_only,exp,xcdr,shmem_ds,1000000,10,1,measured,32,2026-09-09T14:23:47.648083Z,157021310225748,157021310225748,157021310225748,-1,-1,ok,
exp_constrained_pub_only_xcdr__py_to_cpp__1000000B__10Hz__shmem_ds__best_effort,publish,pub,py_to_cpp,constrained_pub_only,exp,xcdr,shmem_ds,1000000,10,1,measured,33,2026-09-09T14:23:47.748136Z,157021410290922,157021410290922,157021410290922,-1,-1,ok,
exp_constrained_pub_only_xcdr__py_to_cpp__1000000B__10Hz__shmem_ds__best_effort,publish,pub,py_to_cpp,constrained_pub_only,exp,xcdr,shmem_ds,1000000,10,1,measured,34,2026-09-09T14:23:47.849198Z,157021511352547,157021511352547,157021511352547,-1,-1,ok,
exp_constrained_pub_only_xcdr__py_to_cpp__1000000B__10Hz__shmem_ds__best_effort,publish,pub,py_to_cpp,constrained_pub_only,exp,xcdr,shmem_ds,1000000,10,1,measured,35,2026-09-09T14:23:47.948813Z,157021610945487,157021610945487,157021610945487,-1,-1,ok,
exp_constrained_pub_only_xcdr__py_to_cpp__1000000B__10Hz__shmem_ds__best_effort,publish,pub,py_to_cpp,constrained_pub_only,exp,xcdr,shmem_ds,1000000,10,1,measured,36,2026-09-09T14:23:48.048942Z,157021711083278,157021711083278,157021711083278,-1,-1,ok,
exp_constrained_pub_only_xcdr__py_to_cpp__1000000B__10Hz__shmem_ds__best_effort,publish,pub,py_to_cpp,constrained_pub_only,exp,xcdr,shmem_ds,1000000,10,1,measured,37,2026-09-09T14:23:48.149700Z,157021811852461,157021811852461,157021811852461,-1,-1,ok,
exp_constrained_pub_only_xcdr__py_to_cpp__1000000B__10Hz__shmem_ds__best_effort,publish,pub,py_to_cpp,constrained_pub_only,exp,xcdr,shmem_ds,1000000,10,1,measured,38,2026-09-09T14:23:48.249896Z,157021912054034,157021912054034,157021912054034,-1,-1,ok,
exp_constrained_pub_only_xcdr__py_to_cpp__1000000B__10Hz__shmem_ds__best_effort,publish,pub,py_to_cpp,constrained_pub_only,exp,xcdr,shmem_ds,1000000,10,1,measured,39,2026-09-09T14:23:48.350464Z,157022012621411,157022012621411,157022012621411,-1,-1,ok,
exp_constrained_pub_only_xcdr__py_to_cpp__1000000B__10Hz__shmem_ds__best_effort,publish,pub,py_to_cpp,constrained_pub_only,exp,xcdr,shmem_ds,1000000,10,1,measured,40,2026-09-09T14:23:48.450602Z,157022112770055,157022112770055,157022112770055,-1,-1,ok,
exp_constrained_pub_only_xcdr__py_to_cpp__1000000B__10Hz__shmem_ds__best_effort,publish,pub,py_to_cpp,constrained_pub_only,exp,xcdr,shmem_ds,1000000,10,1,measured,41,2026-09-09T14:23:48.551318Z,157022213467565,157022213467565,157022213467565,-1,-1,ok,
exp_constrained_pub_only_xcdr__py_to_cpp__1000000B__10Hz__shmem_ds__best_effort,publish,pub,py_to_cpp,constrained_pub_only,exp,xcdr,shmem_ds,1000000,10,1,measured,42,2026-09-09T14:23:48.650468Z,157022312540618,157022312540618,157022312540618,-1,-1,ok,
exp_constrained_pub_only_xcdr__py_to_cpp__1000000B__10Hz__shmem_ds__best_effort,publish,pub,py_to_cpp,constrained_pub_only,exp,xcdr,shmem_ds,1000000,10,1,measured,43,2026-09-09T14:23:48.749776Z,157022411930453,157022411930453,157022411930453,-1,-1,ok,
exp_constrained_pub_only_xcdr__py_to_cpp__1000000B__10Hz__shmem_ds__best_effort,publish,pub,py_to_cpp,constrained_pub_only,exp,xcdr,shmem_ds,1000000,10,1,measured,44,2026-09-09T14:23:48.849295Z,157022511439070,157022511439070,157022511439070,-1,-1,ok,
exp_constrained_pub_only_xcdr__py_to_cpp__1000000B__10Hz__shmem_ds__best_effort,publish,pub,py_to_cpp,constrained_pub_only,exp,xcdr,shmem_ds,1000000,10,1,measured,45,2026-09-09T14:23:48.948444Z,157022610591722,157022610591722,157022610591722,-1,-1,ok,
exp_constrained_pub_only_xcdr__py_to_cpp__1000000B__10Hz__shmem_ds__best_effort,publish,pub,py_to_cpp,constrained_pub_only,exp,xcdr,shmem_ds,1000000,10,1,measured,46,2026-09-09T14:23:49.047808Z,157022709959507,157022709959507,157022709959507,-1,-1,ok,
exp_constrained_pub_only_xcdr__py_to_cpp__1000000B__10Hz__shmem_ds__best_effort,publish,pub,py_to_cpp,constrained_pub_only,exp,xcdr,shmem_ds,1000000,10,1,measured,47,2026-09-09T14:23:49.146990Z,157022809141369,157022809141369,157022809141369,-1,-1,ok,
exp_constrained_pub_only_xcdr__py_to_cpp__1000000B__10Hz__shmem_ds__best_effort,publish,pub,py_to_cpp,constrained_pub_only,exp,xcdr,shmem_ds,1000000,10,1,measured,48,2026-09-09T14:23:49.246717Z,157022908873479,157022908873479,157022908873479,-1,-1,ok,
exp_constrained_pub_only_xcdr__py_to_cpp__1000000B__10Hz__shmem_ds__best_effort,publish,pub,py_to_cpp,constrained_pub_only,exp,xcdr,shmem_ds,1000000,10,1,measured,49,2026-09-09T14:23:49.346969Z,157023009129510,157023009129510,157023009129510,-1,-1,ok,
exp_constrained_pub_only_xcdr__py_to_cpp__1000000B__10Hz__shmem_ds__best_effort,publish,pub,py_to_cpp,constrained_pub_only,exp,xcdr,shmem_ds,1000000,10,1,measured,50,2026-09-09T14:23:49.446544Z,157023108701761,157023108701761,157023108701761,-1,-1,ok,
exp_constrained_pub_only_xcdr__py_to_cpp__1000000B__10Hz__shmem_ds__best_effort,publish,pub,py_to_cpp,constrained_pub_only,exp,xcdr,shmem_ds,1000000,10,1,measured,51,2026-09-09T14:23:49.546231Z,157023208372666,157023208372666,157023208372666,-1,-1,ok,
exp_constrained_pub_only_xcdr__py_to_cpp__1000000B__10Hz__shmem_ds__best_effort,publish,pub,py_to_cpp,constrained_pub_only,exp,xcdr,shmem_ds,1000000,10,1,measured,52,2026-09-09T14:23:49.645828Z,157023307966439,157023307966439,157023307966439,-1,-1,ok,
exp_constrained_pub_only_xcdr__py_to_cpp__1000000B__10Hz__shmem_ds__best_effort,publish,pub,py_to_cpp,constrained_pub_only,exp,xcdr,shmem_ds,1000000,10,1,measured,53,2026-09-09T14:23:49.745178Z,157023407341872,157023407341872,157023407341872,-1,-1,ok,
exp_constrained_pub_only_xcdr__py_to_cpp__1000000B__10Hz__shmem_ds__best_effort,publish,pub,py_to_cpp,constrained_pub_only,exp,xcdr,shmem_ds,1000000,10,1,measured,54,2026-09-09T14:23:49.846229Z,157023508376607,157023508376607,157023508376607,-1,-1,ok,
exp_constrained_pub_only_xcdr__py_to_cpp__1000000B__10Hz__shmem_ds__best_effort,publish,pub,py_to_cpp,constrained_pub_only,exp,xcdr,shmem_ds,1000000,10,1,measured,55,2026-09-09T14:23:49.946368Z,157023608522311,157023608522311,157023608522311,-1,-1,ok,
exp_constrained_pub_only_xcdr__py_to_cpp__1000000B__10Hz__shmem_ds__best_effort,publish,pub,py_to_cpp,constrained_pub_only,exp,xcdr,shmem_ds,1000000,10,1,measured,56,2026-09-09T14:23:50.046439Z,157023708597415,157023708597415,157023708597415,-1,-1,ok,
exp_constrained_pub_only_xcdr__py_to_cpp__1000000B__10Hz__shmem_ds__best_effort,publish,pub,py_to_cpp,constrained_pub_only,exp,xcdr,shmem_ds,1000000,10,1,measured,57,2026-09-09T14:23:50.145978Z,157023808130268,157023808130268,157023808130268,-1,-1,ok,
exp_constrained_pub_only_xcdr__py_to_cpp__1000000B__10Hz__shmem_ds__best_effort,publish,pub,py_to_cpp,constrained_pub_only,exp,xcdr,shmem_ds,1000000,10,1,measured,58,2026-09-09T14:23:50.246633Z,157023908789797,157023908789797,157023908789797,-1,-1,ok,
exp_constrained_pub_only_xcdr__py_to_cpp__1000000B__10Hz__shmem_ds__best_effort,publish,pub,py_to_cpp,constrained_pub_only,exp,xcdr,shmem_ds,1000000,10,1,measured,59,2026-09-09T14:23:50.345882Z,157024008046965,157024008046965,157024008046965,-1,-1,ok,
exp_constrained_pub_only_xcdr__py_to_cpp__1000000B__10Hz__shmem_ds__best_effort,publish,pub,py_to_cpp,constrained_pub_only,exp,xcdr,shmem_ds,1000000,10,1,measured,60,2026-09-09T14:23:50.445523Z,157024107673252,157024107673252,157024107673252,-1,-1,ok,
exp_constrained_pub_only_xcdr__py_to_cpp__1000000B__10Hz__shmem_ds__best_effort,publish,pub,py_to_cpp,constrained_pub_only,exp,xcdr,shmem_ds,1000000,10,1,measured,61,2026-09-09T14:23:50.546643Z,157024208781691,157024208781691,157024208781691,-1,-1,ok,
exp_constrained_pub_only_xcdr__py_to_cpp__1000000B__10Hz__shmem_ds__best_effort,publish,pub,py_to_cpp,constrained_pub_only,exp,xcdr,shmem_ds,1000000,10,1,measured,62,2026-09-09T14:23:50.646952Z,157024309051663,157024309051663,157024309051663,-1,-1,ok,
exp_constrained_pub_only_xcdr__py_to_cpp__1000000B__10Hz__shmem_ds__best_effort,publish,pub,py_to_cpp,constrained_pub_only,exp,xcdr,shmem_ds,1000000,10,1,measured,63,2026-09-09T14:23:50.747014Z,157024409155193,157024409155193,157024409155193,-1,-1,ok,
exp_constrained_pub_only_xcdr__py_to_cpp__1000000B__10Hz__shmem_ds__best_effort,publish,pub,py_to_cpp,constrained_pub_only,exp,xcdr,shmem_ds,1000000,10,1,measured,64,2026-09-09T14:23:50.847294Z,157024509443107,157024509443107,157024509443107,-1,-1,ok,
exp_constrained_pub_only_xcdr__py_to_cpp__1000000B__10Hz__shmem_ds__best_effort,publish,pub,py_to_cpp,constrained_pub_only,exp,xcdr,shmem_ds,1000000,10,1,measured,65,2026-09-09T14:23:50.948015Z,157024610163751,157024610163751,157024610163751,-1,-1,ok,
exp_constrained_pub_only_xcdr__py_to_cpp__1000000B__10Hz__shmem_ds__best_effort,publish,pub,py_to_cpp,constrained_pub_only,exp,xcdr,shmem_ds,1000000,10,1,measured,66,2026-09-09T14:23:51.048619Z,157024710750486,157024710750486,157024710750486,-1,-1,ok,
exp_constrained_pub_only_xcdr__py_to_cpp__1000000B__10Hz__shmem_ds__best_effort,publish,pub,py_to_cpp,constrained_pub_only,exp,xcdr,shmem_ds,1000000,10,1,measured,67,2026-09-09T14:23:51.148251Z,157024810396306,157024810396306,157024810396306,-1,-1,ok,
exp_constrained_pub_only_xcdr__py_to_cpp__1000000B__10Hz__shmem_ds__best_effort,publish,pub,py_to_cpp,constrained_pub_only,exp,xcdr,shmem_ds,1000000,10,1,measured,68,2026-09-09T14:23:51.246998Z,157024909149947,157024909149947,157024909149947,-1,-1,ok,
exp_constrained_pub_only_xcdr__py_to_cpp__1000000B__10Hz__shmem_ds__best_effort,publish,pub,py_to_cpp,constrained_pub_only,exp,xcdr,shmem_ds,1000000,10,1,measured,69,2026-09-09T14:23:51.346757Z,157025008921351,157025008921351,157025008921351,-1,-1,ok,
exp_constrained_pub_only_xcdr__py_to_cpp__1000000B__10Hz__shmem_ds__best_effort,publish,pub,py_to_cpp,constrained_pub_only,exp,xcdr,shmem_ds,1000000,10,1,measured,70,2026-09-09T14:23:51.446167Z,157025108332993,157025108332993,157025108332993,-1,-1,ok,
exp_constrained_pub_only_xcdr__py_to_cpp__1000000B__10Hz__shmem_ds__best_effort,publish,pub,py_to_cpp,constrained_pub_only,exp,xcdr,shmem_ds,1000000,10,1,measured,71,2026-09-09T14:23:51.545906Z,157025208042331,157025208042331,157025208042331,-1,-1,ok,
exp_constrained_pub_only_xcdr__py_to_cpp__1000000B__10Hz__shmem_ds__best_effort,publish,pub,py_to_cpp,constrained_pub_only,exp,xcdr,shmem_ds,1000000,10,1,measured,72,2026-09-09T14:23:51.646791Z,157025308938317,157025308938317,157025308938317,-1,-1,ok,
exp_constrained_pub_only_xcdr__py_to_cpp__1000000B__10Hz__shmem_ds__best_effort,publish,pub,py_to_cpp,constrained_pub_only,exp,xcdr,shmem_ds,1000000,10,1,measured,73,2026-09-09T14:23:51.747452Z,157025409608442,157025409608442,157025409608442,-1,-1,ok,
exp_constrained_pub_only_xcdr__py_to_cpp__1000000B__10Hz__shmem_ds__best_effort,publish,pub,py_to_cpp,constrained_pub_only,exp,xcdr,shmem_ds,1000000,10,1,measured,74,2026-09-09T14:23:51.846916Z,157025509063835,157025509063835,157025509063835,-1,-1,ok,
exp_constrained_pub_only_xcdr__py_to_cpp__1000000B__10Hz__shmem_ds__best_effort,publish,pub,py_to_cpp,constrained_pub_only,exp,xcdr,shmem_ds,1000000,10,1,measured,75,2026-09-09T14:23:51.947149Z,157025609300630,157025609300630,157025609300630,-1,-1,ok,
exp_constrained_pub_only_xcdr__py_to_cpp__1000000B__10Hz__shmem_ds__best_effort,publish,pub,py_to_cpp,constrained_pub_only,exp,xcdr,shmem_ds,1000000,10,1,measured,76,2026-09-09T14:23:52.047161Z,157025709311814,157025709311814,157025709311814,-1,-1,ok,
exp_constrained_pub_only_xcdr__py_to_cpp__1000000B__10Hz__shmem_ds__best_effort,publish,pub,py_to_cpp,constrained_pub_only,exp,xcdr,shmem_ds,1000000,10,1,measured,77,2026-09-09T14:23:52.147825Z,157025809968659,157025809968659,157025809968659,-1,-1,ok,
exp_constrained_pub_only_xcdr__py_to_cpp__1000000B__10Hz__shmem_ds__best_effort,publish,pub,py_to_cpp,constrained_pub_only,exp,xcdr,shmem_ds,1000000,10,1,measured,78,2026-09-09T14:23:52.247831Z,157025909975528,157025909975528,157025909975528,-1,-1,ok,
exp_constrained_pub_only_xcdr__py_to_cpp__1000000B__10Hz__shmem_ds__best_effort,publish,pub,py_to_cpp,constrained_pub_only,exp,xcdr,shmem_ds,1000000,10,1,measured,79,2026-09-09T14:23:52.347506Z,157026009669683,157026009669683,157026009669683,-1,-1,ok,
exp_constrained_pub_only_xcdr__py_to_cpp__1000000B__10Hz__shmem_ds__best_effort,publish,pub,py_to_cpp,constrained_pub_only,exp,xcdr,shmem_ds,1000000,10,1,measured,80,2026-09-09T14:23:52.446887Z,157026109047787,157026109047787,157026109047787,-1,-1,ok,
exp_constrained_pub_only_xcdr__py_to_cpp__1000000B__10Hz__shmem_ds__best_effort,publish,pub,py_to_cpp,constrained_pub_only,exp,xcdr,shmem_ds,1000000,10,1,measured,81,2026-09-09T14:23:52.547134Z,157026209270871,157026209270871,157026209270871,-1,-1,ok,
exp_constrained_pub_only_xcdr__py_to_cpp__1000000B__10Hz__shmem_ds__best_effort,publish,pub,py_to_cpp,constrained_pub_only,exp,xcdr,shmem_ds,1000000,10,1,measured,82,2026-09-09T14:23:52.646626Z,157026308754282,157026308754282,157026308754282,-1,-1,ok,
exp_constrained_pub_only_xcdr__py_to_cpp__1000000B__10Hz__shmem_ds__best_effort,publish,pub,py_to_cpp,constrained_pub_only,exp,xcdr,shmem_ds,1000000,10,1,measured,83,2026-09-09T14:23:52.746748Z,157026408879082,157026408879082,157026408879082,-1,-1,ok,
exp_constrained_pub_only_xcdr__py_to_cpp__1000000B__10Hz__shmem_ds__best_effort,publish,pub,py_to_cpp,constrained_pub_only,exp,xcdr,shmem_ds,1000000,10,1,measured,84,2026-09-09T14:23:52.847681Z,157026509826891,157026509826891,157026509826891,-1,-1,ok,
exp_constrained_pub_only_xcdr__py_to_cpp__1000000B__10Hz__shmem_ds__best_effort,publish,pub,py_to_cpp,constrained_pub_only,exp,xcdr,shmem_ds,1000000,10,1,measured,85,2026-09-09T14:23:52.947209Z,157026609345087,157026609345087,157026609345087,-1,-1,ok,
exp_constrained_pub_only_xcdr__py_to_cpp__1000000B__10Hz__shmem_ds__best_effort,publish,pub,py_to_cpp,constrained_pub_only,exp,xcdr,shmem_ds,1000000,10,1,measured,86,2026-09-09T14:23:53.046914Z,157026709051638,157026709051638,157026709051638,-1,-1,ok,
exp_constrained_pub_only_xcdr__py_to_cpp__1000000B__10Hz__shmem_ds__best_effort,publish,pub,py_to_cpp,constrained_pub_only,exp,xcdr,shmem_ds,1000000,10,1,measured,87,2026-09-09T14:23:53.147596Z,157026809752120,157026809752120,157026809752120,-1,-1,ok,
exp_constrained_pub_only_xcdr__py_to_cpp__1000000B__10Hz__shmem_ds__best_effort,publish,pub,py_to_cpp,constrained_pub_only,exp,xcdr,shmem_ds,1000000,10,1,measured,88,2026-09-09T14:23:53.247658Z,157026909816562,157026909816562,157026909816562,-1,-1,ok,
exp_constrained_pub_only_xcdr__py_to_cpp__1000000B__10Hz__shmem_ds__best_effort,publish,pub,py_to_cpp,constrained_pub_only,exp,xcdr,shmem_ds,1000000,10,1,measured,89,2026-09-09T14:23:53.346974Z,157027009104052,157027009104052,157027009104052,-1,-1,ok,
exp_constrained_pub_only_xcdr__py_to_cpp__1000000B__10Hz__shmem_ds__best_effort,publish,pub,py_to_cpp,constrained_pub_only,exp,xcdr,shmem_ds,1000000,10,1,measured,90,2026-09-09T14:23:53.446003Z,157027108157003,157027108157003,157027108157003,-1,-1,ok,
exp_constrained_pub_only_xcdr__py_to_cpp__1000000B__10Hz__shmem_ds__best_effort,publish,pub,py_to_cpp,constrained_pub_only,exp,xcdr,shmem_ds,1000000,10,1,measured,91,2026-09-09T14:23:53.545241Z,157027207385362,157027207385362,157027207385362,-1,-1,ok,
exp_constrained_pub_only_xcdr__py_to_cpp__1000000B__10Hz__shmem_ds__best_effort,publish,pub,py_to_cpp,constrained_pub_only,exp,xcdr,shmem_ds,1000000,10,1,measured,92,2026-09-09T14:23:53.645508Z,157027307642134,157027307642134,157027307642134,-1,-1,ok,
exp_constrained_pub_only_xcdr__py_to_cpp__1000000B__10Hz__shmem_ds__best_effort,publish,pub,py_to_cpp,constrained_pub_only,exp,xcdr,shmem_ds,1000000,10,1,measured,93,2026-09-09T14:23:53.746185Z,157027408340563,157027408340563,157027408340563,-1,-1,ok,
exp_constrained_pub_only_xcdr__py_to_cpp__1000000B__10Hz__shmem_ds__best_effort,publish,pub,py_to_cpp,constrained_pub_only,exp,xcdr,shmem_ds,1000000,10,1,measured,94,2026-09-09T14:23:53.845961Z,157027508096678,157027508096678,157027508096678,-1,-1,ok,
exp_constrained_pub_only_xcdr__py_to_cpp__1000000B__10Hz__shmem_ds__best_effort,publish,pub,py_to_cpp,constrained_pub_only,exp,xcdr,shmem_ds,1000000,10,1,measured,95,2026-09-09T14:23:53.944952Z,157027607089206,157027607089206,157027607089206,-1,-1,ok,
exp_constrained_pub_only_xcdr__py_to_cpp__1000000B__10Hz__shmem_ds__best_effort,publish,pub,py_to_cpp,constrained_pub_only,exp,xcdr,shmem_ds,1000000,10,1,measured,96,2026-09-09T14:23:54.044854Z,157027707014130,157027707014130,157027707014130,-1,-1,ok,
exp_constrained_pub_only_xcdr__py_to_cpp__1000000B__10Hz__shmem_ds__best_effort,publish,pub,py_to_cpp,constrained_pub_only,exp,xcdr,shmem_ds,1000000,10,1,measured,97,2026-09-09T14:23:54.145924Z,157027808081022,157027808081022,157027808081022,-1,-1,ok,
exp_constrained_pub_only_xcdr__py_to_cpp__1000000B__10Hz__shmem_ds__best_effort,publish,pub,py_to_cpp,constrained_pub_only,exp,xcdr,shmem_ds,1000000,10,1,measured,98,2026-09-09T14:23:54.245742Z,157027907898287,157027907898287,157027907898287,-1,-1,ok,
exp_constrained_pub_only_xcdr__py_to_cpp__1000000B__10Hz__shmem_ds__best_effort,publish,pub,py_to_cpp,constrained_pub_only,exp,xcdr,shmem_ds,1000000,10,1,measured,99,2026-09-09T14:23:54.346731Z,157028008887354,157028008887354,157028008887354,-1,-1,ok,
exp_constrained_pub_only_xcdr__py_to_cpp__1000000B__10Hz__shmem_ds__best_effort,publish,pub,py_to_cpp,constrained_pub_only,exp,xcdr,shmem_ds,1000000,10,1,measured,100,2026-09-09T14:23:54.447609Z,157028109768288,157028109768288,157028109768288,-1,-1,ok,
exp_constrained_pub_only_xcdr__py_to_cpp__1000000B__10Hz__shmem_ds__best_effort,publish,pub,py_to_cpp,constrained_pub_only,exp,xcdr,shmem_ds,1000000,10,1,measured,101,2026-09-09T14:23:54.546477Z,157028208630327,157028208630327,157028208630327,-1,-1,ok,
exp_constrained_pub_only_xcdr__py_to_cpp__1000000B__10Hz__shmem_ds__best_effort,publish,pub,py_to_cpp,constrained_pub_only,exp,xcdr,shmem_ds,1000000,10,1,measured,102,2026-09-09T14:23:54.647190Z,157028309315125,157028309315125,157028309315125,-1,-1,ok,
exp_constrained_pub_only_xcdr__py_to_cpp__1000000B__10Hz__shmem_ds__best_effort,publish,pub,py_to_cpp,constrained_pub_only,exp,xcdr,shmem_ds,1000000,10,1,measured,103,2026-09-09T14:23:54.747522Z,157028409637415,157028409637415,157028409637415,-1,-1,ok,
exp_constrained_pub_only_xcdr__py_to_cpp__1000000B__10Hz__shmem_ds__best_effort,publish,pub,py_to_cpp,constrained_pub_only,exp,xcdr,shmem_ds,1000000,10,1,measured,104,2026-09-09T14:23:54.847752Z,157028509882691,157028509882691,157028509882691,-1,-1,ok,
exp_constrained_pub_only_xcdr__py_to_cpp__1000000B__10Hz__shmem_ds__best_effort,publish,pub,py_to_cpp,constrained_pub_only,exp,xcdr,shmem_ds,1000000,10,1,measured,105,2026-09-09T14:23:54.946975Z,157028609121604,157028609121604,157028609121604,-1,-1,ok,
exp_constrained_pub_only_xcdr__py_to_cpp__1000000B__10Hz__shmem_ds__best_effort,publish,pub,py_to_cpp,constrained_pub_only,exp,xcdr,shmem_ds,1000000,10,1,measured,106,2026-09-09T14:23:55.047235Z,157028709372993,157028709372993,157028709372993,-1,-1,ok,
exp_constrained_pub_only_xcdr__py_to_cpp__1000000B__10Hz__shmem_ds__best_effort,publish,pub,py_to_cpp,constrained_pub_only,exp,xcdr,shmem_ds,1000000,10,1,measured,107,2026-09-09T14:23:55.146383Z,157028808526212,157028808526212,157028808526212,-1,-1,ok,
exp_constrained_pub_only_xcdr__py_to_cpp__1000000B__10Hz__shmem_ds__best_effort,publish,pub,py_to_cpp,constrained_pub_only,exp,xcdr,shmem_ds,1000000,10,1,measured,108,2026-09-09T14:23:55.246344Z,157028908495958,157028908495958,157028908495958,-1,-1,ok,
exp_constrained_pub_only_xcdr__py_to_cpp__1000000B__10Hz__shmem_ds__best_effort,publish,pub,py_to_cpp,constrained_pub_only,exp,xcdr,shmem_ds,1000000,10,1,measured,109,2026-09-09T14:23:55.346320Z,157029008475211,157029008475211,157029008475211,-1,-1,ok,
exp_constrained_pub_only_xcdr__py_to_cpp__1000000B__10Hz__shmem_ds__best_effort,publish,pub,py_to_cpp,constrained_pub_only,exp,xcdr,shmem_ds,1000000,10,1,measured,110,2026-09-09T14:23:55.446986Z,157029109137802,157029109137802,157029109137802,-1,-1,ok,
exp_constrained_pub_only_xcdr__py_to_cpp__1000000B__10Hz__shmem_ds__best_effort,publish,pub,py_to_cpp,constrained_pub_only,exp,xcdr,shmem_ds,1000000,10,1,measured,111,2026-09-09T14:23:55.547933Z,157029210080658,157029210080658,157029210080658,-1,-1,ok,
exp_constrained_pub_only_xcdr__py_to_cpp__1000000B__10Hz__shmem_ds__best_effort,publish,pub,py_to_cpp,constrained_pub_only,exp,xcdr,shmem_ds,1000000,10,1,measured,112,2026-09-09T14:23:55.647378Z,157029309521774,157029309521774,157029309521774,-1,-1,ok,
exp_constrained_pub_only_xcdr__py_to_cpp__1000000B__10Hz__shmem_ds__best_effort,publish,pub,py_to_cpp,constrained_pub_only,exp,xcdr,shmem_ds,1000000,10,1,measured,113,2026-09-09T14:23:55.747335Z,157029409502390,157029409502390,157029409502390,-1,-1,ok,
exp_constrained_pub_only_xcdr__py_to_cpp__1000000B__10Hz__shmem_ds__best_effort,publish,pub,py_to_cpp,constrained_pub_only,exp,xcdr,shmem_ds,1000000,10,1,measured,114,2026-09-09T14:23:55.846799Z,157029508949759,157029508949759,157029508949759,-1,-1,ok,
exp_constrained_pub_only_xcdr__py_to_cpp__1000000B__10Hz__shmem_ds__best_effort,publish,pub,py_to_cpp,constrained_pub_only,exp,xcdr,shmem_ds,1000000,10,1,measured,115,2026-09-09T14:23:55.947550Z,157029609699323,157029609699323,157029609699323,-1,-1,ok,
exp_constrained_pub_only_xcdr__py_to_cpp__1000000B__10Hz__shmem_ds__best_effort,publish,pub,py_to_cpp,constrained_pub_only,exp,xcdr,shmem_ds,1000000,10,1,measured,116,2026-09-09T14:23:56.048215Z,157029710357899,157029710357899,157029710357899,-1,-1,ok,
exp_constrained_pub_only_xcdr__py_to_cpp__1000000B__10Hz__shmem_ds__best_effort,publish,pub,py_to_cpp,constrained_pub_only,exp,xcdr,shmem_ds,1000000,10,1,measured,117,2026-09-09T14:23:56.148152Z,157029810298976,157029810298976,157029810298976,-1,-1,ok,
exp_constrained_pub_only_xcdr__py_to_cpp__1000000B__10Hz__shmem_ds__best_effort,publish,pub,py_to_cpp,constrained_pub_only,exp,xcdr,shmem_ds,1000000,10,1,measured,118,2026-09-09T14:23:56.248286Z,157029910432694,157029910432694,157029910432694,-1,-1,ok,
exp_constrained_pub_only_xcdr__py_to_cpp__1000000B__10Hz__shmem_ds__best_effort,publish,pub,py_to_cpp,constrained_pub_only,exp,xcdr,shmem_ds,1000000,10,1,measured,119,2026-09-09T14:23:56.348356Z,157030010504305,157030010504305,157030010504305,-1,-1,ok,
exp_constrained_pub_only_xcdr__py_to_cpp__1000000B__10Hz__shmem_ds__best_effort,publish,pub,py_to_cpp,constrained_pub_only,exp,xcdr,shmem_ds,1000000,10,1,measured,120,2026-09-09T14:23:56.447727Z,157030109879805,157030109879805,157030109879805,-1,-1,ok,
exp_constrained_pub_only_xcdr__py_to_cpp__1000000B__10Hz__shmem_ds__best_effort,publish,pub,py_to_cpp,constrained_pub_only,exp,xcdr,shmem_ds,1000000,10,1,measured,121,2026-09-09T14:23:56.548155Z,157030210307713,157030210307713,157030210307713,-1,-1,ok,
exp_constrained_pub_only_xcdr__py_to_cpp__1000000B__10Hz__shmem_ds__best_effort,publish,pub,py_to_cpp,constrained_pub_only,exp,xcdr,shmem_ds,1000000,10,1,measured,122,2026-09-09T14:23:56.648395Z,157030310523163,157030310523163,157030310523163,-1,-1,ok,
exp_constrained_pub_only_xcdr__py_to_cpp__1000000B__10Hz__shmem_ds__best_effort,publish,pub,py_to_cpp,constrained_pub_only,exp,xcdr,shmem_ds,1000000,10,1,measured,123,2026-09-09T14:23:56.749037Z,157030411172985,157030411172985,157030411172985,-1,-1,ok,
exp_constrained_pub_only_xcdr__py_to_cpp__1000000B__10Hz__shmem_ds__best_effort,publish,pub,py_to_cpp,constrained_pub_only,exp,xcdr,shmem_ds,1000000,10,1,measured,124,2026-09-09T14:23:56.848866Z,157030511011641,157030511011641,157030511011641,-1,-1,ok,
exp_constrained_pub_only_xcdr__py_to_cpp__1000000B__10Hz__shmem_ds__best_effort,publish,pub,py_to_cpp,constrained_pub_only,exp,xcdr,shmem_ds,1000000,10,1,measured,125,2026-09-09T14:23:56.947823Z,157030609966183,157030609966183,157030609966183,-1,-1,ok,
exp_constrained_pub_only_xcdr__py_to_cpp__1000000B__10Hz__shmem_ds__best_effort,publish,pub,py_to_cpp,constrained_pub_only,exp,xcdr,shmem_ds,1000000,10,1,measured,126,2026-09-09T14:23:57.047634Z,157030709795734,157030709795734,157030709795734,-1,-1,ok,
exp_constrained_pub_only_xcdr__py_to_cpp__1000000B__10Hz__shmem_ds__best_effort,publish,pub,py_to_cpp,constrained_pub_only,exp,xcdr,shmem_ds,1000000,10,1,measured,127,2026-09-09T14:23:57.146725Z,157030808884463,157030808884463,157030808884463,-1,-1,ok,
exp_constrained_pub_only_xcdr__py_to_cpp__1000000B__10Hz__shmem_ds__best_effort,publish,pub,py_to_cpp,constrained_pub_only,exp,xcdr,shmem_ds,1000000,10,1,measured,128,2026-09-09T14:23:57.247582Z,157030909730247,157030909730247,157030909730247,-1,-1,ok,
exp_constrained_pub_only_xcdr__py_to_cpp__1000000B__10Hz__shmem_ds__best_effort,publish,pub,py_to_cpp,constrained_pub_only,exp,xcdr,shmem_ds,1000000,10,1,measured,129,2026-09-09T14:23:57.348489Z,157031010648637,157031010648637,157031010648637,-1,-1,ok,
exp_constrained_pub_only_xcdr__py_to_cpp__1000000B__10Hz__shmem_ds__best_effort,publish,pub,py_to_cpp,constrained_pub_only,exp,xcdr,shmem_ds,1000000,10,1,measured,130,2026-09-09T14:23:57.448772Z,157031110942450,157031110942450,157031110942450,-1,-1,ok,
exp_constrained_pub_only_xcdr__py_to_cpp__1000000B__10Hz__shmem_ds__best_effort,publish,pub,py_to_cpp,constrained_pub_only,exp,xcdr,shmem_ds,1000000,10,1,measured,131,2026-09-09T14:23:57.548595Z,157031210757887,157031210757887,157031210757887,-1,-1,ok,
exp_constrained_pub_only_xcdr__py_to_cpp__1000000B__10Hz__shmem_ds__best_effort,publish,pub,py_to_cpp,constrained_pub_only,exp,xcdr,shmem_ds,1000000,10,1,measured,132,2026-09-09T14:23:57.647668Z,157031309820547,157031309820547,157031309820547,-1,-1,ok,
exp_constrained_pub_only_xcdr__py_to_cpp__1000000B__10Hz__shmem_ds__best_effort,publish,pub,py_to_cpp,constrained_pub_only,exp,xcdr,shmem_ds,1000000,10,1,measured,133,2026-09-09T14:23:57.748301Z,157031410468492,157031410468492,157031410468492,-1,-1,ok,
exp_constrained_pub_only_xcdr__py_to_cpp__1000000B__10Hz__shmem_ds__best_effort,publish,pub,py_to_cpp,constrained_pub_only,exp,xcdr,shmem_ds,1000000,10,1,measured,134,2026-09-09T14:23:57.849300Z,157031511458896,157031511458896,157031511458896,-1,-1,ok,
exp_constrained_pub_only_xcdr__py_to_cpp__1000000B__10Hz__shmem_ds__best_effort,publish,pub,py_to_cpp,constrained_pub_only,exp,xcdr,shmem_ds,1000000,10,1,measured,135,2026-09-09T14:23:57.948196Z,157031610355245,157031610355245,157031610355245,-1,-1,ok,
exp_constrained_pub_only_xcdr__py_to_cpp__1000000B__10Hz__shmem_ds__best_effort,publish,pub,py_to_cpp,constrained_pub_only,exp,xcdr,shmem_ds,1000000,10,1,measured,136,2026-09-09T14:23:58.048482Z,157031710652435,157031710652435,157031710652435,-1,-1,ok,
exp_constrained_pub_only_xcdr__py_to_cpp__1000000B__10Hz__shmem_ds__best_effort,publish,pub,py_to_cpp,constrained_pub_only,exp,xcdr,shmem_ds,1000000,10,1,measured,137,2026-09-09T14:23:58.147616Z,157031809786113,157031809786113,157031809786113,-1,-1,ok,
exp_constrained_pub_only_xcdr__py_to_cpp__1000000B__10Hz__shmem_ds__best_effort,publish,pub,py_to_cpp,constrained_pub_only,exp,xcdr,shmem_ds,1000000,10,1,measured,138,2026-09-09T14:23:58.248042Z,157031910214391,157031910214391,157031910214391,-1,-1,ok,
exp_constrained_pub_only_xcdr__py_to_cpp__1000000B__10Hz__shmem_ds__best_effort,publish,pub,py_to_cpp,constrained_pub_only,exp,xcdr,shmem_ds,1000000,10,1,measured,139,2026-09-09T14:23:58.348479Z,157032010650645,157032010650645,157032010650645,-1,-1,ok,
exp_constrained_pub_only_xcdr__py_to_cpp__1000000B__10Hz__shmem_ds__best_effort,publish,pub,py_to_cpp,constrained_pub_only,exp,xcdr,shmem_ds,1000000,10,1,measured,140,2026-09-09T14:23:58.447710Z,157032109882596,157032109882596,157032109882596,-1,-1,ok,
exp_constrained_pub_only_xcdr__py_to_cpp__1000000B__10Hz__shmem_ds__best_effort,publish,pub,py_to_cpp,constrained_pub_only,exp,xcdr,shmem_ds,1000000,10,1,measured,141,2026-09-09T14:23:58.547824Z,157032209973353,157032209973353,157032209973353,-1,-1,ok,
exp_constrained_pub_only_xcdr__py_to_cpp__1000000B__10Hz__shmem_ds__best_effort,publish,pub,py_to_cpp,constrained_pub_only,exp,xcdr,shmem_ds,1000000,10,1,measured,142,2026-09-09T14:23:58.648191Z,157032310333204,157032310333204,157032310333204,-1,-1,ok,
exp_constrained_pub_only_xcdr__py_to_cpp__1000000B__10Hz__shmem_ds__best_effort,publish,pub,py_to_cpp,constrained_pub_only,exp,xcdr,shmem_ds,1000000,10,1,measured,143,2026-09-09T14:23:58.747356Z,157032409514892,157032409514892,157032409514892,-1,-1,ok,
exp_constrained_pub_only_xcdr__py_to_cpp__1000000B__10Hz__shmem_ds__best_effort,publish,pub,py_to_cpp,constrained_pub_only,exp,xcdr,shmem_ds,1000000,10,1,measured,144,2026-09-09T14:23:58.848312Z,157032510468683,157032510468683,157032510468683,-1,-1,ok,
exp_constrained_pub_only_xcdr__py_to_cpp__1000000B__10Hz__shmem_ds__best_effort,publish,pub,py_to_cpp,constrained_pub_only,exp,xcdr,shmem_ds,1000000,10,1,measured,145,2026-09-09T14:23:58.948163Z,157032610313270,157032610313270,157032610313270,-1,-1,ok,
exp_constrained_pub_only_xcdr__py_to_cpp__1000000B__10Hz__shmem_ds__best_effort,publish,pub,py_to_cpp,constrained_pub_only,exp,xcdr,shmem_ds,1000000,10,1,measured,146,2026-09-09T14:23:59.047568Z,157032709717265,157032709717265,157032709717265,-1,-1,ok,
exp_constrained_pub_only_xcdr__py_to_cpp__1000000B__10Hz__shmem_ds__best_effort,publish,pub,py_to_cpp,constrained_pub_only,exp,xcdr,shmem_ds,1000000,10,1,measured,147,2026-09-09T14:23:59.147611Z,157032809774335,157032809774335,157032809774335,-1,-1,ok,
exp_constrained_pub_only_xcdr__py_to_cpp__1000000B__10Hz__shmem_ds__best_effort,publish,pub,py_to_cpp,constrained_pub_only,exp,xcdr,shmem_ds,1000000,10,1,measured,148,2026-09-09T14:23:59.248018Z,157032910178203,157032910178203,157032910178203,-1,-1,ok,
exp_constrained_pub_only_xcdr__py_to_cpp__1000000B__10Hz__shmem_ds__best_effort,publish,pub,py_to_cpp,constrained_pub_only,exp,xcdr,shmem_ds,1000000,10,1,measured,149,2026-09-09T14:23:59.347331Z,157033009493796,157033009493796,157033009493796,-1,-1,ok,
exp_constrained_pub_only_xcdr__py_to_cpp__1000000B__10Hz__shmem_ds__best_effort,publish,pub,py_to_cpp,constrained_pub_only,exp,xcdr,shmem_ds,1000000,10,1,measured,150,2026-09-09T14:23:59.447103Z,157033109269188,157033109269188,157033109269188,-1,-1,ok,
exp_constrained_pub_only_xcdr__py_to_cpp__1000000B__10Hz__shmem_ds__best_effort,publish,pub,py_to_cpp,constrained_pub_only,exp,xcdr,shmem_ds,1000000,10,1,measured,151,2026-09-09T14:23:59.547996Z,157033210151641,157033210151641,157033210151641,-1,-1,ok,
exp_constrained_pub_only_xcdr__py_to_cpp__1000000B__10Hz__shmem_ds__best_effort,publish,pub,py_to_cpp,constrained_pub_only,exp,xcdr,shmem_ds,1000000,10,1,measured,152,2026-09-09T14:23:59.648586Z,157033310735026,157033310735026,157033310735026,-1,-1,ok,
exp_constrained_pub_only_xcdr__py_to_cpp__1000000B__10Hz__shmem_ds__best_effort,publish,pub,py_to_cpp,constrained_pub_only,exp,xcdr,shmem_ds,1000000,10,1,measured,153,2026-09-09T14:23:59.748162Z,157033410315183,157033410315183,157033410315183,-1,-1,ok,
exp_constrained_pub_only_xcdr__py_to_cpp__1000000B__10Hz__shmem_ds__best_effort,publish,pub,py_to_cpp,constrained_pub_only,exp,xcdr,shmem_ds,1000000,10,1,measured,154,2026-09-09T14:23:59.848281Z,157033510430852,157033510430852,157033510430852,-1,-1,ok,
exp_constrained_pub_only_xcdr__py_to_cpp__1000000B__10Hz__shmem_ds__best_effort,publish,pub,py_to_cpp,constrained_pub_only,exp,xcdr,shmem_ds,1000000,10,1,measured,155,2026-09-09T14:23:59.947539Z,157033609664452,157033609664452,157033609664452,-1,-1,ok,
exp_constrained_pub_only_xcdr__py_to_cpp__1000000B__10Hz__shmem_ds__best_effort,publish,pub,py_to_cpp,constrained_pub_only,exp,xcdr,shmem_ds,1000000,10,1,measured,156,2026-09-09T14:24:00.047151Z,157033709275160,157033709275160,157033709275160,-1,-1,ok,
exp_constrained_pub_only_xcdr__py_to_cpp__1000000B__10Hz__shmem_ds__best_effort,publish,pub,py_to_cpp,constrained_pub_only,exp,xcdr,shmem_ds,1000000,10,1,measured,157,2026-09-09T14:24:00.146596Z,157033808745658,157033808745658,157033808745658,-1,-1,ok,
exp_constrained_pub_only_xcdr__py_to_cpp__1000000B__10Hz__shmem_ds__best_effort,publish,pub,py_to_cpp,constrained_pub_only,exp,xcdr,shmem_ds,1000000,10,1,measured,158,2026-09-09T14:24:00.246885Z,157033909028544,157033909028544,157033909028544,-1,-1,ok,
exp_constrained_pub_only_xcdr__py_to_cpp__1000000B__10Hz__shmem_ds__best_effort,publish,pub,py_to_cpp,constrained_pub_only,exp,xcdr,shmem_ds,1000000,10,1,measured,159,2026-09-09T14:24:00.346213Z,157034008377494,157034008377494,157034008377494,-1,-1,ok,
exp_constrained_pub_only_xcdr__py_to_cpp__1000000B__10Hz__shmem_ds__best_effort,publish,pub,py_to_cpp,constrained_pub_only,exp,xcdr,shmem_ds,1000000,10,1,measured,160,2026-09-09T14:24:00.445768Z,157034107923643,157034107923643,157034107923643,-1,-1,ok,
exp_constrained_pub_only_xcdr__py_to_cpp__1000000B__10Hz__shmem_ds__best_effort,publish,pub,py_to_cpp,constrained_pub_only,exp,xcdr,shmem_ds,1000000,10,1,measured,161,2026-09-09T14:24:00.545119Z,157034207243589,157034207243589,157034207243589,-1,-1,ok,
exp_constrained_pub_only_xcdr__py_to_cpp__1000000B__10Hz__shmem_ds__best_effort,publish,pub,py_to_cpp,constrained_pub_only,exp,xcdr,shmem_ds,1000000,10,1,measured,162,2026-09-09T14:24:00.645143Z,157034307270207,157034307270207,157034307270207,-1,-1,ok,
exp_constrained_pub_only_xcdr__py_to_cpp__1000000B__10Hz__shmem_ds__best_effort,publish,pub,py_to_cpp,constrained_pub_only,exp,xcdr,shmem_ds,1000000,10,1,measured,163,2026-09-09T14:24:00.744757Z,157034406889914,157034406889914,157034406889914,-1,-1,ok,
exp_constrained_pub_only_xcdr__py_to_cpp__1000000B__10Hz__shmem_ds__best_effort,publish,pub,py_to_cpp,constrained_pub_only,exp,xcdr,shmem_ds,1000000,10,1,measured,164,2026-09-09T14:24:00.845583Z,157034507711498,157034507711498,157034507711498,-1,-1,ok,
exp_constrained_pub_only_xcdr__py_to_cpp__1000000B__10Hz__shmem_ds__best_effort,publish,pub,py_to_cpp,constrained_pub_only,exp,xcdr,shmem_ds,1000000,10,1,measured,165,2026-09-09T14:24:00.946125Z,157034608270071,157034608270071,157034608270071,-1,-1,ok,
exp_constrained_pub_only_xcdr__py_to_cpp__1000000B__10Hz__shmem_ds__best_effort,publish,pub,py_to_cpp,constrained_pub_only,exp,xcdr,shmem_ds,1000000,10,1,measured,166,2026-09-09T14:24:01.045400Z,157034707537321,157034707537321,157034707537321,-1,-1,ok,
exp_constrained_pub_only_xcdr__py_to_cpp__1000000B__10Hz__shmem_ds__best_effort,publish,pub,py_to_cpp,constrained_pub_only,exp,xcdr,shmem_ds,1000000,10,1,measured,167,2026-09-09T14:24:01.144729Z,157034806874243,157034806874243,157034806874243,-1,-1,ok,
exp_constrained_pub_only_xcdr__py_to_cpp__1000000B__10Hz__shmem_ds__best_effort,publish,pub,py_to_cpp,constrained_pub_only,exp,xcdr,shmem_ds,1000000,10,1,measured,168,2026-09-09T14:24:01.245012Z,157034907166324,157034907166324,157034907166324,-1,-1,ok,
exp_constrained_pub_only_xcdr__py_to_cpp__1000000B__10Hz__shmem_ds__best_effort,publish,pub,py_to_cpp,constrained_pub_only,exp,xcdr,shmem_ds,1000000,10,1,measured,169,2026-09-09T14:24:01.344341Z,157035006498286,157035006498286,157035006498286,-1,-1,ok,
exp_constrained_pub_only_xcdr__py_to_cpp__1000000B__10Hz__shmem_ds__best_effort,publish,pub,py_to_cpp,constrained_pub_only,exp,xcdr,shmem_ds,1000000,10,1,measured,170,2026-09-09T14:24:01.443846Z,157035106007862,157035106007862,157035106007862,-1,-1,ok,
exp_constrained_pub_only_xcdr__py_to_cpp__1000000B__10Hz__shmem_ds__best_effort,publish,pub,py_to_cpp,constrained_pub_only,exp,xcdr,shmem_ds,1000000,10,1,measured,171,2026-09-09T14:24:01.544604Z,157035206759841,157035206759841,157035206759841,-1,-1,ok,
exp_constrained_pub_only_xcdr__py_to_cpp__1000000B__10Hz__shmem_ds__best_effort,publish,pub,py_to_cpp,constrained_pub_only,exp,xcdr,shmem_ds,1000000,10,1,measured,172,2026-09-09T14:24:01.644711Z,157035306864822,157035306864822,157035306864822,-1,-1,ok,
exp_constrained_pub_only_xcdr__py_to_cpp__1000000B__10Hz__shmem_ds__best_effort,publish,pub,py_to_cpp,constrained_pub_only,exp,xcdr,shmem_ds,1000000,10,1,measured,173,2026-09-09T14:24:01.744739Z,157035406888990,157035406888990,157035406888990,-1,-1,ok,
exp_constrained_pub_only_xcdr__py_to_cpp__1000000B__10Hz__shmem_ds__best_effort,publish,pub,py_to_cpp,constrained_pub_only,exp,xcdr,shmem_ds,1000000,10,1,measured,174,2026-09-09T14:24:01.845258Z,157035507403725,157035507403725,157035507403725,-1,-1,ok,
exp_constrained_pub_only_xcdr__py_to_cpp__1000000B__10Hz__shmem_ds__best_effort,publish,pub,py_to_cpp,constrained_pub_only,exp,xcdr,shmem_ds,1000000,10,1,measured,175,2026-09-09T14:24:01.945910Z,157035608061519,157035608061519,157035608061519,-1,-1,ok,
exp_constrained_pub_only_xcdr__py_to_cpp__1000000B__10Hz__shmem_ds__best_effort,publish,pub,py_to_cpp,constrained_pub_only,exp,xcdr,shmem_ds,1000000,10,1,measured,176,2026-09-09T14:24:02.045332Z,157035707479184,157035707479184,157035707479184,-1,-1,ok,
exp_constrained_pub_only_xcdr__py_to_cpp__1000000B__10Hz__shmem_ds__best_effort,publish,pub,py_to_cpp,constrained_pub_only,exp,xcdr,shmem_ds,1000000,10,1,measured,177,2026-09-09T14:24:02.144484Z,157035806640314,157035806640314,157035806640314,-1,-1,ok,
exp_constrained_pub_only_xcdr__py_to_cpp__1000000B__10Hz__shmem_ds__best_effort,publish,pub,py_to_cpp,constrained_pub_only,exp,xcdr,shmem_ds,1000000,10,1,measured,178,2026-09-09T14:24:02.244661Z,157035906768080,157035906768080,157035906768080,-1,-1,ok,
exp_constrained_pub_only_xcdr__py_to_cpp__1000000B__10Hz__shmem_ds__best_effort,publish,pub,py_to_cpp,constrained_pub_only,exp,xcdr,shmem_ds,1000000,10,1,measured,179,2026-09-09T14:24:02.344213Z,157036006360987,157036006360987,157036006360987,-1,-1,ok,
exp_constrained_pub_only_xcdr__py_to_cpp__1000000B__10Hz__shmem_ds__best_effort,publish,pub,py_to_cpp,constrained_pub_only,exp,xcdr,shmem_ds,1000000,10,1,measured,180,2026-09-09T14:24:02.444184Z,157036106330048,157036106330048,157036106330048,-1,-1,ok,
exp_constrained_pub_only_xcdr__py_to_cpp__1000000B__10Hz__shmem_ds__best_effort,publish,pub,py_to_cpp,constrained_pub_only,exp,xcdr,shmem_ds,1000000,10,1,measured,181,2026-09-09T14:24:02.544499Z,157036206655955,157036206655955,157036206655955,-1,-1,ok,
exp_constrained_pub_only_xcdr__py_to_cpp__1000000B__10Hz__shmem_ds__best_effort,publish,pub,py_to_cpp,constrained_pub_only,exp,xcdr,shmem_ds,1000000,10,1,measured,182,2026-09-09T14:24:02.644889Z,157036307025765,157036307025765,157036307025765,-1,-1,ok,
exp_constrained_pub_only_xcdr__py_to_cpp__1000000B__10Hz__shmem_ds__best_effort,publish,pub,py_to_cpp,constrained_pub_only,exp,xcdr,shmem_ds,1000000,10,1,measured,183,2026-09-09T14:24:02.745934Z,157036408066981,157036408066981,157036408066981,-1,-1,ok,
exp_constrained_pub_only_xcdr__py_to_cpp__1000000B__10Hz__shmem_ds__best_effort,publish,pub,py_to_cpp,constrained_pub_only,exp,xcdr,shmem_ds,1000000,10,1,measured,184,2026-09-09T14:24:02.845222Z,157036507367200,157036507367200,157036507367200,-1,-1,ok,
exp_constrained_pub_only_xcdr__py_to_cpp__1000000B__10Hz__shmem_ds__best_effort,publish,pub,py_to_cpp,constrained_pub_only,exp,xcdr,shmem_ds,1000000,10,1,measured,185,2026-09-09T14:24:02.944776Z,157036606898331,157036606898331,157036606898331,-1,-1,ok,
exp_constrained_pub_only_xcdr__py_to_cpp__1000000B__10Hz__shmem_ds__best_effort,publish,pub,py_to_cpp,constrained_pub_only,exp,xcdr,shmem_ds,1000000,10,1,measured,186,2026-09-09T14:24:03.044710Z,157036706853176,157036706853176,157036706853176,-1,-1,ok,
exp_constrained_pub_only_xcdr__py_to_cpp__1000000B__10Hz__shmem_ds__best_effort,publish,pub,py_to_cpp,constrained_pub_only,exp,xcdr,shmem_ds,1000000,10,1,measured,187,2026-09-09T14:24:03.145272Z,157036807444145,157036807444145,157036807444145,-1,-1,ok,
exp_constrained_pub_only_xcdr__py_to_cpp__1000000B__10Hz__shmem_ds__best_effort,publish,pub,py_to_cpp,constrained_pub_only,exp,xcdr,shmem_ds,1000000,10,1,measured,188,2026-09-09T14:24:03.244709Z,157036906879182,157036906879182,157036906879182,-1,-1,ok,
exp_constrained_pub_only_xcdr__py_to_cpp__1000000B__10Hz__shmem_ds__best_effort,publish,pub,py_to_cpp,constrained_pub_only,exp,xcdr,shmem_ds,1000000,10,1,measured,189,2026-09-09T14:24:03.343970Z,157037006141225,157037006141225,157037006141225,-1,-1,ok,
exp_constrained_pub_only_xcdr__py_to_cpp__1000000B__10Hz__shmem_ds__best_effort,publish,pub,py_to_cpp,constrained_pub_only,exp,xcdr,shmem_ds,1000000,10,1,measured,190,2026-09-09T14:24:03.443979Z,157037106150446,157037106150446,157037106150446,-1,-1,ok,
exp_constrained_pub_only_xcdr__py_to_cpp__1000000B__10Hz__shmem_ds__best_effort,publish,pub,py_to_cpp,constrained_pub_only,exp,xcdr,shmem_ds,1000000,10,1,measured,191,2026-09-09T14:24:03.544101Z,157037206259062,157037206259062,157037206259062,-1,-1,ok,
exp_constrained_pub_only_xcdr__py_to_cpp__1000000B__10Hz__shmem_ds__best_effort,publish,pub,py_to_cpp,constrained_pub_only,exp,xcdr,shmem_ds,1000000,10,1,measured,192,2026-09-09T14:24:03.643446Z,157037305606835,157037305606835,157037305606835,-1,-1,ok,
exp_constrained_pub_only_xcdr__py_to_cpp__1000000B__10Hz__shmem_ds__best_effort,publish,pub,py_to_cpp,constrained_pub_only,exp,xcdr,shmem_ds,1000000,10,1,measured,193,2026-09-09T14:24:03.742814Z,157037404977882,157037404977882,157037404977882,-1,-1,ok,
exp_constrained_pub_only_xcdr__py_to_cpp__1000000B__10Hz__shmem_ds__best_effort,publish,pub,py_to_cpp,constrained_pub_only,exp,xcdr,shmem_ds,1000000,10,1,measured,194,2026-09-09T14:24:03.843858Z,157037506019775,157037506019775,157037506019775,-1,-1,ok,
exp_constrained_pub_only_xcdr__py_to_cpp__1000000B__10Hz__shmem_ds__best_effort,publish,pub,py_to_cpp,constrained_pub_only,exp,xcdr,shmem_ds,1000000,10,1,measured,195,2026-09-09T14:24:03.943739Z,157037605887300,157037605887300,157037605887300,-1,-1,ok,
exp_constrained_pub_only_xcdr__py_to_cpp__1000000B__10Hz__shmem_ds__best_effort,publish,pub,py_to_cpp,constrained_pub_only,exp,xcdr,shmem_ds,1000000,10,1,measured,196,2026-09-09T14:24:04.044450Z,157037706594498,157037706594498,157037706594498,-1,-1,ok,
exp_constrained_pub_only_xcdr__py_to_cpp__1000000B__10Hz__shmem_ds__best_effort,publish,pub,py_to_cpp,constrained_pub_only,exp,xcdr,shmem_ds,1000000,10,1,measured,197,2026-09-09T14:24:04.144437Z,157037806607332,157037806607332,157037806607332,-1,-1,ok,
exp_constrained_pub_only_xcdr__py_to_cpp__1000000B__10Hz__shmem_ds__best_effort,publish,pub,py_to_cpp,constrained_pub_only,exp,xcdr,shmem_ds,1000000,10,1,measured,198,2026-09-09T14:24:04.243943Z,157037906027695,157037906027695,157037906027695,-1,-1,ok,
exp_constrained_pub_only_xcdr__py_to_cpp__1000000B__10Hz__shmem_ds__best_effort,publish,pub,py_to_cpp,constrained_pub_only,exp,xcdr,shmem_ds,1000000,10,1,measured,199,2026-09-09T14:24:04.345041Z,157038007137369,157038007137369,157038007137369,-1,-1,ok,
exp_constrained_pub_only_xcdr__py_to_cpp__1000000B__10Hz__shmem_ds__best_effort,publish,pub,py_to_cpp,constrained_pub_only,exp,xcdr,shmem_ds,1000000,10,1,measured,200,2026-09-09T14:24:04.445133Z,157038107301754,157038107301754,157038107301754,-1,-1,ok,
exp_constrained_pub_only_xcdr__py_to_cpp__1000000B__10Hz__shmem_ds__best_effort,publish,pub,py_to_cpp,constrained_pub_only,exp,xcdr,shmem_ds,1000000,10,1,measured,201,2026-09-09T14:24:04.546384Z,157038208523768,157038208523768,157038208523768,-1,-1,ok,
exp_constrained_pub_only_xcdr__py_to_cpp__1000000B__10Hz__shmem_ds__best_effort,publish,pub,py_to_cpp,constrained_pub_only,exp,xcdr,shmem_ds,1000000,10,1,measured,202,2026-09-09T14:24:04.647428Z,157038309567870,157038309567870,157038309567870,-1,-1,ok,
exp_constrained_pub_only_xcdr__py_to_cpp__1000000B__10Hz__shmem_ds__best_effort,publish,pub,py_to_cpp,constrained_pub_only,exp,xcdr,shmem_ds,1000000,10,1,measured,203,2026-09-09T14:24:04.747919Z,157038410067142,157038410067142,157038410067142,-1,-1,ok,
exp_constrained_pub_only_xcdr__py_to_cpp__1000000B__10Hz__shmem_ds__best_effort,publish,pub,py_to_cpp,constrained_pub_only,exp,xcdr,shmem_ds,1000000,10,1,measured,204,2026-09-09T14:24:04.847138Z,157038509290006,157038509290006,157038509290006,-1,-1,ok,
exp_constrained_pub_only_xcdr__py_to_cpp__1000000B__10Hz__shmem_ds__best_effort,publish,pub,py_to_cpp,constrained_pub_only,exp,xcdr,shmem_ds,1000000,10,1,measured,205,2026-09-09T14:24:04.947037Z,157038609194105,157038609194105,157038609194105,-1,-1,ok,
exp_constrained_pub_only_xcdr__py_to_cpp__1000000B__10Hz__shmem_ds__best_effort,publish,pub,py_to_cpp,constrained_pub_only,exp,xcdr,shmem_ds,1000000,10,1,measured,206,2026-09-09T14:24:05.046352Z,157038708523110,157038708523110,157038708523110,-1,-1,ok,
exp_constrained_pub_only_xcdr__py_to_cpp__1000000B__10Hz__shmem_ds__best_effort,publish,pub,py_to_cpp,constrained_pub_only,exp,xcdr,shmem_ds,1000000,10,1,measured,207,2026-09-09T14:24:05.146239Z,157038808411585,157038808411585,157038808411585,-1,-1,ok,
exp_constrained_pub_only_xcdr__py_to_cpp__1000000B__10Hz__shmem_ds__best_effort,publish,pub,py_to_cpp,constrained_pub_only,exp,xcdr,shmem_ds,1000000,10,1,measured,208,2026-09-09T14:24:05.245608Z,157038907754058,157038907754058,157038907754058,-1,-1,ok,
exp_constrained_pub_only_xcdr__py_to_cpp__1000000B__10Hz__shmem_ds__best_effort,publish,pub,py_to_cpp,constrained_pub_only,exp,xcdr,shmem_ds,1000000,10,1,measured,209,2026-09-09T14:24:05.345158Z,157039007297638,157039007297638,157039007297638,-1,-1,ok,
exp_constrained_pub_only_xcdr__py_to_cpp__1000000B__10Hz__shmem_ds__best_effort,publish,pub,py_to_cpp,constrained_pub_only,exp,xcdr,shmem_ds,1000000,10,1,measured,210,2026-09-09T14:24:05.446283Z,157039108428196,157039108428196,157039108428196,-1,-1,ok,
exp_constrained_pub_only_xcdr__py_to_cpp__1000000B__10Hz__shmem_ds__best_effort,publish,pub,py_to_cpp,constrained_pub_only,exp,xcdr,shmem_ds,1000000,10,1,measured,211,2026-09-09T14:24:05.545719Z,157039207850479,157039207850479,157039207850479,-1,-1,ok,
exp_constrained_pub_only_xcdr__py_to_cpp__1000000B__10Hz__shmem_ds__best_effort,publish,pub,py_to_cpp,constrained_pub_only,exp,xcdr,shmem_ds,1000000,10,1,measured,212,2026-09-09T14:24:05.646522Z,157039308659125,157039308659125,157039308659125,-1,-1,ok,
exp_constrained_pub_only_xcdr__py_to_cpp__1000000B__10Hz__shmem_ds__best_effort,publish,pub,py_to_cpp,constrained_pub_only,exp,xcdr,shmem_ds,1000000,10,1,measured,213,2026-09-09T14:24:05.747067Z,157039409151549,157039409151549,157039409151549,-1,-1,ok,
exp_constrained_pub_only_xcdr__py_to_cpp__1000000B__10Hz__shmem_ds__best_effort,publish,pub,py_to_cpp,constrained_pub_only,exp,xcdr,shmem_ds,1000000,10,1,measured,214,2026-09-09T14:24:05.846050Z,157039508173833,157039508173833,157039508173833,-1,-1,ok,
exp_constrained_pub_only_xcdr__py_to_cpp__1000000B__10Hz__shmem_ds__best_effort,publish,pub,py_to_cpp,constrained_pub_only,exp,xcdr,shmem_ds,1000000,10,1,measured,215,2026-09-09T14:24:05.947067Z,157039609191090,157039609191090,157039609191090,-1,-1,ok,
exp_constrained_pub_only_xcdr__py_to_cpp__1000000B__10Hz__shmem_ds__best_effort,publish,pub,py_to_cpp,constrained_pub_only,exp,xcdr,shmem_ds,1000000,10,1,measured,216,2026-09-09T14:24:06.048068Z,157039710199642,157039710199642,157039710199642,-1,-1,ok,
exp_constrained_pub_only_xcdr__py_to_cpp__1000000B__10Hz__shmem_ds__best_effort,publish,pub,py_to_cpp,constrained_pub_only,exp,xcdr,shmem_ds,1000000,10,1,measured,217,2026-09-09T14:24:06.148112Z,157039810273728,157039810273728,157039810273728,-1,-1,ok,
exp_constrained_pub_only_xcdr__py_to_cpp__1000000B__10Hz__shmem_ds__best_effort,publish,pub,py_to_cpp,constrained_pub_only,exp,xcdr,shmem_ds,1000000,10,1,measured,218,2026-09-09T14:24:06.248447Z,157039910602141,157039910602141,157039910602141,-1,-1,ok,
exp_constrained_pub_only_xcdr__py_to_cpp__1000000B__10Hz__shmem_ds__best_effort,publish,pub,py_to_cpp,constrained_pub_only,exp,xcdr,shmem_ds,1000000,10,1,measured,219,2026-09-09T14:24:06.347715Z,157040009879658,157040009879658,157040009879658,-1,-1,ok,
exp_constrained_pub_only_xcdr__py_to_cpp__1000000B__10Hz__shmem_ds__best_effort,publish,pub,py_to_cpp,constrained_pub_only,exp,xcdr,shmem_ds,1000000,10,1,measured,220,2026-09-09T14:24:06.447466Z,157040109623898,157040109623898,157040109623898,-1,-1,ok,
exp_constrained_pub_only_xcdr__py_to_cpp__1000000B__10Hz__shmem_ds__best_effort,publish,pub,py_to_cpp,constrained_pub_only,exp,xcdr,shmem_ds,1000000,10,1,measured,221,2026-09-09T14:24:06.548315Z,157040210445173,157040210445173,157040210445173,-1,-1,ok,
exp_constrained_pub_only_xcdr__py_to_cpp__1000000B__10Hz__shmem_ds__best_effort,publish,pub,py_to_cpp,constrained_pub_only,exp,xcdr,shmem_ds,1000000,10,1,measured,222,2026-09-09T14:24:06.648721Z,157040310842284,157040310842284,157040310842284,-1,-1,ok,
exp_constrained_pub_only_xcdr__py_to_cpp__1000000B__10Hz__shmem_ds__best_effort,publish,pub,py_to_cpp,constrained_pub_only,exp,xcdr,shmem_ds,1000000,10,1,measured,223,2026-09-09T14:24:06.748799Z,157040410929856,157040410929856,157040410929856,-1,-1,ok,
exp_constrained_pub_only_xcdr__py_to_cpp__1000000B__10Hz__shmem_ds__best_effort,publish,pub,py_to_cpp,constrained_pub_only,exp,xcdr,shmem_ds,1000000,10,1,measured,224,2026-09-09T14:24:06.849233Z,157040511355661,157040511355661,157040511355661,-1,-1,ok,
exp_constrained_pub_only_xcdr__py_to_cpp__1000000B__10Hz__shmem_ds__best_effort,publish,pub,py_to_cpp,constrained_pub_only,exp,xcdr,shmem_ds,1000000,10,1,measured,225,2026-09-09T14:24:06.948155Z,157040610279126,157040610279126,157040610279126,-1,-1,ok,
exp_constrained_pub_only_xcdr__py_to_cpp__1000000B__10Hz__shmem_ds__best_effort,publish,pub,py_to_cpp,constrained_pub_only,exp,xcdr,shmem_ds,1000000,10,1,measured,226,2026-09-09T14:24:07.048470Z,157040710593605,157040710593605,157040710593605,-1,-1,ok,
exp_constrained_pub_only_xcdr__py_to_cpp__1000000B__10Hz__shmem_ds__best_effort,publish,pub,py_to_cpp,constrained_pub_only,exp,xcdr,shmem_ds,1000000,10,1,measured,227,2026-09-09T14:24:07.148407Z,157040810531783,157040810531783,157040810531783,-1,-1,ok,
exp_constrained_pub_only_xcdr__py_to_cpp__1000000B__10Hz__shmem_ds__best_effort,publish,pub,py_to_cpp,constrained_pub_only,exp,xcdr,shmem_ds,1000000,10,1,measured,228,2026-09-09T14:24:07.249357Z,157040911476784,157040911476784,157040911476784,-1,-1,ok,
exp_constrained_pub_only_xcdr__py_to_cpp__1000000B__10Hz__shmem_ds__best_effort,publish,pub,py_to_cpp,constrained_pub_only,exp,xcdr,shmem_ds,1000000,10,1,measured,229,2026-09-09T14:24:07.348649Z,157041010774173,157041010774173,157041010774173,-1,-1,ok,
exp_constrained_pub_only_xcdr__py_to_cpp__1000000B__10Hz__shmem_ds__best_effort,publish,pub,py_to_cpp,constrained_pub_only,exp,xcdr,shmem_ds,1000000,10,1,measured,230,2026-09-09T14:24:07.449532Z,157041111659282,157041111659282,157041111659282,-1,-1,ok,
exp_constrained_pub_only_xcdr__py_to_cpp__1000000B__10Hz__shmem_ds__best_effort,publish,pub,py_to_cpp,constrained_pub_only,exp,xcdr,shmem_ds,1000000,10,1,measured,231,2026-09-09T14:24:07.548432Z,157041210564908,157041210564908,157041210564908,-1,-1,ok,
exp_constrained_pub_only_xcdr__py_to_cpp__1000000B__10Hz__shmem_ds__best_effort,publish,pub,py_to_cpp,constrained_pub_only,exp,xcdr,shmem_ds,1000000,10,1,measured,232,2026-09-09T14:24:07.648105Z,157041310235666,157041310235666,157041310235666,-1,-1,ok,
exp_constrained_pub_only_xcdr__py_to_cpp__1000000B__10Hz__shmem_ds__best_effort,publish,pub,py_to_cpp,constrained_pub_only,exp,xcdr,shmem_ds,1000000,10,1,measured,233,2026-09-09T14:24:07.748299Z,157041410426396,157041410426396,157041410426396,-1,-1,ok,
exp_constrained_pub_only_xcdr__py_to_cpp__1000000B__10Hz__shmem_ds__best_effort,publish,pub,py_to_cpp,constrained_pub_only,exp,xcdr,shmem_ds,1000000,10,1,measured,234,2026-09-09T14:24:07.848524Z,157041510648585,157041510648585,157041510648585,-1,-1,ok,
exp_constrained_pub_only_xcdr__py_to_cpp__1000000B__10Hz__shmem_ds__best_effort,publish,pub,py_to_cpp,constrained_pub_only,exp,xcdr,shmem_ds,1000000,10,1,measured,235,2026-09-09T14:24:07.947794Z,157041609927179,157041609927179,157041609927179,-1,-1,ok,
exp_constrained_pub_only_xcdr__py_to_cpp__1000000B__10Hz__shmem_ds__best_effort,publish,pub,py_to_cpp,constrained_pub_only,exp,xcdr,shmem_ds,1000000,10,1,measured,236,2026-09-09T14:24:08.047071Z,157041709224109,157041709224109,157041709224109,-1,-1,ok,
exp_constrained_pub_only_xcdr__py_to_cpp__1000000B__10Hz__shmem_ds__best_effort,publish,pub,py_to_cpp,constrained_pub_only,exp,xcdr,shmem_ds,1000000,10,1,measured,237,2026-09-09T14:24:08.147916Z,157041810061695,157041810061695,157041810061695,-1,-1,ok,
exp_constrained_pub_only_xcdr__py_to_cpp__1000000B__10Hz__shmem_ds__best_effort,publish,pub,py_to_cpp,constrained_pub_only,exp,xcdr,shmem_ds,1000000,10,1,measured,238,2026-09-09T14:24:08.247627Z,157041909752044,157041909752044,157041909752044,-1,-1,ok,
exp_constrained_pub_only_xcdr__py_to_cpp__1000000B__10Hz__shmem_ds__best_effort,publish,pub,py_to_cpp,constrained_pub_only,exp,xcdr,shmem_ds,1000000,10,1,measured,239,2026-09-09T14:24:08.347745Z,157042009876055,157042009876055,157042009876055,-1,-1,ok,
exp_constrained_pub_only_xcdr__py_to_cpp__1000000B__10Hz__shmem_ds__best_effort,publish,pub,py_to_cpp,constrained_pub_only,exp,xcdr,shmem_ds,1000000,10,1,measured,240,2026-09-09T14:24:08.447971Z,157042110107426,157042110107426,157042110107426,-1,-1,ok,
exp_constrained_pub_only_xcdr__py_to_cpp__1000000B__10Hz__shmem_ds__best_effort,publish,pub,py_to_cpp,constrained_pub_only,exp,xcdr,shmem_ds,1000000,10,1,measured,241,2026-09-09T14:24:08.547810Z,157042209939440,157042209939440,157042209939440,-1,-1,ok,
exp_constrained_pub_only_xcdr__py_to_cpp__1000000B__10Hz__shmem_ds__best_effort,publish,pub,py_to_cpp,constrained_pub_only,exp,xcdr,shmem_ds,1000000,10,1,measured,242,2026-09-09T14:24:08.648070Z,157042310195598,157042310195598,157042310195598,-1,-1,ok,
exp_constrained_pub_only_xcdr__py_to_cpp__1000000B__10Hz__shmem_ds__best_effort,publish,pub,py_to_cpp,constrained_pub_only,exp,xcdr,shmem_ds,1000000,10,1,measured,243,2026-09-09T14:24:08.748022Z,157042410155643,157042410155643,157042410155643,-1,-1,ok,
exp_constrained_pub_only_xcdr__py_to_cpp__1000000B__10Hz__shmem_ds__best_effort,publish,pub,py_to_cpp,constrained_pub_only,exp,xcdr,shmem_ds,1000000,10,1,measured,244,2026-09-09T14:24:08.848924Z,157042511046206,157042511046206,157042511046206,-1,-1,ok,
exp_constrained_pub_only_xcdr__py_to_cpp__1000000B__10Hz__shmem_ds__best_effort,publish,pub,py_to_cpp,constrained_pub_only,exp,xcdr,shmem_ds,1000000,10,1,measured,245,2026-09-09T14:24:08.948101Z,157042610230318,157042610230318,157042610230318,-1,-1,ok,
exp_constrained_pub_only_xcdr__py_to_cpp__1000000B__10Hz__shmem_ds__best_effort,publish,pub,py_to_cpp,constrained_pub_only,exp,xcdr,shmem_ds,1000000,10,1,measured,246,2026-09-09T14:24:09.048794Z,157042710910632,157042710910632,157042710910632,-1,-1,ok,
exp_constrained_pub_only_xcdr__py_to_cpp__1000000B__10Hz__shmem_ds__best_effort,publish,pub,py_to_cpp,constrained_pub_only,exp,xcdr,shmem_ds,1000000,10,1,measured,247,2026-09-09T14:24:09.148101Z,157042810232657,157042810232657,157042810232657,-1,-1,ok,
exp_constrained_pub_only_xcdr__py_to_cpp__1000000B__10Hz__shmem_ds__best_effort,publish,pub,py_to_cpp,constrained_pub_only,exp,xcdr,shmem_ds,1000000,10,1,measured,248,2026-09-09T14:24:09.247759Z,157042909857078,157042909857078,157042909857078,-1,-1,ok,
exp_constrained_pub_only_xcdr__py_to_cpp__1000000B__10Hz__shmem_ds__best_effort,publish,pub,py_to_cpp,constrained_pub_only,exp,xcdr,shmem_ds,1000000,10,1,measured,249,2026-09-09T14:24:09.348093Z,157043010218077,157043010218077,157043010218077,-1,-1,ok,
exp_constrained_pub_only_xcdr__py_to_cpp__1000000B__10Hz__shmem_ds__best_effort,publish,pub,py_to_cpp,constrained_pub_only,exp,xcdr,shmem_ds,1000000,10,1,measured,250,2026-09-09T14:24:09.447910Z,157043110047051,157043110047051,157043110047051,-1,-1,ok,
exp_constrained_pub_only_xcdr__py_to_cpp__1000000B__10Hz__shmem_ds__best_effort,publish,pub,py_to_cpp,constrained_pub_only,exp,xcdr,shmem_ds,1000000,10,1,measured,251,2026-09-09T14:24:09.547828Z,157043209922862,157043209922862,157043209922862,-1,-1,ok,
exp_constrained_pub_only_xcdr__py_to_cpp__1000000B__10Hz__shmem_ds__best_effort,publish,pub,py_to_cpp,constrained_pub_only,exp,xcdr,shmem_ds,1000000,10,1,measured,252,2026-09-09T14:24:09.648193Z,157043310301975,157043310301975,157043310301975,-1,-1,ok,
exp_constrained_pub_only_xcdr__py_to_cpp__1000000B__10Hz__shmem_ds__best_effort,publish,pub,py_to_cpp,constrained_pub_only,exp,xcdr,shmem_ds,1000000,10,1,measured,253,2026-09-09T14:24:09.747133Z,157043409282651,157043409282651,157043409282651,-1,-1,ok,
exp_constrained_pub_only_xcdr__py_to_cpp__1000000B__10Hz__shmem_ds__best_effort,publish,pub,py_to_cpp,constrained_pub_only,exp,xcdr,shmem_ds,1000000,10,1,measured,254,2026-09-09T14:24:09.847079Z,157043509229125,157043509229125,157043509229125,-1,-1,ok,
exp_constrained_pub_only_xcdr__py_to_cpp__1000000B__10Hz__shmem_ds__best_effort,publish,pub,py_to_cpp,constrained_pub_only,exp,xcdr,shmem_ds,1000000,10,1,measured,255,2026-09-09T14:24:09.947807Z,157043609941812,157043609941812,157043609941812,-1,-1,ok,
exp_constrained_pub_only_xcdr__py_to_cpp__1000000B__10Hz__shmem_ds__best_effort,publish,pub,py_to_cpp,constrained_pub_only,exp,xcdr,shmem_ds,1000000,10,1,measured,256,2026-09-09T14:24:10.048858Z,157043711015627,157043711015627,157043711015627,-1,-1,ok,
exp_constrained_pub_only_xcdr__py_to_cpp__1000000B__10Hz__shmem_ds__best_effort,publish,pub,py_to_cpp,constrained_pub_only,exp,xcdr,shmem_ds,1000000,10,1,measured,257,2026-09-09T14:24:10.148372Z,157043810489681,157043810489681,157043810489681,-1,-1,ok,
exp_constrained_pub_only_xcdr__py_to_cpp__1000000B__10Hz__shmem_ds__best_effort,publish,pub,py_to_cpp,constrained_pub_only,exp,xcdr,shmem_ds,1000000,10,1,measured,258,2026-09-09T14:24:10.247411Z,157043909546545,157043909546545,157043909546545,-1,-1,ok,
exp_constrained_pub_only_xcdr__py_to_cpp__1000000B__10Hz__shmem_ds__best_effort,publish,pub,py_to_cpp,constrained_pub_only,exp,xcdr,shmem_ds,1000000,10,1,measured,259,2026-09-09T14:24:10.347366Z,157044009503784,157044009503784,157044009503784,-1,-1,ok,
exp_constrained_pub_only_xcdr__py_to_cpp__1000000B__10Hz__shmem_ds__best_effort,publish,pub,py_to_cpp,constrained_pub_only,exp,xcdr,shmem_ds,1000000,10,1,measured,260,2026-09-09T14:24:10.448040Z,157044110181761,157044110181761,157044110181761,-1,-1,ok,
exp_constrained_pub_only_xcdr__py_to_cpp__1000000B__10Hz__shmem_ds__best_effort,publish,pub,py_to_cpp,constrained_pub_only,exp,xcdr,shmem_ds,1000000,10,1,measured,261,2026-09-09T14:24:10.548841Z,157044210967489,157044210967489,157044210967489,-1,-1,ok,
exp_constrained_pub_only_xcdr__py_to_cpp__1000000B__10Hz__shmem_ds__best_effort,publish,pub,py_to_cpp,constrained_pub_only,exp,xcdr,shmem_ds,1000000,10,1,measured,262,2026-09-09T14:24:10.649660Z,157044311796298,157044311796298,157044311796298,-1,-1,ok,
exp_constrained_pub_only_xcdr__py_to_cpp__1000000B__10Hz__shmem_ds__best_effort,publish,pub,py_to_cpp,constrained_pub_only,exp,xcdr,shmem_ds,1000000,10,1,measured,263,2026-09-09T14:24:10.749281Z,157044411417087,157044411417087,157044411417087,-1,-1,ok,
exp_constrained_pub_only_xcdr__py_to_cpp__1000000B__10Hz__shmem_ds__best_effort,publish,pub,py_to_cpp,constrained_pub_only,exp,xcdr,shmem_ds,1000000,10,1,measured,264,2026-09-09T14:24:10.848617Z,157044510728507,157044510728507,157044510728507,-1,-1,ok,
exp_constrained_pub_only_xcdr__py_to_cpp__1000000B__10Hz__shmem_ds__best_effort,publish,pub,py_to_cpp,constrained_pub_only,exp,xcdr,shmem_ds,1000000,10,1,measured,265,2026-09-09T14:24:10.949384Z,157044611504437,157044611504437,157044611504437,-1,-1,ok,
exp_constrained_pub_only_xcdr__py_to_cpp__1000000B__10Hz__shmem_ds__best_effort,publish,pub,py_to_cpp,constrained_pub_only,exp,xcdr,shmem_ds,1000000,10,1,measured,266,2026-09-09T14:24:11.049945Z,157044712055078,157044712055078,157044712055078,-1,-1,ok,
exp_constrained_pub_only_xcdr__py_to_cpp__1000000B__10Hz__shmem_ds__best_effort,publish,pub,py_to_cpp,constrained_pub_only,exp,xcdr,shmem_ds,1000000,10,1,measured,267,2026-09-09T14:24:11.149848Z,157044811997604,157044811997604,157044811997604,-1,-1,ok,
exp_constrained_pub_only_xcdr__py_to_cpp__1000000B__10Hz__shmem_ds__best_effort,publish,pub,py_to_cpp,constrained_pub_only,exp,xcdr,shmem_ds,1000000,10,1,measured,268,2026-09-09T14:24:11.250833Z,157044912974054,157044912974054,157044912974054,-1,-1,ok,
exp_constrained_pub_only_xcdr__py_to_cpp__1000000B__10Hz__shmem_ds__best_effort,publish,pub,py_to_cpp,constrained_pub_only,exp,xcdr,shmem_ds,1000000,10,1,measured,269,2026-09-09T14:24:11.351220Z,157045013341024,157045013341024,157045013341024,-1,-1,ok,
exp_constrained_pub_only_xcdr__py_to_cpp__1000000B__10Hz__shmem_ds__best_effort,publish,pub,py_to_cpp,constrained_pub_only,exp,xcdr,shmem_ds,1000000,10,1,measured,270,2026-09-09T14:24:11.450276Z,157045112396931,157045112396931,157045112396931,-1,-1,ok,
exp_constrained_pub_only_xcdr__py_to_cpp__1000000B__10Hz__shmem_ds__best_effort,publish,pub,py_to_cpp,constrained_pub_only,exp,xcdr,shmem_ds,1000000,10,1,measured,271,2026-09-09T14:24:11.551018Z,157045213139284,157045213139284,157045213139284,-1,-1,ok,
exp_constrained_pub_only_xcdr__py_to_cpp__1000000B__10Hz__shmem_ds__best_effort,publish,pub,py_to_cpp,constrained_pub_only,exp,xcdr,shmem_ds,1000000,10,1,measured,272,2026-09-09T14:24:11.650554Z,157045312662074,157045312662074,157045312662074,-1,-1,ok,
exp_constrained_pub_only_xcdr__py_to_cpp__1000000B__10Hz__shmem_ds__best_effort,publish,pub,py_to_cpp,constrained_pub_only,exp,xcdr,shmem_ds,1000000,10,1,measured,273,2026-09-09T14:24:11.750648Z,157045412793634,157045412793634,157045412793634,-1,-1,ok,
exp_constrained_pub_only_xcdr__py_to_cpp__1000000B__10Hz__shmem_ds__best_effort,publish,pub,py_to_cpp,constrained_pub_only,exp,xcdr,shmem_ds,1000000,10,1,measured,274,2026-09-09T14:24:11.851752Z,157045513846718,157045513846718,157045513846718,-1,-1,ok,
exp_constrained_pub_only_xcdr__py_to_cpp__1000000B__10Hz__shmem_ds__best_effort,publish,pub,py_to_cpp,constrained_pub_only,exp,xcdr,shmem_ds,1000000,10,1,measured,275,2026-09-09T14:24:11.951003Z,157045613121224,157045613121224,157045613121224,-1,-1,ok,
exp_constrained_pub_only_xcdr__py_to_cpp__1000000B__10Hz__shmem_ds__best_effort,publish,pub,py_to_cpp,constrained_pub_only,exp,xcdr,shmem_ds,1000000,10,1,measured,276,2026-09-09T14:24:12.050181Z,157045712308600,157045712308600,157045712308600,-1,-1,ok,
exp_constrained_pub_only_xcdr__py_to_cpp__1000000B__10Hz__shmem_ds__best_effort,publish,pub,py_to_cpp,constrained_pub_only,exp,xcdr,shmem_ds,1000000,10,1,measured,277,2026-09-09T14:24:12.149415Z,157045811561270,157045811561270,157045811561270,-1,-1,ok,
exp_constrained_pub_only_xcdr__py_to_cpp__1000000B__10Hz__shmem_ds__best_effort,publish,pub,py_to_cpp,constrained_pub_only,exp,xcdr,shmem_ds,1000000,10,1,measured,278,2026-09-09T14:24:12.249439Z,157045911541261,157045911541261,157045911541261,-1,-1,ok,
exp_constrained_pub_only_xcdr__py_to_cpp__1000000B__10Hz__shmem_ds__best_effort,publish,pub,py_to_cpp,constrained_pub_only,exp,xcdr,shmem_ds,1000000,10,1,measured,279,2026-09-09T14:24:12.348905Z,157046011059108,157046011059108,157046011059108,-1,-1,ok,
exp_constrained_pub_only_xcdr__py_to_cpp__1000000B__10Hz__shmem_ds__best_effort,publish,pub,py_to_cpp,constrained_pub_only,exp,xcdr,shmem_ds,1000000,10,1,measured,280,2026-09-09T14:24:12.449183Z,157046111339190,157046111339190,157046111339190,-1,-1,ok,
exp_constrained_pub_only_xcdr__py_to_cpp__1000000B__10Hz__shmem_ds__best_effort,publish,pub,py_to_cpp,constrained_pub_only,exp,xcdr,shmem_ds,1000000,10,1,measured,281,2026-09-09T14:24:12.549641Z,157046211764344,157046211764344,157046211764344,-1,-1,ok,
exp_constrained_pub_only_xcdr__py_to_cpp__1000000B__10Hz__shmem_ds__best_effort,publish,pub,py_to_cpp,constrained_pub_only,exp,xcdr,shmem_ds,1000000,10,1,measured,282,2026-09-09T14:24:12.649224Z,157046311349617,157046311349617,157046311349617,-1,-1,ok,
exp_constrained_pub_only_xcdr__py_to_cpp__1000000B__10Hz__shmem_ds__best_effort,publish,pub,py_to_cpp,constrained_pub_only,exp,xcdr,shmem_ds,1000000,10,1,measured,283,2026-09-09T14:24:12.749334Z,157046411434515,157046411434515,157046411434515,-1,-1,ok,
exp_constrained_pub_only_xcdr__py_to_cpp__1000000B__10Hz__shmem_ds__best_effort,publish,pub,py_to_cpp,constrained_pub_only,exp,xcdr,shmem_ds,1000000,10,1,measured,284,2026-09-09T14:24:12.848906Z,157046511043782,157046511043782,157046511043782,-1,-1,ok,
exp_constrained_pub_only_xcdr__py_to_cpp__1000000B__10Hz__shmem_ds__best_effort,publish,pub,py_to_cpp,constrained_pub_only,exp,xcdr,shmem_ds,1000000,10,1,measured,285,2026-09-09T14:24:12.948585Z,157046610717530,157046610717530,157046610717530,-1,-1,ok,
exp_constrained_pub_only_xcdr__py_to_cpp__1000000B__10Hz__shmem_ds__best_effort,publish,pub,py_to_cpp,constrained_pub_only,exp,xcdr,shmem_ds,1000000,10,1,measured,286,2026-09-09T14:24:13.049502Z,157046711648122,157046711648122,157046711648122,-1,-1,ok,
exp_constrained_pub_only_xcdr__py_to_cpp__1000000B__10Hz__shmem_ds__best_effort,publish,pub,py_to_cpp,constrained_pub_only,exp,xcdr,shmem_ds,1000000,10,1,measured,287,2026-09-09T14:24:13.150466Z,157046812585439,157046812585439,157046812585439,-1,-1,ok,
exp_constrained_pub_only_xcdr__py_to_cpp__1000000B__10Hz__shmem_ds__best_effort,publish,pub,py_to_cpp,constrained_pub_only,exp,xcdr,shmem_ds,1000000,10,1,measured,288,2026-09-09T14:24:13.249562Z,157046911698633,157046911698633,157046911698633,-1,-1,ok,
exp_constrained_pub_only_xcdr__py_to_cpp__1000000B__10Hz__shmem_ds__best_effort,publish,pub,py_to_cpp,constrained_pub_only,exp,xcdr,shmem_ds,1000000,10,1,measured,289,2026-09-09T14:24:13.349181Z,157047011304459,157047011304459,157047011304459,-1,-1,ok,
exp_constrained_pub_only_xcdr__py_to_cpp__1000000B__10Hz__shmem_ds__best_effort,publish,pub,py_to_cpp,constrained_pub_only,exp,xcdr,shmem_ds,1000000,10,1,measured,290,2026-09-09T14:24:13.449017Z,157047111142790,157047111142790,157047111142790,-1,-1,ok,
exp_constrained_pub_only_xcdr__py_to_cpp__1000000B__10Hz__shmem_ds__best_effort,publish,pub,py_to_cpp,constrained_pub_only,exp,xcdr,shmem_ds,1000000,10,1,measured,291,2026-09-09T14:24:13.548101Z,157047210194910,157047210194910,157047210194910,-1,-1,ok,
exp_constrained_pub_only_xcdr__py_to_cpp__1000000B__10Hz__shmem_ds__best_effort,publish,pub,py_to_cpp,constrained_pub_only,exp,xcdr,shmem_ds,1000000,10,1,measured,292,2026-09-09T14:24:13.648461Z,157047310613327,157047310613327,157047310613327,-1,-1,ok,
exp_constrained_pub_only_xcdr__py_to_cpp__1000000B__10Hz__shmem_ds__best_effort,publish,pub,py_to_cpp,constrained_pub_only,exp,xcdr,shmem_ds,1000000,10,1,measured,293,2026-09-09T14:24:13.748599Z,157047410766577,157047410766577,157047410766577,-1,-1,ok,
exp_constrained_pub_only_xcdr__py_to_cpp__1000000B__10Hz__shmem_ds__best_effort,publish,pub,py_to_cpp,constrained_pub_only,exp,xcdr,shmem_ds,1000000,10,1,measured,294,2026-09-09T14:24:13.848425Z,157047510565594,157047510565594,157047510565594,-1,-1,ok,
exp_constrained_pub_only_xcdr__py_to_cpp__1000000B__10Hz__shmem_ds__best_effort,publish,pub,py_to_cpp,constrained_pub_only,exp,xcdr,shmem_ds,1000000,10,1,measured,295,2026-09-09T14:24:13.948701Z,157047610823239,157047610823239,157047610823239,-1,-1,ok,
exp_constrained_pub_only_xcdr__py_to_cpp__1000000B__10Hz__shmem_ds__best_effort,publish,pub,py_to_cpp,constrained_pub_only,exp,xcdr,shmem_ds,1000000,10,1,measured,296,2026-09-09T14:24:14.048727Z,157047710864612,157047710864612,157047710864612,-1,-1,ok,
exp_constrained_pub_only_xcdr__py_to_cpp__1000000B__10Hz__shmem_ds__best_effort,publish,pub,py_to_cpp,constrained_pub_only,exp,xcdr,shmem_ds,1000000,10,1,measured,297,2026-09-09T14:24:14.148547Z,157047810708288,157047810708288,157047810708288,-1,-1,ok,
exp_constrained_pub_only_xcdr__py_to_cpp__1000000B__10Hz__shmem_ds__best_effort,publish,pub,py_to_cpp,constrained_pub_only,exp,xcdr,shmem_ds,1000000,10,1,measured,298,2026-09-09T14:24:14.247528Z,157047909634498,157047909634498,157047909634498,-1,-1,ok,
exp_constrained_pub_only_xcdr__py_to_cpp__1000000B__10Hz__shmem_ds__best_effort,publish,pub,py_to_cpp,constrained_pub_only,exp,xcdr,shmem_ds,1000000,10,1,measured,299,2026-09-09T14:24:14.346918Z,157048009047608,157048009047608,157048009047608,-1,-1,ok,
exp_constrained_pub_only_xcdr__py_to_cpp__1000000B__10Hz__shmem_ds__best_effort,publish,pub,py_to_cpp,constrained_pub_only,exp,xcdr,shmem_ds,1000000,10,1,measured,300,2026-09-09T14:24:14.447890Z,157048109965734,157048109965734,157048109965734,-1,-1,ok,
exp_constrained_pub_only_xcdr__py_to_cpp__1000000B__10Hz__shmem_ds__best_effort,receive,sub,py_to_cpp,constrained_pub_only,exp,xcdr,shmem_ds,1000000,10,1,measured,0,2026-09-09T14:23:44.452662Z,157018114861265,157018114484501,157018114861265,1788963824452339207,1788963824452410150,ok,
exp_constrained_pub_only_xcdr__py_to_cpp__1000000B__10Hz__shmem_ds__best_effort,receive,sub,py_to_cpp,constrained_pub_only,exp,xcdr,shmem_ds,1000000,10,1,measured,1,2026-09-09T14:23:44.552663Z,157018214861380,157018214748680,157018214861380,1788963824552583248,1788963824552616100,ok,
exp_constrained_pub_only_xcdr__py_to_cpp__1000000B__10Hz__shmem_ds__best_effort,receive,sub,py_to_cpp,constrained_pub_only,exp,xcdr,shmem_ds,1000000,10,1,measured,2,2026-09-09T14:23:44.651400Z,157018313598244,157018313448885,157018313598244,1788963824651287581,1788963824651337565,ok,
exp_constrained_pub_only_xcdr__py_to_cpp__1000000B__10Hz__shmem_ds__best_effort,receive,sub,py_to_cpp,constrained_pub_only,exp,xcdr,shmem_ds,1000000,10,1,measured,3,2026-09-09T14:23:44.751086Z,157018413276116,157018413112150,157018413276116,1788963824750962839,1788963824751009756,ok,
exp_constrained_pub_only_xcdr__py_to_cpp__1000000B__10Hz__shmem_ds__best_effort,receive,sub,py_to_cpp,constrained_pub_only,exp,xcdr,shmem_ds,1000000,10,1,measured,4,2026-09-09T14:23:44.850446Z,157018512644391,157018512519998,157018512644391,1788963824850354316,1788963824850393399,ok,
exp_constrained_pub_only_xcdr__py_to_cpp__1000000B__10Hz__shmem_ds__best_effort,receive,sub,py_to_cpp,constrained_pub_only,exp,xcdr,shmem_ds,1000000,10,1,measured,5,2026-09-09T14:23:44.950929Z,157018613128180,157018613028163,157018613128180,1788963824950859616,1788963824950887458,ok,
exp_constrained_pub_only_xcdr__py_to_cpp__1000000B__10Hz__shmem_ds__best_effort,receive,sub,py_to_cpp,constrained_pub_only,exp,xcdr,shmem_ds,1000000,10,1,measured,6,2026-09-09T14:23:45.051276Z,157018713474745,157018713359449,157018713474745,1788963825051192986,1788963825051228793,ok,
exp_constrained_pub_only_xcdr__py_to_cpp__1000000B__10Hz__shmem_ds__best_effort,receive,sub,py_to_cpp,constrained_pub_only,exp,xcdr,shmem_ds,1000000,10,1,measured,7,2026-09-09T14:23:45.151787Z,157018813985491,157018813867730,157018813985491,1788963825151699544,1788963825151737826,ok,
exp_constrained_pub_only_xcdr__py_to_cpp__1000000B__10Hz__shmem_ds__best_effort,receive,sub,py_to_cpp,constrained_pub_only,exp,xcdr,shmem_ds,1000000,10,1,measured,8,2026-09-09T14:23:45.250876Z,157018913075849,157018913010187,157018913075849,1788963825250831871,1788963825250852249,ok,
exp_constrained_pub_only_xcdr__py_to_cpp__1000000B__10Hz__shmem_ds__best_effort,receive,sub,py_to_cpp,constrained_pub_only,exp,xcdr,shmem_ds,1000000,10,1,measured,9,2026-09-09T14:23:45.350948Z,157019013146381,157019013044390,157019013146381,1788963825350871856,1788963825350901060,ok,
exp_constrained_pub_only_xcdr__py_to_cpp__1000000B__10Hz__shmem_ds__best_effort,receive,sub,py_to_cpp,constrained_pub_only,exp,xcdr,shmem_ds,1000000,10,1,measured,10,2026-09-09T14:23:45.450025Z,157019112224238,157019112126395,157019112224238,1788963825449953260,1788963825449982094,ok,
exp_constrained_pub_only_xcdr__py_to_cpp__1000000B__10Hz__shmem_ds__best_effort,receive,sub,py_to_cpp,constrained_pub_only,exp,xcdr,shmem_ds,1000000,10,1,measured,11,2026-09-09T14:23:45.549120Z,157019211318364,157019211176419,157019211318364,1788963825549013112,1788963825549052525,ok,
exp_constrained_pub_only_xcdr__py_to_cpp__1000000B__10Hz__shmem_ds__best_effort,receive,sub,py_to_cpp,constrained_pub_only,exp,xcdr,shmem_ds,1000000,10,1,measured,12,2026-09-09T14:23:45.649196Z,157019311394798,157019311292847,157019311394798,1788963825649131974,1788963825649156610,ok,
exp_constrained_pub_only_xcdr__py_to_cpp__1000000B__10Hz__shmem_ds__best_effort,receive,sub,py_to_cpp,constrained_pub_only,exp,xcdr,shmem_ds,1000000,10,1,measured,13,2026-09-09T14:23:45.748284Z,157019410482752,157019410391431,157019410482752,1788963825748217534,1788963825748240697,ok,
exp_constrained_pub_only_xcdr__py_to_cpp__1000000B__10Hz__shmem_ds__best_effort,receive,sub,py_to_cpp,constrained_pub_only,exp,xcdr,shmem_ds,1000000,10,1,measured,14,2026-09-09T14:23:45.847653Z,157019509852044,157019509728053,157019509852044,1788963825847562531,1788963825847594401,ok,
exp_constrained_pub_only_xcdr__py_to_cpp__1000000B__10Hz__shmem_ds__best_effort,receive,sub,py_to_cpp,constrained_pub_only,exp,xcdr,shmem_ds,1000000,10,1,measured,15,2026-09-09T14:23:45.947584Z,157019609782815,157019609696414,157019609782815,1788963825947522326,1788963825947545349,ok,
exp_constrained_pub_only_xcdr__py_to_cpp__1000000B__10Hz__shmem_ds__best_effort,receive,sub,py_to_cpp,constrained_pub_only,exp,xcdr,shmem_ds,1000000,10,1,measured,16,2026-09-09T14:23:46.047983Z,157019710181263,157019710098909,157019710181263,1788963826047922627,1788963826047942404,ok,
exp_constrained_pub_only_xcdr__py_to_cpp__1000000B__10Hz__shmem_ds__best_effort,receive,sub,py_to_cpp,constrained_pub_only,exp,xcdr,shmem_ds,1000000,10,1,measured,17,2026-09-09T14:23:46.147256Z,157019809454330,157019809387545,157019809454330,1788963826147208047,1788963826147220310,ok,
exp_constrained_pub_only_xcdr__py_to_cpp__1000000B__10Hz__shmem_ds__best_effort,receive,sub,py_to_cpp,constrained_pub_only,exp,xcdr,shmem_ds,1000000,10,1,measured,18,2026-09-09T14:23:46.247401Z,157019909600540,157019909547070,157019909600540,1788963826247365468,1788963826247378543,ok,
exp_constrained_pub_only_xcdr__py_to_cpp__1000000B__10Hz__shmem_ds__best_effort,receive,sub,py_to_cpp,constrained_pub_only,exp,xcdr,shmem_ds,1000000,10,1,measured,19,2026-09-09T14:23:46.348378Z,157020010576739,157020010411620,157020010576739,1788963826348258672,1788963826348311601,ok,
exp_constrained_pub_only_xcdr__py_to_cpp__1000000B__10Hz__shmem_ds__best_effort,receive,sub,py_to_cpp,constrained_pub_only,exp,xcdr,shmem_ds,1000000,10,1,measured,20,2026-09-09T14:23:46.447503Z,157020109701498,157020109603265,157020109701498,1788963826447431922,1788963826447460826,ok,
exp_constrained_pub_only_xcdr__py_to_cpp__1000000B__10Hz__shmem_ds__best_effort,receive,sub,py_to_cpp,constrained_pub_only,exp,xcdr,shmem_ds,1000000,10,1,measured,21,2026-09-09T14:23:46.547962Z,157020210160702,157020210041479,157020210160702,1788963826547876268,1788963826547909350,ok,
exp_constrained_pub_only_xcdr__py_to_cpp__1000000B__10Hz__shmem_ds__best_effort,receive,sub,py_to_cpp,constrained_pub_only,exp,xcdr,shmem_ds,1000000,10,1,measured,22,2026-09-09T14:23:46.648313Z,157020310511854,157020310378425,157020310511854,1788963826648217622,1788963826648255914,ok,
exp_constrained_pub_only_xcdr__py_to_cpp__1000000B__10Hz__shmem_ds__best_effort,receive,sub,py_to_cpp,constrained_pub_only,exp,xcdr,shmem_ds,1000000,10,1,measured,23,2026-09-09T14:23:46.748129Z,157020410326794,157020410194978,157020410326794,1788963826748032352,1788963826748063790,ok,
exp_constrained_pub_only_xcdr__py_to_cpp__1000000B__10Hz__shmem_ds__best_effort,receive,sub,py_to_cpp,constrained_pub_only,exp,xcdr,shmem_ds,1000000,10,1,measured,24,2026-09-09T14:23:46.847325Z,157020509523618,157020509408162,157020509523618,1788963826847239485,1788963826847270212,ok,
exp_constrained_pub_only_xcdr__py_to_cpp__1000000B__10Hz__shmem_ds__best_effort,receive,sub,py_to_cpp,constrained_pub_only,exp,xcdr,shmem_ds,1000000,10,1,measured,25,2026-09-09T14:23:46.948328Z,157020610526028,157020610409209,157020610526028,1788963826948244620,1788963826948275107,ok,
exp_constrained_pub_only_xcdr__py_to_cpp__1000000B__10Hz__shmem_ds__best_effort,receive,sub,py_to_cpp,constrained_pub_only,exp,xcdr,shmem_ds,1000000,10,1,measured,26,2026-09-09T14:23:47.047865Z,157020710064583,157020709968894,157020710064583,1788963827047797441,1788963827047826846,ok,
exp_constrained_pub_only_xcdr__py_to_cpp__1000000B__10Hz__shmem_ds__best_effort,receive,sub,py_to_cpp,constrained_pub_only,exp,xcdr,shmem_ds,1000000,10,1,measured,27,2026-09-09T14:23:47.147004Z,157020809202362,157020809110871,157020809202362,1788963827146939759,1788963827146965907,ok,
exp_constrained_pub_only_xcdr__py_to_cpp__1000000B__10Hz__shmem_ds__best_effort,receive,sub,py_to_cpp,constrained_pub_only,exp,xcdr,shmem_ds,1000000,10,1,measured,28,2026-09-09T14:23:47.246125Z,157020908324151,157020908255773,157020908324151,1788963827246075373,1788963827246096313,ok,
exp_constrained_pub_only_xcdr__py_to_cpp__1000000B__10Hz__shmem_ds__best_effort,receive,sub,py_to_cpp,constrained_pub_only,exp,xcdr,shmem_ds,1000000,10,1,measured,29,2026-09-09T14:23:47.347053Z,157021009251405,157021009152770,157021009251405,1788963827346982961,1788963827347007667,ok,
exp_constrained_pub_only_xcdr__py_to_cpp__1000000B__10Hz__shmem_ds__best_effort,receive,sub,py_to_cpp,constrained_pub_only,exp,xcdr,shmem_ds,1000000,10,1,measured,30,2026-09-09T14:23:47.447153Z,157021109352104,157021109286421,157021109352104,1788963827447106993,1788963827447126891,ok,
exp_constrained_pub_only_xcdr__py_to_cpp__1000000B__10Hz__shmem_ds__best_effort,receive,sub,py_to_cpp,constrained_pub_only,exp,xcdr,shmem_ds,1000000,10,1,measured,31,2026-09-09T14:23:47.547837Z,157021210035803,157021209902614,157021210035803,1788963827547732043,1788963827547761448,ok,
exp_constrained_pub_only_xcdr__py_to_cpp__1000000B__10Hz__shmem_ds__best_effort,receive,sub,py_to_cpp,constrained_pub_only,exp,xcdr,shmem_ds,1000000,10,1,measured,32,2026-09-09T14:23:47.648151Z,157021310339942,157021310225748,157021310339942,1788963827648054246,1788963827648087057,ok,
exp_constrained_pub_only_xcdr__py_to_cpp__1000000B__10Hz__shmem_ds__best_effort,receive,sub,py_to_cpp,constrained_pub_only,exp,xcdr,shmem_ds,1000000,10,1,measured,33,2026-09-09T14:23:47.748167Z,157021410364740,157021410290922,157021410364740,1788963827748114099,1788963827748129618,ok,
exp_constrained_pub_only_xcdr__py_to_cpp__1000000B__10Hz__shmem_ds__best_effort,receive,sub,py_to_cpp,constrained_pub_only,exp,xcdr,shmem_ds,1000000,10,1,measured,34,2026-09-09T14:23:47.849241Z,157021511439509,157021511352547,157021511439509,1788963827849177958,1788963827849201733,ok,
exp_constrained_pub_only_xcdr__py_to_cpp__1000000B__10Hz__shmem_ds__best_effort,receive,sub,py_to_cpp,constrained_pub_only,exp,xcdr,shmem_ds,1000000,10,1,measured,35,2026-09-09T14:23:47.948861Z,157021611059520,157021610945487,157021611059520,1788963827948778653,1788963827948813438,ok,
exp_constrained_pub_only_xcdr__py_to_cpp__1000000B__10Hz__shmem_ds__best_effort,receive,sub,py_to_cpp,constrained_pub_only,exp,xcdr,shmem_ds,1000000,10,1,measured,36,2026-09-09T14:23:48.048988Z,157021711186210,157021711083278,157021711186210,1788963828048914240,1788963828048939417,ok,
exp_constrained_pub_only_xcdr__py_to_cpp__1000000B__10Hz__shmem_ds__best_effort,receive,sub,py_to_cpp,constrained_pub_only,exp,xcdr,shmem_ds,1000000,10,1,measured,37,2026-09-09T14:23:48.149745Z,157021811942580,157021811852461,157021811942580,1788963828149677702,1788963828149701166,ok,
exp_constrained_pub_only_xcdr__py_to_cpp__1000000B__10Hz__shmem_ds__best_effort,receive,sub,py_to_cpp,constrained_pub_only,exp,xcdr,shmem_ds,1000000,10,1,measured,38,2026-09-09T14:23:48.249929Z,157021912128604,157021912054034,157021912128604,1788963828249876300,1788963828249893592,ok,
exp_constrained_pub_only_xcdr__py_to_cpp__1000000B__10Hz__shmem_ds__best_effort,receive,sub,py_to_cpp,constrained_pub_only,exp,xcdr,shmem_ds,1000000,10,1,measured,39,2026-09-09T14:23:48.350503Z,157022012702122,157022012621411,157022012702122,1788963828350443687,1788963828350466730,ok,
exp_constrained_pub_only_xcdr__py_to_cpp__1000000B__10Hz__shmem_ds__best_effort,receive,sub,py_to_cpp,constrained_pub_only,exp,xcdr,shmem_ds,1000000,10,1,measured,40,2026-09-09T14:23:48.450632Z,157022112831460,157022112770055,157022112831460,1788963828450587962,1788963828450603632,ok,
exp_constrained_pub_only_xcdr__py_to_cpp__1000000B__10Hz__shmem_ds__best_effort,receive,sub,py_to_cpp,constrained_pub_only,exp,xcdr,shmem_ds,1000000,10,1,measured,41,2026-09-09T14:23:48.551362Z,157022213560138,157022213467565,157022213560138,1788963828551293007,1788963828551317713,ok,
exp_constrained_pub_only_xcdr__py_to_cpp__1000000B__10Hz__shmem_ds__best_effort,receive,sub,py_to_cpp,constrained_pub_only,exp,xcdr,shmem_ds,1000000,10,1,measured,42,2026-09-09T14:23:48.650556Z,157022312753936,157022312540618,157022312753936,1788963828650400944,1788963828650467619,ok,
exp_constrained_pub_only_xcdr__py_to_cpp__1000000B__10Hz__shmem_ds__best_effort,receive,sub,py_to_cpp,constrained_pub_only,exp,xcdr,shmem_ds,1000000,10,1,measured,43,2026-09-09T14:23:48.749797Z,157022411996226,157022411930453,157022411996226,1788963828749754191,1788963828749768729,ok,
exp_constrained_pub_only_xcdr__py_to_cpp__1000000B__10Hz__shmem_ds__best_effort,receive,sub,py_to_cpp,constrained_pub_only,exp,xcdr,shmem_ds,1000000,10,1,measured,44,2026-09-09T14:23:48.849336Z,157022511534739,157022511439070,157022511534739,1788963828849268219,1788963828849291382,ok,
exp_constrained_pub_only_xcdr__py_to_cpp__1000000B__10Hz__shmem_ds__best_effort,receive,sub,py_to_cpp,constrained_pub_only,exp,xcdr,shmem_ds,1000000,10,1,measured,45,2026-09-09T14:23:48.948473Z,157022610672282,157022610591722,157022610672282,1788963828948418416,1788963828948437321,ok,
exp_constrained_pub_only_xcdr__py_to_cpp__1000000B__10Hz__shmem_ds__best_effort,receive,sub,py_to_cpp,constrained_pub_only,exp,xcdr,shmem_ds,1000000,10,1,measured,46,2026-09-09T14:23:49.047852Z,157022710050858,157022709959507,157022710050858,1788963829047782364,1788963829047814224,ok,
exp_constrained_pub_only_xcdr__py_to_cpp__1000000B__10Hz__shmem_ds__best_effort,receive,sub,py_to_cpp,constrained_pub_only,exp,xcdr,shmem_ds,1000000,10,1,measured,47,2026-09-09T14:23:49.147028Z,157022809226248,157022809141369,157022809226248,1788963829146966580,1788963829146987028,ok,
exp_constrained_pub_only_xcdr__py_to_cpp__1000000B__10Hz__shmem_ds__best_effort,receive,sub,py_to_cpp,constrained_pub_only,exp,xcdr,shmem_ds,1000000,10,1,measured,48,2026-09-09T14:23:49.246750Z,157022908948900,157022908873479,157022908948900,1788963829246696426,1788963829246716534,ok,
exp_constrained_pub_only_xcdr__py_to_cpp__1000000B__10Hz__shmem_ds__best_effort,receive,sub,py_to_cpp,constrained_pub_only,exp,xcdr,shmem_ds,1000000,10,1,measured,49,2026-09-09T14:23:49.347002Z,157023009200873,157023009129510,157023009200873,1788963829346949571,1788963829346963968,ok,
exp_constrained_pub_only_xcdr__py_to_cpp__1000000B__10Hz__shmem_ds__best_effort,receive,sub,py_to_cpp,constrained_pub_only,exp,xcdr,shmem_ds,1000000,10,1,measured,50,2026-09-09T14:23:49.446584Z,157023108783033,157023108701761,157023108783033,1788963829446523465,1788963829446548382,ok,
exp_constrained_pub_only_xcdr__py_to_cpp__1000000B__10Hz__shmem_ds__best_effort,receive,sub,py_to_cpp,constrained_pub_only,exp,xcdr,shmem_ds,1000000,10,1,measured,51,2026-09-09T14:23:49.546278Z,157023208476861,157023208372666,157023208476861,1788963829546202797,1788963829546231621,ok,
exp_constrained_pub_only_xcdr__py_to_cpp__1000000B__10Hz__shmem_ds__best_effort,receive,sub,py_to_cpp,constrained_pub_only,exp,xcdr,shmem_ds,1000000,10,1,measured,52,2026-09-09T14:23:49.645869Z,157023308067488,157023307966439,157023308067488,1788963829645795507,1788963829645826916,ok,
exp_constrained_pub_only_xcdr__py_to_cpp__1000000B__10Hz__shmem_ds__best_effort,receive,sub,py_to_cpp,constrained_pub_only,exp,xcdr,shmem_ds,1000000,10,1,measured,53,2026-09-09T14:23:49.745198Z,157023407397045,157023407341872,157023407397045,1788963829745162424,1788963829745175228,ok,
exp_constrained_pub_only_xcdr__py_to_cpp__1000000B__10Hz__shmem_ds__best_effort,receive,sub,py_to_cpp,constrained_pub_only,exp,xcdr,shmem_ds,1000000,10,1,measured,54,2026-09-09T14:23:49.846269Z,157023508467527,157023508376607,157023508467527,1788963829846205555,1788963829846227076,ok,
exp_constrained_pub_only_xcdr__py_to_cpp__1000000B__10Hz__shmem_ds__best_effort,receive,sub,py_to_cpp,constrained_pub_only,exp,xcdr,shmem_ds,1000000,10,1,measured,55,2026-09-09T14:23:49.946408Z,157023608607290,157023608522311,157023608607290,1788963829946347833,1788963829946368271,ok,
exp_constrained_pub_only_xcdr__py_to_cpp__1000000B__10Hz__shmem_ds__best_effort,receive,sub,py_to_cpp,constrained_pub_only,exp,xcdr,shmem_ds,1000000,10,1,measured,56,2026-09-09T14:23:50.046468Z,157023708666664,157023708597415,157023708666664,1788963830046420272,1788963830046435179,ok,
exp_constrained_pub_only_xcdr__py_to_cpp__1000000B__10Hz__shmem_ds__best_effort,receive,sub,py_to_cpp,constrained_pub_only,exp,xcdr,shmem_ds,1000000,10,1,measured,57,2026-09-09T14:23:50.146005Z,157023808203996,157023808130268,157023808203996,1788963830145955399,1788963830145969365,ok,
exp_constrained_pub_only_xcdr__py_to_cpp__1000000B__10Hz__shmem_ds__best_effort,receive,sub,py_to_cpp,constrained_pub_only,exp,xcdr,shmem_ds,1000000,10,1,measured,58,2026-09-09T14:23:50.246667Z,157023908866260,157023908789797,157023908866260,1788963830246612133,1788963830246633633,ok,
exp_constrained_pub_only_xcdr__py_to_cpp__1000000B__10Hz__shmem_ds__best_effort,receive,sub,py_to_cpp,constrained_pub_only,exp,xcdr,shmem_ds,1000000,10,1,measured,59,2026-09-09T14:23:50.345920Z,157024008118188,157024008046965,157024008118188,1788963830345865273,1788963830345883467,ok,
exp_constrained_pub_only_xcdr__py_to_cpp__1000000B__10Hz__shmem_ds__best_effort,receive,sub,py_to_cpp,constrained_pub_only,exp,xcdr,shmem_ds,1000000,10,1,measured,60,2026-09-09T14:23:50.445565Z,157024107756778,157024107673252,157024107756778,1788963830445497702,1788963830445518000,ok,
exp_constrained_pub_only_xcdr__py_to_cpp__1000000B__10Hz__shmem_ds__best_effort,receive,sub,py_to_cpp,constrained_pub_only,exp,xcdr,shmem_ds,1000000,10,1,measured,61,2026-09-09T14:23:50.546689Z,157024208887559,157024208781691,157024208887559,1788963830546612353,1788963830546641958,ok,
exp_constrained_pub_only_xcdr__py_to_cpp__1000000B__10Hz__shmem_ds__best_effort,receive,sub,py_to_cpp,constrained_pub_only,exp,xcdr,shmem_ds,1000000,10,1,measured,62,2026-09-09T14:23:50.647034Z,157024309230928,157024309051663,157024309230928,1788963830646901660,1788963830646955732,ok,
exp_constrained_pub_only_xcdr__py_to_cpp__1000000B__10Hz__shmem_ds__best_effort,receive,sub,py_to_cpp,constrained_pub_only,exp,xcdr,shmem_ds,1000000,10,1,measured,63,2026-09-09T14:23:50.747055Z,157024409253687,157024409155193,157024409253687,1788963830746987337,1788963830747013506,ok,
exp_constrained_pub_only_xcdr__py_to_cpp__1000000B__10Hz__shmem_ds__best_effort,receive,sub,py_to_cpp,constrained_pub_only,exp,xcdr,shmem_ds,1000000,10,1,measured,64,2026-09-09T14:23:50.847343Z,157024509541622,157024509443107,157024509541622,1788963830847270282,1788963830847298215,ok,
exp_constrained_pub_only_xcdr__py_to_cpp__1000000B__10Hz__shmem_ds__best_effort,receive,sub,py_to_cpp,constrained_pub_only,exp,xcdr,shmem_ds,1000000,10,1,measured,65,2026-09-09T14:23:50.948050Z,157024610249482,157024610163751,157024610249482,1788963830947992138,1788963830948012587,ok,
exp_constrained_pub_only_xcdr__py_to_cpp__1000000B__10Hz__shmem_ds__best_effort,receive,sub,py_to_cpp,constrained_pub_only,exp,xcdr,shmem_ds,1000000,10,1,measured,66,2026-09-09T14:23:51.048674Z,157024710872054,157024710750486,157024710872054,1788963831048584514,1788963831048616694,ok,
exp_constrained_pub_only_xcdr__py_to_cpp__1000000B__10Hz__shmem_ds__best_effort,receive,sub,py_to_cpp,constrained_pub_only,exp,xcdr,shmem_ds,1000000,10,1,measured,67,2026-09-09T14:23:51.148291Z,157024810488448,157024810396306,157024810488448,1788963831148223962,1788963831148248438,ok,
exp_constrained_pub_only_xcdr__py_to_cpp__1000000B__10Hz__shmem_ds__best_effort,receive,sub,py_to_cpp,constrained_pub_only,exp,xcdr,shmem_ds,1000000,10,1,measured,68,2026-09-09T14:23:51.247026Z,157024909224797,157024909149947,157024909224797,1788963831246974627,1788963831246992020,ok,
exp_constrained_pub_only_xcdr__py_to_cpp__1000000B__10Hz__shmem_ds__best_effort,receive,sub,py_to_cpp,constrained_pub_only,exp,xcdr,shmem_ds,1000000,10,1,measured,69,2026-09-09T14:23:51.346779Z,157025008978739,157025008921351,157025008978739,1788963831346740080,1788963831346755690,ok,
exp_constrained_pub_only_xcdr__py_to_cpp__1000000B__10Hz__shmem_ds__best_effort,receive,sub,py_to_cpp,constrained_pub_only,exp,xcdr,shmem_ds,1000000,10,1,measured,70,2026-09-09T14:23:51.446194Z,157025108393586,157025108332993,157025108393586,1788963831446150760,1788963831446166369,ok,
exp_constrained_pub_only_xcdr__py_to_cpp__1000000B__10Hz__shmem_ds__best_effort,receive,sub,py_to_cpp,constrained_pub_only,exp,xcdr,shmem_ds,1000000,10,1,measured,71,2026-09-09T14:23:51.545949Z,157025208147397,157025208042331,157025208147397,1788963831545879735,1788963831545907567,ok,
exp_constrained_pub_only_xcdr__py_to_cpp__1000000B__10Hz__shmem_ds__best_effort,receive,sub,py_to_cpp,constrained_pub_only,exp,xcdr,shmem_ds,1000000,10,1,measured,72,2026-09-09T14:23:51.646826Z,157025309024909,157025308938317,157025309024909,1788963831646769580,1788963831646789908,ok,
exp_constrained_pub_only_xcdr__py_to_cpp__1000000B__10Hz__shmem_ds__best_effort,receive,sub,py_to_cpp,constrained_pub_only,exp,xcdr,shmem_ds,1000000,10,1,measured,73,2026-09-09T14:23:51.747475Z,157025409673945,157025409608442,157025409673945,1788963831747432000,1788963831747447950,ok,
exp_constrained_pub_only_xcdr__py_to_cpp__1000000B__10Hz__shmem_ds__best_effort,receive,sub,py_to_cpp,constrained_pub_only,exp,xcdr,shmem_ds,1000000,10,1,measured,74,2026-09-09T14:23:51.846963Z,157025509161568,157025509063835,157025509161568,1788963831846890059,1788963831846916268,ok,
exp_constrained_pub_only_xcdr__py_to_cpp__1000000B__10Hz__shmem_ds__best_effort,receive,sub,py_to_cpp,constrained_pub_only,exp,xcdr,shmem_ds,1000000,10,1,measured,75,2026-09-09T14:23:51.947185Z,157025609383955,157025609300630,157025609383955,1788963831947126742,1788963831947145137,ok,
exp_constrained_pub_only_xcdr__py_to_cpp__1000000B__10Hz__shmem_ds__best_effort,receive,sub,py_to_cpp,constrained_pub_only,exp,xcdr,shmem_ds,1000000,10,1,measured,76,2026-09-09T14:23:52.047206Z,157025709404077,157025709311814,157025709404077,1788963832047137196,1788963832047163405,ok,
exp_constrained_pub_only_xcdr__py_to_cpp__1000000B__10Hz__shmem_ds__best_effort,receive,sub,py_to_cpp,constrained_pub_only,exp,xcdr,shmem_ds,1000000,10,1,measured,77,2026-09-09T14:23:52.147861Z,157025810059469,157025809968659,157025810059469,1788963832147794401,1788963832147821712,ok,
exp_constrained_pub_only_xcdr__py_to_cpp__1000000B__10Hz__shmem_ds__best_effort,receive,sub,py_to_cpp,constrained_pub_only,exp,xcdr,shmem_ds,1000000,10,1,measured,78,2026-09-09T14:23:52.247869Z,157025910067801,157025909975528,157025910067801,1788963832247805729,1788963832247826898,ok,
exp_constrained_pub_only_xcdr__py_to_cpp__1000000B__10Hz__shmem_ds__best_effort,receive,sub,py_to_cpp,constrained_pub_only,exp,xcdr,shmem_ds,1000000,10,1,measured,79,2026-09-09T14:23:52.347532Z,157026009731579,157026009669683,157026009731579,1788963832347489274,1788963832347505705,ok,
exp_constrained_pub_only_xcdr__py_to_cpp__1000000B__10Hz__shmem_ds__best_effort,receive,sub,py_to_cpp,constrained_pub_only,exp,xcdr,shmem_ds,1000000,10,1,measured,80,2026-09-09T14:23:52.446910Z,157026109109322,157026109047787,157026109109322,1788963832446866616,1788963832446881775,ok,
exp_constrained_pub_only_xcdr__py_to_cpp__1000000B__10Hz__shmem_ds__best_effort,receive,sub,py_to_cpp,constrained_pub_only,exp,xcdr,shmem_ds,1000000,10,1,measured,81,2026-09-09T14:23:52.547181Z,157026209379123,157026209270871,157026209379123,1788963832547103737,1788963832547131008,ok,
exp_constrained_pub_only_xcdr__py_to_cpp__1000000B__10Hz__shmem_ds__best_effort,receive,sub,py_to_cpp,constrained_pub_only,exp,xcdr,shmem_ds,1000000,10,1,measured,82,2026-09-09T14:23:52.646681Z,157026308880137,157026308754282,157026308880137,1788963832646589702,1788963832646626411,ok,
exp_constrained_pub_only_xcdr__py_to_cpp__1000000B__10Hz__shmem_ds__best_effort,receive,sub,py_to_cpp,constrained_pub_only,exp,xcdr,shmem_ds,1000000,10,1,measured,83,2026-09-09T14:23:52.746782Z,157026408980712,157026408879082,157026408980712,1788963832746713621,1788963832746740762,ok,
exp_constrained_pub_only_xcdr__py_to_cpp__1000000B__10Hz__shmem_ds__best_effort,receive,sub,py_to_cpp,constrained_pub_only,exp,xcdr,shmem_ds,1000000,10,1,measured,84,2026-09-09T14:23:52.847727Z,157026509924945,157026509826891,157026509924945,1788963832847654587,1788963832847682179,ok,
exp_constrained_pub_only_xcdr__py_to_cpp__1000000B__10Hz__shmem_ds__best_effort,receive,sub,py_to_cpp,constrained_pub_only,exp,xcdr,shmem_ds,1000000,10,1,measured,85,2026-09-09T14:23:52.947260Z,157026609458800,157026609345087,157026609458800,1788963832947177912,1788963832947208079,ok,
exp_constrained_pub_only_xcdr__py_to_cpp__1000000B__10Hz__shmem_ds__best_effort,receive,sub,py_to_cpp,constrained_pub_only,exp,xcdr,shmem_ds,1000000,10,1,measured,86,2026-09-09T14:23:53.046953Z,157026709151866,157026709051638,157026709151866,1788963833046886217,1788963833046911334,ok,
exp_constrained_pub_only_xcdr__py_to_cpp__1000000B__10Hz__shmem_ds__best_effort,receive,sub,py_to_cpp,constrained_pub_only,exp,xcdr,shmem_ds,1000000,10,1,measured,87,2026-09-09T14:23:53.147620Z,157026809818855,157026809752120,157026809818855,1788963833147576199,1788963833147591668,ok,
exp_constrained_pub_only_xcdr__py_to_cpp__1000000B__10Hz__shmem_ds__best_effort,receive,sub,py_to_cpp,constrained_pub_only,exp,xcdr,shmem_ds,1000000,10,1,measured,88,2026-09-09T14:23:53.247690Z,157026909889749,157026909816562,157026909889749,1788963833247638828,1788963833247659737,ok,
exp_constrained_pub_only_xcdr__py_to_cpp__1000000B__10Hz__shmem_ds__best_effort,receive,sub,py_to_cpp,constrained_pub_only,exp,xcdr,shmem_ds,1000000,10,1,measured,89,2026-09-09T14:23:53.347029Z,157027009227362,157027009104052,157027009227362,1788963833346940724,1788963833346974968,ok,
exp_constrained_pub_only_xcdr__py_to_cpp__1000000B__10Hz__shmem_ds__best_effort,receive,sub,py_to_cpp,constrained_pub_only,exp,xcdr,shmem_ds,1000000,10,1,measured,90,2026-09-09T14:23:53.446041Z,157027108239257,157027108157003,157027108239257,1788963833445981563,1788963833446007962,ok,
exp_constrained_pub_only_xcdr__py_to_cpp__1000000B__10Hz__shmem_ds__best_effort,receive,sub,py_to_cpp,constrained_pub_only,exp,xcdr,shmem_ds,1000000,10,1,measured,91,2026-09-09T14:23:53.545289Z,157027207487152,157027207385362,157027207487152,1788963833545214390,1788963833545243385,ok,
exp_constrained_pub_only_xcdr__py_to_cpp__1000000B__10Hz__shmem_ds__best_effort,receive,sub,py_to_cpp,constrained_pub_only,exp,xcdr,shmem_ds,1000000,10,1,measured,92,2026-09-09T14:23:53.645554Z,157027307752250,157027307642134,157027307752250,1788963833645475320,1788963833645509154,ok,
exp_constrained_pub_only_xcdr__py_to_cpp__1000000B__10Hz__shmem_ds__best_effort,receive,sub,py_to_cpp,constrained_pub_only,exp,xcdr,shmem_ds,1000000,10,1,measured,93,2026-09-09T14:23:53.746222Z,157027408421294,157027408340563,157027408421294,1788963833746164351,1788963833746187274,ok,
exp_constrained_pub_only_xcdr__py_to_cpp__1000000B__10Hz__shmem_ds__best_effort,receive,sub,py_to_cpp,constrained_pub_only,exp,xcdr,shmem_ds,1000000,10,1,measured,94,2026-09-09T14:23:53.846012Z,157027508210681,157027508096678,157027508210681,1788963833845931517,1788963833845964078,ok,
exp_constrained_pub_only_xcdr__py_to_cpp__1000000B__10Hz__shmem_ds__best_effort,receive,sub,py_to_cpp,constrained_pub_only,exp,xcdr,shmem_ds,1000000,10,1,measured,95,2026-09-09T14:23:53.944999Z,157027607197649,157027607089206,157027607197649,1788963833944921480,1788963833944953540,ok,
exp_constrained_pub_only_xcdr__py_to_cpp__1000000B__10Hz__shmem_ds__best_effort,receive,sub,py_to_cpp,constrained_pub_only,exp,xcdr,shmem_ds,1000000,10,1,measured,96,2026-09-09T14:23:54.044885Z,157027707084191,157027707014130,157027707084191,1788963834044835674,1788963834044856844,ok,
exp_constrained_pub_only_xcdr__py_to_cpp__1000000B__10Hz__shmem_ds__best_effort,receive,sub,py_to_cpp,constrained_pub_only,exp,xcdr,shmem_ds,1000000,10,1,measured,97,2026-09-09T14:23:54.145960Z,157027808159168,157027808081022,157027808159168,1788963834145903328,1788963834145925579,ok,
exp_constrained_pub_only_xcdr__py_to_cpp__1000000B__10Hz__shmem_ds__best_effort,receive,sub,py_to_cpp,constrained_pub_only,exp,xcdr,shmem_ds,1000000,10,1,measured,98,2026-09-09T14:23:54.245782Z,157027907981012,157027907898287,157027907981012,1788963834245722156,1788963834245745520,ok,
exp_constrained_pub_only_xcdr__py_to_cpp__1000000B__10Hz__shmem_ds__best_effort,receive,sub,py_to_cpp,constrained_pub_only,exp,xcdr,shmem_ds,1000000,10,1,measured,99,2026-09-09T14:23:54.346766Z,157028008964297,157028008887354,157028008964297,1788963834346708888,1788963834346731921,ok,
exp_constrained_pub_only_xcdr__py_to_cpp__1000000B__10Hz__shmem_ds__best_effort,receive,sub,py_to_cpp,constrained_pub_only,exp,xcdr,shmem_ds,1000000,10,1,measured,100,2026-09-09T14:23:54.447646Z,157028109844951,157028109768288,157028109844951,1788963834447588770,1788963834447611132,ok,
exp_constrained_pub_only_xcdr__py_to_cpp__1000000B__10Hz__shmem_ds__best_effort,receive,sub,py_to_cpp,constrained_pub_only,exp,xcdr,shmem_ds,1000000,10,1,measured,101,2026-09-09T14:23:54.546529Z,157028208728150,157028208630327,157028208728150,1788963834546454877,1788963834546480134,ok,
exp_constrained_pub_only_xcdr__py_to_cpp__1000000B__10Hz__shmem_ds__best_effort,receive,sub,py_to_cpp,constrained_pub_only,exp,xcdr,shmem_ds,1000000,10,1,measured,102,2026-09-09T14:23:54.647257Z,157028309455127,157028309315125,157028309455127,1788963834647154302,1788963834647193225,ok,
exp_constrained_pub_only_xcdr__py_to_cpp__1000000B__10Hz__shmem_ds__best_effort,receive,sub,py_to_cpp,constrained_pub_only,exp,xcdr,shmem_ds,1000000,10,1,measured,103,2026-09-09T14:23:54.747587Z,157028409784851,157028409637415,157028409784851,1788963834747480510,1788963834747521386,ok,
exp_constrained_pub_only_xcdr__py_to_cpp__1000000B__10Hz__shmem_ds__best_effort,receive,sub,py_to_cpp,constrained_pub_only,exp,xcdr,shmem_ds,1000000,10,1,measured,104,2026-09-09T14:23:54.847821Z,157028510019927,157028509882691,157028510019927,1788963834847718121,1788963834847754839,ok,
exp_constrained_pub_only_xcdr__py_to_cpp__1000000B__10Hz__shmem_ds__best_effort,receive,sub,py_to_cpp,constrained_pub_only,exp,xcdr,shmem_ds,1000000,10,1,measured,105,2026-09-09T14:23:54.947015Z,157028609213937,157028609121604,157028609213937,1788963834946948909,1788963834946974587,ok,
exp_constrained_pub_only_xcdr__py_to_cpp__1000000B__10Hz__shmem_ds__best_effort,receive,sub,py_to_cpp,constrained_pub_only,exp,xcdr,shmem_ds,1000000,10,1,measured,106,2026-09-09T14:23:55.047269Z,157028709467941,157028709372993,157028709467941,1788963835047206440,1788963835047236176,ok,
exp_constrained_pub_only_xcdr__py_to_cpp__1000000B__10Hz__shmem_ds__best_effort,receive,sub,py_to_cpp,constrained_pub_only,exp,xcdr,shmem_ds,1000000,10,1,measured,107,2026-09-09T14:23:55.146431Z,157028808630146,157028808526212,157028808630146,1788963835146355641,1788963835146386619,ok,
exp_constrained_pub_only_xcdr__py_to_cpp__1000000B__10Hz__shmem_ds__best_effort,receive,sub,py_to_cpp,constrained_pub_only,exp,xcdr,shmem_ds,1000000,10,1,measured,108,2026-09-09T14:23:55.246375Z,157028908574825,157028908495958,157028908574825,1788963835246320738,1788963835246345625,ok,
exp_constrained_pub_only_xcdr__py_to_cpp__1000000B__10Hz__shmem_ds__best_effort,receive,sub,py_to_cpp,constrained_pub_only,exp,xcdr,shmem_ds,1000000,10,1,measured,109,2026-09-09T14:23:55.346351Z,157029008550953,157029008475211,157029008550953,1788963835346299150,1788963835346323816,ok,
exp_constrained_pub_only_xcdr__py_to_cpp__1000000B__10Hz__shmem_ds__best_effort,receive,sub,py_to_cpp,constrained_pub_only,exp,xcdr,shmem_ds,1000000,10,1,measured,110,2026-09-09T14:23:55.447017Z,157029109215608,157029109137802,157029109215608,1788963835446962893,1788963835446984073,ok,
exp_constrained_pub_only_xcdr__py_to_cpp__1000000B__10Hz__shmem_ds__best_effort,receive,sub,py_to_cpp,constrained_pub_only,exp,xcdr,shmem_ds,1000000,10,1,measured,111,2026-09-09T14:23:55.547976Z,157029210174774,157029210080658,157029210174774,1788963835547907332,1788963835547934011,ok,
exp_constrained_pub_only_xcdr__py_to_cpp__1000000B__10Hz__shmem_ds__best_effort,receive,sub,py_to_cpp,constrained_pub_only,exp,xcdr,shmem_ds,1000000,10,1,measured,112,2026-09-09T14:23:55.647422Z,157029309620168,157029309521774,157029309620168,1788963835647353167,1788963835647381250,ok,
exp_constrained_pub_only_xcdr__py_to_cpp__1000000B__10Hz__shmem_ds__best_effort,receive,sub,py_to_cpp,constrained_pub_only,exp,xcdr,shmem_ds,1000000,10,1,measured,113,2026-09-09T14:23:55.747367Z,157029409566911,157029409502390,157029409566911,1788963835747321270,1788963835747340726,ok,
exp_constrained_pub_only_xcdr__py_to_cpp__1000000B__10Hz__shmem_ds__best_effort,receive,sub,py_to_cpp,constrained_pub_only,exp,xcdr,shmem_ds,1000000,10,1,measured,114,2026-09-09T14:23:55.846855Z,157029509053834,157029508949759,157029509053834,1788963835846775391,1788963835846810136,ok,
exp_constrained_pub_only_xcdr__py_to_cpp__1000000B__10Hz__shmem_ds__best_effort,receive,sub,py_to_cpp,constrained_pub_only,exp,xcdr,shmem_ds,1000000,10,1,measured,115,2026-09-09T14:23:55.947593Z,157029609791877,157029609699323,157029609791877,1788963835947525667,1788963835947554270,ok,
exp_constrained_pub_only_xcdr__py_to_cpp__1000000B__10Hz__shmem_ds__best_effort,receive,sub,py_to_cpp,constrained_pub_only,exp,xcdr,shmem_ds,1000000,10,1,measured,116,2026-09-09T14:23:56.048263Z,157029710461854,157029710357899,157029710461854,1788963836048186557,1788963836048216583,ok,
exp_constrained_pub_only_xcdr__py_to_cpp__1000000B__10Hz__shmem_ds__best_effort,receive,sub,py_to_cpp,constrained_pub_only,exp,xcdr,shmem_ds,1000000,10,1,measured,117,2026-09-09T14:23:56.148209Z,157029810401167,157029810298976,157029810401167,1788963836148126762,1788963836148156117,ok,
exp_constrained_pub_only_xcdr__py_to_cpp__1000000B__10Hz__shmem_ds__best_effort,receive,sub,py_to_cpp,constrained_pub_only,exp,xcdr,shmem_ds,1000000,10,1,measured,118,2026-09-09T14:23:56.248320Z,157029910518645,157029910432694,157029910518645,1788963836248260751,1788963836248284605,ok,
exp_constrained_pub_only_xcdr__py_to_cpp__1000000B__10Hz__shmem_ds__best_effort,receive,sub,py_to_cpp,constrained_pub_only,exp,xcdr,shmem_ds,1000000,10,1,measured,119,2026-09-09T14:23:56.348394Z,157030010593051,157030010504305,157030010593051,1788963836348331490,1788963836348354062,ok,
exp_constrained_pub_only_xcdr__py_to_cpp__1000000B__10Hz__shmem_ds__best_effort,receive,sub,py_to_cpp,constrained_pub_only,exp,xcdr,shmem_ds,1000000,10,1,measured,120,2026-09-09T14:23:56.447760Z,157030109958753,157030109879805,157030109958753,1788963836447702842,1788963836447724944,ok,
exp_constrained_pub_only_xcdr__py_to_cpp__1000000B__10Hz__shmem_ds__best_effort,receive,sub,py_to_cpp,constrained_pub_only,exp,xcdr,shmem_ds,1000000,10,1,measured,121,2026-09-09T14:23:56.548197Z,157030210395968,157030210307713,157030210395968,1788963836548131641,1788963836548155105,ok,
exp_constrained_pub_only_xcdr__py_to_cpp__1000000B__10Hz__shmem_ds__best_effort,receive,sub,py_to_cpp,constrained_pub_only,exp,xcdr,shmem_ds,1000000,10,1,measured,122,2026-09-09T14:23:56.648455Z,157030310652775,157030310523163,157030310652775,1788963836648358272,1788963836648399029,ok,
exp_constrained_pub_only_xcdr__py_to_cpp__1000000B__10Hz__shmem_ds__best_effort,receive,sub,py_to_cpp,constrained_pub_only,exp,xcdr,shmem_ds,1000000,10,1,measured,123,2026-09-09T14:23:56.749066Z,157030411264657,157030411172985,157030411264657,1788963836749007324,1788963836749031359,ok,
exp_constrained_pub_only_xcdr__py_to_cpp__1000000B__10Hz__shmem_ds__best_effort,receive,sub,py_to_cpp,constrained_pub_only,exp,xcdr,shmem_ds,1000000,10,1,measured,124,2026-09-09T14:23:56.848912Z,157030511110987,157030511011641,157030511110987,1788963836848841291,1788963836848867079,ok,
exp_constrained_pub_only_xcdr__py_to_cpp__1000000B__10Hz__shmem_ds__best_effort,receive,sub,py_to_cpp,constrained_pub_only,exp,xcdr,shmem_ds,1000000,10,1,measured,125,2026-09-09T14:23:56.947876Z,157030610074456,157030609966183,157030610074456,1788963836947792897,1788963836947827953,ok,
exp_constrained_pub_only_xcdr__py_to_cpp__1000000B__10Hz__shmem_ds__best_effort,receive,sub,py_to_cpp,constrained_pub_only,exp,xcdr,shmem_ds,1000000,10,1,measured,126,2026-09-09T14:23:57.047662Z,157030709861467,157030709795734,157030709861467,1788963837047616427,1788963837047635713,ok,
exp_constrained_pub_only_xcdr__py_to_cpp__1000000B__10Hz__shmem_ds__best_effort,receive,sub,py_to_cpp,constrained_pub_only,exp,xcdr,shmem_ds,1000000,10,1,measured,127,2026-09-09T14:23:57.146756Z,157030808955265,157030808884463,157030808955265,1788963837146706598,1788963837146726776,ok,
exp_constrained_pub_only_xcdr__py_to_cpp__1000000B__10Hz__shmem_ds__best_effort,receive,sub,py_to_cpp,constrained_pub_only,exp,xcdr,shmem_ds,1000000,10,1,measured,128,2026-09-09T14:23:57.247607Z,157030909806419,157030909730247,157030909806419,1788963837247562351,1788963837247582008,ok,
exp_constrained_pub_only_xcdr__py_to_cpp__1000000B__10Hz__shmem_ds__best_effort,receive,sub,py_to_cpp,constrained_pub_only,exp,xcdr,shmem_ds,1000000,10,1,measured,129,2026-09-09T14:23:57.348519Z,157031010718628,157031010648637,157031010718628,1788963837348473748,1788963837348490750,ok,
exp_constrained_pub_only_xcdr__py_to_cpp__1000000B__10Hz__shmem_ds__best_effort,receive,sub,py_to_cpp,constrained_pub_only,exp,xcdr,shmem_ds,1000000,10,1,measured,130,2026-09-09T14:23:57.448816Z,157031111015096,157031110942450,157031111015096,1788963837448758945,1788963837448777650,ok,
exp_constrained_pub_only_xcdr__py_to_cpp__1000000B__10Hz__shmem_ds__best_effort,receive,sub,py_to_cpp,constrained_pub_only,exp,xcdr,shmem_ds,1000000,10,1,measured,131,2026-09-09T14:23:57.548642Z,157031210840902,157031210757887,157031210840902,1788963837548577408,1788963837548598697,ok,
exp_constrained_pub_only_xcdr__py_to_cpp__1000000B__10Hz__shmem_ds__best_effort,receive,sub,py_to_cpp,constrained_pub_only,exp,xcdr,shmem_ds,1000000,10,1,measured,132,2026-09-09T14:23:57.647724Z,157031309922207,157031309820547,157031309922207,1788963837647645458,1788963837647672398,ok,
exp_constrained_pub_only_xcdr__py_to_cpp__1000000B__10Hz__shmem_ds__best_effort,receive,sub,py_to_cpp,constrained_pub_only,exp,xcdr,shmem_ds,1000000,10,1,measured,133,2026-09-09T14:23:57.748345Z,157031410544023,157031410468492,157031410544023,1788963837748286600,1788963837748303962,ok,
exp_constrained_pub_only_xcdr__py_to_cpp__1000000B__10Hz__shmem_ds__best_effort,receive,sub,py_to_cpp,constrained_pub_only,exp,xcdr,shmem_ds,1000000,10,1,measured,134,2026-09-09T14:23:57.849346Z,157031511544376,157031511458896,157031511544376,1788963837849280581,1788963837849303914,ok,
exp_constrained_pub_only_xcdr__py_to_cpp__1000000B__10Hz__shmem_ds__best_effort,receive,sub,py_to_cpp,constrained_pub_only,exp,xcdr,shmem_ds,1000000,10,1,measured,135,2026-09-09T14:23:57.948251Z,157031610449852,157031610355245,157031610449852,1788963837948175407,1788963837948201426,ok,
exp_constrained_pub_only_xcdr__py_to_cpp__1000000B__10Hz__shmem_ds__best_effort,receive,sub,py_to_cpp,constrained_pub_only,exp,xcdr,shmem_ds,1000000,10,1,measured,136,2026-09-09T14:23:58.048522Z,157031710720562,157031710652435,157031710720562,1788963838048468980,1788963838048483808,ok,
exp_constrained_pub_only_xcdr__py_to_cpp__1000000B__10Hz__shmem_ds__best_effort,receive,sub,py_to_cpp,constrained_pub_only,exp,xcdr,shmem_ds,1000000,10,1,measured,137,2026-09-09T14:23:58.147660Z,157031809859019,157031809786113,157031809859019,1788963838147603549,1788963838147619138,ok,
exp_constrained_pub_only_xcdr__py_to_cpp__1000000B__10Hz__shmem_ds__best_effort,receive,sub,py_to_cpp,constrained_pub_only,exp,xcdr,shmem_ds,1000000,10,1,measured,138,2026-09-09T14:23:58.248077Z,157031910275285,157031910214391,157031910275285,1788963838248030045,1788963838248041356,ok,
exp_constrained_pub_only_xcdr__py_to_cpp__1000000B__10Hz__shmem_ds__best_effort,receive,sub,py_to_cpp,constrained_pub_only,exp,xcdr,shmem_ds,1000000,10,1,measured,139,2026-09-09T14:23:58.348519Z,157032010717710,157032010650645,157032010717710,1788963838348466328,1788963838348481406,ok,
exp_constrained_pub_only_xcdr__py_to_cpp__1000000B__10Hz__shmem_ds__best_effort,receive,sub,py_to_cpp,constrained_pub_only,exp,xcdr,shmem_ds,1000000,10,1,measured,140,2026-09-09T14:23:58.447739Z,157032109938050,157032109882596,157032109938050,1788963838447698259,1788963838447712897,ok,
exp_constrained_pub_only_xcdr__py_to_cpp__1000000B__10Hz__shmem_ds__best_effort,receive,sub,py_to_cpp,constrained_pub_only,exp,xcdr,shmem_ds,1000000,10,1,measured,141,2026-09-09T14:23:58.547869Z,157032210067469,157032209973353,157032210067469,1788963838547794767,1788963838547824553,ok,
exp_constrained_pub_only_xcdr__py_to_cpp__1000000B__10Hz__shmem_ds__best_effort,receive,sub,py_to_cpp,constrained_pub_only,exp,xcdr,shmem_ds,1000000,10,1,measured,142,2026-09-09T14:23:58.648247Z,157032310445564,157032310333204,157032310445564,1788963838648159728,1788963838648192830,ok,
exp_constrained_pub_only_xcdr__py_to_cpp__1000000B__10Hz__shmem_ds__best_effort,receive,sub,py_to_cpp,constrained_pub_only,exp,xcdr,shmem_ds,1000000,10,1,measured,143,2026-09-09T14:23:58.747386Z,157032409584682,157032409514892,157032409584682,1788963838747336075,1788963838747349260,ok,
exp_constrained_pub_only_xcdr__py_to_cpp__1000000B__10Hz__shmem_ds__best_effort,receive,sub,py_to_cpp,constrained_pub_only,exp,xcdr,shmem_ds,1000000,10,1,measured,144,2026-09-09T14:23:58.848357Z,157032510555876,157032510468683,157032510555876,1788963838848290348,1788963838848312068,ok,
exp_constrained_pub_only_xcdr__py_to_cpp__1000000B__10Hz__shmem_ds__best_effort,receive,sub,py_to_cpp,constrained_pub_only,exp,xcdr,shmem_ds,1000000,10,1,measured,145,2026-09-09T14:23:58.948214Z,157032610412756,157032610313270,157032610412756,1788963838948140896,1788963838948163679,ok,
exp_constrained_pub_only_xcdr__py_to_cpp__1000000B__10Hz__shmem_ds__best_effort,receive,sub,py_to_cpp,constrained_pub_only,exp,xcdr,shmem_ds,1000000,10,1,measured,146,2026-09-09T14:23:59.047587Z,157032709786605,157032709717265,157032709786605,1788963839047543969,1788963839047558727,ok,
exp_constrained_pub_only_xcdr__py_to_cpp__1000000B__10Hz__shmem_ds__best_effort,receive,sub,py_to_cpp,constrained_pub_only,exp,xcdr,shmem_ds,1000000,10,1,measured,147,2026-09-09T14:23:59.147639Z,157032809838846,157032809774335,157032809838846,1788963839147593816,1788963839147609345,ok,
exp_constrained_pub_only_xcdr__py_to_cpp__1000000B__10Hz__shmem_ds__best_effort,receive,sub,py_to_cpp,constrained_pub_only,exp,xcdr,shmem_ds,1000000,10,1,measured,148,2026-09-09T14:23:59.248044Z,157032910243505,157032910178203,157032910243505,1788963839247999276,1788963839248016488,ok,
exp_constrained_pub_only_xcdr__py_to_cpp__1000000B__10Hz__shmem_ds__best_effort,receive,sub,py_to_cpp,constrained_pub_only,exp,xcdr,shmem_ds,1000000,10,1,measured,149,2026-09-09T14:23:59.347356Z,157033009555732,157033009493796,157033009555732,1788963839347314288,1788963839347330899,ok,
exp_constrained_pub_only_xcdr__py_to_cpp__1000000B__10Hz__shmem_ds__best_effort,receive,sub,py_to_cpp,constrained_pub_only,exp,xcdr,shmem_ds,1000000,10,1,measured,150,2026-09-09T14:23:59.447129Z,157033109328028,157033109269188,157033109328028,1788963839447087937,1788963839447103516,ok,
exp_constrained_pub_only_xcdr__py_to_cpp__1000000B__10Hz__shmem_ds__best_effort,receive,sub,py_to_cpp,constrained_pub_only,exp,xcdr,shmem_ds,1000000,10,1,measured,151,2026-09-09T14:23:59.548035Z,157033210234356,157033210151641,157033210234356,1788963839547975781,1788963839547998122,ok,
exp_constrained_pub_only_xcdr__py_to_cpp__1000000B__10Hz__shmem_ds__best_effort,receive,sub,py_to_cpp,constrained_pub_only,exp,xcdr,shmem_ds,1000000,10,1,measured,152,2026-09-09T14:23:59.648622Z,157033310820776,157033310735026,157033310820776,1788963839648561880,1788963839648580986,ok,
exp_constrained_pub_only_xcdr__py_to_cpp__1000000B__10Hz__shmem_ds__best_effort,receive,sub,py_to_cpp,constrained_pub_only,exp,xcdr,shmem_ds,1000000,10,1,measured,153,2026-09-09T14:23:59.748187Z,157033410386156,157033410315183,157033410386156,1788963839748140815,1788963839748155162,ok,
exp_constrained_pub_only_xcdr__py_to_cpp__1000000B__10Hz__shmem_ds__best_effort,receive,sub,py_to_cpp,constrained_pub_only,exp,xcdr,shmem_ds,1000000,10,1,measured,154,2026-09-09T14:23:59.848326Z,157033510524608,157033510430852,157033510524608,1788963839848258097,1788963839848282974,ok,
exp_constrained_pub_only_xcdr__py_to_cpp__1000000B__10Hz__shmem_ds__best_effort,receive,sub,py_to_cpp,constrained_pub_only,exp,xcdr,shmem_ds,1000000,10,1,measured,155,2026-09-09T14:23:59.947599Z,157033609797761,157033609664452,157033609797761,1788963839947501375,1788963839947540197,ok,
exp_constrained_pub_only_xcdr__py_to_cpp__1000000B__10Hz__shmem_ds__best_effort,receive,sub,py_to_cpp,constrained_pub_only,exp,xcdr,shmem_ds,1000000,10,1,measured,156,2026-09-09T14:24:00.047212Z,157033709411034,157033709275160,157033709411034,1788963840047112194,1788963840047154793,ok,
exp_constrained_pub_only_xcdr__py_to_cpp__1000000B__10Hz__shmem_ds__best_effort,receive,sub,py_to_cpp,constrained_pub_only,exp,xcdr,shmem_ds,1000000,10,1,measured,157,2026-09-09T14:24:00.146633Z,157033808831538,157033808745658,157033808831538,1788963840146571911,1788963840146589453,ok,
exp_constrained_pub_only_xcdr__py_to_cpp__1000000B__10Hz__shmem_ds__best_effort,receive,sub,py_to_cpp,constrained_pub_only,exp,xcdr,shmem_ds,1000000,10,1,measured,158,2026-09-09T14:24:00.246903Z,157033909101320,157033909028544,157033909101320,1788963840246858584,1788963840246874364,ok,
exp_constrained_pub_only_xcdr__py_to_cpp__1000000B__10Hz__shmem_ds__best_effort,receive,sub,py_to_cpp,constrained_pub_only,exp,xcdr,shmem_ds,1000000,10,1,measured,159,2026-09-09T14:24:00.346238Z,157034008437216,157034008377494,157034008437216,1788963840346196173,1788963840346211962,ok,
exp_constrained_pub_only_xcdr__py_to_cpp__1000000B__10Hz__shmem_ds__best_effort,receive,sub,py_to_cpp,constrained_pub_only,exp,xcdr,shmem_ds,1000000,10,1,measured,160,2026-09-09T14:24:00.445813Z,157034108011938,157034107923643,157034108011938,1788963840445748394,1788963840445768882,ok,
exp_constrained_pub_only_xcdr__py_to_cpp__1000000B__10Hz__shmem_ds__best_effort,receive,sub,py_to_cpp,constrained_pub_only,exp,xcdr,shmem_ds,1000000,10,1,measured,161,2026-09-09T14:24:00.545184Z,157034207382770,157034207243589,157034207382770,1788963840545082827,1788963840545122721,ok,
exp_constrained_pub_only_xcdr__py_to_cpp__1000000B__10Hz__shmem_ds__best_effort,receive,sub,py_to_cpp,constrained_pub_only,exp,xcdr,shmem_ds,1000000,10,1,measured,162,2026-09-09T14:24:00.645207Z,157034307405129,157034307270207,157034307405129,1788963840645106930,1788963840645147325,ok,
exp_constrained_pub_only_xcdr__py_to_cpp__1000000B__10Hz__shmem_ds__best_effort,receive,sub,py_to_cpp,constrained_pub_only,exp,xcdr,shmem_ds,1000000,10,1,measured,163,2026-09-09T14:24:00.744781Z,157034406980083,157034406889914,157034406980083,1788963840744726256,1788963840744748237,ok,
exp_constrained_pub_only_xcdr__py_to_cpp__1000000B__10Hz__shmem_ds__best_effort,receive,sub,py_to_cpp,constrained_pub_only,exp,xcdr,shmem_ds,1000000,10,1,measured,164,2026-09-09T14:24:00.845638Z,157034507835951,157034507711498,157034507835951,1788963840845547059,1788963840845584238,ok,
exp_constrained_pub_only_xcdr__py_to_cpp__1000000B__10Hz__shmem_ds__best_effort,receive,sub,py_to_cpp,constrained_pub_only,exp,xcdr,shmem_ds,1000000,10,1,measured,165,2026-09-09T14:24:00.946162Z,157034608360741,157034608270071,157034608360741,1788963840946098358,1788963840946128404,ok,
exp_constrained_pub_only_xcdr__py_to_cpp__1000000B__10Hz__shmem_ds__best_effort,receive,sub,py_to_cpp,constrained_pub_only,exp,xcdr,shmem_ds,1000000,10,1,measured,166,2026-09-09T14:24:01.045408Z,157034707607261,157034707537321,157034707607261,1788963841045369475,1788963841045387008,ok,
exp_constrained_pub_only_xcdr__py_to_cpp__1000000B__10Hz__shmem_ds__best_effort,receive,sub,py_to_cpp,constrained_pub_only,exp,xcdr,shmem_ds,1000000,10,1,measured,167,2026-09-09T14:24:01.144749Z,157034806947811,157034806874243,157034806947811,1788963841144702691,1788963841144717238,ok,
exp_constrained_pub_only_xcdr__py_to_cpp__1000000B__10Hz__shmem_ds__best_effort,receive,sub,py_to_cpp,constrained_pub_only,exp,xcdr,shmem_ds,1000000,10,1,measured,168,2026-09-09T14:24:01.245029Z,157034907227618,157034907166324,157034907227618,1788963841244990473,1788963841245003778,ok,
exp_constrained_pub_only_xcdr__py_to_cpp__1000000B__10Hz__shmem_ds__best_effort,receive,sub,py_to_cpp,constrained_pub_only,exp,xcdr,shmem_ds,1000000,10,1,measured,169,2026-09-09T14:24:01.344361Z,157035006560122,157035006498286,157035006560122,1788963841344320211,1788963841344339818,ok,
exp_constrained_pub_only_xcdr__py_to_cpp__1000000B__10Hz__shmem_ds__best_effort,receive,sub,py_to_cpp,constrained_pub_only,exp,xcdr,shmem_ds,1000000,10,1,measured,170,2026-09-09T14:24:01.443861Z,157035106060100,157035106007862,157035106060100,1788963841443830058,1788963841443843212,ok,
exp_constrained_pub_only_xcdr__py_to_cpp__1000000B__10Hz__shmem_ds__best_effort,receive,sub,py_to_cpp,constrained_pub_only,exp,xcdr,shmem_ds,1000000,10,1,measured,171,2026-09-09T14:24:01.544637Z,157035206836064,157035206759841,157035206836064,1788963841544583850,1788963841544603707,ok,
exp_constrained_pub_only_xcdr__py_to_cpp__1000000B__10Hz__shmem_ds__best_effort,receive,sub,py_to_cpp,constrained_pub_only,exp,xcdr,shmem_ds,1000000,10,1,measured,172,2026-09-09T14:24:01.644734Z,157035306933009,157035306864822,157035306933009,1788963841644689692,1788963841644707716,ok,
exp_constrained_pub_only_xcdr__py_to_cpp__1000000B__10Hz__shmem_ds__best_effort,receive,sub,py_to_cpp,constrained_pub_only,exp,xcdr,shmem_ds,1000000,10,1,measured,173,2026-09-09T14:24:01.744769Z,157035406968037,157035406888990,157035406968037,1788963841744716214,1788963841744738576,ok,
exp_constrained_pub_only_xcdr__py_to_cpp__1000000B__10Hz__shmem_ds__best_effort,receive,sub,py_to_cpp,constrained_pub_only,exp,xcdr,shmem_ds,1000000,10,1,measured,174,2026-09-09T14:24:01.845324Z,157035507506948,157035507403725,157035507506948,1788963841845232784,1788963841845260285,ok,
exp_constrained_pub_only_xcdr__py_to_cpp__1000000B__10Hz__shmem_ds__best_effort,receive,sub,py_to_cpp,constrained_pub_only,exp,xcdr,shmem_ds,1000000,10,1,measured,175,2026-09-09T14:24:01.945956Z,157035608155004,157035608061519,157035608155004,1788963841945887822,1788963841945911386,ok,
exp_constrained_pub_only_xcdr__py_to_cpp__1000000B__10Hz__shmem_ds__best_effort,receive,sub,py_to_cpp,constrained_pub_only,exp,xcdr,shmem_ds,1000000,10,1,measured,176,2026-09-09T14:24:02.045356Z,157035707555416,157035707479184,157035707555416,1788963842045307200,1788963842045324663,ok,
exp_constrained_pub_only_xcdr__py_to_cpp__1000000B__10Hz__shmem_ds__best_effort,receive,sub,py_to_cpp,constrained_pub_only,exp,xcdr,shmem_ds,1000000,10,1,measured,177,2026-09-09T14:24:02.144506Z,157035806704834,157035806640314,157035806704834,1788963842144462639,1788963842144478950,ok,
exp_constrained_pub_only_xcdr__py_to_cpp__1000000B__10Hz__shmem_ds__best_effort,receive,sub,py_to_cpp,constrained_pub_only,exp,xcdr,shmem_ds,1000000,10,1,measured,178,2026-09-09T14:24:02.244742Z,157035906939882,157035906768080,157035906939882,1788963842244615193,1788963842244653514,ok,
exp_constrained_pub_only_xcdr__py_to_cpp__1000000B__10Hz__shmem_ds__best_effort,receive,sub,py_to_cpp,constrained_pub_only,exp,xcdr,shmem_ds,1000000,10,1,measured,179,2026-09-09T14:24:02.344257Z,157036006455604,157036006360987,157036006455604,1788963842344187481,1788963842344212207,ok,
exp_constrained_pub_only_xcdr__py_to_cpp__1000000B__10Hz__shmem_ds__best_effort,receive,sub,py_to_cpp,constrained_pub_only,exp,xcdr,shmem_ds,1000000,10,1,measured,180,2026-09-09T14:24:02.444211Z,157036106409707,157036106330048,157036106409707,1788963842444157563,1788963842444178252,ok,
exp_constrained_pub_only_xcdr__py_to_cpp__1000000B__10Hz__shmem_ds__best_effort,receive,sub,py_to_cpp,constrained_pub_only,exp,xcdr,shmem_ds,1000000,10,1,measured,181,2026-09-09T14:24:02.544534Z,157036206732478,157036206655955,157036206732478,1788963842544477590,1788963842544495834,ok,
exp_constrained_pub_only_xcdr__py_to_cpp__1000000B__10Hz__shmem_ds__best_effort,receive,sub,py_to_cpp,constrained_pub_only,exp,xcdr,shmem_ds,1000000,10,1,measured,182,2026-09-09T14:24:02.644933Z,157036307131893,157036307025765,157036307131893,1788963842644858310,1788963842644889208,ok,
exp_constrained_pub_only_xcdr__py_to_cpp__1000000B__10Hz__shmem_ds__best_effort,receive,sub,py_to_cpp,constrained_pub_only,exp,xcdr,shmem_ds,1000000,10,1,measured,183,2026-09-09T14:24:02.745961Z,157036408160496,157036408066981,157036408160496,1788963842745904064,1788963842745927618,ok,
exp_constrained_pub_only_xcdr__py_to_cpp__1000000B__10Hz__shmem_ds__best_effort,receive,sub,py_to_cpp,constrained_pub_only,exp,xcdr,shmem_ds,1000000,10,1,measured,184,2026-09-09T14:24:02.845271Z,157036507469321,157036507367200,157036507469321,1788963842845197210,1788963842845223650,ok,
exp_constrained_pub_only_xcdr__py_to_cpp__1000000B__10Hz__shmem_ds__best_effort,receive,sub,py_to_cpp,constrained_pub_only,exp,xcdr,shmem_ds,1000000,10,1,measured,185,2026-09-09T14:24:02.944823Z,157036607021432,157036606898331,157036607021432,1788963842944740033,1788963842944770090,ok,
exp_constrained_pub_only_xcdr__py_to_cpp__1000000B__10Hz__shmem_ds__best_effort,receive,sub,py_to_cpp,constrained_pub_only,exp,xcdr,shmem_ds,1000000,10,1,measured,186,2026-09-09T14:24:03.044728Z,157036706927405,157036706853176,157036706927405,1788963843044685861,1788963843044699797,ok,
exp_constrained_pub_only_xcdr__py_to_cpp__1000000B__10Hz__shmem_ds__best_effort,receive,sub,py_to_cpp,constrained_pub_only,exp,xcdr,shmem_ds,1000000,10,1,measured,187,2026-09-09T14:24:03.145297Z,157036807496263,157036807444145,157036807496263,1788963843145260420,1788963843145270619,ok,
exp_constrained_pub_only_xcdr__py_to_cpp__1000000B__10Hz__shmem_ds__best_effort,receive,sub,py_to_cpp,constrained_pub_only,exp,xcdr,shmem_ds,1000000,10,1,measured,188,2026-09-09T14:24:03.244733Z,157036906932211,157036906879182,157036906932211,1788963843244696308,1788963843244710965,ok,
exp_constrained_pub_only_xcdr__py_to_cpp__1000000B__10Hz__shmem_ds__best_effort,receive,sub,py_to_cpp,constrained_pub_only,exp,xcdr,shmem_ds,1000000,10,1,measured,189,2026-09-09T14:24:03.343997Z,157037006196409,157037006141225,157037006196409,1788963843343957710,1788963843343973590,ok,
exp_constrained_pub_only_xcdr__py_to_cpp__1000000B__10Hz__shmem_ds__best_effort,receive,sub,py_to_cpp,constrained_pub_only,exp,xcdr,shmem_ds,1000000,10,1,measured,190,2026-09-09T14:24:03.444016Z,157037106214235,157037106150446,157037106214235,1788963843443966029,1788963843443980626,ok,
exp_constrained_pub_only_xcdr__py_to_cpp__1000000B__10Hz__shmem_ds__best_effort,receive,sub,py_to_cpp,constrained_pub_only,exp,xcdr,shmem_ds,1000000,10,1,measured,191,2026-09-09T14:24:03.544144Z,157037206342919,157037206259062,157037206342919,1788963843544081017,1788963843544104331,ok,
exp_constrained_pub_only_xcdr__py_to_cpp__1000000B__10Hz__shmem_ds__best_effort,receive,sub,py_to_cpp,constrained_pub_only,exp,xcdr,shmem_ds,1000000,10,1,measured,192,2026-09-09T14:24:03.643487Z,157037305685382,157037305606835,157037305685382,1788963843643426416,1788963843643447415,ok,
exp_constrained_pub_only_xcdr__py_to_cpp__1000000B__10Hz__shmem_ds__best_effort,receive,sub,py_to_cpp,constrained_pub_only,exp,xcdr,shmem_ds,1000000,10,1,measured,193,2026-09-09T14:24:03.742840Z,157037405039608,157037404977882,157037405039608,1788963843742794978,1788963843742811569,ok,
exp_constrained_pub_only_xcdr__py_to_cpp__1000000B__10Hz__shmem_ds__best_effort,receive,sub,py_to_cpp,constrained_pub_only,exp,xcdr,shmem_ds,1000000,10,1,measured,194,2026-09-09T14:24:03.843897Z,157037506095446,157037506019775,157037506095446,1788963843843839095,1788963843843859944,ok,
exp_constrained_pub_only_xcdr__py_to_cpp__1000000B__10Hz__shmem_ds__best_effort,receive,sub,py_to_cpp,constrained_pub_only,exp,xcdr,shmem_ds,1000000,10,1,measured,195,2026-09-09T14:24:03.943787Z,157037605984722,157037605887300,157037605984722,1788963843943717491,1788963843943738670,ok,
exp_constrained_pub_only_xcdr__py_to_cpp__1000000B__10Hz__shmem_ds__best_effort,receive,sub,py_to_cpp,constrained_pub_only,exp,xcdr,shmem_ds,1000000,10,1,measured,196,2026-09-09T14:24:04.044492Z,157037706690558,157037706594498,157037706690558,1788963844044420691,1788963844044443584,ok,
exp_constrained_pub_only_xcdr__py_to_cpp__1000000B__10Hz__shmem_ds__best_effort,receive,sub,py_to_cpp,constrained_pub_only,exp,xcdr,shmem_ds,1000000,10,1,measured,197,2026-09-09T14:24:04.144465Z,157037806664398,157037806607332,157037806664398,1788963844144423937,1788963844144437763,ok,
exp_constrained_pub_only_xcdr__py_to_cpp__1000000B__10Hz__shmem_ds__best_effort,receive,sub,py_to_cpp,constrained_pub_only,exp,xcdr,shmem_ds,1000000,10,1,measured,198,2026-09-09T14:24:04.244047Z,157037906245722,157037906027695,157037906245722,1788963844243888302,1788963844243949446,ok,
exp_constrained_pub_only_xcdr__py_to_cpp__1000000B__10Hz__shmem_ds__best_effort,receive,sub,py_to_cpp,constrained_pub_only,exp,xcdr,shmem_ds,1000000,10,1,measured,199,2026-09-09T14:24:04.345131Z,157038007328747,157038007137369,157038007328747,1788963844344978570,1788963844345045345,ok,
exp_constrained_pub_only_xcdr__py_to_cpp__1000000B__10Hz__shmem_ds__best_effort,receive,sub,py_to_cpp,constrained_pub_only,exp,xcdr,shmem_ds,1000000,10,1,measured,200,2026-09-09T14:24:04.445157Z,157038107356196,157038107301754,157038107356196,1788963844445120073,1788963844445131504,ok,
exp_constrained_pub_only_xcdr__py_to_cpp__1000000B__10Hz__shmem_ds__best_effort,receive,sub,py_to_cpp,constrained_pub_only,exp,xcdr,shmem_ds,1000000,10,1,measured,201,2026-09-09T14:24:04.546445Z,157038208643031,157038208523768,157038208643031,1788963844546350603,1788963844546388634,ok,
exp_constrained_pub_only_xcdr__py_to_cpp__1000000B__10Hz__shmem_ds__best_effort,receive,sub,py_to_cpp,constrained_pub_only,exp,xcdr,shmem_ds,1000000,10,1,measured,202,2026-09-09T14:24:04.647487Z,157038309686071,157038309567870,157038309686071,1788963844647395496,1788963844647431423,ok,
exp_constrained_pub_only_xcdr__py_to_cpp__1000000B__10Hz__shmem_ds__best_effort,receive,sub,py_to_cpp,constrained_pub_only,exp,xcdr,shmem_ds,1000000,10,1,measured,203,2026-09-09T14:24:04.747957Z,157038410156128,157038410067142,157038410156128,1788963844747897823,1788963844747920676,ok,
exp_constrained_pub_only_xcdr__py_to_cpp__1000000B__10Hz__shmem_ds__best_effort,receive,sub,py_to_cpp,constrained_pub_only,exp,xcdr,shmem_ds,1000000,10,1,measured,204,2026-09-09T14:24:04.847190Z,157038509388831,157038509290006,157038509388831,1788963844847114266,1788963844847142849,ok,
exp_constrained_pub_only_xcdr__py_to_cpp__1000000B__10Hz__shmem_ds__best_effort,receive,sub,py_to_cpp,constrained_pub_only,exp,xcdr,shmem_ds,1000000,10,1,measured,205,2026-09-09T14:24:04.947085Z,157038609283843,157038609194105,157038609283843,1788963844947015950,1788963844947040215,ok,
exp_constrained_pub_only_xcdr__py_to_cpp__1000000B__10Hz__shmem_ds__best_effort,receive,sub,py_to_cpp,constrained_pub_only,exp,xcdr,shmem_ds,1000000,10,1,measured,206,2026-09-09T14:24:05.046378Z,157038708577251,157038708523110,157038708577251,1788963845046339364,1788963845046353331,ok,
exp_constrained_pub_only_xcdr__py_to_cpp__1000000B__10Hz__shmem_ds__best_effort,receive,sub,py_to_cpp,constrained_pub_only,exp,xcdr,shmem_ds,1000000,10,1,measured,207,2026-09-09T14:24:05.146262Z,157038808461538,157038808411585,157038808461538,1788963845146226957,1788963845146239230,ok,
exp_constrained_pub_only_xcdr__py_to_cpp__1000000B__10Hz__shmem_ds__best_effort,receive,sub,py_to_cpp,constrained_pub_only,exp,xcdr,shmem_ds,1000000,10,1,measured,208,2026-09-09T14:24:05.245663Z,157038907861689,157038907754058,157038907861689,1788963845245581514,1788963845245610067,ok,
exp_constrained_pub_only_xcdr__py_to_cpp__1000000B__10Hz__shmem_ds__best_effort,receive,sub,py_to_cpp,constrained_pub_only,exp,xcdr,shmem_ds,1000000,10,1,measured,209,2026-09-09T14:24:05.345226Z,157039007424655,157039007297638,157039007424655,1788963845345126586,1788963845345163515,ok,
exp_constrained_pub_only_xcdr__py_to_cpp__1000000B__10Hz__shmem_ds__best_effort,receive,sub,py_to_cpp,constrained_pub_only,exp,xcdr,shmem_ds,1000000,10,1,measured,210,2026-09-09T14:24:05.446335Z,157039108533994,157039108428196,157039108533994,1788963845446254579,1788963845446285247,ok,
exp_constrained_pub_only_xcdr__py_to_cpp__1000000B__10Hz__shmem_ds__best_effort,receive,sub,py_to_cpp,constrained_pub_only,exp,xcdr,shmem_ds,1000000,10,1,measured,211,2026-09-09T14:24:05.545791Z,157039207989458,157039207850479,157039207989458,1788963845545683685,1788963845545725423,ok,
exp_constrained_pub_only_xcdr__py_to_cpp__1000000B__10Hz__shmem_ds__best_effort,receive,sub,py_to_cpp,constrained_pub_only,exp,xcdr,shmem_ds,1000000,10,1,measured,212,2026-09-09T14:24:05.646595Z,157039308793376,157039308659125,157039308793376,1788963845646488584,1788963845646528779,ok,
exp_constrained_pub_only_xcdr__py_to_cpp__1000000B__10Hz__shmem_ds__best_effort,receive,sub,py_to_cpp,constrained_pub_only,exp,xcdr,shmem_ds,1000000,10,1,measured,213,2026-09-09T14:24:05.747161Z,157039409358947,157039409151549,157039409358947,1788963845747018819,1788963845747065636,ok,
exp_constrained_pub_only_xcdr__py_to_cpp__1000000B__10Hz__shmem_ds__best_effort,receive,sub,py_to_cpp,constrained_pub_only,exp,xcdr,shmem_ds,1000000,10,1,measured,214,2026-09-09T14:24:05.846119Z,157039508316961,157039508173833,157039508316961,1788963845846012760,1788963845846050852,ok,
exp_constrained_pub_only_xcdr__py_to_cpp__1000000B__10Hz__shmem_ds__best_effort,receive,sub,py_to_cpp,constrained_pub_only,exp,xcdr,shmem_ds,1000000,10,1,measured,215,2026-09-09T14:24:05.947119Z,157039609317266,157039609191090,157039609317266,1788963845947030467,1788963845947063489,ok,
exp_constrained_pub_only_xcdr__py_to_cpp__1000000B__10Hz__shmem_ds__best_effort,receive,sub,py_to_cpp,constrained_pub_only,exp,xcdr,shmem_ds,1000000,10,1,measured,216,2026-09-09T14:24:06.048109Z,157039710306582,157039710199642,157039710306582,1788963846048037076,1788963846048057213,ok,
exp_constrained_pub_only_xcdr__py_to_cpp__1000000B__10Hz__shmem_ds__best_effort,receive,sub,py_to_cpp,constrained_pub_only,exp,xcdr,shmem_ds,1000000,10,1,measured,217,2026-09-09T14:24:06.148150Z,157039810348468,157039810273728,157039810348468,1788963846148094481,1788963846148107986,ok,
exp_constrained_pub_only_xcdr__py_to_cpp__1000000B__10Hz__shmem_ds__best_effort,receive,sub,py_to_cpp,constrained_pub_only,exp,xcdr,shmem_ds,1000000,10,1,measured,218,2026-09-09T14:24:06.248487Z,157039910685577,157039910602141,157039910685577,1788963846248425960,1788963846248438754,ok,
exp_constrained_pub_only_xcdr__py_to_cpp__1000000B__10Hz__shmem_ds__best_effort,receive,sub,py_to_cpp,constrained_pub_only,exp,xcdr,shmem_ds,1000000,10,1,measured,219,2026-09-09T14:24:06.347757Z,157040009955821,157040009879658,157040009955821,1788963846347699039,1788963846347715940,ok,
exp_constrained_pub_only_xcdr__py_to_cpp__1000000B__10Hz__shmem_ds__best_effort,receive,sub,py_to_cpp,constrained_pub_only,exp,xcdr,shmem_ds,1000000,10,1,measured,220,2026-09-09T14:24:06.447515Z,157040109713766,157040109623898,157040109713766,1788963846447445092,1788963846447469347,ok,
exp_constrained_pub_only_xcdr__py_to_cpp__1000000B__10Hz__shmem_ds__best_effort,receive,sub,py_to_cpp,constrained_pub_only,exp,xcdr,shmem_ds,1000000,10,1,measured,221,2026-09-09T14:24:06.548376Z,157040210574274,157040210445173,157040210574274,1788963846548281374,1788963846548318374,ok,
exp_constrained_pub_only_xcdr__py_to_cpp__1000000B__10Hz__shmem_ds__best_effort,receive,sub,py_to_cpp,constrained_pub_only,exp,xcdr,shmem_ds,1000000,10,1,measured,222,2026-09-09T14:24:06.648790Z,157040310988878,157040310842284,157040310988878,1788963846648682173,1788963846648724181,ok,
exp_constrained_pub_only_xcdr__py_to_cpp__1000000B__10Hz__shmem_ds__best_effort,receive,sub,py_to_cpp,constrained_pub_only,exp,xcdr,shmem_ds,1000000,10,1,measured,223,2026-09-09T14:24:06.748873Z,157040411072092,157040410929856,157040411072092,1788963846748764345,1788963846748808377,ok,
exp_constrained_pub_only_xcdr__py_to_cpp__1000000B__10Hz__shmem_ds__best_effort,receive,sub,py_to_cpp,constrained_pub_only,exp,xcdr,shmem_ds,1000000,10,1,measured,224,2026-09-09T14:24:06.849314Z,157040511511913,157040511355661,157040511511913,1788963846849195900,1788963846849236937,ok,
exp_constrained_pub_only_xcdr__py_to_cpp__1000000B__10Hz__shmem_ds__best_effort,receive,sub,py_to_cpp,constrained_pub_only,exp,xcdr,shmem_ds,1000000,10,1,measured,225,2026-09-09T14:24:06.948229Z,157040610427734,157040610279126,157040610427734,1788963846948119045,1788963846948160913,ok,
exp_constrained_pub_only_xcdr__py_to_cpp__1000000B__10Hz__shmem_ds__best_effort,receive,sub,py_to_cpp,constrained_pub_only,exp,xcdr,shmem_ds,1000000,10,1,measured,226,2026-09-09T14:24:07.048534Z,157040710732455,157040710593605,157040710732455,1788963847048433093,1788963847048474620,ok,
exp_constrained_pub_only_xcdr__py_to_cpp__1000000B__10Hz__shmem_ds__best_effort,receive,sub,py_to_cpp,constrained_pub_only,exp,xcdr,shmem_ds,1000000,10,1,measured,227,2026-09-09T14:24:07.148481Z,157040810680020,157040810531783,157040810680020,1788963847148370349,1788963847148410664,ok,
exp_constrained_pub_only_xcdr__py_to_cpp__1000000B__10Hz__shmem_ds__best_effort,receive,sub,py_to_cpp,constrained_pub_only,exp,xcdr,shmem_ds,1000000,10,1,measured,228,2026-09-09T14:24:07.249426Z,157040911624320,157040911476784,157040911624320,1788963847249317985,1788963847249362238,ok,
exp_constrained_pub_only_xcdr__py_to_cpp__1000000B__10Hz__shmem_ds__best_effort,receive,sub,py_to_cpp,constrained_pub_only,exp,xcdr,shmem_ds,1000000,10,1,measured,229,2026-09-09T14:24:07.348712Z,157041010910177,157041010774173,157041010910177,1788963847348612829,1788963847348652213,ok,
exp_constrained_pub_only_xcdr__py_to_cpp__1000000B__10Hz__shmem_ds__best_effort,receive,sub,py_to_cpp,constrained_pub_only,exp,xcdr,shmem_ds,1000000,10,1,measured,230,2026-09-09T14:24:07.449580Z,157041111778024,157041111659282,157041111778024,1788963847449499091,1788963847449527794,ok,
exp_constrained_pub_only_xcdr__py_to_cpp__1000000B__10Hz__shmem_ds__best_effort,receive,sub,py_to_cpp,constrained_pub_only,exp,xcdr,shmem_ds,1000000,10,1,measured,231,2026-09-09T14:24:07.548491Z,157041210681015,157041210564908,157041210681015,1788963847548397894,1788963847548429232,ok,
exp_constrained_pub_only_xcdr__py_to_cpp__1000000B__10Hz__shmem_ds__best_effort,receive,sub,py_to_cpp,constrained_pub_only,exp,xcdr,shmem_ds,1000000,10,1,measured,232,2026-09-09T14:24:07.648153Z,157041310351693,157041310235666,157041310351693,1788963847648069112,1788963847648104428,ok,
exp_constrained_pub_only_xcdr__py_to_cpp__1000000B__10Hz__shmem_ds__best_effort,receive,sub,py_to_cpp,constrained_pub_only,exp,xcdr,shmem_ds,1000000,10,1,measured,233,2026-09-09T14:24:07.748353Z,157041410551650,157041410426396,157041410551650,1788963847748262738,1788963847748300138,ok,
exp_constrained_pub_only_xcdr__py_to_cpp__1000000B__10Hz__shmem_ds__best_effort,receive,sub,py_to_cpp,constrained_pub_only,exp,xcdr,shmem_ds,1000000,10,1,measured,234,2026-09-09T14:24:07.848581Z,157041510779730,157041510648585,157041510779730,1788963847848486380,1788963847848522527,ok,
exp_constrained_pub_only_xcdr__py_to_cpp__1000000B__10Hz__shmem_ds__best_effort,receive,sub,py_to_cpp,constrained_pub_only,exp,xcdr,shmem_ds,1000000,10,1,measured,235,2026-09-09T14:24:07.947850Z,157041610048366,157041609927179,157041610048366,1788963847947762068,1788963847947788107,ok,
exp_constrained_pub_only_xcdr__py_to_cpp__1000000B__10Hz__shmem_ds__best_effort,receive,sub,py_to_cpp,constrained_pub_only,exp,xcdr,shmem_ds,1000000,10,1,measured,236,2026-09-09T14:24:08.047110Z,157041709309369,157041709224109,157041709309369,1788963848047048098,1788963848047074929,ok,
exp_constrained_pub_only_xcdr__py_to_cpp__1000000B__10Hz__shmem_ds__best_effort,receive,sub,py_to_cpp,constrained_pub_only,exp,xcdr,shmem_ds,1000000,10,1,measured,237,2026-09-09T14:24:08.147951Z,157041810149870,157041810061695,157041810149870,1788963848147891475,1788963848147914908,ok,
exp_constrained_pub_only_xcdr__py_to_cpp__1000000B__10Hz__shmem_ds__best_effort,receive,sub,py_to_cpp,constrained_pub_only,exp,xcdr,shmem_ds,1000000,10,1,measured,238,2026-09-09T14:24:08.247690Z,157041909888389,157041909752044,157041909888389,1788963848247588857,1788963848247632489,ok,
exp_constrained_pub_only_xcdr__py_to_cpp__1000000B__10Hz__shmem_ds__best_effort,receive,sub,py_to_cpp,constrained_pub_only,exp,xcdr,shmem_ds,1000000,10,1,measured,239,2026-09-09T14:24:08.347832Z,157042010030463,157042009876055,157042010030463,1788963848347711946,1788963848347747482,ok,
exp_constrained_pub_only_xcdr__py_to_cpp__1000000B__10Hz__shmem_ds__best_effort,receive,sub,py_to_cpp,constrained_pub_only,exp,xcdr,shmem_ds,1000000,10,1,measured,240,2026-09-09T14:24:08.448026Z,157042110224735,157042110107426,157042110224735,1788963848447940161,1788963848447970698,ok,
exp_constrained_pub_only_xcdr__py_to_cpp__1000000B__10Hz__shmem_ds__best_effort,receive,sub,py_to_cpp,constrained_pub_only,exp,xcdr,shmem_ds,1000000,10,1,measured,241,2026-09-09T14:24:08.547874Z,157042210072469,157042209939440,157042210072469,1788963848547771695,1788963848547821137,ok,
exp_constrained_pub_only_xcdr__py_to_cpp__1000000B__10Hz__shmem_ds__best_effort,receive,sub,py_to_cpp,constrained_pub_only,exp,xcdr,shmem_ds,1000000,10,1,measured,242,2026-09-09T14:24:08.648127Z,157042310325330,157042310195598,157042310325330,1788963848648032401,1788963848648072335,ok,
exp_constrained_pub_only_xcdr__py_to_cpp__1000000B__10Hz__shmem_ds__best_effort,receive,sub,py_to_cpp,constrained_pub_only,exp,xcdr,shmem_ds,1000000,10,1,measured,243,2026-09-09T14:24:08.748066Z,157042410263695,157042410155643,157042410263695,1788963848747991604,1788963848748013735,ok,
exp_constrained_pub_only_xcdr__py_to_cpp__1000000B__10Hz__shmem_ds__best_effort,receive,sub,py_to_cpp,constrained_pub_only,exp,xcdr,shmem_ds,1000000,10,1,measured,244,2026-09-09T14:24:08.848985Z,157042511183643,157042511046206,157042511183643,1788963848848885694,1788963848848928394,ok,
exp_constrained_pub_only_xcdr__py_to_cpp__1000000B__10Hz__shmem_ds__best_effort,receive,sub,py_to_cpp,constrained_pub_only,exp,xcdr,shmem_ds,1000000,10,1,measured,245,2026-09-09T14:24:08.948159Z,157042610357426,157042610230318,157042610357426,1788963848948066881,1788963848948103179,ok,
exp_constrained_pub_only_xcdr__py_to_cpp__1000000B__10Hz__shmem_ds__best_effort,receive,sub,py_to_cpp,constrained_pub_only,exp,xcdr,shmem_ds,1000000,10,1,measured,246,2026-09-09T14:24:09.048857Z,157042711055553,157042710910632,157042711055553,1788963849048756532,1788963849048795905,ok,
exp_constrained_pub_only_xcdr__py_to_cpp__1000000B__10Hz__shmem_ds__best_effort,receive,sub,py_to_cpp,constrained_pub_only,exp,xcdr,shmem_ds,1000000,10,1,measured,247,2026-09-09T14:24:09.148161Z,157042810359855,157042810232657,157042810359855,1788963849148067056,1788963849148104185,ok,
exp_constrained_pub_only_xcdr__py_to_cpp__1000000B__10Hz__shmem_ds__best_effort,receive,sub,py_to_cpp,constrained_pub_only,exp,xcdr,shmem_ds,1000000,10,1,measured,248,2026-09-09T14:24:09.247853Z,157042910051322,157042909857078,157042910051322,1788963849247720020,1788963849247766687,ok,
exp_constrained_pub_only_xcdr__py_to_cpp__1000000B__10Hz__shmem_ds__best_effort,receive,sub,py_to_cpp,constrained_pub_only,exp,xcdr,shmem_ds,1000000,10,1,measured,249,2026-09-09T14:24:09.348164Z,157043010361986,157043010218077,157043010361986,1788963849348057264,1788963849348100195,ok,
exp_constrained_pub_only_xcdr__py_to_cpp__1000000B__10Hz__shmem_ds__best_effort,receive,sub,py_to_cpp,constrained_pub_only,exp,xcdr,shmem_ds,1000000,10,1,measured,250,2026-09-09T14:24:09.447979Z,157043110177455,157043110047051,157043110177455,1788963849447877321,1788963849447915893,ok,
exp_constrained_pub_only_xcdr__py_to_cpp__1000000B__10Hz__shmem_ds__best_effort,receive,sub,py_to_cpp,constrained_pub_only,exp,xcdr,shmem_ds,1000000,10,1,measured,251,2026-09-09T14:24:09.547883Z,157043210081338,157043209922862,157043210081338,1788963849547770084,1788963849547816852,ok,
exp_constrained_pub_only_xcdr__py_to_cpp__1000000B__10Hz__shmem_ds__best_effort,receive,sub,py_to_cpp,constrained_pub_only,exp,xcdr,shmem_ds,1000000,10,1,measured,252,2026-09-09T14:24:09.648282Z,157043310479206,157043310301975,157043310479206,1788963849648140761,1788963849648199631,ok,
exp_constrained_pub_only_xcdr__py_to_cpp__1000000B__10Hz__shmem_ds__best_effort,receive,sub,py_to_cpp,constrained_pub_only,exp,xcdr,shmem_ds,1000000,10,1,measured,253,2026-09-09T14:24:09.747171Z,157043409369824,157043409282651,157043409369824,1788963849747106770,1788963849747130445,ok,
exp_constrained_pub_only_xcdr__py_to_cpp__1000000B__10Hz__shmem_ds__best_effort,receive,sub,py_to_cpp,constrained_pub_only,exp,xcdr,shmem_ds,1000000,10,1,measured,254,2026-09-09T14:24:09.847135Z,157043509334192,157043509229125,157043509334192,1788963849847053996,1788963849847083210,ok,
exp_constrained_pub_only_xcdr__py_to_cpp__1000000B__10Hz__shmem_ds__best_effort,receive,sub,py_to_cpp,constrained_pub_only,exp,xcdr,shmem_ds,1000000,10,1,measured,255,2026-09-09T14:24:09.947877Z,157043610075713,157043609941812,157043610075713,1788963849947768256,1788963849947809302,ok,
exp_constrained_pub_only_xcdr__py_to_cpp__1000000B__10Hz__shmem_ds__best_effort,receive,sub,py_to_cpp,constrained_pub_only,exp,xcdr,shmem_ds,1000000,10,1,measured,256,2026-09-09T14:24:10.048905Z,157043711102890,157043711015627,157043711102890,1788963850048836740,1788963850048864472,ok,
exp_constrained_pub_only_xcdr__py_to_cpp__1000000B__10Hz__shmem_ds__best_effort,receive,sub,py_to_cpp,constrained_pub_only,exp,xcdr,shmem_ds,1000000,10,1,measured,257,2026-09-09T14:24:10.148464Z,157043810662855,157043810489681,157043810662855,1788963850148332515,1788963850148380856,ok,
exp_constrained_pub_only_xcdr__py_to_cpp__1000000B__10Hz__shmem_ds__best_effort,receive,sub,py_to_cpp,constrained_pub_only,exp,xcdr,shmem_ds,1000000,10,1,measured,258,2026-09-09T14:24:10.247480Z,157043909678843,157043909546545,157043909678843,1788963850247377167,1788963850247417893,ok,
exp_constrained_pub_only_xcdr__py_to_cpp__1000000B__10Hz__shmem_ds__best_effort,receive,sub,py_to_cpp,constrained_pub_only,exp,xcdr,shmem_ds,1000000,10,1,measured,259,2026-09-09T14:24:10.347443Z,157044009631843,157044009503784,157044009631843,1788963850347332832,1788963850347372116,ok,
exp_constrained_pub_only_xcdr__py_to_cpp__1000000B__10Hz__shmem_ds__best_effort,receive,sub,py_to_cpp,constrained_pub_only,exp,xcdr,shmem_ds,1000000,10,1,measured,260,2026-09-09T14:24:10.448108Z,157044110306474,157044110181761,157044110306474,1788963850448009226,1788963850448045414,ok,
exp_constrained_pub_only_xcdr__py_to_cpp__1000000B__10Hz__shmem_ds__best_effort,receive,sub,py_to_cpp,constrained_pub_only,exp,xcdr,shmem_ds,1000000,10,1,measured,261,2026-09-09T14:24:10.548910Z,157044211109144,157044210967489,157044211109144,1788963850548807067,1788963850548846731,ok,
exp_constrained_pub_only_xcdr__py_to_cpp__1000000B__10Hz__shmem_ds__best_effort,receive,sub,py_to_cpp,constrained_pub_only,exp,xcdr,shmem_ds,1000000,10,1,measured,262,2026-09-09T14:24:10.649735Z,157044311933925,157044311796298,157044311933925,1788963850649627070,1788963850649665011,ok,
exp_constrained_pub_only_xcdr__py_to_cpp__1000000B__10Hz__shmem_ds__best_effort,receive,sub,py_to_cpp,constrained_pub_only,exp,xcdr,shmem_ds,1000000,10,1,measured,263,2026-09-09T14:24:10.749348Z,157044411545838,157044411417087,157044411545838,1788963850749247278,1788963850749284888,ok,
exp_constrained_pub_only_xcdr__py_to_cpp__1000000B__10Hz__shmem_ds__best_effort,receive,sub,py_to_cpp,constrained_pub_only,exp,xcdr,shmem_ds,1000000,10,1,measured,264,2026-09-09T14:24:10.848705Z,157044510903595,157044510728507,157044510903595,1788963850848576150,1788963850848622617,ok,
exp_constrained_pub_only_xcdr__py_to_cpp__1000000B__10Hz__shmem_ds__best_effort,receive,sub,py_to_cpp,constrained_pub_only,exp,xcdr,shmem_ds,1000000,10,1,measured,265,2026-09-09T14:24:10.949463Z,157044611661501,157044611504437,157044611661501,1788963850949342974,1788963850949387878,ok,
exp_constrained_pub_only_xcdr__py_to_cpp__1000000B__10Hz__shmem_ds__best_effort,receive,sub,py_to_cpp,constrained_pub_only,exp,xcdr,shmem_ds,1000000,10,1,measured,266,2026-09-09T14:24:11.050011Z,157044712209096,157044712055078,157044712209096,1788963851049905717,1788963851049947125,ok,
exp_constrained_pub_only_xcdr__py_to_cpp__1000000B__10Hz__shmem_ds__best_effort,receive,sub,py_to_cpp,constrained_pub_only,exp,xcdr,shmem_ds,1000000,10,1,measured,267,2026-09-09T14:24:11.149877Z,157044812076432,157044811997604,157044812076432,1788963851149826793,1788963851149844215,ok,
exp_constrained_pub_only_xcdr__py_to_cpp__1000000B__10Hz__shmem_ds__best_effort,receive,sub,py_to_cpp,constrained_pub_only,exp,xcdr,shmem_ds,1000000,10,1,measured,268,2026-09-09T14:24:11.250882Z,157044913080043,157044912974054,157044913080043,1788963851250806018,1788963851250837607,ok,
exp_constrained_pub_only_xcdr__py_to_cpp__1000000B__10Hz__shmem_ds__best_effort,receive,sub,py_to_cpp,constrained_pub_only,exp,xcdr,shmem_ds,1000000,10,1,measured,269,2026-09-09T14:24:11.351290Z,157045013488911,157045013341024,157045013488911,1788963851351181384,1788963851351224895,ok,
exp_constrained_pub_only_xcdr__py_to_cpp__1000000B__10Hz__shmem_ds__best_effort,receive,sub,py_to_cpp,constrained_pub_only,exp,xcdr,shmem_ds,1000000,10,1,measured,270,2026-09-09T14:24:11.450355Z,157045112553284,157045112396931,157045112553284,1788963851450238123,1788963851450280321,ok,
exp_constrained_pub_only_xcdr__py_to_cpp__1000000B__10Hz__shmem_ds__best_effort,receive,sub,py_to_cpp,constrained_pub_only,exp,xcdr,shmem_ds,1000000,10,1,measured,271,2026-09-09T14:24:11.551102Z,157045213300475,157045213139284,157045213300475,1788963851550979072,1788963851551025249,ok,
exp_constrained_pub_only_xcdr__py_to_cpp__1000000B__10Hz__shmem_ds__best_effort,receive,sub,py_to_cpp,constrained_pub_only,exp,xcdr,shmem_ds,1000000,10,1,measured,272,2026-09-09T14:24:11.650630Z,157045312828636,157045312662074,157045312828636,1788963851650509708,1788963851650555533,ok,
exp_constrained_pub_only_xcdr__py_to_cpp__1000000B__10Hz__shmem_ds__best_effort,receive,sub,py_to_cpp,constrained_pub_only,exp,xcdr,shmem_ds,1000000,10,1,measured,273,2026-09-09T14:24:11.750695Z,157045412893130,157045412793634,157045412893130,1788963851750623354,1788963851750648431,ok,
exp_constrained_pub_only_xcdr__py_to_cpp__1000000B__10Hz__shmem_ds__best_effort,receive,sub,py_to_cpp,constrained_pub_only,exp,xcdr,shmem_ds,1000000,10,1,measured,274,2026-09-09T14:24:11.851819Z,157045514017607,157045513846718,157045514017607,1788963851851712244,1788963851851750866,ok,
exp_constrained_pub_only_xcdr__py_to_cpp__1000000B__10Hz__shmem_ds__best_effort,receive,sub,py_to_cpp,constrained_pub_only,exp,xcdr,shmem_ds,1000000,10,1,measured,275,2026-09-09T14:24:11.951083Z,157045613281403,157045613121224,157045613281403,1788963851950963587,1788963851951007119,ok,
exp_constrained_pub_only_xcdr__py_to_cpp__1000000B__10Hz__shmem_ds__best_effort,receive,sub,py_to_cpp,constrained_pub_only,exp,xcdr,shmem_ds,1000000,10,1,measured,276,2026-09-09T14:24:12.050250Z,157045712448231,157045712308600,157045712448231,1788963852050146044,1788963852050184937,ok,
exp_constrained_pub_only_xcdr__py_to_cpp__1000000B__10Hz__shmem_ds__best_effort,receive,sub,py_to_cpp,constrained_pub_only,exp,xcdr,shmem_ds,1000000,10,1,measured,277,2026-09-09T14:24:12.149458Z,157045811656889,157045811561270,157045811656889,1788963852149390719,1788963852149415435,ok,
exp_constrained_pub_only_xcdr__py_to_cpp__1000000B__10Hz__shmem_ds__best_effort,receive,sub,py_to_cpp,constrained_pub_only,exp,xcdr,shmem_ds,1000000,10,1,measured,278,2026-09-09T14:24:12.249513Z,157045911710157,157045911541261,157045911710157,1788963852249389936,1788963852249432656,ok,
exp_constrained_pub_only_xcdr__py_to_cpp__1000000B__10Hz__shmem_ds__best_effort,receive,sub,py_to_cpp,constrained_pub_only,exp,xcdr,shmem_ds,1000000,10,1,measured,279,2026-09-09T14:24:12.348944Z,157046011143225,157046011059108,157046011143225,1788963852348884039,1788963852348906290,ok,
exp_constrained_pub_only_xcdr__py_to_cpp__1000000B__10Hz__shmem_ds__best_effort,receive,sub,py_to_cpp,constrained_pub_only,exp,xcdr,shmem_ds,1000000,10,1,measured,280,2026-09-09T14:24:12.449212Z,157046111411115,157046111339190,157046111411115,1788963852449163079,1788963852449180492,ok,
exp_constrained_pub_only_xcdr__py_to_cpp__1000000B__10Hz__shmem_ds__best_effort,receive,sub,py_to_cpp,constrained_pub_only,exp,xcdr,shmem_ds,1000000,10,1,measured,281,2026-09-09T14:24:12.549705Z,157046211902983,157046211764344,157046211902983,1788963852549602780,1788963852549643186,ok,
exp_constrained_pub_only_xcdr__py_to_cpp__1000000B__10Hz__shmem_ds__best_effort,receive,sub,py_to_cpp,constrained_pub_only,exp,xcdr,shmem_ds,1000000,10,1,measured,282,2026-09-09T14:24:12.649299Z,157046311497323,157046311349617,157046311497323,1788963852649186650,1788963852649227486,ok,
exp_constrained_pub_only_xcdr__py_to_cpp__1000000B__10Hz__shmem_ds__best_effort,receive,sub,py_to_cpp,constrained_pub_only,exp,xcdr,shmem_ds,1000000,10,1,measured,283,2026-09-09T14:24:12.749415Z,157046411612307,157046411434515,157046411612307,1788963852749282599,1788963852749332241,ok,
exp_constrained_pub_only_xcdr__py_to_cpp__1000000B__10Hz__shmem_ds__best_effort,receive,sub,py_to_cpp,constrained_pub_only,exp,xcdr,shmem_ds,1000000,10,1,measured,284,2026-09-09T14:24:12.848959Z,157046511157575,157046511043782,157046511157575,1788963852848877258,1788963852848908266,ok,
exp_constrained_pub_only_xcdr__py_to_cpp__1000000B__10Hz__shmem_ds__best_effort,receive,sub,py_to_cpp,constrained_pub_only,exp,xcdr,shmem_ds,1000000,10,1,measured,285,2026-09-09T14:24:12.948638Z,157046610836432,157046610717530,157046610836432,1788963852948551928,1788963852948586363,ok,
exp_constrained_pub_only_xcdr__py_to_cpp__1000000B__10Hz__shmem_ds__best_effort,receive,sub,py_to_cpp,constrained_pub_only,exp,xcdr,shmem_ds,1000000,10,1,measured,286,2026-09-09T14:24:13.049532Z,157046711731007,157046711648122,157046711731007,1788963853049475216,1788963853049504070,ok,
exp_constrained_pub_only_xcdr__py_to_cpp__1000000B__10Hz__shmem_ds__best_effort,receive,sub,py_to_cpp,constrained_pub_only,exp,xcdr,shmem_ds,1000000,10,1,measured,287,2026-09-09T14:24:13.150531Z,157046812728917,157046812585439,157046812728917,1788963853150427281,1788963853150467777,ok,
exp_constrained_pub_only_xcdr__py_to_cpp__1000000B__10Hz__shmem_ds__best_effort,receive,sub,py_to_cpp,constrained_pub_only,exp,xcdr,shmem_ds,1000000,10,1,measured,288,2026-09-09T14:24:13.249623Z,157046911814790,157046911698633,157046911814790,1788963853249530978,1788963853249566194,ok,
exp_constrained_pub_only_xcdr__py_to_cpp__1000000B__10Hz__shmem_ds__best_effort,receive,sub,py_to_cpp,constrained_pub_only,exp,xcdr,shmem_ds,1000000,10,1,measured,289,2026-09-09T14:24:13.349262Z,157047011460571,157047011304459,157047011460571,1788963853349144618,1788963853349186747,ok,
exp_constrained_pub_only_xcdr__py_to_cpp__1000000B__10Hz__shmem_ds__best_effort,receive,sub,py_to_cpp,constrained_pub_only,exp,xcdr,shmem_ds,1000000,10,1,measured,290,2026-09-09T14:24:13.449074Z,157047111272142,157047111142790,157047111272142,1788963853448979763,1788963853449016763,ok,
exp_constrained_pub_only_xcdr__py_to_cpp__1000000B__10Hz__shmem_ds__best_effort,receive,sub,py_to_cpp,constrained_pub_only,exp,xcdr,shmem_ds,1000000,10,1,measured,291,2026-09-09T14:24:13.548152Z,157047210350151,157047210194910,157047210350151,1788963853548054345,1788963853548097807,ok,
exp_constrained_pub_only_xcdr__py_to_cpp__1000000B__10Hz__shmem_ds__best_effort,receive,sub,py_to_cpp,constrained_pub_only,exp,xcdr,shmem_ds,1000000,10,1,measured,292,2026-09-09T14:24:13.648505Z,157047310703686,157047310613327,157047310703686,1788963853648435212,1788963853648462583,ok,
exp_constrained_pub_only_xcdr__py_to_cpp__1000000B__10Hz__shmem_ds__best_effort,receive,sub,py_to_cpp,constrained_pub_only,exp,xcdr,shmem_ds,1000000,10,1,measured,293,2026-09-09T14:24:13.748626Z,157047410823964,157047410766577,157047410823964,1788963853748583593,1788963853748596777,ok,
exp_constrained_pub_only_xcdr__py_to_cpp__1000000B__10Hz__shmem_ds__best_effort,receive,sub,py_to_cpp,constrained_pub_only,exp,xcdr,shmem_ds,1000000,10,1,measured,294,2026-09-09T14:24:13.848467Z,157047510665862,157047510565594,157047510665862,1788963853848394392,1788963853848429347,ok,
exp_constrained_pub_only_xcdr__py_to_cpp__1000000B__10Hz__shmem_ds__best_effort,receive,sub,py_to_cpp,constrained_pub_only,exp,xcdr,shmem_ds,1000000,10,1,measured,295,2026-09-09T14:24:13.948784Z,157047610982327,157047610823239,157047610982327,1788963853948665573,1788963853948706970,ok,
exp_constrained_pub_only_xcdr__py_to_cpp__1000000B__10Hz__shmem_ds__best_effort,receive,sub,py_to_cpp,constrained_pub_only,exp,xcdr,shmem_ds,1000000,10,1,measured,296,2026-09-09T14:24:14.048794Z,157047710992331,157047710864612,157047710992331,1788963854048693491,1788963854048732333,ok,
exp_constrained_pub_only_xcdr__py_to_cpp__1000000B__10Hz__shmem_ds__best_effort,receive,sub,py_to_cpp,constrained_pub_only,exp,xcdr,shmem_ds,1000000,10,1,measured,297,2026-09-09T14:24:14.148599Z,157047810797155,157047810708288,157047810797155,1788963854148526917,1788963854148546524,ok,
exp_constrained_pub_only_xcdr__py_to_cpp__1000000B__10Hz__shmem_ds__best_effort,receive,sub,py_to_cpp,constrained_pub_only,exp,xcdr,shmem_ds,1000000,10,1,measured,298,2026-09-09T14:24:14.247632Z,157047909830004,157047909634498,157047909830004,1788963854247482632,1788963854247531503,ok,
exp_constrained_pub_only_xcdr__py_to_cpp__1000000B__10Hz__shmem_ds__best_effort,receive,sub,py_to_cpp,constrained_pub_only,exp,xcdr,shmem_ds,1000000,10,1,measured,299,2026-09-09T14:24:14.346994Z,157048009192589,157048009047608,157048009192589,1788963854346880914,1788963854346923133,ok,
exp_constrained_pub_only_xcdr__py_to_cpp__1000000B__10Hz__shmem_ds__best_effort,receive,sub,py_to_cpp,constrained_pub_only,exp,xcdr,shmem_ds,1000000,10,1,measured,300,2026-09-09T14:24:14.447958Z,157048110156441,157048109965734,157048110156441,1788963854447841490,1788963854447888899,ok,
