run_id,event,process,direction,config,message,backend,transport,payload_bytes,target_frequency_hz,step_index,phase,sequence,observed_utc,observed_mono_ns,send_mono_ns,receive_mono_ns,middleware_source_ns,middleware_received_ns,status,error
exp_constrained_pub_only_xcdr__py_to_py__100000B__10Hz__shmem_ds__best_effort,publish,pub,py_to_py,constrained_pub_only,exp,xcdr,shmem_ds,100000,10,0,measured,0,2026-09-09T14:24:19.994968Z,157053657044642,157053657044642,157053657044642,-1,-1,ok,
exp_constrained_pub_only_xcdr__py_to_py__100000B__10Hz__shmem_ds__best_effort,publish,pub,py_to_py,constrained_pub_only,exp,xcdr,shmem_ds,100000,10,0,measured,1,2026-09-09T14:24:20.095373Z,157053757494612,157053757494612,157053757494612,-1,-1,ok,
exp_constrained_pub_only_xcdr__py_to_py__100000B__10Hz__shmem_ds__best_effort,publish,pub,py_to_py,constrained_pub_only,exp,xcdr,shmem_ds,100000,10,0,measured,2,2026-09-09T14:24:20.194479Z,157053856613381,157053856613381,157053856613381,-1,-1,ok,
exp_constrained_pub_only_xcdr__py_to_py__100000B__10Hz__shmem_ds__best_effort,publish,pub,py_to_py,constrained_pub_only,exp,xcdr,shmem_ds,100000,10,0,measured,3,2026-09-09T14:24:20.293912Z,157053956041479,157053956041479,157053956041479,-1,-1,ok,
exp_constrained_pub_only_xcdr__py_to_py__100000B__10Hz__shmem_ds__best_effort,publish,pub,py_to_py,constrained_pub_only,exp,xcdr,shmem_ds,100000,10,0,measured,4,2026-09-09T14:24:20.393313Z,157054055447275,157054055447275,157054055447275,-1,-1,ok,
exp_constrained_pub_only_xcdr__py_to_py__100000B__10Hz__shmem_ds__best_effort,publish,pub,py_to_py,constrained_pub_only,exp,xcdr,shmem_ds,100000,10,0,measured,5,2026-09-09T14:24:20.494095Z,157054156181598,157054156181598,157054156181598,-1,-1,ok,
exp_constrained_pub_only_xcdr__py_to_py__100000B__10Hz__shmem_ds__best_effort,publish,pub,py_to_py,constrained_pub_only,exp,xcdr,shmem_ds,100000,10,0,measured,6,2026-09-09T14:24:20.594252Z,157054256372754,157054256372754,157054256372754,-1,-1,ok,
exp_constrained_pub_only_xcdr__py_to_py__100000B__10Hz__shmem_ds__best_effort,publish,pub,py_to_py,constrained_pub_only,exp,xcdr,shmem_ds,100000,10,0,measured,7,2026-09-09T14:24:20.695288Z,157054357379986,157054357379986,157054357379986,-1,-1,ok,
exp_constrained_pub_only_xcdr__py_to_py__100000B__10Hz__shmem_ds__best_effort,publish,pub,py_to_py,constrained_pub_only,exp,xcdr,shmem_ds,100000,10,0,measured,8,2026-09-09T14:24:20.794129Z,157054456269927,157054456269927,157054456269927,-1,-1,ok,
exp_constrained_pub_only_xcdr__py_to_py__100000B__10Hz__shmem_ds__best_effort,publish,pub,py_to_py,constrained_pub_only,exp,xcdr,shmem_ds,100000,10,0,measured,9,2026-09-09T14:24:20.894165Z,157054556272851,157054556272851,157054556272851,-1,-1,ok,
exp_constrained_pub_only_xcdr__py_to_py__100000B__10Hz__shmem_ds__best_effort,publish,pub,py_to_py,constrained_pub_only,exp,xcdr,shmem_ds,100000,10,0,measured,10,2026-09-09T14:24:20.993117Z,157054655235618,157054655235618,157054655235618,-1,-1,ok,
exp_constrained_pub_only_xcdr__py_to_py__100000B__10Hz__shmem_ds__best_effort,publish,pub,py_to_py,constrained_pub_only,exp,xcdr,shmem_ds,100000,10,0,measured,11,2026-09-09T14:24:21.092433Z,157054754568572,157054754568572,157054754568572,-1,-1,ok,
exp_constrained_pub_only_xcdr__py_to_py__100000B__10Hz__shmem_ds__best_effort,publish,pub,py_to_py,constrained_pub_only,exp,xcdr,shmem_ds,100000,10,0,measured,12,2026-09-09T14:24:21.192338Z,157054854492864,157054854492864,157054854492864,-1,-1,ok,
exp_constrained_pub_only_xcdr__py_to_py__100000B__10Hz__shmem_ds__best_effort,publish,pub,py_to_py,constrained_pub_only,exp,xcdr,shmem_ds,100000,10,0,measured,13,2026-09-09T14:24:21.291329Z,157054953485011,157054953485011,157054953485011,-1,-1,ok,
exp_constrained_pub_only_xcdr__py_to_py__100000B__10Hz__shmem_ds__best_effort,publish,pub,py_to_py,constrained_pub_only,exp,xcdr,shmem_ds,100000,10,0,measured,14,2026-09-09T14:24:21.390853Z,157055052988284,157055052988284,157055052988284,-1,-1,ok,
exp_constrained_pub_only_xcdr__py_to_py__100000B__10Hz__shmem_ds__best_effort,publish,pub,py_to_py,constrained_pub_only,exp,xcdr,shmem_ds,100000,10,0,measured,15,2026-09-09T14:24:21.491122Z,157055153269353,157055153269353,157055153269353,-1,-1,ok,
exp_constrained_pub_only_xcdr__py_to_py__100000B__10Hz__shmem_ds__best_effort,publish,pub,py_to_py,constrained_pub_only,exp,xcdr,shmem_ds,100000,10,0,measured,16,2026-09-09T14:24:21.591389Z,157055253530755,157055253530755,157055253530755,-1,-1,ok,
exp_constrained_pub_only_xcdr__py_to_py__100000B__10Hz__shmem_ds__best_effort,publish,pub,py_to_py,constrained_pub_only,exp,xcdr,shmem_ds,100000,10,0,measured,17,2026-09-09T14:24:21.690637Z,157055352782969,157055352782969,157055352782969,-1,-1,ok,
exp_constrained_pub_only_xcdr__py_to_py__100000B__10Hz__shmem_ds__best_effort,publish,pub,py_to_py,constrained_pub_only,exp,xcdr,shmem_ds,100000,10,0,measured,18,2026-09-09T14:24:21.790762Z,157055452916681,157055452916681,157055452916681,-1,-1,ok,
exp_constrained_pub_only_xcdr__py_to_py__100000B__10Hz__shmem_ds__best_effort,publish,pub,py_to_py,constrained_pub_only,exp,xcdr,shmem_ds,100000,10,0,measured,19,2026-09-09T14:24:21.891622Z,157055553741458,157055553741458,157055553741458,-1,-1,ok,
exp_constrained_pub_only_xcdr__py_to_py__100000B__10Hz__shmem_ds__best_effort,publish,pub,py_to_py,constrained_pub_only,exp,xcdr,shmem_ds,100000,10,0,measured,20,2026-09-09T14:24:21.990710Z,157055652816020,157055652816020,157055652816020,-1,-1,ok,
exp_constrained_pub_only_xcdr__py_to_py__100000B__10Hz__shmem_ds__best_effort,publish,pub,py_to_py,constrained_pub_only,exp,xcdr,shmem_ds,100000,10,0,measured,21,2026-09-09T14:24:22.091062Z,157055753208952,157055753208952,157055753208952,-1,-1,ok,
exp_constrained_pub_only_xcdr__py_to_py__100000B__10Hz__shmem_ds__best_effort,publish,pub,py_to_py,constrained_pub_only,exp,xcdr,shmem_ds,100000,10,0,measured,22,2026-09-09T14:24:22.191424Z,157055853578631,157055853578631,157055853578631,-1,-1,ok,
exp_constrained_pub_only_xcdr__py_to_py__100000B__10Hz__shmem_ds__best_effort,publish,pub,py_to_py,constrained_pub_only,exp,xcdr,shmem_ds,100000,10,0,measured,23,2026-09-09T14:24:22.291347Z,157055953465688,157055953465688,157055953465688,-1,-1,ok,
exp_constrained_pub_only_xcdr__py_to_py__100000B__10Hz__shmem_ds__best_effort,publish,pub,py_to_py,constrained_pub_only,exp,xcdr,shmem_ds,100000,10,0,measured,24,2026-09-09T14:24:22.390490Z,157056052631484,157056052631484,157056052631484,-1,-1,ok,
exp_constrained_pub_only_xcdr__py_to_py__100000B__10Hz__shmem_ds__best_effort,publish,pub,py_to_py,constrained_pub_only,exp,xcdr,shmem_ds,100000,10,0,measured,25,2026-09-09T14:24:22.491378Z,157056153527409,157056153527409,157056153527409,-1,-1,ok,
exp_constrained_pub_only_xcdr__py_to_py__100000B__10Hz__shmem_ds__best_effort,publish,pub,py_to_py,constrained_pub_only,exp,xcdr,shmem_ds,100000,10,0,measured,26,2026-09-09T14:24:22.591163Z,157056253292006,157056253292006,157056253292006,-1,-1,ok,
exp_constrained_pub_only_xcdr__py_to_py__100000B__10Hz__shmem_ds__best_effort,publish,pub,py_to_py,constrained_pub_only,exp,xcdr,shmem_ds,100000,10,0,measured,27,2026-09-09T14:24:22.690546Z,157056352642729,157056352642729,157056352642729,-1,-1,ok,
exp_constrained_pub_only_xcdr__py_to_py__100000B__10Hz__shmem_ds__best_effort,publish,pub,py_to_py,constrained_pub_only,exp,xcdr,shmem_ds,100000,10,0,measured,28,2026-09-09T14:24:22.789364Z,157056451522439,157056451522439,157056451522439,-1,-1,ok,
exp_constrained_pub_only_xcdr__py_to_py__100000B__10Hz__shmem_ds__best_effort,publish,pub,py_to_py,constrained_pub_only,exp,xcdr,shmem_ds,100000,10,0,measured,29,2026-09-09T14:24:22.890310Z,157056552429185,157056552429185,157056552429185,-1,-1,ok,
exp_constrained_pub_only_xcdr__py_to_py__100000B__10Hz__shmem_ds__best_effort,publish,pub,py_to_py,constrained_pub_only,exp,xcdr,shmem_ds,100000,10,0,measured,30,2026-09-09T14:24:22.990454Z,157056652583762,157056652583762,157056652583762,-1,-1,ok,
exp_constrained_pub_only_xcdr__py_to_py__100000B__10Hz__shmem_ds__best_effort,publish,pub,py_to_py,constrained_pub_only,exp,xcdr,shmem_ds,100000,10,0,measured,31,2026-09-09T14:24:23.090932Z,157056753083711,157056753083711,157056753083711,-1,-1,ok,
exp_constrained_pub_only_xcdr__py_to_py__100000B__10Hz__shmem_ds__best_effort,publish,pub,py_to_py,constrained_pub_only,exp,xcdr,shmem_ds,100000,10,0,measured,32,2026-09-09T14:24:23.191472Z,157056853616031,157056853616031,157056853616031,-1,-1,ok,
exp_constrained_pub_only_xcdr__py_to_py__100000B__10Hz__shmem_ds__best_effort,publish,pub,py_to_py,constrained_pub_only,exp,xcdr,shmem_ds,100000,10,0,measured,33,2026-09-09T14:24:23.291410Z,157056953566049,157056953566049,157056953566049,-1,-1,ok,
exp_constrained_pub_only_xcdr__py_to_py__100000B__10Hz__shmem_ds__best_effort,publish,pub,py_to_py,constrained_pub_only,exp,xcdr,shmem_ds,100000,10,0,measured,34,2026-09-09T14:24:23.392338Z,157057054497565,157057054497565,157057054497565,-1,-1,ok,
exp_constrained_pub_only_xcdr__py_to_py__100000B__10Hz__shmem_ds__best_effort,publish,pub,py_to_py,constrained_pub_only,exp,xcdr,shmem_ds,100000,10,0,measured,35,2026-09-09T14:24:23.492135Z,157057154287925,157057154287925,157057154287925,-1,-1,ok,
exp_constrained_pub_only_xcdr__py_to_py__100000B__10Hz__shmem_ds__best_effort,publish,pub,py_to_py,constrained_pub_only,exp,xcdr,shmem_ds,100000,10,0,measured,36,2026-09-09T14:24:23.592266Z,157057254414656,157057254414656,157057254414656,-1,-1,ok,
exp_constrained_pub_only_xcdr__py_to_py__100000B__10Hz__shmem_ds__best_effort,publish,pub,py_to_py,constrained_pub_only,exp,xcdr,shmem_ds,100000,10,0,measured,37,2026-09-09T14:24:23.692957Z,157057355093047,157057355093047,157057355093047,-1,-1,ok,
exp_constrained_pub_only_xcdr__py_to_py__100000B__10Hz__shmem_ds__best_effort,publish,pub,py_to_py,constrained_pub_only,exp,xcdr,shmem_ds,100000,10,0,measured,38,2026-09-09T14:24:23.793121Z,157057455276834,157057455276834,157057455276834,-1,-1,ok,
exp_constrained_pub_only_xcdr__py_to_py__100000B__10Hz__shmem_ds__best_effort,publish,pub,py_to_py,constrained_pub_only,exp,xcdr,shmem_ds,100000,10,0,measured,39,2026-09-09T14:24:23.893974Z,157057556116519,157057556116519,157057556116519,-1,-1,ok,
exp_constrained_pub_only_xcdr__py_to_py__100000B__10Hz__shmem_ds__best_effort,publish,pub,py_to_py,constrained_pub_only,exp,xcdr,shmem_ds,100000,10,0,measured,40,2026-09-09T14:24:23.994184Z,157057656312818,157057656312818,157057656312818,-1,-1,ok,
exp_constrained_pub_only_xcdr__py_to_py__100000B__10Hz__shmem_ds__best_effort,publish,pub,py_to_py,constrained_pub_only,exp,xcdr,shmem_ds,100000,10,0,measured,41,2026-09-09T14:24:24.094692Z,157057756805257,157057756805257,157057756805257,-1,-1,ok,
exp_constrained_pub_only_xcdr__py_to_py__100000B__10Hz__shmem_ds__best_effort,publish,pub,py_to_py,constrained_pub_only,exp,xcdr,shmem_ds,100000,10,0,measured,42,2026-09-09T14:24:24.193506Z,157057855660712,157057855660712,157057855660712,-1,-1,ok,
exp_constrained_pub_only_xcdr__py_to_py__100000B__10Hz__shmem_ds__best_effort,publish,pub,py_to_py,constrained_pub_only,exp,xcdr,shmem_ds,100000,10,0,measured,43,2026-09-09T14:24:24.293172Z,157057955301848,157057955301848,157057955301848,-1,-1,ok,
exp_constrained_pub_only_xcdr__py_to_py__100000B__10Hz__shmem_ds__best_effort,publish,pub,py_to_py,constrained_pub_only,exp,xcdr,shmem_ds,100000,10,0,measured,44,2026-09-09T14:24:24.392670Z,157058054805717,157058054805717,157058054805717,-1,-1,ok,
exp_constrained_pub_only_xcdr__py_to_py__100000B__10Hz__shmem_ds__best_effort,publish,pub,py_to_py,constrained_pub_only,exp,xcdr,shmem_ds,100000,10,0,measured,45,2026-09-09T14:24:24.491886Z,157058153978657,157058153978657,157058153978657,-1,-1,ok,
exp_constrained_pub_only_xcdr__py_to_py__100000B__10Hz__shmem_ds__best_effort,publish,pub,py_to_py,constrained_pub_only,exp,xcdr,shmem_ds,100000,10,0,measured,46,2026-09-09T14:24:24.591546Z,157058253642846,157058253642846,157058253642846,-1,-1,ok,
exp_constrained_pub_only_xcdr__py_to_py__100000B__10Hz__shmem_ds__best_effort,publish,pub,py_to_py,constrained_pub_only,exp,xcdr,shmem_ds,100000,10,0,measured,47,2026-09-09T14:24:24.690739Z,157058352841323,157058352841323,157058352841323,-1,-1,ok,
exp_constrained_pub_only_xcdr__py_to_py__100000B__10Hz__shmem_ds__best_effort,publish,pub,py_to_py,constrained_pub_only,exp,xcdr,shmem_ds,100000,10,0,measured,48,2026-09-09T14:24:24.790105Z,157058452237190,157058452237190,157058452237190,-1,-1,ok,
exp_constrained_pub_only_xcdr__py_to_py__100000B__10Hz__shmem_ds__best_effort,publish,pub,py_to_py,constrained_pub_only,exp,xcdr,shmem_ds,100000,10,0,measured,49,2026-09-09T14:24:24.890214Z,157058552353436,157058552353436,157058552353436,-1,-1,ok,
exp_constrained_pub_only_xcdr__py_to_py__100000B__10Hz__shmem_ds__best_effort,publish,pub,py_to_py,constrained_pub_only,exp,xcdr,shmem_ds,100000,10,0,measured,50,2026-09-09T14:24:24.990134Z,157058652270999,157058652270999,157058652270999,-1,-1,ok,
exp_constrained_pub_only_xcdr__py_to_py__100000B__10Hz__shmem_ds__best_effort,publish,pub,py_to_py,constrained_pub_only,exp,xcdr,shmem_ds,100000,10,0,measured,51,2026-09-09T14:24:25.090117Z,157058752198055,157058752198055,157058752198055,-1,-1,ok,
exp_constrained_pub_only_xcdr__py_to_py__100000B__10Hz__shmem_ds__best_effort,publish,pub,py_to_py,constrained_pub_only,exp,xcdr,shmem_ds,100000,10,0,measured,52,2026-09-09T14:24:25.189202Z,157058851333850,157058851333850,157058851333850,-1,-1,ok,
exp_constrained_pub_only_xcdr__py_to_py__100000B__10Hz__shmem_ds__best_effort,publish,pub,py_to_py,constrained_pub_only,exp,xcdr,shmem_ds,100000,10,0,measured,53,2026-09-09T14:24:25.288889Z,157058951021948,157058951021948,157058951021948,-1,-1,ok,
exp_constrained_pub_only_xcdr__py_to_py__100000B__10Hz__shmem_ds__best_effort,publish,pub,py_to_py,constrained_pub_only,exp,xcdr,shmem_ds,100000,10,0,measured,54,2026-09-09T14:24:25.389656Z,157059051784889,157059051784889,157059051784889,-1,-1,ok,
exp_constrained_pub_only_xcdr__py_to_py__100000B__10Hz__shmem_ds__best_effort,publish,pub,py_to_py,constrained_pub_only,exp,xcdr,shmem_ds,100000,10,0,measured,55,2026-09-09T14:24:25.489936Z,157059152071317,157059152071317,157059152071317,-1,-1,ok,
exp_constrained_pub_only_xcdr__py_to_py__100000B__10Hz__shmem_ds__best_effort,publish,pub,py_to_py,constrained_pub_only,exp,xcdr,shmem_ds,100000,10,0,measured,56,2026-09-09T14:24:25.590282Z,157059252391769,157059252391769,157059252391769,-1,-1,ok,
exp_constrained_pub_only_xcdr__py_to_py__100000B__10Hz__shmem_ds__best_effort,publish,pub,py_to_py,constrained_pub_only,exp,xcdr,shmem_ds,100000,10,0,measured,57,2026-09-09T14:24:25.689500Z,157059351628744,157059351628744,157059351628744,-1,-1,ok,
exp_constrained_pub_only_xcdr__py_to_py__100000B__10Hz__shmem_ds__best_effort,publish,pub,py_to_py,constrained_pub_only,exp,xcdr,shmem_ds,100000,10,0,measured,58,2026-09-09T14:24:25.790133Z,157059452236033,157059452236033,157059452236033,-1,-1,ok,
exp_constrained_pub_only_xcdr__py_to_py__100000B__10Hz__shmem_ds__best_effort,publish,pub,py_to_py,constrained_pub_only,exp,xcdr,shmem_ds,100000,10,0,measured,59,2026-09-09T14:24:25.889396Z,157059551504856,157059551504856,157059551504856,-1,-1,ok,
exp_constrained_pub_only_xcdr__py_to_py__100000B__10Hz__shmem_ds__best_effort,publish,pub,py_to_py,constrained_pub_only,exp,xcdr,shmem_ds,100000,10,0,measured,60,2026-09-09T14:24:25.989022Z,157059651144705,157059651144705,157059651144705,-1,-1,ok,
exp_constrained_pub_only_xcdr__py_to_py__100000B__10Hz__shmem_ds__best_effort,publish,pub,py_to_py,constrained_pub_only,exp,xcdr,shmem_ds,100000,10,0,measured,61,2026-09-09T14:24:26.090248Z,157059752365857,157059752365857,157059752365857,-1,-1,ok,
exp_constrained_pub_only_xcdr__py_to_py__100000B__10Hz__shmem_ds__best_effort,publish,pub,py_to_py,constrained_pub_only,exp,xcdr,shmem_ds,100000,10,0,measured,62,2026-09-09T14:24:26.190277Z,157059852410047,157059852410047,157059852410047,-1,-1,ok,
exp_constrained_pub_only_xcdr__py_to_py__100000B__10Hz__shmem_ds__best_effort,publish,pub,py_to_py,constrained_pub_only,exp,xcdr,shmem_ds,100000,10,0,measured,63,2026-09-09T14:24:26.290698Z,157059952842212,157059952842212,157059952842212,-1,-1,ok,
exp_constrained_pub_only_xcdr__py_to_py__100000B__10Hz__shmem_ds__best_effort,publish,pub,py_to_py,constrained_pub_only,exp,xcdr,shmem_ds,100000,10,0,measured,64,2026-09-09T14:24:26.390770Z,157060052905799,157060052905799,157060052905799,-1,-1,ok,
exp_constrained_pub_only_xcdr__py_to_py__100000B__10Hz__shmem_ds__best_effort,publish,pub,py_to_py,constrained_pub_only,exp,xcdr,shmem_ds,100000,10,0,measured,65,2026-09-09T14:24:26.491674Z,157060153766588,157060153766588,157060153766588,-1,-1,ok,
exp_constrained_pub_only_xcdr__py_to_py__100000B__10Hz__shmem_ds__best_effort,publish,pub,py_to_py,constrained_pub_only,exp,xcdr,shmem_ds,100000,10,0,measured,66,2026-09-09T14:24:26.592149Z,157060254254548,157060254254548,157060254254548,-1,-1,ok,
exp_constrained_pub_only_xcdr__py_to_py__100000B__10Hz__shmem_ds__best_effort,publish,pub,py_to_py,constrained_pub_only,exp,xcdr,shmem_ds,100000,10,0,measured,67,2026-09-09T14:24:26.691699Z,157060353794023,157060353794023,157060353794023,-1,-1,ok,
exp_constrained_pub_only_xcdr__py_to_py__100000B__10Hz__shmem_ds__best_effort,publish,pub,py_to_py,constrained_pub_only,exp,xcdr,shmem_ds,100000,10,0,measured,68,2026-09-09T14:24:26.790527Z,157060452662123,157060452662123,157060452662123,-1,-1,ok,
exp_constrained_pub_only_xcdr__py_to_py__100000B__10Hz__shmem_ds__best_effort,publish,pub,py_to_py,constrained_pub_only,exp,xcdr,shmem_ds,100000,10,0,measured,69,2026-09-09T14:24:26.890273Z,157060552388438,157060552388438,157060552388438,-1,-1,ok,
exp_constrained_pub_only_xcdr__py_to_py__100000B__10Hz__shmem_ds__best_effort,publish,pub,py_to_py,constrained_pub_only,exp,xcdr,shmem_ds,100000,10,0,measured,70,2026-09-09T14:24:26.989710Z,157060651834157,157060651834157,157060651834157,-1,-1,ok,
exp_constrained_pub_only_xcdr__py_to_py__100000B__10Hz__shmem_ds__best_effort,publish,pub,py_to_py,constrained_pub_only,exp,xcdr,shmem_ds,100000,10,0,measured,71,2026-09-09T14:24:27.089294Z,157060751425074,157060751425074,157060751425074,-1,-1,ok,
exp_constrained_pub_only_xcdr__py_to_py__100000B__10Hz__shmem_ds__best_effort,publish,pub,py_to_py,constrained_pub_only,exp,xcdr,shmem_ds,100000,10,0,measured,72,2026-09-09T14:24:27.190003Z,157060852134353,157060852134353,157060852134353,-1,-1,ok,
exp_constrained_pub_only_xcdr__py_to_py__100000B__10Hz__shmem_ds__best_effort,publish,pub,py_to_py,constrained_pub_only,exp,xcdr,shmem_ds,100000,10,0,measured,73,2026-09-09T14:24:27.290707Z,157060952843123,157060952843123,157060952843123,-1,-1,ok,
exp_constrained_pub_only_xcdr__py_to_py__100000B__10Hz__shmem_ds__best_effort,publish,pub,py_to_py,constrained_pub_only,exp,xcdr,shmem_ds,100000,10,0,measured,74,2026-09-09T14:24:27.390497Z,157061052613565,157061052613565,157061052613565,-1,-1,ok,
exp_constrained_pub_only_xcdr__py_to_py__100000B__10Hz__shmem_ds__best_effort,publish,pub,py_to_py,constrained_pub_only,exp,xcdr,shmem_ds,100000,10,0,measured,75,2026-09-09T14:24:27.490883Z,157061152959074,157061152959074,157061152959074,-1,-1,ok,
exp_constrained_pub_only_xcdr__py_to_py__100000B__10Hz__shmem_ds__best_effort,publish,pub,py_to_py,constrained_pub_only,exp,xcdr,shmem_ds,100000,10,0,measured,76,2026-09-09T14:24:27.590811Z,157061252903111,157061252903111,157061252903111,-1,-1,ok,
exp_constrained_pub_only_xcdr__py_to_py__100000B__10Hz__shmem_ds__best_effort,publish,pub,py_to_py,constrained_pub_only,exp,xcdr,shmem_ds,100000,10,0,measured,77,2026-09-09T14:24:27.691359Z,157061353453103,157061353453103,157061353453103,-1,-1,ok,
exp_constrained_pub_only_xcdr__py_to_py__100000B__10Hz__shmem_ds__best_effort,publish,pub,py_to_py,constrained_pub_only,exp,xcdr,shmem_ds,100000,10,0,measured,78,2026-09-09T14:24:27.791095Z,157061453252199,157061453252199,157061453252199,-1,-1,ok,
exp_constrained_pub_only_xcdr__py_to_py__100000B__10Hz__shmem_ds__best_effort,publish,pub,py_to_py,constrained_pub_only,exp,xcdr,shmem_ds,100000,10,0,measured,79,2026-09-09T14:24:27.890960Z,157061553062376,157061553062376,157061553062376,-1,-1,ok,
exp_constrained_pub_only_xcdr__py_to_py__100000B__10Hz__shmem_ds__best_effort,publish,pub,py_to_py,constrained_pub_only,exp,xcdr,shmem_ds,100000,10,0,measured,80,2026-09-09T14:24:27.990320Z,157061652444632,157061652444632,157061652444632,-1,-1,ok,
exp_constrained_pub_only_xcdr__py_to_py__100000B__10Hz__shmem_ds__best_effort,publish,pub,py_to_py,constrained_pub_only,exp,xcdr,shmem_ds,100000,10,0,measured,81,2026-09-09T14:24:28.090430Z,157061752585351,157061752585351,157061752585351,-1,-1,ok,
exp_constrained_pub_only_xcdr__py_to_py__100000B__10Hz__shmem_ds__best_effort,publish,pub,py_to_py,constrained_pub_only,exp,xcdr,shmem_ds,100000,10,0,measured,82,2026-09-09T14:24:28.190114Z,157061852215897,157061852215897,157061852215897,-1,-1,ok,
exp_constrained_pub_only_xcdr__py_to_py__100000B__10Hz__shmem_ds__best_effort,publish,pub,py_to_py,constrained_pub_only,exp,xcdr,shmem_ds,100000,10,0,measured,83,2026-09-09T14:24:28.289989Z,157061952137708,157061952137708,157061952137708,-1,-1,ok,
exp_constrained_pub_only_xcdr__py_to_py__100000B__10Hz__shmem_ds__best_effort,publish,pub,py_to_py,constrained_pub_only,exp,xcdr,shmem_ds,100000,10,0,measured,84,2026-09-09T14:24:28.390825Z,157062052948773,157062052948773,157062052948773,-1,-1,ok,
exp_constrained_pub_only_xcdr__py_to_py__100000B__10Hz__shmem_ds__best_effort,publish,pub,py_to_py,constrained_pub_only,exp,xcdr,shmem_ds,100000,10,0,measured,85,2026-09-09T14:24:28.490679Z,157062152809218,157062152809218,157062152809218,-1,-1,ok,
exp_constrained_pub_only_xcdr__py_to_py__100000B__10Hz__shmem_ds__best_effort,publish,pub,py_to_py,constrained_pub_only,exp,xcdr,shmem_ds,100000,10,0,measured,86,2026-09-09T14:24:28.590586Z,157062252686255,157062252686255,157062252686255,-1,-1,ok,
exp_constrained_pub_only_xcdr__py_to_py__100000B__10Hz__shmem_ds__best_effort,publish,pub,py_to_py,constrained_pub_only,exp,xcdr,shmem_ds,100000,10,0,measured,87,2026-09-09T14:24:28.691306Z,157062353403044,157062353403044,157062353403044,-1,-1,ok,
exp_constrained_pub_only_xcdr__py_to_py__100000B__10Hz__shmem_ds__best_effort,publish,pub,py_to_py,constrained_pub_only,exp,xcdr,shmem_ds,100000,10,0,measured,88,2026-09-09T14:24:28.791268Z,157062453416206,157062453416206,157062453416206,-1,-1,ok,
exp_constrained_pub_only_xcdr__py_to_py__100000B__10Hz__shmem_ds__best_effort,publish,pub,py_to_py,constrained_pub_only,exp,xcdr,shmem_ds,100000,10,0,measured,89,2026-09-09T14:24:28.890372Z,157062552492204,157062552492204,157062552492204,-1,-1,ok,
exp_constrained_pub_only_xcdr__py_to_py__100000B__10Hz__shmem_ds__best_effort,publish,pub,py_to_py,constrained_pub_only,exp,xcdr,shmem_ds,100000,10,0,measured,90,2026-09-09T14:24:28.989653Z,157062651746315,157062651746315,157062651746315,-1,-1,ok,
exp_constrained_pub_only_xcdr__py_to_py__100000B__10Hz__shmem_ds__best_effort,publish,pub,py_to_py,constrained_pub_only,exp,xcdr,shmem_ds,100000,10,0,measured,91,2026-09-09T14:24:29.088697Z,157062750813499,157062750813499,157062750813499,-1,-1,ok,
exp_constrained_pub_only_xcdr__py_to_py__100000B__10Hz__shmem_ds__best_effort,publish,pub,py_to_py,constrained_pub_only,exp,xcdr,shmem_ds,100000,10,0,measured,92,2026-09-09T14:24:29.189116Z,157062851246452,157062851246452,157062851246452,-1,-1,ok,
exp_constrained_pub_only_xcdr__py_to_py__100000B__10Hz__shmem_ds__best_effort,publish,pub,py_to_py,constrained_pub_only,exp,xcdr,shmem_ds,100000,10,0,measured,93,2026-09-09T14:24:29.289364Z,157062951515177,157062951515177,157062951515177,-1,-1,ok,
exp_constrained_pub_only_xcdr__py_to_py__100000B__10Hz__shmem_ds__best_effort,publish,pub,py_to_py,constrained_pub_only,exp,xcdr,shmem_ds,100000,10,0,measured,94,2026-09-09T14:24:29.389320Z,157063051475755,157063051475755,157063051475755,-1,-1,ok,
exp_constrained_pub_only_xcdr__py_to_py__100000B__10Hz__shmem_ds__best_effort,publish,pub,py_to_py,constrained_pub_only,exp,xcdr,shmem_ds,100000,10,0,measured,95,2026-09-09T14:24:29.488311Z,157063150467329,157063150467329,157063150467329,-1,-1,ok,
exp_constrained_pub_only_xcdr__py_to_py__100000B__10Hz__shmem_ds__best_effort,publish,pub,py_to_py,constrained_pub_only,exp,xcdr,shmem_ds,100000,10,0,measured,96,2026-09-09T14:24:29.588534Z,157063250653589,157063250653589,157063250653589,-1,-1,ok,
exp_constrained_pub_only_xcdr__py_to_py__100000B__10Hz__shmem_ds__best_effort,publish,pub,py_to_py,constrained_pub_only,exp,xcdr,shmem_ds,100000,10,0,measured,97,2026-09-09T14:24:29.689116Z,157063351264004,157063351264004,157063351264004,-1,-1,ok,
exp_constrained_pub_only_xcdr__py_to_py__100000B__10Hz__shmem_ds__best_effort,publish,pub,py_to_py,constrained_pub_only,exp,xcdr,shmem_ds,100000,10,0,measured,98,2026-09-09T14:24:29.789128Z,157063451282339,157063451282339,157063451282339,-1,-1,ok,
exp_constrained_pub_only_xcdr__py_to_py__100000B__10Hz__shmem_ds__best_effort,publish,pub,py_to_py,constrained_pub_only,exp,xcdr,shmem_ds,100000,10,0,measured,99,2026-09-09T14:24:29.890343Z,157063552435951,157063552435951,157063552435951,-1,-1,ok,
exp_constrained_pub_only_xcdr__py_to_py__100000B__10Hz__shmem_ds__best_effort,publish,pub,py_to_py,constrained_pub_only,exp,xcdr,shmem_ds,100000,10,0,measured,100,2026-09-09T14:24:29.990942Z,157063653063297,157063653063297,157063653063297,-1,-1,ok,
exp_constrained_pub_only_xcdr__py_to_py__100000B__10Hz__shmem_ds__best_effort,publish,pub,py_to_py,constrained_pub_only,exp,xcdr,shmem_ds,100000,10,0,measured,101,2026-09-09T14:24:30.089967Z,157063752075113,157063752075113,157063752075113,-1,-1,ok,
exp_constrained_pub_only_xcdr__py_to_py__100000B__10Hz__shmem_ds__best_effort,publish,pub,py_to_py,constrained_pub_only,exp,xcdr,shmem_ds,100000,10,0,measured,102,2026-09-09T14:24:30.190469Z,157063852574274,157063852574274,157063852574274,-1,-1,ok,
exp_constrained_pub_only_xcdr__py_to_py__100000B__10Hz__shmem_ds__best_effort,publish,pub,py_to_py,constrained_pub_only,exp,xcdr,shmem_ds,100000,10,0,measured,103,2026-09-09T14:24:30.290714Z,157063952836512,157063952836512,157063952836512,-1,-1,ok,
exp_constrained_pub_only_xcdr__py_to_py__100000B__10Hz__shmem_ds__best_effort,publish,pub,py_to_py,constrained_pub_only,exp,xcdr,shmem_ds,100000,10,0,measured,104,2026-09-09T14:24:30.391020Z,157064053117955,157064053117955,157064053117955,-1,-1,ok,
exp_constrained_pub_only_xcdr__py_to_py__100000B__10Hz__shmem_ds__best_effort,publish,pub,py_to_py,constrained_pub_only,exp,xcdr,shmem_ds,100000,10,0,measured,105,2026-09-09T14:24:30.490633Z,157064152769189,157064152769189,157064152769189,-1,-1,ok,
exp_constrained_pub_only_xcdr__py_to_py__100000B__10Hz__shmem_ds__best_effort,publish,pub,py_to_py,constrained_pub_only,exp,xcdr,shmem_ds,100000,10,0,measured,106,2026-09-09T14:24:30.590955Z,157064253075619,157064253075619,157064253075619,-1,-1,ok,
exp_constrained_pub_only_xcdr__py_to_py__100000B__10Hz__shmem_ds__best_effort,publish,pub,py_to_py,constrained_pub_only,exp,xcdr,shmem_ds,100000,10,0,measured,107,2026-09-09T14:24:30.690016Z,157064352119135,157064352119135,157064352119135,-1,-1,ok,
exp_constrained_pub_only_xcdr__py_to_py__100000B__10Hz__shmem_ds__best_effort,publish,pub,py_to_py,constrained_pub_only,exp,xcdr,shmem_ds,100000,10,0,measured,108,2026-09-09T14:24:30.789698Z,157064451833969,157064451833969,157064451833969,-1,-1,ok,
exp_constrained_pub_only_xcdr__py_to_py__100000B__10Hz__shmem_ds__best_effort,publish,pub,py_to_py,constrained_pub_only,exp,xcdr,shmem_ds,100000,10,0,measured,109,2026-09-09T14:24:30.889770Z,157064551879260,157064551879260,157064551879260,-1,-1,ok,
exp_constrained_pub_only_xcdr__py_to_py__100000B__10Hz__shmem_ds__best_effort,publish,pub,py_to_py,constrained_pub_only,exp,xcdr,shmem_ds,100000,10,0,measured,110,2026-09-09T14:24:30.990608Z,157064652727084,157064652727084,157064652727084,-1,-1,ok,
exp_constrained_pub_only_xcdr__py_to_py__100000B__10Hz__shmem_ds__best_effort,publish,pub,py_to_py,constrained_pub_only,exp,xcdr,shmem_ds,100000,10,0,measured,111,2026-09-09T14:24:31.091252Z,157064753389615,157064753389615,157064753389615,-1,-1,ok,
exp_constrained_pub_only_xcdr__py_to_py__100000B__10Hz__shmem_ds__best_effort,publish,pub,py_to_py,constrained_pub_only,exp,xcdr,shmem_ds,100000,10,0,measured,112,2026-09-09T14:24:31.190755Z,157064852895762,157064852895762,157064852895762,-1,-1,ok,
exp_constrained_pub_only_xcdr__py_to_py__100000B__10Hz__shmem_ds__best_effort,publish,pub,py_to_py,constrained_pub_only,exp,xcdr,shmem_ds,100000,10,0,measured,113,2026-09-09T14:24:31.290971Z,157064953094616,157064953094616,157064953094616,-1,-1,ok,
exp_constrained_pub_only_xcdr__py_to_py__100000B__10Hz__shmem_ds__best_effort,publish,pub,py_to_py,constrained_pub_only,exp,xcdr,shmem_ds,100000,10,0,measured,114,2026-09-09T14:24:31.390077Z,157065052226402,157065052226402,157065052226402,-1,-1,ok,
exp_constrained_pub_only_xcdr__py_to_py__100000B__10Hz__shmem_ds__best_effort,publish,pub,py_to_py,constrained_pub_only,exp,xcdr,shmem_ds,100000,10,0,measured,115,2026-09-09T14:24:31.490879Z,157065153033695,157065153033695,157065153033695,-1,-1,ok,
exp_constrained_pub_only_xcdr__py_to_py__100000B__10Hz__shmem_ds__best_effort,publish,pub,py_to_py,constrained_pub_only,exp,xcdr,shmem_ds,100000,10,0,measured,116,2026-09-09T14:24:31.591810Z,157065253920507,157065253920507,157065253920507,-1,-1,ok,
exp_constrained_pub_only_xcdr__py_to_py__100000B__10Hz__shmem_ds__best_effort,publish,pub,py_to_py,constrained_pub_only,exp,xcdr,shmem_ds,100000,10,0,measured,117,2026-09-09T14:24:31.691352Z,157065353473391,157065353473391,157065353473391,-1,-1,ok,
exp_constrained_pub_only_xcdr__py_to_py__100000B__10Hz__shmem_ds__best_effort,publish,pub,py_to_py,constrained_pub_only,exp,xcdr,shmem_ds,100000,10,0,measured,118,2026-09-09T14:24:31.791556Z,157065453697030,157065453697030,157065453697030,-1,-1,ok,
exp_constrained_pub_only_xcdr__py_to_py__100000B__10Hz__shmem_ds__best_effort,publish,pub,py_to_py,constrained_pub_only,exp,xcdr,shmem_ds,100000,10,0,measured,119,2026-09-09T14:24:31.892034Z,157065554152385,157065554152385,157065554152385,-1,-1,ok,
exp_constrained_pub_only_xcdr__py_to_py__100000B__10Hz__shmem_ds__best_effort,publish,pub,py_to_py,constrained_pub_only,exp,xcdr,shmem_ds,100000,10,0,measured,120,2026-09-09T14:24:31.991254Z,157065653360624,157065653360624,157065653360624,-1,-1,ok,
exp_constrained_pub_only_xcdr__py_to_py__100000B__10Hz__shmem_ds__best_effort,publish,pub,py_to_py,constrained_pub_only,exp,xcdr,shmem_ds,100000,10,0,measured,121,2026-09-09T14:24:32.091741Z,157065753860595,157065753860595,157065753860595,-1,-1,ok,
exp_constrained_pub_only_xcdr__py_to_py__100000B__10Hz__shmem_ds__best_effort,publish,pub,py_to_py,constrained_pub_only,exp,xcdr,shmem_ds,100000,10,0,measured,122,2026-09-09T14:24:32.191851Z,157065853996285,157065853996285,157065853996285,-1,-1,ok,
exp_constrained_pub_only_xcdr__py_to_py__100000B__10Hz__shmem_ds__best_effort,publish,pub,py_to_py,constrained_pub_only,exp,xcdr,shmem_ds,100000,10,0,measured,123,2026-09-09T14:24:32.292226Z,157065954373007,157065954373007,157065954373007,-1,-1,ok,
exp_constrained_pub_only_xcdr__py_to_py__100000B__10Hz__shmem_ds__best_effort,publish,pub,py_to_py,constrained_pub_only,exp,xcdr,shmem_ds,100000,10,0,measured,124,2026-09-09T14:24:32.392261Z,157066054407388,157066054407388,157066054407388,-1,-1,ok,
exp_constrained_pub_only_xcdr__py_to_py__100000B__10Hz__shmem_ds__best_effort,publish,pub,py_to_py,constrained_pub_only,exp,xcdr,shmem_ds,100000,10,0,measured,125,2026-09-09T14:24:32.491289Z,157066153439593,157066153439593,157066153439593,-1,-1,ok,
exp_constrained_pub_only_xcdr__py_to_py__100000B__10Hz__shmem_ds__best_effort,publish,pub,py_to_py,constrained_pub_only,exp,xcdr,shmem_ds,100000,10,0,measured,126,2026-09-09T14:24:32.591098Z,157066253210941,157066253210941,157066253210941,-1,-1,ok,
exp_constrained_pub_only_xcdr__py_to_py__100000B__10Hz__shmem_ds__best_effort,publish,pub,py_to_py,constrained_pub_only,exp,xcdr,shmem_ds,100000,10,0,measured,127,2026-09-09T14:24:32.690180Z,157066352292558,157066352292558,157066352292558,-1,-1,ok,
exp_constrained_pub_only_xcdr__py_to_py__100000B__10Hz__shmem_ds__best_effort,publish,pub,py_to_py,constrained_pub_only,exp,xcdr,shmem_ds,100000,10,0,measured,128,2026-09-09T14:24:32.790839Z,157066452970693,157066452970693,157066452970693,-1,-1,ok,
exp_constrained_pub_only_xcdr__py_to_py__100000B__10Hz__shmem_ds__best_effort,publish,pub,py_to_py,constrained_pub_only,exp,xcdr,shmem_ds,100000,10,0,measured,129,2026-09-09T14:24:32.891913Z,157066554036455,157066554036455,157066554036455,-1,-1,ok,
exp_constrained_pub_only_xcdr__py_to_py__100000B__10Hz__shmem_ds__best_effort,publish,pub,py_to_py,constrained_pub_only,exp,xcdr,shmem_ds,100000,10,0,measured,130,2026-09-09T14:24:32.992306Z,157066654440297,157066654440297,157066654440297,-1,-1,ok,
exp_constrained_pub_only_xcdr__py_to_py__100000B__10Hz__shmem_ds__best_effort,publish,pub,py_to_py,constrained_pub_only,exp,xcdr,shmem_ds,100000,10,0,measured,131,2026-09-09T14:24:33.091819Z,157066753963354,157066753963354,157066753963354,-1,-1,ok,
exp_constrained_pub_only_xcdr__py_to_py__100000B__10Hz__shmem_ds__best_effort,publish,pub,py_to_py,constrained_pub_only,exp,xcdr,shmem_ds,100000,10,0,measured,132,2026-09-09T14:24:33.190882Z,157066853042982,157066853042982,157066853042982,-1,-1,ok,
exp_constrained_pub_only_xcdr__py_to_py__100000B__10Hz__shmem_ds__best_effort,publish,pub,py_to_py,constrained_pub_only,exp,xcdr,shmem_ds,100000,10,0,measured,133,2026-09-09T14:24:33.291626Z,157066953788048,157066953788048,157066953788048,-1,-1,ok,
exp_constrained_pub_only_xcdr__py_to_py__100000B__10Hz__shmem_ds__best_effort,publish,pub,py_to_py,constrained_pub_only,exp,xcdr,shmem_ds,100000,10,0,measured,134,2026-09-09T14:24:33.392507Z,157067054671583,157067054671583,157067054671583,-1,-1,ok,
exp_constrained_pub_only_xcdr__py_to_py__100000B__10Hz__shmem_ds__best_effort,publish,pub,py_to_py,constrained_pub_only,exp,xcdr,shmem_ds,100000,10,0,measured,135,2026-09-09T14:24:33.491758Z,157067153911712,157067153911712,157067153911712,-1,-1,ok,
exp_constrained_pub_only_xcdr__py_to_py__100000B__10Hz__shmem_ds__best_effort,publish,pub,py_to_py,constrained_pub_only,exp,xcdr,shmem_ds,100000,10,0,measured,136,2026-09-09T14:24:33.591915Z,157067254044902,157067254044902,157067254044902,-1,-1,ok,
exp_constrained_pub_only_xcdr__py_to_py__100000B__10Hz__shmem_ds__best_effort,publish,pub,py_to_py,constrained_pub_only,exp,xcdr,shmem_ds,100000,10,0,measured,137,2026-09-09T14:24:33.691148Z,157067353298046,157067353298046,157067353298046,-1,-1,ok,
exp_constrained_pub_only_xcdr__py_to_py__100000B__10Hz__shmem_ds__best_effort,publish,pub,py_to_py,constrained_pub_only,exp,xcdr,shmem_ds,100000,10,0,measured,138,2026-09-09T14:24:33.791309Z,157067453472933,157067453472933,157067453472933,-1,-1,ok,
exp_constrained_pub_only_xcdr__py_to_py__100000B__10Hz__shmem_ds__best_effort,publish,pub,py_to_py,constrained_pub_only,exp,xcdr,shmem_ds,100000,10,0,measured,139,2026-09-09T14:24:33.892208Z,157067554311285,157067554311285,157067554311285,-1,-1,ok,
exp_constrained_pub_only_xcdr__py_to_py__100000B__10Hz__shmem_ds__best_effort,publish,pub,py_to_py,constrained_pub_only,exp,xcdr,shmem_ds,100000,10,0,measured,140,2026-09-09T14:24:33.991274Z,157067653421651,157067653421651,157067653421651,-1,-1,ok,
exp_constrained_pub_only_xcdr__py_to_py__100000B__10Hz__shmem_ds__best_effort,publish,pub,py_to_py,constrained_pub_only,exp,xcdr,shmem_ds,100000,10,0,measured,141,2026-09-09T14:24:34.091449Z,157067753559103,157067753559103,157067753559103,-1,-1,ok,
exp_constrained_pub_only_xcdr__py_to_py__100000B__10Hz__shmem_ds__best_effort,publish,pub,py_to_py,constrained_pub_only,exp,xcdr,shmem_ds,100000,10,0,measured,142,2026-09-09T14:24:34.191461Z,157067853585609,157067853585609,157067853585609,-1,-1,ok,
exp_constrained_pub_only_xcdr__py_to_py__100000B__10Hz__shmem_ds__best_effort,publish,pub,py_to_py,constrained_pub_only,exp,xcdr,shmem_ds,100000,10,0,measured,143,2026-09-09T14:24:34.291048Z,157067953174104,157067953174104,157067953174104,-1,-1,ok,
exp_constrained_pub_only_xcdr__py_to_py__100000B__10Hz__shmem_ds__best_effort,publish,pub,py_to_py,constrained_pub_only,exp,xcdr,shmem_ds,100000,10,0,measured,144,2026-09-09T14:24:34.391684Z,157068053809058,157068053809058,157068053809058,-1,-1,ok,
exp_constrained_pub_only_xcdr__py_to_py__100000B__10Hz__shmem_ds__best_effort,publish,pub,py_to_py,constrained_pub_only,exp,xcdr,shmem_ds,100000,10,0,measured,145,2026-09-09T14:24:34.491477Z,157068153610011,157068153610011,157068153610011,-1,-1,ok,
exp_constrained_pub_only_xcdr__py_to_py__100000B__10Hz__shmem_ds__best_effort,publish,pub,py_to_py,constrained_pub_only,exp,xcdr,shmem_ds,100000,10,0,measured,146,2026-09-09T14:24:34.591164Z,157068253281723,157068253281723,157068253281723,-1,-1,ok,
exp_constrained_pub_only_xcdr__py_to_py__100000B__10Hz__shmem_ds__best_effort,publish,pub,py_to_py,constrained_pub_only,exp,xcdr,shmem_ds,100000,10,0,measured,147,2026-09-09T14:24:34.690982Z,157068353112892,157068353112892,157068353112892,-1,-1,ok,
exp_constrained_pub_only_xcdr__py_to_py__100000B__10Hz__shmem_ds__best_effort,publish,pub,py_to_py,constrained_pub_only,exp,xcdr,shmem_ds,100000,10,0,measured,148,2026-09-09T14:24:34.791396Z,157068453538726,157068453538726,157068453538726,-1,-1,ok,
exp_constrained_pub_only_xcdr__py_to_py__100000B__10Hz__shmem_ds__best_effort,publish,pub,py_to_py,constrained_pub_only,exp,xcdr,shmem_ds,100000,10,0,measured,149,2026-09-09T14:24:34.890927Z,157068553054214,157068553054214,157068553054214,-1,-1,ok,
exp_constrained_pub_only_xcdr__py_to_py__100000B__10Hz__shmem_ds__best_effort,publish,pub,py_to_py,constrained_pub_only,exp,xcdr,shmem_ds,100000,10,0,measured,150,2026-09-09T14:24:34.990464Z,157068652596353,157068652596353,157068652596353,-1,-1,ok,
exp_constrained_pub_only_xcdr__py_to_py__100000B__10Hz__shmem_ds__best_effort,publish,pub,py_to_py,constrained_pub_only,exp,xcdr,shmem_ds,100000,10,0,measured,151,2026-09-09T14:24:35.091411Z,157068753549708,157068753549708,157068753549708,-1,-1,ok,
exp_constrained_pub_only_xcdr__py_to_py__100000B__10Hz__shmem_ds__best_effort,publish,pub,py_to_py,constrained_pub_only,exp,xcdr,shmem_ds,100000,10,0,measured,152,2026-09-09T14:24:35.191603Z,157068853761344,157068853761344,157068853761344,-1,-1,ok,
exp_constrained_pub_only_xcdr__py_to_py__100000B__10Hz__shmem_ds__best_effort,publish,pub,py_to_py,constrained_pub_only,exp,xcdr,shmem_ds,100000,10,0,measured,153,2026-09-09T14:24:35.291754Z,157068953871922,157068953871922,157068953871922,-1,-1,ok,
exp_constrained_pub_only_xcdr__py_to_py__100000B__10Hz__shmem_ds__best_effort,publish,pub,py_to_py,constrained_pub_only,exp,xcdr,shmem_ds,100000,10,0,measured,154,2026-09-09T14:24:35.391668Z,157069053797263,157069053797263,157069053797263,-1,-1,ok,
exp_constrained_pub_only_xcdr__py_to_py__100000B__10Hz__shmem_ds__best_effort,publish,pub,py_to_py,constrained_pub_only,exp,xcdr,shmem_ds,100000,10,0,measured,155,2026-09-09T14:24:35.491035Z,157069153143289,157069153143289,157069153143289,-1,-1,ok,
exp_constrained_pub_only_xcdr__py_to_py__100000B__10Hz__shmem_ds__best_effort,publish,pub,py_to_py,constrained_pub_only,exp,xcdr,shmem_ds,100000,10,0,measured,156,2026-09-09T14:24:35.590461Z,157069252572011,157069252572011,157069252572011,-1,-1,ok,
exp_constrained_pub_only_xcdr__py_to_py__100000B__10Hz__shmem_ds__best_effort,publish,pub,py_to_py,constrained_pub_only,exp,xcdr,shmem_ds,100000,10,0,measured,157,2026-09-09T14:24:35.690021Z,157069352154089,157069352154089,157069352154089,-1,-1,ok,
exp_constrained_pub_only_xcdr__py_to_py__100000B__10Hz__shmem_ds__best_effort,publish,pub,py_to_py,constrained_pub_only,exp,xcdr,shmem_ds,100000,10,0,measured,158,2026-09-09T14:24:35.790226Z,157069452357572,157069452357572,157069452357572,-1,-1,ok,
exp_constrained_pub_only_xcdr__py_to_py__100000B__10Hz__shmem_ds__best_effort,publish,pub,py_to_py,constrained_pub_only,exp,xcdr,shmem_ds,100000,10,0,measured,159,2026-09-09T14:24:35.889537Z,157069551662841,157069551662841,157069551662841,-1,-1,ok,
exp_constrained_pub_only_xcdr__py_to_py__100000B__10Hz__shmem_ds__best_effort,publish,pub,py_to_py,constrained_pub_only,exp,xcdr,shmem_ds,100000,10,0,measured,160,2026-09-09T14:24:35.989246Z,157069651356989,157069651356989,157069651356989,-1,-1,ok,
exp_constrained_pub_only_xcdr__py_to_py__100000B__10Hz__shmem_ds__best_effort,publish,pub,py_to_py,constrained_pub_only,exp,xcdr,shmem_ds,100000,10,0,measured,161,2026-09-09T14:24:36.088230Z,157069750369555,157069750369555,157069750369555,-1,-1,ok,
exp_constrained_pub_only_xcdr__py_to_py__100000B__10Hz__shmem_ds__best_effort,publish,pub,py_to_py,constrained_pub_only,exp,xcdr,shmem_ds,100000,10,0,measured,162,2026-09-09T14:24:36.188450Z,157069850592818,157069850592818,157069850592818,-1,-1,ok,
exp_constrained_pub_only_xcdr__py_to_py__100000B__10Hz__shmem_ds__best_effort,publish,pub,py_to_py,constrained_pub_only,exp,xcdr,shmem_ds,100000,10,0,measured,163,2026-09-09T14:24:36.287844Z,157069949987260,157069949987260,157069949987260,-1,-1,ok,
exp_constrained_pub_only_xcdr__py_to_py__100000B__10Hz__shmem_ds__best_effort,publish,pub,py_to_py,constrained_pub_only,exp,xcdr,shmem_ds,100000,10,0,measured,164,2026-09-09T14:24:36.388666Z,157070050814994,157070050814994,157070050814994,-1,-1,ok,
exp_constrained_pub_only_xcdr__py_to_py__100000B__10Hz__shmem_ds__best_effort,publish,pub,py_to_py,constrained_pub_only,exp,xcdr,shmem_ds,100000,10,0,measured,165,2026-09-09T14:24:36.489308Z,157070151456761,157070151456761,157070151456761,-1,-1,ok,
exp_constrained_pub_only_xcdr__py_to_py__100000B__10Hz__shmem_ds__best_effort,publish,pub,py_to_py,constrained_pub_only,exp,xcdr,shmem_ds,100000,10,0,measured,166,2026-09-09T14:24:36.589049Z,157070251140655,157070251140655,157070251140655,-1,-1,ok,
exp_constrained_pub_only_xcdr__py_to_py__100000B__10Hz__shmem_ds__best_effort,publish,pub,py_to_py,constrained_pub_only,exp,xcdr,shmem_ds,100000,10,0,measured,167,2026-09-09T14:24:36.688291Z,157070350391197,157070350391197,157070350391197,-1,-1,ok,
exp_constrained_pub_only_xcdr__py_to_py__100000B__10Hz__shmem_ds__best_effort,publish,pub,py_to_py,constrained_pub_only,exp,xcdr,shmem_ds,100000,10,0,measured,168,2026-09-09T14:24:36.788677Z,157070450824293,157070450824293,157070450824293,-1,-1,ok,
exp_constrained_pub_only_xcdr__py_to_py__100000B__10Hz__shmem_ds__best_effort,publish,pub,py_to_py,constrained_pub_only,exp,xcdr,shmem_ds,100000,10,0,measured,169,2026-09-09T14:24:36.887912Z,157070550038627,157070550038627,157070550038627,-1,-1,ok,
exp_constrained_pub_only_xcdr__py_to_py__100000B__10Hz__shmem_ds__best_effort,publish,pub,py_to_py,constrained_pub_only,exp,xcdr,shmem_ds,100000,10,0,measured,170,2026-09-09T14:24:36.987215Z,157070649338782,157070649338782,157070649338782,-1,-1,ok,
exp_constrained_pub_only_xcdr__py_to_py__100000B__10Hz__shmem_ds__best_effort,publish,pub,py_to_py,constrained_pub_only,exp,xcdr,shmem_ds,100000,10,0,measured,171,2026-09-09T14:24:37.087858Z,157070749998777,157070749998777,157070749998777,-1,-1,ok,
exp_constrained_pub_only_xcdr__py_to_py__100000B__10Hz__shmem_ds__best_effort,publish,pub,py_to_py,constrained_pub_only,exp,xcdr,shmem_ds,100000,10,0,measured,172,2026-09-09T14:24:37.188256Z,157070850381253,157070850381253,157070850381253,-1,-1,ok,
exp_constrained_pub_only_xcdr__py_to_py__100000B__10Hz__shmem_ds__best_effort,publish,pub,py_to_py,constrained_pub_only,exp,xcdr,shmem_ds,100000,10,0,measured,173,2026-09-09T14:24:37.288078Z,157070950217066,157070950217066,157070950217066,-1,-1,ok,
exp_constrained_pub_only_xcdr__py_to_py__100000B__10Hz__shmem_ds__best_effort,publish,pub,py_to_py,constrained_pub_only,exp,xcdr,shmem_ds,100000,10,0,measured,174,2026-09-09T14:24:37.388593Z,157071050738492,157071050738492,157071050738492,-1,-1,ok,
exp_constrained_pub_only_xcdr__py_to_py__100000B__10Hz__shmem_ds__best_effort,publish,pub,py_to_py,constrained_pub_only,exp,xcdr,shmem_ds,100000,10,0,measured,175,2026-09-09T14:24:37.489412Z,157071151538400,157071151538400,157071151538400,-1,-1,ok,
exp_constrained_pub_only_xcdr__py_to_py__100000B__10Hz__shmem_ds__best_effort,publish,pub,py_to_py,constrained_pub_only,exp,xcdr,shmem_ds,100000,10,0,measured,176,2026-09-09T14:24:37.588896Z,157071250950259,157071250950259,157071250950259,-1,-1,ok,
exp_constrained_pub_only_xcdr__py_to_py__100000B__10Hz__shmem_ds__best_effort,publish,pub,py_to_py,constrained_pub_only,exp,xcdr,shmem_ds,100000,10,0,measured,177,2026-09-09T14:24:37.687989Z,157071350067015,157071350067015,157071350067015,-1,-1,ok,
exp_constrained_pub_only_xcdr__py_to_py__100000B__10Hz__shmem_ds__best_effort,publish,pub,py_to_py,constrained_pub_only,exp,xcdr,shmem_ds,100000,10,0,measured,178,2026-09-09T14:24:37.787748Z,157071449879525,157071449879525,157071449879525,-1,-1,ok,
exp_constrained_pub_only_xcdr__py_to_py__100000B__10Hz__shmem_ds__best_effort,publish,pub,py_to_py,constrained_pub_only,exp,xcdr,shmem_ds,100000,10,0,measured,179,2026-09-09T14:24:37.887559Z,157071549689659,157071549689659,157071549689659,-1,-1,ok,
exp_constrained_pub_only_xcdr__py_to_py__100000B__10Hz__shmem_ds__best_effort,publish,pub,py_to_py,constrained_pub_only,exp,xcdr,shmem_ds,100000,10,0,measured,180,2026-09-09T14:24:37.987513Z,157071649645777,157071649645777,157071649645777,-1,-1,ok,
exp_constrained_pub_only_xcdr__py_to_py__100000B__10Hz__shmem_ds__best_effort,publish,pub,py_to_py,constrained_pub_only,exp,xcdr,shmem_ds,100000,10,0,measured,181,2026-09-09T14:24:38.087915Z,157071750043014,157071750043014,157071750043014,-1,-1,ok,
exp_constrained_pub_only_xcdr__py_to_py__100000B__10Hz__shmem_ds__best_effort,publish,pub,py_to_py,constrained_pub_only,exp,xcdr,shmem_ds,100000,10,0,measured,182,2026-09-09T14:24:38.188238Z,157071850383487,157071850383487,157071850383487,-1,-1,ok,
exp_constrained_pub_only_xcdr__py_to_py__100000B__10Hz__shmem_ds__best_effort,publish,pub,py_to_py,constrained_pub_only,exp,xcdr,shmem_ds,100000,10,0,measured,183,2026-09-09T14:24:38.289390Z,157071951512977,157071951512977,157071951512977,-1,-1,ok,
exp_constrained_pub_only_xcdr__py_to_py__100000B__10Hz__shmem_ds__best_effort,publish,pub,py_to_py,constrained_pub_only,exp,xcdr,shmem_ds,100000,10,0,measured,184,2026-09-09T14:24:38.388528Z,157072050654304,157072050654304,157072050654304,-1,-1,ok,
exp_constrained_pub_only_xcdr__py_to_py__100000B__10Hz__shmem_ds__best_effort,publish,pub,py_to_py,constrained_pub_only,exp,xcdr,shmem_ds,100000,10,0,measured,185,2026-09-09T14:24:38.488369Z,157072150521259,157072150521259,157072150521259,-1,-1,ok,
exp_constrained_pub_only_xcdr__py_to_py__100000B__10Hz__shmem_ds__best_effort,publish,pub,py_to_py,constrained_pub_only,exp,xcdr,shmem_ds,100000,10,0,measured,186,2026-09-09T14:24:38.587955Z,157072250089947,157072250089947,157072250089947,-1,-1,ok,
exp_constrained_pub_only_xcdr__py_to_py__100000B__10Hz__shmem_ds__best_effort,publish,pub,py_to_py,constrained_pub_only,exp,xcdr,shmem_ds,100000,10,0,measured,187,2026-09-09T14:24:38.688863Z,157072350953169,157072350953169,157072350953169,-1,-1,ok,
exp_constrained_pub_only_xcdr__py_to_py__100000B__10Hz__shmem_ds__best_effort,publish,pub,py_to_py,constrained_pub_only,exp,xcdr,shmem_ds,100000,10,0,measured,188,2026-09-09T14:24:38.788176Z,157072450309889,157072450309889,157072450309889,-1,-1,ok,
exp_constrained_pub_only_xcdr__py_to_py__100000B__10Hz__shmem_ds__best_effort,publish,pub,py_to_py,constrained_pub_only,exp,xcdr,shmem_ds,100000,10,0,measured,189,2026-09-09T14:24:38.887748Z,157072549823143,157072549823143,157072549823143,-1,-1,ok,
exp_constrained_pub_only_xcdr__py_to_py__100000B__10Hz__shmem_ds__best_effort,publish,pub,py_to_py,constrained_pub_only,exp,xcdr,shmem_ds,100000,10,0,measured,190,2026-09-09T14:24:38.987407Z,157072649549005,157072649549005,157072649549005,-1,-1,ok,
exp_constrained_pub_only_xcdr__py_to_py__100000B__10Hz__shmem_ds__best_effort,publish,pub,py_to_py,constrained_pub_only,exp,xcdr,shmem_ds,100000,10,0,measured,191,2026-09-09T14:24:39.087260Z,157072749395136,157072749395136,157072749395136,-1,-1,ok,
exp_constrained_pub_only_xcdr__py_to_py__100000B__10Hz__shmem_ds__best_effort,publish,pub,py_to_py,constrained_pub_only,exp,xcdr,shmem_ds,100000,10,0,measured,192,2026-09-09T14:24:39.186798Z,157072848942528,157072848942528,157072848942528,-1,-1,ok,
exp_constrained_pub_only_xcdr__py_to_py__100000B__10Hz__shmem_ds__best_effort,publish,pub,py_to_py,constrained_pub_only,exp,xcdr,shmem_ds,100000,10,0,measured,193,2026-09-09T14:24:39.286531Z,157072948682091,157072948682091,157072948682091,-1,-1,ok,
exp_constrained_pub_only_xcdr__py_to_py__100000B__10Hz__shmem_ds__best_effort,publish,pub,py_to_py,constrained_pub_only,exp,xcdr,shmem_ds,100000,10,0,measured,194,2026-09-09T14:24:39.387091Z,157073049244733,157073049244733,157073049244733,-1,-1,ok,
exp_constrained_pub_only_xcdr__py_to_py__100000B__10Hz__shmem_ds__best_effort,publish,pub,py_to_py,constrained_pub_only,exp,xcdr,shmem_ds,100000,10,0,measured,195,2026-09-09T14:24:39.486920Z,157073149078441,157073149078441,157073149078441,-1,-1,ok,
exp_constrained_pub_only_xcdr__py_to_py__100000B__10Hz__shmem_ds__best_effort,publish,pub,py_to_py,constrained_pub_only,exp,xcdr,shmem_ds,100000,10,0,measured,196,2026-09-09T14:24:39.587903Z,157073250031945,157073250031945,157073250031945,-1,-1,ok,
exp_constrained_pub_only_xcdr__py_to_py__100000B__10Hz__shmem_ds__best_effort,publish,pub,py_to_py,constrained_pub_only,exp,xcdr,shmem_ds,100000,10,0,measured,197,2026-09-09T14:24:39.687853Z,157073349983665,157073349983665,157073349983665,-1,-1,ok,
exp_constrained_pub_only_xcdr__py_to_py__100000B__10Hz__shmem_ds__best_effort,publish,pub,py_to_py,constrained_pub_only,exp,xcdr,shmem_ds,100000,10,0,measured,198,2026-09-09T14:24:39.787014Z,157073449164621,157073449164621,157073449164621,-1,-1,ok,
exp_constrained_pub_only_xcdr__py_to_py__100000B__10Hz__shmem_ds__best_effort,publish,pub,py_to_py,constrained_pub_only,exp,xcdr,shmem_ds,100000,10,0,measured,199,2026-09-09T14:24:39.888105Z,157073550244693,157073550244693,157073550244693,-1,-1,ok,
exp_constrained_pub_only_xcdr__py_to_py__100000B__10Hz__shmem_ds__best_effort,publish,pub,py_to_py,constrained_pub_only,exp,xcdr,shmem_ds,100000,10,0,measured,200,2026-09-09T14:24:39.988590Z,157073650723870,157073650723870,157073650723870,-1,-1,ok,
exp_constrained_pub_only_xcdr__py_to_py__100000B__10Hz__shmem_ds__best_effort,publish,pub,py_to_py,constrained_pub_only,exp,xcdr,shmem_ds,100000,10,0,measured,201,2026-09-09T14:24:40.089538Z,157073751662180,157073751662180,157073751662180,-1,-1,ok,
exp_constrained_pub_only_xcdr__py_to_py__100000B__10Hz__shmem_ds__best_effort,publish,pub,py_to_py,constrained_pub_only,exp,xcdr,shmem_ds,100000,10,0,measured,202,2026-09-09T14:24:40.190530Z,157073852659912,157073852659912,157073852659912,-1,-1,ok,
exp_constrained_pub_only_xcdr__py_to_py__100000B__10Hz__shmem_ds__best_effort,publish,pub,py_to_py,constrained_pub_only,exp,xcdr,shmem_ds,100000,10,0,measured,203,2026-09-09T14:24:40.291096Z,157073953245493,157073953245493,157073953245493,-1,-1,ok,
exp_constrained_pub_only_xcdr__py_to_py__100000B__10Hz__shmem_ds__best_effort,publish,pub,py_to_py,constrained_pub_only,exp,xcdr,shmem_ds,100000,10,0,measured,204,2026-09-09T14:24:40.390349Z,157074052501114,157074052501114,157074052501114,-1,-1,ok,
exp_constrained_pub_only_xcdr__py_to_py__100000B__10Hz__shmem_ds__best_effort,publish,pub,py_to_py,constrained_pub_only,exp,xcdr,shmem_ds,100000,10,0,measured,205,2026-09-09T14:24:40.490420Z,157074152576629,157074152576629,157074152576629,-1,-1,ok,
exp_constrained_pub_only_xcdr__py_to_py__100000B__10Hz__shmem_ds__best_effort,publish,pub,py_to_py,constrained_pub_only,exp,xcdr,shmem_ds,100000,10,0,measured,206,2026-09-09T14:24:40.589893Z,157074252033588,157074252033588,157074252033588,-1,-1,ok,
exp_constrained_pub_only_xcdr__py_to_py__100000B__10Hz__shmem_ds__best_effort,publish,pub,py_to_py,constrained_pub_only,exp,xcdr,shmem_ds,100000,10,0,measured,207,2026-09-09T14:24:40.690223Z,157074352237864,157074352237864,157074352237864,-1,-1,ok,
exp_constrained_pub_only_xcdr__py_to_py__100000B__10Hz__shmem_ds__best_effort,publish,pub,py_to_py,constrained_pub_only,exp,xcdr,shmem_ds,100000,10,0,measured,208,2026-09-09T14:24:40.789032Z,157074451167614,157074451167614,157074451167614,-1,-1,ok,
exp_constrained_pub_only_xcdr__py_to_py__100000B__10Hz__shmem_ds__best_effort,publish,pub,py_to_py,constrained_pub_only,exp,xcdr,shmem_ds,100000,10,0,measured,209,2026-09-09T14:24:40.888819Z,157074550926878,157074550926878,157074550926878,-1,-1,ok,
exp_constrained_pub_only_xcdr__py_to_py__100000B__10Hz__shmem_ds__best_effort,publish,pub,py_to_py,constrained_pub_only,exp,xcdr,shmem_ds,100000,10,0,measured,210,2026-09-09T14:24:40.989424Z,157074651571439,157074651571439,157074651571439,-1,-1,ok,
exp_constrained_pub_only_xcdr__py_to_py__100000B__10Hz__shmem_ds__best_effort,publish,pub,py_to_py,constrained_pub_only,exp,xcdr,shmem_ds,100000,10,0,measured,211,2026-09-09T14:24:41.089020Z,157074751162511,157074751162511,157074751162511,-1,-1,ok,
exp_constrained_pub_only_xcdr__py_to_py__100000B__10Hz__shmem_ds__best_effort,publish,pub,py_to_py,constrained_pub_only,exp,xcdr,shmem_ds,100000,10,0,measured,212,2026-09-09T14:24:41.189781Z,157074851928675,157074851928675,157074851928675,-1,-1,ok,
exp_constrained_pub_only_xcdr__py_to_py__100000B__10Hz__shmem_ds__best_effort,publish,pub,py_to_py,constrained_pub_only,exp,xcdr,shmem_ds,100000,10,0,measured,213,2026-09-09T14:24:41.289427Z,157074951567598,157074951567598,157074951567598,-1,-1,ok,
exp_constrained_pub_only_xcdr__py_to_py__100000B__10Hz__shmem_ds__best_effort,publish,pub,py_to_py,constrained_pub_only,exp,xcdr,shmem_ds,100000,10,0,measured,214,2026-09-09T14:24:41.389576Z,157075051727576,157075051727576,157075051727576,-1,-1,ok,
exp_constrained_pub_only_xcdr__py_to_py__100000B__10Hz__shmem_ds__best_effort,publish,pub,py_to_py,constrained_pub_only,exp,xcdr,shmem_ds,100000,10,0,measured,215,2026-09-09T14:24:41.490347Z,157075152502386,157075152502386,157075152502386,-1,-1,ok,
exp_constrained_pub_only_xcdr__py_to_py__100000B__10Hz__shmem_ds__best_effort,publish,pub,py_to_py,constrained_pub_only,exp,xcdr,shmem_ds,100000,10,0,measured,216,2026-09-09T14:24:41.591314Z,157075253462092,157075253462092,157075253462092,-1,-1,ok,
exp_constrained_pub_only_xcdr__py_to_py__100000B__10Hz__shmem_ds__best_effort,publish,pub,py_to_py,constrained_pub_only,exp,xcdr,shmem_ds,100000,10,0,measured,217,2026-09-09T14:24:41.691356Z,157075353504009,157075353504009,157075353504009,-1,-1,ok,
exp_constrained_pub_only_xcdr__py_to_py__100000B__10Hz__shmem_ds__best_effort,publish,pub,py_to_py,constrained_pub_only,exp,xcdr,shmem_ds,100000,10,0,measured,218,2026-09-09T14:24:41.791949Z,157075454102259,157075454102259,157075454102259,-1,-1,ok,
exp_constrained_pub_only_xcdr__py_to_py__100000B__10Hz__shmem_ds__best_effort,publish,pub,py_to_py,constrained_pub_only,exp,xcdr,shmem_ds,100000,10,0,measured,219,2026-09-09T14:24:41.891152Z,157075553291610,157075553291610,157075553291610,-1,-1,ok,
exp_constrained_pub_only_xcdr__py_to_py__100000B__10Hz__shmem_ds__best_effort,publish,pub,py_to_py,constrained_pub_only,exp,xcdr,shmem_ds,100000,10,0,measured,220,2026-09-09T14:24:41.990851Z,157075652955830,157075652955830,157075652955830,-1,-1,ok,
exp_constrained_pub_only_xcdr__py_to_py__100000B__10Hz__shmem_ds__best_effort,publish,pub,py_to_py,constrained_pub_only,exp,xcdr,shmem_ds,100000,10,0,measured,221,2026-09-09T14:24:42.091675Z,157075753813429,157075753813429,157075753813429,-1,-1,ok,
exp_constrained_pub_only_xcdr__py_to_py__100000B__10Hz__shmem_ds__best_effort,publish,pub,py_to_py,constrained_pub_only,exp,xcdr,shmem_ds,100000,10,0,measured,222,2026-09-09T14:24:42.192023Z,157075854177415,157075854177415,157075854177415,-1,-1,ok,
exp_constrained_pub_only_xcdr__py_to_py__100000B__10Hz__shmem_ds__best_effort,publish,pub,py_to_py,constrained_pub_only,exp,xcdr,shmem_ds,100000,10,0,measured,223,2026-09-09T14:24:42.291857Z,157075953990839,157075953990839,157075953990839,-1,-1,ok,
exp_constrained_pub_only_xcdr__py_to_py__100000B__10Hz__shmem_ds__best_effort,publish,pub,py_to_py,constrained_pub_only,exp,xcdr,shmem_ds,100000,10,0,measured,224,2026-09-09T14:24:42.392585Z,157076054740155,157076054740155,157076054740155,-1,-1,ok,
exp_constrained_pub_only_xcdr__py_to_py__100000B__10Hz__shmem_ds__best_effort,publish,pub,py_to_py,constrained_pub_only,exp,xcdr,shmem_ds,100000,10,0,measured,225,2026-09-09T14:24:42.491794Z,157076153920144,157076153920144,157076153920144,-1,-1,ok,
exp_constrained_pub_only_xcdr__py_to_py__100000B__10Hz__shmem_ds__best_effort,publish,pub,py_to_py,constrained_pub_only,exp,xcdr,shmem_ds,100000,10,0,measured,226,2026-09-09T14:24:42.591689Z,157076253825180,157076253825180,157076253825180,-1,-1,ok,
exp_constrained_pub_only_xcdr__py_to_py__100000B__10Hz__shmem_ds__best_effort,publish,pub,py_to_py,constrained_pub_only,exp,xcdr,shmem_ds,100000,10,0,measured,227,2026-09-09T14:24:42.691922Z,157076354023204,157076354023204,157076354023204,-1,-1,ok,
exp_constrained_pub_only_xcdr__py_to_py__100000B__10Hz__shmem_ds__best_effort,publish,pub,py_to_py,constrained_pub_only,exp,xcdr,shmem_ds,100000,10,0,measured,228,2026-09-09T14:24:42.792448Z,157076454580952,157076454580952,157076454580952,-1,-1,ok,
exp_constrained_pub_only_xcdr__py_to_py__100000B__10Hz__shmem_ds__best_effort,publish,pub,py_to_py,constrained_pub_only,exp,xcdr,shmem_ds,100000,10,0,measured,229,2026-09-09T14:24:42.891905Z,157076554035244,157076554035244,157076554035244,-1,-1,ok,
exp_constrained_pub_only_xcdr__py_to_py__100000B__10Hz__shmem_ds__best_effort,publish,pub,py_to_py,constrained_pub_only,exp,xcdr,shmem_ds,100000,10,0,measured,230,2026-09-09T14:24:42.992737Z,157076654839233,157076654839233,157076654839233,-1,-1,ok,
exp_constrained_pub_only_xcdr__py_to_py__100000B__10Hz__shmem_ds__best_effort,publish,pub,py_to_py,constrained_pub_only,exp,xcdr,shmem_ds,100000,10,0,measured,231,2026-09-09T14:24:43.091827Z,157076753951690,157076753951690,157076753951690,-1,-1,ok,
exp_constrained_pub_only_xcdr__py_to_py__100000B__10Hz__shmem_ds__best_effort,publish,pub,py_to_py,constrained_pub_only,exp,xcdr,shmem_ds,100000,10,0,measured,232,2026-09-09T14:24:43.191561Z,157076853675461,157076853675461,157076853675461,-1,-1,ok,
exp_constrained_pub_only_xcdr__py_to_py__100000B__10Hz__shmem_ds__best_effort,publish,pub,py_to_py,constrained_pub_only,exp,xcdr,shmem_ds,100000,10,0,measured,233,2026-09-09T14:24:43.291322Z,157076953472951,157076953472951,157076953472951,-1,-1,ok,
exp_constrained_pub_only_xcdr__py_to_py__100000B__10Hz__shmem_ds__best_effort,publish,pub,py_to_py,constrained_pub_only,exp,xcdr,shmem_ds,100000,10,0,measured,234,2026-09-09T14:24:43.391942Z,157077054037295,157077054037295,157077054037295,-1,-1,ok,
exp_constrained_pub_only_xcdr__py_to_py__100000B__10Hz__shmem_ds__best_effort,publish,pub,py_to_py,constrained_pub_only,exp,xcdr,shmem_ds,100000,10,0,measured,235,2026-09-09T14:24:43.491228Z,157077153355969,157077153355969,157077153355969,-1,-1,ok,
exp_constrained_pub_only_xcdr__py_to_py__100000B__10Hz__shmem_ds__best_effort,publish,pub,py_to_py,constrained_pub_only,exp,xcdr,shmem_ds,100000,10,0,measured,236,2026-09-09T14:24:43.590555Z,157077252676084,157077252676084,157077252676084,-1,-1,ok,
exp_constrained_pub_only_xcdr__py_to_py__100000B__10Hz__shmem_ds__best_effort,publish,pub,py_to_py,constrained_pub_only,exp,xcdr,shmem_ds,100000,10,0,measured,237,2026-09-09T14:24:43.691326Z,157077353454410,157077353454410,157077353454410,-1,-1,ok,
exp_constrained_pub_only_xcdr__py_to_py__100000B__10Hz__shmem_ds__best_effort,publish,pub,py_to_py,constrained_pub_only,exp,xcdr,shmem_ds,100000,10,0,measured,238,2026-09-09T14:24:43.790736Z,157077452864584,157077452864584,157077452864584,-1,-1,ok,
exp_constrained_pub_only_xcdr__py_to_py__100000B__10Hz__shmem_ds__best_effort,publish,pub,py_to_py,constrained_pub_only,exp,xcdr,shmem_ds,100000,10,0,measured,239,2026-09-09T14:24:43.891071Z,157077553168572,157077553168572,157077553168572,-1,-1,ok,
exp_constrained_pub_only_xcdr__py_to_py__100000B__10Hz__shmem_ds__best_effort,publish,pub,py_to_py,constrained_pub_only,exp,xcdr,shmem_ds,100000,10,0,measured,240,2026-09-09T14:24:43.991361Z,157077653465606,157077653465606,157077653465606,-1,-1,ok,
exp_constrained_pub_only_xcdr__py_to_py__100000B__10Hz__shmem_ds__best_effort,publish,pub,py_to_py,constrained_pub_only,exp,xcdr,shmem_ds,100000,10,0,measured,241,2026-09-09T14:24:44.091252Z,157077753388985,157077753388985,157077753388985,-1,-1,ok,
exp_constrained_pub_only_xcdr__py_to_py__100000B__10Hz__shmem_ds__best_effort,publish,pub,py_to_py,constrained_pub_only,exp,xcdr,shmem_ds,100000,10,0,measured,242,2026-09-09T14:24:44.191395Z,157077853488876,157077853488876,157077853488876,-1,-1,ok,
exp_constrained_pub_only_xcdr__py_to_py__100000B__10Hz__shmem_ds__best_effort,publish,pub,py_to_py,constrained_pub_only,exp,xcdr,shmem_ds,100000,10,0,measured,243,2026-09-09T14:24:44.291503Z,157077953593614,157077953593614,157077953593614,-1,-1,ok,
exp_constrained_pub_only_xcdr__py_to_py__100000B__10Hz__shmem_ds__best_effort,publish,pub,py_to_py,constrained_pub_only,exp,xcdr,shmem_ds,100000,10,0,measured,244,2026-09-09T14:24:44.392214Z,157078054324667,157078054324667,157078054324667,-1,-1,ok,
exp_constrained_pub_only_xcdr__py_to_py__100000B__10Hz__shmem_ds__best_effort,publish,pub,py_to_py,constrained_pub_only,exp,xcdr,shmem_ds,100000,10,0,measured,245,2026-09-09T14:24:44.491952Z,157078154041600,157078154041600,157078154041600,-1,-1,ok,
exp_constrained_pub_only_xcdr__py_to_py__100000B__10Hz__shmem_ds__best_effort,publish,pub,py_to_py,constrained_pub_only,exp,xcdr,shmem_ds,100000,10,0,measured,246,2026-09-09T14:24:44.591947Z,157078254073703,157078254073703,157078254073703,-1,-1,ok,
exp_constrained_pub_only_xcdr__py_to_py__100000B__10Hz__shmem_ds__best_effort,publish,pub,py_to_py,constrained_pub_only,exp,xcdr,shmem_ds,100000,10,0,measured,247,2026-09-09T14:24:44.691620Z,157078353708322,157078353708322,157078353708322,-1,-1,ok,
exp_constrained_pub_only_xcdr__py_to_py__100000B__10Hz__shmem_ds__best_effort,publish,pub,py_to_py,constrained_pub_only,exp,xcdr,shmem_ds,100000,10,0,measured,248,2026-09-09T14:24:44.791135Z,157078453273130,157078453273130,157078453273130,-1,-1,ok,
exp_constrained_pub_only_xcdr__py_to_py__100000B__10Hz__shmem_ds__best_effort,publish,pub,py_to_py,constrained_pub_only,exp,xcdr,shmem_ds,100000,10,0,measured,249,2026-09-09T14:24:44.891603Z,157078553728416,157078553728416,157078553728416,-1,-1,ok,
exp_constrained_pub_only_xcdr__py_to_py__100000B__10Hz__shmem_ds__best_effort,publish,pub,py_to_py,constrained_pub_only,exp,xcdr,shmem_ds,100000,10,0,measured,250,2026-09-09T14:24:44.991296Z,157078653402408,157078653402408,157078653402408,-1,-1,ok,
exp_constrained_pub_only_xcdr__py_to_py__100000B__10Hz__shmem_ds__best_effort,publish,pub,py_to_py,constrained_pub_only,exp,xcdr,shmem_ds,100000,10,0,measured,251,2026-09-09T14:24:45.090924Z,157078753022795,157078753022795,157078753022795,-1,-1,ok,
exp_constrained_pub_only_xcdr__py_to_py__100000B__10Hz__shmem_ds__best_effort,publish,pub,py_to_py,constrained_pub_only,exp,xcdr,shmem_ds,100000,10,0,measured,252,2026-09-09T14:24:45.191436Z,157078853530823,157078853530823,157078853530823,-1,-1,ok,
exp_constrained_pub_only_xcdr__py_to_py__100000B__10Hz__shmem_ds__best_effort,publish,pub,py_to_py,constrained_pub_only,exp,xcdr,shmem_ds,100000,10,0,measured,253,2026-09-09T14:24:45.290557Z,157078952689196,157078952689196,157078952689196,-1,-1,ok,
exp_constrained_pub_only_xcdr__py_to_py__100000B__10Hz__shmem_ds__best_effort,publish,pub,py_to_py,constrained_pub_only,exp,xcdr,shmem_ds,100000,10,0,measured,254,2026-09-09T14:24:45.390568Z,157079052661562,157079052661562,157079052661562,-1,-1,ok,
exp_constrained_pub_only_xcdr__py_to_py__100000B__10Hz__shmem_ds__best_effort,publish,pub,py_to_py,constrained_pub_only,exp,xcdr,shmem_ds,100000,10,0,measured,255,2026-09-09T14:24:45.491338Z,157079153458262,157079153458262,157079153458262,-1,-1,ok,
exp_constrained_pub_only_xcdr__py_to_py__100000B__10Hz__shmem_ds__best_effort,publish,pub,py_to_py,constrained_pub_only,exp,xcdr,shmem_ds,100000,10,0,measured,256,2026-09-09T14:24:45.592625Z,157079254736943,157079254736943,157079254736943,-1,-1,ok,
exp_constrained_pub_only_xcdr__py_to_py__100000B__10Hz__shmem_ds__best_effort,publish,pub,py_to_py,constrained_pub_only,exp,xcdr,shmem_ds,100000,10,0,measured,257,2026-09-09T14:24:45.691496Z,157079353624338,157079353624338,157079353624338,-1,-1,ok,
exp_constrained_pub_only_xcdr__py_to_py__100000B__10Hz__shmem_ds__best_effort,publish,pub,py_to_py,constrained_pub_only,exp,xcdr,shmem_ds,100000,10,0,measured,258,2026-09-09T14:24:45.790814Z,157079452948931,157079452948931,157079452948931,-1,-1,ok,
exp_constrained_pub_only_xcdr__py_to_py__100000B__10Hz__shmem_ds__best_effort,publish,pub,py_to_py,constrained_pub_only,exp,xcdr,shmem_ds,100000,10,0,measured,259,2026-09-09T14:24:45.890643Z,157079552734467,157079552734467,157079552734467,-1,-1,ok,
exp_constrained_pub_only_xcdr__py_to_py__100000B__10Hz__shmem_ds__best_effort,publish,pub,py_to_py,constrained_pub_only,exp,xcdr,shmem_ds,100000,10,0,measured,260,2026-09-09T14:24:45.991526Z,157079653618941,157079653618941,157079653618941,-1,-1,ok,
exp_constrained_pub_only_xcdr__py_to_py__100000B__10Hz__shmem_ds__best_effort,publish,pub,py_to_py,constrained_pub_only,exp,xcdr,shmem_ds,100000,10,0,measured,261,2026-09-09T14:24:46.092252Z,157079754348148,157079754348148,157079754348148,-1,-1,ok,
exp_constrained_pub_only_xcdr__py_to_py__100000B__10Hz__shmem_ds__best_effort,publish,pub,py_to_py,constrained_pub_only,exp,xcdr,shmem_ds,100000,10,0,measured,262,2026-09-09T14:24:46.193050Z,157079855141065,157079855141065,157079855141065,-1,-1,ok,
exp_constrained_pub_only_xcdr__py_to_py__100000B__10Hz__shmem_ds__best_effort,publish,pub,py_to_py,constrained_pub_only,exp,xcdr,shmem_ds,100000,10,0,measured,263,2026-09-09T14:24:46.292740Z,157079954841396,157079954841396,157079954841396,-1,-1,ok,
exp_constrained_pub_only_xcdr__py_to_py__100000B__10Hz__shmem_ds__best_effort,publish,pub,py_to_py,constrained_pub_only,exp,xcdr,shmem_ds,100000,10,0,measured,264,2026-09-09T14:24:46.391882Z,157080054013338,157080054013338,157080054013338,-1,-1,ok,
exp_constrained_pub_only_xcdr__py_to_py__100000B__10Hz__shmem_ds__best_effort,publish,pub,py_to_py,constrained_pub_only,exp,xcdr,shmem_ds,100000,10,0,measured,265,2026-09-09T14:24:46.492614Z,157080154730294,157080154730294,157080154730294,-1,-1,ok,
exp_constrained_pub_only_xcdr__py_to_py__100000B__10Hz__shmem_ds__best_effort,publish,pub,py_to_py,constrained_pub_only,exp,xcdr,shmem_ds,100000,10,0,measured,266,2026-09-09T14:24:46.592910Z,157080255054793,157080255054793,157080255054793,-1,-1,ok,
exp_constrained_pub_only_xcdr__py_to_py__100000B__10Hz__shmem_ds__best_effort,publish,pub,py_to_py,constrained_pub_only,exp,xcdr,shmem_ds,100000,10,0,measured,267,2026-09-09T14:24:46.693382Z,157080355476616,157080355476616,157080355476616,-1,-1,ok,
exp_constrained_pub_only_xcdr__py_to_py__100000B__10Hz__shmem_ds__best_effort,publish,pub,py_to_py,constrained_pub_only,exp,xcdr,shmem_ds,100000,10,0,measured,268,2026-09-09T14:24:46.794117Z,157080456254565,157080456254565,157080456254565,-1,-1,ok,
exp_constrained_pub_only_xcdr__py_to_py__100000B__10Hz__shmem_ds__best_effort,publish,pub,py_to_py,constrained_pub_only,exp,xcdr,shmem_ds,100000,10,0,measured,269,2026-09-09T14:24:46.894459Z,157080556588623,157080556588623,157080556588623,-1,-1,ok,
exp_constrained_pub_only_xcdr__py_to_py__100000B__10Hz__shmem_ds__best_effort,publish,pub,py_to_py,constrained_pub_only,exp,xcdr,shmem_ds,100000,10,0,measured,270,2026-09-09T14:24:46.993511Z,157080655634228,157080655634228,157080655634228,-1,-1,ok,
exp_constrained_pub_only_xcdr__py_to_py__100000B__10Hz__shmem_ds__best_effort,publish,pub,py_to_py,constrained_pub_only,exp,xcdr,shmem_ds,100000,10,0,measured,271,2026-09-09T14:24:47.094021Z,157080756153849,157080756153849,157080756153849,-1,-1,ok,
exp_constrained_pub_only_xcdr__py_to_py__100000B__10Hz__shmem_ds__best_effort,publish,pub,py_to_py,constrained_pub_only,exp,xcdr,shmem_ds,100000,10,0,measured,272,2026-09-09T14:24:47.193836Z,157080855950776,157080855950776,157080855950776,-1,-1,ok,
exp_constrained_pub_only_xcdr__py_to_py__100000B__10Hz__shmem_ds__best_effort,publish,pub,py_to_py,constrained_pub_only,exp,xcdr,shmem_ds,100000,10,0,measured,273,2026-09-09T14:24:47.294142Z,157080956268558,157080956268558,157080956268558,-1,-1,ok,
exp_constrained_pub_only_xcdr__py_to_py__100000B__10Hz__shmem_ds__best_effort,publish,pub,py_to_py,constrained_pub_only,exp,xcdr,shmem_ds,100000,10,0,measured,274,2026-09-09T14:24:47.394955Z,157081057076999,157081057076999,157081057076999,-1,-1,ok,
exp_constrained_pub_only_xcdr__py_to_py__100000B__10Hz__shmem_ds__best_effort,publish,pub,py_to_py,constrained_pub_only,exp,xcdr,shmem_ds,100000,10,0,measured,275,2026-09-09T14:24:47.494238Z,157081156355315,157081156355315,157081156355315,-1,-1,ok,
exp_constrained_pub_only_xcdr__py_to_py__100000B__10Hz__shmem_ds__best_effort,publish,pub,py_to_py,constrained_pub_only,exp,xcdr,shmem_ds,100000,10,0,measured,276,2026-09-09T14:24:47.593502Z,157081255633861,157081255633861,157081255633861,-1,-1,ok,
exp_constrained_pub_only_xcdr__py_to_py__100000B__10Hz__shmem_ds__best_effort,publish,pub,py_to_py,constrained_pub_only,exp,xcdr,shmem_ds,100000,10,0,measured,277,2026-09-09T14:24:47.692663Z,157081354758238,157081354758238,157081354758238,-1,-1,ok,
exp_constrained_pub_only_xcdr__py_to_py__100000B__10Hz__shmem_ds__best_effort,publish,pub,py_to_py,constrained_pub_only,exp,xcdr,shmem_ds,100000,10,0,measured,278,2026-09-09T14:24:47.792700Z,157081454828137,157081454828137,157081454828137,-1,-1,ok,
exp_constrained_pub_only_xcdr__py_to_py__100000B__10Hz__shmem_ds__best_effort,publish,pub,py_to_py,constrained_pub_only,exp,xcdr,shmem_ds,100000,10,0,measured,279,2026-09-09T14:24:47.892457Z,157081554545444,157081554545444,157081554545444,-1,-1,ok,
exp_constrained_pub_only_xcdr__py_to_py__100000B__10Hz__shmem_ds__best_effort,publish,pub,py_to_py,constrained_pub_only,exp,xcdr,shmem_ds,100000,10,0,measured,280,2026-09-09T14:24:47.992503Z,157081654633657,157081654633657,157081654633657,-1,-1,ok,
exp_constrained_pub_only_xcdr__py_to_py__100000B__10Hz__shmem_ds__best_effort,publish,pub,py_to_py,constrained_pub_only,exp,xcdr,shmem_ds,100000,10,0,measured,281,2026-09-09T14:24:48.093131Z,157081755219656,157081755219656,157081755219656,-1,-1,ok,
exp_constrained_pub_only_xcdr__py_to_py__100000B__10Hz__shmem_ds__best_effort,publish,pub,py_to_py,constrained_pub_only,exp,xcdr,shmem_ds,100000,10,0,measured,282,2026-09-09T14:24:48.192483Z,157081854610356,157081854610356,157081854610356,-1,-1,ok,
exp_constrained_pub_only_xcdr__py_to_py__100000B__10Hz__shmem_ds__best_effort,publish,pub,py_to_py,constrained_pub_only,exp,xcdr,shmem_ds,100000,10,0,measured,283,2026-09-09T14:24:48.292520Z,157081954660792,157081954660792,157081954660792,-1,-1,ok,
exp_constrained_pub_only_xcdr__py_to_py__100000B__10Hz__shmem_ds__best_effort,publish,pub,py_to_py,constrained_pub_only,exp,xcdr,shmem_ds,100000,10,0,measured,284,2026-09-09T14:24:48.392128Z,157082054258130,157082054258130,157082054258130,-1,-1,ok,
exp_constrained_pub_only_xcdr__py_to_py__100000B__10Hz__shmem_ds__best_effort,publish,pub,py_to_py,constrained_pub_only,exp,xcdr,shmem_ds,100000,10,0,measured,285,2026-09-09T14:24:48.492250Z,157082154380912,157082154380912,157082154380912,-1,-1,ok,
exp_constrained_pub_only_xcdr__py_to_py__100000B__10Hz__shmem_ds__best_effort,publish,pub,py_to_py,constrained_pub_only,exp,xcdr,shmem_ds,100000,10,0,measured,286,2026-09-09T14:24:48.592915Z,157082255044387,157082255044387,157082255044387,-1,-1,ok,
exp_constrained_pub_only_xcdr__py_to_py__100000B__10Hz__shmem_ds__best_effort,publish,pub,py_to_py,constrained_pub_only,exp,xcdr,shmem_ds,100000,10,0,measured,287,2026-09-09T14:24:48.693532Z,157082355668687,157082355668687,157082355668687,-1,-1,ok,
exp_constrained_pub_only_xcdr__py_to_py__100000B__10Hz__shmem_ds__best_effort,publish,pub,py_to_py,constrained_pub_only,exp,xcdr,shmem_ds,100000,10,0,measured,288,2026-09-09T14:24:48.792707Z,157082454851550,157082454851550,157082454851550,-1,-1,ok,
exp_constrained_pub_only_xcdr__py_to_py__100000B__10Hz__shmem_ds__best_effort,publish,pub,py_to_py,constrained_pub_only,exp,xcdr,shmem_ds,100000,10,0,measured,289,2026-09-09T14:24:48.892778Z,157082554886467,157082554886467,157082554886467,-1,-1,ok,
exp_constrained_pub_only_xcdr__py_to_py__100000B__10Hz__shmem_ds__best_effort,publish,pub,py_to_py,constrained_pub_only,exp,xcdr,shmem_ds,100000,10,0,measured,290,2026-09-09T14:24:48.992341Z,157082654449781,157082654449781,157082654449781,-1,-1,ok,
exp_constrained_pub_only_xcdr__py_to_py__100000B__10Hz__shmem_ds__best_effort,publish,pub,py_to_py,constrained_pub_only,exp,xcdr,shmem_ds,100000,10,0,measured,291,2026-09-09T14:24:49.091023Z,157082753182844,157082753182844,157082753182844,-1,-1,ok,
exp_constrained_pub_only_xcdr__py_to_py__100000B__10Hz__shmem_ds__best_effort,publish,pub,py_to_py,constrained_pub_only,exp,xcdr,shmem_ds,100000,10,0,measured,292,2026-09-09T14:24:49.191859Z,157082853949887,157082853949887,157082853949887,-1,-1,ok,
exp_constrained_pub_only_xcdr__py_to_py__100000B__10Hz__shmem_ds__best_effort,publish,pub,py_to_py,constrained_pub_only,exp,xcdr,shmem_ds,100000,10,0,measured,293,2026-09-09T14:24:49.291977Z,157082954113520,157082954113520,157082954113520,-1,-1,ok,
exp_constrained_pub_only_xcdr__py_to_py__100000B__10Hz__shmem_ds__best_effort,publish,pub,py_to_py,constrained_pub_only,exp,xcdr,shmem_ds,100000,10,0,measured,294,2026-09-09T14:24:49.391622Z,157083053738043,157083053738043,157083053738043,-1,-1,ok,
exp_constrained_pub_only_xcdr__py_to_py__100000B__10Hz__shmem_ds__best_effort,publish,pub,py_to_py,constrained_pub_only,exp,xcdr,shmem_ds,100000,10,0,measured,295,2026-09-09T14:24:49.491849Z,157083153998908,157083153998908,157083153998908,-1,-1,ok,
exp_constrained_pub_only_xcdr__py_to_py__100000B__10Hz__shmem_ds__best_effort,publish,pub,py_to_py,constrained_pub_only,exp,xcdr,shmem_ds,100000,10,0,measured,296,2026-09-09T14:24:49.592084Z,157083254226059,157083254226059,157083254226059,-1,-1,ok,
exp_constrained_pub_only_xcdr__py_to_py__100000B__10Hz__shmem_ds__best_effort,publish,pub,py_to_py,constrained_pub_only,exp,xcdr,shmem_ds,100000,10,0,measured,297,2026-09-09T14:24:49.691823Z,157083353966360,157083353966360,157083353966360,-1,-1,ok,
exp_constrained_pub_only_xcdr__py_to_py__100000B__10Hz__shmem_ds__best_effort,publish,pub,py_to_py,constrained_pub_only,exp,xcdr,shmem_ds,100000,10,0,measured,298,2026-09-09T14:24:49.790980Z,157083453112057,157083453112057,157083453112057,-1,-1,ok,
exp_constrained_pub_only_xcdr__py_to_py__100000B__10Hz__shmem_ds__best_effort,publish,pub,py_to_py,constrained_pub_only,exp,xcdr,shmem_ds,100000,10,0,measured,299,2026-09-09T14:24:49.890218Z,157083552346670,157083552346670,157083552346670,-1,-1,ok,
exp_constrained_pub_only_xcdr__py_to_py__100000B__10Hz__shmem_ds__best_effort,publish,pub,py_to_py,constrained_pub_only,exp,xcdr,shmem_ds,100000,10,0,measured,300,2026-09-09T14:24:49.991074Z,157083653179315,157083653179315,157083653179315,-1,-1,ok,
exp_constrained_pub_only_xcdr__py_to_py__100000B__10Hz__shmem_ds__best_effort,receive,sub,py_to_py,constrained_pub_only,exp,xcdr,shmem_ds,100000,10,0,measured,0,2026-09-09T14:24:19.995451Z,157053657548936,157053657044642,157053657548936,1788963859994921590,1788963859995003303,ok,
exp_constrained_pub_only_xcdr__py_to_py__100000B__10Hz__shmem_ds__best_effort,receive,sub,py_to_py,constrained_pub_only,exp,xcdr,shmem_ds,100000,10,0,measured,1,2026-09-09T14:24:20.095666Z,157053757810524,157053757494612,157053757810524,1788963860095332147,1788963860095381269,ok,
exp_constrained_pub_only_xcdr__py_to_py__100000B__10Hz__shmem_ds__best_effort,receive,sub,py_to_py,constrained_pub_only,exp,xcdr,shmem_ds,100000,10,0,measured,2,2026-09-09T14:24:20.194722Z,157053856849944,157053856613381,157053856849944,1788963860194446327,1788963860194483126,ok,
exp_constrained_pub_only_xcdr__py_to_py__100000B__10Hz__shmem_ds__best_effort,receive,sub,py_to_py,constrained_pub_only,exp,xcdr,shmem_ds,100000,10,0,measured,3,2026-09-09T14:24:20.294108Z,157053956244619,157053956041479,157053956244619,1788963860293878632,1788963860293906444,ok,
exp_constrained_pub_only_xcdr__py_to_py__100000B__10Hz__shmem_ds__best_effort,receive,sub,py_to_py,constrained_pub_only,exp,xcdr,shmem_ds,100000,10,0,measured,4,2026-09-09T14:24:20.393531Z,157054055679630,157054055447275,157054055679630,1788963860393280171,1788963860393318883,ok,
exp_constrained_pub_only_xcdr__py_to_py__100000B__10Hz__shmem_ds__best_effort,receive,sub,py_to_py,constrained_pub_only,exp,xcdr,shmem_ds,100000,10,0,measured,5,2026-09-09T14:24:20.494403Z,157054156512367,157054156181598,157054156512367,1788963860494034020,1788963860494111094,ok,
exp_constrained_pub_only_xcdr__py_to_py__100000B__10Hz__shmem_ds__best_effort,receive,sub,py_to_py,constrained_pub_only,exp,xcdr,shmem_ds,100000,10,0,measured,6,2026-09-09T14:24:20.594476Z,157054256606792,157054256372754,157054256606792,1788963860594210268,1788963860594260132,ok,
exp_constrained_pub_only_xcdr__py_to_py__100000B__10Hz__shmem_ds__best_effort,receive,sub,py_to_py,constrained_pub_only,exp,xcdr,shmem_ds,100000,10,0,measured,7,2026-09-09T14:24:20.695588Z,157054357703451,157054357379986,157054357703451,1788963860695231777,1788963860695296498,ok,
exp_constrained_pub_only_xcdr__py_to_py__100000B__10Hz__shmem_ds__best_effort,receive,sub,py_to_py,constrained_pub_only,exp,xcdr,shmem_ds,100000,10,0,measured,8,2026-09-09T14:24:20.794305Z,157054456465663,157054456269927,157054456465663,1788963860794099587,1788963860794138469,ok,
exp_constrained_pub_only_xcdr__py_to_py__100000B__10Hz__shmem_ds__best_effort,receive,sub,py_to_py,constrained_pub_only,exp,xcdr,shmem_ds,100000,10,0,measured,9,2026-09-09T14:24:20.894459Z,157054556576539,157054556272851,157054556576539,1788963860894123289,1788963860894175116,ok,
exp_constrained_pub_only_xcdr__py_to_py__100000B__10Hz__shmem_ds__best_effort,receive,sub,py_to_py,constrained_pub_only,exp,xcdr,shmem_ds,100000,10,0,measured,10,2026-09-09T14:24:20.993368Z,157054655493100,157054655235618,157054655493100,1788963860993078562,1788963860993121893,ok,
exp_constrained_pub_only_xcdr__py_to_py__100000B__10Hz__shmem_ds__best_effort,receive,sub,py_to_py,constrained_pub_only,exp,xcdr,shmem_ds,100000,10,0,measured,11,2026-09-09T14:24:21.092654Z,157054754788624,157054754568572,157054754788624,1788963861092399203,1788963861092428298,ok,
exp_constrained_pub_only_xcdr__py_to_py__100000B__10Hz__shmem_ds__best_effort,receive,sub,py_to_py,constrained_pub_only,exp,xcdr,shmem_ds,100000,10,0,measured,12,2026-09-09T14:24:21.192506Z,157054854653915,157054854492864,157054854653915,1788963861192317324,1788963861192336449,ok,
exp_constrained_pub_only_xcdr__py_to_py__100000B__10Hz__shmem_ds__best_effort,receive,sub,py_to_py,constrained_pub_only,exp,xcdr,shmem_ds,100000,10,0,measured,13,2026-09-09T14:24:21.291470Z,157054953632006,157054953485011,157054953632006,1788963861291308549,1788963861291328215,ok,
exp_constrained_pub_only_xcdr__py_to_py__100000B__10Hz__shmem_ds__best_effort,receive,sub,py_to_py,constrained_pub_only,exp,xcdr,shmem_ds,100000,10,0,measured,14,2026-09-09T14:24:21.391019Z,157055053172929,157055052988284,157055053172929,1788963861390828684,1788963861390853290,ok,
exp_constrained_pub_only_xcdr__py_to_py__100000B__10Hz__shmem_ds__best_effort,receive,sub,py_to_py,constrained_pub_only,exp,xcdr,shmem_ds,100000,10,0,measured,15,2026-09-09T14:24:21.491306Z,157055153456994,157055153269353,157055153456994,1788963861491097018,1788963861491128577,ok,
exp_constrained_pub_only_xcdr__py_to_py__100000B__10Hz__shmem_ds__best_effort,receive,sub,py_to_py,constrained_pub_only,exp,xcdr,shmem_ds,100000,10,0,measured,16,2026-09-09T14:24:21.591582Z,157055253731200,157055253530755,157055253731200,1788963861591360825,1788963861591390481,ok,
exp_constrained_pub_only_xcdr__py_to_py__100000B__10Hz__shmem_ds__best_effort,receive,sub,py_to_py,constrained_pub_only,exp,xcdr,shmem_ds,100000,10,0,measured,17,2026-09-09T14:24:21.690857Z,157055352970961,157055352782969,157055352970961,1788963861690611005,1788963861690637445,ok,
exp_constrained_pub_only_xcdr__py_to_py__100000B__10Hz__shmem_ds__best_effort,receive,sub,py_to_py,constrained_pub_only,exp,xcdr,shmem_ds,100000,10,0,measured,18,2026-09-09T14:24:21.790962Z,157055453124290,157055452916681,157055453124290,1788963861790741712,1788963861790763022,ok,
exp_constrained_pub_only_xcdr__py_to_py__100000B__10Hz__shmem_ds__best_effort,receive,sub,py_to_py,constrained_pub_only,exp,xcdr,shmem_ds,100000,10,0,measured,19,2026-09-09T14:24:21.891878Z,157055553998028,157055553741458,157055553998028,1788963861891574154,1788963861891621051,ok,
exp_constrained_pub_only_xcdr__py_to_py__100000B__10Hz__shmem_ds__best_effort,receive,sub,py_to_py,constrained_pub_only,exp,xcdr,shmem_ds,100000,10,0,measured,20,2026-09-09T14:24:21.991038Z,157055653145807,157055652816020,157055653145807,1788963861990656219,1788963861990710200,ok,
exp_constrained_pub_only_xcdr__py_to_py__100000B__10Hz__shmem_ds__best_effort,receive,sub,py_to_py,constrained_pub_only,exp,xcdr,shmem_ds,100000,10,0,measured,21,2026-09-09T14:24:22.091254Z,157055753399849,157055753208952,157055753399849,1788963862091036427,1788963862091057647,ok,
exp_constrained_pub_only_xcdr__py_to_py__100000B__10Hz__shmem_ds__best_effort,receive,sub,py_to_py,constrained_pub_only,exp,xcdr,shmem_ds,100000,10,0,measured,22,2026-09-09T14:24:22.191593Z,157055853741906,157055853578631,157055853741906,1788963862191401828,1788963862191416876,ok,
exp_constrained_pub_only_xcdr__py_to_py__100000B__10Hz__shmem_ds__best_effort,receive,sub,py_to_py,constrained_pub_only,exp,xcdr,shmem_ds,100000,10,0,measured,23,2026-09-09T14:24:22.291584Z,157055953702872,157055953465688,157055953702872,1788963862291303533,1788963862291325073,ok,
exp_constrained_pub_only_xcdr__py_to_py__100000B__10Hz__shmem_ds__best_effort,receive,sub,py_to_py,constrained_pub_only,exp,xcdr,shmem_ds,100000,10,0,measured,24,2026-09-09T14:24:22.390696Z,157056052829695,157056052631484,157056052829695,1788963862390459420,1788963862390492362,ok,
exp_constrained_pub_only_xcdr__py_to_py__100000B__10Hz__shmem_ds__best_effort,receive,sub,py_to_py,constrained_pub_only,exp,xcdr,shmem_ds,100000,10,0,measured,25,2026-09-09T14:24:22.491558Z,157056153698419,157056153527409,157056153698419,1788963862491351849,1788963862491370434,ok,
exp_constrained_pub_only_xcdr__py_to_py__100000B__10Hz__shmem_ds__best_effort,receive,sub,py_to_py,constrained_pub_only,exp,xcdr,shmem_ds,100000,10,0,measured,26,2026-09-09T14:24:22.591398Z,157056253521887,157056253292006,157056253521887,1788963862591125814,1788963862591159407,ok,
exp_constrained_pub_only_xcdr__py_to_py__100000B__10Hz__shmem_ds__best_effort,receive,sub,py_to_py,constrained_pub_only,exp,xcdr,shmem_ds,100000,10,0,measured,27,2026-09-09T14:24:22.690827Z,157056352932291,157056352642729,157056352932291,1788963862690487487,1788963862690545856,ok,
exp_constrained_pub_only_xcdr__py_to_py__100000B__10Hz__shmem_ds__best_effort,receive,sub,py_to_py,constrained_pub_only,exp,xcdr,shmem_ds,100000,10,0,measured,28,2026-09-09T14:24:22.789551Z,157056451689733,157056451522439,157056451689733,1788963862789344795,1788963862789362699,ok,
exp_constrained_pub_only_xcdr__py_to_py__100000B__10Hz__shmem_ds__best_effort,receive,sub,py_to_py,constrained_pub_only,exp,xcdr,shmem_ds,100000,10,0,measured,29,2026-09-09T14:24:22.890576Z,157056552693710,157056552429185,157056552693710,1788963862890265747,1788963862890315901,ok,
exp_constrained_pub_only_xcdr__py_to_py__100000B__10Hz__shmem_ds__best_effort,receive,sub,py_to_py,constrained_pub_only,exp,xcdr,shmem_ds,100000,10,0,measured,30,2026-09-09T14:24:22.990705Z,157056652830955,157056652583762,157056652830955,1788963862990415606,1788963862990452845,ok,
exp_constrained_pub_only_xcdr__py_to_py__100000B__10Hz__shmem_ds__best_effort,receive,sub,py_to_py,constrained_pub_only,exp,xcdr,shmem_ds,100000,10,0,measured,31,2026-09-09T14:24:23.091160Z,157056753292372,157056753083711,157056753292372,1788963863090908972,1788963863090935342,ok,
exp_constrained_pub_only_xcdr__py_to_py__100000B__10Hz__shmem_ds__best_effort,receive,sub,py_to_py,constrained_pub_only,exp,xcdr,shmem_ds,100000,10,0,measured,32,2026-09-09T14:24:23.191676Z,157056853808351,157056853616031,157056853808351,1788963863191443316,1788963863191469254,ok,
exp_constrained_pub_only_xcdr__py_to_py__100000B__10Hz__shmem_ds__best_effort,receive,sub,py_to_py,constrained_pub_only,exp,xcdr,shmem_ds,100000,10,0,measured,33,2026-09-09T14:24:23.291583Z,157056953725587,157056953566049,157056953725587,1788963863291389376,1788963863291403733,ok,
exp_constrained_pub_only_xcdr__py_to_py__100000B__10Hz__shmem_ds__best_effort,receive,sub,py_to_py,constrained_pub_only,exp,xcdr,shmem_ds,100000,10,0,measured,34,2026-09-09T14:24:23.392494Z,157057054643818,157057054497565,157057054643818,1788963863392319871,1788963863392332174,ok,
exp_constrained_pub_only_xcdr__py_to_py__100000B__10Hz__shmem_ds__best_effort,receive,sub,py_to_py,constrained_pub_only,exp,xcdr,shmem_ds,100000,10,0,measured,35,2026-09-09T14:24:23.492288Z,157057154441162,157057154287925,157057154441162,1788963863492112635,1788963863492129497,ok,
exp_constrained_pub_only_xcdr__py_to_py__100000B__10Hz__shmem_ds__best_effort,receive,sub,py_to_py,constrained_pub_only,exp,xcdr,shmem_ds,100000,10,0,measured,36,2026-09-09T14:24:23.592462Z,157057254603650,157057254414656,157057254603650,1788963863592240478,1788963863592257119,ok,
exp_constrained_pub_only_xcdr__py_to_py__100000B__10Hz__shmem_ds__best_effort,receive,sub,py_to_py,constrained_pub_only,exp,xcdr,shmem_ds,100000,10,0,measured,37,2026-09-09T14:24:23.693169Z,157057355294794,157057355093047,157057355294794,1788963863692924951,1788963863692944818,ok,
exp_constrained_pub_only_xcdr__py_to_py__100000B__10Hz__shmem_ds__best_effort,receive,sub,py_to_py,constrained_pub_only,exp,xcdr,shmem_ds,100000,10,0,measured,38,2026-09-09T14:24:23.793299Z,157057455446892,157057455276834,157057455446892,1788963863793099781,1788963863793112835,ok,
exp_constrained_pub_only_xcdr__py_to_py__100000B__10Hz__shmem_ds__best_effort,receive,sub,py_to_py,constrained_pub_only,exp,xcdr,shmem_ds,100000,10,0,measured,39,2026-09-09T14:24:23.894171Z,157057556308919,157057556116519,157057556308919,1788963863893944305,1788963863893960415,ok,
exp_constrained_pub_only_xcdr__py_to_py__100000B__10Hz__shmem_ds__best_effort,receive,sub,py_to_py,constrained_pub_only,exp,xcdr,shmem_ds,100000,10,0,measured,40,2026-09-09T14:24:23.994393Z,157057656526328,157057656312818,157057656526328,1788963863994147136,1788963863994179307,ok,
exp_constrained_pub_only_xcdr__py_to_py__100000B__10Hz__shmem_ds__best_effort,receive,sub,py_to_py,constrained_pub_only,exp,xcdr,shmem_ds,100000,10,0,measured,41,2026-09-09T14:24:24.094983Z,157057757099768,157057756805257,157057757099768,1788963864094643302,1788963864094683427,ok,
exp_constrained_pub_only_xcdr__py_to_py__100000B__10Hz__shmem_ds__best_effort,receive,sub,py_to_py,constrained_pub_only,exp,xcdr,shmem_ds,100000,10,0,measured,42,2026-09-09T14:24:24.193714Z,157057855853954,157057855660712,157057855853954,1788963864193484861,1788963864193505169,ok,
exp_constrained_pub_only_xcdr__py_to_py__100000B__10Hz__shmem_ds__best_effort,receive,sub,py_to_py,constrained_pub_only,exp,xcdr,shmem_ds,100000,10,0,measured,43,2026-09-09T14:24:24.293377Z,157057955525917,157057955301848,157057955525917,1788963864293133231,1788963864293172494,ok,
exp_constrained_pub_only_xcdr__py_to_py__100000B__10Hz__shmem_ds__best_effort,receive,sub,py_to_py,constrained_pub_only,exp,xcdr,shmem_ds,100000,10,0,measured,44,2026-09-09T14:24:24.392877Z,157058055021411,157058054805717,157058055021411,1788963864392636449,1788963864392665383,ok,
exp_constrained_pub_only_xcdr__py_to_py__100000B__10Hz__shmem_ds__best_effort,receive,sub,py_to_py,constrained_pub_only,exp,xcdr,shmem_ds,100000,10,0,measured,45,2026-09-09T14:24:24.492097Z,157058154241108,157058153978657,157058154241108,1788963864491839675,1788963864491879870,ok,
exp_constrained_pub_only_xcdr__py_to_py__100000B__10Hz__shmem_ds__best_effort,receive,sub,py_to_py,constrained_pub_only,exp,xcdr,shmem_ds,100000,10,0,measured,46,2026-09-09T14:24:24.591821Z,157058253930394,157058253642846,157058253930394,1788963864591487974,1788963864591545402,ok,
exp_constrained_pub_only_xcdr__py_to_py__100000B__10Hz__shmem_ds__best_effort,receive,sub,py_to_py,constrained_pub_only,exp,xcdr,shmem_ds,100000,10,0,measured,47,2026-09-09T14:24:24.691050Z,157058353161633,157058352841323,157058353161633,1788963864690684448,1788963864690737688,ok,
exp_constrained_pub_only_xcdr__py_to_py__100000B__10Hz__shmem_ds__best_effort,receive,sub,py_to_py,constrained_pub_only,exp,xcdr,shmem_ds,100000,10,0,measured,48,2026-09-09T14:24:24.790301Z,157058452443677,157058452237190,157058452443677,1788963864790069244,1788963864790105903,ok,
exp_constrained_pub_only_xcdr__py_to_py__100000B__10Hz__shmem_ds__best_effort,receive,sub,py_to_py,constrained_pub_only,exp,xcdr,shmem_ds,100000,10,0,measured,49,2026-09-09T14:24:24.890403Z,157058552551366,157058552353436,157058552551366,1788963864890179659,1788963864890216308,ok,
exp_constrained_pub_only_xcdr__py_to_py__100000B__10Hz__shmem_ds__best_effort,receive,sub,py_to_py,constrained_pub_only,exp,xcdr,shmem_ds,100000,10,0,measured,50,2026-09-09T14:24:24.990343Z,157058652486032,157058652270999,157058652486032,1788963864990102242,1788963864990133671,ok,
exp_constrained_pub_only_xcdr__py_to_py__100000B__10Hz__shmem_ds__best_effort,receive,sub,py_to_py,constrained_pub_only,exp,xcdr,shmem_ds,100000,10,0,measured,51,2026-09-09T14:24:25.090390Z,157058752508245,157058752198055,157058752508245,1788963865090055436,1788963865090116340,ok,
exp_constrained_pub_only_xcdr__py_to_py__100000B__10Hz__shmem_ds__best_effort,receive,sub,py_to_py,constrained_pub_only,exp,xcdr,shmem_ds,100000,10,0,measured,52,2026-09-09T14:24:25.189458Z,157058851602262,157058851333850,157058851602262,1788963865189164271,1788963865189206490,ok,
exp_constrained_pub_only_xcdr__py_to_py__100000B__10Hz__shmem_ds__best_effort,receive,sub,py_to_py,constrained_pub_only,exp,xcdr,shmem_ds,100000,10,0,measured,53,2026-09-09T14:24:25.289086Z,157058951228505,157058951021948,157058951228505,1788963865288852500,1788963865288889499,ok,
exp_constrained_pub_only_xcdr__py_to_py__100000B__10Hz__shmem_ds__best_effort,receive,sub,py_to_py,constrained_pub_only,exp,xcdr,shmem_ds,100000,10,0,measured,54,2026-09-09T14:24:25.389930Z,157059052074992,157059051784889,157059052074992,1788963865389617834,1788963865389658771,ok,
exp_constrained_pub_only_xcdr__py_to_py__100000B__10Hz__shmem_ds__best_effort,receive,sub,py_to_py,constrained_pub_only,exp,xcdr,shmem_ds,100000,10,0,measured,55,2026-09-09T14:24:25.490147Z,157059152291088,157059152071317,157059152291088,1788963865489903912,1788963865489939539,ok,
exp_constrained_pub_only_xcdr__py_to_py__100000B__10Hz__shmem_ds__best_effort,receive,sub,py_to_py,constrained_pub_only,exp,xcdr,shmem_ds,100000,10,0,measured,56,2026-09-09T14:24:25.590554Z,157059252669078,157059252391769,157059252669078,1788963865590227991,1788963865590285719,ok,
exp_constrained_pub_only_xcdr__py_to_py__100000B__10Hz__shmem_ds__best_effort,receive,sub,py_to_py,constrained_pub_only,exp,xcdr,shmem_ds,100000,10,0,measured,57,2026-09-09T14:24:25.689742Z,157059351880004,157059351628744,157059351880004,1788963865689461199,1788963865689501003,ok,
exp_constrained_pub_only_xcdr__py_to_py__100000B__10Hz__shmem_ds__best_effort,receive,sub,py_to_py,constrained_pub_only,exp,xcdr,shmem_ds,100000,10,0,measured,58,2026-09-09T14:24:25.790424Z,157059452534000,157059452236033,157059452534000,1788963865790076903,1788963865790135503,ok,
exp_constrained_pub_only_xcdr__py_to_py__100000B__10Hz__shmem_ds__best_effort,receive,sub,py_to_py,constrained_pub_only,exp,xcdr,shmem_ds,100000,10,0,measured,59,2026-09-09T14:24:25.889669Z,157059551783989,157059551504856,157059551783989,1788963865889341389,1788963865889396171,ok,
exp_constrained_pub_only_xcdr__py_to_py__100000B__10Hz__shmem_ds__best_effort,receive,sub,py_to_py,constrained_pub_only,exp,xcdr,shmem_ds,100000,10,0,measured,60,2026-09-09T14:24:25.989242Z,157059651380827,157059651144705,157059651380827,1788963865988985736,1788963865989023717,ok,
exp_constrained_pub_only_xcdr__py_to_py__100000B__10Hz__shmem_ds__best_effort,receive,sub,py_to_py,constrained_pub_only,exp,xcdr,shmem_ds,100000,10,0,measured,61,2026-09-09T14:24:26.090449Z,157059752593693,157059752365857,157059752593693,1788963866090209222,1788963866090246913,ok,
exp_constrained_pub_only_xcdr__py_to_py__100000B__10Hz__shmem_ds__best_effort,receive,sub,py_to_py,constrained_pub_only,exp,xcdr,shmem_ds,100000,10,0,measured,62,2026-09-09T14:24:26.190513Z,157059852657320,157059852410047,157059852657320,1788963866190241240,1788963866190279681,ok,
exp_constrained_pub_only_xcdr__py_to_py__100000B__10Hz__shmem_ds__best_effort,receive,sub,py_to_py,constrained_pub_only,exp,xcdr,shmem_ds,100000,10,0,measured,63,2026-09-09T14:24:26.290903Z,157059953050352,157059952842212,157059953050352,1788963866290668014,1788963866290699483,ok,
exp_constrained_pub_only_xcdr__py_to_py__100000B__10Hz__shmem_ds__best_effort,receive,sub,py_to_py,constrained_pub_only,exp,xcdr,shmem_ds,100000,10,0,measured,64,2026-09-09T14:24:26.391005Z,157060053147121,157060052905799,157060053147121,1788963866390737593,1788963866390770294,ok,
exp_constrained_pub_only_xcdr__py_to_py__100000B__10Hz__shmem_ds__best_effort,receive,sub,py_to_py,constrained_pub_only,exp,xcdr,shmem_ds,100000,10,0,measured,65,2026-09-09T14:24:26.491957Z,157060154083742,157060153766588,157060154083742,1788963866491613600,1788963866491673051,ok,
exp_constrained_pub_only_xcdr__py_to_py__100000B__10Hz__shmem_ds__best_effort,receive,sub,py_to_py,constrained_pub_only,exp,xcdr,shmem_ds,100000,10,0,measured,66,2026-09-09T14:24:26.592426Z,157060254544761,157060254254548,157060254544761,1788963866592096651,1788963866592151503,ok,
exp_constrained_pub_only_xcdr__py_to_py__100000B__10Hz__shmem_ds__best_effort,receive,sub,py_to_py,constrained_pub_only,exp,xcdr,shmem_ds,100000,10,0,measured,67,2026-09-09T14:24:26.691991Z,157060354102040,157060353794023,157060354102040,1788963866691641216,1788963866691695918,ok,
exp_constrained_pub_only_xcdr__py_to_py__100000B__10Hz__shmem_ds__best_effort,receive,sub,py_to_py,constrained_pub_only,exp,xcdr,shmem_ds,100000,10,0,measured,68,2026-09-09T14:24:26.790692Z,157060452833684,157060452662123,157060452833684,1788963866790490079,1788963866790513794,ok,
exp_constrained_pub_only_xcdr__py_to_py__100000B__10Hz__shmem_ds__best_effort,receive,sub,py_to_py,constrained_pub_only,exp,xcdr,shmem_ds,100000,10,0,measured,69,2026-09-09T14:24:26.890516Z,157060552641061,157060552388438,157060552641061,1788963866890225241,1788963866890276757,ok,
exp_constrained_pub_only_xcdr__py_to_py__100000B__10Hz__shmem_ds__best_effort,receive,sub,py_to_py,constrained_pub_only,exp,xcdr,shmem_ds,100000,10,0,measured,70,2026-09-09T14:24:26.989963Z,157060652097490,157060651834157,157060652097490,1788963866989668375,1788963866989709833,ok,
exp_constrained_pub_only_xcdr__py_to_py__100000B__10Hz__shmem_ds__best_effort,receive,sub,py_to_py,constrained_pub_only,exp,xcdr,shmem_ds,100000,10,0,measured,71,2026-09-09T14:24:27.089526Z,157060751665474,157060751425074,157060751665474,1788963867089255425,1788963867089294418,ok,
exp_constrained_pub_only_xcdr__py_to_py__100000B__10Hz__shmem_ds__best_effort,receive,sub,py_to_py,constrained_pub_only,exp,xcdr,shmem_ds,100000,10,0,measured,72,2026-09-09T14:24:27.192202Z,157060854354368,157060852134353,157060854354368,1788963867189964704,1788963867192045248,ok,
exp_constrained_pub_only_xcdr__py_to_py__100000B__10Hz__shmem_ds__best_effort,receive,sub,py_to_py,constrained_pub_only,exp,xcdr,shmem_ds,100000,10,0,measured,73,2026-09-09T14:24:27.290944Z,157060953090666,157060952843123,157060953090666,1788963867290670488,1788963867290708510,ok,
exp_constrained_pub_only_xcdr__py_to_py__100000B__10Hz__shmem_ds__best_effort,receive,sub,py_to_py,constrained_pub_only,exp,xcdr,shmem_ds,100000,10,0,measured,74,2026-09-09T14:24:27.390749Z,157061052869965,157061052613565,157061052869965,1788963867390452101,1788963867390491435,ok,
exp_constrained_pub_only_xcdr__py_to_py__100000B__10Hz__shmem_ds__best_effort,receive,sub,py_to_py,constrained_pub_only,exp,xcdr,shmem_ds,100000,10,0,measured,75,2026-09-09T14:24:27.491167Z,157061153283812,157061152959074,157061153283812,1788963867490793262,1788963867490886466,ok,
exp_constrained_pub_only_xcdr__py_to_py__100000B__10Hz__shmem_ds__best_effort,receive,sub,py_to_py,constrained_pub_only,exp,xcdr,shmem_ds,100000,10,0,measured,76,2026-09-09T14:24:27.591088Z,157061253205317,157061252903111,157061253205317,1788963867590744442,1788963867590813231,ok,
exp_constrained_pub_only_xcdr__py_to_py__100000B__10Hz__shmem_ds__best_effort,receive,sub,py_to_py,constrained_pub_only,exp,xcdr,shmem_ds,100000,10,0,measured,77,2026-09-09T14:24:27.691658Z,157061353771448,157061353453103,157061353771448,1788963867691296448,1788963867691359506,ok,
exp_constrained_pub_only_xcdr__py_to_py__100000B__10Hz__shmem_ds__best_effort,receive,sub,py_to_py,constrained_pub_only,exp,xcdr,shmem_ds,100000,10,0,measured,78,2026-09-09T14:24:27.791307Z,157061453440471,157061453252199,157061453440471,1788963867791073974,1788963867791101596,ok,
exp_constrained_pub_only_xcdr__py_to_py__100000B__10Hz__shmem_ds__best_effort,receive,sub,py_to_py,constrained_pub_only,exp,xcdr,shmem_ds,100000,10,0,measured,79,2026-09-09T14:24:27.891248Z,157061553359732,157061553062376,157061553359732,1788963867890902966,1788963867890961525,ok,
exp_constrained_pub_only_xcdr__py_to_py__100000B__10Hz__shmem_ds__best_effort,receive,sub,py_to_py,constrained_pub_only,exp,xcdr,shmem_ds,100000,10,0,measured,80,2026-09-09T14:24:27.990571Z,157061652696994,157061652444632,157061652696994,1788963867990277167,1788963867990317442,ok,
exp_constrained_pub_only_xcdr__py_to_py__100000B__10Hz__shmem_ds__best_effort,receive,sub,py_to_py,constrained_pub_only,exp,xcdr,shmem_ds,100000,10,0,measured,81,2026-09-09T14:24:28.090637Z,157061752771229,157061752585351,157061752771229,1788963868090407938,1788963868090437483,ok,
exp_constrained_pub_only_xcdr__py_to_py__100000B__10Hz__shmem_ds__best_effort,receive,sub,py_to_py,constrained_pub_only,exp,xcdr,shmem_ds,100000,10,0,measured,82,2026-09-09T14:24:28.190397Z,157061852509176,157061852215897,157061852509176,1788963868190060334,1788963868190117962,ok,
exp_constrained_pub_only_xcdr__py_to_py__100000B__10Hz__shmem_ds__best_effort,receive,sub,py_to_py,constrained_pub_only,exp,xcdr,shmem_ds,100000,10,0,measured,83,2026-09-09T14:24:28.290192Z,157061952324277,157061952137708,157061952324277,1788963868289963059,1788963868289990741,ok,
exp_constrained_pub_only_xcdr__py_to_py__100000B__10Hz__shmem_ds__best_effort,receive,sub,py_to_py,constrained_pub_only,exp,xcdr,shmem_ds,100000,10,0,measured,84,2026-09-09T14:24:28.391065Z,157062053209571,157062052948773,157062053209571,1788963868390780636,1788963868390825480,ok,
exp_constrained_pub_only_xcdr__py_to_py__100000B__10Hz__shmem_ds__best_effort,receive,sub,py_to_py,constrained_pub_only,exp,xcdr,shmem_ds,100000,10,0,measured,85,2026-09-09T14:24:28.490915Z,157062153064215,157062152809218,157062153064215,1788963868490642034,1788963868490683982,ok,
exp_constrained_pub_only_xcdr__py_to_py__100000B__10Hz__shmem_ds__best_effort,receive,sub,py_to_py,constrained_pub_only,exp,xcdr,shmem_ds,100000,10,0,measured,86,2026-09-09T14:24:28.590919Z,157062252993100,157062252686255,157062252993100,1788963868590531654,1788963868590573543,ok,
exp_constrained_pub_only_xcdr__py_to_py__100000B__10Hz__shmem_ds__best_effort,receive,sub,py_to_py,constrained_pub_only,exp,xcdr,shmem_ds,100000,10,0,measured,87,2026-09-09T14:24:28.691583Z,157062353696263,157062353403044,157062353696263,1788963868691249525,1788963868691303406,ok,
exp_constrained_pub_only_xcdr__py_to_py__100000B__10Hz__shmem_ds__best_effort,receive,sub,py_to_py,constrained_pub_only,exp,xcdr,shmem_ds,100000,10,0,measured,88,2026-09-09T14:24:28.791408Z,157062453567589,157062453416206,157062453567589,1788963868791239584,1788963868791269770,ok,
exp_constrained_pub_only_xcdr__py_to_py__100000B__10Hz__shmem_ds__best_effort,receive,sub,py_to_py,constrained_pub_only,exp,xcdr,shmem_ds,100000,10,0,measured,89,2026-09-09T14:24:28.890612Z,157062552754054,157062552492204,157062552754054,1788963868890329287,1788963868890374351,ok,
exp_constrained_pub_only_xcdr__py_to_py__100000B__10Hz__shmem_ds__best_effort,receive,sub,py_to_py,constrained_pub_only,exp,xcdr,shmem_ds,100000,10,0,measured,90,2026-09-09T14:24:28.989940Z,157062652057177,157062651746315,157062652057177,1788963868989593537,1788963868989651746,ok,
exp_constrained_pub_only_xcdr__py_to_py__100000B__10Hz__shmem_ds__best_effort,receive,sub,py_to_py,constrained_pub_only,exp,xcdr,shmem_ds,100000,10,0,measured,91,2026-09-09T14:24:29.088962Z,157062751085008,157062750813499,157062751085008,1788963869088650122,1788963869088698342,ok,
exp_constrained_pub_only_xcdr__py_to_py__100000B__10Hz__shmem_ds__best_effort,receive,sub,py_to_py,constrained_pub_only,exp,xcdr,shmem_ds,100000,10,0,measured,92,2026-09-09T14:24:29.189244Z,157062851405600,157062851246452,157062851405600,1788963869189084567,1788963869189112960,ok,
exp_constrained_pub_only_xcdr__py_to_py__100000B__10Hz__shmem_ds__best_effort,receive,sub,py_to_py,constrained_pub_only,exp,xcdr,shmem_ds,100000,10,0,measured,93,2026-09-09T14:24:29.289481Z,157062951649659,157062951515177,157062951649659,1788963869289339547,1788963869289360075,ok,
exp_constrained_pub_only_xcdr__py_to_py__100000B__10Hz__shmem_ds__best_effort,receive,sub,py_to_py,constrained_pub_only,exp,xcdr,shmem_ds,100000,10,0,measured,94,2026-09-09T14:24:29.389435Z,157063051607982,157063051475755,157063051607982,1788963869389299173,1788963869389323839,ok,
exp_constrained_pub_only_xcdr__py_to_py__100000B__10Hz__shmem_ds__best_effort,receive,sub,py_to_py,constrained_pub_only,exp,xcdr,shmem_ds,100000,10,0,measured,95,2026-09-09T14:24:29.488436Z,157063150604476,157063150467329,157063150604476,1788963869488287941,1788963869488311816,ok,
exp_constrained_pub_only_xcdr__py_to_py__100000B__10Hz__shmem_ds__best_effort,receive,sub,py_to_py,constrained_pub_only,exp,xcdr,shmem_ds,100000,10,0,measured,96,2026-09-09T14:24:29.588762Z,157063250892716,157063250653589,157063250892716,1788963869588491564,1788963869588537640,ok,
exp_constrained_pub_only_xcdr__py_to_py__100000B__10Hz__shmem_ds__best_effort,receive,sub,py_to_py,constrained_pub_only,exp,xcdr,shmem_ds,100000,10,0,measured,97,2026-09-09T14:24:29.689239Z,157063351403966,157063351264004,157063351403966,1788963869689090788,1788963869689109663,ok,
exp_constrained_pub_only_xcdr__py_to_py__100000B__10Hz__shmem_ds__best_effort,receive,sub,py_to_py,constrained_pub_only,exp,xcdr,shmem_ds,100000,10,0,measured,98,2026-09-09T14:24:29.789252Z,157063451421559,157063451282339,157063451421559,1788963869789107139,1788963869789129020,ok,
exp_constrained_pub_only_xcdr__py_to_py__100000B__10Hz__shmem_ds__best_effort,receive,sub,py_to_py,constrained_pub_only,exp,xcdr,shmem_ds,100000,10,0,measured,99,2026-09-09T14:24:29.890835Z,157063552963378,157063552435951,157063552963378,1788963869890275799,1788963869890359085,ok,
exp_constrained_pub_only_xcdr__py_to_py__100000B__10Hz__shmem_ds__best_effort,receive,sub,py_to_py,constrained_pub_only,exp,xcdr,shmem_ds,100000,10,0,measured,100,2026-09-09T14:24:29.991192Z,157063653335206,157063653063297,157063653335206,1788963869990900631,1788963869990944443,ok,
exp_constrained_pub_only_xcdr__py_to_py__100000B__10Hz__shmem_ds__best_effort,receive,sub,py_to_py,constrained_pub_only,exp,xcdr,shmem_ds,100000,10,0,measured,101,2026-09-09T14:24:30.090214Z,157063752356099,157063752075113,157063752356099,1788963870089927395,1788963870089970897,ok,
exp_constrained_pub_only_xcdr__py_to_py__100000B__10Hz__shmem_ds__best_effort,receive,sub,py_to_py,constrained_pub_only,exp,xcdr,shmem_ds,100000,10,0,measured,102,2026-09-09T14:24:30.190769Z,157063852886779,157063852574274,157063852886779,1788963870190415205,1788963870190469126,ok,
exp_constrained_pub_only_xcdr__py_to_py__100000B__10Hz__shmem_ds__best_effort,receive,sub,py_to_py,constrained_pub_only,exp,xcdr,shmem_ds,100000,10,0,measured,103,2026-09-09T14:24:30.290977Z,157063953118600,157063952836512,157063953118600,1788963870290671401,1788963870290714091,ok,
exp_constrained_pub_only_xcdr__py_to_py__100000B__10Hz__shmem_ds__best_effort,receive,sub,py_to_py,constrained_pub_only,exp,xcdr,shmem_ds,100000,10,0,measured,104,2026-09-09T14:24:30.391303Z,157064053416724,157064053117955,157064053416724,1788963870390967893,1788963870391018006,ok,
exp_constrained_pub_only_xcdr__py_to_py__100000B__10Hz__shmem_ds__best_effort,receive,sub,py_to_py,constrained_pub_only,exp,xcdr,shmem_ds,100000,10,0,measured,105,2026-09-09T14:24:30.490860Z,157064152994851,157064152769189,157064152994851,1788963870490599149,1788963870490637361,ok,
exp_constrained_pub_only_xcdr__py_to_py__100000B__10Hz__shmem_ds__best_effort,receive,sub,py_to_py,constrained_pub_only,exp,xcdr,shmem_ds,100000,10,0,measured,106,2026-09-09T14:24:30.591212Z,157064253336979,157064253075619,157064253336979,1788963870590911761,1788963870590957166,ok,
exp_constrained_pub_only_xcdr__py_to_py__100000B__10Hz__shmem_ds__best_effort,receive,sub,py_to_py,constrained_pub_only,exp,xcdr,shmem_ds,100000,10,0,measured,107,2026-09-09T14:24:30.690309Z,157064352423795,157064352119135,157064352423795,1788963870689963853,1788963870690018846,ok,
exp_constrained_pub_only_xcdr__py_to_py__100000B__10Hz__shmem_ds__best_effort,receive,sub,py_to_py,constrained_pub_only,exp,xcdr,shmem_ds,100000,10,0,measured,108,2026-09-09T14:24:30.789892Z,157064452027351,157064451833969,157064452027351,1788963870789662356,1788963870789684577,ok,
exp_constrained_pub_only_xcdr__py_to_py__100000B__10Hz__shmem_ds__best_effort,receive,sub,py_to_py,constrained_pub_only,exp,xcdr,shmem_ds,100000,10,0,measured,109,2026-09-09T14:24:30.890034Z,157064552155377,157064551879260,157064552155377,1788963870889719940,1788963870889769703,ok,
exp_constrained_pub_only_xcdr__py_to_py__100000B__10Hz__shmem_ds__best_effort,receive,sub,py_to_py,constrained_pub_only,exp,xcdr,shmem_ds,100000,10,0,measured,110,2026-09-09T14:24:30.990859Z,157064652967824,157064652727084,157064652967824,1788963870990565239,1788963870990604362,ok,
exp_constrained_pub_only_xcdr__py_to_py__100000B__10Hz__shmem_ds__best_effort,receive,sub,py_to_py,constrained_pub_only,exp,xcdr,shmem_ds,100000,10,0,measured,111,2026-09-09T14:24:31.091459Z,157064753606581,157064753389615,157064753606581,1788963871091219134,1788963871091250823,ok,
exp_constrained_pub_only_xcdr__py_to_py__100000B__10Hz__shmem_ds__best_effort,receive,sub,py_to_py,constrained_pub_only,exp,xcdr,shmem_ds,100000,10,0,measured,112,2026-09-09T14:24:31.190889Z,157064853054098,157064852895762,157064853054098,1788963871190722296,1788963871190747884,ok,
exp_constrained_pub_only_xcdr__py_to_py__100000B__10Hz__shmem_ds__best_effort,receive,sub,py_to_py,constrained_pub_only,exp,xcdr,shmem_ds,100000,10,0,measured,113,2026-09-09T14:24:31.291156Z,157064953299139,157064953094616,157064953299139,1788963871290930657,1788963871290971484,ok,
exp_constrained_pub_only_xcdr__py_to_py__100000B__10Hz__shmem_ds__best_effort,receive,sub,py_to_py,constrained_pub_only,exp,xcdr,shmem_ds,100000,10,0,measured,114,2026-09-09T14:24:31.390197Z,157065052367937,157065052226402,157065052367937,1788963871390051633,1788963871390070869,ok,
exp_constrained_pub_only_xcdr__py_to_py__100000B__10Hz__shmem_ds__best_effort,receive,sub,py_to_py,constrained_pub_only,exp,xcdr,shmem_ds,100000,10,0,measured,115,2026-09-09T14:24:31.491000Z,157065153169259,157065153033695,157065153169259,1788963871490856792,1788963871490879715,ok,
exp_constrained_pub_only_xcdr__py_to_py__100000B__10Hz__shmem_ds__best_effort,receive,sub,py_to_py,constrained_pub_only,exp,xcdr,shmem_ds,100000,10,0,measured,116,2026-09-09T14:24:31.592018Z,157065254150297,157065253920507,157065254150297,1788963871591758141,1788963871591794569,ok,
exp_constrained_pub_only_xcdr__py_to_py__100000B__10Hz__shmem_ds__best_effort,receive,sub,py_to_py,constrained_pub_only,exp,xcdr,shmem_ds,100000,10,0,measured,117,2026-09-09T14:24:31.691636Z,157065353756591,157065353473391,157065353756591,1788963871691303691,1788963871691350539,ok,
exp_constrained_pub_only_xcdr__py_to_py__100000B__10Hz__shmem_ds__best_effort,receive,sub,py_to_py,constrained_pub_only,exp,xcdr,shmem_ds,100000,10,0,measured,118,2026-09-09T14:24:31.791688Z,157065453850177,157065453697030,157065453850177,1788963871791525337,1788963871791550715,ok,
exp_constrained_pub_only_xcdr__py_to_py__100000B__10Hz__shmem_ds__best_effort,receive,sub,py_to_py,constrained_pub_only,exp,xcdr,shmem_ds,100000,10,0,measured,119,2026-09-09T14:24:31.892242Z,157065554384129,157065554152385,157065554384129,1788963871891991082,1788963871892035124,ok,
exp_constrained_pub_only_xcdr__py_to_py__100000B__10Hz__shmem_ds__best_effort,receive,sub,py_to_py,constrained_pub_only,exp,xcdr,shmem_ds,100000,10,0,measured,120,2026-09-09T14:24:31.991508Z,157065653630369,157065653360624,157065653630369,1788963871991203719,1788963871991244125,ok,
exp_constrained_pub_only_xcdr__py_to_py__100000B__10Hz__shmem_ds__best_effort,receive,sub,py_to_py,constrained_pub_only,exp,xcdr,shmem_ds,100000,10,0,measured,121,2026-09-09T14:24:32.091995Z,157065754118328,157065753860595,157065754118328,1788963872091697298,1788963872091736441,ok,
exp_constrained_pub_only_xcdr__py_to_py__100000B__10Hz__shmem_ds__best_effort,receive,sub,py_to_py,constrained_pub_only,exp,xcdr,shmem_ds,100000,10,0,measured,122,2026-09-09T14:24:32.191952Z,157065854121941,157065853996285,157065854121941,1788963872191825604,1788963872191841154,ok,
exp_constrained_pub_only_xcdr__py_to_py__100000B__10Hz__shmem_ds__best_effort,receive,sub,py_to_py,constrained_pub_only,exp,xcdr,shmem_ds,100000,10,0,measured,123,2026-09-09T14:24:32.292406Z,157065954564105,157065954373007,157065954564105,1788963872292197407,1788963872292225559,ok,
exp_constrained_pub_only_xcdr__py_to_py__100000B__10Hz__shmem_ds__best_effort,receive,sub,py_to_py,constrained_pub_only,exp,xcdr,shmem_ds,100000,10,0,measured,124,2026-09-09T14:24:32.392408Z,157066054565413,157066054407388,157066054565413,1788963872392234583,1788963872392258698,ok,
exp_constrained_pub_only_xcdr__py_to_py__100000B__10Hz__shmem_ds__best_effort,receive,sub,py_to_py,constrained_pub_only,exp,xcdr,shmem_ds,100000,10,0,measured,125,2026-09-09T14:24:32.491422Z,157066153587029,157066153439593,157066153587029,1788963872491263922,1788963872491291113,ok,
exp_constrained_pub_only_xcdr__py_to_py__100000B__10Hz__shmem_ds__best_effort,receive,sub,py_to_py,constrained_pub_only,exp,xcdr,shmem_ds,100000,10,0,measured,126,2026-09-09T14:24:32.591361Z,157066253488280,157066253210941,157066253488280,1788963872591052132,1788963872591098399,ok,
exp_constrained_pub_only_xcdr__py_to_py__100000B__10Hz__shmem_ds__best_effort,receive,sub,py_to_py,constrained_pub_only,exp,xcdr,shmem_ds,100000,10,0,measured,127,2026-09-09T14:24:32.690432Z,157066352554789,157066352292558,157066352554789,1788963872690133569,1788963872690181428,ok,
exp_constrained_pub_only_xcdr__py_to_py__100000B__10Hz__shmem_ds__best_effort,receive,sub,py_to_py,constrained_pub_only,exp,xcdr,shmem_ds,100000,10,0,measured,128,2026-09-09T14:24:32.790989Z,157066453138096,157066452970693,157066453138096,1788963872790796976,1788963872790830178,ok,
exp_constrained_pub_only_xcdr__py_to_py__100000B__10Hz__shmem_ds__best_effort,receive,sub,py_to_py,constrained_pub_only,exp,xcdr,shmem_ds,100000,10,0,measured,129,2026-09-09T14:24:32.892142Z,157066554271735,157066554036455,157066554271735,1788963872891875532,1788963872891905187,ok,
exp_constrained_pub_only_xcdr__py_to_py__100000B__10Hz__shmem_ds__best_effort,receive,sub,py_to_py,constrained_pub_only,exp,xcdr,shmem_ds,100000,10,0,measured,130,2026-09-09T14:24:32.992517Z,157066654647455,157066654440297,157066654647455,1788963872992270318,1788963872992300294,ok,
exp_constrained_pub_only_xcdr__py_to_py__100000B__10Hz__shmem_ds__best_effort,receive,sub,py_to_py,constrained_pub_only,exp,xcdr,shmem_ds,100000,10,0,measured,131,2026-09-09T14:24:33.091993Z,157066754133583,157066753963354,157066754133583,1788963873091785991,1788963873091808954,ok,
exp_constrained_pub_only_xcdr__py_to_py__100000B__10Hz__shmem_ds__best_effort,receive,sub,py_to_py,constrained_pub_only,exp,xcdr,shmem_ds,100000,10,0,measured,132,2026-09-09T14:24:33.191040Z,157066853190529,157066853042982,157066853190529,1788963873190865038,1788963873190879665,ok,
exp_constrained_pub_only_xcdr__py_to_py__100000B__10Hz__shmem_ds__best_effort,receive,sub,py_to_py,constrained_pub_only,exp,xcdr,shmem_ds,100000,10,0,measured,133,2026-09-09T14:24:33.291790Z,157066953946224,157066953788048,157066953946224,1788963873291609212,1788963873291621795,ok,
exp_constrained_pub_only_xcdr__py_to_py__100000B__10Hz__shmem_ds__best_effort,receive,sub,py_to_py,constrained_pub_only,exp,xcdr,shmem_ds,100000,10,0,measured,134,2026-09-09T14:24:33.392652Z,157067054814310,157067054671583,157067054814310,1788963873392490162,1788963873392513075,ok,
exp_constrained_pub_only_xcdr__py_to_py__100000B__10Hz__shmem_ds__best_effort,receive,sub,py_to_py,constrained_pub_only,exp,xcdr,shmem_ds,100000,10,0,measured,135,2026-09-09T14:24:33.491946Z,157067154105605,157067153911712,157067154105605,1788963873491735380,1788963873491761258,ok,
exp_constrained_pub_only_xcdr__py_to_py__100000B__10Hz__shmem_ds__best_effort,receive,sub,py_to_py,constrained_pub_only,exp,xcdr,shmem_ds,100000,10,0,measured,136,2026-09-09T14:24:33.592128Z,157067254259584,157067254044902,157067254259584,1788963873591876435,1788963873591901332,ok,
exp_constrained_pub_only_xcdr__py_to_py__100000B__10Hz__shmem_ds__best_effort,receive,sub,py_to_py,constrained_pub_only,exp,xcdr,shmem_ds,100000,10,0,measured,137,2026-09-09T14:24:33.691323Z,157067353467813,157067353298046,157067353467813,1788963873691123117,1788963873691146781,ok,
exp_constrained_pub_only_xcdr__py_to_py__100000B__10Hz__shmem_ds__best_effort,receive,sub,py_to_py,constrained_pub_only,exp,xcdr,shmem_ds,100000,10,0,measured,138,2026-09-09T14:24:33.791438Z,157067453600873,157067453472933,157067453600873,1788963873791292664,1788963873791305558,ok,
exp_constrained_pub_only_xcdr__py_to_py__100000B__10Hz__shmem_ds__best_effort,receive,sub,py_to_py,constrained_pub_only,exp,xcdr,shmem_ds,100000,10,0,measured,139,2026-09-09T14:24:33.892475Z,157067554596508,157067554311285,157067554596508,1788963873892150732,1788963873892208851,ok,
exp_constrained_pub_only_xcdr__py_to_py__100000B__10Hz__shmem_ds__best_effort,receive,sub,py_to_py,constrained_pub_only,exp,xcdr,shmem_ds,100000,10,0,measured,140,2026-09-09T14:24:33.991443Z,157067653593883,157067653421651,157067653593883,1788963873991247263,1788963873991272450,ok,
exp_constrained_pub_only_xcdr__py_to_py__100000B__10Hz__shmem_ds__best_effort,receive,sub,py_to_py,constrained_pub_only,exp,xcdr,shmem_ds,100000,10,0,measured,141,2026-09-09T14:24:34.091764Z,157067753879122,157067753559103,157067753879122,1788963874091395695,1788963874091449847,ok,
exp_constrained_pub_only_xcdr__py_to_py__100000B__10Hz__shmem_ds__best_effort,receive,sub,py_to_py,constrained_pub_only,exp,xcdr,shmem_ds,100000,10,0,measured,142,2026-09-09T14:24:34.191699Z,157067853823554,157067853585609,157067853823554,1788963874191417703,1788963874191458078,ok,
exp_constrained_pub_only_xcdr__py_to_py__100000B__10Hz__shmem_ds__best_effort,receive,sub,py_to_py,constrained_pub_only,exp,xcdr,shmem_ds,100000,10,0,measured,143,2026-09-09T14:24:34.291282Z,157067953407280,157067953174104,157067953407280,1788963874291006749,1788963874291048447,ok,
exp_constrained_pub_only_xcdr__py_to_py__100000B__10Hz__shmem_ds__best_effort,receive,sub,py_to_py,constrained_pub_only,exp,xcdr,shmem_ds,100000,10,0,measured,144,2026-09-09T14:24:34.391942Z,157068054062943,157068053809058,157068054062943,1788963874391643126,1788963874391683742,ok,
exp_constrained_pub_only_xcdr__py_to_py__100000B__10Hz__shmem_ds__best_effort,receive,sub,py_to_py,constrained_pub_only,exp,xcdr,shmem_ds,100000,10,0,measured,145,2026-09-09T14:24:34.491699Z,157068153829191,157068153610011,157068153829191,1788963874491439771,1788963874491477281,ok,
exp_constrained_pub_only_xcdr__py_to_py__100000B__10Hz__shmem_ds__best_effort,receive,sub,py_to_py,constrained_pub_only,exp,xcdr,shmem_ds,100000,10,0,measured,146,2026-09-09T14:24:34.591430Z,157068253551778,157068253281723,157068253551778,1788963874591119497,1788963874591162187,ok,
exp_constrained_pub_only_xcdr__py_to_py__100000B__10Hz__shmem_ds__best_effort,receive,sub,py_to_py,constrained_pub_only,exp,xcdr,shmem_ds,100000,10,0,measured,147,2026-09-09T14:24:34.691205Z,157068353347421,157068353112892,157068353347421,1788963874690944235,1788963874690977898,ok,
exp_constrained_pub_only_xcdr__py_to_py__100000B__10Hz__shmem_ds__best_effort,receive,sub,py_to_py,constrained_pub_only,exp,xcdr,shmem_ds,100000,10,0,measured,148,2026-09-09T14:24:34.791604Z,157068453730505,157068453538726,157068453730505,1788963874791365129,1788963874791385457,ok,
exp_constrained_pub_only_xcdr__py_to_py__100000B__10Hz__shmem_ds__best_effort,receive,sub,py_to_py,constrained_pub_only,exp,xcdr,shmem_ds,100000,10,0,measured,149,2026-09-09T14:24:34.891165Z,157068553290266,157068553054214,157068553290266,1788963874890885016,1788963874890928918,ok,
exp_constrained_pub_only_xcdr__py_to_py__100000B__10Hz__shmem_ds__best_effort,receive,sub,py_to_py,constrained_pub_only,exp,xcdr,shmem_ds,100000,10,0,measured,150,2026-09-09T14:24:34.990679Z,157068652807518,157068652596353,157068652807518,1788963874990428397,1788963874990456509,ok,
exp_constrained_pub_only_xcdr__py_to_py__100000B__10Hz__shmem_ds__best_effort,receive,sub,py_to_py,constrained_pub_only,exp,xcdr,shmem_ds,100000,10,0,measured,151,2026-09-09T14:24:35.091620Z,157068753764470,157068753549708,157068753764470,1788963875091378425,1788963875091410435,ok,
exp_constrained_pub_only_xcdr__py_to_py__100000B__10Hz__shmem_ds__best_effort,receive,sub,py_to_py,constrained_pub_only,exp,xcdr,shmem_ds,100000,10,0,measured,152,2026-09-09T14:24:35.191789Z,157068853929018,157068853761344,157068853929018,1788963875191583801,1788963875191602506,ok,
exp_constrained_pub_only_xcdr__py_to_py__100000B__10Hz__shmem_ds__best_effort,receive,sub,py_to_py,constrained_pub_only,exp,xcdr,shmem_ds,100000,10,0,measured,153,2026-09-09T14:24:35.291965Z,157068954121359,157068953871922,157068954121359,1788963875291718263,1788963875291751185,ok,
exp_constrained_pub_only_xcdr__py_to_py__100000B__10Hz__shmem_ds__best_effort,receive,sub,py_to_py,constrained_pub_only,exp,xcdr,shmem_ds,100000,10,0,measured,154,2026-09-09T14:24:35.391925Z,157069054069393,157069053797263,157069054069393,1788963875391630640,1788963875391666587,ok,
exp_constrained_pub_only_xcdr__py_to_py__100000B__10Hz__shmem_ds__best_effort,receive,sub,py_to_py,constrained_pub_only,exp,xcdr,shmem_ds,100000,10,0,measured,155,2026-09-09T14:24:35.491242Z,157069153388508,157069153143289,157069153388508,1788963875490984040,1788963875491034454,ok,
exp_constrained_pub_only_xcdr__py_to_py__100000B__10Hz__shmem_ds__best_effort,receive,sub,py_to_py,constrained_pub_only,exp,xcdr,shmem_ds,100000,10,0,measured,156,2026-09-09T14:24:35.590730Z,157069252848800,157069252572011,157069252848800,1788963875590411810,1788963875590460141,ok,
exp_constrained_pub_only_xcdr__py_to_py__100000B__10Hz__shmem_ds__best_effort,receive,sub,py_to_py,constrained_pub_only,exp,xcdr,shmem_ds,100000,10,0,measured,157,2026-09-09T14:24:35.690217Z,157069352358361,157069352154089,157069352358361,1788963875689984250,1788963875690015147,ok,
exp_constrained_pub_only_xcdr__py_to_py__100000B__10Hz__shmem_ds__best_effort,receive,sub,py_to_py,constrained_pub_only,exp,xcdr,shmem_ds,100000,10,0,measured,158,2026-09-09T14:24:35.790407Z,157069452551495,157069452357572,157069452551495,1788963875790188844,1788963875790221225,ok,
exp_constrained_pub_only_xcdr__py_to_py__100000B__10Hz__shmem_ds__best_effort,receive,sub,py_to_py,constrained_pub_only,exp,xcdr,shmem_ds,100000,10,0,measured,159,2026-09-09T14:24:35.889743Z,157069551884536,157069551662841,157069551884536,1788963875889496929,1788963875889539859,ok,
exp_constrained_pub_only_xcdr__py_to_py__100000B__10Hz__shmem_ds__best_effort,receive,sub,py_to_py,constrained_pub_only,exp,xcdr,shmem_ds,100000,10,0,measured,160,2026-09-09T14:24:35.989512Z,157069651627465,157069651356989,157069651627465,1788963875989199122,1788963875989245659,ok,
exp_constrained_pub_only_xcdr__py_to_py__100000B__10Hz__shmem_ds__best_effort,receive,sub,py_to_py,constrained_pub_only,exp,xcdr,shmem_ds,100000,10,0,measured,161,2026-09-09T14:24:36.088391Z,157069750550002,157069750369555,157069750550002,1788963876088198363,1788963876088222878,ok,
exp_constrained_pub_only_xcdr__py_to_py__100000B__10Hz__shmem_ds__best_effort,receive,sub,py_to_py,constrained_pub_only,exp,xcdr,shmem_ds,100000,10,0,measured,162,2026-09-09T14:24:36.188577Z,157069850742368,157069850592818,157069850742368,1788963876188420073,1788963876188443657,ok,
exp_constrained_pub_only_xcdr__py_to_py__100000B__10Hz__shmem_ds__best_effort,receive,sub,py_to_py,constrained_pub_only,exp,xcdr,shmem_ds,100000,10,0,measured,163,2026-09-09T14:24:36.287966Z,157069950134776,157069949987260,157069950134776,1788963876287821117,1788963876287842177,ok,
exp_constrained_pub_only_xcdr__py_to_py__100000B__10Hz__shmem_ds__best_effort,receive,sub,py_to_py,constrained_pub_only,exp,xcdr,shmem_ds,100000,10,0,measured,164,2026-09-09T14:24:36.388827Z,157070050974072,157070050814994,157070050974072,1788963876388639434,1788963876388666004,ok,
exp_constrained_pub_only_xcdr__py_to_py__100000B__10Hz__shmem_ds__best_effort,receive,sub,py_to_py,constrained_pub_only,exp,xcdr,shmem_ds,100000,10,0,measured,165,2026-09-09T14:24:36.489488Z,157070151645474,157070151456761,157070151645474,1788963876489281602,1788963876489306548,ok,
exp_constrained_pub_only_xcdr__py_to_py__100000B__10Hz__shmem_ds__best_effort,receive,sub,py_to_py,constrained_pub_only,exp,xcdr,shmem_ds,100000,10,0,measured,166,2026-09-09T14:24:36.589320Z,157070251451286,157070251140655,157070251451286,1788963876588988528,1788963876589050544,ok,
exp_constrained_pub_only_xcdr__py_to_py__100000B__10Hz__shmem_ds__best_effort,receive,sub,py_to_py,constrained_pub_only,exp,xcdr,shmem_ds,100000,10,0,measured,167,2026-09-09T14:24:36.688555Z,157070350671652,157070350391197,157070350671652,1788963876688235975,1788963876688287021,ok,
exp_constrained_pub_only_xcdr__py_to_py__100000B__10Hz__shmem_ds__best_effort,receive,sub,py_to_py,constrained_pub_only,exp,xcdr,shmem_ds,100000,10,0,measured,168,2026-09-09T14:24:36.788876Z,157070450990865,157070450824293,157070450990865,1788963876788647150,1788963876788668891,ok,
exp_constrained_pub_only_xcdr__py_to_py__100000B__10Hz__shmem_ds__best_effort,receive,sub,py_to_py,constrained_pub_only,exp,xcdr,shmem_ds,100000,10,0,measured,169,2026-09-09T14:24:36.888114Z,157070550253730,157070550038627,157070550253730,1788963876887872084,1788963876887910907,ok,
exp_constrained_pub_only_xcdr__py_to_py__100000B__10Hz__shmem_ds__best_effort,receive,sub,py_to_py,constrained_pub_only,exp,xcdr,shmem_ds,100000,10,0,measured,170,2026-09-09T14:24:36.987440Z,157070649569935,157070649338782,157070649569935,1788963876987174663,1788963876987206503,ok,
exp_constrained_pub_only_xcdr__py_to_py__100000B__10Hz__shmem_ds__best_effort,receive,sub,py_to_py,constrained_pub_only,exp,xcdr,shmem_ds,100000,10,0,measured,171,2026-09-09T14:24:37.088006Z,157070750159869,157070749998777,157070750159869,1788963877087829479,1788963877087846190,ok,
exp_constrained_pub_only_xcdr__py_to_py__100000B__10Hz__shmem_ds__best_effort,receive,sub,py_to_py,constrained_pub_only,exp,xcdr,shmem_ds,100000,10,0,measured,172,2026-09-09T14:24:37.188434Z,157070850582630,157070850381253,157070850582630,1788963877188215721,1788963877188257399,ok,
exp_constrained_pub_only_xcdr__py_to_py__100000B__10Hz__shmem_ds__best_effort,receive,sub,py_to_py,constrained_pub_only,exp,xcdr,shmem_ds,100000,10,0,measured,173,2026-09-09T14:24:37.288239Z,157070950390430,157070950217066,157070950390430,1788963877288047146,1788963877288070951,ok,
exp_constrained_pub_only_xcdr__py_to_py__100000B__10Hz__shmem_ds__best_effort,receive,sub,py_to_py,constrained_pub_only,exp,xcdr,shmem_ds,100000,10,0,measured,174,2026-09-09T14:24:37.388739Z,157071050898361,157071050738492,157071050898361,1788963877388564004,1788963877388590944,ok,
exp_constrained_pub_only_xcdr__py_to_py__100000B__10Hz__shmem_ds__best_effort,receive,sub,py_to_py,constrained_pub_only,exp,xcdr,shmem_ds,100000,10,0,measured,175,2026-09-09T14:24:37.489619Z,157071151759874,157071151538400,157071151759874,1788963877489372357,1788963877489415087,ok,
exp_constrained_pub_only_xcdr__py_to_py__100000B__10Hz__shmem_ds__best_effort,receive,sub,py_to_py,constrained_pub_only,exp,xcdr,shmem_ds,100000,10,0,measured,176,2026-09-09T14:24:37.589160Z,157071251285957,157071250950259,157071251285957,1788963877588790258,1788963877588890295,ok,
exp_constrained_pub_only_xcdr__py_to_py__100000B__10Hz__shmem_ds__best_effort,receive,sub,py_to_py,constrained_pub_only,exp,xcdr,shmem_ds,100000,10,0,measured,177,2026-09-09T14:24:37.688264Z,157071350380182,157071350067015,157071350380182,1788963877687932262,1788963877687983848,ok,
exp_constrained_pub_only_xcdr__py_to_py__100000B__10Hz__shmem_ds__best_effort,receive,sub,py_to_py,constrained_pub_only,exp,xcdr,shmem_ds,100000,10,0,measured,178,2026-09-09T14:24:37.787924Z,157071450070783,157071449879525,157071450070783,1788963877787711308,1788963877787738830,ok,
exp_constrained_pub_only_xcdr__py_to_py__100000B__10Hz__shmem_ds__best_effort,receive,sub,py_to_py,constrained_pub_only,exp,xcdr,shmem_ds,100000,10,0,measured,179,2026-09-09T14:24:37.887733Z,157071549879935,157071549689659,157071549879935,1788963877887520150,1788963877887551810,ok,
exp_constrained_pub_only_xcdr__py_to_py__100000B__10Hz__shmem_ds__best_effort,receive,sub,py_to_py,constrained_pub_only,exp,xcdr,shmem_ds,100000,10,0,measured,180,2026-09-09T14:24:37.987688Z,157071649830863,157071649645777,157071649830863,1788963877987476559,1788963877987503729,ok,
exp_constrained_pub_only_xcdr__py_to_py__100000B__10Hz__shmem_ds__best_effort,receive,sub,py_to_py,constrained_pub_only,exp,xcdr,shmem_ds,100000,10,0,measured,181,2026-09-09T14:24:38.088084Z,157071750235164,157071750043014,157071750235164,1788963878087884346,1788963878087909353,ok,
exp_constrained_pub_only_xcdr__py_to_py__100000B__10Hz__shmem_ds__best_effort,receive,sub,py_to_py,constrained_pub_only,exp,xcdr,shmem_ds,100000,10,0,measured,182,2026-09-09T14:24:38.188397Z,157071850545060,157071850383487,157071850545060,1788963878188209219,1788963878188231231,ok,
exp_constrained_pub_only_xcdr__py_to_py__100000B__10Hz__shmem_ds__best_effort,receive,sub,py_to_py,constrained_pub_only,exp,xcdr,shmem_ds,100000,10,0,measured,183,2026-09-09T14:24:38.289580Z,157071951724262,157071951512977,157071951724262,1788963878289364166,1788963878289381719,ok,
exp_constrained_pub_only_xcdr__py_to_py__100000B__10Hz__shmem_ds__best_effort,receive,sub,py_to_py,constrained_pub_only,exp,xcdr,shmem_ds,100000,10,0,measured,184,2026-09-09T14:24:38.388736Z,157072050871351,157072050654304,157072050871351,1788963878388490426,1788963878388521835,ok,
exp_constrained_pub_only_xcdr__py_to_py__100000B__10Hz__shmem_ds__best_effort,receive,sub,py_to_py,constrained_pub_only,exp,xcdr,shmem_ds,100000,10,0,measured,185,2026-09-09T14:24:38.488526Z,157072150675358,157072150521259,157072150675358,1788963878488345148,1788963878488363262,ok,
exp_constrained_pub_only_xcdr__py_to_py__100000B__10Hz__shmem_ds__best_effort,receive,sub,py_to_py,constrained_pub_only,exp,xcdr,shmem_ds,100000,10,0,measured,186,2026-09-09T14:24:38.588156Z,157072250299649,157072250089947,157072250299649,1788963878587924405,1788963878587953420,ok,
exp_constrained_pub_only_xcdr__py_to_py__100000B__10Hz__shmem_ds__best_effort,receive,sub,py_to_py,constrained_pub_only,exp,xcdr,shmem_ds,100000,10,0,measured,187,2026-09-09T14:24:38.689141Z,157072351252810,157072350953169,157072351252810,1788963878688798097,1788963878688863529,ok,
exp_constrained_pub_only_xcdr__py_to_py__100000B__10Hz__shmem_ds__best_effort,receive,sub,py_to_py,constrained_pub_only,exp,xcdr,shmem_ds,100000,10,0,measured,188,2026-09-09T14:24:38.788377Z,157072450515384,157072450309889,157072450515384,1788963878788139468,1788963878788164706,ok,
exp_constrained_pub_only_xcdr__py_to_py__100000B__10Hz__shmem_ds__best_effort,receive,sub,py_to_py,constrained_pub_only,exp,xcdr,shmem_ds,100000,10,0,measured,189,2026-09-09T14:24:38.888103Z,157072550215838,157072549823143,157072550215838,1788963878887679472,1788963878887745035,ok,
exp_constrained_pub_only_xcdr__py_to_py__100000B__10Hz__shmem_ds__best_effort,receive,sub,py_to_py,constrained_pub_only,exp,xcdr,shmem_ds,100000,10,0,measured,190,2026-09-09T14:24:38.987585Z,157072649732779,157072649549005,157072649732779,1788963878987377252,1788963878987402659,ok,
exp_constrained_pub_only_xcdr__py_to_py__100000B__10Hz__shmem_ds__best_effort,receive,sub,py_to_py,constrained_pub_only,exp,xcdr,shmem_ds,100000,10,0,measured,191,2026-09-09T14:24:39.087439Z,157072749576215,157072749395136,157072749576215,1788963879087226769,1788963879087247017,ok,
exp_constrained_pub_only_xcdr__py_to_py__100000B__10Hz__shmem_ds__best_effort,receive,sub,py_to_py,constrained_pub_only,exp,xcdr,shmem_ds,100000,10,0,measured,192,2026-09-09T14:24:39.187019Z,157072849157099,157072848942528,157072849157099,1788963879186768901,1788963879186795511,ok,
exp_constrained_pub_only_xcdr__py_to_py__100000B__10Hz__shmem_ds__best_effort,receive,sub,py_to_py,constrained_pub_only,exp,xcdr,shmem_ds,100000,10,0,measured,193,2026-09-09T14:24:39.286652Z,157072948818486,157072948682091,157072948818486,1788963879286505739,1788963879286523472,ok,
exp_constrained_pub_only_xcdr__py_to_py__100000B__10Hz__shmem_ds__best_effort,receive,sub,py_to_py,constrained_pub_only,exp,xcdr,shmem_ds,100000,10,0,measured,194,2026-09-09T14:24:39.387212Z,157073049381809,157073049244733,157073049381809,1788963879387069954,1788963879387091083,ok,
exp_constrained_pub_only_xcdr__py_to_py__100000B__10Hz__shmem_ds__best_effort,receive,sub,py_to_py,constrained_pub_only,exp,xcdr,shmem_ds,100000,10,0,measured,195,2026-09-09T14:24:39.487037Z,157073149207833,157073149078441,157073149207833,1788963879486901058,1788963879486913401,ok,
exp_constrained_pub_only_xcdr__py_to_py__100000B__10Hz__shmem_ds__best_effort,receive,sub,py_to_py,constrained_pub_only,exp,xcdr,shmem_ds,100000,10,0,measured,196,2026-09-09T14:24:39.588123Z,157073250264220,157073250031945,157073250264220,1788963879587866013,1788963879587899246,ok,
exp_constrained_pub_only_xcdr__py_to_py__100000B__10Hz__shmem_ds__best_effort,receive,sub,py_to_py,constrained_pub_only,exp,xcdr,shmem_ds,100000,10,0,measured,197,2026-09-09T14:24:39.688013Z,157073350165635,157073349983665,157073350165635,1788963879687822371,1788963879687848560,ok,
exp_constrained_pub_only_xcdr__py_to_py__100000B__10Hz__shmem_ds__best_effort,receive,sub,py_to_py,constrained_pub_only,exp,xcdr,shmem_ds,100000,10,0,measured,198,2026-09-09T14:24:39.787147Z,157073449312237,157073449164621,157073449312237,1788963879786989662,1788963879787012194,ok,
exp_constrained_pub_only_xcdr__py_to_py__100000B__10Hz__shmem_ds__best_effort,receive,sub,py_to_py,constrained_pub_only,exp,xcdr,shmem_ds,100000,10,0,measured,199,2026-09-09T14:24:39.888302Z,157073550452111,157073550244693,157073550452111,1788963879888075264,1788963879888106242,ok,
exp_constrained_pub_only_xcdr__py_to_py__100000B__10Hz__shmem_ds__best_effort,receive,sub,py_to_py,constrained_pub_only,exp,xcdr,shmem_ds,100000,10,0,measured,200,2026-09-09T14:24:39.988773Z,157073650920157,157073650723870,157073650920157,1788963879988557146,1788963879988586942,ok,
exp_constrained_pub_only_xcdr__py_to_py__100000B__10Hz__shmem_ds__best_effort,receive,sub,py_to_py,constrained_pub_only,exp,xcdr,shmem_ds,100000,10,0,measured,201,2026-09-09T14:24:40.089757Z,157073751882503,157073751662180,157073751882503,1788963880089492250,1788963880089528418,ok,
exp_constrained_pub_only_xcdr__py_to_py__100000B__10Hz__shmem_ds__best_effort,receive,sub,py_to_py,constrained_pub_only,exp,xcdr,shmem_ds,100000,10,0,measured,202,2026-09-09T14:24:40.190726Z,157073852861720,157073852659912,157073852861720,1788963880190490444,1788963880190514619,ok,
exp_constrained_pub_only_xcdr__py_to_py__100000B__10Hz__shmem_ds__best_effort,receive,sub,py_to_py,constrained_pub_only,exp,xcdr,shmem_ds,100000,10,0,measured,203,2026-09-09T14:24:40.291245Z,157073953399561,157073953245493,157073953399561,1788963880291069231,1788963880291085081,ok,
exp_constrained_pub_only_xcdr__py_to_py__100000B__10Hz__shmem_ds__best_effort,receive,sub,py_to_py,constrained_pub_only,exp,xcdr,shmem_ds,100000,10,0,measured,204,2026-09-09T14:24:40.390525Z,157074052678626,157074052501114,157074052678626,1788963880390323931,1788963880390348126,ok,
exp_constrained_pub_only_xcdr__py_to_py__100000B__10Hz__shmem_ds__best_effort,receive,sub,py_to_py,constrained_pub_only,exp,xcdr,shmem_ds,100000,10,0,measured,205,2026-09-09T14:24:40.490557Z,157074152715950,157074152576629,157074152715950,1788963880490398274,1788963880490414565,ok,
exp_constrained_pub_only_xcdr__py_to_py__100000B__10Hz__shmem_ds__best_effort,receive,sub,py_to_py,constrained_pub_only,exp,xcdr,shmem_ds,100000,10,0,measured,206,2026-09-09T14:24:40.590086Z,157074252232019,157074252033588,157074252232019,1788963880589861985,1788963880589896139,ok,
exp_constrained_pub_only_xcdr__py_to_py__100000B__10Hz__shmem_ds__best_effort,receive,sub,py_to_py,constrained_pub_only,exp,xcdr,shmem_ds,100000,10,0,measured,207,2026-09-09T14:24:40.690511Z,157074352652240,157074352237864,157074352652240,1788963880690109462,1788963880690214709,ok,
exp_constrained_pub_only_xcdr__py_to_py__100000B__10Hz__shmem_ds__best_effort,receive,sub,py_to_py,constrained_pub_only,exp,xcdr,shmem_ds,100000,10,0,measured,208,2026-09-09T14:24:40.789241Z,157074451374351,157074451167614,157074451374351,1788963880788997925,1788963880789025316,ok,
exp_constrained_pub_only_xcdr__py_to_py__100000B__10Hz__shmem_ds__best_effort,receive,sub,py_to_py,constrained_pub_only,exp,xcdr,shmem_ds,100000,10,0,measured,209,2026-09-09T14:24:40.889101Z,157074551222402,157074550926878,157074551222402,1788963880888764142,1788963880888817883,ok,
exp_constrained_pub_only_xcdr__py_to_py__100000B__10Hz__shmem_ds__best_effort,receive,sub,py_to_py,constrained_pub_only,exp,xcdr,shmem_ds,100000,10,0,measured,210,2026-09-09T14:24:40.989601Z,157074651758379,157074651571439,157074651758379,1788963880989396019,1788963880989421988,ok,
exp_constrained_pub_only_xcdr__py_to_py__100000B__10Hz__shmem_ds__best_effort,receive,sub,py_to_py,constrained_pub_only,exp,xcdr,shmem_ds,100000,10,0,measured,211,2026-09-09T14:24:41.089188Z,157074751329584,157074751162511,157074751329584,1788963881088989115,1788963881089007610,ok,
exp_constrained_pub_only_xcdr__py_to_py__100000B__10Hz__shmem_ds__best_effort,receive,sub,py_to_py,constrained_pub_only,exp,xcdr,shmem_ds,100000,10,0,measured,212,2026-09-09T14:24:41.189989Z,157074852136764,157074851928675,157074852136764,1788963881189752403,1788963881189778171,ok,
exp_constrained_pub_only_xcdr__py_to_py__100000B__10Hz__shmem_ds__best_effort,receive,sub,py_to_py,constrained_pub_only,exp,xcdr,shmem_ds,100000,10,0,measured,213,2026-09-09T14:24:41.289672Z,157074951796606,157074951567598,157074951796606,1788963881289391146,1788963881289428025,ok,
exp_constrained_pub_only_xcdr__py_to_py__100000B__10Hz__shmem_ds__best_effort,receive,sub,py_to_py,constrained_pub_only,exp,xcdr,shmem_ds,100000,10,0,measured,214,2026-09-09T14:24:41.389757Z,157075051904227,157075051727576,157075051904227,1788963881389551545,1788963881389569419,ok,
exp_constrained_pub_only_xcdr__py_to_py__100000B__10Hz__shmem_ds__best_effort,receive,sub,py_to_py,constrained_pub_only,exp,xcdr,shmem_ds,100000,10,0,measured,215,2026-09-09T14:24:41.490500Z,157075152650563,157075152502386,157075152650563,1788963881490324251,1788963881490338528,ok,
exp_constrained_pub_only_xcdr__py_to_py__100000B__10Hz__shmem_ds__best_effort,receive,sub,py_to_py,constrained_pub_only,exp,xcdr,shmem_ds,100000,10,0,measured,216,2026-09-09T14:24:41.591494Z,157075253643542,157075253462092,157075253643542,1788963881591286632,1788963881591303864,ok,
exp_constrained_pub_only_xcdr__py_to_py__100000B__10Hz__shmem_ds__best_effort,receive,sub,py_to_py,constrained_pub_only,exp,xcdr,shmem_ds,100000,10,0,measured,217,2026-09-09T14:24:41.691524Z,157075353673376,157075353504009,157075353673376,1788963881691329020,1788963881691351692,ok,
exp_constrained_pub_only_xcdr__py_to_py__100000B__10Hz__shmem_ds__best_effort,receive,sub,py_to_py,constrained_pub_only,exp,xcdr,shmem_ds,100000,10,0,measured,218,2026-09-09T14:24:41.792124Z,157075454279821,157075454102259,157075454279821,1788963881791925075,1788963881791942879,ok,
exp_constrained_pub_only_xcdr__py_to_py__100000B__10Hz__shmem_ds__best_effort,receive,sub,py_to_py,constrained_pub_only,exp,xcdr,shmem_ds,100000,10,0,measured,219,2026-09-09T14:24:41.891349Z,157075553502615,157075553291610,157075553502615,1788963881891122111,1788963881891151205,ok,
exp_constrained_pub_only_xcdr__py_to_py__100000B__10Hz__shmem_ds__best_effort,receive,sub,py_to_py,constrained_pub_only,exp,xcdr,shmem_ds,100000,10,0,measured,220,2026-09-09T14:24:41.991088Z,157075653213463,157075652955830,157075653213463,1788963881990794326,1788963881990843058,ok,
exp_constrained_pub_only_xcdr__py_to_py__100000B__10Hz__shmem_ds__best_effort,receive,sub,py_to_py,constrained_pub_only,exp,xcdr,shmem_ds,100000,10,0,measured,221,2026-09-09T14:24:42.091896Z,157075754010979,157075753813429,157075754010979,1788963882091642698,1788963882091673636,ok,
exp_constrained_pub_only_xcdr__py_to_py__100000B__10Hz__shmem_ds__best_effort,receive,sub,py_to_py,constrained_pub_only,exp,xcdr,shmem_ds,100000,10,0,measured,222,2026-09-09T14:24:42.192192Z,157075854338396,157075854177415,157075854338396,1788963882191998809,1788963882192023164,ok,
exp_constrained_pub_only_xcdr__py_to_py__100000B__10Hz__shmem_ds__best_effort,receive,sub,py_to_py,constrained_pub_only,exp,xcdr,shmem_ds,100000,10,0,measured,223,2026-09-09T14:24:42.292029Z,157075954175735,157075953990839,157075954175735,1788963882291829646,1788963882291857408,ok,
exp_constrained_pub_only_xcdr__py_to_py__100000B__10Hz__shmem_ds__best_effort,receive,sub,py_to_py,constrained_pub_only,exp,xcdr,shmem_ds,100000,10,0,measured,224,2026-09-09T14:24:42.392734Z,157076054888222,157076054740155,157076054888222,1788963882392561008,1788963882392579412,ok,
exp_constrained_pub_only_xcdr__py_to_py__100000B__10Hz__shmem_ds__best_effort,receive,sub,py_to_py,constrained_pub_only,exp,xcdr,shmem_ds,100000,10,0,measured,225,2026-09-09T14:24:42.491989Z,157076154144404,157076153920144,157076154144404,1788963882491756005,1788963882491792002,ok,
exp_constrained_pub_only_xcdr__py_to_py__100000B__10Hz__shmem_ds__best_effort,receive,sub,py_to_py,constrained_pub_only,exp,xcdr,shmem_ds,100000,10,0,measured,226,2026-09-09T14:24:42.591900Z,157076254044771,157076253825180,157076254044771,1788963882591655591,1788963882591689163,ok,
exp_constrained_pub_only_xcdr__py_to_py__100000B__10Hz__shmem_ds__best_effort,receive,sub,py_to_py,constrained_pub_only,exp,xcdr,shmem_ds,100000,10,0,measured,227,2026-09-09T14:24:42.692199Z,157076354316514,157076354023204,157076354316514,1788963882691865738,1788963882691922234,ok,
exp_constrained_pub_only_xcdr__py_to_py__100000B__10Hz__shmem_ds__best_effort,receive,sub,py_to_py,constrained_pub_only,exp,xcdr,shmem_ds,100000,10,0,measured,228,2026-09-09T14:24:42.792639Z,157076454781798,157076454580952,157076454781798,1788963882792408889,1788963882792446910,ok,
exp_constrained_pub_only_xcdr__py_to_py__100000B__10Hz__shmem_ds__best_effort,receive,sub,py_to_py,constrained_pub_only,exp,xcdr,shmem_ds,100000,10,0,measured,229,2026-09-09T14:24:42.892155Z,157076554301974,157076554035244,157076554301974,1788963882891868541,1788963882891907954,ok,
exp_constrained_pub_only_xcdr__py_to_py__100000B__10Hz__shmem_ds__best_effort,receive,sub,py_to_py,constrained_pub_only,exp,xcdr,shmem_ds,100000,10,0,measured,230,2026-09-09T14:24:42.993036Z,157076655147090,157076654839233,157076655147090,1788963882992683921,1788963882992736159,ok,
exp_constrained_pub_only_xcdr__py_to_py__100000B__10Hz__shmem_ds__best_effort,receive,sub,py_to_py,constrained_pub_only,exp,xcdr,shmem_ds,100000,10,0,measured,231,2026-09-09T14:24:43.092068Z,157076754198713,157076753951690,157076754198713,1788963883091781170,1788963883091826635,ok,
exp_constrained_pub_only_xcdr__py_to_py__100000B__10Hz__shmem_ds__best_effort,receive,sub,py_to_py,constrained_pub_only,exp,xcdr,shmem_ds,100000,10,0,measured,232,2026-09-09T14:24:43.191835Z,157076853936420,157076853675461,157076853936420,1788963883191514608,1788963883191552860,ok,
exp_constrained_pub_only_xcdr__py_to_py__100000B__10Hz__shmem_ds__best_effort,receive,sub,py_to_py,constrained_pub_only,exp,xcdr,shmem_ds,100000,10,0,measured,233,2026-09-09T14:24:43.291506Z,157076953659570,157076953472951,157076953659570,1788963883291298102,1788963883291323249,ok,
exp_constrained_pub_only_xcdr__py_to_py__100000B__10Hz__shmem_ds__best_effort,receive,sub,py_to_py,constrained_pub_only,exp,xcdr,shmem_ds,100000,10,0,measured,234,2026-09-09T14:24:43.392224Z,157077054342868,157077054037295,157077054342868,1788963883391886772,1788963883391942767,ok,
exp_constrained_pub_only_xcdr__py_to_py__100000B__10Hz__shmem_ds__best_effort,receive,sub,py_to_py,constrained_pub_only,exp,xcdr,shmem_ds,100000,10,0,measured,235,2026-09-09T14:24:43.491459Z,157077153596550,157077153355969,157077153596550,1788963883491190237,1788963883491228228,ok,
exp_constrained_pub_only_xcdr__py_to_py__100000B__10Hz__shmem_ds__best_effort,receive,sub,py_to_py,constrained_pub_only,exp,xcdr,shmem_ds,100000,10,0,measured,236,2026-09-09T14:24:43.590785Z,157077252908088,157077252676084,157077252908088,1788963883590512646,1788963883590557480,ok,
exp_constrained_pub_only_xcdr__py_to_py__100000B__10Hz__shmem_ds__best_effort,receive,sub,py_to_py,constrained_pub_only,exp,xcdr,shmem_ds,100000,10,0,measured,237,2026-09-09T14:24:43.691554Z,157077353693497,157077353454410,157077353693497,1788963883691288528,1788963883691328563,ok,
exp_constrained_pub_only_xcdr__py_to_py__100000B__10Hz__shmem_ds__best_effort,receive,sub,py_to_py,constrained_pub_only,exp,xcdr,shmem_ds,100000,10,0,measured,238,2026-09-09T14:24:43.790961Z,157077453112849,157077452864584,157077453112849,1788963883790698421,1788963883790739318,ok,
exp_constrained_pub_only_xcdr__py_to_py__100000B__10Hz__shmem_ds__best_effort,receive,sub,py_to_py,constrained_pub_only,exp,xcdr,shmem_ds,100000,10,0,measured,239,2026-09-09T14:24:43.891336Z,157077553459807,157077553168572,157077553459807,1788963883891013620,1788963883891070777,ok,
exp_constrained_pub_only_xcdr__py_to_py__100000B__10Hz__shmem_ds__best_effort,receive,sub,py_to_py,constrained_pub_only,exp,xcdr,shmem_ds,100000,10,0,measured,240,2026-09-09T14:24:43.991640Z,157077653754748,157077653465606,157077653754748,1788963883991306657,1788963883991360578,ok,
exp_constrained_pub_only_xcdr__py_to_py__100000B__10Hz__shmem_ds__best_effort,receive,sub,py_to_py,constrained_pub_only,exp,xcdr,shmem_ds,100000,10,0,measured,241,2026-09-09T14:24:44.091468Z,157077753597005,157077753388985,157077753597005,1788963884091218956,1788963884091252959,ok,
exp_constrained_pub_only_xcdr__py_to_py__100000B__10Hz__shmem_ds__best_effort,receive,sub,py_to_py,constrained_pub_only,exp,xcdr,shmem_ds,100000,10,0,measured,242,2026-09-09T14:24:44.191712Z,157077853824344,157077853488876,157077853824344,1788963884191334585,1788963884191395219,ok,
exp_constrained_pub_only_xcdr__py_to_py__100000B__10Hz__shmem_ds__best_effort,receive,sub,py_to_py,constrained_pub_only,exp,xcdr,shmem_ds,100000,10,0,measured,243,2026-09-09T14:24:44.291796Z,157077953905889,157077953593614,157077953905889,1788963884291441337,1788963884291503804,ok,
exp_constrained_pub_only_xcdr__py_to_py__100000B__10Hz__shmem_ds__best_effort,receive,sub,py_to_py,constrained_pub_only,exp,xcdr,shmem_ds,100000,10,0,measured,244,2026-09-09T14:24:44.392521Z,157078054636190,157078054324667,157078054636190,1788963884392166469,1788963884392216302,ok,
exp_constrained_pub_only_xcdr__py_to_py__100000B__10Hz__shmem_ds__best_effort,receive,sub,py_to_py,constrained_pub_only,exp,xcdr,shmem_ds,100000,10,0,measured,245,2026-09-09T14:24:44.492270Z,157078154380614,157078154041600,157078154380614,1788963884491892088,1788963884491953683,ok,
exp_constrained_pub_only_xcdr__py_to_py__100000B__10Hz__shmem_ds__best_effort,receive,sub,py_to_py,constrained_pub_only,exp,xcdr,shmem_ds,100000,10,0,measured,246,2026-09-09T14:24:44.592189Z,157078254331355,157078254073703,157078254331355,1788963884591908031,1788963884591948176,ok,
exp_constrained_pub_only_xcdr__py_to_py__100000B__10Hz__shmem_ds__best_effort,receive,sub,py_to_py,constrained_pub_only,exp,xcdr,shmem_ds,100000,10,0,measured,247,2026-09-09T14:24:44.691961Z,157078354071662,157078353708322,157078354071662,1788963884691555354,1788963884691619744,ok,
exp_constrained_pub_only_xcdr__py_to_py__100000B__10Hz__shmem_ds__best_effort,receive,sub,py_to_py,constrained_pub_only,exp,xcdr,shmem_ds,100000,10,0,measured,248,2026-09-09T14:24:44.791339Z,157078453484826,157078453273130,157078453484826,1788963884791103160,1788963884791135371,ok,
exp_constrained_pub_only_xcdr__py_to_py__100000B__10Hz__shmem_ds__best_effort,receive,sub,py_to_py,constrained_pub_only,exp,xcdr,shmem_ds,100000,10,0,measured,249,2026-09-09T14:24:44.891873Z,157078553970068,157078553728416,157078553970068,1788963884891561842,1788963884891603681,ok,
exp_constrained_pub_only_xcdr__py_to_py__100000B__10Hz__shmem_ds__best_effort,receive,sub,py_to_py,constrained_pub_only,exp,xcdr,shmem_ds,100000,10,0,measured,250,2026-09-09T14:24:44.991588Z,157078653707409,157078653402408,157078653707409,1788963884991242597,1788963884991296338,ok,
exp_constrained_pub_only_xcdr__py_to_py__100000B__10Hz__shmem_ds__best_effort,receive,sub,py_to_py,constrained_pub_only,exp,xcdr,shmem_ds,100000,10,0,measured,251,2026-09-09T14:24:45.091227Z,157078753340881,157078753022795,157078753340881,1788963885090868384,1788963885090926032,ok,
exp_constrained_pub_only_xcdr__py_to_py__100000B__10Hz__shmem_ds__best_effort,receive,sub,py_to_py,constrained_pub_only,exp,xcdr,shmem_ds,100000,10,0,measured,252,2026-09-09T14:24:45.191726Z,157078853843519,157078853530823,157078853843519,1788963885191375651,1788963885191437728,ok,
exp_constrained_pub_only_xcdr__py_to_py__100000B__10Hz__shmem_ds__best_effort,receive,sub,py_to_py,constrained_pub_only,exp,xcdr,shmem_ds,100000,10,0,measured,253,2026-09-09T14:24:45.290783Z,157078952915170,157078952689196,157078952915170,1788963885290520830,1788963885290550325,ok,
exp_constrained_pub_only_xcdr__py_to_py__100000B__10Hz__shmem_ds__best_effort,receive,sub,py_to_py,constrained_pub_only,exp,xcdr,shmem_ds,100000,10,0,measured,254,2026-09-09T14:24:45.390892Z,157079052993133,157079052661562,157079052993133,1788963885390508704,1788963885390569508,ok,
exp_constrained_pub_only_xcdr__py_to_py__100000B__10Hz__shmem_ds__best_effort,receive,sub,py_to_py,constrained_pub_only,exp,xcdr,shmem_ds,100000,10,0,measured,255,2026-09-09T14:24:45.491589Z,157079153715283,157079153458262,157079153715283,1788963885491294483,1788963885491336222,ok,
exp_constrained_pub_only_xcdr__py_to_py__100000B__10Hz__shmem_ds__best_effort,receive,sub,py_to_py,constrained_pub_only,exp,xcdr,shmem_ds,100000,10,0,measured,256,2026-09-09T14:24:45.592973Z,157079255087239,157079254736943,157079255087239,1788963885592576592,1788963885592626926,ok,
exp_constrained_pub_only_xcdr__py_to_py__100000B__10Hz__shmem_ds__best_effort,receive,sub,py_to_py,constrained_pub_only,exp,xcdr,shmem_ds,100000,10,0,measured,257,2026-09-09T14:24:45.691699Z,157079353829552,157079353624338,157079353829552,1788963885691458125,1788963885691490716,ok,
exp_constrained_pub_only_xcdr__py_to_py__100000B__10Hz__shmem_ds__best_effort,receive,sub,py_to_py,constrained_pub_only,exp,xcdr,shmem_ds,100000,10,0,measured,258,2026-09-09T14:24:45.790962Z,157079453127836,157079452948931,157079453127836,1788963885790775084,1788963885790794350,ok,
exp_constrained_pub_only_xcdr__py_to_py__100000B__10Hz__shmem_ds__best_effort,receive,sub,py_to_py,constrained_pub_only,exp,xcdr,shmem_ds,100000,10,0,measured,259,2026-09-09T14:24:45.890992Z,157079553111704,157079552734467,157079553111704,1788963885890582161,1788963885890647754,ok,
exp_constrained_pub_only_xcdr__py_to_py__100000B__10Hz__shmem_ds__best_effort,receive,sub,py_to_py,constrained_pub_only,exp,xcdr,shmem_ds,100000,10,0,measured,260,2026-09-09T14:24:45.991846Z,157079653928451,157079653618941,157079653928451,1788963885991467486,1788963885991524894,ok,
exp_constrained_pub_only_xcdr__py_to_py__100000B__10Hz__shmem_ds__best_effort,receive,sub,py_to_py,constrained_pub_only,exp,xcdr,shmem_ds,100000,10,0,measured,261,2026-09-09T14:24:46.092549Z,157079754664892,157079754348148,157079754664892,1788963886092194199,1788963886092253390,ok,
exp_constrained_pub_only_xcdr__py_to_py__100000B__10Hz__shmem_ds__best_effort,receive,sub,py_to_py,constrained_pub_only,exp,xcdr,shmem_ds,100000,10,0,measured,262,2026-09-09T14:24:46.193364Z,157079855474069,157079855141065,157079855474069,1788963886192989240,1788963886193050254,ok,
exp_constrained_pub_only_xcdr__py_to_py__100000B__10Hz__shmem_ds__best_effort,receive,sub,py_to_py,constrained_pub_only,exp,xcdr,shmem_ds,100000,10,0,measured,263,2026-09-09T14:24:46.293070Z,157079955184949,157079954841396,157079955184949,1788963886292687106,1788963886292741037,ok,
exp_constrained_pub_only_xcdr__py_to_py__100000B__10Hz__shmem_ds__best_effort,receive,sub,py_to_py,constrained_pub_only,exp,xcdr,shmem_ds,100000,10,0,measured,264,2026-09-09T14:24:46.392102Z,157080054231076,157080054013338,157080054231076,1788963886391848608,1788963886391882963,ok,
exp_constrained_pub_only_xcdr__py_to_py__100000B__10Hz__shmem_ds__best_effort,receive,sub,py_to_py,constrained_pub_only,exp,xcdr,shmem_ds,100000,10,0,measured,265,2026-09-09T14:24:46.492918Z,157080154989159,157080154730294,157080154989159,1788963886492568500,1788963886492611420,ok,
exp_constrained_pub_only_xcdr__py_to_py__100000B__10Hz__shmem_ds__best_effort,receive,sub,py_to_py,constrained_pub_only,exp,xcdr,shmem_ds,100000,10,0,measured,266,2026-09-09T14:24:46.593094Z,157080255249217,157080255054793,157080255249217,1788963886592881778,1788963886592908358,ok,
exp_constrained_pub_only_xcdr__py_to_py__100000B__10Hz__shmem_ds__best_effort,receive,sub,py_to_py,constrained_pub_only,exp,xcdr,shmem_ds,100000,10,0,measured,267,2026-09-09T14:24:46.693673Z,157080355788730,157080355476616,157080355788730,1788963886693322936,1788963886693382478,ok,
exp_constrained_pub_only_xcdr__py_to_py__100000B__10Hz__shmem_ds__best_effort,receive,sub,py_to_py,constrained_pub_only,exp,xcdr,shmem_ds,100000,10,0,measured,268,2026-09-09T14:24:46.794315Z,157080456465019,157080456254565,157080456465019,1788963886794083944,1788963886794116235,ok,
exp_constrained_pub_only_xcdr__py_to_py__100000B__10Hz__shmem_ds__best_effort,receive,sub,py_to_py,constrained_pub_only,exp,xcdr,shmem_ds,100000,10,0,measured,269,2026-09-09T14:24:46.894695Z,157080556837479,157080556588623,157080556837479,1788963886894421609,1788963886894461554,ok,
exp_constrained_pub_only_xcdr__py_to_py__100000B__10Hz__shmem_ds__best_effort,receive,sub,py_to_py,constrained_pub_only,exp,xcdr,shmem_ds,100000,10,0,measured,270,2026-09-09T14:24:46.993761Z,157080655883195,157080655634228,157080655883195,1788963886993470330,1788963886993507991,ok,
exp_constrained_pub_only_xcdr__py_to_py__100000B__10Hz__shmem_ds__best_effort,receive,sub,py_to_py,constrained_pub_only,exp,xcdr,shmem_ds,100000,10,0,measured,271,2026-09-09T14:24:47.094292Z,157080756436808,157080756153849,157080756436808,1788963887093984420,1788963887094026058,ok,
exp_constrained_pub_only_xcdr__py_to_py__100000B__10Hz__shmem_ds__best_effort,receive,sub,py_to_py,constrained_pub_only,exp,xcdr,shmem_ds,100000,10,0,measured,272,2026-09-09T14:24:47.194060Z,157080856202777,157080855950776,157080856202777,1788963887193784974,1788963887193852210,ok,
exp_constrained_pub_only_xcdr__py_to_py__100000B__10Hz__shmem_ds__best_effort,receive,sub,py_to_py,constrained_pub_only,exp,xcdr,shmem_ds,100000,10,0,measured,273,2026-09-09T14:24:47.294372Z,157080956512525,157080956268558,157080956512525,1788963887294104179,1788963887294142601,ok,
exp_constrained_pub_only_xcdr__py_to_py__100000B__10Hz__shmem_ds__best_effort,receive,sub,py_to_py,constrained_pub_only,exp,xcdr,shmem_ds,100000,10,0,measured,274,2026-09-09T14:24:47.395240Z,157081057378133,157081057076999,157081057378133,1788963887394915916,1788963887394958315,ok,
exp_constrained_pub_only_xcdr__py_to_py__100000B__10Hz__shmem_ds__best_effort,receive,sub,py_to_py,constrained_pub_only,exp,xcdr,shmem_ds,100000,10,0,measured,275,2026-09-09T14:24:47.494462Z,157081156591979,157081156355315,157081156591979,1788963887494199682,1788963887494227875,ok,
exp_constrained_pub_only_xcdr__py_to_py__100000B__10Hz__shmem_ds__best_effort,receive,sub,py_to_py,constrained_pub_only,exp,xcdr,shmem_ds,100000,10,0,measured,276,2026-09-09T14:24:47.593693Z,157081255840087,157081255633861,157081255840087,1788963887593466095,1788963887593497264,ok,
exp_constrained_pub_only_xcdr__py_to_py__100000B__10Hz__shmem_ds__best_effort,receive,sub,py_to_py,constrained_pub_only,exp,xcdr,shmem_ds,100000,10,0,measured,277,2026-09-09T14:24:47.692991Z,157081355106520,157081354758238,157081355106520,1788963887692603096,1788963887692664732,ok,
exp_constrained_pub_only_xcdr__py_to_py__100000B__10Hz__shmem_ds__best_effort,receive,sub,py_to_py,constrained_pub_only,exp,xcdr,shmem_ds,100000,10,0,measured,278,2026-09-09T14:24:47.792914Z,157081455050252,157081454828137,157081455050252,1788963887792659890,1788963887792697390,ok,
exp_constrained_pub_only_xcdr__py_to_py__100000B__10Hz__shmem_ds__best_effort,receive,sub,py_to_py,constrained_pub_only,exp,xcdr,shmem_ds,100000,10,0,measured,279,2026-09-09T14:24:47.892760Z,157081554870112,157081554545444,157081554870112,1788963887892394821,1788963887892462307,ok,
exp_constrained_pub_only_xcdr__py_to_py__100000B__10Hz__shmem_ds__best_effort,receive,sub,py_to_py,constrained_pub_only,exp,xcdr,shmem_ds,100000,10,0,measured,280,2026-09-09T14:24:47.992724Z,157081654867615,157081654633657,157081654867615,1788963887992467625,1788963887992503011,ok,
exp_constrained_pub_only_xcdr__py_to_py__100000B__10Hz__shmem_ds__best_effort,receive,sub,py_to_py,constrained_pub_only,exp,xcdr,shmem_ds,100000,10,0,measured,281,2026-09-09T14:24:48.093419Z,157081755533173,157081755219656,157081755533173,1788963888093070185,1788963888093137290,ok,
exp_constrained_pub_only_xcdr__py_to_py__100000B__10Hz__shmem_ds__best_effort,receive,sub,py_to_py,constrained_pub_only,exp,xcdr,shmem_ds,100000,10,0,measured,282,2026-09-09T14:24:48.192685Z,157081854832322,157081854610356,157081854832322,1788963888192448952,1788963888192485030,ok,
exp_constrained_pub_only_xcdr__py_to_py__100000B__10Hz__shmem_ds__best_effort,receive,sub,py_to_py,constrained_pub_only,exp,xcdr,shmem_ds,100000,10,0,measured,283,2026-09-09T14:24:48.292729Z,157081954876977,157081954660792,157081954876977,1788963888292485492,1788963888292524285,ok,
exp_constrained_pub_only_xcdr__py_to_py__100000B__10Hz__shmem_ds__best_effort,receive,sub,py_to_py,constrained_pub_only,exp,xcdr,shmem_ds,100000,10,0,measured,284,2026-09-09T14:24:48.392354Z,157082054494763,157082054258130,157082054494763,1788963888392091958,1788963888392129037,ok,
exp_constrained_pub_only_xcdr__py_to_py__100000B__10Hz__shmem_ds__best_effort,receive,sub,py_to_py,constrained_pub_only,exp,xcdr,shmem_ds,100000,10,0,measured,285,2026-09-09T14:24:48.492479Z,157082154620000,157082154380912,157082154620000,1788963888492212214,1788963888492250296,ok,
exp_constrained_pub_only_xcdr__py_to_py__100000B__10Hz__shmem_ds__best_effort,receive,sub,py_to_py,constrained_pub_only,exp,xcdr,shmem_ds,100000,10,0,measured,286,2026-09-09T14:24:48.593129Z,157082255277072,157082255044387,157082255277072,1788963888592877112,1788963888592918339,ok,
exp_constrained_pub_only_xcdr__py_to_py__100000B__10Hz__shmem_ds__best_effort,receive,sub,py_to_py,constrained_pub_only,exp,xcdr,shmem_ds,100000,10,0,measured,287,2026-09-09T14:24:48.693747Z,157082355891034,157082355668687,157082355891034,1788963888693498077,1788963888693533723,ok,
exp_constrained_pub_only_xcdr__py_to_py__100000B__10Hz__shmem_ds__best_effort,receive,sub,py_to_py,constrained_pub_only,exp,xcdr,shmem_ds,100000,10,0,measured,288,2026-09-09T14:24:48.792915Z,157082455063557,157082454851550,157082455063557,1788963888792678564,1788963888792706216,ok,
exp_constrained_pub_only_xcdr__py_to_py__100000B__10Hz__shmem_ds__best_effort,receive,sub,py_to_py,constrained_pub_only,exp,xcdr,shmem_ds,100000,10,0,measured,289,2026-09-09T14:24:48.893071Z,157082555188433,157082554886467,157082555188433,1788963888892722509,1788963888892779606,ok,
exp_constrained_pub_only_xcdr__py_to_py__100000B__10Hz__shmem_ds__best_effort,receive,sub,py_to_py,constrained_pub_only,exp,xcdr,shmem_ds,100000,10,0,measured,290,2026-09-09T14:24:48.992635Z,157082654748821,157082654449781,157082654748821,1788963888992289018,1788963888992335846,ok,
exp_constrained_pub_only_xcdr__py_to_py__100000B__10Hz__shmem_ds__best_effort,receive,sub,py_to_py,constrained_pub_only,exp,xcdr,shmem_ds,100000,10,0,measured,291,2026-09-09T14:24:49.091251Z,157082753390012,157082753182844,157082753390012,1788963889091004629,1788963889091033213,ok,
exp_constrained_pub_only_xcdr__py_to_py__100000B__10Hz__shmem_ds__best_effort,receive,sub,py_to_py,constrained_pub_only,exp,xcdr,shmem_ds,100000,10,0,measured,292,2026-09-09T14:24:49.192179Z,157082854291116,157082853949887,157082854291116,1788963889191789305,1788963889191860048,ok,
exp_constrained_pub_only_xcdr__py_to_py__100000B__10Hz__shmem_ds__best_effort,receive,sub,py_to_py,constrained_pub_only,exp,xcdr,shmem_ds,100000,10,0,measured,293,2026-09-09T14:24:49.292230Z,157082954355393,157082954113520,157082954355393,1788963889291943370,1788963889291981321,ok,
exp_constrained_pub_only_xcdr__py_to_py__100000B__10Hz__shmem_ds__best_effort,receive,sub,py_to_py,constrained_pub_only,exp,xcdr,shmem_ds,100000,10,0,measured,294,2026-09-09T14:24:49.391901Z,157083054025141,157083053738043,157083054025141,1788963889391577832,1788963889391624659,ok,
exp_constrained_pub_only_xcdr__py_to_py__100000B__10Hz__shmem_ds__best_effort,receive,sub,py_to_py,constrained_pub_only,exp,xcdr,shmem_ds,100000,10,0,measured,295,2026-09-09T14:24:49.492061Z,157083154203792,157083153998908,157083154203792,1788963889491831213,1788963889491858183,ok,
exp_constrained_pub_only_xcdr__py_to_py__100000B__10Hz__shmem_ds__best_effort,receive,sub,py_to_py,constrained_pub_only,exp,xcdr,shmem_ds,100000,10,0,measured,296,2026-09-09T14:24:49.592312Z,157083254447093,157083254226059,157083254447093,1788963889592053765,1788963889592082058,ok,
exp_constrained_pub_only_xcdr__py_to_py__100000B__10Hz__shmem_ds__best_effort,receive,sub,py_to_py,constrained_pub_only,exp,xcdr,shmem_ds,100000,10,0,measured,297,2026-09-09T14:24:49.692043Z,157083354189177,157083353966360,157083354189177,1788963889691789287,1788963889691851223,ok,
exp_constrained_pub_only_xcdr__py_to_py__100000B__10Hz__shmem_ds__best_effort,receive,sub,py_to_py,constrained_pub_only,exp,xcdr,shmem_ds,100000,10,0,measured,298,2026-09-09T14:24:49.791267Z,157083453405346,157083453112057,157083453405346,1788963889790941816,1788963889790980850,ok,
exp_constrained_pub_only_xcdr__py_to_py__100000B__10Hz__shmem_ds__best_effort,receive,sub,py_to_py,constrained_pub_only,exp,xcdr,shmem_ds,100000,10,0,measured,299,2026-09-09T14:24:49.890437Z,157083552576620,157083552346670,157083552576620,1788963889890179085,1788963889890220813,ok,
exp_constrained_pub_only_xcdr__py_to_py__100000B__10Hz__shmem_ds__best_effort,receive,sub,py_to_py,constrained_pub_only,exp,xcdr,shmem_ds,100000,10,0,measured,300,2026-09-09T14:24:49.991356Z,157083653466674,157083653179315,157083653466674,1788963889991020607,1788963889991072574,ok,
exp_constrained_pub_only_xcdr__py_to_py__1000000B__10Hz__shmem_ds__best_effort,publish,pub,py_to_py,constrained_pub_only,exp,xcdr,shmem_ds,1000000,10,1,measured,0,2026-09-09T14:24:55.033602Z,157088695706659,157088695706659,157088695706659,-1,-1,ok,
exp_constrained_pub_only_xcdr__py_to_py__1000000B__10Hz__shmem_ds__best_effort,publish,pub,py_to_py,constrained_pub_only,exp,xcdr,shmem_ds,1000000,10,1,measured,1,2026-09-09T14:24:55.134186Z,157088796313410,157088796313410,157088796313410,-1,-1,ok,
exp_constrained_pub_only_xcdr__py_to_py__1000000B__10Hz__shmem_ds__best_effort,publish,pub,py_to_py,constrained_pub_only,exp,xcdr,shmem_ds,1000000,10,1,measured,2,2026-09-09T14:24:55.233032Z,157088895146619,157088895146619,157088895146619,-1,-1,ok,
exp_constrained_pub_only_xcdr__py_to_py__1000000B__10Hz__shmem_ds__best_effort,publish,pub,py_to_py,constrained_pub_only,exp,xcdr,shmem_ds,1000000,10,1,measured,3,2026-09-09T14:24:55.332059Z,157088994192376,157088994192376,157088994192376,-1,-1,ok,
exp_constrained_pub_only_xcdr__py_to_py__1000000B__10Hz__shmem_ds__best_effort,publish,pub,py_to_py,constrained_pub_only,exp,xcdr,shmem_ds,1000000,10,1,measured,4,2026-09-09T14:24:55.431670Z,157089093799635,157089093799635,157089093799635,-1,-1,ok,
exp_constrained_pub_only_xcdr__py_to_py__1000000B__10Hz__shmem_ds__best_effort,publish,pub,py_to_py,constrained_pub_only,exp,xcdr,shmem_ds,1000000,10,1,measured,5,2026-09-09T14:24:55.532253Z,157089194362222,157089194362222,157089194362222,-1,-1,ok,
exp_constrained_pub_only_xcdr__py_to_py__1000000B__10Hz__shmem_ds__best_effort,publish,pub,py_to_py,constrained_pub_only,exp,xcdr,shmem_ds,1000000,10,1,measured,6,2026-09-09T14:24:55.632405Z,157089294527506,157089294527506,157089294527506,-1,-1,ok,
exp_constrained_pub_only_xcdr__py_to_py__1000000B__10Hz__shmem_ds__best_effort,publish,pub,py_to_py,constrained_pub_only,exp,xcdr,shmem_ds,1000000,10,1,measured,7,2026-09-09T14:24:55.733278Z,157089395403200,157089395403200,157089395403200,-1,-1,ok,
exp_constrained_pub_only_xcdr__py_to_py__1000000B__10Hz__shmem_ds__best_effort,publish,pub,py_to_py,constrained_pub_only,exp,xcdr,shmem_ds,1000000,10,1,measured,8,2026-09-09T14:24:55.832469Z,157089494594079,157089494594079,157089494594079,-1,-1,ok,
exp_constrained_pub_only_xcdr__py_to_py__1000000B__10Hz__shmem_ds__best_effort,publish,pub,py_to_py,constrained_pub_only,exp,xcdr,shmem_ds,1000000,10,1,measured,9,2026-09-09T14:24:55.932312Z,157089594444152,157089594444152,157089594444152,-1,-1,ok,
exp_constrained_pub_only_xcdr__py_to_py__1000000B__10Hz__shmem_ds__best_effort,publish,pub,py_to_py,constrained_pub_only,exp,xcdr,shmem_ds,1000000,10,1,measured,10,2026-09-09T14:24:56.031349Z,157089693472768,157089693472768,157089693472768,-1,-1,ok,
exp_constrained_pub_only_xcdr__py_to_py__1000000B__10Hz__shmem_ds__best_effort,publish,pub,py_to_py,constrained_pub_only,exp,xcdr,shmem_ds,1000000,10,1,measured,11,2026-09-09T14:24:56.130702Z,157089792826106,157089792826106,157089792826106,-1,-1,ok,
exp_constrained_pub_only_xcdr__py_to_py__1000000B__10Hz__shmem_ds__best_effort,publish,pub,py_to_py,constrained_pub_only,exp,xcdr,shmem_ds,1000000,10,1,measured,12,2026-09-09T14:24:56.230410Z,157089892516344,157089892516344,157089892516344,-1,-1,ok,
exp_constrained_pub_only_xcdr__py_to_py__1000000B__10Hz__shmem_ds__best_effort,publish,pub,py_to_py,constrained_pub_only,exp,xcdr,shmem_ds,1000000,10,1,measured,13,2026-09-09T14:24:56.329602Z,157089991729649,157089991729649,157089991729649,-1,-1,ok,
exp_constrained_pub_only_xcdr__py_to_py__1000000B__10Hz__shmem_ds__best_effort,publish,pub,py_to_py,constrained_pub_only,exp,xcdr,shmem_ds,1000000,10,1,measured,14,2026-09-09T14:24:56.428921Z,157090091043924,157090091043924,157090091043924,-1,-1,ok,
exp_constrained_pub_only_xcdr__py_to_py__1000000B__10Hz__shmem_ds__best_effort,publish,pub,py_to_py,constrained_pub_only,exp,xcdr,shmem_ds,1000000,10,1,measured,15,2026-09-09T14:24:56.529230Z,157090191365785,157090191365785,157090191365785,-1,-1,ok,
exp_constrained_pub_only_xcdr__py_to_py__1000000B__10Hz__shmem_ds__best_effort,publish,pub,py_to_py,constrained_pub_only,exp,xcdr,shmem_ds,1000000,10,1,measured,16,2026-09-09T14:24:56.629188Z,157090291312784,157090291312784,157090291312784,-1,-1,ok,
exp_constrained_pub_only_xcdr__py_to_py__1000000B__10Hz__shmem_ds__best_effort,publish,pub,py_to_py,constrained_pub_only,exp,xcdr,shmem_ds,1000000,10,1,measured,17,2026-09-09T14:24:56.728779Z,157090390906623,157090390906623,157090390906623,-1,-1,ok,
exp_constrained_pub_only_xcdr__py_to_py__1000000B__10Hz__shmem_ds__best_effort,publish,pub,py_to_py,constrained_pub_only,exp,xcdr,shmem_ds,1000000,10,1,measured,18,2026-09-09T14:24:56.828955Z,157090491092319,157090491092319,157090491092319,-1,-1,ok,
exp_constrained_pub_only_xcdr__py_to_py__1000000B__10Hz__shmem_ds__best_effort,publish,pub,py_to_py,constrained_pub_only,exp,xcdr,shmem_ds,1000000,10,1,measured,19,2026-09-09T14:24:56.929844Z,157090591937020,157090591937020,157090591937020,-1,-1,ok,
exp_constrained_pub_only_xcdr__py_to_py__1000000B__10Hz__shmem_ds__best_effort,publish,pub,py_to_py,constrained_pub_only,exp,xcdr,shmem_ds,1000000,10,1,measured,20,2026-09-09T14:24:57.028720Z,157090690835357,157090690835357,157090690835357,-1,-1,ok,
exp_constrained_pub_only_xcdr__py_to_py__1000000B__10Hz__shmem_ds__best_effort,publish,pub,py_to_py,constrained_pub_only,exp,xcdr,shmem_ds,1000000,10,1,measured,21,2026-09-09T14:24:57.129190Z,157090791275855,157090791275855,157090791275855,-1,-1,ok,
exp_constrained_pub_only_xcdr__py_to_py__1000000B__10Hz__shmem_ds__best_effort,publish,pub,py_to_py,constrained_pub_only,exp,xcdr,shmem_ds,1000000,10,1,measured,22,2026-09-09T14:24:57.229679Z,157090891802174,157090891802174,157090891802174,-1,-1,ok,
exp_constrained_pub_only_xcdr__py_to_py__1000000B__10Hz__shmem_ds__best_effort,publish,pub,py_to_py,constrained_pub_only,exp,xcdr,shmem_ds,1000000,10,1,measured,23,2026-09-09T14:24:57.330192Z,157090992271807,157090992271807,157090992271807,-1,-1,ok,
exp_constrained_pub_only_xcdr__py_to_py__1000000B__10Hz__shmem_ds__best_effort,publish,pub,py_to_py,constrained_pub_only,exp,xcdr,shmem_ds,1000000,10,1,measured,24,2026-09-09T14:24:57.428631Z,157091090727678,157091090727678,157091090727678,-1,-1,ok,
exp_constrained_pub_only_xcdr__py_to_py__1000000B__10Hz__shmem_ds__best_effort,publish,pub,py_to_py,constrained_pub_only,exp,xcdr,shmem_ds,1000000,10,1,measured,25,2026-09-09T14:24:57.529481Z,157091191609173,157091191609173,157091191609173,-1,-1,ok,
exp_constrained_pub_only_xcdr__py_to_py__1000000B__10Hz__shmem_ds__best_effort,publish,pub,py_to_py,constrained_pub_only,exp,xcdr,shmem_ds,1000000,10,1,measured,26,2026-09-09T14:24:57.629014Z,157091291135037,157091291135037,157091291135037,-1,-1,ok,
exp_constrained_pub_only_xcdr__py_to_py__1000000B__10Hz__shmem_ds__best_effort,publish,pub,py_to_py,constrained_pub_only,exp,xcdr,shmem_ds,1000000,10,1,measured,27,2026-09-09T14:24:57.728158Z,157091390294787,157091390294787,157091390294787,-1,-1,ok,
exp_constrained_pub_only_xcdr__py_to_py__1000000B__10Hz__shmem_ds__best_effort,publish,pub,py_to_py,constrained_pub_only,exp,xcdr,shmem_ds,1000000,10,1,measured,28,2026-09-09T14:24:57.828344Z,157091490457355,157091490457355,157091490457355,-1,-1,ok,
exp_constrained_pub_only_xcdr__py_to_py__1000000B__10Hz__shmem_ds__best_effort,publish,pub,py_to_py,constrained_pub_only,exp,xcdr,shmem_ds,1000000,10,1,measured,29,2026-09-09T14:24:57.928338Z,157091590466695,157091590466695,157091590466695,-1,-1,ok,
exp_constrained_pub_only_xcdr__py_to_py__1000000B__10Hz__shmem_ds__best_effort,publish,pub,py_to_py,constrained_pub_only,exp,xcdr,shmem_ds,1000000,10,1,measured,30,2026-09-09T14:24:58.028750Z,157091690824059,157091690824059,157091690824059,-1,-1,ok,
exp_constrained_pub_only_xcdr__py_to_py__1000000B__10Hz__shmem_ds__best_effort,publish,pub,py_to_py,constrained_pub_only,exp,xcdr,shmem_ds,1000000,10,1,measured,31,2026-09-09T14:24:58.129090Z,157091791216051,157091791216051,157091791216051,-1,-1,ok,
exp_constrained_pub_only_xcdr__py_to_py__1000000B__10Hz__shmem_ds__best_effort,publish,pub,py_to_py,constrained_pub_only,exp,xcdr,shmem_ds,1000000,10,1,measured,32,2026-09-09T14:24:58.229654Z,157091891769115,157091891769115,157091891769115,-1,-1,ok,
exp_constrained_pub_only_xcdr__py_to_py__1000000B__10Hz__shmem_ds__best_effort,publish,pub,py_to_py,constrained_pub_only,exp,xcdr,shmem_ds,1000000,10,1,measured,33,2026-09-09T14:24:58.329573Z,157091991680506,157091991680506,157091991680506,-1,-1,ok,
exp_constrained_pub_only_xcdr__py_to_py__1000000B__10Hz__shmem_ds__best_effort,publish,pub,py_to_py,constrained_pub_only,exp,xcdr,shmem_ds,1000000,10,1,measured,34,2026-09-09T14:24:58.430346Z,157092092494028,157092092494028,157092092494028,-1,-1,ok,
exp_constrained_pub_only_xcdr__py_to_py__1000000B__10Hz__shmem_ds__best_effort,publish,pub,py_to_py,constrained_pub_only,exp,xcdr,shmem_ds,1000000,10,1,measured,35,2026-09-09T14:24:58.530196Z,157092192347512,157092192347512,157092192347512,-1,-1,ok,
exp_constrained_pub_only_xcdr__py_to_py__1000000B__10Hz__shmem_ds__best_effort,publish,pub,py_to_py,constrained_pub_only,exp,xcdr,shmem_ds,1000000,10,1,measured,36,2026-09-09T14:24:58.630394Z,157092292534560,157092292534560,157092292534560,-1,-1,ok,
exp_constrained_pub_only_xcdr__py_to_py__1000000B__10Hz__shmem_ds__best_effort,publish,pub,py_to_py,constrained_pub_only,exp,xcdr,shmem_ds,1000000,10,1,measured,37,2026-09-09T14:24:58.731133Z,157092393258093,157092393258093,157092393258093,-1,-1,ok,
exp_constrained_pub_only_xcdr__py_to_py__1000000B__10Hz__shmem_ds__best_effort,publish,pub,py_to_py,constrained_pub_only,exp,xcdr,shmem_ds,1000000,10,1,measured,38,2026-09-09T14:24:58.831285Z,157092493411458,157092493411458,157092493411458,-1,-1,ok,
exp_constrained_pub_only_xcdr__py_to_py__1000000B__10Hz__shmem_ds__best_effort,publish,pub,py_to_py,constrained_pub_only,exp,xcdr,shmem_ds,1000000,10,1,measured,39,2026-09-09T14:24:58.932034Z,157092594155550,157092594155550,157092594155550,-1,-1,ok,
exp_constrained_pub_only_xcdr__py_to_py__1000000B__10Hz__shmem_ds__best_effort,publish,pub,py_to_py,constrained_pub_only,exp,xcdr,shmem_ds,1000000,10,1,measured,40,2026-09-09T14:24:59.032236Z,157092694364450,157092694364450,157092694364450,-1,-1,ok,
exp_constrained_pub_only_xcdr__py_to_py__1000000B__10Hz__shmem_ds__best_effort,publish,pub,py_to_py,constrained_pub_only,exp,xcdr,shmem_ds,1000000,10,1,measured,41,2026-09-09T14:24:59.132578Z,157092794700341,157092794700341,157092794700341,-1,-1,ok,
exp_constrained_pub_only_xcdr__py_to_py__1000000B__10Hz__shmem_ds__best_effort,publish,pub,py_to_py,constrained_pub_only,exp,xcdr,shmem_ds,1000000,10,1,measured,42,2026-09-09T14:24:59.231498Z,157092893651860,157092893651860,157092893651860,-1,-1,ok,
exp_constrained_pub_only_xcdr__py_to_py__1000000B__10Hz__shmem_ds__best_effort,publish,pub,py_to_py,constrained_pub_only,exp,xcdr,shmem_ds,1000000,10,1,measured,43,2026-09-09T14:24:59.331260Z,157092993386155,157092993386155,157092993386155,-1,-1,ok,
exp_constrained_pub_only_xcdr__py_to_py__1000000B__10Hz__shmem_ds__best_effort,publish,pub,py_to_py,constrained_pub_only,exp,xcdr,shmem_ds,1000000,10,1,measured,44,2026-09-09T14:24:59.430533Z,157093092661179,157093092661179,157093092661179,-1,-1,ok,
exp_constrained_pub_only_xcdr__py_to_py__1000000B__10Hz__shmem_ds__best_effort,publish,pub,py_to_py,constrained_pub_only,exp,xcdr,shmem_ds,1000000,10,1,measured,45,2026-09-09T14:24:59.529885Z,157093192007457,157093192007457,157093192007457,-1,-1,ok,
exp_constrained_pub_only_xcdr__py_to_py__1000000B__10Hz__shmem_ds__best_effort,publish,pub,py_to_py,constrained_pub_only,exp,xcdr,shmem_ds,1000000,10,1,measured,46,2026-09-09T14:24:59.629416Z,157093291535766,157093291535766,157093291535766,-1,-1,ok,
exp_constrained_pub_only_xcdr__py_to_py__1000000B__10Hz__shmem_ds__best_effort,publish,pub,py_to_py,constrained_pub_only,exp,xcdr,shmem_ds,1000000,10,1,measured,47,2026-09-09T14:24:59.728725Z,157093390853340,157093390853340,157093390853340,-1,-1,ok,
exp_constrained_pub_only_xcdr__py_to_py__1000000B__10Hz__shmem_ds__best_effort,publish,pub,py_to_py,constrained_pub_only,exp,xcdr,shmem_ds,1000000,10,1,measured,48,2026-09-09T14:24:59.828163Z,157093490282824,157093490282824,157093490282824,-1,-1,ok,
exp_constrained_pub_only_xcdr__py_to_py__1000000B__10Hz__shmem_ds__best_effort,publish,pub,py_to_py,constrained_pub_only,exp,xcdr,shmem_ds,1000000,10,1,measured,49,2026-09-09T14:24:59.928486Z,157093590563182,157093590563182,157093590563182,-1,-1,ok,
exp_constrained_pub_only_xcdr__py_to_py__1000000B__10Hz__shmem_ds__best_effort,publish,pub,py_to_py,constrained_pub_only,exp,xcdr,shmem_ds,1000000,10,1,measured,50,2026-09-09T14:25:00.028309Z,157093690435797,157093690435797,157093690435797,-1,-1,ok,
exp_constrained_pub_only_xcdr__py_to_py__1000000B__10Hz__shmem_ds__best_effort,publish,pub,py_to_py,constrained_pub_only,exp,xcdr,shmem_ds,1000000,10,1,measured,51,2026-09-09T14:25:00.127726Z,157093789850778,157093789850778,157093789850778,-1,-1,ok,
exp_constrained_pub_only_xcdr__py_to_py__1000000B__10Hz__shmem_ds__best_effort,publish,pub,py_to_py,constrained_pub_only,exp,xcdr,shmem_ds,1000000,10,1,measured,52,2026-09-09T14:25:00.227040Z,157093889164539,157093889164539,157093889164539,-1,-1,ok,
exp_constrained_pub_only_xcdr__py_to_py__1000000B__10Hz__shmem_ds__best_effort,publish,pub,py_to_py,constrained_pub_only,exp,xcdr,shmem_ds,1000000,10,1,measured,53,2026-09-09T14:25:00.326910Z,157093989056544,157093989056544,157093989056544,-1,-1,ok,
exp_constrained_pub_only_xcdr__py_to_py__1000000B__10Hz__shmem_ds__best_effort,publish,pub,py_to_py,constrained_pub_only,exp,xcdr,shmem_ds,1000000,10,1,measured,54,2026-09-09T14:25:00.427498Z,157094089640004,157094089640004,157094089640004,-1,-1,ok,
exp_constrained_pub_only_xcdr__py_to_py__1000000B__10Hz__shmem_ds__best_effort,publish,pub,py_to_py,constrained_pub_only,exp,xcdr,shmem_ds,1000000,10,1,measured,55,2026-09-09T14:25:00.528138Z,157094190255253,157094190255253,157094190255253,-1,-1,ok,
exp_constrained_pub_only_xcdr__py_to_py__1000000B__10Hz__shmem_ds__best_effort,publish,pub,py_to_py,constrained_pub_only,exp,xcdr,shmem_ds,1000000,10,1,measured,56,2026-09-09T14:25:00.628215Z,157094290341121,157094290341121,157094290341121,-1,-1,ok,
exp_constrained_pub_only_xcdr__py_to_py__1000000B__10Hz__shmem_ds__best_effort,publish,pub,py_to_py,constrained_pub_only,exp,xcdr,shmem_ds,1000000,10,1,measured,57,2026-09-09T14:25:00.727533Z,157094389676032,157094389676032,157094389676032,-1,-1,ok,
exp_constrained_pub_only_xcdr__py_to_py__1000000B__10Hz__shmem_ds__best_effort,publish,pub,py_to_py,constrained_pub_only,exp,xcdr,shmem_ds,1000000,10,1,measured,58,2026-09-09T14:25:00.827910Z,157094490047795,157094490047795,157094490047795,-1,-1,ok,
exp_constrained_pub_only_xcdr__py_to_py__1000000B__10Hz__shmem_ds__best_effort,publish,pub,py_to_py,constrained_pub_only,exp,xcdr,shmem_ds,1000000,10,1,measured,59,2026-09-09T14:25:00.927220Z,157094589364141,157094589364141,157094589364141,-1,-1,ok,
exp_constrained_pub_only_xcdr__py_to_py__1000000B__10Hz__shmem_ds__best_effort,publish,pub,py_to_py,constrained_pub_only,exp,xcdr,shmem_ds,1000000,10,1,measured,60,2026-09-09T14:25:01.027161Z,157094689276615,157094689276615,157094689276615,-1,-1,ok,
exp_constrained_pub_only_xcdr__py_to_py__1000000B__10Hz__shmem_ds__best_effort,publish,pub,py_to_py,constrained_pub_only,exp,xcdr,shmem_ds,1000000,10,1,measured,61,2026-09-09T14:25:01.128137Z,157094790260320,157094790260320,157094790260320,-1,-1,ok,
exp_constrained_pub_only_xcdr__py_to_py__1000000B__10Hz__shmem_ds__best_effort,publish,pub,py_to_py,constrained_pub_only,exp,xcdr,shmem_ds,1000000,10,1,measured,62,2026-09-09T14:25:01.228584Z,157094890665631,157094890665631,157094890665631,-1,-1,ok,
exp_constrained_pub_only_xcdr__py_to_py__1000000B__10Hz__shmem_ds__best_effort,publish,pub,py_to_py,constrained_pub_only,exp,xcdr,shmem_ds,1000000,10,1,measured,63,2026-09-09T14:25:01.328833Z,157094990943684,157094990943684,157094990943684,-1,-1,ok,
exp_constrained_pub_only_xcdr__py_to_py__1000000B__10Hz__shmem_ds__best_effort,publish,pub,py_to_py,constrained_pub_only,exp,xcdr,shmem_ds,1000000,10,1,measured,64,2026-09-09T14:25:01.428877Z,157095091022022,157095091022022,157095091022022,-1,-1,ok,
exp_constrained_pub_only_xcdr__py_to_py__1000000B__10Hz__shmem_ds__best_effort,publish,pub,py_to_py,constrained_pub_only,exp,xcdr,shmem_ds,1000000,10,1,measured,65,2026-09-09T14:25:01.529436Z,157095191561744,157095191561744,157095191561744,-1,-1,ok,
exp_constrained_pub_only_xcdr__py_to_py__1000000B__10Hz__shmem_ds__best_effort,publish,pub,py_to_py,constrained_pub_only,exp,xcdr,shmem_ds,1000000,10,1,measured,66,2026-09-09T14:25:01.630150Z,157095292269371,157095292269371,157095292269371,-1,-1,ok,
exp_constrained_pub_only_xcdr__py_to_py__1000000B__10Hz__shmem_ds__best_effort,publish,pub,py_to_py,constrained_pub_only,exp,xcdr,shmem_ds,1000000,10,1,measured,67,2026-09-09T14:25:01.729483Z,157095391632800,157095391632800,157095391632800,-1,-1,ok,
exp_constrained_pub_only_xcdr__py_to_py__1000000B__10Hz__shmem_ds__best_effort,publish,pub,py_to_py,constrained_pub_only,exp,xcdr,shmem_ds,1000000,10,1,measured,68,2026-09-09T14:25:01.828749Z,157095490868821,157095490868821,157095490868821,-1,-1,ok,
exp_constrained_pub_only_xcdr__py_to_py__1000000B__10Hz__shmem_ds__best_effort,publish,pub,py_to_py,constrained_pub_only,exp,xcdr,shmem_ds,1000000,10,1,measured,69,2026-09-09T14:25:01.928293Z,157095590417837,157095590417837,157095590417837,-1,-1,ok,
exp_constrained_pub_only_xcdr__py_to_py__1000000B__10Hz__shmem_ds__best_effort,publish,pub,py_to_py,constrained_pub_only,exp,xcdr,shmem_ds,1000000,10,1,measured,70,2026-09-09T14:25:02.027559Z,157095689681390,157095689681390,157095689681390,-1,-1,ok,
exp_constrained_pub_only_xcdr__py_to_py__1000000B__10Hz__shmem_ds__best_effort,publish,pub,py_to_py,constrained_pub_only,exp,xcdr,shmem_ds,1000000,10,1,measured,71,2026-09-09T14:25:02.127011Z,157095789155711,157095789155711,157095789155711,-1,-1,ok,
exp_constrained_pub_only_xcdr__py_to_py__1000000B__10Hz__shmem_ds__best_effort,publish,pub,py_to_py,constrained_pub_only,exp,xcdr,shmem_ds,1000000,10,1,measured,72,2026-09-09T14:25:02.227752Z,157095889906302,157095889906302,157095889906302,-1,-1,ok,
exp_constrained_pub_only_xcdr__py_to_py__1000000B__10Hz__shmem_ds__best_effort,publish,pub,py_to_py,constrained_pub_only,exp,xcdr,shmem_ds,1000000,10,1,measured,73,2026-09-09T14:25:02.328554Z,157095990721937,157095990721937,157095990721937,-1,-1,ok,
exp_constrained_pub_only_xcdr__py_to_py__1000000B__10Hz__shmem_ds__best_effort,publish,pub,py_to_py,constrained_pub_only,exp,xcdr,shmem_ds,1000000,10,1,measured,74,2026-09-09T14:25:02.428426Z,157096090531025,157096090531025,157096090531025,-1,-1,ok,
exp_constrained_pub_only_xcdr__py_to_py__1000000B__10Hz__shmem_ds__best_effort,publish,pub,py_to_py,constrained_pub_only,exp,xcdr,shmem_ds,1000000,10,1,measured,75,2026-09-09T14:25:02.528676Z,157096190812168,157096190812168,157096190812168,-1,-1,ok,
exp_constrained_pub_only_xcdr__py_to_py__1000000B__10Hz__shmem_ds__best_effort,publish,pub,py_to_py,constrained_pub_only,exp,xcdr,shmem_ds,1000000,10,1,measured,76,2026-09-09T14:25:02.628479Z,157096290616006,157096290616006,157096290616006,-1,-1,ok,
exp_constrained_pub_only_xcdr__py_to_py__1000000B__10Hz__shmem_ds__best_effort,publish,pub,py_to_py,constrained_pub_only,exp,xcdr,shmem_ds,1000000,10,1,measured,77,2026-09-09T14:25:02.729990Z,157096392074474,157096392074474,157096392074474,-1,-1,ok,
exp_constrained_pub_only_xcdr__py_to_py__1000000B__10Hz__shmem_ds__best_effort,publish,pub,py_to_py,constrained_pub_only,exp,xcdr,shmem_ds,1000000,10,1,measured,78,2026-09-09T14:25:02.829400Z,157096491537064,157096491537064,157096491537064,-1,-1,ok,
exp_constrained_pub_only_xcdr__py_to_py__1000000B__10Hz__shmem_ds__best_effort,publish,pub,py_to_py,constrained_pub_only,exp,xcdr,shmem_ds,1000000,10,1,measured,79,2026-09-09T14:25:02.928826Z,157096590959628,157096590959628,157096590959628,-1,-1,ok,
exp_constrained_pub_only_xcdr__py_to_py__1000000B__10Hz__shmem_ds__best_effort,publish,pub,py_to_py,constrained_pub_only,exp,xcdr,shmem_ds,1000000,10,1,measured,80,2026-09-09T14:25:03.028316Z,157096690457725,157096690457725,157096690457725,-1,-1,ok,
exp_constrained_pub_only_xcdr__py_to_py__1000000B__10Hz__shmem_ds__best_effort,publish,pub,py_to_py,constrained_pub_only,exp,xcdr,shmem_ds,1000000,10,1,measured,81,2026-09-09T14:25:03.128253Z,157096790408623,157096790408623,157096790408623,-1,-1,ok,
exp_constrained_pub_only_xcdr__py_to_py__1000000B__10Hz__shmem_ds__best_effort,publish,pub,py_to_py,constrained_pub_only,exp,xcdr,shmem_ds,1000000,10,1,measured,82,2026-09-09T14:25:03.227932Z,157096890069438,157096890069438,157096890069438,-1,-1,ok,
exp_constrained_pub_only_xcdr__py_to_py__1000000B__10Hz__shmem_ds__best_effort,publish,pub,py_to_py,constrained_pub_only,exp,xcdr,shmem_ds,1000000,10,1,measured,83,2026-09-09T14:25:03.327925Z,157096990064489,157096990064489,157096990064489,-1,-1,ok,
exp_constrained_pub_only_xcdr__py_to_py__1000000B__10Hz__shmem_ds__best_effort,publish,pub,py_to_py,constrained_pub_only,exp,xcdr,shmem_ds,1000000,10,1,measured,84,2026-09-09T14:25:03.428869Z,157097090993851,157097090993851,157097090993851,-1,-1,ok,
exp_constrained_pub_only_xcdr__py_to_py__1000000B__10Hz__shmem_ds__best_effort,publish,pub,py_to_py,constrained_pub_only,exp,xcdr,shmem_ds,1000000,10,1,measured,85,2026-09-09T14:25:03.529077Z,157097191208112,157097191208112,157097191208112,-1,-1,ok,
exp_constrained_pub_only_xcdr__py_to_py__1000000B__10Hz__shmem_ds__best_effort,publish,pub,py_to_py,constrained_pub_only,exp,xcdr,shmem_ds,1000000,10,1,measured,86,2026-09-09T14:25:03.628114Z,157097290238517,157097290238517,157097290238517,-1,-1,ok,
exp_constrained_pub_only_xcdr__py_to_py__1000000B__10Hz__shmem_ds__best_effort,publish,pub,py_to_py,constrained_pub_only,exp,xcdr,shmem_ds,1000000,10,1,measured,87,2026-09-09T14:25:03.729242Z,157097391372772,157097391372772,157097391372772,-1,-1,ok,
exp_constrained_pub_only_xcdr__py_to_py__1000000B__10Hz__shmem_ds__best_effort,publish,pub,py_to_py,constrained_pub_only,exp,xcdr,shmem_ds,1000000,10,1,measured,88,2026-09-09T14:25:03.829109Z,157097491248700,157097491248700,157097491248700,-1,-1,ok,
exp_constrained_pub_only_xcdr__py_to_py__1000000B__10Hz__shmem_ds__best_effort,publish,pub,py_to_py,constrained_pub_only,exp,xcdr,shmem_ds,1000000,10,1,measured,89,2026-09-09T14:25:03.928339Z,157097590441809,157097590441809,157097590441809,-1,-1,ok,
exp_constrained_pub_only_xcdr__py_to_py__1000000B__10Hz__shmem_ds__best_effort,publish,pub,py_to_py,constrained_pub_only,exp,xcdr,shmem_ds,1000000,10,1,measured,90,2026-09-09T14:25:04.027391Z,157097689532999,157097689532999,157097689532999,-1,-1,ok,
exp_constrained_pub_only_xcdr__py_to_py__1000000B__10Hz__shmem_ds__best_effort,publish,pub,py_to_py,constrained_pub_only,exp,xcdr,shmem_ds,1000000,10,1,measured,91,2026-09-09T14:25:04.126334Z,157097788493136,157097788493136,157097788493136,-1,-1,ok,
exp_constrained_pub_only_xcdr__py_to_py__1000000B__10Hz__shmem_ds__best_effort,publish,pub,py_to_py,constrained_pub_only,exp,xcdr,shmem_ds,1000000,10,1,measured,92,2026-09-09T14:25:04.226713Z,157097888838548,157097888838548,157097888838548,-1,-1,ok,
exp_constrained_pub_only_xcdr__py_to_py__1000000B__10Hz__shmem_ds__best_effort,publish,pub,py_to_py,constrained_pub_only,exp,xcdr,shmem_ds,1000000,10,1,measured,93,2026-09-09T14:25:04.327306Z,157097989470517,157097989470517,157097989470517,-1,-1,ok,
exp_constrained_pub_only_xcdr__py_to_py__1000000B__10Hz__shmem_ds__best_effort,publish,pub,py_to_py,constrained_pub_only,exp,xcdr,shmem_ds,1000000,10,1,measured,94,2026-09-09T14:25:04.427277Z,157098089434404,157098089434404,157098089434404,-1,-1,ok,
exp_constrained_pub_only_xcdr__py_to_py__1000000B__10Hz__shmem_ds__best_effort,publish,pub,py_to_py,constrained_pub_only,exp,xcdr,shmem_ds,1000000,10,1,measured,95,2026-09-09T14:25:04.526453Z,157098188589025,157098188589025,157098188589025,-1,-1,ok,
exp_constrained_pub_only_xcdr__py_to_py__1000000B__10Hz__shmem_ds__best_effort,publish,pub,py_to_py,constrained_pub_only,exp,xcdr,shmem_ds,1000000,10,1,measured,96,2026-09-09T14:25:04.626155Z,157098288293847,157098288293847,157098288293847,-1,-1,ok,
exp_constrained_pub_only_xcdr__py_to_py__1000000B__10Hz__shmem_ds__best_effort,publish,pub,py_to_py,constrained_pub_only,exp,xcdr,shmem_ds,1000000,10,1,measured,97,2026-09-09T14:25:04.727363Z,157098389502176,157098389502176,157098389502176,-1,-1,ok,
exp_constrained_pub_only_xcdr__py_to_py__1000000B__10Hz__shmem_ds__best_effort,publish,pub,py_to_py,constrained_pub_only,exp,xcdr,shmem_ds,1000000,10,1,measured,98,2026-09-09T14:25:04.827307Z,157098489445916,157098489445916,157098489445916,-1,-1,ok,
exp_constrained_pub_only_xcdr__py_to_py__1000000B__10Hz__shmem_ds__best_effort,publish,pub,py_to_py,constrained_pub_only,exp,xcdr,shmem_ds,1000000,10,1,measured,99,2026-09-09T14:25:04.928206Z,157098590308426,157098590308426,157098590308426,-1,-1,ok,
exp_constrained_pub_only_xcdr__py_to_py__1000000B__10Hz__shmem_ds__best_effort,publish,pub,py_to_py,constrained_pub_only,exp,xcdr,shmem_ds,1000000,10,1,measured,100,2026-09-09T14:25:05.028915Z,157098691051124,157098691051124,157098691051124,-1,-1,ok,
exp_constrained_pub_only_xcdr__py_to_py__1000000B__10Hz__shmem_ds__best_effort,publish,pub,py_to_py,constrained_pub_only,exp,xcdr,shmem_ds,1000000,10,1,measured,101,2026-09-09T14:25:05.127893Z,157098790049377,157098790049377,157098790049377,-1,-1,ok,
exp_constrained_pub_only_xcdr__py_to_py__1000000B__10Hz__shmem_ds__best_effort,publish,pub,py_to_py,constrained_pub_only,exp,xcdr,shmem_ds,1000000,10,1,measured,102,2026-09-09T14:25:05.228242Z,157098890394282,157098890394282,157098890394282,-1,-1,ok,
exp_constrained_pub_only_xcdr__py_to_py__1000000B__10Hz__shmem_ds__best_effort,publish,pub,py_to_py,constrained_pub_only,exp,xcdr,shmem_ds,1000000,10,1,measured,103,2026-09-09T14:25:05.328767Z,157098990905450,157098990905450,157098990905450,-1,-1,ok,
exp_constrained_pub_only_xcdr__py_to_py__1000000B__10Hz__shmem_ds__best_effort,publish,pub,py_to_py,constrained_pub_only,exp,xcdr,shmem_ds,1000000,10,1,measured,104,2026-09-09T14:25:05.428705Z,157099090845336,157099090845336,157099090845336,-1,-1,ok,
exp_constrained_pub_only_xcdr__py_to_py__1000000B__10Hz__shmem_ds__best_effort,publish,pub,py_to_py,constrained_pub_only,exp,xcdr,shmem_ds,1000000,10,1,measured,105,2026-09-09T14:25:05.528226Z,157099190357061,157099190357061,157099190357061,-1,-1,ok,
exp_constrained_pub_only_xcdr__py_to_py__1000000B__10Hz__shmem_ds__best_effort,publish,pub,py_to_py,constrained_pub_only,exp,xcdr,shmem_ds,1000000,10,1,measured,106,2026-09-09T14:25:05.628881Z,157099291019492,157099291019492,157099291019492,-1,-1,ok,
exp_constrained_pub_only_xcdr__py_to_py__1000000B__10Hz__shmem_ds__best_effort,publish,pub,py_to_py,constrained_pub_only,exp,xcdr,shmem_ds,1000000,10,1,measured,107,2026-09-09T14:25:05.728124Z,157099390260490,157099390260490,157099390260490,-1,-1,ok,
exp_constrained_pub_only_xcdr__py_to_py__1000000B__10Hz__shmem_ds__best_effort,publish,pub,py_to_py,constrained_pub_only,exp,xcdr,shmem_ds,1000000,10,1,measured,108,2026-09-09T14:25:05.827615Z,157099489756475,157099489756475,157099489756475,-1,-1,ok,
exp_constrained_pub_only_xcdr__py_to_py__1000000B__10Hz__shmem_ds__best_effort,publish,pub,py_to_py,constrained_pub_only,exp,xcdr,shmem_ds,1000000,10,1,measured,109,2026-09-09T14:25:05.927576Z,157099589711280,157099589711280,157099589711280,-1,-1,ok,
exp_constrained_pub_only_xcdr__py_to_py__1000000B__10Hz__shmem_ds__best_effort,publish,pub,py_to_py,constrained_pub_only,exp,xcdr,shmem_ds,1000000,10,1,measured,110,2026-09-09T14:25:06.028611Z,157099690761919,157099690761919,157099690761919,-1,-1,ok,
exp_constrained_pub_only_xcdr__py_to_py__1000000B__10Hz__shmem_ds__best_effort,publish,pub,py_to_py,constrained_pub_only,exp,xcdr,shmem_ds,1000000,10,1,measured,111,2026-09-09T14:25:06.129010Z,157099791172873,157099791172873,157099791172873,-1,-1,ok,
exp_constrained_pub_only_xcdr__py_to_py__1000000B__10Hz__shmem_ds__best_effort,publish,pub,py_to_py,constrained_pub_only,exp,xcdr,shmem_ds,1000000,10,1,measured,112,2026-09-09T14:25:06.228771Z,157099890927126,157099890927126,157099890927126,-1,-1,ok,
exp_constrained_pub_only_xcdr__py_to_py__1000000B__10Hz__shmem_ds__best_effort,publish,pub,py_to_py,constrained_pub_only,exp,xcdr,shmem_ds,1000000,10,1,measured,113,2026-09-09T14:25:06.328576Z,157099990719882,157099990719882,157099990719882,-1,-1,ok,
exp_constrained_pub_only_xcdr__py_to_py__1000000B__10Hz__shmem_ds__best_effort,publish,pub,py_to_py,constrained_pub_only,exp,xcdr,shmem_ds,1000000,10,1,measured,114,2026-09-09T14:25:06.428140Z,157100090299178,157100090299178,157100090299178,-1,-1,ok,
exp_constrained_pub_only_xcdr__py_to_py__1000000B__10Hz__shmem_ds__best_effort,publish,pub,py_to_py,constrained_pub_only,exp,xcdr,shmem_ds,1000000,10,1,measured,115,2026-09-09T14:25:06.528820Z,157100190958707,157100190958707,157100190958707,-1,-1,ok,
exp_constrained_pub_only_xcdr__py_to_py__1000000B__10Hz__shmem_ds__best_effort,publish,pub,py_to_py,constrained_pub_only,exp,xcdr,shmem_ds,1000000,10,1,measured,116,2026-09-09T14:25:06.629817Z,157100291951280,157100291951280,157100291951280,-1,-1,ok,
exp_constrained_pub_only_xcdr__py_to_py__1000000B__10Hz__shmem_ds__best_effort,publish,pub,py_to_py,constrained_pub_only,exp,xcdr,shmem_ds,1000000,10,1,measured,117,2026-09-09T14:25:06.729414Z,157100391552747,157100391552747,157100391552747,-1,-1,ok,
exp_constrained_pub_only_xcdr__py_to_py__1000000B__10Hz__shmem_ds__best_effort,publish,pub,py_to_py,constrained_pub_only,exp,xcdr,shmem_ds,1000000,10,1,measured,118,2026-09-09T14:25:06.829448Z,157100491581926,157100491581926,157100491581926,-1,-1,ok,
exp_constrained_pub_only_xcdr__py_to_py__1000000B__10Hz__shmem_ds__best_effort,publish,pub,py_to_py,constrained_pub_only,exp,xcdr,shmem_ds,1000000,10,1,measured,119,2026-09-09T14:25:06.929717Z,157100591854732,157100591854732,157100591854732,-1,-1,ok,
exp_constrained_pub_only_xcdr__py_to_py__1000000B__10Hz__shmem_ds__best_effort,publish,pub,py_to_py,constrained_pub_only,exp,xcdr,shmem_ds,1000000,10,1,measured,120,2026-09-09T14:25:07.029026Z,157100691174783,157100691174783,157100691174783,-1,-1,ok,
exp_constrained_pub_only_xcdr__py_to_py__1000000B__10Hz__shmem_ds__best_effort,publish,pub,py_to_py,constrained_pub_only,exp,xcdr,shmem_ds,1000000,10,1,measured,121,2026-09-09T14:25:07.130100Z,157100792187719,157100792187719,157100792187719,-1,-1,ok,
exp_constrained_pub_only_xcdr__py_to_py__1000000B__10Hz__shmem_ds__best_effort,publish,pub,py_to_py,constrained_pub_only,exp,xcdr,shmem_ds,1000000,10,1,measured,122,2026-09-09T14:25:07.229748Z,157100891902032,157100891902032,157100891902032,-1,-1,ok,
exp_constrained_pub_only_xcdr__py_to_py__1000000B__10Hz__shmem_ds__best_effort,publish,pub,py_to_py,constrained_pub_only,exp,xcdr,shmem_ds,1000000,10,1,measured,123,2026-09-09T14:25:07.330366Z,157100992504028,157100992504028,157100992504028,-1,-1,ok,
exp_constrained_pub_only_xcdr__py_to_py__1000000B__10Hz__shmem_ds__best_effort,publish,pub,py_to_py,constrained_pub_only,exp,xcdr,shmem_ds,1000000,10,1,measured,124,2026-09-09T14:25:07.430496Z,157101092642176,157101092642176,157101092642176,-1,-1,ok,
exp_constrained_pub_only_xcdr__py_to_py__1000000B__10Hz__shmem_ds__best_effort,publish,pub,py_to_py,constrained_pub_only,exp,xcdr,shmem_ds,1000000,10,1,measured,125,2026-09-09T14:25:07.529421Z,157101191558504,157101191558504,157101191558504,-1,-1,ok,
exp_constrained_pub_only_xcdr__py_to_py__1000000B__10Hz__shmem_ds__best_effort,publish,pub,py_to_py,constrained_pub_only,exp,xcdr,shmem_ds,1000000,10,1,measured,126,2026-09-09T14:25:07.628955Z,157101291093331,157101291093331,157101291093331,-1,-1,ok,
exp_constrained_pub_only_xcdr__py_to_py__1000000B__10Hz__shmem_ds__best_effort,publish,pub,py_to_py,constrained_pub_only,exp,xcdr,shmem_ds,1000000,10,1,measured,127,2026-09-09T14:25:07.728019Z,157101390155382,157101390155382,157101390155382,-1,-1,ok,
exp_constrained_pub_only_xcdr__py_to_py__1000000B__10Hz__shmem_ds__best_effort,publish,pub,py_to_py,constrained_pub_only,exp,xcdr,shmem_ds,1000000,10,1,measured,128,2026-09-09T14:25:07.829014Z,157101491144523,157101491144523,157101491144523,-1,-1,ok,
exp_constrained_pub_only_xcdr__py_to_py__1000000B__10Hz__shmem_ds__best_effort,publish,pub,py_to_py,constrained_pub_only,exp,xcdr,shmem_ds,1000000,10,1,measured,129,2026-09-09T14:25:07.929729Z,157101591863048,157101591863048,157101591863048,-1,-1,ok,
exp_constrained_pub_only_xcdr__py_to_py__1000000B__10Hz__shmem_ds__best_effort,publish,pub,py_to_py,constrained_pub_only,exp,xcdr,shmem_ds,1000000,10,1,measured,130,2026-09-09T14:25:08.030312Z,157101692457071,157101692457071,157101692457071,-1,-1,ok,
exp_constrained_pub_only_xcdr__py_to_py__1000000B__10Hz__shmem_ds__best_effort,publish,pub,py_to_py,constrained_pub_only,exp,xcdr,shmem_ds,1000000,10,1,measured,131,2026-09-09T14:25:08.129783Z,157101791934415,157101791934415,157101791934415,-1,-1,ok,
exp_constrained_pub_only_xcdr__py_to_py__1000000B__10Hz__shmem_ds__best_effort,publish,pub,py_to_py,constrained_pub_only,exp,xcdr,shmem_ds,1000000,10,1,measured,132,2026-09-09T14:25:08.228807Z,157101890940987,157101890940987,157101890940987,-1,-1,ok,
exp_constrained_pub_only_xcdr__py_to_py__1000000B__10Hz__shmem_ds__best_effort,publish,pub,py_to_py,constrained_pub_only,exp,xcdr,shmem_ds,1000000,10,1,measured,133,2026-09-09T14:25:08.329798Z,157101991952356,157101991952356,157101991952356,-1,-1,ok,
exp_constrained_pub_only_xcdr__py_to_py__1000000B__10Hz__shmem_ds__best_effort,publish,pub,py_to_py,constrained_pub_only,exp,xcdr,shmem_ds,1000000,10,1,measured,134,2026-09-09T14:25:08.430582Z,157102092714947,157102092714947,157102092714947,-1,-1,ok,
exp_constrained_pub_only_xcdr__py_to_py__1000000B__10Hz__shmem_ds__best_effort,publish,pub,py_to_py,constrained_pub_only,exp,xcdr,shmem_ds,1000000,10,1,measured,135,2026-09-09T14:25:08.529755Z,157102191899121,157102191899121,157102191899121,-1,-1,ok,
exp_constrained_pub_only_xcdr__py_to_py__1000000B__10Hz__shmem_ds__best_effort,publish,pub,py_to_py,constrained_pub_only,exp,xcdr,shmem_ds,1000000,10,1,measured,136,2026-09-09T14:25:08.630002Z,157102292132661,157102292132661,157102292132661,-1,-1,ok,
exp_constrained_pub_only_xcdr__py_to_py__1000000B__10Hz__shmem_ds__best_effort,publish,pub,py_to_py,constrained_pub_only,exp,xcdr,shmem_ds,1000000,10,1,measured,137,2026-09-09T14:25:08.729124Z,157102391230184,157102391230184,157102391230184,-1,-1,ok,
exp_constrained_pub_only_xcdr__py_to_py__1000000B__10Hz__shmem_ds__best_effort,publish,pub,py_to_py,constrained_pub_only,exp,xcdr,shmem_ds,1000000,10,1,measured,138,2026-09-09T14:25:08.829379Z,157102491522264,157102491522264,157102491522264,-1,-1,ok,
exp_constrained_pub_only_xcdr__py_to_py__1000000B__10Hz__shmem_ds__best_effort,publish,pub,py_to_py,constrained_pub_only,exp,xcdr,shmem_ds,1000000,10,1,measured,139,2026-09-09T14:25:08.930196Z,157102592335701,157102592335701,157102592335701,-1,-1,ok,
exp_constrained_pub_only_xcdr__py_to_py__1000000B__10Hz__shmem_ds__best_effort,publish,pub,py_to_py,constrained_pub_only,exp,xcdr,shmem_ds,1000000,10,1,measured,140,2026-09-09T14:25:09.029322Z,157102691461597,157102691461597,157102691461597,-1,-1,ok,
exp_constrained_pub_only_xcdr__py_to_py__1000000B__10Hz__shmem_ds__best_effort,publish,pub,py_to_py,constrained_pub_only,exp,xcdr,shmem_ds,1000000,10,1,measured,141,2026-09-09T14:25:09.129446Z,157102791580347,157102791580347,157102791580347,-1,-1,ok,
exp_constrained_pub_only_xcdr__py_to_py__1000000B__10Hz__shmem_ds__best_effort,publish,pub,py_to_py,constrained_pub_only,exp,xcdr,shmem_ds,1000000,10,1,measured,142,2026-09-09T14:25:09.229142Z,157102891285944,157102891285944,157102891285944,-1,-1,ok,
exp_constrained_pub_only_xcdr__py_to_py__1000000B__10Hz__shmem_ds__best_effort,publish,pub,py_to_py,constrained_pub_only,exp,xcdr,shmem_ds,1000000,10,1,measured,143,2026-09-09T14:25:09.329095Z,157102991232812,157102991232812,157102991232812,-1,-1,ok,
exp_constrained_pub_only_xcdr__py_to_py__1000000B__10Hz__shmem_ds__best_effort,publish,pub,py_to_py,constrained_pub_only,exp,xcdr,shmem_ds,1000000,10,1,measured,144,2026-09-09T14:25:09.429640Z,157103091779834,157103091779834,157103091779834,-1,-1,ok,
exp_constrained_pub_only_xcdr__py_to_py__1000000B__10Hz__shmem_ds__best_effort,publish,pub,py_to_py,constrained_pub_only,exp,xcdr,shmem_ds,1000000,10,1,measured,145,2026-09-09T14:25:09.529535Z,157103191670897,157103191670897,157103191670897,-1,-1,ok,
exp_constrained_pub_only_xcdr__py_to_py__1000000B__10Hz__shmem_ds__best_effort,publish,pub,py_to_py,constrained_pub_only,exp,xcdr,shmem_ds,1000000,10,1,measured,146,2026-09-09T14:25:09.628856Z,157103290999296,157103290999296,157103290999296,-1,-1,ok,
exp_constrained_pub_only_xcdr__py_to_py__1000000B__10Hz__shmem_ds__best_effort,publish,pub,py_to_py,constrained_pub_only,exp,xcdr,shmem_ds,1000000,10,1,measured,147,2026-09-09T14:25:09.729036Z,157103391179902,157103391179902,157103391179902,-1,-1,ok,
exp_constrained_pub_only_xcdr__py_to_py__1000000B__10Hz__shmem_ds__best_effort,publish,pub,py_to_py,constrained_pub_only,exp,xcdr,shmem_ds,1000000,10,1,measured,148,2026-09-09T14:25:09.829420Z,157103491571623,157103491571623,157103491571623,-1,-1,ok,
exp_constrained_pub_only_xcdr__py_to_py__1000000B__10Hz__shmem_ds__best_effort,publish,pub,py_to_py,constrained_pub_only,exp,xcdr,shmem_ds,1000000,10,1,measured,149,2026-09-09T14:25:09.928698Z,157103590841713,157103590841713,157103590841713,-1,-1,ok,
exp_constrained_pub_only_xcdr__py_to_py__1000000B__10Hz__shmem_ds__best_effort,publish,pub,py_to_py,constrained_pub_only,exp,xcdr,shmem_ds,1000000,10,1,measured,150,2026-09-09T14:25:10.028432Z,157103690569712,157103690569712,157103690569712,-1,-1,ok,
exp_constrained_pub_only_xcdr__py_to_py__1000000B__10Hz__shmem_ds__best_effort,publish,pub,py_to_py,constrained_pub_only,exp,xcdr,shmem_ds,1000000,10,1,measured,151,2026-09-09T14:25:10.129531Z,157103791667641,157103791667641,157103791667641,-1,-1,ok,
exp_constrained_pub_only_xcdr__py_to_py__1000000B__10Hz__shmem_ds__best_effort,publish,pub,py_to_py,constrained_pub_only,exp,xcdr,shmem_ds,1000000,10,1,measured,152,2026-09-09T14:25:10.230083Z,157103892214949,157103892214949,157103892214949,-1,-1,ok,
exp_constrained_pub_only_xcdr__py_to_py__1000000B__10Hz__shmem_ds__best_effort,publish,pub,py_to_py,constrained_pub_only,exp,xcdr,shmem_ds,1000000,10,1,measured,153,2026-09-09T14:25:10.329677Z,157103991814390,157103991814390,157103991814390,-1,-1,ok,
exp_constrained_pub_only_xcdr__py_to_py__1000000B__10Hz__shmem_ds__best_effort,publish,pub,py_to_py,constrained_pub_only,exp,xcdr,shmem_ds,1000000,10,1,measured,154,2026-09-09T14:25:10.429641Z,157104091786089,157104091786089,157104091786089,-1,-1,ok,
exp_constrained_pub_only_xcdr__py_to_py__1000000B__10Hz__shmem_ds__best_effort,publish,pub,py_to_py,constrained_pub_only,exp,xcdr,shmem_ds,1000000,10,1,measured,155,2026-09-09T14:25:10.529250Z,157104191385219,157104191385219,157104191385219,-1,-1,ok,
exp_constrained_pub_only_xcdr__py_to_py__1000000B__10Hz__shmem_ds__best_effort,publish,pub,py_to_py,constrained_pub_only,exp,xcdr,shmem_ds,1000000,10,1,measured,156,2026-09-09T14:25:10.628465Z,157104290604609,157104290604609,157104290604609,-1,-1,ok,
exp_constrained_pub_only_xcdr__py_to_py__1000000B__10Hz__shmem_ds__best_effort,publish,pub,py_to_py,constrained_pub_only,exp,xcdr,shmem_ds,1000000,10,1,measured,157,2026-09-09T14:25:10.727729Z,157104389873080,157104389873080,157104389873080,-1,-1,ok,
exp_constrained_pub_only_xcdr__py_to_py__1000000B__10Hz__shmem_ds__best_effort,publish,pub,py_to_py,constrained_pub_only,exp,xcdr,shmem_ds,1000000,10,1,measured,158,2026-09-09T14:25:10.828127Z,157104490264305,157104490264305,157104490264305,-1,-1,ok,
exp_constrained_pub_only_xcdr__py_to_py__1000000B__10Hz__shmem_ds__best_effort,publish,pub,py_to_py,constrained_pub_only,exp,xcdr,shmem_ds,1000000,10,1,measured,159,2026-09-09T14:25:10.927499Z,157104589636801,157104589636801,157104589636801,-1,-1,ok,
exp_constrained_pub_only_xcdr__py_to_py__1000000B__10Hz__shmem_ds__best_effort,publish,pub,py_to_py,constrained_pub_only,exp,xcdr,shmem_ds,1000000,10,1,measured,160,2026-09-09T14:25:11.027190Z,157104689330350,157104689330350,157104689330350,-1,-1,ok,
exp_constrained_pub_only_xcdr__py_to_py__1000000B__10Hz__shmem_ds__best_effort,publish,pub,py_to_py,constrained_pub_only,exp,xcdr,shmem_ds,1000000,10,1,measured,161,2026-09-09T14:25:11.126336Z,157104788475284,157104788475284,157104788475284,-1,-1,ok,
exp_constrained_pub_only_xcdr__py_to_py__1000000B__10Hz__shmem_ds__best_effort,publish,pub,py_to_py,constrained_pub_only,exp,xcdr,shmem_ds,1000000,10,1,measured,162,2026-09-09T14:25:11.226455Z,157104888571942,157104888571942,157104888571942,-1,-1,ok,
exp_constrained_pub_only_xcdr__py_to_py__1000000B__10Hz__shmem_ds__best_effort,publish,pub,py_to_py,constrained_pub_only,exp,xcdr,shmem_ds,1000000,10,1,measured,163,2026-09-09T14:25:11.326076Z,157104988187688,157104988187688,157104988187688,-1,-1,ok,
exp_constrained_pub_only_xcdr__py_to_py__1000000B__10Hz__shmem_ds__best_effort,publish,pub,py_to_py,constrained_pub_only,exp,xcdr,shmem_ds,1000000,10,1,measured,164,2026-09-09T14:25:11.426867Z,157105088996901,157105088996901,157105088996901,-1,-1,ok,
exp_constrained_pub_only_xcdr__py_to_py__1000000B__10Hz__shmem_ds__best_effort,publish,pub,py_to_py,constrained_pub_only,exp,xcdr,shmem_ds,1000000,10,1,measured,165,2026-09-09T14:25:11.527442Z,157105189579278,157105189579278,157105189579278,-1,-1,ok,
exp_constrained_pub_only_xcdr__py_to_py__1000000B__10Hz__shmem_ds__best_effort,publish,pub,py_to_py,constrained_pub_only,exp,xcdr,shmem_ds,1000000,10,1,measured,166,2026-09-09T14:25:11.626567Z,157105288704946,157105288704946,157105288704946,-1,-1,ok,
exp_constrained_pub_only_xcdr__py_to_py__1000000B__10Hz__shmem_ds__best_effort,publish,pub,py_to_py,constrained_pub_only,exp,xcdr,shmem_ds,1000000,10,1,measured,167,2026-09-09T14:25:11.725930Z,157105388072467,157105388072467,157105388072467,-1,-1,ok,
exp_constrained_pub_only_xcdr__py_to_py__1000000B__10Hz__shmem_ds__best_effort,publish,pub,py_to_py,constrained_pub_only,exp,xcdr,shmem_ds,1000000,10,1,measured,168,2026-09-09T14:25:11.826568Z,157105488677999,157105488677999,157105488677999,-1,-1,ok,
exp_constrained_pub_only_xcdr__py_to_py__1000000B__10Hz__shmem_ds__best_effort,publish,pub,py_to_py,constrained_pub_only,exp,xcdr,shmem_ds,1000000,10,1,measured,169,2026-09-09T14:25:11.926082Z,157105588213835,157105588213835,157105588213835,-1,-1,ok,
exp_constrained_pub_only_xcdr__py_to_py__1000000B__10Hz__shmem_ds__best_effort,publish,pub,py_to_py,constrained_pub_only,exp,xcdr,shmem_ds,1000000,10,1,measured,170,2026-09-09T14:25:12.025193Z,157105687332752,157105687332752,157105687332752,-1,-1,ok,
exp_constrained_pub_only_xcdr__py_to_py__1000000B__10Hz__shmem_ds__best_effort,publish,pub,py_to_py,constrained_pub_only,exp,xcdr,shmem_ds,1000000,10,1,measured,171,2026-09-09T14:25:12.126022Z,157105788159352,157105788159352,157105788159352,-1,-1,ok,
exp_constrained_pub_only_xcdr__py_to_py__1000000B__10Hz__shmem_ds__best_effort,publish,pub,py_to_py,constrained_pub_only,exp,xcdr,shmem_ds,1000000,10,1,measured,172,2026-09-09T14:25:12.226042Z,157105888186193,157105888186193,157105888186193,-1,-1,ok,
exp_constrained_pub_only_xcdr__py_to_py__1000000B__10Hz__shmem_ds__best_effort,publish,pub,py_to_py,constrained_pub_only,exp,xcdr,shmem_ds,1000000,10,1,measured,173,2026-09-09T14:25:12.326178Z,157105988313502,157105988313502,157105988313502,-1,-1,ok,
exp_constrained_pub_only_xcdr__py_to_py__1000000B__10Hz__shmem_ds__best_effort,publish,pub,py_to_py,constrained_pub_only,exp,xcdr,shmem_ds,1000000,10,1,measured,174,2026-09-09T14:25:12.426742Z,157106088881718,157106088881718,157106088881718,-1,-1,ok,
exp_constrained_pub_only_xcdr__py_to_py__1000000B__10Hz__shmem_ds__best_effort,publish,pub,py_to_py,constrained_pub_only,exp,xcdr,shmem_ds,1000000,10,1,measured,175,2026-09-09T14:25:12.527267Z,157106189406182,157106189406182,157106189406182,-1,-1,ok,
exp_constrained_pub_only_xcdr__py_to_py__1000000B__10Hz__shmem_ds__best_effort,publish,pub,py_to_py,constrained_pub_only,exp,xcdr,shmem_ds,1000000,10,1,measured,176,2026-09-09T14:25:12.626374Z,157106288511707,157106288511707,157106288511707,-1,-1,ok,
exp_constrained_pub_only_xcdr__py_to_py__1000000B__10Hz__shmem_ds__best_effort,publish,pub,py_to_py,constrained_pub_only,exp,xcdr,shmem_ds,1000000,10,1,measured,177,2026-09-09T14:25:12.725551Z,157106387692201,157106387692201,157106387692201,-1,-1,ok,
exp_constrained_pub_only_xcdr__py_to_py__1000000B__10Hz__shmem_ds__best_effort,publish,pub,py_to_py,constrained_pub_only,exp,xcdr,shmem_ds,1000000,10,1,measured,178,2026-09-09T14:25:12.825678Z,157106487825211,157106487825211,157106487825211,-1,-1,ok,
exp_constrained_pub_only_xcdr__py_to_py__1000000B__10Hz__shmem_ds__best_effort,publish,pub,py_to_py,constrained_pub_only,exp,xcdr,shmem_ds,1000000,10,1,measured,179,2026-09-09T14:25:12.925552Z,157106587687745,157106587687745,157106587687745,-1,-1,ok,
exp_constrained_pub_only_xcdr__py_to_py__1000000B__10Hz__shmem_ds__best_effort,publish,pub,py_to_py,constrained_pub_only,exp,xcdr,shmem_ds,1000000,10,1,measured,180,2026-09-09T14:25:13.025475Z,157106687576387,157106687576387,157106687576387,-1,-1,ok,
exp_constrained_pub_only_xcdr__py_to_py__1000000B__10Hz__shmem_ds__best_effort,publish,pub,py_to_py,constrained_pub_only,exp,xcdr,shmem_ds,1000000,10,1,measured,181,2026-09-09T14:25:13.126203Z,157106788321118,157106788321118,157106788321118,-1,-1,ok,
exp_constrained_pub_only_xcdr__py_to_py__1000000B__10Hz__shmem_ds__best_effort,publish,pub,py_to_py,constrained_pub_only,exp,xcdr,shmem_ds,1000000,10,1,measured,182,2026-09-09T14:25:13.226349Z,157106888487144,157106888487144,157106888487144,-1,-1,ok,
exp_constrained_pub_only_xcdr__py_to_py__1000000B__10Hz__shmem_ds__best_effort,publish,pub,py_to_py,constrained_pub_only,exp,xcdr,shmem_ds,1000000,10,1,measured,183,2026-09-09T14:25:13.327031Z,157106989178295,157106989178295,157106989178295,-1,-1,ok,
exp_constrained_pub_only_xcdr__py_to_py__1000000B__10Hz__shmem_ds__best_effort,publish,pub,py_to_py,constrained_pub_only,exp,xcdr,shmem_ds,1000000,10,1,measured,184,2026-09-09T14:25:13.426288Z,157107088428445,157107088428445,157107088428445,-1,-1,ok,
exp_constrained_pub_only_xcdr__py_to_py__1000000B__10Hz__shmem_ds__best_effort,publish,pub,py_to_py,constrained_pub_only,exp,xcdr,shmem_ds,1000000,10,1,measured,185,2026-09-09T14:25:13.526183Z,157107188315910,157107188315910,157107188315910,-1,-1,ok,
exp_constrained_pub_only_xcdr__py_to_py__1000000B__10Hz__shmem_ds__best_effort,publish,pub,py_to_py,constrained_pub_only,exp,xcdr,shmem_ds,1000000,10,1,measured,186,2026-09-09T14:25:13.625971Z,157107288117533,157107288117533,157107288117533,-1,-1,ok,
exp_constrained_pub_only_xcdr__py_to_py__1000000B__10Hz__shmem_ds__best_effort,publish,pub,py_to_py,constrained_pub_only,exp,xcdr,shmem_ds,1000000,10,1,measured,187,2026-09-09T14:25:13.726563Z,157107388707093,157107388707093,157107388707093,-1,-1,ok,
exp_constrained_pub_only_xcdr__py_to_py__1000000B__10Hz__shmem_ds__best_effort,publish,pub,py_to_py,constrained_pub_only,exp,xcdr,shmem_ds,1000000,10,1,measured,188,2026-09-09T14:25:13.826044Z,157107488178547,157107488178547,157107488178547,-1,-1,ok,
exp_constrained_pub_only_xcdr__py_to_py__1000000B__10Hz__shmem_ds__best_effort,publish,pub,py_to_py,constrained_pub_only,exp,xcdr,shmem_ds,1000000,10,1,measured,189,2026-09-09T14:25:13.925613Z,157107587750400,157107587750400,157107587750400,-1,-1,ok,
exp_constrained_pub_only_xcdr__py_to_py__1000000B__10Hz__shmem_ds__best_effort,publish,pub,py_to_py,constrained_pub_only,exp,xcdr,shmem_ds,1000000,10,1,measured,190,2026-09-09T14:25:14.025527Z,157107687636763,157107687636763,157107687636763,-1,-1,ok,
exp_constrained_pub_only_xcdr__py_to_py__1000000B__10Hz__shmem_ds__best_effort,publish,pub,py_to_py,constrained_pub_only,exp,xcdr,shmem_ds,1000000,10,1,measured,191,2026-09-09T14:25:14.125153Z,157107787316202,157107787316202,157107787316202,-1,-1,ok,
exp_constrained_pub_only_xcdr__py_to_py__1000000B__10Hz__shmem_ds__best_effort,publish,pub,py_to_py,constrained_pub_only,exp,xcdr,shmem_ds,1000000,10,1,measured,192,2026-09-09T14:25:14.224716Z,157107886849297,157107886849297,157107886849297,-1,-1,ok,
exp_constrained_pub_only_xcdr__py_to_py__1000000B__10Hz__shmem_ds__best_effort,publish,pub,py_to_py,constrained_pub_only,exp,xcdr,shmem_ds,1000000,10,1,measured,193,2026-09-09T14:25:14.324466Z,157107986595802,157107986595802,157107986595802,-1,-1,ok,
exp_constrained_pub_only_xcdr__py_to_py__1000000B__10Hz__shmem_ds__best_effort,publish,pub,py_to_py,constrained_pub_only,exp,xcdr,shmem_ds,1000000,10,1,measured,194,2026-09-09T14:25:14.425191Z,157108087311111,157108087311111,157108087311111,-1,-1,ok,
exp_constrained_pub_only_xcdr__py_to_py__1000000B__10Hz__shmem_ds__best_effort,publish,pub,py_to_py,constrained_pub_only,exp,xcdr,shmem_ds,1000000,10,1,measured,195,2026-09-09T14:25:14.525129Z,157108187278109,157108187278109,157108187278109,-1,-1,ok,
exp_constrained_pub_only_xcdr__py_to_py__1000000B__10Hz__shmem_ds__best_effort,publish,pub,py_to_py,constrained_pub_only,exp,xcdr,shmem_ds,1000000,10,1,measured,196,2026-09-09T14:25:14.626048Z,157108288184056,157108288184056,157108288184056,-1,-1,ok,
exp_constrained_pub_only_xcdr__py_to_py__1000000B__10Hz__shmem_ds__best_effort,publish,pub,py_to_py,constrained_pub_only,exp,xcdr,shmem_ds,1000000,10,1,measured,197,2026-09-09T14:25:14.725681Z,157108387820434,157108387820434,157108387820434,-1,-1,ok,
exp_constrained_pub_only_xcdr__py_to_py__1000000B__10Hz__shmem_ds__best_effort,publish,pub,py_to_py,constrained_pub_only,exp,xcdr,shmem_ds,1000000,10,1,measured,198,2026-09-09T14:25:14.825162Z,157108487300469,157108487300469,157108487300469,-1,-1,ok,
exp_constrained_pub_only_xcdr__py_to_py__1000000B__10Hz__shmem_ds__best_effort,publish,pub,py_to_py,constrained_pub_only,exp,xcdr,shmem_ds,1000000,10,1,measured,199,2026-09-09T14:25:14.925940Z,157108588076323,157108588076323,157108588076323,-1,-1,ok,
exp_constrained_pub_only_xcdr__py_to_py__1000000B__10Hz__shmem_ds__best_effort,publish,pub,py_to_py,constrained_pub_only,exp,xcdr,shmem_ds,1000000,10,1,measured,200,2026-09-09T14:25:15.026763Z,157108688903744,157108688903744,157108688903744,-1,-1,ok,
exp_constrained_pub_only_xcdr__py_to_py__1000000B__10Hz__shmem_ds__best_effort,publish,pub,py_to_py,constrained_pub_only,exp,xcdr,shmem_ds,1000000,10,1,measured,201,2026-09-09T14:25:15.127433Z,157108789581108,157108789581108,157108789581108,-1,-1,ok,
exp_constrained_pub_only_xcdr__py_to_py__1000000B__10Hz__shmem_ds__best_effort,publish,pub,py_to_py,constrained_pub_only,exp,xcdr,shmem_ds,1000000,10,1,measured,202,2026-09-09T14:25:15.228626Z,157108890725326,157108890725326,157108890725326,-1,-1,ok,
exp_constrained_pub_only_xcdr__py_to_py__1000000B__10Hz__shmem_ds__best_effort,publish,pub,py_to_py,constrained_pub_only,exp,xcdr,shmem_ds,1000000,10,1,measured,203,2026-09-09T14:25:15.329376Z,157108991477249,157108991477249,157108991477249,-1,-1,ok,
exp_constrained_pub_only_xcdr__py_to_py__1000000B__10Hz__shmem_ds__best_effort,publish,pub,py_to_py,constrained_pub_only,exp,xcdr,shmem_ds,1000000,10,1,measured,204,2026-09-09T14:25:15.429094Z,157109091217096,157109091217096,157109091217096,-1,-1,ok,
exp_constrained_pub_only_xcdr__py_to_py__1000000B__10Hz__shmem_ds__best_effort,publish,pub,py_to_py,constrained_pub_only,exp,xcdr,shmem_ds,1000000,10,1,measured,205,2026-09-09T14:25:15.528516Z,157109190650728,157109190650728,157109190650728,-1,-1,ok,
exp_constrained_pub_only_xcdr__py_to_py__1000000B__10Hz__shmem_ds__best_effort,publish,pub,py_to_py,constrained_pub_only,exp,xcdr,shmem_ds,1000000,10,1,measured,206,2026-09-09T14:25:15.627999Z,157109290132882,157109290132882,157109290132882,-1,-1,ok,
exp_constrained_pub_only_xcdr__py_to_py__1000000B__10Hz__shmem_ds__best_effort,publish,pub,py_to_py,constrained_pub_only,exp,xcdr,shmem_ds,1000000,10,1,measured,207,2026-09-09T14:25:15.727524Z,157109389686760,157109389686760,157109389686760,-1,-1,ok,
exp_constrained_pub_only_xcdr__py_to_py__1000000B__10Hz__shmem_ds__best_effort,publish,pub,py_to_py,constrained_pub_only,exp,xcdr,shmem_ds,1000000,10,1,measured,208,2026-09-09T14:25:15.826724Z,157109488864143,157109488864143,157109488864143,-1,-1,ok,
exp_constrained_pub_only_xcdr__py_to_py__1000000B__10Hz__shmem_ds__best_effort,publish,pub,py_to_py,constrained_pub_only,exp,xcdr,shmem_ds,1000000,10,1,measured,209,2026-09-09T14:25:15.926623Z,157109588757788,157109588757788,157109588757788,-1,-1,ok,
exp_constrained_pub_only_xcdr__py_to_py__1000000B__10Hz__shmem_ds__best_effort,publish,pub,py_to_py,constrained_pub_only,exp,xcdr,shmem_ds,1000000,10,1,measured,210,2026-09-09T14:25:16.027752Z,157109689894593,157109689894593,157109689894593,-1,-1,ok,
exp_constrained_pub_only_xcdr__py_to_py__1000000B__10Hz__shmem_ds__best_effort,publish,pub,py_to_py,constrained_pub_only,exp,xcdr,shmem_ds,1000000,10,1,measured,211,2026-09-09T14:25:16.126921Z,157109789086217,157109789086217,157109789086217,-1,-1,ok,
exp_constrained_pub_only_xcdr__py_to_py__1000000B__10Hz__shmem_ds__best_effort,publish,pub,py_to_py,constrained_pub_only,exp,xcdr,shmem_ds,1000000,10,1,measured,212,2026-09-09T14:25:16.227514Z,157109889652246,157109889652246,157109889652246,-1,-1,ok,
exp_constrained_pub_only_xcdr__py_to_py__1000000B__10Hz__shmem_ds__best_effort,publish,pub,py_to_py,constrained_pub_only,exp,xcdr,shmem_ds,1000000,10,1,measured,213,2026-09-09T14:25:16.327339Z,157109989507833,157109989507833,157109989507833,-1,-1,ok,
exp_constrained_pub_only_xcdr__py_to_py__1000000B__10Hz__shmem_ds__best_effort,publish,pub,py_to_py,constrained_pub_only,exp,xcdr,shmem_ds,1000000,10,1,measured,214,2026-09-09T14:25:16.427296Z,157110089462156,157110089462156,157110089462156,-1,-1,ok,
exp_constrained_pub_only_xcdr__py_to_py__1000000B__10Hz__shmem_ds__best_effort,publish,pub,py_to_py,constrained_pub_only,exp,xcdr,shmem_ds,1000000,10,1,measured,215,2026-09-09T14:25:16.528255Z,157110190394512,157110190394512,157110190394512,-1,-1,ok,
exp_constrained_pub_only_xcdr__py_to_py__1000000B__10Hz__shmem_ds__best_effort,publish,pub,py_to_py,constrained_pub_only,exp,xcdr,shmem_ds,1000000,10,1,measured,216,2026-09-09T14:25:16.629232Z,157110291365650,157110291365650,157110291365650,-1,-1,ok,
exp_constrained_pub_only_xcdr__py_to_py__1000000B__10Hz__shmem_ds__best_effort,publish,pub,py_to_py,constrained_pub_only,exp,xcdr,shmem_ds,1000000,10,1,measured,217,2026-09-09T14:25:16.729303Z,157110391460116,157110391460116,157110391460116,-1,-1,ok,
exp_constrained_pub_only_xcdr__py_to_py__1000000B__10Hz__shmem_ds__best_effort,publish,pub,py_to_py,constrained_pub_only,exp,xcdr,shmem_ds,1000000,10,1,measured,218,2026-09-09T14:25:16.829833Z,157110491975569,157110491975569,157110491975569,-1,-1,ok,
exp_constrained_pub_only_xcdr__py_to_py__1000000B__10Hz__shmem_ds__best_effort,publish,pub,py_to_py,constrained_pub_only,exp,xcdr,shmem_ds,1000000,10,1,measured,219,2026-09-09T14:25:16.928853Z,157110591017132,157110591017132,157110591017132,-1,-1,ok,
exp_constrained_pub_only_xcdr__py_to_py__1000000B__10Hz__shmem_ds__best_effort,publish,pub,py_to_py,constrained_pub_only,exp,xcdr,shmem_ds,1000000,10,1,measured,220,2026-09-09T14:25:17.028845Z,157110690960266,157110690960266,157110690960266,-1,-1,ok,
exp_constrained_pub_only_xcdr__py_to_py__1000000B__10Hz__shmem_ds__best_effort,publish,pub,py_to_py,constrained_pub_only,exp,xcdr,shmem_ds,1000000,10,1,measured,221,2026-09-09T14:25:17.129688Z,157110791839666,157110791839666,157110791839666,-1,-1,ok,
exp_constrained_pub_only_xcdr__py_to_py__1000000B__10Hz__shmem_ds__best_effort,publish,pub,py_to_py,constrained_pub_only,exp,xcdr,shmem_ds,1000000,10,1,measured,222,2026-09-09T14:25:17.229910Z,157110892050815,157110892050815,157110892050815,-1,-1,ok,
exp_constrained_pub_only_xcdr__py_to_py__1000000B__10Hz__shmem_ds__best_effort,publish,pub,py_to_py,constrained_pub_only,exp,xcdr,shmem_ds,1000000,10,1,measured,223,2026-09-09T14:25:17.329589Z,157110991758851,157110991758851,157110991758851,-1,-1,ok,
exp_constrained_pub_only_xcdr__py_to_py__1000000B__10Hz__shmem_ds__best_effort,publish,pub,py_to_py,constrained_pub_only,exp,xcdr,shmem_ds,1000000,10,1,measured,224,2026-09-09T14:25:17.430288Z,157111092451371,157111092451371,157111092451371,-1,-1,ok,
exp_constrained_pub_only_xcdr__py_to_py__1000000B__10Hz__shmem_ds__best_effort,publish,pub,py_to_py,constrained_pub_only,exp,xcdr,shmem_ds,1000000,10,1,measured,225,2026-09-09T14:25:17.529527Z,157111191679527,157111191679527,157111191679527,-1,-1,ok,
exp_constrained_pub_only_xcdr__py_to_py__1000000B__10Hz__shmem_ds__best_effort,publish,pub,py_to_py,constrained_pub_only,exp,xcdr,shmem_ds,1000000,10,1,measured,226,2026-09-09T14:25:17.629685Z,157111291846994,157111291846994,157111291846994,-1,-1,ok,
exp_constrained_pub_only_xcdr__py_to_py__1000000B__10Hz__shmem_ds__best_effort,publish,pub,py_to_py,constrained_pub_only,exp,xcdr,shmem_ds,1000000,10,1,measured,227,2026-09-09T14:25:17.729484Z,157111391639628,157111391639628,157111391639628,-1,-1,ok,
exp_constrained_pub_only_xcdr__py_to_py__1000000B__10Hz__shmem_ds__best_effort,publish,pub,py_to_py,constrained_pub_only,exp,xcdr,shmem_ds,1000000,10,1,measured,228,2026-09-09T14:25:17.830402Z,157111492547303,157111492547303,157111492547303,-1,-1,ok,
exp_constrained_pub_only_xcdr__py_to_py__1000000B__10Hz__shmem_ds__best_effort,publish,pub,py_to_py,constrained_pub_only,exp,xcdr,shmem_ds,1000000,10,1,measured,229,2026-09-09T14:25:17.929595Z,157111591742066,157111591742066,157111591742066,-1,-1,ok,
exp_constrained_pub_only_xcdr__py_to_py__1000000B__10Hz__shmem_ds__best_effort,publish,pub,py_to_py,constrained_pub_only,exp,xcdr,shmem_ds,1000000,10,1,measured,230,2026-09-09T14:25:18.030743Z,157111692861218,157111692861218,157111692861218,-1,-1,ok,
exp_constrained_pub_only_xcdr__py_to_py__1000000B__10Hz__shmem_ds__best_effort,publish,pub,py_to_py,constrained_pub_only,exp,xcdr,shmem_ds,1000000,10,1,measured,231,2026-09-09T14:25:18.129681Z,157111791847856,157111791847856,157111791847856,-1,-1,ok,
exp_constrained_pub_only_xcdr__py_to_py__1000000B__10Hz__shmem_ds__best_effort,publish,pub,py_to_py,constrained_pub_only,exp,xcdr,shmem_ds,1000000,10,1,measured,232,2026-09-09T14:25:18.228985Z,157111891153773,157111891153773,157111891153773,-1,-1,ok,
exp_constrained_pub_only_xcdr__py_to_py__1000000B__10Hz__shmem_ds__best_effort,publish,pub,py_to_py,constrained_pub_only,exp,xcdr,shmem_ds,1000000,10,1,measured,233,2026-09-09T14:25:18.329230Z,157111991386726,157111991386726,157111991386726,-1,-1,ok,
exp_constrained_pub_only_xcdr__py_to_py__1000000B__10Hz__shmem_ds__best_effort,publish,pub,py_to_py,constrained_pub_only,exp,xcdr,shmem_ds,1000000,10,1,measured,234,2026-09-09T14:25:18.429542Z,157112091697005,157112091697005,157112091697005,-1,-1,ok,
exp_constrained_pub_only_xcdr__py_to_py__1000000B__10Hz__shmem_ds__best_effort,publish,pub,py_to_py,constrained_pub_only,exp,xcdr,shmem_ds,1000000,10,1,measured,235,2026-09-09T14:25:18.529156Z,157112191307973,157112191307973,157112191307973,-1,-1,ok,
exp_constrained_pub_only_xcdr__py_to_py__1000000B__10Hz__shmem_ds__best_effort,publish,pub,py_to_py,constrained_pub_only,exp,xcdr,shmem_ds,1000000,10,1,measured,236,2026-09-09T14:25:18.628388Z,157112290526526,157112290526526,157112290526526,-1,-1,ok,
exp_constrained_pub_only_xcdr__py_to_py__1000000B__10Hz__shmem_ds__best_effort,publish,pub,py_to_py,constrained_pub_only,exp,xcdr,shmem_ds,1000000,10,1,measured,237,2026-09-09T14:25:18.729058Z,157112391214422,157112391214422,157112391214422,-1,-1,ok,
exp_constrained_pub_only_xcdr__py_to_py__1000000B__10Hz__shmem_ds__best_effort,publish,pub,py_to_py,constrained_pub_only,exp,xcdr,shmem_ds,1000000,10,1,measured,238,2026-09-09T14:25:18.828469Z,157112490614304,157112490614304,157112490614304,-1,-1,ok,
exp_constrained_pub_only_xcdr__py_to_py__1000000B__10Hz__shmem_ds__best_effort,publish,pub,py_to_py,constrained_pub_only,exp,xcdr,shmem_ds,1000000,10,1,measured,239,2026-09-09T14:25:18.928654Z,157112590805390,157112590805390,157112590805390,-1,-1,ok,
exp_constrained_pub_only_xcdr__py_to_py__1000000B__10Hz__shmem_ds__best_effort,publish,pub,py_to_py,constrained_pub_only,exp,xcdr,shmem_ds,1000000,10,1,measured,240,2026-09-09T14:25:19.029154Z,157112691288483,157112691288483,157112691288483,-1,-1,ok,
exp_constrained_pub_only_xcdr__py_to_py__1000000B__10Hz__shmem_ds__best_effort,publish,pub,py_to_py,constrained_pub_only,exp,xcdr,shmem_ds,1000000,10,1,measured,241,2026-09-09T14:25:19.128798Z,157112790961812,157112790961812,157112790961812,-1,-1,ok,
exp_constrained_pub_only_xcdr__py_to_py__1000000B__10Hz__shmem_ds__best_effort,publish,pub,py_to_py,constrained_pub_only,exp,xcdr,shmem_ds,1000000,10,1,measured,242,2026-09-09T14:25:19.228932Z,157112891102527,157112891102527,157112891102527,-1,-1,ok,
exp_constrained_pub_only_xcdr__py_to_py__1000000B__10Hz__shmem_ds__best_effort,publish,pub,py_to_py,constrained_pub_only,exp,xcdr,shmem_ds,1000000,10,1,measured,243,2026-09-09T14:25:19.329340Z,157112991478624,157112991478624,157112991478624,-1,-1,ok,
exp_constrained_pub_only_xcdr__py_to_py__1000000B__10Hz__shmem_ds__best_effort,publish,pub,py_to_py,constrained_pub_only,exp,xcdr,shmem_ds,1000000,10,1,measured,244,2026-09-09T14:25:19.430124Z,157113092272684,157113092272684,157113092272684,-1,-1,ok,
exp_constrained_pub_only_xcdr__py_to_py__1000000B__10Hz__shmem_ds__best_effort,publish,pub,py_to_py,constrained_pub_only,exp,xcdr,shmem_ds,1000000,10,1,measured,245,2026-09-09T14:25:19.529513Z,157113191650189,157113191650189,157113191650189,-1,-1,ok,
exp_constrained_pub_only_xcdr__py_to_py__1000000B__10Hz__shmem_ds__best_effort,publish,pub,py_to_py,constrained_pub_only,exp,xcdr,shmem_ds,1000000,10,1,measured,246,2026-09-09T14:25:19.629755Z,157113291911500,157113291911500,157113291911500,-1,-1,ok,
exp_constrained_pub_only_xcdr__py_to_py__1000000B__10Hz__shmem_ds__best_effort,publish,pub,py_to_py,constrained_pub_only,exp,xcdr,shmem_ds,1000000,10,1,measured,247,2026-09-09T14:25:19.729182Z,157113391332757,157113391332757,157113391332757,-1,-1,ok,
exp_constrained_pub_only_xcdr__py_to_py__1000000B__10Hz__shmem_ds__best_effort,publish,pub,py_to_py,constrained_pub_only,exp,xcdr,shmem_ds,1000000,10,1,measured,248,2026-09-09T14:25:19.829156Z,157113491297903,157113491297903,157113491297903,-1,-1,ok,
exp_constrained_pub_only_xcdr__py_to_py__1000000B__10Hz__shmem_ds__best_effort,publish,pub,py_to_py,constrained_pub_only,exp,xcdr,shmem_ds,1000000,10,1,measured,249,2026-09-09T14:25:19.929394Z,157113591543655,157113591543655,157113591543655,-1,-1,ok,
exp_constrained_pub_only_xcdr__py_to_py__1000000B__10Hz__shmem_ds__best_effort,publish,pub,py_to_py,constrained_pub_only,exp,xcdr,shmem_ds,1000000,10,1,measured,250,2026-09-09T14:25:20.028956Z,157113691107651,157113691107651,157113691107651,-1,-1,ok,
exp_constrained_pub_only_xcdr__py_to_py__1000000B__10Hz__shmem_ds__best_effort,publish,pub,py_to_py,constrained_pub_only,exp,xcdr,shmem_ds,1000000,10,1,measured,251,2026-09-09T14:25:20.128676Z,157113790821681,157113790821681,157113790821681,-1,-1,ok,
exp_constrained_pub_only_xcdr__py_to_py__1000000B__10Hz__shmem_ds__best_effort,publish,pub,py_to_py,constrained_pub_only,exp,xcdr,shmem_ds,1000000,10,1,measured,252,2026-09-09T14:25:20.229220Z,157113891344246,157113891344246,157113891344246,-1,-1,ok,
exp_constrained_pub_only_xcdr__py_to_py__1000000B__10Hz__shmem_ds__best_effort,publish,pub,py_to_py,constrained_pub_only,exp,xcdr,shmem_ds,1000000,10,1,measured,253,2026-09-09T14:25:20.328183Z,157113990344359,157113990344359,157113990344359,-1,-1,ok,
exp_constrained_pub_only_xcdr__py_to_py__1000000B__10Hz__shmem_ds__best_effort,publish,pub,py_to_py,constrained_pub_only,exp,xcdr,shmem_ds,1000000,10,1,measured,254,2026-09-09T14:25:20.428261Z,157114090400590,157114090400590,157114090400590,-1,-1,ok,
exp_constrained_pub_only_xcdr__py_to_py__1000000B__10Hz__shmem_ds__best_effort,publish,pub,py_to_py,constrained_pub_only,exp,xcdr,shmem_ds,1000000,10,1,measured,255,2026-09-09T14:25:20.529312Z,157114191460211,157114191460211,157114191460211,-1,-1,ok,
exp_constrained_pub_only_xcdr__py_to_py__1000000B__10Hz__shmem_ds__best_effort,publish,pub,py_to_py,constrained_pub_only,exp,xcdr,shmem_ds,1000000,10,1,measured,256,2026-09-09T14:25:20.630098Z,157114292240961,157114292240961,157114292240961,-1,-1,ok,
exp_constrained_pub_only_xcdr__py_to_py__1000000B__10Hz__shmem_ds__best_effort,publish,pub,py_to_py,constrained_pub_only,exp,xcdr,shmem_ds,1000000,10,1,measured,257,2026-09-09T14:25:20.729202Z,157114391351109,157114391351109,157114391351109,-1,-1,ok,
exp_constrained_pub_only_xcdr__py_to_py__1000000B__10Hz__shmem_ds__best_effort,publish,pub,py_to_py,constrained_pub_only,exp,xcdr,shmem_ds,1000000,10,1,measured,258,2026-09-09T14:25:20.828993Z,157114491123849,157114491123849,157114491123849,-1,-1,ok,
exp_constrained_pub_only_xcdr__py_to_py__1000000B__10Hz__shmem_ds__best_effort,publish,pub,py_to_py,constrained_pub_only,exp,xcdr,shmem_ds,1000000,10,1,measured,259,2026-09-09T14:25:20.928280Z,157114590425697,157114590425697,157114590425697,-1,-1,ok,
exp_constrained_pub_only_xcdr__py_to_py__1000000B__10Hz__shmem_ds__best_effort,publish,pub,py_to_py,constrained_pub_only,exp,xcdr,shmem_ds,1000000,10,1,measured,260,2026-09-09T14:25:21.029289Z,157114691443462,157114691443462,157114691443462,-1,-1,ok,
exp_constrained_pub_only_xcdr__py_to_py__1000000B__10Hz__shmem_ds__best_effort,publish,pub,py_to_py,constrained_pub_only,exp,xcdr,shmem_ds,1000000,10,1,measured,261,2026-09-09T14:25:21.129799Z,157114791958508,157114791958508,157114791958508,-1,-1,ok,
exp_constrained_pub_only_xcdr__py_to_py__1000000B__10Hz__shmem_ds__best_effort,publish,pub,py_to_py,constrained_pub_only,exp,xcdr,shmem_ds,1000000,10,1,measured,262,2026-09-09T14:25:21.230612Z,157114892780909,157114892780909,157114892780909,-1,-1,ok,
exp_constrained_pub_only_xcdr__py_to_py__1000000B__10Hz__shmem_ds__best_effort,publish,pub,py_to_py,constrained_pub_only,exp,xcdr,shmem_ds,1000000,10,1,measured,263,2026-09-09T14:25:21.330350Z,157114992504882,157114992504882,157114992504882,-1,-1,ok,
exp_constrained_pub_only_xcdr__py_to_py__1000000B__10Hz__shmem_ds__best_effort,publish,pub,py_to_py,constrained_pub_only,exp,xcdr,shmem_ds,1000000,10,1,measured,264,2026-09-09T14:25:21.429821Z,157115091975671,157115091975671,157115091975671,-1,-1,ok,
exp_constrained_pub_only_xcdr__py_to_py__1000000B__10Hz__shmem_ds__best_effort,publish,pub,py_to_py,constrained_pub_only,exp,xcdr,shmem_ds,1000000,10,1,measured,265,2026-09-09T14:25:21.530433Z,157115192580754,157115192580754,157115192580754,-1,-1,ok,
exp_constrained_pub_only_xcdr__py_to_py__1000000B__10Hz__shmem_ds__best_effort,publish,pub,py_to_py,constrained_pub_only,exp,xcdr,shmem_ds,1000000,10,1,measured,266,2026-09-09T14:25:21.630766Z,157115292919740,157115292919740,157115292919740,-1,-1,ok,
exp_constrained_pub_only_xcdr__py_to_py__1000000B__10Hz__shmem_ds__best_effort,publish,pub,py_to_py,constrained_pub_only,exp,xcdr,shmem_ds,1000000,10,1,measured,267,2026-09-09T14:25:21.730920Z,157115393078649,157115393078649,157115393078649,-1,-1,ok,
exp_constrained_pub_only_xcdr__py_to_py__1000000B__10Hz__shmem_ds__best_effort,publish,pub,py_to_py,constrained_pub_only,exp,xcdr,shmem_ds,1000000,10,1,measured,268,2026-09-09T14:25:21.832068Z,157115494221981,157115494221981,157115494221981,-1,-1,ok,
exp_constrained_pub_only_xcdr__py_to_py__1000000B__10Hz__shmem_ds__best_effort,publish,pub,py_to_py,constrained_pub_only,exp,xcdr,shmem_ds,1000000,10,1,measured,269,2026-09-09T14:25:21.932352Z,157115594501596,157115594501596,157115594501596,-1,-1,ok,
exp_constrained_pub_only_xcdr__py_to_py__1000000B__10Hz__shmem_ds__best_effort,publish,pub,py_to_py,constrained_pub_only,exp,xcdr,shmem_ds,1000000,10,1,measured,270,2026-09-09T14:25:22.031439Z,157115693589267,157115693589267,157115693589267,-1,-1,ok,
exp_constrained_pub_only_xcdr__py_to_py__1000000B__10Hz__shmem_ds__best_effort,publish,pub,py_to_py,constrained_pub_only,exp,xcdr,shmem_ds,1000000,10,1,measured,271,2026-09-09T14:25:22.131821Z,157115793972450,157115793972450,157115793972450,-1,-1,ok,
exp_constrained_pub_only_xcdr__py_to_py__1000000B__10Hz__shmem_ds__best_effort,publish,pub,py_to_py,constrained_pub_only,exp,xcdr,shmem_ds,1000000,10,1,measured,272,2026-09-09T14:25:22.231705Z,157115893832863,157115893832863,157115893832863,-1,-1,ok,
exp_constrained_pub_only_xcdr__py_to_py__1000000B__10Hz__shmem_ds__best_effort,publish,pub,py_to_py,constrained_pub_only,exp,xcdr,shmem_ds,1000000,10,1,measured,273,2026-09-09T14:25:22.331873Z,157115994030568,157115994030568,157115994030568,-1,-1,ok,
exp_constrained_pub_only_xcdr__py_to_py__1000000B__10Hz__shmem_ds__best_effort,publish,pub,py_to_py,constrained_pub_only,exp,xcdr,shmem_ds,1000000,10,1,measured,274,2026-09-09T14:25:22.432776Z,157116094943815,157116094943815,157116094943815,-1,-1,ok,
exp_constrained_pub_only_xcdr__py_to_py__1000000B__10Hz__shmem_ds__best_effort,publish,pub,py_to_py,constrained_pub_only,exp,xcdr,shmem_ds,1000000,10,1,measured,275,2026-09-09T14:25:22.532202Z,157116194346499,157116194346499,157116194346499,-1,-1,ok,
exp_constrained_pub_only_xcdr__py_to_py__1000000B__10Hz__shmem_ds__best_effort,publish,pub,py_to_py,constrained_pub_only,exp,xcdr,shmem_ds,1000000,10,1,measured,276,2026-09-09T14:25:22.631419Z,157116293556062,157116293556062,157116293556062,-1,-1,ok,
exp_constrained_pub_only_xcdr__py_to_py__1000000B__10Hz__shmem_ds__best_effort,publish,pub,py_to_py,constrained_pub_only,exp,xcdr,shmem_ds,1000000,10,1,measured,277,2026-09-09T14:25:22.730507Z,157116392660588,157116392660588,157116392660588,-1,-1,ok,
exp_constrained_pub_only_xcdr__py_to_py__1000000B__10Hz__shmem_ds__best_effort,publish,pub,py_to_py,constrained_pub_only,exp,xcdr,shmem_ds,1000000,10,1,measured,278,2026-09-09T14:25:22.830762Z,157116492905822,157116492905822,157116492905822,-1,-1,ok,
exp_constrained_pub_only_xcdr__py_to_py__1000000B__10Hz__shmem_ds__best_effort,publish,pub,py_to_py,constrained_pub_only,exp,xcdr,shmem_ds,1000000,10,1,measured,279,2026-09-09T14:25:22.930074Z,157116592227786,157116592227786,157116592227786,-1,-1,ok,
exp_constrained_pub_only_xcdr__py_to_py__1000000B__10Hz__shmem_ds__best_effort,publish,pub,py_to_py,constrained_pub_only,exp,xcdr,shmem_ds,1000000,10,1,measured,280,2026-09-09T14:25:23.030218Z,157116692371271,157116692371271,157116692371271,-1,-1,ok,
exp_constrained_pub_only_xcdr__py_to_py__1000000B__10Hz__shmem_ds__best_effort,publish,pub,py_to_py,constrained_pub_only,exp,xcdr,shmem_ds,1000000,10,1,measured,281,2026-09-09T14:25:23.130822Z,157116792962008,157116792962008,157116792962008,-1,-1,ok,
exp_constrained_pub_only_xcdr__py_to_py__1000000B__10Hz__shmem_ds__best_effort,publish,pub,py_to_py,constrained_pub_only,exp,xcdr,shmem_ds,1000000,10,1,measured,282,2026-09-09T14:25:23.230316Z,157116892469644,157116892469644,157116892469644,-1,-1,ok,
exp_constrained_pub_only_xcdr__py_to_py__1000000B__10Hz__shmem_ds__best_effort,publish,pub,py_to_py,constrained_pub_only,exp,xcdr,shmem_ds,1000000,10,1,measured,283,2026-09-09T14:25:23.330478Z,157116992645863,157116992645863,157116992645863,-1,-1,ok,
exp_constrained_pub_only_xcdr__py_to_py__1000000B__10Hz__shmem_ds__best_effort,publish,pub,py_to_py,constrained_pub_only,exp,xcdr,shmem_ds,1000000,10,1,measured,284,2026-09-09T14:25:23.429906Z,157117092075583,157117092075583,157117092075583,-1,-1,ok,
exp_constrained_pub_only_xcdr__py_to_py__1000000B__10Hz__shmem_ds__best_effort,publish,pub,py_to_py,constrained_pub_only,exp,xcdr,shmem_ds,1000000,10,1,measured,285,2026-09-09T14:25:23.530023Z,157117192179167,157117192179167,157117192179167,-1,-1,ok,
exp_constrained_pub_only_xcdr__py_to_py__1000000B__10Hz__shmem_ds__best_effort,publish,pub,py_to_py,constrained_pub_only,exp,xcdr,shmem_ds,1000000,10,1,measured,286,2026-09-09T14:25:23.630646Z,157117292799438,157117292799438,157117292799438,-1,-1,ok,
exp_constrained_pub_only_xcdr__py_to_py__1000000B__10Hz__shmem_ds__best_effort,publish,pub,py_to_py,constrained_pub_only,exp,xcdr,shmem_ds,1000000,10,1,measured,287,2026-09-09T14:25:23.731567Z,157117393720563,157117393720563,157117393720563,-1,-1,ok,
exp_constrained_pub_only_xcdr__py_to_py__1000000B__10Hz__shmem_ds__best_effort,publish,pub,py_to_py,constrained_pub_only,exp,xcdr,shmem_ds,1000000,10,1,measured,288,2026-09-09T14:25:23.830687Z,157117492836465,157117492836465,157117492836465,-1,-1,ok,
exp_constrained_pub_only_xcdr__py_to_py__1000000B__10Hz__shmem_ds__best_effort,publish,pub,py_to_py,constrained_pub_only,exp,xcdr,shmem_ds,1000000,10,1,measured,289,2026-09-09T14:25:23.930590Z,157117592748960,157117592748960,157117592748960,-1,-1,ok,
exp_constrained_pub_only_xcdr__py_to_py__1000000B__10Hz__shmem_ds__best_effort,publish,pub,py_to_py,constrained_pub_only,exp,xcdr,shmem_ds,1000000,10,1,measured,290,2026-09-09T14:25:24.030122Z,157117692271385,157117692271385,157117692271385,-1,-1,ok,
exp_constrained_pub_only_xcdr__py_to_py__1000000B__10Hz__shmem_ds__best_effort,publish,pub,py_to_py,constrained_pub_only,exp,xcdr,shmem_ds,1000000,10,1,measured,291,2026-09-09T14:25:24.129154Z,157117791316009,157117791316009,157117791316009,-1,-1,ok,
exp_constrained_pub_only_xcdr__py_to_py__1000000B__10Hz__shmem_ds__best_effort,publish,pub,py_to_py,constrained_pub_only,exp,xcdr,shmem_ds,1000000,10,1,measured,292,2026-09-09T14:25:24.229523Z,157117891685024,157117891685024,157117891685024,-1,-1,ok,
exp_constrained_pub_only_xcdr__py_to_py__1000000B__10Hz__shmem_ds__best_effort,publish,pub,py_to_py,constrained_pub_only,exp,xcdr,shmem_ds,1000000,10,1,measured,293,2026-09-09T14:25:24.329874Z,157117992019324,157117992019324,157117992019324,-1,-1,ok,
exp_constrained_pub_only_xcdr__py_to_py__1000000B__10Hz__shmem_ds__best_effort,publish,pub,py_to_py,constrained_pub_only,exp,xcdr,shmem_ds,1000000,10,1,measured,294,2026-09-09T14:25:24.429233Z,157118091390789,157118091390789,157118091390789,-1,-1,ok,
exp_constrained_pub_only_xcdr__py_to_py__1000000B__10Hz__shmem_ds__best_effort,publish,pub,py_to_py,constrained_pub_only,exp,xcdr,shmem_ds,1000000,10,1,measured,295,2026-09-09T14:25:24.529823Z,157118191961892,157118191961892,157118191961892,-1,-1,ok,
exp_constrained_pub_only_xcdr__py_to_py__1000000B__10Hz__shmem_ds__best_effort,publish,pub,py_to_py,constrained_pub_only,exp,xcdr,shmem_ds,1000000,10,1,measured,296,2026-09-09T14:25:24.629920Z,157118292059389,157118292059389,157118292059389,-1,-1,ok,
exp_constrained_pub_only_xcdr__py_to_py__1000000B__10Hz__shmem_ds__best_effort,publish,pub,py_to_py,constrained_pub_only,exp,xcdr,shmem_ds,1000000,10,1,measured,297,2026-09-09T14:25:24.729626Z,157118391789386,157118391789386,157118391789386,-1,-1,ok,
exp_constrained_pub_only_xcdr__py_to_py__1000000B__10Hz__shmem_ds__best_effort,publish,pub,py_to_py,constrained_pub_only,exp,xcdr,shmem_ds,1000000,10,1,measured,298,2026-09-09T14:25:24.828847Z,157118490988949,157118490988949,157118490988949,-1,-1,ok,
exp_constrained_pub_only_xcdr__py_to_py__1000000B__10Hz__shmem_ds__best_effort,publish,pub,py_to_py,constrained_pub_only,exp,xcdr,shmem_ds,1000000,10,1,measured,299,2026-09-09T14:25:24.927982Z,157118590131766,157118590131766,157118590131766,-1,-1,ok,
exp_constrained_pub_only_xcdr__py_to_py__1000000B__10Hz__shmem_ds__best_effort,publish,pub,py_to_py,constrained_pub_only,exp,xcdr,shmem_ds,1000000,10,1,measured,300,2026-09-09T14:25:25.029021Z,157118691164446,157118691164446,157118691164446,-1,-1,ok,
exp_constrained_pub_only_xcdr__py_to_py__1000000B__10Hz__shmem_ds__best_effort,receive,sub,py_to_py,constrained_pub_only,exp,xcdr,shmem_ds,1000000,10,1,measured,0,2026-09-09T14:24:55.034015Z,157088696122097,157088695706659,157088696122097,1788963895033570834,1788963895033630776,ok,
exp_constrained_pub_only_xcdr__py_to_py__1000000B__10Hz__shmem_ds__best_effort,receive,sub,py_to_py,constrained_pub_only,exp,xcdr,shmem_ds,1000000,10,1,measured,1,2026-09-09T14:24:55.134397Z,157088796536818,157088796313410,157088796536818,1788963895134153830,1788963895134190208,ok,
exp_constrained_pub_only_xcdr__py_to_py__1000000B__10Hz__shmem_ds__best_effort,receive,sub,py_to_py,constrained_pub_only,exp,xcdr,shmem_ds,1000000,10,1,measured,2,2026-09-09T14:24:55.233274Z,157088895415883,157088895146619,157088895415883,1788963895232994352,1788963895233041921,ok,
exp_constrained_pub_only_xcdr__py_to_py__1000000B__10Hz__shmem_ds__best_effort,receive,sub,py_to_py,constrained_pub_only,exp,xcdr,shmem_ds,1000000,10,1,measured,3,2026-09-09T14:24:55.332251Z,157088994395035,157088994192376,157088994395035,1788963895332030792,1788963895332067009,ok,
exp_constrained_pub_only_xcdr__py_to_py__1000000B__10Hz__shmem_ds__best_effort,receive,sub,py_to_py,constrained_pub_only,exp,xcdr,shmem_ds,1000000,10,1,measured,4,2026-09-09T14:24:55.431903Z,157089094046908,157089093799635,157089094046908,1788963895431639173,1788963895431681262,ok,
exp_constrained_pub_only_xcdr__py_to_py__1000000B__10Hz__shmem_ds__best_effort,receive,sub,py_to_py,constrained_pub_only,exp,xcdr,shmem_ds,1000000,10,1,measured,5,2026-09-09T14:24:55.532490Z,157089194634492,157089194362222,157089194634492,1788963895532212821,1788963895532260430,ok,
exp_constrained_pub_only_xcdr__py_to_py__1000000B__10Hz__shmem_ds__best_effort,receive,sub,py_to_py,constrained_pub_only,exp,xcdr,shmem_ds,1000000,10,1,measured,6,2026-09-09T14:24:55.632622Z,157089294766744,157089294527506,157089294766744,1788963895632368506,1788963895632415174,ok,
exp_constrained_pub_only_xcdr__py_to_py__1000000B__10Hz__shmem_ds__best_effort,receive,sub,py_to_py,constrained_pub_only,exp,xcdr,shmem_ds,1000000,10,1,measured,7,2026-09-09T14:24:55.733500Z,157089395643871,157089395403200,157089395643871,1788963895733241816,1788963895733287702,ok,
exp_constrained_pub_only_xcdr__py_to_py__1000000B__10Hz__shmem_ds__best_effort,receive,sub,py_to_py,constrained_pub_only,exp,xcdr,shmem_ds,1000000,10,1,measured,8,2026-09-09T14:24:55.832697Z,157089494839148,157089494594079,157089494839148,1788963895832431393,1788963895832481086,ok,
exp_constrained_pub_only_xcdr__py_to_py__1000000B__10Hz__shmem_ds__best_effort,receive,sub,py_to_py,constrained_pub_only,exp,xcdr,shmem_ds,1000000,10,1,measured,9,2026-09-09T14:24:55.932510Z,157089594652743,157089594444152,157089594652743,1788963895932280985,1788963895932321080,ok,
exp_constrained_pub_only_xcdr__py_to_py__1000000B__10Hz__shmem_ds__best_effort,receive,sub,py_to_py,constrained_pub_only,exp,xcdr,shmem_ds,1000000,10,1,measured,10,2026-09-09T14:24:56.031579Z,157089693721464,157089693472768,157089693721464,1788963896031313037,1788963896031357451,ok,
exp_constrained_pub_only_xcdr__py_to_py__1000000B__10Hz__shmem_ds__best_effort,receive,sub,py_to_py,constrained_pub_only,exp,xcdr,shmem_ds,1000000,10,1,measured,11,2026-09-09T14:24:56.130921Z,157089793064252,157089792826106,157089793064252,1788963896130666135,1788963896130704136,ok,
exp_constrained_pub_only_xcdr__py_to_py__1000000B__10Hz__shmem_ds__best_effort,receive,sub,py_to_py,constrained_pub_only,exp,xcdr,shmem_ds,1000000,10,1,measured,12,2026-09-09T14:24:56.230642Z,157089892763677,157089892516344,157089892763677,1788963896230363847,1788963896230406427,ok,
exp_constrained_pub_only_xcdr__py_to_py__1000000B__10Hz__shmem_ds__best_effort,receive,sub,py_to_py,constrained_pub_only,exp,xcdr,shmem_ds,1000000,10,1,measured,13,2026-09-09T14:24:56.329792Z,157089991943300,157089991729649,157089991943300,1788963896329565761,1788963896329603862,ok,
exp_constrained_pub_only_xcdr__py_to_py__1000000B__10Hz__shmem_ds__best_effort,receive,sub,py_to_py,constrained_pub_only,exp,xcdr,shmem_ds,1000000,10,1,measured,14,2026-09-09T14:24:56.429113Z,157090091259688,157090091043924,157090091259688,1788963896428883602,1788963896428924499,ok,
exp_constrained_pub_only_xcdr__py_to_py__1000000B__10Hz__shmem_ds__best_effort,receive,sub,py_to_py,constrained_pub_only,exp,xcdr,shmem_ds,1000000,10,1,measured,15,2026-09-09T14:24:56.529401Z,157090191554379,157090191365785,157090191554379,1788963896529198120,1788963896529231753,ok,
exp_constrained_pub_only_xcdr__py_to_py__1000000B__10Hz__shmem_ds__best_effort,receive,sub,py_to_py,constrained_pub_only,exp,xcdr,shmem_ds,1000000,10,1,measured,16,2026-09-09T14:24:56.629385Z,157090291534570,157090291312784,157090291534570,1788963896629151130,1788963896629190324,ok,
exp_constrained_pub_only_xcdr__py_to_py__1000000B__10Hz__shmem_ds__best_effort,receive,sub,py_to_py,constrained_pub_only,exp,xcdr,shmem_ds,1000000,10,1,measured,17,2026-09-09T14:24:56.728995Z,157090391120593,157090390906623,157090391120593,1788963896728743466,1788963896728779092,ok,
exp_constrained_pub_only_xcdr__py_to_py__1000000B__10Hz__shmem_ds__best_effort,receive,sub,py_to_py,constrained_pub_only,exp,xcdr,shmem_ds,1000000,10,1,measured,18,2026-09-09T14:24:56.829128Z,157090491279700,157090491092319,157090491279700,1788963896828923702,1788963896828955853,ok,
exp_constrained_pub_only_xcdr__py_to_py__1000000B__10Hz__shmem_ds__best_effort,receive,sub,py_to_py,constrained_pub_only,exp,xcdr,shmem_ds,1000000,10,1,measured,19,2026-09-09T14:24:56.930109Z,157090592253293,157090591937020,157090592253293,1788963896929793530,1788963896929842973,ok,
exp_constrained_pub_only_xcdr__py_to_py__1000000B__10Hz__shmem_ds__best_effort,receive,sub,py_to_py,constrained_pub_only,exp,xcdr,shmem_ds,1000000,10,1,measured,20,2026-09-09T14:24:57.028941Z,157090691084313,157090690835357,157090691084313,1788963897028681538,1788963897028719338,ok,
exp_constrained_pub_only_xcdr__py_to_py__1000000B__10Hz__shmem_ds__best_effort,receive,sub,py_to_py,constrained_pub_only,exp,xcdr,shmem_ds,1000000,10,1,measured,21,2026-09-09T14:24:57.129456Z,157090791571950,157090791275855,157090791571950,1788963897129131563,1788963897129186386,ok,
exp_constrained_pub_only_xcdr__py_to_py__1000000B__10Hz__shmem_ds__best_effort,receive,sub,py_to_py,constrained_pub_only,exp,xcdr,shmem_ds,1000000,10,1,measured,22,2026-09-09T14:24:57.229881Z,157090892027867,157090891802174,157090892027867,1788963897229640420,1788963897229681497,ok,
exp_constrained_pub_only_xcdr__py_to_py__1000000B__10Hz__shmem_ds__best_effort,receive,sub,py_to_py,constrained_pub_only,exp,xcdr,shmem_ds,1000000,10,1,measured,23,2026-09-09T14:24:57.330452Z,157090992600162,157090992271807,157090992600162,1788963897330149807,1788963897330195984,ok,
exp_constrained_pub_only_xcdr__py_to_py__1000000B__10Hz__shmem_ds__best_effort,receive,sub,py_to_py,constrained_pub_only,exp,xcdr,shmem_ds,1000000,10,1,measured,24,2026-09-09T14:24:57.428920Z,157091091062355,157091090727678,157091091062355,1788963897428588406,1788963897428633620,ok,
exp_constrained_pub_only_xcdr__py_to_py__1000000B__10Hz__shmem_ds__best_effort,receive,sub,py_to_py,constrained_pub_only,exp,xcdr,shmem_ds,1000000,10,1,measured,25,2026-09-09T14:24:57.529667Z,157091191817833,157091191609173,157091191817833,1788963897529446637,1788963897529482674,ok,
exp_constrained_pub_only_xcdr__py_to_py__1000000B__10Hz__shmem_ds__best_effort,receive,sub,py_to_py,constrained_pub_only,exp,xcdr,shmem_ds,1000000,10,1,measured,26,2026-09-09T14:24:57.629246Z,157091291396768,157091291135037,157091291396768,1788963897628974245,1788963897629017987,ok,
exp_constrained_pub_only_xcdr__py_to_py__1000000B__10Hz__shmem_ds__best_effort,receive,sub,py_to_py,constrained_pub_only,exp,xcdr,shmem_ds,1000000,10,1,measured,27,2026-09-09T14:24:57.728327Z,157091390478782,157091390294787,157091390478782,1788963897728127372,1788963897728158040,ok,
exp_constrained_pub_only_xcdr__py_to_py__1000000B__10Hz__shmem_ds__best_effort,receive,sub,py_to_py,constrained_pub_only,exp,xcdr,shmem_ds,1000000,10,1,measured,28,2026-09-09T14:24:57.828581Z,157091490728112,157091490457355,157091490728112,1788963897828306751,1788963897828345193,ok,
exp_constrained_pub_only_xcdr__py_to_py__1000000B__10Hz__shmem_ds__best_effort,receive,sub,py_to_py,constrained_pub_only,exp,xcdr,shmem_ds,1000000,10,1,measured,29,2026-09-09T14:24:57.928528Z,157091590677100,157091590466695,157091590677100,1788963897928303929,1788963897928338404,ok,
exp_constrained_pub_only_xcdr__py_to_py__1000000B__10Hz__shmem_ds__best_effort,receive,sub,py_to_py,constrained_pub_only,exp,xcdr,shmem_ds,1000000,10,1,measured,30,2026-09-09T14:24:58.029036Z,157091691149358,157091690824059,157091691149358,1788963898028694265,1788963898028747544,ok,
exp_constrained_pub_only_xcdr__py_to_py__1000000B__10Hz__shmem_ds__best_effort,receive,sub,py_to_py,constrained_pub_only,exp,xcdr,shmem_ds,1000000,10,1,measured,31,2026-09-09T14:24:58.129284Z,157091791429420,157091791216051,157091791429420,1788963898129054747,1788963898129090644,ok,
exp_constrained_pub_only_xcdr__py_to_py__1000000B__10Hz__shmem_ds__best_effort,receive,sub,py_to_py,constrained_pub_only,exp,xcdr,shmem_ds,1000000,10,1,measured,32,2026-09-09T14:24:58.229909Z,157091892032157,157091891769115,157091892032157,1788963898229604475,1788963898229654980,ok,
exp_constrained_pub_only_xcdr__py_to_py__1000000B__10Hz__shmem_ds__best_effort,receive,sub,py_to_py,constrained_pub_only,exp,xcdr,shmem_ds,1000000,10,1,measured,33,2026-09-09T14:24:58.329861Z,157091991964508,157091991680506,157091991964508,1788963898329517700,1788963898329579165,ok,
exp_constrained_pub_only_xcdr__py_to_py__1000000B__10Hz__shmem_ds__best_effort,receive,sub,py_to_py,constrained_pub_only,exp,xcdr,shmem_ds,1000000,10,1,measured,34,2026-09-09T14:24:58.430556Z,157092092690035,157092092494028,157092092690035,1788963898430318368,1788963898430352943,ok,
exp_constrained_pub_only_xcdr__py_to_py__1000000B__10Hz__shmem_ds__best_effort,receive,sub,py_to_py,constrained_pub_only,exp,xcdr,shmem_ds,1000000,10,1,measured,35,2026-09-09T14:24:58.530380Z,157092192530224,157092192347512,157092192530224,1788963898530170619,1788963898530198371,ok,
exp_constrained_pub_only_xcdr__py_to_py__1000000B__10Hz__shmem_ds__best_effort,receive,sub,py_to_py,constrained_pub_only,exp,xcdr,shmem_ds,1000000,10,1,measured,36,2026-09-09T14:24:58.630587Z,157092292729756,157092292534560,157092292729756,1788963898630360392,1788963898630395468,ok,
exp_constrained_pub_only_xcdr__py_to_py__1000000B__10Hz__shmem_ds__best_effort,receive,sub,py_to_py,constrained_pub_only,exp,xcdr,shmem_ds,1000000,10,1,measured,37,2026-09-09T14:24:58.731336Z,157092393481792,157092393258093,157092393481792,1788963898731097461,1788963898731134861,ok,
exp_constrained_pub_only_xcdr__py_to_py__1000000B__10Hz__shmem_ds__best_effort,receive,sub,py_to_py,constrained_pub_only,exp,xcdr,shmem_ds,1000000,10,1,measured,38,2026-09-09T14:24:58.831532Z,157092493675002,157092493411458,157092493675002,1788963898831247029,1788963898831288436,ok,
exp_constrained_pub_only_xcdr__py_to_py__1000000B__10Hz__shmem_ds__best_effort,receive,sub,py_to_py,constrained_pub_only,exp,xcdr,shmem_ds,1000000,10,1,measured,39,2026-09-09T14:24:58.932235Z,157092594382144,157092594155550,157092594382144,1788963898931994917,1788963898932035113,ok,
exp_constrained_pub_only_xcdr__py_to_py__1000000B__10Hz__shmem_ds__best_effort,receive,sub,py_to_py,constrained_pub_only,exp,xcdr,shmem_ds,1000000,10,1,measured,40,2026-09-09T14:24:59.032468Z,157092694610501,157092694364450,157092694610501,1788963899032200772,1788963899032236259,ok,
exp_constrained_pub_only_xcdr__py_to_py__1000000B__10Hz__shmem_ds__best_effort,receive,sub,py_to_py,constrained_pub_only,exp,xcdr,shmem_ds,1000000,10,1,measured,41,2026-09-09T14:24:59.132798Z,157092794928429,157092794700341,157092794928429,1788963899132538657,1788963899132579674,ok,
exp_constrained_pub_only_xcdr__py_to_py__1000000B__10Hz__shmem_ds__best_effort,receive,sub,py_to_py,constrained_pub_only,exp,xcdr,shmem_ds,1000000,10,1,measured,42,2026-09-09T14:24:59.231675Z,157092893828822,157092893651860,157092893828822,1788963899231473685,1788963899231500625,ok,
exp_constrained_pub_only_xcdr__py_to_py__1000000B__10Hz__shmem_ds__best_effort,receive,sub,py_to_py,constrained_pub_only,exp,xcdr,shmem_ds,1000000,10,1,measured,43,2026-09-09T14:24:59.331478Z,157092993621165,157092993386155,157092993621165,1788963899331223379,1788963899331262101,ok,
exp_constrained_pub_only_xcdr__py_to_py__1000000B__10Hz__shmem_ds__best_effort,receive,sub,py_to_py,constrained_pub_only,exp,xcdr,shmem_ds,1000000,10,1,measured,44,2026-09-09T14:24:59.430721Z,157093092867085,157093092661179,157093092867085,1788963899430498303,1788963899430536314,ok,
exp_constrained_pub_only_xcdr__py_to_py__1000000B__10Hz__shmem_ds__best_effort,receive,sub,py_to_py,constrained_pub_only,exp,xcdr,shmem_ds,1000000,10,1,measured,45,2026-09-09T14:24:59.530099Z,157093192243490,157093192007457,157093192243490,1788963899529846695,1788963899529886930,ok,
exp_constrained_pub_only_xcdr__py_to_py__1000000B__10Hz__shmem_ds__best_effort,receive,sub,py_to_py,constrained_pub_only,exp,xcdr,shmem_ds,1000000,10,1,measured,46,2026-09-09T14:24:59.629628Z,157093291754817,157093291535766,157093291754817,1788963899629376817,1788963899629413997,ok,
exp_constrained_pub_only_xcdr__py_to_py__1000000B__10Hz__shmem_ds__best_effort,receive,sub,py_to_py,constrained_pub_only,exp,xcdr,shmem_ds,1000000,10,1,measured,47,2026-09-09T14:24:59.728927Z,157093391071369,157093390853340,157093391071369,1788963899728689813,1788963899728725409,ok,
exp_constrained_pub_only_xcdr__py_to_py__1000000B__10Hz__shmem_ds__best_effort,receive,sub,py_to_py,constrained_pub_only,exp,xcdr,shmem_ds,1000000,10,1,measured,48,2026-09-09T14:24:59.828363Z,157093490509359,157093490282824,157093490509359,1788963899828127412,1788963899828162678,ok,
exp_constrained_pub_only_xcdr__py_to_py__1000000B__10Hz__shmem_ds__best_effort,receive,sub,py_to_py,constrained_pub_only,exp,xcdr,shmem_ds,1000000,10,1,measured,49,2026-09-09T14:24:59.928771Z,157093590883802,157093590563182,157093590883802,1788963899928422717,1788963899928486126,ok,
exp_constrained_pub_only_xcdr__py_to_py__1000000B__10Hz__shmem_ds__best_effort,receive,sub,py_to_py,constrained_pub_only,exp,xcdr,shmem_ds,1000000,10,1,measured,50,2026-09-09T14:25:00.028517Z,157093690661540,157093690435797,157093690661540,1788963900028273251,1788963900028309539,ok,
exp_constrained_pub_only_xcdr__py_to_py__1000000B__10Hz__shmem_ds__best_effort,receive,sub,py_to_py,constrained_pub_only,exp,xcdr,shmem_ds,1000000,10,1,measured,51,2026-09-09T14:25:00.127944Z,157093790072844,157093789850778,157093790072844,1788963900127687912,1788963900127721795,ok,
exp_constrained_pub_only_xcdr__py_to_py__1000000B__10Hz__shmem_ds__best_effort,receive,sub,py_to_py,constrained_pub_only,exp,xcdr,shmem_ds,1000000,10,1,measured,52,2026-09-09T14:25:00.227237Z,157093889366067,157093889164539,157093889366067,1788963900227000952,1788963900227030757,ok,
exp_constrained_pub_only_xcdr__py_to_py__1000000B__10Hz__shmem_ds__best_effort,receive,sub,py_to_py,constrained_pub_only,exp,xcdr,shmem_ds,1000000,10,1,measured,53,2026-09-09T14:25:00.327059Z,157093989207197,157093989056544,157093989207197,1788963900326887036,1788963900326904538,ok,
exp_constrained_pub_only_xcdr__py_to_py__1000000B__10Hz__shmem_ds__best_effort,receive,sub,py_to_py,constrained_pub_only,exp,xcdr,shmem_ds,1000000,10,1,measured,54,2026-09-09T14:25:00.427672Z,157094089821895,157094089640004,157094089821895,1788963900427469894,1788963900427500211,ok,
exp_constrained_pub_only_xcdr__py_to_py__1000000B__10Hz__shmem_ds__best_effort,receive,sub,py_to_py,constrained_pub_only,exp,xcdr,shmem_ds,1000000,10,1,measured,55,2026-09-09T14:25:00.528348Z,157094190492949,157094190255253,157094190492949,1788963900528100743,1788963900528139345,ok,
exp_constrained_pub_only_xcdr__py_to_py__1000000B__10Hz__shmem_ds__best_effort,receive,sub,py_to_py,constrained_pub_only,exp,xcdr,shmem_ds,1000000,10,1,measured,56,2026-09-09T14:25:00.628440Z,157094290583485,157094290341121,157094290583485,1788963900628178655,1788963900628215765,ok,
exp_constrained_pub_only_xcdr__py_to_py__1000000B__10Hz__shmem_ds__best_effort,receive,sub,py_to_py,constrained_pub_only,exp,xcdr,shmem_ds,1000000,10,1,measured,57,2026-09-09T14:25:00.727706Z,157094389856009,157094389676032,157094389856009,1788963900727505201,1788963900727530398,ok,
exp_constrained_pub_only_xcdr__py_to_py__1000000B__10Hz__shmem_ds__best_effort,receive,sub,py_to_py,constrained_pub_only,exp,xcdr,shmem_ds,1000000,10,1,measured,58,2026-09-09T14:25:00.828114Z,157094490261716,157094490047795,157094490261716,1788963900827879388,1788963900827912110,ok,
exp_constrained_pub_only_xcdr__py_to_py__1000000B__10Hz__shmem_ds__best_effort,receive,sub,py_to_py,constrained_pub_only,exp,xcdr,shmem_ds,1000000,10,1,measured,59,2026-09-09T14:25:00.927403Z,157094589553927,157094589364141,157094589553927,1788963900927191827,1788963900927222344,ok,
exp_constrained_pub_only_xcdr__py_to_py__1000000B__10Hz__shmem_ds__best_effort,receive,sub,py_to_py,constrained_pub_only,exp,xcdr,shmem_ds,1000000,10,1,measured,60,2026-09-09T14:25:01.027385Z,157094689528858,157094689276615,157094689528858,1788963901027124239,1788963901027158423,ok,
exp_constrained_pub_only_xcdr__py_to_py__1000000B__10Hz__shmem_ds__best_effort,receive,sub,py_to_py,constrained_pub_only,exp,xcdr,shmem_ds,1000000,10,1,measured,61,2026-09-09T14:25:01.128345Z,157094790489279,157094790260320,157094790489279,1788963901128100930,1788963901128137829,ok,
exp_constrained_pub_only_xcdr__py_to_py__1000000B__10Hz__shmem_ds__best_effort,receive,sub,py_to_py,constrained_pub_only,exp,xcdr,shmem_ds,1000000,10,1,measured,62,2026-09-09T14:25:01.228889Z,157094890991502,157094890665631,157094890991502,1788963901228523904,1788963901228585069,ok,
exp_constrained_pub_only_xcdr__py_to_py__1000000B__10Hz__shmem_ds__best_effort,receive,sub,py_to_py,constrained_pub_only,exp,xcdr,shmem_ds,1000000,10,1,measured,63,2026-09-09T14:25:01.329057Z,157094991206606,157094990943684,157094991206606,1788963901328789774,1788963901328869614,ok,
exp_constrained_pub_only_xcdr__py_to_py__1000000B__10Hz__shmem_ds__best_effort,receive,sub,py_to_py,constrained_pub_only,exp,xcdr,shmem_ds,1000000,10,1,measured,64,2026-09-09T14:25:01.429063Z,157095091210445,157095091022022,157095091210445,1788963901428852012,1788963901428878181,ok,
exp_constrained_pub_only_xcdr__py_to_py__1000000B__10Hz__shmem_ds__best_effort,receive,sub,py_to_py,constrained_pub_only,exp,xcdr,shmem_ds,1000000,10,1,measured,65,2026-09-09T14:25:01.529652Z,157095191796324,157095191561744,157095191796324,1788963901529399098,1788963901529438953,ok,
exp_constrained_pub_only_xcdr__py_to_py__1000000B__10Hz__shmem_ds__best_effort,receive,sub,py_to_py,constrained_pub_only,exp,xcdr,shmem_ds,1000000,10,1,measured,66,2026-09-09T14:25:01.630381Z,157095292524409,157095292269371,157095292524409,1788963901630113107,1788963901630151609,ok,
exp_constrained_pub_only_xcdr__py_to_py__1000000B__10Hz__shmem_ds__best_effort,receive,sub,py_to_py,constrained_pub_only,exp,xcdr,shmem_ds,1000000,10,1,measured,67,2026-09-09T14:25:01.729636Z,157095391789274,157095391632800,157095391789274,1788963901729459274,1788963901729483279,ok,
exp_constrained_pub_only_xcdr__py_to_py__1000000B__10Hz__shmem_ds__best_effort,receive,sub,py_to_py,constrained_pub_only,exp,xcdr,shmem_ds,1000000,10,1,measured,68,2026-09-09T14:25:01.828942Z,157095491090456,157095490868821,157095491090456,1788963901828711374,1788963901828750217,ok,
exp_constrained_pub_only_xcdr__py_to_py__1000000B__10Hz__shmem_ds__best_effort,receive,sub,py_to_py,constrained_pub_only,exp,xcdr,shmem_ds,1000000,10,1,measured,69,2026-09-09T14:25:01.928481Z,157095590626728,157095590417837,157095590626728,1788963901928256794,1788963901928294795,ok,
exp_constrained_pub_only_xcdr__py_to_py__1000000B__10Hz__shmem_ds__best_effort,receive,sub,py_to_py,constrained_pub_only,exp,xcdr,shmem_ds,1000000,10,1,measured,70,2026-09-09T14:25:02.027785Z,157095689911070,157095689681390,157095689911070,1788963902027517982,1788963902027555072,ok,
exp_constrained_pub_only_xcdr__py_to_py__1000000B__10Hz__shmem_ds__best_effort,receive,sub,py_to_py,constrained_pub_only,exp,xcdr,shmem_ds,1000000,10,1,measured,71,2026-09-09T14:25:02.127202Z,157095789348793,157095789155711,157095789348793,1788963902126981173,1788963902127011930,ok,
exp_constrained_pub_only_xcdr__py_to_py__1000000B__10Hz__shmem_ds__best_effort,receive,sub,py_to_py,constrained_pub_only,exp,xcdr,shmem_ds,1000000,10,1,measured,72,2026-09-09T14:25:02.227973Z,157095890105025,157095889906302,157095890105025,1788963902227729380,1788963902227757763,ok,
exp_constrained_pub_only_xcdr__py_to_py__1000000B__10Hz__shmem_ds__best_effort,receive,sub,py_to_py,constrained_pub_only,exp,xcdr,shmem_ds,1000000,10,1,measured,73,2026-09-09T14:25:02.328678Z,157095990841761,157095990721937,157095990841761,1788963902328538692,1788963902328553179,ok,
exp_constrained_pub_only_xcdr__py_to_py__1000000B__10Hz__shmem_ds__best_effort,receive,sub,py_to_py,constrained_pub_only,exp,xcdr,shmem_ds,1000000,10,1,measured,74,2026-09-09T14:25:02.428699Z,157096090817572,157096090531025,157096090817572,1788963902428371465,1788963902428427560,ok,
exp_constrained_pub_only_xcdr__py_to_py__1000000B__10Hz__shmem_ds__best_effort,receive,sub,py_to_py,constrained_pub_only,exp,xcdr,shmem_ds,1000000,10,1,measured,75,2026-09-09T14:25:02.528873Z,157096191022622,157096190812168,157096191022622,1788963902528641357,1788963902528678025,ok,
exp_constrained_pub_only_xcdr__py_to_py__1000000B__10Hz__shmem_ds__best_effort,receive,sub,py_to_py,constrained_pub_only,exp,xcdr,shmem_ds,1000000,10,1,measured,76,2026-09-09T14:25:02.628668Z,157096290817343,157096290616006,157096290817343,1788963902628443612,1788963902628479289,ok,
exp_constrained_pub_only_xcdr__py_to_py__1000000B__10Hz__shmem_ds__best_effort,receive,sub,py_to_py,constrained_pub_only,exp,xcdr,shmem_ds,1000000,10,1,measured,77,2026-09-09T14:25:02.730252Z,157096392397890,157096392074474,157096392397890,1788963902729943798,1788963902729992960,ok,
exp_constrained_pub_only_xcdr__py_to_py__1000000B__10Hz__shmem_ds__best_effort,receive,sub,py_to_py,constrained_pub_only,exp,xcdr,shmem_ds,1000000,10,1,measured,78,2026-09-09T14:25:02.829667Z,157096491808562,157096491537064,157096491808562,1788963902829366443,1788963902829404684,ok,
exp_constrained_pub_only_xcdr__py_to_py__1000000B__10Hz__shmem_ds__best_effort,receive,sub,py_to_py,constrained_pub_only,exp,xcdr,shmem_ds,1000000,10,1,measured,79,2026-09-09T14:25:02.929021Z,157096591164451,157096590959628,157096591164451,1788963902928786863,1788963902928829953,ok,
exp_constrained_pub_only_xcdr__py_to_py__1000000B__10Hz__shmem_ds__best_effort,receive,sub,py_to_py,constrained_pub_only,exp,xcdr,shmem_ds,1000000,10,1,measured,80,2026-09-09T14:25:03.028507Z,157096690653511,157096690457725,157096690653511,1788963903028285010,1788963903028320075,ok,
exp_constrained_pub_only_xcdr__py_to_py__1000000B__10Hz__shmem_ds__best_effort,receive,sub,py_to_py,constrained_pub_only,exp,xcdr,shmem_ds,1000000,10,1,measured,81,2026-09-09T14:25:03.128451Z,157096790584352,157096790408623,157096790584352,1788963903128230037,1788963903128254824,ok,
exp_constrained_pub_only_xcdr__py_to_py__1000000B__10Hz__shmem_ds__best_effort,receive,sub,py_to_py,constrained_pub_only,exp,xcdr,shmem_ds,1000000,10,1,measured,82,2026-09-09T14:25:03.228145Z,157096890290021,157096890069438,157096890290021,1788963903227898447,1788963903227934654,ok,
exp_constrained_pub_only_xcdr__py_to_py__1000000B__10Hz__shmem_ds__best_effort,receive,sub,py_to_py,constrained_pub_only,exp,xcdr,shmem_ds,1000000,10,1,measured,83,2026-09-09T14:25:03.328143Z,157096990286875,157096990064489,157096990286875,1788963903327892395,1788963903327928523,ok,
exp_constrained_pub_only_xcdr__py_to_py__1000000B__10Hz__shmem_ds__best_effort,receive,sub,py_to_py,constrained_pub_only,exp,xcdr,shmem_ds,1000000,10,1,measured,84,2026-09-09T14:25:03.429117Z,157097091239651,157097090993851,157097091239651,1788963903428829963,1788963903428871280,ok,
exp_constrained_pub_only_xcdr__py_to_py__1000000B__10Hz__shmem_ds__best_effort,receive,sub,py_to_py,constrained_pub_only,exp,xcdr,shmem_ds,1000000,10,1,measured,85,2026-09-09T14:25:03.529298Z,157097191440097,157097191208112,157097191440097,1788963903529041218,1788963903529080592,ok,
exp_constrained_pub_only_xcdr__py_to_py__1000000B__10Hz__shmem_ds__best_effort,receive,sub,py_to_py,constrained_pub_only,exp,xcdr,shmem_ds,1000000,10,1,measured,86,2026-09-09T14:25:03.628326Z,157097290467967,157097290238517,157097290467967,1788963903628072896,1788963903628120655,ok,
exp_constrained_pub_only_xcdr__py_to_py__1000000B__10Hz__shmem_ds__best_effort,receive,sub,py_to_py,constrained_pub_only,exp,xcdr,shmem_ds,1000000,10,1,measured,87,2026-09-09T14:25:03.729451Z,157097391594227,157097391372772,157097391594227,1788963903729205818,1788963903729242788,ok,
exp_constrained_pub_only_xcdr__py_to_py__1000000B__10Hz__shmem_ds__best_effort,receive,sub,py_to_py,constrained_pub_only,exp,xcdr,shmem_ds,1000000,10,1,measured,88,2026-09-09T14:25:03.829313Z,157097491458283,157097491248700,157097491458283,1788963903829075715,1788963903829112173,ok,
exp_constrained_pub_only_xcdr__py_to_py__1000000B__10Hz__shmem_ds__best_effort,receive,sub,py_to_py,constrained_pub_only,exp,xcdr,shmem_ds,1000000,10,1,measured,89,2026-09-09T14:25:03.928619Z,157097590735539,157097590441809,157097590735539,1788963903928283682,1788963903928343945,ok,
exp_constrained_pub_only_xcdr__py_to_py__1000000B__10Hz__shmem_ds__best_effort,receive,sub,py_to_py,constrained_pub_only,exp,xcdr,shmem_ds,1000000,10,1,measured,90,2026-09-09T14:25:04.027578Z,157097689728525,157097689532999,157097689728525,1788963904027360705,1788963904027395700,ok,
exp_constrained_pub_only_xcdr__py_to_py__1000000B__10Hz__shmem_ds__best_effort,receive,sub,py_to_py,constrained_pub_only,exp,xcdr,shmem_ds,1000000,10,1,measured,91,2026-09-09T14:25:04.126466Z,157097788630744,157097788493136,157097788630744,1788963904126314831,1788963904126335780,ok,
exp_constrained_pub_only_xcdr__py_to_py__1000000B__10Hz__shmem_ds__best_effort,receive,sub,py_to_py,constrained_pub_only,exp,xcdr,shmem_ds,1000000,10,1,measured,92,2026-09-09T14:25:04.226941Z,157097889080461,157097888838548,157097889080461,1788963904226669600,1788963904226711559,ok,
exp_constrained_pub_only_xcdr__py_to_py__1000000B__10Hz__shmem_ds__best_effort,receive,sub,py_to_py,constrained_pub_only,exp,xcdr,shmem_ds,1000000,10,1,measured,93,2026-09-09T14:25:04.327428Z,157097989598086,157097989470517,157097989598086,1788963904327289156,1788963904327307661,ok,
exp_constrained_pub_only_xcdr__py_to_py__1000000B__10Hz__shmem_ds__best_effort,receive,sub,py_to_py,constrained_pub_only,exp,xcdr,shmem_ds,1000000,10,1,measured,94,2026-09-09T14:25:04.427422Z,157098089586749,157098089434404,157098089586749,1788963904427257832,1788963904427282939,ok,
exp_constrained_pub_only_xcdr__py_to_py__1000000B__10Hz__shmem_ds__best_effort,receive,sub,py_to_py,constrained_pub_only,exp,xcdr,shmem_ds,1000000,10,1,measured,95,2026-09-09T14:25:04.526649Z,157098188797656,157098188589025,157098188797656,1788963904526417653,1788963904526455294,ok,
exp_constrained_pub_only_xcdr__py_to_py__1000000B__10Hz__shmem_ds__best_effort,receive,sub,py_to_py,constrained_pub_only,exp,xcdr,shmem_ds,1000000,10,1,measured,96,2026-09-09T14:25:04.626348Z,157098288496878,157098288293847,157098288496878,1788963904626122305,1788963904626158943,ok,
exp_constrained_pub_only_xcdr__py_to_py__1000000B__10Hz__shmem_ds__best_effort,receive,sub,py_to_py,constrained_pub_only,exp,xcdr,shmem_ds,1000000,10,1,measured,97,2026-09-09T14:25:04.727562Z,157098389708503,157098389502176,157098389708503,1788963904727329141,1788963904727367563,ok,
exp_constrained_pub_only_xcdr__py_to_py__1000000B__10Hz__shmem_ds__best_effort,receive,sub,py_to_py,constrained_pub_only,exp,xcdr,shmem_ds,1000000,10,1,measured,98,2026-09-09T14:25:04.827529Z,157098489673683,157098489445916,157098489673683,1788963904827272650,1788963904827309419,ok,
exp_constrained_pub_only_xcdr__py_to_py__1000000B__10Hz__shmem_ds__best_effort,receive,sub,py_to_py,constrained_pub_only,exp,xcdr,shmem_ds,1000000,10,1,measured,99,2026-09-09T14:25:04.928492Z,157098590610352,157098590308426,157098590610352,1788963904928148466,1788963904928213127,ok,
exp_constrained_pub_only_xcdr__py_to_py__1000000B__10Hz__shmem_ds__best_effort,receive,sub,py_to_py,constrained_pub_only,exp,xcdr,shmem_ds,1000000,10,1,measured,100,2026-09-09T14:25:05.029146Z,157098691297376,157098691051124,157098691297376,1788963905028882056,1788963905028917222,ok,
exp_constrained_pub_only_xcdr__py_to_py__1000000B__10Hz__shmem_ds__best_effort,receive,sub,py_to_py,constrained_pub_only,exp,xcdr,shmem_ds,1000000,10,1,measured,101,2026-09-09T14:25:05.128038Z,157098790198446,157098790049377,157098790198446,1788963905127869890,1788963905127895528,ok,
exp_constrained_pub_only_xcdr__py_to_py__1000000B__10Hz__shmem_ds__best_effort,receive,sub,py_to_py,constrained_pub_only,exp,xcdr,shmem_ds,1000000,10,1,measured,102,2026-09-09T14:25:05.228403Z,157098890562458,157098890394282,157098890562458,1788963905228216749,1788963905228247717,ok,
exp_constrained_pub_only_xcdr__py_to_py__1000000B__10Hz__shmem_ds__best_effort,receive,sub,py_to_py,constrained_pub_only,exp,xcdr,shmem_ds,1000000,10,1,measured,103,2026-09-09T14:25:05.328955Z,157098991106757,157098990905450,157098991106757,1788963905328733156,1788963905328770335,ok,
exp_constrained_pub_only_xcdr__py_to_py__1000000B__10Hz__shmem_ds__best_effort,receive,sub,py_to_py,constrained_pub_only,exp,xcdr,shmem_ds,1000000,10,1,measured,104,2026-09-09T14:25:05.428885Z,157099091039580,157099090845336,157099091039580,1788963905428676318,1788963905428708198,ok,
exp_constrained_pub_only_xcdr__py_to_py__1000000B__10Hz__shmem_ds__best_effort,receive,sub,py_to_py,constrained_pub_only,exp,xcdr,shmem_ds,1000000,10,1,measured,105,2026-09-09T14:25:05.528415Z,157099190565281,157099190357061,157099190565281,1788963905528191199,1788963905528227357,ok,
exp_constrained_pub_only_xcdr__py_to_py__1000000B__10Hz__shmem_ds__best_effort,receive,sub,py_to_py,constrained_pub_only,exp,xcdr,shmem_ds,1000000,10,1,measured,106,2026-09-09T14:25:05.629067Z,157099291217984,157099291019492,157099291217984,1788963905628847759,1788963905628885329,ok,
exp_constrained_pub_only_xcdr__py_to_py__1000000B__10Hz__shmem_ds__best_effort,receive,sub,py_to_py,constrained_pub_only,exp,xcdr,shmem_ds,1000000,10,1,measured,107,2026-09-09T14:25:05.728316Z,157099390462378,157099390260490,157099390462378,1788963905728090189,1788963905728127890,ok,
exp_constrained_pub_only_xcdr__py_to_py__1000000B__10Hz__shmem_ds__best_effort,receive,sub,py_to_py,constrained_pub_only,exp,xcdr,shmem_ds,1000000,10,1,measured,108,2026-09-09T14:25:05.827834Z,157099489972770,157099489756475,157099489972770,1788963905827583369,1788963905827618385,ok,
exp_constrained_pub_only_xcdr__py_to_py__1000000B__10Hz__shmem_ds__best_effort,receive,sub,py_to_py,constrained_pub_only,exp,xcdr,shmem_ds,1000000,10,1,measured,109,2026-09-09T14:25:05.927792Z,157099589937023,157099589711280,157099589937023,1788963905927539567,1788963905927579161,ok,
exp_constrained_pub_only_xcdr__py_to_py__1000000B__10Hz__shmem_ds__best_effort,receive,sub,py_to_py,constrained_pub_only,exp,xcdr,shmem_ds,1000000,10,1,measured,110,2026-09-09T14:25:06.028795Z,157099690943439,157099690761919,157099690943439,1788963906028585637,1788963906028617737,ok,
exp_constrained_pub_only_xcdr__py_to_py__1000000B__10Hz__shmem_ds__best_effort,receive,sub,py_to_py,constrained_pub_only,exp,xcdr,shmem_ds,1000000,10,1,measured,111,2026-09-09T14:25:06.129153Z,157099791314418,157099791172873,157099791314418,1788963906128991231,1788963906129012812,ok,
exp_constrained_pub_only_xcdr__py_to_py__1000000B__10Hz__shmem_ds__best_effort,receive,sub,py_to_py,constrained_pub_only,exp,xcdr,shmem_ds,1000000,10,1,measured,112,2026-09-09T14:25:06.228931Z,157099891091314,157099890927126,157099891091314,1788963906228748841,1788963906228774509,ok,
exp_constrained_pub_only_xcdr__py_to_py__1000000B__10Hz__shmem_ds__best_effort,receive,sub,py_to_py,constrained_pub_only,exp,xcdr,shmem_ds,1000000,10,1,measured,113,2026-09-09T14:25:06.328768Z,157099990919185,157099990719882,157099990919185,1788963906328545354,1788963906328581712,ok,
exp_constrained_pub_only_xcdr__py_to_py__1000000B__10Hz__shmem_ds__best_effort,receive,sub,py_to_py,constrained_pub_only,exp,xcdr,shmem_ds,1000000,10,1,measured,114,2026-09-09T14:25:06.428275Z,157100090438128,157100090299178,157100090438128,1788963906428118818,1788963906428143705,ok,
exp_constrained_pub_only_xcdr__py_to_py__1000000B__10Hz__shmem_ds__best_effort,receive,sub,py_to_py,constrained_pub_only,exp,xcdr,shmem_ds,1000000,10,1,measured,115,2026-09-09T14:25:06.528978Z,157100191135568,157100190958707,157100191135568,1788963906528786012,1788963906528823022,ok,
exp_constrained_pub_only_xcdr__py_to_py__1000000B__10Hz__shmem_ds__best_effort,receive,sub,py_to_py,constrained_pub_only,exp,xcdr,shmem_ds,1000000,10,1,measured,116,2026-09-09T14:25:06.630017Z,157100292166163,157100291951280,157100292166163,1788963906629780539,1788963906629822097,ok,
exp_constrained_pub_only_xcdr__py_to_py__1000000B__10Hz__shmem_ds__best_effort,receive,sub,py_to_py,constrained_pub_only,exp,xcdr,shmem_ds,1000000,10,1,measured,117,2026-09-09T14:25:06.729601Z,157100391752161,157100391552747,157100391752161,1788963906729380183,1788963906729417954,ok,
exp_constrained_pub_only_xcdr__py_to_py__1000000B__10Hz__shmem_ds__best_effort,receive,sub,py_to_py,constrained_pub_only,exp,xcdr,shmem_ds,1000000,10,1,measured,118,2026-09-09T14:25:06.829632Z,157100491785638,157100491581926,157100491785638,1788963906829415644,1788963906829453234,ok,
exp_constrained_pub_only_xcdr__py_to_py__1000000B__10Hz__shmem_ds__best_effort,receive,sub,py_to_py,constrained_pub_only,exp,xcdr,shmem_ds,1000000,10,1,measured,119,2026-09-09T14:25:06.929925Z,157100592069965,157100591854732,157100592069965,1788963906929683660,1788963906929721491,ok,
exp_constrained_pub_only_xcdr__py_to_py__1000000B__10Hz__shmem_ds__best_effort,receive,sub,py_to_py,constrained_pub_only,exp,xcdr,shmem_ds,1000000,10,1,measured,120,2026-09-09T14:25:07.029207Z,157100691356283,157100691174783,157100691356283,1788963907028998361,1788963907029029870,ok,
exp_constrained_pub_only_xcdr__py_to_py__1000000B__10Hz__shmem_ds__best_effort,receive,sub,py_to_py,constrained_pub_only,exp,xcdr,shmem_ds,1000000,10,1,measured,121,2026-09-09T14:25:07.130372Z,157100792491308,157100792187719,157100792491308,1788963907130042826,1788963907130099142,ok,
exp_constrained_pub_only_xcdr__py_to_py__1000000B__10Hz__shmem_ds__best_effort,receive,sub,py_to_py,constrained_pub_only,exp,xcdr,shmem_ds,1000000,10,1,measured,122,2026-09-09T14:25:07.229924Z,157100892075677,157100891902032,157100892075677,1788963907229723276,1788963907229751469,ok,
exp_constrained_pub_only_xcdr__py_to_py__1000000B__10Hz__shmem_ds__best_effort,receive,sub,py_to_py,constrained_pub_only,exp,xcdr,shmem_ds,1000000,10,1,measured,123,2026-09-09T14:25:07.330554Z,157100992703462,157100992504028,157100992703462,1788963907330333227,1788963907330370357,ok,
exp_constrained_pub_only_xcdr__py_to_py__1000000B__10Hz__shmem_ds__best_effort,receive,sub,py_to_py,constrained_pub_only,exp,xcdr,shmem_ds,1000000,10,1,measured,124,2026-09-09T14:25:07.430684Z,157101092834376,157101092642176,157101092834376,1788963907430469751,1788963907430501010,ok,
exp_constrained_pub_only_xcdr__py_to_py__1000000B__10Hz__shmem_ds__best_effort,receive,sub,py_to_py,constrained_pub_only,exp,xcdr,shmem_ds,1000000,10,1,measured,125,2026-09-09T14:25:07.529596Z,157101191749051,157101191558504,157101191749051,1788963907529390177,1788963907529424411,ok,
exp_constrained_pub_only_xcdr__py_to_py__1000000B__10Hz__shmem_ds__best_effort,receive,sub,py_to_py,constrained_pub_only,exp,xcdr,shmem_ds,1000000,10,1,measured,126,2026-09-09T14:25:07.629155Z,157101291297904,157101291093331,157101291297904,1788963907628921107,1788963907628957755,ok,
exp_constrained_pub_only_xcdr__py_to_py__1000000B__10Hz__shmem_ds__best_effort,receive,sub,py_to_py,constrained_pub_only,exp,xcdr,shmem_ds,1000000,10,1,measured,127,2026-09-09T14:25:07.728225Z,157101390367088,157101390155382,157101390367088,1788963907727985082,1788963907728020688,ok,
exp_constrained_pub_only_xcdr__py_to_py__1000000B__10Hz__shmem_ds__best_effort,receive,sub,py_to_py,constrained_pub_only,exp,xcdr,shmem_ds,1000000,10,1,measured,128,2026-09-09T14:25:07.829225Z,157101491369675,157101491144523,157101491369675,1788963907828979924,1788963907829016963,ok,
exp_constrained_pub_only_xcdr__py_to_py__1000000B__10Hz__shmem_ds__best_effort,receive,sub,py_to_py,constrained_pub_only,exp,xcdr,shmem_ds,1000000,10,1,measured,129,2026-09-09T14:25:07.929973Z,157101592116122,157101591863048,157101592116122,1788963907929695242,1788963907929732142,ok,
exp_constrained_pub_only_xcdr__py_to_py__1000000B__10Hz__shmem_ds__best_effort,receive,sub,py_to_py,constrained_pub_only,exp,xcdr,shmem_ds,1000000,10,1,measured,130,2026-09-09T14:25:08.030500Z,157101692646886,157101692457071,157101692646886,1788963908030283004,1788963908030313641,ok,
exp_constrained_pub_only_xcdr__py_to_py__1000000B__10Hz__shmem_ds__best_effort,receive,sub,py_to_py,constrained_pub_only,exp,xcdr,shmem_ds,1000000,10,1,measured,131,2026-09-09T14:25:08.129966Z,157101792117598,157101791934415,157101792117598,1788963908129756541,1788963908129783972,ok,
exp_constrained_pub_only_xcdr__py_to_py__1000000B__10Hz__shmem_ds__best_effort,receive,sub,py_to_py,constrained_pub_only,exp,xcdr,shmem_ds,1000000,10,1,measured,132,2026-09-09T14:25:08.229012Z,157101891158775,157101890940987,157101891158775,1788963908228769354,1788963908228812305,ok,
exp_constrained_pub_only_xcdr__py_to_py__1000000B__10Hz__shmem_ds__best_effort,receive,sub,py_to_py,constrained_pub_only,exp,xcdr,shmem_ds,1000000,10,1,measured,133,2026-09-09T14:25:08.330024Z,157101992160385,157101991952356,157101992160385,1788963908329772638,1788963908329811010,ok,
exp_constrained_pub_only_xcdr__py_to_py__1000000B__10Hz__shmem_ds__best_effort,receive,sub,py_to_py,constrained_pub_only,exp,xcdr,shmem_ds,1000000,10,1,measured,134,2026-09-09T14:25:08.430799Z,157102092931623,157102092714947,157102092931623,1788963908430546109,1788963908430582958,ok,
exp_constrained_pub_only_xcdr__py_to_py__1000000B__10Hz__shmem_ds__best_effort,receive,sub,py_to_py,constrained_pub_only,exp,xcdr,shmem_ds,1000000,10,1,measured,135,2026-09-09T14:25:08.529923Z,157102192080581,157102191899121,157102192080581,1788963908529728751,1788963908529757264,ok,
exp_constrained_pub_only_xcdr__py_to_py__1000000B__10Hz__shmem_ds__best_effort,receive,sub,py_to_py,constrained_pub_only,exp,xcdr,shmem_ds,1000000,10,1,measured,136,2026-09-09T14:25:08.630192Z,157102292343146,157102292132661,157102292343146,1788963908629968443,1788963908630005302,ok,
exp_constrained_pub_only_xcdr__py_to_py__1000000B__10Hz__shmem_ds__best_effort,receive,sub,py_to_py,constrained_pub_only,exp,xcdr,shmem_ds,1000000,10,1,measured,137,2026-09-09T14:25:08.729405Z,157102391522923,157102391230184,157102391522923,1788963908729070353,1788963908729124715,ok,
exp_constrained_pub_only_xcdr__py_to_py__1000000B__10Hz__shmem_ds__best_effort,receive,sub,py_to_py,constrained_pub_only,exp,xcdr,shmem_ds,1000000,10,1,measured,138,2026-09-09T14:25:08.829553Z,157102491706028,157102491522264,157102491706028,1788963908829349349,1788963908829382882,ok,
exp_constrained_pub_only_xcdr__py_to_py__1000000B__10Hz__shmem_ds__best_effort,receive,sub,py_to_py,constrained_pub_only,exp,xcdr,shmem_ds,1000000,10,1,measured,139,2026-09-09T14:25:08.930386Z,157102592535666,157102592335701,157102592535666,1788963908930163217,1788963908930202591,ok,
exp_constrained_pub_only_xcdr__py_to_py__1000000B__10Hz__shmem_ds__best_effort,receive,sub,py_to_py,constrained_pub_only,exp,xcdr,shmem_ds,1000000,10,1,measured,140,2026-09-09T14:25:09.029528Z,157102691665179,157102691461597,157102691665179,1788963909029287941,1788963909029325942,ok,
exp_constrained_pub_only_xcdr__py_to_py__1000000B__10Hz__shmem_ds__best_effort,receive,sub,py_to_py,constrained_pub_only,exp,xcdr,shmem_ds,1000000,10,1,measured,141,2026-09-09T14:25:09.129653Z,157102791802594,157102791580347,157102791802594,1788963909129410959,1788963909129447367,ok,
exp_constrained_pub_only_xcdr__py_to_py__1000000B__10Hz__shmem_ds__best_effort,receive,sub,py_to_py,constrained_pub_only,exp,xcdr,shmem_ds,1000000,10,1,measured,142,2026-09-09T14:25:09.229321Z,157102891464488,157102891285944,157102891464488,1788963909229110744,1788963909229144277,ok,
exp_constrained_pub_only_xcdr__py_to_py__1000000B__10Hz__shmem_ds__best_effort,receive,sub,py_to_py,constrained_pub_only,exp,xcdr,shmem_ds,1000000,10,1,measured,143,2026-09-09T14:25:09.329282Z,157102991432586,157102991232812,157102991432586,1788963909329061209,1788963909329098870,ok,
exp_constrained_pub_only_xcdr__py_to_py__1000000B__10Hz__shmem_ds__best_effort,receive,sub,py_to_py,constrained_pub_only,exp,xcdr,shmem_ds,1000000,10,1,measured,144,2026-09-09T14:25:09.429886Z,157103091984708,157103091779834,157103091984708,1788963909429607129,1788963909429641403,ok,
exp_constrained_pub_only_xcdr__py_to_py__1000000B__10Hz__shmem_ds__best_effort,receive,sub,py_to_py,constrained_pub_only,exp,xcdr,shmem_ds,1000000,10,1,measured,145,2026-09-09T14:25:09.529742Z,157103191886431,157103191670897,157103191886431,1788963909529499455,1788963909529537406,ok,
exp_constrained_pub_only_xcdr__py_to_py__1000000B__10Hz__shmem_ds__best_effort,receive,sub,py_to_py,constrained_pub_only,exp,xcdr,shmem_ds,1000000,10,1,measured,146,2026-09-09T14:25:09.629040Z,157103291190304,157103290999296,157103291190304,1788963909628827723,1788963909628860214,ok,
exp_constrained_pub_only_xcdr__py_to_py__1000000B__10Hz__shmem_ds__best_effort,receive,sub,py_to_py,constrained_pub_only,exp,xcdr,shmem_ds,1000000,10,1,measured,147,2026-09-09T14:25:09.729234Z,157103391380227,157103391179902,157103391380227,1788963909729005895,1788963909729040089,ok,
exp_constrained_pub_only_xcdr__py_to_py__1000000B__10Hz__shmem_ds__best_effort,receive,sub,py_to_py,constrained_pub_only,exp,xcdr,shmem_ds,1000000,10,1,measured,148,2026-09-09T14:25:09.829597Z,157103491748535,157103491571623,157103491748535,1788963909829395532,1788963909829423745,ok,
exp_constrained_pub_only_xcdr__py_to_py__1000000B__10Hz__shmem_ds__best_effort,receive,sub,py_to_py,constrained_pub_only,exp,xcdr,shmem_ds,1000000,10,1,measured,149,2026-09-09T14:25:09.928902Z,157103591049132,157103590841713,157103591049132,1788963909928667736,1788963909928704194,ok,
exp_constrained_pub_only_xcdr__py_to_py__1000000B__10Hz__shmem_ds__best_effort,receive,sub,py_to_py,constrained_pub_only,exp,xcdr,shmem_ds,1000000,10,1,measured,150,2026-09-09T14:25:10.028626Z,157103690774967,157103690569712,157103690774967,1788963910028398550,1788963910028434538,ok,
exp_constrained_pub_only_xcdr__py_to_py__1000000B__10Hz__shmem_ds__best_effort,receive,sub,py_to_py,constrained_pub_only,exp,xcdr,shmem_ds,1000000,10,1,measured,151,2026-09-09T14:25:10.129715Z,157103791865632,157103791667641,157103791865632,1788963910129497872,1788963910129531996,ok,
exp_constrained_pub_only_xcdr__py_to_py__1000000B__10Hz__shmem_ds__best_effort,receive,sub,py_to_py,constrained_pub_only,exp,xcdr,shmem_ds,1000000,10,1,measured,152,2026-09-09T14:25:10.230326Z,157103892473844,157103892214949,157103892473844,1788963910230046983,1788963910230086717,ok,
exp_constrained_pub_only_xcdr__py_to_py__1000000B__10Hz__shmem_ds__best_effort,receive,sub,py_to_py,constrained_pub_only,exp,xcdr,shmem_ds,1000000,10,1,measured,153,2026-09-09T14:25:10.329886Z,157103992030044,157103991814390,157103992030044,1788963910329647285,1788963910329682942,ok,
exp_constrained_pub_only_xcdr__py_to_py__1000000B__10Hz__shmem_ds__best_effort,receive,sub,py_to_py,constrained_pub_only,exp,xcdr,shmem_ds,1000000,10,1,measured,154,2026-09-09T14:25:10.429834Z,157104091974622,157104091786089,157104091974622,1788963910429612883,1788963910429643029,ok,
exp_constrained_pub_only_xcdr__py_to_py__1000000B__10Hz__shmem_ds__best_effort,receive,sub,py_to_py,constrained_pub_only,exp,xcdr,shmem_ds,1000000,10,1,measured,155,2026-09-09T14:25:10.529515Z,157104191655596,157104191385219,157104191655596,1788963910529215781,1788963910529254954,ok,
exp_constrained_pub_only_xcdr__py_to_py__1000000B__10Hz__shmem_ds__best_effort,receive,sub,py_to_py,constrained_pub_only,exp,xcdr,shmem_ds,1000000,10,1,measured,156,2026-09-09T14:25:10.628683Z,157104290828869,157104290604609,157104290828869,1788963910628432335,1788963910628469475,ok,
exp_constrained_pub_only_xcdr__py_to_py__1000000B__10Hz__shmem_ds__best_effort,receive,sub,py_to_py,constrained_pub_only,exp,xcdr,shmem_ds,1000000,10,1,measured,157,2026-09-09T14:25:10.727946Z,157104390093393,157104389873080,157104390093393,1788963910727698862,1788963910727730772,ok,
exp_constrained_pub_only_xcdr__py_to_py__1000000B__10Hz__shmem_ds__best_effort,receive,sub,py_to_py,constrained_pub_only,exp,xcdr,shmem_ds,1000000,10,1,measured,158,2026-09-09T14:25:10.828378Z,157104490521026,157104490264305,157104490521026,1788963910828092181,1788963910828130704,ok,
exp_constrained_pub_only_xcdr__py_to_py__1000000B__10Hz__shmem_ds__best_effort,receive,sub,py_to_py,constrained_pub_only,exp,xcdr,shmem_ds,1000000,10,1,measured,159,2026-09-09T14:25:10.927724Z,157104589866131,157104589636801,157104589866131,1788963910927465499,1788963910927503300,ok,
exp_constrained_pub_only_xcdr__py_to_py__1000000B__10Hz__shmem_ds__best_effort,receive,sub,py_to_py,constrained_pub_only,exp,xcdr,shmem_ds,1000000,10,1,measured,160,2026-09-09T14:25:11.027397Z,157104689543149,157104689330350,157104689543149,1788963911027158657,1788963911027191759,ok,
exp_constrained_pub_only_xcdr__py_to_py__1000000B__10Hz__shmem_ds__best_effort,receive,sub,py_to_py,constrained_pub_only,exp,xcdr,shmem_ds,1000000,10,1,measured,161,2026-09-09T14:25:11.126595Z,157104788736914,157104788475284,157104788736914,1788963911126303250,1788963911126340991,ok,
exp_constrained_pub_only_xcdr__py_to_py__1000000B__10Hz__shmem_ds__best_effort,receive,sub,py_to_py,constrained_pub_only,exp,xcdr,shmem_ds,1000000,10,1,measured,162,2026-09-09T14:25:11.226727Z,157104888874709,157104888571942,157104888874709,1788963911226414415,1788963911226461524,ok,
exp_constrained_pub_only_xcdr__py_to_py__1000000B__10Hz__shmem_ds__best_effort,receive,sub,py_to_py,constrained_pub_only,exp,xcdr,shmem_ds,1000000,10,1,measured,163,2026-09-09T14:25:11.326328Z,157104988450480,157104988187688,157104988450480,1788963911326024862,1788963911326077861,ok,
exp_constrained_pub_only_xcdr__py_to_py__1000000B__10Hz__shmem_ds__best_effort,receive,sub,py_to_py,constrained_pub_only,exp,xcdr,shmem_ds,1000000,10,1,measured,164,2026-09-09T14:25:11.427058Z,157105089207636,157105088996901,157105089207636,1788963911426833564,1788963911426867327,ok,
exp_constrained_pub_only_xcdr__py_to_py__1000000B__10Hz__shmem_ds__best_effort,receive,sub,py_to_py,constrained_pub_only,exp,xcdr,shmem_ds,1000000,10,1,measured,165,2026-09-09T14:25:11.527634Z,157105189785956,157105189579278,157105189785956,1788963911527409319,1788963911527444945,ok,
exp_constrained_pub_only_xcdr__py_to_py__1000000B__10Hz__shmem_ds__best_effort,receive,sub,py_to_py,constrained_pub_only,exp,xcdr,shmem_ds,1000000,10,1,measured,166,2026-09-09T14:25:11.626752Z,157105288905211,157105288704946,157105288905211,1788963911626533564,1788963911626572417,ok,
exp_constrained_pub_only_xcdr__py_to_py__1000000B__10Hz__shmem_ds__best_effort,receive,sub,py_to_py,constrained_pub_only,exp,xcdr,shmem_ds,1000000,10,1,measured,167,2026-09-09T14:25:11.726120Z,157105388262644,157105388072467,157105388262644,1788963911725897649,1788963911725934438,ok,
exp_constrained_pub_only_xcdr__py_to_py__1000000B__10Hz__shmem_ds__best_effort,receive,sub,py_to_py,constrained_pub_only,exp,xcdr,shmem_ds,1000000,10,1,measured,168,2026-09-09T14:25:11.826827Z,157105488964546,157105488677999,157105488964546,1788963911826526173,1788963911826568903,ok,
exp_constrained_pub_only_xcdr__py_to_py__1000000B__10Hz__shmem_ds__best_effort,receive,sub,py_to_py,constrained_pub_only,exp,xcdr,shmem_ds,1000000,10,1,measured,169,2026-09-09T14:25:11.926278Z,157105588422646,157105588213835,157105588422646,1788963911926045468,1788963911926083359,ok,
exp_constrained_pub_only_xcdr__py_to_py__1000000B__10Hz__shmem_ds__best_effort,receive,sub,py_to_py,constrained_pub_only,exp,xcdr,shmem_ds,1000000,10,1,measured,170,2026-09-09T14:25:12.025382Z,157105687529571,157105687332752,157105687529571,1788963912025161911,1788963912025196045,ok,
exp_constrained_pub_only_xcdr__py_to_py__1000000B__10Hz__shmem_ds__best_effort,receive,sub,py_to_py,constrained_pub_only,exp,xcdr,shmem_ds,1000000,10,1,measured,171,2026-09-09T14:25:12.126218Z,157105788360699,157105788159352,157105788360699,1788963912125988611,1788963912126025400,ok,
exp_constrained_pub_only_xcdr__py_to_py__1000000B__10Hz__shmem_ds__best_effort,receive,sub,py_to_py,constrained_pub_only,exp,xcdr,shmem_ds,1000000,10,1,measured,172,2026-09-09T14:25:12.226213Z,157105888366200,157105888186193,157105888366200,1788963912226010102,1788963912226044737,ok,
exp_constrained_pub_only_xcdr__py_to_py__1000000B__10Hz__shmem_ds__best_effort,receive,sub,py_to_py,constrained_pub_only,exp,xcdr,shmem_ds,1000000,10,1,measured,173,2026-09-09T14:25:12.326359Z,157105988511163,157105988313502,157105988511163,1788963912326144004,1788963912326181133,ok,
exp_constrained_pub_only_xcdr__py_to_py__1000000B__10Hz__shmem_ds__best_effort,receive,sub,py_to_py,constrained_pub_only,exp,xcdr,shmem_ds,1000000,10,1,measured,174,2026-09-09T14:25:12.426931Z,157106089081652,157106088881718,157106089081652,1788963912426710285,1788963912426743948,ok,
exp_constrained_pub_only_xcdr__py_to_py__1000000B__10Hz__shmem_ds__best_effort,receive,sub,py_to_py,constrained_pub_only,exp,xcdr,shmem_ds,1000000,10,1,measured,175,2026-09-09T14:25:12.527452Z,157106189603050,157106189406182,157106189603050,1788963912527234268,1788963912527269675,ok,
exp_constrained_pub_only_xcdr__py_to_py__1000000B__10Hz__shmem_ds__best_effort,receive,sub,py_to_py,constrained_pub_only,exp,xcdr,shmem_ds,1000000,10,1,measured,176,2026-09-09T14:25:12.626568Z,157106288719987,157106288511707,157106288719987,1788963912626339242,1788963912626377354,ok,
exp_constrained_pub_only_xcdr__py_to_py__1000000B__10Hz__shmem_ds__best_effort,receive,sub,py_to_py,constrained_pub_only,exp,xcdr,shmem_ds,1000000,10,1,measured,177,2026-09-09T14:25:12.725742Z,157106387892276,157106387692201,157106387892276,1788963912725518525,1788963912725554853,ok,
exp_constrained_pub_only_xcdr__py_to_py__1000000B__10Hz__shmem_ds__best_effort,receive,sub,py_to_py,constrained_pub_only,exp,xcdr,shmem_ds,1000000,10,1,measured,178,2026-09-09T14:25:12.825874Z,157106488021860,157106487825211,157106488021860,1788963912825650833,1788963912825681881,ok,
exp_constrained_pub_only_xcdr__py_to_py__1000000B__10Hz__shmem_ds__best_effort,receive,sub,py_to_py,constrained_pub_only,exp,xcdr,shmem_ds,1000000,10,1,measured,179,2026-09-09T14:25:12.925743Z,157106587890505,157106587687745,157106587890505,1788963912925516553,1788963912925555165,ok,
exp_constrained_pub_only_xcdr__py_to_py__1000000B__10Hz__shmem_ds__best_effort,receive,sub,py_to_py,constrained_pub_only,exp,xcdr,shmem_ds,1000000,10,1,measured,180,2026-09-09T14:25:13.025755Z,157106687897489,157106687576387,157106687897489,1788963913025433108,1788963913025483392,ok,
exp_constrained_pub_only_xcdr__py_to_py__1000000B__10Hz__shmem_ds__best_effort,receive,sub,py_to_py,constrained_pub_only,exp,xcdr,shmem_ds,1000000,10,1,measured,181,2026-09-09T14:25:13.126440Z,157106788564705,157106788321118,157106788564705,1788963913126161208,1788963913126204980,ok,
exp_constrained_pub_only_xcdr__py_to_py__1000000B__10Hz__shmem_ds__best_effort,receive,sub,py_to_py,constrained_pub_only,exp,xcdr,shmem_ds,1000000,10,1,measured,182,2026-09-09T14:25:13.226535Z,157106888684965,157106888487144,157106888684965,1788963913226315001,1788963913226350447,ok,
exp_constrained_pub_only_xcdr__py_to_py__1000000B__10Hz__shmem_ds__best_effort,receive,sub,py_to_py,constrained_pub_only,exp,xcdr,shmem_ds,1000000,10,1,measured,183,2026-09-09T14:25:13.327219Z,157106989364344,157106989178295,157106989364344,1788963913327002284,1788963913327035556,ok,
exp_constrained_pub_only_xcdr__py_to_py__1000000B__10Hz__shmem_ds__best_effort,receive,sub,py_to_py,constrained_pub_only,exp,xcdr,shmem_ds,1000000,10,1,measured,184,2026-09-09T14:25:13.426483Z,157107088629632,157107088428445,157107088629632,1788963913426259658,1788963913426288832,ok,
exp_constrained_pub_only_xcdr__py_to_py__1000000B__10Hz__shmem_ds__best_effort,receive,sub,py_to_py,constrained_pub_only,exp,xcdr,shmem_ds,1000000,10,1,measured,185,2026-09-09T14:25:13.526379Z,157107188530001,157107188315910,157107188530001,1788963913526148905,1788963913526184051,ok,
exp_constrained_pub_only_xcdr__py_to_py__1000000B__10Hz__shmem_ds__best_effort,receive,sub,py_to_py,constrained_pub_only,exp,xcdr,shmem_ds,1000000,10,1,measured,186,2026-09-09T14:25:13.626143Z,157107288290537,157107288117533,157107288290537,1788963913625943966,1788963913625973001,ok,
exp_constrained_pub_only_xcdr__py_to_py__1000000B__10Hz__shmem_ds__best_effort,receive,sub,py_to_py,constrained_pub_only,exp,xcdr,shmem_ds,1000000,10,1,measured,187,2026-09-09T14:25:13.726728Z,157107388881219,157107388707093,157107388881219,1788963913726535680,1788963913726563933,ok,
exp_constrained_pub_only_xcdr__py_to_py__1000000B__10Hz__shmem_ds__best_effort,receive,sub,py_to_py,constrained_pub_only,exp,xcdr,shmem_ds,1000000,10,1,measured,188,2026-09-09T14:25:13.826245Z,157107488390374,157107488178547,157107488390374,1788963913826008848,1788963913826044475,ok,
exp_constrained_pub_only_xcdr__py_to_py__1000000B__10Hz__shmem_ds__best_effort,receive,sub,py_to_py,constrained_pub_only,exp,xcdr,shmem_ds,1000000,10,1,measured,189,2026-09-09T14:25:13.925832Z,157107587963650,157107587750400,157107587963650,1788963913925577916,1788963913925618211,ok,
exp_constrained_pub_only_xcdr__py_to_py__1000000B__10Hz__shmem_ds__best_effort,receive,sub,py_to_py,constrained_pub_only,exp,xcdr,shmem_ds,1000000,10,1,measured,190,2026-09-09T14:25:14.025828Z,157107687928981,157107687636763,157107687928981,1788963914025476692,1788963914025529691,ok,
exp_constrained_pub_only_xcdr__py_to_py__1000000B__10Hz__shmem_ds__best_effort,receive,sub,py_to_py,constrained_pub_only,exp,xcdr,shmem_ds,1000000,10,1,measured,191,2026-09-09T14:25:14.125355Z,157107787493424,157107787316202,157107787493424,1788963914125135032,1788963914125161842,ok,
exp_constrained_pub_only_xcdr__py_to_py__1000000B__10Hz__shmem_ds__best_effort,receive,sub,py_to_py,constrained_pub_only,exp,xcdr,shmem_ds,1000000,10,1,measured,192,2026-09-09T14:25:14.225000Z,157107887126376,157107886849297,157107887126376,1788963914224678525,1788963914224724431,ok,
exp_constrained_pub_only_xcdr__py_to_py__1000000B__10Hz__shmem_ds__best_effort,receive,sub,py_to_py,constrained_pub_only,exp,xcdr,shmem_ds,1000000,10,1,measured,193,2026-09-09T14:25:14.324710Z,157107986855578,157107986595802,157107986855578,1788963914324430250,1788963914324467560,ok,
exp_constrained_pub_only_xcdr__py_to_py__1000000B__10Hz__shmem_ds__best_effort,receive,sub,py_to_py,constrained_pub_only,exp,xcdr,shmem_ds,1000000,10,1,measured,194,2026-09-09T14:25:14.425473Z,157108087585285,157108087311111,157108087585285,1788963914425146361,1788963914425192989,ok,
exp_constrained_pub_only_xcdr__py_to_py__1000000B__10Hz__shmem_ds__best_effort,receive,sub,py_to_py,constrained_pub_only,exp,xcdr,shmem_ds,1000000,10,1,measured,195,2026-09-09T14:25:14.525327Z,157108187474026,157108187278109,157108187474026,1788963914525101066,1788963914525131483,ok,
exp_constrained_pub_only_xcdr__py_to_py__1000000B__10Hz__shmem_ds__best_effort,receive,sub,py_to_py,constrained_pub_only,exp,xcdr,shmem_ds,1000000,10,1,measured,196,2026-09-09T14:25:14.626255Z,157108288400432,157108288184056,157108288400432,1788963914626014558,1788963914626049243,ok,
exp_constrained_pub_only_xcdr__py_to_py__1000000B__10Hz__shmem_ds__best_effort,receive,sub,py_to_py,constrained_pub_only,exp,xcdr,shmem_ds,1000000,10,1,measured,197,2026-09-09T14:25:14.725909Z,157108388048562,157108387820434,157108388048562,1788963914725648250,1788963914725683526,ok,
exp_constrained_pub_only_xcdr__py_to_py__1000000B__10Hz__shmem_ds__best_effort,receive,sub,py_to_py,constrained_pub_only,exp,xcdr,shmem_ds,1000000,10,1,measured,198,2026-09-09T14:25:14.825342Z,157108487487901,157108487300469,157108487487901,1788963914825131321,1788963914825162540,ok,
exp_constrained_pub_only_xcdr__py_to_py__1000000B__10Hz__shmem_ds__best_effort,receive,sub,py_to_py,constrained_pub_only,exp,xcdr,shmem_ds,1000000,10,1,measured,199,2026-09-09T14:25:14.926147Z,157108588289983,157108588076323,157108588289983,1788963914925904209,1788963914925941970,ok,
exp_constrained_pub_only_xcdr__py_to_py__1000000B__10Hz__shmem_ds__best_effort,receive,sub,py_to_py,constrained_pub_only,exp,xcdr,shmem_ds,1000000,10,1,measured,200,2026-09-09T14:25:15.026990Z,157108689136019,157108688903744,157108689136019,1788963915026732452,1788963915026765894,ok,
exp_constrained_pub_only_xcdr__py_to_py__1000000B__10Hz__shmem_ds__best_effort,receive,sub,py_to_py,constrained_pub_only,exp,xcdr,shmem_ds,1000000,10,1,measured,201,2026-09-09T14:25:15.127648Z,157108789777045,157108789581108,157108789777045,1788963915127407782,1788963915127437538,ok,
exp_constrained_pub_only_xcdr__py_to_py__1000000B__10Hz__shmem_ds__best_effort,receive,sub,py_to_py,constrained_pub_only,exp,xcdr,shmem_ds,1000000,10,1,measured,202,2026-09-09T14:25:15.228917Z,157108891033223,157108890725326,157108891033223,1788963915228570134,1788963915228627381,ok,
exp_constrained_pub_only_xcdr__py_to_py__1000000B__10Hz__shmem_ds__best_effort,receive,sub,py_to_py,constrained_pub_only,exp,xcdr,shmem_ds,1000000,10,1,measured,203,2026-09-09T14:25:15.329659Z,157108991799543,157108991477249,157108991799543,1788963915329330713,1788963915329379785,ok,
exp_constrained_pub_only_xcdr__py_to_py__1000000B__10Hz__shmem_ds__best_effort,receive,sub,py_to_py,constrained_pub_only,exp,xcdr,shmem_ds,1000000,10,1,measured,204,2026-09-09T14:25:15.429324Z,157109091471783,157109091217096,157109091471783,1788963915429057736,1788963915429097140,ok,
exp_constrained_pub_only_xcdr__py_to_py__1000000B__10Hz__shmem_ds__best_effort,receive,sub,py_to_py,constrained_pub_only,exp,xcdr,shmem_ds,1000000,10,1,measured,205,2026-09-09T14:25:15.528738Z,157109190881351,157109190650728,157109190881351,1788963915528481190,1788963915528518730,ok,
exp_constrained_pub_only_xcdr__py_to_py__1000000B__10Hz__shmem_ds__best_effort,receive,sub,py_to_py,constrained_pub_only,exp,xcdr,shmem_ds,1000000,10,1,measured,206,2026-09-09T14:25:15.628194Z,157109290338457,157109290132882,157109290338457,1788963915627964295,1788963915628002316,ok,
exp_constrained_pub_only_xcdr__py_to_py__1000000B__10Hz__shmem_ds__best_effort,receive,sub,py_to_py,constrained_pub_only,exp,xcdr,shmem_ds,1000000,10,1,measured,207,2026-09-09T14:25:15.727665Z,157109389826231,157109389686760,157109389826231,1788963915727505759,1788963915727532990,ok,
exp_constrained_pub_only_xcdr__py_to_py__1000000B__10Hz__shmem_ds__best_effort,receive,sub,py_to_py,constrained_pub_only,exp,xcdr,shmem_ds,1000000,10,1,measured,208,2026-09-09T14:25:15.826925Z,157109489071732,157109488864143,157109489071732,1788963915826690927,1788963915826726243,ok,
exp_constrained_pub_only_xcdr__py_to_py__1000000B__10Hz__shmem_ds__best_effort,receive,sub,py_to_py,constrained_pub_only,exp,xcdr,shmem_ds,1000000,10,1,measured,209,2026-09-09T14:25:15.926837Z,157109588973792,157109588757788,157109588973792,1788963915926586826,1788963915926623465,ok,
exp_constrained_pub_only_xcdr__py_to_py__1000000B__10Hz__shmem_ds__best_effort,receive,sub,py_to_py,constrained_pub_only,exp,xcdr,shmem_ds,1000000,10,1,measured,210,2026-09-09T14:25:16.027956Z,157109690100950,157109689894593,157109690100950,1788963916027721868,1788963916027753057,ok,
exp_constrained_pub_only_xcdr__py_to_py__1000000B__10Hz__shmem_ds__best_effort,receive,sub,py_to_py,constrained_pub_only,exp,xcdr,shmem_ds,1000000,10,1,measured,211,2026-09-09T14:25:16.127049Z,157109789213455,157109789086217,157109789213455,1788963916126904094,1788963916126923390,ok,
exp_constrained_pub_only_xcdr__py_to_py__1000000B__10Hz__shmem_ds__best_effort,receive,sub,py_to_py,constrained_pub_only,exp,xcdr,shmem_ds,1000000,10,1,measured,212,2026-09-09T14:25:16.227702Z,157109889852471,157109889652246,157109889852471,1788963916227479280,1788963916227518995,ok,
exp_constrained_pub_only_xcdr__py_to_py__1000000B__10Hz__shmem_ds__best_effort,receive,sub,py_to_py,constrained_pub_only,exp,xcdr,shmem_ds,1000000,10,1,measured,213,2026-09-09T14:25:16.327449Z,157109989624612,157109989507833,157109989624612,1788963916327324438,1788963916327344646,ok,
exp_constrained_pub_only_xcdr__py_to_py__1000000B__10Hz__shmem_ds__best_effort,receive,sub,py_to_py,constrained_pub_only,exp,xcdr,shmem_ds,1000000,10,1,measured,214,2026-09-09T14:25:16.427415Z,157110089591048,157110089462156,157110089591048,1788963916427281116,1788963916427296304,ok,
exp_constrained_pub_only_xcdr__py_to_py__1000000B__10Hz__shmem_ds__best_effort,receive,sub,py_to_py,constrained_pub_only,exp,xcdr,shmem_ds,1000000,10,1,measured,215,2026-09-09T14:25:16.528433Z,157110190586562,157110190394512,157110190586562,1788963916528221867,1788963916528256732,ok,
exp_constrained_pub_only_xcdr__py_to_py__1000000B__10Hz__shmem_ds__best_effort,receive,sub,py_to_py,constrained_pub_only,exp,xcdr,shmem_ds,1000000,10,1,measured,216,2026-09-09T14:25:16.629422Z,157110291572698,157110291365650,157110291572698,1788963916629198245,1788963916629235705,ok,
exp_constrained_pub_only_xcdr__py_to_py__1000000B__10Hz__shmem_ds__best_effort,receive,sub,py_to_py,constrained_pub_only,exp,xcdr,shmem_ds,1000000,10,1,measured,217,2026-09-09T14:25:16.729474Z,157110391628531,157110391460116,157110391628531,1788963916729280498,1788963916729306416,ok,
exp_constrained_pub_only_xcdr__py_to_py__1000000B__10Hz__shmem_ds__best_effort,receive,sub,py_to_py,constrained_pub_only,exp,xcdr,shmem_ds,1000000,10,1,measured,218,2026-09-09T14:25:16.830012Z,157110492162169,157110491975569,157110492162169,1788963916829800059,1788963916829833963,ok,
exp_constrained_pub_only_xcdr__py_to_py__1000000B__10Hz__shmem_ds__best_effort,receive,sub,py_to_py,constrained_pub_only,exp,xcdr,shmem_ds,1000000,10,1,measured,219,2026-09-09T14:25:16.928981Z,157110591146504,157110591017132,157110591146504,1788963916928836562,1788963916928858794,ok,
exp_constrained_pub_only_xcdr__py_to_py__1000000B__10Hz__shmem_ds__best_effort,receive,sub,py_to_py,constrained_pub_only,exp,xcdr,shmem_ds,1000000,10,1,measured,220,2026-09-09T14:25:17.029093Z,157110691221135,157110690960266,157110691221135,1788963917028794774,1788963917028847032,ok,
exp_constrained_pub_only_xcdr__py_to_py__1000000B__10Hz__shmem_ds__best_effort,receive,sub,py_to_py,constrained_pub_only,exp,xcdr,shmem_ds,1000000,10,1,measured,221,2026-09-09T14:25:17.129850Z,157110792009695,157110791839666,157110792009695,1788963917129662884,1788963917129691026,ok,
exp_constrained_pub_only_xcdr__py_to_py__1000000B__10Hz__shmem_ds__best_effort,receive,sub,py_to_py,constrained_pub_only,exp,xcdr,shmem_ds,1000000,10,1,measured,222,2026-09-09T14:25:17.230083Z,157110892232486,157110892050815,157110892232486,1788963917229879072,1788963917229909590,ok,
exp_constrained_pub_only_xcdr__py_to_py__1000000B__10Hz__shmem_ds__best_effort,receive,sub,py_to_py,constrained_pub_only,exp,xcdr,shmem_ds,1000000,10,1,measured,223,2026-09-09T14:25:17.329703Z,157110991876741,157110991758851,157110991876741,1788963917329575606,1788963917329594832,ok,
exp_constrained_pub_only_xcdr__py_to_py__1000000B__10Hz__shmem_ds__best_effort,receive,sub,py_to_py,constrained_pub_only,exp,xcdr,shmem_ds,1000000,10,1,measured,224,2026-09-09T14:25:17.430409Z,157111092581635,157111092451371,157111092581635,1788963917430270270,1788963917430289627,ok,
exp_constrained_pub_only_xcdr__py_to_py__1000000B__10Hz__shmem_ds__best_effort,receive,sub,py_to_py,constrained_pub_only,exp,xcdr,shmem_ds,1000000,10,1,measured,225,2026-09-09T14:25:17.529678Z,157111191840469,157111191679527,157111191840469,1788963917529501763,1788963917529530537,ok,
exp_constrained_pub_only_xcdr__py_to_py__1000000B__10Hz__shmem_ds__best_effort,receive,sub,py_to_py,constrained_pub_only,exp,xcdr,shmem_ds,1000000,10,1,measured,226,2026-09-09T14:25:17.629823Z,157111291978400,157111291846994,157111291978400,1788963917629666174,1788963917629685450,ok,
exp_constrained_pub_only_xcdr__py_to_py__1000000B__10Hz__shmem_ds__best_effort,receive,sub,py_to_py,constrained_pub_only,exp,xcdr,shmem_ds,1000000,10,1,measured,227,2026-09-09T14:25:17.729628Z,157111391789830,157111391639628,157111391789830,1788963917729461393,1788963917729486420,ok,
exp_constrained_pub_only_xcdr__py_to_py__1000000B__10Hz__shmem_ds__best_effort,receive,sub,py_to_py,constrained_pub_only,exp,xcdr,shmem_ds,1000000,10,1,measured,228,2026-09-09T14:25:17.830557Z,157111492715167,157111492547303,157111492715167,1788963917830376161,1788963917830404333,ok,
exp_constrained_pub_only_xcdr__py_to_py__1000000B__10Hz__shmem_ds__best_effort,receive,sub,py_to_py,constrained_pub_only,exp,xcdr,shmem_ds,1000000,10,1,measured,229,2026-09-09T14:25:17.929769Z,157111591916633,157111591742066,157111591916633,1788963917929566897,1788963917929596522,ok,
exp_constrained_pub_only_xcdr__py_to_py__1000000B__10Hz__shmem_ds__best_effort,receive,sub,py_to_py,constrained_pub_only,exp,xcdr,shmem_ds,1000000,10,1,measured,230,2026-09-09T14:25:18.030988Z,157111693117819,157111692861218,157111693117819,1788963918030697350,1788963918030743386,ok,
exp_constrained_pub_only_xcdr__py_to_py__1000000B__10Hz__shmem_ds__best_effort,receive,sub,py_to_py,constrained_pub_only,exp,xcdr,shmem_ds,1000000,10,1,measured,231,2026-09-09T14:25:18.129798Z,157111791971338,157111791847856,157111791971338,1788963918129665623,1788963918129684599,ok,
exp_constrained_pub_only_xcdr__py_to_py__1000000B__10Hz__shmem_ds__best_effort,receive,sub,py_to_py,constrained_pub_only,exp,xcdr,shmem_ds,1000000,10,1,measured,232,2026-09-09T14:25:18.229098Z,157111891271674,157111891153773,157111891271674,1788963918228970228,1788963918228990316,ok,
exp_constrained_pub_only_xcdr__py_to_py__1000000B__10Hz__shmem_ds__best_effort,receive,sub,py_to_py,constrained_pub_only,exp,xcdr,shmem_ds,1000000,10,1,measured,233,2026-09-09T14:25:18.329375Z,157111991536968,157111991386726,157111991536968,1788963918329208702,1788963918329235281,ok,
exp_constrained_pub_only_xcdr__py_to_py__1000000B__10Hz__shmem_ds__best_effort,receive,sub,py_to_py,constrained_pub_only,exp,xcdr,shmem_ds,1000000,10,1,measured,234,2026-09-09T14:25:18.429677Z,157112091840443,157112091697005,157112091840443,1788963918429522927,1788963918429544027,ok,
exp_constrained_pub_only_xcdr__py_to_py__1000000B__10Hz__shmem_ds__best_effort,receive,sub,py_to_py,constrained_pub_only,exp,xcdr,shmem_ds,1000000,10,1,measured,235,2026-09-09T14:25:18.529310Z,157112191470167,157112191307973,157112191470167,1788963918529131020,1788963918529158291,ok,
exp_constrained_pub_only_xcdr__py_to_py__1000000B__10Hz__shmem_ds__best_effort,receive,sub,py_to_py,constrained_pub_only,exp,xcdr,shmem_ds,1000000,10,1,measured,236,2026-09-09T14:25:18.628591Z,157112290740517,157112290526526,157112290740517,1788963918628354733,1788963918628390861,ok,
exp_constrained_pub_only_xcdr__py_to_py__1000000B__10Hz__shmem_ds__best_effort,receive,sub,py_to_py,constrained_pub_only,exp,xcdr,shmem_ds,1000000,10,1,measured,237,2026-09-09T14:25:18.729199Z,157112391361217,157112391214422,157112391361217,1788963918729035405,1788963918729059501,ok,
exp_constrained_pub_only_xcdr__py_to_py__1000000B__10Hz__shmem_ds__best_effort,receive,sub,py_to_py,constrained_pub_only,exp,xcdr,shmem_ds,1000000,10,1,measured,238,2026-09-09T14:25:18.828633Z,157112490790254,157112490614304,157112490790254,1788963918828439125,1788963918828471786,ok,
exp_constrained_pub_only_xcdr__py_to_py__1000000B__10Hz__shmem_ds__best_effort,receive,sub,py_to_py,constrained_pub_only,exp,xcdr,shmem_ds,1000000,10,1,measured,239,2026-09-09T14:25:18.928814Z,157112590963817,157112590805390,157112590963817,1788963918928627305,1788963918928656770,ok,
exp_constrained_pub_only_xcdr__py_to_py__1000000B__10Hz__shmem_ds__best_effort,receive,sub,py_to_py,constrained_pub_only,exp,xcdr,shmem_ds,1000000,10,1,measured,240,2026-09-09T14:25:19.029332Z,157112691483449,157112691288483,157112691483449,1788963919029122992,1788963919029154201,ok,
exp_constrained_pub_only_xcdr__py_to_py__1000000B__10Hz__shmem_ds__best_effort,receive,sub,py_to_py,constrained_pub_only,exp,xcdr,shmem_ds,1000000,10,1,measured,241,2026-09-09T14:25:19.128931Z,157112791101043,157112790961812,157112791101043,1788963919128780842,1788963919128815257,ok,
exp_constrained_pub_only_xcdr__py_to_py__1000000B__10Hz__shmem_ds__best_effort,receive,sub,py_to_py,constrained_pub_only,exp,xcdr,shmem_ds,1000000,10,1,measured,242,2026-09-09T14:25:19.229044Z,157112891219527,157112891102527,157112891219527,1788963919228918672,1788963919228939521,ok,
exp_constrained_pub_only_xcdr__py_to_py__1000000B__10Hz__shmem_ds__best_effort,receive,sub,py_to_py,constrained_pub_only,exp,xcdr,shmem_ds,1000000,10,1,measured,243,2026-09-09T14:25:19.329527Z,157112991679350,157112991478624,157112991679350,1788963919329306480,1788963919329342828,ok,
exp_constrained_pub_only_xcdr__py_to_py__1000000B__10Hz__shmem_ds__best_effort,receive,sub,py_to_py,constrained_pub_only,exp,xcdr,shmem_ds,1000000,10,1,measured,244,2026-09-09T14:25:19.430287Z,157113092441760,157113092272684,157113092441760,1788963919430098556,1788963919430125947,ok,
exp_constrained_pub_only_xcdr__py_to_py__1000000B__10Hz__shmem_ds__best_effort,receive,sub,py_to_py,constrained_pub_only,exp,xcdr,shmem_ds,1000000,10,1,measured,245,2026-09-09T14:25:19.529718Z,157113191864670,157113191650189,157113191864670,1788963919529479177,1788963919529514874,ok,
exp_constrained_pub_only_xcdr__py_to_py__1000000B__10Hz__shmem_ds__best_effort,receive,sub,py_to_py,constrained_pub_only,exp,xcdr,shmem_ds,1000000,10,1,measured,246,2026-09-09T14:25:19.629929Z,157113292083622,157113291911500,157113292083622,1788963919629736300,1788963919629759534,ok,
exp_constrained_pub_only_xcdr__py_to_py__1000000B__10Hz__shmem_ds__best_effort,receive,sub,py_to_py,constrained_pub_only,exp,xcdr,shmem_ds,1000000,10,1,measured,247,2026-09-09T14:25:19.729355Z,157113391504318,157113391332757,157113391504318,1788963919729157527,1788963919729184698,ok,
exp_constrained_pub_only_xcdr__py_to_py__1000000B__10Hz__shmem_ds__best_effort,receive,sub,py_to_py,constrained_pub_only,exp,xcdr,shmem_ds,1000000,10,1,measured,248,2026-09-09T14:25:19.829360Z,157113491504019,157113491297903,157113491504019,1788963919829124747,1788963919829157799,ok,
exp_constrained_pub_only_xcdr__py_to_py__1000000B__10Hz__shmem_ds__best_effort,receive,sub,py_to_py,constrained_pub_only,exp,xcdr,shmem_ds,1000000,10,1,measured,249,2026-09-09T14:25:19.929621Z,157113591753148,157113591543655,157113591753148,1788963919929366242,1788963919929400626,ok,
exp_constrained_pub_only_xcdr__py_to_py__1000000B__10Hz__shmem_ds__best_effort,receive,sub,py_to_py,constrained_pub_only,exp,xcdr,shmem_ds,1000000,10,1,measured,250,2026-09-09T14:25:20.029121Z,157113691276527,157113691107651,157113691276527,1788963920028930808,1788963920028959522,ok,
exp_constrained_pub_only_xcdr__py_to_py__1000000B__10Hz__shmem_ds__best_effort,receive,sub,py_to_py,constrained_pub_only,exp,xcdr,shmem_ds,1000000,10,1,measured,251,2026-09-09T14:25:20.128854Z,157113790999033,157113790821681,157113790999033,1788963920128647924,1788963920128677369,ok,
exp_constrained_pub_only_xcdr__py_to_py__1000000B__10Hz__shmem_ds__best_effort,receive,sub,py_to_py,constrained_pub_only,exp,xcdr,shmem_ds,1000000,10,1,measured,252,2026-09-09T14:25:20.229442Z,157113891575118,157113891344246,157113891575118,1788963920229179225,1788963920229220493,ok,
exp_constrained_pub_only_xcdr__py_to_py__1000000B__10Hz__shmem_ds__best_effort,receive,sub,py_to_py,constrained_pub_only,exp,xcdr,shmem_ds,1000000,10,1,measured,253,2026-09-09T14:25:20.328322Z,157113990487176,157113990344359,157113990487176,1788963920328163068,1788963920328191200,ok,
exp_constrained_pub_only_xcdr__py_to_py__1000000B__10Hz__shmem_ds__best_effort,receive,sub,py_to_py,constrained_pub_only,exp,xcdr,shmem_ds,1000000,10,1,measured,254,2026-09-09T14:25:20.428454Z,157114090598290,157114090400590,157114090598290,1788963920428229949,1788963920428263963,ok,
exp_constrained_pub_only_xcdr__py_to_py__1000000B__10Hz__shmem_ds__best_effort,receive,sub,py_to_py,constrained_pub_only,exp,xcdr,shmem_ds,1000000,10,1,measured,255,2026-09-09T14:25:20.529476Z,157114191631321,157114191460211,157114191631321,1788963920529284009,1788963920529313955,ok,
exp_constrained_pub_only_xcdr__py_to_py__1000000B__10Hz__shmem_ds__best_effort,receive,sub,py_to_py,constrained_pub_only,exp,xcdr,shmem_ds,1000000,10,1,measured,256,2026-09-09T14:25:20.630281Z,157114292433071,157114292240961,157114292433071,1788963920630066252,1788963920630101929,ok,
exp_constrained_pub_only_xcdr__py_to_py__1000000B__10Hz__shmem_ds__best_effort,receive,sub,py_to_py,constrained_pub_only,exp,xcdr,shmem_ds,1000000,10,1,measured,257,2026-09-09T14:25:20.729362Z,157114391515948,157114391351109,157114391515948,1788963920729175940,1788963920729204473,ok,
exp_constrained_pub_only_xcdr__py_to_py__1000000B__10Hz__shmem_ds__best_effort,receive,sub,py_to_py,constrained_pub_only,exp,xcdr,shmem_ds,1000000,10,1,measured,258,2026-09-09T14:25:20.829181Z,157114491331007,157114491123849,157114491331007,1788963920828958047,1788963920828993684,ok,
exp_constrained_pub_only_xcdr__py_to_py__1000000B__10Hz__shmem_ds__best_effort,receive,sub,py_to_py,constrained_pub_only,exp,xcdr,shmem_ds,1000000,10,1,measured,259,2026-09-09T14:25:20.928453Z,157114590601997,157114590425697,157114590601997,1788963920928250998,1788963920928284631,ok,
exp_constrained_pub_only_xcdr__py_to_py__1000000B__10Hz__shmem_ds__best_effort,receive,sub,py_to_py,constrained_pub_only,exp,xcdr,shmem_ds,1000000,10,1,measured,260,2026-09-09T14:25:21.029434Z,157114691595316,157114691443462,157114691595316,1788963921029264886,1788963921029291916,ok,
exp_constrained_pub_only_xcdr__py_to_py__1000000B__10Hz__shmem_ds__best_effort,receive,sub,py_to_py,constrained_pub_only,exp,xcdr,shmem_ds,1000000,10,1,measured,261,2026-09-09T14:25:21.129950Z,157114792110964,157114791958508,157114792110964,1788963921129779471,1788963921129815178,ok,
exp_constrained_pub_only_xcdr__py_to_py__1000000B__10Hz__shmem_ds__best_effort,receive,sub,py_to_py,constrained_pub_only,exp,xcdr,shmem_ds,1000000,10,1,measured,262,2026-09-09T14:25:21.230724Z,157114892901024,157114892780909,157114892901024,1788963921230597834,1788963921230621499,ok,
exp_constrained_pub_only_xcdr__py_to_py__1000000B__10Hz__shmem_ds__best_effort,receive,sub,py_to_py,constrained_pub_only,exp,xcdr,shmem_ds,1000000,10,1,measured,263,2026-09-09T14:25:21.330497Z,157114992656917,157114992504882,157114992656917,1788963921330327037,1788963921330354879,ok,
exp_constrained_pub_only_xcdr__py_to_py__1000000B__10Hz__shmem_ds__best_effort,receive,sub,py_to_py,constrained_pub_only,exp,xcdr,shmem_ds,1000000,10,1,measured,264,2026-09-09T14:25:21.429944Z,157115092117417,157115091975671,157115092117417,1788963921429799139,1788963921429827763,ok,
exp_constrained_pub_only_xcdr__py_to_py__1000000B__10Hz__shmem_ds__best_effort,receive,sub,py_to_py,constrained_pub_only,exp,xcdr,shmem_ds,1000000,10,1,measured,265,2026-09-09T14:25:21.530597Z,157115192753218,157115192580754,157115192753218,1788963921530404593,1788963921530436022,ok,
exp_constrained_pub_only_xcdr__py_to_py__1000000B__10Hz__shmem_ds__best_effort,receive,sub,py_to_py,constrained_pub_only,exp,xcdr,shmem_ds,1000000,10,1,measured,266,2026-09-09T14:25:21.630914Z,157115293075021,157115292919740,157115293075021,1788963921630741786,1788963921630767664,ok,
exp_constrained_pub_only_xcdr__py_to_py__1000000B__10Hz__shmem_ds__best_effort,receive,sub,py_to_py,constrained_pub_only,exp,xcdr,shmem_ds,1000000,10,1,measured,267,2026-09-09T14:25:21.731071Z,157115393227167,157115393078649,157115393227167,1788963921730898180,1788963921730925030,ok,
exp_constrained_pub_only_xcdr__py_to_py__1000000B__10Hz__shmem_ds__best_effort,receive,sub,py_to_py,constrained_pub_only,exp,xcdr,shmem_ds,1000000,10,1,measured,268,2026-09-09T14:25:21.832215Z,157115494376882,157115494221981,157115494376882,1788963921832044137,1788963921832071388,ok,
exp_constrained_pub_only_xcdr__py_to_py__1000000B__10Hz__shmem_ds__best_effort,receive,sub,py_to_py,constrained_pub_only,exp,xcdr,shmem_ds,1000000,10,1,measured,269,2026-09-09T14:25:21.932511Z,157115594668949,157115594501596,157115594668949,1788963921932324523,1788963921932355541,ok,
exp_constrained_pub_only_xcdr__py_to_py__1000000B__10Hz__shmem_ds__best_effort,receive,sub,py_to_py,constrained_pub_only,exp,xcdr,shmem_ds,1000000,10,1,measured,270,2026-09-09T14:25:22.031598Z,157115693757593,157115693589267,157115693757593,1788963922031412865,1788963922031440728,ok,
exp_constrained_pub_only_xcdr__py_to_py__1000000B__10Hz__shmem_ds__best_effort,receive,sub,py_to_py,constrained_pub_only,exp,xcdr,shmem_ds,1000000,10,1,measured,271,2026-09-09T14:25:22.131968Z,157115794126228,157115793972450,157115794126228,1788963922131793083,1788963922131819362,ok,
exp_constrained_pub_only_xcdr__py_to_py__1000000B__10Hz__shmem_ds__best_effort,receive,sub,py_to_py,constrained_pub_only,exp,xcdr,shmem_ds,1000000,10,1,measured,272,2026-09-09T14:25:22.231931Z,157115894068755,157115893832863,157115894068755,1788963922231665047,1788963922231707597,ok,
exp_constrained_pub_only_xcdr__py_to_py__1000000B__10Hz__shmem_ds__best_effort,receive,sub,py_to_py,constrained_pub_only,exp,xcdr,shmem_ds,1000000,10,1,measured,273,2026-09-09T14:25:22.332013Z,157115994173316,157115994030568,157115994173316,1788963922331852163,1788963922331875617,ok,
exp_constrained_pub_only_xcdr__py_to_py__1000000B__10Hz__shmem_ds__best_effort,receive,sub,py_to_py,constrained_pub_only,exp,xcdr,shmem_ds,1000000,10,1,measured,274,2026-09-09T14:25:22.432894Z,157116095069210,157116094943815,157116095069210,1788963922432761602,1788963922432776470,ok,
exp_constrained_pub_only_xcdr__py_to_py__1000000B__10Hz__shmem_ds__best_effort,receive,sub,py_to_py,constrained_pub_only,exp,xcdr,shmem_ds,1000000,10,1,measured,275,2026-09-09T14:25:22.532379Z,157116194532808,157116194346499,157116194532808,1788963922532172031,1788963922532204252,ok,
exp_constrained_pub_only_xcdr__py_to_py__1000000B__10Hz__shmem_ds__best_effort,receive,sub,py_to_py,constrained_pub_only,exp,xcdr,shmem_ds,1000000,10,1,measured,276,2026-09-09T14:25:22.631618Z,157116293764132,157116293556062,157116293764132,1788963922631384810,1788963922631419896,ok,
exp_constrained_pub_only_xcdr__py_to_py__1000000B__10Hz__shmem_ds__best_effort,receive,sub,py_to_py,constrained_pub_only,exp,xcdr,shmem_ds,1000000,10,1,measured,277,2026-09-09T14:25:22.730675Z,157116392824726,157116392660588,157116392824726,1788963922730482303,1788963922730509153,ok,
exp_constrained_pub_only_xcdr__py_to_py__1000000B__10Hz__shmem_ds__best_effort,receive,sub,py_to_py,constrained_pub_only,exp,xcdr,shmem_ds,1000000,10,1,measured,278,2026-09-09T14:25:22.830966Z,157116493114213,157116492905822,157116493114213,1788963922830732637,1788963922830763535,ok,
exp_constrained_pub_only_xcdr__py_to_py__1000000B__10Hz__shmem_ds__best_effort,receive,sub,py_to_py,constrained_pub_only,exp,xcdr,shmem_ds,1000000,10,1,measured,279,2026-09-09T14:25:22.930251Z,157116592401372,157116592227786,157116592401372,1788963922930048419,1788963922930076422,ok,
exp_constrained_pub_only_xcdr__py_to_py__1000000B__10Hz__shmem_ds__best_effort,receive,sub,py_to_py,constrained_pub_only,exp,xcdr,shmem_ds,1000000,10,1,measured,280,2026-09-09T14:25:23.030393Z,157116692546219,157116692371271,157116692546219,1788963923030195090,1788963923030222321,ok,
exp_constrained_pub_only_xcdr__py_to_py__1000000B__10Hz__shmem_ds__best_effort,receive,sub,py_to_py,constrained_pub_only,exp,xcdr,shmem_ds,1000000,10,1,measured,281,2026-09-09T14:25:23.131031Z,157116793180307,157116792962008,157116793180307,1788963923130787249,1788963923130824479,ok,
exp_constrained_pub_only_xcdr__py_to_py__1000000B__10Hz__shmem_ds__best_effort,receive,sub,py_to_py,constrained_pub_only,exp,xcdr,shmem_ds,1000000,10,1,measured,282,2026-09-09T14:25:23.230503Z,157116892646325,157116892469644,157116892646325,1788963923230294274,1788963923230316896,ok,
exp_constrained_pub_only_xcdr__py_to_py__1000000B__10Hz__shmem_ds__best_effort,receive,sub,py_to_py,constrained_pub_only,exp,xcdr,shmem_ds,1000000,10,1,measured,283,2026-09-09T14:25:23.330614Z,157116992778712,157116992645863,157116992778712,1788963923330462608,1788963923330484129,ok,
exp_constrained_pub_only_xcdr__py_to_py__1000000B__10Hz__shmem_ds__best_effort,receive,sub,py_to_py,constrained_pub_only,exp,xcdr,shmem_ds,1000000,10,1,measured,284,2026-09-09T14:25:23.430026Z,157117092194516,157117092075583,157117092194516,1788963923429892709,1788963923429910232,ok,
exp_constrained_pub_only_xcdr__py_to_py__1000000B__10Hz__shmem_ds__best_effort,receive,sub,py_to_py,constrained_pub_only,exp,xcdr,shmem_ds,1000000,10,1,measured,285,2026-09-09T14:25:23.530168Z,157117192332634,157117192179167,157117192332634,1788963923530000200,1788963923530025007,ok,
exp_constrained_pub_only_xcdr__py_to_py__1000000B__10Hz__shmem_ds__best_effort,receive,sub,py_to_py,constrained_pub_only,exp,xcdr,shmem_ds,1000000,10,1,measured,286,2026-09-09T14:25:23.630795Z,157117292954989,157117292799438,157117292954989,1788963923630621854,1788963923630647532,ok,
exp_constrained_pub_only_xcdr__py_to_py__1000000B__10Hz__shmem_ds__best_effort,receive,sub,py_to_py,constrained_pub_only,exp,xcdr,shmem_ds,1000000,10,1,measured,287,2026-09-09T14:25:23.731724Z,157117393879982,157117393720563,157117393879982,1788963923731542959,1788963923731571202,ok,
exp_constrained_pub_only_xcdr__py_to_py__1000000B__10Hz__shmem_ds__best_effort,receive,sub,py_to_py,constrained_pub_only,exp,xcdr,shmem_ds,1000000,10,1,measured,288,2026-09-09T14:25:23.830840Z,157117492987749,157117492836465,157117492987749,1788963923830662849,1788963923830687645,ok,
exp_constrained_pub_only_xcdr__py_to_py__1000000B__10Hz__shmem_ds__best_effort,receive,sub,py_to_py,constrained_pub_only,exp,xcdr,shmem_ds,1000000,10,1,measured,289,2026-09-09T14:25:23.930745Z,157117592902177,157117592748960,157117592902177,1788963923930568621,1788963923930596393,ok,
exp_constrained_pub_only_xcdr__py_to_py__1000000B__10Hz__shmem_ds__best_effort,receive,sub,py_to_py,constrained_pub_only,exp,xcdr,shmem_ds,1000000,10,1,measured,290,2026-09-09T14:25:24.030300Z,157117692448036,157117692271385,157117692448036,1788963924030095575,1788963924030126242,ok,
exp_constrained_pub_only_xcdr__py_to_py__1000000B__10Hz__shmem_ds__best_effort,receive,sub,py_to_py,constrained_pub_only,exp,xcdr,shmem_ds,1000000,10,1,measured,291,2026-09-09T14:25:24.129295Z,157117791458576,157117791316009,157117791458576,1788963924129135169,1788963924129160256,ok,
exp_constrained_pub_only_xcdr__py_to_py__1000000B__10Hz__shmem_ds__best_effort,receive,sub,py_to_py,constrained_pub_only,exp,xcdr,shmem_ds,1000000,10,1,measured,292,2026-09-09T14:25:24.229650Z,157117891817662,157117891685024,157117891817662,1788963924229504655,1788963924229525424,ok,
exp_constrained_pub_only_xcdr__py_to_py__1000000B__10Hz__shmem_ds__best_effort,receive,sub,py_to_py,constrained_pub_only,exp,xcdr,shmem_ds,1000000,10,1,measured,293,2026-09-09T14:25:24.330046Z,157117992200924,157117992019324,157117992200924,1788963924329845367,1788963924329877878,ok,
exp_constrained_pub_only_xcdr__py_to_py__1000000B__10Hz__shmem_ds__best_effort,receive,sub,py_to_py,constrained_pub_only,exp,xcdr,shmem_ds,1000000,10,1,measured,294,2026-09-09T14:25:24.429352Z,157118091521584,157118091390789,157118091521584,1788963924429214698,1788963924429231229,ok,
exp_constrained_pub_only_xcdr__py_to_py__1000000B__10Hz__shmem_ds__best_effort,receive,sub,py_to_py,constrained_pub_only,exp,xcdr,shmem_ds,1000000,10,1,measured,295,2026-09-09T14:25:24.529990Z,157118192146268,157118191961892,157118192146268,1788963924529786783,1788963924529824233,ok,
exp_constrained_pub_only_xcdr__py_to_py__1000000B__10Hz__shmem_ds__best_effort,receive,sub,py_to_py,constrained_pub_only,exp,xcdr,shmem_ds,1000000,10,1,measured,296,2026-09-09T14:25:24.630107Z,157118292259414,157118292059389,157118292259414,1788963924629885973,1788963924629922762,ok,
exp_constrained_pub_only_xcdr__py_to_py__1000000B__10Hz__shmem_ds__best_effort,receive,sub,py_to_py,constrained_pub_only,exp,xcdr,shmem_ds,1000000,10,1,measured,297,2026-09-09T14:25:24.729767Z,157118391933125,157118391789386,157118391933125,1788963924729606973,1788963924729628523,ok,
exp_constrained_pub_only_xcdr__py_to_py__1000000B__10Hz__shmem_ds__best_effort,receive,sub,py_to_py,constrained_pub_only,exp,xcdr,shmem_ds,1000000,10,1,measured,298,2026-09-09T14:25:24.829004Z,157118491163056,157118490988949,157118491163056,1788963924828820252,1788963924828849948,ok,
exp_constrained_pub_only_xcdr__py_to_py__1000000B__10Hz__shmem_ds__best_effort,receive,sub,py_to_py,constrained_pub_only,exp,xcdr,shmem_ds,1000000,10,1,measured,299,2026-09-09T14:25:24.928131Z,157118590291105,157118590131766,157118590291105,1788963924927955925,1788963924927984148,ok,
exp_constrained_pub_only_xcdr__py_to_py__1000000B__10Hz__shmem_ds__best_effort,receive,sub,py_to_py,constrained_pub_only,exp,xcdr,shmem_ds,1000000,10,1,measured,300,2026-09-09T14:25:25.029188Z,157118691342590,157118691164446,157118691342590,1788963925028993535,1788963925029020996,ok,
