run_id,event,process,direction,config,message,backend,transport,payload_bytes,target_frequency_hz,step_index,phase,sequence,observed_utc,observed_mono_ns,send_mono_ns,receive_mono_ns,middleware_source_ns,middleware_received_ns,status,error
exp_constrained_pub_sub_xcdr__py_to_cpp__100000B__10Hz__shmem_ds__best_effort,publish,pub,py_to_cpp,constrained_pub_sub,exp,xcdr,shmem_ds,100000,10,0,measured,0,2026-09-09T14:27:48.945175Z,157262607285953,157262607285953,157262607285953,-1,-1,ok,
exp_constrained_pub_sub_xcdr__py_to_cpp__100000B__10Hz__shmem_ds__best_effort,publish,pub,py_to_cpp,constrained_pub_sub,exp,xcdr,shmem_ds,100000,10,0,measured,1,2026-09-09T14:27:49.045711Z,157262707854830,157262707854830,157262707854830,-1,-1,ok,
exp_constrained_pub_sub_xcdr__py_to_cpp__100000B__10Hz__shmem_ds__best_effort,publish,pub,py_to_cpp,constrained_pub_sub,exp,xcdr,shmem_ds,100000,10,0,measured,2,2026-09-09T14:27:49.144741Z,157262806888043,157262806888043,157262806888043,-1,-1,ok,
exp_constrained_pub_sub_xcdr__py_to_cpp__100000B__10Hz__shmem_ds__best_effort,publish,pub,py_to_cpp,constrained_pub_sub,exp,xcdr,shmem_ds,100000,10,0,measured,3,2026-09-09T14:27:49.244238Z,157262906389988,157262906389988,157262906389988,-1,-1,ok,
exp_constrained_pub_sub_xcdr__py_to_cpp__100000B__10Hz__shmem_ds__best_effort,publish,pub,py_to_cpp,constrained_pub_sub,exp,xcdr,shmem_ds,100000,10,0,measured,4,2026-09-09T14:27:49.343585Z,157263005745276,157263005745276,157263005745276,-1,-1,ok,
exp_constrained_pub_sub_xcdr__py_to_cpp__100000B__10Hz__shmem_ds__best_effort,publish,pub,py_to_cpp,constrained_pub_sub,exp,xcdr,shmem_ds,100000,10,0,measured,5,2026-09-09T14:27:49.444143Z,157263106300149,157263106300149,157263106300149,-1,-1,ok,
exp_constrained_pub_sub_xcdr__py_to_cpp__100000B__10Hz__shmem_ds__best_effort,publish,pub,py_to_cpp,constrained_pub_sub,exp,xcdr,shmem_ds,100000,10,0,measured,6,2026-09-09T14:27:49.544782Z,157263206894367,157263206894367,157263206894367,-1,-1,ok,
exp_constrained_pub_sub_xcdr__py_to_cpp__100000B__10Hz__shmem_ds__best_effort,publish,pub,py_to_cpp,constrained_pub_sub,exp,xcdr,shmem_ds,100000,10,0,measured,7,2026-09-09T14:27:49.645301Z,157263307454700,157263307454700,157263307454700,-1,-1,ok,
exp_constrained_pub_sub_xcdr__py_to_cpp__100000B__10Hz__shmem_ds__best_effort,publish,pub,py_to_cpp,constrained_pub_sub,exp,xcdr,shmem_ds,100000,10,0,measured,8,2026-09-09T14:27:49.744512Z,157263406653435,157263406653435,157263406653435,-1,-1,ok,
exp_constrained_pub_sub_xcdr__py_to_cpp__100000B__10Hz__shmem_ds__best_effort,publish,pub,py_to_cpp,constrained_pub_sub,exp,xcdr,shmem_ds,100000,10,0,measured,9,2026-09-09T14:27:49.844334Z,157263506476552,157263506476552,157263506476552,-1,-1,ok,
exp_constrained_pub_sub_xcdr__py_to_cpp__100000B__10Hz__shmem_ds__best_effort,publish,pub,py_to_cpp,constrained_pub_sub,exp,xcdr,shmem_ds,100000,10,0,measured,10,2026-09-09T14:27:49.943266Z,157263605420677,157263605420677,157263605420677,-1,-1,ok,
exp_constrained_pub_sub_xcdr__py_to_cpp__100000B__10Hz__shmem_ds__best_effort,publish,pub,py_to_cpp,constrained_pub_sub,exp,xcdr,shmem_ds,100000,10,0,measured,11,2026-09-09T14:27:50.042791Z,157263704940466,157263704940466,157263704940466,-1,-1,ok,
exp_constrained_pub_sub_xcdr__py_to_cpp__100000B__10Hz__shmem_ds__best_effort,publish,pub,py_to_cpp,constrained_pub_sub,exp,xcdr,shmem_ds,100000,10,0,measured,12,2026-09-09T14:27:50.142704Z,157263804861200,157263804861200,157263804861200,-1,-1,ok,
exp_constrained_pub_sub_xcdr__py_to_cpp__100000B__10Hz__shmem_ds__best_effort,publish,pub,py_to_cpp,constrained_pub_sub,exp,xcdr,shmem_ds,100000,10,0,measured,13,2026-09-09T14:27:50.242044Z,157263904169214,157263904169214,157263904169214,-1,-1,ok,
exp_constrained_pub_sub_xcdr__py_to_cpp__100000B__10Hz__shmem_ds__best_effort,publish,pub,py_to_cpp,constrained_pub_sub,exp,xcdr,shmem_ds,100000,10,0,measured,14,2026-09-09T14:27:50.341329Z,157264003444715,157264003444715,157264003444715,-1,-1,ok,
exp_constrained_pub_sub_xcdr__py_to_cpp__100000B__10Hz__shmem_ds__best_effort,publish,pub,py_to_cpp,constrained_pub_sub,exp,xcdr,shmem_ds,100000,10,0,measured,15,2026-09-09T14:27:50.441685Z,157264103817570,157264103817570,157264103817570,-1,-1,ok,
exp_constrained_pub_sub_xcdr__py_to_cpp__100000B__10Hz__shmem_ds__best_effort,publish,pub,py_to_cpp,constrained_pub_sub,exp,xcdr,shmem_ds,100000,10,0,measured,16,2026-09-09T14:27:50.541817Z,157264203944572,157264203944572,157264203944572,-1,-1,ok,
exp_constrained_pub_sub_xcdr__py_to_cpp__100000B__10Hz__shmem_ds__best_effort,publish,pub,py_to_cpp,constrained_pub_sub,exp,xcdr,shmem_ds,100000,10,0,measured,17,2026-09-09T14:27:50.641170Z,157264303297709,157264303297709,157264303297709,-1,-1,ok,
exp_constrained_pub_sub_xcdr__py_to_cpp__100000B__10Hz__shmem_ds__best_effort,publish,pub,py_to_cpp,constrained_pub_sub,exp,xcdr,shmem_ds,100000,10,0,measured,18,2026-09-09T14:27:50.741288Z,157264403416596,157264403416596,157264403416596,-1,-1,ok,
exp_constrained_pub_sub_xcdr__py_to_cpp__100000B__10Hz__shmem_ds__best_effort,publish,pub,py_to_cpp,constrained_pub_sub,exp,xcdr,shmem_ds,100000,10,0,measured,19,2026-09-09T14:27:50.841992Z,157264504119341,157264504119341,157264504119341,-1,-1,ok,
exp_constrained_pub_sub_xcdr__py_to_cpp__100000B__10Hz__shmem_ds__best_effort,publish,pub,py_to_cpp,constrained_pub_sub,exp,xcdr,shmem_ds,100000,10,0,measured,20,2026-09-09T14:27:50.940993Z,157264603120657,157264603120657,157264603120657,-1,-1,ok,
exp_constrained_pub_sub_xcdr__py_to_cpp__100000B__10Hz__shmem_ds__best_effort,publish,pub,py_to_cpp,constrained_pub_sub,exp,xcdr,shmem_ds,100000,10,0,measured,21,2026-09-09T14:27:51.041563Z,157264703694220,157264703694220,157264703694220,-1,-1,ok,
exp_constrained_pub_sub_xcdr__py_to_cpp__100000B__10Hz__shmem_ds__best_effort,publish,pub,py_to_cpp,constrained_pub_sub,exp,xcdr,shmem_ds,100000,10,0,measured,22,2026-09-09T14:27:51.142012Z,157264804150465,157264804150465,157264804150465,-1,-1,ok,
exp_constrained_pub_sub_xcdr__py_to_cpp__100000B__10Hz__shmem_ds__best_effort,publish,pub,py_to_cpp,constrained_pub_sub,exp,xcdr,shmem_ds,100000,10,0,measured,23,2026-09-09T14:27:51.241680Z,157264903807887,157264903807887,157264903807887,-1,-1,ok,
exp_constrained_pub_sub_xcdr__py_to_cpp__100000B__10Hz__shmem_ds__best_effort,publish,pub,py_to_cpp,constrained_pub_sub,exp,xcdr,shmem_ds,100000,10,0,measured,24,2026-09-09T14:27:51.340940Z,157265003076940,157265003076940,157265003076940,-1,-1,ok,
exp_constrained_pub_sub_xcdr__py_to_cpp__100000B__10Hz__shmem_ds__best_effort,publish,pub,py_to_cpp,constrained_pub_sub,exp,xcdr,shmem_ds,100000,10,0,measured,25,2026-09-09T14:27:51.441914Z,157265104041841,157265104041841,157265104041841,-1,-1,ok,
exp_constrained_pub_sub_xcdr__py_to_cpp__100000B__10Hz__shmem_ds__best_effort,publish,pub,py_to_cpp,constrained_pub_sub,exp,xcdr,shmem_ds,100000,10,0,measured,26,2026-09-09T14:27:51.541568Z,157265203695466,157265203695466,157265203695466,-1,-1,ok,
exp_constrained_pub_sub_xcdr__py_to_cpp__100000B__10Hz__shmem_ds__best_effort,publish,pub,py_to_cpp,constrained_pub_sub,exp,xcdr,shmem_ds,100000,10,0,measured,27,2026-09-09T14:27:51.640940Z,157265303043568,157265303043568,157265303043568,-1,-1,ok,
exp_constrained_pub_sub_xcdr__py_to_cpp__100000B__10Hz__shmem_ds__best_effort,publish,pub,py_to_cpp,constrained_pub_sub,exp,xcdr,shmem_ds,100000,10,0,measured,28,2026-09-09T14:27:51.739833Z,157265401973273,157265401973273,157265401973273,-1,-1,ok,
exp_constrained_pub_sub_xcdr__py_to_cpp__100000B__10Hz__shmem_ds__best_effort,publish,pub,py_to_cpp,constrained_pub_sub,exp,xcdr,shmem_ds,100000,10,0,measured,29,2026-09-09T14:27:51.840537Z,157265502674988,157265502674988,157265502674988,-1,-1,ok,
exp_constrained_pub_sub_xcdr__py_to_cpp__100000B__10Hz__shmem_ds__best_effort,publish,pub,py_to_cpp,constrained_pub_sub,exp,xcdr,shmem_ds,100000,10,0,measured,30,2026-09-09T14:27:51.940831Z,157265602960061,157265602960061,157265602960061,-1,-1,ok,
exp_constrained_pub_sub_xcdr__py_to_cpp__100000B__10Hz__shmem_ds__best_effort,publish,pub,py_to_cpp,constrained_pub_sub,exp,xcdr,shmem_ds,100000,10,0,measured,31,2026-09-09T14:27:52.041345Z,157265703484806,157265703484806,157265703484806,-1,-1,ok,
exp_constrained_pub_sub_xcdr__py_to_cpp__100000B__10Hz__shmem_ds__best_effort,publish,pub,py_to_cpp,constrained_pub_sub,exp,xcdr,shmem_ds,100000,10,0,measured,32,2026-09-09T14:27:52.141936Z,157265804066670,157265804066670,157265804066670,-1,-1,ok,
exp_constrained_pub_sub_xcdr__py_to_cpp__100000B__10Hz__shmem_ds__best_effort,publish,pub,py_to_cpp,constrained_pub_sub,exp,xcdr,shmem_ds,100000,10,0,measured,33,2026-09-09T14:27:52.242012Z,157265904141470,157265904141470,157265904141470,-1,-1,ok,
exp_constrained_pub_sub_xcdr__py_to_cpp__100000B__10Hz__shmem_ds__best_effort,publish,pub,py_to_cpp,constrained_pub_sub,exp,xcdr,shmem_ds,100000,10,0,measured,34,2026-09-09T14:27:52.342952Z,157266005082029,157266005082029,157266005082029,-1,-1,ok,
exp_constrained_pub_sub_xcdr__py_to_cpp__100000B__10Hz__shmem_ds__best_effort,publish,pub,py_to_cpp,constrained_pub_sub,exp,xcdr,shmem_ds,100000,10,0,measured,35,2026-09-09T14:27:52.442694Z,157266104824946,157266104824946,157266104824946,-1,-1,ok,
exp_constrained_pub_sub_xcdr__py_to_cpp__100000B__10Hz__shmem_ds__best_effort,publish,pub,py_to_cpp,constrained_pub_sub,exp,xcdr,shmem_ds,100000,10,0,measured,36,2026-09-09T14:27:52.542817Z,157266204937417,157266204937417,157266204937417,-1,-1,ok,
exp_constrained_pub_sub_xcdr__py_to_cpp__100000B__10Hz__shmem_ds__best_effort,publish,pub,py_to_cpp,constrained_pub_sub,exp,xcdr,shmem_ds,100000,10,0,measured,37,2026-09-09T14:27:52.643466Z,157266305597909,157266305597909,157266305597909,-1,-1,ok,
exp_constrained_pub_sub_xcdr__py_to_cpp__100000B__10Hz__shmem_ds__best_effort,publish,pub,py_to_cpp,constrained_pub_sub,exp,xcdr,shmem_ds,100000,10,0,measured,38,2026-09-09T14:27:52.743722Z,157266405851115,157266405851115,157266405851115,-1,-1,ok,
exp_constrained_pub_sub_xcdr__py_to_cpp__100000B__10Hz__shmem_ds__best_effort,publish,pub,py_to_cpp,constrained_pub_sub,exp,xcdr,shmem_ds,100000,10,0,measured,39,2026-09-09T14:27:52.844432Z,157266506560698,157266506560698,157266506560698,-1,-1,ok,
exp_constrained_pub_sub_xcdr__py_to_cpp__100000B__10Hz__shmem_ds__best_effort,publish,pub,py_to_cpp,constrained_pub_sub,exp,xcdr,shmem_ds,100000,10,0,measured,40,2026-09-09T14:27:52.944503Z,157266606639166,157266606639166,157266606639166,-1,-1,ok,
exp_constrained_pub_sub_xcdr__py_to_cpp__100000B__10Hz__shmem_ds__best_effort,publish,pub,py_to_cpp,constrained_pub_sub,exp,xcdr,shmem_ds,100000,10,0,measured,41,2026-09-09T14:27:53.045005Z,157266707132936,157266707132936,157266707132936,-1,-1,ok,
exp_constrained_pub_sub_xcdr__py_to_cpp__100000B__10Hz__shmem_ds__best_effort,publish,pub,py_to_cpp,constrained_pub_sub,exp,xcdr,shmem_ds,100000,10,0,measured,42,2026-09-09T14:27:53.144087Z,157266806215664,157266806215664,157266806215664,-1,-1,ok,
exp_constrained_pub_sub_xcdr__py_to_cpp__100000B__10Hz__shmem_ds__best_effort,publish,pub,py_to_cpp,constrained_pub_sub,exp,xcdr,shmem_ds,100000,10,0,measured,43,2026-09-09T14:27:53.243536Z,157266905667077,157266905667077,157266905667077,-1,-1,ok,
exp_constrained_pub_sub_xcdr__py_to_cpp__100000B__10Hz__shmem_ds__best_effort,publish,pub,py_to_cpp,constrained_pub_sub,exp,xcdr,shmem_ds,100000,10,0,measured,44,2026-09-09T14:27:53.343056Z,157267005183962,157267005183962,157267005183962,-1,-1,ok,
exp_constrained_pub_sub_xcdr__py_to_cpp__100000B__10Hz__shmem_ds__best_effort,publish,pub,py_to_cpp,constrained_pub_sub,exp,xcdr,shmem_ds,100000,10,0,measured,45,2026-09-09T14:27:53.442199Z,157267104328527,157267104328527,157267104328527,-1,-1,ok,
exp_constrained_pub_sub_xcdr__py_to_cpp__100000B__10Hz__shmem_ds__best_effort,publish,pub,py_to_cpp,constrained_pub_sub,exp,xcdr,shmem_ds,100000,10,0,measured,46,2026-09-09T14:27:53.541608Z,157267203745444,157267203745444,157267203745444,-1,-1,ok,
exp_constrained_pub_sub_xcdr__py_to_cpp__100000B__10Hz__shmem_ds__best_effort,publish,pub,py_to_cpp,constrained_pub_sub,exp,xcdr,shmem_ds,100000,10,0,measured,47,2026-09-09T14:27:53.641182Z,157267303319777,157267303319777,157267303319777,-1,-1,ok,
exp_constrained_pub_sub_xcdr__py_to_cpp__100000B__10Hz__shmem_ds__best_effort,publish,pub,py_to_cpp,constrained_pub_sub,exp,xcdr,shmem_ds,100000,10,0,measured,48,2026-09-09T14:27:53.740486Z,157267402610938,157267402610938,157267402610938,-1,-1,ok,
exp_constrained_pub_sub_xcdr__py_to_cpp__100000B__10Hz__shmem_ds__best_effort,publish,pub,py_to_cpp,constrained_pub_sub,exp,xcdr,shmem_ds,100000,10,0,measured,49,2026-09-09T14:27:53.840787Z,157267502907118,157267502907118,157267502907118,-1,-1,ok,
exp_constrained_pub_sub_xcdr__py_to_cpp__100000B__10Hz__shmem_ds__best_effort,publish,pub,py_to_cpp,constrained_pub_sub,exp,xcdr,shmem_ds,100000,10,0,measured,50,2026-09-09T14:27:53.940811Z,157267602852639,157267602852639,157267602852639,-1,-1,ok,
exp_constrained_pub_sub_xcdr__py_to_cpp__100000B__10Hz__shmem_ds__best_effort,publish,pub,py_to_cpp,constrained_pub_sub,exp,xcdr,shmem_ds,100000,10,0,measured,51,2026-09-09T14:27:54.040358Z,157267702435759,157267702435759,157267702435759,-1,-1,ok,
exp_constrained_pub_sub_xcdr__py_to_cpp__100000B__10Hz__shmem_ds__best_effort,publish,pub,py_to_cpp,constrained_pub_sub,exp,xcdr,shmem_ds,100000,10,0,measured,52,2026-09-09T14:27:54.139721Z,157267801843873,157267801843873,157267801843873,-1,-1,ok,
exp_constrained_pub_sub_xcdr__py_to_cpp__100000B__10Hz__shmem_ds__best_effort,publish,pub,py_to_cpp,constrained_pub_sub,exp,xcdr,shmem_ds,100000,10,0,measured,53,2026-09-09T14:27:54.239372Z,157267901496276,157267901496276,157267901496276,-1,-1,ok,
exp_constrained_pub_sub_xcdr__py_to_cpp__100000B__10Hz__shmem_ds__best_effort,publish,pub,py_to_cpp,constrained_pub_sub,exp,xcdr,shmem_ds,100000,10,0,measured,54,2026-09-09T14:27:54.339871Z,157268002026079,157268002026079,157268002026079,-1,-1,ok,
exp_constrained_pub_sub_xcdr__py_to_cpp__100000B__10Hz__shmem_ds__best_effort,publish,pub,py_to_cpp,constrained_pub_sub,exp,xcdr,shmem_ds,100000,10,0,measured,55,2026-09-09T14:27:54.440270Z,157268102408494,157268102408494,157268102408494,-1,-1,ok,
exp_constrained_pub_sub_xcdr__py_to_cpp__100000B__10Hz__shmem_ds__best_effort,publish,pub,py_to_cpp,constrained_pub_sub,exp,xcdr,shmem_ds,100000,10,0,measured,56,2026-09-09T14:27:54.540578Z,157268202705840,157268202705840,157268202705840,-1,-1,ok,
exp_constrained_pub_sub_xcdr__py_to_cpp__100000B__10Hz__shmem_ds__best_effort,publish,pub,py_to_cpp,constrained_pub_sub,exp,xcdr,shmem_ds,100000,10,0,measured,57,2026-09-09T14:27:54.639949Z,157268302090529,157268302090529,157268302090529,-1,-1,ok,
exp_constrained_pub_sub_xcdr__py_to_cpp__100000B__10Hz__shmem_ds__best_effort,publish,pub,py_to_cpp,constrained_pub_sub,exp,xcdr,shmem_ds,100000,10,0,measured,58,2026-09-09T14:27:54.740631Z,157268402726752,157268402726752,157268402726752,-1,-1,ok,
exp_constrained_pub_sub_xcdr__py_to_cpp__100000B__10Hz__shmem_ds__best_effort,publish,pub,py_to_cpp,constrained_pub_sub,exp,xcdr,shmem_ds,100000,10,0,measured,59,2026-09-09T14:27:54.839691Z,157268501818181,157268501818181,157268501818181,-1,-1,ok,
exp_constrained_pub_sub_xcdr__py_to_cpp__100000B__10Hz__shmem_ds__best_effort,publish,pub,py_to_cpp,constrained_pub_sub,exp,xcdr,shmem_ds,100000,10,0,measured,60,2026-09-09T14:27:54.939411Z,157268601547438,157268601547438,157268601547438,-1,-1,ok,
exp_constrained_pub_sub_xcdr__py_to_cpp__100000B__10Hz__shmem_ds__best_effort,publish,pub,py_to_cpp,constrained_pub_sub,exp,xcdr,shmem_ds,100000,10,0,measured,61,2026-09-09T14:27:55.040596Z,157268702744306,157268702744306,157268702744306,-1,-1,ok,
exp_constrained_pub_sub_xcdr__py_to_cpp__100000B__10Hz__shmem_ds__best_effort,publish,pub,py_to_cpp,constrained_pub_sub,exp,xcdr,shmem_ds,100000,10,0,measured,62,2026-09-09T14:27:55.140764Z,157268802904066,157268802904066,157268802904066,-1,-1,ok,
exp_constrained_pub_sub_xcdr__py_to_cpp__100000B__10Hz__shmem_ds__best_effort,publish,pub,py_to_cpp,constrained_pub_sub,exp,xcdr,shmem_ds,100000,10,0,measured,63,2026-09-09T14:27:55.240719Z,157268902868328,157268902868328,157268902868328,-1,-1,ok,
exp_constrained_pub_sub_xcdr__py_to_cpp__100000B__10Hz__shmem_ds__best_effort,publish,pub,py_to_cpp,constrained_pub_sub,exp,xcdr,shmem_ds,100000,10,0,measured,64,2026-09-09T14:27:55.341069Z,157269003210862,157269003210862,157269003210862,-1,-1,ok,
exp_constrained_pub_sub_xcdr__py_to_cpp__100000B__10Hz__shmem_ds__best_effort,publish,pub,py_to_cpp,constrained_pub_sub,exp,xcdr,shmem_ds,100000,10,0,measured,65,2026-09-09T14:27:55.441764Z,157269103913422,157269103913422,157269103913422,-1,-1,ok,
exp_constrained_pub_sub_xcdr__py_to_cpp__100000B__10Hz__shmem_ds__best_effort,publish,pub,py_to_cpp,constrained_pub_sub,exp,xcdr,shmem_ds,100000,10,0,measured,66,2026-09-09T14:27:55.542299Z,157269204444631,157269204444631,157269204444631,-1,-1,ok,
exp_constrained_pub_sub_xcdr__py_to_cpp__100000B__10Hz__shmem_ds__best_effort,publish,pub,py_to_cpp,constrained_pub_sub,exp,xcdr,shmem_ds,100000,10,0,measured,67,2026-09-09T14:27:55.641765Z,157269303916046,157269303916046,157269303916046,-1,-1,ok,
exp_constrained_pub_sub_xcdr__py_to_cpp__100000B__10Hz__shmem_ds__best_effort,publish,pub,py_to_cpp,constrained_pub_sub,exp,xcdr,shmem_ds,100000,10,0,measured,68,2026-09-09T14:27:55.740998Z,157269403099421,157269403099421,157269403099421,-1,-1,ok,
exp_constrained_pub_sub_xcdr__py_to_cpp__100000B__10Hz__shmem_ds__best_effort,publish,pub,py_to_cpp,constrained_pub_sub,exp,xcdr,shmem_ds,100000,10,0,measured,69,2026-09-09T14:27:55.841005Z,157269503111333,157269503111333,157269503111333,-1,-1,ok,
exp_constrained_pub_sub_xcdr__py_to_cpp__100000B__10Hz__shmem_ds__best_effort,publish,pub,py_to_cpp,constrained_pub_sub,exp,xcdr,shmem_ds,100000,10,0,measured,70,2026-09-09T14:27:55.940453Z,157269602565917,157269602565917,157269602565917,-1,-1,ok,
exp_constrained_pub_sub_xcdr__py_to_cpp__100000B__10Hz__shmem_ds__best_effort,publish,pub,py_to_cpp,constrained_pub_sub,exp,xcdr,shmem_ds,100000,10,0,measured,71,2026-09-09T14:27:56.039554Z,157269701678410,157269701678410,157269701678410,-1,-1,ok,
exp_constrained_pub_sub_xcdr__py_to_cpp__100000B__10Hz__shmem_ds__best_effort,publish,pub,py_to_cpp,constrained_pub_sub,exp,xcdr,shmem_ds,100000,10,0,measured,72,2026-09-09T14:27:56.140486Z,157269802609182,157269802609182,157269802609182,-1,-1,ok,
exp_constrained_pub_sub_xcdr__py_to_cpp__100000B__10Hz__shmem_ds__best_effort,publish,pub,py_to_cpp,constrained_pub_sub,exp,xcdr,shmem_ds,100000,10,0,measured,73,2026-09-09T14:27:56.241218Z,157269903340690,157269903340690,157269903340690,-1,-1,ok,
exp_constrained_pub_sub_xcdr__py_to_cpp__100000B__10Hz__shmem_ds__best_effort,publish,pub,py_to_cpp,constrained_pub_sub,exp,xcdr,shmem_ds,100000,10,0,measured,74,2026-09-09T14:27:56.340835Z,157270002960479,157270002960479,157270002960479,-1,-1,ok,
exp_constrained_pub_sub_xcdr__py_to_cpp__100000B__10Hz__shmem_ds__best_effort,publish,pub,py_to_cpp,constrained_pub_sub,exp,xcdr,shmem_ds,100000,10,0,measured,75,2026-09-09T14:27:56.441161Z,157270103295862,157270103295862,157270103295862,-1,-1,ok,
exp_constrained_pub_sub_xcdr__py_to_cpp__100000B__10Hz__shmem_ds__best_effort,publish,pub,py_to_cpp,constrained_pub_sub,exp,xcdr,shmem_ds,100000,10,0,measured,76,2026-09-09T14:27:56.541005Z,157270203128360,157270203128360,157270203128360,-1,-1,ok,
exp_constrained_pub_sub_xcdr__py_to_cpp__100000B__10Hz__shmem_ds__best_effort,publish,pub,py_to_cpp,constrained_pub_sub,exp,xcdr,shmem_ds,100000,10,0,measured,77,2026-09-09T14:27:56.641774Z,157270303894493,157270303894493,157270303894493,-1,-1,ok,
exp_constrained_pub_sub_xcdr__py_to_cpp__100000B__10Hz__shmem_ds__best_effort,publish,pub,py_to_cpp,constrained_pub_sub,exp,xcdr,shmem_ds,100000,10,0,measured,78,2026-09-09T14:27:56.741691Z,157270403817872,157270403817872,157270403817872,-1,-1,ok,
exp_constrained_pub_sub_xcdr__py_to_cpp__100000B__10Hz__shmem_ds__best_effort,publish,pub,py_to_cpp,constrained_pub_sub,exp,xcdr,shmem_ds,100000,10,0,measured,79,2026-09-09T14:27:56.841233Z,157270503355075,157270503355075,157270503355075,-1,-1,ok,
exp_constrained_pub_sub_xcdr__py_to_cpp__100000B__10Hz__shmem_ds__best_effort,publish,pub,py_to_cpp,constrained_pub_sub,exp,xcdr,shmem_ds,100000,10,0,measured,80,2026-09-09T14:27:56.940702Z,157270602828548,157270602828548,157270602828548,-1,-1,ok,
exp_constrained_pub_sub_xcdr__py_to_cpp__100000B__10Hz__shmem_ds__best_effort,publish,pub,py_to_cpp,constrained_pub_sub,exp,xcdr,shmem_ds,100000,10,0,measured,81,2026-09-09T14:27:57.040990Z,157270703074425,157270703074425,157270703074425,-1,-1,ok,
exp_constrained_pub_sub_xcdr__py_to_cpp__100000B__10Hz__shmem_ds__best_effort,publish,pub,py_to_cpp,constrained_pub_sub,exp,xcdr,shmem_ds,100000,10,0,measured,82,2026-09-09T14:27:57.140539Z,157270802636147,157270802636147,157270802636147,-1,-1,ok,
exp_constrained_pub_sub_xcdr__py_to_cpp__100000B__10Hz__shmem_ds__best_effort,publish,pub,py_to_cpp,constrained_pub_sub,exp,xcdr,shmem_ds,100000,10,0,measured,83,2026-09-09T14:27:57.240472Z,157270902611226,157270902611226,157270902611226,-1,-1,ok,
exp_constrained_pub_sub_xcdr__py_to_cpp__100000B__10Hz__shmem_ds__best_effort,publish,pub,py_to_cpp,constrained_pub_sub,exp,xcdr,shmem_ds,100000,10,0,measured,84,2026-09-09T14:27:57.341161Z,157271003312240,157271003312240,157271003312240,-1,-1,ok,
exp_constrained_pub_sub_xcdr__py_to_cpp__100000B__10Hz__shmem_ds__best_effort,publish,pub,py_to_cpp,constrained_pub_sub,exp,xcdr,shmem_ds,100000,10,0,measured,85,2026-09-09T14:27:57.441041Z,157271103177042,157271103177042,157271103177042,-1,-1,ok,
exp_constrained_pub_sub_xcdr__py_to_cpp__100000B__10Hz__shmem_ds__best_effort,publish,pub,py_to_cpp,constrained_pub_sub,exp,xcdr,shmem_ds,100000,10,0,measured,86,2026-09-09T14:27:57.540639Z,157271202727654,157271202727654,157271202727654,-1,-1,ok,
exp_constrained_pub_sub_xcdr__py_to_cpp__100000B__10Hz__shmem_ds__best_effort,publish,pub,py_to_cpp,constrained_pub_sub,exp,xcdr,shmem_ds,100000,10,0,measured,87,2026-09-09T14:27:57.641550Z,157271303667437,157271303667437,157271303667437,-1,-1,ok,
exp_constrained_pub_sub_xcdr__py_to_cpp__100000B__10Hz__shmem_ds__best_effort,publish,pub,py_to_cpp,constrained_pub_sub,exp,xcdr,shmem_ds,100000,10,0,measured,88,2026-09-09T14:27:57.741585Z,157271403706596,157271403706596,157271403706596,-1,-1,ok,
exp_constrained_pub_sub_xcdr__py_to_cpp__100000B__10Hz__shmem_ds__best_effort,publish,pub,py_to_cpp,constrained_pub_sub,exp,xcdr,shmem_ds,100000,10,0,measured,89,2026-09-09T14:27:57.840761Z,157271502885108,157271502885108,157271502885108,-1,-1,ok,
exp_constrained_pub_sub_xcdr__py_to_cpp__100000B__10Hz__shmem_ds__best_effort,publish,pub,py_to_cpp,constrained_pub_sub,exp,xcdr,shmem_ds,100000,10,0,measured,90,2026-09-09T14:27:57.939880Z,157271601992707,157271601992707,157271601992707,-1,-1,ok,
exp_constrained_pub_sub_xcdr__py_to_cpp__100000B__10Hz__shmem_ds__best_effort,publish,pub,py_to_cpp,constrained_pub_sub,exp,xcdr,shmem_ds,100000,10,0,measured,91,2026-09-09T14:27:58.039119Z,157271701211746,157271701211746,157271701211746,-1,-1,ok,
exp_constrained_pub_sub_xcdr__py_to_cpp__100000B__10Hz__shmem_ds__best_effort,publish,pub,py_to_cpp,constrained_pub_sub,exp,xcdr,shmem_ds,100000,10,0,measured,92,2026-09-09T14:27:58.139375Z,157271801501470,157271801501470,157271801501470,-1,-1,ok,
exp_constrained_pub_sub_xcdr__py_to_cpp__100000B__10Hz__shmem_ds__best_effort,publish,pub,py_to_cpp,constrained_pub_sub,exp,xcdr,shmem_ds,100000,10,0,measured,93,2026-09-09T14:27:58.240033Z,157271902155960,157271902155960,157271902155960,-1,-1,ok,
exp_constrained_pub_sub_xcdr__py_to_cpp__100000B__10Hz__shmem_ds__best_effort,publish,pub,py_to_cpp,constrained_pub_sub,exp,xcdr,shmem_ds,100000,10,0,measured,94,2026-09-09T14:27:58.339767Z,157272001891923,157272001891923,157272001891923,-1,-1,ok,
exp_constrained_pub_sub_xcdr__py_to_cpp__100000B__10Hz__shmem_ds__best_effort,publish,pub,py_to_cpp,constrained_pub_sub,exp,xcdr,shmem_ds,100000,10,0,measured,95,2026-09-09T14:27:58.438925Z,157272101046884,157272101046884,157272101046884,-1,-1,ok,
exp_constrained_pub_sub_xcdr__py_to_cpp__100000B__10Hz__shmem_ds__best_effort,publish,pub,py_to_cpp,constrained_pub_sub,exp,xcdr,shmem_ds,100000,10,0,measured,96,2026-09-09T14:27:58.538671Z,157272200795270,157272200795270,157272200795270,-1,-1,ok,
exp_constrained_pub_sub_xcdr__py_to_cpp__100000B__10Hz__shmem_ds__best_effort,publish,pub,py_to_cpp,constrained_pub_sub,exp,xcdr,shmem_ds,100000,10,0,measured,97,2026-09-09T14:27:58.639632Z,157272301757178,157272301757178,157272301757178,-1,-1,ok,
exp_constrained_pub_sub_xcdr__py_to_cpp__100000B__10Hz__shmem_ds__best_effort,publish,pub,py_to_cpp,constrained_pub_sub,exp,xcdr,shmem_ds,100000,10,0,measured,98,2026-09-09T14:27:58.739936Z,157272402016625,157272402016625,157272402016625,-1,-1,ok,
exp_constrained_pub_sub_xcdr__py_to_cpp__100000B__10Hz__shmem_ds__best_effort,publish,pub,py_to_cpp,constrained_pub_sub,exp,xcdr,shmem_ds,100000,10,0,measured,99,2026-09-09T14:27:58.840649Z,157272502768909,157272502768909,157272502768909,-1,-1,ok,
exp_constrained_pub_sub_xcdr__py_to_cpp__100000B__10Hz__shmem_ds__best_effort,publish,pub,py_to_cpp,constrained_pub_sub,exp,xcdr,shmem_ds,100000,10,0,measured,100,2026-09-09T14:27:58.941462Z,157272603582347,157272603582347,157272603582347,-1,-1,ok,
exp_constrained_pub_sub_xcdr__py_to_cpp__100000B__10Hz__shmem_ds__best_effort,publish,pub,py_to_cpp,constrained_pub_sub,exp,xcdr,shmem_ds,100000,10,0,measured,101,2026-09-09T14:27:59.040383Z,157272702508258,157272702508258,157272702508258,-1,-1,ok,
exp_constrained_pub_sub_xcdr__py_to_cpp__100000B__10Hz__shmem_ds__best_effort,publish,pub,py_to_cpp,constrained_pub_sub,exp,xcdr,shmem_ds,100000,10,0,measured,102,2026-09-09T14:27:59.140861Z,157272802981210,157272802981210,157272802981210,-1,-1,ok,
exp_constrained_pub_sub_xcdr__py_to_cpp__100000B__10Hz__shmem_ds__best_effort,publish,pub,py_to_cpp,constrained_pub_sub,exp,xcdr,shmem_ds,100000,10,0,measured,103,2026-09-09T14:27:59.241245Z,157272903357741,157272903357741,157272903357741,-1,-1,ok,
exp_constrained_pub_sub_xcdr__py_to_cpp__100000B__10Hz__shmem_ds__best_effort,publish,pub,py_to_cpp,constrained_pub_sub,exp,xcdr,shmem_ds,100000,10,0,measured,104,2026-09-09T14:27:59.341261Z,157273003387138,157273003387138,157273003387138,-1,-1,ok,
exp_constrained_pub_sub_xcdr__py_to_cpp__100000B__10Hz__shmem_ds__best_effort,publish,pub,py_to_cpp,constrained_pub_sub,exp,xcdr,shmem_ds,100000,10,0,measured,105,2026-09-09T14:27:59.440783Z,157273102909533,157273102909533,157273102909533,-1,-1,ok,
exp_constrained_pub_sub_xcdr__py_to_cpp__100000B__10Hz__shmem_ds__best_effort,publish,pub,py_to_cpp,constrained_pub_sub,exp,xcdr,shmem_ds,100000,10,0,measured,106,2026-09-09T14:27:59.541255Z,157273203379980,157273203379980,157273203379980,-1,-1,ok,
exp_constrained_pub_sub_xcdr__py_to_cpp__100000B__10Hz__shmem_ds__best_effort,publish,pub,py_to_cpp,constrained_pub_sub,exp,xcdr,shmem_ds,100000,10,0,measured,107,2026-09-09T14:27:59.640300Z,157273302437030,157273302437030,157273302437030,-1,-1,ok,
exp_constrained_pub_sub_xcdr__py_to_cpp__100000B__10Hz__shmem_ds__best_effort,publish,pub,py_to_cpp,constrained_pub_sub,exp,xcdr,shmem_ds,100000,10,0,measured,108,2026-09-09T14:27:59.740398Z,157273402486906,157273402486906,157273402486906,-1,-1,ok,
exp_constrained_pub_sub_xcdr__py_to_cpp__100000B__10Hz__shmem_ds__best_effort,publish,pub,py_to_cpp,constrained_pub_sub,exp,xcdr,shmem_ds,100000,10,0,measured,109,2026-09-09T14:27:59.840094Z,157273502215729,157273502215729,157273502215729,-1,-1,ok,
exp_constrained_pub_sub_xcdr__py_to_cpp__100000B__10Hz__shmem_ds__best_effort,publish,pub,py_to_cpp,constrained_pub_sub,exp,xcdr,shmem_ds,100000,10,0,measured,110,2026-09-09T14:27:59.940997Z,157273603122466,157273603122466,157273603122466,-1,-1,ok,
exp_constrained_pub_sub_xcdr__py_to_cpp__100000B__10Hz__shmem_ds__best_effort,publish,pub,py_to_cpp,constrained_pub_sub,exp,xcdr,shmem_ds,100000,10,0,measured,111,2026-09-09T14:28:00.041962Z,157273704049453,157273704049453,157273704049453,-1,-1,ok,
exp_constrained_pub_sub_xcdr__py_to_cpp__100000B__10Hz__shmem_ds__best_effort,publish,pub,py_to_cpp,constrained_pub_sub,exp,xcdr,shmem_ds,100000,10,0,measured,112,2026-09-09T14:28:00.141477Z,157273803575978,157273803575978,157273803575978,-1,-1,ok,
exp_constrained_pub_sub_xcdr__py_to_cpp__100000B__10Hz__shmem_ds__best_effort,publish,pub,py_to_cpp,constrained_pub_sub,exp,xcdr,shmem_ds,100000,10,0,measured,113,2026-09-09T14:28:00.241270Z,157273903394202,157273903394202,157273903394202,-1,-1,ok,
exp_constrained_pub_sub_xcdr__py_to_cpp__100000B__10Hz__shmem_ds__best_effort,publish,pub,py_to_cpp,constrained_pub_sub,exp,xcdr,shmem_ds,100000,10,0,measured,114,2026-09-09T14:28:00.340797Z,157274002924545,157274002924545,157274002924545,-1,-1,ok,
exp_constrained_pub_sub_xcdr__py_to_cpp__100000B__10Hz__shmem_ds__best_effort,publish,pub,py_to_cpp,constrained_pub_sub,exp,xcdr,shmem_ds,100000,10,0,measured,115,2026-09-09T14:28:00.441640Z,157274103731488,157274103731488,157274103731488,-1,-1,ok,
exp_constrained_pub_sub_xcdr__py_to_cpp__100000B__10Hz__shmem_ds__best_effort,publish,pub,py_to_cpp,constrained_pub_sub,exp,xcdr,shmem_ds,100000,10,0,measured,116,2026-09-09T14:28:00.542364Z,157274204489399,157274204489399,157274204489399,-1,-1,ok,
exp_constrained_pub_sub_xcdr__py_to_cpp__100000B__10Hz__shmem_ds__best_effort,publish,pub,py_to_cpp,constrained_pub_sub,exp,xcdr,shmem_ds,100000,10,0,measured,117,2026-09-09T14:28:00.641885Z,157274303980648,157274303980648,157274303980648,-1,-1,ok,
exp_constrained_pub_sub_xcdr__py_to_cpp__100000B__10Hz__shmem_ds__best_effort,publish,pub,py_to_cpp,constrained_pub_sub,exp,xcdr,shmem_ds,100000,10,0,measured,118,2026-09-09T14:28:00.742245Z,157274404341783,157274404341783,157274404341783,-1,-1,ok,
exp_constrained_pub_sub_xcdr__py_to_cpp__100000B__10Hz__shmem_ds__best_effort,publish,pub,py_to_cpp,constrained_pub_sub,exp,xcdr,shmem_ds,100000,10,0,measured,119,2026-09-09T14:28:00.842476Z,157274504555059,157274504555059,157274504555059,-1,-1,ok,
exp_constrained_pub_sub_xcdr__py_to_cpp__100000B__10Hz__shmem_ds__best_effort,publish,pub,py_to_cpp,constrained_pub_sub,exp,xcdr,shmem_ds,100000,10,0,measured,120,2026-09-09T14:28:00.941673Z,157274603790387,157274603790387,157274603790387,-1,-1,ok,
exp_constrained_pub_sub_xcdr__py_to_cpp__100000B__10Hz__shmem_ds__best_effort,publish,pub,py_to_cpp,constrained_pub_sub,exp,xcdr,shmem_ds,100000,10,0,measured,121,2026-09-09T14:28:01.042130Z,157274704253094,157274704253094,157274704253094,-1,-1,ok,
exp_constrained_pub_sub_xcdr__py_to_cpp__100000B__10Hz__shmem_ds__best_effort,publish,pub,py_to_cpp,constrained_pub_sub,exp,xcdr,shmem_ds,100000,10,0,measured,122,2026-09-09T14:28:01.142210Z,157274804339536,157274804339536,157274804339536,-1,-1,ok,
exp_constrained_pub_sub_xcdr__py_to_cpp__100000B__10Hz__shmem_ds__best_effort,publish,pub,py_to_cpp,constrained_pub_sub,exp,xcdr,shmem_ds,100000,10,0,measured,123,2026-09-09T14:28:01.242863Z,157274904970922,157274904970922,157274904970922,-1,-1,ok,
exp_constrained_pub_sub_xcdr__py_to_cpp__100000B__10Hz__shmem_ds__best_effort,publish,pub,py_to_cpp,constrained_pub_sub,exp,xcdr,shmem_ds,100000,10,0,measured,124,2026-09-09T14:28:01.342827Z,157275004933751,157275004933751,157275004933751,-1,-1,ok,
exp_constrained_pub_sub_xcdr__py_to_cpp__100000B__10Hz__shmem_ds__best_effort,publish,pub,py_to_cpp,constrained_pub_sub,exp,xcdr,shmem_ds,100000,10,0,measured,125,2026-09-09T14:28:01.441795Z,157275103920274,157275103920274,157275103920274,-1,-1,ok,
exp_constrained_pub_sub_xcdr__py_to_cpp__100000B__10Hz__shmem_ds__best_effort,publish,pub,py_to_cpp,constrained_pub_sub,exp,xcdr,shmem_ds,100000,10,0,measured,126,2026-09-09T14:28:01.541464Z,157275203586736,157275203586736,157275203586736,-1,-1,ok,
exp_constrained_pub_sub_xcdr__py_to_cpp__100000B__10Hz__shmem_ds__best_effort,publish,pub,py_to_cpp,constrained_pub_sub,exp,xcdr,shmem_ds,100000,10,0,measured,127,2026-09-09T14:28:01.640498Z,157275302624897,157275302624897,157275302624897,-1,-1,ok,
exp_constrained_pub_sub_xcdr__py_to_cpp__100000B__10Hz__shmem_ds__best_effort,publish,pub,py_to_cpp,constrained_pub_sub,exp,xcdr,shmem_ds,100000,10,0,measured,128,2026-09-09T14:28:01.741343Z,157275403480484,157275403480484,157275403480484,-1,-1,ok,
exp_constrained_pub_sub_xcdr__py_to_cpp__100000B__10Hz__shmem_ds__best_effort,publish,pub,py_to_cpp,constrained_pub_sub,exp,xcdr,shmem_ds,100000,10,0,measured,129,2026-09-09T14:28:01.842170Z,157275504293211,157275504293211,157275504293211,-1,-1,ok,
exp_constrained_pub_sub_xcdr__py_to_cpp__100000B__10Hz__shmem_ds__best_effort,publish,pub,py_to_cpp,constrained_pub_sub,exp,xcdr,shmem_ds,100000,10,0,measured,130,2026-09-09T14:28:01.942771Z,157275604904339,157275604904339,157275604904339,-1,-1,ok,
exp_constrained_pub_sub_xcdr__py_to_cpp__100000B__10Hz__shmem_ds__best_effort,publish,pub,py_to_cpp,constrained_pub_sub,exp,xcdr,shmem_ds,100000,10,0,measured,131,2026-09-09T14:28:02.042397Z,157275704521189,157275704521189,157275704521189,-1,-1,ok,
exp_constrained_pub_sub_xcdr__py_to_cpp__100000B__10Hz__shmem_ds__best_effort,publish,pub,py_to_cpp,constrained_pub_sub,exp,xcdr,shmem_ds,100000,10,0,measured,132,2026-09-09T14:28:02.141521Z,157275803648551,157275803648551,157275803648551,-1,-1,ok,
exp_constrained_pub_sub_xcdr__py_to_cpp__100000B__10Hz__shmem_ds__best_effort,publish,pub,py_to_cpp,constrained_pub_sub,exp,xcdr,shmem_ds,100000,10,0,measured,133,2026-09-09T14:28:02.242265Z,157275904386099,157275904386099,157275904386099,-1,-1,ok,
exp_constrained_pub_sub_xcdr__py_to_cpp__100000B__10Hz__shmem_ds__best_effort,publish,pub,py_to_cpp,constrained_pub_sub,exp,xcdr,shmem_ds,100000,10,0,measured,134,2026-09-09T14:28:02.343072Z,157276005213948,157276005213948,157276005213948,-1,-1,ok,
exp_constrained_pub_sub_xcdr__py_to_cpp__100000B__10Hz__shmem_ds__best_effort,publish,pub,py_to_cpp,constrained_pub_sub,exp,xcdr,shmem_ds,100000,10,0,measured,135,2026-09-09T14:28:02.442279Z,157276104412955,157276104412955,157276104412955,-1,-1,ok,
exp_constrained_pub_sub_xcdr__py_to_cpp__100000B__10Hz__shmem_ds__best_effort,publish,pub,py_to_cpp,constrained_pub_sub,exp,xcdr,shmem_ds,100000,10,0,measured,136,2026-09-09T14:28:02.542317Z,157276204441961,157276204441961,157276204441961,-1,-1,ok,
exp_constrained_pub_sub_xcdr__py_to_cpp__100000B__10Hz__shmem_ds__best_effort,publish,pub,py_to_cpp,constrained_pub_sub,exp,xcdr,shmem_ds,100000,10,0,measured,137,2026-09-09T14:28:02.641445Z,157276303570084,157276303570084,157276303570084,-1,-1,ok,
exp_constrained_pub_sub_xcdr__py_to_cpp__100000B__10Hz__shmem_ds__best_effort,publish,pub,py_to_cpp,constrained_pub_sub,exp,xcdr,shmem_ds,100000,10,0,measured,138,2026-09-09T14:28:02.741968Z,157276404091927,157276404091927,157276404091927,-1,-1,ok,
exp_constrained_pub_sub_xcdr__py_to_cpp__100000B__10Hz__shmem_ds__best_effort,publish,pub,py_to_cpp,constrained_pub_sub,exp,xcdr,shmem_ds,100000,10,0,measured,139,2026-09-09T14:28:02.842501Z,157276504626976,157276504626976,157276504626976,-1,-1,ok,
exp_constrained_pub_sub_xcdr__py_to_cpp__100000B__10Hz__shmem_ds__best_effort,publish,pub,py_to_cpp,constrained_pub_sub,exp,xcdr,shmem_ds,100000,10,0,measured,140,2026-09-09T14:28:02.941766Z,157276603891916,157276603891916,157276603891916,-1,-1,ok,
exp_constrained_pub_sub_xcdr__py_to_cpp__100000B__10Hz__shmem_ds__best_effort,publish,pub,py_to_cpp,constrained_pub_sub,exp,xcdr,shmem_ds,100000,10,0,measured,141,2026-09-09T14:28:03.041682Z,157276703809935,157276703809935,157276703809935,-1,-1,ok,
exp_constrained_pub_sub_xcdr__py_to_cpp__100000B__10Hz__shmem_ds__best_effort,publish,pub,py_to_cpp,constrained_pub_sub,exp,xcdr,shmem_ds,100000,10,0,measured,142,2026-09-09T14:28:03.142037Z,157276804126786,157276804126786,157276804126786,-1,-1,ok,
exp_constrained_pub_sub_xcdr__py_to_cpp__100000B__10Hz__shmem_ds__best_effort,publish,pub,py_to_cpp,constrained_pub_sub,exp,xcdr,shmem_ds,100000,10,0,measured,143,2026-09-09T14:28:03.241366Z,157276903457754,157276903457754,157276903457754,-1,-1,ok,
exp_constrained_pub_sub_xcdr__py_to_cpp__100000B__10Hz__shmem_ds__best_effort,publish,pub,py_to_cpp,constrained_pub_sub,exp,xcdr,shmem_ds,100000,10,0,measured,144,2026-09-09T14:28:03.342133Z,157277004241623,157277004241623,157277004241623,-1,-1,ok,
exp_constrained_pub_sub_xcdr__py_to_cpp__100000B__10Hz__shmem_ds__best_effort,publish,pub,py_to_cpp,constrained_pub_sub,exp,xcdr,shmem_ds,100000,10,0,measured,145,2026-09-09T14:28:03.442013Z,157277104103208,157277104103208,157277104103208,-1,-1,ok,
exp_constrained_pub_sub_xcdr__py_to_cpp__100000B__10Hz__shmem_ds__best_effort,publish,pub,py_to_cpp,constrained_pub_sub,exp,xcdr,shmem_ds,100000,10,0,measured,146,2026-09-09T14:28:03.541340Z,157277203465534,157277203465534,157277203465534,-1,-1,ok,
exp_constrained_pub_sub_xcdr__py_to_cpp__100000B__10Hz__shmem_ds__best_effort,publish,pub,py_to_cpp,constrained_pub_sub,exp,xcdr,shmem_ds,100000,10,0,measured,147,2026-09-09T14:28:03.641450Z,157277303576759,157277303576759,157277303576759,-1,-1,ok,
exp_constrained_pub_sub_xcdr__py_to_cpp__100000B__10Hz__shmem_ds__best_effort,publish,pub,py_to_cpp,constrained_pub_sub,exp,xcdr,shmem_ds,100000,10,0,measured,148,2026-09-09T14:28:03.742115Z,157277404201819,157277404201819,157277404201819,-1,-1,ok,
exp_constrained_pub_sub_xcdr__py_to_cpp__100000B__10Hz__shmem_ds__best_effort,publish,pub,py_to_cpp,constrained_pub_sub,exp,xcdr,shmem_ds,100000,10,0,measured,149,2026-09-09T14:28:03.841381Z,157277503500476,157277503500476,157277503500476,-1,-1,ok,
exp_constrained_pub_sub_xcdr__py_to_cpp__100000B__10Hz__shmem_ds__best_effort,publish,pub,py_to_cpp,constrained_pub_sub,exp,xcdr,shmem_ds,100000,10,0,measured,150,2026-09-09T14:28:03.940800Z,157277602940458,157277602940458,157277602940458,-1,-1,ok,
exp_constrained_pub_sub_xcdr__py_to_cpp__100000B__10Hz__shmem_ds__best_effort,publish,pub,py_to_cpp,constrained_pub_sub,exp,xcdr,shmem_ds,100000,10,0,measured,151,2026-09-09T14:28:04.041943Z,157277704059078,157277704059078,157277704059078,-1,-1,ok,
exp_constrained_pub_sub_xcdr__py_to_cpp__100000B__10Hz__shmem_ds__best_effort,publish,pub,py_to_cpp,constrained_pub_sub,exp,xcdr,shmem_ds,100000,10,0,measured,152,2026-09-09T14:28:04.142323Z,157277804448719,157277804448719,157277804448719,-1,-1,ok,
exp_constrained_pub_sub_xcdr__py_to_cpp__100000B__10Hz__shmem_ds__best_effort,publish,pub,py_to_cpp,constrained_pub_sub,exp,xcdr,shmem_ds,100000,10,0,measured,153,2026-09-09T14:28:04.242088Z,157277904216131,157277904216131,157277904216131,-1,-1,ok,
exp_constrained_pub_sub_xcdr__py_to_cpp__100000B__10Hz__shmem_ds__best_effort,publish,pub,py_to_cpp,constrained_pub_sub,exp,xcdr,shmem_ds,100000,10,0,measured,154,2026-09-09T14:28:04.342309Z,157278004409172,157278004409172,157278004409172,-1,-1,ok,
exp_constrained_pub_sub_xcdr__py_to_cpp__100000B__10Hz__shmem_ds__best_effort,publish,pub,py_to_cpp,constrained_pub_sub,exp,xcdr,shmem_ds,100000,10,0,measured,155,2026-09-09T14:28:04.441335Z,157278103461569,157278103461569,157278103461569,-1,-1,ok,
exp_constrained_pub_sub_xcdr__py_to_cpp__100000B__10Hz__shmem_ds__best_effort,publish,pub,py_to_cpp,constrained_pub_sub,exp,xcdr,shmem_ds,100000,10,0,measured,156,2026-09-09T14:28:04.540784Z,157278202912164,157278202912164,157278202912164,-1,-1,ok,
exp_constrained_pub_sub_xcdr__py_to_cpp__100000B__10Hz__shmem_ds__best_effort,publish,pub,py_to_cpp,constrained_pub_sub,exp,xcdr,shmem_ds,100000,10,0,measured,157,2026-09-09T14:28:04.640479Z,157278302603683,157278302603683,157278302603683,-1,-1,ok,
exp_constrained_pub_sub_xcdr__py_to_cpp__100000B__10Hz__shmem_ds__best_effort,publish,pub,py_to_cpp,constrained_pub_sub,exp,xcdr,shmem_ds,100000,10,0,measured,158,2026-09-09T14:28:04.740650Z,157278402777498,157278402777498,157278402777498,-1,-1,ok,
exp_constrained_pub_sub_xcdr__py_to_cpp__100000B__10Hz__shmem_ds__best_effort,publish,pub,py_to_cpp,constrained_pub_sub,exp,xcdr,shmem_ds,100000,10,0,measured,159,2026-09-09T14:28:04.840120Z,157278502244384,157278502244384,157278502244384,-1,-1,ok,
exp_constrained_pub_sub_xcdr__py_to_cpp__100000B__10Hz__shmem_ds__best_effort,publish,pub,py_to_cpp,constrained_pub_sub,exp,xcdr,shmem_ds,100000,10,0,measured,160,2026-09-09T14:28:04.939499Z,157278601627543,157278601627543,157278601627543,-1,-1,ok,
exp_constrained_pub_sub_xcdr__py_to_cpp__100000B__10Hz__shmem_ds__best_effort,publish,pub,py_to_cpp,constrained_pub_sub,exp,xcdr,shmem_ds,100000,10,0,measured,161,2026-09-09T14:28:05.038714Z,157278700850582,157278700850582,157278700850582,-1,-1,ok,
exp_constrained_pub_sub_xcdr__py_to_cpp__100000B__10Hz__shmem_ds__best_effort,publish,pub,py_to_cpp,constrained_pub_sub,exp,xcdr,shmem_ds,100000,10,0,measured,162,2026-09-09T14:28:05.138869Z,157278800996598,157278800996598,157278800996598,-1,-1,ok,
exp_constrained_pub_sub_xcdr__py_to_cpp__100000B__10Hz__shmem_ds__best_effort,publish,pub,py_to_cpp,constrained_pub_sub,exp,xcdr,shmem_ds,100000,10,0,measured,163,2026-09-09T14:28:05.238445Z,157278900576630,157278900576630,157278900576630,-1,-1,ok,
exp_constrained_pub_sub_xcdr__py_to_cpp__100000B__10Hz__shmem_ds__best_effort,publish,pub,py_to_cpp,constrained_pub_sub,exp,xcdr,shmem_ds,100000,10,0,measured,164,2026-09-09T14:28:05.339087Z,157279001224740,157279001224740,157279001224740,-1,-1,ok,
exp_constrained_pub_sub_xcdr__py_to_cpp__100000B__10Hz__shmem_ds__best_effort,publish,pub,py_to_cpp,constrained_pub_sub,exp,xcdr,shmem_ds,100000,10,0,measured,165,2026-09-09T14:28:05.440385Z,157279102471777,157279102471777,157279102471777,-1,-1,ok,
exp_constrained_pub_sub_xcdr__py_to_cpp__100000B__10Hz__shmem_ds__best_effort,publish,pub,py_to_cpp,constrained_pub_sub,exp,xcdr,shmem_ds,100000,10,0,measured,166,2026-09-09T14:28:05.538998Z,157279201137570,157279201137570,157279201137570,-1,-1,ok,
exp_constrained_pub_sub_xcdr__py_to_cpp__100000B__10Hz__shmem_ds__best_effort,publish,pub,py_to_cpp,constrained_pub_sub,exp,xcdr,shmem_ds,100000,10,0,measured,167,2026-09-09T14:28:05.638488Z,157279300628635,157279300628635,157279300628635,-1,-1,ok,
exp_constrained_pub_sub_xcdr__py_to_cpp__100000B__10Hz__shmem_ds__best_effort,publish,pub,py_to_cpp,constrained_pub_sub,exp,xcdr,shmem_ds,100000,10,0,measured,168,2026-09-09T14:28:05.738814Z,157279400942267,157279400942267,157279400942267,-1,-1,ok,
exp_constrained_pub_sub_xcdr__py_to_cpp__100000B__10Hz__shmem_ds__best_effort,publish,pub,py_to_cpp,constrained_pub_sub,exp,xcdr,shmem_ds,100000,10,0,measured,169,2026-09-09T14:28:05.838324Z,157279500435876,157279500435876,157279500435876,-1,-1,ok,
exp_constrained_pub_sub_xcdr__py_to_cpp__100000B__10Hz__shmem_ds__best_effort,publish,pub,py_to_cpp,constrained_pub_sub,exp,xcdr,shmem_ds,100000,10,0,measured,170,2026-09-09T14:28:05.937596Z,157279599719781,157279599719781,157279599719781,-1,-1,ok,
exp_constrained_pub_sub_xcdr__py_to_cpp__100000B__10Hz__shmem_ds__best_effort,publish,pub,py_to_cpp,constrained_pub_sub,exp,xcdr,shmem_ds,100000,10,0,measured,171,2026-09-09T14:28:06.038491Z,157279700602774,157279700602774,157279700602774,-1,-1,ok,
exp_constrained_pub_sub_xcdr__py_to_cpp__100000B__10Hz__shmem_ds__best_effort,publish,pub,py_to_cpp,constrained_pub_sub,exp,xcdr,shmem_ds,100000,10,0,measured,172,2026-09-09T14:28:06.138581Z,157279800689893,157279800689893,157279800689893,-1,-1,ok,
exp_constrained_pub_sub_xcdr__py_to_cpp__100000B__10Hz__shmem_ds__best_effort,publish,pub,py_to_cpp,constrained_pub_sub,exp,xcdr,shmem_ds,100000,10,0,measured,173,2026-09-09T14:28:06.238576Z,157279900683766,157279900683766,157279900683766,-1,-1,ok,
exp_constrained_pub_sub_xcdr__py_to_cpp__100000B__10Hz__shmem_ds__best_effort,publish,pub,py_to_cpp,constrained_pub_sub,exp,xcdr,shmem_ds,100000,10,0,measured,174,2026-09-09T14:28:06.339190Z,157280001319496,157280001319496,157280001319496,-1,-1,ok,
exp_constrained_pub_sub_xcdr__py_to_cpp__100000B__10Hz__shmem_ds__best_effort,publish,pub,py_to_cpp,constrained_pub_sub,exp,xcdr,shmem_ds,100000,10,0,measured,175,2026-09-09T14:28:06.439719Z,157280101852644,157280101852644,157280101852644,-1,-1,ok,
exp_constrained_pub_sub_xcdr__py_to_cpp__100000B__10Hz__shmem_ds__best_effort,publish,pub,py_to_cpp,constrained_pub_sub,exp,xcdr,shmem_ds,100000,10,0,measured,176,2026-09-09T14:28:06.539150Z,157280201277868,157280201277868,157280201277868,-1,-1,ok,
exp_constrained_pub_sub_xcdr__py_to_cpp__100000B__10Hz__shmem_ds__best_effort,publish,pub,py_to_cpp,constrained_pub_sub,exp,xcdr,shmem_ds,100000,10,0,measured,177,2026-09-09T14:28:06.638320Z,157280300447361,157280300447361,157280300447361,-1,-1,ok,
exp_constrained_pub_sub_xcdr__py_to_cpp__100000B__10Hz__shmem_ds__best_effort,publish,pub,py_to_cpp,constrained_pub_sub,exp,xcdr,shmem_ds,100000,10,0,measured,178,2026-09-09T14:28:06.738209Z,157280400311831,157280400311831,157280400311831,-1,-1,ok,
exp_constrained_pub_sub_xcdr__py_to_cpp__100000B__10Hz__shmem_ds__best_effort,publish,pub,py_to_cpp,constrained_pub_sub,exp,xcdr,shmem_ds,100000,10,0,measured,179,2026-09-09T14:28:06.837896Z,157280500029315,157280500029315,157280500029315,-1,-1,ok,
exp_constrained_pub_sub_xcdr__py_to_cpp__100000B__10Hz__shmem_ds__best_effort,publish,pub,py_to_cpp,constrained_pub_sub,exp,xcdr,shmem_ds,100000,10,0,measured,180,2026-09-09T14:28:06.937920Z,157280600049617,157280600049617,157280600049617,-1,-1,ok,
exp_constrained_pub_sub_xcdr__py_to_cpp__100000B__10Hz__shmem_ds__best_effort,publish,pub,py_to_cpp,constrained_pub_sub,exp,xcdr,shmem_ds,100000,10,0,measured,181,2026-09-09T14:28:07.038290Z,157280700425881,157280700425881,157280700425881,-1,-1,ok,
exp_constrained_pub_sub_xcdr__py_to_cpp__100000B__10Hz__shmem_ds__best_effort,publish,pub,py_to_cpp,constrained_pub_sub,exp,xcdr,shmem_ds,100000,10,0,measured,182,2026-09-09T14:28:07.139001Z,157280801088865,157280801088865,157280801088865,-1,-1,ok,
exp_constrained_pub_sub_xcdr__py_to_cpp__100000B__10Hz__shmem_ds__best_effort,publish,pub,py_to_cpp,constrained_pub_sub,exp,xcdr,shmem_ds,100000,10,0,measured,183,2026-09-09T14:28:07.239649Z,157280901790863,157280901790863,157280901790863,-1,-1,ok,
exp_constrained_pub_sub_xcdr__py_to_cpp__100000B__10Hz__shmem_ds__best_effort,publish,pub,py_to_cpp,constrained_pub_sub,exp,xcdr,shmem_ds,100000,10,0,measured,184,2026-09-09T14:28:07.338769Z,157281000921016,157281000921016,157281000921016,-1,-1,ok,
exp_constrained_pub_sub_xcdr__py_to_cpp__100000B__10Hz__shmem_ds__best_effort,publish,pub,py_to_cpp,constrained_pub_sub,exp,xcdr,shmem_ds,100000,10,0,measured,185,2026-09-09T14:28:07.438614Z,157281100755311,157281100755311,157281100755311,-1,-1,ok,
exp_constrained_pub_sub_xcdr__py_to_cpp__100000B__10Hz__shmem_ds__best_effort,publish,pub,py_to_cpp,constrained_pub_sub,exp,xcdr,shmem_ds,100000,10,0,measured,186,2026-09-09T14:28:07.538420Z,157281200545755,157281200545755,157281200545755,-1,-1,ok,
exp_constrained_pub_sub_xcdr__py_to_cpp__100000B__10Hz__shmem_ds__best_effort,publish,pub,py_to_cpp,constrained_pub_sub,exp,xcdr,shmem_ds,100000,10,0,measured,187,2026-09-09T14:28:07.639189Z,157281301311032,157281301311032,157281301311032,-1,-1,ok,
exp_constrained_pub_sub_xcdr__py_to_cpp__100000B__10Hz__shmem_ds__best_effort,publish,pub,py_to_cpp,constrained_pub_sub,exp,xcdr,shmem_ds,100000,10,0,measured,188,2026-09-09T14:28:07.738580Z,157281400707175,157281400707175,157281400707175,-1,-1,ok,
exp_constrained_pub_sub_xcdr__py_to_cpp__100000B__10Hz__shmem_ds__best_effort,publish,pub,py_to_cpp,constrained_pub_sub,exp,xcdr,shmem_ds,100000,10,0,measured,189,2026-09-09T14:28:07.838016Z,157281500142421,157281500142421,157281500142421,-1,-1,ok,
exp_constrained_pub_sub_xcdr__py_to_cpp__100000B__10Hz__shmem_ds__best_effort,publish,pub,py_to_cpp,constrained_pub_sub,exp,xcdr,shmem_ds,100000,10,0,measured,190,2026-09-09T14:28:07.937908Z,157281600038313,157281600038313,157281600038313,-1,-1,ok,
exp_constrained_pub_sub_xcdr__py_to_cpp__100000B__10Hz__shmem_ds__best_effort,publish,pub,py_to_cpp,constrained_pub_sub,exp,xcdr,shmem_ds,100000,10,0,measured,191,2026-09-09T14:28:08.037725Z,157281699858174,157281699858174,157281699858174,-1,-1,ok,
exp_constrained_pub_sub_xcdr__py_to_cpp__100000B__10Hz__shmem_ds__best_effort,publish,pub,py_to_cpp,constrained_pub_sub,exp,xcdr,shmem_ds,100000,10,0,measured,192,2026-09-09T14:28:08.137335Z,157281799458784,157281799458784,157281799458784,-1,-1,ok,
exp_constrained_pub_sub_xcdr__py_to_cpp__100000B__10Hz__shmem_ds__best_effort,publish,pub,py_to_cpp,constrained_pub_sub,exp,xcdr,shmem_ds,100000,10,0,measured,193,2026-09-09T14:28:08.236820Z,157281898949157,157281898949157,157281898949157,-1,-1,ok,
exp_constrained_pub_sub_xcdr__py_to_cpp__100000B__10Hz__shmem_ds__best_effort,publish,pub,py_to_cpp,constrained_pub_sub,exp,xcdr,shmem_ds,100000,10,0,measured,194,2026-09-09T14:28:08.337659Z,157281999784799,157281999784799,157281999784799,-1,-1,ok,
exp_constrained_pub_sub_xcdr__py_to_cpp__100000B__10Hz__shmem_ds__best_effort,publish,pub,py_to_cpp,constrained_pub_sub,exp,xcdr,shmem_ds,100000,10,0,measured,195,2026-09-09T14:28:08.437546Z,157282099673320,157282099673320,157282099673320,-1,-1,ok,
exp_constrained_pub_sub_xcdr__py_to_cpp__100000B__10Hz__shmem_ds__best_effort,publish,pub,py_to_cpp,constrained_pub_sub,exp,xcdr,shmem_ds,100000,10,0,measured,196,2026-09-09T14:28:08.538191Z,157282200323093,157282200323093,157282200323093,-1,-1,ok,
exp_constrained_pub_sub_xcdr__py_to_cpp__100000B__10Hz__shmem_ds__best_effort,publish,pub,py_to_cpp,constrained_pub_sub,exp,xcdr,shmem_ds,100000,10,0,measured,197,2026-09-09T14:28:08.638286Z,157282300420097,157282300420097,157282300420097,-1,-1,ok,
exp_constrained_pub_sub_xcdr__py_to_cpp__100000B__10Hz__shmem_ds__best_effort,publish,pub,py_to_cpp,constrained_pub_sub,exp,xcdr,shmem_ds,100000,10,0,measured,198,2026-09-09T14:28:08.737486Z,157282399609123,157282399609123,157282399609123,-1,-1,ok,
exp_constrained_pub_sub_xcdr__py_to_cpp__100000B__10Hz__shmem_ds__best_effort,publish,pub,py_to_cpp,constrained_pub_sub,exp,xcdr,shmem_ds,100000,10,0,measured,199,2026-09-09T14:28:08.838335Z,157282500479050,157282500479050,157282500479050,-1,-1,ok,
exp_constrained_pub_sub_xcdr__py_to_cpp__100000B__10Hz__shmem_ds__best_effort,publish,pub,py_to_cpp,constrained_pub_sub,exp,xcdr,shmem_ds,100000,10,0,measured,200,2026-09-09T14:28:08.939164Z,157282601290867,157282601290867,157282601290867,-1,-1,ok,
exp_constrained_pub_sub_xcdr__py_to_cpp__100000B__10Hz__shmem_ds__best_effort,publish,pub,py_to_cpp,constrained_pub_sub,exp,xcdr,shmem_ds,100000,10,0,measured,201,2026-09-09T14:28:09.040037Z,157282702167338,157282702167338,157282702167338,-1,-1,ok,
exp_constrained_pub_sub_xcdr__py_to_cpp__100000B__10Hz__shmem_ds__best_effort,publish,pub,py_to_cpp,constrained_pub_sub,exp,xcdr,shmem_ds,100000,10,0,measured,202,2026-09-09T14:28:09.140910Z,157282803035304,157282803035304,157282803035304,-1,-1,ok,
exp_constrained_pub_sub_xcdr__py_to_cpp__100000B__10Hz__shmem_ds__best_effort,publish,pub,py_to_cpp,constrained_pub_sub,exp,xcdr,shmem_ds,100000,10,0,measured,203,2026-09-09T14:28:09.241624Z,157282903749000,157282903749000,157282903749000,-1,-1,ok,
exp_constrained_pub_sub_xcdr__py_to_cpp__100000B__10Hz__shmem_ds__best_effort,publish,pub,py_to_cpp,constrained_pub_sub,exp,xcdr,shmem_ds,100000,10,0,measured,204,2026-09-09T14:28:09.340915Z,157283003052625,157283003052625,157283003052625,-1,-1,ok,
exp_constrained_pub_sub_xcdr__py_to_cpp__100000B__10Hz__shmem_ds__best_effort,publish,pub,py_to_cpp,constrained_pub_sub,exp,xcdr,shmem_ds,100000,10,0,measured,205,2026-09-09T14:28:09.440931Z,157283103062778,157283103062778,157283103062778,-1,-1,ok,
exp_constrained_pub_sub_xcdr__py_to_cpp__100000B__10Hz__shmem_ds__best_effort,publish,pub,py_to_cpp,constrained_pub_sub,exp,xcdr,shmem_ds,100000,10,0,measured,206,2026-09-09T14:28:09.540409Z,157283202545310,157283202545310,157283202545310,-1,-1,ok,
exp_constrained_pub_sub_xcdr__py_to_cpp__100000B__10Hz__shmem_ds__best_effort,publish,pub,py_to_cpp,constrained_pub_sub,exp,xcdr,shmem_ds,100000,10,0,measured,207,2026-09-09T14:28:09.640228Z,157283302357140,157283302357140,157283302357140,-1,-1,ok,
exp_constrained_pub_sub_xcdr__py_to_cpp__100000B__10Hz__shmem_ds__best_effort,publish,pub,py_to_cpp,constrained_pub_sub,exp,xcdr,shmem_ds,100000,10,0,measured,208,2026-09-09T14:28:09.739330Z,157283401449397,157283401449397,157283401449397,-1,-1,ok,
exp_constrained_pub_sub_xcdr__py_to_cpp__100000B__10Hz__shmem_ds__best_effort,publish,pub,py_to_cpp,constrained_pub_sub,exp,xcdr,shmem_ds,100000,10,0,measured,209,2026-09-09T14:28:09.839047Z,157283501169415,157283501169415,157283501169415,-1,-1,ok,
exp_constrained_pub_sub_xcdr__py_to_cpp__100000B__10Hz__shmem_ds__best_effort,publish,pub,py_to_cpp,constrained_pub_sub,exp,xcdr,shmem_ds,100000,10,0,measured,210,2026-09-09T14:28:09.940063Z,157283602193435,157283602193435,157283602193435,-1,-1,ok,
exp_constrained_pub_sub_xcdr__py_to_cpp__100000B__10Hz__shmem_ds__best_effort,publish,pub,py_to_cpp,constrained_pub_sub,exp,xcdr,shmem_ds,100000,10,0,measured,211,2026-09-09T14:28:10.039546Z,157283701663865,157283701663865,157283701663865,-1,-1,ok,
exp_constrained_pub_sub_xcdr__py_to_cpp__100000B__10Hz__shmem_ds__best_effort,publish,pub,py_to_cpp,constrained_pub_sub,exp,xcdr,shmem_ds,100000,10,0,measured,212,2026-09-09T14:28:10.140464Z,157283802554136,157283802554136,157283802554136,-1,-1,ok,
exp_constrained_pub_sub_xcdr__py_to_cpp__100000B__10Hz__shmem_ds__best_effort,publish,pub,py_to_cpp,constrained_pub_sub,exp,xcdr,shmem_ds,100000,10,0,measured,213,2026-09-09T14:28:10.240045Z,157283902162207,157283902162207,157283902162207,-1,-1,ok,
exp_constrained_pub_sub_xcdr__py_to_cpp__100000B__10Hz__shmem_ds__best_effort,publish,pub,py_to_cpp,constrained_pub_sub,exp,xcdr,shmem_ds,100000,10,0,measured,214,2026-09-09T14:28:10.339905Z,157284002022672,157284002022672,157284002022672,-1,-1,ok,
exp_constrained_pub_sub_xcdr__py_to_cpp__100000B__10Hz__shmem_ds__best_effort,publish,pub,py_to_cpp,constrained_pub_sub,exp,xcdr,shmem_ds,100000,10,0,measured,215,2026-09-09T14:28:10.440960Z,157284103056744,157284103056744,157284103056744,-1,-1,ok,
exp_constrained_pub_sub_xcdr__py_to_cpp__100000B__10Hz__shmem_ds__best_effort,publish,pub,py_to_cpp,constrained_pub_sub,exp,xcdr,shmem_ds,100000,10,0,measured,216,2026-09-09T14:28:10.541742Z,157284203868548,157284203868548,157284203868548,-1,-1,ok,
exp_constrained_pub_sub_xcdr__py_to_cpp__100000B__10Hz__shmem_ds__best_effort,publish,pub,py_to_cpp,constrained_pub_sub,exp,xcdr,shmem_ds,100000,10,0,measured,217,2026-09-09T14:28:10.641914Z,157284304035048,157284304035048,157284304035048,-1,-1,ok,
exp_constrained_pub_sub_xcdr__py_to_cpp__100000B__10Hz__shmem_ds__best_effort,publish,pub,py_to_cpp,constrained_pub_sub,exp,xcdr,shmem_ds,100000,10,0,measured,218,2026-09-09T14:28:10.742694Z,157284404790055,157284404790055,157284404790055,-1,-1,ok,
exp_constrained_pub_sub_xcdr__py_to_cpp__100000B__10Hz__shmem_ds__best_effort,publish,pub,py_to_cpp,constrained_pub_sub,exp,xcdr,shmem_ds,100000,10,0,measured,219,2026-09-09T14:28:10.841571Z,157284503702077,157284503702077,157284503702077,-1,-1,ok,
exp_constrained_pub_sub_xcdr__py_to_cpp__100000B__10Hz__shmem_ds__best_effort,publish,pub,py_to_cpp,constrained_pub_sub,exp,xcdr,shmem_ds,100000,10,0,measured,220,2026-09-09T14:28:10.941240Z,157284603351024,157284603351024,157284603351024,-1,-1,ok,
exp_constrained_pub_sub_xcdr__py_to_cpp__100000B__10Hz__shmem_ds__best_effort,publish,pub,py_to_cpp,constrained_pub_sub,exp,xcdr,shmem_ds,100000,10,0,measured,221,2026-09-09T14:28:11.042164Z,157284704296921,157284704296921,157284704296921,-1,-1,ok,
exp_constrained_pub_sub_xcdr__py_to_cpp__100000B__10Hz__shmem_ds__best_effort,publish,pub,py_to_cpp,constrained_pub_sub,exp,xcdr,shmem_ds,100000,10,0,measured,222,2026-09-09T14:28:11.142324Z,157284804449789,157284804449789,157284804449789,-1,-1,ok,
exp_constrained_pub_sub_xcdr__py_to_cpp__100000B__10Hz__shmem_ds__best_effort,publish,pub,py_to_cpp,constrained_pub_sub,exp,xcdr,shmem_ds,100000,10,0,measured,223,2026-09-09T14:28:11.242395Z,157284904523549,157284904523549,157284904523549,-1,-1,ok,
exp_constrained_pub_sub_xcdr__py_to_cpp__100000B__10Hz__shmem_ds__best_effort,publish,pub,py_to_cpp,constrained_pub_sub,exp,xcdr,shmem_ds,100000,10,0,measured,224,2026-09-09T14:28:11.342895Z,157285005019361,157285005019361,157285005019361,-1,-1,ok,
exp_constrained_pub_sub_xcdr__py_to_cpp__100000B__10Hz__shmem_ds__best_effort,publish,pub,py_to_cpp,constrained_pub_sub,exp,xcdr,shmem_ds,100000,10,0,measured,225,2026-09-09T14:28:11.442024Z,157285104146951,157285104146951,157285104146951,-1,-1,ok,
exp_constrained_pub_sub_xcdr__py_to_cpp__100000B__10Hz__shmem_ds__best_effort,publish,pub,py_to_cpp,constrained_pub_sub,exp,xcdr,shmem_ds,100000,10,0,measured,226,2026-09-09T14:28:11.542143Z,157285204277557,157285204277557,157285204277557,-1,-1,ok,
exp_constrained_pub_sub_xcdr__py_to_cpp__100000B__10Hz__shmem_ds__best_effort,publish,pub,py_to_cpp,constrained_pub_sub,exp,xcdr,shmem_ds,100000,10,0,measured,227,2026-09-09T14:28:11.642167Z,157285304295121,157285304295121,157285304295121,-1,-1,ok,
exp_constrained_pub_sub_xcdr__py_to_cpp__100000B__10Hz__shmem_ds__best_effort,publish,pub,py_to_cpp,constrained_pub_sub,exp,xcdr,shmem_ds,100000,10,0,measured,228,2026-09-09T14:28:11.742892Z,157285405016528,157285405016528,157285405016528,-1,-1,ok,
exp_constrained_pub_sub_xcdr__py_to_cpp__100000B__10Hz__shmem_ds__best_effort,publish,pub,py_to_cpp,constrained_pub_sub,exp,xcdr,shmem_ds,100000,10,0,measured,229,2026-09-09T14:28:11.842210Z,157285504339546,157285504339546,157285504339546,-1,-1,ok,
exp_constrained_pub_sub_xcdr__py_to_cpp__100000B__10Hz__shmem_ds__best_effort,publish,pub,py_to_cpp,constrained_pub_sub,exp,xcdr,shmem_ds,100000,10,0,measured,230,2026-09-09T14:28:11.943133Z,157285605254657,157285605254657,157285605254657,-1,-1,ok,
exp_constrained_pub_sub_xcdr__py_to_cpp__100000B__10Hz__shmem_ds__best_effort,publish,pub,py_to_cpp,constrained_pub_sub,exp,xcdr,shmem_ds,100000,10,0,measured,231,2026-09-09T14:28:12.042249Z,157285704375095,157285704375095,157285704375095,-1,-1,ok,
exp_constrained_pub_sub_xcdr__py_to_cpp__100000B__10Hz__shmem_ds__best_effort,publish,pub,py_to_cpp,constrained_pub_sub,exp,xcdr,shmem_ds,100000,10,0,measured,232,2026-09-09T14:28:12.141614Z,157285803744653,157285803744653,157285803744653,-1,-1,ok,
exp_constrained_pub_sub_xcdr__py_to_cpp__100000B__10Hz__shmem_ds__best_effort,publish,pub,py_to_cpp,constrained_pub_sub,exp,xcdr,shmem_ds,100000,10,0,measured,233,2026-09-09T14:28:12.241784Z,157285903916841,157285903916841,157285903916841,-1,-1,ok,
exp_constrained_pub_sub_xcdr__py_to_cpp__100000B__10Hz__shmem_ds__best_effort,publish,pub,py_to_cpp,constrained_pub_sub,exp,xcdr,shmem_ds,100000,10,0,measured,234,2026-09-09T14:28:12.342072Z,157286004220625,157286004220625,157286004220625,-1,-1,ok,
exp_constrained_pub_sub_xcdr__py_to_cpp__100000B__10Hz__shmem_ds__best_effort,publish,pub,py_to_cpp,constrained_pub_sub,exp,xcdr,shmem_ds,100000,10,0,measured,235,2026-09-09T14:28:12.441587Z,157286103722052,157286103722052,157286103722052,-1,-1,ok,
exp_constrained_pub_sub_xcdr__py_to_cpp__100000B__10Hz__shmem_ds__best_effort,publish,pub,py_to_cpp,constrained_pub_sub,exp,xcdr,shmem_ds,100000,10,0,measured,236,2026-09-09T14:28:12.540817Z,157286202927030,157286202927030,157286202927030,-1,-1,ok,
exp_constrained_pub_sub_xcdr__py_to_cpp__100000B__10Hz__shmem_ds__best_effort,publish,pub,py_to_cpp,constrained_pub_sub,exp,xcdr,shmem_ds,100000,10,0,measured,237,2026-09-09T14:28:12.641639Z,157286303759580,157286303759580,157286303759580,-1,-1,ok,
exp_constrained_pub_sub_xcdr__py_to_cpp__100000B__10Hz__shmem_ds__best_effort,publish,pub,py_to_cpp,constrained_pub_sub,exp,xcdr,shmem_ds,100000,10,0,measured,238,2026-09-09T14:28:12.741236Z,157286403362967,157286403362967,157286403362967,-1,-1,ok,
exp_constrained_pub_sub_xcdr__py_to_cpp__100000B__10Hz__shmem_ds__best_effort,publish,pub,py_to_cpp,constrained_pub_sub,exp,xcdr,shmem_ds,100000,10,0,measured,239,2026-09-09T14:28:12.841514Z,157286503640503,157286503640503,157286503640503,-1,-1,ok,
exp_constrained_pub_sub_xcdr__py_to_cpp__100000B__10Hz__shmem_ds__best_effort,publish,pub,py_to_cpp,constrained_pub_sub,exp,xcdr,shmem_ds,100000,10,0,measured,240,2026-09-09T14:28:12.941709Z,157286603829963,157286603829963,157286603829963,-1,-1,ok,
exp_constrained_pub_sub_xcdr__py_to_cpp__100000B__10Hz__shmem_ds__best_effort,publish,pub,py_to_cpp,constrained_pub_sub,exp,xcdr,shmem_ds,100000,10,0,measured,241,2026-09-09T14:28:13.041481Z,157286703605946,157286703605946,157286703605946,-1,-1,ok,
exp_constrained_pub_sub_xcdr__py_to_cpp__100000B__10Hz__shmem_ds__best_effort,publish,pub,py_to_cpp,constrained_pub_sub,exp,xcdr,shmem_ds,100000,10,0,measured,242,2026-09-09T14:28:13.141945Z,157286804037595,157286804037595,157286804037595,-1,-1,ok,
exp_constrained_pub_sub_xcdr__py_to_cpp__100000B__10Hz__shmem_ds__best_effort,publish,pub,py_to_cpp,constrained_pub_sub,exp,xcdr,shmem_ds,100000,10,0,measured,243,2026-09-09T14:28:13.241636Z,157286903771090,157286903771090,157286903771090,-1,-1,ok,
exp_constrained_pub_sub_xcdr__py_to_cpp__100000B__10Hz__shmem_ds__best_effort,publish,pub,py_to_cpp,constrained_pub_sub,exp,xcdr,shmem_ds,100000,10,0,measured,244,2026-09-09T14:28:13.342597Z,157287004720503,157287004720503,157287004720503,-1,-1,ok,
exp_constrained_pub_sub_xcdr__py_to_cpp__100000B__10Hz__shmem_ds__best_effort,publish,pub,py_to_cpp,constrained_pub_sub,exp,xcdr,shmem_ds,100000,10,0,measured,245,2026-09-09T14:28:13.441918Z,157287104045540,157287104045540,157287104045540,-1,-1,ok,
exp_constrained_pub_sub_xcdr__py_to_cpp__100000B__10Hz__shmem_ds__best_effort,publish,pub,py_to_cpp,constrained_pub_sub,exp,xcdr,shmem_ds,100000,10,0,measured,246,2026-09-09T14:28:13.542299Z,157287204430330,157287204430330,157287204430330,-1,-1,ok,
exp_constrained_pub_sub_xcdr__py_to_cpp__100000B__10Hz__shmem_ds__best_effort,publish,pub,py_to_cpp,constrained_pub_sub,exp,xcdr,shmem_ds,100000,10,0,measured,247,2026-09-09T14:28:13.641824Z,157287303943061,157287303943061,157287303943061,-1,-1,ok,
exp_constrained_pub_sub_xcdr__py_to_cpp__100000B__10Hz__shmem_ds__best_effort,publish,pub,py_to_cpp,constrained_pub_sub,exp,xcdr,shmem_ds,100000,10,0,measured,248,2026-09-09T14:28:13.741705Z,157287403839463,157287403839463,157287403839463,-1,-1,ok,
exp_constrained_pub_sub_xcdr__py_to_cpp__100000B__10Hz__shmem_ds__best_effort,publish,pub,py_to_cpp,constrained_pub_sub,exp,xcdr,shmem_ds,100000,10,0,measured,249,2026-09-09T14:28:13.841958Z,157287504086614,157287504086614,157287504086614,-1,-1,ok,
exp_constrained_pub_sub_xcdr__py_to_cpp__100000B__10Hz__shmem_ds__best_effort,publish,pub,py_to_cpp,constrained_pub_sub,exp,xcdr,shmem_ds,100000,10,0,measured,250,2026-09-09T14:28:13.941679Z,157287603801485,157287603801485,157287603801485,-1,-1,ok,
exp_constrained_pub_sub_xcdr__py_to_cpp__100000B__10Hz__shmem_ds__best_effort,publish,pub,py_to_cpp,constrained_pub_sub,exp,xcdr,shmem_ds,100000,10,0,measured,251,2026-09-09T14:28:14.041205Z,157287703315108,157287703315108,157287703315108,-1,-1,ok,
exp_constrained_pub_sub_xcdr__py_to_cpp__100000B__10Hz__shmem_ds__best_effort,publish,pub,py_to_cpp,constrained_pub_sub,exp,xcdr,shmem_ds,100000,10,0,measured,252,2026-09-09T14:28:14.141758Z,157287803894538,157287803894538,157287803894538,-1,-1,ok,
exp_constrained_pub_sub_xcdr__py_to_cpp__100000B__10Hz__shmem_ds__best_effort,publish,pub,py_to_cpp,constrained_pub_sub,exp,xcdr,shmem_ds,100000,10,0,measured,253,2026-09-09T14:28:14.240747Z,157287902884919,157287902884919,157287902884919,-1,-1,ok,
exp_constrained_pub_sub_xcdr__py_to_cpp__100000B__10Hz__shmem_ds__best_effort,publish,pub,py_to_cpp,constrained_pub_sub,exp,xcdr,shmem_ds,100000,10,0,measured,254,2026-09-09T14:28:14.340716Z,157288002850043,157288002850043,157288002850043,-1,-1,ok,
exp_constrained_pub_sub_xcdr__py_to_cpp__100000B__10Hz__shmem_ds__best_effort,publish,pub,py_to_cpp,constrained_pub_sub,exp,xcdr,shmem_ds,100000,10,0,measured,255,2026-09-09T14:28:14.441819Z,157288103947296,157288103947296,157288103947296,-1,-1,ok,
exp_constrained_pub_sub_xcdr__py_to_cpp__100000B__10Hz__shmem_ds__best_effort,publish,pub,py_to_cpp,constrained_pub_sub,exp,xcdr,shmem_ds,100000,10,0,measured,256,2026-09-09T14:28:14.542716Z,157288204848190,157288204848190,157288204848190,-1,-1,ok,
exp_constrained_pub_sub_xcdr__py_to_cpp__100000B__10Hz__shmem_ds__best_effort,publish,pub,py_to_cpp,constrained_pub_sub,exp,xcdr,shmem_ds,100000,10,0,measured,257,2026-09-09T14:28:14.642271Z,157288304402152,157288304402152,157288304402152,-1,-1,ok,
exp_constrained_pub_sub_xcdr__py_to_cpp__100000B__10Hz__shmem_ds__best_effort,publish,pub,py_to_cpp,constrained_pub_sub,exp,xcdr,shmem_ds,100000,10,0,measured,258,2026-09-09T14:28:14.741288Z,157288403424814,157288403424814,157288403424814,-1,-1,ok,
exp_constrained_pub_sub_xcdr__py_to_cpp__100000B__10Hz__shmem_ds__best_effort,publish,pub,py_to_cpp,constrained_pub_sub,exp,xcdr,shmem_ds,100000,10,0,measured,259,2026-09-09T14:28:14.841152Z,157288503222773,157288503222773,157288503222773,-1,-1,ok,
exp_constrained_pub_sub_xcdr__py_to_cpp__100000B__10Hz__shmem_ds__best_effort,publish,pub,py_to_cpp,constrained_pub_sub,exp,xcdr,shmem_ds,100000,10,0,measured,260,2026-09-09T14:28:14.942114Z,157288604200492,157288604200492,157288604200492,-1,-1,ok,
exp_constrained_pub_sub_xcdr__py_to_cpp__100000B__10Hz__shmem_ds__best_effort,publish,pub,py_to_cpp,constrained_pub_sub,exp,xcdr,shmem_ds,100000,10,0,measured,261,2026-09-09T14:28:15.042475Z,157288704605605,157288704605605,157288704605605,-1,-1,ok,
exp_constrained_pub_sub_xcdr__py_to_cpp__100000B__10Hz__shmem_ds__best_effort,publish,pub,py_to_cpp,constrained_pub_sub,exp,xcdr,shmem_ds,100000,10,0,measured,262,2026-09-09T14:28:15.143390Z,157288805521630,157288805521630,157288805521630,-1,-1,ok,
exp_constrained_pub_sub_xcdr__py_to_cpp__100000B__10Hz__shmem_ds__best_effort,publish,pub,py_to_cpp,constrained_pub_sub,exp,xcdr,shmem_ds,100000,10,0,measured,263,2026-09-09T14:28:15.243067Z,157288905180111,157288905180111,157288905180111,-1,-1,ok,
exp_constrained_pub_sub_xcdr__py_to_cpp__100000B__10Hz__shmem_ds__best_effort,publish,pub,py_to_cpp,constrained_pub_sub,exp,xcdr,shmem_ds,100000,10,0,measured,264,2026-09-09T14:28:15.342378Z,157289004496859,157289004496859,157289004496859,-1,-1,ok,
exp_constrained_pub_sub_xcdr__py_to_cpp__100000B__10Hz__shmem_ds__best_effort,publish,pub,py_to_cpp,constrained_pub_sub,exp,xcdr,shmem_ds,100000,10,0,measured,265,2026-09-09T14:28:15.442788Z,157289104935105,157289104935105,157289104935105,-1,-1,ok,
exp_constrained_pub_sub_xcdr__py_to_cpp__100000B__10Hz__shmem_ds__best_effort,publish,pub,py_to_cpp,constrained_pub_sub,exp,xcdr,shmem_ds,100000,10,0,measured,266,2026-09-09T14:28:15.543300Z,157289205430430,157289205430430,157289205430430,-1,-1,ok,
exp_constrained_pub_sub_xcdr__py_to_cpp__100000B__10Hz__shmem_ds__best_effort,publish,pub,py_to_cpp,constrained_pub_sub,exp,xcdr,shmem_ds,100000,10,0,measured,267,2026-09-09T14:28:15.643538Z,157289305670205,157289305670205,157289305670205,-1,-1,ok,
exp_constrained_pub_sub_xcdr__py_to_cpp__100000B__10Hz__shmem_ds__best_effort,publish,pub,py_to_cpp,constrained_pub_sub,exp,xcdr,shmem_ds,100000,10,0,measured,268,2026-09-09T14:28:15.744572Z,157289406700505,157289406700505,157289406700505,-1,-1,ok,
exp_constrained_pub_sub_xcdr__py_to_cpp__100000B__10Hz__shmem_ds__best_effort,publish,pub,py_to_cpp,constrained_pub_sub,exp,xcdr,shmem_ds,100000,10,0,measured,269,2026-09-09T14:28:15.844894Z,157289507021742,157289507021742,157289507021742,-1,-1,ok,
exp_constrained_pub_sub_xcdr__py_to_cpp__100000B__10Hz__shmem_ds__best_effort,publish,pub,py_to_cpp,constrained_pub_sub,exp,xcdr,shmem_ds,100000,10,0,measured,270,2026-09-09T14:28:15.943838Z,157289605965519,157289605965519,157289605965519,-1,-1,ok,
exp_constrained_pub_sub_xcdr__py_to_cpp__100000B__10Hz__shmem_ds__best_effort,publish,pub,py_to_cpp,constrained_pub_sub,exp,xcdr,shmem_ds,100000,10,0,measured,271,2026-09-09T14:28:16.044546Z,157289706675859,157289706675859,157289706675859,-1,-1,ok,
exp_constrained_pub_sub_xcdr__py_to_cpp__100000B__10Hz__shmem_ds__best_effort,publish,pub,py_to_cpp,constrained_pub_sub,exp,xcdr,shmem_ds,100000,10,0,measured,272,2026-09-09T14:28:16.144147Z,157289806274130,157289806274130,157289806274130,-1,-1,ok,
exp_constrained_pub_sub_xcdr__py_to_cpp__100000B__10Hz__shmem_ds__best_effort,publish,pub,py_to_cpp,constrained_pub_sub,exp,xcdr,shmem_ds,100000,10,0,measured,273,2026-09-09T14:28:16.244458Z,157289906586303,157289906586303,157289906586303,-1,-1,ok,
exp_constrained_pub_sub_xcdr__py_to_cpp__100000B__10Hz__shmem_ds__best_effort,publish,pub,py_to_cpp,constrained_pub_sub,exp,xcdr,shmem_ds,100000,10,0,measured,274,2026-09-09T14:28:16.345330Z,157290007466073,157290007466073,157290007466073,-1,-1,ok,
exp_constrained_pub_sub_xcdr__py_to_cpp__100000B__10Hz__shmem_ds__best_effort,publish,pub,py_to_cpp,constrained_pub_sub,exp,xcdr,shmem_ds,100000,10,0,measured,275,2026-09-09T14:28:16.444575Z,157290106712743,157290106712743,157290106712743,-1,-1,ok,
exp_constrained_pub_sub_xcdr__py_to_cpp__100000B__10Hz__shmem_ds__best_effort,publish,pub,py_to_cpp,constrained_pub_sub,exp,xcdr,shmem_ds,100000,10,0,measured,276,2026-09-09T14:28:16.543839Z,157290205961125,157290205961125,157290205961125,-1,-1,ok,
exp_constrained_pub_sub_xcdr__py_to_cpp__100000B__10Hz__shmem_ds__best_effort,publish,pub,py_to_cpp,constrained_pub_sub,exp,xcdr,shmem_ds,100000,10,0,measured,277,2026-09-09T14:28:16.643086Z,157290305225438,157290305225438,157290305225438,-1,-1,ok,
exp_constrained_pub_sub_xcdr__py_to_cpp__100000B__10Hz__shmem_ds__best_effort,publish,pub,py_to_cpp,constrained_pub_sub,exp,xcdr,shmem_ds,100000,10,0,measured,278,2026-09-09T14:28:16.743166Z,157290405304372,157290405304372,157290405304372,-1,-1,ok,
exp_constrained_pub_sub_xcdr__py_to_cpp__100000B__10Hz__shmem_ds__best_effort,publish,pub,py_to_cpp,constrained_pub_sub,exp,xcdr,shmem_ds,100000,10,0,measured,279,2026-09-09T14:28:16.842813Z,157290504903515,157290504903515,157290504903515,-1,-1,ok,
exp_constrained_pub_sub_xcdr__py_to_cpp__100000B__10Hz__shmem_ds__best_effort,publish,pub,py_to_cpp,constrained_pub_sub,exp,xcdr,shmem_ds,100000,10,0,measured,280,2026-09-09T14:28:16.942719Z,157290604872913,157290604872913,157290604872913,-1,-1,ok,
exp_constrained_pub_sub_xcdr__py_to_cpp__100000B__10Hz__shmem_ds__best_effort,publish,pub,py_to_cpp,constrained_pub_sub,exp,xcdr,shmem_ds,100000,10,0,measured,281,2026-09-09T14:28:17.043300Z,157290705440037,157290705440037,157290705440037,-1,-1,ok,
exp_constrained_pub_sub_xcdr__py_to_cpp__100000B__10Hz__shmem_ds__best_effort,publish,pub,py_to_cpp,constrained_pub_sub,exp,xcdr,shmem_ds,100000,10,0,measured,282,2026-09-09T14:28:17.142603Z,157290804748796,157290804748796,157290804748796,-1,-1,ok,
exp_constrained_pub_sub_xcdr__py_to_cpp__100000B__10Hz__shmem_ds__best_effort,publish,pub,py_to_cpp,constrained_pub_sub,exp,xcdr,shmem_ds,100000,10,0,measured,283,2026-09-09T14:28:17.243113Z,157290905235630,157290905235630,157290905235630,-1,-1,ok,
exp_constrained_pub_sub_xcdr__py_to_cpp__100000B__10Hz__shmem_ds__best_effort,publish,pub,py_to_cpp,constrained_pub_sub,exp,xcdr,shmem_ds,100000,10,0,measured,284,2026-09-09T14:28:17.342582Z,157291004692678,157291004692678,157291004692678,-1,-1,ok,
exp_constrained_pub_sub_xcdr__py_to_cpp__100000B__10Hz__shmem_ds__best_effort,publish,pub,py_to_cpp,constrained_pub_sub,exp,xcdr,shmem_ds,100000,10,0,measured,285,2026-09-09T14:28:17.442522Z,157291104620872,157291104620872,157291104620872,-1,-1,ok,
exp_constrained_pub_sub_xcdr__py_to_cpp__100000B__10Hz__shmem_ds__best_effort,publish,pub,py_to_cpp,constrained_pub_sub,exp,xcdr,shmem_ds,100000,10,0,measured,286,2026-09-09T14:28:17.543289Z,157291205422700,157291205422700,157291205422700,-1,-1,ok,
exp_constrained_pub_sub_xcdr__py_to_cpp__100000B__10Hz__shmem_ds__best_effort,publish,pub,py_to_cpp,constrained_pub_sub,exp,xcdr,shmem_ds,100000,10,0,measured,287,2026-09-09T14:28:17.644067Z,157291306174422,157291306174422,157291306174422,-1,-1,ok,
exp_constrained_pub_sub_xcdr__py_to_cpp__100000B__10Hz__shmem_ds__best_effort,publish,pub,py_to_cpp,constrained_pub_sub,exp,xcdr,shmem_ds,100000,10,0,measured,288,2026-09-09T14:28:17.743266Z,157291405401468,157291405401468,157291405401468,-1,-1,ok,
exp_constrained_pub_sub_xcdr__py_to_cpp__100000B__10Hz__shmem_ds__best_effort,publish,pub,py_to_cpp,constrained_pub_sub,exp,xcdr,shmem_ds,100000,10,0,measured,289,2026-09-09T14:28:17.843112Z,157291505240414,157291505240414,157291505240414,-1,-1,ok,
exp_constrained_pub_sub_xcdr__py_to_cpp__100000B__10Hz__shmem_ds__best_effort,publish,pub,py_to_cpp,constrained_pub_sub,exp,xcdr,shmem_ds,100000,10,0,measured,290,2026-09-09T14:28:17.942539Z,157291604650544,157291604650544,157291604650544,-1,-1,ok,
exp_constrained_pub_sub_xcdr__py_to_cpp__100000B__10Hz__shmem_ds__best_effort,publish,pub,py_to_cpp,constrained_pub_sub,exp,xcdr,shmem_ds,100000,10,0,measured,291,2026-09-09T14:28:18.041630Z,157291703756042,157291703756042,157291703756042,-1,-1,ok,
exp_constrained_pub_sub_xcdr__py_to_cpp__100000B__10Hz__shmem_ds__best_effort,publish,pub,py_to_cpp,constrained_pub_sub,exp,xcdr,shmem_ds,100000,10,0,measured,292,2026-09-09T14:28:18.142137Z,157291804266334,157291804266334,157291804266334,-1,-1,ok,
exp_constrained_pub_sub_xcdr__py_to_cpp__100000B__10Hz__shmem_ds__best_effort,publish,pub,py_to_cpp,constrained_pub_sub,exp,xcdr,shmem_ds,100000,10,0,measured,293,2026-09-09T14:28:18.242446Z,157291904567323,157291904567323,157291904567323,-1,-1,ok,
exp_constrained_pub_sub_xcdr__py_to_cpp__100000B__10Hz__shmem_ds__best_effort,publish,pub,py_to_cpp,constrained_pub_sub,exp,xcdr,shmem_ds,100000,10,0,measured,294,2026-09-09T14:28:18.341955Z,157292004069929,157292004069929,157292004069929,-1,-1,ok,
exp_constrained_pub_sub_xcdr__py_to_cpp__100000B__10Hz__shmem_ds__best_effort,publish,pub,py_to_cpp,constrained_pub_sub,exp,xcdr,shmem_ds,100000,10,0,measured,295,2026-09-09T14:28:18.442445Z,157292104566856,157292104566856,157292104566856,-1,-1,ok,
exp_constrained_pub_sub_xcdr__py_to_cpp__100000B__10Hz__shmem_ds__best_effort,publish,pub,py_to_cpp,constrained_pub_sub,exp,xcdr,shmem_ds,100000,10,0,measured,296,2026-09-09T14:28:18.542561Z,157292204692034,157292204692034,157292204692034,-1,-1,ok,
exp_constrained_pub_sub_xcdr__py_to_cpp__100000B__10Hz__shmem_ds__best_effort,publish,pub,py_to_cpp,constrained_pub_sub,exp,xcdr,shmem_ds,100000,10,0,measured,297,2026-09-09T14:28:18.642309Z,157292304437798,157292304437798,157292304437798,-1,-1,ok,
exp_constrained_pub_sub_xcdr__py_to_cpp__100000B__10Hz__shmem_ds__best_effort,publish,pub,py_to_cpp,constrained_pub_sub,exp,xcdr,shmem_ds,100000,10,0,measured,298,2026-09-09T14:28:18.741433Z,157292403540613,157292403540613,157292403540613,-1,-1,ok,
exp_constrained_pub_sub_xcdr__py_to_cpp__100000B__10Hz__shmem_ds__best_effort,publish,pub,py_to_cpp,constrained_pub_sub,exp,xcdr,shmem_ds,100000,10,0,measured,299,2026-09-09T14:28:18.840680Z,157292502793490,157292502793490,157292502793490,-1,-1,ok,
exp_constrained_pub_sub_xcdr__py_to_cpp__100000B__10Hz__shmem_ds__best_effort,publish,pub,py_to_cpp,constrained_pub_sub,exp,xcdr,shmem_ds,100000,10,0,measured,300,2026-09-09T14:28:18.941317Z,157292603442383,157292603442383,157292603442383,-1,-1,ok,
exp_constrained_pub_sub_xcdr__py_to_cpp__100000B__10Hz__shmem_ds__best_effort,receive,sub,py_to_cpp,constrained_pub_sub,exp,xcdr,shmem_ds,100000,10,0,measured,0,2026-09-09T14:27:48.945422Z,157262607620762,157262607285953,157262607620762,1788964068945139398,1788964068945226311,ok,
exp_constrained_pub_sub_xcdr__py_to_cpp__100000B__10Hz__shmem_ds__best_effort,receive,sub,py_to_cpp,constrained_pub_sub,exp,xcdr,shmem_ds,100000,10,0,measured,1,2026-09-09T14:27:49.045769Z,157262707967682,157262707854830,157262707967682,1788964069045683047,1788964069045715879,ok,
exp_constrained_pub_sub_xcdr__py_to_cpp__100000B__10Hz__shmem_ds__best_effort,receive,sub,py_to_cpp,constrained_pub_sub,exp,xcdr,shmem_ds,100000,10,0,measured,2,2026-09-09T14:27:49.144800Z,157262806998821,157262806888043,157262806998821,1788964069144716631,1788964069144748831,ok,
exp_constrained_pub_sub_xcdr__py_to_cpp__100000B__10Hz__shmem_ds__best_effort,receive,sub,py_to_cpp,constrained_pub_sub,exp,xcdr,shmem_ds,100000,10,0,measured,3,2026-09-09T14:27:49.244292Z,157262906490878,157262906389988,157262906490878,1788964069244215209,1788964069244242250,ok,
exp_constrained_pub_sub_xcdr__py_to_cpp__100000B__10Hz__shmem_ds__best_effort,receive,sub,py_to_cpp,constrained_pub_sub,exp,xcdr,shmem_ds,100000,10,0,measured,4,2026-09-09T14:27:49.343649Z,157263005848179,157263005745276,157263005848179,1788964069343567792,1788964069343598480,ok,
exp_constrained_pub_sub_xcdr__py_to_cpp__100000B__10Hz__shmem_ds__best_effort,receive,sub,py_to_cpp,constrained_pub_sub,exp,xcdr,shmem_ds,100000,10,0,measured,5,2026-09-09T14:27:49.444197Z,157263106395608,157263106300149,157263106395608,1788964069444124128,1788964069444147893,ok,
exp_constrained_pub_sub_xcdr__py_to_cpp__100000B__10Hz__shmem_ds__best_effort,receive,sub,py_to_cpp,constrained_pub_sub,exp,xcdr,shmem_ds,100000,10,0,measured,6,2026-09-09T14:27:49.544893Z,157263207091187,157263206894367,157263207091187,1788964069544735378,1788964069544790842,ok,
exp_constrained_pub_sub_xcdr__py_to_cpp__100000B__10Hz__shmem_ds__best_effort,receive,sub,py_to_cpp,constrained_pub_sub,exp,xcdr,shmem_ds,100000,10,0,measured,7,2026-09-09T14:27:49.645353Z,157263307551692,157263307454700,157263307551692,1788964069645279571,1788964069645310599,ok,
exp_constrained_pub_sub_xcdr__py_to_cpp__100000B__10Hz__shmem_ds__best_effort,receive,sub,py_to_cpp,constrained_pub_sub,exp,xcdr,shmem_ds,100000,10,0,measured,8,2026-09-09T14:27:49.744579Z,157263406778009,157263406653435,157263406778009,1788964069744482273,1788964069744520274,ok,
exp_constrained_pub_sub_xcdr__py_to_cpp__100000B__10Hz__shmem_ds__best_effort,receive,sub,py_to_cpp,constrained_pub_sub,exp,xcdr,shmem_ds,100000,10,0,measured,9,2026-09-09T14:27:49.844402Z,157263506600265,157263506476552,157263506600265,1788964069844306422,1788964069844343783,ok,
exp_constrained_pub_sub_xcdr__py_to_cpp__100000B__10Hz__shmem_ds__best_effort,receive,sub,py_to_cpp,constrained_pub_sub,exp,xcdr,shmem_ds,100000,10,0,measured,10,2026-09-09T14:27:49.943324Z,157263605522629,157263605420677,157263605522629,1788964069943244296,1788964069943272559,ok,
exp_constrained_pub_sub_xcdr__py_to_cpp__100000B__10Hz__shmem_ds__best_effort,receive,sub,py_to_cpp,constrained_pub_sub,exp,xcdr,shmem_ds,100000,10,0,measured,11,2026-09-09T14:27:50.042866Z,157263705064990,157263704940466,157263705064990,1788964070042768954,1788964070042794702,ok,
exp_constrained_pub_sub_xcdr__py_to_cpp__100000B__10Hz__shmem_ds__best_effort,receive,sub,py_to_cpp,constrained_pub_sub,exp,xcdr,shmem_ds,100000,10,0,measured,12,2026-09-09T14:27:50.142747Z,157263804945198,157263804861200,157263804945198,1788964070142683666,1788964070142706780,ok,
exp_constrained_pub_sub_xcdr__py_to_cpp__100000B__10Hz__shmem_ds__best_effort,receive,sub,py_to_cpp,constrained_pub_sub,exp,xcdr,shmem_ds,100000,10,0,measured,13,2026-09-09T14:27:50.242117Z,157263904315448,157263904169214,157263904315448,1788964070242005426,1788964070242047936,ok,
exp_constrained_pub_sub_xcdr__py_to_cpp__100000B__10Hz__shmem_ds__best_effort,receive,sub,py_to_cpp,constrained_pub_sub,exp,xcdr,shmem_ds,100000,10,0,measured,14,2026-09-09T14:27:50.341416Z,157264003614494,157264003444715,157264003614494,1788964070341279555,1788964070341331062,ok,
exp_constrained_pub_sub_xcdr__py_to_cpp__100000B__10Hz__shmem_ds__best_effort,receive,sub,py_to_cpp,constrained_pub_sub,exp,xcdr,shmem_ds,100000,10,0,measured,15,2026-09-09T14:27:50.441753Z,157264103950940,157264103817570,157264103950940,1788964070441648963,1788964070441688246,ok,
exp_constrained_pub_sub_xcdr__py_to_cpp__100000B__10Hz__shmem_ds__best_effort,receive,sub,py_to_cpp,constrained_pub_sub,exp,xcdr,shmem_ds,100000,10,0,measured,16,2026-09-09T14:27:50.541893Z,157264204091819,157264203944572,157264204091819,1788964070541774572,1788964070541821741,ok,
exp_constrained_pub_sub_xcdr__py_to_cpp__100000B__10Hz__shmem_ds__best_effort,receive,sub,py_to_cpp,constrained_pub_sub,exp,xcdr,shmem_ds,100000,10,0,measured,17,2026-09-09T14:27:50.641241Z,157264303440117,157264303297709,157264303440117,1788964070641131507,1788964070641169919,ok,
exp_constrained_pub_sub_xcdr__py_to_cpp__100000B__10Hz__shmem_ds__best_effort,receive,sub,py_to_cpp,constrained_pub_sub,exp,xcdr,shmem_ds,100000,10,0,measured,18,2026-09-09T14:27:50.741355Z,157264403553393,157264403416596,157264403553393,1788964070741249122,1788964070741290159,ok,
exp_constrained_pub_sub_xcdr__py_to_cpp__100000B__10Hz__shmem_ds__best_effort,receive,sub,py_to_cpp,constrained_pub_sub,exp,xcdr,shmem_ds,100000,10,0,measured,19,2026-09-09T14:27:50.842067Z,157264504264724,157264504119341,157264504264724,1788964070841953469,1788964070841993204,ok,
exp_constrained_pub_sub_xcdr__py_to_cpp__100000B__10Hz__shmem_ds__best_effort,receive,sub,py_to_cpp,constrained_pub_sub,exp,xcdr,shmem_ds,100000,10,0,measured,20,2026-09-09T14:27:50.941060Z,157264603258536,157264603120657,157264603258536,1788964070940956258,1788964070940992476,ok,
exp_constrained_pub_sub_xcdr__py_to_cpp__100000B__10Hz__shmem_ds__best_effort,receive,sub,py_to_cpp,constrained_pub_sub,exp,xcdr,shmem_ds,100000,10,0,measured,21,2026-09-09T14:27:51.041644Z,157264703832791,157264703694220,157264703832791,1788964071041525162,1788964071041567161,ok,
exp_constrained_pub_sub_xcdr__py_to_cpp__100000B__10Hz__shmem_ds__best_effort,receive,sub,py_to_cpp,constrained_pub_sub,exp,xcdr,shmem_ds,100000,10,0,measured,22,2026-09-09T14:27:51.142080Z,157264804278105,157264804150465,157264804278105,1788964071141978101,1788964071142015070,ok,
exp_constrained_pub_sub_xcdr__py_to_cpp__100000B__10Hz__shmem_ds__best_effort,receive,sub,py_to_cpp,constrained_pub_sub,exp,xcdr,shmem_ds,100000,10,0,measured,23,2026-09-09T14:27:51.241762Z,157264903960214,157264903807887,157264903960214,1788964071241641454,1788964071241684075,ok,
exp_constrained_pub_sub_xcdr__py_to_cpp__100000B__10Hz__shmem_ds__best_effort,receive,sub,py_to_cpp,constrained_pub_sub,exp,xcdr,shmem_ds,100000,10,0,measured,24,2026-09-09T14:27:51.341003Z,157265003201274,157265003076940,157265003201274,1788964071340906660,1788964071340941165,ok,
exp_constrained_pub_sub_xcdr__py_to_cpp__100000B__10Hz__shmem_ds__best_effort,receive,sub,py_to_cpp,constrained_pub_sub,exp,xcdr,shmem_ds,100000,10,0,measured,25,2026-09-09T14:27:51.441978Z,157265104176604,157265104041841,157265104176604,1788964071441875288,1788964071441916585,ok,
exp_constrained_pub_sub_xcdr__py_to_cpp__100000B__10Hz__shmem_ds__best_effort,receive,sub,py_to_cpp,constrained_pub_sub,exp,xcdr,shmem_ds,100000,10,0,measured,26,2026-09-09T14:27:51.541637Z,157265203835129,157265203695466,157265203835129,1788964071541528082,1788964071541569720,ok,
exp_constrained_pub_sub_xcdr__py_to_cpp__100000B__10Hz__shmem_ds__best_effort,receive,sub,py_to_cpp,constrained_pub_sub,exp,xcdr,shmem_ds,100000,10,0,measured,27,2026-09-09T14:27:51.641029Z,157265303226051,157265303043568,157265303226051,1788964071640891051,1788964071640943299,ok,
exp_constrained_pub_sub_xcdr__py_to_cpp__100000B__10Hz__shmem_ds__best_effort,receive,sub,py_to_cpp,constrained_pub_sub,exp,xcdr,shmem_ds,100000,10,0,measured,28,2026-09-09T14:27:51.739887Z,157265402085053,157265401973273,157265402085053,1788964071739798464,1788964071739838008,ok,
exp_constrained_pub_sub_xcdr__py_to_cpp__100000B__10Hz__shmem_ds__best_effort,receive,sub,py_to_cpp,constrained_pub_sub,exp,xcdr,shmem_ds,100000,10,0,measured,29,2026-09-09T14:27:51.840622Z,157265502820402,157265502674988,157265502820402,1788964071840501783,1788964071840543932,ok,
exp_constrained_pub_sub_xcdr__py_to_cpp__100000B__10Hz__shmem_ds__best_effort,receive,sub,py_to_cpp,constrained_pub_sub,exp,xcdr,shmem_ds,100000,10,0,measured,30,2026-09-09T14:27:51.940895Z,157265603093031,157265602960061,157265603093031,1788964071940789511,1788964071940831139,ok,
exp_constrained_pub_sub_xcdr__py_to_cpp__100000B__10Hz__shmem_ds__best_effort,receive,sub,py_to_cpp,constrained_pub_sub,exp,xcdr,shmem_ds,100000,10,0,measured,31,2026-09-09T14:27:52.041421Z,157265703619319,157265703484806,157265703619319,1788964072041311500,1788964072041344973,ok,
exp_constrained_pub_sub_xcdr__py_to_cpp__100000B__10Hz__shmem_ds__best_effort,receive,sub,py_to_cpp,constrained_pub_sub,exp,xcdr,shmem_ds,100000,10,0,measured,32,2026-09-09T14:27:52.142013Z,157265804210791,157265804066670,157265804210791,1788964072141898694,1788964072141942196,ok,
exp_constrained_pub_sub_xcdr__py_to_cpp__100000B__10Hz__shmem_ds__best_effort,receive,sub,py_to_cpp,constrained_pub_sub,exp,xcdr,shmem_ds,100000,10,0,measured,33,2026-09-09T14:27:52.242083Z,157265904281644,157265904141470,157265904281644,1788964072241973946,1788964072242017918,ok,
exp_constrained_pub_sub_xcdr__py_to_cpp__100000B__10Hz__shmem_ds__best_effort,receive,sub,py_to_cpp,constrained_pub_sub,exp,xcdr,shmem_ds,100000,10,0,measured,34,2026-09-09T14:27:52.343013Z,157266005211151,157266005082029,157266005211151,1788964072342915195,1788964072342952375,ok,
exp_constrained_pub_sub_xcdr__py_to_cpp__100000B__10Hz__shmem_ds__best_effort,receive,sub,py_to_cpp,constrained_pub_sub,exp,xcdr,shmem_ds,100000,10,0,measured,35,2026-09-09T14:27:52.442763Z,157266104960991,157266104824946,157266104960991,1788964072442656299,1788964072442696384,ok,
exp_constrained_pub_sub_xcdr__py_to_cpp__100000B__10Hz__shmem_ds__best_effort,receive,sub,py_to_cpp,constrained_pub_sub,exp,xcdr,shmem_ds,100000,10,0,measured,36,2026-09-09T14:27:52.542890Z,157266205087198,157266204937417,157266205087198,1788964072542769080,1788964072542817311,ok,
exp_constrained_pub_sub_xcdr__py_to_cpp__100000B__10Hz__shmem_ds__best_effort,receive,sub,py_to_cpp,constrained_pub_sub,exp,xcdr,shmem_ds,100000,10,0,measured,37,2026-09-09T14:27:52.643538Z,157266305736108,157266305597909,157266305736108,1788964072643429011,1788964072643469116,ok,
exp_constrained_pub_sub_xcdr__py_to_cpp__100000B__10Hz__shmem_ds__best_effort,receive,sub,py_to_cpp,constrained_pub_sub,exp,xcdr,shmem_ds,100000,10,0,measured,38,2026-09-09T14:27:52.743795Z,157266405993602,157266405851115,157266405993602,1788964072743683109,1788964072743723344,ok,
exp_constrained_pub_sub_xcdr__py_to_cpp__100000B__10Hz__shmem_ds__best_effort,receive,sub,py_to_cpp,constrained_pub_sub,exp,xcdr,shmem_ds,100000,10,0,measured,39,2026-09-09T14:27:52.844505Z,157266506702936,157266506560698,157266506702936,1788964072844392943,1788964072844435764,ok,
exp_constrained_pub_sub_xcdr__py_to_cpp__100000B__10Hz__shmem_ds__best_effort,receive,sub,py_to_cpp,constrained_pub_sub,exp,xcdr,shmem_ds,100000,10,0,measured,40,2026-09-09T14:27:52.944567Z,157266606765383,157266606639166,157266606765383,1788964072944468075,1788964072944504212,ok,
exp_constrained_pub_sub_xcdr__py_to_cpp__100000B__10Hz__shmem_ds__best_effort,receive,sub,py_to_cpp,constrained_pub_sub,exp,xcdr,shmem_ds,100000,10,0,measured,41,2026-09-09T14:27:53.045077Z,157266707275213,157266707132936,157266707275213,1788964073044966693,1788964073045007590,ok,
exp_constrained_pub_sub_xcdr__py_to_cpp__100000B__10Hz__shmem_ds__best_effort,receive,sub,py_to_cpp,constrained_pub_sub,exp,xcdr,shmem_ds,100000,10,0,measured,42,2026-09-09T14:27:53.144158Z,157266806356189,157266806215664,157266806356189,1788964073144049783,1788964073144088075,ok,
exp_constrained_pub_sub_xcdr__py_to_cpp__100000B__10Hz__shmem_ds__best_effort,receive,sub,py_to_cpp,constrained_pub_sub,exp,xcdr,shmem_ds,100000,10,0,measured,43,2026-09-09T14:27:53.243605Z,157266905804124,157266905667077,157266905804124,1788964073243497708,1788964073243537553,ok,
exp_constrained_pub_sub_xcdr__py_to_cpp__100000B__10Hz__shmem_ds__best_effort,receive,sub,py_to_cpp,constrained_pub_sub,exp,xcdr,shmem_ds,100000,10,0,measured,44,2026-09-09T14:27:53.343142Z,157267005340696,157267005183962,157267005340696,1788964073343014172,1788964073343057514,ok,
exp_constrained_pub_sub_xcdr__py_to_cpp__100000B__10Hz__shmem_ds__best_effort,receive,sub,py_to_cpp,constrained_pub_sub,exp,xcdr,shmem_ds,100000,10,0,measured,45,2026-09-09T14:27:53.442275Z,157267104472798,157267104328527,157267104472798,1788964073442157285,1788964073442202019,ok,
exp_constrained_pub_sub_xcdr__py_to_cpp__100000B__10Hz__shmem_ds__best_effort,receive,sub,py_to_cpp,constrained_pub_sub,exp,xcdr,shmem_ds,100000,10,0,measured,46,2026-09-09T14:27:53.541679Z,157267203877422,157267203745444,157267203877422,1788964073541574483,1788964073541611873,ok,
exp_constrained_pub_sub_xcdr__py_to_cpp__100000B__10Hz__shmem_ds__best_effort,receive,sub,py_to_cpp,constrained_pub_sub,exp,xcdr,shmem_ds,100000,10,0,measured,47,2026-09-09T14:27:53.641261Z,157267303459209,157267303319777,157267303459209,1788964073641148886,1788964073641187478,ok,
exp_constrained_pub_sub_xcdr__py_to_cpp__100000B__10Hz__shmem_ds__best_effort,receive,sub,py_to_cpp,constrained_pub_sub,exp,xcdr,shmem_ds,100000,10,0,measured,48,2026-09-09T14:27:53.740564Z,157267402762753,157267402610938,157267402762753,1788964073740445417,1788964073740488718,ok,
exp_constrained_pub_sub_xcdr__py_to_cpp__100000B__10Hz__shmem_ds__best_effort,receive,sub,py_to_cpp,constrained_pub_sub,exp,xcdr,shmem_ds,100000,10,0,measured,49,2026-09-09T14:27:53.840877Z,157267503075635,157267502907118,157267503075635,1788964073840744131,1788964073840786331,ok,
exp_constrained_pub_sub_xcdr__py_to_cpp__100000B__10Hz__shmem_ds__best_effort,receive,sub,py_to_cpp,constrained_pub_sub,exp,xcdr,shmem_ds,100000,10,0,measured,50,2026-09-09T14:27:53.940940Z,157267603126153,157267602852639,157267603126153,1788964073940726091,1788964073940809277,ok,
exp_constrained_pub_sub_xcdr__py_to_cpp__100000B__10Hz__shmem_ds__best_effort,receive,sub,py_to_cpp,constrained_pub_sub,exp,xcdr,shmem_ds,100000,10,0,measured,51,2026-09-09T14:27:54.040435Z,157267702633601,157267702435759,157267702633601,1788964074040296538,1788964074040357162,ok,
exp_constrained_pub_sub_xcdr__py_to_cpp__100000B__10Hz__shmem_ds__best_effort,receive,sub,py_to_cpp,constrained_pub_sub,exp,xcdr,shmem_ds,100000,10,0,measured,52,2026-09-09T14:27:54.139795Z,157267801993755,157267801843873,157267801993755,1788964074139679264,1788964074139724649,ok,
exp_constrained_pub_sub_xcdr__py_to_cpp__100000B__10Hz__shmem_ds__best_effort,receive,sub,py_to_cpp,constrained_pub_sub,exp,xcdr,shmem_ds,100000,10,0,measured,53,2026-09-09T14:27:54.239443Z,157267901640848,157267901496276,157267901640848,1788964074239330885,1788964074239372133,ok,
exp_constrained_pub_sub_xcdr__py_to_cpp__100000B__10Hz__shmem_ds__best_effort,receive,sub,py_to_cpp,constrained_pub_sub,exp,xcdr,shmem_ds,100000,10,0,measured,54,2026-09-09T14:27:54.339903Z,157268002101641,157268002026079,157268002101641,1788964074339849347,1788964074339865828,ok,
exp_constrained_pub_sub_xcdr__py_to_cpp__100000B__10Hz__shmem_ds__best_effort,receive,sub,py_to_cpp,constrained_pub_sub,exp,xcdr,shmem_ds,100000,10,0,measured,55,2026-09-09T14:27:54.440314Z,157268102512510,157268102408494,157268102512510,1788964074440237573,1788964074440261237,ok,
exp_constrained_pub_sub_xcdr__py_to_cpp__100000B__10Hz__shmem_ds__best_effort,receive,sub,py_to_cpp,constrained_pub_sub,exp,xcdr,shmem_ds,100000,10,0,measured,56,2026-09-09T14:27:54.540642Z,157268202840964,157268202705840,157268202840964,1788964074540539968,1788964074540580164,ok,
exp_constrained_pub_sub_xcdr__py_to_cpp__100000B__10Hz__shmem_ds__best_effort,receive,sub,py_to_cpp,constrained_pub_sub,exp,xcdr,shmem_ds,100000,10,0,measured,57,2026-09-09T14:27:54.639998Z,157268302196939,157268302090529,157268302196939,1788964074639919748,1788964074639946519,ok,
exp_constrained_pub_sub_xcdr__py_to_cpp__100000B__10Hz__shmem_ds__best_effort,receive,sub,py_to_cpp,constrained_pub_sub,exp,xcdr,shmem_ds,100000,10,0,measured,58,2026-09-09T14:27:54.740719Z,157268402916268,157268402726752,157268402916268,1788964074740572131,1788964074740632755,ok,
exp_constrained_pub_sub_xcdr__py_to_cpp__100000B__10Hz__shmem_ds__best_effort,receive,sub,py_to_cpp,constrained_pub_sub,exp,xcdr,shmem_ds,100000,10,0,measured,59,2026-09-09T14:27:54.839747Z,157268501945891,157268501818181,157268501945891,1788964074839652229,1788964074839686964,ok,
exp_constrained_pub_sub_xcdr__py_to_cpp__100000B__10Hz__shmem_ds__best_effort,receive,sub,py_to_cpp,constrained_pub_sub,exp,xcdr,shmem_ds,100000,10,0,measured,60,2026-09-09T14:27:54.939460Z,157268601658497,157268601547438,157268601658497,1788964074939375485,1788964074939406894,ok,
exp_constrained_pub_sub_xcdr__py_to_cpp__100000B__10Hz__shmem_ds__best_effort,receive,sub,py_to_cpp,constrained_pub_sub,exp,xcdr,shmem_ds,100000,10,0,measured,61,2026-09-09T14:27:55.040636Z,157268702835738,157268702744306,157268702835738,1788964075040568546,1788964075040594966,ok,
exp_constrained_pub_sub_xcdr__py_to_cpp__100000B__10Hz__shmem_ds__best_effort,receive,sub,py_to_cpp,constrained_pub_sub,exp,xcdr,shmem_ds,100000,10,0,measured,62,2026-09-09T14:27:55.140839Z,157268803037146,157268802904066,157268803037146,1788964075140732223,1788964075140765415,ok,
exp_constrained_pub_sub_xcdr__py_to_cpp__100000B__10Hz__shmem_ds__best_effort,receive,sub,py_to_cpp,constrained_pub_sub,exp,xcdr,shmem_ds,100000,10,0,measured,63,2026-09-09T14:27:55.240759Z,157268902958618,157268902868328,157268902958618,1788964075240692397,1788964075240714088,ok,
exp_constrained_pub_sub_xcdr__py_to_cpp__100000B__10Hz__shmem_ds__best_effort,receive,sub,py_to_cpp,constrained_pub_sub,exp,xcdr,shmem_ds,100000,10,0,measured,64,2026-09-09T14:27:55.341110Z,157269003308846,157269003210862,157269003308846,1788964075341038338,1788964075341061681,ok,
exp_constrained_pub_sub_xcdr__py_to_cpp__100000B__10Hz__shmem_ds__best_effort,receive,sub,py_to_cpp,constrained_pub_sub,exp,xcdr,shmem_ds,100000,10,0,measured,65,2026-09-09T14:27:55.441797Z,157269103996338,157269103913422,157269103996338,1788964075441738183,1788964075441760956,ok,
exp_constrained_pub_sub_xcdr__py_to_cpp__100000B__10Hz__shmem_ds__best_effort,receive,sub,py_to_cpp,constrained_pub_sub,exp,xcdr,shmem_ds,100000,10,0,measured,66,2026-09-09T14:27:55.542351Z,157269204550429,157269204444631,157269204550429,1788964075542270974,1788964075542301712,ok,
exp_constrained_pub_sub_xcdr__py_to_cpp__100000B__10Hz__shmem_ds__best_effort,receive,sub,py_to_cpp,constrained_pub_sub,exp,xcdr,shmem_ds,100000,10,0,measured,67,2026-09-09T14:27:55.641809Z,157269303999482,157269303916046,157269303999482,1788964075641740405,1788964075641765272,ok,
exp_constrained_pub_sub_xcdr__py_to_cpp__100000B__10Hz__shmem_ds__best_effort,receive,sub,py_to_cpp,constrained_pub_sub,exp,xcdr,shmem_ds,100000,10,0,measured,68,2026-09-09T14:27:55.741106Z,157269403304446,157269403099421,157269403304446,1788964075740945642,1788964075741002669,ok,
exp_constrained_pub_sub_xcdr__py_to_cpp__100000B__10Hz__shmem_ds__best_effort,receive,sub,py_to_cpp,constrained_pub_sub,exp,xcdr,shmem_ds,100000,10,0,measured,69,2026-09-09T14:27:55.841101Z,157269503299066,157269503111333,157269503299066,1788964075840961742,1788964075841009151,ok,
exp_constrained_pub_sub_xcdr__py_to_cpp__100000B__10Hz__shmem_ds__best_effort,receive,sub,py_to_cpp,constrained_pub_sub,exp,xcdr,shmem_ds,100000,10,0,measured,70,2026-09-09T14:27:55.940530Z,157269602728994,157269602565917,157269602728994,1788964075940412198,1788964075940453726,ok,
exp_constrained_pub_sub_xcdr__py_to_cpp__100000B__10Hz__shmem_ds__best_effort,receive,sub,py_to_cpp,constrained_pub_sub,exp,xcdr,shmem_ds,100000,10,0,measured,71,2026-09-09T14:27:56.039632Z,157269701829824,157269701678410,157269701829824,1788964076039514011,1788964076039554667,ok,
exp_constrained_pub_sub_xcdr__py_to_cpp__100000B__10Hz__shmem_ds__best_effort,receive,sub,py_to_cpp,constrained_pub_sub,exp,xcdr,shmem_ds,100000,10,0,measured,72,2026-09-09T14:27:56.140557Z,157269802755928,157269802609182,157269802755928,1788964076140445595,1788964076140487073,ok,
exp_constrained_pub_sub_xcdr__py_to_cpp__100000B__10Hz__shmem_ds__best_effort,receive,sub,py_to_cpp,constrained_pub_sub,exp,xcdr,shmem_ds,100000,10,0,measured,73,2026-09-09T14:27:56.241288Z,157269903486424,157269903340690,157269903486424,1788964076241178506,1788964076241220174,ok,
exp_constrained_pub_sub_xcdr__py_to_cpp__100000B__10Hz__shmem_ds__best_effort,receive,sub,py_to_cpp,constrained_pub_sub,exp,xcdr,shmem_ds,100000,10,0,measured,74,2026-09-09T14:27:56.340896Z,157270003094471,157270002960479,157270003094471,1788964076340795368,1788964076340836426,ok,
exp_constrained_pub_sub_xcdr__py_to_cpp__100000B__10Hz__shmem_ds__best_effort,receive,sub,py_to_cpp,constrained_pub_sub,exp,xcdr,shmem_ds,100000,10,0,measured,75,2026-09-09T14:27:56.441226Z,157270103424354,157270103295862,157270103424354,1788964076441127285,1788964076441164115,ok,
exp_constrained_pub_sub_xcdr__py_to_cpp__100000B__10Hz__shmem_ds__best_effort,receive,sub,py_to_cpp,constrained_pub_sub,exp,xcdr,shmem_ds,100000,10,0,measured,76,2026-09-09T14:27:56.541075Z,157270203272972,157270203128360,157270203272972,1788964076540963881,1788964076541004608,ok,
exp_constrained_pub_sub_xcdr__py_to_cpp__100000B__10Hz__shmem_ds__best_effort,receive,sub,py_to_cpp,constrained_pub_sub,exp,xcdr,shmem_ds,100000,10,0,measured,77,2026-09-09T14:27:56.641854Z,157270304052811,157270303894493,157270304052811,1788964076641731878,1788964076641773897,ok,
exp_constrained_pub_sub_xcdr__py_to_cpp__100000B__10Hz__shmem_ds__best_effort,receive,sub,py_to_cpp,constrained_pub_sub,exp,xcdr,shmem_ds,100000,10,0,measured,78,2026-09-09T14:27:56.741766Z,157270403955431,157270403817872,157270403955431,1788964076741653473,1788964076741691815,ok,
exp_constrained_pub_sub_xcdr__py_to_cpp__100000B__10Hz__shmem_ds__best_effort,receive,sub,py_to_cpp,constrained_pub_sub,exp,xcdr,shmem_ds,100000,10,0,measured,79,2026-09-09T14:27:56.841301Z,157270503499497,157270503355075,157270503499497,1788964076841191578,1788964076841233066,ok,
exp_constrained_pub_sub_xcdr__py_to_cpp__100000B__10Hz__shmem_ds__best_effort,receive,sub,py_to_cpp,constrained_pub_sub,exp,xcdr,shmem_ds,100000,10,0,measured,80,2026-09-09T14:27:56.940778Z,157270602975525,157270602828548,157270602975525,1788964076940663959,1788964076940704014,ok,
exp_constrained_pub_sub_xcdr__py_to_cpp__100000B__10Hz__shmem_ds__best_effort,receive,sub,py_to_cpp,constrained_pub_sub,exp,xcdr,shmem_ds,100000,10,0,measured,81,2026-09-09T14:27:57.041093Z,157270703289980,157270703074425,157270703289980,1788964077040926697,1788964077040990567,ok,
exp_constrained_pub_sub_xcdr__py_to_cpp__100000B__10Hz__shmem_ds__best_effort,receive,sub,py_to_cpp,constrained_pub_sub,exp,xcdr,shmem_ds,100000,10,0,measured,82,2026-09-09T14:27:57.140625Z,157270802823199,157270802636147,157270802823199,1788964077140481627,1788964077140537912,ok,
exp_constrained_pub_sub_xcdr__py_to_cpp__100000B__10Hz__shmem_ds__best_effort,receive,sub,py_to_cpp,constrained_pub_sub,exp,xcdr,shmem_ds,100000,10,0,measured,83,2026-09-09T14:27:57.240507Z,157270902705984,157270902611226,157270902705984,1788964077240438772,1788964077240464660,ok,
exp_constrained_pub_sub_xcdr__py_to_cpp__100000B__10Hz__shmem_ds__best_effort,receive,sub,py_to_cpp,constrained_pub_sub,exp,xcdr,shmem_ds,100000,10,0,measured,84,2026-09-09T14:27:57.341211Z,157271003409764,157271003312240,157271003409764,1788964077341135188,1788964077341162709,ok,
exp_constrained_pub_sub_xcdr__py_to_cpp__100000B__10Hz__shmem_ds__best_effort,receive,sub,py_to_cpp,constrained_pub_sub,exp,xcdr,shmem_ds,100000,10,0,measured,85,2026-09-09T14:27:57.441098Z,157271103296607,157271103177042,157271103296607,1788964077441008636,1788964077441039033,ok,
exp_constrained_pub_sub_xcdr__py_to_cpp__100000B__10Hz__shmem_ds__best_effort,receive,sub,py_to_cpp,constrained_pub_sub,exp,xcdr,shmem_ds,100000,10,0,measured,86,2026-09-09T14:27:57.540744Z,157271202940905,157271202727654,157271202940905,1788964077540576249,1788964077540639668,ok,
exp_constrained_pub_sub_xcdr__py_to_cpp__100000B__10Hz__shmem_ds__best_effort,receive,sub,py_to_cpp,constrained_pub_sub,exp,xcdr,shmem_ds,100000,10,0,measured,87,2026-09-09T14:27:57.641607Z,157271303805186,157271303667437,157271303805186,1788964077641504941,1788964077641547441,ok,
exp_constrained_pub_sub_xcdr__py_to_cpp__100000B__10Hz__shmem_ds__best_effort,receive,sub,py_to_cpp,constrained_pub_sub,exp,xcdr,shmem_ds,100000,10,0,measured,88,2026-09-09T14:27:57.741653Z,157271403851940,157271403706596,157271403851940,1788964077741544041,1788964077741584958,ok,
exp_constrained_pub_sub_xcdr__py_to_cpp__100000B__10Hz__shmem_ds__best_effort,receive,sub,py_to_cpp,constrained_pub_sub,exp,xcdr,shmem_ds,100000,10,0,measured,89,2026-09-09T14:27:57.840853Z,157271503051411,157271502885108,157271503051411,1788964077840719176,1788964077840763099,ok,
exp_constrained_pub_sub_xcdr__py_to_cpp__100000B__10Hz__shmem_ds__best_effort,receive,sub,py_to_cpp,constrained_pub_sub,exp,xcdr,shmem_ds,100000,10,0,measured,90,2026-09-09T14:27:57.939948Z,157271602147127,157271601992707,157271602147127,1788964077939842244,1788964077939878181,ok,
exp_constrained_pub_sub_xcdr__py_to_cpp__100000B__10Hz__shmem_ds__best_effort,receive,sub,py_to_cpp,constrained_pub_sub,exp,xcdr,shmem_ds,100000,10,0,measured,91,2026-09-09T14:27:58.039188Z,157271701386535,157271701211746,157271701386535,1788964078039047858,1788964078039116046,ok,
exp_constrained_pub_sub_xcdr__py_to_cpp__100000B__10Hz__shmem_ds__best_effort,receive,sub,py_to_cpp,constrained_pub_sub,exp,xcdr,shmem_ds,100000,10,0,measured,92,2026-09-09T14:27:58.139440Z,157271801638648,157271801501470,157271801638648,1788964078139338293,1788964078139377457,ok,
exp_constrained_pub_sub_xcdr__py_to_cpp__100000B__10Hz__shmem_ds__best_effort,receive,sub,py_to_cpp,constrained_pub_sub,exp,xcdr,shmem_ds,100000,10,0,measured,93,2026-09-09T14:27:58.240101Z,157271902299800,157271902155960,157271902299800,1788964078239992713,1788964078240032348,ok,
exp_constrained_pub_sub_xcdr__py_to_cpp__100000B__10Hz__shmem_ds__best_effort,receive,sub,py_to_cpp,constrained_pub_sub,exp,xcdr,shmem_ds,100000,10,0,measured,94,2026-09-09T14:27:58.339883Z,157272002081239,157272001891923,157272002081239,1788964078339727003,1788964078339767720,ok,
exp_constrained_pub_sub_xcdr__py_to_cpp__100000B__10Hz__shmem_ds__best_effort,receive,sub,py_to_cpp,constrained_pub_sub,exp,xcdr,shmem_ds,100000,10,0,measured,95,2026-09-09T14:27:58.438995Z,157272101193139,157272101046884,157272101193139,1788964078438883867,1788964078438926097,ok,
exp_constrained_pub_sub_xcdr__py_to_cpp__100000B__10Hz__shmem_ds__best_effort,receive,sub,py_to_cpp,constrained_pub_sub,exp,xcdr,shmem_ds,100000,10,0,measured,96,2026-09-09T14:27:58.538748Z,157272200946224,157272200795270,157272200946224,1788964078538630200,1788964078538673822,ok,
exp_constrained_pub_sub_xcdr__py_to_cpp__100000B__10Hz__shmem_ds__best_effort,receive,sub,py_to_cpp,constrained_pub_sub,exp,xcdr,shmem_ds,100000,10,0,measured,97,2026-09-09T14:27:58.639691Z,157272301889396,157272301757178,157272301889396,1788964078639591847,1788964078639631201,ok,
exp_constrained_pub_sub_xcdr__py_to_cpp__100000B__10Hz__shmem_ds__best_effort,receive,sub,py_to_cpp,constrained_pub_sub,exp,xcdr,shmem_ds,100000,10,0,measured,98,2026-09-09T14:27:58.739994Z,157272402192606,157272402016625,157272402192606,1788964078739891900,1788964078739933999,ok,
exp_constrained_pub_sub_xcdr__py_to_cpp__100000B__10Hz__shmem_ds__best_effort,receive,sub,py_to_cpp,constrained_pub_sub,exp,xcdr,shmem_ds,100000,10,0,measured,99,2026-09-09T14:27:58.840727Z,157272502924892,157272502768909,157272502924892,1788964078840607114,1788964078840648182,ok,
exp_constrained_pub_sub_xcdr__py_to_cpp__100000B__10Hz__shmem_ds__best_effort,receive,sub,py_to_cpp,constrained_pub_sub,exp,xcdr,shmem_ds,100000,10,0,measured,100,2026-09-09T14:27:58.941530Z,157272603729033,157272603582347,157272603729033,1788964078941420964,1788964078941458815,ok,
exp_constrained_pub_sub_xcdr__py_to_cpp__100000B__10Hz__shmem_ds__best_effort,receive,sub,py_to_cpp,constrained_pub_sub,exp,xcdr,shmem_ds,100000,10,0,measured,101,2026-09-09T14:27:59.040450Z,157272702648753,157272702508258,157272702648753,1788964079040343970,1788964079040385317,ok,
exp_constrained_pub_sub_xcdr__py_to_cpp__100000B__10Hz__shmem_ds__best_effort,receive,sub,py_to_cpp,constrained_pub_sub,exp,xcdr,shmem_ds,100000,10,0,measured,102,2026-09-09T14:27:59.140943Z,157272803140730,157272802981210,157272803140730,1788964079140823013,1788964079140865933,ok,
exp_constrained_pub_sub_xcdr__py_to_cpp__100000B__10Hz__shmem_ds__best_effort,receive,sub,py_to_cpp,constrained_pub_sub,exp,xcdr,shmem_ds,100000,10,0,measured,103,2026-09-09T14:27:59.241315Z,157272903513904,157272903357741,157272903513904,1788964079241203120,1788964079241244207,ok,
exp_constrained_pub_sub_xcdr__py_to_cpp__100000B__10Hz__shmem_ds__best_effort,receive,sub,py_to_cpp,constrained_pub_sub,exp,xcdr,shmem_ds,100000,10,0,measured,104,2026-09-09T14:27:59.341336Z,157273003534836,157273003387138,157273003534836,1788964079341222188,1788964079341262003,ok,
exp_constrained_pub_sub_xcdr__py_to_cpp__100000B__10Hz__shmem_ds__best_effort,receive,sub,py_to_cpp,constrained_pub_sub,exp,xcdr,shmem_ds,100000,10,0,measured,105,2026-09-09T14:27:59.440859Z,157273103056920,157273102909533,157273103056920,1788964079440743070,1788964079440782043,ok,
exp_constrained_pub_sub_xcdr__py_to_cpp__100000B__10Hz__shmem_ds__best_effort,receive,sub,py_to_cpp,constrained_pub_sub,exp,xcdr,shmem_ds,100000,10,0,measured,106,2026-09-09T14:27:59.541328Z,157273203526265,157273203379980,157273203526265,1788964079541220791,1788964079541261177,ok,
exp_constrained_pub_sub_xcdr__py_to_cpp__100000B__10Hz__shmem_ds__best_effort,receive,sub,py_to_cpp,constrained_pub_sub,exp,xcdr,shmem_ds,100000,10,0,measured,107,2026-09-09T14:27:59.640366Z,157273302564540,157273302437030,157273302564540,1788964079640265067,1788964079640302557,ok,
exp_constrained_pub_sub_xcdr__py_to_cpp__100000B__10Hz__shmem_ds__best_effort,receive,sub,py_to_cpp,constrained_pub_sub,exp,xcdr,shmem_ds,100000,10,0,measured,108,2026-09-09T14:27:59.740507Z,157273402704125,157273402486906,157273402704125,1788964079740335842,1788964079740399742,ok,
exp_constrained_pub_sub_xcdr__py_to_cpp__100000B__10Hz__shmem_ds__best_effort,receive,sub,py_to_cpp,constrained_pub_sub,exp,xcdr,shmem_ds,100000,10,0,measured,109,2026-09-09T14:27:59.840166Z,157273502364539,157273502215729,157273502364539,1788964079840054666,1788964079840095683,ok,
exp_constrained_pub_sub_xcdr__py_to_cpp__100000B__10Hz__shmem_ds__best_effort,receive,sub,py_to_cpp,constrained_pub_sub,exp,xcdr,shmem_ds,100000,10,0,measured,110,2026-09-09T14:27:59.941057Z,157273603254484,157273603122466,157273603254484,1788964079940958268,1788964079940997261,ok,
exp_constrained_pub_sub_xcdr__py_to_cpp__100000B__10Hz__shmem_ds__best_effort,receive,sub,py_to_cpp,constrained_pub_sub,exp,xcdr,shmem_ds,100000,10,0,measured,111,2026-09-09T14:28:00.042061Z,157273704258726,157273704049453,157273704258726,1788964080041900292,1788964080041964213,ok,
exp_constrained_pub_sub_xcdr__py_to_cpp__100000B__10Hz__shmem_ds__best_effort,receive,sub,py_to_cpp,constrained_pub_sub,exp,xcdr,shmem_ds,100000,10,0,measured,112,2026-09-09T14:28:00.141582Z,157273803779832,157273803575978,157273803779832,1788964080141419915,1788964080141479337,ok,
exp_constrained_pub_sub_xcdr__py_to_cpp__100000B__10Hz__shmem_ds__best_effort,receive,sub,py_to_cpp,constrained_pub_sub,exp,xcdr,shmem_ds,100000,10,0,measured,113,2026-09-09T14:28:00.241342Z,157273903539846,157273903394202,157273903539846,1788964080241228801,1788964080241269468,ok,
exp_constrained_pub_sub_xcdr__py_to_cpp__100000B__10Hz__shmem_ds__best_effort,receive,sub,py_to_cpp,constrained_pub_sub,exp,xcdr,shmem_ds,100000,10,0,measured,114,2026-09-09T14:28:00.340869Z,157274003067213,157274002924545,157274003067213,1788964080340763352,1788964080340799079,ok,
exp_constrained_pub_sub_xcdr__py_to_cpp__100000B__10Hz__shmem_ds__best_effort,receive,sub,py_to_cpp,constrained_pub_sub,exp,xcdr,shmem_ds,100000,10,0,measured,115,2026-09-09T14:28:00.441735Z,157274103931554,157274103731488,157274103931554,1788964080441578220,1788964080441638232,ok,
exp_constrained_pub_sub_xcdr__py_to_cpp__100000B__10Hz__shmem_ds__best_effort,receive,sub,py_to_cpp,constrained_pub_sub,exp,xcdr,shmem_ds,100000,10,0,measured,116,2026-09-09T14:28:00.542432Z,157274204630704,157274204489399,157274204630704,1788964080542323717,1788964080542365115,ok,
exp_constrained_pub_sub_xcdr__py_to_cpp__100000B__10Hz__shmem_ds__best_effort,receive,sub,py_to_cpp,constrained_pub_sub,exp,xcdr,shmem_ds,100000,10,0,measured,117,2026-09-09T14:28:00.641957Z,157274304154595,157274303980648,157274304154595,1788964080641836356,1788964080641878796,ok,
exp_constrained_pub_sub_xcdr__py_to_cpp__100000B__10Hz__shmem_ds__best_effort,receive,sub,py_to_cpp,constrained_pub_sub,exp,xcdr,shmem_ds,100000,10,0,measured,118,2026-09-09T14:28:00.742349Z,157274404546848,157274404341783,157274404546848,1788964080742187733,1788964080742244420,ok,
exp_constrained_pub_sub_xcdr__py_to_cpp__100000B__10Hz__shmem_ds__best_effort,receive,sub,py_to_cpp,constrained_pub_sub,exp,xcdr,shmem_ds,100000,10,0,measured,119,2026-09-09T14:28:00.842585Z,157274504782116,157274504555059,157274504782116,1788964080842407762,1788964080842476652,ok,
exp_constrained_pub_sub_xcdr__py_to_cpp__100000B__10Hz__shmem_ds__best_effort,receive,sub,py_to_cpp,constrained_pub_sub,exp,xcdr,shmem_ds,100000,10,0,measured,120,2026-09-09T14:28:00.941738Z,157274603936812,157274603790387,157274603936812,1788964080941631869,1788964080941669229,ok,
exp_constrained_pub_sub_xcdr__py_to_cpp__100000B__10Hz__shmem_ds__best_effort,receive,sub,py_to_cpp,constrained_pub_sub,exp,xcdr,shmem_ds,100000,10,0,measured,121,2026-09-09T14:28:01.042202Z,157274704400121,157274704253094,157274704400121,1788964081042089577,1788964081042133389,ok,
exp_constrained_pub_sub_xcdr__py_to_cpp__100000B__10Hz__shmem_ds__best_effort,receive,sub,py_to_cpp,constrained_pub_sub,exp,xcdr,shmem_ds,100000,10,0,measured,122,2026-09-09T14:28:01.142280Z,157274804478136,157274804339536,157274804478136,1788964081142172021,1788964081142210964,ok,
exp_constrained_pub_sub_xcdr__py_to_cpp__100000B__10Hz__shmem_ds__best_effort,receive,sub,py_to_cpp,constrained_pub_sub,exp,xcdr,shmem_ds,100000,10,0,measured,123,2026-09-09T14:28:01.242939Z,157274905137505,157274904970922,157274905137505,1788964081242822944,1788964081242865173,ok,
exp_constrained_pub_sub_xcdr__py_to_cpp__100000B__10Hz__shmem_ds__best_effort,receive,sub,py_to_cpp,constrained_pub_sub,exp,xcdr,shmem_ds,100000,10,0,measured,124,2026-09-09T14:28:01.342898Z,157275005096076,157275004933751,157275005096076,1788964081342771175,1788964081342823864,ok,
exp_constrained_pub_sub_xcdr__py_to_cpp__100000B__10Hz__shmem_ds__best_effort,receive,sub,py_to_cpp,constrained_pub_sub,exp,xcdr,shmem_ds,100000,10,0,measured,125,2026-09-09T14:28:01.441870Z,157275104068262,157275103920274,157275104068262,1788964081441754382,1788964081441795299,ok,
exp_constrained_pub_sub_xcdr__py_to_cpp__100000B__10Hz__shmem_ds__best_effort,receive,sub,py_to_cpp,constrained_pub_sub,exp,xcdr,shmem_ds,100000,10,0,measured,126,2026-09-09T14:28:01.541535Z,157275203733292,157275203586736,157275203733292,1788964081541422357,1788964081541464306,ok,
exp_constrained_pub_sub_xcdr__py_to_cpp__100000B__10Hz__shmem_ds__best_effort,receive,sub,py_to_cpp,constrained_pub_sub,exp,xcdr,shmem_ds,100000,10,0,measured,127,2026-09-09T14:28:01.640567Z,157275302765641,157275302624897,157275302765641,1788964081640458885,1788964081640499120,ok,
exp_constrained_pub_sub_xcdr__py_to_cpp__100000B__10Hz__shmem_ds__best_effort,receive,sub,py_to_cpp,constrained_pub_sub,exp,xcdr,shmem_ds,100000,10,0,measured,128,2026-09-09T14:28:01.741400Z,157275403599057,157275403480484,157275403599057,1788964081741309603,1788964081741345080,ok,
exp_constrained_pub_sub_xcdr__py_to_cpp__100000B__10Hz__shmem_ds__best_effort,receive,sub,py_to_cpp,constrained_pub_sub,exp,xcdr,shmem_ds,100000,10,0,measured,129,2026-09-09T14:28:01.842231Z,157275504428976,157275504293211,157275504428976,1788964081842129924,1788964081842169869,ok,
exp_constrained_pub_sub_xcdr__py_to_cpp__100000B__10Hz__shmem_ds__best_effort,receive,sub,py_to_cpp,constrained_pub_sub,exp,xcdr,shmem_ds,100000,10,0,measured,130,2026-09-09T14:28:01.942845Z,157275605043280,157275604904339,157275605043280,1788964081942737105,1788964081942767001,ok,
exp_constrained_pub_sub_xcdr__py_to_cpp__100000B__10Hz__shmem_ds__best_effort,receive,sub,py_to_cpp,constrained_pub_sub,exp,xcdr,shmem_ds,100000,10,0,measured,131,2026-09-09T14:28:02.042470Z,157275704668245,157275704521189,157275704668245,1788964082042358293,1788964082042398007,ok,
exp_constrained_pub_sub_xcdr__py_to_cpp__100000B__10Hz__shmem_ds__best_effort,receive,sub,py_to_cpp,constrained_pub_sub,exp,xcdr,shmem_ds,100000,10,0,measured,132,2026-09-09T14:28:02.141585Z,157275803783554,157275803648551,157275803783554,1788964082141482288,1788964082141522774,ok,
exp_constrained_pub_sub_xcdr__py_to_cpp__100000B__10Hz__shmem_ds__best_effort,receive,sub,py_to_cpp,constrained_pub_sub,exp,xcdr,shmem_ds,100000,10,0,measured,133,2026-09-09T14:28:02.242303Z,157275904501767,157275904386099,157275904501767,1788964082242220819,1788964082242255083,ok,
exp_constrained_pub_sub_xcdr__py_to_cpp__100000B__10Hz__shmem_ds__best_effort,receive,sub,py_to_cpp,constrained_pub_sub,exp,xcdr,shmem_ds,100000,10,0,measured,134,2026-09-09T14:28:02.343119Z,157276005317994,157276005213948,157276005317994,1788964082343043127,1788964082343070198,ok,
exp_constrained_pub_sub_xcdr__py_to_cpp__100000B__10Hz__shmem_ds__best_effort,receive,sub,py_to_cpp,constrained_pub_sub,exp,xcdr,shmem_ds,100000,10,0,measured,135,2026-09-09T14:28:02.442347Z,157276104537890,157276104412955,157276104537890,1788964082442244318,1788964082442278191,ok,
exp_constrained_pub_sub_xcdr__py_to_cpp__100000B__10Hz__shmem_ds__best_effort,receive,sub,py_to_cpp,constrained_pub_sub,exp,xcdr,shmem_ds,100000,10,0,measured,136,2026-09-09T14:28:02.542389Z,157276204587485,157276204441961,157276204587485,1788964082542276551,1788964082542317307,ok,
exp_constrained_pub_sub_xcdr__py_to_cpp__100000B__10Hz__shmem_ds__best_effort,receive,sub,py_to_cpp,constrained_pub_sub,exp,xcdr,shmem_ds,100000,10,0,measured,137,2026-09-09T14:28:02.641507Z,157276303705679,157276303570084,157276303705679,1788964082641404673,1788964082641445701,ok,
exp_constrained_pub_sub_xcdr__py_to_cpp__100000B__10Hz__shmem_ds__best_effort,receive,sub,py_to_cpp,constrained_pub_sub,exp,xcdr,shmem_ds,100000,10,0,measured,138,2026-09-09T14:28:02.742041Z,157276404239896,157276404091927,157276404239896,1788964082741928220,1788964082741970179,ok,
exp_constrained_pub_sub_xcdr__py_to_cpp__100000B__10Hz__shmem_ds__best_effort,receive,sub,py_to_cpp,constrained_pub_sub,exp,xcdr,shmem_ds,100000,10,0,measured,139,2026-09-09T14:28:02.842577Z,157276504775124,157276504626976,157276504775124,1788964082842461174,1788964082842502922,ok,
exp_constrained_pub_sub_xcdr__py_to_cpp__100000B__10Hz__shmem_ds__best_effort,receive,sub,py_to_cpp,constrained_pub_sub,exp,xcdr,shmem_ds,100000,10,0,measured,140,2026-09-09T14:28:02.941841Z,157276604039453,157276603891916,157276604039453,1788964082941728388,1788964082941766260,ok,
exp_constrained_pub_sub_xcdr__py_to_cpp__100000B__10Hz__shmem_ds__best_effort,receive,sub,py_to_cpp,constrained_pub_sub,exp,xcdr,shmem_ds,100000,10,0,measured,141,2026-09-09T14:28:03.041752Z,157276703950239,157276703809935,157276703950239,1788964083041642781,1788964083041681564,ok,
exp_constrained_pub_sub_xcdr__py_to_cpp__100000B__10Hz__shmem_ds__best_effort,receive,sub,py_to_cpp,constrained_pub_sub,exp,xcdr,shmem_ds,100000,10,0,measured,142,2026-09-09T14:28:03.142135Z,157276804332082,157276804126786,157276804332082,1788964083141980341,1788964083142039021,ok,
exp_constrained_pub_sub_xcdr__py_to_cpp__100000B__10Hz__shmem_ds__best_effort,receive,sub,py_to_cpp,constrained_pub_sub,exp,xcdr,shmem_ds,100000,10,0,measured,143,2026-09-09T14:28:03.241467Z,157276903664091,157276903457754,157276903664091,1788964083241306990,1788964083241367564,ok,
exp_constrained_pub_sub_xcdr__py_to_cpp__100000B__10Hz__shmem_ds__best_effort,receive,sub,py_to_cpp,constrained_pub_sub,exp,xcdr,shmem_ds,100000,10,0,measured,144,2026-09-09T14:28:03.342198Z,157277004396464,157277004241623,157277004396464,1788964083342093715,1788964083342132548,ok,
exp_constrained_pub_sub_xcdr__py_to_cpp__100000B__10Hz__shmem_ds__best_effort,receive,sub,py_to_cpp,constrained_pub_sub,exp,xcdr,shmem_ds,100000,10,0,measured,145,2026-09-09T14:28:03.442119Z,157277104316459,157277104103208,157277104316459,1788964083441953847,1788964083442014601,ok,
exp_constrained_pub_sub_xcdr__py_to_cpp__100000B__10Hz__shmem_ds__best_effort,receive,sub,py_to_cpp,constrained_pub_sub,exp,xcdr,shmem_ds,100000,10,0,measured,146,2026-09-09T14:28:03.541409Z,157277203607511,157277203465534,157277203607511,1788964083541300774,1788964083541342543,ok,
exp_constrained_pub_sub_xcdr__py_to_cpp__100000B__10Hz__shmem_ds__best_effort,receive,sub,py_to_cpp,constrained_pub_sub,exp,xcdr,shmem_ds,100000,10,0,measured,147,2026-09-09T14:28:03.641520Z,157277303718305,157277303576759,157277303718305,1788964083641411718,1788964083641451653,ok,
exp_constrained_pub_sub_xcdr__py_to_cpp__100000B__10Hz__shmem_ds__best_effort,receive,sub,py_to_cpp,constrained_pub_sub,exp,xcdr,shmem_ds,100000,10,0,measured,148,2026-09-09T14:28:03.742215Z,157277404413006,157277404201819,157277404413006,1788964083742051206,1788964083742118072,ok,
exp_constrained_pub_sub_xcdr__py_to_cpp__100000B__10Hz__shmem_ds__best_effort,receive,sub,py_to_cpp,constrained_pub_sub,exp,xcdr,shmem_ds,100000,10,0,measured,149,2026-09-09T14:28:03.841457Z,157277503654896,157277503500476,157277503654896,1788964083841335305,1788964083841381752,ok,
exp_constrained_pub_sub_xcdr__py_to_cpp__100000B__10Hz__shmem_ds__best_effort,receive,sub,py_to_cpp,constrained_pub_sub,exp,xcdr,shmem_ds,100000,10,0,measured,150,2026-09-09T14:28:03.940862Z,157277603060494,157277602940458,157277603060494,1788964083940768956,1788964083940798622,ok,
exp_constrained_pub_sub_xcdr__py_to_cpp__100000B__10Hz__shmem_ds__best_effort,receive,sub,py_to_cpp,constrained_pub_sub,exp,xcdr,shmem_ds,100000,10,0,measured,151,2026-09-09T14:28:04.042016Z,157277704213849,157277704059078,157277704213849,1788964084041899599,1788964084041943281,ok,
exp_constrained_pub_sub_xcdr__py_to_cpp__100000B__10Hz__shmem_ds__best_effort,receive,sub,py_to_cpp,constrained_pub_sub,exp,xcdr,shmem_ds,100000,10,0,measured,152,2026-09-09T14:28:04.142392Z,157277804590215,157277804448719,157277804590215,1788964084142284711,1788964084142324847,ok,
exp_constrained_pub_sub_xcdr__py_to_cpp__100000B__10Hz__shmem_ds__best_effort,receive,sub,py_to_cpp,constrained_pub_sub,exp,xcdr,shmem_ds,100000,10,0,measured,153,2026-09-09T14:28:04.242156Z,157277904354330,157277904216131,157277904354330,1788964084242054116,1788964084242091326,ok,
exp_constrained_pub_sub_xcdr__py_to_cpp__100000B__10Hz__shmem_ds__best_effort,receive,sub,py_to_cpp,constrained_pub_sub,exp,xcdr,shmem_ds,100000,10,0,measured,154,2026-09-09T14:28:04.342406Z,157278004603397,157278004409172,157278004603397,1788964084342257747,1788964084342308893,ok,
exp_constrained_pub_sub_xcdr__py_to_cpp__100000B__10Hz__shmem_ds__best_effort,receive,sub,py_to_cpp,constrained_pub_sub,exp,xcdr,shmem_ds,100000,10,0,measured,155,2026-09-09T14:28:04.441406Z,157278103604548,157278103461569,157278103604548,1788964084441296348,1788964084441335953,ok,
exp_constrained_pub_sub_xcdr__py_to_cpp__100000B__10Hz__shmem_ds__best_effort,receive,sub,py_to_cpp,constrained_pub_sub,exp,xcdr,shmem_ds,100000,10,0,measured,156,2026-09-09T14:28:04.540862Z,157278203060844,157278202912164,157278203060844,1788964084540745852,1788964084540786668,ok,
exp_constrained_pub_sub_xcdr__py_to_cpp__100000B__10Hz__shmem_ds__best_effort,receive,sub,py_to_cpp,constrained_pub_sub,exp,xcdr,shmem_ds,100000,10,0,measured,157,2026-09-09T14:28:04.640549Z,157278302747974,157278302603683,157278302747974,1788964084640438803,1788964084640479499,ok,
exp_constrained_pub_sub_xcdr__py_to_cpp__100000B__10Hz__shmem_ds__best_effort,receive,sub,py_to_cpp,constrained_pub_sub,exp,xcdr,shmem_ds,100000,10,0,measured,158,2026-09-09T14:28:04.740723Z,157278402921419,157278402777498,157278402921419,1788964084740611356,1788964084740654166,ok,
exp_constrained_pub_sub_xcdr__py_to_cpp__100000B__10Hz__shmem_ds__best_effort,receive,sub,py_to_cpp,constrained_pub_sub,exp,xcdr,shmem_ds,100000,10,0,measured,159,2026-09-09T14:28:04.840195Z,157278502393855,157278502244384,157278502393855,1788964084840081488,1788964084840121473,ok,
exp_constrained_pub_sub_xcdr__py_to_cpp__100000B__10Hz__shmem_ds__best_effort,receive,sub,py_to_cpp,constrained_pub_sub,exp,xcdr,shmem_ds,100000,10,0,measured,160,2026-09-09T14:28:04.939572Z,157278601770281,157278601627543,157278601770281,1788964084939461381,1788964084939501065,ok,
exp_constrained_pub_sub_xcdr__py_to_cpp__100000B__10Hz__shmem_ds__best_effort,receive,sub,py_to_cpp,constrained_pub_sub,exp,xcdr,shmem_ds,100000,10,0,measured,161,2026-09-09T14:28:05.038774Z,157278700972521,157278700850582,157278700972521,1788964085038679530,1788964085038709847,ok,
exp_constrained_pub_sub_xcdr__py_to_cpp__100000B__10Hz__shmem_ds__best_effort,receive,sub,py_to_cpp,constrained_pub_sub,exp,xcdr,shmem_ds,100000,10,0,measured,162,2026-09-09T14:28:05.138936Z,157278801134167,157278800996598,157278801134167,1788964085138834142,1788964085138870651,ok,
exp_constrained_pub_sub_xcdr__py_to_cpp__100000B__10Hz__shmem_ds__best_effort,receive,sub,py_to_cpp,constrained_pub_sub,exp,xcdr,shmem_ds,100000,10,0,measured,163,2026-09-09T14:28:05.238510Z,157278900708328,157278900576630,157278900708328,1788964085238409426,1788964085238445263,ok,
exp_constrained_pub_sub_xcdr__py_to_cpp__100000B__10Hz__shmem_ds__best_effort,receive,sub,py_to_cpp,constrained_pub_sub,exp,xcdr,shmem_ds,100000,10,0,measured,164,2026-09-09T14:28:05.339151Z,157279001349575,157279001224740,157279001349575,1788964085339053568,1788964085339087933,ok,
exp_constrained_pub_sub_xcdr__py_to_cpp__100000B__10Hz__shmem_ds__best_effort,receive,sub,py_to_cpp,constrained_pub_sub,exp,xcdr,shmem_ds,100000,10,0,measured,165,2026-09-09T14:28:05.440470Z,157279102667695,157279102471777,157279102667695,1788964085440324049,1788964085440383992,ok,
exp_constrained_pub_sub_xcdr__py_to_cpp__100000B__10Hz__shmem_ds__best_effort,receive,sub,py_to_cpp,constrained_pub_sub,exp,xcdr,shmem_ds,100000,10,0,measured,166,2026-09-09T14:28:05.539048Z,157279201246845,157279201137570,157279201246845,1788964085538967179,1788964085538996374,ok,
exp_constrained_pub_sub_xcdr__py_to_cpp__100000B__10Hz__shmem_ds__best_effort,receive,sub,py_to_cpp,constrained_pub_sub,exp,xcdr,shmem_ds,100000,10,0,measured,167,2026-09-09T14:28:05.638540Z,157279300738451,157279300628635,157279300738451,1788964085638457744,1788964085638487059,ok,
exp_constrained_pub_sub_xcdr__py_to_cpp__100000B__10Hz__shmem_ds__best_effort,receive,sub,py_to_cpp,constrained_pub_sub,exp,xcdr,shmem_ds,100000,10,0,measured,168,2026-09-09T14:28:05.738854Z,157279401052965,157279400942267,157279401052965,1788964085738770494,1788964085738798536,ok,
exp_constrained_pub_sub_xcdr__py_to_cpp__100000B__10Hz__shmem_ds__best_effort,receive,sub,py_to_cpp,constrained_pub_sub,exp,xcdr,shmem_ds,100000,10,0,measured,169,2026-09-09T14:28:05.838405Z,157279500603702,157279500435876,157279500603702,1788964085838276016,1788964085838321922,ok,
exp_constrained_pub_sub_xcdr__py_to_cpp__100000B__10Hz__shmem_ds__best_effort,receive,sub,py_to_cpp,constrained_pub_sub,exp,xcdr,shmem_ds,100000,10,0,measured,170,2026-09-09T14:28:05.937663Z,157279599861989,157279599719781,157279599861989,1788964085937555633,1788964085937594436,ok,
exp_constrained_pub_sub_xcdr__py_to_cpp__100000B__10Hz__shmem_ds__best_effort,receive,sub,py_to_cpp,constrained_pub_sub,exp,xcdr,shmem_ds,100000,10,0,measured,171,2026-09-09T14:28:06.038563Z,157279700761783,157279700602774,157279700761783,1788964086038444016,1788964086038491205,ok,
exp_constrained_pub_sub_xcdr__py_to_cpp__100000B__10Hz__shmem_ds__best_effort,receive,sub,py_to_cpp,constrained_pub_sub,exp,xcdr,shmem_ds,100000,10,0,measured,172,2026-09-09T14:28:06.138645Z,157279800843612,157279800689893,157279800843612,1788964086138529581,1788964086138577972,ok,
exp_constrained_pub_sub_xcdr__py_to_cpp__100000B__10Hz__shmem_ds__best_effort,receive,sub,py_to_cpp,constrained_pub_sub,exp,xcdr,shmem_ds,100000,10,0,measured,173,2026-09-09T14:28:06.238654Z,157279900851662,157279900683766,157279900851662,1788964086238525218,1788964086238578959,ok,
exp_constrained_pub_sub_xcdr__py_to_cpp__100000B__10Hz__shmem_ds__best_effort,receive,sub,py_to_cpp,constrained_pub_sub,exp,xcdr,shmem_ds,100000,10,0,measured,174,2026-09-09T14:28:06.339238Z,157280001436657,157280001319496,157280001436657,1788964086339156450,1788964086339191796,ok,
exp_constrained_pub_sub_xcdr__py_to_cpp__100000B__10Hz__shmem_ds__best_effort,receive,sub,py_to_cpp,constrained_pub_sub,exp,xcdr,shmem_ds,100000,10,0,measured,175,2026-09-09T14:28:06.439766Z,157280101965045,157280101852644,157280101965045,1788964086439685069,1788964086439722890,ok,
exp_constrained_pub_sub_xcdr__py_to_cpp__100000B__10Hz__shmem_ds__best_effort,receive,sub,py_to_cpp,constrained_pub_sub,exp,xcdr,shmem_ds,100000,10,0,measured,176,2026-09-09T14:28:06.539210Z,157280201408854,157280201277868,157280201408854,1788964086539111896,1788964086539152883,ok,
exp_constrained_pub_sub_xcdr__py_to_cpp__100000B__10Hz__shmem_ds__best_effort,receive,sub,py_to_cpp,constrained_pub_sub,exp,xcdr,shmem_ds,100000,10,0,measured,177,2026-09-09T14:28:06.638387Z,157280300585270,157280300447361,157280300585270,1788964086638281760,1788964086638319621,ok,
exp_constrained_pub_sub_xcdr__py_to_cpp__100000B__10Hz__shmem_ds__best_effort,receive,sub,py_to_cpp,constrained_pub_sub,exp,xcdr,shmem_ds,100000,10,0,measured,178,2026-09-09T14:28:06.738278Z,157280400476140,157280400311831,157280400476140,1788964086738165085,1788964086738208687,ok,
exp_constrained_pub_sub_xcdr__py_to_cpp__100000B__10Hz__shmem_ds__best_effort,receive,sub,py_to_cpp,constrained_pub_sub,exp,xcdr,shmem_ds,100000,10,0,measured,179,2026-09-09T14:28:06.837957Z,157280500155101,157280500029315,157280500155101,1788964086837861529,1788964086837899931,ok,
exp_constrained_pub_sub_xcdr__py_to_cpp__100000B__10Hz__shmem_ds__best_effort,receive,sub,py_to_cpp,constrained_pub_sub,exp,xcdr,shmem_ds,100000,10,0,measured,180,2026-09-09T14:28:06.937987Z,157280600185373,157280600049617,157280600185373,1788964086937883575,1788964086937917980,ok,
exp_constrained_pub_sub_xcdr__py_to_cpp__100000B__10Hz__shmem_ds__best_effort,receive,sub,py_to_cpp,constrained_pub_sub,exp,xcdr,shmem_ds,100000,10,0,measured,181,2026-09-09T14:28:07.038349Z,157280700546748,157280700425881,157280700546748,1788964087038256452,1788964087038294324,ok,
exp_constrained_pub_sub_xcdr__py_to_cpp__100000B__10Hz__shmem_ds__best_effort,receive,sub,py_to_cpp,constrained_pub_sub,exp,xcdr,shmem_ds,100000,10,0,measured,182,2026-09-09T14:28:07.139096Z,157280801293340,157280801088865,157280801293340,1788964087138941027,1788964087139003104,ok,
exp_constrained_pub_sub_xcdr__py_to_cpp__100000B__10Hz__shmem_ds__best_effort,receive,sub,py_to_cpp,constrained_pub_sub,exp,xcdr,shmem_ds,100000,10,0,measured,183,2026-09-09T14:28:07.239700Z,157280901897874,157280901790863,157280901897874,1788964087239618309,1788964087239649347,ok,
exp_constrained_pub_sub_xcdr__py_to_cpp__100000B__10Hz__shmem_ds__best_effort,receive,sub,py_to_cpp,constrained_pub_sub,exp,xcdr,shmem_ds,100000,10,0,measured,184,2026-09-09T14:28:07.338821Z,157281001019711,157281000921016,157281001019711,1788964087338745977,1788964087338761225,ok,
exp_constrained_pub_sub_xcdr__py_to_cpp__100000B__10Hz__shmem_ds__best_effort,receive,sub,py_to_cpp,constrained_pub_sub,exp,xcdr,shmem_ds,100000,10,0,measured,185,2026-09-09T14:28:07.438669Z,157281100867452,157281100755311,157281100867452,1788964087438583098,1788964087438614016,ok,
exp_constrained_pub_sub_xcdr__py_to_cpp__100000B__10Hz__shmem_ds__best_effort,receive,sub,py_to_cpp,constrained_pub_sub,exp,xcdr,shmem_ds,100000,10,0,measured,186,2026-09-09T14:28:07.538483Z,157281200681210,157281200545755,157281200681210,1788964087538382869,1788964087538422774,ok,
exp_constrained_pub_sub_xcdr__py_to_cpp__100000B__10Hz__shmem_ds__best_effort,receive,sub,py_to_cpp,constrained_pub_sub,exp,xcdr,shmem_ds,100000,10,0,measured,187,2026-09-09T14:28:07.639248Z,157281301445956,157281301311032,157281301445956,1788964087639150270,1788964087639188632,ok,
exp_constrained_pub_sub_xcdr__py_to_cpp__100000B__10Hz__shmem_ds__best_effort,receive,sub,py_to_cpp,constrained_pub_sub,exp,xcdr,shmem_ds,100000,10,0,measured,188,2026-09-09T14:28:07.738640Z,157281400838121,157281400707175,157281400838121,1788964087738541273,1788964087738581519,ok,
exp_constrained_pub_sub_xcdr__py_to_cpp__100000B__10Hz__shmem_ds__best_effort,receive,sub,py_to_cpp,constrained_pub_sub,exp,xcdr,shmem_ds,100000,10,0,measured,189,2026-09-09T14:28:07.838078Z,157281500276884,157281500142421,157281500276884,1788964087837978423,1788964087838018969,ok,
exp_constrained_pub_sub_xcdr__py_to_cpp__100000B__10Hz__shmem_ds__best_effort,receive,sub,py_to_cpp,constrained_pub_sub,exp,xcdr,shmem_ds,100000,10,0,measured,190,2026-09-09T14:28:07.937965Z,157281600163589,157281600038313,157281600163589,1788964087937873293,1788964087937907838,ok,
exp_constrained_pub_sub_xcdr__py_to_cpp__100000B__10Hz__shmem_ds__best_effort,receive,sub,py_to_cpp,constrained_pub_sub,exp,xcdr,shmem_ds,100000,10,0,measured,191,2026-09-09T14:28:08.037785Z,157281699983209,157281699858174,157281699983209,1788964088037690027,1788964088037726827,ok,
exp_constrained_pub_sub_xcdr__py_to_cpp__100000B__10Hz__shmem_ds__best_effort,receive,sub,py_to_cpp,constrained_pub_sub,exp,xcdr,shmem_ds,100000,10,0,measured,192,2026-09-09T14:28:08.137416Z,157281799605379,157281799458784,157281799605379,1788964088137294495,1788964088137337055,ok,
exp_constrained_pub_sub_xcdr__py_to_cpp__100000B__10Hz__shmem_ds__best_effort,receive,sub,py_to_cpp,constrained_pub_sub,exp,xcdr,shmem_ds,100000,10,0,measured,193,2026-09-09T14:28:08.236879Z,157281899076797,157281898949157,157281899076797,1788964088236778095,1788964088236821837,ok,
exp_constrained_pub_sub_xcdr__py_to_cpp__100000B__10Hz__shmem_ds__best_effort,receive,sub,py_to_cpp,constrained_pub_sub,exp,xcdr,shmem_ds,100000,10,0,measured,194,2026-09-09T14:28:08.337720Z,157281999917839,157281999784799,157281999917839,1788964088337620370,1788964088337658542,ok,
exp_constrained_pub_sub_xcdr__py_to_cpp__100000B__10Hz__shmem_ds__best_effort,receive,sub,py_to_cpp,constrained_pub_sub,exp,xcdr,shmem_ds,100000,10,0,measured,195,2026-09-09T14:28:08.437617Z,157282099815007,157282099673320,157282099815007,1788964088437507008,1788964088437546312,ok,
exp_constrained_pub_sub_xcdr__py_to_cpp__100000B__10Hz__shmem_ds__best_effort,receive,sub,py_to_cpp,constrained_pub_sub,exp,xcdr,shmem_ds,100000,10,0,measured,196,2026-09-09T14:28:08.538260Z,157282200458999,157282200323093,157282200458999,1788964088538154016,1788964088538192087,ok,
exp_constrained_pub_sub_xcdr__py_to_cpp__100000B__10Hz__shmem_ds__best_effort,receive,sub,py_to_cpp,constrained_pub_sub,exp,xcdr,shmem_ds,100000,10,0,measured,197,2026-09-09T14:28:08.638353Z,157282300551925,157282300420097,157282300551925,1788964088638251199,1788964088638290002,ok,
exp_constrained_pub_sub_xcdr__py_to_cpp__100000B__10Hz__shmem_ds__best_effort,receive,sub,py_to_cpp,constrained_pub_sub,exp,xcdr,shmem_ds,100000,10,0,measured,198,2026-09-09T14:28:08.737560Z,157282399758444,157282399609123,157282399758444,1788964088737445746,1788964088737484809,ok,
exp_constrained_pub_sub_xcdr__py_to_cpp__100000B__10Hz__shmem_ds__best_effort,receive,sub,py_to_cpp,constrained_pub_sub,exp,xcdr,shmem_ds,100000,10,0,measured,199,2026-09-09T14:28:08.838385Z,157282500583256,157282500479050,157282500583256,1788964088838306806,1788964088838335560,ok,
exp_constrained_pub_sub_xcdr__py_to_cpp__100000B__10Hz__shmem_ds__best_effort,receive,sub,py_to_cpp,constrained_pub_sub,exp,xcdr,shmem_ds,100000,10,0,measured,200,2026-09-09T14:28:08.939231Z,157282601429588,157282601290867,157282601429588,1788964088939124143,1788964088939161985,ok,
exp_constrained_pub_sub_xcdr__py_to_cpp__100000B__10Hz__shmem_ds__best_effort,receive,sub,py_to_cpp,constrained_pub_sub,exp,xcdr,shmem_ds,100000,10,0,measured,201,2026-09-09T14:28:09.040093Z,157282702290780,157282702167338,157282702290780,1788964089040000384,1788964089040034688,ok,
exp_constrained_pub_sub_xcdr__py_to_cpp__100000B__10Hz__shmem_ds__best_effort,receive,sub,py_to_cpp,constrained_pub_sub,exp,xcdr,shmem_ds,100000,10,0,measured,202,2026-09-09T14:28:09.140969Z,157282803167392,157282803035304,157282803167392,1788964089140871356,1788964089140909117,ok,
exp_constrained_pub_sub_xcdr__py_to_cpp__100000B__10Hz__shmem_ds__best_effort,receive,sub,py_to_cpp,constrained_pub_sub,exp,xcdr,shmem_ds,100000,10,0,measured,203,2026-09-09T14:28:09.241695Z,157282903894233,157282903749000,157282903894233,1788964089241585232,1788964089241626109,ok,
exp_constrained_pub_sub_xcdr__py_to_cpp__100000B__10Hz__shmem_ds__best_effort,receive,sub,py_to_cpp,constrained_pub_sub,exp,xcdr,shmem_ds,100000,10,0,measured,204,2026-09-09T14:28:09.340983Z,157283003182119,157283003052625,157283003182119,1788964089340881854,1788964089340916399,ok,
exp_constrained_pub_sub_xcdr__py_to_cpp__100000B__10Hz__shmem_ds__best_effort,receive,sub,py_to_cpp,constrained_pub_sub,exp,xcdr,shmem_ds,100000,10,0,measured,205,2026-09-09T14:28:09.440992Z,157283103190599,157283103062778,157283103190599,1788964089440894973,1788964089440931391,ok,
exp_constrained_pub_sub_xcdr__py_to_cpp__100000B__10Hz__shmem_ds__best_effort,receive,sub,py_to_cpp,constrained_pub_sub,exp,xcdr,shmem_ds,100000,10,0,measured,206,2026-09-09T14:28:09.540475Z,157283202673471,157283202545310,157283202673471,1788964089540373827,1788964089540410967,ok,
exp_constrained_pub_sub_xcdr__py_to_cpp__100000B__10Hz__shmem_ds__best_effort,receive,sub,py_to_cpp,constrained_pub_sub,exp,xcdr,shmem_ds,100000,10,0,measured,207,2026-09-09T14:28:09.640289Z,157283302487325,157283302357140,157283302487325,1788964089640190727,1788964089640228839,ok,
exp_constrained_pub_sub_xcdr__py_to_cpp__100000B__10Hz__shmem_ds__best_effort,receive,sub,py_to_cpp,constrained_pub_sub,exp,xcdr,shmem_ds,100000,10,0,measured,208,2026-09-09T14:28:09.739397Z,157283401595412,157283401449397,157283401595412,1788964089739289797,1788964089739329382,ok,
exp_constrained_pub_sub_xcdr__py_to_cpp__100000B__10Hz__shmem_ds__best_effort,receive,sub,py_to_cpp,constrained_pub_sub,exp,xcdr,shmem_ds,100000,10,0,measured,209,2026-09-09T14:28:09.839119Z,157283501317123,157283501169415,157283501317123,1788964089839006469,1788964089839048268,ok,
exp_constrained_pub_sub_xcdr__py_to_cpp__100000B__10Hz__shmem_ds__best_effort,receive,sub,py_to_cpp,constrained_pub_sub,exp,xcdr,shmem_ds,100000,10,0,measured,210,2026-09-09T14:28:09.940116Z,157283602314112,157283602193435,157283602314112,1788964089940028064,1788964089940063401,ok,
exp_constrained_pub_sub_xcdr__py_to_cpp__100000B__10Hz__shmem_ds__best_effort,receive,sub,py_to_cpp,constrained_pub_sub,exp,xcdr,shmem_ds,100000,10,0,measured,211,2026-09-09T14:28:10.039622Z,157283701820039,157283701663865,157283701820039,1788964090039506128,1788964090039545873,ok,
exp_constrained_pub_sub_xcdr__py_to_cpp__100000B__10Hz__shmem_ds__best_effort,receive,sub,py_to_cpp,constrained_pub_sub,exp,xcdr,shmem_ds,100000,10,0,measured,212,2026-09-09T14:28:10.140547Z,157283802744404,157283802554136,157283802744404,1788964090140406278,1788964090140463175,ok,
exp_constrained_pub_sub_xcdr__py_to_cpp__100000B__10Hz__shmem_ds__best_effort,receive,sub,py_to_cpp,constrained_pub_sub,exp,xcdr,shmem_ds,100000,10,0,measured,213,2026-09-09T14:28:10.240117Z,157283902315695,157283902162207,157283902315695,1788964090240003008,1788964090240044856,ok,
exp_constrained_pub_sub_xcdr__py_to_cpp__100000B__10Hz__shmem_ds__best_effort,receive,sub,py_to_cpp,constrained_pub_sub,exp,xcdr,shmem_ds,100000,10,0,measured,214,2026-09-09T14:28:10.339987Z,157284002185438,157284002022672,157284002185438,1788964090339863402,1788964090339903127,ok,
exp_constrained_pub_sub_xcdr__py_to_cpp__100000B__10Hz__shmem_ds__best_effort,receive,sub,py_to_cpp,constrained_pub_sub,exp,xcdr,shmem_ds,100000,10,0,measured,215,2026-09-09T14:28:10.441051Z,157284103247753,157284103056744,157284103247753,1788964090440903065,1788964090440959451,ok,
exp_constrained_pub_sub_xcdr__py_to_cpp__100000B__10Hz__shmem_ds__best_effort,receive,sub,py_to_cpp,constrained_pub_sub,exp,xcdr,shmem_ds,100000,10,0,measured,216,2026-09-09T14:28:10.541822Z,157284204020363,157284203868548,157284204020363,1788964090541702515,1788964090541741759,ok,
exp_constrained_pub_sub_xcdr__py_to_cpp__100000B__10Hz__shmem_ds__best_effort,receive,sub,py_to_cpp,constrained_pub_sub,exp,xcdr,shmem_ds,100000,10,0,measured,217,2026-09-09T14:28:10.641982Z,157284304178949,157284304035048,157284304178949,1788964090641871691,1788964090641912357,ok,
exp_constrained_pub_sub_xcdr__py_to_cpp__100000B__10Hz__shmem_ds__best_effort,receive,sub,py_to_cpp,constrained_pub_sub,exp,xcdr,shmem_ds,100000,10,0,measured,218,2026-09-09T14:28:10.742782Z,157284404980013,157284404790055,157284404980013,1788964090742634112,1788964090742692332,ok,
exp_constrained_pub_sub_xcdr__py_to_cpp__100000B__10Hz__shmem_ds__best_effort,receive,sub,py_to_cpp,constrained_pub_sub,exp,xcdr,shmem_ds,100000,10,0,measured,219,2026-09-09T14:28:10.841641Z,157284503839004,157284503702077,157284503839004,1788964090841533630,1788964090841571010,ok,
exp_constrained_pub_sub_xcdr__py_to_cpp__100000B__10Hz__shmem_ds__best_effort,receive,sub,py_to_cpp,constrained_pub_sub,exp,xcdr,shmem_ds,100000,10,0,measured,220,2026-09-09T14:28:10.941299Z,157284603497580,157284603351024,157284603497580,1788964090941191013,1788964090941231850,ok,
exp_constrained_pub_sub_xcdr__py_to_cpp__100000B__10Hz__shmem_ds__best_effort,receive,sub,py_to_cpp,constrained_pub_sub,exp,xcdr,shmem_ds,100000,10,0,measured,221,2026-09-09T14:28:11.042221Z,157284704419011,157284704296921,157284704419011,1788964091042129557,1788964091042165364,ok,
exp_constrained_pub_sub_xcdr__py_to_cpp__100000B__10Hz__shmem_ds__best_effort,receive,sub,py_to_cpp,constrained_pub_sub,exp,xcdr,shmem_ds,100000,10,0,measured,222,2026-09-09T14:28:11.142386Z,157284804585104,157284804449789,157284804585104,1788964091142285781,1788964091142324283,ok,
exp_constrained_pub_sub_xcdr__py_to_cpp__100000B__10Hz__shmem_ds__best_effort,receive,sub,py_to_cpp,constrained_pub_sub,exp,xcdr,shmem_ds,100000,10,0,measured,223,2026-09-09T14:28:11.242460Z,157284904658773,157284904523549,157284904658773,1788964091242357607,1788964091242395768,ok,
exp_constrained_pub_sub_xcdr__py_to_cpp__100000B__10Hz__shmem_ds__best_effort,receive,sub,py_to_cpp,constrained_pub_sub,exp,xcdr,shmem_ds,100000,10,0,measured,224,2026-09-09T14:28:11.342960Z,157285005157521,157285005019361,157285005157521,1788964091342856135,1788964091342895168,ok,
exp_constrained_pub_sub_xcdr__py_to_cpp__100000B__10Hz__shmem_ds__best_effort,receive,sub,py_to_cpp,constrained_pub_sub,exp,xcdr,shmem_ds,100000,10,0,measured,225,2026-09-09T14:28:11.442089Z,157285104287385,157285104146951,157285104287385,1788964091441985187,1788964091442025553,ok,
exp_constrained_pub_sub_xcdr__py_to_cpp__100000B__10Hz__shmem_ds__best_effort,receive,sub,py_to_cpp,constrained_pub_sub,exp,xcdr,shmem_ds,100000,10,0,measured,226,2026-09-09T14:28:11.542215Z,157285204412902,157285204277557,157285204412902,1788964091542108109,1788964091542147754,ok,
exp_constrained_pub_sub_xcdr__py_to_cpp__100000B__10Hz__shmem_ds__best_effort,receive,sub,py_to_cpp,constrained_pub_sub,exp,xcdr,shmem_ds,100000,10,0,measured,227,2026-09-09T14:28:11.642221Z,157285304419335,157285304295121,157285304419335,1788964091642129981,1788964091642154106,ok,
exp_constrained_pub_sub_xcdr__py_to_cpp__100000B__10Hz__shmem_ds__best_effort,receive,sub,py_to_cpp,constrained_pub_sub,exp,xcdr,shmem_ds,100000,10,0,measured,228,2026-09-09T14:28:11.742963Z,157285405161280,157285405016528,157285405161280,1788964091742854033,1788964091742890491,ok,
exp_constrained_pub_sub_xcdr__py_to_cpp__100000B__10Hz__shmem_ds__best_effort,receive,sub,py_to_cpp,constrained_pub_sub,exp,xcdr,shmem_ds,100000,10,0,measured,229,2026-09-09T14:28:11.842267Z,157285504465783,157285504339546,157285504465783,1788964091842172672,1788964091842197629,ok,
exp_constrained_pub_sub_xcdr__py_to_cpp__100000B__10Hz__shmem_ds__best_effort,receive,sub,py_to_cpp,constrained_pub_sub,exp,xcdr,shmem_ds,100000,10,0,measured,230,2026-09-09T14:28:11.943185Z,157285605383830,157285605254657,157285605383830,1788964091943093474,1788964091943127718,ok,
exp_constrained_pub_sub_xcdr__py_to_cpp__100000B__10Hz__shmem_ds__best_effort,receive,sub,py_to_cpp,constrained_pub_sub,exp,xcdr,shmem_ds,100000,10,0,measured,231,2026-09-09T14:28:12.042313Z,157285704510630,157285704375095,157285704510630,1788964092042210525,1788964092042247946,ok,
exp_constrained_pub_sub_xcdr__py_to_cpp__100000B__10Hz__shmem_ds__best_effort,receive,sub,py_to_cpp,constrained_pub_sub,exp,xcdr,shmem_ds,100000,10,0,measured,232,2026-09-09T14:28:12.141663Z,157285803861954,157285803744653,157285803861954,1788964092141578100,1788964092141609459,ok,
exp_constrained_pub_sub_xcdr__py_to_cpp__100000B__10Hz__shmem_ds__best_effort,receive,sub,py_to_cpp,constrained_pub_sub,exp,xcdr,shmem_ds,100000,10,0,measured,233,2026-09-09T14:28:12.241824Z,157285904021708,157285903916841,157285904021708,1788964092241746651,1788964092241769093,ok,
exp_constrained_pub_sub_xcdr__py_to_cpp__100000B__10Hz__shmem_ds__best_effort,receive,sub,py_to_cpp,constrained_pub_sub,exp,xcdr,shmem_ds,100000,10,0,measured,234,2026-09-09T14:28:12.342116Z,157286004314592,157286004220625,157286004314592,1788964092342045486,1788964092342069141,ok,
exp_constrained_pub_sub_xcdr__py_to_cpp__100000B__10Hz__shmem_ds__best_effort,receive,sub,py_to_cpp,constrained_pub_sub,exp,xcdr,shmem_ds,100000,10,0,measured,235,2026-09-09T14:28:12.441644Z,157286103842989,157286103722052,157286103842989,1788964092441553755,1788964092441587068,ok,
exp_constrained_pub_sub_xcdr__py_to_cpp__100000B__10Hz__shmem_ds__best_effort,receive,sub,py_to_cpp,constrained_pub_sub,exp,xcdr,shmem_ds,100000,10,0,measured,236,2026-09-09T14:28:12.540896Z,157286203094425,157286202927030,157286203094425,1788964092540764585,1788964092540817725,ok,
exp_constrained_pub_sub_xcdr__py_to_cpp__100000B__10Hz__shmem_ds__best_effort,receive,sub,py_to_cpp,constrained_pub_sub,exp,xcdr,shmem_ds,100000,10,0,measured,237,2026-09-09T14:28:12.641718Z,157286303916314,157286303759580,157286303916314,1788964092641595080,1788964092641641768,ok,
exp_constrained_pub_sub_xcdr__py_to_cpp__100000B__10Hz__shmem_ds__best_effort,receive,sub,py_to_cpp,constrained_pub_sub,exp,xcdr,shmem_ds,100000,10,0,measured,238,2026-09-09T14:28:12.741306Z,157286403503972,157286403362967,157286403503972,1788964092741196985,1788964092741237041,ok,
exp_constrained_pub_sub_xcdr__py_to_cpp__100000B__10Hz__shmem_ds__best_effort,receive,sub,py_to_cpp,constrained_pub_sub,exp,xcdr,shmem_ds,100000,10,0,measured,239,2026-09-09T14:28:12.841597Z,157286503794843,157286503640503,157286503794843,1788964092841475984,1788964092841519355,ok,
exp_constrained_pub_sub_xcdr__py_to_cpp__100000B__10Hz__shmem_ds__best_effort,receive,sub,py_to_cpp,constrained_pub_sub,exp,xcdr,shmem_ds,100000,10,0,measured,240,2026-09-09T14:28:12.941773Z,157286603970778,157286603829963,157286603970778,1788964092941668630,1788964092941706491,ok,
exp_constrained_pub_sub_xcdr__py_to_cpp__100000B__10Hz__shmem_ds__best_effort,receive,sub,py_to_cpp,constrained_pub_sub,exp,xcdr,shmem_ds,100000,10,0,measured,241,2026-09-09T14:28:13.041552Z,157286703750218,157286703605946,157286703750218,1788964093041439804,1788964093041481012,ok,
exp_constrained_pub_sub_xcdr__py_to_cpp__100000B__10Hz__shmem_ds__best_effort,receive,sub,py_to_cpp,constrained_pub_sub,exp,xcdr,shmem_ds,100000,10,0,measured,242,2026-09-09T14:28:13.142022Z,157286804220058,157286804037595,157286804220058,1788964093141898033,1788964093141947556,ok,
exp_constrained_pub_sub_xcdr__py_to_cpp__100000B__10Hz__shmem_ds__best_effort,receive,sub,py_to_cpp,constrained_pub_sub,exp,xcdr,shmem_ds,100000,10,0,measured,243,2026-09-09T14:28:13.241708Z,157286903906325,157286903771090,157286903906325,1788964093241601552,1788964093241641126,ok,
exp_constrained_pub_sub_xcdr__py_to_cpp__100000B__10Hz__shmem_ds__best_effort,receive,sub,py_to_cpp,constrained_pub_sub,exp,xcdr,shmem_ds,100000,10,0,measured,244,2026-09-09T14:28:13.342668Z,157287004865626,157287004720503,157287004865626,1788964093342558638,1788964093342595147,ok,
exp_constrained_pub_sub_xcdr__py_to_cpp__100000B__10Hz__shmem_ds__best_effort,receive,sub,py_to_cpp,constrained_pub_sub,exp,xcdr,shmem_ds,100000,10,0,measured,245,2026-09-09T14:28:13.441988Z,157287104186645,157287104045540,157287104186645,1788964093441879738,1788964093441919413,ok,
exp_constrained_pub_sub_xcdr__py_to_cpp__100000B__10Hz__shmem_ds__best_effort,receive,sub,py_to_cpp,constrained_pub_sub,exp,xcdr,shmem_ds,100000,10,0,measured,246,2026-09-09T14:28:13.542369Z,157287204566817,157287204430330,157287204566817,1788964093542260812,1788964093542300076,ok,
exp_constrained_pub_sub_xcdr__py_to_cpp__100000B__10Hz__shmem_ds__best_effort,receive,sub,py_to_cpp,constrained_pub_sub,exp,xcdr,shmem_ds,100000,10,0,measured,247,2026-09-09T14:28:13.641891Z,157287304089206,157287303943061,157287304089206,1788964093641777670,1788964093641822063,ok,
exp_constrained_pub_sub_xcdr__py_to_cpp__100000B__10Hz__shmem_ds__best_effort,receive,sub,py_to_cpp,constrained_pub_sub,exp,xcdr,shmem_ds,100000,10,0,measured,248,2026-09-09T14:28:13.741775Z,157287403972984,157287403839463,157287403972984,1788964093741668351,1788964093741706443,ok,
exp_constrained_pub_sub_xcdr__py_to_cpp__100000B__10Hz__shmem_ds__best_effort,receive,sub,py_to_cpp,constrained_pub_sub,exp,xcdr,shmem_ds,100000,10,0,measured,249,2026-09-09T14:28:13.842038Z,157287504228231,157287504086614,157287504228231,1788964093841920412,1788964093841959986,ok,
exp_constrained_pub_sub_xcdr__py_to_cpp__100000B__10Hz__shmem_ds__best_effort,receive,sub,py_to_cpp,constrained_pub_sub,exp,xcdr,shmem_ds,100000,10,0,measured,250,2026-09-09T14:28:13.941744Z,157287603942400,157287603801485,157287603942400,1788964093941639570,1788964093941676600,ok,
exp_constrained_pub_sub_xcdr__py_to_cpp__100000B__10Hz__shmem_ds__best_effort,receive,sub,py_to_cpp,constrained_pub_sub,exp,xcdr,shmem_ds,100000,10,0,measured,251,2026-09-09T14:28:14.041290Z,157287703488154,157287703315108,157287703488154,1788964094041154025,1788964094041206314,ok,
exp_constrained_pub_sub_xcdr__py_to_cpp__100000B__10Hz__shmem_ds__best_effort,receive,sub,py_to_cpp,constrained_pub_sub,exp,xcdr,shmem_ds,100000,10,0,measured,252,2026-09-09T14:28:14.141828Z,157287804026947,157287803894538,157287804026947,1788964094141722945,1788964094141761177,ok,
exp_constrained_pub_sub_xcdr__py_to_cpp__100000B__10Hz__shmem_ds__best_effort,receive,sub,py_to_cpp,constrained_pub_sub,exp,xcdr,shmem_ds,100000,10,0,measured,253,2026-09-09T14:28:14.240823Z,157287903021305,157287902884919,157287903021305,1788964094240711934,1788964094240750536,ok,
exp_constrained_pub_sub_xcdr__py_to_cpp__100000B__10Hz__shmem_ds__best_effort,receive,sub,py_to_cpp,constrained_pub_sub,exp,xcdr,shmem_ds,100000,10,0,measured,254,2026-09-09T14:28:14.340777Z,157288002975319,157288002850043,157288002975319,1788964094340680034,1788964094340715931,ok,
exp_constrained_pub_sub_xcdr__py_to_cpp__100000B__10Hz__shmem_ds__best_effort,receive,sub,py_to_cpp,constrained_pub_sub,exp,xcdr,shmem_ds,100000,10,0,measured,255,2026-09-09T14:28:14.441877Z,157288104075147,157288103947296,157288104075147,1788964094441775864,1788964094441818444,ok,
exp_constrained_pub_sub_xcdr__py_to_cpp__100000B__10Hz__shmem_ds__best_effort,receive,sub,py_to_cpp,constrained_pub_sub,exp,xcdr,shmem_ds,100000,10,0,measured,256,2026-09-09T14:28:14.542773Z,157288204971843,157288204848190,157288204971843,1788964094542679133,1788964094542716994,ok,
exp_constrained_pub_sub_xcdr__py_to_cpp__100000B__10Hz__shmem_ds__best_effort,receive,sub,py_to_cpp,constrained_pub_sub,exp,xcdr,shmem_ds,100000,10,0,measured,257,2026-09-09T14:28:14.642348Z,157288304546403,157288304402152,157288304546403,1788964094642235037,1788964094642275063,ok,
exp_constrained_pub_sub_xcdr__py_to_cpp__100000B__10Hz__shmem_ds__best_effort,receive,sub,py_to_cpp,constrained_pub_sub,exp,xcdr,shmem_ds,100000,10,0,measured,258,2026-09-09T14:28:14.741407Z,157288403605453,157288403424814,157288403605453,1788964094741252169,1788964094741294959,ok,
exp_constrained_pub_sub_xcdr__py_to_cpp__100000B__10Hz__shmem_ds__best_effort,receive,sub,py_to_cpp,constrained_pub_sub,exp,xcdr,shmem_ds,100000,10,0,measured,259,2026-09-09T14:28:14.841267Z,157288503464748,157288503222773,157288503464748,1788964094841077420,1788964094841164123,ok,
exp_constrained_pub_sub_xcdr__py_to_cpp__100000B__10Hz__shmem_ds__best_effort,receive,sub,py_to_cpp,constrained_pub_sub,exp,xcdr,shmem_ds,100000,10,0,measured,260,2026-09-09T14:28:14.942230Z,157288604426737,157288604200492,157288604426737,1788964094942046502,1788964094942117636,ok,
exp_constrained_pub_sub_xcdr__py_to_cpp__100000B__10Hz__shmem_ds__best_effort,receive,sub,py_to_cpp,constrained_pub_sub,exp,xcdr,shmem_ds,100000,10,0,measured,261,2026-09-09T14:28:15.042544Z,157288704741791,157288704605605,157288704741791,1788964095042437329,1788964095042479418,ok,
exp_constrained_pub_sub_xcdr__py_to_cpp__100000B__10Hz__shmem_ds__best_effort,receive,sub,py_to_cpp,constrained_pub_sub,exp,xcdr,shmem_ds,100000,10,0,measured,262,2026-09-09T14:28:15.143446Z,157288805644872,157288805521630,157288805644872,1788964095143353384,1788964095143396345,ok,
exp_constrained_pub_sub_xcdr__py_to_cpp__100000B__10Hz__shmem_ds__best_effort,receive,sub,py_to_cpp,constrained_pub_sub,exp,xcdr,shmem_ds,100000,10,0,measured,263,2026-09-09T14:28:15.243157Z,157288905354329,157288905180111,157288905354329,1788964095243019519,1788964095243066989,ok,
exp_constrained_pub_sub_xcdr__py_to_cpp__100000B__10Hz__shmem_ds__best_effort,receive,sub,py_to_cpp,constrained_pub_sub,exp,xcdr,shmem_ds,100000,10,0,measured,264,2026-09-09T14:28:15.342468Z,157289004666568,157289004496859,157289004666568,1788964095342333422,1788964095342379368,ok,
exp_constrained_pub_sub_xcdr__py_to_cpp__100000B__10Hz__shmem_ds__best_effort,receive,sub,py_to_cpp,constrained_pub_sub,exp,xcdr,shmem_ds,100000,10,0,measured,265,2026-09-09T14:28:15.442862Z,157289105060441,157289104935105,157289105060441,1788964095442759746,1788964095442797477,ok,
exp_constrained_pub_sub_xcdr__py_to_cpp__100000B__10Hz__shmem_ds__best_effort,receive,sub,py_to_cpp,constrained_pub_sub,exp,xcdr,shmem_ds,100000,10,0,measured,266,2026-09-09T14:28:15.543359Z,157289205558050,157289205430430,157289205558050,1788964095543261904,1788964095543305025,ok,
exp_constrained_pub_sub_xcdr__py_to_cpp__100000B__10Hz__shmem_ds__best_effort,receive,sub,py_to_cpp,constrained_pub_sub,exp,xcdr,shmem_ds,100000,10,0,measured,267,2026-09-09T14:28:15.643605Z,157289305802994,157289305670205,157289305802994,1788964095643501147,1788964095643540711,ok,
exp_constrained_pub_sub_xcdr__py_to_cpp__100000B__10Hz__shmem_ds__best_effort,receive,sub,py_to_cpp,constrained_pub_sub,exp,xcdr,shmem_ds,100000,10,0,measured,268,2026-09-09T14:28:15.744640Z,157289406838274,157289406700505,157289406838274,1788964095744533471,1788964095744576983,ok,
exp_constrained_pub_sub_xcdr__py_to_cpp__100000B__10Hz__shmem_ds__best_effort,receive,sub,py_to_cpp,constrained_pub_sub,exp,xcdr,shmem_ds,100000,10,0,measured,269,2026-09-09T14:28:15.844946Z,157289507144884,157289507021742,157289507144884,1788964095844855860,1788964095844896687,ok,
exp_constrained_pub_sub_xcdr__py_to_cpp__100000B__10Hz__shmem_ds__best_effort,receive,sub,py_to_cpp,constrained_pub_sub,exp,xcdr,shmem_ds,100000,10,0,measured,270,2026-09-09T14:28:15.943906Z,157289606104220,157289605965519,157289606104220,1788964095943795990,1788964095943839652,ok,
exp_constrained_pub_sub_xcdr__py_to_cpp__100000B__10Hz__shmem_ds__best_effort,receive,sub,py_to_cpp,constrained_pub_sub,exp,xcdr,shmem_ds,100000,10,0,measured,271,2026-09-09T14:28:16.044616Z,157289706814119,157289706675859,157289706814119,1788964096044507853,1788964096044549301,ok,
exp_constrained_pub_sub_xcdr__py_to_cpp__100000B__10Hz__shmem_ds__best_effort,receive,sub,py_to_cpp,constrained_pub_sub,exp,xcdr,shmem_ds,100000,10,0,measured,272,2026-09-09T14:28:16.144216Z,157289806414774,157289806274130,157289806414774,1788964096144107747,1788964096144147522,ok,
exp_constrained_pub_sub_xcdr__py_to_cpp__100000B__10Hz__shmem_ds__best_effort,receive,sub,py_to_cpp,constrained_pub_sub,exp,xcdr,shmem_ds,100000,10,0,measured,273,2026-09-09T14:28:16.244525Z,157289906723300,157289906586303,157289906723300,1788964096244419269,1788964096244460216,ok,
exp_constrained_pub_sub_xcdr__py_to_cpp__100000B__10Hz__shmem_ds__best_effort,receive,sub,py_to_cpp,constrained_pub_sub,exp,xcdr,shmem_ds,100000,10,0,measured,274,2026-09-09T14:28:16.345392Z,157290007590247,157290007466073,157290007590247,1788964096345298288,1788964096345335778,ok,
exp_constrained_pub_sub_xcdr__py_to_cpp__100000B__10Hz__shmem_ds__best_effort,receive,sub,py_to_cpp,constrained_pub_sub,exp,xcdr,shmem_ds,100000,10,0,measured,275,2026-09-09T14:28:16.444648Z,157290106846935,157290106712743,157290106846935,1788964096444540289,1788964096444581797,ok,
exp_constrained_pub_sub_xcdr__py_to_cpp__100000B__10Hz__shmem_ds__best_effort,receive,sub,py_to_cpp,constrained_pub_sub,exp,xcdr,shmem_ds,100000,10,0,measured,276,2026-09-09T14:28:16.543911Z,157290206110015,157290205961125,157290206110015,1788964096543792549,1788964096543839777,ok,
exp_constrained_pub_sub_xcdr__py_to_cpp__100000B__10Hz__shmem_ds__best_effort,receive,sub,py_to_cpp,constrained_pub_sub,exp,xcdr,shmem_ds,100000,10,0,measured,277,2026-09-09T14:28:16.643155Z,157290305345534,157290305225438,157290305345534,1788964096643052333,1788964096643086868,ok,
exp_constrained_pub_sub_xcdr__py_to_cpp__100000B__10Hz__shmem_ds__best_effort,receive,sub,py_to_cpp,constrained_pub_sub,exp,xcdr,shmem_ds,100000,10,0,measured,278,2026-09-09T14:28:16.743232Z,157290405430680,157290405304372,157290405430680,1788964096743132680,1788964096743171112,ok,
exp_constrained_pub_sub_xcdr__py_to_cpp__100000B__10Hz__shmem_ds__best_effort,receive,sub,py_to_cpp,constrained_pub_sub,exp,xcdr,shmem_ds,100000,10,0,measured,279,2026-09-09T14:28:16.842896Z,157290505094424,157290504903515,157290505094424,1788964096842745769,1788964096842816652,ok,
exp_constrained_pub_sub_xcdr__py_to_cpp__100000B__10Hz__shmem_ds__best_effort,receive,sub,py_to_cpp,constrained_pub_sub,exp,xcdr,shmem_ds,100000,10,0,measured,280,2026-09-09T14:28:16.942763Z,157290604962131,157290604872913,157290604962131,1788964096942696201,1788964096942718463,ok,
exp_constrained_pub_sub_xcdr__py_to_cpp__100000B__10Hz__shmem_ds__best_effort,receive,sub,py_to_cpp,constrained_pub_sub,exp,xcdr,shmem_ds,100000,10,0,measured,281,2026-09-09T14:28:17.043333Z,157290705532200,157290705440037,157290705532200,1788964097043269416,1788964097043294323,ok,
exp_constrained_pub_sub_xcdr__py_to_cpp__100000B__10Hz__shmem_ds__best_effort,receive,sub,py_to_cpp,constrained_pub_sub,exp,xcdr,shmem_ds,100000,10,0,measured,282,2026-09-09T14:28:17.142640Z,157290804838033,157290804748796,157290804838033,1788964097142575830,1788964097142596900,ok,
exp_constrained_pub_sub_xcdr__py_to_cpp__100000B__10Hz__shmem_ds__best_effort,receive,sub,py_to_cpp,constrained_pub_sub,exp,xcdr,shmem_ds,100000,10,0,measured,283,2026-09-09T14:28:17.243190Z,157290905388027,157290905235630,157290905388027,1788964097243073045,1788964097243116747,ok,
exp_constrained_pub_sub_xcdr__py_to_cpp__100000B__10Hz__shmem_ds__best_effort,receive,sub,py_to_cpp,constrained_pub_sub,exp,xcdr,shmem_ds,100000,10,0,measured,284,2026-09-09T14:28:17.342658Z,157291004856186,157291004692678,157291004856186,1788964097342533419,1788964097342580457,ok,
exp_constrained_pub_sub_xcdr__py_to_cpp__100000B__10Hz__shmem_ds__best_effort,receive,sub,py_to_cpp,constrained_pub_sub,exp,xcdr,shmem_ds,100000,10,0,measured,285,2026-09-09T14:28:17.442597Z,157291104795781,157291104620872,157291104795781,1788964097442475639,1788964097442523499,ok,
exp_constrained_pub_sub_xcdr__py_to_cpp__100000B__10Hz__shmem_ds__best_effort,receive,sub,py_to_cpp,constrained_pub_sub,exp,xcdr,shmem_ds,100000,10,0,measured,286,2026-09-09T14:28:17.543358Z,157291205556251,157291205422700,157291205556251,1788964097543253041,1788964097543290792,ok,
exp_constrained_pub_sub_xcdr__py_to_cpp__100000B__10Hz__shmem_ds__best_effort,receive,sub,py_to_cpp,constrained_pub_sub,exp,xcdr,shmem_ds,100000,10,0,measured,287,2026-09-09T14:28:17.644133Z,157291306331568,157291306174422,157291306331568,1788964097644026274,1788964097644064015,ok,
exp_constrained_pub_sub_xcdr__py_to_cpp__100000B__10Hz__shmem_ds__best_effort,receive,sub,py_to_cpp,constrained_pub_sub,exp,xcdr,shmem_ds,100000,10,0,measured,288,2026-09-09T14:28:17.743328Z,157291405526733,157291405401468,157291405526733,1788964097743230346,1788964097743267446,ok,
exp_constrained_pub_sub_xcdr__py_to_cpp__100000B__10Hz__shmem_ds__best_effort,receive,sub,py_to_cpp,constrained_pub_sub,exp,xcdr,shmem_ds,100000,10,0,measured,289,2026-09-09T14:28:17.843189Z,157291505386669,157291505240414,157291505386669,1788964097843073851,1788964097843114427,ok,
exp_constrained_pub_sub_xcdr__py_to_cpp__100000B__10Hz__shmem_ds__best_effort,receive,sub,py_to_cpp,constrained_pub_sub,exp,xcdr,shmem_ds,100000,10,0,measured,290,2026-09-09T14:28:17.942630Z,157291604827387,157291604650544,157291604827387,1788964097942490934,1788964097942538784,ok,
exp_constrained_pub_sub_xcdr__py_to_cpp__100000B__10Hz__shmem_ds__best_effort,receive,sub,py_to_cpp,constrained_pub_sub,exp,xcdr,shmem_ds,100000,10,0,measured,291,2026-09-09T14:28:18.041699Z,157291703898099,157291703756042,157291703898099,1788964098041590561,1788964098041629785,ok,
exp_constrained_pub_sub_xcdr__py_to_cpp__100000B__10Hz__shmem_ds__best_effort,receive,sub,py_to_cpp,constrained_pub_sub,exp,xcdr,shmem_ds,100000,10,0,measured,292,2026-09-09T14:28:18.142200Z,157291804398302,157291804266334,157291804398302,1788964098142099481,1788964098142137282,ok,
exp_constrained_pub_sub_xcdr__py_to_cpp__100000B__10Hz__shmem_ds__best_effort,receive,sub,py_to_cpp,constrained_pub_sub,exp,xcdr,shmem_ds,100000,10,0,measured,293,2026-09-09T14:28:18.242522Z,157291904719970,157291904567323,157291904719970,1788964098242406671,1788964098242450463,ok,
exp_constrained_pub_sub_xcdr__py_to_cpp__100000B__10Hz__shmem_ds__best_effort,receive,sub,py_to_cpp,constrained_pub_sub,exp,xcdr,shmem_ds,100000,10,0,measured,294,2026-09-09T14:28:18.342015Z,157292004213960,157292004069929,157292004213960,1788964098341916922,1788964098341953220,ok,
exp_constrained_pub_sub_xcdr__py_to_cpp__100000B__10Hz__shmem_ds__best_effort,receive,sub,py_to_cpp,constrained_pub_sub,exp,xcdr,shmem_ds,100000,10,0,measured,295,2026-09-09T14:28:18.442518Z,157292104716227,157292104566856,157292104716227,1788964098442404992,1788964098442447201,ok,
exp_constrained_pub_sub_xcdr__py_to_cpp__100000B__10Hz__shmem_ds__best_effort,receive,sub,py_to_cpp,constrained_pub_sub,exp,xcdr,shmem_ds,100000,10,0,measured,296,2026-09-09T14:28:18.542622Z,157292204820646,157292204692034,157292204820646,1788964098542527344,1788964098542564043,ok,
exp_constrained_pub_sub_xcdr__py_to_cpp__100000B__10Hz__shmem_ds__best_effort,receive,sub,py_to_cpp,constrained_pub_sub,exp,xcdr,shmem_ds,100000,10,0,measured,297,2026-09-09T14:28:18.642388Z,157292304586227,157292304437798,157292304586227,1788964098642273088,1788964098642311741,ok,
exp_constrained_pub_sub_xcdr__py_to_cpp__100000B__10Hz__shmem_ds__best_effort,receive,sub,py_to_cpp,constrained_pub_sub,exp,xcdr,shmem_ds,100000,10,0,measured,298,2026-09-09T14:28:18.741508Z,157292403706715,157292403540613,157292403706715,1788964098741383047,1788964098741430997,ok,
exp_constrained_pub_sub_xcdr__py_to_cpp__100000B__10Hz__shmem_ds__best_effort,receive,sub,py_to_cpp,constrained_pub_sub,exp,xcdr,shmem_ds,100000,10,0,measured,299,2026-09-09T14:28:18.840796Z,157292502993977,157292502793490,157292502993977,1788964098840633209,1788964098840683203,ok,
exp_constrained_pub_sub_xcdr__py_to_cpp__100000B__10Hz__shmem_ds__best_effort,receive,sub,py_to_cpp,constrained_pub_sub,exp,xcdr,shmem_ds,100000,10,0,measured,300,2026-09-09T14:28:18.941393Z,157292603591393,157292603442383,157292603591393,1788964098941278004,1788964098941319231,ok,
exp_constrained_pub_sub_xcdr__py_to_cpp__1000000B__10Hz__shmem_ds__best_effort,publish,pub,py_to_cpp,constrained_pub_sub,exp,xcdr,shmem_ds,1000000,10,1,measured,0,2026-09-09T14:28:23.851172Z,157297513259763,157297513259763,157297513259763,-1,-1,ok,
exp_constrained_pub_sub_xcdr__py_to_cpp__1000000B__10Hz__shmem_ds__best_effort,publish,pub,py_to_cpp,constrained_pub_sub,exp,xcdr,shmem_ds,1000000,10,1,measured,1,2026-09-09T14:28:23.951551Z,157297613680411,157297613680411,157297613680411,-1,-1,ok,
exp_constrained_pub_sub_xcdr__py_to_cpp__1000000B__10Hz__shmem_ds__best_effort,publish,pub,py_to_cpp,constrained_pub_sub,exp,xcdr,shmem_ds,1000000,10,1,measured,2,2026-09-09T14:28:24.050837Z,157297712974152,157297712974152,157297712974152,-1,-1,ok,
exp_constrained_pub_sub_xcdr__py_to_cpp__1000000B__10Hz__shmem_ds__best_effort,publish,pub,py_to_cpp,constrained_pub_sub,exp,xcdr,shmem_ds,1000000,10,1,measured,3,2026-09-09T14:28:24.149977Z,157297812142208,157297812142208,157297812142208,-1,-1,ok,
exp_constrained_pub_sub_xcdr__py_to_cpp__1000000B__10Hz__shmem_ds__best_effort,publish,pub,py_to_cpp,constrained_pub_sub,exp,xcdr,shmem_ds,1000000,10,1,measured,4,2026-09-09T14:28:24.249335Z,157297911503106,157297911503106,157297911503106,-1,-1,ok,
exp_constrained_pub_sub_xcdr__py_to_cpp__1000000B__10Hz__shmem_ds__best_effort,publish,pub,py_to_cpp,constrained_pub_sub,exp,xcdr,shmem_ds,1000000,10,1,measured,5,2026-09-09T14:28:24.350145Z,157298012274078,157298012274078,157298012274078,-1,-1,ok,
exp_constrained_pub_sub_xcdr__py_to_cpp__1000000B__10Hz__shmem_ds__best_effort,publish,pub,py_to_cpp,constrained_pub_sub,exp,xcdr,shmem_ds,1000000,10,1,measured,6,2026-09-09T14:28:24.450427Z,157298112563573,157298112563573,157298112563573,-1,-1,ok,
exp_constrained_pub_sub_xcdr__py_to_cpp__1000000B__10Hz__shmem_ds__best_effort,publish,pub,py_to_cpp,constrained_pub_sub,exp,xcdr,shmem_ds,1000000,10,1,measured,7,2026-09-09T14:28:24.551271Z,157298213391761,157298213391761,157298213391761,-1,-1,ok,
exp_constrained_pub_sub_xcdr__py_to_cpp__1000000B__10Hz__shmem_ds__best_effort,publish,pub,py_to_cpp,constrained_pub_sub,exp,xcdr,shmem_ds,1000000,10,1,measured,8,2026-09-09T14:28:24.650395Z,157298312529790,157298312529790,157298312529790,-1,-1,ok,
exp_constrained_pub_sub_xcdr__py_to_cpp__1000000B__10Hz__shmem_ds__best_effort,publish,pub,py_to_cpp,constrained_pub_sub,exp,xcdr,shmem_ds,1000000,10,1,measured,9,2026-09-09T14:28:24.750171Z,157298412308455,157298412308455,157298412308455,-1,-1,ok,
exp_constrained_pub_sub_xcdr__py_to_cpp__1000000B__10Hz__shmem_ds__best_effort,publish,pub,py_to_cpp,constrained_pub_sub,exp,xcdr,shmem_ds,1000000,10,1,measured,10,2026-09-09T14:28:24.849257Z,157298511394697,157298511394697,157298511394697,-1,-1,ok,
exp_constrained_pub_sub_xcdr__py_to_cpp__1000000B__10Hz__shmem_ds__best_effort,publish,pub,py_to_cpp,constrained_pub_sub,exp,xcdr,shmem_ds,1000000,10,1,measured,11,2026-09-09T14:28:24.948300Z,157298610437978,157298610437978,157298610437978,-1,-1,ok,
exp_constrained_pub_sub_xcdr__py_to_cpp__1000000B__10Hz__shmem_ds__best_effort,publish,pub,py_to_cpp,constrained_pub_sub,exp,xcdr,shmem_ds,1000000,10,1,measured,12,2026-09-09T14:28:25.048410Z,157298710547245,157298710547245,157298710547245,-1,-1,ok,
exp_constrained_pub_sub_xcdr__py_to_cpp__1000000B__10Hz__shmem_ds__best_effort,publish,pub,py_to_cpp,constrained_pub_sub,exp,xcdr,shmem_ds,1000000,10,1,measured,13,2026-09-09T14:28:25.147497Z,157298809630745,157298809630745,157298809630745,-1,-1,ok,
exp_constrained_pub_sub_xcdr__py_to_cpp__1000000B__10Hz__shmem_ds__best_effort,publish,pub,py_to_cpp,constrained_pub_sub,exp,xcdr,shmem_ds,1000000,10,1,measured,14,2026-09-09T14:28:25.246856Z,157298908977430,157298908977430,157298908977430,-1,-1,ok,
exp_constrained_pub_sub_xcdr__py_to_cpp__1000000B__10Hz__shmem_ds__best_effort,publish,pub,py_to_cpp,constrained_pub_sub,exp,xcdr,shmem_ds,1000000,10,1,measured,15,2026-09-09T14:28:25.347179Z,157299009312554,157299009312554,157299009312554,-1,-1,ok,
exp_constrained_pub_sub_xcdr__py_to_cpp__1000000B__10Hz__shmem_ds__best_effort,publish,pub,py_to_cpp,constrained_pub_sub,exp,xcdr,shmem_ds,1000000,10,1,measured,16,2026-09-09T14:28:25.447390Z,157299109524857,157299109524857,157299109524857,-1,-1,ok,
exp_constrained_pub_sub_xcdr__py_to_cpp__1000000B__10Hz__shmem_ds__best_effort,publish,pub,py_to_cpp,constrained_pub_sub,exp,xcdr,shmem_ds,1000000,10,1,measured,17,2026-09-09T14:28:25.546967Z,157299209100202,157299209100202,157299209100202,-1,-1,ok,
exp_constrained_pub_sub_xcdr__py_to_cpp__1000000B__10Hz__shmem_ds__best_effort,publish,pub,py_to_cpp,constrained_pub_sub,exp,xcdr,shmem_ds,1000000,10,1,measured,18,2026-09-09T14:28:25.647128Z,157299309256430,157299309256430,157299309256430,-1,-1,ok,
exp_constrained_pub_sub_xcdr__py_to_cpp__1000000B__10Hz__shmem_ds__best_effort,publish,pub,py_to_cpp,constrained_pub_sub,exp,xcdr,shmem_ds,1000000,10,1,measured,19,2026-09-09T14:28:25.747882Z,157299409966689,157299409966689,157299409966689,-1,-1,ok,
exp_constrained_pub_sub_xcdr__py_to_cpp__1000000B__10Hz__shmem_ds__best_effort,publish,pub,py_to_cpp,constrained_pub_sub,exp,xcdr,shmem_ds,1000000,10,1,measured,20,2026-09-09T14:28:25.846856Z,157299508843671,157299508843671,157299508843671,-1,-1,ok,
exp_constrained_pub_sub_xcdr__py_to_cpp__1000000B__10Hz__shmem_ds__best_effort,publish,pub,py_to_cpp,constrained_pub_sub,exp,xcdr,shmem_ds,1000000,10,1,measured,21,2026-09-09T14:28:25.947139Z,157299609272371,157299609272371,157299609272371,-1,-1,ok,
exp_constrained_pub_sub_xcdr__py_to_cpp__1000000B__10Hz__shmem_ds__best_effort,publish,pub,py_to_cpp,constrained_pub_sub,exp,xcdr,shmem_ds,1000000,10,1,measured,22,2026-09-09T14:28:26.048040Z,157299710171457,157299710171457,157299710171457,-1,-1,ok,
exp_constrained_pub_sub_xcdr__py_to_cpp__1000000B__10Hz__shmem_ds__best_effort,publish,pub,py_to_cpp,constrained_pub_sub,exp,xcdr,shmem_ds,1000000,10,1,measured,23,2026-09-09T14:28:26.147299Z,157299809443604,157299809443604,157299809443604,-1,-1,ok,
exp_constrained_pub_sub_xcdr__py_to_cpp__1000000B__10Hz__shmem_ds__best_effort,publish,pub,py_to_cpp,constrained_pub_sub,exp,xcdr,shmem_ds,1000000,10,1,measured,24,2026-09-09T14:28:26.246389Z,157299908548828,157299908548828,157299908548828,-1,-1,ok,
exp_constrained_pub_sub_xcdr__py_to_cpp__1000000B__10Hz__shmem_ds__best_effort,publish,pub,py_to_cpp,constrained_pub_sub,exp,xcdr,shmem_ds,1000000,10,1,measured,25,2026-09-09T14:28:26.347421Z,157300009543736,157300009543736,157300009543736,-1,-1,ok,
exp_constrained_pub_sub_xcdr__py_to_cpp__1000000B__10Hz__shmem_ds__best_effort,publish,pub,py_to_cpp,constrained_pub_sub,exp,xcdr,shmem_ds,1000000,10,1,measured,26,2026-09-09T14:28:26.447095Z,157300109239450,157300109239450,157300109239450,-1,-1,ok,
exp_constrained_pub_sub_xcdr__py_to_cpp__1000000B__10Hz__shmem_ds__best_effort,publish,pub,py_to_cpp,constrained_pub_sub,exp,xcdr,shmem_ds,1000000,10,1,measured,27,2026-09-09T14:28:26.546294Z,157300208442228,157300208442228,157300208442228,-1,-1,ok,
exp_constrained_pub_sub_xcdr__py_to_cpp__1000000B__10Hz__shmem_ds__best_effort,publish,pub,py_to_cpp,constrained_pub_sub,exp,xcdr,shmem_ds,1000000,10,1,measured,28,2026-09-09T14:28:26.645319Z,157300307479113,157300307479113,157300307479113,-1,-1,ok,
exp_constrained_pub_sub_xcdr__py_to_cpp__1000000B__10Hz__shmem_ds__best_effort,publish,pub,py_to_cpp,constrained_pub_sub,exp,xcdr,shmem_ds,1000000,10,1,measured,29,2026-09-09T14:28:26.746092Z,157300408207059,157300408207059,157300408207059,-1,-1,ok,
exp_constrained_pub_sub_xcdr__py_to_cpp__1000000B__10Hz__shmem_ds__best_effort,publish,pub,py_to_cpp,constrained_pub_sub,exp,xcdr,shmem_ds,1000000,10,1,measured,30,2026-09-09T14:28:26.846241Z,157300508365985,157300508365985,157300508365985,-1,-1,ok,
exp_constrained_pub_sub_xcdr__py_to_cpp__1000000B__10Hz__shmem_ds__best_effort,publish,pub,py_to_cpp,constrained_pub_sub,exp,xcdr,shmem_ds,1000000,10,1,measured,31,2026-09-09T14:28:26.947660Z,157300609760654,157300609760654,157300609760654,-1,-1,ok,
exp_constrained_pub_sub_xcdr__py_to_cpp__1000000B__10Hz__shmem_ds__best_effort,publish,pub,py_to_cpp,constrained_pub_sub,exp,xcdr,shmem_ds,1000000,10,1,measured,32,2026-09-09T14:28:27.047229Z,157300709394383,157300709394383,157300709394383,-1,-1,ok,
exp_constrained_pub_sub_xcdr__py_to_cpp__1000000B__10Hz__shmem_ds__best_effort,publish,pub,py_to_cpp,constrained_pub_sub,exp,xcdr,shmem_ds,1000000,10,1,measured,33,2026-09-09T14:28:27.147305Z,157300809474193,157300809474193,157300809474193,-1,-1,ok,
exp_constrained_pub_sub_xcdr__py_to_cpp__1000000B__10Hz__shmem_ds__best_effort,publish,pub,py_to_cpp,constrained_pub_sub,exp,xcdr,shmem_ds,1000000,10,1,measured,34,2026-09-09T14:28:27.248289Z,157300910456782,157300910456782,157300910456782,-1,-1,ok,
exp_constrained_pub_sub_xcdr__py_to_cpp__1000000B__10Hz__shmem_ds__best_effort,publish,pub,py_to_cpp,constrained_pub_sub,exp,xcdr,shmem_ds,1000000,10,1,measured,35,2026-09-09T14:28:27.347900Z,157301010070344,157301010070344,157301010070344,-1,-1,ok,
exp_constrained_pub_sub_xcdr__py_to_cpp__1000000B__10Hz__shmem_ds__best_effort,publish,pub,py_to_cpp,constrained_pub_sub,exp,xcdr,shmem_ds,1000000,10,1,measured,36,2026-09-09T14:28:27.448256Z,157301110405754,157301110405754,157301110405754,-1,-1,ok,
exp_constrained_pub_sub_xcdr__py_to_cpp__1000000B__10Hz__shmem_ds__best_effort,publish,pub,py_to_cpp,constrained_pub_sub,exp,xcdr,shmem_ds,1000000,10,1,measured,37,2026-09-09T14:28:27.549014Z,157301211164191,157301211164191,157301211164191,-1,-1,ok,
exp_constrained_pub_sub_xcdr__py_to_cpp__1000000B__10Hz__shmem_ds__best_effort,publish,pub,py_to_cpp,constrained_pub_sub,exp,xcdr,shmem_ds,1000000,10,1,measured,38,2026-09-09T14:28:27.649169Z,157301311312960,157301311312960,157301311312960,-1,-1,ok,
exp_constrained_pub_sub_xcdr__py_to_cpp__1000000B__10Hz__shmem_ds__best_effort,publish,pub,py_to_cpp,constrained_pub_sub,exp,xcdr,shmem_ds,1000000,10,1,measured,39,2026-09-09T14:28:27.750080Z,157301412224946,157301412224946,157301412224946,-1,-1,ok,
exp_constrained_pub_sub_xcdr__py_to_cpp__1000000B__10Hz__shmem_ds__best_effort,publish,pub,py_to_cpp,constrained_pub_sub,exp,xcdr,shmem_ds,1000000,10,1,measured,40,2026-09-09T14:28:27.850001Z,157301512134425,157301512134425,157301512134425,-1,-1,ok,
exp_constrained_pub_sub_xcdr__py_to_cpp__1000000B__10Hz__shmem_ds__best_effort,publish,pub,py_to_cpp,constrained_pub_sub,exp,xcdr,shmem_ds,1000000,10,1,measured,41,2026-09-09T14:28:27.950354Z,157301612514400,157301612514400,157301612514400,-1,-1,ok,
exp_constrained_pub_sub_xcdr__py_to_cpp__1000000B__10Hz__shmem_ds__best_effort,publish,pub,py_to_cpp,constrained_pub_sub,exp,xcdr,shmem_ds,1000000,10,1,measured,42,2026-09-09T14:28:28.049326Z,157301711473244,157301711473244,157301711473244,-1,-1,ok,
exp_constrained_pub_sub_xcdr__py_to_cpp__1000000B__10Hz__shmem_ds__best_effort,publish,pub,py_to_cpp,constrained_pub_sub,exp,xcdr,shmem_ds,1000000,10,1,measured,43,2026-09-09T14:28:28.148989Z,157301811150659,157301811150659,157301811150659,-1,-1,ok,
exp_constrained_pub_sub_xcdr__py_to_cpp__1000000B__10Hz__shmem_ds__best_effort,publish,pub,py_to_cpp,constrained_pub_sub,exp,xcdr,shmem_ds,1000000,10,1,measured,44,2026-09-09T14:28:28.248422Z,157301910586881,157301910586881,157301910586881,-1,-1,ok,
exp_constrained_pub_sub_xcdr__py_to_cpp__1000000B__10Hz__shmem_ds__best_effort,publish,pub,py_to_cpp,constrained_pub_sub,exp,xcdr,shmem_ds,1000000,10,1,measured,45,2026-09-09T14:28:28.347556Z,157302009725534,157302009725534,157302009725534,-1,-1,ok,
exp_constrained_pub_sub_xcdr__py_to_cpp__1000000B__10Hz__shmem_ds__best_effort,publish,pub,py_to_cpp,constrained_pub_sub,exp,xcdr,shmem_ds,1000000,10,1,measured,46,2026-09-09T14:28:28.446962Z,157302109132792,157302109132792,157302109132792,-1,-1,ok,
exp_constrained_pub_sub_xcdr__py_to_cpp__1000000B__10Hz__shmem_ds__best_effort,publish,pub,py_to_cpp,constrained_pub_sub,exp,xcdr,shmem_ds,1000000,10,1,measured,47,2026-09-09T14:28:28.546772Z,157302208907140,157302208907140,157302208907140,-1,-1,ok,
exp_constrained_pub_sub_xcdr__py_to_cpp__1000000B__10Hz__shmem_ds__best_effort,publish,pub,py_to_cpp,constrained_pub_sub,exp,xcdr,shmem_ds,1000000,10,1,measured,48,2026-09-09T14:28:28.646829Z,157302308905199,157302308905199,157302308905199,-1,-1,ok,
exp_constrained_pub_sub_xcdr__py_to_cpp__1000000B__10Hz__shmem_ds__best_effort,publish,pub,py_to_cpp,constrained_pub_sub,exp,xcdr,shmem_ds,1000000,10,1,measured,49,2026-09-09T14:28:28.746502Z,157302408527011,157302408527011,157302408527011,-1,-1,ok,
exp_constrained_pub_sub_xcdr__py_to_cpp__1000000B__10Hz__shmem_ds__best_effort,publish,pub,py_to_cpp,constrained_pub_sub,exp,xcdr,shmem_ds,1000000,10,1,measured,50,2026-09-09T14:28:28.845976Z,157302508068962,157302508068962,157302508068962,-1,-1,ok,
exp_constrained_pub_sub_xcdr__py_to_cpp__1000000B__10Hz__shmem_ds__best_effort,publish,pub,py_to_cpp,constrained_pub_sub,exp,xcdr,shmem_ds,1000000,10,1,measured,51,2026-09-09T14:28:28.945733Z,157302607852167,157302607852167,157302607852167,-1,-1,ok,
exp_constrained_pub_sub_xcdr__py_to_cpp__1000000B__10Hz__shmem_ds__best_effort,publish,pub,py_to_cpp,constrained_pub_sub,exp,xcdr,shmem_ds,1000000,10,1,measured,52,2026-09-09T14:28:29.045169Z,157302707294752,157302707294752,157302707294752,-1,-1,ok,
exp_constrained_pub_sub_xcdr__py_to_cpp__1000000B__10Hz__shmem_ds__best_effort,publish,pub,py_to_cpp,constrained_pub_sub,exp,xcdr,shmem_ds,1000000,10,1,measured,53,2026-09-09T14:28:29.144758Z,157302806880920,157302806880920,157302806880920,-1,-1,ok,
exp_constrained_pub_sub_xcdr__py_to_cpp__1000000B__10Hz__shmem_ds__best_effort,publish,pub,py_to_cpp,constrained_pub_sub,exp,xcdr,shmem_ds,1000000,10,1,measured,54,2026-09-09T14:28:29.245809Z,157302907915341,157302907915341,157302907915341,-1,-1,ok,
exp_constrained_pub_sub_xcdr__py_to_cpp__1000000B__10Hz__shmem_ds__best_effort,publish,pub,py_to_cpp,constrained_pub_sub,exp,xcdr,shmem_ds,1000000,10,1,measured,55,2026-09-09T14:28:29.345830Z,157303007959370,157303007959370,157303007959370,-1,-1,ok,
exp_constrained_pub_sub_xcdr__py_to_cpp__1000000B__10Hz__shmem_ds__best_effort,publish,pub,py_to_cpp,constrained_pub_sub,exp,xcdr,shmem_ds,1000000,10,1,measured,56,2026-09-09T14:28:29.446041Z,157303108175823,157303108175823,157303108175823,-1,-1,ok,
exp_constrained_pub_sub_xcdr__py_to_cpp__1000000B__10Hz__shmem_ds__best_effort,publish,pub,py_to_cpp,constrained_pub_sub,exp,xcdr,shmem_ds,1000000,10,1,measured,57,2026-09-09T14:28:29.545455Z,157303207592041,157303207592041,157303207592041,-1,-1,ok,
exp_constrained_pub_sub_xcdr__py_to_cpp__1000000B__10Hz__shmem_ds__best_effort,publish,pub,py_to_cpp,constrained_pub_sub,exp,xcdr,shmem_ds,1000000,10,1,measured,58,2026-09-09T14:28:29.645994Z,157303308123957,157303308123957,157303308123957,-1,-1,ok,
exp_constrained_pub_sub_xcdr__py_to_cpp__1000000B__10Hz__shmem_ds__best_effort,publish,pub,py_to_cpp,constrained_pub_sub,exp,xcdr,shmem_ds,1000000,10,1,measured,59,2026-09-09T14:28:29.745237Z,157303407371207,157303407371207,157303407371207,-1,-1,ok,
exp_constrained_pub_sub_xcdr__py_to_cpp__1000000B__10Hz__shmem_ds__best_effort,publish,pub,py_to_cpp,constrained_pub_sub,exp,xcdr,shmem_ds,1000000,10,1,measured,60,2026-09-09T14:28:29.845026Z,157303507157771,157303507157771,157303507157771,-1,-1,ok,
exp_constrained_pub_sub_xcdr__py_to_cpp__1000000B__10Hz__shmem_ds__best_effort,publish,pub,py_to_cpp,constrained_pub_sub,exp,xcdr,shmem_ds,1000000,10,1,measured,61,2026-09-09T14:28:29.945871Z,157303607995533,157303607995533,157303607995533,-1,-1,ok,
exp_constrained_pub_sub_xcdr__py_to_cpp__1000000B__10Hz__shmem_ds__best_effort,publish,pub,py_to_cpp,constrained_pub_sub,exp,xcdr,shmem_ds,1000000,10,1,measured,62,2026-09-09T14:28:30.046073Z,157303708232075,157303708232075,157303708232075,-1,-1,ok,
exp_constrained_pub_sub_xcdr__py_to_cpp__1000000B__10Hz__shmem_ds__best_effort,publish,pub,py_to_cpp,constrained_pub_sub,exp,xcdr,shmem_ds,1000000,10,1,measured,63,2026-09-09T14:28:30.146132Z,157303808299301,157303808299301,157303808299301,-1,-1,ok,
exp_constrained_pub_sub_xcdr__py_to_cpp__1000000B__10Hz__shmem_ds__best_effort,publish,pub,py_to_cpp,constrained_pub_sub,exp,xcdr,shmem_ds,1000000,10,1,measured,64,2026-09-09T14:28:30.246613Z,157303908746500,157303908746500,157303908746500,-1,-1,ok,
exp_constrained_pub_sub_xcdr__py_to_cpp__1000000B__10Hz__shmem_ds__best_effort,publish,pub,py_to_cpp,constrained_pub_sub,exp,xcdr,shmem_ds,1000000,10,1,measured,65,2026-09-09T14:28:30.347228Z,157304009348902,157304009348902,157304009348902,-1,-1,ok,
exp_constrained_pub_sub_xcdr__py_to_cpp__1000000B__10Hz__shmem_ds__best_effort,publish,pub,py_to_cpp,constrained_pub_sub,exp,xcdr,shmem_ds,1000000,10,1,measured,66,2026-09-09T14:28:30.448578Z,157304110663133,157304110663133,157304110663133,-1,-1,ok,
exp_constrained_pub_sub_xcdr__py_to_cpp__1000000B__10Hz__shmem_ds__best_effort,publish,pub,py_to_cpp,constrained_pub_sub,exp,xcdr,shmem_ds,1000000,10,1,measured,67,2026-09-09T14:28:30.547716Z,157304209808554,157304209808554,157304209808554,-1,-1,ok,
exp_constrained_pub_sub_xcdr__py_to_cpp__1000000B__10Hz__shmem_ds__best_effort,publish,pub,py_to_cpp,constrained_pub_sub,exp,xcdr,shmem_ds,1000000,10,1,measured,68,2026-09-09T14:28:30.647108Z,157304309213644,157304309213644,157304309213644,-1,-1,ok,
exp_constrained_pub_sub_xcdr__py_to_cpp__1000000B__10Hz__shmem_ds__best_effort,publish,pub,py_to_cpp,constrained_pub_sub,exp,xcdr,shmem_ds,1000000,10,1,measured,69,2026-09-09T14:28:30.747255Z,157304409354468,157304409354468,157304409354468,-1,-1,ok,
exp_constrained_pub_sub_xcdr__py_to_cpp__1000000B__10Hz__shmem_ds__best_effort,publish,pub,py_to_cpp,constrained_pub_sub,exp,xcdr,shmem_ds,1000000,10,1,measured,70,2026-09-09T14:28:30.846189Z,157304508322685,157304508322685,157304508322685,-1,-1,ok,
exp_constrained_pub_sub_xcdr__py_to_cpp__1000000B__10Hz__shmem_ds__best_effort,publish,pub,py_to_cpp,constrained_pub_sub,exp,xcdr,shmem_ds,1000000,10,1,measured,71,2026-09-09T14:28:30.945132Z,157304607257370,157304607257370,157304607257370,-1,-1,ok,
exp_constrained_pub_sub_xcdr__py_to_cpp__1000000B__10Hz__shmem_ds__best_effort,publish,pub,py_to_cpp,constrained_pub_sub,exp,xcdr,shmem_ds,1000000,10,1,measured,72,2026-09-09T14:28:31.046119Z,157304708252823,157304708252823,157304708252823,-1,-1,ok,
exp_constrained_pub_sub_xcdr__py_to_cpp__1000000B__10Hz__shmem_ds__best_effort,publish,pub,py_to_cpp,constrained_pub_sub,exp,xcdr,shmem_ds,1000000,10,1,measured,73,2026-09-09T14:28:31.146841Z,157304808965616,157304808965616,157304808965616,-1,-1,ok,
exp_constrained_pub_sub_xcdr__py_to_cpp__1000000B__10Hz__shmem_ds__best_effort,publish,pub,py_to_cpp,constrained_pub_sub,exp,xcdr,shmem_ds,1000000,10,1,measured,74,2026-09-09T14:28:31.246229Z,157304908383512,157304908383512,157304908383512,-1,-1,ok,
exp_constrained_pub_sub_xcdr__py_to_cpp__1000000B__10Hz__shmem_ds__best_effort,publish,pub,py_to_cpp,constrained_pub_sub,exp,xcdr,shmem_ds,1000000,10,1,measured,75,2026-09-09T14:28:31.346473Z,157305008635558,157305008635558,157305008635558,-1,-1,ok,
exp_constrained_pub_sub_xcdr__py_to_cpp__1000000B__10Hz__shmem_ds__best_effort,publish,pub,py_to_cpp,constrained_pub_sub,exp,xcdr,shmem_ds,1000000,10,1,measured,76,2026-09-09T14:28:31.446371Z,157305108531143,157305108531143,157305108531143,-1,-1,ok,
exp_constrained_pub_sub_xcdr__py_to_cpp__1000000B__10Hz__shmem_ds__best_effort,publish,pub,py_to_cpp,constrained_pub_sub,exp,xcdr,shmem_ds,1000000,10,1,measured,77,2026-09-09T14:28:31.547241Z,157305209391603,157305209391603,157305209391603,-1,-1,ok,
exp_constrained_pub_sub_xcdr__py_to_cpp__1000000B__10Hz__shmem_ds__best_effort,publish,pub,py_to_cpp,constrained_pub_sub,exp,xcdr,shmem_ds,1000000,10,1,measured,78,2026-09-09T14:28:31.647004Z,157305309166561,157305309166561,157305309166561,-1,-1,ok,
exp_constrained_pub_sub_xcdr__py_to_cpp__1000000B__10Hz__shmem_ds__best_effort,publish,pub,py_to_cpp,constrained_pub_sub,exp,xcdr,shmem_ds,1000000,10,1,measured,79,2026-09-09T14:28:31.746680Z,157305408802488,157305408802488,157305408802488,-1,-1,ok,
exp_constrained_pub_sub_xcdr__py_to_cpp__1000000B__10Hz__shmem_ds__best_effort,publish,pub,py_to_cpp,constrained_pub_sub,exp,xcdr,shmem_ds,1000000,10,1,measured,80,2026-09-09T14:28:31.846303Z,157305508452722,157305508452722,157305508452722,-1,-1,ok,
exp_constrained_pub_sub_xcdr__py_to_cpp__1000000B__10Hz__shmem_ds__best_effort,publish,pub,py_to_cpp,constrained_pub_sub,exp,xcdr,shmem_ds,1000000,10,1,measured,81,2026-09-09T14:28:31.946438Z,157305608567199,157305608567199,157305608567199,-1,-1,ok,
exp_constrained_pub_sub_xcdr__py_to_cpp__1000000B__10Hz__shmem_ds__best_effort,publish,pub,py_to_cpp,constrained_pub_sub,exp,xcdr,shmem_ds,1000000,10,1,measured,82,2026-09-09T14:28:32.046322Z,157305708438060,157305708438060,157305708438060,-1,-1,ok,
exp_constrained_pub_sub_xcdr__py_to_cpp__1000000B__10Hz__shmem_ds__best_effort,publish,pub,py_to_cpp,constrained_pub_sub,exp,xcdr,shmem_ds,1000000,10,1,measured,83,2026-09-09T14:28:32.146012Z,157305808136888,157305808136888,157305808136888,-1,-1,ok,
exp_constrained_pub_sub_xcdr__py_to_cpp__1000000B__10Hz__shmem_ds__best_effort,publish,pub,py_to_cpp,constrained_pub_sub,exp,xcdr,shmem_ds,1000000,10,1,measured,84,2026-09-09T14:28:32.246593Z,157305908742422,157305908742422,157305908742422,-1,-1,ok,
exp_constrained_pub_sub_xcdr__py_to_cpp__1000000B__10Hz__shmem_ds__best_effort,publish,pub,py_to_cpp,constrained_pub_sub,exp,xcdr,shmem_ds,1000000,10,1,measured,85,2026-09-09T14:28:32.346706Z,157306008845360,157306008845360,157306008845360,-1,-1,ok,
exp_constrained_pub_sub_xcdr__py_to_cpp__1000000B__10Hz__shmem_ds__best_effort,publish,pub,py_to_cpp,constrained_pub_sub,exp,xcdr,shmem_ds,1000000,10,1,measured,86,2026-09-09T14:28:32.445974Z,157306108124569,157306108124569,157306108124569,-1,-1,ok,
exp_constrained_pub_sub_xcdr__py_to_cpp__1000000B__10Hz__shmem_ds__best_effort,publish,pub,py_to_cpp,constrained_pub_sub,exp,xcdr,shmem_ds,1000000,10,1,measured,87,2026-09-09T14:28:32.546952Z,157306209105289,157306209105289,157306209105289,-1,-1,ok,
exp_constrained_pub_sub_xcdr__py_to_cpp__1000000B__10Hz__shmem_ds__best_effort,publish,pub,py_to_cpp,constrained_pub_sub,exp,xcdr,shmem_ds,1000000,10,1,measured,88,2026-09-09T14:28:32.647062Z,157306309206223,157306309206223,157306309206223,-1,-1,ok,
exp_constrained_pub_sub_xcdr__py_to_cpp__1000000B__10Hz__shmem_ds__best_effort,publish,pub,py_to_cpp,constrained_pub_sub,exp,xcdr,shmem_ds,1000000,10,1,measured,89,2026-09-09T14:28:32.746394Z,157306408500591,157306408500591,157306408500591,-1,-1,ok,
exp_constrained_pub_sub_xcdr__py_to_cpp__1000000B__10Hz__shmem_ds__best_effort,publish,pub,py_to_cpp,constrained_pub_sub,exp,xcdr,shmem_ds,1000000,10,1,measured,90,2026-09-09T14:28:32.845258Z,157306507415955,157306507415955,157306507415955,-1,-1,ok,
exp_constrained_pub_sub_xcdr__py_to_cpp__1000000B__10Hz__shmem_ds__best_effort,publish,pub,py_to_cpp,constrained_pub_sub,exp,xcdr,shmem_ds,1000000,10,1,measured,91,2026-09-09T14:28:32.944652Z,157306606751621,157306606751621,157306606751621,-1,-1,ok,
exp_constrained_pub_sub_xcdr__py_to_cpp__1000000B__10Hz__shmem_ds__best_effort,publish,pub,py_to_cpp,constrained_pub_sub,exp,xcdr,shmem_ds,1000000,10,1,measured,92,2026-09-09T14:28:33.044708Z,157306706863427,157306706863427,157306706863427,-1,-1,ok,
exp_constrained_pub_sub_xcdr__py_to_cpp__1000000B__10Hz__shmem_ds__best_effort,publish,pub,py_to_cpp,constrained_pub_sub,exp,xcdr,shmem_ds,1000000,10,1,measured,93,2026-09-09T14:28:33.145082Z,157306807249230,157306807249230,157306807249230,-1,-1,ok,
exp_constrained_pub_sub_xcdr__py_to_cpp__1000000B__10Hz__shmem_ds__best_effort,publish,pub,py_to_cpp,constrained_pub_sub,exp,xcdr,shmem_ds,1000000,10,1,measured,94,2026-09-09T14:28:33.245061Z,157306907223350,157306907223350,157306907223350,-1,-1,ok,
exp_constrained_pub_sub_xcdr__py_to_cpp__1000000B__10Hz__shmem_ds__best_effort,publish,pub,py_to_cpp,constrained_pub_sub,exp,xcdr,shmem_ds,1000000,10,1,measured,95,2026-09-09T14:28:33.344286Z,157307006422371,157307006422371,157307006422371,-1,-1,ok,
exp_constrained_pub_sub_xcdr__py_to_cpp__1000000B__10Hz__shmem_ds__best_effort,publish,pub,py_to_cpp,constrained_pub_sub,exp,xcdr,shmem_ds,1000000,10,1,measured,96,2026-09-09T14:28:33.444230Z,157307106366504,157307106366504,157307106366504,-1,-1,ok,
exp_constrained_pub_sub_xcdr__py_to_cpp__1000000B__10Hz__shmem_ds__best_effort,publish,pub,py_to_cpp,constrained_pub_sub,exp,xcdr,shmem_ds,1000000,10,1,measured,97,2026-09-09T14:28:33.544990Z,157307207127082,157307207127082,157307207127082,-1,-1,ok,
exp_constrained_pub_sub_xcdr__py_to_cpp__1000000B__10Hz__shmem_ds__best_effort,publish,pub,py_to_cpp,constrained_pub_sub,exp,xcdr,shmem_ds,1000000,10,1,measured,98,2026-09-09T14:28:33.645007Z,157307307164400,157307307164400,157307307164400,-1,-1,ok,
exp_constrained_pub_sub_xcdr__py_to_cpp__1000000B__10Hz__shmem_ds__best_effort,publish,pub,py_to_cpp,constrained_pub_sub,exp,xcdr,shmem_ds,1000000,10,1,measured,99,2026-09-09T14:28:33.746001Z,157307408161614,157307408161614,157307408161614,-1,-1,ok,
exp_constrained_pub_sub_xcdr__py_to_cpp__1000000B__10Hz__shmem_ds__best_effort,publish,pub,py_to_cpp,constrained_pub_sub,exp,xcdr,shmem_ds,1000000,10,1,measured,100,2026-09-09T14:28:33.846667Z,157307508786347,157307508786347,157307508786347,-1,-1,ok,
exp_constrained_pub_sub_xcdr__py_to_cpp__1000000B__10Hz__shmem_ds__best_effort,publish,pub,py_to_cpp,constrained_pub_sub,exp,xcdr,shmem_ds,1000000,10,1,measured,101,2026-09-09T14:28:33.945738Z,157307607867717,157307607867717,157307607867717,-1,-1,ok,
exp_constrained_pub_sub_xcdr__py_to_cpp__1000000B__10Hz__shmem_ds__best_effort,publish,pub,py_to_cpp,constrained_pub_sub,exp,xcdr,shmem_ds,1000000,10,1,measured,102,2026-09-09T14:28:34.046423Z,157307708540923,157307708540923,157307708540923,-1,-1,ok,
exp_constrained_pub_sub_xcdr__py_to_cpp__1000000B__10Hz__shmem_ds__best_effort,publish,pub,py_to_cpp,constrained_pub_sub,exp,xcdr,shmem_ds,1000000,10,1,measured,103,2026-09-09T14:28:34.147771Z,157307809759836,157307809759836,157307809759836,-1,-1,ok,
exp_constrained_pub_sub_xcdr__py_to_cpp__1000000B__10Hz__shmem_ds__best_effort,publish,pub,py_to_cpp,constrained_pub_sub,exp,xcdr,shmem_ds,1000000,10,1,measured,104,2026-09-09T14:28:34.247078Z,157307909189855,157307909189855,157307909189855,-1,-1,ok,
exp_constrained_pub_sub_xcdr__py_to_cpp__1000000B__10Hz__shmem_ds__best_effort,publish,pub,py_to_cpp,constrained_pub_sub,exp,xcdr,shmem_ds,1000000,10,1,measured,105,2026-09-09T14:28:34.346286Z,157308008418816,157308008418816,157308008418816,-1,-1,ok,
exp_constrained_pub_sub_xcdr__py_to_cpp__1000000B__10Hz__shmem_ds__best_effort,publish,pub,py_to_cpp,constrained_pub_sub,exp,xcdr,shmem_ds,1000000,10,1,measured,106,2026-09-09T14:28:34.446794Z,157308108926782,157308108926782,157308108926782,-1,-1,ok,
exp_constrained_pub_sub_xcdr__py_to_cpp__1000000B__10Hz__shmem_ds__best_effort,publish,pub,py_to_cpp,constrained_pub_sub,exp,xcdr,shmem_ds,1000000,10,1,measured,107,2026-09-09T14:28:34.545856Z,157308207913697,157308207913697,157308207913697,-1,-1,ok,
exp_constrained_pub_sub_xcdr__py_to_cpp__1000000B__10Hz__shmem_ds__best_effort,publish,pub,py_to_cpp,constrained_pub_sub,exp,xcdr,shmem_ds,1000000,10,1,measured,108,2026-09-09T14:28:34.645713Z,157308307846050,157308307846050,157308307846050,-1,-1,ok,
exp_constrained_pub_sub_xcdr__py_to_cpp__1000000B__10Hz__shmem_ds__best_effort,publish,pub,py_to_cpp,constrained_pub_sub,exp,xcdr,shmem_ds,1000000,10,1,measured,109,2026-09-09T14:28:34.746254Z,157308408333579,157308408333579,157308408333579,-1,-1,ok,
exp_constrained_pub_sub_xcdr__py_to_cpp__1000000B__10Hz__shmem_ds__best_effort,publish,pub,py_to_cpp,constrained_pub_sub,exp,xcdr,shmem_ds,1000000,10,1,measured,110,2026-09-09T14:28:34.846446Z,157308508592997,157308508592997,157308508592997,-1,-1,ok,
exp_constrained_pub_sub_xcdr__py_to_cpp__1000000B__10Hz__shmem_ds__best_effort,publish,pub,py_to_cpp,constrained_pub_sub,exp,xcdr,shmem_ds,1000000,10,1,measured,111,2026-09-09T14:28:34.946931Z,157308609068953,157308609068953,157308609068953,-1,-1,ok,
exp_constrained_pub_sub_xcdr__py_to_cpp__1000000B__10Hz__shmem_ds__best_effort,publish,pub,py_to_cpp,constrained_pub_sub,exp,xcdr,shmem_ds,1000000,10,1,measured,112,2026-09-09T14:28:35.046631Z,157308708788668,157308708788668,157308708788668,-1,-1,ok,
exp_constrained_pub_sub_xcdr__py_to_cpp__1000000B__10Hz__shmem_ds__best_effort,publish,pub,py_to_cpp,constrained_pub_sub,exp,xcdr,shmem_ds,1000000,10,1,measured,113,2026-09-09T14:28:35.146627Z,157308808787199,157308808787199,157308808787199,-1,-1,ok,
exp_constrained_pub_sub_xcdr__py_to_cpp__1000000B__10Hz__shmem_ds__best_effort,publish,pub,py_to_cpp,constrained_pub_sub,exp,xcdr,shmem_ds,1000000,10,1,measured,114,2026-09-09T14:28:35.246202Z,157308908315295,157308908315295,157308908315295,-1,-1,ok,
exp_constrained_pub_sub_xcdr__py_to_cpp__1000000B__10Hz__shmem_ds__best_effort,publish,pub,py_to_cpp,constrained_pub_sub,exp,xcdr,shmem_ds,1000000,10,1,measured,115,2026-09-09T14:28:35.347085Z,157309009222165,157309009222165,157309009222165,-1,-1,ok,
exp_constrained_pub_sub_xcdr__py_to_cpp__1000000B__10Hz__shmem_ds__best_effort,publish,pub,py_to_cpp,constrained_pub_sub,exp,xcdr,shmem_ds,1000000,10,1,measured,116,2026-09-09T14:28:35.447545Z,157309109689459,157309109689459,157309109689459,-1,-1,ok,
exp_constrained_pub_sub_xcdr__py_to_cpp__1000000B__10Hz__shmem_ds__best_effort,publish,pub,py_to_cpp,constrained_pub_sub,exp,xcdr,shmem_ds,1000000,10,1,measured,117,2026-09-09T14:28:35.547445Z,157309209589103,157309209589103,157309209589103,-1,-1,ok,
exp_constrained_pub_sub_xcdr__py_to_cpp__1000000B__10Hz__shmem_ds__best_effort,publish,pub,py_to_cpp,constrained_pub_sub,exp,xcdr,shmem_ds,1000000,10,1,measured,118,2026-09-09T14:28:35.647577Z,157309309714794,157309309714794,157309309714794,-1,-1,ok,
exp_constrained_pub_sub_xcdr__py_to_cpp__1000000B__10Hz__shmem_ds__best_effort,publish,pub,py_to_cpp,constrained_pub_sub,exp,xcdr,shmem_ds,1000000,10,1,measured,119,2026-09-09T14:28:35.747728Z,157309409878254,157309409878254,157309409878254,-1,-1,ok,
exp_constrained_pub_sub_xcdr__py_to_cpp__1000000B__10Hz__shmem_ds__best_effort,publish,pub,py_to_cpp,constrained_pub_sub,exp,xcdr,shmem_ds,1000000,10,1,measured,120,2026-09-09T14:28:35.847161Z,157309509285503,157309509285503,157309509285503,-1,-1,ok,
exp_constrained_pub_sub_xcdr__py_to_cpp__1000000B__10Hz__shmem_ds__best_effort,publish,pub,py_to_cpp,constrained_pub_sub,exp,xcdr,shmem_ds,1000000,10,1,measured,121,2026-09-09T14:28:35.947682Z,157309609808681,157309609808681,157309609808681,-1,-1,ok,
exp_constrained_pub_sub_xcdr__py_to_cpp__1000000B__10Hz__shmem_ds__best_effort,publish,pub,py_to_cpp,constrained_pub_sub,exp,xcdr,shmem_ds,1000000,10,1,measured,122,2026-09-09T14:28:36.047762Z,157309709892254,157309709892254,157309709892254,-1,-1,ok,
exp_constrained_pub_sub_xcdr__py_to_cpp__1000000B__10Hz__shmem_ds__best_effort,publish,pub,py_to_cpp,constrained_pub_sub,exp,xcdr,shmem_ds,1000000,10,1,measured,123,2026-09-09T14:28:36.148016Z,157309810140538,157309810140538,157309810140538,-1,-1,ok,
exp_constrained_pub_sub_xcdr__py_to_cpp__1000000B__10Hz__shmem_ds__best_effort,publish,pub,py_to_cpp,constrained_pub_sub,exp,xcdr,shmem_ds,1000000,10,1,measured,124,2026-09-09T14:28:36.247794Z,157309909952851,157309909952851,157309909952851,-1,-1,ok,
exp_constrained_pub_sub_xcdr__py_to_cpp__1000000B__10Hz__shmem_ds__best_effort,publish,pub,py_to_cpp,constrained_pub_sub,exp,xcdr,shmem_ds,1000000,10,1,measured,125,2026-09-09T14:28:36.347121Z,157310009279281,157310009279281,157310009279281,-1,-1,ok,
exp_constrained_pub_sub_xcdr__py_to_cpp__1000000B__10Hz__shmem_ds__best_effort,publish,pub,py_to_cpp,constrained_pub_sub,exp,xcdr,shmem_ds,1000000,10,1,measured,126,2026-09-09T14:28:36.446987Z,157310109136409,157310109136409,157310109136409,-1,-1,ok,
exp_constrained_pub_sub_xcdr__py_to_cpp__1000000B__10Hz__shmem_ds__best_effort,publish,pub,py_to_cpp,constrained_pub_sub,exp,xcdr,shmem_ds,1000000,10,1,measured,127,2026-09-09T14:28:36.546161Z,157310208297888,157310208297888,157310208297888,-1,-1,ok,
exp_constrained_pub_sub_xcdr__py_to_cpp__1000000B__10Hz__shmem_ds__best_effort,publish,pub,py_to_cpp,constrained_pub_sub,exp,xcdr,shmem_ds,1000000,10,1,measured,128,2026-09-09T14:28:36.646695Z,157310308834244,157310308834244,157310308834244,-1,-1,ok,
exp_constrained_pub_sub_xcdr__py_to_cpp__1000000B__10Hz__shmem_ds__best_effort,publish,pub,py_to_cpp,constrained_pub_sub,exp,xcdr,shmem_ds,1000000,10,1,measured,129,2026-09-09T14:28:36.747897Z,157310409972932,157310409972932,157310409972932,-1,-1,ok,
exp_constrained_pub_sub_xcdr__py_to_cpp__1000000B__10Hz__shmem_ds__best_effort,publish,pub,py_to_cpp,constrained_pub_sub,exp,xcdr,shmem_ds,1000000,10,1,measured,130,2026-09-09T14:28:36.848229Z,157310510350029,157310510350029,157310510350029,-1,-1,ok,
exp_constrained_pub_sub_xcdr__py_to_cpp__1000000B__10Hz__shmem_ds__best_effort,publish,pub,py_to_cpp,constrained_pub_sub,exp,xcdr,shmem_ds,1000000,10,1,measured,131,2026-09-09T14:28:36.947830Z,157310609955854,157310609955854,157310609955854,-1,-1,ok,
exp_constrained_pub_sub_xcdr__py_to_cpp__1000000B__10Hz__shmem_ds__best_effort,publish,pub,py_to_cpp,constrained_pub_sub,exp,xcdr,shmem_ds,1000000,10,1,measured,132,2026-09-09T14:28:37.047085Z,157310709215529,157310709215529,157310709215529,-1,-1,ok,
exp_constrained_pub_sub_xcdr__py_to_cpp__1000000B__10Hz__shmem_ds__best_effort,publish,pub,py_to_cpp,constrained_pub_sub,exp,xcdr,shmem_ds,1000000,10,1,measured,133,2026-09-09T14:28:37.147921Z,157310810010124,157310810010124,157310810010124,-1,-1,ok,
exp_constrained_pub_sub_xcdr__py_to_cpp__1000000B__10Hz__shmem_ds__best_effort,publish,pub,py_to_cpp,constrained_pub_sub,exp,xcdr,shmem_ds,1000000,10,1,measured,134,2026-09-09T14:28:37.248645Z,157310910782727,157310910782727,157310910782727,-1,-1,ok,
exp_constrained_pub_sub_xcdr__py_to_cpp__1000000B__10Hz__shmem_ds__best_effort,publish,pub,py_to_cpp,constrained_pub_sub,exp,xcdr,shmem_ds,1000000,10,1,measured,135,2026-09-09T14:28:37.347706Z,157311009862896,157311009862896,157311009862896,-1,-1,ok,
exp_constrained_pub_sub_xcdr__py_to_cpp__1000000B__10Hz__shmem_ds__best_effort,publish,pub,py_to_cpp,constrained_pub_sub,exp,xcdr,shmem_ds,1000000,10,1,measured,136,2026-09-09T14:28:37.447775Z,157311109925554,157311109925554,157311109925554,-1,-1,ok,
exp_constrained_pub_sub_xcdr__py_to_cpp__1000000B__10Hz__shmem_ds__best_effort,publish,pub,py_to_cpp,constrained_pub_sub,exp,xcdr,shmem_ds,1000000,10,1,measured,137,2026-09-09T14:28:37.546764Z,157311208914642,157311208914642,157311208914642,-1,-1,ok,
exp_constrained_pub_sub_xcdr__py_to_cpp__1000000B__10Hz__shmem_ds__best_effort,publish,pub,py_to_cpp,constrained_pub_sub,exp,xcdr,shmem_ds,1000000,10,1,measured,138,2026-09-09T14:28:37.647350Z,157311309503228,157311309503228,157311309503228,-1,-1,ok,
exp_constrained_pub_sub_xcdr__py_to_cpp__1000000B__10Hz__shmem_ds__best_effort,publish,pub,py_to_cpp,constrained_pub_sub,exp,xcdr,shmem_ds,1000000,10,1,measured,139,2026-09-09T14:28:37.747980Z,157311410099329,157311410099329,157311410099329,-1,-1,ok,
exp_constrained_pub_sub_xcdr__py_to_cpp__1000000B__10Hz__shmem_ds__best_effort,publish,pub,py_to_cpp,constrained_pub_sub,exp,xcdr,shmem_ds,1000000,10,1,measured,140,2026-09-09T14:28:37.847090Z,157311509224163,157311509224163,157311509224163,-1,-1,ok,
exp_constrained_pub_sub_xcdr__py_to_cpp__1000000B__10Hz__shmem_ds__best_effort,publish,pub,py_to_cpp,constrained_pub_sub,exp,xcdr,shmem_ds,1000000,10,1,measured,141,2026-09-09T14:28:37.947054Z,157311609184868,157311609184868,157311609184868,-1,-1,ok,
exp_constrained_pub_sub_xcdr__py_to_cpp__1000000B__10Hz__shmem_ds__best_effort,publish,pub,py_to_cpp,constrained_pub_sub,exp,xcdr,shmem_ds,1000000,10,1,measured,142,2026-09-09T14:28:38.047252Z,157311709385837,157311709385837,157311709385837,-1,-1,ok,
exp_constrained_pub_sub_xcdr__py_to_cpp__1000000B__10Hz__shmem_ds__best_effort,publish,pub,py_to_cpp,constrained_pub_sub,exp,xcdr,shmem_ds,1000000,10,1,measured,143,2026-09-09T14:28:38.146636Z,157311808780692,157311808780692,157311808780692,-1,-1,ok,
exp_constrained_pub_sub_xcdr__py_to_cpp__1000000B__10Hz__shmem_ds__best_effort,publish,pub,py_to_cpp,constrained_pub_sub,exp,xcdr,shmem_ds,1000000,10,1,measured,144,2026-09-09T14:28:38.247479Z,157311909639600,157311909639600,157311909639600,-1,-1,ok,
exp_constrained_pub_sub_xcdr__py_to_cpp__1000000B__10Hz__shmem_ds__best_effort,publish,pub,py_to_cpp,constrained_pub_sub,exp,xcdr,shmem_ds,1000000,10,1,measured,145,2026-09-09T14:28:38.347268Z,157312009402828,157312009402828,157312009402828,-1,-1,ok,
exp_constrained_pub_sub_xcdr__py_to_cpp__1000000B__10Hz__shmem_ds__best_effort,publish,pub,py_to_cpp,constrained_pub_sub,exp,xcdr,shmem_ds,1000000,10,1,measured,146,2026-09-09T14:28:38.446864Z,157312108997077,157312108997077,157312108997077,-1,-1,ok,
exp_constrained_pub_sub_xcdr__py_to_cpp__1000000B__10Hz__shmem_ds__best_effort,publish,pub,py_to_cpp,constrained_pub_sub,exp,xcdr,shmem_ds,1000000,10,1,measured,147,2026-09-09T14:28:38.546670Z,157312208804106,157312208804106,157312208804106,-1,-1,ok,
exp_constrained_pub_sub_xcdr__py_to_cpp__1000000B__10Hz__shmem_ds__best_effort,publish,pub,py_to_cpp,constrained_pub_sub,exp,xcdr,shmem_ds,1000000,10,1,measured,148,2026-09-09T14:28:38.647320Z,157312309463690,157312309463690,157312309463690,-1,-1,ok,
exp_constrained_pub_sub_xcdr__py_to_cpp__1000000B__10Hz__shmem_ds__best_effort,publish,pub,py_to_cpp,constrained_pub_sub,exp,xcdr,shmem_ds,1000000,10,1,measured,149,2026-09-09T14:28:38.746854Z,157312408952802,157312408952802,157312408952802,-1,-1,ok,
exp_constrained_pub_sub_xcdr__py_to_cpp__1000000B__10Hz__shmem_ds__best_effort,publish,pub,py_to_cpp,constrained_pub_sub,exp,xcdr,shmem_ds,1000000,10,1,measured,150,2026-09-09T14:28:38.846211Z,157312508359538,157312508359538,157312508359538,-1,-1,ok,
exp_constrained_pub_sub_xcdr__py_to_cpp__1000000B__10Hz__shmem_ds__best_effort,publish,pub,py_to_cpp,constrained_pub_sub,exp,xcdr,shmem_ds,1000000,10,1,measured,151,2026-09-09T14:28:38.947219Z,157312609347881,157312609347881,157312609347881,-1,-1,ok,
exp_constrained_pub_sub_xcdr__py_to_cpp__1000000B__10Hz__shmem_ds__best_effort,publish,pub,py_to_cpp,constrained_pub_sub,exp,xcdr,shmem_ds,1000000,10,1,measured,152,2026-09-09T14:28:39.047543Z,157312709672836,157312709672836,157312709672836,-1,-1,ok,
exp_constrained_pub_sub_xcdr__py_to_cpp__1000000B__10Hz__shmem_ds__best_effort,publish,pub,py_to_cpp,constrained_pub_sub,exp,xcdr,shmem_ds,1000000,10,1,measured,153,2026-09-09T14:28:39.147425Z,157312809571040,157312809571040,157312809571040,-1,-1,ok,
exp_constrained_pub_sub_xcdr__py_to_cpp__1000000B__10Hz__shmem_ds__best_effort,publish,pub,py_to_cpp,constrained_pub_sub,exp,xcdr,shmem_ds,1000000,10,1,measured,154,2026-09-09T14:28:39.247481Z,157312909632932,157312909632932,157312909632932,-1,-1,ok,
exp_constrained_pub_sub_xcdr__py_to_cpp__1000000B__10Hz__shmem_ds__best_effort,publish,pub,py_to_cpp,constrained_pub_sub,exp,xcdr,shmem_ds,1000000,10,1,measured,155,2026-09-09T14:28:39.346673Z,157313008837501,157313008837501,157313008837501,-1,-1,ok,
exp_constrained_pub_sub_xcdr__py_to_cpp__1000000B__10Hz__shmem_ds__best_effort,publish,pub,py_to_cpp,constrained_pub_sub,exp,xcdr,shmem_ds,1000000,10,1,measured,156,2026-09-09T14:28:39.446253Z,157313108389955,157313108389955,157313108389955,-1,-1,ok,
exp_constrained_pub_sub_xcdr__py_to_cpp__1000000B__10Hz__shmem_ds__best_effort,publish,pub,py_to_cpp,constrained_pub_sub,exp,xcdr,shmem_ds,1000000,10,1,measured,157,2026-09-09T14:28:39.546324Z,157313208418585,157313208418585,157313208418585,-1,-1,ok,
exp_constrained_pub_sub_xcdr__py_to_cpp__1000000B__10Hz__shmem_ds__best_effort,publish,pub,py_to_cpp,constrained_pub_sub,exp,xcdr,shmem_ds,1000000,10,1,measured,158,2026-09-09T14:28:39.646310Z,157313308451212,157313308451212,157313308451212,-1,-1,ok,
exp_constrained_pub_sub_xcdr__py_to_cpp__1000000B__10Hz__shmem_ds__best_effort,publish,pub,py_to_cpp,constrained_pub_sub,exp,xcdr,shmem_ds,1000000,10,1,measured,159,2026-09-09T14:28:39.745610Z,157313407747534,157313407747534,157313407747534,-1,-1,ok,
exp_constrained_pub_sub_xcdr__py_to_cpp__1000000B__10Hz__shmem_ds__best_effort,publish,pub,py_to_cpp,constrained_pub_sub,exp,xcdr,shmem_ds,1000000,10,1,measured,160,2026-09-09T14:28:39.845154Z,157313507291992,157313507291992,157313507291992,-1,-1,ok,
exp_constrained_pub_sub_xcdr__py_to_cpp__1000000B__10Hz__shmem_ds__best_effort,publish,pub,py_to_cpp,constrained_pub_sub,exp,xcdr,shmem_ds,1000000,10,1,measured,161,2026-09-09T14:28:39.944149Z,157313606280696,157313606280696,157313606280696,-1,-1,ok,
exp_constrained_pub_sub_xcdr__py_to_cpp__1000000B__10Hz__shmem_ds__best_effort,publish,pub,py_to_cpp,constrained_pub_sub,exp,xcdr,shmem_ds,1000000,10,1,measured,162,2026-09-09T14:28:40.044339Z,157313706477071,157313706477071,157313706477071,-1,-1,ok,
exp_constrained_pub_sub_xcdr__py_to_cpp__1000000B__10Hz__shmem_ds__best_effort,publish,pub,py_to_cpp,constrained_pub_sub,exp,xcdr,shmem_ds,1000000,10,1,measured,163,2026-09-09T14:28:40.143649Z,157313805802892,157313805802892,157313805802892,-1,-1,ok,
exp_constrained_pub_sub_xcdr__py_to_cpp__1000000B__10Hz__shmem_ds__best_effort,publish,pub,py_to_cpp,constrained_pub_sub,exp,xcdr,shmem_ds,1000000,10,1,measured,164,2026-09-09T14:28:40.244664Z,157313906802601,157313906802601,157313906802601,-1,-1,ok,
exp_constrained_pub_sub_xcdr__py_to_cpp__1000000B__10Hz__shmem_ds__best_effort,publish,pub,py_to_cpp,constrained_pub_sub,exp,xcdr,shmem_ds,1000000,10,1,measured,165,2026-09-09T14:28:40.345347Z,157314007511604,157314007511604,157314007511604,-1,-1,ok,
exp_constrained_pub_sub_xcdr__py_to_cpp__1000000B__10Hz__shmem_ds__best_effort,publish,pub,py_to_cpp,constrained_pub_sub,exp,xcdr,shmem_ds,1000000,10,1,measured,166,2026-09-09T14:28:40.444438Z,157314106561675,157314106561675,157314106561675,-1,-1,ok,
exp_constrained_pub_sub_xcdr__py_to_cpp__1000000B__10Hz__shmem_ds__best_effort,publish,pub,py_to_cpp,constrained_pub_sub,exp,xcdr,shmem_ds,1000000,10,1,measured,167,2026-09-09T14:28:40.544258Z,157314206358121,157314206358121,157314206358121,-1,-1,ok,
exp_constrained_pub_sub_xcdr__py_to_cpp__1000000B__10Hz__shmem_ds__best_effort,publish,pub,py_to_cpp,constrained_pub_sub,exp,xcdr,shmem_ds,1000000,10,1,measured,168,2026-09-09T14:28:40.644422Z,157314306543989,157314306543989,157314306543989,-1,-1,ok,
exp_constrained_pub_sub_xcdr__py_to_cpp__1000000B__10Hz__shmem_ds__best_effort,publish,pub,py_to_cpp,constrained_pub_sub,exp,xcdr,shmem_ds,1000000,10,1,measured,169,2026-09-09T14:28:40.743902Z,157314406039528,157314406039528,157314406039528,-1,-1,ok,
exp_constrained_pub_sub_xcdr__py_to_cpp__1000000B__10Hz__shmem_ds__best_effort,publish,pub,py_to_cpp,constrained_pub_sub,exp,xcdr,shmem_ds,1000000,10,1,measured,170,2026-09-09T14:28:40.842980Z,157314505118895,157314505118895,157314505118895,-1,-1,ok,
exp_constrained_pub_sub_xcdr__py_to_cpp__1000000B__10Hz__shmem_ds__best_effort,publish,pub,py_to_cpp,constrained_pub_sub,exp,xcdr,shmem_ds,1000000,10,1,measured,171,2026-09-09T14:28:40.945086Z,157314607220528,157314607220528,157314607220528,-1,-1,ok,
exp_constrained_pub_sub_xcdr__py_to_cpp__1000000B__10Hz__shmem_ds__best_effort,publish,pub,py_to_cpp,constrained_pub_sub,exp,xcdr,shmem_ds,1000000,10,1,measured,172,2026-09-09T14:28:41.044118Z,157314706252077,157314706252077,157314706252077,-1,-1,ok,
exp_constrained_pub_sub_xcdr__py_to_cpp__1000000B__10Hz__shmem_ds__best_effort,publish,pub,py_to_cpp,constrained_pub_sub,exp,xcdr,shmem_ds,1000000,10,1,measured,173,2026-09-09T14:28:41.143963Z,157314806124468,157314806124468,157314806124468,-1,-1,ok,
exp_constrained_pub_sub_xcdr__py_to_cpp__1000000B__10Hz__shmem_ds__best_effort,publish,pub,py_to_cpp,constrained_pub_sub,exp,xcdr,shmem_ds,1000000,10,1,measured,174,2026-09-09T14:28:41.244342Z,157314906505066,157314906505066,157314906505066,-1,-1,ok,
exp_constrained_pub_sub_xcdr__py_to_cpp__1000000B__10Hz__shmem_ds__best_effort,publish,pub,py_to_cpp,constrained_pub_sub,exp,xcdr,shmem_ds,1000000,10,1,measured,175,2026-09-09T14:28:41.344880Z,157315007052327,157315007052327,157315007052327,-1,-1,ok,
exp_constrained_pub_sub_xcdr__py_to_cpp__1000000B__10Hz__shmem_ds__best_effort,publish,pub,py_to_cpp,constrained_pub_sub,exp,xcdr,shmem_ds,1000000,10,1,measured,176,2026-09-09T14:28:41.444718Z,157315106859176,157315106859176,157315106859176,-1,-1,ok,
exp_constrained_pub_sub_xcdr__py_to_cpp__1000000B__10Hz__shmem_ds__best_effort,publish,pub,py_to_cpp,constrained_pub_sub,exp,xcdr,shmem_ds,1000000,10,1,measured,177,2026-09-09T14:28:41.543887Z,157315206028334,157315206028334,157315206028334,-1,-1,ok,
exp_constrained_pub_sub_xcdr__py_to_cpp__1000000B__10Hz__shmem_ds__best_effort,publish,pub,py_to_cpp,constrained_pub_sub,exp,xcdr,shmem_ds,1000000,10,1,measured,178,2026-09-09T14:28:41.643484Z,157315305631539,157315305631539,157315305631539,-1,-1,ok,
exp_constrained_pub_sub_xcdr__py_to_cpp__1000000B__10Hz__shmem_ds__best_effort,publish,pub,py_to_cpp,constrained_pub_sub,exp,xcdr,shmem_ds,1000000,10,1,measured,179,2026-09-09T14:28:41.743346Z,157315405505343,157315405505343,157315405505343,-1,-1,ok,
exp_constrained_pub_sub_xcdr__py_to_cpp__1000000B__10Hz__shmem_ds__best_effort,publish,pub,py_to_cpp,constrained_pub_sub,exp,xcdr,shmem_ds,1000000,10,1,measured,180,2026-09-09T14:28:41.843418Z,157315505548947,157315505548947,157315505548947,-1,-1,ok,
exp_constrained_pub_sub_xcdr__py_to_cpp__1000000B__10Hz__shmem_ds__best_effort,publish,pub,py_to_cpp,constrained_pub_sub,exp,xcdr,shmem_ds,1000000,10,1,measured,181,2026-09-09T14:28:41.943911Z,157315606042157,157315606042157,157315606042157,-1,-1,ok,
exp_constrained_pub_sub_xcdr__py_to_cpp__1000000B__10Hz__shmem_ds__best_effort,publish,pub,py_to_cpp,constrained_pub_sub,exp,xcdr,shmem_ds,1000000,10,1,measured,182,2026-09-09T14:28:42.044231Z,157315706354726,157315706354726,157315706354726,-1,-1,ok,
exp_constrained_pub_sub_xcdr__py_to_cpp__1000000B__10Hz__shmem_ds__best_effort,publish,pub,py_to_cpp,constrained_pub_sub,exp,xcdr,shmem_ds,1000000,10,1,measured,183,2026-09-09T14:28:42.145139Z,157315807290562,157315807290562,157315807290562,-1,-1,ok,
exp_constrained_pub_sub_xcdr__py_to_cpp__1000000B__10Hz__shmem_ds__best_effort,publish,pub,py_to_cpp,constrained_pub_sub,exp,xcdr,shmem_ds,1000000,10,1,measured,184,2026-09-09T14:28:42.244308Z,157315906455435,157315906455435,157315906455435,-1,-1,ok,
exp_constrained_pub_sub_xcdr__py_to_cpp__1000000B__10Hz__shmem_ds__best_effort,publish,pub,py_to_cpp,constrained_pub_sub,exp,xcdr,shmem_ds,1000000,10,1,measured,185,2026-09-09T14:28:42.344208Z,157316006361943,157316006361943,157316006361943,-1,-1,ok,
exp_constrained_pub_sub_xcdr__py_to_cpp__1000000B__10Hz__shmem_ds__best_effort,publish,pub,py_to_cpp,constrained_pub_sub,exp,xcdr,shmem_ds,1000000,10,1,measured,186,2026-09-09T14:28:42.443787Z,157316105931158,157316105931158,157316105931158,-1,-1,ok,
exp_constrained_pub_sub_xcdr__py_to_cpp__1000000B__10Hz__shmem_ds__best_effort,publish,pub,py_to_cpp,constrained_pub_sub,exp,xcdr,shmem_ds,1000000,10,1,measured,187,2026-09-09T14:28:42.544708Z,157316206834762,157316206834762,157316206834762,-1,-1,ok,
exp_constrained_pub_sub_xcdr__py_to_cpp__1000000B__10Hz__shmem_ds__best_effort,publish,pub,py_to_cpp,constrained_pub_sub,exp,xcdr,shmem_ds,1000000,10,1,measured,188,2026-09-09T14:28:42.644096Z,157316306213067,157316306213067,157316306213067,-1,-1,ok,
exp_constrained_pub_sub_xcdr__py_to_cpp__1000000B__10Hz__shmem_ds__best_effort,publish,pub,py_to_cpp,constrained_pub_sub,exp,xcdr,shmem_ds,1000000,10,1,measured,189,2026-09-09T14:28:42.743668Z,157316405791629,157316405791629,157316405791629,-1,-1,ok,
exp_constrained_pub_sub_xcdr__py_to_cpp__1000000B__10Hz__shmem_ds__best_effort,publish,pub,py_to_cpp,constrained_pub_sub,exp,xcdr,shmem_ds,1000000,10,1,measured,190,2026-09-09T14:28:42.843639Z,157316505761646,157316505761646,157316505761646,-1,-1,ok,
exp_constrained_pub_sub_xcdr__py_to_cpp__1000000B__10Hz__shmem_ds__best_effort,publish,pub,py_to_cpp,constrained_pub_sub,exp,xcdr,shmem_ds,1000000,10,1,measured,191,2026-09-09T14:28:42.943633Z,157316605739659,157316605739659,157316605739659,-1,-1,ok,
exp_constrained_pub_sub_xcdr__py_to_cpp__1000000B__10Hz__shmem_ds__best_effort,publish,pub,py_to_cpp,constrained_pub_sub,exp,xcdr,shmem_ds,1000000,10,1,measured,192,2026-09-09T14:28:43.043061Z,157316705143123,157316705143123,157316705143123,-1,-1,ok,
exp_constrained_pub_sub_xcdr__py_to_cpp__1000000B__10Hz__shmem_ds__best_effort,publish,pub,py_to_cpp,constrained_pub_sub,exp,xcdr,shmem_ds,1000000,10,1,measured,193,2026-09-09T14:28:43.142468Z,157316804590650,157316804590650,157316804590650,-1,-1,ok,
exp_constrained_pub_sub_xcdr__py_to_cpp__1000000B__10Hz__shmem_ds__best_effort,publish,pub,py_to_cpp,constrained_pub_sub,exp,xcdr,shmem_ds,1000000,10,1,measured,194,2026-09-09T14:28:43.243397Z,157316905522080,157316905522080,157316905522080,-1,-1,ok,
exp_constrained_pub_sub_xcdr__py_to_cpp__1000000B__10Hz__shmem_ds__best_effort,publish,pub,py_to_cpp,constrained_pub_sub,exp,xcdr,shmem_ds,1000000,10,1,measured,195,2026-09-09T14:28:43.342911Z,157317005035753,157317005035753,157317005035753,-1,-1,ok,
exp_constrained_pub_sub_xcdr__py_to_cpp__1000000B__10Hz__shmem_ds__best_effort,publish,pub,py_to_cpp,constrained_pub_sub,exp,xcdr,shmem_ds,1000000,10,1,measured,196,2026-09-09T14:28:43.443990Z,157317106067952,157317106067952,157317106067952,-1,-1,ok,
exp_constrained_pub_sub_xcdr__py_to_cpp__1000000B__10Hz__shmem_ds__best_effort,publish,pub,py_to_cpp,constrained_pub_sub,exp,xcdr,shmem_ds,1000000,10,1,measured,197,2026-09-09T14:28:43.543978Z,157317206106031,157317206106031,157317206106031,-1,-1,ok,
exp_constrained_pub_sub_xcdr__py_to_cpp__1000000B__10Hz__shmem_ds__best_effort,publish,pub,py_to_cpp,constrained_pub_sub,exp,xcdr,shmem_ds,1000000,10,1,measured,198,2026-09-09T14:28:43.643194Z,157317305318307,157317305318307,157317305318307,-1,-1,ok,
exp_constrained_pub_sub_xcdr__py_to_cpp__1000000B__10Hz__shmem_ds__best_effort,publish,pub,py_to_cpp,constrained_pub_sub,exp,xcdr,shmem_ds,1000000,10,1,measured,199,2026-09-09T14:28:43.744248Z,157317406371405,157317406371405,157317406371405,-1,-1,ok,
exp_constrained_pub_sub_xcdr__py_to_cpp__1000000B__10Hz__shmem_ds__best_effort,publish,pub,py_to_cpp,constrained_pub_sub,exp,xcdr,shmem_ds,1000000,10,1,measured,200,2026-09-09T14:28:43.844757Z,157317506883857,157317506883857,157317506883857,-1,-1,ok,
exp_constrained_pub_sub_xcdr__py_to_cpp__1000000B__10Hz__shmem_ds__best_effort,publish,pub,py_to_cpp,constrained_pub_sub,exp,xcdr,shmem_ds,1000000,10,1,measured,201,2026-09-09T14:28:43.945353Z,157317607472903,157317607472903,157317607472903,-1,-1,ok,
exp_constrained_pub_sub_xcdr__py_to_cpp__1000000B__10Hz__shmem_ds__best_effort,publish,pub,py_to_cpp,constrained_pub_sub,exp,xcdr,shmem_ds,1000000,10,1,measured,202,2026-09-09T14:28:44.046221Z,157317708343780,157317708343780,157317708343780,-1,-1,ok,
exp_constrained_pub_sub_xcdr__py_to_cpp__1000000B__10Hz__shmem_ds__best_effort,publish,pub,py_to_cpp,constrained_pub_sub,exp,xcdr,shmem_ds,1000000,10,1,measured,203,2026-09-09T14:28:44.147313Z,157317809397443,157317809397443,157317809397443,-1,-1,ok,
exp_constrained_pub_sub_xcdr__py_to_cpp__1000000B__10Hz__shmem_ds__best_effort,publish,pub,py_to_cpp,constrained_pub_sub,exp,xcdr,shmem_ds,1000000,10,1,measured,204,2026-09-09T14:28:44.246591Z,157317908702836,157317908702836,157317908702836,-1,-1,ok,
exp_constrained_pub_sub_xcdr__py_to_cpp__1000000B__10Hz__shmem_ds__best_effort,publish,pub,py_to_cpp,constrained_pub_sub,exp,xcdr,shmem_ds,1000000,10,1,measured,205,2026-09-09T14:28:44.346705Z,157318008770874,157318008770874,157318008770874,-1,-1,ok,
exp_constrained_pub_sub_xcdr__py_to_cpp__1000000B__10Hz__shmem_ds__best_effort,publish,pub,py_to_cpp,constrained_pub_sub,exp,xcdr,shmem_ds,1000000,10,1,measured,206,2026-09-09T14:28:44.446056Z,157318108130800,157318108130800,157318108130800,-1,-1,ok,
exp_constrained_pub_sub_xcdr__py_to_cpp__1000000B__10Hz__shmem_ds__best_effort,publish,pub,py_to_cpp,constrained_pub_sub,exp,xcdr,shmem_ds,1000000,10,1,measured,207,2026-09-09T14:28:44.545824Z,157318207949440,157318207949440,157318207949440,-1,-1,ok,
exp_constrained_pub_sub_xcdr__py_to_cpp__1000000B__10Hz__shmem_ds__best_effort,publish,pub,py_to_cpp,constrained_pub_sub,exp,xcdr,shmem_ds,1000000,10,1,measured,208,2026-09-09T14:28:44.644740Z,157318306863186,157318306863186,157318306863186,-1,-1,ok,
exp_constrained_pub_sub_xcdr__py_to_cpp__1000000B__10Hz__shmem_ds__best_effort,publish,pub,py_to_cpp,constrained_pub_sub,exp,xcdr,shmem_ds,1000000,10,1,measured,209,2026-09-09T14:28:44.744624Z,157318406751858,157318406751858,157318406751858,-1,-1,ok,
exp_constrained_pub_sub_xcdr__py_to_cpp__1000000B__10Hz__shmem_ds__best_effort,publish,pub,py_to_cpp,constrained_pub_sub,exp,xcdr,shmem_ds,1000000,10,1,measured,210,2026-09-09T14:28:44.845432Z,157318507567933,157318507567933,157318507567933,-1,-1,ok,
exp_constrained_pub_sub_xcdr__py_to_cpp__1000000B__10Hz__shmem_ds__best_effort,publish,pub,py_to_cpp,constrained_pub_sub,exp,xcdr,shmem_ds,1000000,10,1,measured,211,2026-09-09T14:28:44.944815Z,157318606927619,157318606927619,157318606927619,-1,-1,ok,
exp_constrained_pub_sub_xcdr__py_to_cpp__1000000B__10Hz__shmem_ds__best_effort,publish,pub,py_to_cpp,constrained_pub_sub,exp,xcdr,shmem_ds,1000000,10,1,measured,212,2026-09-09T14:28:45.045693Z,157318707802988,157318707802988,157318707802988,-1,-1,ok,
exp_constrained_pub_sub_xcdr__py_to_cpp__1000000B__10Hz__shmem_ds__best_effort,publish,pub,py_to_cpp,constrained_pub_sub,exp,xcdr,shmem_ds,1000000,10,1,measured,213,2026-09-09T14:28:45.145549Z,157318807650964,157318807650964,157318807650964,-1,-1,ok,
exp_constrained_pub_sub_xcdr__py_to_cpp__1000000B__10Hz__shmem_ds__best_effort,publish,pub,py_to_cpp,constrained_pub_sub,exp,xcdr,shmem_ds,1000000,10,1,measured,214,2026-09-09T14:28:45.245161Z,157318907323562,157318907323562,157318907323562,-1,-1,ok,
exp_constrained_pub_sub_xcdr__py_to_cpp__1000000B__10Hz__shmem_ds__best_effort,publish,pub,py_to_cpp,constrained_pub_sub,exp,xcdr,shmem_ds,1000000,10,1,measured,215,2026-09-09T14:28:45.346571Z,157319008696459,157319008696459,157319008696459,-1,-1,ok,
exp_constrained_pub_sub_xcdr__py_to_cpp__1000000B__10Hz__shmem_ds__best_effort,publish,pub,py_to_cpp,constrained_pub_sub,exp,xcdr,shmem_ds,1000000,10,1,measured,216,2026-09-09T14:28:45.447370Z,157319109507839,157319109507839,157319109507839,-1,-1,ok,
exp_constrained_pub_sub_xcdr__py_to_cpp__1000000B__10Hz__shmem_ds__best_effort,publish,pub,py_to_cpp,constrained_pub_sub,exp,xcdr,shmem_ds,1000000,10,1,measured,217,2026-09-09T14:28:45.547617Z,157319209759365,157319209759365,157319209759365,-1,-1,ok,
exp_constrained_pub_sub_xcdr__py_to_cpp__1000000B__10Hz__shmem_ds__best_effort,publish,pub,py_to_cpp,constrained_pub_sub,exp,xcdr,shmem_ds,1000000,10,1,measured,218,2026-09-09T14:28:45.647856Z,157319309980284,157319309980284,157319309980284,-1,-1,ok,
exp_constrained_pub_sub_xcdr__py_to_cpp__1000000B__10Hz__shmem_ds__best_effort,publish,pub,py_to_cpp,constrained_pub_sub,exp,xcdr,shmem_ds,1000000,10,1,measured,219,2026-09-09T14:28:45.747005Z,157319409163290,157319409163290,157319409163290,-1,-1,ok,
exp_constrained_pub_sub_xcdr__py_to_cpp__1000000B__10Hz__shmem_ds__best_effort,publish,pub,py_to_cpp,constrained_pub_sub,exp,xcdr,shmem_ds,1000000,10,1,measured,220,2026-09-09T14:28:45.846549Z,157319508696676,157319508696676,157319508696676,-1,-1,ok,
exp_constrained_pub_sub_xcdr__py_to_cpp__1000000B__10Hz__shmem_ds__best_effort,publish,pub,py_to_cpp,constrained_pub_sub,exp,xcdr,shmem_ds,1000000,10,1,measured,221,2026-09-09T14:28:45.947530Z,157319609680500,157319609680500,157319609680500,-1,-1,ok,
exp_constrained_pub_sub_xcdr__py_to_cpp__1000000B__10Hz__shmem_ds__best_effort,publish,pub,py_to_cpp,constrained_pub_sub,exp,xcdr,shmem_ds,1000000,10,1,measured,222,2026-09-09T14:28:46.047892Z,157319710034130,157319710034130,157319710034130,-1,-1,ok,
exp_constrained_pub_sub_xcdr__py_to_cpp__1000000B__10Hz__shmem_ds__best_effort,publish,pub,py_to_cpp,constrained_pub_sub,exp,xcdr,shmem_ds,1000000,10,1,measured,223,2026-09-09T14:28:46.147775Z,157319809933275,157319809933275,157319809933275,-1,-1,ok,
exp_constrained_pub_sub_xcdr__py_to_cpp__1000000B__10Hz__shmem_ds__best_effort,publish,pub,py_to_cpp,constrained_pub_sub,exp,xcdr,shmem_ds,1000000,10,1,measured,224,2026-09-09T14:28:46.248107Z,157319910278772,157319910278772,157319910278772,-1,-1,ok,
exp_constrained_pub_sub_xcdr__py_to_cpp__1000000B__10Hz__shmem_ds__best_effort,publish,pub,py_to_cpp,constrained_pub_sub,exp,xcdr,shmem_ds,1000000,10,1,measured,225,2026-09-09T14:28:46.347261Z,157320009429341,157320009429341,157320009429341,-1,-1,ok,
exp_constrained_pub_sub_xcdr__py_to_cpp__1000000B__10Hz__shmem_ds__best_effort,publish,pub,py_to_cpp,constrained_pub_sub,exp,xcdr,shmem_ds,1000000,10,1,measured,226,2026-09-09T14:28:46.447420Z,157320109591802,157320109591802,157320109591802,-1,-1,ok,
exp_constrained_pub_sub_xcdr__py_to_cpp__1000000B__10Hz__shmem_ds__best_effort,publish,pub,py_to_cpp,constrained_pub_sub,exp,xcdr,shmem_ds,1000000,10,1,measured,227,2026-09-09T14:28:46.547799Z,157320209939262,157320209939262,157320209939262,-1,-1,ok,
exp_constrained_pub_sub_xcdr__py_to_cpp__1000000B__10Hz__shmem_ds__best_effort,publish,pub,py_to_cpp,constrained_pub_sub,exp,xcdr,shmem_ds,1000000,10,1,measured,228,2026-09-09T14:28:46.648241Z,157320310380589,157320310380589,157320310380589,-1,-1,ok,
exp_constrained_pub_sub_xcdr__py_to_cpp__1000000B__10Hz__shmem_ds__best_effort,publish,pub,py_to_cpp,constrained_pub_sub,exp,xcdr,shmem_ds,1000000,10,1,measured,229,2026-09-09T14:28:46.747994Z,157320410099476,157320410099476,157320410099476,-1,-1,ok,
exp_constrained_pub_sub_xcdr__py_to_cpp__1000000B__10Hz__shmem_ds__best_effort,publish,pub,py_to_cpp,constrained_pub_sub,exp,xcdr,shmem_ds,1000000,10,1,measured,230,2026-09-09T14:28:46.848455Z,157320510591459,157320510591459,157320510591459,-1,-1,ok,
exp_constrained_pub_sub_xcdr__py_to_cpp__1000000B__10Hz__shmem_ds__best_effort,publish,pub,py_to_cpp,constrained_pub_sub,exp,xcdr,shmem_ds,1000000,10,1,measured,231,2026-09-09T14:28:46.947643Z,157320609783144,157320609783144,157320609783144,-1,-1,ok,
exp_constrained_pub_sub_xcdr__py_to_cpp__1000000B__10Hz__shmem_ds__best_effort,publish,pub,py_to_cpp,constrained_pub_sub,exp,xcdr,shmem_ds,1000000,10,1,measured,232,2026-09-09T14:28:47.046987Z,157320709119243,157320709119243,157320709119243,-1,-1,ok,
exp_constrained_pub_sub_xcdr__py_to_cpp__1000000B__10Hz__shmem_ds__best_effort,publish,pub,py_to_cpp,constrained_pub_sub,exp,xcdr,shmem_ds,1000000,10,1,measured,233,2026-09-09T14:28:47.147328Z,157320809469340,157320809469340,157320809469340,-1,-1,ok,
exp_constrained_pub_sub_xcdr__py_to_cpp__1000000B__10Hz__shmem_ds__best_effort,publish,pub,py_to_cpp,constrained_pub_sub,exp,xcdr,shmem_ds,1000000,10,1,measured,234,2026-09-09T14:28:47.247393Z,157320909515046,157320909515046,157320909515046,-1,-1,ok,
exp_constrained_pub_sub_xcdr__py_to_cpp__1000000B__10Hz__shmem_ds__best_effort,publish,pub,py_to_cpp,constrained_pub_sub,exp,xcdr,shmem_ds,1000000,10,1,measured,235,2026-09-09T14:28:47.347245Z,157321009383277,157321009383277,157321009383277,-1,-1,ok,
exp_constrained_pub_sub_xcdr__py_to_cpp__1000000B__10Hz__shmem_ds__best_effort,publish,pub,py_to_cpp,constrained_pub_sub,exp,xcdr,shmem_ds,1000000,10,1,measured,236,2026-09-09T14:28:47.446598Z,157321108707224,157321108707224,157321108707224,-1,-1,ok,
exp_constrained_pub_sub_xcdr__py_to_cpp__1000000B__10Hz__shmem_ds__best_effort,publish,pub,py_to_cpp,constrained_pub_sub,exp,xcdr,shmem_ds,1000000,10,1,measured,237,2026-09-09T14:28:47.546957Z,157321209087930,157321209087930,157321209087930,-1,-1,ok,
exp_constrained_pub_sub_xcdr__py_to_cpp__1000000B__10Hz__shmem_ds__best_effort,publish,pub,py_to_cpp,constrained_pub_sub,exp,xcdr,shmem_ds,1000000,10,1,measured,238,2026-09-09T14:28:47.646664Z,157321308797262,157321308797262,157321308797262,-1,-1,ok,
exp_constrained_pub_sub_xcdr__py_to_cpp__1000000B__10Hz__shmem_ds__best_effort,publish,pub,py_to_cpp,constrained_pub_sub,exp,xcdr,shmem_ds,1000000,10,1,measured,239,2026-09-09T14:28:47.747125Z,157321409247618,157321409247618,157321409247618,-1,-1,ok,
exp_constrained_pub_sub_xcdr__py_to_cpp__1000000B__10Hz__shmem_ds__best_effort,publish,pub,py_to_cpp,constrained_pub_sub,exp,xcdr,shmem_ds,1000000,10,1,measured,240,2026-09-09T14:28:47.847174Z,157321509313280,157321509313280,157321509313280,-1,-1,ok,
exp_constrained_pub_sub_xcdr__py_to_cpp__1000000B__10Hz__shmem_ds__best_effort,publish,pub,py_to_cpp,constrained_pub_sub,exp,xcdr,shmem_ds,1000000,10,1,measured,241,2026-09-09T14:28:47.946728Z,157321608857161,157321608857161,157321608857161,-1,-1,ok,
exp_constrained_pub_sub_xcdr__py_to_cpp__1000000B__10Hz__shmem_ds__best_effort,publish,pub,py_to_cpp,constrained_pub_sub,exp,xcdr,shmem_ds,1000000,10,1,measured,242,2026-09-09T14:28:48.047094Z,157321709232518,157321709232518,157321709232518,-1,-1,ok,
exp_constrained_pub_sub_xcdr__py_to_cpp__1000000B__10Hz__shmem_ds__best_effort,publish,pub,py_to_cpp,constrained_pub_sub,exp,xcdr,shmem_ds,1000000,10,1,measured,243,2026-09-09T14:28:48.146899Z,157321809058864,157321809058864,157321809058864,-1,-1,ok,
exp_constrained_pub_sub_xcdr__py_to_cpp__1000000B__10Hz__shmem_ds__best_effort,publish,pub,py_to_cpp,constrained_pub_sub,exp,xcdr,shmem_ds,1000000,10,1,measured,244,2026-09-09T14:28:48.247816Z,157321909982313,157321909982313,157321909982313,-1,-1,ok,
exp_constrained_pub_sub_xcdr__py_to_cpp__1000000B__10Hz__shmem_ds__best_effort,publish,pub,py_to_cpp,constrained_pub_sub,exp,xcdr,shmem_ds,1000000,10,1,measured,245,2026-09-09T14:28:48.347129Z,157322009300242,157322009300242,157322009300242,-1,-1,ok,
exp_constrained_pub_sub_xcdr__py_to_cpp__1000000B__10Hz__shmem_ds__best_effort,publish,pub,py_to_cpp,constrained_pub_sub,exp,xcdr,shmem_ds,1000000,10,1,measured,246,2026-09-09T14:28:48.447607Z,157322109755660,157322109755660,157322109755660,-1,-1,ok,
exp_constrained_pub_sub_xcdr__py_to_cpp__1000000B__10Hz__shmem_ds__best_effort,publish,pub,py_to_cpp,constrained_pub_sub,exp,xcdr,shmem_ds,1000000,10,1,measured,247,2026-09-09T14:28:48.547412Z,157322209561768,157322209561768,157322209561768,-1,-1,ok,
exp_constrained_pub_sub_xcdr__py_to_cpp__1000000B__10Hz__shmem_ds__best_effort,publish,pub,py_to_cpp,constrained_pub_sub,exp,xcdr,shmem_ds,1000000,10,1,measured,248,2026-09-09T14:28:48.646862Z,157322309023647,157322309023647,157322309023647,-1,-1,ok,
exp_constrained_pub_sub_xcdr__py_to_cpp__1000000B__10Hz__shmem_ds__best_effort,publish,pub,py_to_cpp,constrained_pub_sub,exp,xcdr,shmem_ds,1000000,10,1,measured,249,2026-09-09T14:28:48.747500Z,157322409604071,157322409604071,157322409604071,-1,-1,ok,
exp_constrained_pub_sub_xcdr__py_to_cpp__1000000B__10Hz__shmem_ds__best_effort,publish,pub,py_to_cpp,constrained_pub_sub,exp,xcdr,shmem_ds,1000000,10,1,measured,250,2026-09-09T14:28:48.847260Z,157322509362839,157322509362839,157322509362839,-1,-1,ok,
exp_constrained_pub_sub_xcdr__py_to_cpp__1000000B__10Hz__shmem_ds__best_effort,publish,pub,py_to_cpp,constrained_pub_sub,exp,xcdr,shmem_ds,1000000,10,1,measured,251,2026-09-09T14:28:48.946774Z,157322608900952,157322608900952,157322608900952,-1,-1,ok,
exp_constrained_pub_sub_xcdr__py_to_cpp__1000000B__10Hz__shmem_ds__best_effort,publish,pub,py_to_cpp,constrained_pub_sub,exp,xcdr,shmem_ds,1000000,10,1,measured,252,2026-09-09T14:28:49.047317Z,157322709465127,157322709465127,157322709465127,-1,-1,ok,
exp_constrained_pub_sub_xcdr__py_to_cpp__1000000B__10Hz__shmem_ds__best_effort,publish,pub,py_to_cpp,constrained_pub_sub,exp,xcdr,shmem_ds,1000000,10,1,measured,253,2026-09-09T14:28:49.146481Z,157322808613860,157322808613860,157322808613860,-1,-1,ok,
exp_constrained_pub_sub_xcdr__py_to_cpp__1000000B__10Hz__shmem_ds__best_effort,publish,pub,py_to_cpp,constrained_pub_sub,exp,xcdr,shmem_ds,1000000,10,1,measured,254,2026-09-09T14:28:49.246358Z,157322908461358,157322908461358,157322908461358,-1,-1,ok,
exp_constrained_pub_sub_xcdr__py_to_cpp__1000000B__10Hz__shmem_ds__best_effort,publish,pub,py_to_cpp,constrained_pub_sub,exp,xcdr,shmem_ds,1000000,10,1,measured,255,2026-09-09T14:28:49.347376Z,157323009514174,157323009514174,157323009514174,-1,-1,ok,
exp_constrained_pub_sub_xcdr__py_to_cpp__1000000B__10Hz__shmem_ds__best_effort,publish,pub,py_to_cpp,constrained_pub_sub,exp,xcdr,shmem_ds,1000000,10,1,measured,256,2026-09-09T14:28:49.448370Z,157323110506706,157323110506706,157323110506706,-1,-1,ok,
exp_constrained_pub_sub_xcdr__py_to_cpp__1000000B__10Hz__shmem_ds__best_effort,publish,pub,py_to_cpp,constrained_pub_sub,exp,xcdr,shmem_ds,1000000,10,1,measured,257,2026-09-09T14:28:49.547462Z,157323209603312,157323209603312,157323209603312,-1,-1,ok,
exp_constrained_pub_sub_xcdr__py_to_cpp__1000000B__10Hz__shmem_ds__best_effort,publish,pub,py_to_cpp,constrained_pub_sub,exp,xcdr,shmem_ds,1000000,10,1,measured,258,2026-09-09T14:28:49.646659Z,157323308785758,157323308785758,157323308785758,-1,-1,ok,
exp_constrained_pub_sub_xcdr__py_to_cpp__1000000B__10Hz__shmem_ds__best_effort,publish,pub,py_to_cpp,constrained_pub_sub,exp,xcdr,shmem_ds,1000000,10,1,measured,259,2026-09-09T14:28:49.746402Z,157323408539169,157323408539169,157323408539169,-1,-1,ok,
exp_constrained_pub_sub_xcdr__py_to_cpp__1000000B__10Hz__shmem_ds__best_effort,publish,pub,py_to_cpp,constrained_pub_sub,exp,xcdr,shmem_ds,1000000,10,1,measured,260,2026-09-09T14:28:49.847416Z,157323509517014,157323509517014,157323509517014,-1,-1,ok,
exp_constrained_pub_sub_xcdr__py_to_cpp__1000000B__10Hz__shmem_ds__best_effort,publish,pub,py_to_cpp,constrained_pub_sub,exp,xcdr,shmem_ds,1000000,10,1,measured,261,2026-09-09T14:28:49.947724Z,157323609863160,157323609863160,157323609863160,-1,-1,ok,
exp_constrained_pub_sub_xcdr__py_to_cpp__1000000B__10Hz__shmem_ds__best_effort,publish,pub,py_to_cpp,constrained_pub_sub,exp,xcdr,shmem_ds,1000000,10,1,measured,262,2026-09-09T14:28:50.048765Z,157323710877154,157323710877154,157323710877154,-1,-1,ok,
exp_constrained_pub_sub_xcdr__py_to_cpp__1000000B__10Hz__shmem_ds__best_effort,publish,pub,py_to_cpp,constrained_pub_sub,exp,xcdr,shmem_ds,1000000,10,1,measured,263,2026-09-09T14:28:50.148291Z,157323810444828,157323810444828,157323810444828,-1,-1,ok,
exp_constrained_pub_sub_xcdr__py_to_cpp__1000000B__10Hz__shmem_ds__best_effort,publish,pub,py_to_cpp,constrained_pub_sub,exp,xcdr,shmem_ds,1000000,10,1,measured,264,2026-09-09T14:28:50.247615Z,157323909782891,157323909782891,157323909782891,-1,-1,ok,
exp_constrained_pub_sub_xcdr__py_to_cpp__1000000B__10Hz__shmem_ds__best_effort,publish,pub,py_to_cpp,constrained_pub_sub,exp,xcdr,shmem_ds,1000000,10,1,measured,265,2026-09-09T14:28:50.348551Z,157324010677662,157324010677662,157324010677662,-1,-1,ok,
exp_constrained_pub_sub_xcdr__py_to_cpp__1000000B__10Hz__shmem_ds__best_effort,publish,pub,py_to_cpp,constrained_pub_sub,exp,xcdr,shmem_ds,1000000,10,1,measured,266,2026-09-09T14:28:50.449029Z,157324111150880,157324111150880,157324111150880,-1,-1,ok,
exp_constrained_pub_sub_xcdr__py_to_cpp__1000000B__10Hz__shmem_ds__best_effort,publish,pub,py_to_cpp,constrained_pub_sub,exp,xcdr,shmem_ds,1000000,10,1,measured,267,2026-09-09T14:28:50.549158Z,157324211295701,157324211295701,157324211295701,-1,-1,ok,
exp_constrained_pub_sub_xcdr__py_to_cpp__1000000B__10Hz__shmem_ds__best_effort,publish,pub,py_to_cpp,constrained_pub_sub,exp,xcdr,shmem_ds,1000000,10,1,measured,268,2026-09-09T14:28:50.650088Z,157324312227822,157324312227822,157324312227822,-1,-1,ok,
exp_constrained_pub_sub_xcdr__py_to_cpp__1000000B__10Hz__shmem_ds__best_effort,publish,pub,py_to_cpp,constrained_pub_sub,exp,xcdr,shmem_ds,1000000,10,1,measured,269,2026-09-09T14:28:50.750684Z,157324412791270,157324412791270,157324412791270,-1,-1,ok,
exp_constrained_pub_sub_xcdr__py_to_cpp__1000000B__10Hz__shmem_ds__best_effort,publish,pub,py_to_cpp,constrained_pub_sub,exp,xcdr,shmem_ds,1000000,10,1,measured,270,2026-09-09T14:28:50.849466Z,157324511603624,157324511603624,157324511603624,-1,-1,ok,
exp_constrained_pub_sub_xcdr__py_to_cpp__1000000B__10Hz__shmem_ds__best_effort,publish,pub,py_to_cpp,constrained_pub_sub,exp,xcdr,shmem_ds,1000000,10,1,measured,271,2026-09-09T14:28:50.950165Z,157324612302627,157324612302627,157324612302627,-1,-1,ok,
exp_constrained_pub_sub_xcdr__py_to_cpp__1000000B__10Hz__shmem_ds__best_effort,publish,pub,py_to_cpp,constrained_pub_sub,exp,xcdr,shmem_ds,1000000,10,1,measured,272,2026-09-09T14:28:51.049626Z,157324711757040,157324711757040,157324711757040,-1,-1,ok,
exp_constrained_pub_sub_xcdr__py_to_cpp__1000000B__10Hz__shmem_ds__best_effort,publish,pub,py_to_cpp,constrained_pub_sub,exp,xcdr,shmem_ds,1000000,10,1,measured,273,2026-09-09T14:28:51.149841Z,157324811974981,157324811974981,157324811974981,-1,-1,ok,
exp_constrained_pub_sub_xcdr__py_to_cpp__1000000B__10Hz__shmem_ds__best_effort,publish,pub,py_to_cpp,constrained_pub_sub,exp,xcdr,shmem_ds,1000000,10,1,measured,274,2026-09-09T14:28:51.250881Z,157324913007534,157324913007534,157324913007534,-1,-1,ok,
exp_constrained_pub_sub_xcdr__py_to_cpp__1000000B__10Hz__shmem_ds__best_effort,publish,pub,py_to_cpp,constrained_pub_sub,exp,xcdr,shmem_ds,1000000,10,1,measured,275,2026-09-09T14:28:51.350271Z,157325012372971,157325012372971,157325012372971,-1,-1,ok,
exp_constrained_pub_sub_xcdr__py_to_cpp__1000000B__10Hz__shmem_ds__best_effort,publish,pub,py_to_cpp,constrained_pub_sub,exp,xcdr,shmem_ds,1000000,10,1,measured,276,2026-09-09T14:28:51.449157Z,157325111313578,157325111313578,157325111313578,-1,-1,ok,
exp_constrained_pub_sub_xcdr__py_to_cpp__1000000B__10Hz__shmem_ds__best_effort,publish,pub,py_to_cpp,constrained_pub_sub,exp,xcdr,shmem_ds,1000000,10,1,measured,277,2026-09-09T14:28:51.548422Z,157325210564811,157325210564811,157325210564811,-1,-1,ok,
exp_constrained_pub_sub_xcdr__py_to_cpp__1000000B__10Hz__shmem_ds__best_effort,publish,pub,py_to_cpp,constrained_pub_sub,exp,xcdr,shmem_ds,1000000,10,1,measured,278,2026-09-09T14:28:51.648485Z,157325310640605,157325310640605,157325310640605,-1,-1,ok,
exp_constrained_pub_sub_xcdr__py_to_cpp__1000000B__10Hz__shmem_ds__best_effort,publish,pub,py_to_cpp,constrained_pub_sub,exp,xcdr,shmem_ds,1000000,10,1,measured,279,2026-09-09T14:28:51.747882Z,157325410046828,157325410046828,157325410046828,-1,-1,ok,
exp_constrained_pub_sub_xcdr__py_to_cpp__1000000B__10Hz__shmem_ds__best_effort,publish,pub,py_to_cpp,constrained_pub_sub,exp,xcdr,shmem_ds,1000000,10,1,measured,280,2026-09-09T14:28:51.848307Z,157325510432144,157325510432144,157325510432144,-1,-1,ok,
exp_constrained_pub_sub_xcdr__py_to_cpp__1000000B__10Hz__shmem_ds__best_effort,publish,pub,py_to_cpp,constrained_pub_sub,exp,xcdr,shmem_ds,1000000,10,1,measured,281,2026-09-09T14:28:51.948508Z,157325610652539,157325610652539,157325610652539,-1,-1,ok,
exp_constrained_pub_sub_xcdr__py_to_cpp__1000000B__10Hz__shmem_ds__best_effort,publish,pub,py_to_cpp,constrained_pub_sub,exp,xcdr,shmem_ds,1000000,10,1,measured,282,2026-09-09T14:28:52.048171Z,157325710307823,157325710307823,157325710307823,-1,-1,ok,
exp_constrained_pub_sub_xcdr__py_to_cpp__1000000B__10Hz__shmem_ds__best_effort,publish,pub,py_to_cpp,constrained_pub_sub,exp,xcdr,shmem_ds,1000000,10,1,measured,283,2026-09-09T14:28:52.148478Z,157325810619483,157325810619483,157325810619483,-1,-1,ok,
exp_constrained_pub_sub_xcdr__py_to_cpp__1000000B__10Hz__shmem_ds__best_effort,publish,pub,py_to_cpp,constrained_pub_sub,exp,xcdr,shmem_ds,1000000,10,1,measured,284,2026-09-09T14:28:52.247794Z,157325909952622,157325909952622,157325909952622,-1,-1,ok,
exp_constrained_pub_sub_xcdr__py_to_cpp__1000000B__10Hz__shmem_ds__best_effort,publish,pub,py_to_cpp,constrained_pub_sub,exp,xcdr,shmem_ds,1000000,10,1,measured,285,2026-09-09T14:28:52.347813Z,157326009969166,157326009969166,157326009969166,-1,-1,ok,
exp_constrained_pub_sub_xcdr__py_to_cpp__1000000B__10Hz__shmem_ds__best_effort,publish,pub,py_to_cpp,constrained_pub_sub,exp,xcdr,shmem_ds,1000000,10,1,measured,286,2026-09-09T14:28:52.448707Z,157326110873812,157326110873812,157326110873812,-1,-1,ok,
exp_constrained_pub_sub_xcdr__py_to_cpp__1000000B__10Hz__shmem_ds__best_effort,publish,pub,py_to_cpp,constrained_pub_sub,exp,xcdr,shmem_ds,1000000,10,1,measured,287,2026-09-09T14:28:52.549319Z,157326211471280,157326211471280,157326211471280,-1,-1,ok,
exp_constrained_pub_sub_xcdr__py_to_cpp__1000000B__10Hz__shmem_ds__best_effort,publish,pub,py_to_cpp,constrained_pub_sub,exp,xcdr,shmem_ds,1000000,10,1,measured,288,2026-09-09T14:28:52.649038Z,157326311136534,157326311136534,157326311136534,-1,-1,ok,
exp_constrained_pub_sub_xcdr__py_to_cpp__1000000B__10Hz__shmem_ds__best_effort,publish,pub,py_to_cpp,constrained_pub_sub,exp,xcdr,shmem_ds,1000000,10,1,measured,289,2026-09-09T14:28:52.748902Z,157326411032632,157326411032632,157326411032632,-1,-1,ok,
exp_constrained_pub_sub_xcdr__py_to_cpp__1000000B__10Hz__shmem_ds__best_effort,publish,pub,py_to_cpp,constrained_pub_sub,exp,xcdr,shmem_ds,1000000,10,1,measured,290,2026-09-09T14:28:52.848201Z,157326510337658,157326510337658,157326510337658,-1,-1,ok,
exp_constrained_pub_sub_xcdr__py_to_cpp__1000000B__10Hz__shmem_ds__best_effort,publish,pub,py_to_cpp,constrained_pub_sub,exp,xcdr,shmem_ds,1000000,10,1,measured,291,2026-09-09T14:28:52.947373Z,157326609436817,157326609436817,157326609436817,-1,-1,ok,
exp_constrained_pub_sub_xcdr__py_to_cpp__1000000B__10Hz__shmem_ds__best_effort,publish,pub,py_to_cpp,constrained_pub_sub,exp,xcdr,shmem_ds,1000000,10,1,measured,292,2026-09-09T14:28:53.047528Z,157326709681563,157326709681563,157326709681563,-1,-1,ok,
exp_constrained_pub_sub_xcdr__py_to_cpp__1000000B__10Hz__shmem_ds__best_effort,publish,pub,py_to_cpp,constrained_pub_sub,exp,xcdr,shmem_ds,1000000,10,1,measured,293,2026-09-09T14:28:53.147934Z,157326810087352,157326810087352,157326810087352,-1,-1,ok,
exp_constrained_pub_sub_xcdr__py_to_cpp__1000000B__10Hz__shmem_ds__best_effort,publish,pub,py_to_cpp,constrained_pub_sub,exp,xcdr,shmem_ds,1000000,10,1,measured,294,2026-09-09T14:28:53.247421Z,157326909563584,157326909563584,157326909563584,-1,-1,ok,
exp_constrained_pub_sub_xcdr__py_to_cpp__1000000B__10Hz__shmem_ds__best_effort,publish,pub,py_to_cpp,constrained_pub_sub,exp,xcdr,shmem_ds,1000000,10,1,measured,295,2026-09-09T14:28:53.347968Z,157327010088237,157327010088237,157327010088237,-1,-1,ok,
exp_constrained_pub_sub_xcdr__py_to_cpp__1000000B__10Hz__shmem_ds__best_effort,publish,pub,py_to_cpp,constrained_pub_sub,exp,xcdr,shmem_ds,1000000,10,1,measured,296,2026-09-09T14:28:53.447845Z,157327110011710,157327110011710,157327110011710,-1,-1,ok,
exp_constrained_pub_sub_xcdr__py_to_cpp__1000000B__10Hz__shmem_ds__best_effort,publish,pub,py_to_cpp,constrained_pub_sub,exp,xcdr,shmem_ds,1000000,10,1,measured,297,2026-09-09T14:28:53.547899Z,157327210049306,157327210049306,157327210049306,-1,-1,ok,
exp_constrained_pub_sub_xcdr__py_to_cpp__1000000B__10Hz__shmem_ds__best_effort,publish,pub,py_to_cpp,constrained_pub_sub,exp,xcdr,shmem_ds,1000000,10,1,measured,298,2026-09-09T14:28:53.646913Z,157327309070332,157327309070332,157327309070332,-1,-1,ok,
exp_constrained_pub_sub_xcdr__py_to_cpp__1000000B__10Hz__shmem_ds__best_effort,publish,pub,py_to_cpp,constrained_pub_sub,exp,xcdr,shmem_ds,1000000,10,1,measured,299,2026-09-09T14:28:53.746050Z,157327408211282,157327408211282,157327408211282,-1,-1,ok,
exp_constrained_pub_sub_xcdr__py_to_cpp__1000000B__10Hz__shmem_ds__best_effort,publish,pub,py_to_cpp,constrained_pub_sub,exp,xcdr,shmem_ds,1000000,10,1,measured,300,2026-09-09T14:28:53.846729Z,157327508873093,157327508873093,157327508873093,-1,-1,ok,
exp_constrained_pub_sub_xcdr__py_to_cpp__1000000B__10Hz__shmem_ds__best_effort,receive,sub,py_to_cpp,constrained_pub_sub,exp,xcdr,shmem_ds,1000000,10,1,measured,0,2026-09-09T14:28:23.851529Z,157297513728023,157297513259763,157297513728023,1788964103851125530,1788964103851231910,ok,
exp_constrained_pub_sub_xcdr__py_to_cpp__1000000B__10Hz__shmem_ds__best_effort,receive,sub,py_to_cpp,constrained_pub_sub,exp,xcdr,shmem_ds,1000000,10,1,measured,1,2026-09-09T14:28:23.951628Z,157297613826937,157297613680411,157297613826937,1788964103951514539,1788964103951558913,ok,
exp_constrained_pub_sub_xcdr__py_to_cpp__1000000B__10Hz__shmem_ds__best_effort,receive,sub,py_to_cpp,constrained_pub_sub,exp,xcdr,shmem_ds,1000000,10,1,measured,2,2026-09-09T14:28:24.050908Z,157297713106852,157297712974152,157297713106852,1788964104050809162,1788964104050846953,ok,
exp_constrained_pub_sub_xcdr__py_to_cpp__1000000B__10Hz__shmem_ds__best_effort,receive,sub,py_to_cpp,constrained_pub_sub,exp,xcdr,shmem_ds,1000000,10,1,measured,3,2026-09-09T14:28:24.150037Z,157297812235373,157297812142208,157297812235373,1788964104149961338,1788964104149985534,ok,
exp_constrained_pub_sub_xcdr__py_to_cpp__1000000B__10Hz__shmem_ds__best_effort,receive,sub,py_to_cpp,constrained_pub_sub,exp,xcdr,shmem_ds,1000000,10,1,measured,4,2026-09-09T14:28:24.249403Z,157297911601421,157297911503106,157297911601421,1788964104249321345,1788964104249346252,ok,
exp_constrained_pub_sub_xcdr__py_to_cpp__1000000B__10Hz__shmem_ds__best_effort,receive,sub,py_to_cpp,constrained_pub_sub,exp,xcdr,shmem_ds,1000000,10,1,measured,5,2026-09-09T14:28:24.350211Z,157298012409843,157298012274078,157298012409843,1788964104350109428,1788964104350148652,ok,
exp_constrained_pub_sub_xcdr__py_to_cpp__1000000B__10Hz__shmem_ds__best_effort,receive,sub,py_to_cpp,constrained_pub_sub,exp,xcdr,shmem_ds,1000000,10,1,measured,6,2026-09-09T14:28:24.450498Z,157298112697044,157298112563573,157298112697044,1788964104450393413,1788964104450432837,ok,
exp_constrained_pub_sub_xcdr__py_to_cpp__1000000B__10Hz__shmem_ds__best_effort,receive,sub,py_to_cpp,constrained_pub_sub,exp,xcdr,shmem_ds,1000000,10,1,measured,7,2026-09-09T14:28:24.551343Z,157298213541833,157298213391761,157298213541833,1788964104551235497,1788964104551276615,ok,
exp_constrained_pub_sub_xcdr__py_to_cpp__1000000B__10Hz__shmem_ds__best_effort,receive,sub,py_to_cpp,constrained_pub_sub,exp,xcdr,shmem_ds,1000000,10,1,measured,8,2026-09-09T14:28:24.650470Z,157298312668561,157298312529790,157298312668561,1788964104650361714,1788964104650405286,ok,
exp_constrained_pub_sub_xcdr__py_to_cpp__1000000B__10Hz__shmem_ds__best_effort,receive,sub,py_to_cpp,constrained_pub_sub,exp,xcdr,shmem_ds,1000000,10,1,measured,9,2026-09-09T14:28:24.750247Z,157298412445502,157298412308455,157298412445502,1788964104750141501,1788964104750181716,ok,
exp_constrained_pub_sub_xcdr__py_to_cpp__1000000B__10Hz__shmem_ds__best_effort,receive,sub,py_to_cpp,constrained_pub_sub,exp,xcdr,shmem_ds,1000000,10,1,measured,10,2026-09-09T14:28:24.849330Z,157298511528398,157298511394697,157298511528398,1788964104849224597,1788964104849265524,ok,
exp_constrained_pub_sub_xcdr__py_to_cpp__1000000B__10Hz__shmem_ds__best_effort,receive,sub,py_to_cpp,constrained_pub_sub,exp,xcdr,shmem_ds,1000000,10,1,measured,11,2026-09-09T14:28:24.948369Z,157298610568042,157298610437978,157298610568042,1788964104948266255,1788964104948302633,ok,
exp_constrained_pub_sub_xcdr__py_to_cpp__1000000B__10Hz__shmem_ds__best_effort,receive,sub,py_to_cpp,constrained_pub_sub,exp,xcdr,shmem_ds,1000000,10,1,measured,12,2026-09-09T14:28:25.048479Z,157298710677781,157298710547245,157298710677781,1788964105048376835,1788964105048412412,ok,
exp_constrained_pub_sub_xcdr__py_to_cpp__1000000B__10Hz__shmem_ds__best_effort,receive,sub,py_to_cpp,constrained_pub_sub,exp,xcdr,shmem_ds,1000000,10,1,measured,13,2026-09-09T14:28:25.147564Z,157298809762403,157298809630745,157298809762403,1788964105147461968,1788964105147499729,ok,
exp_constrained_pub_sub_xcdr__py_to_cpp__1000000B__10Hz__shmem_ds__best_effort,receive,sub,py_to_cpp,constrained_pub_sub,exp,xcdr,shmem_ds,1000000,10,1,measured,14,2026-09-09T14:28:25.246924Z,157298909122673,157298908977430,157298909122673,1788964105246820866,1788964105246859238,ok,
exp_constrained_pub_sub_xcdr__py_to_cpp__1000000B__10Hz__shmem_ds__best_effort,receive,sub,py_to_cpp,constrained_pub_sub,exp,xcdr,shmem_ds,1000000,10,1,measured,15,2026-09-09T14:28:25.347249Z,157299009447408,157299009312554,157299009447408,1788964105347144478,1788964105347182450,ok,
exp_constrained_pub_sub_xcdr__py_to_cpp__1000000B__10Hz__shmem_ds__best_effort,receive,sub,py_to_cpp,constrained_pub_sub,exp,xcdr,shmem_ds,1000000,10,1,measured,16,2026-09-09T14:28:25.447456Z,157299109655092,157299109524857,157299109655092,1788964105447356300,1788964105447391967,ok,
exp_constrained_pub_sub_xcdr__py_to_cpp__1000000B__10Hz__shmem_ds__best_effort,receive,sub,py_to_cpp,constrained_pub_sub,exp,xcdr,shmem_ds,1000000,10,1,measured,17,2026-09-09T14:28:25.547053Z,157299209251106,157299209100202,157299209251106,1788964105546931585,1788964105546967593,ok,
exp_constrained_pub_sub_xcdr__py_to_cpp__1000000B__10Hz__shmem_ds__best_effort,receive,sub,py_to_cpp,constrained_pub_sub,exp,xcdr,shmem_ds,1000000,10,1,measured,18,2026-09-09T14:28:25.647208Z,157299309406642,157299309256430,157299309406642,1788964105647091059,1788964105647132316,ok,
exp_constrained_pub_sub_xcdr__py_to_cpp__1000000B__10Hz__shmem_ds__best_effort,receive,sub,py_to_cpp,constrained_pub_sub,exp,xcdr,shmem_ds,1000000,10,1,measured,19,2026-09-09T14:28:25.747986Z,157299410184529,157299409966689,157299410184529,1788964105747835823,1788964105747882621,ok,
exp_constrained_pub_sub_xcdr__py_to_cpp__1000000B__10Hz__shmem_ds__best_effort,receive,sub,py_to_cpp,constrained_pub_sub,exp,xcdr,shmem_ds,1000000,10,1,measured,20,2026-09-09T14:28:25.847024Z,157299509220559,157299508843671,157299509220559,1788964105846769181,1788964105846851546,ok,
exp_constrained_pub_sub_xcdr__py_to_cpp__1000000B__10Hz__shmem_ds__best_effort,receive,sub,py_to_cpp,constrained_pub_sub,exp,xcdr,shmem_ds,1000000,10,1,measured,21,2026-09-09T14:28:25.947236Z,157299609428374,157299609272371,157299609428374,1788964105947104144,1788964105947143108,ok,
exp_constrained_pub_sub_xcdr__py_to_cpp__1000000B__10Hz__shmem_ds__best_effort,receive,sub,py_to_cpp,constrained_pub_sub,exp,xcdr,shmem_ds,1000000,10,1,measured,22,2026-09-09T14:28:26.048110Z,157299710308234,157299710171457,157299710308234,1788964106048004363,1788964106048041172,ok,
exp_constrained_pub_sub_xcdr__py_to_cpp__1000000B__10Hz__shmem_ds__best_effort,receive,sub,py_to_cpp,constrained_pub_sub,exp,xcdr,shmem_ds,1000000,10,1,measured,23,2026-09-09T14:28:26.147358Z,157299809556597,157299809443604,157299809556597,1788964106147268626,1788964106147298933,ok,
exp_constrained_pub_sub_xcdr__py_to_cpp__1000000B__10Hz__shmem_ds__best_effort,receive,sub,py_to_cpp,constrained_pub_sub,exp,xcdr,shmem_ds,1000000,10,1,measured,24,2026-09-09T14:28:26.246437Z,157299908635661,157299908548828,157299908635661,1788964106246368890,1788964106246396792,ok,
exp_constrained_pub_sub_xcdr__py_to_cpp__1000000B__10Hz__shmem_ds__best_effort,receive,sub,py_to_cpp,constrained_pub_sub,exp,xcdr,shmem_ds,1000000,10,1,measured,25,2026-09-09T14:28:26.347480Z,157300009678520,157300009543736,157300009678520,1788964106347386020,1788964106347421937,ok,
exp_constrained_pub_sub_xcdr__py_to_cpp__1000000B__10Hz__shmem_ds__best_effort,receive,sub,py_to_cpp,constrained_pub_sub,exp,xcdr,shmem_ds,1000000,10,1,measured,26,2026-09-09T14:28:26.447157Z,157300109354837,157300109239450,157300109354837,1788964106447066404,1788964106447099797,ok,
exp_constrained_pub_sub_xcdr__py_to_cpp__1000000B__10Hz__shmem_ds__best_effort,receive,sub,py_to_cpp,constrained_pub_sub,exp,xcdr,shmem_ds,1000000,10,1,measured,27,2026-09-09T14:28:26.546340Z,157300208538779,157300208442228,157300208538779,1788964106546269623,1788964106546289661,ok,
exp_constrained_pub_sub_xcdr__py_to_cpp__1000000B__10Hz__shmem_ds__best_effort,receive,sub,py_to_cpp,constrained_pub_sub,exp,xcdr,shmem_ds,1000000,10,1,measured,28,2026-09-09T14:28:26.645363Z,157300307561819,157300307479113,157300307561819,1788964106645299616,1788964106645319754,ok,
exp_constrained_pub_sub_xcdr__py_to_cpp__1000000B__10Hz__shmem_ds__best_effort,receive,sub,py_to_cpp,constrained_pub_sub,exp,xcdr,shmem_ds,1000000,10,1,measured,29,2026-09-09T14:28:26.746146Z,157300408343846,157300408207059,157300408343846,1788964106746048170,1788964106746067898,ok,
exp_constrained_pub_sub_xcdr__py_to_cpp__1000000B__10Hz__shmem_ds__best_effort,receive,sub,py_to_cpp,constrained_pub_sub,exp,xcdr,shmem_ds,1000000,10,1,measured,30,2026-09-09T14:28:26.846305Z,157300508502652,157300508365985,157300508502652,1788964106846199602,1788964106846225881,ok,
exp_constrained_pub_sub_xcdr__py_to_cpp__1000000B__10Hz__shmem_ds__best_effort,receive,sub,py_to_cpp,constrained_pub_sub,exp,xcdr,shmem_ds,1000000,10,1,measured,31,2026-09-09T14:28:26.947720Z,157300609918451,157300609760654,157300609918451,1788964106947608308,1788964106947654124,ok,
exp_constrained_pub_sub_xcdr__py_to_cpp__1000000B__10Hz__shmem_ds__best_effort,receive,sub,py_to_cpp,constrained_pub_sub,exp,xcdr,shmem_ds,1000000,10,1,measured,32,2026-09-09T14:28:27.047265Z,157300709464745,157300709394383,157300709464745,1788964107047212020,1788964107047229643,ok,
exp_constrained_pub_sub_xcdr__py_to_cpp__1000000B__10Hz__shmem_ds__best_effort,receive,sub,py_to_cpp,constrained_pub_sub,exp,xcdr,shmem_ds,1000000,10,1,measured,33,2026-09-09T14:28:27.147342Z,157300809541199,157300809474193,157300809541199,1788964107147290769,1788964107147312449,ok,
exp_constrained_pub_sub_xcdr__py_to_cpp__1000000B__10Hz__shmem_ds__best_effort,receive,sub,py_to_cpp,constrained_pub_sub,exp,xcdr,shmem_ds,1000000,10,1,measured,34,2026-09-09T14:28:27.248318Z,157300910517496,157300910456782,157300910517496,1788964107248274880,1788964107248289647,ok,
exp_constrained_pub_sub_xcdr__py_to_cpp__1000000B__10Hz__shmem_ds__best_effort,receive,sub,py_to_cpp,constrained_pub_sub,exp,xcdr,shmem_ds,1000000,10,1,measured,35,2026-09-09T14:28:27.347930Z,157301010129596,157301010070344,157301010129596,1788964107347885938,1788964107347900014,ok,
exp_constrained_pub_sub_xcdr__py_to_cpp__1000000B__10Hz__shmem_ds__best_effort,receive,sub,py_to_cpp,constrained_pub_sub,exp,xcdr,shmem_ds,1000000,10,1,measured,36,2026-09-09T14:28:27.448278Z,157301110477740,157301110405754,157301110477740,1788964107448237217,1788964107448251364,ok,
exp_constrained_pub_sub_xcdr__py_to_cpp__1000000B__10Hz__shmem_ds__best_effort,receive,sub,py_to_cpp,constrained_pub_sub,exp,xcdr,shmem_ds,1000000,10,1,measured,37,2026-09-09T14:28:27.549048Z,157301211246756,157301211164191,157301211246756,1788964107548990735,1788964107549006935,ok,
exp_constrained_pub_sub_xcdr__py_to_cpp__1000000B__10Hz__shmem_ds__best_effort,receive,sub,py_to_cpp,constrained_pub_sub,exp,xcdr,shmem_ds,1000000,10,1,measured,38,2026-09-09T14:28:27.649204Z,157301311403340,157301311312960,157301311403340,1788964107649140566,1788964107649164762,ok,
exp_constrained_pub_sub_xcdr__py_to_cpp__1000000B__10Hz__shmem_ds__best_effort,receive,sub,py_to_cpp,constrained_pub_sub,exp,xcdr,shmem_ds,1000000,10,1,measured,39,2026-09-09T14:28:27.750113Z,157301412311248,157301412224946,157301412311248,1788964107750055427,1788964107750073732,ok,
exp_constrained_pub_sub_xcdr__py_to_cpp__1000000B__10Hz__shmem_ds__best_effort,receive,sub,py_to_cpp,constrained_pub_sub,exp,xcdr,shmem_ds,1000000,10,1,measured,40,2026-09-09T14:28:27.850071Z,157301512269850,157301512134425,157301512269850,1788964107849965488,1788964107850004612,ok,
exp_constrained_pub_sub_xcdr__py_to_cpp__1000000B__10Hz__shmem_ds__best_effort,receive,sub,py_to_cpp,constrained_pub_sub,exp,xcdr,shmem_ds,1000000,10,1,measured,41,2026-09-09T14:28:27.950397Z,157301612595763,157301612514400,157301612595763,1788964107950334602,1788964107950355551,ok,
exp_constrained_pub_sub_xcdr__py_to_cpp__1000000B__10Hz__shmem_ds__best_effort,receive,sub,py_to_cpp,constrained_pub_sub,exp,xcdr,shmem_ds,1000000,10,1,measured,42,2026-09-09T14:28:28.049376Z,157301711574745,157301711473244,157301711574745,1788964108049297564,1788964108049329183,ok,
exp_constrained_pub_sub_xcdr__py_to_cpp__1000000B__10Hz__shmem_ds__best_effort,receive,sub,py_to_cpp,constrained_pub_sub,exp,xcdr,shmem_ds,1000000,10,1,measured,43,2026-09-09T14:28:28.149038Z,157301811236671,157301811150659,157301811236671,1788964108148970410,1788964108148992993,ok,
exp_constrained_pub_sub_xcdr__py_to_cpp__1000000B__10Hz__shmem_ds__best_effort,receive,sub,py_to_cpp,constrained_pub_sub,exp,xcdr,shmem_ds,1000000,10,1,measured,44,2026-09-09T14:28:28.248471Z,157301910669917,157301910586881,157301910669917,1788964108248405380,1788964108248425548,ok,
exp_constrained_pub_sub_xcdr__py_to_cpp__1000000B__10Hz__shmem_ds__best_effort,receive,sub,py_to_cpp,constrained_pub_sub,exp,xcdr,shmem_ds,1000000,10,1,measured,45,2026-09-09T14:28:28.347601Z,157302009800295,157302009725534,157302009800295,1788964108347542300,1788964108347563279,ok,
exp_constrained_pub_sub_xcdr__py_to_cpp__1000000B__10Hz__shmem_ds__best_effort,receive,sub,py_to_cpp,constrained_pub_sub,exp,xcdr,shmem_ds,1000000,10,1,measured,46,2026-09-09T14:28:28.447003Z,157302109202443,157302109132792,157302109202443,1788964108446948776,1788964108446965908,ok,
exp_constrained_pub_sub_xcdr__py_to_cpp__1000000B__10Hz__shmem_ds__best_effort,receive,sub,py_to_cpp,constrained_pub_sub,exp,xcdr,shmem_ds,1000000,10,1,measured,47,2026-09-09T14:28:28.546874Z,157302209072802,157302208907140,157302209072802,1788964108546738072,1788964108546777316,ok,
exp_constrained_pub_sub_xcdr__py_to_cpp__1000000B__10Hz__shmem_ds__best_effort,receive,sub,py_to_cpp,constrained_pub_sub,exp,xcdr,shmem_ds,1000000,10,1,measured,48,2026-09-09T14:28:28.646925Z,157302309123089,157302308905199,157302309123089,1788964108646770065,1788964108646837743,ok,
exp_constrained_pub_sub_xcdr__py_to_cpp__1000000B__10Hz__shmem_ds__best_effort,receive,sub,py_to_cpp,constrained_pub_sub,exp,xcdr,shmem_ds,1000000,10,1,measured,49,2026-09-09T14:28:28.746618Z,157302408814732,157302408527011,157302408814732,1788964108746413938,1788964108746497886,ok,
exp_constrained_pub_sub_xcdr__py_to_cpp__1000000B__10Hz__shmem_ds__best_effort,receive,sub,py_to_cpp,constrained_pub_sub,exp,xcdr,shmem_ds,1000000,10,1,measured,50,2026-09-09T14:28:28.846072Z,157302508261684,157302508068962,157302508261684,1788964108845924590,1788964108845976428,ok,
exp_constrained_pub_sub_xcdr__py_to_cpp__1000000B__10Hz__shmem_ds__best_effort,receive,sub,py_to_cpp,constrained_pub_sub,exp,xcdr,shmem_ds,1000000,10,1,measured,51,2026-09-09T14:28:28.945821Z,157302608019441,157302607852167,157302608019441,1788964108945694881,1788964108945735718,ok,
exp_constrained_pub_sub_xcdr__py_to_cpp__1000000B__10Hz__shmem_ds__best_effort,receive,sub,py_to_cpp,constrained_pub_sub,exp,xcdr,shmem_ds,1000000,10,1,measured,52,2026-09-09T14:28:29.045242Z,157302707440517,157302707294752,157302707440517,1788964109045133730,1788964109045173314,ok,
exp_constrained_pub_sub_xcdr__py_to_cpp__1000000B__10Hz__shmem_ds__best_effort,receive,sub,py_to_cpp,constrained_pub_sub,exp,xcdr,shmem_ds,1000000,10,1,measured,53,2026-09-09T14:28:29.144831Z,157302807029259,157302806880920,157302807029259,1788964109144720108,1788964109144758640,ok,
exp_constrained_pub_sub_xcdr__py_to_cpp__1000000B__10Hz__shmem_ds__best_effort,receive,sub,py_to_cpp,constrained_pub_sub,exp,xcdr,shmem_ds,1000000,10,1,measured,54,2026-09-09T14:28:29.245870Z,157302908067768,157302907915341,157302908067768,1788964109245765380,1788964109245811106,ok,
exp_constrained_pub_sub_xcdr__py_to_cpp__1000000B__10Hz__shmem_ds__best_effort,receive,sub,py_to_cpp,constrained_pub_sub,exp,xcdr,shmem_ds,1000000,10,1,measured,55,2026-09-09T14:28:29.345904Z,157303008103150,157303007959370,157303008103150,1788964109345791474,1788964109345834034,ok,
exp_constrained_pub_sub_xcdr__py_to_cpp__1000000B__10Hz__shmem_ds__best_effort,receive,sub,py_to_cpp,constrained_pub_sub,exp,xcdr,shmem_ds,1000000,10,1,measured,56,2026-09-09T14:28:29.446113Z,157303108311187,157303108175823,157303108311187,1788964109446006695,1788964109446043845,ok,
exp_constrained_pub_sub_xcdr__py_to_cpp__1000000B__10Hz__shmem_ds__best_effort,receive,sub,py_to_cpp,constrained_pub_sub,exp,xcdr,shmem_ds,1000000,10,1,measured,57,2026-09-09T14:28:29.545526Z,157303207724410,157303207592041,157303207724410,1788964109545423364,1788964109545456746,ok,
exp_constrained_pub_sub_xcdr__py_to_cpp__1000000B__10Hz__shmem_ds__best_effort,receive,sub,py_to_cpp,constrained_pub_sub,exp,xcdr,shmem_ds,1000000,10,1,measured,58,2026-09-09T14:28:29.646069Z,157303308268108,157303308123957,157303308268108,1788964109645958275,1788964109645997048,ok,
exp_constrained_pub_sub_xcdr__py_to_cpp__1000000B__10Hz__shmem_ds__best_effort,receive,sub,py_to_cpp,constrained_pub_sub,exp,xcdr,shmem_ds,1000000,10,1,measured,59,2026-09-09T14:28:29.745307Z,157303407505549,157303407371207,157303407505549,1788964109745204724,1788964109745239339,ok,
exp_constrained_pub_sub_xcdr__py_to_cpp__1000000B__10Hz__shmem_ds__best_effort,receive,sub,py_to_cpp,constrained_pub_sub,exp,xcdr,shmem_ds,1000000,10,1,measured,60,2026-09-09T14:28:29.845099Z,157303507297694,157303507157771,157303507297694,1788964109844990036,1788964109845031223,ok,
exp_constrained_pub_sub_xcdr__py_to_cpp__1000000B__10Hz__shmem_ds__best_effort,receive,sub,py_to_cpp,constrained_pub_sub,exp,xcdr,shmem_ds,1000000,10,1,measured,61,2026-09-09T14:28:29.945922Z,157303608120939,157303607995533,157303608120939,1788964109945837856,1788964109945868424,ok,
exp_constrained_pub_sub_xcdr__py_to_cpp__1000000B__10Hz__shmem_ds__best_effort,receive,sub,py_to_cpp,constrained_pub_sub,exp,xcdr,shmem_ds,1000000,10,1,measured,62,2026-09-09T14:28:30.046120Z,157303708318838,157303708232075,157303708318838,1788964110046053058,1788964110046083215,ok,
exp_constrained_pub_sub_xcdr__py_to_cpp__1000000B__10Hz__shmem_ds__best_effort,receive,sub,py_to_cpp,constrained_pub_sub,exp,xcdr,shmem_ds,1000000,10,1,measured,63,2026-09-09T14:28:30.146161Z,157303808359865,157303808299301,157303808359865,1788964110146117008,1788964110146130904,ok,
exp_constrained_pub_sub_xcdr__py_to_cpp__1000000B__10Hz__shmem_ds__best_effort,receive,sub,py_to_cpp,constrained_pub_sub,exp,xcdr,shmem_ds,1000000,10,1,measured,64,2026-09-09T14:28:30.246685Z,157303908883818,157303908746500,157303908883818,1788964110246578123,1788964110246617377,ok,
exp_constrained_pub_sub_xcdr__py_to_cpp__1000000B__10Hz__shmem_ds__best_effort,receive,sub,py_to_cpp,constrained_pub_sub,exp,xcdr,shmem_ds,1000000,10,1,measured,65,2026-09-09T14:28:30.347312Z,157304009510155,157304009348902,157304009510155,1788964110347185795,1788964110347232323,ok,
exp_constrained_pub_sub_xcdr__py_to_cpp__1000000B__10Hz__shmem_ds__best_effort,receive,sub,py_to_cpp,constrained_pub_sub,exp,xcdr,shmem_ds,1000000,10,1,measured,66,2026-09-09T14:28:30.448669Z,157304110866275,157304110663133,157304110866275,1788964110448530443,1788964110448578333,ok,
exp_constrained_pub_sub_xcdr__py_to_cpp__1000000B__10Hz__shmem_ds__best_effort,receive,sub,py_to_cpp,constrained_pub_sub,exp,xcdr,shmem_ds,1000000,10,1,measured,67,2026-09-09T14:28:30.547822Z,157304210021164,157304209808554,157304210021164,1788964110547660816,1788964110547724506,ok,
exp_constrained_pub_sub_xcdr__py_to_cpp__1000000B__10Hz__shmem_ds__best_effort,receive,sub,py_to_cpp,constrained_pub_sub,exp,xcdr,shmem_ds,1000000,10,1,measured,68,2026-09-09T14:28:30.647211Z,157304309409212,157304309213644,157304309409212,1788964110647061538,1788964110647111101,ok,
exp_constrained_pub_sub_xcdr__py_to_cpp__1000000B__10Hz__shmem_ds__best_effort,receive,sub,py_to_cpp,constrained_pub_sub,exp,xcdr,shmem_ds,1000000,10,1,measured,69,2026-09-09T14:28:30.747323Z,157304409521632,157304409354468,157304409521632,1788964110747214154,1788964110747253177,ok,
exp_constrained_pub_sub_xcdr__py_to_cpp__1000000B__10Hz__shmem_ds__best_effort,receive,sub,py_to_cpp,constrained_pub_sub,exp,xcdr,shmem_ds,1000000,10,1,measured,70,2026-09-09T14:28:30.846268Z,157304508466356,157304508322685,157304508466356,1788964110846154229,1788964110846194565,ok,
exp_constrained_pub_sub_xcdr__py_to_cpp__1000000B__10Hz__shmem_ds__best_effort,receive,sub,py_to_cpp,constrained_pub_sub,exp,xcdr,shmem_ds,1000000,10,1,measured,71,2026-09-09T14:28:30.945197Z,157304607395510,157304607257370,157304607395510,1788964110945093192,1788964110945133768,ok,
exp_constrained_pub_sub_xcdr__py_to_cpp__1000000B__10Hz__shmem_ds__best_effort,receive,sub,py_to_cpp,constrained_pub_sub,exp,xcdr,shmem_ds,1000000,10,1,measured,72,2026-09-09T14:28:31.046181Z,157304708379271,157304708252823,157304708379271,1788964111046083555,1788964111046122739,ok,
exp_constrained_pub_sub_xcdr__py_to_cpp__1000000B__10Hz__shmem_ds__best_effort,receive,sub,py_to_cpp,constrained_pub_sub,exp,xcdr,shmem_ds,1000000,10,1,measured,73,2026-09-09T14:28:31.146913Z,157304809109857,157304808965616,157304809109857,1788964111146799243,1788964111146842174,ok,
exp_constrained_pub_sub_xcdr__py_to_cpp__1000000B__10Hz__shmem_ds__best_effort,receive,sub,py_to_cpp,constrained_pub_sub,exp,xcdr,shmem_ds,1000000,10,1,measured,74,2026-09-09T14:28:31.246293Z,157304908490774,157304908383512,157304908490774,1788964111246205448,1788964111246233641,ok,
exp_constrained_pub_sub_xcdr__py_to_cpp__1000000B__10Hz__shmem_ds__best_effort,receive,sub,py_to_cpp,constrained_pub_sub,exp,xcdr,shmem_ds,1000000,10,1,measured,75,2026-09-09T14:28:31.346518Z,157305008716380,157305008635558,157305008716380,1788964111346454317,1788964111346478673,ok,
exp_constrained_pub_sub_xcdr__py_to_cpp__1000000B__10Hz__shmem_ds__best_effort,receive,sub,py_to_cpp,constrained_pub_sub,exp,xcdr,shmem_ds,1000000,10,1,measured,76,2026-09-09T14:28:31.446426Z,157305108624599,157305108531143,157305108624599,1788964111446350874,1788964111446377294,ok,
exp_constrained_pub_sub_xcdr__py_to_cpp__1000000B__10Hz__shmem_ds__best_effort,receive,sub,py_to_cpp,constrained_pub_sub,exp,xcdr,shmem_ds,1000000,10,1,measured,77,2026-09-09T14:28:31.547292Z,157305209491000,157305209391603,157305209491000,1788964111547215372,1788964111547245037,ok,
exp_constrained_pub_sub_xcdr__py_to_cpp__1000000B__10Hz__shmem_ds__best_effort,receive,sub,py_to_cpp,constrained_pub_sub,exp,xcdr,shmem_ds,1000000,10,1,measured,78,2026-09-09T14:28:31.647064Z,157305309252543,157305309166561,157305309252543,1788964111646985982,1788964111647011520,ok,
exp_constrained_pub_sub_xcdr__py_to_cpp__1000000B__10Hz__shmem_ds__best_effort,receive,sub,py_to_cpp,constrained_pub_sub,exp,xcdr,shmem_ds,1000000,10,1,measured,79,2026-09-09T14:28:31.746755Z,157305408953242,157305408802488,157305408953242,1788964111746636046,1788964111746684447,ok,
exp_constrained_pub_sub_xcdr__py_to_cpp__1000000B__10Hz__shmem_ds__best_effort,receive,sub,py_to_cpp,constrained_pub_sub,exp,xcdr,shmem_ds,1000000,10,1,measured,80,2026-09-09T14:28:31.846358Z,157305508557229,157305508452722,157305508557229,1788964111846276802,1788964111846307660,ok,
exp_constrained_pub_sub_xcdr__py_to_cpp__1000000B__10Hz__shmem_ds__best_effort,receive,sub,py_to_cpp,constrained_pub_sub,exp,xcdr,shmem_ds,1000000,10,1,measured,81,2026-09-09T14:28:31.946503Z,157305608701742,157305608567199,157305608701742,1788964111946403060,1788964111946440982,ok,
exp_constrained_pub_sub_xcdr__py_to_cpp__1000000B__10Hz__shmem_ds__best_effort,receive,sub,py_to_cpp,constrained_pub_sub,exp,xcdr,shmem_ds,1000000,10,1,measured,82,2026-09-09T14:28:32.046359Z,157305708557654,157305708438060,157305708557654,1788964112046284811,1788964112046321060,ok,
exp_constrained_pub_sub_xcdr__py_to_cpp__1000000B__10Hz__shmem_ds__best_effort,receive,sub,py_to_cpp,constrained_pub_sub,exp,xcdr,shmem_ds,1000000,10,1,measured,83,2026-09-09T14:28:32.146061Z,157305808258336,157305808136888,157305808258336,1788964112145977408,1788964112146010029,ok,
exp_constrained_pub_sub_xcdr__py_to_cpp__1000000B__10Hz__shmem_ds__best_effort,receive,sub,py_to_cpp,constrained_pub_sub,exp,xcdr,shmem_ds,1000000,10,1,measured,84,2026-09-09T14:28:32.246653Z,157305908851577,157305908742422,157305908851577,1788964112246571490,1788964112246598992,ok,
exp_constrained_pub_sub_xcdr__py_to_cpp__1000000B__10Hz__shmem_ds__best_effort,receive,sub,py_to_cpp,constrained_pub_sub,exp,xcdr,shmem_ds,1000000,10,1,measured,85,2026-09-09T14:28:32.346768Z,157306008966839,157306008845360,157306008966839,1788964112346673196,1788964112346707902,ok,
exp_constrained_pub_sub_xcdr__py_to_cpp__1000000B__10Hz__shmem_ds__best_effort,receive,sub,py_to_cpp,constrained_pub_sub,exp,xcdr,shmem_ds,1000000,10,1,measured,86,2026-09-09T14:28:32.446032Z,157306108230569,157306108124569,157306108230569,1788964112445947777,1788964112445980028,ok,
exp_constrained_pub_sub_xcdr__py_to_cpp__1000000B__10Hz__shmem_ds__best_effort,receive,sub,py_to_cpp,constrained_pub_sub,exp,xcdr,shmem_ds,1000000,10,1,measured,87,2026-09-09T14:28:32.547004Z,157306209202502,157306209105289,157306209202502,1788964112546927034,1788964112546956489,ok,
exp_constrained_pub_sub_xcdr__py_to_cpp__1000000B__10Hz__shmem_ds__best_effort,receive,sub,py_to_cpp,constrained_pub_sub,exp,xcdr,shmem_ds,1000000,10,1,measured,88,2026-09-09T14:28:32.647122Z,157306309320779,157306309206223,157306309320779,1788964112647032507,1788964112647063014,ok,
exp_constrained_pub_sub_xcdr__py_to_cpp__1000000B__10Hz__shmem_ds__best_effort,receive,sub,py_to_cpp,constrained_pub_sub,exp,xcdr,shmem_ds,1000000,10,1,measured,89,2026-09-09T14:28:32.746485Z,157306408683345,157306408500591,157306408683345,1788964112746342784,1788964112746397698,ok,
exp_constrained_pub_sub_xcdr__py_to_cpp__1000000B__10Hz__shmem_ds__best_effort,receive,sub,py_to_cpp,constrained_pub_sub,exp,xcdr,shmem_ds,1000000,10,1,measured,90,2026-09-09T14:28:32.845302Z,157306507501406,157306507415955,157306507501406,1788964112845235787,1788964112845261345,ok,
exp_constrained_pub_sub_xcdr__py_to_cpp__1000000B__10Hz__shmem_ds__best_effort,receive,sub,py_to_cpp,constrained_pub_sub,exp,xcdr,shmem_ds,1000000,10,1,measured,91,2026-09-09T14:28:32.944743Z,157306606940997,157306606751621,157306606940997,1788964112944597822,1788964112944650150,ok,
exp_constrained_pub_sub_xcdr__py_to_cpp__1000000B__10Hz__shmem_ds__best_effort,receive,sub,py_to_cpp,constrained_pub_sub,exp,xcdr,shmem_ds,1000000,10,1,measured,92,2026-09-09T14:28:33.044756Z,157306706954589,157306706863427,157306706954589,1788964113044684441,1788964113044712143,ok,
exp_constrained_pub_sub_xcdr__py_to_cpp__1000000B__10Hz__shmem_ds__best_effort,receive,sub,py_to_cpp,constrained_pub_sub,exp,xcdr,shmem_ds,1000000,10,1,measured,93,2026-09-09T14:28:33.145120Z,157306807319592,157306807249230,157306807319592,1788964113145066296,1788964113145089980,ok,
exp_constrained_pub_sub_xcdr__py_to_cpp__1000000B__10Hz__shmem_ds__best_effort,receive,sub,py_to_cpp,constrained_pub_sub,exp,xcdr,shmem_ds,1000000,10,1,measured,94,2026-09-09T14:28:33.245108Z,157306907307037,157306907223350,157306907307037,1788964113245043652,1788964113245064782,ok,
exp_constrained_pub_sub_xcdr__py_to_cpp__1000000B__10Hz__shmem_ds__best_effort,receive,sub,py_to_cpp,constrained_pub_sub,exp,xcdr,shmem_ds,1000000,10,1,measured,95,2026-09-09T14:28:33.344365Z,157307006563937,157307006422371,157307006563937,1788964113344252101,1788964113344290203,ok,
exp_constrained_pub_sub_xcdr__py_to_cpp__1000000B__10Hz__shmem_ds__best_effort,receive,sub,py_to_cpp,constrained_pub_sub,exp,xcdr,shmem_ds,1000000,10,1,measured,96,2026-09-09T14:28:33.444314Z,157307106512258,157307106366504,157307106512258,1788964113444195773,1788964113444235388,ok,
exp_constrained_pub_sub_xcdr__py_to_cpp__1000000B__10Hz__shmem_ds__best_effort,receive,sub,py_to_cpp,constrained_pub_sub,exp,xcdr,shmem_ds,1000000,10,1,measured,97,2026-09-09T14:28:33.545057Z,157307207254712,157307207127082,157307207254712,1788964113544957113,1788964113544991508,ok,
exp_constrained_pub_sub_xcdr__py_to_cpp__1000000B__10Hz__shmem_ds__best_effort,receive,sub,py_to_cpp,constrained_pub_sub,exp,xcdr,shmem_ds,1000000,10,1,measured,98,2026-09-09T14:28:33.645066Z,157307307264288,157307307164400,157307307264288,1788964113644984542,1788964113645014579,ok,
exp_constrained_pub_sub_xcdr__py_to_cpp__1000000B__10Hz__shmem_ds__best_effort,receive,sub,py_to_cpp,constrained_pub_sub,exp,xcdr,shmem_ds,1000000,10,1,measured,99,2026-09-09T14:28:33.746055Z,157307408254138,157307408161614,157307408254138,1788964113745981545,1788964113746007624,ok,
exp_constrained_pub_sub_xcdr__py_to_cpp__1000000B__10Hz__shmem_ds__best_effort,receive,sub,py_to_cpp,constrained_pub_sub,exp,xcdr,shmem_ds,1000000,10,1,measured,100,2026-09-09T14:28:33.846747Z,157307508945447,157307508786347,157307508945447,1788964113846629593,1788964113846670550,ok,
exp_constrained_pub_sub_xcdr__py_to_cpp__1000000B__10Hz__shmem_ds__best_effort,receive,sub,py_to_cpp,constrained_pub_sub,exp,xcdr,shmem_ds,1000000,10,1,measured,101,2026-09-09T14:28:33.945829Z,157307608026826,157307607867717,157307608026826,1788964113945700553,1788964113945742862,ok,
exp_constrained_pub_sub_xcdr__py_to_cpp__1000000B__10Hz__shmem_ds__best_effort,receive,sub,py_to_cpp,constrained_pub_sub,exp,xcdr,shmem_ds,1000000,10,1,measured,102,2026-09-09T14:28:34.046503Z,157307708701885,157307708540923,157307708701885,1788964114046382926,1788964114046425556,ok,
exp_constrained_pub_sub_xcdr__py_to_cpp__1000000B__10Hz__shmem_ds__best_effort,receive,sub,py_to_cpp,constrained_pub_sub,exp,xcdr,shmem_ds,1000000,10,1,measured,103,2026-09-09T14:28:34.147862Z,157307810059260,157307809759836,157307810059260,1788964114147696778,1788964114147763664,ok,
exp_constrained_pub_sub_xcdr__py_to_cpp__1000000B__10Hz__shmem_ds__best_effort,receive,sub,py_to_cpp,constrained_pub_sub,exp,xcdr,shmem_ds,1000000,10,1,measured,104,2026-09-09T14:28:34.247139Z,157307909337663,157307909189855,157307909337663,1788964114247040254,1788964114247079948,ok,
exp_constrained_pub_sub_xcdr__py_to_cpp__1000000B__10Hz__shmem_ds__best_effort,receive,sub,py_to_cpp,constrained_pub_sub,exp,xcdr,shmem_ds,1000000,10,1,measured,105,2026-09-09T14:28:34.346373Z,157308008570581,157308008418816,157308008570581,1788964114346249698,1788964114346290865,ok,
exp_constrained_pub_sub_xcdr__py_to_cpp__1000000B__10Hz__shmem_ds__best_effort,receive,sub,py_to_cpp,constrained_pub_sub,exp,xcdr,shmem_ds,1000000,10,1,measured,106,2026-09-09T14:28:34.446869Z,157308109067737,157308108926782,157308109067737,1788964114446757814,1788964114446798441,ok,
exp_constrained_pub_sub_xcdr__py_to_cpp__1000000B__10Hz__shmem_ds__best_effort,receive,sub,py_to_cpp,constrained_pub_sub,exp,xcdr,shmem_ds,1000000,10,1,measured,107,2026-09-09T14:28:34.546011Z,157308208207019,157308207913697,157308208207019,1788964114545767943,1788964114545860978,ok,
exp_constrained_pub_sub_xcdr__py_to_cpp__1000000B__10Hz__shmem_ds__best_effort,receive,sub,py_to_cpp,constrained_pub_sub,exp,xcdr,shmem_ds,1000000,10,1,measured,108,2026-09-09T14:28:34.645781Z,157308307979632,157308307846050,157308307979632,1788964114645677333,1788964114645715325,ok,
exp_constrained_pub_sub_xcdr__py_to_cpp__1000000B__10Hz__shmem_ds__best_effort,receive,sub,py_to_cpp,constrained_pub_sub,exp,xcdr,shmem_ds,1000000,10,1,measured,109,2026-09-09T14:28:34.746347Z,157308408544966,157308408333579,157308408544966,1788964114746194778,1788964114746249531,ok,
exp_constrained_pub_sub_xcdr__py_to_cpp__1000000B__10Hz__shmem_ds__best_effort,receive,sub,py_to_cpp,constrained_pub_sub,exp,xcdr,shmem_ds,1000000,10,1,measured,110,2026-09-09T14:28:34.846496Z,157308508694328,157308508592997,157308508694328,1788964114846418359,1788964114846449518,ok,
exp_constrained_pub_sub_xcdr__py_to_cpp__1000000B__10Hz__shmem_ds__best_effort,receive,sub,py_to_cpp,constrained_pub_sub,exp,xcdr,shmem_ds,1000000,10,1,measured,111,2026-09-09T14:28:34.947005Z,157308609203717,157308609068953,157308609203717,1788964114946897261,1788964114946934370,ok,
exp_constrained_pub_sub_xcdr__py_to_cpp__1000000B__10Hz__shmem_ds__best_effort,receive,sub,py_to_cpp,constrained_pub_sub,exp,xcdr,shmem_ds,1000000,10,1,measured,112,2026-09-09T14:28:35.046678Z,157308708876774,157308708788668,157308708876774,1788964115046609972,1788964115046635781,ok,
exp_constrained_pub_sub_xcdr__py_to_cpp__1000000B__10Hz__shmem_ds__best_effort,receive,sub,py_to_cpp,constrained_pub_sub,exp,xcdr,shmem_ds,1000000,10,1,measured,113,2026-09-09T14:28:35.146671Z,157308808870115,157308808787199,157308808870115,1788964115146607772,1788964115146631777,ok,
exp_constrained_pub_sub_xcdr__py_to_cpp__1000000B__10Hz__shmem_ds__best_effort,receive,sub,py_to_cpp,constrained_pub_sub,exp,xcdr,shmem_ds,1000000,10,1,measured,114,2026-09-09T14:28:35.246295Z,157308908492077,157308908315295,157308908492077,1788964115246153491,1788964115246201882,ok,
exp_constrained_pub_sub_xcdr__py_to_cpp__1000000B__10Hz__shmem_ds__best_effort,receive,sub,py_to_cpp,constrained_pub_sub,exp,xcdr,shmem_ds,1000000,10,1,measured,115,2026-09-09T14:28:35.347147Z,157309009345727,157309009222165,157309009345727,1788964115347050953,1788964115347089145,ok,
exp_constrained_pub_sub_xcdr__py_to_cpp__1000000B__10Hz__shmem_ds__best_effort,receive,sub,py_to_cpp,constrained_pub_sub,exp,xcdr,shmem_ds,1000000,10,1,measured,116,2026-09-09T14:28:35.447598Z,157309109796199,157309109689459,157309109796199,1788964115447517435,1788964115447549265,ok,
exp_constrained_pub_sub_xcdr__py_to_cpp__1000000B__10Hz__shmem_ds__best_effort,receive,sub,py_to_cpp,constrained_pub_sub,exp,xcdr,shmem_ds,1000000,10,1,measured,117,2026-09-09T14:28:35.547499Z,157309209697346,157309209589103,157309209697346,1788964115547415907,1788964115547447817,ok,
exp_constrained_pub_sub_xcdr__py_to_cpp__1000000B__10Hz__shmem_ds__best_effort,receive,sub,py_to_cpp,constrained_pub_sub,exp,xcdr,shmem_ds,1000000,10,1,measured,118,2026-09-09T14:28:35.647640Z,157309309838547,157309309714794,157309309838547,1788964115647542570,1788964115647578578,ok,
exp_constrained_pub_sub_xcdr__py_to_cpp__1000000B__10Hz__shmem_ds__best_effort,receive,sub,py_to_cpp,constrained_pub_sub,exp,xcdr,shmem_ds,1000000,10,1,measured,119,2026-09-09T14:28:35.747775Z,157309409973574,157309409878254,157309409973574,1788964115747702213,1788964115747732260,ok,
exp_constrained_pub_sub_xcdr__py_to_cpp__1000000B__10Hz__shmem_ds__best_effort,receive,sub,py_to_cpp,constrained_pub_sub,exp,xcdr,shmem_ds,1000000,10,1,measured,120,2026-09-09T14:28:35.847241Z,157309509439242,157309509285503,157309509439242,1788964115847118639,1788964115847166660,ok,
exp_constrained_pub_sub_xcdr__py_to_cpp__1000000B__10Hz__shmem_ds__best_effort,receive,sub,py_to_cpp,constrained_pub_sub,exp,xcdr,shmem_ds,1000000,10,1,measured,121,2026-09-09T14:28:35.947743Z,157309609940799,157309609808681,157309609940799,1788964115947645724,1788964115947682273,ok,
exp_constrained_pub_sub_xcdr__py_to_cpp__1000000B__10Hz__shmem_ds__best_effort,receive,sub,py_to_cpp,constrained_pub_sub,exp,xcdr,shmem_ds,1000000,10,1,measured,122,2026-09-09T14:28:36.047815Z,157309710013542,157309709892254,157309710013542,1788964116047727554,1788964116047764834,ok,
exp_constrained_pub_sub_xcdr__py_to_cpp__1000000B__10Hz__shmem_ds__best_effort,receive,sub,py_to_cpp,constrained_pub_sub,exp,xcdr,shmem_ds,1000000,10,1,measured,123,2026-09-09T14:28:36.148070Z,157309810268929,157309810140538,157309810268929,1788964116147976329,1788964116148017927,ok,
exp_constrained_pub_sub_xcdr__py_to_cpp__1000000B__10Hz__shmem_ds__best_effort,receive,sub,py_to_cpp,constrained_pub_sub,exp,xcdr,shmem_ds,1000000,10,1,measured,124,2026-09-09T14:28:36.247831Z,157309910030086,157309909952851,157309910030086,1788964116247774887,1788964116247798521,ok,
exp_constrained_pub_sub_xcdr__py_to_cpp__1000000B__10Hz__shmem_ds__best_effort,receive,sub,py_to_cpp,constrained_pub_sub,exp,xcdr,shmem_ds,1000000,10,1,measured,125,2026-09-09T14:28:36.347155Z,157310009354001,157310009279281,157310009354001,1788964116347101677,1788964116347123668,ok,
exp_constrained_pub_sub_xcdr__py_to_cpp__1000000B__10Hz__shmem_ds__best_effort,receive,sub,py_to_cpp,constrained_pub_sub,exp,xcdr,shmem_ds,1000000,10,1,measured,126,2026-09-09T14:28:36.447028Z,157310109226859,157310109136409,157310109226859,1788964116446967090,1788964116446988300,ok,
exp_constrained_pub_sub_xcdr__py_to_cpp__1000000B__10Hz__shmem_ds__best_effort,receive,sub,py_to_cpp,constrained_pub_sub,exp,xcdr,shmem_ds,1000000,10,1,measured,127,2026-09-09T14:28:36.546215Z,157310208413837,157310208297888,157310208413837,1788964116546129632,1788964116546161041,ok,
exp_constrained_pub_sub_xcdr__py_to_cpp__1000000B__10Hz__shmem_ds__best_effort,receive,sub,py_to_cpp,constrained_pub_sub,exp,xcdr,shmem_ds,1000000,10,1,measured,128,2026-09-09T14:28:36.646721Z,157310308919985,157310308834244,157310308919985,1788964116646665226,1788964116646693329,ok,
exp_constrained_pub_sub_xcdr__py_to_cpp__1000000B__10Hz__shmem_ds__best_effort,receive,sub,py_to_cpp,constrained_pub_sub,exp,xcdr,shmem_ds,1000000,10,1,measured,129,2026-09-09T14:28:36.747989Z,157310410185823,157310409972932,157310410185823,1788964116747837789,1788964116747896539,ok,
exp_constrained_pub_sub_xcdr__py_to_cpp__1000000B__10Hz__shmem_ds__best_effort,receive,sub,py_to_cpp,constrained_pub_sub,exp,xcdr,shmem_ds,1000000,10,1,measured,130,2026-09-09T14:28:36.848274Z,157310510473221,157310510350029,157310510473221,1788964116848191631,1788964116848227158,ok,
exp_constrained_pub_sub_xcdr__py_to_cpp__1000000B__10Hz__shmem_ds__best_effort,receive,sub,py_to_cpp,constrained_pub_sub,exp,xcdr,shmem_ds,1000000,10,1,measured,131,2026-09-09T14:28:36.947889Z,157310610087942,157310609955854,157310610087942,1788964116947790213,1788964116947831300,ok,
exp_constrained_pub_sub_xcdr__py_to_cpp__1000000B__10Hz__shmem_ds__best_effort,receive,sub,py_to_cpp,constrained_pub_sub,exp,xcdr,shmem_ds,1000000,10,1,measured,132,2026-09-09T14:28:37.047117Z,157310709316810,157310709215529,157310709316810,1788964117047052192,1788964117047087559,ok,
exp_constrained_pub_sub_xcdr__py_to_cpp__1000000B__10Hz__shmem_ds__best_effort,receive,sub,py_to_cpp,constrained_pub_sub,exp,xcdr,shmem_ds,1000000,10,1,measured,133,2026-09-09T14:28:37.148001Z,157310810199119,157310810010124,157310810199119,1788964117147870040,1788964117147916167,ok,
exp_constrained_pub_sub_xcdr__py_to_cpp__1000000B__10Hz__shmem_ds__best_effort,receive,sub,py_to_cpp,constrained_pub_sub,exp,xcdr,shmem_ds,1000000,10,1,measured,134,2026-09-09T14:28:37.248668Z,157310910867827,157310910782727,157310910867827,1788964117248616695,1788964117248644116,ok,
exp_constrained_pub_sub_xcdr__py_to_cpp__1000000B__10Hz__shmem_ds__best_effort,receive,sub,py_to_cpp,constrained_pub_sub,exp,xcdr,shmem_ds,1000000,10,1,measured,135,2026-09-09T14:28:37.347737Z,157311009929391,157311009862896,157311009929391,1788964117347686695,1788964117347705991,ok,
exp_constrained_pub_sub_xcdr__py_to_cpp__1000000B__10Hz__shmem_ds__best_effort,receive,sub,py_to_cpp,constrained_pub_sub,exp,xcdr,shmem_ds,1000000,10,1,measured,136,2026-09-09T14:28:37.447799Z,157311109998130,157311109925554,157311109998130,1788964117447751486,1788964117447775602,ok,
exp_constrained_pub_sub_xcdr__py_to_cpp__1000000B__10Hz__shmem_ds__best_effort,receive,sub,py_to_cpp,constrained_pub_sub,exp,xcdr,shmem_ds,1000000,10,1,measured,137,2026-09-09T14:28:37.546811Z,157311209009751,157311208914642,157311209009751,1788964117546740094,1788964117546767265,ok,
exp_constrained_pub_sub_xcdr__py_to_cpp__1000000B__10Hz__shmem_ds__best_effort,receive,sub,py_to_cpp,constrained_pub_sub,exp,xcdr,shmem_ds,1000000,10,1,measured,138,2026-09-09T14:28:37.647374Z,157311309573170,157311309503228,157311309573170,1788964117647327087,1788964117647351172,ok,
exp_constrained_pub_sub_xcdr__py_to_cpp__1000000B__10Hz__shmem_ds__best_effort,receive,sub,py_to_cpp,constrained_pub_sub,exp,xcdr,shmem_ds,1000000,10,1,measured,139,2026-09-09T14:28:37.748043Z,157311410240174,157311410099329,157311410240174,1788964117747939409,1788964117747971609,ok,
exp_constrained_pub_sub_xcdr__py_to_cpp__1000000B__10Hz__shmem_ds__best_effort,receive,sub,py_to_cpp,constrained_pub_sub,exp,xcdr,shmem_ds,1000000,10,1,measured,140,2026-09-09T14:28:37.847133Z,157311509332256,157311509224163,157311509332256,1788964117847057139,1788964117847089520,ok,
exp_constrained_pub_sub_xcdr__py_to_cpp__1000000B__10Hz__shmem_ds__best_effort,receive,sub,py_to_cpp,constrained_pub_sub,exp,xcdr,shmem_ds,1000000,10,1,measured,141,2026-09-09T14:28:37.947113Z,157311609311466,157311609184868,157311609311466,1788964117947021261,1788964117947055535,ok,
exp_constrained_pub_sub_xcdr__py_to_cpp__1000000B__10Hz__shmem_ds__best_effort,receive,sub,py_to_cpp,constrained_pub_sub,exp,xcdr,shmem_ds,1000000,10,1,measured,142,2026-09-09T14:28:38.047273Z,157311709472420,157311709385837,157311709472420,1788964118047221178,1788964118047249501,ok,
exp_constrained_pub_sub_xcdr__py_to_cpp__1000000B__10Hz__shmem_ds__best_effort,receive,sub,py_to_cpp,constrained_pub_sub,exp,xcdr,shmem_ds,1000000,10,1,measured,143,2026-09-09T14:28:38.146666Z,157311808865561,157311808780692,157311808865561,1788964118146608829,1788964118146637633,ok,
exp_constrained_pub_sub_xcdr__py_to_cpp__1000000B__10Hz__shmem_ds__best_effort,receive,sub,py_to_cpp,constrained_pub_sub,exp,xcdr,shmem_ds,1000000,10,1,measured,144,2026-09-09T14:28:38.247507Z,157311909706406,157311909639600,157311909706406,1788964118247460514,1788964118247482816,ok,
exp_constrained_pub_sub_xcdr__py_to_cpp__1000000B__10Hz__shmem_ds__best_effort,receive,sub,py_to_cpp,constrained_pub_sub,exp,xcdr,shmem_ds,1000000,10,1,measured,145,2026-09-09T14:28:38.347329Z,157312009527402,157312009402828,157312009527402,1788964118347235683,1788964118347266872,ok,
exp_constrained_pub_sub_xcdr__py_to_cpp__1000000B__10Hz__shmem_ds__best_effort,receive,sub,py_to_cpp,constrained_pub_sub,exp,xcdr,shmem_ds,1000000,10,1,measured,146,2026-09-09T14:28:38.446894Z,157312109092336,157312108997077,157312109092336,1788964118446833128,1788964118446862313,ok,
exp_constrained_pub_sub_xcdr__py_to_cpp__1000000B__10Hz__shmem_ds__best_effort,receive,sub,py_to_cpp,constrained_pub_sub,exp,xcdr,shmem_ds,1000000,10,1,measured,147,2026-09-09T14:28:38.546707Z,157312208905056,157312208804106,157312208905056,1788964118546636271,1788964118546668271,ok,
exp_constrained_pub_sub_xcdr__py_to_cpp__1000000B__10Hz__shmem_ds__best_effort,receive,sub,py_to_cpp,constrained_pub_sub,exp,xcdr,shmem_ds,1000000,10,1,measured,148,2026-09-09T14:28:38.647356Z,157312309554942,157312309463690,157312309554942,1788964118647291827,1788964118647320270,ok,
exp_constrained_pub_sub_xcdr__py_to_cpp__1000000B__10Hz__shmem_ds__best_effort,receive,sub,py_to_cpp,constrained_pub_sub,exp,xcdr,shmem_ds,1000000,10,1,measured,149,2026-09-09T14:28:38.746929Z,157312409126970,157312408952802,157312409126970,1788964118746799484,1788964118746853626,ok,
exp_constrained_pub_sub_xcdr__py_to_cpp__1000000B__10Hz__shmem_ds__best_effort,receive,sub,py_to_cpp,constrained_pub_sub,exp,xcdr,shmem_ds,1000000,10,1,measured,150,2026-09-09T14:28:38.846238Z,157312508437325,157312508359538,157312508437325,1788964118846186313,1788964118846210839,ok,
exp_constrained_pub_sub_xcdr__py_to_cpp__1000000B__10Hz__shmem_ds__best_effort,receive,sub,py_to_cpp,constrained_pub_sub,exp,xcdr,shmem_ds,1000000,10,1,measured,151,2026-09-09T14:28:38.947278Z,157312609476012,157312609347881,157312609476012,1788964118947184814,1788964118947219980,ok,
exp_constrained_pub_sub_xcdr__py_to_cpp__1000000B__10Hz__shmem_ds__best_effort,receive,sub,py_to_cpp,constrained_pub_sub,exp,xcdr,shmem_ds,1000000,10,1,measured,152,2026-09-09T14:28:39.047567Z,157312709766703,157312709672836,157312709766703,1788964119047507636,1788964119047542261,ok,
exp_constrained_pub_sub_xcdr__py_to_cpp__1000000B__10Hz__shmem_ds__best_effort,receive,sub,py_to_cpp,constrained_pub_sub,exp,xcdr,shmem_ds,1000000,10,1,measured,153,2026-09-09T14:28:39.147448Z,157312809647113,157312809571040,157312809647113,1788964119147398596,1788964119147427530,ok,
exp_constrained_pub_sub_xcdr__py_to_cpp__1000000B__10Hz__shmem_ds__best_effort,receive,sub,py_to_cpp,constrained_pub_sub,exp,xcdr,shmem_ds,1000000,10,1,measured,154,2026-09-09T14:28:39.247516Z,157312909714896,157312909632932,157312909714896,1788964119247458644,1788964119247485355,ok,
exp_constrained_pub_sub_xcdr__py_to_cpp__1000000B__10Hz__shmem_ds__best_effort,receive,sub,py_to_cpp,constrained_pub_sub,exp,xcdr,shmem_ds,1000000,10,1,measured,155,2026-09-09T14:28:39.346703Z,157313008902323,157313008837501,157313008902323,1788964119346655459,1788964119346675887,ok,
exp_constrained_pub_sub_xcdr__py_to_cpp__1000000B__10Hz__shmem_ds__best_effort,receive,sub,py_to_cpp,constrained_pub_sub,exp,xcdr,shmem_ds,1000000,10,1,measured,156,2026-09-09T14:28:39.446320Z,157313108518407,157313108389955,157313108518407,1788964119446219725,1788964119446256494,ok,
exp_constrained_pub_sub_xcdr__py_to_cpp__1000000B__10Hz__shmem_ds__best_effort,receive,sub,py_to_cpp,constrained_pub_sub,exp,xcdr,shmem_ds,1000000,10,1,measured,157,2026-09-09T14:28:39.546449Z,157313208646002,157313208418585,157313208646002,1788964119546281888,1788964119546327634,ok,
exp_constrained_pub_sub_xcdr__py_to_cpp__1000000B__10Hz__shmem_ds__best_effort,receive,sub,py_to_cpp,constrained_pub_sub,exp,xcdr,shmem_ds,1000000,10,1,measured,158,2026-09-09T14:28:39.646366Z,157313308564435,157313308451212,157313308564435,1788964119646277956,1788964119646311449,ok,
exp_constrained_pub_sub_xcdr__py_to_cpp__1000000B__10Hz__shmem_ds__best_effort,receive,sub,py_to_cpp,constrained_pub_sub,exp,xcdr,shmem_ds,1000000,10,1,measured,159,2026-09-09T14:28:39.745677Z,157313407875564,157313407747534,157313407875564,1788964119745577795,1788964119745613392,ok,
exp_constrained_pub_sub_xcdr__py_to_cpp__1000000B__10Hz__shmem_ds__best_effort,receive,sub,py_to_cpp,constrained_pub_sub,exp,xcdr,shmem_ds,1000000,10,1,measured,160,2026-09-09T14:28:39.845224Z,157313507422528,157313507291992,157313507422528,1788964119845120730,1788964119845158061,ok,
exp_constrained_pub_sub_xcdr__py_to_cpp__1000000B__10Hz__shmem_ds__best_effort,receive,sub,py_to_cpp,constrained_pub_sub,exp,xcdr,shmem_ds,1000000,10,1,measured,161,2026-09-09T14:28:39.944213Z,157313606410860,157313606280696,157313606410860,1788964119944112189,1788964119944152084,ok,
exp_constrained_pub_sub_xcdr__py_to_cpp__1000000B__10Hz__shmem_ds__best_effort,receive,sub,py_to_cpp,constrained_pub_sub,exp,xcdr,shmem_ds,1000000,10,1,measured,162,2026-09-09T14:28:40.044399Z,157313706597948,157313706477071,157313706597948,1788964120044304987,1788964120044343249,ok,
exp_constrained_pub_sub_xcdr__py_to_cpp__1000000B__10Hz__shmem_ds__best_effort,receive,sub,py_to_cpp,constrained_pub_sub,exp,xcdr,shmem_ds,1000000,10,1,measured,163,2026-09-09T14:28:40.143690Z,157313805888683,157313805802892,157313805888683,1788964120143624857,1788964120143655285,ok,
exp_constrained_pub_sub_xcdr__py_to_cpp__1000000B__10Hz__shmem_ds__best_effort,receive,sub,py_to_cpp,constrained_pub_sub,exp,xcdr,shmem_ds,1000000,10,1,measured,164,2026-09-09T14:28:40.244734Z,157313906932516,157313906802601,157313906932516,1788964120244632582,1788964120244670603,ok,
exp_constrained_pub_sub_xcdr__py_to_cpp__1000000B__10Hz__shmem_ds__best_effort,receive,sub,py_to_cpp,constrained_pub_sub,exp,xcdr,shmem_ds,1000000,10,1,measured,165,2026-09-09T14:28:40.345380Z,157314007579541,157314007511604,157314007579541,1788964120345329631,1788964120345354027,ok,
exp_constrained_pub_sub_xcdr__py_to_cpp__1000000B__10Hz__shmem_ds__best_effort,receive,sub,py_to_cpp,constrained_pub_sub,exp,xcdr,shmem_ds,1000000,10,1,measured,166,2026-09-09T14:28:40.444526Z,157314106725273,157314106561675,157314106725273,1788964120444398138,1788964120444443403,ok,
exp_constrained_pub_sub_xcdr__py_to_cpp__1000000B__10Hz__shmem_ds__best_effort,receive,sub,py_to_cpp,constrained_pub_sub,exp,xcdr,shmem_ds,1000000,10,1,measured,167,2026-09-09T14:28:40.544389Z,157314206586230,157314206358121,157314206586230,1788964120544200735,1788964120544260418,ok,
exp_constrained_pub_sub_xcdr__py_to_cpp__1000000B__10Hz__shmem_ds__best_effort,receive,sub,py_to_cpp,constrained_pub_sub,exp,xcdr,shmem_ds,1000000,10,1,measured,168,2026-09-09T14:28:40.644499Z,157314306696707,157314306543989,157314306696707,1788964120644378318,1788964120644426368,ok,
exp_constrained_pub_sub_xcdr__py_to_cpp__1000000B__10Hz__shmem_ds__best_effort,receive,sub,py_to_cpp,constrained_pub_sub,exp,xcdr,shmem_ds,1000000,10,1,measured,169,2026-09-09T14:28:40.743960Z,157314406158883,157314406039528,157314406158883,1788964120743869128,1788964120743904685,ok,
exp_constrained_pub_sub_xcdr__py_to_cpp__1000000B__10Hz__shmem_ds__best_effort,receive,sub,py_to_cpp,constrained_pub_sub,exp,xcdr,shmem_ds,1000000,10,1,measured,170,2026-09-09T14:28:40.843040Z,157314505238460,157314505118895,157314505238460,1788964120842947383,1788964120842983922,ok,
exp_constrained_pub_sub_xcdr__py_to_cpp__1000000B__10Hz__shmem_ds__best_effort,receive,sub,py_to_cpp,constrained_pub_sub,exp,xcdr,shmem_ds,1000000,10,1,measured,171,2026-09-09T14:28:40.945129Z,157314607327910,157314607220528,157314607327910,1788964120945056199,1788964120945085103,ok,
exp_constrained_pub_sub_xcdr__py_to_cpp__1000000B__10Hz__shmem_ds__best_effort,receive,sub,py_to_cpp,constrained_pub_sub,exp,xcdr,shmem_ds,1000000,10,1,measured,172,2026-09-09T14:28:41.044177Z,157314706374617,157314706252077,157314706374617,1788964121044083349,1788964121044120369,ok,
exp_constrained_pub_sub_xcdr__py_to_cpp__1000000B__10Hz__shmem_ds__best_effort,receive,sub,py_to_cpp,constrained_pub_sub,exp,xcdr,shmem_ds,1000000,10,1,measured,173,2026-09-09T14:28:41.144006Z,157314806204930,157314806124468,157314806204930,1788964121143944460,1788964121143969888,ok,
exp_constrained_pub_sub_xcdr__py_to_cpp__1000000B__10Hz__shmem_ds__best_effort,receive,sub,py_to_cpp,constrained_pub_sub,exp,xcdr,shmem_ds,1000000,10,1,measured,174,2026-09-09T14:28:41.244386Z,157314906584896,157314906505066,157314906584896,1788964121244324146,1788964121244345987,ok,
exp_constrained_pub_sub_xcdr__py_to_cpp__1000000B__10Hz__shmem_ds__best_effort,receive,sub,py_to_cpp,constrained_pub_sub,exp,xcdr,shmem_ds,1000000,10,1,measured,175,2026-09-09T14:28:41.344910Z,157315007109685,157315007052327,157315007109685,1788964121344867991,1788964121344883831,ok,
exp_constrained_pub_sub_xcdr__py_to_cpp__1000000B__10Hz__shmem_ds__best_effort,receive,sub,py_to_cpp,constrained_pub_sub,exp,xcdr,shmem_ds,1000000,10,1,measured,176,2026-09-09T14:28:41.444776Z,157315106974533,157315106859176,157315106974533,1788964121444685690,1788964121444721186,ok,
exp_constrained_pub_sub_xcdr__py_to_cpp__1000000B__10Hz__shmem_ds__best_effort,receive,sub,py_to_cpp,constrained_pub_sub,exp,xcdr,shmem_ds,1000000,10,1,measured,177,2026-09-09T14:28:41.543945Z,157315206143561,157315206028334,157315206143561,1788964121543857573,1788964121543888661,ok,
exp_constrained_pub_sub_xcdr__py_to_cpp__1000000B__10Hz__shmem_ds__best_effort,receive,sub,py_to_cpp,constrained_pub_sub,exp,xcdr,shmem_ds,1000000,10,1,measured,178,2026-09-09T14:28:41.643537Z,157315305735454,157315305631539,157315305735454,1788964121643455298,1788964121643484983,ok,
exp_constrained_pub_sub_xcdr__py_to_cpp__1000000B__10Hz__shmem_ds__best_effort,receive,sub,py_to_cpp,constrained_pub_sub,exp,xcdr,shmem_ds,1000000,10,1,measured,179,2026-09-09T14:28:41.743386Z,157315405584402,157315405505343,157315405584402,1788964121743325445,1788964121743345813,ok,
exp_constrained_pub_sub_xcdr__py_to_cpp__1000000B__10Hz__shmem_ds__best_effort,receive,sub,py_to_cpp,constrained_pub_sub,exp,xcdr,shmem_ds,1000000,10,1,measured,180,2026-09-09T14:28:41.843501Z,157315505700041,157315505548947,157315505700041,1788964121843382454,1788964121843424753,ok,
exp_constrained_pub_sub_xcdr__py_to_cpp__1000000B__10Hz__shmem_ds__best_effort,receive,sub,py_to_cpp,constrained_pub_sub,exp,xcdr,shmem_ds,1000000,10,1,measured,181,2026-09-09T14:28:41.943972Z,157315606170518,157315606042157,157315606170518,1788964121943875694,1788964121943911451,ok,
exp_constrained_pub_sub_xcdr__py_to_cpp__1000000B__10Hz__shmem_ds__best_effort,receive,sub,py_to_cpp,constrained_pub_sub,exp,xcdr,shmem_ds,1000000,10,1,measured,182,2026-09-09T14:28:42.044291Z,157315706489650,157315706354726,157315706489650,1788964122044196038,1788964122044230723,ok,
exp_constrained_pub_sub_xcdr__py_to_cpp__1000000B__10Hz__shmem_ds__best_effort,receive,sub,py_to_cpp,constrained_pub_sub,exp,xcdr,shmem_ds,1000000,10,1,measured,183,2026-09-09T14:28:42.145167Z,157315807366475,157315807290562,157315807366475,1788964122145115723,1788964122145137384,ok,
exp_constrained_pub_sub_xcdr__py_to_cpp__1000000B__10Hz__shmem_ds__best_effort,receive,sub,py_to_cpp,constrained_pub_sub,exp,xcdr,shmem_ds,1000000,10,1,measured,184,2026-09-09T14:28:42.244355Z,157315906554421,157315906455435,157315906554421,1788964122244284273,1788964122244310673,ok,
exp_constrained_pub_sub_xcdr__py_to_cpp__1000000B__10Hz__shmem_ds__best_effort,receive,sub,py_to_cpp,constrained_pub_sub,exp,xcdr,shmem_ds,1000000,10,1,measured,185,2026-09-09T14:28:42.344256Z,157316006455219,157316006361943,157316006455219,1788964122344186393,1788964122344211260,ok,
exp_constrained_pub_sub_xcdr__py_to_cpp__1000000B__10Hz__shmem_ds__best_effort,receive,sub,py_to_cpp,constrained_pub_sub,exp,xcdr,shmem_ds,1000000,10,1,measured,186,2026-09-09T14:28:42.443815Z,157316106014665,157316105931158,157316106014665,1788964122443760998,1788964122443783570,ok,
exp_constrained_pub_sub_xcdr__py_to_cpp__1000000B__10Hz__shmem_ds__best_effort,receive,sub,py_to_cpp,constrained_pub_sub,exp,xcdr,shmem_ds,1000000,10,1,measured,187,2026-09-09T14:28:42.544767Z,157316206965818,157316206834762,157316206965818,1788964122544673319,1788964122544710228,ok,
exp_constrained_pub_sub_xcdr__py_to_cpp__1000000B__10Hz__shmem_ds__best_effort,receive,sub,py_to_cpp,constrained_pub_sub,exp,xcdr,shmem_ds,1000000,10,1,measured,188,2026-09-09T14:28:42.644159Z,157316306357629,157316306213067,157316306357629,1788964122644056723,1788964122644095947,ok,
exp_constrained_pub_sub_xcdr__py_to_cpp__1000000B__10Hz__shmem_ds__best_effort,receive,sub,py_to_cpp,constrained_pub_sub,exp,xcdr,shmem_ds,1000000,10,1,measured,189,2026-09-09T14:28:42.743733Z,157316405931432,157316405791629,157316405931432,1788964122743632019,1788964122743670230,ok,
exp_constrained_pub_sub_xcdr__py_to_cpp__1000000B__10Hz__shmem_ds__best_effort,receive,sub,py_to_cpp,constrained_pub_sub,exp,xcdr,shmem_ds,1000000,10,1,measured,190,2026-09-09T14:28:42.843699Z,157316505897953,157316505761646,157316505897953,1788964122843600503,1788964122843639847,ok,
exp_constrained_pub_sub_xcdr__py_to_cpp__1000000B__10Hz__shmem_ds__best_effort,receive,sub,py_to_cpp,constrained_pub_sub,exp,xcdr,shmem_ds,1000000,10,1,measured,191,2026-09-09T14:28:42.943695Z,157316605892517,157316605739659,157316605892517,1788964122943590689,1788964122943627799,ok,
exp_constrained_pub_sub_xcdr__py_to_cpp__1000000B__10Hz__shmem_ds__best_effort,receive,sub,py_to_cpp,constrained_pub_sub,exp,xcdr,shmem_ds,1000000,10,1,measured,192,2026-09-09T14:28:43.043158Z,157316705346676,157316705143123,157316705346676,1788964123043000715,1788964123043055979,ok,
exp_constrained_pub_sub_xcdr__py_to_cpp__1000000B__10Hz__shmem_ds__best_effort,receive,sub,py_to_cpp,constrained_pub_sub,exp,xcdr,shmem_ds,1000000,10,1,measured,193,2026-09-09T14:28:43.142531Z,157316804730223,157316804590650,157316804730223,1788964123142431131,1788964123142470865,ok,
exp_constrained_pub_sub_xcdr__py_to_cpp__1000000B__10Hz__shmem_ds__best_effort,receive,sub,py_to_cpp,constrained_pub_sub,exp,xcdr,shmem_ds,1000000,10,1,measured,194,2026-09-09T14:28:43.243454Z,157316905652355,157316905522080,157316905652355,1788964123243361529,1788964123243397516,ok,
exp_constrained_pub_sub_xcdr__py_to_cpp__1000000B__10Hz__shmem_ds__best_effort,receive,sub,py_to_cpp,constrained_pub_sub,exp,xcdr,shmem_ds,1000000,10,1,measured,195,2026-09-09T14:28:43.342973Z,157317005171989,157317005035753,157317005171989,1788964123342873779,1788964123342911139,ok,
exp_constrained_pub_sub_xcdr__py_to_cpp__1000000B__10Hz__shmem_ds__best_effort,receive,sub,py_to_cpp,constrained_pub_sub,exp,xcdr,shmem_ds,1000000,10,1,measured,196,2026-09-09T14:28:43.444080Z,157317106277617,157317106067952,157317106277617,1788964123443931085,1788964123443989094,ok,
exp_constrained_pub_sub_xcdr__py_to_cpp__1000000B__10Hz__shmem_ds__best_effort,receive,sub,py_to_cpp,constrained_pub_sub,exp,xcdr,shmem_ds,1000000,10,1,measured,197,2026-09-09T14:28:43.544039Z,157317206237418,157317206106031,157317206237418,1788964123543942985,1788964123543978862,ok,
exp_constrained_pub_sub_xcdr__py_to_cpp__1000000B__10Hz__shmem_ds__best_effort,receive,sub,py_to_cpp,constrained_pub_sub,exp,xcdr,shmem_ds,1000000,10,1,measured,198,2026-09-09T14:28:43.643259Z,157317305457007,157317305318307,157317305457007,1788964123643156102,1788964123643195325,ok,
exp_constrained_pub_sub_xcdr__py_to_cpp__1000000B__10Hz__shmem_ds__best_effort,receive,sub,py_to_cpp,constrained_pub_sub,exp,xcdr,shmem_ds,1000000,10,1,measured,199,2026-09-09T14:28:43.744307Z,157317406505398,157317406371405,157317406505398,1788964123744212276,1788964123744251180,ok,
exp_constrained_pub_sub_xcdr__py_to_cpp__1000000B__10Hz__shmem_ds__best_effort,receive,sub,py_to_cpp,constrained_pub_sub,exp,xcdr,shmem_ds,1000000,10,1,measured,200,2026-09-09T14:28:43.844833Z,157317507031104,157317506883857,157317507031104,1788964123844721452,1788964123844750687,ok,
exp_constrained_pub_sub_xcdr__py_to_cpp__1000000B__10Hz__shmem_ds__best_effort,receive,sub,py_to_cpp,constrained_pub_sub,exp,xcdr,shmem_ds,1000000,10,1,measured,201,2026-09-09T14:28:43.945420Z,157317607618407,157317607472903,157317607618407,1788964123945313814,1788964123945353959,ok,
exp_constrained_pub_sub_xcdr__py_to_cpp__1000000B__10Hz__shmem_ds__best_effort,receive,sub,py_to_cpp,constrained_pub_sub,exp,xcdr,shmem_ds,1000000,10,1,measured,202,2026-09-09T14:28:44.046275Z,157317708473714,157317708343780,157317708473714,1788964124046187496,1788964124046220017,ok,
exp_constrained_pub_sub_xcdr__py_to_cpp__1000000B__10Hz__shmem_ds__best_effort,receive,sub,py_to_cpp,constrained_pub_sub,exp,xcdr,shmem_ds,1000000,10,1,measured,203,2026-09-09T14:28:44.147400Z,157317809597038,157317809397443,157317809597038,1788964124147254424,1788964124147311882,ok,
exp_constrained_pub_sub_xcdr__py_to_cpp__1000000B__10Hz__shmem_ds__best_effort,receive,sub,py_to_cpp,constrained_pub_sub,exp,xcdr,shmem_ds,1000000,10,1,measured,204,2026-09-09T14:28:44.246652Z,157317908850093,157317908702836,157317908850093,1788964124246551742,1788964124246587950,ok,
exp_constrained_pub_sub_xcdr__py_to_cpp__1000000B__10Hz__shmem_ds__best_effort,receive,sub,py_to_cpp,constrained_pub_sub,exp,xcdr,shmem_ds,1000000,10,1,measured,205,2026-09-09T14:28:44.346800Z,157318008996559,157318008770874,157318008996559,1788964124346639047,1788964124346702186,ok,
exp_constrained_pub_sub_xcdr__py_to_cpp__1000000B__10Hz__shmem_ds__best_effort,receive,sub,py_to_cpp,constrained_pub_sub,exp,xcdr,shmem_ds,1000000,10,1,measured,206,2026-09-09T14:28:44.446150Z,157318108347157,157318108130800,157318108347157,1788964124445995586,1788964124446056330,ok,
exp_constrained_pub_sub_xcdr__py_to_cpp__1000000B__10Hz__shmem_ds__best_effort,receive,sub,py_to_cpp,constrained_pub_sub,exp,xcdr,shmem_ds,1000000,10,1,measured,207,2026-09-09T14:28:44.545894Z,157318208092579,157318207949440,157318208092579,1788964124545783568,1788964124545842208,ok,
exp_constrained_pub_sub_xcdr__py_to_cpp__1000000B__10Hz__shmem_ds__best_effort,receive,sub,py_to_cpp,constrained_pub_sub,exp,xcdr,shmem_ds,1000000,10,1,measured,208,2026-09-09T14:28:44.644798Z,157318306996557,157318306863186,157318306996557,1788964124644702875,1788964124644738722,ok,
exp_constrained_pub_sub_xcdr__py_to_cpp__1000000B__10Hz__shmem_ds__best_effort,receive,sub,py_to_cpp,constrained_pub_sub,exp,xcdr,shmem_ds,1000000,10,1,measured,209,2026-09-09T14:28:44.744682Z,157318406879889,157318406751858,157318406879889,1788964124744589993,1788964124744625761,ok,
exp_constrained_pub_sub_xcdr__py_to_cpp__1000000B__10Hz__shmem_ds__best_effort,receive,sub,py_to_cpp,constrained_pub_sub,exp,xcdr,shmem_ds,1000000,10,1,measured,210,2026-09-09T14:28:44.845487Z,157318507685805,157318507567933,157318507685805,1788964124845400729,1788964124845436887,ok,
exp_constrained_pub_sub_xcdr__py_to_cpp__1000000B__10Hz__shmem_ds__best_effort,receive,sub,py_to_cpp,constrained_pub_sub,exp,xcdr,shmem_ds,1000000,10,1,measured,211,2026-09-09T14:28:44.944883Z,157318607081529,157318606927619,157318607081529,1788964124944769662,1788964124944816991,ok,
exp_constrained_pub_sub_xcdr__py_to_cpp__1000000B__10Hz__shmem_ds__best_effort,receive,sub,py_to_cpp,constrained_pub_sub,exp,xcdr,shmem_ds,1000000,10,1,measured,212,2026-09-09T14:28:45.045748Z,157318707945676,157318707802988,157318707945676,1788964125045653316,1788964125045690526,ok,
exp_constrained_pub_sub_xcdr__py_to_cpp__1000000B__10Hz__shmem_ds__best_effort,receive,sub,py_to_cpp,constrained_pub_sub,exp,xcdr,shmem_ds,1000000,10,1,measured,213,2026-09-09T14:28:45.145637Z,157318807834319,157318807650964,157318807834319,1788964125145495232,1788964125145548392,ok,
exp_constrained_pub_sub_xcdr__py_to_cpp__1000000B__10Hz__shmem_ds__best_effort,receive,sub,py_to_cpp,constrained_pub_sub,exp,xcdr,shmem_ds,1000000,10,1,measured,214,2026-09-09T14:28:45.245202Z,157318907401288,157318907323562,157318907401288,1788964125245142482,1788964125245166306,ok,
exp_constrained_pub_sub_xcdr__py_to_cpp__1000000B__10Hz__shmem_ds__best_effort,receive,sub,py_to_cpp,constrained_pub_sub,exp,xcdr,shmem_ds,1000000,10,1,measured,215,2026-09-09T14:28:45.346638Z,157319008836332,157319008696459,157319008836332,1788964125346533553,1788964125346573909,ok,
exp_constrained_pub_sub_xcdr__py_to_cpp__1000000B__10Hz__shmem_ds__best_effort,receive,sub,py_to_cpp,constrained_pub_sub,exp,xcdr,shmem_ds,1000000,10,1,measured,216,2026-09-09T14:28:45.447431Z,157319109629197,157319109507839,157319109629197,1788964125447337278,1788964125447372785,ok,
exp_constrained_pub_sub_xcdr__py_to_cpp__1000000B__10Hz__shmem_ds__best_effort,receive,sub,py_to_cpp,constrained_pub_sub,exp,xcdr,shmem_ds,1000000,10,1,measured,217,2026-09-09T14:28:45.547675Z,157319209873761,157319209759365,157319209873761,1788964125547587232,1788964125547618881,ok,
exp_constrained_pub_sub_xcdr__py_to_cpp__1000000B__10Hz__shmem_ds__best_effort,receive,sub,py_to_cpp,constrained_pub_sub,exp,xcdr,shmem_ds,1000000,10,1,measured,218,2026-09-09T14:28:45.647918Z,157319310116200,157319309980284,157319310116200,1788964125647816326,1788964125647851492,ok,
exp_constrained_pub_sub_xcdr__py_to_cpp__1000000B__10Hz__shmem_ds__best_effort,receive,sub,py_to_cpp,constrained_pub_sub,exp,xcdr,shmem_ds,1000000,10,1,measured,219,2026-09-09T14:28:45.747059Z,157319409257066,157319409163290,157319409257066,1788964125746984314,1788964125747013549,ok,
exp_constrained_pub_sub_xcdr__py_to_cpp__1000000B__10Hz__shmem_ds__best_effort,receive,sub,py_to_cpp,constrained_pub_sub,exp,xcdr,shmem_ds,1000000,10,1,measured,220,2026-09-09T14:28:45.846604Z,157319508802956,157319508696676,157319508802956,1788964125846521827,1788964125846553016,ok,
exp_constrained_pub_sub_xcdr__py_to_cpp__1000000B__10Hz__shmem_ds__best_effort,receive,sub,py_to_cpp,constrained_pub_sub,exp,xcdr,shmem_ds,1000000,10,1,measured,221,2026-09-09T14:28:45.947579Z,157319609777883,157319609680500,157319609777883,1788964125947503728,1788964125947532983,ok,
exp_constrained_pub_sub_xcdr__py_to_cpp__1000000B__10Hz__shmem_ds__best_effort,receive,sub,py_to_cpp,constrained_pub_sub,exp,xcdr,shmem_ds,1000000,10,1,measured,222,2026-09-09T14:28:46.047947Z,157319710145920,157319710034130,157319710145920,1788964126047859852,1788964126047894357,ok,
exp_constrained_pub_sub_xcdr__py_to_cpp__1000000B__10Hz__shmem_ds__best_effort,receive,sub,py_to_cpp,constrained_pub_sub,exp,xcdr,shmem_ds,1000000,10,1,measured,223,2026-09-09T14:28:46.147858Z,157319810056908,157319809933275,157319810056908,1788964126147753968,1788964126147780037,ok,
exp_constrained_pub_sub_xcdr__py_to_cpp__1000000B__10Hz__shmem_ds__best_effort,receive,sub,py_to_cpp,constrained_pub_sub,exp,xcdr,shmem_ds,1000000,10,1,measured,224,2026-09-09T14:28:46.248140Z,157319910339527,157319910278772,157319910339527,1788964126248093885,1788964126248114714,ok,
exp_constrained_pub_sub_xcdr__py_to_cpp__1000000B__10Hz__shmem_ds__best_effort,receive,sub,py_to_cpp,constrained_pub_sub,exp,xcdr,shmem_ds,1000000,10,1,measured,225,2026-09-09T14:28:46.347299Z,157320009498391,157320009429341,157320009498391,1788964126347246006,1788964126347265453,ok,
exp_constrained_pub_sub_xcdr__py_to_cpp__1000000B__10Hz__shmem_ds__best_effort,receive,sub,py_to_cpp,constrained_pub_sub,exp,xcdr,shmem_ds,1000000,10,1,measured,226,2026-09-09T14:28:46.447460Z,157320109659670,157320109591802,157320109659670,1788964126447407556,1788964126447424909,ok,
exp_constrained_pub_sub_xcdr__py_to_cpp__1000000B__10Hz__shmem_ds__best_effort,receive,sub,py_to_cpp,constrained_pub_sub,exp,xcdr,shmem_ds,1000000,10,1,measured,227,2026-09-09T14:28:46.547869Z,157320210067283,157320209939262,157320210067283,1788964126547767269,1788964126547799670,ok,
exp_constrained_pub_sub_xcdr__py_to_cpp__1000000B__10Hz__shmem_ds__best_effort,receive,sub,py_to_cpp,constrained_pub_sub,exp,xcdr,shmem_ds,1000000,10,1,measured,228,2026-09-09T14:28:46.648300Z,157320310498901,157320310380589,157320310498901,1788964126648207353,1788964126648242770,ok,
exp_constrained_pub_sub_xcdr__py_to_cpp__1000000B__10Hz__shmem_ds__best_effort,receive,sub,py_to_cpp,constrained_pub_sub,exp,xcdr,shmem_ds,1000000,10,1,measured,229,2026-09-09T14:28:46.748084Z,157320410282090,157320410099476,157320410282090,1788964126747943092,1788964126747993938,ok,
exp_constrained_pub_sub_xcdr__py_to_cpp__1000000B__10Hz__shmem_ds__best_effort,receive,sub,py_to_cpp,constrained_pub_sub,exp,xcdr,shmem_ds,1000000,10,1,measured,230,2026-09-09T14:28:46.848520Z,157320510718467,157320510591459,157320510718467,1788964126848422180,1788964126848456545,ok,
exp_constrained_pub_sub_xcdr__py_to_cpp__1000000B__10Hz__shmem_ds__best_effort,receive,sub,py_to_cpp,constrained_pub_sub,exp,xcdr,shmem_ds,1000000,10,1,measured,231,2026-09-09T14:28:46.947716Z,157320609914180,157320609783144,157320609914180,1788964126947609698,1788964126947646928,ok,
exp_constrained_pub_sub_xcdr__py_to_cpp__1000000B__10Hz__shmem_ds__best_effort,receive,sub,py_to_cpp,constrained_pub_sub,exp,xcdr,shmem_ds,1000000,10,1,measured,232,2026-09-09T14:28:47.047062Z,157320709259527,157320709119243,157320709259527,1788964127046949063,1788964127046990901,ok,
exp_constrained_pub_sub_xcdr__py_to_cpp__1000000B__10Hz__shmem_ds__best_effort,receive,sub,py_to_cpp,constrained_pub_sub,exp,xcdr,shmem_ds,1000000,10,1,measured,233,2026-09-09T14:28:47.147388Z,157320809586421,157320809469340,157320809586421,1788964127147296906,1788964127147331772,ok,
exp_constrained_pub_sub_xcdr__py_to_cpp__1000000B__10Hz__shmem_ds__best_effort,receive,sub,py_to_cpp,constrained_pub_sub,exp,xcdr,shmem_ds,1000000,10,1,measured,234,2026-09-09T14:28:47.247481Z,157320909678573,157320909515046,157320909678573,1788964127247350116,1788964127247396673,ok,
exp_constrained_pub_sub_xcdr__py_to_cpp__1000000B__10Hz__shmem_ds__best_effort,receive,sub,py_to_cpp,constrained_pub_sub,exp,xcdr,shmem_ds,1000000,10,1,measured,235,2026-09-09T14:28:47.347303Z,157321009501840,157321009383277,157321009501840,1788964127347210833,1788964127347247432,ok,
exp_constrained_pub_sub_xcdr__py_to_cpp__1000000B__10Hz__shmem_ds__best_effort,receive,sub,py_to_cpp,constrained_pub_sub,exp,xcdr,shmem_ds,1000000,10,1,measured,236,2026-09-09T14:28:47.446690Z,157321108887433,157321108707224,157321108887433,1788964127446546643,1788964127446600123,ok,
exp_constrained_pub_sub_xcdr__py_to_cpp__1000000B__10Hz__shmem_ds__best_effort,receive,sub,py_to_cpp,constrained_pub_sub,exp,xcdr,shmem_ds,1000000,10,1,measured,237,2026-09-09T14:28:47.547039Z,157321209237742,157321209087930,157321209237742,1788964127546922819,1788964127546963506,ok,
exp_constrained_pub_sub_xcdr__py_to_cpp__1000000B__10Hz__shmem_ds__best_effort,receive,sub,py_to_cpp,constrained_pub_sub,exp,xcdr,shmem_ds,1000000,10,1,measured,238,2026-09-09T14:28:47.646736Z,157321308934270,157321308797262,157321308934270,1788964127646627663,1788964127646667017,ok,
exp_constrained_pub_sub_xcdr__py_to_cpp__1000000B__10Hz__shmem_ds__best_effort,receive,sub,py_to_cpp,constrained_pub_sub,exp,xcdr,shmem_ds,1000000,10,1,measured,239,2026-09-09T14:28:47.747187Z,157321409385167,157321409247618,157321409385167,1788964127747089140,1788964127747125609,ok,
exp_constrained_pub_sub_xcdr__py_to_cpp__1000000B__10Hz__shmem_ds__best_effort,receive,sub,py_to_cpp,constrained_pub_sub,exp,xcdr,shmem_ds,1000000,10,1,measured,240,2026-09-09T14:28:47.847234Z,157321509432044,157321509313280,157321509432044,1788964127847141778,1788964127847176674,ok,
exp_constrained_pub_sub_xcdr__py_to_cpp__1000000B__10Hz__shmem_ds__best_effort,receive,sub,py_to_cpp,constrained_pub_sub,exp,xcdr,shmem_ds,1000000,10,1,measured,241,2026-09-09T14:28:47.946796Z,157321608994149,157321608857161,157321608994149,1788964127946689606,1788964127946732096,ok,
exp_constrained_pub_sub_xcdr__py_to_cpp__1000000B__10Hz__shmem_ds__best_effort,receive,sub,py_to_cpp,constrained_pub_sub,exp,xcdr,shmem_ds,1000000,10,1,measured,242,2026-09-09T14:28:48.047155Z,157321709353455,157321709232518,157321709353455,1788964128047060364,1788964128047096753,ok,
exp_constrained_pub_sub_xcdr__py_to_cpp__1000000B__10Hz__shmem_ds__best_effort,receive,sub,py_to_cpp,constrained_pub_sub,exp,xcdr,shmem_ds,1000000,10,1,measured,243,2026-09-09T14:28:48.146953Z,157321809152079,157321809058864,157321809152079,1788964128146878264,1788964128146907750,ok,
exp_constrained_pub_sub_xcdr__py_to_cpp__1000000B__10Hz__shmem_ds__best_effort,receive,sub,py_to_cpp,constrained_pub_sub,exp,xcdr,shmem_ds,1000000,10,1,measured,244,2026-09-09T14:28:48.247863Z,157321910061742,157321909982313,157321910061742,1788964128247797596,1788964128247825759,ok,
exp_constrained_pub_sub_xcdr__py_to_cpp__1000000B__10Hz__shmem_ds__best_effort,receive,sub,py_to_cpp,constrained_pub_sub,exp,xcdr,shmem_ds,1000000,10,1,measured,245,2026-09-09T14:28:48.347170Z,157322009368681,157322009300242,157322009368681,1788964128347116176,1788964128347135122,ok,
exp_constrained_pub_sub_xcdr__py_to_cpp__1000000B__10Hz__shmem_ds__best_effort,receive,sub,py_to_cpp,constrained_pub_sub,exp,xcdr,shmem_ds,1000000,10,1,measured,246,2026-09-09T14:28:48.447668Z,157322109866038,157322109755660,157322109866038,1788964128447580561,1788964128447613122,ok,
exp_constrained_pub_sub_xcdr__py_to_cpp__1000000B__10Hz__shmem_ds__best_effort,receive,sub,py_to_cpp,constrained_pub_sub,exp,xcdr,shmem_ds,1000000,10,1,measured,247,2026-09-09T14:28:48.547460Z,157322209658920,157322209561768,157322209658920,1788964128547387149,1788964128547411966,ok,
exp_constrained_pub_sub_xcdr__py_to_cpp__1000000B__10Hz__shmem_ds__best_effort,receive,sub,py_to_cpp,constrained_pub_sub,exp,xcdr,shmem_ds,1000000,10,1,measured,248,2026-09-09T14:28:48.646904Z,157322309103117,157322309023647,157322309103117,1788964128646843689,1788964128646869267,ok,
exp_constrained_pub_sub_xcdr__py_to_cpp__1000000B__10Hz__shmem_ds__best_effort,receive,sub,py_to_cpp,constrained_pub_sub,exp,xcdr,shmem_ds,1000000,10,1,measured,249,2026-09-09T14:28:48.747605Z,157322409789470,157322409604071,157322409789470,1788964128747447106,1788964128747502320,ok,
exp_constrained_pub_sub_xcdr__py_to_cpp__1000000B__10Hz__shmem_ds__best_effort,receive,sub,py_to_cpp,constrained_pub_sub,exp,xcdr,shmem_ds,1000000,10,1,measured,250,2026-09-09T14:28:48.847354Z,157322509551595,157322509362839,157322509551595,1788964128847205303,1788964128847262491,ok,
exp_constrained_pub_sub_xcdr__py_to_cpp__1000000B__10Hz__shmem_ds__best_effort,receive,sub,py_to_cpp,constrained_pub_sub,exp,xcdr,shmem_ds,1000000,10,1,measured,251,2026-09-09T14:28:48.946841Z,157322609039723,157322608900952,157322609039723,1788964128946736433,1788964128946774705,ok,
exp_constrained_pub_sub_xcdr__py_to_cpp__1000000B__10Hz__shmem_ds__best_effort,receive,sub,py_to_cpp,constrained_pub_sub,exp,xcdr,shmem_ds,1000000,10,1,measured,252,2026-09-09T14:28:49.047371Z,157322709568942,157322709465127,157322709568942,1788964129047289888,1788964129047320475,ok,
exp_constrained_pub_sub_xcdr__py_to_cpp__1000000B__10Hz__shmem_ds__best_effort,receive,sub,py_to_cpp,constrained_pub_sub,exp,xcdr,shmem_ds,1000000,10,1,measured,253,2026-09-09T14:28:49.146547Z,157322808745107,157322808613860,157322808745107,1788964129146446145,1788964129146480930,ok,
exp_constrained_pub_sub_xcdr__py_to_cpp__1000000B__10Hz__shmem_ds__best_effort,receive,sub,py_to_cpp,constrained_pub_sub,exp,xcdr,shmem_ds,1000000,10,1,measured,254,2026-09-09T14:28:49.246453Z,157322908650204,157322908461358,157322908650204,1788964129246303983,1788964129246358896,ok,
exp_constrained_pub_sub_xcdr__py_to_cpp__1000000B__10Hz__shmem_ds__best_effort,receive,sub,py_to_cpp,constrained_pub_sub,exp,xcdr,shmem_ds,1000000,10,1,measured,255,2026-09-09T14:28:49.347442Z,157323009640201,157323009514174,157323009640201,1788964129347342221,1788964129347378870,ok,
exp_constrained_pub_sub_xcdr__py_to_cpp__1000000B__10Hz__shmem_ds__best_effort,receive,sub,py_to_cpp,constrained_pub_sub,exp,xcdr,shmem_ds,1000000,10,1,measured,256,2026-09-09T14:28:49.448432Z,157323110630539,157323110506706,157323110630539,1788964129448334403,1788964129448374638,ok,
exp_constrained_pub_sub_xcdr__py_to_cpp__1000000B__10Hz__shmem_ds__best_effort,receive,sub,py_to_cpp,constrained_pub_sub,exp,xcdr,shmem_ds,1000000,10,1,measured,257,2026-09-09T14:28:49.547522Z,157323209720642,157323209603312,157323209720642,1788964129547429986,1788964129547462948,ok,
exp_constrained_pub_sub_xcdr__py_to_cpp__1000000B__10Hz__shmem_ds__best_effort,receive,sub,py_to_cpp,constrained_pub_sub,exp,xcdr,shmem_ds,1000000,10,1,measured,258,2026-09-09T14:28:49.646748Z,157323308946821,157323308785758,157323308946821,1788964129646621009,1788964129646664490,ok,
exp_constrained_pub_sub_xcdr__py_to_cpp__1000000B__10Hz__shmem_ds__best_effort,receive,sub,py_to_cpp,constrained_pub_sub,exp,xcdr,shmem_ds,1000000,10,1,measured,259,2026-09-09T14:28:49.746472Z,157323408669334,157323408539169,157323408669334,1788964129746368078,1788964129746402352,ok,
exp_constrained_pub_sub_xcdr__py_to_cpp__1000000B__10Hz__shmem_ds__best_effort,receive,sub,py_to_cpp,constrained_pub_sub,exp,xcdr,shmem_ds,1000000,10,1,measured,260,2026-09-09T14:28:49.847517Z,157323509714525,157323509517014,157323509714525,1788964129847359307,1788964129847420453,ok,
exp_constrained_pub_sub_xcdr__py_to_cpp__1000000B__10Hz__shmem_ds__best_effort,receive,sub,py_to_cpp,constrained_pub_sub,exp,xcdr,shmem_ds,1000000,10,1,measured,261,2026-09-09T14:28:49.947810Z,157323610009085,157323609863160,157323610009085,1788964129947690726,1788964129947728717,ok,
exp_constrained_pub_sub_xcdr__py_to_cpp__1000000B__10Hz__shmem_ds__best_effort,receive,sub,py_to_cpp,constrained_pub_sub,exp,xcdr,shmem_ds,1000000,10,1,measured,262,2026-09-09T14:28:50.048885Z,157323711082811,157323710877154,157323711082811,1788964130048715440,1788964130048770083,ok,
exp_constrained_pub_sub_xcdr__py_to_cpp__1000000B__10Hz__shmem_ds__best_effort,receive,sub,py_to_cpp,constrained_pub_sub,exp,xcdr,shmem_ds,1000000,10,1,measured,263,2026-09-09T14:28:50.148348Z,157323810546420,157323810444828,157323810546420,1788964130148267635,1788964130148296069,ok,
exp_constrained_pub_sub_xcdr__py_to_cpp__1000000B__10Hz__shmem_ds__best_effort,receive,sub,py_to_cpp,constrained_pub_sub,exp,xcdr,shmem_ds,1000000,10,1,measured,264,2026-09-09T14:28:50.247649Z,157323909848905,157323909782891,157323909848905,1788964130247600698,1788964130247624954,ok,
exp_constrained_pub_sub_xcdr__py_to_cpp__1000000B__10Hz__shmem_ds__best_effort,receive,sub,py_to_cpp,constrained_pub_sub,exp,xcdr,shmem_ds,1000000,10,1,measured,265,2026-09-09T14:28:50.348611Z,157324010809540,157324010677662,157324010809540,1788964130348517060,1788964130348554551,ok,
exp_constrained_pub_sub_xcdr__py_to_cpp__1000000B__10Hz__shmem_ds__best_effort,receive,sub,py_to_cpp,constrained_pub_sub,exp,xcdr,shmem_ds,1000000,10,1,measured,266,2026-09-09T14:28:50.449077Z,157324111275224,157324111150880,157324111275224,1788964130448986020,1788964130449020866,ok,
exp_constrained_pub_sub_xcdr__py_to_cpp__1000000B__10Hz__shmem_ds__best_effort,receive,sub,py_to_cpp,constrained_pub_sub,exp,xcdr,shmem_ds,1000000,10,1,measured,267,2026-09-09T14:28:50.549217Z,157324211415607,157324211295701,157324211415607,1788964130549124079,1788964130549160928,ok,
exp_constrained_pub_sub_xcdr__py_to_cpp__1000000B__10Hz__shmem_ds__best_effort,receive,sub,py_to_cpp,constrained_pub_sub,exp,xcdr,shmem_ds,1000000,10,1,measured,268,2026-09-09T14:28:50.650149Z,157324312347397,157324312227822,157324312347397,1788964130650054837,1788964130650090965,ok,
exp_constrained_pub_sub_xcdr__py_to_cpp__1000000B__10Hz__shmem_ds__best_effort,receive,sub,py_to_cpp,constrained_pub_sub,exp,xcdr,shmem_ds,1000000,10,1,measured,269,2026-09-09T14:28:50.750779Z,157324412975948,157324412791270,157324412975948,1788964130750631580,1788964130750684770,ok,
exp_constrained_pub_sub_xcdr__py_to_cpp__1000000B__10Hz__shmem_ds__best_effort,receive,sub,py_to_cpp,constrained_pub_sub,exp,xcdr,shmem_ds,1000000,10,1,measured,270,2026-09-09T14:28:50.849526Z,157324511724241,157324511603624,157324511724241,1788964130849432352,1788964130849468851,ok,
exp_constrained_pub_sub_xcdr__py_to_cpp__1000000B__10Hz__shmem_ds__best_effort,receive,sub,py_to_cpp,constrained_pub_sub,exp,xcdr,shmem_ds,1000000,10,1,measured,271,2026-09-09T14:28:50.950231Z,157324612429957,157324612302627,157324612429957,1788964130950130173,1788964130950166802,ok,
exp_constrained_pub_sub_xcdr__py_to_cpp__1000000B__10Hz__shmem_ds__best_effort,receive,sub,py_to_cpp,constrained_pub_sub,exp,xcdr,shmem_ds,1000000,10,1,measured,272,2026-09-09T14:28:51.049708Z,157324711907193,157324711757040,157324711907193,1788964131049590066,1788964131049629400,ok,
exp_constrained_pub_sub_xcdr__py_to_cpp__1000000B__10Hz__shmem_ds__best_effort,receive,sub,py_to_cpp,constrained_pub_sub,exp,xcdr,shmem_ds,1000000,10,1,measured,273,2026-09-09T14:28:51.149911Z,157324812109925,157324811974981,157324812109925,1788964131149808057,1788964131149844436,ok,
exp_constrained_pub_sub_xcdr__py_to_cpp__1000000B__10Hz__shmem_ds__best_effort,receive,sub,py_to_cpp,constrained_pub_sub,exp,xcdr,shmem_ds,1000000,10,1,measured,274,2026-09-09T14:28:51.250960Z,157324913158629,157324913007534,157324913158629,1788964131250842344,1788964131250882620,ok,
exp_constrained_pub_sub_xcdr__py_to_cpp__1000000B__10Hz__shmem_ds__best_effort,receive,sub,py_to_cpp,constrained_pub_sub,exp,xcdr,shmem_ds,1000000,10,1,measured,275,2026-09-09T14:28:51.350361Z,157325012559062,157325012372971,157325012559062,1788964131350215666,1788964131350271230,ok,
exp_constrained_pub_sub_xcdr__py_to_cpp__1000000B__10Hz__shmem_ds__best_effort,receive,sub,py_to_cpp,constrained_pub_sub,exp,xcdr,shmem_ds,1000000,10,1,measured,276,2026-09-09T14:28:51.449216Z,157325111414308,157325111313578,157325111414308,1788964131449133841,1788964131449161863,ok,
exp_constrained_pub_sub_xcdr__py_to_cpp__1000000B__10Hz__shmem_ds__best_effort,receive,sub,py_to_cpp,constrained_pub_sub,exp,xcdr,shmem_ds,1000000,10,1,measured,277,2026-09-09T14:28:51.548496Z,157325210686790,157325210564811,157325210686790,1788964131548391966,1788964131548425259,ok,
exp_constrained_pub_sub_xcdr__py_to_cpp__1000000B__10Hz__shmem_ds__best_effort,receive,sub,py_to_cpp,constrained_pub_sub,exp,xcdr,shmem_ds,1000000,10,1,measured,278,2026-09-09T14:28:51.648545Z,157325310743168,157325310640605,157325310743168,1788964131648461308,1788964131648490142,ok,
exp_constrained_pub_sub_xcdr__py_to_cpp__1000000B__10Hz__shmem_ds__best_effort,receive,sub,py_to_cpp,constrained_pub_sub,exp,xcdr,shmem_ds,1000000,10,1,measured,279,2026-09-09T14:28:51.747937Z,157325410135495,157325410046828,157325410135495,1788964131747864685,1788964131747887939,ok,
exp_constrained_pub_sub_xcdr__py_to_cpp__1000000B__10Hz__shmem_ds__best_effort,receive,sub,py_to_cpp,constrained_pub_sub,exp,xcdr,shmem_ds,1000000,10,1,measured,280,2026-09-09T14:28:51.848384Z,157325510582397,157325510432144,157325510582397,1788964131848266322,1788964131848308191,ok,
exp_constrained_pub_sub_xcdr__py_to_cpp__1000000B__10Hz__shmem_ds__best_effort,receive,sub,py_to_cpp,constrained_pub_sub,exp,xcdr,shmem_ds,1000000,10,1,measured,281,2026-09-09T14:28:51.948572Z,157325610770922,157325610652539,157325610770922,1788964131948478823,1788964131948513448,ok,
exp_constrained_pub_sub_xcdr__py_to_cpp__1000000B__10Hz__shmem_ds__best_effort,receive,sub,py_to_cpp,constrained_pub_sub,exp,xcdr,shmem_ds,1000000,10,1,measured,282,2026-09-09T14:28:52.048250Z,157325710447736,157325710307823,157325710447736,1788964132048138084,1788964132048173590,ok,
exp_constrained_pub_sub_xcdr__py_to_cpp__1000000B__10Hz__shmem_ds__best_effort,receive,sub,py_to_cpp,constrained_pub_sub,exp,xcdr,shmem_ds,1000000,10,1,measured,283,2026-09-09T14:28:52.148537Z,157325810735561,157325810619483,157325810735561,1788964132148446568,1788964132148479430,ok,
exp_constrained_pub_sub_xcdr__py_to_cpp__1000000B__10Hz__shmem_ds__best_effort,receive,sub,py_to_cpp,constrained_pub_sub,exp,xcdr,shmem_ds,1000000,10,1,measured,284,2026-09-09T14:28:52.247870Z,157325910068440,157325909952622,157325910068440,1788964132247772664,1788964132247800416,ok,
exp_constrained_pub_sub_xcdr__py_to_cpp__1000000B__10Hz__shmem_ds__best_effort,receive,sub,py_to_cpp,constrained_pub_sub,exp,xcdr,shmem_ds,1000000,10,1,measured,285,2026-09-09T14:28:52.347867Z,157326010066039,157326009969166,157326010066039,1788964132347789288,1788964132347824374,ok,
exp_constrained_pub_sub_xcdr__py_to_cpp__1000000B__10Hz__shmem_ds__best_effort,receive,sub,py_to_cpp,constrained_pub_sub,exp,xcdr,shmem_ds,1000000,10,1,measured,286,2026-09-09T14:28:52.448751Z,157326110950116,157326110873812,157326110950116,1788964132448690929,1788964132448713100,ok,
exp_constrained_pub_sub_xcdr__py_to_cpp__1000000B__10Hz__shmem_ds__best_effort,receive,sub,py_to_cpp,constrained_pub_sub,exp,xcdr,shmem_ds,1000000,10,1,measured,287,2026-09-09T14:28:52.549367Z,157326211565888,157326211471280,157326211565888,1788964132549292434,1788964132549320938,ok,
exp_constrained_pub_sub_xcdr__py_to_cpp__1000000B__10Hz__shmem_ds__best_effort,receive,sub,py_to_cpp,constrained_pub_sub,exp,xcdr,shmem_ds,1000000,10,1,measured,288,2026-09-09T14:28:52.649130Z,157326311328064,157326311136534,157326311328064,1788964132648994136,1788964132649039892,ok,
exp_constrained_pub_sub_xcdr__py_to_cpp__1000000B__10Hz__shmem_ds__best_effort,receive,sub,py_to_cpp,constrained_pub_sub,exp,xcdr,shmem_ds,1000000,10,1,measured,289,2026-09-09T14:28:52.748988Z,157326411186081,157326411032632,157326411186081,1788964132748865137,1788964132748902988,ok,
exp_constrained_pub_sub_xcdr__py_to_cpp__1000000B__10Hz__shmem_ds__best_effort,receive,sub,py_to_cpp,constrained_pub_sub,exp,xcdr,shmem_ds,1000000,10,1,measured,290,2026-09-09T14:28:52.848262Z,157326510460279,157326510337658,157326510460279,1788964132848167669,1788964132848204117,ok,
exp_constrained_pub_sub_xcdr__py_to_cpp__1000000B__10Hz__shmem_ds__best_effort,receive,sub,py_to_cpp,constrained_pub_sub,exp,xcdr,shmem_ds,1000000,10,1,measured,291,2026-09-09T14:28:52.947516Z,157326609713518,157326609436817,157326609713518,1788964132947301623,1788964132947372286,ok,
exp_constrained_pub_sub_xcdr__py_to_cpp__1000000B__10Hz__shmem_ds__best_effort,receive,sub,py_to_cpp,constrained_pub_sub,exp,xcdr,shmem_ds,1000000,10,1,measured,292,2026-09-09T14:28:53.047571Z,157326709769578,157326709681563,157326709769578,1788964133047502606,1788964133047525730,ok,
exp_constrained_pub_sub_xcdr__py_to_cpp__1000000B__10Hz__shmem_ds__best_effort,receive,sub,py_to_cpp,constrained_pub_sub,exp,xcdr,shmem_ds,1000000,10,1,measured,293,2026-09-09T14:28:53.147984Z,157326810182251,157326810087352,157326810182251,1788964133147910961,1788964133147929155,ok,
exp_constrained_pub_sub_xcdr__py_to_cpp__1000000B__10Hz__shmem_ds__best_effort,receive,sub,py_to_cpp,constrained_pub_sub,exp,xcdr,shmem_ds,1000000,10,1,measured,294,2026-09-09T14:28:53.247479Z,157326909677488,157326909563584,157326909677488,1788964133247390568,1788964133247420415,ok,
exp_constrained_pub_sub_xcdr__py_to_cpp__1000000B__10Hz__shmem_ds__best_effort,receive,sub,py_to_cpp,constrained_pub_sub,exp,xcdr,shmem_ds,1000000,10,1,measured,295,2026-09-09T14:28:53.348029Z,157327010227028,157327010088237,157327010227028,1788964133347923648,1788964133347953093,ok,
exp_constrained_pub_sub_xcdr__py_to_cpp__1000000B__10Hz__shmem_ds__best_effort,receive,sub,py_to_cpp,constrained_pub_sub,exp,xcdr,shmem_ds,1000000,10,1,measured,296,2026-09-09T14:28:53.447889Z,157327110087172,157327110011710,157327110087172,1788964133447829557,1788964133447843073,ok,
exp_constrained_pub_sub_xcdr__py_to_cpp__1000000B__10Hz__shmem_ds__best_effort,receive,sub,py_to_cpp,constrained_pub_sub,exp,xcdr,shmem_ds,1000000,10,1,measured,297,2026-09-09T14:28:53.547949Z,157327210148212,157327210049306,157327210148212,1788964133547873336,1788964133547899435,ok,
exp_constrained_pub_sub_xcdr__py_to_cpp__1000000B__10Hz__shmem_ds__best_effort,receive,sub,py_to_cpp,constrained_pub_sub,exp,xcdr,shmem_ds,1000000,10,1,measured,298,2026-09-09T14:28:53.646959Z,157327309156895,157327309070332,157327309156895,1788964133646891906,1788964133646907866,ok,
exp_constrained_pub_sub_xcdr__py_to_cpp__1000000B__10Hz__shmem_ds__best_effort,receive,sub,py_to_cpp,constrained_pub_sub,exp,xcdr,shmem_ds,1000000,10,1,measured,299,2026-09-09T14:28:53.746101Z,157327408299097,157327408211282,157327408299097,1788964133746031804,1788964133746049958,ok,
exp_constrained_pub_sub_xcdr__py_to_cpp__1000000B__10Hz__shmem_ds__best_effort,receive,sub,py_to_cpp,constrained_pub_sub,exp,xcdr,shmem_ds,1000000,10,1,measured,300,2026-09-09T14:28:53.846776Z,157327508974574,157327508873093,157327508974574,1788964133846698475,1788964133846716609,ok,
