run_id,event,process,direction,config,message,backend,transport,payload_bytes,target_frequency_hz,step_index,phase,sequence,observed_utc,observed_mono_ns,send_mono_ns,receive_mono_ns,middleware_source_ns,middleware_received_ns,status,error
std_copy_fastcdr__py_to_py__100000B__10Hz__shmem_ds__best_effort,publish,pub,py_to_py,copy,std,fastcdr,shmem_ds,100000,10,0,measured,0,2026-09-09T14:33:38.729449Z,157612391060900,157612391060900,157612391060900,-1,-1,ok,
std_copy_fastcdr__py_to_py__100000B__10Hz__shmem_ds__best_effort,publish,pub,py_to_py,copy,std,fastcdr,shmem_ds,100000,10,0,measured,1,2026-09-09T14:33:38.829645Z,157612491650329,157612491650329,157612491650329,-1,-1,ok,
std_copy_fastcdr__py_to_py__100000B__10Hz__shmem_ds__best_effort,publish,pub,py_to_py,copy,std,fastcdr,shmem_ds,100000,10,0,measured,2,2026-09-09T14:33:38.928722Z,157612590726480,157612590726480,157612590726480,-1,-1,ok,
std_copy_fastcdr__py_to_py__100000B__10Hz__shmem_ds__best_effort,publish,pub,py_to_py,copy,std,fastcdr,shmem_ds,100000,10,0,measured,3,2026-09-09T14:33:39.028182Z,157612690221272,157612690221272,157612690221272,-1,-1,ok,
std_copy_fastcdr__py_to_py__100000B__10Hz__shmem_ds__best_effort,publish,pub,py_to_py,copy,std,fastcdr,shmem_ds,100000,10,0,measured,4,2026-09-09T14:33:39.127549Z,157612789623090,157612789623090,157612789623090,-1,-1,ok,
std_copy_fastcdr__py_to_py__100000B__10Hz__shmem_ds__best_effort,publish,pub,py_to_py,copy,std,fastcdr,shmem_ds,100000,10,0,measured,5,2026-09-09T14:33:39.228272Z,157612890257685,157612890257685,157612890257685,-1,-1,ok,
std_copy_fastcdr__py_to_py__100000B__10Hz__shmem_ds__best_effort,publish,pub,py_to_py,copy,std,fastcdr,shmem_ds,100000,10,0,measured,6,2026-09-09T14:33:39.328516Z,157612990526771,157612990526771,157612990526771,-1,-1,ok,
std_copy_fastcdr__py_to_py__100000B__10Hz__shmem_ds__best_effort,publish,pub,py_to_py,copy,std,fastcdr,shmem_ds,100000,10,0,measured,7,2026-09-09T14:33:39.429400Z,157613091387553,157613091387553,157613091387553,-1,-1,ok,
std_copy_fastcdr__py_to_py__100000B__10Hz__shmem_ds__best_effort,publish,pub,py_to_py,copy,std,fastcdr,shmem_ds,100000,10,0,measured,8,2026-09-09T14:33:39.528588Z,157613190568654,157613190568654,157613190568654,-1,-1,ok,
std_copy_fastcdr__py_to_py__100000B__10Hz__shmem_ds__best_effort,publish,pub,py_to_py,copy,std,fastcdr,shmem_ds,100000,10,0,measured,9,2026-09-09T14:33:39.628664Z,157613290588168,157613290588168,157613290588168,-1,-1,ok,
std_copy_fastcdr__py_to_py__100000B__10Hz__shmem_ds__best_effort,publish,pub,py_to_py,copy,std,fastcdr,shmem_ds,100000,10,0,measured,10,2026-09-09T14:33:39.727486Z,157613389470816,157613389470816,157613389470816,-1,-1,ok,
std_copy_fastcdr__py_to_py__100000B__10Hz__shmem_ds__best_effort,publish,pub,py_to_py,copy,std,fastcdr,shmem_ds,100000,10,0,measured,11,2026-09-09T14:33:39.826976Z,157613488928088,157613488928088,157613488928088,-1,-1,ok,
std_copy_fastcdr__py_to_py__100000B__10Hz__shmem_ds__best_effort,publish,pub,py_to_py,copy,std,fastcdr,shmem_ds,100000,10,0,measured,12,2026-09-09T14:33:39.926950Z,157613588910342,157613588910342,157613588910342,-1,-1,ok,
std_copy_fastcdr__py_to_py__100000B__10Hz__shmem_ds__best_effort,publish,pub,py_to_py,copy,std,fastcdr,shmem_ds,100000,10,0,measured,13,2026-09-09T14:33:40.026082Z,157613688017874,157613688017874,157613688017874,-1,-1,ok,
std_copy_fastcdr__py_to_py__100000B__10Hz__shmem_ds__best_effort,publish,pub,py_to_py,copy,std,fastcdr,shmem_ds,100000,10,0,measured,14,2026-09-09T14:33:40.125279Z,157613787293656,157613787293656,157613787293656,-1,-1,ok,
std_copy_fastcdr__py_to_py__100000B__10Hz__shmem_ds__best_effort,publish,pub,py_to_py,copy,std,fastcdr,shmem_ds,100000,10,0,measured,15,2026-09-09T14:33:40.225594Z,157613887600203,157613887600203,157613887600203,-1,-1,ok,
std_copy_fastcdr__py_to_py__100000B__10Hz__shmem_ds__best_effort,publish,pub,py_to_py,copy,std,fastcdr,shmem_ds,100000,10,0,measured,16,2026-09-09T14:33:40.325634Z,157613987660827,157613987660827,157613987660827,-1,-1,ok,
std_copy_fastcdr__py_to_py__100000B__10Hz__shmem_ds__best_effort,publish,pub,py_to_py,copy,std,fastcdr,shmem_ds,100000,10,0,measured,17,2026-09-09T14:33:40.425144Z,157614087165931,157614087165931,157614087165931,-1,-1,ok,
std_copy_fastcdr__py_to_py__100000B__10Hz__shmem_ds__best_effort,publish,pub,py_to_py,copy,std,fastcdr,shmem_ds,100000,10,0,measured,18,2026-09-09T14:33:40.525295Z,157614187307357,157614187307357,157614187307357,-1,-1,ok,
std_copy_fastcdr__py_to_py__100000B__10Hz__shmem_ds__best_effort,publish,pub,py_to_py,copy,std,fastcdr,shmem_ds,100000,10,0,measured,19,2026-09-09T14:33:40.625931Z,157614287908300,157614287908300,157614287908300,-1,-1,ok,
std_copy_fastcdr__py_to_py__100000B__10Hz__shmem_ds__best_effort,publish,pub,py_to_py,copy,std,fastcdr,shmem_ds,100000,10,0,measured,20,2026-09-09T14:33:40.724920Z,157614386931104,157614386931104,157614386931104,-1,-1,ok,
std_copy_fastcdr__py_to_py__100000B__10Hz__shmem_ds__best_effort,publish,pub,py_to_py,copy,std,fastcdr,shmem_ds,100000,10,0,measured,21,2026-09-09T14:33:40.825535Z,157614487551224,157614487551224,157614487551224,-1,-1,ok,
std_copy_fastcdr__py_to_py__100000B__10Hz__shmem_ds__best_effort,publish,pub,py_to_py,copy,std,fastcdr,shmem_ds,100000,10,0,measured,22,2026-09-09T14:33:40.925963Z,157614587938734,157614587938734,157614587938734,-1,-1,ok,
std_copy_fastcdr__py_to_py__100000B__10Hz__shmem_ds__best_effort,publish,pub,py_to_py,copy,std,fastcdr,shmem_ds,100000,10,0,measured,23,2026-09-09T14:33:41.025626Z,157614687635310,157614687635310,157614687635310,-1,-1,ok,
std_copy_fastcdr__py_to_py__100000B__10Hz__shmem_ds__best_effort,publish,pub,py_to_py,copy,std,fastcdr,shmem_ds,100000,10,0,measured,24,2026-09-09T14:33:41.124939Z,157614786922575,157614786922575,157614786922575,-1,-1,ok,
std_copy_fastcdr__py_to_py__100000B__10Hz__shmem_ds__best_effort,publish,pub,py_to_py,copy,std,fastcdr,shmem_ds,100000,10,0,measured,25,2026-09-09T14:33:41.225846Z,157614887855527,157614887855527,157614887855527,-1,-1,ok,
std_copy_fastcdr__py_to_py__100000B__10Hz__shmem_ds__best_effort,publish,pub,py_to_py,copy,std,fastcdr,shmem_ds,100000,10,0,measured,26,2026-09-09T14:33:41.325626Z,157614987594635,157614987594635,157614987594635,-1,-1,ok,
std_copy_fastcdr__py_to_py__100000B__10Hz__shmem_ds__best_effort,publish,pub,py_to_py,copy,std,fastcdr,shmem_ds,100000,10,0,measured,27,2026-09-09T14:33:41.424704Z,157615086707811,157615086707811,157615086707811,-1,-1,ok,
std_copy_fastcdr__py_to_py__100000B__10Hz__shmem_ds__best_effort,publish,pub,py_to_py,copy,std,fastcdr,shmem_ds,100000,10,0,measured,28,2026-09-09T14:33:41.523921Z,157615185927037,157615185927037,157615185927037,-1,-1,ok,
std_copy_fastcdr__py_to_py__100000B__10Hz__shmem_ds__best_effort,publish,pub,py_to_py,copy,std,fastcdr,shmem_ds,100000,10,0,measured,29,2026-09-09T14:33:41.624671Z,157615286599367,157615286599367,157615286599367,-1,-1,ok,
std_copy_fastcdr__py_to_py__100000B__10Hz__shmem_ds__best_effort,publish,pub,py_to_py,copy,std,fastcdr,shmem_ds,100000,10,0,measured,30,2026-09-09T14:33:41.724793Z,157615386803824,157615386803824,157615386803824,-1,-1,ok,
std_copy_fastcdr__py_to_py__100000B__10Hz__shmem_ds__best_effort,publish,pub,py_to_py,copy,std,fastcdr,shmem_ds,100000,10,0,measured,31,2026-09-09T14:33:41.825390Z,157615487404499,157615487404499,157615487404499,-1,-1,ok,
std_copy_fastcdr__py_to_py__100000B__10Hz__shmem_ds__best_effort,publish,pub,py_to_py,copy,std,fastcdr,shmem_ds,100000,10,0,measured,32,2026-09-09T14:33:41.925982Z,157615587882181,157615587882181,157615587882181,-1,-1,ok,
std_copy_fastcdr__py_to_py__100000B__10Hz__shmem_ds__best_effort,publish,pub,py_to_py,copy,std,fastcdr,shmem_ds,100000,10,0,measured,33,2026-09-09T14:33:42.025924Z,157615687928940,157615687928940,157615687928940,-1,-1,ok,
std_copy_fastcdr__py_to_py__100000B__10Hz__shmem_ds__best_effort,publish,pub,py_to_py,copy,std,fastcdr,shmem_ds,100000,10,0,measured,34,2026-09-09T14:33:42.126912Z,157615788899104,157615788899104,157615788899104,-1,-1,ok,
std_copy_fastcdr__py_to_py__100000B__10Hz__shmem_ds__best_effort,publish,pub,py_to_py,copy,std,fastcdr,shmem_ds,100000,10,0,measured,35,2026-09-09T14:33:42.226598Z,157615888615120,157615888615120,157615888615120,-1,-1,ok,
std_copy_fastcdr__py_to_py__100000B__10Hz__shmem_ds__best_effort,publish,pub,py_to_py,copy,std,fastcdr,shmem_ds,100000,10,0,measured,36,2026-09-09T14:33:42.326729Z,157615988747892,157615988747892,157615988747892,-1,-1,ok,
std_copy_fastcdr__py_to_py__100000B__10Hz__shmem_ds__best_effort,publish,pub,py_to_py,copy,std,fastcdr,shmem_ds,100000,10,0,measured,37,2026-09-09T14:33:42.427392Z,157616089405046,157616089405046,157616089405046,-1,-1,ok,
std_copy_fastcdr__py_to_py__100000B__10Hz__shmem_ds__best_effort,publish,pub,py_to_py,copy,std,fastcdr,shmem_ds,100000,10,0,measured,38,2026-09-09T14:33:42.527639Z,157616189644900,157616189644900,157616189644900,-1,-1,ok,
std_copy_fastcdr__py_to_py__100000B__10Hz__shmem_ds__best_effort,publish,pub,py_to_py,copy,std,fastcdr,shmem_ds,100000,10,0,measured,39,2026-09-09T14:33:42.628350Z,157616290365053,157616290365053,157616290365053,-1,-1,ok,
std_copy_fastcdr__py_to_py__100000B__10Hz__shmem_ds__best_effort,publish,pub,py_to_py,copy,std,fastcdr,shmem_ds,100000,10,0,measured,40,2026-09-09T14:33:42.728485Z,157616390488156,157616390488156,157616390488156,-1,-1,ok,
std_copy_fastcdr__py_to_py__100000B__10Hz__shmem_ds__best_effort,publish,pub,py_to_py,copy,std,fastcdr,shmem_ds,100000,10,0,measured,41,2026-09-09T14:33:42.828904Z,157616490916437,157616490916437,157616490916437,-1,-1,ok,
std_copy_fastcdr__py_to_py__100000B__10Hz__shmem_ds__best_effort,publish,pub,py_to_py,copy,std,fastcdr,shmem_ds,100000,10,0,measured,42,2026-09-09T14:33:42.928004Z,157616590021710,157616590021710,157616590021710,-1,-1,ok,
std_copy_fastcdr__py_to_py__100000B__10Hz__shmem_ds__best_effort,publish,pub,py_to_py,copy,std,fastcdr,shmem_ds,100000,10,0,measured,43,2026-09-09T14:33:43.027459Z,157616689476313,157616689476313,157616689476313,-1,-1,ok,
std_copy_fastcdr__py_to_py__100000B__10Hz__shmem_ds__best_effort,publish,pub,py_to_py,copy,std,fastcdr,shmem_ds,100000,10,0,measured,44,2026-09-09T14:33:43.127045Z,157616789062134,157616789062134,157616789062134,-1,-1,ok,
std_copy_fastcdr__py_to_py__100000B__10Hz__shmem_ds__best_effort,publish,pub,py_to_py,copy,std,fastcdr,shmem_ds,100000,10,0,measured,45,2026-09-09T14:33:43.226257Z,157616888254804,157616888254804,157616888254804,-1,-1,ok,
std_copy_fastcdr__py_to_py__100000B__10Hz__shmem_ds__best_effort,publish,pub,py_to_py,copy,std,fastcdr,shmem_ds,100000,10,0,measured,46,2026-09-09T14:33:43.325680Z,157616987659874,157616987659874,157616987659874,-1,-1,ok,
std_copy_fastcdr__py_to_py__100000B__10Hz__shmem_ds__best_effort,publish,pub,py_to_py,copy,std,fastcdr,shmem_ds,100000,10,0,measured,47,2026-09-09T14:33:43.424838Z,157617086860368,157617086860368,157617086860368,-1,-1,ok,
std_copy_fastcdr__py_to_py__100000B__10Hz__shmem_ds__best_effort,publish,pub,py_to_py,copy,std,fastcdr,shmem_ds,100000,10,0,measured,48,2026-09-09T14:33:43.524426Z,157617186441791,157617186441791,157617186441791,-1,-1,ok,
std_copy_fastcdr__py_to_py__100000B__10Hz__shmem_ds__best_effort,publish,pub,py_to_py,copy,std,fastcdr,shmem_ds,100000,10,0,measured,49,2026-09-09T14:33:43.624883Z,157617286803307,157617286803307,157617286803307,-1,-1,ok,
std_copy_fastcdr__py_to_py__100000B__10Hz__shmem_ds__best_effort,publish,pub,py_to_py,copy,std,fastcdr,shmem_ds,100000,10,0,measured,50,2026-09-09T14:33:43.724415Z,157617386435286,157617386435286,157617386435286,-1,-1,ok,
std_copy_fastcdr__py_to_py__100000B__10Hz__shmem_ds__best_effort,publish,pub,py_to_py,copy,std,fastcdr,shmem_ds,100000,10,0,measured,51,2026-09-09T14:33:43.824186Z,157617486203162,157617486203162,157617486203162,-1,-1,ok,
std_copy_fastcdr__py_to_py__100000B__10Hz__shmem_ds__best_effort,publish,pub,py_to_py,copy,std,fastcdr,shmem_ds,100000,10,0,measured,52,2026-09-09T14:33:43.923579Z,157617585600198,157617585600198,157617585600198,-1,-1,ok,
std_copy_fastcdr__py_to_py__100000B__10Hz__shmem_ds__best_effort,publish,pub,py_to_py,copy,std,fastcdr,shmem_ds,100000,10,0,measured,53,2026-09-09T14:33:44.023119Z,157617685139011,157617685139011,157617685139011,-1,-1,ok,
std_copy_fastcdr__py_to_py__100000B__10Hz__shmem_ds__best_effort,publish,pub,py_to_py,copy,std,fastcdr,shmem_ds,100000,10,0,measured,54,2026-09-09T14:33:44.124140Z,157617786077488,157617786077488,157617786077488,-1,-1,ok,
std_copy_fastcdr__py_to_py__100000B__10Hz__shmem_ds__best_effort,publish,pub,py_to_py,copy,std,fastcdr,shmem_ds,100000,10,0,measured,55,2026-09-09T14:33:44.224274Z,157617886294353,157617886294353,157617886294353,-1,-1,ok,
std_copy_fastcdr__py_to_py__100000B__10Hz__shmem_ds__best_effort,publish,pub,py_to_py,copy,std,fastcdr,shmem_ds,100000,10,0,measured,56,2026-09-09T14:33:44.324502Z,157617986526667,157617986526667,157617986526667,-1,-1,ok,
std_copy_fastcdr__py_to_py__100000B__10Hz__shmem_ds__best_effort,publish,pub,py_to_py,copy,std,fastcdr,shmem_ds,100000,10,0,measured,57,2026-09-09T14:33:44.423839Z,157618085840096,157618085840096,157618085840096,-1,-1,ok,
std_copy_fastcdr__py_to_py__100000B__10Hz__shmem_ds__best_effort,publish,pub,py_to_py,copy,std,fastcdr,shmem_ds,100000,10,0,measured,58,2026-09-09T14:33:44.524274Z,157618186288749,157618186288749,157618186288749,-1,-1,ok,
std_copy_fastcdr__py_to_py__100000B__10Hz__shmem_ds__best_effort,publish,pub,py_to_py,copy,std,fastcdr,shmem_ds,100000,10,0,measured,59,2026-09-09T14:33:44.623623Z,157618285641733,157618285641733,157618285641733,-1,-1,ok,
std_copy_fastcdr__py_to_py__100000B__10Hz__shmem_ds__best_effort,publish,pub,py_to_py,copy,std,fastcdr,shmem_ds,100000,10,0,measured,60,2026-09-09T14:33:44.723391Z,157618385408708,157618385408708,157618385408708,-1,-1,ok,
std_copy_fastcdr__py_to_py__100000B__10Hz__shmem_ds__best_effort,publish,pub,py_to_py,copy,std,fastcdr,shmem_ds,100000,10,0,measured,61,2026-09-09T14:33:44.824413Z,157618486425423,157618486425423,157618486425423,-1,-1,ok,
std_copy_fastcdr__py_to_py__100000B__10Hz__shmem_ds__best_effort,publish,pub,py_to_py,copy,std,fastcdr,shmem_ds,100000,10,0,measured,62,2026-09-09T14:33:44.924602Z,157618586634253,157618586634253,157618586634253,-1,-1,ok,
std_copy_fastcdr__py_to_py__100000B__10Hz__shmem_ds__best_effort,publish,pub,py_to_py,copy,std,fastcdr,shmem_ds,100000,10,0,measured,63,2026-09-09T14:33:45.024769Z,157618686786135,157618686786135,157618686786135,-1,-1,ok,
std_copy_fastcdr__py_to_py__100000B__10Hz__shmem_ds__best_effort,publish,pub,py_to_py,copy,std,fastcdr,shmem_ds,100000,10,0,measured,64,2026-09-09T14:33:45.125166Z,157618787178172,157618787178172,157618787178172,-1,-1,ok,
std_copy_fastcdr__py_to_py__100000B__10Hz__shmem_ds__best_effort,publish,pub,py_to_py,copy,std,fastcdr,shmem_ds,100000,10,0,measured,65,2026-09-09T14:33:45.225874Z,157618887865828,157618887865828,157618887865828,-1,-1,ok,
std_copy_fastcdr__py_to_py__100000B__10Hz__shmem_ds__best_effort,publish,pub,py_to_py,copy,std,fastcdr,shmem_ds,100000,10,0,measured,66,2026-09-09T14:33:45.326419Z,157618988420011,157618988420011,157618988420011,-1,-1,ok,
std_copy_fastcdr__py_to_py__100000B__10Hz__shmem_ds__best_effort,publish,pub,py_to_py,copy,std,fastcdr,shmem_ds,100000,10,0,measured,67,2026-09-09T14:33:45.425849Z,157619087851404,157619087851404,157619087851404,-1,-1,ok,
std_copy_fastcdr__py_to_py__100000B__10Hz__shmem_ds__best_effort,publish,pub,py_to_py,copy,std,fastcdr,shmem_ds,100000,10,0,measured,68,2026-09-09T14:33:45.524918Z,157619186920674,157619186920674,157619186920674,-1,-1,ok,
std_copy_fastcdr__py_to_py__100000B__10Hz__shmem_ds__best_effort,publish,pub,py_to_py,copy,std,fastcdr,shmem_ds,100000,10,0,measured,69,2026-09-09T14:33:45.624528Z,157619286544671,157619286544671,157619286544671,-1,-1,ok,
std_copy_fastcdr__py_to_py__100000B__10Hz__shmem_ds__best_effort,publish,pub,py_to_py,copy,std,fastcdr,shmem_ds,100000,10,0,measured,70,2026-09-09T14:33:45.724046Z,157619386070863,157619386070863,157619386070863,-1,-1,ok,
std_copy_fastcdr__py_to_py__100000B__10Hz__shmem_ds__best_effort,publish,pub,py_to_py,copy,std,fastcdr,shmem_ds,100000,10,0,measured,71,2026-09-09T14:33:45.823534Z,157619485548554,157619485548554,157619485548554,-1,-1,ok,
std_copy_fastcdr__py_to_py__100000B__10Hz__shmem_ds__best_effort,publish,pub,py_to_py,copy,std,fastcdr,shmem_ds,100000,10,0,measured,72,2026-09-09T14:33:45.924375Z,157619586391132,157619586391132,157619586391132,-1,-1,ok,
std_copy_fastcdr__py_to_py__100000B__10Hz__shmem_ds__best_effort,publish,pub,py_to_py,copy,std,fastcdr,shmem_ds,100000,10,0,measured,73,2026-09-09T14:33:46.025148Z,157619687165812,157619687165812,157619687165812,-1,-1,ok,
std_copy_fastcdr__py_to_py__100000B__10Hz__shmem_ds__best_effort,publish,pub,py_to_py,copy,std,fastcdr,shmem_ds,100000,10,0,measured,74,2026-09-09T14:33:46.124730Z,157619786759243,157619786759243,157619786759243,-1,-1,ok,
std_copy_fastcdr__py_to_py__100000B__10Hz__shmem_ds__best_effort,publish,pub,py_to_py,copy,std,fastcdr,shmem_ds,100000,10,0,measured,75,2026-09-09T14:33:46.225054Z,157619887073505,157619887073505,157619887073505,-1,-1,ok,
std_copy_fastcdr__py_to_py__100000B__10Hz__shmem_ds__best_effort,publish,pub,py_to_py,copy,std,fastcdr,shmem_ds,100000,10,0,measured,76,2026-09-09T14:33:46.324829Z,157619986861373,157619986861373,157619986861373,-1,-1,ok,
std_copy_fastcdr__py_to_py__100000B__10Hz__shmem_ds__best_effort,publish,pub,py_to_py,copy,std,fastcdr,shmem_ds,100000,10,0,measured,77,2026-09-09T14:33:46.425686Z,157620087702670,157620087702670,157620087702670,-1,-1,ok,
std_copy_fastcdr__py_to_py__100000B__10Hz__shmem_ds__best_effort,publish,pub,py_to_py,copy,std,fastcdr,shmem_ds,100000,10,0,measured,78,2026-09-09T14:33:46.525637Z,157620187643126,157620187643126,157620187643126,-1,-1,ok,
std_copy_fastcdr__py_to_py__100000B__10Hz__shmem_ds__best_effort,publish,pub,py_to_py,copy,std,fastcdr,shmem_ds,100000,10,0,measured,79,2026-09-09T14:33:46.625140Z,157620287154732,157620287154732,157620287154732,-1,-1,ok,
std_copy_fastcdr__py_to_py__100000B__10Hz__shmem_ds__best_effort,publish,pub,py_to_py,copy,std,fastcdr,shmem_ds,100000,10,0,measured,80,2026-09-09T14:33:46.724644Z,157620386660507,157620386660507,157620386660507,-1,-1,ok,
std_copy_fastcdr__py_to_py__100000B__10Hz__shmem_ds__best_effort,publish,pub,py_to_py,copy,std,fastcdr,shmem_ds,100000,10,0,measured,81,2026-09-09T14:33:46.824759Z,157620486775192,157620486775192,157620486775192,-1,-1,ok,
std_copy_fastcdr__py_to_py__100000B__10Hz__shmem_ds__best_effort,publish,pub,py_to_py,copy,std,fastcdr,shmem_ds,100000,10,0,measured,82,2026-09-09T14:33:46.924273Z,157620586285837,157620586285837,157620586285837,-1,-1,ok,
std_copy_fastcdr__py_to_py__100000B__10Hz__shmem_ds__best_effort,publish,pub,py_to_py,copy,std,fastcdr,shmem_ds,100000,10,0,measured,83,2026-09-09T14:33:47.024437Z,157620686454234,157620686454234,157620686454234,-1,-1,ok,
std_copy_fastcdr__py_to_py__100000B__10Hz__shmem_ds__best_effort,publish,pub,py_to_py,copy,std,fastcdr,shmem_ds,100000,10,0,measured,84,2026-09-09T14:33:47.125226Z,157620787252010,157620787252010,157620787252010,-1,-1,ok,
std_copy_fastcdr__py_to_py__100000B__10Hz__shmem_ds__best_effort,publish,pub,py_to_py,copy,std,fastcdr,shmem_ds,100000,10,0,measured,85,2026-09-09T14:33:47.225021Z,157620887040331,157620887040331,157620887040331,-1,-1,ok,
std_copy_fastcdr__py_to_py__100000B__10Hz__shmem_ds__best_effort,publish,pub,py_to_py,copy,std,fastcdr,shmem_ds,100000,10,0,measured,86,2026-09-09T14:33:47.324448Z,157620986470234,157620986470234,157620986470234,-1,-1,ok,
std_copy_fastcdr__py_to_py__100000B__10Hz__shmem_ds__best_effort,publish,pub,py_to_py,copy,std,fastcdr,shmem_ds,100000,10,0,measured,87,2026-09-09T14:33:47.425415Z,157621087455094,157621087455094,157621087455094,-1,-1,ok,
std_copy_fastcdr__py_to_py__100000B__10Hz__shmem_ds__best_effort,publish,pub,py_to_py,copy,std,fastcdr,shmem_ds,100000,10,0,measured,88,2026-09-09T14:33:47.525463Z,157621187501442,157621187501442,157621187501442,-1,-1,ok,
std_copy_fastcdr__py_to_py__100000B__10Hz__shmem_ds__best_effort,publish,pub,py_to_py,copy,std,fastcdr,shmem_ds,100000,10,0,measured,89,2026-09-09T14:33:47.624723Z,157621286756746,157621286756746,157621286756746,-1,-1,ok,
std_copy_fastcdr__py_to_py__100000B__10Hz__shmem_ds__best_effort,publish,pub,py_to_py,copy,std,fastcdr,shmem_ds,100000,10,0,measured,90,2026-09-09T14:33:47.723834Z,157621385838723,157621385838723,157621385838723,-1,-1,ok,
std_copy_fastcdr__py_to_py__100000B__10Hz__shmem_ds__best_effort,publish,pub,py_to_py,copy,std,fastcdr,shmem_ds,100000,10,0,measured,91,2026-09-09T14:33:47.823013Z,157621485025508,157621485025508,157621485025508,-1,-1,ok,
std_copy_fastcdr__py_to_py__100000B__10Hz__shmem_ds__best_effort,publish,pub,py_to_py,copy,std,fastcdr,shmem_ds,100000,10,0,measured,92,2026-09-09T14:33:47.923267Z,157621585278786,157621585278786,157621585278786,-1,-1,ok,
std_copy_fastcdr__py_to_py__100000B__10Hz__shmem_ds__best_effort,publish,pub,py_to_py,copy,std,fastcdr,shmem_ds,100000,10,0,measured,93,2026-09-09T14:33:48.023821Z,157621685831100,157621685831100,157621685831100,-1,-1,ok,
std_copy_fastcdr__py_to_py__100000B__10Hz__shmem_ds__best_effort,publish,pub,py_to_py,copy,std,fastcdr,shmem_ds,100000,10,0,measured,94,2026-09-09T14:33:48.123643Z,157621785670809,157621785670809,157621785670809,-1,-1,ok,
std_copy_fastcdr__py_to_py__100000B__10Hz__shmem_ds__best_effort,publish,pub,py_to_py,copy,std,fastcdr,shmem_ds,100000,10,0,measured,95,2026-09-09T14:33:48.222840Z,157621884830033,157621884830033,157621884830033,-1,-1,ok,
std_copy_fastcdr__py_to_py__100000B__10Hz__shmem_ds__best_effort,publish,pub,py_to_py,copy,std,fastcdr,shmem_ds,100000,10,0,measured,96,2026-09-09T14:33:48.322609Z,157621984615871,157621984615871,157621984615871,-1,-1,ok,
std_copy_fastcdr__py_to_py__100000B__10Hz__shmem_ds__best_effort,publish,pub,py_to_py,copy,std,fastcdr,shmem_ds,100000,10,0,measured,97,2026-09-09T14:33:48.423541Z,157622085557801,157622085557801,157622085557801,-1,-1,ok,
std_copy_fastcdr__py_to_py__100000B__10Hz__shmem_ds__best_effort,publish,pub,py_to_py,copy,std,fastcdr,shmem_ds,100000,10,0,measured,98,2026-09-09T14:33:48.523633Z,157622185646069,157622185646069,157622185646069,-1,-1,ok,
std_copy_fastcdr__py_to_py__100000B__10Hz__shmem_ds__best_effort,publish,pub,py_to_py,copy,std,fastcdr,shmem_ds,100000,10,0,measured,99,2026-09-09T14:33:48.624550Z,157622286565467,157622286565467,157622286565467,-1,-1,ok,
std_copy_fastcdr__py_to_py__100000B__10Hz__shmem_ds__best_effort,publish,pub,py_to_py,copy,std,fastcdr,shmem_ds,100000,10,0,measured,100,2026-09-09T14:33:48.725280Z,157622387293293,157622387293293,157622387293293,-1,-1,ok,
std_copy_fastcdr__py_to_py__100000B__10Hz__shmem_ds__best_effort,publish,pub,py_to_py,copy,std,fastcdr,shmem_ds,100000,10,0,measured,101,2026-09-09T14:33:48.824329Z,157622486304318,157622486304318,157622486304318,-1,-1,ok,
std_copy_fastcdr__py_to_py__100000B__10Hz__shmem_ds__best_effort,publish,pub,py_to_py,copy,std,fastcdr,shmem_ds,100000,10,0,measured,102,2026-09-09T14:33:48.924733Z,157622586754780,157622586754780,157622586754780,-1,-1,ok,
std_copy_fastcdr__py_to_py__100000B__10Hz__shmem_ds__best_effort,publish,pub,py_to_py,copy,std,fastcdr,shmem_ds,100000,10,0,measured,103,2026-09-09T14:33:49.025023Z,157622687060880,157622687060880,157622687060880,-1,-1,ok,
std_copy_fastcdr__py_to_py__100000B__10Hz__shmem_ds__best_effort,publish,pub,py_to_py,copy,std,fastcdr,shmem_ds,100000,10,0,measured,104,2026-09-09T14:33:49.125186Z,157622787206709,157622787206709,157622787206709,-1,-1,ok,
std_copy_fastcdr__py_to_py__100000B__10Hz__shmem_ds__best_effort,publish,pub,py_to_py,copy,std,fastcdr,shmem_ds,100000,10,0,measured,105,2026-09-09T14:33:49.224686Z,157622886711327,157622886711327,157622886711327,-1,-1,ok,
std_copy_fastcdr__py_to_py__100000B__10Hz__shmem_ds__best_effort,publish,pub,py_to_py,copy,std,fastcdr,shmem_ds,100000,10,0,measured,106,2026-09-09T14:33:49.324980Z,157622986995607,157622986995607,157622986995607,-1,-1,ok,
std_copy_fastcdr__py_to_py__100000B__10Hz__shmem_ds__best_effort,publish,pub,py_to_py,copy,std,fastcdr,shmem_ds,100000,10,0,measured,107,2026-09-09T14:33:49.424248Z,157623086246887,157623086246887,157623086246887,-1,-1,ok,
std_copy_fastcdr__py_to_py__100000B__10Hz__shmem_ds__best_effort,publish,pub,py_to_py,copy,std,fastcdr,shmem_ds,100000,10,0,measured,108,2026-09-09T14:33:49.524124Z,157623186132274,157623186132274,157623186132274,-1,-1,ok,
std_copy_fastcdr__py_to_py__100000B__10Hz__shmem_ds__best_effort,publish,pub,py_to_py,copy,std,fastcdr,shmem_ds,100000,10,0,measured,109,2026-09-09T14:33:49.624017Z,157623285996020,157623285996020,157623285996020,-1,-1,ok,
std_copy_fastcdr__py_to_py__100000B__10Hz__shmem_ds__best_effort,publish,pub,py_to_py,copy,std,fastcdr,shmem_ds,100000,10,0,measured,110,2026-09-09T14:33:49.724908Z,157623386917313,157623386917313,157623386917313,-1,-1,ok,
std_copy_fastcdr__py_to_py__100000B__10Hz__shmem_ds__best_effort,publish,pub,py_to_py,copy,std,fastcdr,shmem_ds,100000,10,0,measured,111,2026-09-09T14:33:49.825653Z,157623487665960,157623487665960,157623487665960,-1,-1,ok,
std_copy_fastcdr__py_to_py__100000B__10Hz__shmem_ds__best_effort,publish,pub,py_to_py,copy,std,fastcdr,shmem_ds,100000,10,0,measured,112,2026-09-09T14:33:49.925308Z,157623587282810,157623587282810,157623587282810,-1,-1,ok,
std_copy_fastcdr__py_to_py__100000B__10Hz__shmem_ds__best_effort,publish,pub,py_to_py,copy,std,fastcdr,shmem_ds,100000,10,0,measured,113,2026-09-09T14:33:50.025195Z,157623687208404,157623687208404,157623687208404,-1,-1,ok,
std_copy_fastcdr__py_to_py__100000B__10Hz__shmem_ds__best_effort,publish,pub,py_to_py,copy,std,fastcdr,shmem_ds,100000,10,0,measured,114,2026-09-09T14:33:50.124670Z,157623786622482,157623786622482,157623786622482,-1,-1,ok,
std_copy_fastcdr__py_to_py__100000B__10Hz__shmem_ds__best_effort,publish,pub,py_to_py,copy,std,fastcdr,shmem_ds,100000,10,0,measured,115,2026-09-09T14:33:50.225363Z,157623887380138,157623887380138,157623887380138,-1,-1,ok,
std_copy_fastcdr__py_to_py__100000B__10Hz__shmem_ds__best_effort,publish,pub,py_to_py,copy,std,fastcdr,shmem_ds,100000,10,0,measured,116,2026-09-09T14:33:50.326111Z,157623988126823,157623988126823,157623988126823,-1,-1,ok,
std_copy_fastcdr__py_to_py__100000B__10Hz__shmem_ds__best_effort,publish,pub,py_to_py,copy,std,fastcdr,shmem_ds,100000,10,0,measured,117,2026-09-09T14:33:50.425790Z,157624087805040,157624087805040,157624087805040,-1,-1,ok,
std_copy_fastcdr__py_to_py__100000B__10Hz__shmem_ds__best_effort,publish,pub,py_to_py,copy,std,fastcdr,shmem_ds,100000,10,0,measured,118,2026-09-09T14:33:50.526055Z,157624188065447,157624188065447,157624188065447,-1,-1,ok,
std_copy_fastcdr__py_to_py__100000B__10Hz__shmem_ds__best_effort,publish,pub,py_to_py,copy,std,fastcdr,shmem_ds,100000,10,0,measured,119,2026-09-09T14:33:50.626195Z,157624288213291,157624288213291,157624288213291,-1,-1,ok,
std_copy_fastcdr__py_to_py__100000B__10Hz__shmem_ds__best_effort,publish,pub,py_to_py,copy,std,fastcdr,shmem_ds,100000,10,0,measured,120,2026-09-09T14:33:50.725737Z,157624387626118,157624387626118,157624387626118,-1,-1,ok,
std_copy_fastcdr__py_to_py__100000B__10Hz__shmem_ds__best_effort,publish,pub,py_to_py,copy,std,fastcdr,shmem_ds,100000,10,0,measured,121,2026-09-09T14:33:50.826032Z,157624488054201,157624488054201,157624488054201,-1,-1,ok,
std_copy_fastcdr__py_to_py__100000B__10Hz__shmem_ds__best_effort,publish,pub,py_to_py,copy,std,fastcdr,shmem_ds,100000,10,0,measured,122,2026-09-09T14:33:50.926214Z,157624588190083,157624588190083,157624588190083,-1,-1,ok,
std_copy_fastcdr__py_to_py__100000B__10Hz__shmem_ds__best_effort,publish,pub,py_to_py,copy,std,fastcdr,shmem_ds,100000,10,0,measured,123,2026-09-09T14:33:51.026843Z,157624688729697,157624688729697,157624688729697,-1,-1,ok,
std_copy_fastcdr__py_to_py__100000B__10Hz__shmem_ds__best_effort,publish,pub,py_to_py,copy,std,fastcdr,shmem_ds,100000,10,0,measured,124,2026-09-09T14:33:51.126821Z,157624788814314,157624788814314,157624788814314,-1,-1,ok,
std_copy_fastcdr__py_to_py__100000B__10Hz__shmem_ds__best_effort,publish,pub,py_to_py,copy,std,fastcdr,shmem_ds,100000,10,0,measured,125,2026-09-09T14:33:51.225824Z,157624887812759,157624887812759,157624887812759,-1,-1,ok,
std_copy_fastcdr__py_to_py__100000B__10Hz__shmem_ds__best_effort,publish,pub,py_to_py,copy,std,fastcdr,shmem_ds,100000,10,0,measured,126,2026-09-09T14:33:51.325490Z,157624987464799,157624987464799,157624987464799,-1,-1,ok,
std_copy_fastcdr__py_to_py__100000B__10Hz__shmem_ds__best_effort,publish,pub,py_to_py,copy,std,fastcdr,shmem_ds,100000,10,0,measured,127,2026-09-09T14:33:51.424452Z,157625086436003,157625086436003,157625086436003,-1,-1,ok,
std_copy_fastcdr__py_to_py__100000B__10Hz__shmem_ds__best_effort,publish,pub,py_to_py,copy,std,fastcdr,shmem_ds,100000,10,0,measured,128,2026-09-09T14:33:51.525340Z,157625187301654,157625187301654,157625187301654,-1,-1,ok,
std_copy_fastcdr__py_to_py__100000B__10Hz__shmem_ds__best_effort,publish,pub,py_to_py,copy,std,fastcdr,shmem_ds,100000,10,0,measured,129,2026-09-09T14:33:51.626117Z,157625288069180,157625288069180,157625288069180,-1,-1,ok,
std_copy_fastcdr__py_to_py__100000B__10Hz__shmem_ds__best_effort,publish,pub,py_to_py,copy,std,fastcdr,shmem_ds,100000,10,0,measured,130,2026-09-09T14:33:51.726687Z,157625388706099,157625388706099,157625388706099,-1,-1,ok,
std_copy_fastcdr__py_to_py__100000B__10Hz__shmem_ds__best_effort,publish,pub,py_to_py,copy,std,fastcdr,shmem_ds,100000,10,0,measured,131,2026-09-09T14:33:51.826276Z,157625488298076,157625488298076,157625488298076,-1,-1,ok,
std_copy_fastcdr__py_to_py__100000B__10Hz__shmem_ds__best_effort,publish,pub,py_to_py,copy,std,fastcdr,shmem_ds,100000,10,0,measured,132,2026-09-09T14:33:51.925464Z,157625587424533,157625587424533,157625587424533,-1,-1,ok,
std_copy_fastcdr__py_to_py__100000B__10Hz__shmem_ds__best_effort,publish,pub,py_to_py,copy,std,fastcdr,shmem_ds,100000,10,0,measured,133,2026-09-09T14:33:52.026230Z,157625688235060,157625688235060,157625688235060,-1,-1,ok,
std_copy_fastcdr__py_to_py__100000B__10Hz__shmem_ds__best_effort,publish,pub,py_to_py,copy,std,fastcdr,shmem_ds,100000,10,0,measured,134,2026-09-09T14:33:52.127054Z,157625789070867,157625789070867,157625789070867,-1,-1,ok,
std_copy_fastcdr__py_to_py__100000B__10Hz__shmem_ds__best_effort,publish,pub,py_to_py,copy,std,fastcdr,shmem_ds,100000,10,0,measured,135,2026-09-09T14:33:52.226229Z,157625888252450,157625888252450,157625888252450,-1,-1,ok,
std_copy_fastcdr__py_to_py__100000B__10Hz__shmem_ds__best_effort,publish,pub,py_to_py,copy,std,fastcdr,shmem_ds,100000,10,0,measured,136,2026-09-09T14:33:52.326184Z,157625988209116,157625988209116,157625988209116,-1,-1,ok,
std_copy_fastcdr__py_to_py__100000B__10Hz__shmem_ds__best_effort,publish,pub,py_to_py,copy,std,fastcdr,shmem_ds,100000,10,0,measured,137,2026-09-09T14:33:52.425333Z,157626087348149,157626087348149,157626087348149,-1,-1,ok,
std_copy_fastcdr__py_to_py__100000B__10Hz__shmem_ds__best_effort,publish,pub,py_to_py,copy,std,fastcdr,shmem_ds,100000,10,0,measured,138,2026-09-09T14:33:52.525971Z,157626187921620,157626187921620,157626187921620,-1,-1,ok,
std_copy_fastcdr__py_to_py__100000B__10Hz__shmem_ds__best_effort,publish,pub,py_to_py,copy,std,fastcdr,shmem_ds,100000,10,0,measured,139,2026-09-09T14:33:52.626396Z,157626288418426,157626288418426,157626288418426,-1,-1,ok,
std_copy_fastcdr__py_to_py__100000B__10Hz__shmem_ds__best_effort,publish,pub,py_to_py,copy,std,fastcdr,shmem_ds,100000,10,0,measured,140,2026-09-09T14:33:52.725663Z,157626387677355,157626387677355,157626387677355,-1,-1,ok,
std_copy_fastcdr__py_to_py__100000B__10Hz__shmem_ds__best_effort,publish,pub,py_to_py,copy,std,fastcdr,shmem_ds,100000,10,0,measured,141,2026-09-09T14:33:52.825621Z,157626487627189,157626487627189,157626487627189,-1,-1,ok,
std_copy_fastcdr__py_to_py__100000B__10Hz__shmem_ds__best_effort,publish,pub,py_to_py,copy,std,fastcdr,shmem_ds,100000,10,0,measured,142,2026-09-09T14:33:52.925732Z,157626587744719,157626587744719,157626587744719,-1,-1,ok,
std_copy_fastcdr__py_to_py__100000B__10Hz__shmem_ds__best_effort,publish,pub,py_to_py,copy,std,fastcdr,shmem_ds,100000,10,0,measured,143,2026-09-09T14:33:53.025234Z,157626687259011,157626687259011,157626687259011,-1,-1,ok,
std_copy_fastcdr__py_to_py__100000B__10Hz__shmem_ds__best_effort,publish,pub,py_to_py,copy,std,fastcdr,shmem_ds,100000,10,0,measured,144,2026-09-09T14:33:53.126010Z,157626787997876,157626787997876,157626787997876,-1,-1,ok,
std_copy_fastcdr__py_to_py__100000B__10Hz__shmem_ds__best_effort,publish,pub,py_to_py,copy,std,fastcdr,shmem_ds,100000,10,0,measured,145,2026-09-09T14:33:53.225850Z,157626887847983,157626887847983,157626887847983,-1,-1,ok,
std_copy_fastcdr__py_to_py__100000B__10Hz__shmem_ds__best_effort,publish,pub,py_to_py,copy,std,fastcdr,shmem_ds,100000,10,0,measured,146,2026-09-09T14:33:53.325257Z,157626987278818,157626987278818,157626987278818,-1,-1,ok,
std_copy_fastcdr__py_to_py__100000B__10Hz__shmem_ds__best_effort,publish,pub,py_to_py,copy,std,fastcdr,shmem_ds,100000,10,0,measured,147,2026-09-09T14:33:53.425336Z,157627087349191,157627087349191,157627087349191,-1,-1,ok,
std_copy_fastcdr__py_to_py__100000B__10Hz__shmem_ds__best_effort,publish,pub,py_to_py,copy,std,fastcdr,shmem_ds,100000,10,0,measured,148,2026-09-09T14:33:53.525793Z,157627187807366,157627187807366,157627187807366,-1,-1,ok,
std_copy_fastcdr__py_to_py__100000B__10Hz__shmem_ds__best_effort,publish,pub,py_to_py,copy,std,fastcdr,shmem_ds,100000,10,0,measured,149,2026-09-09T14:33:53.625165Z,157627287191813,157627287191813,157627287191813,-1,-1,ok,
std_copy_fastcdr__py_to_py__100000B__10Hz__shmem_ds__best_effort,publish,pub,py_to_py,copy,std,fastcdr,shmem_ds,100000,10,0,measured,150,2026-09-09T14:33:53.724754Z,157627386787740,157627386787740,157627386787740,-1,-1,ok,
std_copy_fastcdr__py_to_py__100000B__10Hz__shmem_ds__best_effort,publish,pub,py_to_py,copy,std,fastcdr,shmem_ds,100000,10,0,measured,151,2026-09-09T14:33:53.825844Z,157627487836400,157627487836400,157627487836400,-1,-1,ok,
std_copy_fastcdr__py_to_py__100000B__10Hz__shmem_ds__best_effort,publish,pub,py_to_py,copy,std,fastcdr,shmem_ds,100000,10,0,measured,152,2026-09-09T14:33:53.926115Z,157627588130345,157627588130345,157627588130345,-1,-1,ok,
std_copy_fastcdr__py_to_py__100000B__10Hz__shmem_ds__best_effort,publish,pub,py_to_py,copy,std,fastcdr,shmem_ds,100000,10,0,measured,153,2026-09-09T14:33:54.025953Z,157627687973369,157627687973369,157627687973369,-1,-1,ok,
std_copy_fastcdr__py_to_py__100000B__10Hz__shmem_ds__best_effort,publish,pub,py_to_py,copy,std,fastcdr,shmem_ds,100000,10,0,measured,154,2026-09-09T14:33:54.125995Z,157627788017704,157627788017704,157627788017704,-1,-1,ok,
std_copy_fastcdr__py_to_py__100000B__10Hz__shmem_ds__best_effort,publish,pub,py_to_py,copy,std,fastcdr,shmem_ds,100000,10,0,measured,155,2026-09-09T14:33:54.225293Z,157627887295372,157627887295372,157627887295372,-1,-1,ok,
std_copy_fastcdr__py_to_py__100000B__10Hz__shmem_ds__best_effort,publish,pub,py_to_py,copy,std,fastcdr,shmem_ds,100000,10,0,measured,156,2026-09-09T14:33:54.324763Z,157627986758099,157627986758099,157627986758099,-1,-1,ok,
std_copy_fastcdr__py_to_py__100000B__10Hz__shmem_ds__best_effort,publish,pub,py_to_py,copy,std,fastcdr,shmem_ds,100000,10,0,measured,157,2026-09-09T14:33:54.424378Z,157628086394314,157628086394314,157628086394314,-1,-1,ok,
std_copy_fastcdr__py_to_py__100000B__10Hz__shmem_ds__best_effort,publish,pub,py_to_py,copy,std,fastcdr,shmem_ds,100000,10,0,measured,158,2026-09-09T14:33:54.524592Z,157628186581088,157628186581088,157628186581088,-1,-1,ok,
std_copy_fastcdr__py_to_py__100000B__10Hz__shmem_ds__best_effort,publish,pub,py_to_py,copy,std,fastcdr,shmem_ds,100000,10,0,measured,159,2026-09-09T14:33:54.624012Z,157628286016814,157628286016814,157628286016814,-1,-1,ok,
std_copy_fastcdr__py_to_py__100000B__10Hz__shmem_ds__best_effort,publish,pub,py_to_py,copy,std,fastcdr,shmem_ds,100000,10,0,measured,160,2026-09-09T14:33:54.723484Z,157628385488588,157628385488588,157628385488588,-1,-1,ok,
std_copy_fastcdr__py_to_py__100000B__10Hz__shmem_ds__best_effort,publish,pub,py_to_py,copy,std,fastcdr,shmem_ds,100000,10,0,measured,161,2026-09-09T14:33:54.822617Z,157628484623426,157628484623426,157628484623426,-1,-1,ok,
std_copy_fastcdr__py_to_py__100000B__10Hz__shmem_ds__best_effort,publish,pub,py_to_py,copy,std,fastcdr,shmem_ds,100000,10,0,measured,162,2026-09-09T14:33:54.922908Z,157628584900601,157628584900601,157628584900601,-1,-1,ok,
std_copy_fastcdr__py_to_py__100000B__10Hz__shmem_ds__best_effort,publish,pub,py_to_py,copy,std,fastcdr,shmem_ds,100000,10,0,measured,163,2026-09-09T14:33:55.022326Z,157628684351145,157628684351145,157628684351145,-1,-1,ok,
std_copy_fastcdr__py_to_py__100000B__10Hz__shmem_ds__best_effort,publish,pub,py_to_py,copy,std,fastcdr,shmem_ds,100000,10,0,measured,164,2026-09-09T14:33:55.123203Z,157628785198398,157628785198398,157628785198398,-1,-1,ok,
std_copy_fastcdr__py_to_py__100000B__10Hz__shmem_ds__best_effort,publish,pub,py_to_py,copy,std,fastcdr,shmem_ds,100000,10,0,measured,165,2026-09-09T14:33:55.223936Z,157628885921596,157628885921596,157628885921596,-1,-1,ok,
std_copy_fastcdr__py_to_py__100000B__10Hz__shmem_ds__best_effort,publish,pub,py_to_py,copy,std,fastcdr,shmem_ds,100000,10,0,measured,166,2026-09-09T14:33:55.323022Z,157628985042900,157628985042900,157628985042900,-1,-1,ok,
std_copy_fastcdr__py_to_py__100000B__10Hz__shmem_ds__best_effort,publish,pub,py_to_py,copy,std,fastcdr,shmem_ds,100000,10,0,measured,167,2026-09-09T14:33:55.422463Z,157629084483106,157629084483106,157629084483106,-1,-1,ok,
std_copy_fastcdr__py_to_py__100000B__10Hz__shmem_ds__best_effort,publish,pub,py_to_py,copy,std,fastcdr,shmem_ds,100000,10,0,measured,168,2026-09-09T14:33:55.522814Z,157629184824444,157629184824444,157629184824444,-1,-1,ok,
std_copy_fastcdr__py_to_py__100000B__10Hz__shmem_ds__best_effort,publish,pub,py_to_py,copy,std,fastcdr,shmem_ds,100000,10,0,measured,169,2026-09-09T14:33:55.622293Z,157629284296490,157629284296490,157629284296490,-1,-1,ok,
std_copy_fastcdr__py_to_py__100000B__10Hz__shmem_ds__best_effort,publish,pub,py_to_py,copy,std,fastcdr,shmem_ds,100000,10,0,measured,170,2026-09-09T14:33:55.721501Z,157629383518735,157629383518735,157629383518735,-1,-1,ok,
std_copy_fastcdr__py_to_py__100000B__10Hz__shmem_ds__best_effort,publish,pub,py_to_py,copy,std,fastcdr,shmem_ds,100000,10,0,measured,171,2026-09-09T14:33:55.822375Z,157629484391085,157629484391085,157629484391085,-1,-1,ok,
std_copy_fastcdr__py_to_py__100000B__10Hz__shmem_ds__best_effort,publish,pub,py_to_py,copy,std,fastcdr,shmem_ds,100000,10,0,measured,172,2026-09-09T14:33:55.922508Z,157629584532746,157629584532746,157629584532746,-1,-1,ok,
std_copy_fastcdr__py_to_py__100000B__10Hz__shmem_ds__best_effort,publish,pub,py_to_py,copy,std,fastcdr,shmem_ds,100000,10,0,measured,173,2026-09-09T14:33:56.022460Z,157629684480671,157629684480671,157629684480671,-1,-1,ok,
std_copy_fastcdr__py_to_py__100000B__10Hz__shmem_ds__best_effort,publish,pub,py_to_py,copy,std,fastcdr,shmem_ds,100000,10,0,measured,174,2026-09-09T14:33:56.123035Z,157629785060270,157629785060270,157629785060270,-1,-1,ok,
std_copy_fastcdr__py_to_py__100000B__10Hz__shmem_ds__best_effort,publish,pub,py_to_py,copy,std,fastcdr,shmem_ds,100000,10,0,measured,175,2026-09-09T14:33:56.223669Z,157629885691506,157629885691506,157629885691506,-1,-1,ok,
std_copy_fastcdr__py_to_py__100000B__10Hz__shmem_ds__best_effort,publish,pub,py_to_py,copy,std,fastcdr,shmem_ds,100000,10,0,measured,176,2026-09-09T14:33:56.323044Z,157629985064267,157629985064267,157629985064267,-1,-1,ok,
std_copy_fastcdr__py_to_py__100000B__10Hz__shmem_ds__best_effort,publish,pub,py_to_py,copy,std,fastcdr,shmem_ds,100000,10,0,measured,177,2026-09-09T14:33:56.422231Z,157630084248992,157630084248992,157630084248992,-1,-1,ok,
std_copy_fastcdr__py_to_py__100000B__10Hz__shmem_ds__best_effort,publish,pub,py_to_py,copy,std,fastcdr,shmem_ds,100000,10,0,measured,178,2026-09-09T14:33:56.522050Z,157630184066221,157630184066221,157630184066221,-1,-1,ok,
std_copy_fastcdr__py_to_py__100000B__10Hz__shmem_ds__best_effort,publish,pub,py_to_py,copy,std,fastcdr,shmem_ds,100000,10,0,measured,179,2026-09-09T14:33:56.622271Z,157630284174621,157630284174621,157630284174621,-1,-1,ok,
std_copy_fastcdr__py_to_py__100000B__10Hz__shmem_ds__best_effort,publish,pub,py_to_py,copy,std,fastcdr,shmem_ds,100000,10,0,measured,180,2026-09-09T14:33:56.721878Z,157630383881442,157630383881442,157630383881442,-1,-1,ok,
std_copy_fastcdr__py_to_py__100000B__10Hz__shmem_ds__best_effort,publish,pub,py_to_py,copy,std,fastcdr,shmem_ds,100000,10,0,measured,181,2026-09-09T14:33:56.822355Z,157630484370520,157630484370520,157630484370520,-1,-1,ok,
std_copy_fastcdr__py_to_py__100000B__10Hz__shmem_ds__best_effort,publish,pub,py_to_py,copy,std,fastcdr,shmem_ds,100000,10,0,measured,182,2026-09-09T14:33:56.922660Z,157630584680680,157630584680680,157630584680680,-1,-1,ok,
std_copy_fastcdr__py_to_py__100000B__10Hz__shmem_ds__best_effort,publish,pub,py_to_py,copy,std,fastcdr,shmem_ds,100000,10,0,measured,183,2026-09-09T14:33:57.023635Z,157630685654885,157630685654885,157630685654885,-1,-1,ok,
std_copy_fastcdr__py_to_py__100000B__10Hz__shmem_ds__best_effort,publish,pub,py_to_py,copy,std,fastcdr,shmem_ds,100000,10,0,measured,184,2026-09-09T14:33:57.122851Z,157630784861313,157630784861313,157630784861313,-1,-1,ok,
std_copy_fastcdr__py_to_py__100000B__10Hz__shmem_ds__best_effort,publish,pub,py_to_py,copy,std,fastcdr,shmem_ds,100000,10,0,measured,185,2026-09-09T14:33:57.222643Z,157630884659368,157630884659368,157630884659368,-1,-1,ok,
std_copy_fastcdr__py_to_py__100000B__10Hz__shmem_ds__best_effort,publish,pub,py_to_py,copy,std,fastcdr,shmem_ds,100000,10,0,measured,186,2026-09-09T14:33:57.322304Z,157630984327437,157630984327437,157630984327437,-1,-1,ok,
std_copy_fastcdr__py_to_py__100000B__10Hz__shmem_ds__best_effort,publish,pub,py_to_py,copy,std,fastcdr,shmem_ds,100000,10,0,measured,187,2026-09-09T14:33:57.423039Z,157631085060999,157631085060999,157631085060999,-1,-1,ok,
std_copy_fastcdr__py_to_py__100000B__10Hz__shmem_ds__best_effort,publish,pub,py_to_py,copy,std,fastcdr,shmem_ds,100000,10,0,measured,188,2026-09-09T14:33:57.522474Z,157631184516968,157631184516968,157631184516968,-1,-1,ok,
std_copy_fastcdr__py_to_py__100000B__10Hz__shmem_ds__best_effort,publish,pub,py_to_py,copy,std,fastcdr,shmem_ds,100000,10,0,measured,189,2026-09-09T14:33:57.621923Z,157631283934244,157631283934244,157631283934244,-1,-1,ok,
std_copy_fastcdr__py_to_py__100000B__10Hz__shmem_ds__best_effort,publish,pub,py_to_py,copy,std,fastcdr,shmem_ds,100000,10,0,measured,190,2026-09-09T14:33:57.721882Z,157631383887712,157631383887712,157631383887712,-1,-1,ok,
std_copy_fastcdr__py_to_py__100000B__10Hz__shmem_ds__best_effort,publish,pub,py_to_py,copy,std,fastcdr,shmem_ds,100000,10,0,measured,191,2026-09-09T14:33:57.821705Z,157631483694904,157631483694904,157631483694904,-1,-1,ok,
std_copy_fastcdr__py_to_py__100000B__10Hz__shmem_ds__best_effort,publish,pub,py_to_py,copy,std,fastcdr,shmem_ds,100000,10,0,measured,192,2026-09-09T14:33:57.921206Z,157631583231355,157631583231355,157631583231355,-1,-1,ok,
std_copy_fastcdr__py_to_py__100000B__10Hz__shmem_ds__best_effort,publish,pub,py_to_py,copy,std,fastcdr,shmem_ds,100000,10,0,measured,193,2026-09-09T14:33:58.020656Z,157631682698636,157631682698636,157631682698636,-1,-1,ok,
std_copy_fastcdr__py_to_py__100000B__10Hz__shmem_ds__best_effort,publish,pub,py_to_py,copy,std,fastcdr,shmem_ds,100000,10,0,measured,194,2026-09-09T14:33:58.121456Z,157631783519804,157631783519804,157631783519804,-1,-1,ok,
std_copy_fastcdr__py_to_py__100000B__10Hz__shmem_ds__best_effort,publish,pub,py_to_py,copy,std,fastcdr,shmem_ds,100000,10,0,measured,195,2026-09-09T14:33:58.221400Z,157631883433449,157631883433449,157631883433449,-1,-1,ok,
std_copy_fastcdr__py_to_py__100000B__10Hz__shmem_ds__best_effort,publish,pub,py_to_py,copy,std,fastcdr,shmem_ds,100000,10,0,measured,196,2026-09-09T14:33:58.322186Z,157631984209272,157631984209272,157631984209272,-1,-1,ok,
std_copy_fastcdr__py_to_py__100000B__10Hz__shmem_ds__best_effort,publish,pub,py_to_py,copy,std,fastcdr,shmem_ds,100000,10,0,measured,197,2026-09-09T14:33:58.422236Z,157632084267590,157632084267590,157632084267590,-1,-1,ok,
std_copy_fastcdr__py_to_py__100000B__10Hz__shmem_ds__best_effort,publish,pub,py_to_py,copy,std,fastcdr,shmem_ds,100000,10,0,measured,198,2026-09-09T14:33:58.521338Z,157632183370564,157632183370564,157632183370564,-1,-1,ok,
std_copy_fastcdr__py_to_py__100000B__10Hz__shmem_ds__best_effort,publish,pub,py_to_py,copy,std,fastcdr,shmem_ds,100000,10,0,measured,199,2026-09-09T14:33:58.622354Z,157632284377443,157632284377443,157632284377443,-1,-1,ok,
std_copy_fastcdr__py_to_py__100000B__10Hz__shmem_ds__best_effort,publish,pub,py_to_py,copy,std,fastcdr,shmem_ds,100000,10,0,measured,200,2026-09-09T14:33:58.723089Z,157632385102079,157632385102079,157632385102079,-1,-1,ok,
std_copy_fastcdr__py_to_py__100000B__10Hz__shmem_ds__best_effort,publish,pub,py_to_py,copy,std,fastcdr,shmem_ds,100000,10,0,measured,201,2026-09-09T14:33:58.823977Z,157632485985936,157632485985936,157632485985936,-1,-1,ok,
std_copy_fastcdr__py_to_py__100000B__10Hz__shmem_ds__best_effort,publish,pub,py_to_py,copy,std,fastcdr,shmem_ds,100000,10,0,measured,202,2026-09-09T14:33:58.924960Z,157632586873770,157632586873770,157632586873770,-1,-1,ok,
std_copy_fastcdr__py_to_py__100000B__10Hz__shmem_ds__best_effort,publish,pub,py_to_py,copy,std,fastcdr,shmem_ds,100000,10,0,measured,203,2026-09-09T14:33:59.025480Z,157632687519678,157632687519678,157632687519678,-1,-1,ok,
std_copy_fastcdr__py_to_py__100000B__10Hz__shmem_ds__best_effort,publish,pub,py_to_py,copy,std,fastcdr,shmem_ds,100000,10,0,measured,204,2026-09-09T14:33:59.124790Z,157632786838181,157632786838181,157632786838181,-1,-1,ok,
std_copy_fastcdr__py_to_py__100000B__10Hz__shmem_ds__best_effort,publish,pub,py_to_py,copy,std,fastcdr,shmem_ds,100000,10,0,measured,205,2026-09-09T14:33:59.224841Z,157632886843841,157632886843841,157632886843841,-1,-1,ok,
std_copy_fastcdr__py_to_py__100000B__10Hz__shmem_ds__best_effort,publish,pub,py_to_py,copy,std,fastcdr,shmem_ds,100000,10,0,measured,206,2026-09-09T14:33:59.324391Z,157632986333857,157632986333857,157632986333857,-1,-1,ok,
std_copy_fastcdr__py_to_py__100000B__10Hz__shmem_ds__best_effort,publish,pub,py_to_py,copy,std,fastcdr,shmem_ds,100000,10,0,measured,207,2026-09-09T14:33:59.423974Z,157633086033329,157633086033329,157633086033329,-1,-1,ok,
std_copy_fastcdr__py_to_py__100000B__10Hz__shmem_ds__best_effort,publish,pub,py_to_py,copy,std,fastcdr,shmem_ds,100000,10,0,measured,208,2026-09-09T14:33:59.523130Z,157633185174286,157633185174286,157633185174286,-1,-1,ok,
std_copy_fastcdr__py_to_py__100000B__10Hz__shmem_ds__best_effort,publish,pub,py_to_py,copy,std,fastcdr,shmem_ds,100000,10,0,measured,209,2026-09-09T14:33:59.622889Z,157633284921398,157633284921398,157633284921398,-1,-1,ok,
std_copy_fastcdr__py_to_py__100000B__10Hz__shmem_ds__best_effort,publish,pub,py_to_py,copy,std,fastcdr,shmem_ds,100000,10,0,measured,210,2026-09-09T14:33:59.723812Z,157633385866982,157633385866982,157633385866982,-1,-1,ok,
std_copy_fastcdr__py_to_py__100000B__10Hz__shmem_ds__best_effort,publish,pub,py_to_py,copy,std,fastcdr,shmem_ds,100000,10,0,measured,211,2026-09-09T14:33:59.823429Z,157633485445436,157633485445436,157633485445436,-1,-1,ok,
std_copy_fastcdr__py_to_py__100000B__10Hz__shmem_ds__best_effort,publish,pub,py_to_py,copy,std,fastcdr,shmem_ds,100000,10,0,measured,212,2026-09-09T14:33:59.923978Z,157633586014331,157633586014331,157633586014331,-1,-1,ok,
std_copy_fastcdr__py_to_py__100000B__10Hz__shmem_ds__best_effort,publish,pub,py_to_py,copy,std,fastcdr,shmem_ds,100000,10,0,measured,213,2026-09-09T14:34:00.023920Z,157633685927396,157633685927396,157633685927396,-1,-1,ok,
std_copy_fastcdr__py_to_py__100000B__10Hz__shmem_ds__best_effort,publish,pub,py_to_py,copy,std,fastcdr,shmem_ds,100000,10,0,measured,214,2026-09-09T14:34:00.123798Z,157633785797472,157633785797472,157633785797472,-1,-1,ok,
std_copy_fastcdr__py_to_py__100000B__10Hz__shmem_ds__best_effort,publish,pub,py_to_py,copy,std,fastcdr,shmem_ds,100000,10,0,measured,215,2026-09-09T14:34:00.224795Z,157633886774257,157633886774257,157633886774257,-1,-1,ok,
std_copy_fastcdr__py_to_py__100000B__10Hz__shmem_ds__best_effort,publish,pub,py_to_py,copy,std,fastcdr,shmem_ds,100000,10,0,measured,216,2026-09-09T14:34:00.325742Z,157633987742056,157633987742056,157633987742056,-1,-1,ok,
std_copy_fastcdr__py_to_py__100000B__10Hz__shmem_ds__best_effort,publish,pub,py_to_py,copy,std,fastcdr,shmem_ds,100000,10,0,measured,217,2026-09-09T14:34:00.425845Z,157634087827508,157634087827508,157634087827508,-1,-1,ok,
std_copy_fastcdr__py_to_py__100000B__10Hz__shmem_ds__best_effort,publish,pub,py_to_py,copy,std,fastcdr,shmem_ds,100000,10,0,measured,218,2026-09-09T14:34:00.526276Z,157634188256670,157634188256670,157634188256670,-1,-1,ok,
std_copy_fastcdr__py_to_py__100000B__10Hz__shmem_ds__best_effort,publish,pub,py_to_py,copy,std,fastcdr,shmem_ds,100000,10,0,measured,219,2026-09-09T14:34:00.625702Z,157634287651368,157634287651368,157634287651368,-1,-1,ok,
std_copy_fastcdr__py_to_py__100000B__10Hz__shmem_ds__best_effort,publish,pub,py_to_py,copy,std,fastcdr,shmem_ds,100000,10,0,measured,220,2026-09-09T14:34:00.725294Z,157634387244841,157634387244841,157634387244841,-1,-1,ok,
std_copy_fastcdr__py_to_py__100000B__10Hz__shmem_ds__best_effort,publish,pub,py_to_py,copy,std,fastcdr,shmem_ds,100000,10,0,measured,221,2026-09-09T14:34:00.826064Z,157634488075962,157634488075962,157634488075962,-1,-1,ok,
std_copy_fastcdr__py_to_py__100000B__10Hz__shmem_ds__best_effort,publish,pub,py_to_py,copy,std,fastcdr,shmem_ds,100000,10,0,measured,222,2026-09-09T14:34:00.926461Z,157634588443446,157634588443446,157634588443446,-1,-1,ok,
std_copy_fastcdr__py_to_py__100000B__10Hz__shmem_ds__best_effort,publish,pub,py_to_py,copy,std,fastcdr,shmem_ds,100000,10,0,measured,223,2026-09-09T14:34:01.026356Z,157634688334643,157634688334643,157634688334643,-1,-1,ok,
std_copy_fastcdr__py_to_py__100000B__10Hz__shmem_ds__best_effort,publish,pub,py_to_py,copy,std,fastcdr,shmem_ds,100000,10,0,measured,224,2026-09-09T14:34:01.126794Z,157634788804332,157634788804332,157634788804332,-1,-1,ok,
std_copy_fastcdr__py_to_py__100000B__10Hz__shmem_ds__best_effort,publish,pub,py_to_py,copy,std,fastcdr,shmem_ds,100000,10,0,measured,225,2026-09-09T14:34:01.225965Z,157634887955371,157634887955371,157634887955371,-1,-1,ok,
std_copy_fastcdr__py_to_py__100000B__10Hz__shmem_ds__best_effort,publish,pub,py_to_py,copy,std,fastcdr,shmem_ds,100000,10,0,measured,226,2026-09-09T14:34:01.326067Z,157634988080581,157634988080581,157634988080581,-1,-1,ok,
std_copy_fastcdr__py_to_py__100000B__10Hz__shmem_ds__best_effort,publish,pub,py_to_py,copy,std,fastcdr,shmem_ds,100000,10,0,measured,227,2026-09-09T14:34:01.426050Z,157635088069392,157635088069392,157635088069392,-1,-1,ok,
std_copy_fastcdr__py_to_py__100000B__10Hz__shmem_ds__best_effort,publish,pub,py_to_py,copy,std,fastcdr,shmem_ds,100000,10,0,measured,228,2026-09-09T14:34:01.526792Z,157635188813800,157635188813800,157635188813800,-1,-1,ok,
std_copy_fastcdr__py_to_py__100000B__10Hz__shmem_ds__best_effort,publish,pub,py_to_py,copy,std,fastcdr,shmem_ds,100000,10,0,measured,229,2026-09-09T14:34:01.626108Z,157635288124671,157635288124671,157635288124671,-1,-1,ok,
std_copy_fastcdr__py_to_py__100000B__10Hz__shmem_ds__best_effort,publish,pub,py_to_py,copy,std,fastcdr,shmem_ds,100000,10,0,measured,230,2026-09-09T14:34:01.727016Z,157635389044040,157635389044040,157635389044040,-1,-1,ok,
std_copy_fastcdr__py_to_py__100000B__10Hz__shmem_ds__best_effort,publish,pub,py_to_py,copy,std,fastcdr,shmem_ds,100000,10,0,measured,231,2026-09-09T14:34:01.826227Z,157635488237850,157635488237850,157635488237850,-1,-1,ok,
std_copy_fastcdr__py_to_py__100000B__10Hz__shmem_ds__best_effort,publish,pub,py_to_py,copy,std,fastcdr,shmem_ds,100000,10,0,measured,232,2026-09-09T14:34:01.925569Z,157635587584379,157635587584379,157635587584379,-1,-1,ok,
std_copy_fastcdr__py_to_py__100000B__10Hz__shmem_ds__best_effort,publish,pub,py_to_py,copy,std,fastcdr,shmem_ds,100000,10,0,measured,233,2026-09-09T14:34:02.025764Z,157635687769532,157635687769532,157635687769532,-1,-1,ok,
std_copy_fastcdr__py_to_py__100000B__10Hz__shmem_ds__best_effort,publish,pub,py_to_py,copy,std,fastcdr,shmem_ds,100000,10,0,measured,234,2026-09-09T14:34:02.126111Z,157635788123054,157635788123054,157635788123054,-1,-1,ok,
std_copy_fastcdr__py_to_py__100000B__10Hz__shmem_ds__best_effort,publish,pub,py_to_py,copy,std,fastcdr,shmem_ds,100000,10,0,measured,235,2026-09-09T14:34:02.225551Z,157635887573049,157635887573049,157635887573049,-1,-1,ok,
std_copy_fastcdr__py_to_py__100000B__10Hz__shmem_ds__best_effort,publish,pub,py_to_py,copy,std,fastcdr,shmem_ds,100000,10,0,measured,236,2026-09-09T14:34:02.324755Z,157635986793672,157635986793672,157635986793672,-1,-1,ok,
std_copy_fastcdr__py_to_py__100000B__10Hz__shmem_ds__best_effort,publish,pub,py_to_py,copy,std,fastcdr,shmem_ds,100000,10,0,measured,237,2026-09-09T14:34:02.425585Z,157636087615668,157636087615668,157636087615668,-1,-1,ok,
std_copy_fastcdr__py_to_py__100000B__10Hz__shmem_ds__best_effort,publish,pub,py_to_py,copy,std,fastcdr,shmem_ds,100000,10,0,measured,238,2026-09-09T14:34:02.525104Z,157636187125698,157636187125698,157636187125698,-1,-1,ok,
std_copy_fastcdr__py_to_py__100000B__10Hz__shmem_ds__best_effort,publish,pub,py_to_py,copy,std,fastcdr,shmem_ds,100000,10,0,measured,239,2026-09-09T14:34:02.625310Z,157636287290684,157636287290684,157636287290684,-1,-1,ok,
std_copy_fastcdr__py_to_py__100000B__10Hz__shmem_ds__best_effort,publish,pub,py_to_py,copy,std,fastcdr,shmem_ds,100000,10,0,measured,240,2026-09-09T14:34:02.725512Z,157636387527074,157636387527074,157636387527074,-1,-1,ok,
std_copy_fastcdr__py_to_py__100000B__10Hz__shmem_ds__best_effort,publish,pub,py_to_py,copy,std,fastcdr,shmem_ds,100000,10,0,measured,241,2026-09-09T14:34:02.825365Z,157636487385320,157636487385320,157636487385320,-1,-1,ok,
std_copy_fastcdr__py_to_py__100000B__10Hz__shmem_ds__best_effort,publish,pub,py_to_py,copy,std,fastcdr,shmem_ds,100000,10,0,measured,242,2026-09-09T14:34:02.925519Z,157636587534476,157636587534476,157636587534476,-1,-1,ok,
std_copy_fastcdr__py_to_py__100000B__10Hz__shmem_ds__best_effort,publish,pub,py_to_py,copy,std,fastcdr,shmem_ds,100000,10,0,measured,243,2026-09-09T14:34:03.025560Z,157636687582071,157636687582071,157636687582071,-1,-1,ok,
std_copy_fastcdr__py_to_py__100000B__10Hz__shmem_ds__best_effort,publish,pub,py_to_py,copy,std,fastcdr,shmem_ds,100000,10,0,measured,244,2026-09-09T14:34:03.126440Z,157636788454434,157636788454434,157636788454434,-1,-1,ok,
std_copy_fastcdr__py_to_py__100000B__10Hz__shmem_ds__best_effort,publish,pub,py_to_py,copy,std,fastcdr,shmem_ds,100000,10,0,measured,245,2026-09-09T14:34:03.225853Z,157636887847403,157636887847403,157636887847403,-1,-1,ok,
std_copy_fastcdr__py_to_py__100000B__10Hz__shmem_ds__best_effort,publish,pub,py_to_py,copy,std,fastcdr,shmem_ds,100000,10,0,measured,246,2026-09-09T14:34:03.326178Z,157636988240812,157636988240812,157636988240812,-1,-1,ok,
std_copy_fastcdr__py_to_py__100000B__10Hz__shmem_ds__best_effort,publish,pub,py_to_py,copy,std,fastcdr,shmem_ds,100000,10,0,measured,247,2026-09-09T14:34:03.425709Z,157637087747767,157637087747767,157637087747767,-1,-1,ok,
std_copy_fastcdr__py_to_py__100000B__10Hz__shmem_ds__best_effort,publish,pub,py_to_py,copy,std,fastcdr,shmem_ds,100000,10,0,measured,248,2026-09-09T14:34:03.525527Z,157637187549608,157637187549608,157637187549608,-1,-1,ok,
std_copy_fastcdr__py_to_py__100000B__10Hz__shmem_ds__best_effort,publish,pub,py_to_py,copy,std,fastcdr,shmem_ds,100000,10,0,measured,249,2026-09-09T14:34:03.625929Z,157637287954088,157637287954088,157637287954088,-1,-1,ok,
std_copy_fastcdr__py_to_py__100000B__10Hz__shmem_ds__best_effort,publish,pub,py_to_py,copy,std,fastcdr,shmem_ds,100000,10,0,measured,250,2026-09-09T14:34:03.725477Z,157637387497762,157637387497762,157637387497762,-1,-1,ok,
std_copy_fastcdr__py_to_py__100000B__10Hz__shmem_ds__best_effort,publish,pub,py_to_py,copy,std,fastcdr,shmem_ds,100000,10,0,measured,251,2026-09-09T14:34:03.825101Z,157637487133590,157637487133590,157637487133590,-1,-1,ok,
std_copy_fastcdr__py_to_py__100000B__10Hz__shmem_ds__best_effort,publish,pub,py_to_py,copy,std,fastcdr,shmem_ds,100000,10,0,measured,252,2026-09-09T14:34:03.925612Z,157637587635213,157637587635213,157637587635213,-1,-1,ok,
std_copy_fastcdr__py_to_py__100000B__10Hz__shmem_ds__best_effort,publish,pub,py_to_py,copy,std,fastcdr,shmem_ds,100000,10,0,measured,253,2026-09-09T14:34:04.024736Z,157637686762472,157637686762472,157637686762472,-1,-1,ok,
std_copy_fastcdr__py_to_py__100000B__10Hz__shmem_ds__best_effort,publish,pub,py_to_py,copy,std,fastcdr,shmem_ds,100000,10,0,measured,254,2026-09-09T14:34:04.124618Z,157637786663993,157637786663993,157637786663993,-1,-1,ok,
std_copy_fastcdr__py_to_py__100000B__10Hz__shmem_ds__best_effort,publish,pub,py_to_py,copy,std,fastcdr,shmem_ds,100000,10,0,measured,255,2026-09-09T14:34:04.225677Z,157637887699265,157637887699265,157637887699265,-1,-1,ok,
std_copy_fastcdr__py_to_py__100000B__10Hz__shmem_ds__best_effort,publish,pub,py_to_py,copy,std,fastcdr,shmem_ds,100000,10,0,measured,256,2026-09-09T14:34:04.326568Z,157637988629018,157637988629018,157637988629018,-1,-1,ok,
std_copy_fastcdr__py_to_py__100000B__10Hz__shmem_ds__best_effort,publish,pub,py_to_py,copy,std,fastcdr,shmem_ds,100000,10,0,measured,257,2026-09-09T14:34:04.425726Z,157638087790582,157638087790582,157638087790582,-1,-1,ok,
std_copy_fastcdr__py_to_py__100000B__10Hz__shmem_ds__best_effort,publish,pub,py_to_py,copy,std,fastcdr,shmem_ds,100000,10,0,measured,258,2026-09-09T14:34:04.525183Z,157638187235883,157638187235883,157638187235883,-1,-1,ok,
std_copy_fastcdr__py_to_py__100000B__10Hz__shmem_ds__best_effort,publish,pub,py_to_py,copy,std,fastcdr,shmem_ds,100000,10,0,measured,259,2026-09-09T14:34:04.624666Z,157638286741246,157638286741246,157638286741246,-1,-1,ok,
std_copy_fastcdr__py_to_py__100000B__10Hz__shmem_ds__best_effort,publish,pub,py_to_py,copy,std,fastcdr,shmem_ds,100000,10,0,measured,260,2026-09-09T14:34:04.725628Z,157638387652133,157638387652133,157638387652133,-1,-1,ok,
std_copy_fastcdr__py_to_py__100000B__10Hz__shmem_ds__best_effort,publish,pub,py_to_py,copy,std,fastcdr,shmem_ds,100000,10,0,measured,261,2026-09-09T14:34:04.826326Z,157638488379243,157638488379243,157638488379243,-1,-1,ok,
std_copy_fastcdr__py_to_py__100000B__10Hz__shmem_ds__best_effort,publish,pub,py_to_py,copy,std,fastcdr,shmem_ds,100000,10,0,measured,262,2026-09-09T14:34:04.927175Z,157638589198799,157638589198799,157638589198799,-1,-1,ok,
std_copy_fastcdr__py_to_py__100000B__10Hz__shmem_ds__best_effort,publish,pub,py_to_py,copy,std,fastcdr,shmem_ds,100000,10,0,measured,263,2026-09-09T14:34:05.026910Z,157638688917044,157638688917044,157638688917044,-1,-1,ok,
std_copy_fastcdr__py_to_py__100000B__10Hz__shmem_ds__best_effort,publish,pub,py_to_py,copy,std,fastcdr,shmem_ds,100000,10,0,measured,264,2026-09-09T14:34:05.126203Z,157638788230647,157638788230647,157638788230647,-1,-1,ok,
std_copy_fastcdr__py_to_py__100000B__10Hz__shmem_ds__best_effort,publish,pub,py_to_py,copy,std,fastcdr,shmem_ds,100000,10,0,measured,265,2026-09-09T14:34:05.226934Z,157638888938653,157638888938653,157638888938653,-1,-1,ok,
std_copy_fastcdr__py_to_py__100000B__10Hz__shmem_ds__best_effort,publish,pub,py_to_py,copy,std,fastcdr,shmem_ds,100000,10,0,measured,266,2026-09-09T14:34:05.327306Z,157638989316064,157638989316064,157638989316064,-1,-1,ok,
std_copy_fastcdr__py_to_py__100000B__10Hz__shmem_ds__best_effort,publish,pub,py_to_py,copy,std,fastcdr,shmem_ds,100000,10,0,measured,267,2026-09-09T14:34:05.427499Z,157639089522473,157639089522473,157639089522473,-1,-1,ok,
std_copy_fastcdr__py_to_py__100000B__10Hz__shmem_ds__best_effort,publish,pub,py_to_py,copy,std,fastcdr,shmem_ds,100000,10,0,measured,268,2026-09-09T14:34:05.528473Z,157639190500939,157639190500939,157639190500939,-1,-1,ok,
std_copy_fastcdr__py_to_py__100000B__10Hz__shmem_ds__best_effort,publish,pub,py_to_py,copy,std,fastcdr,shmem_ds,100000,10,0,measured,269,2026-09-09T14:34:05.628788Z,157639290810583,157639290810583,157639290810583,-1,-1,ok,
std_copy_fastcdr__py_to_py__100000B__10Hz__shmem_ds__best_effort,publish,pub,py_to_py,copy,std,fastcdr,shmem_ds,100000,10,0,measured,270,2026-09-09T14:34:05.727818Z,157639389824230,157639389824230,157639389824230,-1,-1,ok,
std_copy_fastcdr__py_to_py__100000B__10Hz__shmem_ds__best_effort,publish,pub,py_to_py,copy,std,fastcdr,shmem_ds,100000,10,0,measured,271,2026-09-09T14:34:05.828374Z,157639490422989,157639490422989,157639490422989,-1,-1,ok,
std_copy_fastcdr__py_to_py__100000B__10Hz__shmem_ds__best_effort,publish,pub,py_to_py,copy,std,fastcdr,shmem_ds,100000,10,0,measured,272,2026-09-09T14:34:05.928006Z,157639590049252,157639590049252,157639590049252,-1,-1,ok,
std_copy_fastcdr__py_to_py__100000B__10Hz__shmem_ds__best_effort,publish,pub,py_to_py,copy,std,fastcdr,shmem_ds,100000,10,0,measured,273,2026-09-09T14:34:06.028358Z,157639690367433,157639690367433,157639690367433,-1,-1,ok,
std_copy_fastcdr__py_to_py__100000B__10Hz__shmem_ds__best_effort,publish,pub,py_to_py,copy,std,fastcdr,shmem_ds,100000,10,0,measured,274,2026-09-09T14:34:06.129156Z,157639791221256,157639791221256,157639791221256,-1,-1,ok,
std_copy_fastcdr__py_to_py__100000B__10Hz__shmem_ds__best_effort,publish,pub,py_to_py,copy,std,fastcdr,shmem_ds,100000,10,0,measured,275,2026-09-09T14:34:06.228523Z,157639890536272,157639890536272,157639890536272,-1,-1,ok,
std_copy_fastcdr__py_to_py__100000B__10Hz__shmem_ds__best_effort,publish,pub,py_to_py,copy,std,fastcdr,shmem_ds,100000,10,0,measured,276,2026-09-09T14:34:06.327662Z,157639989720181,157639989720181,157639989720181,-1,-1,ok,
std_copy_fastcdr__py_to_py__100000B__10Hz__shmem_ds__best_effort,publish,pub,py_to_py,copy,std,fastcdr,shmem_ds,100000,10,0,measured,277,2026-09-09T14:34:06.426878Z,157640088926403,157640088926403,157640088926403,-1,-1,ok,
std_copy_fastcdr__py_to_py__100000B__10Hz__shmem_ds__best_effort,publish,pub,py_to_py,copy,std,fastcdr,shmem_ds,100000,10,0,measured,278,2026-09-09T14:34:06.527056Z,157640189069173,157640189069173,157640189069173,-1,-1,ok,
std_copy_fastcdr__py_to_py__100000B__10Hz__shmem_ds__best_effort,publish,pub,py_to_py,copy,std,fastcdr,shmem_ds,100000,10,0,measured,279,2026-09-09T14:34:06.626583Z,157640288603894,157640288603894,157640288603894,-1,-1,ok,
std_copy_fastcdr__py_to_py__100000B__10Hz__shmem_ds__best_effort,publish,pub,py_to_py,copy,std,fastcdr,shmem_ds,100000,10,0,measured,280,2026-09-09T14:34:06.726832Z,157640388841243,157640388841243,157640388841243,-1,-1,ok,
std_copy_fastcdr__py_to_py__100000B__10Hz__shmem_ds__best_effort,publish,pub,py_to_py,copy,std,fastcdr,shmem_ds,100000,10,0,measured,281,2026-09-09T14:34:06.827197Z,157640489238484,157640489238484,157640489238484,-1,-1,ok,
std_copy_fastcdr__py_to_py__100000B__10Hz__shmem_ds__best_effort,publish,pub,py_to_py,copy,std,fastcdr,shmem_ds,100000,10,0,measured,282,2026-09-09T14:34:06.926652Z,157640588673217,157640588673217,157640588673217,-1,-1,ok,
std_copy_fastcdr__py_to_py__100000B__10Hz__shmem_ds__best_effort,publish,pub,py_to_py,copy,std,fastcdr,shmem_ds,100000,10,0,measured,283,2026-09-09T14:34:07.026855Z,157640688900707,157640688900707,157640688900707,-1,-1,ok,
std_copy_fastcdr__py_to_py__100000B__10Hz__shmem_ds__best_effort,publish,pub,py_to_py,copy,std,fastcdr,shmem_ds,100000,10,0,measured,284,2026-09-09T14:34:07.126355Z,157640788417477,157640788417477,157640788417477,-1,-1,ok,
std_copy_fastcdr__py_to_py__100000B__10Hz__shmem_ds__best_effort,publish,pub,py_to_py,copy,std,fastcdr,shmem_ds,100000,10,0,measured,285,2026-09-09T14:34:07.226304Z,157640888384967,157640888384967,157640888384967,-1,-1,ok,
std_copy_fastcdr__py_to_py__100000B__10Hz__shmem_ds__best_effort,publish,pub,py_to_py,copy,std,fastcdr,shmem_ds,100000,10,0,measured,286,2026-09-09T14:34:07.327174Z,157640989223303,157640989223303,157640989223303,-1,-1,ok,
std_copy_fastcdr__py_to_py__100000B__10Hz__shmem_ds__best_effort,publish,pub,py_to_py,copy,std,fastcdr,shmem_ds,100000,10,0,measured,287,2026-09-09T14:34:07.427856Z,157641089901295,157641089901295,157641089901295,-1,-1,ok,
std_copy_fastcdr__py_to_py__100000B__10Hz__shmem_ds__best_effort,publish,pub,py_to_py,copy,std,fastcdr,shmem_ds,100000,10,0,measured,288,2026-09-09T14:34:07.527084Z,157641189126173,157641189126173,157641189126173,-1,-1,ok,
std_copy_fastcdr__py_to_py__100000B__10Hz__shmem_ds__best_effort,publish,pub,py_to_py,copy,std,fastcdr,shmem_ds,100000,10,0,measured,289,2026-09-09T14:34:07.626875Z,157641288929764,157641288929764,157641288929764,-1,-1,ok,
std_copy_fastcdr__py_to_py__100000B__10Hz__shmem_ds__best_effort,publish,pub,py_to_py,copy,std,fastcdr,shmem_ds,100000,10,0,measured,290,2026-09-09T14:34:07.726402Z,157641388469727,157641388469727,157641388469727,-1,-1,ok,
std_copy_fastcdr__py_to_py__100000B__10Hz__shmem_ds__best_effort,publish,pub,py_to_py,copy,std,fastcdr,shmem_ds,100000,10,0,measured,291,2026-09-09T14:34:07.825432Z,157641487493847,157641487493847,157641487493847,-1,-1,ok,
std_copy_fastcdr__py_to_py__100000B__10Hz__shmem_ds__best_effort,publish,pub,py_to_py,copy,std,fastcdr,shmem_ds,100000,10,0,measured,292,2026-09-09T14:34:07.926011Z,157641588062864,157641588062864,157641588062864,-1,-1,ok,
std_copy_fastcdr__py_to_py__100000B__10Hz__shmem_ds__best_effort,publish,pub,py_to_py,copy,std,fastcdr,shmem_ds,100000,10,0,measured,293,2026-09-09T14:34:08.026336Z,157641688346240,157641688346240,157641688346240,-1,-1,ok,
std_copy_fastcdr__py_to_py__100000B__10Hz__shmem_ds__best_effort,publish,pub,py_to_py,copy,std,fastcdr,shmem_ds,100000,10,0,measured,294,2026-09-09T14:34:08.125776Z,157641787836681,157641787836681,157641787836681,-1,-1,ok,
std_copy_fastcdr__py_to_py__100000B__10Hz__shmem_ds__best_effort,publish,pub,py_to_py,copy,std,fastcdr,shmem_ds,100000,10,0,measured,295,2026-09-09T14:34:08.226229Z,157641888302906,157641888302906,157641888302906,-1,-1,ok,
std_copy_fastcdr__py_to_py__100000B__10Hz__shmem_ds__best_effort,publish,pub,py_to_py,copy,std,fastcdr,shmem_ds,100000,10,0,measured,296,2026-09-09T14:34:08.326397Z,157641988435420,157641988435420,157641988435420,-1,-1,ok,
std_copy_fastcdr__py_to_py__100000B__10Hz__shmem_ds__best_effort,publish,pub,py_to_py,copy,std,fastcdr,shmem_ds,100000,10,0,measured,297,2026-09-09T14:34:08.426285Z,157642088317010,157642088317010,157642088317010,-1,-1,ok,
std_copy_fastcdr__py_to_py__100000B__10Hz__shmem_ds__best_effort,publish,pub,py_to_py,copy,std,fastcdr,shmem_ds,100000,10,0,measured,298,2026-09-09T14:34:08.525277Z,157642187321213,157642187321213,157642187321213,-1,-1,ok,
std_copy_fastcdr__py_to_py__100000B__10Hz__shmem_ds__best_effort,publish,pub,py_to_py,copy,std,fastcdr,shmem_ds,100000,10,0,measured,299,2026-09-09T14:34:08.624402Z,157642286452736,157642286452736,157642286452736,-1,-1,ok,
std_copy_fastcdr__py_to_py__100000B__10Hz__shmem_ds__best_effort,publish,pub,py_to_py,copy,std,fastcdr,shmem_ds,100000,10,0,measured,300,2026-09-09T14:34:08.725248Z,157642387269552,157642387269552,157642387269552,-1,-1,ok,
std_copy_fastcdr__py_to_py__100000B__10Hz__shmem_ds__best_effort,receive,sub,py_to_py,copy,std,fastcdr,shmem_ds,100000,10,0,measured,0,2026-09-09T14:33:38.730063Z,157612392238844,157612391060900,157612392238844,1788964418729003023,1788964418729565274,ok,
std_copy_fastcdr__py_to_py__100000B__10Hz__shmem_ds__best_effort,receive,sub,py_to_py,copy,std,fastcdr,shmem_ds,100000,10,0,measured,1,2026-09-09T14:33:38.830002Z,157612492182574,157612491650329,157612492182574,1788964418829517810,1788964418829658045,ok,
std_copy_fastcdr__py_to_py__100000B__10Hz__shmem_ds__best_effort,receive,sub,py_to_py,copy,std,fastcdr,shmem_ds,100000,10,0,measured,2,2026-09-09T14:33:38.929038Z,157612591222967,157612590726480,157612591222967,1788964418928590224,1788964418928744135,ok,
std_copy_fastcdr__py_to_py__100000B__10Hz__shmem_ds__best_effort,receive,sub,py_to_py,copy,std,fastcdr,shmem_ds,100000,10,0,measured,3,2026-09-09T14:33:39.028427Z,157612690611229,157612690221272,157612690611229,1788964419028076912,1788964419028190416,ok,
std_copy_fastcdr__py_to_py__100000B__10Hz__shmem_ds__best_effort,receive,sub,py_to_py,copy,std,fastcdr,shmem_ds,100000,10,0,measured,4,2026-09-09T14:33:39.127755Z,157612789942022,157612789623090,157612789942022,1788964419127468710,1788964419127559221,ok,
std_copy_fastcdr__py_to_py__100000B__10Hz__shmem_ds__best_effort,receive,sub,py_to_py,copy,std,fastcdr,shmem_ds,100000,10,0,measured,5,2026-09-09T14:33:39.228612Z,157612890795510,157612890257685,157612890795510,1788964419228126910,1788964419228294166,ok,
std_copy_fastcdr__py_to_py__100000B__10Hz__shmem_ds__best_effort,receive,sub,py_to_py,copy,std,fastcdr,shmem_ds,100000,10,0,measured,6,2026-09-09T14:33:39.328765Z,157612990948236,157612990526771,157612990948236,1788964419328390024,1788964419328538575,ok,
std_copy_fastcdr__py_to_py__100000B__10Hz__shmem_ds__best_effort,receive,sub,py_to_py,copy,std,fastcdr,shmem_ds,100000,10,0,measured,7,2026-09-09T14:33:39.429707Z,157613091890572,157613091387553,157613091890572,1788964419429257689,1788964419429408885,ok,
std_copy_fastcdr__py_to_py__100000B__10Hz__shmem_ds__best_effort,receive,sub,py_to_py,copy,std,fastcdr,shmem_ds,100000,10,0,measured,8,2026-09-09T14:33:39.528878Z,157613191063568,157613190568654,157613191063568,1788964419528445523,1788964419528604463,ok,
std_copy_fastcdr__py_to_py__100000B__10Hz__shmem_ds__best_effort,receive,sub,py_to_py,copy,std,fastcdr,shmem_ds,100000,10,0,measured,9,2026-09-09T14:33:39.628966Z,157613291150830,157613290588168,157613291150830,1788964419628473523,1788964419628677578,ok,
std_copy_fastcdr__py_to_py__100000B__10Hz__shmem_ds__best_effort,receive,sub,py_to_py,copy,std,fastcdr,shmem_ds,100000,10,0,measured,10,2026-09-09T14:33:39.727783Z,157613389968936,157613389470816,157613389968936,1788964419727341864,1788964419727507486,ok,
std_copy_fastcdr__py_to_py__100000B__10Hz__shmem_ds__best_effort,receive,sub,py_to_py,copy,std,fastcdr,shmem_ds,100000,10,0,measured,11,2026-09-09T14:33:39.827376Z,157613489559450,157613488928088,157613489559450,1788964419826815237,1788964419827017739,ok,
std_copy_fastcdr__py_to_py__100000B__10Hz__shmem_ds__best_effort,receive,sub,py_to_py,copy,std,fastcdr,shmem_ds,100000,10,0,measured,12,2026-09-09T14:33:39.927222Z,157613589406288,157613588910342,157613589406288,1788964419926782222,1788964419926965067,ok,
std_copy_fastcdr__py_to_py__100000B__10Hz__shmem_ds__best_effort,receive,sub,py_to_py,copy,std,fastcdr,shmem_ds,100000,10,0,measured,13,2026-09-09T14:33:40.026526Z,157613688704621,157613688017874,157613688704621,1788964420025909622,1788964420026110801,ok,
std_copy_fastcdr__py_to_py__100000B__10Hz__shmem_ds__best_effort,receive,sub,py_to_py,copy,std,fastcdr,shmem_ds,100000,10,0,measured,14,2026-09-09T14:33:40.125560Z,157613787742052,157613787293656,157613787742052,1788964420125157200,1788964420125299899,ok,
std_copy_fastcdr__py_to_py__100000B__10Hz__shmem_ds__best_effort,receive,sub,py_to_py,copy,std,fastcdr,shmem_ds,100000,10,0,measured,15,2026-09-09T14:33:40.225944Z,157613888128751,157613887600203,157613888128751,1788964420225463407,1788964420225622758,ok,
std_copy_fastcdr__py_to_py__100000B__10Hz__shmem_ds__best_effort,receive,sub,py_to_py,copy,std,fastcdr,shmem_ds,100000,10,0,measured,16,2026-09-09T14:33:40.325928Z,157613988113381,157613987660827,157613988113381,1788964420325519181,1788964420325654126,ok,
std_copy_fastcdr__py_to_py__100000B__10Hz__shmem_ds__best_effort,receive,sub,py_to_py,copy,std,fastcdr,shmem_ds,100000,10,0,measured,17,2026-09-09T14:33:40.425524Z,157614087708035,157614087165931,157614087708035,1788964420425026760,1788964420425188155,ok,
std_copy_fastcdr__py_to_py__100000B__10Hz__shmem_ds__best_effort,receive,sub,py_to_py,copy,std,fastcdr,shmem_ds,100000,10,0,measured,18,2026-09-09T14:33:40.525594Z,157614187778827,157614187307357,157614187778827,1788964420525168777,1788964420525317638,ok,
std_copy_fastcdr__py_to_py__100000B__10Hz__shmem_ds__best_effort,receive,sub,py_to_py,copy,std,fastcdr,shmem_ds,100000,10,0,measured,19,2026-09-09T14:33:40.626206Z,157614288390310,157614287908300,157614288390310,1788964420625769851,1788964420625949029,ok,
std_copy_fastcdr__py_to_py__100000B__10Hz__shmem_ds__best_effort,receive,sub,py_to_py,copy,std,fastcdr,shmem_ds,100000,10,0,measured,20,2026-09-09T14:33:40.725196Z,157614387380733,157614386931104,157614387380733,1788964420724795219,1788964420724939412,ok,
std_copy_fastcdr__py_to_py__100000B__10Hz__shmem_ds__best_effort,receive,sub,py_to_py,copy,std,fastcdr,shmem_ds,100000,10,0,measured,21,2026-09-09T14:33:40.825946Z,157614488121691,157614487551224,157614488121691,1788964420825417683,1788964420825567466,ok,
std_copy_fastcdr__py_to_py__100000B__10Hz__shmem_ds__best_effort,receive,sub,py_to_py,copy,std,fastcdr,shmem_ds,100000,10,0,measured,22,2026-09-09T14:33:40.926425Z,157614588601014,157614587938734,157614588601014,1788964420925807758,1788964420925995854,ok,
std_copy_fastcdr__py_to_py__100000B__10Hz__shmem_ds__best_effort,receive,sub,py_to_py,copy,std,fastcdr,shmem_ds,100000,10,0,measured,23,2026-09-09T14:33:41.025935Z,157614688119685,157614687635310,157614688119685,1788964421025497231,1788964421025648787,ok,
std_copy_fastcdr__py_to_py__100000B__10Hz__shmem_ds__best_effort,receive,sub,py_to_py,copy,std,fastcdr,shmem_ds,100000,10,0,measured,24,2026-09-09T14:33:41.125214Z,157614787398514,157614786922575,157614787398514,1788964421124815434,1788964421124957633,ok,
std_copy_fastcdr__py_to_py__100000B__10Hz__shmem_ds__best_effort,receive,sub,py_to_py,copy,std,fastcdr,shmem_ds,100000,10,0,measured,25,2026-09-09T14:33:41.226168Z,157614888352706,157614887855527,157614888352706,1788964421225724962,1788964421225868473,ok,
std_copy_fastcdr__py_to_py__100000B__10Hz__shmem_ds__best_effort,receive,sub,py_to_py,copy,std,fastcdr,shmem_ds,100000,10,0,measured,26,2026-09-09T14:33:41.326183Z,157614988357956,157614987594635,157614988357956,1788964421325465583,1788964421325668145,ok,
std_copy_fastcdr__py_to_py__100000B__10Hz__shmem_ds__best_effort,receive,sub,py_to_py,copy,std,fastcdr,shmem_ds,100000,10,0,measured,27,2026-09-09T14:33:41.425076Z,157615087259673,157615086707811,157615087259673,1788964421424576334,1788964421424741115,ok,
std_copy_fastcdr__py_to_py__100000B__10Hz__shmem_ds__best_effort,receive,sub,py_to_py,copy,std,fastcdr,shmem_ds,100000,10,0,measured,28,2026-09-09T14:33:41.524231Z,157615186413435,157615185927037,157615186413435,1788964421523791934,1788964421523945774,ok,
std_copy_fastcdr__py_to_py__100000B__10Hz__shmem_ds__best_effort,receive,sub,py_to_py,copy,std,fastcdr,shmem_ds,100000,10,0,measured,29,2026-09-09T14:33:41.625120Z,157615287296223,157615286599367,157615287296223,1788964421624498478,1788964421624700039,ok,
std_copy_fastcdr__py_to_py__100000B__10Hz__shmem_ds__best_effort,receive,sub,py_to_py,copy,std,fastcdr,shmem_ds,100000,10,0,measured,30,2026-09-09T14:33:41.725102Z,157615387286055,157615386803824,157615387286055,1788964421724667749,1788964421724839433,ok,
std_copy_fastcdr__py_to_py__100000B__10Hz__shmem_ds__best_effort,receive,sub,py_to_py,copy,std,fastcdr,shmem_ds,100000,10,0,measured,31,2026-09-09T14:33:41.825706Z,157615487888813,157615487404499,157615487888813,1788964421825264346,1788964421825410622,ok,
std_copy_fastcdr__py_to_py__100000B__10Hz__shmem_ds__best_effort,receive,sub,py_to_py,copy,std,fastcdr,shmem_ds,100000,10,0,measured,32,2026-09-09T14:33:41.926356Z,157615588539672,157615587882181,157615588539672,1788964421925786081,1788964421926019221,ok,
std_copy_fastcdr__py_to_py__100000B__10Hz__shmem_ds__best_effort,receive,sub,py_to_py,copy,std,fastcdr,shmem_ds,100000,10,0,measured,33,2026-09-09T14:33:42.026200Z,157615688385442,157615687928940,157615688385442,1788964422025792484,1788964422025946785,ok,
std_copy_fastcdr__py_to_py__100000B__10Hz__shmem_ds__best_effort,receive,sub,py_to_py,copy,std,fastcdr,shmem_ds,100000,10,0,measured,34,2026-09-09T14:33:42.127278Z,157615789458260,157615788899104,157615789458260,1788964422126760073,1788964422126930074,ok,
std_copy_fastcdr__py_to_py__100000B__10Hz__shmem_ds__best_effort,receive,sub,py_to_py,copy,std,fastcdr,shmem_ds,100000,10,0,measured,35,2026-09-09T14:33:42.226897Z,157615889080999,157615888615120,157615889080999,1788964422226476560,1788964422226619910,ok,
std_copy_fastcdr__py_to_py__100000B__10Hz__shmem_ds__best_effort,receive,sub,py_to_py,copy,std,fastcdr,shmem_ds,100000,10,0,measured,36,2026-09-09T14:33:42.326999Z,157615989183365,157615988747892,157615989183365,1788964422326608671,1788964422326748144,ok,
std_copy_fastcdr__py_to_py__100000B__10Hz__shmem_ds__best_effort,receive,sub,py_to_py,copy,std,fastcdr,shmem_ds,100000,10,0,measured,37,2026-09-09T14:33:42.427638Z,157616089823526,157616089405046,157616089823526,1788964422427266095,1788964422427410768,ok,
std_copy_fastcdr__py_to_py__100000B__10Hz__shmem_ds__best_effort,receive,sub,py_to_py,copy,std,fastcdr,shmem_ds,100000,10,0,measured,38,2026-09-09T14:33:42.527914Z,157616190098296,157616189644900,157616190098296,1788964422527508354,1788964422527656283,ok,
std_copy_fastcdr__py_to_py__100000B__10Hz__shmem_ds__best_effort,receive,sub,py_to_py,copy,std,fastcdr,shmem_ds,100000,10,0,measured,39,2026-09-09T14:33:42.628572Z,157616290758816,157616290365053,157616290758816,1788964422628228376,1788964422628369643,ok,
std_copy_fastcdr__py_to_py__100000B__10Hz__shmem_ds__best_effort,receive,sub,py_to_py,copy,std,fastcdr,shmem_ds,100000,10,0,measured,40,2026-09-09T14:33:42.728751Z,157616390936323,157616390488156,157616390936323,1788964422728355948,1788964422728505711,ok,
std_copy_fastcdr__py_to_py__100000B__10Hz__shmem_ds__best_effort,receive,sub,py_to_py,copy,std,fastcdr,shmem_ds,100000,10,0,measured,41,2026-09-09T14:33:42.829174Z,157616491358692,157616490916437,157616491358692,1788964422828778198,1788964422828923472,ok,
std_copy_fastcdr__py_to_py__100000B__10Hz__shmem_ds__best_effort,receive,sub,py_to_py,copy,std,fastcdr,shmem_ds,100000,10,0,measured,42,2026-09-09T14:33:42.928240Z,157616590425382,157616590021710,157616590425382,1788964422927885505,1788964422928023295,ok,
std_copy_fastcdr__py_to_py__100000B__10Hz__shmem_ds__best_effort,receive,sub,py_to_py,copy,std,fastcdr,shmem_ds,100000,10,0,measured,43,2026-09-09T14:33:43.027693Z,157616689877541,157616689476313,157616689877541,1788964423027338966,1788964423027473109,ok,
std_copy_fastcdr__py_to_py__100000B__10Hz__shmem_ds__best_effort,receive,sub,py_to_py,copy,std,fastcdr,shmem_ds,100000,10,0,measured,44,2026-09-09T14:33:43.127300Z,157616789484672,157616789062134,157616789484672,1788964423126924446,1788964423127064280,ok,
std_copy_fastcdr__py_to_py__100000B__10Hz__shmem_ds__best_effort,receive,sub,py_to_py,copy,std,fastcdr,shmem_ds,100000,10,0,measured,45,2026-09-09T14:33:43.226486Z,157616888673244,157616888254804,157616888673244,1788964423226130911,1788964423226275194,ok,
std_copy_fastcdr__py_to_py__100000B__10Hz__shmem_ds__best_effort,receive,sub,py_to_py,copy,std,fastcdr,shmem_ds,100000,10,0,measured,46,2026-09-09T14:33:43.326056Z,157616988233497,157616987659874,157616988233497,1788964423325525442,1788964423325708197,ok,
std_copy_fastcdr__py_to_py__100000B__10Hz__shmem_ds__best_effort,receive,sub,py_to_py,copy,std,fastcdr,shmem_ds,100000,10,0,measured,47,2026-09-09T14:33:43.425067Z,157617087252358,157617086860368,157617087252358,1788964423424715075,1788964423424849519,ok,
std_copy_fastcdr__py_to_py__100000B__10Hz__shmem_ds__best_effort,receive,sub,py_to_py,copy,std,fastcdr,shmem_ds,100000,10,0,measured,48,2026-09-09T14:33:43.524701Z,157617186885509,157617186441791,157617186885509,1788964423524306447,1788964423524444117,ok,
std_copy_fastcdr__py_to_py__100000B__10Hz__shmem_ds__best_effort,receive,sub,py_to_py,copy,std,fastcdr,shmem_ds,100000,10,0,measured,49,2026-09-09T14:33:43.625253Z,157617287431273,157617286803307,157617287431273,1788964423624703370,1788964423624911223,ok,
std_copy_fastcdr__py_to_py__100000B__10Hz__shmem_ds__best_effort,receive,sub,py_to_py,copy,std,fastcdr,shmem_ds,100000,10,0,measured,50,2026-09-09T14:33:43.724679Z,157617386863094,157617386435286,157617386863094,1788964423724297398,1788964423724431170,ok,
std_copy_fastcdr__py_to_py__100000B__10Hz__shmem_ds__best_effort,receive,sub,py_to_py,copy,std,fastcdr,shmem_ds,100000,10,0,measured,51,2026-09-09T14:33:43.824464Z,157617486648783,157617486203162,157617486648783,1788964423824066586,1788964423824203424,ok,
std_copy_fastcdr__py_to_py__100000B__10Hz__shmem_ds__best_effort,receive,sub,py_to_py,copy,std,fastcdr,shmem_ds,100000,10,0,measured,52,2026-09-09T14:33:43.923844Z,157617586026954,157617585600198,157617586026954,1788964423923462009,1788964423923596773,ok,
std_copy_fastcdr__py_to_py__100000B__10Hz__shmem_ds__best_effort,receive,sub,py_to_py,copy,std,fastcdr,shmem_ds,100000,10,0,measured,53,2026-09-09T14:33:44.023376Z,157617685559805,157617685139011,157617685559805,1788964424022998998,1788964424023136448,ok,
std_copy_fastcdr__py_to_py__100000B__10Hz__shmem_ds__best_effort,receive,sub,py_to_py,copy,std,fastcdr,shmem_ds,100000,10,0,measured,54,2026-09-09T14:33:44.124414Z,157617786599714,157617786077488,157617786599714,1788964424123972762,1788964424124177729,ok,
std_copy_fastcdr__py_to_py__100000B__10Hz__shmem_ds__best_effort,receive,sub,py_to_py,copy,std,fastcdr,shmem_ds,100000,10,0,measured,55,2026-09-09T14:33:44.224529Z,157617886714336,157617886294353,157617886714336,1788964424224156364,1788964424224292000,ok,
std_copy_fastcdr__py_to_py__100000B__10Hz__shmem_ds__best_effort,receive,sub,py_to_py,copy,std,fastcdr,shmem_ds,100000,10,0,measured,56,2026-09-09T14:33:44.324767Z,157617986951299,157617986526667,157617986951299,1788964424324387045,1788964424324518894,ok,
std_copy_fastcdr__py_to_py__100000B__10Hz__shmem_ds__best_effort,receive,sub,py_to_py,copy,std,fastcdr,shmem_ds,100000,10,0,measured,57,2026-09-09T14:33:44.424077Z,157618086263035,157618085840096,157618086263035,1788964424423701637,1788964424423851389,ok,
std_copy_fastcdr__py_to_py__100000B__10Hz__shmem_ds__best_effort,receive,sub,py_to_py,copy,std,fastcdr,shmem_ds,100000,10,0,measured,58,2026-09-09T14:33:44.524551Z,157618186736294,157618186288749,157618186736294,1788964424524148997,1788964424524295053,ok,
std_copy_fastcdr__py_to_py__100000B__10Hz__shmem_ds__best_effort,receive,sub,py_to_py,copy,std,fastcdr,shmem_ds,100000,10,0,measured,59,2026-09-09T14:33:44.623898Z,157618286082745,157618285641733,157618286082745,1788964424623502702,1788964424623639781,ok,
std_copy_fastcdr__py_to_py__100000B__10Hz__shmem_ds__best_effort,receive,sub,py_to_py,copy,std,fastcdr,shmem_ds,100000,10,0,measured,60,2026-09-09T14:33:44.723672Z,157618385855933,157618385408708,157618385855933,1788964424723270970,1788964424723410393,ok,
std_copy_fastcdr__py_to_py__100000B__10Hz__shmem_ds__best_effort,receive,sub,py_to_py,copy,std,fastcdr,shmem_ds,100000,10,0,measured,61,2026-09-09T14:33:44.824707Z,157618486891694,157618486425423,157618486891694,1788964424824287525,1788964424824433841,ok,
std_copy_fastcdr__py_to_py__100000B__10Hz__shmem_ds__best_effort,receive,sub,py_to_py,copy,std,fastcdr,shmem_ds,100000,10,0,measured,62,2026-09-09T14:33:44.924907Z,157618587091947,157618586634253,157618587091947,1788964424924489371,1788964424924623634,ok,
std_copy_fastcdr__py_to_py__100000B__10Hz__shmem_ds__best_effort,receive,sub,py_to_py,copy,std,fastcdr,shmem_ds,100000,10,0,measured,63,2026-09-09T14:33:45.025071Z,157618687255501,157618686786135,157618687255501,1788964425024647505,1788964425024789092,ok,
std_copy_fastcdr__py_to_py__100000B__10Hz__shmem_ds__best_effort,receive,sub,py_to_py,copy,std,fastcdr,shmem_ds,100000,10,0,measured,64,2026-09-09T14:33:45.125465Z,157618787650224,157618787178172,157618787650224,1788964425125042247,1788964425125186079,ok,
std_copy_fastcdr__py_to_py__100000B__10Hz__shmem_ds__best_effort,receive,sub,py_to_py,copy,std,fastcdr,shmem_ds,100000,10,0,measured,65,2026-09-09T14:33:45.226183Z,157618888367725,157618887865828,157618888367725,1788964425225728690,1788964425225895034,ok,
std_copy_fastcdr__py_to_py__100000B__10Hz__shmem_ds__best_effort,receive,sub,py_to_py,copy,std,fastcdr,shmem_ds,100000,10,0,measured,66,2026-09-09T14:33:45.326874Z,157618989036665,157618988420011,157618989036665,1788964425326288144,1788964425326442766,ok,
std_copy_fastcdr__py_to_py__100000B__10Hz__shmem_ds__best_effort,receive,sub,py_to_py,copy,std,fastcdr,shmem_ds,100000,10,0,measured,67,2026-09-09T14:33:45.426133Z,157619088317124,157619087851404,157619088317124,1788964425425713345,1788964425425867907,ok,
std_copy_fastcdr__py_to_py__100000B__10Hz__shmem_ds__best_effort,receive,sub,py_to_py,copy,std,fastcdr,shmem_ds,100000,10,0,measured,68,2026-09-09T14:33:45.525216Z,157619187400700,157619186920674,157619187400700,1788964425524782104,1788964425524939401,ok,
std_copy_fastcdr__py_to_py__100000B__10Hz__shmem_ds__best_effort,receive,sub,py_to_py,copy,std,fastcdr,shmem_ds,100000,10,0,measured,69,2026-09-09T14:33:45.624797Z,157619286981746,157619286544671,157619286981746,1788964425624405179,1788964425624549963,ok,
std_copy_fastcdr__py_to_py__100000B__10Hz__shmem_ds__best_effort,receive,sub,py_to_py,copy,std,fastcdr,shmem_ds,100000,10,0,measured,70,2026-09-09T14:33:45.724376Z,157619386560889,157619386070863,157619386560889,1788964425723930149,1788964425724072338,ok,
std_copy_fastcdr__py_to_py__100000B__10Hz__shmem_ds__best_effort,receive,sub,py_to_py,copy,std,fastcdr,shmem_ds,100000,10,0,measured,71,2026-09-09T14:33:45.823852Z,157619486035664,157619485548554,157619486035664,1788964425823409684,1788964425823555299,ok,
std_copy_fastcdr__py_to_py__100000B__10Hz__shmem_ds__best_effort,receive,sub,py_to_py,copy,std,fastcdr,shmem_ds,100000,10,0,measured,72,2026-09-09T14:33:45.924668Z,157619586853685,157619586391132,157619586853685,1788964425924253083,1788964425924399730,ok,
std_copy_fastcdr__py_to_py__100000B__10Hz__shmem_ds__best_effort,receive,sub,py_to_py,copy,std,fastcdr,shmem_ds,100000,10,0,measured,73,2026-09-09T14:33:46.025432Z,157619687616303,157619687165812,157619687616303,1788964426025027753,1788964426025168719,ok,
std_copy_fastcdr__py_to_py__100000B__10Hz__shmem_ds__best_effort,receive,sub,py_to_py,copy,std,fastcdr,shmem_ds,100000,10,0,measured,74,2026-09-09T14:33:46.125021Z,157619787208151,157619786759243,157619787208151,1788964426124619551,1788964426124748845,ok,
std_copy_fastcdr__py_to_py__100000B__10Hz__shmem_ds__best_effort,receive,sub,py_to_py,copy,std,fastcdr,shmem_ds,100000,10,0,measured,75,2026-09-09T14:33:46.225351Z,157619887536479,157619887073505,157619887536479,1788964426224935085,1788964426225076122,ok,
std_copy_fastcdr__py_to_py__100000B__10Hz__shmem_ds__best_effort,receive,sub,py_to_py,copy,std,fastcdr,shmem_ds,100000,10,0,measured,76,2026-09-09T14:33:46.325112Z,157619987297075,157619986861373,157619987297075,1788964426324717563,1788964426324847999,ok,
std_copy_fastcdr__py_to_py__100000B__10Hz__shmem_ds__best_effort,receive,sub,py_to_py,copy,std,fastcdr,shmem_ds,100000,10,0,measured,77,2026-09-09T14:33:46.425989Z,157620088173819,157620087702670,157620088173819,1788964426425561775,1788964426425708693,ok,
std_copy_fastcdr__py_to_py__100000B__10Hz__shmem_ds__best_effort,receive,sub,py_to_py,copy,std,fastcdr,shmem_ds,100000,10,0,measured,78,2026-09-09T14:33:46.525970Z,157620188155193,157620187643126,157620188155193,1788964426525505808,1788964426525661773,ok,
std_copy_fastcdr__py_to_py__100000B__10Hz__shmem_ds__best_effort,receive,sub,py_to_py,copy,std,fastcdr,shmem_ds,100000,10,0,measured,79,2026-09-09T14:33:46.625391Z,157620287575306,157620287154732,157620287575306,1788964426625016323,1788964426625157289,ok,
std_copy_fastcdr__py_to_py__100000B__10Hz__shmem_ds__best_effort,receive,sub,py_to_py,copy,std,fastcdr,shmem_ds,100000,10,0,measured,80,2026-09-09T14:33:46.724978Z,157620387164028,157620386660507,157620387164028,1788964426724521687,1788964426724665659,ok,
std_copy_fastcdr__py_to_py__100000B__10Hz__shmem_ds__best_effort,receive,sub,py_to_py,copy,std,fastcdr,shmem_ds,100000,10,0,measured,81,2026-09-09T14:33:46.825068Z,157620487252614,157620486775192,157620487252614,1788964426824638526,1788964426824777138,ok,
std_copy_fastcdr__py_to_py__100000B__10Hz__shmem_ds__best_effort,receive,sub,py_to_py,copy,std,fastcdr,shmem_ds,100000,10,0,measured,82,2026-09-09T14:33:46.924537Z,157620586721720,157620586285837,157620586721720,1788964426924148579,1788964426924290558,ok,
std_copy_fastcdr__py_to_py__100000B__10Hz__shmem_ds__best_effort,receive,sub,py_to_py,copy,std,fastcdr,shmem_ds,100000,10,0,measured,83,2026-09-09T14:33:47.024703Z,157620686887392,157620686454234,157620686887392,1788964427024316676,1788964427024451631,ok,
std_copy_fastcdr__py_to_py__100000B__10Hz__shmem_ds__best_effort,receive,sub,py_to_py,copy,std,fastcdr,shmem_ds,100000,10,0,measured,84,2026-09-09T14:33:47.125479Z,157620787665020,157620787252010,157620787665020,1788964427125109453,1788964427125242213,ok,
std_copy_fastcdr__py_to_py__100000B__10Hz__shmem_ds__best_effort,receive,sub,py_to_py,copy,std,fastcdr,shmem_ds,100000,10,0,measured,85,2026-09-09T14:33:47.225279Z,157620887463329,157620887040331,157620887463329,1788964427224901160,1788964427225036876,ok,
std_copy_fastcdr__py_to_py__100000B__10Hz__shmem_ds__best_effort,receive,sub,py_to_py,copy,std,fastcdr,shmem_ds,100000,10,0,measured,86,2026-09-09T14:33:47.324711Z,157620986895117,157620986470234,157620986895117,1788964427324332867,1788964427324465477,ok,
std_copy_fastcdr__py_to_py__100000B__10Hz__shmem_ds__best_effort,receive,sub,py_to_py,copy,std,fastcdr,shmem_ds,100000,10,0,measured,87,2026-09-09T14:33:47.425694Z,157621087879295,157621087455094,157621087879295,1788964427425311515,1788964427425436351,ok,
std_copy_fastcdr__py_to_py__100000B__10Hz__shmem_ds__best_effort,receive,sub,py_to_py,copy,std,fastcdr,shmem_ds,100000,10,0,measured,88,2026-09-09T14:33:47.525763Z,157621187947755,157621187501442,157621187947755,1788964427525357041,1788964427525484963,ok,
std_copy_fastcdr__py_to_py__100000B__10Hz__shmem_ds__best_effort,receive,sub,py_to_py,copy,std,fastcdr,shmem_ds,100000,10,0,measured,89,2026-09-09T14:33:47.625015Z,157621287200564,157621286756746,157621287200564,1788964427624614068,1788964427624743072,ok,
std_copy_fastcdr__py_to_py__100000B__10Hz__shmem_ds__best_effort,receive,sub,py_to_py,copy,std,fastcdr,shmem_ds,100000,10,0,measured,90,2026-09-09T14:33:47.724149Z,157621386332545,157621385838723,157621386332545,1788964427723699071,1788964427723856298,ok,
std_copy_fastcdr__py_to_py__100000B__10Hz__shmem_ds__best_effort,receive,sub,py_to_py,copy,std,fastcdr,shmem_ds,100000,10,0,measured,91,2026-09-09T14:33:47.823306Z,157621485489173,157621485025508,157621485489173,1788964427822884533,1788964427823033244,ok,
std_copy_fastcdr__py_to_py__100000B__10Hz__shmem_ds__best_effort,receive,sub,py_to_py,copy,std,fastcdr,shmem_ds,100000,10,0,measured,92,2026-09-09T14:33:47.923600Z,157621585780474,157621585278786,157621585780474,1788964427923144224,1788964427923288326,ok,
std_copy_fastcdr__py_to_py__100000B__10Hz__shmem_ds__best_effort,receive,sub,py_to_py,copy,std,fastcdr,shmem_ds,100000,10,0,measured,93,2026-09-09T14:33:48.024100Z,157621686285528,157621685831100,157621686285528,1788964428023695275,1788964428023845979,ok,
std_copy_fastcdr__py_to_py__100000B__10Hz__shmem_ds__best_effort,receive,sub,py_to_py,copy,std,fastcdr,shmem_ds,100000,10,0,measured,94,2026-09-09T14:33:48.123934Z,157621786120839,157621785670809,157621786120839,1788964428123529995,1788964428123662395,ok,
std_copy_fastcdr__py_to_py__100000B__10Hz__shmem_ds__best_effort,receive,sub,py_to_py,copy,std,fastcdr,shmem_ds,100000,10,0,measured,95,2026-09-09T14:33:48.223201Z,157621885382496,157621884830033,157621885382496,1788964428222698156,1788964428222861965,ok,
std_copy_fastcdr__py_to_py__100000B__10Hz__shmem_ds__best_effort,receive,sub,py_to_py,copy,std,fastcdr,shmem_ds,100000,10,0,measured,96,2026-09-09T14:33:48.322919Z,157621985104383,157621984615871,157621985104383,1788964428322480196,1788964428322631832,ok,
std_copy_fastcdr__py_to_py__100000B__10Hz__shmem_ds__best_effort,receive,sub,py_to_py,copy,std,fastcdr,shmem_ds,100000,10,0,measured,97,2026-09-09T14:33:48.423810Z,157622085988203,157622085557801,157622085988203,1788964428423419852,1788964428423557953,ok,
std_copy_fastcdr__py_to_py__100000B__10Hz__shmem_ds__best_effort,receive,sub,py_to_py,copy,std,fastcdr,shmem_ds,100000,10,0,measured,98,2026-09-09T14:33:48.523968Z,157622186152946,157622185646069,157622186152946,1788964428523508651,1788964428523658434,ok,
std_copy_fastcdr__py_to_py__100000B__10Hz__shmem_ds__best_effort,receive,sub,py_to_py,copy,std,fastcdr,shmem_ds,100000,10,0,measured,99,2026-09-09T14:33:48.624860Z,157622287044842,157622286565467,157622287044842,1788964428624428801,1788964428624572682,ok,
std_copy_fastcdr__py_to_py__100000B__10Hz__shmem_ds__best_effort,receive,sub,py_to_py,copy,std,fastcdr,shmem_ds,100000,10,0,measured,100,2026-09-09T14:33:48.725581Z,157622387766406,157622387293293,157622387766406,1788964428725155805,1788964428725302442,ok,
std_copy_fastcdr__py_to_py__100000B__10Hz__shmem_ds__best_effort,receive,sub,py_to_py,copy,std,fastcdr,shmem_ds,100000,10,0,measured,101,2026-09-09T14:33:48.824650Z,157622486835350,157622486304318,157622486835350,1788964428824181808,1788964428824367108,ok,
std_copy_fastcdr__py_to_py__100000B__10Hz__shmem_ds__best_effort,receive,sub,py_to_py,copy,std,fastcdr,shmem_ds,100000,10,0,measured,102,2026-09-09T14:33:48.925032Z,157622587216953,157622586754780,157622587216953,1788964428924614607,1788964428924757637,ok,
std_copy_fastcdr__py_to_py__100000B__10Hz__shmem_ds__best_effort,receive,sub,py_to_py,copy,std,fastcdr,shmem_ds,100000,10,0,measured,103,2026-09-09T14:33:49.025321Z,157622687503606,157622687060880,157622687503606,1788964429024917591,1788964429025047817,ok,
std_copy_fastcdr__py_to_py__100000B__10Hz__shmem_ds__best_effort,receive,sub,py_to_py,copy,std,fastcdr,shmem_ds,100000,10,0,measured,104,2026-09-09T14:33:49.125499Z,157622787683309,157622787206709,157622787683309,1788964429125066366,1788964429125209927,ok,
std_copy_fastcdr__py_to_py__100000B__10Hz__shmem_ds__best_effort,receive,sub,py_to_py,copy,std,fastcdr,shmem_ds,100000,10,0,measured,105,2026-09-09T14:33:49.224981Z,157622887164843,157622886711327,157622887164843,1788964429224569441,1788964429224711980,ok,
std_copy_fastcdr__py_to_py__100000B__10Hz__shmem_ds__best_effort,receive,sub,py_to_py,copy,std,fastcdr,shmem_ds,100000,10,0,measured,106,2026-09-09T14:33:49.325234Z,157622987420069,157622986995607,157622987420069,1788964429324865163,1788964429324997903,ok,
std_copy_fastcdr__py_to_py__100000B__10Hz__shmem_ds__best_effort,receive,sub,py_to_py,copy,std,fastcdr,shmem_ds,100000,10,0,measured,107,2026-09-09T14:33:49.424563Z,157623086745248,157623086246887,157623086745248,1788964429424110421,1788964429424270684,ok,
std_copy_fastcdr__py_to_py__100000B__10Hz__shmem_ds__best_effort,receive,sub,py_to_py,copy,std,fastcdr,shmem_ds,100000,10,0,measured,108,2026-09-09T14:33:49.524407Z,157623186591391,157623186132274,157623186591391,1788964429523997251,1788964429524144799,ok,
std_copy_fastcdr__py_to_py__100000B__10Hz__shmem_ds__best_effort,receive,sub,py_to_py,copy,std,fastcdr,shmem_ds,100000,10,0,measured,109,2026-09-09T14:33:49.624331Z,157623286515541,157623285996020,157623286515541,1788964429623878450,1788964429624046427,ok,
std_copy_fastcdr__py_to_py__100000B__10Hz__shmem_ds__best_effort,receive,sub,py_to_py,copy,std,fastcdr,shmem_ds,100000,10,0,measured,110,2026-09-09T14:33:49.725231Z,157623387413881,157623386917313,157623387413881,1788964429724777220,1788964429724932013,ok,
std_copy_fastcdr__py_to_py__100000B__10Hz__shmem_ds__best_effort,receive,sub,py_to_py,copy,std,fastcdr,shmem_ds,100000,10,0,measured,111,2026-09-09T14:33:49.825942Z,157623488127932,157623487665960,157623488127932,1788964429825528713,1788964429825673155,ok,
std_copy_fastcdr__py_to_py__100000B__10Hz__shmem_ds__best_effort,receive,sub,py_to_py,copy,std,fastcdr,shmem_ds,100000,10,0,measured,112,2026-09-09T14:33:49.925694Z,157623587879166,157623587282810,157623587879166,1788964429925166352,1788964429925361170,ok,
std_copy_fastcdr__py_to_py__100000B__10Hz__shmem_ds__best_effort,receive,sub,py_to_py,copy,std,fastcdr,shmem_ds,100000,10,0,measured,113,2026-09-09T14:33:50.025510Z,157623687692217,157623687208404,157623687692217,1788964430025070445,1788964430025216401,ok,
std_copy_fastcdr__py_to_py__100000B__10Hz__shmem_ds__best_effort,receive,sub,py_to_py,copy,std,fastcdr,shmem_ds,100000,10,0,measured,114,2026-09-09T14:33:50.125035Z,157623787220942,157623786622482,157623787220942,1788964430124524990,1788964430124712484,ok,
std_copy_fastcdr__py_to_py__100000B__10Hz__shmem_ds__best_effort,receive,sub,py_to_py,copy,std,fastcdr,shmem_ds,100000,10,0,measured,115,2026-09-09T14:33:50.225640Z,157623887825549,157623887380138,157623887825549,1788964430225241528,1788964430225381222,ok,
std_copy_fastcdr__py_to_py__100000B__10Hz__shmem_ds__best_effort,receive,sub,py_to_py,copy,std,fastcdr,shmem_ds,100000,10,0,measured,116,2026-09-09T14:33:50.326387Z,157623988571633,157623988126823,157623988571633,1788964430325989024,1788964430326127977,ok,
std_copy_fastcdr__py_to_py__100000B__10Hz__shmem_ds__best_effort,receive,sub,py_to_py,copy,std,fastcdr,shmem_ds,100000,10,0,measured,117,2026-09-09T14:33:50.426088Z,157624088273455,157624087805040,157624088273455,1788964430425668224,1788964430425818948,ok,
std_copy_fastcdr__py_to_py__100000B__10Hz__shmem_ds__best_effort,receive,sub,py_to_py,copy,std,fastcdr,shmem_ds,100000,10,0,measured,118,2026-09-09T14:33:50.526341Z,157624188525917,157624188065447,157624188525917,1788964430525927498,1788964430526072582,ok,
std_copy_fastcdr__py_to_py__100000B__10Hz__shmem_ds__best_effort,receive,sub,py_to_py,copy,std,fastcdr,shmem_ds,100000,10,0,measured,119,2026-09-09T14:33:50.626473Z,157624288656739,157624288213291,157624288656739,1788964430626074862,1788964430626214686,ok,
std_copy_fastcdr__py_to_py__100000B__10Hz__shmem_ds__best_effort,receive,sub,py_to_py,copy,std,fastcdr,shmem_ds,100000,10,0,measured,120,2026-09-09T14:33:50.726182Z,157624388367888,157624387626118,157624388367888,1788964430725562479,1788964430725780701,ok,
std_copy_fastcdr__py_to_py__100000B__10Hz__shmem_ds__best_effort,receive,sub,py_to_py,copy,std,fastcdr,shmem_ds,100000,10,0,measured,121,2026-09-09T14:33:50.826303Z,157624488487630,157624488054201,157624488487630,1788964430825912185,1788964430826054934,ok,
std_copy_fastcdr__py_to_py__100000B__10Hz__shmem_ds__best_effort,receive,sub,py_to_py,copy,std,fastcdr,shmem_ds,100000,10,0,measured,122,2026-09-09T14:33:50.926702Z,157624588881188,157624588190083,157624588881188,1788964430926068675,1788964430926239047,ok,
std_copy_fastcdr__py_to_py__100000B__10Hz__shmem_ds__best_effort,receive,sub,py_to_py,copy,std,fastcdr,shmem_ds,100000,10,0,measured,123,2026-09-09T14:33:51.027400Z,157624689576456,157624688729697,157624689576456,1788964431026634950,1788964431026886625,ok,
std_copy_fastcdr__py_to_py__100000B__10Hz__shmem_ds__best_effort,receive,sub,py_to_py,copy,std,fastcdr,shmem_ds,100000,10,0,measured,124,2026-09-09T14:33:51.127137Z,157624789320459,157624788814314,157624789320459,1788964431126679411,1788964431126842208,ok,
std_copy_fastcdr__py_to_py__100000B__10Hz__shmem_ds__best_effort,receive,sub,py_to_py,copy,std,fastcdr,shmem_ds,100000,10,0,measured,125,2026-09-09T14:33:51.226117Z,157624888297965,157624887812759,157624888297965,1788964431225681844,1788964431225840673,ok,
std_copy_fastcdr__py_to_py__100000B__10Hz__shmem_ds__best_effort,receive,sub,py_to_py,copy,std,fastcdr,shmem_ds,100000,10,0,measured,126,2026-09-09T14:33:51.325951Z,157624988121909,157624987464799,157624988121909,1788964431325332400,1788964431325512831,ok,
std_copy_fastcdr__py_to_py__100000B__10Hz__shmem_ds__best_effort,receive,sub,py_to_py,copy,std,fastcdr,shmem_ds,100000,10,0,measured,127,2026-09-09T14:33:51.424846Z,157625087026237,157625086436003,157625087026237,1788964431424307843,1788964431424496429,ok,
std_copy_fastcdr__py_to_py__100000B__10Hz__shmem_ds__best_effort,receive,sub,py_to_py,copy,std,fastcdr,shmem_ds,100000,10,0,measured,128,2026-09-09T14:33:51.525685Z,157625187870628,157625187301654,157625187870628,1788964431525202208,1788964431525379282,ok,
std_copy_fastcdr__py_to_py__100000B__10Hz__shmem_ds__best_effort,receive,sub,py_to_py,copy,std,fastcdr,shmem_ds,100000,10,0,measured,129,2026-09-09T14:33:51.626392Z,157625288576378,157625288069180,157625288576378,1788964431625957461,1788964431626136158,ok,
std_copy_fastcdr__py_to_py__100000B__10Hz__shmem_ds__best_effort,receive,sub,py_to_py,copy,std,fastcdr,shmem_ds,100000,10,0,measured,130,2026-09-09T14:33:51.726995Z,157625389178812,157625388706099,157625389178812,1788964431726565706,1788964431726704648,ok,
std_copy_fastcdr__py_to_py__100000B__10Hz__shmem_ds__best_effort,receive,sub,py_to_py,copy,std,fastcdr,shmem_ds,100000,10,0,measured,131,2026-09-09T14:33:51.826539Z,157625488725312,157625488298076,157625488725312,1788964431826159776,1788964431826294571,ok,
std_copy_fastcdr__py_to_py__100000B__10Hz__shmem_ds__best_effort,receive,sub,py_to_py,copy,std,fastcdr,shmem_ds,100000,10,0,measured,132,2026-09-09T14:33:51.925780Z,157625587964773,157625587424533,157625587964773,1788964431925306391,1788964431925484157,ok,
std_copy_fastcdr__py_to_py__100000B__10Hz__shmem_ds__best_effort,receive,sub,py_to_py,copy,std,fastcdr,shmem_ds,100000,10,0,measured,133,2026-09-09T14:33:52.026581Z,157625688765071,157625688235060,157625688765071,1788964432026100818,1788964432026257985,ok,
std_copy_fastcdr__py_to_py__100000B__10Hz__shmem_ds__best_effort,receive,sub,py_to_py,copy,std,fastcdr,shmem_ds,100000,10,0,measured,134,2026-09-09T14:33:52.127339Z,157625789523151,157625789070867,157625789523151,1788964432126932437,1788964432127073854,ok,
std_copy_fastcdr__py_to_py__100000B__10Hz__shmem_ds__best_effort,receive,sub,py_to_py,copy,std,fastcdr,shmem_ds,100000,10,0,measured,135,2026-09-09T14:33:52.226482Z,157625888666983,157625888252450,157625888666983,1788964432226111555,1788964432226244717,ok,
std_copy_fastcdr__py_to_py__100000B__10Hz__shmem_ds__best_effort,receive,sub,py_to_py,copy,std,fastcdr,shmem_ds,100000,10,0,measured,136,2026-09-09T14:33:52.326494Z,157625988675908,157625988209116,157625988675908,1788964432326065206,1788964432326211973,ok,
std_copy_fastcdr__py_to_py__100000B__10Hz__shmem_ds__best_effort,receive,sub,py_to_py,copy,std,fastcdr,shmem_ds,100000,10,0,measured,137,2026-09-09T14:33:52.425592Z,157626087776518,157626087348149,157626087776518,1788964432425209920,1788964432425351467,ok,
std_copy_fastcdr__py_to_py__100000B__10Hz__shmem_ds__best_effort,receive,sub,py_to_py,copy,std,fastcdr,shmem_ds,100000,10,0,measured,138,2026-09-09T14:33:52.526247Z,157626188431663,157626187921620,157626188431663,1788964432525830359,1788964432525988218,ok,
std_copy_fastcdr__py_to_py__100000B__10Hz__shmem_ds__best_effort,receive,sub,py_to_py,copy,std,fastcdr,shmem_ds,100000,10,0,measured,139,2026-09-09T14:33:52.626699Z,157626288883034,157626288418426,157626288883034,1788964432626277041,1788964432626413539,ok,
std_copy_fastcdr__py_to_py__100000B__10Hz__shmem_ds__best_effort,receive,sub,py_to_py,copy,std,fastcdr,shmem_ds,100000,10,0,measured,140,2026-09-09T14:33:52.726024Z,157626388208719,157626387677355,157626388208719,1788964432725540408,1788964432725684521,ok,
std_copy_fastcdr__py_to_py__100000B__10Hz__shmem_ds__best_effort,receive,sub,py_to_py,copy,std,fastcdr,shmem_ds,100000,10,0,measured,141,2026-09-09T14:33:52.825915Z,157626488100222,157626487627189,157626488100222,1788964432825489551,1788964432825639193,ok,
std_copy_fastcdr__py_to_py__100000B__10Hz__shmem_ds__best_effort,receive,sub,py_to_py,copy,std,fastcdr,shmem_ds,100000,10,0,measured,142,2026-09-09T14:33:52.926037Z,157626588219135,157626587744719,157626588219135,1788964432925607051,1788964432925752125,ok,
std_copy_fastcdr__py_to_py__100000B__10Hz__shmem_ds__best_effort,receive,sub,py_to_py,copy,std,fastcdr,shmem_ds,100000,10,0,measured,143,2026-09-09T14:33:53.025537Z,157626687718529,157626687259011,157626687718529,1788964433025120772,1788964433025254354,ok,
std_copy_fastcdr__py_to_py__100000B__10Hz__shmem_ds__best_effort,receive,sub,py_to_py,copy,std,fastcdr,shmem_ds,100000,10,0,measured,144,2026-09-09T14:33:53.126277Z,157626788461141,157626787997876,157626788461141,1788964433125884564,1788964433126030880,ok,
std_copy_fastcdr__py_to_py__100000B__10Hz__shmem_ds__best_effort,receive,sub,py_to_py,copy,std,fastcdr,shmem_ds,100000,10,0,measured,145,2026-09-09T14:33:53.226132Z,157626888315946,157626887847983,157626888315946,1788964433225708291,1788964433225870677,ok,
std_copy_fastcdr__py_to_py__100000B__10Hz__shmem_ds__best_effort,receive,sub,py_to_py,copy,std,fastcdr,shmem_ds,100000,10,0,measured,146,2026-09-09T14:33:53.325530Z,157626987714030,157626987278818,157626987714030,1788964433325138094,1788964433325276535,ok,
std_copy_fastcdr__py_to_py__100000B__10Hz__shmem_ds__best_effort,receive,sub,py_to_py,copy,std,fastcdr,shmem_ds,100000,10,0,measured,147,2026-09-09T14:33:53.425606Z,157627087790594,157627087349191,157627087790594,1788964433425209529,1788964433425354903,ok,
std_copy_fastcdr__py_to_py__100000B__10Hz__shmem_ds__best_effort,receive,sub,py_to_py,copy,std,fastcdr,shmem_ds,100000,10,0,measured,148,2026-09-09T14:33:53.526091Z,157627188275490,157627187807366,157627188275490,1788964433525667193,1788964433525826474,ok,
std_copy_fastcdr__py_to_py__100000B__10Hz__shmem_ds__best_effort,receive,sub,py_to_py,copy,std,fastcdr,shmem_ds,100000,10,0,measured,149,2026-09-09T14:33:53.625398Z,157627287584425,157627287191813,157627287584425,1788964433625049917,1788964433625184401,ok,
std_copy_fastcdr__py_to_py__100000B__10Hz__shmem_ds__best_effort,receive,sub,py_to_py,copy,std,fastcdr,shmem_ds,100000,10,0,measured,150,2026-09-09T14:33:53.725017Z,157627387202233,157627386787740,157627387202233,1788964433724641406,1788964433724779717,ok,
std_copy_fastcdr__py_to_py__100000B__10Hz__shmem_ds__best_effort,receive,sub,py_to_py,copy,std,fastcdr,shmem_ds,100000,10,0,measured,151,2026-09-09T14:33:53.826175Z,157627488359588,157627487836400,157627488359588,1788964433825695376,1788964433825869214,ok,
std_copy_fastcdr__py_to_py__100000B__10Hz__shmem_ds__best_effort,receive,sub,py_to_py,copy,std,fastcdr,shmem_ds,100000,10,0,measured,152,2026-09-09T14:33:53.926355Z,157627588540029,157627588130345,157627588540029,1788964433925990102,1788964433926134555,ok,
std_copy_fastcdr__py_to_py__100000B__10Hz__shmem_ds__best_effort,receive,sub,py_to_py,copy,std,fastcdr,shmem_ds,100000,10,0,measured,153,2026-09-09T14:33:54.026201Z,157627688385858,157627687973369,157627688385858,1788964434025838346,1788964434025973651,ok,
std_copy_fastcdr__py_to_py__100000B__10Hz__shmem_ds__best_effort,receive,sub,py_to_py,copy,std,fastcdr,shmem_ds,100000,10,0,measured,154,2026-09-09T14:33:54.126270Z,157627788453888,157627788017704,157627788453888,1788964434125874456,1788964434126018007,ok,
std_copy_fastcdr__py_to_py__100000B__10Hz__shmem_ds__best_effort,receive,sub,py_to_py,copy,std,fastcdr,shmem_ds,100000,10,0,measured,155,2026-09-09T14:33:54.225604Z,157627887788213,157627887295372,157627887788213,1788964434225162403,1788964434225316614,ok,
std_copy_fastcdr__py_to_py__100000B__10Hz__shmem_ds__best_effort,receive,sub,py_to_py,copy,std,fastcdr,shmem_ds,100000,10,0,measured,156,2026-09-09T14:33:54.325168Z,157627987339246,157627986758099,157627987339246,1788964434324628055,1788964434324790582,ok,
std_copy_fastcdr__py_to_py__100000B__10Hz__shmem_ds__best_effort,receive,sub,py_to_py,copy,std,fastcdr,shmem_ds,100000,10,0,measured,157,2026-09-09T14:33:54.424652Z,157628086836228,157628086394314,157628086836228,1788964434424251586,1788964434424397712,ok,
std_copy_fastcdr__py_to_py__100000B__10Hz__shmem_ds__best_effort,receive,sub,py_to_py,copy,std,fastcdr,shmem_ds,100000,10,0,measured,158,2026-09-09T14:33:54.524892Z,157628187076854,157628186581088,157628187076854,1788964434524446285,1788964434524616817,ok,
std_copy_fastcdr__py_to_py__100000B__10Hz__shmem_ds__best_effort,receive,sub,py_to_py,copy,std,fastcdr,shmem_ds,100000,10,0,measured,159,2026-09-09T14:33:54.624274Z,157628286458478,157628286016814,157628286458478,1788964434623882762,1788964434624037915,ok,
std_copy_fastcdr__py_to_py__100000B__10Hz__shmem_ds__best_effort,receive,sub,py_to_py,copy,std,fastcdr,shmem_ds,100000,10,0,measured,160,2026-09-09T14:33:54.723806Z,157628385983993,157628385488588,157628385983993,1788964434723353294,1788964434723506213,ok,
std_copy_fastcdr__py_to_py__100000B__10Hz__shmem_ds__best_effort,receive,sub,py_to_py,copy,std,fastcdr,shmem_ds,100000,10,0,measured,161,2026-09-09T14:33:54.822934Z,157628485117799,157628484623426,157628485117799,1788964434822485928,1788964434822637524,ok,
std_copy_fastcdr__py_to_py__100000B__10Hz__shmem_ds__best_effort,receive,sub,py_to_py,copy,std,fastcdr,shmem_ds,100000,10,0,measured,162,2026-09-09T14:33:54.923246Z,157628585427846,157628584900601,157628585427846,1788964434922763223,1788964434922922844,ok,
std_copy_fastcdr__py_to_py__100000B__10Hz__shmem_ds__best_effort,receive,sub,py_to_py,copy,std,fastcdr,shmem_ds,100000,10,0,measured,163,2026-09-09T14:33:55.022622Z,157628684807587,157628684351145,157628684807587,1788964435022210491,1788964435022347279,ok,
std_copy_fastcdr__py_to_py__100000B__10Hz__shmem_ds__best_effort,receive,sub,py_to_py,copy,std,fastcdr,shmem_ds,100000,10,0,measured,164,2026-09-09T14:33:55.123511Z,157628785696849,157628785198398,157628785696849,1788964435123065579,1788964435123223116,ok,
std_copy_fastcdr__py_to_py__100000B__10Hz__shmem_ds__best_effort,receive,sub,py_to_py,copy,std,fastcdr,shmem_ds,100000,10,0,measured,165,2026-09-09T14:33:55.224250Z,157628886433423,157628885921596,157628886433423,1788964435223792615,1788964435223962335,ok,
std_copy_fastcdr__py_to_py__100000B__10Hz__shmem_ds__best_effort,receive,sub,py_to_py,copy,std,fastcdr,shmem_ds,100000,10,0,measured,166,2026-09-09T14:33:55.323342Z,157628985523287,157628985042900,157628985523287,1788964435322902517,1788964435323043273,ok,
std_copy_fastcdr__py_to_py__100000B__10Hz__shmem_ds__best_effort,receive,sub,py_to_py,copy,std,fastcdr,shmem_ds,100000,10,0,measured,167,2026-09-09T14:33:55.422737Z,157629084919921,157629084483106,157629084919921,1788964435422344566,1788964435422483629,ok,
std_copy_fastcdr__py_to_py__100000B__10Hz__shmem_ds__best_effort,receive,sub,py_to_py,copy,std,fastcdr,shmem_ds,100000,10,0,measured,168,2026-09-09T14:33:55.523121Z,157629185302717,157629184824444,157629185302717,1788964435522685613,1788964435522847639,ok,
std_copy_fastcdr__py_to_py__100000B__10Hz__shmem_ds__best_effort,receive,sub,py_to_py,copy,std,fastcdr,shmem_ds,100000,10,0,measured,169,2026-09-09T14:33:55.622692Z,157629284876505,157629284296490,157629284876505,1788964435622161457,1788964435622320718,ok,
std_copy_fastcdr__py_to_py__100000B__10Hz__shmem_ds__best_effort,receive,sub,py_to_py,copy,std,fastcdr,shmem_ds,100000,10,0,measured,170,2026-09-09T14:33:55.721787Z,157629383971189,157629383518735,157629383971189,1788964435721380155,1788964435721520379,ok,
std_copy_fastcdr__py_to_py__100000B__10Hz__shmem_ds__best_effort,receive,sub,py_to_py,copy,std,fastcdr,shmem_ds,100000,10,0,measured,171,2026-09-09T14:33:55.822655Z,157629484838159,157629484391085,157629484838159,1788964435822252034,1788964435822393952,ok,
std_copy_fastcdr__py_to_py__100000B__10Hz__shmem_ds__best_effort,receive,sub,py_to_py,copy,std,fastcdr,shmem_ds,100000,10,0,measured,172,2026-09-09T14:33:55.922762Z,157629584947469,157629584532746,157629584947469,1788964435922389948,1788964435922523390,ok,
std_copy_fastcdr__py_to_py__100000B__10Hz__shmem_ds__best_effort,receive,sub,py_to_py,copy,std,fastcdr,shmem_ds,100000,10,0,measured,173,2026-09-09T14:33:56.022720Z,157629684904851,157629684480671,157629684904851,1788964436022339836,1788964436022479460,ok,
std_copy_fastcdr__py_to_py__100000B__10Hz__shmem_ds__best_effort,receive,sub,py_to_py,copy,std,fastcdr,shmem_ds,100000,10,0,measured,174,2026-09-09T14:33:56.123314Z,157629785498948,157629785060270,157629785498948,1788964436122916530,1788964436123055582,ok,
std_copy_fastcdr__py_to_py__100000B__10Hz__shmem_ds__best_effort,receive,sub,py_to_py,copy,std,fastcdr,shmem_ds,100000,10,0,measured,175,2026-09-09T14:33:56.223938Z,157629886122029,157629885691506,157629886122029,1788964436223550642,1788964436223687560,ok,
std_copy_fastcdr__py_to_py__100000B__10Hz__shmem_ds__best_effort,receive,sub,py_to_py,copy,std,fastcdr,shmem_ds,100000,10,0,measured,176,2026-09-09T14:33:56.323305Z,157629985488608,157629985064267,157629985488608,1788964436322924144,1788964436323061844,ok,
std_copy_fastcdr__py_to_py__100000B__10Hz__shmem_ds__best_effort,receive,sub,py_to_py,copy,std,fastcdr,shmem_ds,100000,10,0,measured,177,2026-09-09T14:33:56.422510Z,157630084695355,157630084248992,157630084695355,1788964436422109300,1788964436422254704,ok,
std_copy_fastcdr__py_to_py__100000B__10Hz__shmem_ds__best_effort,receive,sub,py_to_py,copy,std,fastcdr,shmem_ds,100000,10,0,measured,178,2026-09-09T14:33:56.522311Z,157630184495522,157630184066221,157630184495522,1788964436521926118,1788964436522067846,ok,
std_copy_fastcdr__py_to_py__100000B__10Hz__shmem_ds__best_effort,receive,sub,py_to_py,copy,std,fastcdr,shmem_ds,100000,10,0,measured,179,2026-09-09T14:33:56.622604Z,157630284787688,157630284174621,157630284787688,1788964436622091034,1788964436622306201,ok,
std_copy_fastcdr__py_to_py__100000B__10Hz__shmem_ds__best_effort,receive,sub,py_to_py,copy,std,fastcdr,shmem_ds,100000,10,0,measured,180,2026-09-09T14:33:56.722152Z,157630384335719,157630383881442,157630384335719,1788964436721740768,1788964436721897303,ok,
std_copy_fastcdr__py_to_py__100000B__10Hz__shmem_ds__best_effort,receive,sub,py_to_py,copy,std,fastcdr,shmem_ds,100000,10,0,measured,181,2026-09-09T14:33:56.822664Z,157630484848723,157630484370520,157630484848723,1788964436822230327,1788964436822376793,ok,
std_copy_fastcdr__py_to_py__100000B__10Hz__shmem_ds__best_effort,receive,sub,py_to_py,copy,std,fastcdr,shmem_ds,100000,10,0,measured,182,2026-09-09T14:33:56.922941Z,157630585128706,157630584680680,157630585128706,1788964436922539596,1788964436922678568,ok,
std_copy_fastcdr__py_to_py__100000B__10Hz__shmem_ds__best_effort,receive,sub,py_to_py,copy,std,fastcdr,shmem_ds,100000,10,0,measured,183,2026-09-09T14:33:57.023947Z,157630686132547,157630685654885,157630686132547,1788964437023514041,1788964437023657833,ok,
std_copy_fastcdr__py_to_py__100000B__10Hz__shmem_ds__best_effort,receive,sub,py_to_py,copy,std,fastcdr,shmem_ds,100000,10,0,measured,184,2026-09-09T14:33:57.123144Z,157630785328756,157630784861313,157630785328756,1788964437122721050,1788964437122868608,ok,
std_copy_fastcdr__py_to_py__100000B__10Hz__shmem_ds__best_effort,receive,sub,py_to_py,copy,std,fastcdr,shmem_ds,100000,10,0,measured,185,2026-09-09T14:33:57.222927Z,157630885112133,157630884659368,157630885112133,1788964437222519185,1788964437222661424,ok,
std_copy_fastcdr__py_to_py__100000B__10Hz__shmem_ds__best_effort,receive,sub,py_to_py,copy,std,fastcdr,shmem_ds,100000,10,0,measured,186,2026-09-09T14:33:57.322548Z,157630984731380,157630984327437,157630984731380,1788964437322185732,1788964437322320306,ok,
std_copy_fastcdr__py_to_py__100000B__10Hz__shmem_ds__best_effort,receive,sub,py_to_py,copy,std,fastcdr,shmem_ds,100000,10,0,measured,187,2026-09-09T14:33:57.423275Z,157631085459531,157631085060999,157631085459531,1788964437422919163,1788964437423054759,ok,
std_copy_fastcdr__py_to_py__100000B__10Hz__shmem_ds__best_effort,receive,sub,py_to_py,copy,std,fastcdr,shmem_ds,100000,10,0,measured,188,2026-09-09T14:33:57.522713Z,157631184898087,157631184516968,157631184898087,1788964437522369561,1788964437522488145,ok,
std_copy_fastcdr__py_to_py__100000B__10Hz__shmem_ds__best_effort,receive,sub,py_to_py,copy,std,fastcdr,shmem_ds,100000,10,0,measured,189,2026-09-09T14:33:57.622189Z,157631284373483,157631283934244,157631284373483,1788964437621794762,1788964437621947070,ok,
std_copy_fastcdr__py_to_py__100000B__10Hz__shmem_ds__best_effort,receive,sub,py_to_py,copy,std,fastcdr,shmem_ds,100000,10,0,measured,190,2026-09-09T14:33:57.722205Z,157631384392646,157631383887712,157631384392646,1788964437721748100,1788964437721904726,ok,
std_copy_fastcdr__py_to_py__100000B__10Hz__shmem_ds__best_effort,receive,sub,py_to_py,copy,std,fastcdr,shmem_ds,100000,10,0,measured,191,2026-09-09T14:33:57.822018Z,157631484201671,157631483694904,157631484201671,1788964437821569049,1788964437821732728,ok,
std_copy_fastcdr__py_to_py__100000B__10Hz__shmem_ds__best_effort,receive,sub,py_to_py,copy,std,fastcdr,shmem_ds,100000,10,0,measured,192,2026-09-09T14:33:57.921446Z,157631583632392,157631583231355,157631583632392,1788964437921088437,1788964437921221649,ok,
std_copy_fastcdr__py_to_py__100000B__10Hz__shmem_ds__best_effort,receive,sub,py_to_py,copy,std,fastcdr,shmem_ds,100000,10,0,measured,193,2026-09-09T14:33:58.020891Z,157631683076660,157631682698636,157631683076660,1788964438020551680,1788964438020664102,ok,
std_copy_fastcdr__py_to_py__100000B__10Hz__shmem_ds__best_effort,receive,sub,py_to_py,copy,std,fastcdr,shmem_ds,100000,10,0,measured,194,2026-09-09T14:33:58.121653Z,157631783839838,157631783519804,157631783839838,1788964438121364973,1788964438121462007,ok,
std_copy_fastcdr__py_to_py__100000B__10Hz__shmem_ds__best_effort,receive,sub,py_to_py,copy,std,fastcdr,shmem_ds,100000,10,0,measured,195,2026-09-09T14:33:58.221654Z,157631883838594,157631883433449,157631883838594,1788964438221290952,1788964438221409816,ok,
std_copy_fastcdr__py_to_py__100000B__10Hz__shmem_ds__best_effort,receive,sub,py_to_py,copy,std,fastcdr,shmem_ds,100000,10,0,measured,196,2026-09-09T14:33:58.322421Z,157631984606562,157631984209272,157631984606562,1788964438322068047,1788964438322199996,ok,
std_copy_fastcdr__py_to_py__100000B__10Hz__shmem_ds__best_effort,receive,sub,py_to_py,copy,std,fastcdr,shmem_ds,100000,10,0,measured,197,2026-09-09T14:33:58.422474Z,157632084659210,157632084267590,157632084659210,1788964438422123259,1788964438422249698,ok,
std_copy_fastcdr__py_to_py__100000B__10Hz__shmem_ds__best_effort,receive,sub,py_to_py,copy,std,fastcdr,shmem_ds,100000,10,0,measured,198,2026-09-09T14:33:58.521576Z,157632183761422,157632183370564,157632183761422,1788964438521227175,1788964438521346901,ok,
std_copy_fastcdr__py_to_py__100000B__10Hz__shmem_ds__best_effort,receive,sub,py_to_py,copy,std,fastcdr,shmem_ds,100000,10,0,measured,199,2026-09-09T14:33:58.622664Z,157632284846739,157632284377443,157632284846739,1788964438622236960,1788964438622374369,ok,
std_copy_fastcdr__py_to_py__100000B__10Hz__shmem_ds__best_effort,receive,sub,py_to_py,copy,std,fastcdr,shmem_ds,100000,10,0,measured,200,2026-09-09T14:33:58.723376Z,157632385556858,157632385102079,157632385556858,1788964438722964672,1788964438723107391,ok,
std_copy_fastcdr__py_to_py__100000B__10Hz__shmem_ds__best_effort,receive,sub,py_to_py,copy,std,fastcdr,shmem_ds,100000,10,0,measured,201,2026-09-09T14:33:58.824224Z,157632486408243,157632485985936,157632486408243,1788964438823854009,1788964438823990907,ok,
std_copy_fastcdr__py_to_py__100000B__10Hz__shmem_ds__best_effort,receive,sub,py_to_py,copy,std,fastcdr,shmem_ds,100000,10,0,measured,202,2026-09-09T14:33:58.925342Z,157632587519729,157632586873770,157632587519729,1788964438924767420,1788964438924987286,ok,
std_copy_fastcdr__py_to_py__100000B__10Hz__shmem_ds__best_effort,receive,sub,py_to_py,copy,std,fastcdr,shmem_ds,100000,10,0,measured,203,2026-09-09T14:33:59.025706Z,157632687891780,157632687519678,157632687891780,1788964439025372672,1788964439025492468,ok,
std_copy_fastcdr__py_to_py__100000B__10Hz__shmem_ds__best_effort,receive,sub,py_to_py,copy,std,fastcdr,shmem_ds,100000,10,0,measured,204,2026-09-09T14:33:59.125010Z,157632787195856,157632786838181,157632787195856,1788964439124689031,1788964439124798457,ok,
std_copy_fastcdr__py_to_py__100000B__10Hz__shmem_ds__best_effort,receive,sub,py_to_py,copy,std,fastcdr,shmem_ds,100000,10,0,measured,205,2026-09-09T14:33:59.225110Z,157632887295654,157632886843841,157632887295654,1788964439224703658,1788964439224861336,ok,
std_copy_fastcdr__py_to_py__100000B__10Hz__shmem_ds__best_effort,receive,sub,py_to_py,copy,std,fastcdr,shmem_ds,100000,10,0,measured,206,2026-09-09T14:33:59.324621Z,157632986805518,157632986333857,157632986805518,1788964439324221878,1788964439324413008,ok,
std_copy_fastcdr__py_to_py__100000B__10Hz__shmem_ds__best_effort,receive,sub,py_to_py,copy,std,fastcdr,shmem_ds,100000,10,0,measured,207,2026-09-09T14:33:59.424160Z,157633086346370,157633086033329,157633086346370,1788964439423879631,1788964439423980922,ok,
std_copy_fastcdr__py_to_py__100000B__10Hz__shmem_ds__best_effort,receive,sub,py_to_py,copy,std,fastcdr,shmem_ds,100000,10,0,measured,208,2026-09-09T14:33:59.523376Z,157633185560074,157633185174286,157633185560074,1788964439523024374,1788964439523144631,ok,
std_copy_fastcdr__py_to_py__100000B__10Hz__shmem_ds__best_effort,receive,sub,py_to_py,copy,std,fastcdr,shmem_ds,100000,10,0,measured,209,2026-09-09T14:33:59.623113Z,157633285299352,157633284921398,157633285299352,1788964439622773981,1788964439622903877,ok,
std_copy_fastcdr__py_to_py__100000B__10Hz__shmem_ds__best_effort,receive,sub,py_to_py,copy,std,fastcdr,shmem_ds,100000,10,0,measured,210,2026-09-09T14:33:59.724020Z,157633386208527,157633385866982,157633386208527,1788964439723711170,1788964439723818683,ok,
std_copy_fastcdr__py_to_py__100000B__10Hz__shmem_ds__best_effort,receive,sub,py_to_py,copy,std,fastcdr,shmem_ds,100000,10,0,measured,211,2026-09-09T14:33:59.823706Z,157633485891258,157633485445436,157633485891258,1788964439823306055,1788964439823449496,ok,
std_copy_fastcdr__py_to_py__100000B__10Hz__shmem_ds__best_effort,receive,sub,py_to_py,copy,std,fastcdr,shmem_ds,100000,10,0,measured,212,2026-09-09T14:33:59.924195Z,157633586381083,157633586014331,157633586381083,1788964439923867044,1788964439923990988,ok,
std_copy_fastcdr__py_to_py__100000B__10Hz__shmem_ds__best_effort,receive,sub,py_to_py,copy,std,fastcdr,shmem_ds,100000,10,0,measured,213,2026-09-09T14:34:00.024179Z,157633686364591,157633685927396,157633686364591,1788964440023786852,1788964440023938198,ok,
std_copy_fastcdr__py_to_py__100000B__10Hz__shmem_ds__best_effort,receive,sub,py_to_py,copy,std,fastcdr,shmem_ds,100000,10,0,measured,214,2026-09-09T14:34:00.124113Z,157633786297146,157633785797472,157633786297146,1788964440123657660,1788964440123822972,ok,
std_copy_fastcdr__py_to_py__100000B__10Hz__shmem_ds__best_effort,receive,sub,py_to_py,copy,std,fastcdr,shmem_ds,100000,10,0,measured,215,2026-09-09T14:34:00.225247Z,157633887428924,157633886774257,157633887428924,1788964440224646558,1788964440224835695,ok,
std_copy_fastcdr__py_to_py__100000B__10Hz__shmem_ds__best_effort,receive,sub,py_to_py,copy,std,fastcdr,shmem_ds,100000,10,0,measured,216,2026-09-09T14:34:00.326141Z,157633988323684,157633987742056,157633988323684,1788964440325608706,1788964440325777144,ok,
std_copy_fastcdr__py_to_py__100000B__10Hz__shmem_ds__best_effort,receive,sub,py_to_py,copy,std,fastcdr,shmem_ds,100000,10,0,measured,217,2026-09-09T14:34:00.426169Z,157634088352049,157634087827508,157634088352049,1788964440425696172,1788964440425868648,ok,
std_copy_fastcdr__py_to_py__100000B__10Hz__shmem_ds__best_effort,receive,sub,py_to_py,copy,std,fastcdr,shmem_ds,100000,10,0,measured,218,2026-09-09T14:34:00.526604Z,157634188786971,157634188256670,157634188786971,1788964440526129882,1788964440526304602,ok,
std_copy_fastcdr__py_to_py__100000B__10Hz__shmem_ds__best_effort,receive,sub,py_to_py,copy,std,fastcdr,shmem_ds,100000,10,0,measured,219,2026-09-09T14:34:00.626015Z,157634288197719,157634287651368,157634288197719,1788964440625530702,1788964440625719097,ok,
std_copy_fastcdr__py_to_py__100000B__10Hz__shmem_ds__best_effort,receive,sub,py_to_py,copy,std,fastcdr,shmem_ds,100000,10,0,measured,220,2026-09-09T14:34:00.725562Z,157634387747220,157634387244841,157634387747220,1788964440725123664,1788964440725311669,ok,
std_copy_fastcdr__py_to_py__100000B__10Hz__shmem_ds__best_effort,receive,sub,py_to_py,copy,std,fastcdr,shmem_ds,100000,10,0,measured,221,2026-09-09T14:34:00.826390Z,157634488571998,157634488075962,157634488571998,1788964440825940027,1788964440826090831,ok,
std_copy_fastcdr__py_to_py__100000B__10Hz__shmem_ds__best_effort,receive,sub,py_to_py,copy,std,fastcdr,shmem_ds,100000,10,0,measured,222,2026-09-09T14:34:00.926902Z,157634589082503,157634588443446,157634589082503,1788964440926323462,1788964440926493603,ok,
std_copy_fastcdr__py_to_py__100000B__10Hz__shmem_ds__best_effort,receive,sub,py_to_py,copy,std,fastcdr,shmem_ds,100000,10,0,measured,223,2026-09-09T14:34:01.026710Z,157634688891374,157634688334643,157634688891374,1788964441026206953,1788964441026381393,ok,
std_copy_fastcdr__py_to_py__100000B__10Hz__shmem_ds__best_effort,receive,sub,py_to_py,copy,std,fastcdr,shmem_ds,100000,10,0,measured,224,2026-09-09T14:34:01.127130Z,157634789312602,157634788804332,157634789312602,1788964441126671803,1788964441126832747,ok,
std_copy_fastcdr__py_to_py__100000B__10Hz__shmem_ds__best_effort,receive,sub,py_to_py,copy,std,fastcdr,shmem_ds,100000,10,0,measured,225,2026-09-09T14:34:01.226280Z,157634888465034,157634887955371,157634888465034,1788964441225833593,1788964441225988947,ok,
std_copy_fastcdr__py_to_py__100000B__10Hz__shmem_ds__best_effort,receive,sub,py_to_py,copy,std,fastcdr,shmem_ds,100000,10,0,measured,226,2026-09-09T14:34:01.326354Z,157634988536922,157634988080581,157634988536922,1788964441325943323,1788964441326086994,ok,
std_copy_fastcdr__py_to_py__100000B__10Hz__shmem_ds__best_effort,receive,sub,py_to_py,copy,std,fastcdr,shmem_ds,100000,10,0,measured,227,2026-09-09T14:34:01.426299Z,157635088484105,157635088069392,157635088484105,1788964441425931543,1788964441426067670,ok,
std_copy_fastcdr__py_to_py__100000B__10Hz__shmem_ds__best_effort,receive,sub,py_to_py,copy,std,fastcdr,shmem_ds,100000,10,0,measured,228,2026-09-09T14:34:01.527045Z,157635189230617,157635188813800,157635189230617,1788964441526675401,1788964441526813121,ok,
std_copy_fastcdr__py_to_py__100000B__10Hz__shmem_ds__best_effort,receive,sub,py_to_py,copy,std,fastcdr,shmem_ds,100000,10,0,measured,229,2026-09-09T14:34:01.626337Z,157635288523615,157635288124671,157635288523615,1788964441625986322,1788964441626129362,ok,
std_copy_fastcdr__py_to_py__100000B__10Hz__shmem_ds__best_effort,receive,sub,py_to_py,copy,std,fastcdr,shmem_ds,100000,10,0,measured,230,2026-09-09T14:34:01.727258Z,157635389442703,157635389044040,157635389442703,1788964441726902695,1788964441727032340,ok,
std_copy_fastcdr__py_to_py__100000B__10Hz__shmem_ds__best_effort,receive,sub,py_to_py,copy,std,fastcdr,shmem_ds,100000,10,0,measured,231,2026-09-09T14:34:01.826549Z,157635488733707,157635488237850,157635488733707,1788964441826100022,1788964441826252680,ok,
std_copy_fastcdr__py_to_py__100000B__10Hz__shmem_ds__best_effort,receive,sub,py_to_py,copy,std,fastcdr,shmem_ds,100000,10,0,measured,232,2026-09-09T14:34:01.925856Z,157635588039999,157635587584379,157635588039999,1788964441925442934,1788964441925591885,ok,
std_copy_fastcdr__py_to_py__100000B__10Hz__shmem_ds__best_effort,receive,sub,py_to_py,copy,std,fastcdr,shmem_ds,100000,10,0,measured,233,2026-09-09T14:34:02.026068Z,157635688251472,157635687769532,157635688251472,1788964442025636552,1788964442025786636,ok,
std_copy_fastcdr__py_to_py__100000B__10Hz__shmem_ds__best_effort,receive,sub,py_to_py,copy,std,fastcdr,shmem_ds,100000,10,0,measured,234,2026-09-09T14:34:02.126360Z,157635788544079,157635788123054,157635788544079,1788964442125984083,1788964442126131241,ok,
std_copy_fastcdr__py_to_py__100000B__10Hz__shmem_ds__best_effort,receive,sub,py_to_py,copy,std,fastcdr,shmem_ds,100000,10,0,measured,235,2026-09-09T14:34:02.225827Z,157635887994635,157635887573049,157635887994635,1788964442225429881,1788964442225571107,ok,
std_copy_fastcdr__py_to_py__100000B__10Hz__shmem_ds__best_effort,receive,sub,py_to_py,copy,std,fastcdr,shmem_ds,100000,10,0,measured,236,2026-09-09T14:34:02.324990Z,157635987175753,157635986793672,157635987175753,1788964442324645915,1788964442324770710,ok,
std_copy_fastcdr__py_to_py__100000B__10Hz__shmem_ds__best_effort,receive,sub,py_to_py,copy,std,fastcdr,shmem_ds,100000,10,0,measured,237,2026-09-09T14:34:02.425812Z,157636087992099,157636087615668,157636087992099,1788964442425471127,1788964442425607074,ok,
std_copy_fastcdr__py_to_py__100000B__10Hz__shmem_ds__best_effort,receive,sub,py_to_py,copy,std,fastcdr,shmem_ds,100000,10,0,measured,238,2026-09-09T14:34:02.525352Z,157636187536884,157636187125698,157636187536884,1788964442524981387,1788964442525120209,ok,
std_copy_fastcdr__py_to_py__100000B__10Hz__shmem_ds__best_effort,receive,sub,py_to_py,copy,std,fastcdr,shmem_ds,100000,10,0,measured,239,2026-09-09T14:34:02.625596Z,157636287777312,157636287290684,157636287777312,1788964442625165980,1788964442625324078,ok,
std_copy_fastcdr__py_to_py__100000B__10Hz__shmem_ds__best_effort,receive,sub,py_to_py,copy,std,fastcdr,shmem_ds,100000,10,0,measured,240,2026-09-09T14:34:02.725815Z,157636387990298,157636387527074,157636387990298,1788964442725386560,1788964442725531644,ok,
std_copy_fastcdr__py_to_py__100000B__10Hz__shmem_ds__best_effort,receive,sub,py_to_py,copy,std,fastcdr,shmem_ds,100000,10,0,measured,241,2026-09-09T14:34:02.825636Z,157636487821494,157636487385320,157636487821494,1788964442825245298,1788964442825387095,ok,
std_copy_fastcdr__py_to_py__100000B__10Hz__shmem_ds__best_effort,receive,sub,py_to_py,copy,std,fastcdr,shmem_ds,100000,10,0,measured,242,2026-09-09T14:34:02.925753Z,157636587937778,157636587534476,157636587937778,1788964442925394704,1788964442925539738,ok,
std_copy_fastcdr__py_to_py__100000B__10Hz__shmem_ds__best_effort,receive,sub,py_to_py,copy,std,fastcdr,shmem_ds,100000,10,0,measured,243,2026-09-09T14:34:03.025781Z,157636687968230,157636687582071,157636687968230,1788964443025443631,1788964443025577955,ok,
std_copy_fastcdr__py_to_py__100000B__10Hz__shmem_ds__best_effort,receive,sub,py_to_py,copy,std,fastcdr,shmem_ds,100000,10,0,measured,244,2026-09-09T14:34:03.126718Z,157636788899073,157636788454434,157636788899073,1788964443126316846,1788964443126461338,ok,
std_copy_fastcdr__py_to_py__100000B__10Hz__shmem_ds__best_effort,receive,sub,py_to_py,copy,std,fastcdr,shmem_ds,100000,10,0,measured,245,2026-09-09T14:34:03.226079Z,157636888263008,157636887847403,157636888263008,1788964443225707591,1788964443225846473,ok,
std_copy_fastcdr__py_to_py__100000B__10Hz__shmem_ds__best_effort,receive,sub,py_to_py,copy,std,fastcdr,shmem_ds,100000,10,0,measured,246,2026-09-09T14:34:03.326365Z,157636988553953,157636988240812,157636988553953,1788964443326084669,1788964443326191962,ok,
std_copy_fastcdr__py_to_py__100000B__10Hz__shmem_ds__best_effort,receive,sub,py_to_py,copy,std,fastcdr,shmem_ds,100000,10,0,measured,247,2026-09-09T14:34:03.425978Z,157637088163412,157637087747767,157637088163412,1788964443425602725,1788964443425728612,ok,
std_copy_fastcdr__py_to_py__100000B__10Hz__shmem_ds__best_effort,receive,sub,py_to_py,copy,std,fastcdr,shmem_ds,100000,10,0,measured,248,2026-09-09T14:34:03.525794Z,157637187978158,157637187549608,157637187978158,1788964443525407953,1788964443525548518,ok,
std_copy_fastcdr__py_to_py__100000B__10Hz__shmem_ds__best_effort,receive,sub,py_to_py,copy,std,fastcdr,shmem_ds,100000,10,0,measured,249,2026-09-09T14:34:03.626174Z,157637288359654,157637287954088,157637288359654,1788964443625819015,1788964443625944482,ok,
std_copy_fastcdr__py_to_py__100000B__10Hz__shmem_ds__best_effort,receive,sub,py_to_py,copy,std,fastcdr,shmem_ds,100000,10,0,measured,250,2026-09-09T14:34:03.725706Z,157637387891315,157637387497762,157637387891315,1788964443725356828,1788964443725493766,ok,
std_copy_fastcdr__py_to_py__100000B__10Hz__shmem_ds__best_effort,receive,sub,py_to_py,copy,std,fastcdr,shmem_ds,100000,10,0,measured,251,2026-09-09T14:34:03.825353Z,157637487539877,157637487133590,157637487539877,1788964443824991193,1788964443825120577,ok,
std_copy_fastcdr__py_to_py__100000B__10Hz__shmem_ds__best_effort,receive,sub,py_to_py,copy,std,fastcdr,shmem_ds,100000,10,0,measured,252,2026-09-09T14:34:03.925864Z,157637588048915,157637587635213,157637588048915,1788964443925493417,1788964443925627881,ok,
std_copy_fastcdr__py_to_py__100000B__10Hz__shmem_ds__best_effort,receive,sub,py_to_py,copy,std,fastcdr,shmem_ds,100000,10,0,measured,253,2026-09-09T14:34:04.025017Z,157637687199046,157637686762472,157637687199046,1788964444024627939,1788964444024749459,ok,
std_copy_fastcdr__py_to_py__100000B__10Hz__shmem_ds__best_effort,receive,sub,py_to_py,copy,std,fastcdr,shmem_ds,100000,10,0,measured,254,2026-09-09T14:34:04.124908Z,157637787092532,157637786663993,157637787092532,1788964444124517878,1788964444124639909,ok,
std_copy_fastcdr__py_to_py__100000B__10Hz__shmem_ds__best_effort,receive,sub,py_to_py,copy,std,fastcdr,shmem_ds,100000,10,0,measured,255,2026-09-09T14:34:04.225935Z,157637888121322,157637887699265,157637888121322,1788964444225558701,1788964444225695730,ok,
std_copy_fastcdr__py_to_py__100000B__10Hz__shmem_ds__best_effort,receive,sub,py_to_py,copy,std,fastcdr,shmem_ds,100000,10,0,measured,256,2026-09-09T14:34:04.326787Z,157637988974511,157637988629018,157637988974511,1788964444326480199,1788964444326580769,ok,
std_copy_fastcdr__py_to_py__100000B__10Hz__shmem_ds__best_effort,receive,sub,py_to_py,copy,std,fastcdr,shmem_ds,100000,10,0,measured,257,2026-09-09T14:34:04.425956Z,157638088142357,157638087790582,157638088142357,1788964444425633738,1788964444425737504,ok,
std_copy_fastcdr__py_to_py__100000B__10Hz__shmem_ds__best_effort,receive,sub,py_to_py,copy,std,fastcdr,shmem_ds,100000,10,0,measured,258,2026-09-09T14:34:04.525416Z,157638187602215,157638187235883,157638187602215,1788964444525084308,1788964444525194025,ok,
std_copy_fastcdr__py_to_py__100000B__10Hz__shmem_ds__best_effort,receive,sub,py_to_py,copy,std,fastcdr,shmem_ds,100000,10,0,measured,259,2026-09-09T14:34:04.624880Z,157638287066831,157638286741246,157638287066831,1788964444624582107,1788964444624676906,ok,
std_copy_fastcdr__py_to_py__100000B__10Hz__shmem_ds__best_effort,receive,sub,py_to_py,copy,std,fastcdr,shmem_ds,100000,10,0,measured,260,2026-09-09T14:34:04.725905Z,157638388088597,157638387652133,157638388088597,1788964444725512381,1788964444725640743,ok,
std_copy_fastcdr__py_to_py__100000B__10Hz__shmem_ds__best_effort,receive,sub,py_to_py,copy,std,fastcdr,shmem_ds,100000,10,0,measured,261,2026-09-09T14:34:04.826544Z,157638488730417,157638488379243,157638488730417,1788964444826228551,1788964444826329832,ok,
std_copy_fastcdr__py_to_py__100000B__10Hz__shmem_ds__best_effort,receive,sub,py_to_py,copy,std,fastcdr,shmem_ds,100000,10,0,measured,262,2026-09-09T14:34:04.927409Z,157638589594977,157638589198799,157638589594977,1788964444927058014,1788964444927189723,ok,
std_copy_fastcdr__py_to_py__100000B__10Hz__shmem_ds__best_effort,receive,sub,py_to_py,copy,std,fastcdr,shmem_ds,100000,10,0,measured,263,2026-09-09T14:34:05.027186Z,157638689370040,157638688917044,157638689370040,1788964445026778755,1788964445026929540,ok,
std_copy_fastcdr__py_to_py__100000B__10Hz__shmem_ds__best_effort,receive,sub,py_to_py,copy,std,fastcdr,shmem_ds,100000,10,0,measured,264,2026-09-09T14:34:05.126428Z,157638788613690,157638788230647,157638788613690,1788964445126088530,1788964445126219257,ok,
std_copy_fastcdr__py_to_py__100000B__10Hz__shmem_ds__best_effort,receive,sub,py_to_py,copy,std,fastcdr,shmem_ds,100000,10,0,measured,265,2026-09-09T14:34:05.227242Z,157638889427085,157638888938653,157638889427085,1788964445226812206,1788964445226957480,ok,
std_copy_fastcdr__py_to_py__100000B__10Hz__shmem_ds__best_effort,receive,sub,py_to_py,copy,std,fastcdr,shmem_ds,100000,10,0,measured,266,2026-09-09T14:34:05.327676Z,157638989857927,157638989316064,157638989857927,1788964445327176883,1788964445327343628,ok,
std_copy_fastcdr__py_to_py__100000B__10Hz__shmem_ds__best_effort,receive,sub,py_to_py,copy,std,fastcdr,shmem_ds,100000,10,0,measured,267,2026-09-09T14:34:05.427731Z,157639089918010,157639089522473,157639089918010,1788964445427380116,1788964445427516563,ok,
std_copy_fastcdr__py_to_py__100000B__10Hz__shmem_ds__best_effort,receive,sub,py_to_py,copy,std,fastcdr,shmem_ds,100000,10,0,measured,268,2026-09-09T14:34:05.528740Z,157639190925872,157639190500939,157639190925872,1788964445528358632,1788964445528489780,ok,
std_copy_fastcdr__py_to_py__100000B__10Hz__shmem_ds__best_effort,receive,sub,py_to_py,copy,std,fastcdr,shmem_ds,100000,10,0,measured,269,2026-09-09T14:34:05.629034Z,157639291219385,157639290810583,157639291219385,1788964445628669819,1788964445628814192,ok,
std_copy_fastcdr__py_to_py__100000B__10Hz__shmem_ds__best_effort,receive,sub,py_to_py,copy,std,fastcdr,shmem_ds,100000,10,0,measured,270,2026-09-09T14:34:05.728055Z,157639390240396,157639389824230,157639390240396,1788964445727685269,1788964445727832738,ok,
std_copy_fastcdr__py_to_py__100000B__10Hz__shmem_ds__best_effort,receive,sub,py_to_py,copy,std,fastcdr,shmem_ds,100000,10,0,measured,271,2026-09-09T14:34:05.828568Z,157639490756809,157639490422989,157639490756809,1788964445828273298,1788964445828384869,ok,
std_copy_fastcdr__py_to_py__100000B__10Hz__shmem_ds__best_effort,receive,sub,py_to_py,copy,std,fastcdr,shmem_ds,100000,10,0,measured,272,2026-09-09T14:34:05.928205Z,157639590394334,157639590049252,157639590394334,1788964445927901234,1788964445928016312,ok,
std_copy_fastcdr__py_to_py__100000B__10Hz__shmem_ds__best_effort,receive,sub,py_to_py,copy,std,fastcdr,shmem_ds,100000,10,0,measured,273,2026-09-09T14:34:06.028509Z,157639690700121,157639690367433,157639690700121,1788964446028234614,1788964446028363217,ok,
std_copy_fastcdr__py_to_py__100000B__10Hz__shmem_ds__best_effort,receive,sub,py_to_py,copy,std,fastcdr,shmem_ds,100000,10,0,measured,274,2026-09-09T14:34:06.129312Z,157639791502437,157639791221256,157639791502437,1788964446129066255,1788964446129163318,ok,
std_copy_fastcdr__py_to_py__100000B__10Hz__shmem_ds__best_effort,receive,sub,py_to_py,copy,std,fastcdr,shmem_ds,100000,10,0,measured,275,2026-09-09T14:34:06.228780Z,157639890964631,157639890536272,157639890964631,1788964446228397752,1788964446228544299,ok,
std_copy_fastcdr__py_to_py__100000B__10Hz__shmem_ds__best_effort,receive,sub,py_to_py,copy,std,fastcdr,shmem_ds,100000,10,0,measured,276,2026-09-09T14:34:06.327851Z,157639990040596,157639989720181,157639990040596,1788964446327568617,1788964446327672713,ok,
std_copy_fastcdr__py_to_py__100000B__10Hz__shmem_ds__best_effort,receive,sub,py_to_py,copy,std,fastcdr,shmem_ds,100000,10,0,measured,277,2026-09-09T14:34:06.427042Z,157640089232851,157640088926403,157640089232851,1788964446426771061,1788964446426887691,ok,
std_copy_fastcdr__py_to_py__100000B__10Hz__shmem_ds__best_effort,receive,sub,py_to_py,copy,std,fastcdr,shmem_ds,100000,10,0,measured,278,2026-09-09T14:34:06.527316Z,157640189499726,157640189069173,157640189499726,1788964446526928419,1788964446527076649,ok,
std_copy_fastcdr__py_to_py__100000B__10Hz__shmem_ds__best_effort,receive,sub,py_to_py,copy,std,fastcdr,shmem_ds,100000,10,0,measured,279,2026-09-09T14:34:06.626845Z,157640289031271,157640288603894,157640289031271,1788964446626461958,1788964446626600520,ok,
std_copy_fastcdr__py_to_py__100000B__10Hz__shmem_ds__best_effort,receive,sub,py_to_py,copy,std,fastcdr,shmem_ds,100000,10,0,measured,280,2026-09-09T14:34:06.727112Z,157640389296202,157640388841243,157640389296202,1788964446726700629,1788964446726864849,ok,
std_copy_fastcdr__py_to_py__100000B__10Hz__shmem_ds__best_effort,receive,sub,py_to_py,copy,std,fastcdr,shmem_ds,100000,10,0,measured,281,2026-09-09T14:34:06.827419Z,157640489605477,157640489238484,157640489605477,1788964446827089183,1788964446827203670,ok,
std_copy_fastcdr__py_to_py__100000B__10Hz__shmem_ds__best_effort,receive,sub,py_to_py,copy,std,fastcdr,shmem_ds,100000,10,0,measured,282,2026-09-09T14:34:06.926900Z,157640589084704,157640588673217,157640589084704,1788964446926532122,1788964446926670143,ok,
std_copy_fastcdr__py_to_py__100000B__10Hz__shmem_ds__best_effort,receive,sub,py_to_py,copy,std,fastcdr,shmem_ds,100000,10,0,measured,283,2026-09-09T14:34:07.027047Z,157640689236090,157640688900707,157640689236090,1788964447026749794,1788964447026864801,ok,
std_copy_fastcdr__py_to_py__100000B__10Hz__shmem_ds__best_effort,receive,sub,py_to_py,copy,std,fastcdr,shmem_ds,100000,10,0,measured,284,2026-09-09T14:34:07.126551Z,157640788741098,157640788417477,157640788741098,1788964447126263899,1788964447126362735,ok,
std_copy_fastcdr__py_to_py__100000B__10Hz__shmem_ds__best_effort,receive,sub,py_to_py,copy,std,fastcdr,shmem_ds,100000,10,0,measured,285,2026-09-09T14:34:07.226453Z,157640888646411,157640888384967,157640888646411,1788964447226222653,1788964447226314867,ok,
std_copy_fastcdr__py_to_py__100000B__10Hz__shmem_ds__best_effort,receive,sub,py_to_py,copy,std,fastcdr,shmem_ds,100000,10,0,measured,286,2026-09-09T14:34:07.327336Z,157640989528359,157640989223303,157640989528359,1788964447327078631,1788964447327182658,ok,
std_copy_fastcdr__py_to_py__100000B__10Hz__shmem_ds__best_effort,receive,sub,py_to_py,copy,std,fastcdr,shmem_ds,100000,10,0,measured,287,2026-09-09T14:34:07.428049Z,157641090238933,157641089901295,157641090238933,1788964447427747887,1788964447427869457,ok,
std_copy_fastcdr__py_to_py__100000B__10Hz__shmem_ds__best_effort,receive,sub,py_to_py,copy,std,fastcdr,shmem_ds,100000,10,0,measured,288,2026-09-09T14:34:07.527310Z,157641189496923,157641189126173,157641189496923,1788964447526977965,1788964447527102661,ok,
std_copy_fastcdr__py_to_py__100000B__10Hz__shmem_ds__best_effort,receive,sub,py_to_py,copy,std,fastcdr,shmem_ds,100000,10,0,measured,289,2026-09-09T14:34:07.627047Z,157641289237255,157641288929764,157641289237255,1788964447626773771,1788964447626884751,ok,
std_copy_fastcdr__py_to_py__100000B__10Hz__shmem_ds__best_effort,receive,sub,py_to_py,copy,std,fastcdr,shmem_ds,100000,10,0,measured,290,2026-09-09T14:34:07.726586Z,157641388775455,157641388469727,157641388775455,1788964447726316540,1788964447726417931,ok,
std_copy_fastcdr__py_to_py__100000B__10Hz__shmem_ds__best_effort,receive,sub,py_to_py,copy,std,fastcdr,shmem_ds,100000,10,0,measured,291,2026-09-09T14:34:07.825618Z,157641487808601,157641487493847,157641487808601,1788964447825340900,1788964447825443443,ok,
std_copy_fastcdr__py_to_py__100000B__10Hz__shmem_ds__best_effort,receive,sub,py_to_py,copy,std,fastcdr,shmem_ds,100000,10,0,measured,292,2026-09-09T14:34:07.926210Z,157641588399780,157641588062864,157641588399780,1788964447925910357,1788964447926026707,ok,
std_copy_fastcdr__py_to_py__100000B__10Hz__shmem_ds__best_effort,receive,sub,py_to_py,copy,std,fastcdr,shmem_ds,100000,10,0,measured,293,2026-09-09T14:34:08.026586Z,157641688770612,157641688346240,157641688770612,1788964448026202150,1788964448026347464,ok,
std_copy_fastcdr__py_to_py__100000B__10Hz__shmem_ds__best_effort,receive,sub,py_to_py,copy,std,fastcdr,shmem_ds,100000,10,0,measured,294,2026-09-09T14:34:08.125940Z,157641788130356,157641787836681,157641788130356,1788964448125682442,1788964448125779375,ok,
std_copy_fastcdr__py_to_py__100000B__10Hz__shmem_ds__best_effort,receive,sub,py_to_py,copy,std,fastcdr,shmem_ds,100000,10,0,measured,295,2026-09-09T14:34:08.226359Z,157641888551766,157641888302906,157641888551766,1788964448226142996,1788964448226232274,ok,
std_copy_fastcdr__py_to_py__100000B__10Hz__shmem_ds__best_effort,receive,sub,py_to_py,copy,std,fastcdr,shmem_ds,100000,10,0,measured,296,2026-09-09T14:34:08.326603Z,157641988790401,157641988435420,157641988790401,1788964448326289476,1788964448326401278,ok,
std_copy_fastcdr__py_to_py__100000B__10Hz__shmem_ds__best_effort,receive,sub,py_to_py,copy,std,fastcdr,shmem_ds,100000,10,0,measured,297,2026-09-09T14:34:08.426522Z,157642088708118,157642088317010,157642088708118,1788964448426172278,1788964448426301462,ok,
std_copy_fastcdr__py_to_py__100000B__10Hz__shmem_ds__best_effort,receive,sub,py_to_py,copy,std,fastcdr,shmem_ds,100000,10,0,measured,298,2026-09-09T14:34:08.525500Z,157642187686302,157642187321213,157642187686302,1788964448525173235,1788964448525288773,ok,
std_copy_fastcdr__py_to_py__100000B__10Hz__shmem_ds__best_effort,receive,sub,py_to_py,copy,std,fastcdr,shmem_ds,100000,10,0,measured,299,2026-09-09T14:34:08.624582Z,157642286770075,157642286452736,157642286770075,1788964448624301351,1788964448624412902,ok,
std_copy_fastcdr__py_to_py__100000B__10Hz__shmem_ds__best_effort,receive,sub,py_to_py,copy,std,fastcdr,shmem_ds,100000,10,0,measured,300,2026-09-09T14:34:08.725516Z,157642387700887,157642387269552,157642387700887,1788964448725128648,1788964448725265667,ok,
std_copy_fastcdr__py_to_py__1000000B__10Hz__shmem_ds__best_effort,publish,pub,py_to_py,copy,std,fastcdr,shmem_ds,1000000,10,1,measured,0,2026-09-09T14:34:13.839981Z,157647500193287,157647500193287,157647500193287,-1,-1,ok,
std_copy_fastcdr__py_to_py__1000000B__10Hz__shmem_ds__best_effort,publish,pub,py_to_py,copy,std,fastcdr,shmem_ds,1000000,10,1,measured,1,2026-09-09T14:34:13.939622Z,157647600772482,157647600772482,157647600772482,-1,-1,ok,
std_copy_fastcdr__py_to_py__1000000B__10Hz__shmem_ds__best_effort,publish,pub,py_to_py,copy,std,fastcdr,shmem_ds,1000000,10,1,measured,2,2026-09-09T14:34:14.038396Z,157647699823623,157647699823623,157647699823623,-1,-1,ok,
std_copy_fastcdr__py_to_py__1000000B__10Hz__shmem_ds__best_effort,publish,pub,py_to_py,copy,std,fastcdr,shmem_ds,1000000,10,1,measured,3,2026-09-09T14:34:14.137671Z,157647799384526,157647799384526,157647799384526,-1,-1,ok,
std_copy_fastcdr__py_to_py__1000000B__10Hz__shmem_ds__best_effort,publish,pub,py_to_py,copy,std,fastcdr,shmem_ds,1000000,10,1,measured,4,2026-09-09T14:34:14.237517Z,157647898912597,157647898912597,157647898912597,-1,-1,ok,
std_copy_fastcdr__py_to_py__1000000B__10Hz__shmem_ds__best_effort,publish,pub,py_to_py,copy,std,fastcdr,shmem_ds,1000000,10,1,measured,5,2026-09-09T14:34:14.337416Z,157647999239358,157647999239358,157647999239358,-1,-1,ok,
std_copy_fastcdr__py_to_py__1000000B__10Hz__shmem_ds__best_effort,publish,pub,py_to_py,copy,std,fastcdr,shmem_ds,1000000,10,1,measured,6,2026-09-09T14:34:14.437988Z,157648099632232,157648099632232,157648099632232,-1,-1,ok,
std_copy_fastcdr__py_to_py__1000000B__10Hz__shmem_ds__best_effort,publish,pub,py_to_py,copy,std,fastcdr,shmem_ds,1000000,10,1,measured,7,2026-09-09T14:34:14.539116Z,157648200531703,157648200531703,157648200531703,-1,-1,ok,
std_copy_fastcdr__py_to_py__1000000B__10Hz__shmem_ds__best_effort,publish,pub,py_to_py,copy,std,fastcdr,shmem_ds,1000000,10,1,measured,8,2026-09-09T14:34:14.637952Z,157648299632920,157648299632920,157648299632920,-1,-1,ok,
std_copy_fastcdr__py_to_py__1000000B__10Hz__shmem_ds__best_effort,publish,pub,py_to_py,copy,std,fastcdr,shmem_ds,1000000,10,1,measured,9,2026-09-09T14:34:14.738183Z,157648399463131,157648399463131,157648399463131,-1,-1,ok,
std_copy_fastcdr__py_to_py__1000000B__10Hz__shmem_ds__best_effort,publish,pub,py_to_py,copy,std,fastcdr,shmem_ds,1000000,10,1,measured,10,2026-09-09T14:34:14.836831Z,157648498483674,157648498483674,157648498483674,-1,-1,ok,
std_copy_fastcdr__py_to_py__1000000B__10Hz__shmem_ds__best_effort,publish,pub,py_to_py,copy,std,fastcdr,shmem_ds,1000000,10,1,measured,11,2026-09-09T14:34:14.936520Z,157648597966681,157648597966681,157648597966681,-1,-1,ok,
std_copy_fastcdr__py_to_py__1000000B__10Hz__shmem_ds__best_effort,publish,pub,py_to_py,copy,std,fastcdr,shmem_ds,1000000,10,1,measured,12,2026-09-09T14:34:15.036268Z,157648697958148,157648697958148,157648697958148,-1,-1,ok,
std_copy_fastcdr__py_to_py__1000000B__10Hz__shmem_ds__best_effort,publish,pub,py_to_py,copy,std,fastcdr,shmem_ds,1000000,10,1,measured,13,2026-09-09T14:34:15.135448Z,157648797071147,157648797071147,157648797071147,-1,-1,ok,
std_copy_fastcdr__py_to_py__1000000B__10Hz__shmem_ds__best_effort,publish,pub,py_to_py,copy,std,fastcdr,shmem_ds,1000000,10,1,measured,14,2026-09-09T14:34:15.234672Z,157648896380116,157648896380116,157648896380116,-1,-1,ok,
std_copy_fastcdr__py_to_py__1000000B__10Hz__shmem_ds__best_effort,publish,pub,py_to_py,copy,std,fastcdr,shmem_ds,1000000,10,1,measured,15,2026-09-09T14:34:15.335066Z,157648996702540,157648996702540,157648996702540,-1,-1,ok,
std_copy_fastcdr__py_to_py__1000000B__10Hz__shmem_ds__best_effort,publish,pub,py_to_py,copy,std,fastcdr,shmem_ds,1000000,10,1,measured,16,2026-09-09T14:34:15.435052Z,157649096766445,157649096766445,157649096766445,-1,-1,ok,
std_copy_fastcdr__py_to_py__1000000B__10Hz__shmem_ds__best_effort,publish,pub,py_to_py,copy,std,fastcdr,shmem_ds,1000000,10,1,measured,17,2026-09-09T14:34:15.534544Z,157649196242018,157649196242018,157649196242018,-1,-1,ok,
std_copy_fastcdr__py_to_py__1000000B__10Hz__shmem_ds__best_effort,publish,pub,py_to_py,copy,std,fastcdr,shmem_ds,1000000,10,1,measured,18,2026-09-09T14:34:15.634586Z,157649296375635,157649296375635,157649296375635,-1,-1,ok,
std_copy_fastcdr__py_to_py__1000000B__10Hz__shmem_ds__best_effort,publish,pub,py_to_py,copy,std,fastcdr,shmem_ds,1000000,10,1,measured,19,2026-09-09T14:34:15.735325Z,157649397021309,157649397021309,157649397021309,-1,-1,ok,
std_copy_fastcdr__py_to_py__1000000B__10Hz__shmem_ds__best_effort,publish,pub,py_to_py,copy,std,fastcdr,shmem_ds,1000000,10,1,measured,20,2026-09-09T14:34:15.834352Z,157649496039849,157649496039849,157649496039849,-1,-1,ok,
std_copy_fastcdr__py_to_py__1000000B__10Hz__shmem_ds__best_effort,publish,pub,py_to_py,copy,std,fastcdr,shmem_ds,1000000,10,1,measured,21,2026-09-09T14:34:15.934973Z,157649596700041,157649596700041,157649596700041,-1,-1,ok,
std_copy_fastcdr__py_to_py__1000000B__10Hz__shmem_ds__best_effort,publish,pub,py_to_py,copy,std,fastcdr,shmem_ds,1000000,10,1,measured,22,2026-09-09T14:34:16.035808Z,157649697116972,157649697116972,157649697116972,-1,-1,ok,
std_copy_fastcdr__py_to_py__1000000B__10Hz__shmem_ds__best_effort,publish,pub,py_to_py,copy,std,fastcdr,shmem_ds,1000000,10,1,measured,23,2026-09-09T14:34:16.135150Z,157649796760816,157649796760816,157649796760816,-1,-1,ok,
std_copy_fastcdr__py_to_py__1000000B__10Hz__shmem_ds__best_effort,publish,pub,py_to_py,copy,std,fastcdr,shmem_ds,1000000,10,1,measured,24,2026-09-09T14:34:16.234350Z,157649896021025,157649896021025,157649896021025,-1,-1,ok,
std_copy_fastcdr__py_to_py__1000000B__10Hz__shmem_ds__best_effort,publish,pub,py_to_py,copy,std,fastcdr,shmem_ds,1000000,10,1,measured,25,2026-09-09T14:34:16.335813Z,157649997057719,157649997057719,157649997057719,-1,-1,ok,
std_copy_fastcdr__py_to_py__1000000B__10Hz__shmem_ds__best_effort,publish,pub,py_to_py,copy,std,fastcdr,shmem_ds,1000000,10,1,measured,26,2026-09-09T14:34:16.435507Z,157650096732050,157650096732050,157650096732050,-1,-1,ok,
std_copy_fastcdr__py_to_py__1000000B__10Hz__shmem_ds__best_effort,publish,pub,py_to_py,copy,std,fastcdr,shmem_ds,1000000,10,1,measured,27,2026-09-09T14:34:16.534126Z,157650195817368,157650195817368,157650195817368,-1,-1,ok,
std_copy_fastcdr__py_to_py__1000000B__10Hz__shmem_ds__best_effort,publish,pub,py_to_py,copy,std,fastcdr,shmem_ds,1000000,10,1,measured,28,2026-09-09T14:34:16.633153Z,157650294986155,157650294986155,157650294986155,-1,-1,ok,
std_copy_fastcdr__py_to_py__1000000B__10Hz__shmem_ds__best_effort,publish,pub,py_to_py,copy,std,fastcdr,shmem_ds,1000000,10,1,measured,29,2026-09-09T14:34:16.734022Z,157650395708475,157650395708475,157650395708475,-1,-1,ok,
std_copy_fastcdr__py_to_py__1000000B__10Hz__shmem_ds__best_effort,publish,pub,py_to_py,copy,std,fastcdr,shmem_ds,1000000,10,1,measured,30,2026-09-09T14:34:16.834234Z,157650495913969,157650495913969,157650495913969,-1,-1,ok,
std_copy_fastcdr__py_to_py__1000000B__10Hz__shmem_ds__best_effort,publish,pub,py_to_py,copy,std,fastcdr,shmem_ds,1000000,10,1,measured,31,2026-09-09T14:34:16.934816Z,157650596516783,157650596516783,157650596516783,-1,-1,ok,
std_copy_fastcdr__py_to_py__1000000B__10Hz__shmem_ds__best_effort,publish,pub,py_to_py,copy,std,fastcdr,shmem_ds,1000000,10,1,measured,32,2026-09-09T14:34:17.035286Z,157650696973692,157650696973692,157650696973692,-1,-1,ok,
std_copy_fastcdr__py_to_py__1000000B__10Hz__shmem_ds__best_effort,publish,pub,py_to_py,copy,std,fastcdr,shmem_ds,1000000,10,1,measured,33,2026-09-09T14:34:17.135555Z,157650797040696,157650797040696,157650797040696,-1,-1,ok,
std_copy_fastcdr__py_to_py__1000000B__10Hz__shmem_ds__best_effort,publish,pub,py_to_py,copy,std,fastcdr,shmem_ds,1000000,10,1,measured,34,2026-09-09T14:34:17.236404Z,157650898027908,157650898027908,157650898027908,-1,-1,ok,
std_copy_fastcdr__py_to_py__1000000B__10Hz__shmem_ds__best_effort,publish,pub,py_to_py,copy,std,fastcdr,shmem_ds,1000000,10,1,measured,35,2026-09-09T14:34:17.335962Z,157650997715425,157650997715425,157650997715425,-1,-1,ok,
std_copy_fastcdr__py_to_py__1000000B__10Hz__shmem_ds__best_effort,publish,pub,py_to_py,copy,std,fastcdr,shmem_ds,1000000,10,1,measured,36,2026-09-09T14:34:17.436281Z,157651097856790,157651097856790,157651097856790,-1,-1,ok,
std_copy_fastcdr__py_to_py__1000000B__10Hz__shmem_ds__best_effort,publish,pub,py_to_py,copy,std,fastcdr,shmem_ds,1000000,10,1,measured,37,2026-09-09T14:34:17.536831Z,157651198511003,157651198511003,157651198511003,-1,-1,ok,
std_copy_fastcdr__py_to_py__1000000B__10Hz__shmem_ds__best_effort,publish,pub,py_to_py,copy,std,fastcdr,shmem_ds,1000000,10,1,measured,38,2026-09-09T14:34:17.636952Z,157651298728712,157651298728712,157651298728712,-1,-1,ok,
std_copy_fastcdr__py_to_py__1000000B__10Hz__shmem_ds__best_effort,publish,pub,py_to_py,copy,std,fastcdr,shmem_ds,1000000,10,1,measured,39,2026-09-09T14:34:17.737664Z,157651399443319,157651399443319,157651399443319,-1,-1,ok,
std_copy_fastcdr__py_to_py__1000000B__10Hz__shmem_ds__best_effort,publish,pub,py_to_py,copy,std,fastcdr,shmem_ds,1000000,10,1,measured,40,2026-09-09T14:34:17.837941Z,157651499616583,157651499616583,157651499616583,-1,-1,ok,
std_copy_fastcdr__py_to_py__1000000B__10Hz__shmem_ds__best_effort,publish,pub,py_to_py,copy,std,fastcdr,shmem_ds,1000000,10,1,measured,41,2026-09-09T14:34:17.938326Z,157651600028168,157651600028168,157651600028168,-1,-1,ok,
std_copy_fastcdr__py_to_py__1000000B__10Hz__shmem_ds__best_effort,publish,pub,py_to_py,copy,std,fastcdr,shmem_ds,1000000,10,1,measured,42,2026-09-09T14:34:18.037796Z,157651699228125,157651699228125,157651699228125,-1,-1,ok,
std_copy_fastcdr__py_to_py__1000000B__10Hz__shmem_ds__best_effort,publish,pub,py_to_py,copy,std,fastcdr,shmem_ds,1000000,10,1,measured,43,2026-09-09T14:34:18.137171Z,157651798691320,157651798691320,157651798691320,-1,-1,ok,
std_copy_fastcdr__py_to_py__1000000B__10Hz__shmem_ds__best_effort,publish,pub,py_to_py,copy,std,fastcdr,shmem_ds,1000000,10,1,measured,44,2026-09-09T14:34:18.236617Z,157651898172670,157651898172670,157651898172670,-1,-1,ok,
std_copy_fastcdr__py_to_py__1000000B__10Hz__shmem_ds__best_effort,publish,pub,py_to_py,copy,std,fastcdr,shmem_ds,1000000,10,1,measured,45,2026-09-09T14:34:18.335606Z,157651997321320,157651997321320,157651997321320,-1,-1,ok,
std_copy_fastcdr__py_to_py__1000000B__10Hz__shmem_ds__best_effort,publish,pub,py_to_py,copy,std,fastcdr,shmem_ds,1000000,10,1,measured,46,2026-09-09T14:34:18.435070Z,157652096778443,157652096778443,157652096778443,-1,-1,ok,
std_copy_fastcdr__py_to_py__1000000B__10Hz__shmem_ds__best_effort,publish,pub,py_to_py,copy,std,fastcdr,shmem_ds,1000000,10,1,measured,47,2026-09-09T14:34:18.534318Z,157652196012957,157652196012957,157652196012957,-1,-1,ok,
std_copy_fastcdr__py_to_py__1000000B__10Hz__shmem_ds__best_effort,publish,pub,py_to_py,copy,std,fastcdr,shmem_ds,1000000,10,1,measured,48,2026-09-09T14:34:18.633760Z,157652295535194,157652295535194,157652295535194,-1,-1,ok,
std_copy_fastcdr__py_to_py__1000000B__10Hz__shmem_ds__best_effort,publish,pub,py_to_py,copy,std,fastcdr,shmem_ds,1000000,10,1,measured,49,2026-09-09T14:34:18.734145Z,157652395838014,157652395838014,157652395838014,-1,-1,ok,
std_copy_fastcdr__py_to_py__1000000B__10Hz__shmem_ds__best_effort,publish,pub,py_to_py,copy,std,fastcdr,shmem_ds,1000000,10,1,measured,50,2026-09-09T14:34:18.833889Z,157652495552143,157652495552143,157652495552143,-1,-1,ok,
std_copy_fastcdr__py_to_py__1000000B__10Hz__shmem_ds__best_effort,publish,pub,py_to_py,copy,std,fastcdr,shmem_ds,1000000,10,1,measured,51,2026-09-09T14:34:18.934139Z,157652595368365,157652595368365,157652595368365,-1,-1,ok,
std_copy_fastcdr__py_to_py__1000000B__10Hz__shmem_ds__best_effort,publish,pub,py_to_py,copy,std,fastcdr,shmem_ds,1000000,10,1,measured,52,2026-09-09T14:34:19.033025Z,157652694706204,157652694706204,157652694706204,-1,-1,ok,
std_copy_fastcdr__py_to_py__1000000B__10Hz__shmem_ds__best_effort,publish,pub,py_to_py,copy,std,fastcdr,shmem_ds,1000000,10,1,measured,53,2026-09-09T14:34:19.132915Z,157652794319474,157652794319474,157652794319474,-1,-1,ok,
std_copy_fastcdr__py_to_py__1000000B__10Hz__shmem_ds__best_effort,publish,pub,py_to_py,copy,std,fastcdr,shmem_ds,1000000,10,1,measured,54,2026-09-09T14:34:19.233518Z,157652895150243,157652895150243,157652895150243,-1,-1,ok,
std_copy_fastcdr__py_to_py__1000000B__10Hz__shmem_ds__best_effort,publish,pub,py_to_py,copy,std,fastcdr,shmem_ds,1000000,10,1,measured,55,2026-09-09T14:34:19.333991Z,157652995460920,157652995460920,157652995460920,-1,-1,ok,
std_copy_fastcdr__py_to_py__1000000B__10Hz__shmem_ds__best_effort,publish,pub,py_to_py,copy,std,fastcdr,shmem_ds,1000000,10,1,measured,56,2026-09-09T14:34:19.434102Z,157653095664344,157653095664344,157653095664344,-1,-1,ok,
std_copy_fastcdr__py_to_py__1000000B__10Hz__shmem_ds__best_effort,publish,pub,py_to_py,copy,std,fastcdr,shmem_ds,1000000,10,1,measured,57,2026-09-09T14:34:19.533312Z,157653194992747,157653194992747,157653194992747,-1,-1,ok,
std_copy_fastcdr__py_to_py__1000000B__10Hz__shmem_ds__best_effort,publish,pub,py_to_py,copy,std,fastcdr,shmem_ds,1000000,10,1,measured,58,2026-09-09T14:34:19.634068Z,157653295498281,157653295498281,157653295498281,-1,-1,ok,
std_copy_fastcdr__py_to_py__1000000B__10Hz__shmem_ds__best_effort,publish,pub,py_to_py,copy,std,fastcdr,shmem_ds,1000000,10,1,measured,59,2026-09-09T14:34:19.733157Z,157653394744729,157653394744729,157653394744729,-1,-1,ok,
std_copy_fastcdr__py_to_py__1000000B__10Hz__shmem_ds__best_effort,publish,pub,py_to_py,copy,std,fastcdr,shmem_ds,1000000,10,1,measured,60,2026-09-09T14:34:19.832836Z,157653494518472,157653494518472,157653494518472,-1,-1,ok,
std_copy_fastcdr__py_to_py__1000000B__10Hz__shmem_ds__best_effort,publish,pub,py_to_py,copy,std,fastcdr,shmem_ds,1000000,10,1,measured,61,2026-09-09T14:34:19.934203Z,157653595550472,157653595550472,157653595550472,-1,-1,ok,
std_copy_fastcdr__py_to_py__1000000B__10Hz__shmem_ds__best_effort,publish,pub,py_to_py,copy,std,fastcdr,shmem_ds,1000000,10,1,measured,62,2026-09-09T14:34:20.034593Z,157653695857963,157653695857963,157653695857963,-1,-1,ok,
std_copy_fastcdr__py_to_py__1000000B__10Hz__shmem_ds__best_effort,publish,pub,py_to_py,copy,std,fastcdr,shmem_ds,1000000,10,1,measured,63,2026-09-09T14:34:20.134137Z,157653795901748,157653795901748,157653795901748,-1,-1,ok,
std_copy_fastcdr__py_to_py__1000000B__10Hz__shmem_ds__best_effort,publish,pub,py_to_py,copy,std,fastcdr,shmem_ds,1000000,10,1,measured,64,2026-09-09T14:34:20.234639Z,157653896265527,157653896265527,157653896265527,-1,-1,ok,
std_copy_fastcdr__py_to_py__1000000B__10Hz__shmem_ds__best_effort,publish,pub,py_to_py,copy,std,fastcdr,shmem_ds,1000000,10,1,measured,65,2026-09-09T14:34:20.335397Z,157653996958448,157653996958448,157653996958448,-1,-1,ok,
std_copy_fastcdr__py_to_py__1000000B__10Hz__shmem_ds__best_effort,publish,pub,py_to_py,copy,std,fastcdr,shmem_ds,1000000,10,1,measured,66,2026-09-09T14:34:20.436285Z,157654097563191,157654097563191,157654097563191,-1,-1,ok,
std_copy_fastcdr__py_to_py__1000000B__10Hz__shmem_ds__best_effort,publish,pub,py_to_py,copy,std,fastcdr,shmem_ds,1000000,10,1,measured,67,2026-09-09T14:34:20.535686Z,157654197052559,157654197052559,157654197052559,-1,-1,ok,
std_copy_fastcdr__py_to_py__1000000B__10Hz__shmem_ds__best_effort,publish,pub,py_to_py,copy,std,fastcdr,shmem_ds,1000000,10,1,measured,68,2026-09-09T14:34:20.634255Z,157654296014490,157654296014490,157654296014490,-1,-1,ok,
std_copy_fastcdr__py_to_py__1000000B__10Hz__shmem_ds__best_effort,publish,pub,py_to_py,copy,std,fastcdr,shmem_ds,1000000,10,1,measured,69,2026-09-09T14:34:20.733982Z,157654395662587,157654395662587,157654395662587,-1,-1,ok,
std_copy_fastcdr__py_to_py__1000000B__10Hz__shmem_ds__best_effort,publish,pub,py_to_py,copy,std,fastcdr,shmem_ds,1000000,10,1,measured,70,2026-09-09T14:34:20.833525Z,157654495205967,157654495205967,157654495205967,-1,-1,ok,
std_copy_fastcdr__py_to_py__1000000B__10Hz__shmem_ds__best_effort,publish,pub,py_to_py,copy,std,fastcdr,shmem_ds,1000000,10,1,measured,71,2026-09-09T14:34:20.932877Z,157654594582992,157654594582992,157654594582992,-1,-1,ok,
std_copy_fastcdr__py_to_py__1000000B__10Hz__shmem_ds__best_effort,publish,pub,py_to_py,copy,std,fastcdr,shmem_ds,1000000,10,1,measured,72,2026-09-09T14:34:21.033797Z,157654695488064,157654695488064,157654695488064,-1,-1,ok,
std_copy_fastcdr__py_to_py__1000000B__10Hz__shmem_ds__best_effort,publish,pub,py_to_py,copy,std,fastcdr,shmem_ds,1000000,10,1,measured,73,2026-09-09T14:34:21.134622Z,157654796249155,157654796249155,157654796249155,-1,-1,ok,
std_copy_fastcdr__py_to_py__1000000B__10Hz__shmem_ds__best_effort,publish,pub,py_to_py,copy,std,fastcdr,shmem_ds,1000000,10,1,measured,74,2026-09-09T14:34:21.234206Z,157654895875232,157654895875232,157654895875232,-1,-1,ok,
std_copy_fastcdr__py_to_py__1000000B__10Hz__shmem_ds__best_effort,publish,pub,py_to_py,copy,std,fastcdr,shmem_ds,1000000,10,1,measured,75,2026-09-09T14:34:21.335019Z,157654996269360,157654996269360,157654996269360,-1,-1,ok,
std_copy_fastcdr__py_to_py__1000000B__10Hz__shmem_ds__best_effort,publish,pub,py_to_py,copy,std,fastcdr,shmem_ds,1000000,10,1,measured,76,2026-09-09T14:34:21.434195Z,157655095962263,157655095962263,157655095962263,-1,-1,ok,
std_copy_fastcdr__py_to_py__1000000B__10Hz__shmem_ds__best_effort,publish,pub,py_to_py,copy,std,fastcdr,shmem_ds,1000000,10,1,measured,77,2026-09-09T14:34:21.535117Z,157655196797595,157655196797595,157655196797595,-1,-1,ok,
std_copy_fastcdr__py_to_py__1000000B__10Hz__shmem_ds__best_effort,publish,pub,py_to_py,copy,std,fastcdr,shmem_ds,1000000,10,1,measured,78,2026-09-09T14:34:21.635023Z,157655296755629,157655296755629,157655296755629,-1,-1,ok,
std_copy_fastcdr__py_to_py__1000000B__10Hz__shmem_ds__best_effort,publish,pub,py_to_py,copy,std,fastcdr,shmem_ds,1000000,10,1,measured,79,2026-09-09T14:34:21.734491Z,157655396237744,157655396237744,157655396237744,-1,-1,ok,
std_copy_fastcdr__py_to_py__1000000B__10Hz__shmem_ds__best_effort,publish,pub,py_to_py,copy,std,fastcdr,shmem_ds,1000000,10,1,measured,80,2026-09-09T14:34:21.834083Z,157655495763743,157655495763743,157655495763743,-1,-1,ok,
std_copy_fastcdr__py_to_py__1000000B__10Hz__shmem_ds__best_effort,publish,pub,py_to_py,copy,std,fastcdr,shmem_ds,1000000,10,1,measured,81,2026-09-09T14:34:21.934501Z,157655595930391,157655595930391,157655595930391,-1,-1,ok,
std_copy_fastcdr__py_to_py__1000000B__10Hz__shmem_ds__best_effort,publish,pub,py_to_py,copy,std,fastcdr,shmem_ds,1000000,10,1,measured,82,2026-09-09T14:34:22.033739Z,157655695393401,157655695393401,157655695393401,-1,-1,ok,
std_copy_fastcdr__py_to_py__1000000B__10Hz__shmem_ds__best_effort,publish,pub,py_to_py,copy,std,fastcdr,shmem_ds,1000000,10,1,measured,83,2026-09-09T14:34:22.134072Z,157655795611647,157655795611647,157655795611647,-1,-1,ok,
std_copy_fastcdr__py_to_py__1000000B__10Hz__shmem_ds__best_effort,publish,pub,py_to_py,copy,std,fastcdr,shmem_ds,1000000,10,1,measured,84,2026-09-09T14:34:22.234527Z,157655896322905,157655896322905,157655896322905,-1,-1,ok,
std_copy_fastcdr__py_to_py__1000000B__10Hz__shmem_ds__best_effort,publish,pub,py_to_py,copy,std,fastcdr,shmem_ds,1000000,10,1,measured,85,2026-09-09T14:34:22.334522Z,157655996190912,157655996190912,157655996190912,-1,-1,ok,
std_copy_fastcdr__py_to_py__1000000B__10Hz__shmem_ds__best_effort,publish,pub,py_to_py,copy,std,fastcdr,shmem_ds,1000000,10,1,measured,86,2026-09-09T14:34:22.434112Z,157656095618175,157656095618175,157656095618175,-1,-1,ok,
std_copy_fastcdr__py_to_py__1000000B__10Hz__shmem_ds__best_effort,publish,pub,py_to_py,copy,std,fastcdr,shmem_ds,1000000,10,1,measured,87,2026-09-09T14:34:22.534917Z,157656196592901,157656196592901,157656196592901,-1,-1,ok,
std_copy_fastcdr__py_to_py__1000000B__10Hz__shmem_ds__best_effort,publish,pub,py_to_py,copy,std,fastcdr,shmem_ds,1000000,10,1,measured,88,2026-09-09T14:34:22.634928Z,157656296646356,157656296646356,157656296646356,-1,-1,ok,
std_copy_fastcdr__py_to_py__1000000B__10Hz__shmem_ds__best_effort,publish,pub,py_to_py,copy,std,fastcdr,shmem_ds,1000000,10,1,measured,89,2026-09-09T14:34:22.734105Z,157656395794853,157656395794853,157656395794853,-1,-1,ok,
std_copy_fastcdr__py_to_py__1000000B__10Hz__shmem_ds__best_effort,publish,pub,py_to_py,copy,std,fastcdr,shmem_ds,1000000,10,1,measured,90,2026-09-09T14:34:22.833231Z,157656494878187,157656494878187,157656494878187,-1,-1,ok,
std_copy_fastcdr__py_to_py__1000000B__10Hz__shmem_ds__best_effort,publish,pub,py_to_py,copy,std,fastcdr,shmem_ds,1000000,10,1,measured,91,2026-09-09T14:34:22.932436Z,157656594141530,157656594141530,157656594141530,-1,-1,ok,
std_copy_fastcdr__py_to_py__1000000B__10Hz__shmem_ds__best_effort,publish,pub,py_to_py,copy,std,fastcdr,shmem_ds,1000000,10,1,measured,92,2026-09-09T14:34:23.032723Z,157656694436864,157656694436864,157656694436864,-1,-1,ok,
std_copy_fastcdr__py_to_py__1000000B__10Hz__shmem_ds__best_effort,publish,pub,py_to_py,copy,std,fastcdr,shmem_ds,1000000,10,1,measured,93,2026-09-09T14:34:23.133178Z,157656794922628,157656794922628,157656794922628,-1,-1,ok,
std_copy_fastcdr__py_to_py__1000000B__10Hz__shmem_ds__best_effort,publish,pub,py_to_py,copy,std,fastcdr,shmem_ds,1000000,10,1,measured,94,2026-09-09T14:34:23.233194Z,157656894847382,157656894847382,157656894847382,-1,-1,ok,
std_copy_fastcdr__py_to_py__1000000B__10Hz__shmem_ds__best_effort,publish,pub,py_to_py,copy,std,fastcdr,shmem_ds,1000000,10,1,measured,95,2026-09-09T14:34:23.332937Z,157656994047869,157656994047869,157656994047869,-1,-1,ok,
std_copy_fastcdr__py_to_py__1000000B__10Hz__shmem_ds__best_effort,publish,pub,py_to_py,copy,std,fastcdr,shmem_ds,1000000,10,1,measured,96,2026-09-09T14:34:23.432453Z,157657093742879,157657093742879,157657093742879,-1,-1,ok,
std_copy_fastcdr__py_to_py__1000000B__10Hz__shmem_ds__best_effort,publish,pub,py_to_py,copy,std,fastcdr,shmem_ds,1000000,10,1,measured,97,2026-09-09T14:34:23.533031Z,157657194667582,157657194667582,157657194667582,-1,-1,ok,
std_copy_fastcdr__py_to_py__1000000B__10Hz__shmem_ds__best_effort,publish,pub,py_to_py,copy,std,fastcdr,shmem_ds,1000000,10,1,measured,98,2026-09-09T14:34:23.633473Z,157657294795931,157657294795931,157657294795931,-1,-1,ok,
std_copy_fastcdr__py_to_py__1000000B__10Hz__shmem_ds__best_effort,publish,pub,py_to_py,copy,std,fastcdr,shmem_ds,1000000,10,1,measured,99,2026-09-09T14:34:23.733987Z,157657395723029,157657395723029,157657395723029,-1,-1,ok,
std_copy_fastcdr__py_to_py__1000000B__10Hz__shmem_ds__best_effort,publish,pub,py_to_py,copy,std,fastcdr,shmem_ds,1000000,10,1,measured,100,2026-09-09T14:34:23.834704Z,157657496394623,157657496394623,157657496394623,-1,-1,ok,
std_copy_fastcdr__py_to_py__1000000B__10Hz__shmem_ds__best_effort,publish,pub,py_to_py,copy,std,fastcdr,shmem_ds,1000000,10,1,measured,101,2026-09-09T14:34:23.933593Z,157657595402205,157657595402205,157657595402205,-1,-1,ok,
std_copy_fastcdr__py_to_py__1000000B__10Hz__shmem_ds__best_effort,publish,pub,py_to_py,copy,std,fastcdr,shmem_ds,1000000,10,1,measured,102,2026-09-09T14:34:24.034525Z,157657695992326,157657695992326,157657695992326,-1,-1,ok,
std_copy_fastcdr__py_to_py__1000000B__10Hz__shmem_ds__best_effort,publish,pub,py_to_py,copy,std,fastcdr,shmem_ds,1000000,10,1,measured,103,2026-09-09T14:34:24.134932Z,157657796304093,157657796304093,157657796304093,-1,-1,ok,
std_copy_fastcdr__py_to_py__1000000B__10Hz__shmem_ds__best_effort,publish,pub,py_to_py,copy,std,fastcdr,shmem_ds,1000000,10,1,measured,104,2026-09-09T14:34:24.234980Z,157657896352903,157657896352903,157657896352903,-1,-1,ok,
std_copy_fastcdr__py_to_py__1000000B__10Hz__shmem_ds__best_effort,publish,pub,py_to_py,copy,std,fastcdr,shmem_ds,1000000,10,1,measured,105,2026-09-09T14:34:24.333958Z,157657995819695,157657995819695,157657995819695,-1,-1,ok,
std_copy_fastcdr__py_to_py__1000000B__10Hz__shmem_ds__best_effort,publish,pub,py_to_py,copy,std,fastcdr,shmem_ds,1000000,10,1,measured,106,2026-09-09T14:34:24.434544Z,157658096065898,157658096065898,157658096065898,-1,-1,ok,
std_copy_fastcdr__py_to_py__1000000B__10Hz__shmem_ds__best_effort,publish,pub,py_to_py,copy,std,fastcdr,shmem_ds,1000000,10,1,measured,107,2026-09-09T14:34:24.533638Z,157658195325708,157658195325708,157658195325708,-1,-1,ok,
std_copy_fastcdr__py_to_py__1000000B__10Hz__shmem_ds__best_effort,publish,pub,py_to_py,copy,std,fastcdr,shmem_ds,1000000,10,1,measured,108,2026-09-09T14:34:24.633674Z,157658295196742,157658295196742,157658295196742,-1,-1,ok,
std_copy_fastcdr__py_to_py__1000000B__10Hz__shmem_ds__best_effort,publish,pub,py_to_py,copy,std,fastcdr,shmem_ds,1000000,10,1,measured,109,2026-09-09T14:34:24.733438Z,157658395128542,157658395128542,157658395128542,-1,-1,ok,
std_copy_fastcdr__py_to_py__1000000B__10Hz__shmem_ds__best_effort,publish,pub,py_to_py,copy,std,fastcdr,shmem_ds,1000000,10,1,measured,110,2026-09-09T14:34:24.834367Z,157658496037456,157658496037456,157658496037456,-1,-1,ok,
std_copy_fastcdr__py_to_py__1000000B__10Hz__shmem_ds__best_effort,publish,pub,py_to_py,copy,std,fastcdr,shmem_ds,1000000,10,1,measured,111,2026-09-09T14:34:24.935029Z,157658596755831,157658596755831,157658596755831,-1,-1,ok,
std_copy_fastcdr__py_to_py__1000000B__10Hz__shmem_ds__best_effort,publish,pub,py_to_py,copy,std,fastcdr,shmem_ds,1000000,10,1,measured,112,2026-09-09T14:34:25.035140Z,157658696414726,157658696414726,157658696414726,-1,-1,ok,
std_copy_fastcdr__py_to_py__1000000B__10Hz__shmem_ds__best_effort,publish,pub,py_to_py,copy,std,fastcdr,shmem_ds,1000000,10,1,measured,113,2026-09-09T14:34:25.134928Z,157658796365563,157658796365563,157658796365563,-1,-1,ok,
std_copy_fastcdr__py_to_py__1000000B__10Hz__shmem_ds__best_effort,publish,pub,py_to_py,copy,std,fastcdr,shmem_ds,1000000,10,1,measured,114,2026-09-09T14:34:25.233904Z,157658895653598,157658895653598,157658895653598,-1,-1,ok,
std_copy_fastcdr__py_to_py__1000000B__10Hz__shmem_ds__best_effort,publish,pub,py_to_py,copy,std,fastcdr,shmem_ds,1000000,10,1,measured,115,2026-09-09T14:34:25.335234Z,157658996545301,157658996545301,157658996545301,-1,-1,ok,
std_copy_fastcdr__py_to_py__1000000B__10Hz__shmem_ds__best_effort,publish,pub,py_to_py,copy,std,fastcdr,shmem_ds,1000000,10,1,measured,116,2026-09-09T14:34:25.435771Z,157659097286871,157659097286871,157659097286871,-1,-1,ok,
std_copy_fastcdr__py_to_py__1000000B__10Hz__shmem_ds__best_effort,publish,pub,py_to_py,copy,std,fastcdr,shmem_ds,1000000,10,1,measured,117,2026-09-09T14:34:25.535117Z,157659196809981,157659196809981,157659196809981,-1,-1,ok,
std_copy_fastcdr__py_to_py__1000000B__10Hz__shmem_ds__best_effort,publish,pub,py_to_py,copy,std,fastcdr,shmem_ds,1000000,10,1,measured,118,2026-09-09T14:34:25.635944Z,157659297210236,157659297210236,157659297210236,-1,-1,ok,
std_copy_fastcdr__py_to_py__1000000B__10Hz__shmem_ds__best_effort,publish,pub,py_to_py,copy,std,fastcdr,shmem_ds,1000000,10,1,measured,119,2026-09-09T14:34:25.735722Z,157659397362813,157659397362813,157659397362813,-1,-1,ok,
std_copy_fastcdr__py_to_py__1000000B__10Hz__shmem_ds__best_effort,publish,pub,py_to_py,copy,std,fastcdr,shmem_ds,1000000,10,1,measured,120,2026-09-09T14:34:25.835074Z,157659496699691,157659496699691,157659496699691,-1,-1,ok,
std_copy_fastcdr__py_to_py__1000000B__10Hz__shmem_ds__best_effort,publish,pub,py_to_py,copy,std,fastcdr,shmem_ds,1000000,10,1,measured,121,2026-09-09T14:34:25.935698Z,157659597235892,157659597235892,157659597235892,-1,-1,ok,
std_copy_fastcdr__py_to_py__1000000B__10Hz__shmem_ds__best_effort,publish,pub,py_to_py,copy,std,fastcdr,shmem_ds,1000000,10,1,measured,122,2026-09-09T14:34:26.035534Z,157659697248007,157659697248007,157659697248007,-1,-1,ok,
std_copy_fastcdr__py_to_py__1000000B__10Hz__shmem_ds__best_effort,publish,pub,py_to_py,copy,std,fastcdr,shmem_ds,1000000,10,1,measured,123,2026-09-09T14:34:26.136474Z,157659797816922,157659797816922,157659797816922,-1,-1,ok,
std_copy_fastcdr__py_to_py__1000000B__10Hz__shmem_ds__best_effort,publish,pub,py_to_py,copy,std,fastcdr,shmem_ds,1000000,10,1,measured,124,2026-09-09T14:34:26.236638Z,157659897951317,157659897951317,157659897951317,-1,-1,ok,
std_copy_fastcdr__py_to_py__1000000B__10Hz__shmem_ds__best_effort,publish,pub,py_to_py,copy,std,fastcdr,shmem_ds,1000000,10,1,measured,125,2026-09-09T14:34:26.335190Z,157659996854617,157659996854617,157659996854617,-1,-1,ok,
std_copy_fastcdr__py_to_py__1000000B__10Hz__shmem_ds__best_effort,publish,pub,py_to_py,copy,std,fastcdr,shmem_ds,1000000,10,1,measured,126,2026-09-09T14:34:26.434834Z,157660096508744,157660096508744,157660096508744,-1,-1,ok,
std_copy_fastcdr__py_to_py__1000000B__10Hz__shmem_ds__best_effort,publish,pub,py_to_py,copy,std,fastcdr,shmem_ds,1000000,10,1,measured,127,2026-09-09T14:34:26.533874Z,157660195536118,157660195536118,157660195536118,-1,-1,ok,
std_copy_fastcdr__py_to_py__1000000B__10Hz__shmem_ds__best_effort,publish,pub,py_to_py,copy,std,fastcdr,shmem_ds,1000000,10,1,measured,128,2026-09-09T14:34:26.634685Z,157660296392016,157660296392016,157660296392016,-1,-1,ok,
std_copy_fastcdr__py_to_py__1000000B__10Hz__shmem_ds__best_effort,publish,pub,py_to_py,copy,std,fastcdr,shmem_ds,1000000,10,1,measured,129,2026-09-09T14:34:26.735476Z,157660397176689,157660397176689,157660397176689,-1,-1,ok,
std_copy_fastcdr__py_to_py__1000000B__10Hz__shmem_ds__best_effort,publish,pub,py_to_py,copy,std,fastcdr,shmem_ds,1000000,10,1,measured,130,2026-09-09T14:34:26.836204Z,157660497817772,157660497817772,157660497817772,-1,-1,ok,
std_copy_fastcdr__py_to_py__1000000B__10Hz__shmem_ds__best_effort,publish,pub,py_to_py,copy,std,fastcdr,shmem_ds,1000000,10,1,measured,131,2026-09-09T14:34:26.936009Z,157660597513928,157660597513928,157660597513928,-1,-1,ok,
std_copy_fastcdr__py_to_py__1000000B__10Hz__shmem_ds__best_effort,publish,pub,py_to_py,copy,std,fastcdr,shmem_ds,1000000,10,1,measured,132,2026-09-09T14:34:27.035192Z,157660696639788,157660696639788,157660696639788,-1,-1,ok,
std_copy_fastcdr__py_to_py__1000000B__10Hz__shmem_ds__best_effort,publish,pub,py_to_py,copy,std,fastcdr,shmem_ds,1000000,10,1,measured,133,2026-09-09T14:34:27.135744Z,157660797421347,157660797421347,157660797421347,-1,-1,ok,
std_copy_fastcdr__py_to_py__1000000B__10Hz__shmem_ds__best_effort,publish,pub,py_to_py,copy,std,fastcdr,shmem_ds,1000000,10,1,measured,134,2026-09-09T14:34:27.236676Z,157660898237621,157660898237621,157660898237621,-1,-1,ok,
std_copy_fastcdr__py_to_py__1000000B__10Hz__shmem_ds__best_effort,publish,pub,py_to_py,copy,std,fastcdr,shmem_ds,1000000,10,1,measured,135,2026-09-09T14:34:27.335927Z,157660997417946,157660997417946,157660997417946,-1,-1,ok,
std_copy_fastcdr__py_to_py__1000000B__10Hz__shmem_ds__best_effort,publish,pub,py_to_py,copy,std,fastcdr,shmem_ds,1000000,10,1,measured,136,2026-09-09T14:34:27.435897Z,157661097388202,157661097388202,157661097388202,-1,-1,ok,
std_copy_fastcdr__py_to_py__1000000B__10Hz__shmem_ds__best_effort,publish,pub,py_to_py,copy,std,fastcdr,shmem_ds,1000000,10,1,measured,137,2026-09-09T14:34:27.534789Z,157661196475371,157661196475371,157661196475371,-1,-1,ok,
std_copy_fastcdr__py_to_py__1000000B__10Hz__shmem_ds__best_effort,publish,pub,py_to_py,copy,std,fastcdr,shmem_ds,1000000,10,1,measured,138,2026-09-09T14:34:27.635879Z,157661297080386,157661297080386,157661297080386,-1,-1,ok,
std_copy_fastcdr__py_to_py__1000000B__10Hz__shmem_ds__best_effort,publish,pub,py_to_py,copy,std,fastcdr,shmem_ds,1000000,10,1,measured,139,2026-09-09T14:34:27.735843Z,157661397529267,157661397529267,157661397529267,-1,-1,ok,
std_copy_fastcdr__py_to_py__1000000B__10Hz__shmem_ds__best_effort,publish,pub,py_to_py,copy,std,fastcdr,shmem_ds,1000000,10,1,measured,140,2026-09-09T14:34:27.835568Z,157661496848794,157661496848794,157661496848794,-1,-1,ok,
std_copy_fastcdr__py_to_py__1000000B__10Hz__shmem_ds__best_effort,publish,pub,py_to_py,copy,std,fastcdr,shmem_ds,1000000,10,1,measured,141,2026-09-09T14:34:27.935592Z,157661596838767,157661596838767,157661596838767,-1,-1,ok,
std_copy_fastcdr__py_to_py__1000000B__10Hz__shmem_ds__best_effort,publish,pub,py_to_py,copy,std,fastcdr,shmem_ds,1000000,10,1,measured,142,2026-09-09T14:34:28.035138Z,157661696846586,157661696846586,157661696846586,-1,-1,ok,
std_copy_fastcdr__py_to_py__1000000B__10Hz__shmem_ds__best_effort,publish,pub,py_to_py,copy,std,fastcdr,shmem_ds,1000000,10,1,measured,143,2026-09-09T14:34:28.135165Z,157661796435142,157661796435142,157661796435142,-1,-1,ok,
std_copy_fastcdr__py_to_py__1000000B__10Hz__shmem_ds__best_effort,publish,pub,py_to_py,copy,std,fastcdr,shmem_ds,1000000,10,1,measured,144,2026-09-09T14:34:28.235495Z,157661897148463,157661897148463,157661897148463,-1,-1,ok,
std_copy_fastcdr__py_to_py__1000000B__10Hz__shmem_ds__best_effort,publish,pub,py_to_py,copy,std,fastcdr,shmem_ds,1000000,10,1,measured,145,2026-09-09T14:34:28.335389Z,157661996964180,157661996964180,157661996964180,-1,-1,ok,
std_copy_fastcdr__py_to_py__1000000B__10Hz__shmem_ds__best_effort,publish,pub,py_to_py,copy,std,fastcdr,shmem_ds,1000000,10,1,measured,146,2026-09-09T14:34:28.434653Z,157662096374319,157662096374319,157662096374319,-1,-1,ok,
std_copy_fastcdr__py_to_py__1000000B__10Hz__shmem_ds__best_effort,publish,pub,py_to_py,copy,std,fastcdr,shmem_ds,1000000,10,1,measured,147,2026-09-09T14:34:28.534752Z,157662196454334,157662196454334,157662196454334,-1,-1,ok,
std_copy_fastcdr__py_to_py__1000000B__10Hz__shmem_ds__best_effort,publish,pub,py_to_py,copy,std,fastcdr,shmem_ds,1000000,10,1,measured,148,2026-09-09T14:34:28.635739Z,157662297016310,157662297016310,157662297016310,-1,-1,ok,
std_copy_fastcdr__py_to_py__1000000B__10Hz__shmem_ds__best_effort,publish,pub,py_to_py,copy,std,fastcdr,shmem_ds,1000000,10,1,measured,149,2026-09-09T14:34:28.734721Z,157662396409347,157662396409347,157662396409347,-1,-1,ok,
std_copy_fastcdr__py_to_py__1000000B__10Hz__shmem_ds__best_effort,publish,pub,py_to_py,copy,std,fastcdr,shmem_ds,1000000,10,1,measured,150,2026-09-09T14:34:28.834283Z,157662495946628,157662495946628,157662495946628,-1,-1,ok,
std_copy_fastcdr__py_to_py__1000000B__10Hz__shmem_ds__best_effort,publish,pub,py_to_py,copy,std,fastcdr,shmem_ds,1000000,10,1,measured,151,2026-09-09T14:34:28.935234Z,157662596918888,157662596918888,157662596918888,-1,-1,ok,
std_copy_fastcdr__py_to_py__1000000B__10Hz__shmem_ds__best_effort,publish,pub,py_to_py,copy,std,fastcdr,shmem_ds,1000000,10,1,measured,152,2026-09-09T14:34:29.036016Z,157662697318807,157662697318807,157662697318807,-1,-1,ok,
std_copy_fastcdr__py_to_py__1000000B__10Hz__shmem_ds__best_effort,publish,pub,py_to_py,copy,std,fastcdr,shmem_ds,1000000,10,1,measured,153,2026-09-09T14:34:29.135529Z,157662797191683,157662797191683,157662797191683,-1,-1,ok,
std_copy_fastcdr__py_to_py__1000000B__10Hz__shmem_ds__best_effort,publish,pub,py_to_py,copy,std,fastcdr,shmem_ds,1000000,10,1,measured,154,2026-09-09T14:34:29.235563Z,157662897173965,157662897173965,157662897173965,-1,-1,ok,
std_copy_fastcdr__py_to_py__1000000B__10Hz__shmem_ds__best_effort,publish,pub,py_to_py,copy,std,fastcdr,shmem_ds,1000000,10,1,measured,155,2026-09-09T14:34:29.335179Z,157662996458740,157662996458740,157662996458740,-1,-1,ok,
std_copy_fastcdr__py_to_py__1000000B__10Hz__shmem_ds__best_effort,publish,pub,py_to_py,copy,std,fastcdr,shmem_ds,1000000,10,1,measured,156,2026-09-09T14:34:29.434311Z,157663095879160,157663095879160,157663095879160,-1,-1,ok,
std_copy_fastcdr__py_to_py__1000000B__10Hz__shmem_ds__best_effort,publish,pub,py_to_py,copy,std,fastcdr,shmem_ds,1000000,10,1,measured,157,2026-09-09T14:34:29.533832Z,157663195506682,157663195506682,157663195506682,-1,-1,ok,
std_copy_fastcdr__py_to_py__1000000B__10Hz__shmem_ds__best_effort,publish,pub,py_to_py,copy,std,fastcdr,shmem_ds,1000000,10,1,measured,158,2026-09-09T14:34:29.634482Z,157663295760838,157663295760838,157663295760838,-1,-1,ok,
std_copy_fastcdr__py_to_py__1000000B__10Hz__shmem_ds__best_effort,publish,pub,py_to_py,copy,std,fastcdr,shmem_ds,1000000,10,1,measured,159,2026-09-09T14:34:29.733648Z,157663395157805,157663395157805,157663395157805,-1,-1,ok,
std_copy_fastcdr__py_to_py__1000000B__10Hz__shmem_ds__best_effort,publish,pub,py_to_py,copy,std,fastcdr,shmem_ds,1000000,10,1,measured,160,2026-09-09T14:34:29.832900Z,157663494579477,157663494579477,157663494579477,-1,-1,ok,
std_copy_fastcdr__py_to_py__1000000B__10Hz__shmem_ds__best_effort,publish,pub,py_to_py,copy,std,fastcdr,shmem_ds,1000000,10,1,measured,161,2026-09-09T14:34:29.932046Z,157663593729146,157663593729146,157663593729146,-1,-1,ok,
std_copy_fastcdr__py_to_py__1000000B__10Hz__shmem_ds__best_effort,publish,pub,py_to_py,copy,std,fastcdr,shmem_ds,1000000,10,1,measured,162,2026-09-09T14:34:30.032815Z,157663694079193,157663694079193,157663694079193,-1,-1,ok,
std_copy_fastcdr__py_to_py__1000000B__10Hz__shmem_ds__best_effort,publish,pub,py_to_py,copy,std,fastcdr,shmem_ds,1000000,10,1,measured,163,2026-09-09T14:34:30.132130Z,157663793536565,157663793536565,157663793536565,-1,-1,ok,
std_copy_fastcdr__py_to_py__1000000B__10Hz__shmem_ds__best_effort,publish,pub,py_to_py,copy,std,fastcdr,shmem_ds,1000000,10,1,measured,164,2026-09-09T14:34:30.232697Z,157663894310113,157663894310113,157663894310113,-1,-1,ok,
std_copy_fastcdr__py_to_py__1000000B__10Hz__shmem_ds__best_effort,publish,pub,py_to_py,copy,std,fastcdr,shmem_ds,1000000,10,1,measured,165,2026-09-09T14:34:30.333935Z,157663995081267,157663995081267,157663995081267,-1,-1,ok,
std_copy_fastcdr__py_to_py__1000000B__10Hz__shmem_ds__best_effort,publish,pub,py_to_py,copy,std,fastcdr,shmem_ds,1000000,10,1,measured,166,2026-09-09T14:34:30.432786Z,157664094236167,157664094236167,157664094236167,-1,-1,ok,
std_copy_fastcdr__py_to_py__1000000B__10Hz__shmem_ds__best_effort,publish,pub,py_to_py,copy,std,fastcdr,shmem_ds,1000000,10,1,measured,167,2026-09-09T14:34:30.531940Z,157664193604331,157664193604331,157664193604331,-1,-1,ok,
std_copy_fastcdr__py_to_py__1000000B__10Hz__shmem_ds__best_effort,publish,pub,py_to_py,copy,std,fastcdr,shmem_ds,1000000,10,1,measured,168,2026-09-09T14:34:30.632655Z,157664293988555,157664293988555,157664293988555,-1,-1,ok,
std_copy_fastcdr__py_to_py__1000000B__10Hz__shmem_ds__best_effort,publish,pub,py_to_py,copy,std,fastcdr,shmem_ds,1000000,10,1,measured,169,2026-09-09T14:34:30.731682Z,157664393380543,157664393380543,157664393380543,-1,-1,ok,
std_copy_fastcdr__py_to_py__1000000B__10Hz__shmem_ds__best_effort,publish,pub,py_to_py,copy,std,fastcdr,shmem_ds,1000000,10,1,measured,170,2026-09-09T14:34:30.830975Z,157664492617949,157664492617949,157664492617949,-1,-1,ok,
std_copy_fastcdr__py_to_py__1000000B__10Hz__shmem_ds__best_effort,publish,pub,py_to_py,copy,std,fastcdr,shmem_ds,1000000,10,1,measured,171,2026-09-09T14:34:30.932208Z,157664593514420,157664593514420,157664593514420,-1,-1,ok,
std_copy_fastcdr__py_to_py__1000000B__10Hz__shmem_ds__best_effort,publish,pub,py_to_py,copy,std,fastcdr,shmem_ds,1000000,10,1,measured,172,2026-09-09T14:34:31.032473Z,157664693734212,157664693734212,157664693734212,-1,-1,ok,
std_copy_fastcdr__py_to_py__1000000B__10Hz__shmem_ds__best_effort,publish,pub,py_to_py,copy,std,fastcdr,shmem_ds,1000000,10,1,measured,173,2026-09-09T14:34:31.132477Z,157664793675720,157664793675720,157664793675720,-1,-1,ok,
std_copy_fastcdr__py_to_py__1000000B__10Hz__shmem_ds__best_effort,publish,pub,py_to_py,copy,std,fastcdr,shmem_ds,1000000,10,1,measured,174,2026-09-09T14:34:31.232654Z,157664894208595,157664894208595,157664894208595,-1,-1,ok,
std_copy_fastcdr__py_to_py__1000000B__10Hz__shmem_ds__best_effort,publish,pub,py_to_py,copy,std,fastcdr,shmem_ds,1000000,10,1,measured,175,2026-09-09T14:34:31.333405Z,157664994833033,157664994833033,157664994833033,-1,-1,ok,
std_copy_fastcdr__py_to_py__1000000B__10Hz__shmem_ds__best_effort,publish,pub,py_to_py,copy,std,fastcdr,shmem_ds,1000000,10,1,measured,176,2026-09-09T14:34:31.432690Z,157665094219053,157665094219053,157665094219053,-1,-1,ok,
std_copy_fastcdr__py_to_py__1000000B__10Hz__shmem_ds__best_effort,publish,pub,py_to_py,copy,std,fastcdr,shmem_ds,1000000,10,1,measured,177,2026-09-09T14:34:31.531671Z,157665193357514,157665193357514,157665193357514,-1,-1,ok,
std_copy_fastcdr__py_to_py__1000000B__10Hz__shmem_ds__best_effort,publish,pub,py_to_py,copy,std,fastcdr,shmem_ds,1000000,10,1,measured,178,2026-09-09T14:34:31.632031Z,157665293293061,157665293293061,157665293293061,-1,-1,ok,
std_copy_fastcdr__py_to_py__1000000B__10Hz__shmem_ds__best_effort,publish,pub,py_to_py,copy,std,fastcdr,shmem_ds,1000000,10,1,measured,179,2026-09-09T14:34:31.731273Z,157665393042105,157665393042105,157665393042105,-1,-1,ok,
std_copy_fastcdr__py_to_py__1000000B__10Hz__shmem_ds__best_effort,publish,pub,py_to_py,copy,std,fastcdr,shmem_ds,1000000,10,1,measured,180,2026-09-09T14:34:31.831315Z,157665492991137,157665492991137,157665492991137,-1,-1,ok,
std_copy_fastcdr__py_to_py__1000000B__10Hz__shmem_ds__best_effort,publish,pub,py_to_py,copy,std,fastcdr,shmem_ds,1000000,10,1,measured,181,2026-09-09T14:34:31.932150Z,157665593468547,157665593468547,157665593468547,-1,-1,ok,
std_copy_fastcdr__py_to_py__1000000B__10Hz__shmem_ds__best_effort,publish,pub,py_to_py,copy,std,fastcdr,shmem_ds,1000000,10,1,measured,182,2026-09-09T14:34:32.032428Z,157665693877439,157665693877439,157665693877439,-1,-1,ok,
std_copy_fastcdr__py_to_py__1000000B__10Hz__shmem_ds__best_effort,publish,pub,py_to_py,copy,std,fastcdr,shmem_ds,1000000,10,1,measured,183,2026-09-09T14:34:32.133284Z,157665794760336,157665794760336,157665794760336,-1,-1,ok,
std_copy_fastcdr__py_to_py__1000000B__10Hz__shmem_ds__best_effort,publish,pub,py_to_py,copy,std,fastcdr,shmem_ds,1000000,10,1,measured,184,2026-09-09T14:34:32.233017Z,157665894045957,157665894045957,157665894045957,-1,-1,ok,
std_copy_fastcdr__py_to_py__1000000B__10Hz__shmem_ds__best_effort,publish,pub,py_to_py,copy,std,fastcdr,shmem_ds,1000000,10,1,measured,185,2026-09-09T14:34:32.332262Z,157665993790384,157665993790384,157665993790384,-1,-1,ok,
std_copy_fastcdr__py_to_py__1000000B__10Hz__shmem_ds__best_effort,publish,pub,py_to_py,copy,std,fastcdr,shmem_ds,1000000,10,1,measured,186,2026-09-09T14:34:32.432518Z,157666093536335,157666093536335,157666093536335,-1,-1,ok,
std_copy_fastcdr__py_to_py__1000000B__10Hz__shmem_ds__best_effort,publish,pub,py_to_py,copy,std,fastcdr,shmem_ds,1000000,10,1,measured,187,2026-09-09T14:34:32.532657Z,157666194183558,157666194183558,157666194183558,-1,-1,ok,
std_copy_fastcdr__py_to_py__1000000B__10Hz__shmem_ds__best_effort,publish,pub,py_to_py,copy,std,fastcdr,shmem_ds,1000000,10,1,measured,188,2026-09-09T14:34:32.632650Z,157666293743676,157666293743676,157666293743676,-1,-1,ok,
std_copy_fastcdr__py_to_py__1000000B__10Hz__shmem_ds__best_effort,publish,pub,py_to_py,copy,std,fastcdr,shmem_ds,1000000,10,1,measured,189,2026-09-09T14:34:32.731524Z,157666393050617,157666393050617,157666393050617,-1,-1,ok,
std_copy_fastcdr__py_to_py__1000000B__10Hz__shmem_ds__best_effort,publish,pub,py_to_py,copy,std,fastcdr,shmem_ds,1000000,10,1,measured,190,2026-09-09T14:34:32.831395Z,157666492948625,157666492948625,157666492948625,-1,-1,ok,
std_copy_fastcdr__py_to_py__1000000B__10Hz__shmem_ds__best_effort,publish,pub,py_to_py,copy,std,fastcdr,shmem_ds,1000000,10,1,measured,191,2026-09-09T14:34:32.931603Z,157666592836443,157666592836443,157666592836443,-1,-1,ok,
std_copy_fastcdr__py_to_py__1000000B__10Hz__shmem_ds__best_effort,publish,pub,py_to_py,copy,std,fastcdr,shmem_ds,1000000,10,1,measured,192,2026-09-09T14:34:33.031159Z,157666692424094,157666692424094,157666692424094,-1,-1,ok,
std_copy_fastcdr__py_to_py__1000000B__10Hz__shmem_ds__best_effort,publish,pub,py_to_py,copy,std,fastcdr,shmem_ds,1000000,10,1,measured,193,2026-09-09T14:34:33.130633Z,157666791946734,157666791946734,157666791946734,-1,-1,ok,
std_copy_fastcdr__py_to_py__1000000B__10Hz__shmem_ds__best_effort,publish,pub,py_to_py,copy,std,fastcdr,shmem_ds,1000000,10,1,measured,194,2026-09-09T14:34:33.231911Z,157666892811999,157666892811999,157666892811999,-1,-1,ok,
std_copy_fastcdr__py_to_py__1000000B__10Hz__shmem_ds__best_effort,publish,pub,py_to_py,copy,std,fastcdr,shmem_ds,1000000,10,1,measured,195,2026-09-09T14:34:33.331301Z,157666992604349,157666992604349,157666992604349,-1,-1,ok,
std_copy_fastcdr__py_to_py__1000000B__10Hz__shmem_ds__best_effort,publish,pub,py_to_py,copy,std,fastcdr,shmem_ds,1000000,10,1,measured,196,2026-09-09T14:34:33.432312Z,157667093347845,157667093347845,157667093347845,-1,-1,ok,
std_copy_fastcdr__py_to_py__1000000B__10Hz__shmem_ds__best_effort,publish,pub,py_to_py,copy,std,fastcdr,shmem_ds,1000000,10,1,measured,197,2026-09-09T14:34:33.531791Z,157667193396970,157667193396970,157667193396970,-1,-1,ok,
std_copy_fastcdr__py_to_py__1000000B__10Hz__shmem_ds__best_effort,publish,pub,py_to_py,copy,std,fastcdr,shmem_ds,1000000,10,1,measured,198,2026-09-09T14:34:33.630902Z,157667292507532,157667292507532,157667292507532,-1,-1,ok,
std_copy_fastcdr__py_to_py__1000000B__10Hz__shmem_ds__best_effort,publish,pub,py_to_py,copy,std,fastcdr,shmem_ds,1000000,10,1,measured,199,2026-09-09T14:34:33.732150Z,157667393599335,157667393599335,157667393599335,-1,-1,ok,
std_copy_fastcdr__py_to_py__1000000B__10Hz__shmem_ds__best_effort,publish,pub,py_to_py,copy,std,fastcdr,shmem_ds,1000000,10,1,measured,200,2026-09-09T14:34:33.832720Z,157667494207295,157667494207295,157667494207295,-1,-1,ok,
std_copy_fastcdr__py_to_py__1000000B__10Hz__shmem_ds__best_effort,publish,pub,py_to_py,copy,std,fastcdr,shmem_ds,1000000,10,1,measured,201,2026-09-09T14:34:33.933911Z,157667595165667,157667595165667,157667595165667,-1,-1,ok,
std_copy_fastcdr__py_to_py__1000000B__10Hz__shmem_ds__best_effort,publish,pub,py_to_py,copy,std,fastcdr,shmem_ds,1000000,10,1,measured,202,2026-09-09T14:34:34.034971Z,157667696054557,157667696054557,157667696054557,-1,-1,ok,
std_copy_fastcdr__py_to_py__1000000B__10Hz__shmem_ds__best_effort,publish,pub,py_to_py,copy,std,fastcdr,shmem_ds,1000000,10,1,measured,203,2026-09-09T14:34:34.135115Z,157667796660565,157667796660565,157667796660565,-1,-1,ok,
std_copy_fastcdr__py_to_py__1000000B__10Hz__shmem_ds__best_effort,publish,pub,py_to_py,copy,std,fastcdr,shmem_ds,1000000,10,1,measured,204,2026-09-09T14:34:34.234717Z,157667896071445,157667896071445,157667896071445,-1,-1,ok,
std_copy_fastcdr__py_to_py__1000000B__10Hz__shmem_ds__best_effort,publish,pub,py_to_py,copy,std,fastcdr,shmem_ds,1000000,10,1,measured,205,2026-09-09T14:34:34.335262Z,157667996088651,157667996088651,157667996088651,-1,-1,ok,
std_copy_fastcdr__py_to_py__1000000B__10Hz__shmem_ds__best_effort,publish,pub,py_to_py,copy,std,fastcdr,shmem_ds,1000000,10,1,measured,206,2026-09-09T14:34:34.433974Z,157668095437644,157668095437644,157668095437644,-1,-1,ok,
std_copy_fastcdr__py_to_py__1000000B__10Hz__shmem_ds__best_effort,publish,pub,py_to_py,copy,std,fastcdr,shmem_ds,1000000,10,1,measured,207,2026-09-09T14:34:34.533520Z,157668195212442,157668195212442,157668195212442,-1,-1,ok,
std_copy_fastcdr__py_to_py__1000000B__10Hz__shmem_ds__best_effort,publish,pub,py_to_py,copy,std,fastcdr,shmem_ds,1000000,10,1,measured,208,2026-09-09T14:34:34.632519Z,157668294298578,157668294298578,157668294298578,-1,-1,ok,
std_copy_fastcdr__py_to_py__1000000B__10Hz__shmem_ds__best_effort,publish,pub,py_to_py,copy,std,fastcdr,shmem_ds,1000000,10,1,measured,209,2026-09-09T14:34:34.732389Z,157668394068356,157668394068356,157668394068356,-1,-1,ok,
std_copy_fastcdr__py_to_py__1000000B__10Hz__shmem_ds__best_effort,publish,pub,py_to_py,copy,std,fastcdr,shmem_ds,1000000,10,1,measured,210,2026-09-09T14:34:34.833761Z,157668495066885,157668495066885,157668495066885,-1,-1,ok,
std_copy_fastcdr__py_to_py__1000000B__10Hz__shmem_ds__best_effort,publish,pub,py_to_py,copy,std,fastcdr,shmem_ds,1000000,10,1,measured,211,2026-09-09T14:34:34.933130Z,157668594634552,157668594634552,157668594634552,-1,-1,ok,
std_copy_fastcdr__py_to_py__1000000B__10Hz__shmem_ds__best_effort,publish,pub,py_to_py,copy,std,fastcdr,shmem_ds,1000000,10,1,measured,212,2026-09-09T14:34:35.033882Z,157668695211534,157668695211534,157668695211534,-1,-1,ok,
std_copy_fastcdr__py_to_py__1000000B__10Hz__shmem_ds__best_effort,publish,pub,py_to_py,copy,std,fastcdr,shmem_ds,1000000,10,1,measured,213,2026-09-09T14:34:35.133885Z,157668795137248,157668795137248,157668795137248,-1,-1,ok,
std_copy_fastcdr__py_to_py__1000000B__10Hz__shmem_ds__best_effort,publish,pub,py_to_py,copy,std,fastcdr,shmem_ds,1000000,10,1,measured,214,2026-09-09T14:34:35.233700Z,157668894983191,157668894983191,157668894983191,-1,-1,ok,
std_copy_fastcdr__py_to_py__1000000B__10Hz__shmem_ds__best_effort,publish,pub,py_to_py,copy,std,fastcdr,shmem_ds,1000000,10,1,measured,215,2026-09-09T14:34:35.334621Z,157668995913624,157668995913624,157668995913624,-1,-1,ok,
std_copy_fastcdr__py_to_py__1000000B__10Hz__shmem_ds__best_effort,publish,pub,py_to_py,copy,std,fastcdr,shmem_ds,1000000,10,1,measured,216,2026-09-09T14:34:35.435348Z,157669096857862,157669096857862,157669096857862,-1,-1,ok,
std_copy_fastcdr__py_to_py__1000000B__10Hz__shmem_ds__best_effort,publish,pub,py_to_py,copy,std,fastcdr,shmem_ds,1000000,10,1,measured,217,2026-09-09T14:34:35.535630Z,157669196997109,157669196997109,157669196997109,-1,-1,ok,
std_copy_fastcdr__py_to_py__1000000B__10Hz__shmem_ds__best_effort,publish,pub,py_to_py,copy,std,fastcdr,shmem_ds,1000000,10,1,measured,218,2026-09-09T14:34:35.636133Z,157669297424070,157669297424070,157669297424070,-1,-1,ok,
std_copy_fastcdr__py_to_py__1000000B__10Hz__shmem_ds__best_effort,publish,pub,py_to_py,copy,std,fastcdr,shmem_ds,1000000,10,1,measured,219,2026-09-09T14:34:35.734907Z,157669396627861,157669396627861,157669396627861,-1,-1,ok,
std_copy_fastcdr__py_to_py__1000000B__10Hz__shmem_ds__best_effort,publish,pub,py_to_py,copy,std,fastcdr,shmem_ds,1000000,10,1,measured,220,2026-09-09T14:34:35.834618Z,157669496270931,157669496270931,157669496270931,-1,-1,ok,
std_copy_fastcdr__py_to_py__1000000B__10Hz__shmem_ds__best_effort,publish,pub,py_to_py,copy,std,fastcdr,shmem_ds,1000000,10,1,measured,221,2026-09-09T14:34:35.935592Z,157669597218074,157669597218074,157669597218074,-1,-1,ok,
std_copy_fastcdr__py_to_py__1000000B__10Hz__shmem_ds__best_effort,publish,pub,py_to_py,copy,std,fastcdr,shmem_ds,1000000,10,1,measured,222,2026-09-09T14:34:36.036151Z,157669697415502,157669697415502,157669697415502,-1,-1,ok,
std_copy_fastcdr__py_to_py__1000000B__10Hz__shmem_ds__best_effort,publish,pub,py_to_py,copy,std,fastcdr,shmem_ds,1000000,10,1,measured,223,2026-09-09T14:34:36.136171Z,157669797495289,157669797495289,157669797495289,-1,-1,ok,
std_copy_fastcdr__py_to_py__1000000B__10Hz__shmem_ds__best_effort,publish,pub,py_to_py,copy,std,fastcdr,shmem_ds,1000000,10,1,measured,224,2026-09-09T14:34:36.236571Z,157669897968919,157669897968919,157669897968919,-1,-1,ok,
std_copy_fastcdr__py_to_py__1000000B__10Hz__shmem_ds__best_effort,publish,pub,py_to_py,copy,std,fastcdr,shmem_ds,1000000,10,1,measured,225,2026-09-09T14:34:36.335481Z,157669997070008,157669997070008,157669997070008,-1,-1,ok,
std_copy_fastcdr__py_to_py__1000000B__10Hz__shmem_ds__best_effort,publish,pub,py_to_py,copy,std,fastcdr,shmem_ds,1000000,10,1,measured,226,2026-09-09T14:34:36.435695Z,157670097233903,157670097233903,157670097233903,-1,-1,ok,
std_copy_fastcdr__py_to_py__1000000B__10Hz__shmem_ds__best_effort,publish,pub,py_to_py,copy,std,fastcdr,shmem_ds,1000000,10,1,measured,227,2026-09-09T14:34:36.535667Z,157670197302558,157670197302558,157670197302558,-1,-1,ok,
std_copy_fastcdr__py_to_py__1000000B__10Hz__shmem_ds__best_effort,publish,pub,py_to_py,copy,std,fastcdr,shmem_ds,1000000,10,1,measured,228,2026-09-09T14:34:36.636624Z,157670297973561,157670297973561,157670297973561,-1,-1,ok,
std_copy_fastcdr__py_to_py__1000000B__10Hz__shmem_ds__best_effort,publish,pub,py_to_py,copy,std,fastcdr,shmem_ds,1000000,10,1,measured,229,2026-09-09T14:34:36.735959Z,157670397364226,157670397364226,157670397364226,-1,-1,ok,
std_copy_fastcdr__py_to_py__1000000B__10Hz__shmem_ds__best_effort,publish,pub,py_to_py,copy,std,fastcdr,shmem_ds,1000000,10,1,measured,230,2026-09-09T14:34:36.836507Z,157670498179332,157670498179332,157670498179332,-1,-1,ok,
std_copy_fastcdr__py_to_py__1000000B__10Hz__shmem_ds__best_effort,publish,pub,py_to_py,copy,std,fastcdr,shmem_ds,1000000,10,1,measured,231,2026-09-09T14:34:36.935921Z,157670597374357,157670597374357,157670597374357,-1,-1,ok,
std_copy_fastcdr__py_to_py__1000000B__10Hz__shmem_ds__best_effort,publish,pub,py_to_py,copy,std,fastcdr,shmem_ds,1000000,10,1,measured,232,2026-09-09T14:34:37.035513Z,157670696769972,157670696769972,157670696769972,-1,-1,ok,
std_copy_fastcdr__py_to_py__1000000B__10Hz__shmem_ds__best_effort,publish,pub,py_to_py,copy,std,fastcdr,shmem_ds,1000000,10,1,measured,233,2026-09-09T14:34:37.135318Z,157670796894875,157670796894875,157670796894875,-1,-1,ok,
std_copy_fastcdr__py_to_py__1000000B__10Hz__shmem_ds__best_effort,publish,pub,py_to_py,copy,std,fastcdr,shmem_ds,1000000,10,1,measured,234,2026-09-09T14:34:37.235867Z,157670897277835,157670897277835,157670897277835,-1,-1,ok,
std_copy_fastcdr__py_to_py__1000000B__10Hz__shmem_ds__best_effort,publish,pub,py_to_py,copy,std,fastcdr,shmem_ds,1000000,10,1,measured,235,2026-09-09T14:34:37.335073Z,157670996704840,157670996704840,157670996704840,-1,-1,ok,
std_copy_fastcdr__py_to_py__1000000B__10Hz__shmem_ds__best_effort,publish,pub,py_to_py,copy,std,fastcdr,shmem_ds,1000000,10,1,measured,236,2026-09-09T14:34:37.434498Z,157671095968227,157671095968227,157671095968227,-1,-1,ok,
std_copy_fastcdr__py_to_py__1000000B__10Hz__shmem_ds__best_effort,publish,pub,py_to_py,copy,std,fastcdr,shmem_ds,1000000,10,1,measured,237,2026-09-09T14:34:37.535449Z,157671196796640,157671196796640,157671196796640,-1,-1,ok,
std_copy_fastcdr__py_to_py__1000000B__10Hz__shmem_ds__best_effort,publish,pub,py_to_py,copy,std,fastcdr,shmem_ds,1000000,10,1,measured,238,2026-09-09T14:34:37.634902Z,157671296294147,157671296294147,157671296294147,-1,-1,ok,
std_copy_fastcdr__py_to_py__1000000B__10Hz__shmem_ds__best_effort,publish,pub,py_to_py,copy,std,fastcdr,shmem_ds,1000000,10,1,measured,239,2026-09-09T14:34:37.734854Z,157671396436022,157671396436022,157671396436022,-1,-1,ok,
std_copy_fastcdr__py_to_py__1000000B__10Hz__shmem_ds__best_effort,publish,pub,py_to_py,copy,std,fastcdr,shmem_ds,1000000,10,1,measured,240,2026-09-09T14:34:37.834947Z,157671496639415,157671496639415,157671496639415,-1,-1,ok,
std_copy_fastcdr__py_to_py__1000000B__10Hz__shmem_ds__best_effort,publish,pub,py_to_py,copy,std,fastcdr,shmem_ds,1000000,10,1,measured,241,2026-09-09T14:34:37.934791Z,157671596504657,157671596504657,157671596504657,-1,-1,ok,
std_copy_fastcdr__py_to_py__1000000B__10Hz__shmem_ds__best_effort,publish,pub,py_to_py,copy,std,fastcdr,shmem_ds,1000000,10,1,measured,242,2026-09-09T14:34:38.035434Z,157671696718490,157671696718490,157671696718490,-1,-1,ok,
std_copy_fastcdr__py_to_py__1000000B__10Hz__shmem_ds__best_effort,publish,pub,py_to_py,copy,std,fastcdr,shmem_ds,1000000,10,1,measured,243,2026-09-09T14:34:38.135116Z,157671796731543,157671796731543,157671796731543,-1,-1,ok,
std_copy_fastcdr__py_to_py__1000000B__10Hz__shmem_ds__best_effort,publish,pub,py_to_py,copy,std,fastcdr,shmem_ds,1000000,10,1,measured,244,2026-09-09T14:34:38.236159Z,157671897593560,157671897593560,157671897593560,-1,-1,ok,
std_copy_fastcdr__py_to_py__1000000B__10Hz__shmem_ds__best_effort,publish,pub,py_to_py,copy,std,fastcdr,shmem_ds,1000000,10,1,measured,245,2026-09-09T14:34:38.335544Z,157671997012972,157671997012972,157671997012972,-1,-1,ok,
std_copy_fastcdr__py_to_py__1000000B__10Hz__shmem_ds__best_effort,publish,pub,py_to_py,copy,std,fastcdr,shmem_ds,1000000,10,1,measured,246,2026-09-09T14:34:38.435980Z,157672097425089,157672097425089,157672097425089,-1,-1,ok,
std_copy_fastcdr__py_to_py__1000000B__10Hz__shmem_ds__best_effort,publish,pub,py_to_py,copy,std,fastcdr,shmem_ds,1000000,10,1,measured,247,2026-09-09T14:34:38.535191Z,157672196879147,157672196879147,157672196879147,-1,-1,ok,
std_copy_fastcdr__py_to_py__1000000B__10Hz__shmem_ds__best_effort,publish,pub,py_to_py,copy,std,fastcdr,shmem_ds,1000000,10,1,measured,248,2026-09-09T14:34:38.635229Z,157672296699727,157672296699727,157672296699727,-1,-1,ok,
std_copy_fastcdr__py_to_py__1000000B__10Hz__shmem_ds__best_effort,publish,pub,py_to_py,copy,std,fastcdr,shmem_ds,1000000,10,1,measured,249,2026-09-09T14:34:38.735327Z,157672397027946,157672397027946,157672397027946,-1,-1,ok,
std_copy_fastcdr__py_to_py__1000000B__10Hz__shmem_ds__best_effort,publish,pub,py_to_py,copy,std,fastcdr,shmem_ds,1000000,10,1,measured,250,2026-09-09T14:34:38.834950Z,157672496614223,157672496614223,157672496614223,-1,-1,ok,
std_copy_fastcdr__py_to_py__1000000B__10Hz__shmem_ds__best_effort,publish,pub,py_to_py,copy,std,fastcdr,shmem_ds,1000000,10,1,measured,251,2026-09-09T14:34:38.935046Z,157672596333622,157672596333622,157672596333622,-1,-1,ok,
std_copy_fastcdr__py_to_py__1000000B__10Hz__shmem_ds__best_effort,publish,pub,py_to_py,copy,std,fastcdr,shmem_ds,1000000,10,1,measured,252,2026-09-09T14:34:39.035576Z,157672696851209,157672696851209,157672696851209,-1,-1,ok,
std_copy_fastcdr__py_to_py__1000000B__10Hz__shmem_ds__best_effort,publish,pub,py_to_py,copy,std,fastcdr,shmem_ds,1000000,10,1,measured,253,2026-09-09T14:34:39.134701Z,157672795955428,157672795955428,157672795955428,-1,-1,ok,
std_copy_fastcdr__py_to_py__1000000B__10Hz__shmem_ds__best_effort,publish,pub,py_to_py,copy,std,fastcdr,shmem_ds,1000000,10,1,measured,254,2026-09-09T14:34:39.234433Z,157672895860078,157672895860078,157672895860078,-1,-1,ok,
std_copy_fastcdr__py_to_py__1000000B__10Hz__shmem_ds__best_effort,publish,pub,py_to_py,copy,std,fastcdr,shmem_ds,1000000,10,1,measured,255,2026-09-09T14:34:39.335701Z,157672996848034,157672996848034,157672996848034,-1,-1,ok,
std_copy_fastcdr__py_to_py__1000000B__10Hz__shmem_ds__best_effort,publish,pub,py_to_py,copy,std,fastcdr,shmem_ds,1000000,10,1,measured,256,2026-09-09T14:34:39.436321Z,157673097848466,157673097848466,157673097848466,-1,-1,ok,
std_copy_fastcdr__py_to_py__1000000B__10Hz__shmem_ds__best_effort,publish,pub,py_to_py,copy,std,fastcdr,shmem_ds,1000000,10,1,measured,257,2026-09-09T14:34:39.535275Z,157673196945790,157673196945790,157673196945790,-1,-1,ok,
std_copy_fastcdr__py_to_py__1000000B__10Hz__shmem_ds__best_effort,publish,pub,py_to_py,copy,std,fastcdr,shmem_ds,1000000,10,1,measured,258,2026-09-09T14:34:39.635353Z,157673296496601,157673296496601,157673296496601,-1,-1,ok,
std_copy_fastcdr__py_to_py__1000000B__10Hz__shmem_ds__best_effort,publish,pub,py_to_py,copy,std,fastcdr,shmem_ds,1000000,10,1,measured,259,2026-09-09T14:34:39.734241Z,157673395906899,157673395906899,157673395906899,-1,-1,ok,
std_copy_fastcdr__py_to_py__1000000B__10Hz__shmem_ds__best_effort,publish,pub,py_to_py,copy,std,fastcdr,shmem_ds,1000000,10,1,measured,260,2026-09-09T14:34:39.835163Z,157673496792461,157673496792461,157673496792461,-1,-1,ok,
std_copy_fastcdr__py_to_py__1000000B__10Hz__shmem_ds__best_effort,publish,pub,py_to_py,copy,std,fastcdr,shmem_ds,1000000,10,1,measured,261,2026-09-09T14:34:39.936191Z,157673597648179,157673597648179,157673597648179,-1,-1,ok,
std_copy_fastcdr__py_to_py__1000000B__10Hz__shmem_ds__best_effort,publish,pub,py_to_py,copy,std,fastcdr,shmem_ds,1000000,10,1,measured,262,2026-09-09T14:34:40.037065Z,157673698372236,157673698372236,157673698372236,-1,-1,ok,
std_copy_fastcdr__py_to_py__1000000B__10Hz__shmem_ds__best_effort,publish,pub,py_to_py,copy,std,fastcdr,shmem_ds,1000000,10,1,measured,263,2026-09-09T14:34:40.136606Z,157673798032787,157673798032787,157673798032787,-1,-1,ok,
std_copy_fastcdr__py_to_py__1000000B__10Hz__shmem_ds__best_effort,publish,pub,py_to_py,copy,std,fastcdr,shmem_ds,1000000,10,1,measured,264,2026-09-09T14:34:40.235715Z,157673897366310,157673897366310,157673897366310,-1,-1,ok,
std_copy_fastcdr__py_to_py__1000000B__10Hz__shmem_ds__best_effort,publish,pub,py_to_py,copy,std,fastcdr,shmem_ds,1000000,10,1,measured,265,2026-09-09T14:34:40.336878Z,157673998125796,157673998125796,157673998125796,-1,-1,ok,
std_copy_fastcdr__py_to_py__1000000B__10Hz__shmem_ds__best_effort,publish,pub,py_to_py,copy,std,fastcdr,shmem_ds,1000000,10,1,measured,266,2026-09-09T14:34:40.436783Z,157674098451633,157674098451633,157674098451633,-1,-1,ok,
std_copy_fastcdr__py_to_py__1000000B__10Hz__shmem_ds__best_effort,publish,pub,py_to_py,copy,std,fastcdr,shmem_ds,1000000,10,1,measured,267,2026-09-09T14:34:40.536955Z,157674198636564,157674198636564,157674198636564,-1,-1,ok,
std_copy_fastcdr__py_to_py__1000000B__10Hz__shmem_ds__best_effort,publish,pub,py_to_py,copy,std,fastcdr,shmem_ds,1000000,10,1,measured,268,2026-09-09T14:34:40.638102Z,157674299649178,157674299649178,157674299649178,-1,-1,ok,
std_copy_fastcdr__py_to_py__1000000B__10Hz__shmem_ds__best_effort,publish,pub,py_to_py,copy,std,fastcdr,shmem_ds,1000000,10,1,measured,269,2026-09-09T14:34:40.738265Z,157674399945841,157674399945841,157674399945841,-1,-1,ok,
std_copy_fastcdr__py_to_py__1000000B__10Hz__shmem_ds__best_effort,publish,pub,py_to_py,copy,std,fastcdr,shmem_ds,1000000,10,1,measured,270,2026-09-09T14:34:40.837725Z,157674499038789,157674499038789,157674499038789,-1,-1,ok,
std_copy_fastcdr__py_to_py__1000000B__10Hz__shmem_ds__best_effort,publish,pub,py_to_py,copy,std,fastcdr,shmem_ds,1000000,10,1,measured,271,2026-09-09T14:34:40.938392Z,157674599654323,157674599654323,157674599654323,-1,-1,ok,
std_copy_fastcdr__py_to_py__1000000B__10Hz__shmem_ds__best_effort,publish,pub,py_to_py,copy,std,fastcdr,shmem_ds,1000000,10,1,measured,272,2026-09-09T14:34:41.037962Z,157674699288665,157674699288665,157674699288665,-1,-1,ok,
std_copy_fastcdr__py_to_py__1000000B__10Hz__shmem_ds__best_effort,publish,pub,py_to_py,copy,std,fastcdr,shmem_ds,1000000,10,1,measured,273,2026-09-09T14:34:41.138090Z,157674799538711,157674799538711,157674799538711,-1,-1,ok,
std_copy_fastcdr__py_to_py__1000000B__10Hz__shmem_ds__best_effort,publish,pub,py_to_py,copy,std,fastcdr,shmem_ds,1000000,10,1,measured,274,2026-09-09T14:34:41.239032Z,157674900432443,157674900432443,157674900432443,-1,-1,ok,
std_copy_fastcdr__py_to_py__1000000B__10Hz__shmem_ds__best_effort,publish,pub,py_to_py,copy,std,fastcdr,shmem_ds,1000000,10,1,measured,275,2026-09-09T14:34:41.338400Z,157674999707987,157674999707987,157674999707987,-1,-1,ok,
std_copy_fastcdr__py_to_py__1000000B__10Hz__shmem_ds__best_effort,publish,pub,py_to_py,copy,std,fastcdr,shmem_ds,1000000,10,1,measured,276,2026-09-09T14:34:41.437265Z,157675098898122,157675098898122,157675098898122,-1,-1,ok,
std_copy_fastcdr__py_to_py__1000000B__10Hz__shmem_ds__best_effort,publish,pub,py_to_py,copy,std,fastcdr,shmem_ds,1000000,10,1,measured,277,2026-09-09T14:34:41.536385Z,157675198062936,157675198062936,157675198062936,-1,-1,ok,
std_copy_fastcdr__py_to_py__1000000B__10Hz__shmem_ds__best_effort,publish,pub,py_to_py,copy,std,fastcdr,shmem_ds,1000000,10,1,measured,278,2026-09-09T14:34:41.636677Z,157675298240917,157675298240917,157675298240917,-1,-1,ok,
std_copy_fastcdr__py_to_py__1000000B__10Hz__shmem_ds__best_effort,publish,pub,py_to_py,copy,std,fastcdr,shmem_ds,1000000,10,1,measured,279,2026-09-09T14:34:41.736427Z,157675397810626,157675397810626,157675397810626,-1,-1,ok,
std_copy_fastcdr__py_to_py__1000000B__10Hz__shmem_ds__best_effort,publish,pub,py_to_py,copy,std,fastcdr,shmem_ds,1000000,10,1,measured,280,2026-09-09T14:34:41.836314Z,157675497963117,157675497963117,157675497963117,-1,-1,ok,
std_copy_fastcdr__py_to_py__1000000B__10Hz__shmem_ds__best_effort,publish,pub,py_to_py,copy,std,fastcdr,shmem_ds,1000000,10,1,measured,281,2026-09-09T14:34:41.937086Z,157675598474917,157675598474917,157675598474917,-1,-1,ok,
std_copy_fastcdr__py_to_py__1000000B__10Hz__shmem_ds__best_effort,publish,pub,py_to_py,copy,std,fastcdr,shmem_ds,1000000,10,1,measured,282,2026-09-09T14:34:42.036582Z,157675697881519,157675697881519,157675697881519,-1,-1,ok,
std_copy_fastcdr__py_to_py__1000000B__10Hz__shmem_ds__best_effort,publish,pub,py_to_py,copy,std,fastcdr,shmem_ds,1000000,10,1,measured,283,2026-09-09T14:34:42.136532Z,157675798158368,157675798158368,157675798158368,-1,-1,ok,
std_copy_fastcdr__py_to_py__1000000B__10Hz__shmem_ds__best_effort,publish,pub,py_to_py,copy,std,fastcdr,shmem_ds,1000000,10,1,measured,284,2026-09-09T14:34:42.236092Z,157675897643099,157675897643099,157675897643099,-1,-1,ok,
std_copy_fastcdr__py_to_py__1000000B__10Hz__shmem_ds__best_effort,publish,pub,py_to_py,copy,std,fastcdr,shmem_ds,1000000,10,1,measured,285,2026-09-09T14:34:42.336335Z,157675997637243,157675997637243,157675997637243,-1,-1,ok,
std_copy_fastcdr__py_to_py__1000000B__10Hz__shmem_ds__best_effort,publish,pub,py_to_py,copy,std,fastcdr,shmem_ds,1000000,10,1,measured,286,2026-09-09T14:34:42.436713Z,157676098394277,157676098394277,157676098394277,-1,-1,ok,
std_copy_fastcdr__py_to_py__1000000B__10Hz__shmem_ds__best_effort,publish,pub,py_to_py,copy,std,fastcdr,shmem_ds,1000000,10,1,measured,287,2026-09-09T14:34:42.537369Z,157676199067043,157676199067043,157676199067043,-1,-1,ok,
std_copy_fastcdr__py_to_py__1000000B__10Hz__shmem_ds__best_effort,publish,pub,py_to_py,copy,std,fastcdr,shmem_ds,1000000,10,1,measured,288,2026-09-09T14:34:42.636908Z,157676298316500,157676298316500,157676298316500,-1,-1,ok,
std_copy_fastcdr__py_to_py__1000000B__10Hz__shmem_ds__best_effort,publish,pub,py_to_py,copy,std,fastcdr,shmem_ds,1000000,10,1,measured,289,2026-09-09T14:34:42.736400Z,157676398106978,157676398106978,157676398106978,-1,-1,ok,
std_copy_fastcdr__py_to_py__1000000B__10Hz__shmem_ds__best_effort,publish,pub,py_to_py,copy,std,fastcdr,shmem_ds,1000000,10,1,measured,290,2026-09-09T14:34:42.835980Z,157676497660440,157676497660440,157676497660440,-1,-1,ok,
std_copy_fastcdr__py_to_py__1000000B__10Hz__shmem_ds__best_effort,publish,pub,py_to_py,copy,std,fastcdr,shmem_ds,1000000,10,1,measured,291,2026-09-09T14:34:42.935344Z,157676596741038,157676596741038,157676596741038,-1,-1,ok,
std_copy_fastcdr__py_to_py__1000000B__10Hz__shmem_ds__best_effort,publish,pub,py_to_py,copy,std,fastcdr,shmem_ds,1000000,10,1,measured,292,2026-09-09T14:34:43.036040Z,157676697301463,157676697301463,157676697301463,-1,-1,ok,
std_copy_fastcdr__py_to_py__1000000B__10Hz__shmem_ds__best_effort,publish,pub,py_to_py,copy,std,fastcdr,shmem_ds,1000000,10,1,measured,293,2026-09-09T14:34:43.136128Z,157676797549727,157676797549727,157676797549727,-1,-1,ok,
std_copy_fastcdr__py_to_py__1000000B__10Hz__shmem_ds__best_effort,publish,pub,py_to_py,copy,std,fastcdr,shmem_ds,1000000,10,1,measured,294,2026-09-09T14:34:43.235270Z,157676896992120,157676896992120,157676896992120,-1,-1,ok,
std_copy_fastcdr__py_to_py__1000000B__10Hz__shmem_ds__best_effort,publish,pub,py_to_py,copy,std,fastcdr,shmem_ds,1000000,10,1,measured,295,2026-09-09T14:34:43.336119Z,157676997520985,157676997520985,157676997520985,-1,-1,ok,
std_copy_fastcdr__py_to_py__1000000B__10Hz__shmem_ds__best_effort,publish,pub,py_to_py,copy,std,fastcdr,shmem_ds,1000000,10,1,measured,296,2026-09-09T14:34:43.436118Z,157677097622984,157677097622984,157677097622984,-1,-1,ok,
std_copy_fastcdr__py_to_py__1000000B__10Hz__shmem_ds__best_effort,publish,pub,py_to_py,copy,std,fastcdr,shmem_ds,1000000,10,1,measured,297,2026-09-09T14:34:43.535764Z,157677197450634,157677197450634,157677197450634,-1,-1,ok,
std_copy_fastcdr__py_to_py__1000000B__10Hz__shmem_ds__best_effort,publish,pub,py_to_py,copy,std,fastcdr,shmem_ds,1000000,10,1,measured,298,2026-09-09T14:34:43.634928Z,157677296495116,157677296495116,157677296495116,-1,-1,ok,
std_copy_fastcdr__py_to_py__1000000B__10Hz__shmem_ds__best_effort,publish,pub,py_to_py,copy,std,fastcdr,shmem_ds,1000000,10,1,measured,299,2026-09-09T14:34:43.733929Z,157677395630248,157677395630248,157677395630248,-1,-1,ok,
std_copy_fastcdr__py_to_py__1000000B__10Hz__shmem_ds__best_effort,publish,pub,py_to_py,copy,std,fastcdr,shmem_ds,1000000,10,1,measured,300,2026-09-09T14:34:43.834666Z,157677496369130,157677496369130,157677496369130,-1,-1,ok,
std_copy_fastcdr__py_to_py__1000000B__10Hz__shmem_ds__best_effort,receive,sub,py_to_py,copy,std,fastcdr,shmem_ds,1000000,10,1,measured,0,2026-09-09T14:34:13.842427Z,157647504607393,157647500193287,157647504607393,1788964453838725975,1788964453840590576,ok,
std_copy_fastcdr__py_to_py__1000000B__10Hz__shmem_ds__best_effort,receive,sub,py_to_py,copy,std,fastcdr,shmem_ds,1000000,10,1,measured,1,2026-09-09T14:34:13.941515Z,157647603694891,157647600772482,157647603694891,1788964453939238504,1788964453939703462,ok,
std_copy_fastcdr__py_to_py__1000000B__10Hz__shmem_ds__best_effort,receive,sub,py_to_py,copy,std,fastcdr,shmem_ds,1000000,10,1,measured,2,2026-09-09T14:34:14.040323Z,157647702509656,157647699823623,157647702509656,1788964454037781455,1788964454038546490,ok,
std_copy_fastcdr__py_to_py__1000000B__10Hz__shmem_ds__best_effort,receive,sub,py_to_py,copy,std,fastcdr,shmem_ds,1000000,10,1,measured,3,2026-09-09T14:34:14.139933Z,157647802105424,157647799384526,157647802105424,1788964454137324143,1788964454137771128,ok,
std_copy_fastcdr__py_to_py__1000000B__10Hz__shmem_ds__best_effort,receive,sub,py_to_py,copy,std,fastcdr,shmem_ds,1000000,10,1,measured,4,2026-09-09T14:34:14.239042Z,157647901227319,157647898912597,157647901227319,1788964454237042555,1788964454237603233,ok,
std_copy_fastcdr__py_to_py__1000000B__10Hz__shmem_ds__best_effort,receive,sub,py_to_py,copy,std,fastcdr,shmem_ds,1000000,10,1,measured,5,2026-09-09T14:34:14.339137Z,157648001319757,157647999239358,157648001319757,1788964454337159479,1788964454337488209,ok,
std_copy_fastcdr__py_to_py__1000000B__10Hz__shmem_ds__best_effort,receive,sub,py_to_py,copy,std,fastcdr,shmem_ds,1000000,10,1,measured,6,2026-09-09T14:34:14.439734Z,157648101920894,157648099632232,157648101920894,1788964454437607006,1788964454438074639,ok,
std_copy_fastcdr__py_to_py__1000000B__10Hz__shmem_ds__best_effort,receive,sub,py_to_py,copy,std,fastcdr,shmem_ds,1000000,10,1,measured,7,2026-09-09T14:34:14.540643Z,157648202829773,157648200531703,157648202829773,1788964454538641092,1788964454539199987,ok,
std_copy_fastcdr__py_to_py__1000000B__10Hz__shmem_ds__best_effort,receive,sub,py_to_py,copy,std,fastcdr,shmem_ds,1000000,10,1,measured,8,2026-09-09T14:34:14.639973Z,157648302156686,157648299632920,157648302156686,1788964454637598887,1788964454638068043,ok,
std_copy_fastcdr__py_to_py__1000000B__10Hz__shmem_ds__best_effort,receive,sub,py_to_py,copy,std,fastcdr,shmem_ds,1000000,10,1,measured,9,2026-09-09T14:34:14.739797Z,157648401983751,157648399463131,157648401983751,1788964454737544717,1788964454738326443,ok,
std_copy_fastcdr__py_to_py__1000000B__10Hz__shmem_ds__best_effort,receive,sub,py_to_py,copy,std,fastcdr,shmem_ds,1000000,10,1,measured,10,2026-09-09T14:34:14.838427Z,157648500614408,157648498483674,157648500614408,1788964454836455122,1788964454836911684,ok,
std_copy_fastcdr__py_to_py__1000000B__10Hz__shmem_ds__best_effort,receive,sub,py_to_py,copy,std,fastcdr,shmem_ds,1000000,10,1,measured,11,2026-09-09T14:34:14.938235Z,157648600424122,157648597966681,157648600424122,1788964454936050861,1788964454936632129,ok,
std_copy_fastcdr__py_to_py__1000000B__10Hz__shmem_ds__best_effort,receive,sub,py_to_py,copy,std,fastcdr,shmem_ds,1000000,10,1,measured,12,2026-09-09T14:34:15.037900Z,157648700079183,157648697958148,157648700079183,1788964455035913896,1788964455036351733,ok,
std_copy_fastcdr__py_to_py__1000000B__10Hz__shmem_ds__best_effort,receive,sub,py_to_py,copy,std,fastcdr,shmem_ds,1000000,10,1,measured,13,2026-09-09T14:34:15.137012Z,157648799200889,157648797071147,157648799200889,1788964455135052042,1788964455135526488,ok,
std_copy_fastcdr__py_to_py__1000000B__10Hz__shmem_ds__best_effort,receive,sub,py_to_py,copy,std,fastcdr,shmem_ds,1000000,10,1,measured,14,2026-09-09T14:34:15.236223Z,157648898410451,157648896380116,157648898410451,1788964455234336516,1788964455234748033,ok,
std_copy_fastcdr__py_to_py__1000000B__10Hz__shmem_ds__best_effort,receive,sub,py_to_py,copy,std,fastcdr,shmem_ds,1000000,10,1,measured,15,2026-09-09T14:34:15.336620Z,157648998808156,157648996702540,157648998808156,1788964455334666834,1788964455335152041,ok,
std_copy_fastcdr__py_to_py__1000000B__10Hz__shmem_ds__best_effort,receive,sub,py_to_py,copy,std,fastcdr,shmem_ds,1000000,10,1,measured,16,2026-09-09T14:34:15.436800Z,157649098987740,157649096766445,157649098987740,1788964455434719147,1788964455435116768,ok,
std_copy_fastcdr__py_to_py__1000000B__10Hz__shmem_ds__best_effort,receive,sub,py_to_py,copy,std,fastcdr,shmem_ds,1000000,10,1,measured,17,2026-09-09T14:34:15.536108Z,157649198294233,157649196242018,157649198294233,1788964455534188559,1788964455534622418,ok,
std_copy_fastcdr__py_to_py__1000000B__10Hz__shmem_ds__best_effort,receive,sub,py_to_py,copy,std,fastcdr,shmem_ds,1000000,10,1,measured,18,2026-09-09T14:34:15.636077Z,157649298266055,157649296375635,157649298266055,1788964455634309291,1788964455634642039,ok,
std_copy_fastcdr__py_to_py__1000000B__10Hz__shmem_ds__best_effort,receive,sub,py_to_py,copy,std,fastcdr,shmem_ds,1000000,10,1,measured,19,2026-09-09T14:34:15.737206Z,157649399393138,157649397021309,157649399393138,1788964455734969953,1788964455735400226,ok,
std_copy_fastcdr__py_to_py__1000000B__10Hz__shmem_ds__best_effort,receive,sub,py_to_py,copy,std,fastcdr,shmem_ds,1000000,10,1,measured,20,2026-09-09T14:34:15.835891Z,157649498078038,157649496039849,157649498078038,1788964455833994435,1788964455834427643,ok,
std_copy_fastcdr__py_to_py__1000000B__10Hz__shmem_ds__best_effort,receive,sub,py_to_py,copy,std,fastcdr,shmem_ds,1000000,10,1,measured,21,2026-09-09T14:34:15.936846Z,157649599033778,157649596700041,157649599033778,1788964455934643245,1788964455935035887,ok,
std_copy_fastcdr__py_to_py__1000000B__10Hz__shmem_ds__best_effort,receive,sub,py_to_py,copy,std,fastcdr,shmem_ds,1000000,10,1,measured,22,2026-09-09T14:34:16.037495Z,157649699673591,157649697116972,157649699673591,1788964456035182368,1788964456035886257,ok,
std_copy_fastcdr__py_to_py__1000000B__10Hz__shmem_ds__best_effort,receive,sub,py_to_py,copy,std,fastcdr,shmem_ds,1000000,10,1,measured,23,2026-09-09T14:34:16.136947Z,157649799127245,157649796760816,157649799127245,1788964456134826953,1788964456135213433,ok,
std_copy_fastcdr__py_to_py__1000000B__10Hz__shmem_ds__best_effort,receive,sub,py_to_py,copy,std,fastcdr,shmem_ds,1000000,10,1,measured,24,2026-09-09T14:34:16.236053Z,157649898240166,157649896021025,157649898240166,1788964456233975570,1788964456234432063,ok,
std_copy_fastcdr__py_to_py__1000000B__10Hz__shmem_ds__best_effort,receive,sub,py_to_py,copy,std,fastcdr,shmem_ds,1000000,10,1,measured,25,2026-09-09T14:34:16.338191Z,157650000365445,157649997057719,157650000365445,1788964456335205489,1788964456335942892,ok,
std_copy_fastcdr__py_to_py__1000000B__10Hz__shmem_ds__best_effort,receive,sub,py_to_py,copy,std,fastcdr,shmem_ds,1000000,10,1,measured,26,2026-09-09T14:34:16.437277Z,157650099461424,157650096732050,157650099461424,1788964456434838833,1788964456435634085,ok,
std_copy_fastcdr__py_to_py__1000000B__10Hz__shmem_ds__best_effort,receive,sub,py_to_py,copy,std,fastcdr,shmem_ds,1000000,10,1,measured,27,2026-09-09T14:34:16.535963Z,157650198147299,157650195817368,157650198147299,1788964456533765332,1788964456534202818,ok,
std_copy_fastcdr__py_to_py__1000000B__10Hz__shmem_ds__best_effort,receive,sub,py_to_py,copy,std,fastcdr,shmem_ds,1000000,10,1,measured,28,2026-09-09T14:34:16.634895Z,157650297081171,157650294986155,157650297081171,1788964456632914401,1788964456633206563,ok,
std_copy_fastcdr__py_to_py__1000000B__10Hz__shmem_ds__best_effort,receive,sub,py_to_py,copy,std,fastcdr,shmem_ds,1000000,10,1,measured,29,2026-09-09T14:34:16.735690Z,157650397875778,157650395708475,157650397875778,1788964456733657340,1788964456734100677,ok,
std_copy_fastcdr__py_to_py__1000000B__10Hz__shmem_ds__best_effort,receive,sub,py_to_py,copy,std,fastcdr,shmem_ds,1000000,10,1,measured,30,2026-09-09T14:34:16.835888Z,157650498074789,157650495913969,157650498074789,1788964456833874225,1788964456834306532,ok,
std_copy_fastcdr__py_to_py__1000000B__10Hz__shmem_ds__best_effort,receive,sub,py_to_py,copy,std,fastcdr,shmem_ds,1000000,10,1,measured,31,2026-09-09T14:34:16.936561Z,157650598738710,157650596516783,157650598738710,1788964456934463955,1788964456934902914,ok,
std_copy_fastcdr__py_to_py__1000000B__10Hz__shmem_ds__best_effort,receive,sub,py_to_py,copy,std,fastcdr,shmem_ds,1000000,10,1,measured,32,2026-09-09T14:34:17.036873Z,157650699060033,157650696973692,157650699060033,1788964457034932155,1788964457035361897,ok,
std_copy_fastcdr__py_to_py__1000000B__10Hz__shmem_ds__best_effort,receive,sub,py_to_py,copy,std,fastcdr,shmem_ds,1000000,10,1,measured,33,2026-09-09T14:34:17.137198Z,157650799378431,157650797040696,157650799378431,1788964457135071767,1788964457135655760,ok,
std_copy_fastcdr__py_to_py__1000000B__10Hz__shmem_ds__best_effort,receive,sub,py_to_py,copy,std,fastcdr,shmem_ds,1000000,10,1,measured,34,2026-09-09T14:34:17.238136Z,157650900325487,157650898027908,157650900325487,1788964457236035535,1788964457236486316,ok,
std_copy_fastcdr__py_to_py__1000000B__10Hz__shmem_ds__best_effort,receive,sub,py_to_py,copy,std,fastcdr,shmem_ds,1000000,10,1,measured,35,2026-09-09T14:34:17.337731Z,157650999912605,157650997715425,157650999912605,1788964457335652949,1788964457336030061,ok,
std_copy_fastcdr__py_to_py__1000000B__10Hz__shmem_ds__best_effort,receive,sub,py_to_py,copy,std,fastcdr,shmem_ds,1000000,10,1,measured,36,2026-09-09T14:34:17.437978Z,157651100162534,157651097856790,157651100162534,1788964457435864126,1788964457436373948,ok,
std_copy_fastcdr__py_to_py__1000000B__10Hz__shmem_ds__best_effort,receive,sub,py_to_py,copy,std,fastcdr,shmem_ds,1000000,10,1,measured,37,2026-09-09T14:34:17.538527Z,157651200713753,157651198511003,157651200713753,1788964457536462633,1788964457536909297,ok,
std_copy_fastcdr__py_to_py__1000000B__10Hz__shmem_ds__best_effort,receive,sub,py_to_py,copy,std,fastcdr,shmem_ds,1000000,10,1,measured,38,2026-09-09T14:34:17.638672Z,157651300854446,157651298728712,157651300854446,1788964457636661156,1788964457636997261,ok,
std_copy_fastcdr__py_to_py__1000000B__10Hz__shmem_ds__best_effort,receive,sub,py_to_py,copy,std,fastcdr,shmem_ds,1000000,10,1,measured,39,2026-09-09T14:34:17.739341Z,157651401528387,157651399443319,157651401528387,1788964457737375272,1788964457737730303,ok,
std_copy_fastcdr__py_to_py__1000000B__10Hz__shmem_ds__best_effort,receive,sub,py_to_py,copy,std,fastcdr,shmem_ds,1000000,10,1,measured,40,2026-09-09T14:34:17.839496Z,157651501683226,157651499616583,157651501683226,1788964457837565669,1788964457838017883,ok,
std_copy_fastcdr__py_to_py__1000000B__10Hz__shmem_ds__best_effort,receive,sub,py_to_py,copy,std,fastcdr,shmem_ds,1000000,10,1,measured,41,2026-09-09T14:34:17.940071Z,157651602259151,157651600028168,157651602259151,1788964457937979748,1788964457938395834,ok,
std_copy_fastcdr__py_to_py__1000000B__10Hz__shmem_ds__best_effort,receive,sub,py_to_py,copy,std,fastcdr,shmem_ds,1000000,10,1,measured,42,2026-09-09T14:34:18.039374Z,157651701561091,157651699228125,157651701561091,1788964458037286888,1788964458037885939,ok,
std_copy_fastcdr__py_to_py__1000000B__10Hz__shmem_ds__best_effort,receive,sub,py_to_py,copy,std,fastcdr,shmem_ds,1000000,10,1,measured,43,2026-09-09T14:34:18.138807Z,157651800988208,157651798691320,157651800988208,1788964458136785239,1788964458137244426,ok,
std_copy_fastcdr__py_to_py__1000000B__10Hz__shmem_ds__best_effort,receive,sub,py_to_py,copy,std,fastcdr,shmem_ds,1000000,10,1,measured,44,2026-09-09T14:34:18.238309Z,157651900498883,157651898172670,157651900498883,1788964458236191166,1788964458236697883,ok,
std_copy_fastcdr__py_to_py__1000000B__10Hz__shmem_ds__best_effort,receive,sub,py_to_py,copy,std,fastcdr,shmem_ds,1000000,10,1,measured,45,2026-09-09T14:34:18.337301Z,157651999479506,157651997321320,157651999479506,1788964458335257641,1788964458335688956,ok,
std_copy_fastcdr__py_to_py__1000000B__10Hz__shmem_ds__best_effort,receive,sub,py_to_py,copy,std,fastcdr,shmem_ds,1000000,10,1,measured,46,2026-09-09T14:34:18.437126Z,157652099312970,157652096778443,157652099312970,1788964458434722630,1788964458435129879,ok,
std_copy_fastcdr__py_to_py__1000000B__10Hz__shmem_ds__best_effort,receive,sub,py_to_py,copy,std,fastcdr,shmem_ds,1000000,10,1,measured,47,2026-09-09T14:34:18.536127Z,157652198313221,157652196012957,157652198313221,1788964458533960609,1788964458534399749,ok,
std_copy_fastcdr__py_to_py__1000000B__10Hz__shmem_ds__best_effort,receive,sub,py_to_py,copy,std,fastcdr,shmem_ds,1000000,10,1,measured,48,2026-09-09T14:34:18.635422Z,157652297610052,157652295535194,157652297610052,1788964458633469602,1788964458633832778,ok,
std_copy_fastcdr__py_to_py__1000000B__10Hz__shmem_ds__best_effort,receive,sub,py_to_py,copy,std,fastcdr,shmem_ds,1000000,10,1,measured,49,2026-09-09T14:34:18.735862Z,157652398049311,157652395838014,157652398049311,1788964458733784565,1788964458734223464,ok,
std_copy_fastcdr__py_to_py__1000000B__10Hz__shmem_ds__best_effort,receive,sub,py_to_py,copy,std,fastcdr,shmem_ds,1000000,10,1,measured,50,2026-09-09T14:34:18.835458Z,157652497644885,157652495552143,157652497644885,1788964458833510356,1788964458833964584,ok,
std_copy_fastcdr__py_to_py__1000000B__10Hz__shmem_ds__best_effort,receive,sub,py_to_py,copy,std,fastcdr,shmem_ds,1000000,10,1,measured,51,2026-09-09T14:34:18.936082Z,157652598260617,157652595368365,157652598260617,1788964458933521305,1788964458934269819,ok,
std_copy_fastcdr__py_to_py__1000000B__10Hz__shmem_ds__best_effort,receive,sub,py_to_py,copy,std,fastcdr,shmem_ds,1000000,10,1,measured,52,2026-09-09T14:34:19.034648Z,157652696834353,157652694706204,157652696834353,1788964459032653045,1788964459033105239,ok,
std_copy_fastcdr__py_to_py__1000000B__10Hz__shmem_ds__best_effort,receive,sub,py_to_py,copy,std,fastcdr,shmem_ds,1000000,10,1,measured,53,2026-09-09T14:34:19.134418Z,157652796606183,157652794319474,157652796606183,1788964459132392123,1788964459132985684,ok,
std_copy_fastcdr__py_to_py__1000000B__10Hz__shmem_ds__best_effort,receive,sub,py_to_py,copy,std,fastcdr,shmem_ds,1000000,10,1,measured,54,2026-09-09T14:34:19.235177Z,157652897362962,157652895150243,157652897362962,1788964459233143602,1788964459233591979,ok,
std_copy_fastcdr__py_to_py__1000000B__10Hz__shmem_ds__best_effort,receive,sub,py_to_py,copy,std,fastcdr,shmem_ds,1000000,10,1,measured,55,2026-09-09T14:34:19.335775Z,157652997957205,157652995460920,157652997957205,1788964459333510065,1788964459334100250,ok,
std_copy_fastcdr__py_to_py__1000000B__10Hz__shmem_ds__best_effort,receive,sub,py_to_py,copy,std,fastcdr,shmem_ds,1000000,10,1,measured,56,2026-09-09T14:34:19.435797Z,157653097982132,157653095664344,157653097982132,1788964459433693521,1788964459434177055,ok,
std_copy_fastcdr__py_to_py__1000000B__10Hz__shmem_ds__best_effort,receive,sub,py_to_py,copy,std,fastcdr,shmem_ds,1000000,10,1,measured,57,2026-09-09T14:34:19.534888Z,157653197074809,157653194992747,157653197074809,1788964459532953164,1788964459533392744,ok,
std_copy_fastcdr__py_to_py__1000000B__10Hz__shmem_ds__best_effort,receive,sub,py_to_py,copy,std,fastcdr,shmem_ds,1000000,10,1,measured,58,2026-09-09T14:34:19.635911Z,157653298092862,157653295498281,157653298092862,1788964459633584817,1788964459634161115,ok,
std_copy_fastcdr__py_to_py__1000000B__10Hz__shmem_ds__best_effort,receive,sub,py_to_py,copy,std,fastcdr,shmem_ds,1000000,10,1,measured,59,2026-09-09T14:34:19.734859Z,157653397048390,157653394744729,157653397048390,1788964459732679958,1788964459733260395,ok,
std_copy_fastcdr__py_to_py__1000000B__10Hz__shmem_ds__best_effort,receive,sub,py_to_py,copy,std,fastcdr,shmem_ds,1000000,10,1,measured,60,2026-09-09T14:34:19.834377Z,157653496563545,157653494518472,157653496563545,1788964459832468199,1788964459832913320,ok,
std_copy_fastcdr__py_to_py__1000000B__10Hz__shmem_ds__best_effort,receive,sub,py_to_py,copy,std,fastcdr,shmem_ds,1000000,10,1,measured,61,2026-09-09T14:34:19.936114Z,157653598293663,157653595550472,157653598293663,1788964459933608002,1788964459934333873,ok,
std_copy_fastcdr__py_to_py__1000000B__10Hz__shmem_ds__best_effort,receive,sub,py_to_py,copy,std,fastcdr,shmem_ds,1000000,10,1,measured,62,2026-09-09T14:34:20.036628Z,157653698805330,157653695857963,157653698805330,1788964460033972000,1788964460034741484,ok,
std_copy_fastcdr__py_to_py__1000000B__10Hz__shmem_ds__best_effort,receive,sub,py_to_py,copy,std,fastcdr,shmem_ds,1000000,10,1,measured,63,2026-09-09T14:34:20.135676Z,157653797864595,157653795901748,157653797864595,1788964460133843870,1788964460134201185,ok,
std_copy_fastcdr__py_to_py__1000000B__10Hz__shmem_ds__best_effort,receive,sub,py_to_py,copy,std,fastcdr,shmem_ds,1000000,10,1,measured,64,2026-09-09T14:34:20.236279Z,157653898464039,157653896265527,157653898464039,1788964460234265228,1788964460234716491,ok,
std_copy_fastcdr__py_to_py__1000000B__10Hz__shmem_ds__best_effort,receive,sub,py_to_py,copy,std,fastcdr,shmem_ds,1000000,10,1,measured,65,2026-09-09T14:34:20.337208Z,157653999391142,157653996958448,157653999391142,1788964460334982014,1788964460335490825,ok,
std_copy_fastcdr__py_to_py__1000000B__10Hz__shmem_ds__best_effort,receive,sub,py_to_py,copy,std,fastcdr,shmem_ds,1000000,10,1,measured,66,2026-09-09T14:34:20.438325Z,157654100503424,157654097563191,157654100503424,1788964460435661098,1788964460436431453,ok,
std_copy_fastcdr__py_to_py__1000000B__10Hz__shmem_ds__best_effort,receive,sub,py_to_py,copy,std,fastcdr,shmem_ds,1000000,10,1,measured,67,2026-09-09T14:34:20.537236Z,157654199422184,157654197052559,157654199422184,1788964460535124406,1788964460535763383,ok,
std_copy_fastcdr__py_to_py__1000000B__10Hz__shmem_ds__best_effort,receive,sub,py_to_py,copy,std,fastcdr,shmem_ds,1000000,10,1,measured,68,2026-09-09T14:34:20.635943Z,157654298132089,157654296014490,157654298132089,1788964460633952114,1788964460634319518,ok,
std_copy_fastcdr__py_to_py__1000000B__10Hz__shmem_ds__best_effort,receive,sub,py_to_py,copy,std,fastcdr,shmem_ds,1000000,10,1,measured,69,2026-09-09T14:34:20.735693Z,157654397879634,157654395662587,157654397879634,1788964460733611362,1788964460734063667,ok,
std_copy_fastcdr__py_to_py__1000000B__10Hz__shmem_ds__best_effort,receive,sub,py_to_py,copy,std,fastcdr,shmem_ds,1000000,10,1,measured,70,2026-09-09T14:34:20.835138Z,157654497325079,157654495205967,157654497325079,1788964460833164430,1788964460833594643,ok,
std_copy_fastcdr__py_to_py__1000000B__10Hz__shmem_ds__best_effort,receive,sub,py_to_py,copy,std,fastcdr,shmem_ds,1000000,10,1,measured,71,2026-09-09T14:34:20.934435Z,157654596621242,157654594582992,157654596621242,1788964460932525075,1788964460932954195,ok,
std_copy_fastcdr__py_to_py__1000000B__10Hz__shmem_ds__best_effort,receive,sub,py_to_py,copy,std,fastcdr,shmem_ds,1000000,10,1,measured,72,2026-09-09T14:34:21.035657Z,157654697843172,157654695488064,157654697843172,1788964461033434705,1788964461033885717,ok,
std_copy_fastcdr__py_to_py__1000000B__10Hz__shmem_ds__best_effort,receive,sub,py_to_py,copy,std,fastcdr,shmem_ds,1000000,10,1,measured,73,2026-09-09T14:34:21.136220Z,157654798407502,157654796249155,157654798407502,1788964461134218159,1788964461134709717,ok,
std_copy_fastcdr__py_to_py__1000000B__10Hz__shmem_ds__best_effort,receive,sub,py_to_py,copy,std,fastcdr,shmem_ds,1000000,10,1,measured,74,2026-09-09T14:34:21.235873Z,157654898059117,157654895875232,157654898059117,1788964461233839106,1788964461234285970,ok,
std_copy_fastcdr__py_to_py__1000000B__10Hz__shmem_ds__best_effort,receive,sub,py_to_py,copy,std,fastcdr,shmem_ds,1000000,10,1,measured,75,2026-09-09T14:34:21.337114Z,157654999290486,157654996269360,157654999290486,1788964461334358901,1788964461335172277,ok,
std_copy_fastcdr__py_to_py__1000000B__10Hz__shmem_ds__best_effort,receive,sub,py_to_py,copy,std,fastcdr,shmem_ds,1000000,10,1,measured,76,2026-09-09T14:34:21.435842Z,157655098029838,157655095962263,157655098029838,1788964461433906049,1788964461434254788,ok,
std_copy_fastcdr__py_to_py__1000000B__10Hz__shmem_ds__best_effort,receive,sub,py_to_py,copy,std,fastcdr,shmem_ds,1000000,10,1,measured,77,2026-09-09T14:34:21.536701Z,157655198888233,157655196797595,157655198888233,1788964461534750017,1788964461535198283,ok,
std_copy_fastcdr__py_to_py__1000000B__10Hz__shmem_ds__best_effort,receive,sub,py_to_py,copy,std,fastcdr,shmem_ds,1000000,10,1,measured,78,2026-09-09T14:34:21.636587Z,157655298774963,157655296755629,157655298774963,1788964461634697772,1788964461635088880,ok,
std_copy_fastcdr__py_to_py__1000000B__10Hz__shmem_ds__best_effort,receive,sub,py_to_py,copy,std,fastcdr,shmem_ds,1000000,10,1,measured,79,2026-09-09T14:34:21.735979Z,157655398166918,157655396237744,157655398166918,1788964461734175448,1788964461734559053,ok,
std_copy_fastcdr__py_to_py__1000000B__10Hz__shmem_ds__best_effort,receive,sub,py_to_py,copy,std,fastcdr,shmem_ds,1000000,10,1,measured,80,2026-09-09T14:34:21.835798Z,157655497985088,157655495763743,157655497985088,1788964461833715744,1788964461834161486,ok,
std_copy_fastcdr__py_to_py__1000000B__10Hz__shmem_ds__best_effort,receive,sub,py_to_py,copy,std,fastcdr,shmem_ds,1000000,10,1,measured,81,2026-09-09T14:34:21.936342Z,157655598524300,157655595930391,157655598524300,1788964461934028277,1788964461934596000,ok,
std_copy_fastcdr__py_to_py__1000000B__10Hz__shmem_ds__best_effort,receive,sub,py_to_py,copy,std,fastcdr,shmem_ds,1000000,10,1,measured,82,2026-09-09T14:34:22.035391Z,157655697577806,157655695393401,157655697577806,1788964462033349029,1788964462033833293,ok,
std_copy_fastcdr__py_to_py__1000000B__10Hz__shmem_ds__best_effort,receive,sub,py_to_py,copy,std,fastcdr,shmem_ds,1000000,10,1,measured,83,2026-09-09T14:34:22.135784Z,157655797968759,157655795611647,157655797968759,1788964462133644491,1788964462134152861,ok,
std_copy_fastcdr__py_to_py__1000000B__10Hz__shmem_ds__best_effort,receive,sub,py_to_py,copy,std,fastcdr,shmem_ds,1000000,10,1,measured,84,2026-09-09T14:34:22.235974Z,157655898162370,157655896322905,157655898162370,1788964462234245050,1788964462234586826,ok,
std_copy_fastcdr__py_to_py__1000000B__10Hz__shmem_ds__best_effort,receive,sub,py_to_py,copy,std,fastcdr,shmem_ds,1000000,10,1,measured,85,2026-09-09T14:34:22.336127Z,157655998316887,157655996190912,157655998316887,1788964462334169112,1788964462334600167,ok,
std_copy_fastcdr__py_to_py__1000000B__10Hz__shmem_ds__best_effort,receive,sub,py_to_py,copy,std,fastcdr,shmem_ds,1000000,10,1,measured,86,2026-09-09T14:34:22.435869Z,157656098052462,157656095618175,157656098052462,1788964462433632664,1788964462434212399,ok,
std_copy_fastcdr__py_to_py__1000000B__10Hz__shmem_ds__best_effort,receive,sub,py_to_py,copy,std,fastcdr,shmem_ds,1000000,10,1,measured,87,2026-09-09T14:34:22.536520Z,157656198706102,157656196592901,157656198706102,1788964462534544211,1788964462534997417,ok,
std_copy_fastcdr__py_to_py__1000000B__10Hz__shmem_ds__best_effort,receive,sub,py_to_py,copy,std,fastcdr,shmem_ds,1000000,10,1,measured,88,2026-09-09T14:34:22.636494Z,157656298681560,157656296646356,157656298681560,1788964462634590342,1788964462634993273,ok,
std_copy_fastcdr__py_to_py__1000000B__10Hz__shmem_ds__best_effort,receive,sub,py_to_py,copy,std,fastcdr,shmem_ds,1000000,10,1,measured,89,2026-09-09T14:34:22.735977Z,157656398164258,157656395794853,157656398164258,1788964462733741204,1788964462734186635,ok,
std_copy_fastcdr__py_to_py__1000000B__10Hz__shmem_ds__best_effort,receive,sub,py_to_py,copy,std,fastcdr,shmem_ds,1000000,10,1,measured,90,2026-09-09T14:34:22.834892Z,157656497076840,157656494878187,157656497076840,1788964462832858331,1788964462833308071,ok,
std_copy_fastcdr__py_to_py__1000000B__10Hz__shmem_ds__best_effort,receive,sub,py_to_py,copy,std,fastcdr,shmem_ds,1000000,10,1,measured,91,2026-09-09T14:34:22.934282Z,157656596468135,157656594141530,157656596468135,1788964462932089424,1788964462932512212,ok,
std_copy_fastcdr__py_to_py__1000000B__10Hz__shmem_ds__best_effort,receive,sub,py_to_py,copy,std,fastcdr,shmem_ds,1000000,10,1,measured,92,2026-09-09T14:34:23.034360Z,157656696547210,157656694436864,157656696547210,1788964463032378326,1788964463032800172,ok,
std_copy_fastcdr__py_to_py__1000000B__10Hz__shmem_ds__best_effort,receive,sub,py_to_py,copy,std,fastcdr,shmem_ds,1000000,10,1,measured,93,2026-09-09T14:34:23.134855Z,157656797042983,157656794922628,157656797042983,1788964463132870081,1788964463133244428,ok,
std_copy_fastcdr__py_to_py__1000000B__10Hz__shmem_ds__best_effort,receive,sub,py_to_py,copy,std,fastcdr,shmem_ds,1000000,10,1,measured,94,2026-09-09T14:34:23.235021Z,157656897207350,157656894847382,157656897207350,1788964463232812478,1788964463233280803,ok,
std_copy_fastcdr__py_to_py__1000000B__10Hz__shmem_ds__best_effort,receive,sub,py_to_py,copy,std,fastcdr,shmem_ds,1000000,10,1,measured,95,2026-09-09T14:34:23.335008Z,157656997185154,157656994047869,157656997185154,1788964463332220537,1788964463333089258,ok,
std_copy_fastcdr__py_to_py__1000000B__10Hz__shmem_ds__best_effort,receive,sub,py_to_py,copy,std,fastcdr,shmem_ds,1000000,10,1,measured,96,2026-09-09T14:34:23.434406Z,157657096584446,157657093742879,157657096584446,1788964463431889087,1788964463432565244,ok,
std_copy_fastcdr__py_to_py__1000000B__10Hz__shmem_ds__best_effort,receive,sub,py_to_py,copy,std,fastcdr,shmem_ds,1000000,10,1,measured,97,2026-09-09T14:34:23.534609Z,157657196794790,157657194667582,157657196794790,1788964463532649891,1788964463533111422,ok,
std_copy_fastcdr__py_to_py__1000000B__10Hz__shmem_ds__best_effort,receive,sub,py_to_py,copy,std,fastcdr,shmem_ds,1000000,10,1,measured,98,2026-09-09T14:34:23.635357Z,157657297536557,157657294795931,157657297536557,1788964463632929966,1788964463633588690,ok,
std_copy_fastcdr__py_to_py__1000000B__10Hz__shmem_ds__best_effort,receive,sub,py_to_py,copy,std,fastcdr,shmem_ds,1000000,10,1,measured,99,2026-09-09T14:34:23.735571Z,157657397758132,157657395723029,157657397758132,1788964463733660242,1788964463734055078,ok,
std_copy_fastcdr__py_to_py__1000000B__10Hz__shmem_ds__best_effort,receive,sub,py_to_py,copy,std,fastcdr,shmem_ds,1000000,10,1,measured,100,2026-09-09T14:34:23.836261Z,157657498448643,157657496394623,157657498448643,1788964463834343368,1788964463834781285,ok,
std_copy_fastcdr__py_to_py__1000000B__10Hz__shmem_ds__best_effort,receive,sub,py_to_py,copy,std,fastcdr,shmem_ds,1000000,10,1,measured,101,2026-09-09T14:34:23.935075Z,157657597264933,157657595402205,157657597264933,1788964463933329299,1788964463933644875,ok,
std_copy_fastcdr__py_to_py__1000000B__10Hz__shmem_ds__best_effort,receive,sub,py_to_py,copy,std,fastcdr,shmem_ds,1000000,10,1,measured,102,2026-09-09T14:34:24.036095Z,157657698282151,157657695992326,157657698282151,1788964464034141370,1788964464034605406,ok,
std_copy_fastcdr__py_to_py__1000000B__10Hz__shmem_ds__best_effort,receive,sub,py_to_py,copy,std,fastcdr,shmem_ds,1000000,10,1,measured,103,2026-09-09T14:34:24.136781Z,157657798962434,157657796304093,157657798962434,1788964464134415004,1788964464135029495,ok,
std_copy_fastcdr__py_to_py__1000000B__10Hz__shmem_ds__best_effort,receive,sub,py_to_py,copy,std,fastcdr,shmem_ds,1000000,10,1,measured,104,2026-09-09T14:34:24.236883Z,157657899063422,157657896352903,157657899063422,1788964464234456400,1788964464235087903,ok,
std_copy_fastcdr__py_to_py__1000000B__10Hz__shmem_ds__best_effort,receive,sub,py_to_py,copy,std,fastcdr,shmem_ds,1000000,10,1,measured,105,2026-09-09T14:34:24.335491Z,157657997682353,157657995819695,157657997682353,1788964464333732442,1788964464334009345,ok,
std_copy_fastcdr__py_to_py__1000000B__10Hz__shmem_ds__best_effort,receive,sub,py_to_py,copy,std,fastcdr,shmem_ds,1000000,10,1,measured,106,2026-09-09T14:34:24.436299Z,157658098488003,157658096065898,157658098488003,1788964464434067493,1788964464434654852,ok,
std_copy_fastcdr__py_to_py__1000000B__10Hz__shmem_ds__best_effort,receive,sub,py_to_py,copy,std,fastcdr,shmem_ds,1000000,10,1,measured,107,2026-09-09T14:34:24.535300Z,157658197487401,157658195325708,157658197487401,1788964464533275305,1788964464533718151,ok,
std_copy_fastcdr__py_to_py__1000000B__10Hz__shmem_ds__best_effort,receive,sub,py_to_py,copy,std,fastcdr,shmem_ds,1000000,10,1,measured,108,2026-09-09T14:34:24.635628Z,157658297807833,157658295196742,157658297807833,1788964464633142391,1788964464633793450,ok,
std_copy_fastcdr__py_to_py__1000000B__10Hz__shmem_ds__best_effort,receive,sub,py_to_py,copy,std,fastcdr,shmem_ds,1000000,10,1,measured,109,2026-09-09T14:34:24.735017Z,157658397203210,157658395128542,157658397203210,1788964464733076896,1788964464733516797,ok,
std_copy_fastcdr__py_to_py__1000000B__10Hz__shmem_ds__best_effort,receive,sub,py_to_py,copy,std,fastcdr,shmem_ds,1000000,10,1,measured,110,2026-09-09T14:34:24.835980Z,157658498165245,157658496037456,157658498165245,1788964464833990579,1788964464834445779,ok,
std_copy_fastcdr__py_to_py__1000000B__10Hz__shmem_ds__best_effort,receive,sub,py_to_py,copy,std,fastcdr,shmem_ds,1000000,10,1,measured,111,2026-09-09T14:34:24.936654Z,157658598841901,157658596755831,157658598841901,1788964464934698344,1788964464935094402,ok,
std_copy_fastcdr__py_to_py__1000000B__10Hz__shmem_ds__best_effort,receive,sub,py_to_py,copy,std,fastcdr,shmem_ds,1000000,10,1,measured,112,2026-09-09T14:34:25.036834Z,157658699020277,157658696414726,157658699020277,1788964465034494779,1788964465035233063,ok,
std_copy_fastcdr__py_to_py__1000000B__10Hz__shmem_ds__best_effort,receive,sub,py_to_py,copy,std,fastcdr,shmem_ds,1000000,10,1,measured,113,2026-09-09T14:34:25.136806Z,157658798984158,157658796365563,157658798984158,1788964465134455394,1788964465135017035,ok,
std_copy_fastcdr__py_to_py__1000000B__10Hz__shmem_ds__best_effort,receive,sub,py_to_py,copy,std,fastcdr,shmem_ds,1000000,10,1,measured,114,2026-09-09T14:34:25.235592Z,157658897780926,157658895653598,157658897780926,1788964465233583647,1788964465233963024,ok,
std_copy_fastcdr__py_to_py__1000000B__10Hz__shmem_ds__best_effort,receive,sub,py_to_py,copy,std,fastcdr,shmem_ds,1000000,10,1,measured,115,2026-09-09T14:34:25.337249Z,157658999431141,157658996545301,157658999431141,1788964465334620144,1788964465335353118,ok,
std_copy_fastcdr__py_to_py__1000000B__10Hz__shmem_ds__best_effort,receive,sub,py_to_py,copy,std,fastcdr,shmem_ds,1000000,10,1,measured,116,2026-09-09T14:34:25.437671Z,157659099853729,157659097286871,157659099853729,1788964465435326417,1788964465435915379,ok,
std_copy_fastcdr__py_to_py__1000000B__10Hz__shmem_ds__best_effort,receive,sub,py_to_py,copy,std,fastcdr,shmem_ds,1000000,10,1,measured,117,2026-09-09T14:34:25.536785Z,157659198971904,157659196809981,157659198971904,1788964465534758736,1788964465535198156,ok,
std_copy_fastcdr__py_to_py__1000000B__10Hz__shmem_ds__best_effort,receive,sub,py_to_py,copy,std,fastcdr,shmem_ds,1000000,10,1,measured,118,2026-09-09T14:34:25.637928Z,157659300115443,157659297210236,157659300115443,1788964465635351224,1788964465636081303,ok,
std_copy_fastcdr__py_to_py__1000000B__10Hz__shmem_ds__best_effort,receive,sub,py_to_py,copy,std,fastcdr,shmem_ds,1000000,10,1,measured,119,2026-09-09T14:34:25.737631Z,157659399820736,157659397362813,157659399820736,1788964465735369367,1788964465735827633,ok,
std_copy_fastcdr__py_to_py__1000000B__10Hz__shmem_ds__best_effort,receive,sub,py_to_py,copy,std,fastcdr,shmem_ds,1000000,10,1,measured,120,2026-09-09T14:34:25.836869Z,157659499055751,157659496699691,157659499055751,1788964465834705183,1788964465835148591,ok,
std_copy_fastcdr__py_to_py__1000000B__10Hz__shmem_ds__best_effort,receive,sub,py_to_py,copy,std,fastcdr,shmem_ds,1000000,10,1,measured,121,2026-09-09T14:34:25.937548Z,157659599731516,157659597235892,157659599731516,1788964465935265640,1788964465935789089,ok,
std_copy_fastcdr__py_to_py__1000000B__10Hz__shmem_ds__best_effort,receive,sub,py_to_py,copy,std,fastcdr,shmem_ds,1000000,10,1,measured,122,2026-09-09T14:34:26.037288Z,157659699473850,157659697248007,157659699473850,1788964466035189307,1788964466035612116,ok,
std_copy_fastcdr__py_to_py__1000000B__10Hz__shmem_ds__best_effort,receive,sub,py_to_py,copy,std,fastcdr,shmem_ds,1000000,10,1,measured,123,2026-09-09T14:34:26.138542Z,157659800721759,157659797816922,157659800721759,1788964466135913948,1788964466136593822,ok,
std_copy_fastcdr__py_to_py__1000000B__10Hz__shmem_ds__best_effort,receive,sub,py_to_py,copy,std,fastcdr,shmem_ds,1000000,10,1,measured,124,2026-09-09T14:34:26.238409Z,157659900595721,157659897951317,157659900595721,1788964466236122883,1788964466236710422,ok,
std_copy_fastcdr__py_to_py__1000000B__10Hz__shmem_ds__best_effort,receive,sub,py_to_py,copy,std,fastcdr,shmem_ds,1000000,10,1,measured,125,2026-09-09T14:34:26.336775Z,157659998962959,157659996854617,157659998962959,1788964466334818881,1788964466335274181,ok,
std_copy_fastcdr__py_to_py__1000000B__10Hz__shmem_ds__best_effort,receive,sub,py_to_py,copy,std,fastcdr,shmem_ds,1000000,10,1,measured,126,2026-09-09T14:34:26.436372Z,157660098558406,157660096508744,157660098558406,1788964466434465354,1788964466434909643,ok,
std_copy_fastcdr__py_to_py__1000000B__10Hz__shmem_ds__best_effort,receive,sub,py_to_py,copy,std,fastcdr,shmem_ds,1000000,10,1,measured,127,2026-09-09T14:34:26.535634Z,157660197818790,157660195536118,157660197818790,1788964466533491476,1788964466533948599,ok,
std_copy_fastcdr__py_to_py__1000000B__10Hz__shmem_ds__best_effort,receive,sub,py_to_py,copy,std,fastcdr,shmem_ds,1000000,10,1,measured,128,2026-09-09T14:34:26.636261Z,157660298446567,157660296392016,157660298446567,1788964466634337415,1788964466634762969,ok,
std_copy_fastcdr__py_to_py__1000000B__10Hz__shmem_ds__best_effort,receive,sub,py_to_py,copy,std,fastcdr,shmem_ds,1000000,10,1,measured,129,2026-09-09T14:34:26.737150Z,157660399336218,157660397176689,157660399336218,1788964466735121306,1788964466735556528,ok,
std_copy_fastcdr__py_to_py__1000000B__10Hz__shmem_ds__best_effort,receive,sub,py_to_py,copy,std,fastcdr,shmem_ds,1000000,10,1,measured,130,2026-09-09T14:34:26.837920Z,157660500105152,157660497817772,157660500105152,1788964466835789831,1788964466836291167,ok,
std_copy_fastcdr__py_to_py__1000000B__10Hz__shmem_ds__best_effort,receive,sub,py_to_py,copy,std,fastcdr,shmem_ds,1000000,10,1,measured,131,2026-09-09T14:34:26.938138Z,157660600317934,157660597513928,157660600317934,1788964466935553435,1788964466936105127,ok,
std_copy_fastcdr__py_to_py__1000000B__10Hz__shmem_ds__best_effort,receive,sub,py_to_py,copy,std,fastcdr,shmem_ds,1000000,10,1,measured,132,2026-09-09T14:34:27.036723Z,157660698909966,157660696639788,157660698909966,1788964467034707328,1788964467035268618,ok,
std_copy_fastcdr__py_to_py__1000000B__10Hz__shmem_ds__best_effort,receive,sub,py_to_py,copy,std,fastcdr,shmem_ds,1000000,10,1,measured,133,2026-09-09T14:34:27.137382Z,157660799561319,157660797421347,157660799561319,1788964467135382325,1788964467135815423,ok,
std_copy_fastcdr__py_to_py__1000000B__10Hz__shmem_ds__best_effort,receive,sub,py_to_py,copy,std,fastcdr,shmem_ds,1000000,10,1,measured,134,2026-09-09T14:34:27.238458Z,157660900642053,157660898237621,157660900642053,1788964467236265235,1788964467236753227,ok,
std_copy_fastcdr__py_to_py__1000000B__10Hz__shmem_ds__best_effort,receive,sub,py_to_py,copy,std,fastcdr,shmem_ds,1000000,10,1,measured,135,2026-09-09T14:34:27.337869Z,157661000047874,157660997417946,157661000047874,1788964467335448556,1788964467336025315,ok,
std_copy_fastcdr__py_to_py__1000000B__10Hz__shmem_ds__best_effort,receive,sub,py_to_py,copy,std,fastcdr,shmem_ds,1000000,10,1,measured,136,2026-09-09T14:34:27.437464Z,157661099650846,157661097388202,157661099650846,1788964467435418081,1788964467435962058,ok,
std_copy_fastcdr__py_to_py__1000000B__10Hz__shmem_ds__best_effort,receive,sub,py_to_py,copy,std,fastcdr,shmem_ds,1000000,10,1,measured,137,2026-09-09T14:34:27.536494Z,157661198679775,157661196475371,157661198679775,1788964467534424126,1788964467534877562,ok,
std_copy_fastcdr__py_to_py__1000000B__10Hz__shmem_ds__best_effort,receive,sub,py_to_py,copy,std,fastcdr,shmem_ds,1000000,10,1,measured,138,2026-09-09T14:34:27.637842Z,157661300020559,157661297080386,157661300020559,1788964467635262913,1788964467636009643,ok,
std_copy_fastcdr__py_to_py__1000000B__10Hz__shmem_ds__best_effort,receive,sub,py_to_py,copy,std,fastcdr,shmem_ds,1000000,10,1,measured,139,2026-09-09T14:34:27.737565Z,157661399750332,157661397529267,157661399750332,1788964467735476199,1788964467735916260,ok,
std_copy_fastcdr__py_to_py__1000000B__10Hz__shmem_ds__best_effort,receive,sub,py_to_py,copy,std,fastcdr,shmem_ds,1000000,10,1,measured,140,2026-09-09T14:34:27.837212Z,157661499398149,157661496848794,157661499398149,1788964467834939787,1788964467835695725,ok,
std_copy_fastcdr__py_to_py__1000000B__10Hz__shmem_ds__best_effort,receive,sub,py_to_py,copy,std,fastcdr,shmem_ds,1000000,10,1,measured,141,2026-09-09T14:34:27.937343Z,157661599529820,157661596838767,157661599529820,1788964467934934420,1788964467935747636,ok,
std_copy_fastcdr__py_to_py__1000000B__10Hz__shmem_ds__best_effort,receive,sub,py_to_py,copy,std,fastcdr,shmem_ds,1000000,10,1,measured,142,2026-09-09T14:34:28.037079Z,157661699266346,157661696846586,157661699266346,1788964468034788778,1788964468035214442,ok,
std_copy_fastcdr__py_to_py__1000000B__10Hz__shmem_ds__best_effort,receive,sub,py_to_py,copy,std,fastcdr,shmem_ds,1000000,10,1,measured,143,2026-09-09T14:34:28.137192Z,157661799370676,157661796435142,157661799370676,1788964468134551393,1788964468135304666,ok,
std_copy_fastcdr__py_to_py__1000000B__10Hz__shmem_ds__best_effort,receive,sub,py_to_py,copy,std,fastcdr,shmem_ds,1000000,10,1,measured,144,2026-09-09T14:34:28.237391Z,157661899576650,157661897148463,157661899576650,1788964468235158264,1788964468235568408,ok,
std_copy_fastcdr__py_to_py__1000000B__10Hz__shmem_ds__best_effort,receive,sub,py_to_py,copy,std,fastcdr,shmem_ds,1000000,10,1,measured,145,2026-09-09T14:34:28.337265Z,157661999449514,157661996964180,157661999449514,1788964468334966085,1788964468335492058,ok,
std_copy_fastcdr__py_to_py__1000000B__10Hz__shmem_ds__best_effort,receive,sub,py_to_py,copy,std,fastcdr,shmem_ds,1000000,10,1,measured,146,2026-09-09T14:34:28.436301Z,157662098488523,157662096374319,157662098488523,1788964468434342812,1788964468434721517,ok,
std_copy_fastcdr__py_to_py__1000000B__10Hz__shmem_ds__best_effort,receive,sub,py_to_py,copy,std,fastcdr,shmem_ds,1000000,10,1,measured,147,2026-09-09T14:34:28.536450Z,157662198637047,157662196454334,157662198637047,1788964468534399162,1788964468534848040,ok,
std_copy_fastcdr__py_to_py__1000000B__10Hz__shmem_ds__best_effort,receive,sub,py_to_py,copy,std,fastcdr,shmem_ds,1000000,10,1,measured,148,2026-09-09T14:34:28.637561Z,157662299747899,157662297016310,157662299747899,1788964468635154473,1788964468635869884,ok,
std_copy_fastcdr__py_to_py__1000000B__10Hz__shmem_ds__best_effort,receive,sub,py_to_py,copy,std,fastcdr,shmem_ds,1000000,10,1,measured,149,2026-09-09T14:34:28.736443Z,157662398628789,157662396409347,157662398628789,1788964468734357792,1788964468734800197,ok,
std_copy_fastcdr__py_to_py__1000000B__10Hz__shmem_ds__best_effort,receive,sub,py_to_py,copy,std,fastcdr,shmem_ds,1000000,10,1,measured,150,2026-09-09T14:34:28.835832Z,157662498019102,157662495946628,157662498019102,1788964468833910922,1788964468834353648,ok,
std_copy_fastcdr__py_to_py__1000000B__10Hz__shmem_ds__best_effort,receive,sub,py_to_py,copy,std,fastcdr,shmem_ds,1000000,10,1,measured,151,2026-09-09T14:34:28.937053Z,157662599232447,157662596918888,157662599232447,1788964468934880908,1788964468935306431,ok,
std_copy_fastcdr__py_to_py__1000000B__10Hz__shmem_ds__best_effort,receive,sub,py_to_py,copy,std,fastcdr,shmem_ds,1000000,10,1,measured,152,2026-09-09T14:34:29.037939Z,157662700118776,157662697318807,157662700118776,1788964469035440048,1788964469036143988,ok,
std_copy_fastcdr__py_to_py__1000000B__10Hz__shmem_ds__best_effort,receive,sub,py_to_py,copy,std,fastcdr,shmem_ds,1000000,10,1,measured,153,2026-09-09T14:34:29.137126Z,157662799314312,157662797191683,157662799314312,1788964469135160666,1788964469135606328,ok,
std_copy_fastcdr__py_to_py__1000000B__10Hz__shmem_ds__best_effort,receive,sub,py_to_py,copy,std,fastcdr,shmem_ds,1000000,10,1,measured,154,2026-09-09T14:34:29.237297Z,157662899482656,157662897173965,157662899482656,1788964469235183195,1788964469235641210,ok,
std_copy_fastcdr__py_to_py__1000000B__10Hz__shmem_ds__best_effort,receive,sub,py_to_py,copy,std,fastcdr,shmem_ds,1000000,10,1,measured,155,2026-09-09T14:34:29.337213Z,157662999391228,157662996458740,157662999391228,1788964469334556326,1788964469335329386,ok,
std_copy_fastcdr__py_to_py__1000000B__10Hz__shmem_ds__best_effort,receive,sub,py_to_py,copy,std,fastcdr,shmem_ds,1000000,10,1,measured,156,2026-09-09T14:34:29.436000Z,157663098182230,157663095879160,157663098182230,1788964469433904991,1788964469434392021,ok,
std_copy_fastcdr__py_to_py__1000000B__10Hz__shmem_ds__best_effort,receive,sub,py_to_py,copy,std,fastcdr,shmem_ds,1000000,10,1,measured,157,2026-09-09T14:34:29.535572Z,157663197758506,157663195506682,157663197758506,1788964469533458734,1788964469533910437,ok,
std_copy_fastcdr__py_to_py__1000000B__10Hz__shmem_ds__best_effort,receive,sub,py_to_py,copy,std,fastcdr,shmem_ds,1000000,10,1,measured,158,2026-09-09T14:34:29.636305Z,157663298492046,157663295760838,157663298492046,1788964469633907406,1788964469634606286,ok,
std_copy_fastcdr__py_to_py__1000000B__10Hz__shmem_ds__best_effort,receive,sub,py_to_py,copy,std,fastcdr,shmem_ds,1000000,10,1,measured,159,2026-09-09T14:34:29.735272Z,157663397461506,157663395157805,157663397461506,1788964469733183515,1788964469733739886,ok,
std_copy_fastcdr__py_to_py__1000000B__10Hz__shmem_ds__best_effort,receive,sub,py_to_py,copy,std,fastcdr,shmem_ds,1000000,10,1,measured,160,2026-09-09T14:34:29.834529Z,157663496715742,157663494579477,157663496715742,1788964469832528903,1788964469832977982,ok,
std_copy_fastcdr__py_to_py__1000000B__10Hz__shmem_ds__best_effort,receive,sub,py_to_py,copy,std,fastcdr,shmem_ds,1000000,10,1,measured,161,2026-09-09T14:34:29.933625Z,157663595813062,157663593729146,157663595813062,1788964469931679274,1788964469932117281,ok,
std_copy_fastcdr__py_to_py__1000000B__10Hz__shmem_ds__best_effort,receive,sub,py_to_py,copy,std,fastcdr,shmem_ds,1000000,10,1,measured,162,2026-09-09T14:34:30.034743Z,157663696922554,157663694079193,157663696922554,1788964470032209141,1788964470032950621,ok,
std_copy_fastcdr__py_to_py__1000000B__10Hz__shmem_ds__best_effort,receive,sub,py_to_py,copy,std,fastcdr,shmem_ds,1000000,10,1,measured,163,2026-09-09T14:34:30.133667Z,157663795853521,157663793536565,157663795853521,1788964470131613682,1788964470132204719,ok,
std_copy_fastcdr__py_to_py__1000000B__10Hz__shmem_ds__best_effort,receive,sub,py_to_py,copy,std,fastcdr,shmem_ds,1000000,10,1,measured,164,2026-09-09T14:34:30.234938Z,157663897120862,157663894310113,157663897120862,1788964470232275981,1788964470232794310,ok,
std_copy_fastcdr__py_to_py__1000000B__10Hz__shmem_ds__best_effort,receive,sub,py_to_py,copy,std,fastcdr,shmem_ds,1000000,10,1,measured,165,2026-09-09T14:34:30.336288Z,157663998462794,157663995081267,157663998462794,1788964470333230270,1788964470334100954,ok,
std_copy_fastcdr__py_to_py__1000000B__10Hz__shmem_ds__best_effort,receive,sub,py_to_py,copy,std,fastcdr,shmem_ds,1000000,10,1,measured,166,2026-09-09T14:34:30.434357Z,157664096544026,157664094236167,157664096544026,1788964470432342831,1788964470432878613,ok,
std_copy_fastcdr__py_to_py__1000000B__10Hz__shmem_ds__best_effort,receive,sub,py_to_py,copy,std,fastcdr,shmem_ds,1000000,10,1,measured,167,2026-09-09T14:34:30.533592Z,157664195779459,157664193604331,157664195779459,1788964470531561692,1788964470532012403,ok,
std_copy_fastcdr__py_to_py__1000000B__10Hz__shmem_ds__best_effort,receive,sub,py_to_py,copy,std,fastcdr,shmem_ds,1000000,10,1,measured,168,2026-09-09T14:34:30.634519Z,157664296698753,157664293988555,157664296698753,1788964470632090349,1788964470632768369,ok,
std_copy_fastcdr__py_to_py__1000000B__10Hz__shmem_ds__best_effort,receive,sub,py_to_py,copy,std,fastcdr,shmem_ds,1000000,10,1,measured,169,2026-09-09T14:34:30.733282Z,157664395468406,157664393380543,157664395468406,1788964470731324629,1788964470731762386,ok,
std_copy_fastcdr__py_to_py__1000000B__10Hz__shmem_ds__best_effort,receive,sub,py_to_py,copy,std,fastcdr,shmem_ds,1000000,10,1,measured,170,2026-09-09T14:34:30.832524Z,157664494712065,157664492617949,157664494712065,1788964470830594236,1788964470831047012,ok,
std_copy_fastcdr__py_to_py__1000000B__10Hz__shmem_ds__best_effort,receive,sub,py_to_py,copy,std,fastcdr,shmem_ds,1000000,10,1,measured,171,2026-09-09T14:34:30.933862Z,157664596048356,157664593514420,157664596048356,1788964470931574034,1788964470932361321,ok,
std_copy_fastcdr__py_to_py__1000000B__10Hz__shmem_ds__best_effort,receive,sub,py_to_py,copy,std,fastcdr,shmem_ds,1000000,10,1,measured,172,2026-09-09T14:34:31.034284Z,157664696470891,157664693734212,157664696470891,1788964471031882855,1788964471032609527,ok,
std_copy_fastcdr__py_to_py__1000000B__10Hz__shmem_ds__best_effort,receive,sub,py_to_py,copy,std,fastcdr,shmem_ds,1000000,10,1,measured,173,2026-09-09T14:34:31.134376Z,157664796562663,157664793675720,157664796562663,1788964471131841566,1788964471132618393,ok,
std_copy_fastcdr__py_to_py__1000000B__10Hz__shmem_ds__best_effort,receive,sub,py_to_py,copy,std,fastcdr,shmem_ds,1000000,10,1,measured,174,2026-09-09T14:34:31.234358Z,157664896542483,157664894208595,157664896542483,1788964471232253242,1788964471232737045,ok,
std_copy_fastcdr__py_to_py__1000000B__10Hz__shmem_ds__best_effort,receive,sub,py_to_py,copy,std,fastcdr,shmem_ds,1000000,10,1,measured,175,2026-09-09T14:34:31.335622Z,157664997800979,157664994833033,157664997800979,1788964471332920360,1788964471333514672,ok,
std_copy_fastcdr__py_to_py__1000000B__10Hz__shmem_ds__best_effort,receive,sub,py_to_py,copy,std,fastcdr,shmem_ds,1000000,10,1,measured,176,2026-09-09T14:34:31.434540Z,157665096722241,157665094219053,157665096722241,1788964471432263498,1788964471432777199,ok,
std_copy_fastcdr__py_to_py__1000000B__10Hz__shmem_ds__best_effort,receive,sub,py_to_py,copy,std,fastcdr,shmem_ds,1000000,10,1,measured,177,2026-09-09T14:34:31.533249Z,157665195435419,157665193357514,157665195435419,1788964471531310417,1788964471531752442,ok,
std_copy_fastcdr__py_to_py__1000000B__10Hz__shmem_ds__best_effort,receive,sub,py_to_py,copy,std,fastcdr,shmem_ds,1000000,10,1,measured,178,2026-09-09T14:34:31.633718Z,157665295905074,157665293293061,157665295905074,1788964471631440060,1788964471632157425,ok,
std_copy_fastcdr__py_to_py__1000000B__10Hz__shmem_ds__best_effort,receive,sub,py_to_py,copy,std,fastcdr,shmem_ds,1000000,10,1,measured,179,2026-09-09T14:34:31.732856Z,157665395044898,157665393042105,157665395044898,1788964471730974239,1788964471731335701,ok,
std_copy_fastcdr__py_to_py__1000000B__10Hz__shmem_ds__best_effort,receive,sub,py_to_py,copy,std,fastcdr,shmem_ds,1000000,10,1,measured,180,2026-09-09T14:34:31.833003Z,157665495190361,157665492991137,157665495190361,1788964471830950001,1788964471831393139,ok,
std_copy_fastcdr__py_to_py__1000000B__10Hz__shmem_ds__best_effort,receive,sub,py_to_py,copy,std,fastcdr,shmem_ds,1000000,10,1,measured,181,2026-09-09T14:34:31.933734Z,157665595921891,157665593468547,157665595921891,1788964471931591060,1788964471932266176,ok,
std_copy_fastcdr__py_to_py__1000000B__10Hz__shmem_ds__best_effort,receive,sub,py_to_py,copy,std,fastcdr,shmem_ds,1000000,10,1,measured,182,2026-09-09T14:34:32.034669Z,157665696849933,157665693877439,157665696849933,1788964472031854457,1788964472032529883,ok,
std_copy_fastcdr__py_to_py__1000000B__10Hz__shmem_ds__best_effort,receive,sub,py_to_py,copy,std,fastcdr,shmem_ds,1000000,10,1,measured,183,2026-09-09T14:34:32.135140Z,157665797326303,157665794760336,157665797326303,1788964472132729380,1788964472133385339,ok,
std_copy_fastcdr__py_to_py__1000000B__10Hz__shmem_ds__best_effort,receive,sub,py_to_py,copy,std,fastcdr,shmem_ds,1000000,10,1,measured,184,2026-09-09T14:34:32.235190Z,157665897376868,157665894045957,157665897376868,1788964472232117824,1788964472233148221,ok,
std_copy_fastcdr__py_to_py__1000000B__10Hz__shmem_ds__best_effort,receive,sub,py_to_py,copy,std,fastcdr,shmem_ds,1000000,10,1,measured,185,2026-09-09T14:34:32.333950Z,157665996136886,157665993790384,157665996136886,1788964472331753336,1788964472332351486,ok,
std_copy_fastcdr__py_to_py__1000000B__10Hz__shmem_ds__best_effort,receive,sub,py_to_py,copy,std,fastcdr,shmem_ds,1000000,10,1,measured,186,2026-09-09T14:34:32.434847Z,157666097026106,157666093536335,157666097026106,1788964472431617379,1788964472432673885,ok,
std_copy_fastcdr__py_to_py__1000000B__10Hz__shmem_ds__best_effort,receive,sub,py_to_py,copy,std,fastcdr,shmem_ds,1000000,10,1,measured,187,2026-09-09T14:34:32.534292Z,157666196478803,157666194183558,157666196478803,1788964472532138905,1788964472532741804,ok,
std_copy_fastcdr__py_to_py__1000000B__10Hz__shmem_ds__best_effort,receive,sub,py_to_py,copy,std,fastcdr,shmem_ds,1000000,10,1,measured,188,2026-09-09T14:34:32.634696Z,157666296875191,157666293743676,157666296875191,1788964472631798972,1788964472632781739,ok,
std_copy_fastcdr__py_to_py__1000000B__10Hz__shmem_ds__best_effort,receive,sub,py_to_py,copy,std,fastcdr,shmem_ds,1000000,10,1,measured,189,2026-09-09T14:34:32.733275Z,157666395460319,157666393050617,157666395460319,1788964472731002658,1788964472731616738,ok,
std_copy_fastcdr__py_to_py__1000000B__10Hz__shmem_ds__best_effort,receive,sub,py_to_py,copy,std,fastcdr,shmem_ds,1000000,10,1,measured,190,2026-09-09T14:34:32.833169Z,157666495355511,157666492948625,157666495355511,1788964472830917347,1788964472831479118,ok,
std_copy_fastcdr__py_to_py__1000000B__10Hz__shmem_ds__best_effort,receive,sub,py_to_py,copy,std,fastcdr,shmem_ds,1000000,10,1,measured,191,2026-09-09T14:34:32.933283Z,157666595470688,157666592836443,157666595470688,1788964472930904663,1788964472931662485,ok,
std_copy_fastcdr__py_to_py__1000000B__10Hz__shmem_ds__best_effort,receive,sub,py_to_py,copy,std,fastcdr,shmem_ds,1000000,10,1,measured,192,2026-09-09T14:34:33.033299Z,157666695478884,157666692424094,157666695478884,1788964473030534384,1788964473031295832,ok,
std_copy_fastcdr__py_to_py__1000000B__10Hz__shmem_ds__best_effort,receive,sub,py_to_py,copy,std,fastcdr,shmem_ds,1000000,10,1,measured,193,2026-09-09T14:34:33.132844Z,157666794989591,157666791946734,157666794989591,1788964473129956715,1788964473130769169,ok,
std_copy_fastcdr__py_to_py__1000000B__10Hz__shmem_ds__best_effort,receive,sub,py_to_py,copy,std,fastcdr,shmem_ds,1000000,10,1,measured,194,2026-09-09T14:34:33.234381Z,157666896558486,157666892811999,157666896558486,1788964473230907511,1788964473232129289,ok,
std_copy_fastcdr__py_to_py__1000000B__10Hz__shmem_ds__best_effort,receive,sub,py_to_py,copy,std,fastcdr,shmem_ds,1000000,10,1,measured,195,2026-09-09T14:34:33.333285Z,157666995464361,157666992604349,157666995464361,1788964473330635039,1788964473331366250,ok,
std_copy_fastcdr__py_to_py__1000000B__10Hz__shmem_ds__best_effort,receive,sub,py_to_py,copy,std,fastcdr,shmem_ds,1000000,10,1,measured,196,2026-09-09T14:34:33.434360Z,157667096546788,157667093347845,157667096546788,1788964473431456392,1788964473432441222,ok,
std_copy_fastcdr__py_to_py__1000000B__10Hz__shmem_ds__best_effort,receive,sub,py_to_py,copy,std,fastcdr,shmem_ds,1000000,10,1,measured,197,2026-09-09T14:34:33.533456Z,157667195643724,157667193396970,157667195643724,1788964473531338541,1788964473531873852,ok,
std_copy_fastcdr__py_to_py__1000000B__10Hz__shmem_ds__best_effort,receive,sub,py_to_py,copy,std,fastcdr,shmem_ds,1000000,10,1,measured,198,2026-09-09T14:34:33.632445Z,157667294632345,157667292507532,157667294632345,1788964473630451548,1788964473630976329,ok,
std_copy_fastcdr__py_to_py__1000000B__10Hz__shmem_ds__best_effort,receive,sub,py_to_py,copy,std,fastcdr,shmem_ds,1000000,10,1,measured,199,2026-09-09T14:34:33.734090Z,157667396273557,157667393599335,157667396273557,1788964473731567076,1788964473732261288,ok,
std_copy_fastcdr__py_to_py__1000000B__10Hz__shmem_ds__best_effort,receive,sub,py_to_py,copy,std,fastcdr,shmem_ds,1000000,10,1,measured,200,2026-09-09T14:34:33.834541Z,157667496726753,157667494207295,157667496726753,1788964473832163995,1788964473832826426,ok,
std_copy_fastcdr__py_to_py__1000000B__10Hz__shmem_ds__best_effort,receive,sub,py_to_py,copy,std,fastcdr,shmem_ds,1000000,10,1,measured,201,2026-09-09T14:34:33.935877Z,157667598058531,157667595165667,157667598058531,1788964473933247653,1788964473933971110,ok,
std_copy_fastcdr__py_to_py__1000000B__10Hz__shmem_ds__best_effort,receive,sub,py_to_py,copy,std,fastcdr,shmem_ds,1000000,10,1,measured,202,2026-09-09T14:34:34.036744Z,157667698930710,157667696054557,157667698930710,1788964474034128649,1788964474035112177,ok,
std_copy_fastcdr__py_to_py__1000000B__10Hz__shmem_ds__best_effort,receive,sub,py_to_py,copy,std,fastcdr,shmem_ds,1000000,10,1,measured,203,2026-09-09T14:34:34.136745Z,157667798931775,157667796660565,157667798931775,1788964474134614280,1788964474135180720,ok,
std_copy_fastcdr__py_to_py__1000000B__10Hz__shmem_ds__best_effort,receive,sub,py_to_py,copy,std,fastcdr,shmem_ds,1000000,10,1,measured,204,2026-09-09T14:34:34.236943Z,157667899123901,157667896071445,157667899123901,1788964474234052020,1788964474234839638,ok,
std_copy_fastcdr__py_to_py__1000000B__10Hz__shmem_ds__best_effort,receive,sub,py_to_py,copy,std,fastcdr,shmem_ds,1000000,10,1,measured,205,2026-09-09T14:34:34.337232Z,157667999418671,157667996088651,157667999418671,1788964474334243004,1788964474335406842,ok,
std_copy_fastcdr__py_to_py__1000000B__10Hz__shmem_ds__best_effort,receive,sub,py_to_py,copy,std,fastcdr,shmem_ds,1000000,10,1,measured,206,2026-09-09T14:34:34.436027Z,157668098206033,157668095437644,157668098206033,1788964474433487510,1788964474434056906,ok,
std_copy_fastcdr__py_to_py__1000000B__10Hz__shmem_ds__best_effort,receive,sub,py_to_py,copy,std,fastcdr,shmem_ds,1000000,10,1,measured,207,2026-09-09T14:34:34.535270Z,157668197456330,157668195212442,157668197456330,1788964474533161447,1788964474533596018,ok,
std_copy_fastcdr__py_to_py__1000000B__10Hz__shmem_ds__best_effort,receive,sub,py_to_py,copy,std,fastcdr,shmem_ds,1000000,10,1,measured,208,2026-09-09T14:34:34.634321Z,157668296508312,157668294298578,157668296508312,1788964474632228889,1788964474632582005,ok,
std_copy_fastcdr__py_to_py__1000000B__10Hz__shmem_ds__best_effort,receive,sub,py_to_py,copy,std,fastcdr,shmem_ds,1000000,10,1,measured,209,2026-09-09T14:34:34.734007Z,157668396192649,157668394068356,157668396192649,1788964474732023674,1788964474732468945,ok,
std_copy_fastcdr__py_to_py__1000000B__10Hz__shmem_ds__best_effort,receive,sub,py_to_py,copy,std,fastcdr,shmem_ds,1000000,10,1,measured,210,2026-09-09T14:34:34.835670Z,157668497855803,157668495066885,157668497855803,1788964474833119627,1788964474833929106,ok,
std_copy_fastcdr__py_to_py__1000000B__10Hz__shmem_ds__best_effort,receive,sub,py_to_py,copy,std,fastcdr,shmem_ds,1000000,10,1,measured,211,2026-09-09T14:34:34.935199Z,157668597375379,157668594634552,157668597375379,1788964474932686392,1788964474933215942,ok,
std_copy_fastcdr__py_to_py__1000000B__10Hz__shmem_ds__best_effort,receive,sub,py_to_py,copy,std,fastcdr,shmem_ds,1000000,10,1,measured,212,2026-09-09T14:34:35.035931Z,157668698109699,157668695211534,157668698109699,1788964475033323287,1788964475034003582,ok,
std_copy_fastcdr__py_to_py__1000000B__10Hz__shmem_ds__best_effort,receive,sub,py_to_py,copy,std,fastcdr,shmem_ds,1000000,10,1,measured,213,2026-09-09T14:34:35.135894Z,157668798072513,157668795137248,157668798072513,1788964475133228963,1788964475134041608,ok,
std_copy_fastcdr__py_to_py__1000000B__10Hz__shmem_ds__best_effort,receive,sub,py_to_py,copy,std,fastcdr,shmem_ds,1000000,10,1,measured,214,2026-09-09T14:34:35.235676Z,157668897861198,157668894983191,157668897861198,1788964475233086839,1788964475233843518,ok,
std_copy_fastcdr__py_to_py__1000000B__10Hz__shmem_ds__best_effort,receive,sub,py_to_py,copy,std,fastcdr,shmem_ds,1000000,10,1,measured,215,2026-09-09T14:34:35.336527Z,157668998712861,157668995913624,157668998712861,1788964475333991042,1788964475334774862,ok,
std_copy_fastcdr__py_to_py__1000000B__10Hz__shmem_ds__best_effort,receive,sub,py_to_py,copy,std,fastcdr,shmem_ds,1000000,10,1,measured,216,2026-09-09T14:34:35.437298Z,157669099475666,157669096857862,157669099475666,1788964475434899392,1788964475435442057,ok,
std_copy_fastcdr__py_to_py__1000000B__10Hz__shmem_ds__best_effort,receive,sub,py_to_py,copy,std,fastcdr,shmem_ds,1000000,10,1,measured,217,2026-09-09T14:34:35.537169Z,157669199355654,157669196997109,157669199355654,1788964475535082903,1788964475535710358,ok,
std_copy_fastcdr__py_to_py__1000000B__10Hz__shmem_ds__best_effort,receive,sub,py_to_py,copy,std,fastcdr,shmem_ds,1000000,10,1,measured,218,2026-09-09T14:34:35.638037Z,157669300215833,157669297424070,157669300215833,1788964475635516135,1788964475636256854,ok,
std_copy_fastcdr__py_to_py__1000000B__10Hz__shmem_ds__best_effort,receive,sub,py_to_py,copy,std,fastcdr,shmem_ds,1000000,10,1,measured,219,2026-09-09T14:34:35.736534Z,157669398720894,157669396627861,157669398720894,1788964475734571767,1788964475734975049,ok,
std_copy_fastcdr__py_to_py__1000000B__10Hz__shmem_ds__best_effort,receive,sub,py_to_py,copy,std,fastcdr,shmem_ds,1000000,10,1,measured,220,2026-09-09T14:34:35.836198Z,157669498384303,157669496270931,157669498384303,1788964475834245876,1788964475834696196,ok,
std_copy_fastcdr__py_to_py__1000000B__10Hz__shmem_ds__best_effort,receive,sub,py_to_py,copy,std,fastcdr,shmem_ds,1000000,10,1,measured,221,2026-09-09T14:34:35.937276Z,157669599461612,157669597218074,157669599461612,1788964475935214669,1788964475935672234,ok,
std_copy_fastcdr__py_to_py__1000000B__10Hz__shmem_ds__best_effort,receive,sub,py_to_py,copy,std,fastcdr,shmem_ds,1000000,10,1,measured,222,2026-09-09T14:34:36.038098Z,157669700277027,157669697415502,157669700277027,1788964476035546942,1788964476036286149,ok,
std_copy_fastcdr__py_to_py__1000000B__10Hz__shmem_ds__best_effort,receive,sub,py_to_py,copy,std,fastcdr,shmem_ds,1000000,10,1,measured,223,2026-09-09T14:34:36.137912Z,157669800100199,157669797495289,157669800100199,1788964476135576484,1788964476136271878,ok,
std_copy_fastcdr__py_to_py__1000000B__10Hz__shmem_ds__best_effort,receive,sub,py_to_py,copy,std,fastcdr,shmem_ds,1000000,10,1,measured,224,2026-09-09T14:34:36.238445Z,157669900626679,157669897968919,157669900626679,1788964476236020679,1788964476236696425,ok,
std_copy_fastcdr__py_to_py__1000000B__10Hz__shmem_ds__best_effort,receive,sub,py_to_py,copy,std,fastcdr,shmem_ds,1000000,10,1,measured,225,2026-09-09T14:34:36.337198Z,157669999380542,157669997070008,157669999380542,1788964476335076041,1788964476335563141,ok,
std_copy_fastcdr__py_to_py__1000000B__10Hz__shmem_ds__best_effort,receive,sub,py_to_py,copy,std,fastcdr,shmem_ds,1000000,10,1,measured,226,2026-09-09T14:34:36.437448Z,157670099630931,157670097233903,157670099630931,1788964476435264863,1788964476435794674,ok,
std_copy_fastcdr__py_to_py__1000000B__10Hz__shmem_ds__best_effort,receive,sub,py_to_py,copy,std,fastcdr,shmem_ds,1000000,10,1,measured,227,2026-09-09T14:34:36.537306Z,157670199493326,157670197302558,157670199493326,1788964476535310024,1788964476535744084,ok,
std_copy_fastcdr__py_to_py__1000000B__10Hz__shmem_ds__best_effort,receive,sub,py_to_py,copy,std,fastcdr,shmem_ds,1000000,10,1,measured,228,2026-09-09T14:34:36.638430Z,157670300610902,157670297973561,157670300610902,1788964476636091665,1788964476636730672,ok,
std_copy_fastcdr__py_to_py__1000000B__10Hz__shmem_ds__best_effort,receive,sub,py_to_py,copy,std,fastcdr,shmem_ds,1000000,10,1,measured,229,2026-09-09T14:34:36.737503Z,157670399689458,157670397364226,157670399689458,1788964476735442125,1788964476736037991,ok,
std_copy_fastcdr__py_to_py__1000000B__10Hz__shmem_ds__best_effort,receive,sub,py_to_py,copy,std,fastcdr,shmem_ds,1000000,10,1,measured,230,2026-09-09T14:34:36.838100Z,157670500286291,157670498179332,157670500286291,1788964476836137214,1788964476836582956,ok,
std_copy_fastcdr__py_to_py__1000000B__10Hz__shmem_ds__best_effort,receive,sub,py_to_py,copy,std,fastcdr,shmem_ds,1000000,10,1,measured,231,2026-09-09T14:34:36.937626Z,157670599809787,157670597374357,157670599809787,1788964476935450633,1788964476936010901,ok,
std_copy_fastcdr__py_to_py__1000000B__10Hz__shmem_ds__best_effort,receive,sub,py_to_py,copy,std,fastcdr,shmem_ds,1000000,10,1,measured,232,2026-09-09T14:34:37.037441Z,157670699619905,157670696769972,157670699619905,1788964477034911000,1788964477035649214,ok,
std_copy_fastcdr__py_to_py__1000000B__10Hz__shmem_ds__best_effort,receive,sub,py_to_py,copy,std,fastcdr,shmem_ds,1000000,10,1,measured,233,2026-09-09T14:34:37.136981Z,157670799164151,157670796894875,157670799164151,1788964477134913422,1788964477135397727,ok,
std_copy_fastcdr__py_to_py__1000000B__10Hz__shmem_ds__best_effort,receive,sub,py_to_py,copy,std,fastcdr,shmem_ds,1000000,10,1,measured,234,2026-09-09T14:34:37.237683Z,157670899863749,157670897277835,157670899863749,1788964477235355393,1788964477235980704,ok,
std_copy_fastcdr__py_to_py__1000000B__10Hz__shmem_ds__best_effort,receive,sub,py_to_py,copy,std,fastcdr,shmem_ds,1000000,10,1,measured,235,2026-09-09T14:34:37.336815Z,157670998995948,157670996704840,157670998995948,1788964477334700684,1788964477335150684,ok,
std_copy_fastcdr__py_to_py__1000000B__10Hz__shmem_ds__best_effort,receive,sub,py_to_py,copy,std,fastcdr,shmem_ds,1000000,10,1,measured,236,2026-09-09T14:34:37.436271Z,157671098459843,157671095968227,157671098459843,1788964477434022722,1788964477434609009,ok,
std_copy_fastcdr__py_to_py__1000000B__10Hz__shmem_ds__best_effort,receive,sub,py_to_py,copy,std,fastcdr,shmem_ds,1000000,10,1,measured,237,2026-09-09T14:34:37.536982Z,157671199168099,157671196796640,157671199168099,1788964477534873807,1788964477535525568,ok,
std_copy_fastcdr__py_to_py__1000000B__10Hz__shmem_ds__best_effort,receive,sub,py_to_py,copy,std,fastcdr,shmem_ds,1000000,10,1,measured,238,2026-09-09T14:34:37.637136Z,157671299316576,157671296294147,157671299316576,1788964477634391994,1788964477635008899,ok,
std_copy_fastcdr__py_to_py__1000000B__10Hz__shmem_ds__best_effort,receive,sub,py_to_py,copy,std,fastcdr,shmem_ds,1000000,10,1,measured,239,2026-09-09T14:34:37.736993Z,157671399173463,157671396436022,157671399173463,1788964477734457725,1788964477734939515,ok,
std_copy_fastcdr__py_to_py__1000000B__10Hz__shmem_ds__best_effort,receive,sub,py_to_py,copy,std,fastcdr,shmem_ds,1000000,10,1,measured,240,2026-09-09T14:34:37.836701Z,157671498886149,157671496639415,157671498886149,1788964477834584062,1788964477835025296,ok,
std_copy_fastcdr__py_to_py__1000000B__10Hz__shmem_ds__best_effort,receive,sub,py_to_py,copy,std,fastcdr,shmem_ds,1000000,10,1,measured,241,2026-09-09T14:34:37.936785Z,157671598964573,157671596504657,157671598964573,1788964477934479260,1788964477934875028,ok,
std_copy_fastcdr__py_to_py__1000000B__10Hz__shmem_ds__best_effort,receive,sub,py_to_py,copy,std,fastcdr,shmem_ds,1000000,10,1,measured,242,2026-09-09T14:34:38.037519Z,157671699697136,157671696718490,157671699697136,1788964478034831174,1788964478035572815,ok,
std_copy_fastcdr__py_to_py__1000000B__10Hz__shmem_ds__best_effort,receive,sub,py_to_py,copy,std,fastcdr,shmem_ds,1000000,10,1,measured,243,2026-09-09T14:34:38.136845Z,157671799032529,157671796731543,157671799032529,1788964478134727768,1788964478135190842,ok,
std_copy_fastcdr__py_to_py__1000000B__10Hz__shmem_ds__best_effort,receive,sub,py_to_py,copy,std,fastcdr,shmem_ds,1000000,10,1,measured,244,2026-09-09T14:34:38.238048Z,157671900235310,157671897593560,157671900235310,1788964478235627626,1788964478236277383,ok,
std_copy_fastcdr__py_to_py__1000000B__10Hz__shmem_ds__best_effort,receive,sub,py_to_py,copy,std,fastcdr,shmem_ds,1000000,10,1,measured,245,2026-09-09T14:34:38.337359Z,157671999539805,157671997012972,157671999539805,1788964478335052078,1788964478335654946,ok,
std_copy_fastcdr__py_to_py__1000000B__10Hz__shmem_ds__best_effort,receive,sub,py_to_py,copy,std,fastcdr,shmem_ds,1000000,10,1,measured,246,2026-09-09T14:34:38.437773Z,157672099954056,157672097425089,157672099954056,1788964478435465297,1788964478436087102,ok,
std_copy_fastcdr__py_to_py__1000000B__10Hz__shmem_ds__best_effort,receive,sub,py_to_py,copy,std,fastcdr,shmem_ds,1000000,10,1,measured,247,2026-09-09T14:34:38.536966Z,157672199153083,157672196879147,157672199153083,1788964478534841188,1788964478535286228,ok,
std_copy_fastcdr__py_to_py__1000000B__10Hz__shmem_ds__best_effort,receive,sub,py_to_py,copy,std,fastcdr,shmem_ds,1000000,10,1,measured,248,2026-09-09T14:34:38.636950Z,157672299132042,157672296699727,157672299132042,1788964478634772366,1788964478635319189,ok,
std_copy_fastcdr__py_to_py__1000000B__10Hz__shmem_ds__best_effort,receive,sub,py_to_py,copy,std,fastcdr,shmem_ds,1000000,10,1,measured,249,2026-09-09T14:34:38.736896Z,157672399083068,157672397027946,157672399083068,1788964478734969979,1788964478735406333,ok,
std_copy_fastcdr__py_to_py__1000000B__10Hz__shmem_ds__best_effort,receive,sub,py_to_py,copy,std,fastcdr,shmem_ds,1000000,10,1,measured,250,2026-09-09T14:34:38.836623Z,157672498811083,157672496614223,157672498811083,1788964478834576063,1788964478835024049,ok,
std_copy_fastcdr__py_to_py__1000000B__10Hz__shmem_ds__best_effort,receive,sub,py_to_py,copy,std,fastcdr,shmem_ds,1000000,10,1,measured,251,2026-09-09T14:34:38.936929Z,157672599108353,157672596333622,157672599108353,1788964478934466946,1788964478935160025,ok,
std_copy_fastcdr__py_to_py__1000000B__10Hz__shmem_ds__best_effort,receive,sub,py_to_py,copy,std,fastcdr,shmem_ds,1000000,10,1,measured,252,2026-09-09T14:34:39.037501Z,157672699680093,157672696851209,157672699680093,1788964479034992819,1788964479035711506,ok,
std_copy_fastcdr__py_to_py__1000000B__10Hz__shmem_ds__best_effort,receive,sub,py_to_py,copy,std,fastcdr,shmem_ds,1000000,10,1,measured,253,2026-09-09T14:34:39.136665Z,157672798842411,157672795955428,157672798842411,1788964479134049628,1788964479134878704,ok,
std_copy_fastcdr__py_to_py__1000000B__10Hz__shmem_ds__best_effort,receive,sub,py_to_py,copy,std,fastcdr,shmem_ds,1000000,10,1,measured,254,2026-09-09T14:34:39.236212Z,157672898392772,157672895860078,157672898392772,1788964479233943207,1788964479234531989,ok,
std_copy_fastcdr__py_to_py__1000000B__10Hz__shmem_ds__best_effort,receive,sub,py_to_py,copy,std,fastcdr,shmem_ds,1000000,10,1,measured,255,2026-09-09T14:34:39.337447Z,157672999631943,157672996848034,157672999631943,1788964479334969886,1788964479335852754,ok,
std_copy_fastcdr__py_to_py__1000000B__10Hz__shmem_ds__best_effort,receive,sub,py_to_py,copy,std,fastcdr,shmem_ds,1000000,10,1,measured,256,2026-09-09T14:34:39.438465Z,157673100647072,157673097848466,157673100647072,1788964479435897931,1788964479436408084,ok,
std_copy_fastcdr__py_to_py__1000000B__10Hz__shmem_ds__best_effort,receive,sub,py_to_py,copy,std,fastcdr,shmem_ds,1000000,10,1,measured,257,2026-09-09T14:34:39.536977Z,157673199163910,157673196945790,157673199163910,1788964479534908071,1788964479535355897,ok,
std_copy_fastcdr__py_to_py__1000000B__10Hz__shmem_ds__best_effort,receive,sub,py_to_py,copy,std,fastcdr,shmem_ds,1000000,10,1,measured,258,2026-09-09T14:34:39.636930Z,157673299117151,157673296496601,157673299117151,1788964479634655533,1788964479635439244,ok,
std_copy_fastcdr__py_to_py__1000000B__10Hz__shmem_ds__best_effort,receive,sub,py_to_py,copy,std,fastcdr,shmem_ds,1000000,10,1,measured,259,2026-09-09T14:34:39.736041Z,157673398228154,157673395906899,157673398228154,1788964479733868949,1788964479734328527,ok,
std_copy_fastcdr__py_to_py__1000000B__10Hz__shmem_ds__best_effort,receive,sub,py_to_py,copy,std,fastcdr,shmem_ds,1000000,10,1,measured,260,2026-09-09T14:34:39.836790Z,157673498976888,157673496792461,157673498976888,1788964479834773457,1788964479835250218,ok,
std_copy_fastcdr__py_to_py__1000000B__10Hz__shmem_ds__best_effort,receive,sub,py_to_py,copy,std,fastcdr,shmem_ds,1000000,10,1,measured,261,2026-09-09T14:34:39.937845Z,157673600030859,157673597648179,157673600030859,1788964479935731147,1788964479936278180,ok,
std_copy_fastcdr__py_to_py__1000000B__10Hz__shmem_ds__best_effort,receive,sub,py_to_py,copy,std,fastcdr,shmem_ds,1000000,10,1,measured,262,2026-09-09T14:34:40.039075Z,157673701254370,157673698372236,157673701254370,1788964480036438814,1788964480037213958,ok,
std_copy_fastcdr__py_to_py__1000000B__10Hz__shmem_ds__best_effort,receive,sub,py_to_py,copy,std,fastcdr,shmem_ds,1000000,10,1,measured,263,2026-09-09T14:34:40.138641Z,157673800828488,157673798032787,157673800828488,1788964480136077043,1788964480136701783,ok,
std_copy_fastcdr__py_to_py__1000000B__10Hz__shmem_ds__best_effort,receive,sub,py_to_py,copy,std,fastcdr,shmem_ds,1000000,10,1,measured,264,2026-09-09T14:34:40.237550Z,157673899735625,157673897366310,157673899735625,1788964480235324823,1788964480235800392,ok,
std_copy_fastcdr__py_to_py__1000000B__10Hz__shmem_ds__best_effort,receive,sub,py_to_py,copy,std,fastcdr,shmem_ds,1000000,10,1,measured,265,2026-09-09T14:34:40.338904Z,157674001080267,157673998125796,157674001080267,1788964480336250363,1788964480337012202,ok,
std_copy_fastcdr__py_to_py__1000000B__10Hz__shmem_ds__best_effort,receive,sub,py_to_py,copy,std,fastcdr,shmem_ds,1000000,10,1,measured,266,2026-09-09T14:34:40.438452Z,157674100639265,157674098451633,157674100639265,1788964480436458628,1788964480436893078,ok,
std_copy_fastcdr__py_to_py__1000000B__10Hz__shmem_ds__best_effort,receive,sub,py_to_py,copy,std,fastcdr,shmem_ds,1000000,10,1,measured,267,2026-09-09T14:34:40.538521Z,157674200708998,157674198636564,157674200708998,1788964480536588335,1788964480537032073,ok,
std_copy_fastcdr__py_to_py__1000000B__10Hz__shmem_ds__best_effort,receive,sub,py_to_py,copy,std,fastcdr,shmem_ds,1000000,10,1,measured,268,2026-09-09T14:34:40.639831Z,157674302016079,157674299649178,157674302016079,1788964480637693103,1788964480638195993,ok,
std_copy_fastcdr__py_to_py__1000000B__10Hz__shmem_ds__best_effort,receive,sub,py_to_py,copy,std,fastcdr,shmem_ds,1000000,10,1,measured,269,2026-09-09T14:34:40.739974Z,157674402157839,157674399945841,157674402157839,1788964480737899956,1788964480738352240,ok,
std_copy_fastcdr__py_to_py__1000000B__10Hz__shmem_ds__best_effort,receive,sub,py_to_py,copy,std,fastcdr,shmem_ds,1000000,10,1,measured,270,2026-09-09T14:34:40.839310Z,157674501497794,157674499038789,157674501497794,1788964480837108873,1788964480837820668,ok,
std_copy_fastcdr__py_to_py__1000000B__10Hz__shmem_ds__best_effort,receive,sub,py_to_py,copy,std,fastcdr,shmem_ds,1000000,10,1,measured,271,2026-09-09T14:34:40.940409Z,157674602588666,157674599654323,157674602588666,1788964480937793849,1788964480938539127,ok,
std_copy_fastcdr__py_to_py__1000000B__10Hz__shmem_ds__best_effort,receive,sub,py_to_py,copy,std,fastcdr,shmem_ds,1000000,10,1,measured,272,2026-09-09T14:34:41.039958Z,157674702136565,157674699288665,157674702136565,1788964481037359701,1788964481038090181,ok,
std_copy_fastcdr__py_to_py__1000000B__10Hz__shmem_ds__best_effort,receive,sub,py_to_py,copy,std,fastcdr,shmem_ds,1000000,10,1,measured,273,2026-09-09T14:34:41.139943Z,157674802123012,157674799538711,157674802123012,1788964481137612191,1788964481138197267,ok,
std_copy_fastcdr__py_to_py__1000000B__10Hz__shmem_ds__best_effort,receive,sub,py_to_py,copy,std,fastcdr,shmem_ds,1000000,10,1,measured,274,2026-09-09T14:34:41.241008Z,157674903189170,157674900432443,157674903189170,1788964481238529989,1788964481239143809,ok,
std_copy_fastcdr__py_to_py__1000000B__10Hz__shmem_ds__best_effort,receive,sub,py_to_py,copy,std,fastcdr,shmem_ds,1000000,10,1,measured,275,2026-09-09T14:34:41.340336Z,157675002515971,157674999707987,157675002515971,1788964481337832554,1788964481338534080,ok,
std_copy_fastcdr__py_to_py__1000000B__10Hz__shmem_ds__best_effort,receive,sub,py_to_py,copy,std,fastcdr,shmem_ds,1000000,10,1,measured,276,2026-09-09T14:34:41.439019Z,157675101204709,157675098898122,157675101204709,1788964481436916638,1788964481437343835,ok,
std_copy_fastcdr__py_to_py__1000000B__10Hz__shmem_ds__best_effort,receive,sub,py_to_py,copy,std,fastcdr,shmem_ds,1000000,10,1,measured,277,2026-09-09T14:34:41.538041Z,157675200228377,157675198062936,157675200228377,1788964481536017122,1788964481536465719,ok,
std_copy_fastcdr__py_to_py__1000000B__10Hz__shmem_ds__best_effort,receive,sub,py_to_py,copy,std,fastcdr,shmem_ds,1000000,10,1,measured,278,2026-09-09T14:34:41.638452Z,157675300636863,157675298240917,157675300636863,1788964481636285994,1788964481636768515,ok,
std_copy_fastcdr__py_to_py__1000000B__10Hz__shmem_ds__best_effort,receive,sub,py_to_py,copy,std,fastcdr,shmem_ds,1000000,10,1,measured,279,2026-09-09T14:34:41.738359Z,157675400546764,157675397810626,157675400546764,1788964481735892833,1788964481736551497,ok,
std_copy_fastcdr__py_to_py__1000000B__10Hz__shmem_ds__best_effort,receive,sub,py_to_py,copy,std,fastcdr,shmem_ds,1000000,10,1,measured,280,2026-09-09T14:34:41.837913Z,157675500099723,157675497963117,157675500099723,1788964481835934465,1788964481836392430,ok,
std_copy_fastcdr__py_to_py__1000000B__10Hz__shmem_ds__best_effort,receive,sub,py_to_py,copy,std,fastcdr,shmem_ds,1000000,10,1,measured,281,2026-09-09T14:34:41.939255Z,157675601435098,157675598474917,157675601435098,1788964481936538820,1788964481937217632,ok,
std_copy_fastcdr__py_to_py__1000000B__10Hz__shmem_ds__best_effort,receive,sub,py_to_py,copy,std,fastcdr,shmem_ds,1000000,10,1,measured,282,2026-09-09T14:34:42.038488Z,157675700674816,157675697881519,157675700674816,1788964482035955050,1788964482036741005,ok,
std_copy_fastcdr__py_to_py__1000000B__10Hz__shmem_ds__best_effort,receive,sub,py_to_py,copy,std,fastcdr,shmem_ds,1000000,10,1,measured,283,2026-09-09T14:34:42.138285Z,157675800471427,157675798158368,157675800471427,1788964482136154903,1788964482136614922,ok,
std_copy_fastcdr__py_to_py__1000000B__10Hz__shmem_ds__best_effort,receive,sub,py_to_py,copy,std,fastcdr,shmem_ds,1000000,10,1,measured,284,2026-09-09T14:34:42.237736Z,157675899925139,157675897643099,157675899925139,1788964482235667376,1788964482236190915,ok,
std_copy_fastcdr__py_to_py__1000000B__10Hz__shmem_ds__best_effort,receive,sub,py_to_py,copy,std,fastcdr,shmem_ds,1000000,10,1,measured,285,2026-09-09T14:34:42.338464Z,157676000642830,157675997637243,157676000642830,1788964482335755678,1788964482336473344,ok,
std_copy_fastcdr__py_to_py__1000000B__10Hz__shmem_ds__best_effort,receive,sub,py_to_py,copy,std,fastcdr,shmem_ds,1000000,10,1,measured,286,2026-09-09T14:34:42.438469Z,157676100655358,157676098394277,157676100655358,1788964482436374141,1788964482436798833,ok,
std_copy_fastcdr__py_to_py__1000000B__10Hz__shmem_ds__best_effort,receive,sub,py_to_py,copy,std,fastcdr,shmem_ds,1000000,10,1,measured,287,2026-09-09T14:34:42.539174Z,157676201360725,157676199067043,157676201360725,1788964482537013623,1788964482537450388,ok,
std_copy_fastcdr__py_to_py__1000000B__10Hz__shmem_ds__best_effort,receive,sub,py_to_py,copy,std,fastcdr,shmem_ds,1000000,10,1,measured,288,2026-09-09T14:34:42.638963Z,157676301150433,157676298316500,157676301150433,1788964482636404348,1788964482637042974,ok,
std_copy_fastcdr__py_to_py__1000000B__10Hz__shmem_ds__best_effort,receive,sub,py_to_py,copy,std,fastcdr,shmem_ds,1000000,10,1,measured,289,2026-09-09T14:34:42.738176Z,157676400363230,157676398106978,157676400363230,1788964482736049521,1788964482736487319,ok,
std_copy_fastcdr__py_to_py__1000000B__10Hz__shmem_ds__best_effort,receive,sub,py_to_py,copy,std,fastcdr,shmem_ds,1000000,10,1,measured,290,2026-09-09T14:34:42.837629Z,157676499816132,157676497660440,157676499816132,1788964482835609275,1788964482836064325,ok,
std_copy_fastcdr__py_to_py__1000000B__10Hz__shmem_ds__best_effort,receive,sub,py_to_py,copy,std,fastcdr,shmem_ds,1000000,10,1,measured,291,2026-09-09T14:34:42.937296Z,157676599477116,157676596741038,157676599477116,1788964482934815681,1788964482935483833,ok,
std_copy_fastcdr__py_to_py__1000000B__10Hz__shmem_ds__best_effort,receive,sub,py_to_py,copy,std,fastcdr,shmem_ds,1000000,10,1,measured,292,2026-09-09T14:34:43.038075Z,157676700253328,157676697301463,157676700253328,1788964483035433614,1788964483036187899,ok,
std_copy_fastcdr__py_to_py__1000000B__10Hz__shmem_ds__best_effort,receive,sub,py_to_py,copy,std,fastcdr,shmem_ds,1000000,10,1,measured,293,2026-09-09T14:34:43.138014Z,157676800202228,157676797549727,157676800202228,1788964483135641433,1788964483136255482,ok,
std_copy_fastcdr__py_to_py__1000000B__10Hz__shmem_ds__best_effort,receive,sub,py_to_py,copy,std,fastcdr,shmem_ds,1000000,10,1,measured,294,2026-09-09T14:34:43.237018Z,157676899205852,157676896992120,157676899205852,1788964483234974439,1788964483235357452,ok,
std_copy_fastcdr__py_to_py__1000000B__10Hz__shmem_ds__best_effort,receive,sub,py_to_py,copy,std,fastcdr,shmem_ds,1000000,10,1,measured,295,2026-09-09T14:34:43.337949Z,157677000138049,157676997520985,157677000138049,1788964483335590318,1788964483336245416,ok,
std_copy_fastcdr__py_to_py__1000000B__10Hz__shmem_ds__best_effort,receive,sub,py_to_py,copy,std,fastcdr,shmem_ds,1000000,10,1,measured,296,2026-09-09T14:34:43.437972Z,157677100156059,157677097622984,157677100156059,1788964483435663372,1788964483436225725,ok,
std_copy_fastcdr__py_to_py__1000000B__10Hz__shmem_ds__best_effort,receive,sub,py_to_py,copy,std,fastcdr,shmem_ds,1000000,10,1,measured,297,2026-09-09T14:34:43.537365Z,157677199553016,157677197450634,157677199553016,1788964483535401293,1788964483535855912,ok,
std_copy_fastcdr__py_to_py__1000000B__10Hz__shmem_ds__best_effort,receive,sub,py_to_py,copy,std,fastcdr,shmem_ds,1000000,10,1,measured,298,2026-09-09T14:34:43.636660Z,157677298845135,157677296495116,157677298845135,1788964483634535334,1788964483635034246,ok,
std_copy_fastcdr__py_to_py__1000000B__10Hz__shmem_ds__best_effort,receive,sub,py_to_py,copy,std,fastcdr,shmem_ds,1000000,10,1,measured,299,2026-09-09T14:34:43.735716Z,157677397898142,157677395630248,157677397898142,1788964483733588541,1788964483734020216,ok,
std_copy_fastcdr__py_to_py__1000000B__10Hz__shmem_ds__best_effort,receive,sub,py_to_py,copy,std,fastcdr,shmem_ds,1000000,10,1,measured,300,2026-09-09T14:34:43.836279Z,157677498466151,157677496369130,157677498466151,1788964483834313416,1788964483834747546,ok,
