run_id,event,process,direction,config,message,backend,transport,payload_bytes,target_frequency_hz,step_index,phase,sequence,observed_utc,observed_mono_ns,send_mono_ns,receive_mono_ns,middleware_source_ns,middleware_received_ns,status,error
std_copy_xcdr__cpp_to_cpp__100000B__10Hz__shmem_ds__best_effort,publish,pub,cpp_to_cpp,copy,std,xcdr,shmem_ds,100000,10,0,measured,0,2026-09-09T14:35:58.207840Z,157751869811206,157751869811206,-1,-1,-1,ok,
std_copy_xcdr__cpp_to_cpp__100000B__10Hz__shmem_ds__best_effort,publish,pub,cpp_to_cpp,copy,std,xcdr,shmem_ds,100000,10,0,measured,1,2026-09-09T14:35:58.308305Z,157751970380799,157751970380799,-1,-1,-1,ok,
std_copy_xcdr__cpp_to_cpp__100000B__10Hz__shmem_ds__best_effort,publish,pub,cpp_to_cpp,copy,std,xcdr,shmem_ds,100000,10,0,measured,2,2026-09-09T14:35:58.408576Z,157752070659263,157752070659263,-1,-1,-1,ok,
std_copy_xcdr__cpp_to_cpp__100000B__10Hz__shmem_ds__best_effort,publish,pub,cpp_to_cpp,copy,std,xcdr,shmem_ds,100000,10,0,measured,3,2026-09-09T14:35:58.509082Z,157752171162652,157752171162652,-1,-1,-1,ok,
std_copy_xcdr__cpp_to_cpp__100000B__10Hz__shmem_ds__best_effort,publish,pub,cpp_to_cpp,copy,std,xcdr,shmem_ds,100000,10,0,measured,4,2026-09-09T14:35:58.608343Z,157752270436898,157752270436898,-1,-1,-1,ok,
std_copy_xcdr__cpp_to_cpp__100000B__10Hz__shmem_ds__best_effort,publish,pub,cpp_to_cpp,copy,std,xcdr,shmem_ds,100000,10,0,measured,5,2026-09-09T14:35:58.709168Z,157752371242338,157752371242338,-1,-1,-1,ok,
std_copy_xcdr__cpp_to_cpp__100000B__10Hz__shmem_ds__best_effort,publish,pub,cpp_to_cpp,copy,std,xcdr,shmem_ds,100000,10,0,measured,6,2026-09-09T14:35:58.808431Z,157752470438326,157752470438326,-1,-1,-1,ok,
std_copy_xcdr__cpp_to_cpp__100000B__10Hz__shmem_ds__best_effort,publish,pub,cpp_to_cpp,copy,std,xcdr,shmem_ds,100000,10,0,measured,7,2026-09-09T14:35:58.908563Z,157752570584930,157752570584930,-1,-1,-1,ok,
std_copy_xcdr__cpp_to_cpp__100000B__10Hz__shmem_ds__best_effort,publish,pub,cpp_to_cpp,copy,std,xcdr,shmem_ds,100000,10,0,measured,8,2026-09-09T14:35:59.008322Z,157752670333293,157752670333293,-1,-1,-1,ok,
std_copy_xcdr__cpp_to_cpp__100000B__10Hz__shmem_ds__best_effort,publish,pub,cpp_to_cpp,copy,std,xcdr,shmem_ds,100000,10,0,measured,9,2026-09-09T14:35:59.107815Z,157752769875346,157752769875346,-1,-1,-1,ok,
std_copy_xcdr__cpp_to_cpp__100000B__10Hz__shmem_ds__best_effort,publish,pub,cpp_to_cpp,copy,std,xcdr,shmem_ds,100000,10,0,measured,10,2026-09-09T14:35:59.207587Z,157752869654166,157752869654166,-1,-1,-1,ok,
std_copy_xcdr__cpp_to_cpp__100000B__10Hz__shmem_ds__best_effort,publish,pub,cpp_to_cpp,copy,std,xcdr,shmem_ds,100000,10,0,measured,11,2026-09-09T14:35:59.306598Z,157752968678822,157752968678822,-1,-1,-1,ok,
std_copy_xcdr__cpp_to_cpp__100000B__10Hz__shmem_ds__best_effort,publish,pub,cpp_to_cpp,copy,std,xcdr,shmem_ds,100000,10,0,measured,12,2026-09-09T14:35:59.406637Z,157753068725429,157753068725429,-1,-1,-1,ok,
std_copy_xcdr__cpp_to_cpp__100000B__10Hz__shmem_ds__best_effort,publish,pub,cpp_to_cpp,copy,std,xcdr,shmem_ds,100000,10,0,measured,13,2026-09-09T14:35:59.507038Z,157753169098011,157753169098011,-1,-1,-1,ok,
std_copy_xcdr__cpp_to_cpp__100000B__10Hz__shmem_ds__best_effort,publish,pub,cpp_to_cpp,copy,std,xcdr,shmem_ds,100000,10,0,measured,14,2026-09-09T14:35:59.607298Z,157753269371798,157753269371798,-1,-1,-1,ok,
std_copy_xcdr__cpp_to_cpp__100000B__10Hz__shmem_ds__best_effort,publish,pub,cpp_to_cpp,copy,std,xcdr,shmem_ds,100000,10,0,measured,15,2026-09-09T14:35:59.707944Z,157753370023348,157753370023348,-1,-1,-1,ok,
std_copy_xcdr__cpp_to_cpp__100000B__10Hz__shmem_ds__best_effort,publish,pub,cpp_to_cpp,copy,std,xcdr,shmem_ds,100000,10,0,measured,16,2026-09-09T14:35:59.808849Z,157753470913178,157753470913178,-1,-1,-1,ok,
std_copy_xcdr__cpp_to_cpp__100000B__10Hz__shmem_ds__best_effort,publish,pub,cpp_to_cpp,copy,std,xcdr,shmem_ds,100000,10,0,measured,17,2026-09-09T14:35:59.909379Z,157753571425014,157753571425014,-1,-1,-1,ok,
std_copy_xcdr__cpp_to_cpp__100000B__10Hz__shmem_ds__best_effort,publish,pub,cpp_to_cpp,copy,std,xcdr,shmem_ds,100000,10,0,measured,18,2026-09-09T14:36:00.009292Z,157753671323130,157753671323130,-1,-1,-1,ok,
std_copy_xcdr__cpp_to_cpp__100000B__10Hz__shmem_ds__best_effort,publish,pub,cpp_to_cpp,copy,std,xcdr,shmem_ds,100000,10,0,measured,19,2026-09-09T14:36:00.108362Z,157753770414994,157753770414994,-1,-1,-1,ok,
std_copy_xcdr__cpp_to_cpp__100000B__10Hz__shmem_ds__best_effort,publish,pub,cpp_to_cpp,copy,std,xcdr,shmem_ds,100000,10,0,measured,20,2026-09-09T14:36:00.207494Z,157753869547955,157753869547955,-1,-1,-1,ok,
std_copy_xcdr__cpp_to_cpp__100000B__10Hz__shmem_ds__best_effort,publish,pub,cpp_to_cpp,copy,std,xcdr,shmem_ds,100000,10,0,measured,21,2026-09-09T14:36:00.307986Z,157753970039384,157753970039384,-1,-1,-1,ok,
std_copy_xcdr__cpp_to_cpp__100000B__10Hz__shmem_ds__best_effort,publish,pub,cpp_to_cpp,copy,std,xcdr,shmem_ds,100000,10,0,measured,22,2026-09-09T14:36:00.407272Z,157754069338568,157754069338568,-1,-1,-1,ok,
std_copy_xcdr__cpp_to_cpp__100000B__10Hz__shmem_ds__best_effort,publish,pub,cpp_to_cpp,copy,std,xcdr,shmem_ds,100000,10,0,measured,23,2026-09-09T14:36:00.507152Z,157754169191631,157754169191631,-1,-1,-1,ok,
std_copy_xcdr__cpp_to_cpp__100000B__10Hz__shmem_ds__best_effort,publish,pub,cpp_to_cpp,copy,std,xcdr,shmem_ds,100000,10,0,measured,24,2026-09-09T14:36:00.606404Z,157754268397511,157754268397511,-1,-1,-1,ok,
std_copy_xcdr__cpp_to_cpp__100000B__10Hz__shmem_ds__best_effort,publish,pub,cpp_to_cpp,copy,std,xcdr,shmem_ds,100000,10,0,measured,25,2026-09-09T14:36:00.705666Z,157754367685114,157754367685114,-1,-1,-1,ok,
std_copy_xcdr__cpp_to_cpp__100000B__10Hz__shmem_ds__best_effort,publish,pub,cpp_to_cpp,copy,std,xcdr,shmem_ds,100000,10,0,measured,26,2026-09-09T14:36:00.804896Z,157754466877828,157754466877828,-1,-1,-1,ok,
std_copy_xcdr__cpp_to_cpp__100000B__10Hz__shmem_ds__best_effort,publish,pub,cpp_to_cpp,copy,std,xcdr,shmem_ds,100000,10,0,measured,27,2026-09-09T14:36:00.904900Z,157754566930549,157754566930549,-1,-1,-1,ok,
std_copy_xcdr__cpp_to_cpp__100000B__10Hz__shmem_ds__best_effort,publish,pub,cpp_to_cpp,copy,std,xcdr,shmem_ds,100000,10,0,measured,28,2026-09-09T14:36:01.004759Z,157754666822253,157754666822253,-1,-1,-1,ok,
std_copy_xcdr__cpp_to_cpp__100000B__10Hz__shmem_ds__best_effort,publish,pub,cpp_to_cpp,copy,std,xcdr,shmem_ds,100000,10,0,measured,29,2026-09-09T14:36:01.105373Z,157754767373587,157754767373587,-1,-1,-1,ok,
std_copy_xcdr__cpp_to_cpp__100000B__10Hz__shmem_ds__best_effort,publish,pub,cpp_to_cpp,copy,std,xcdr,shmem_ds,100000,10,0,measured,30,2026-09-09T14:36:01.204552Z,157754866613310,157754866613310,-1,-1,-1,ok,
std_copy_xcdr__cpp_to_cpp__100000B__10Hz__shmem_ds__best_effort,publish,pub,cpp_to_cpp,copy,std,xcdr,shmem_ds,100000,10,0,measured,31,2026-09-09T14:36:01.305039Z,157754967102807,157754967102807,-1,-1,-1,ok,
std_copy_xcdr__cpp_to_cpp__100000B__10Hz__shmem_ds__best_effort,publish,pub,cpp_to_cpp,copy,std,xcdr,shmem_ds,100000,10,0,measured,32,2026-09-09T14:36:01.404780Z,157755066758587,157755066758587,-1,-1,-1,ok,
std_copy_xcdr__cpp_to_cpp__100000B__10Hz__shmem_ds__best_effort,publish,pub,cpp_to_cpp,copy,std,xcdr,shmem_ds,100000,10,0,measured,33,2026-09-09T14:36:01.505199Z,157755167256801,157755167256801,-1,-1,-1,ok,
std_copy_xcdr__cpp_to_cpp__100000B__10Hz__shmem_ds__best_effort,publish,pub,cpp_to_cpp,copy,std,xcdr,shmem_ds,100000,10,0,measured,34,2026-09-09T14:36:01.605823Z,157755267861344,157755267861344,-1,-1,-1,ok,
std_copy_xcdr__cpp_to_cpp__100000B__10Hz__shmem_ds__best_effort,publish,pub,cpp_to_cpp,copy,std,xcdr,shmem_ds,100000,10,0,measured,35,2026-09-09T14:36:01.704890Z,157755366948981,157755366948981,-1,-1,-1,ok,
std_copy_xcdr__cpp_to_cpp__100000B__10Hz__shmem_ds__best_effort,publish,pub,cpp_to_cpp,copy,std,xcdr,shmem_ds,100000,10,0,measured,36,2026-09-09T14:36:01.805725Z,157755467798988,157755467798988,-1,-1,-1,ok,
std_copy_xcdr__cpp_to_cpp__100000B__10Hz__shmem_ds__best_effort,publish,pub,cpp_to_cpp,copy,std,xcdr,shmem_ds,100000,10,0,measured,37,2026-09-09T14:36:01.906238Z,157755568285779,157755568285779,-1,-1,-1,ok,
std_copy_xcdr__cpp_to_cpp__100000B__10Hz__shmem_ds__best_effort,publish,pub,cpp_to_cpp,copy,std,xcdr,shmem_ds,100000,10,0,measured,38,2026-09-09T14:36:02.006047Z,157755668119056,157755668119056,-1,-1,-1,ok,
std_copy_xcdr__cpp_to_cpp__100000B__10Hz__shmem_ds__best_effort,publish,pub,cpp_to_cpp,copy,std,xcdr,shmem_ds,100000,10,0,measured,39,2026-09-09T14:36:02.105621Z,157755767713150,157755767713150,-1,-1,-1,ok,
std_copy_xcdr__cpp_to_cpp__100000B__10Hz__shmem_ds__best_effort,publish,pub,cpp_to_cpp,copy,std,xcdr,shmem_ds,100000,10,0,measured,40,2026-09-09T14:36:02.204679Z,157755866754522,157755866754522,-1,-1,-1,ok,
std_copy_xcdr__cpp_to_cpp__100000B__10Hz__shmem_ds__best_effort,publish,pub,cpp_to_cpp,copy,std,xcdr,shmem_ds,100000,10,0,measured,41,2026-09-09T14:36:02.305062Z,157755967152627,157755967152627,-1,-1,-1,ok,
std_copy_xcdr__cpp_to_cpp__100000B__10Hz__shmem_ds__best_effort,publish,pub,cpp_to_cpp,copy,std,xcdr,shmem_ds,100000,10,0,measured,42,2026-09-09T14:36:02.404999Z,157756067072156,157756067072156,-1,-1,-1,ok,
std_copy_xcdr__cpp_to_cpp__100000B__10Hz__shmem_ds__best_effort,publish,pub,cpp_to_cpp,copy,std,xcdr,shmem_ds,100000,10,0,measured,43,2026-09-09T14:36:02.505061Z,157756167146049,157756167146049,-1,-1,-1,ok,
std_copy_xcdr__cpp_to_cpp__100000B__10Hz__shmem_ds__best_effort,publish,pub,cpp_to_cpp,copy,std,xcdr,shmem_ds,100000,10,0,measured,44,2026-09-09T14:36:02.605055Z,157756267125193,157756267125193,-1,-1,-1,ok,
std_copy_xcdr__cpp_to_cpp__100000B__10Hz__shmem_ds__best_effort,publish,pub,cpp_to_cpp,copy,std,xcdr,shmem_ds,100000,10,0,measured,45,2026-09-09T14:36:02.704450Z,157756366545118,157756366545118,-1,-1,-1,ok,
std_copy_xcdr__cpp_to_cpp__100000B__10Hz__shmem_ds__best_effort,publish,pub,cpp_to_cpp,copy,std,xcdr,shmem_ds,100000,10,0,measured,46,2026-09-09T14:36:02.804744Z,157756466766459,157756466766459,-1,-1,-1,ok,
std_copy_xcdr__cpp_to_cpp__100000B__10Hz__shmem_ds__best_effort,publish,pub,cpp_to_cpp,copy,std,xcdr,shmem_ds,100000,10,0,measured,47,2026-09-09T14:36:02.904683Z,157756566747516,157756566747516,-1,-1,-1,ok,
std_copy_xcdr__cpp_to_cpp__100000B__10Hz__shmem_ds__best_effort,publish,pub,cpp_to_cpp,copy,std,xcdr,shmem_ds,100000,10,0,measured,48,2026-09-09T14:36:03.004487Z,157756666516512,157756666516512,-1,-1,-1,ok,
std_copy_xcdr__cpp_to_cpp__100000B__10Hz__shmem_ds__best_effort,publish,pub,cpp_to_cpp,copy,std,xcdr,shmem_ds,100000,10,0,measured,49,2026-09-09T14:36:03.104766Z,157756766849996,157756766849996,-1,-1,-1,ok,
std_copy_xcdr__cpp_to_cpp__100000B__10Hz__shmem_ds__best_effort,publish,pub,cpp_to_cpp,copy,std,xcdr,shmem_ds,100000,10,0,measured,50,2026-09-09T14:36:03.204593Z,157756866680710,157756866680710,-1,-1,-1,ok,
std_copy_xcdr__cpp_to_cpp__100000B__10Hz__shmem_ds__best_effort,publish,pub,cpp_to_cpp,copy,std,xcdr,shmem_ds,100000,10,0,measured,51,2026-09-09T14:36:03.304462Z,157756966551029,157756966551029,-1,-1,-1,ok,
std_copy_xcdr__cpp_to_cpp__100000B__10Hz__shmem_ds__best_effort,publish,pub,cpp_to_cpp,copy,std,xcdr,shmem_ds,100000,10,0,measured,52,2026-09-09T14:36:03.403670Z,157757065734810,157757065734810,-1,-1,-1,ok,
std_copy_xcdr__cpp_to_cpp__100000B__10Hz__shmem_ds__best_effort,publish,pub,cpp_to_cpp,copy,std,xcdr,shmem_ds,100000,10,0,measured,53,2026-09-09T14:36:03.502814Z,157757164882462,157757164882462,-1,-1,-1,ok,
std_copy_xcdr__cpp_to_cpp__100000B__10Hz__shmem_ds__best_effort,publish,pub,cpp_to_cpp,copy,std,xcdr,shmem_ds,100000,10,0,measured,54,2026-09-09T14:36:03.603479Z,157757265529289,157757265529289,-1,-1,-1,ok,
std_copy_xcdr__cpp_to_cpp__100000B__10Hz__shmem_ds__best_effort,publish,pub,cpp_to_cpp,copy,std,xcdr,shmem_ds,100000,10,0,measured,55,2026-09-09T14:36:03.703378Z,157757365483696,157757365483696,-1,-1,-1,ok,
std_copy_xcdr__cpp_to_cpp__100000B__10Hz__shmem_ds__best_effort,publish,pub,cpp_to_cpp,copy,std,xcdr,shmem_ds,100000,10,0,measured,56,2026-09-09T14:36:03.803269Z,157757465369364,157757465369364,-1,-1,-1,ok,
std_copy_xcdr__cpp_to_cpp__100000B__10Hz__shmem_ds__best_effort,publish,pub,cpp_to_cpp,copy,std,xcdr,shmem_ds,100000,10,0,measured,57,2026-09-09T14:36:03.904272Z,157757566359318,157757566359318,-1,-1,-1,ok,
std_copy_xcdr__cpp_to_cpp__100000B__10Hz__shmem_ds__best_effort,publish,pub,cpp_to_cpp,copy,std,xcdr,shmem_ds,100000,10,0,measured,58,2026-09-09T14:36:04.004516Z,157757666554932,157757666554932,-1,-1,-1,ok,
std_copy_xcdr__cpp_to_cpp__100000B__10Hz__shmem_ds__best_effort,publish,pub,cpp_to_cpp,copy,std,xcdr,shmem_ds,100000,10,0,measured,59,2026-09-09T14:36:04.104678Z,157757766788228,157757766788228,-1,-1,-1,ok,
std_copy_xcdr__cpp_to_cpp__100000B__10Hz__shmem_ds__best_effort,publish,pub,cpp_to_cpp,copy,std,xcdr,shmem_ds,100000,10,0,measured,60,2026-09-09T14:36:04.204859Z,157757866940430,157757866940430,-1,-1,-1,ok,
std_copy_xcdr__cpp_to_cpp__100000B__10Hz__shmem_ds__best_effort,publish,pub,cpp_to_cpp,copy,std,xcdr,shmem_ds,100000,10,0,measured,61,2026-09-09T14:36:04.305550Z,157757967662380,157757967662380,-1,-1,-1,ok,
std_copy_xcdr__cpp_to_cpp__100000B__10Hz__shmem_ds__best_effort,publish,pub,cpp_to_cpp,copy,std,xcdr,shmem_ds,100000,10,0,measured,62,2026-09-09T14:36:04.405509Z,157758067612891,157758067612891,-1,-1,-1,ok,
std_copy_xcdr__cpp_to_cpp__100000B__10Hz__shmem_ds__best_effort,publish,pub,cpp_to_cpp,copy,std,xcdr,shmem_ds,100000,10,0,measured,63,2026-09-09T14:36:04.506155Z,157758168261101,157758168261101,-1,-1,-1,ok,
std_copy_xcdr__cpp_to_cpp__100000B__10Hz__shmem_ds__best_effort,publish,pub,cpp_to_cpp,copy,std,xcdr,shmem_ds,100000,10,0,measured,64,2026-09-09T14:36:04.606166Z,157758268244365,157758268244365,-1,-1,-1,ok,
std_copy_xcdr__cpp_to_cpp__100000B__10Hz__shmem_ds__best_effort,publish,pub,cpp_to_cpp,copy,std,xcdr,shmem_ds,100000,10,0,measured,65,2026-09-09T14:36:04.706027Z,157758368135755,157758368135755,-1,-1,-1,ok,
std_copy_xcdr__cpp_to_cpp__100000B__10Hz__shmem_ds__best_effort,publish,pub,cpp_to_cpp,copy,std,xcdr,shmem_ds,100000,10,0,measured,66,2026-09-09T14:36:04.805767Z,157758467763136,157758467763136,-1,-1,-1,ok,
std_copy_xcdr__cpp_to_cpp__100000B__10Hz__shmem_ds__best_effort,publish,pub,cpp_to_cpp,copy,std,xcdr,shmem_ds,100000,10,0,measured,67,2026-09-09T14:36:04.905310Z,157758567351793,157758567351793,-1,-1,-1,ok,
std_copy_xcdr__cpp_to_cpp__100000B__10Hz__shmem_ds__best_effort,publish,pub,cpp_to_cpp,copy,std,xcdr,shmem_ds,100000,10,0,measured,68,2026-09-09T14:36:05.005366Z,157758667400489,157758667400489,-1,-1,-1,ok,
std_copy_xcdr__cpp_to_cpp__100000B__10Hz__shmem_ds__best_effort,publish,pub,cpp_to_cpp,copy,std,xcdr,shmem_ds,100000,10,0,measured,69,2026-09-09T14:36:05.105015Z,157758767124424,157758767124424,-1,-1,-1,ok,
std_copy_xcdr__cpp_to_cpp__100000B__10Hz__shmem_ds__best_effort,publish,pub,cpp_to_cpp,copy,std,xcdr,shmem_ds,100000,10,0,measured,70,2026-09-09T14:36:05.205540Z,157758867651528,157758867651528,-1,-1,-1,ok,
std_copy_xcdr__cpp_to_cpp__100000B__10Hz__shmem_ds__best_effort,publish,pub,cpp_to_cpp,copy,std,xcdr,shmem_ds,100000,10,0,measured,71,2026-09-09T14:36:05.305150Z,157758967262388,157758967262388,-1,-1,-1,ok,
std_copy_xcdr__cpp_to_cpp__100000B__10Hz__shmem_ds__best_effort,publish,pub,cpp_to_cpp,copy,std,xcdr,shmem_ds,100000,10,0,measured,72,2026-09-09T14:36:05.405521Z,157759067634087,157759067634087,-1,-1,-1,ok,
std_copy_xcdr__cpp_to_cpp__100000B__10Hz__shmem_ds__best_effort,publish,pub,cpp_to_cpp,copy,std,xcdr,shmem_ds,100000,10,0,measured,73,2026-09-09T14:36:05.505991Z,157759168091957,157759168091957,-1,-1,-1,ok,
std_copy_xcdr__cpp_to_cpp__100000B__10Hz__shmem_ds__best_effort,publish,pub,cpp_to_cpp,copy,std,xcdr,shmem_ds,100000,10,0,measured,74,2026-09-09T14:36:05.606366Z,157759268398252,157759268398252,-1,-1,-1,ok,
std_copy_xcdr__cpp_to_cpp__100000B__10Hz__shmem_ds__best_effort,publish,pub,cpp_to_cpp,copy,std,xcdr,shmem_ds,100000,10,0,measured,75,2026-09-09T14:36:05.706906Z,157759369023370,157759369023370,-1,-1,-1,ok,
std_copy_xcdr__cpp_to_cpp__100000B__10Hz__shmem_ds__best_effort,publish,pub,cpp_to_cpp,copy,std,xcdr,shmem_ds,100000,10,0,measured,76,2026-09-09T14:36:05.807486Z,157759469599887,157759469599887,-1,-1,-1,ok,
std_copy_xcdr__cpp_to_cpp__100000B__10Hz__shmem_ds__best_effort,publish,pub,cpp_to_cpp,copy,std,xcdr,shmem_ds,100000,10,0,measured,77,2026-09-09T14:36:05.907832Z,157759569906271,157759569906271,-1,-1,-1,ok,
std_copy_xcdr__cpp_to_cpp__100000B__10Hz__shmem_ds__best_effort,publish,pub,cpp_to_cpp,copy,std,xcdr,shmem_ds,100000,10,0,measured,78,2026-09-09T14:36:06.008447Z,157759670494749,157759670494749,-1,-1,-1,ok,
std_copy_xcdr__cpp_to_cpp__100000B__10Hz__shmem_ds__best_effort,publish,pub,cpp_to_cpp,copy,std,xcdr,shmem_ds,100000,10,0,measured,79,2026-09-09T14:36:06.108187Z,157759770298196,157759770298196,-1,-1,-1,ok,
std_copy_xcdr__cpp_to_cpp__100000B__10Hz__shmem_ds__best_effort,publish,pub,cpp_to_cpp,copy,std,xcdr,shmem_ds,100000,10,0,measured,80,2026-09-09T14:36:06.209077Z,157759871169981,157759871169981,-1,-1,-1,ok,
std_copy_xcdr__cpp_to_cpp__100000B__10Hz__shmem_ds__best_effort,publish,pub,cpp_to_cpp,copy,std,xcdr,shmem_ds,100000,10,0,measured,81,2026-09-09T14:36:06.308774Z,157759970865273,157759970865273,-1,-1,-1,ok,
std_copy_xcdr__cpp_to_cpp__100000B__10Hz__shmem_ds__best_effort,publish,pub,cpp_to_cpp,copy,std,xcdr,shmem_ds,100000,10,0,measured,82,2026-09-09T14:36:06.408372Z,157760070464572,157760070464572,-1,-1,-1,ok,
std_copy_xcdr__cpp_to_cpp__100000B__10Hz__shmem_ds__best_effort,publish,pub,cpp_to_cpp,copy,std,xcdr,shmem_ds,100000,10,0,measured,83,2026-09-09T14:36:06.508851Z,157760170939146,157760170939146,-1,-1,-1,ok,
std_copy_xcdr__cpp_to_cpp__100000B__10Hz__shmem_ds__best_effort,publish,pub,cpp_to_cpp,copy,std,xcdr,shmem_ds,100000,10,0,measured,84,2026-09-09T14:36:06.609057Z,157760271128882,157760271128882,-1,-1,-1,ok,
std_copy_xcdr__cpp_to_cpp__100000B__10Hz__shmem_ds__best_effort,publish,pub,cpp_to_cpp,copy,std,xcdr,shmem_ds,100000,10,0,measured,85,2026-09-09T14:36:06.708726Z,157760370833271,157760370833271,-1,-1,-1,ok,
std_copy_xcdr__cpp_to_cpp__100000B__10Hz__shmem_ds__best_effort,publish,pub,cpp_to_cpp,copy,std,xcdr,shmem_ds,100000,10,0,measured,86,2026-09-09T14:36:06.808138Z,157760470123707,157760470123707,-1,-1,-1,ok,
std_copy_xcdr__cpp_to_cpp__100000B__10Hz__shmem_ds__best_effort,publish,pub,cpp_to_cpp,copy,std,xcdr,shmem_ds,100000,10,0,measured,87,2026-09-09T14:36:06.908286Z,157760570359200,157760570359200,-1,-1,-1,ok,
std_copy_xcdr__cpp_to_cpp__100000B__10Hz__shmem_ds__best_effort,publish,pub,cpp_to_cpp,copy,std,xcdr,shmem_ds,100000,10,0,measured,88,2026-09-09T14:36:07.008534Z,157760670555909,157760670555909,-1,-1,-1,ok,
std_copy_xcdr__cpp_to_cpp__100000B__10Hz__shmem_ds__best_effort,publish,pub,cpp_to_cpp,copy,std,xcdr,shmem_ds,100000,10,0,measured,89,2026-09-09T14:36:07.108495Z,157760770591476,157760770591476,-1,-1,-1,ok,
std_copy_xcdr__cpp_to_cpp__100000B__10Hz__shmem_ds__best_effort,publish,pub,cpp_to_cpp,copy,std,xcdr,shmem_ds,100000,10,0,measured,90,2026-09-09T14:36:07.208717Z,157760870816701,157760870816701,-1,-1,-1,ok,
std_copy_xcdr__cpp_to_cpp__100000B__10Hz__shmem_ds__best_effort,publish,pub,cpp_to_cpp,copy,std,xcdr,shmem_ds,100000,10,0,measured,91,2026-09-09T14:36:07.307844Z,157760969935502,157760969935502,-1,-1,-1,ok,
std_copy_xcdr__cpp_to_cpp__100000B__10Hz__shmem_ds__best_effort,publish,pub,cpp_to_cpp,copy,std,xcdr,shmem_ds,100000,10,0,measured,92,2026-09-09T14:36:07.407575Z,157761069670109,157761069670109,-1,-1,-1,ok,
std_copy_xcdr__cpp_to_cpp__100000B__10Hz__shmem_ds__best_effort,publish,pub,cpp_to_cpp,copy,std,xcdr,shmem_ds,100000,10,0,measured,93,2026-09-09T14:36:07.508036Z,157761170138163,157761170138163,-1,-1,-1,ok,
std_copy_xcdr__cpp_to_cpp__100000B__10Hz__shmem_ds__best_effort,publish,pub,cpp_to_cpp,copy,std,xcdr,shmem_ds,100000,10,0,measured,94,2026-09-09T14:36:07.608307Z,157761270363718,157761270363718,-1,-1,-1,ok,
std_copy_xcdr__cpp_to_cpp__100000B__10Hz__shmem_ds__best_effort,publish,pub,cpp_to_cpp,copy,std,xcdr,shmem_ds,100000,10,0,measured,95,2026-09-09T14:36:07.708051Z,157761370151646,157761370151646,-1,-1,-1,ok,
std_copy_xcdr__cpp_to_cpp__100000B__10Hz__shmem_ds__best_effort,publish,pub,cpp_to_cpp,copy,std,xcdr,shmem_ds,100000,10,0,measured,96,2026-09-09T14:36:07.808914Z,157761471018222,157761471018222,-1,-1,-1,ok,
std_copy_xcdr__cpp_to_cpp__100000B__10Hz__shmem_ds__best_effort,publish,pub,cpp_to_cpp,copy,std,xcdr,shmem_ds,100000,10,0,measured,97,2026-09-09T14:36:07.909410Z,157761571495945,157761571495945,-1,-1,-1,ok,
std_copy_xcdr__cpp_to_cpp__100000B__10Hz__shmem_ds__best_effort,publish,pub,cpp_to_cpp,copy,std,xcdr,shmem_ds,100000,10,0,measured,98,2026-09-09T14:36:08.008894Z,157761670959779,157761670959779,-1,-1,-1,ok,
std_copy_xcdr__cpp_to_cpp__100000B__10Hz__shmem_ds__best_effort,publish,pub,cpp_to_cpp,copy,std,xcdr,shmem_ds,100000,10,0,measured,99,2026-09-09T14:36:08.108921Z,157761771017007,157761771017007,-1,-1,-1,ok,
std_copy_xcdr__cpp_to_cpp__100000B__10Hz__shmem_ds__best_effort,publish,pub,cpp_to_cpp,copy,std,xcdr,shmem_ds,100000,10,0,measured,100,2026-09-09T14:36:08.208159Z,157761870263845,157761870263845,-1,-1,-1,ok,
std_copy_xcdr__cpp_to_cpp__100000B__10Hz__shmem_ds__best_effort,publish,pub,cpp_to_cpp,copy,std,xcdr,shmem_ds,100000,10,0,measured,101,2026-09-09T14:36:08.308738Z,157761970841978,157761970841978,-1,-1,-1,ok,
std_copy_xcdr__cpp_to_cpp__100000B__10Hz__shmem_ds__best_effort,publish,pub,cpp_to_cpp,copy,std,xcdr,shmem_ds,100000,10,0,measured,102,2026-09-09T14:36:08.408202Z,157762070307196,157762070307196,-1,-1,-1,ok,
std_copy_xcdr__cpp_to_cpp__100000B__10Hz__shmem_ds__best_effort,publish,pub,cpp_to_cpp,copy,std,xcdr,shmem_ds,100000,10,0,measured,103,2026-09-09T14:36:08.507400Z,157762169497676,157762169497676,-1,-1,-1,ok,
std_copy_xcdr__cpp_to_cpp__100000B__10Hz__shmem_ds__best_effort,publish,pub,cpp_to_cpp,copy,std,xcdr,shmem_ds,100000,10,0,measured,104,2026-09-09T14:36:08.608209Z,157762270274524,157762270274524,-1,-1,-1,ok,
std_copy_xcdr__cpp_to_cpp__100000B__10Hz__shmem_ds__best_effort,publish,pub,cpp_to_cpp,copy,std,xcdr,shmem_ds,100000,10,0,measured,105,2026-09-09T14:36:08.708127Z,157762370219791,157762370219791,-1,-1,-1,ok,
std_copy_xcdr__cpp_to_cpp__100000B__10Hz__shmem_ds__best_effort,publish,pub,cpp_to_cpp,copy,std,xcdr,shmem_ds,100000,10,0,measured,106,2026-09-09T14:36:08.807430Z,157762469451930,157762469451930,-1,-1,-1,ok,
std_copy_xcdr__cpp_to_cpp__100000B__10Hz__shmem_ds__best_effort,publish,pub,cpp_to_cpp,copy,std,xcdr,shmem_ds,100000,10,0,measured,107,2026-09-09T14:36:08.907778Z,157762569830405,157762569830405,-1,-1,-1,ok,
std_copy_xcdr__cpp_to_cpp__100000B__10Hz__shmem_ds__best_effort,publish,pub,cpp_to_cpp,copy,std,xcdr,shmem_ds,100000,10,0,measured,108,2026-09-09T14:36:09.007041Z,157762669085667,157762669085667,-1,-1,-1,ok,
std_copy_xcdr__cpp_to_cpp__100000B__10Hz__shmem_ds__best_effort,publish,pub,cpp_to_cpp,copy,std,xcdr,shmem_ds,100000,10,0,measured,109,2026-09-09T14:36:09.107447Z,157762769526572,157762769526572,-1,-1,-1,ok,
std_copy_xcdr__cpp_to_cpp__100000B__10Hz__shmem_ds__best_effort,publish,pub,cpp_to_cpp,copy,std,xcdr,shmem_ds,100000,10,0,measured,110,2026-09-09T14:36:09.207632Z,157762869732041,157762869732041,-1,-1,-1,ok,
std_copy_xcdr__cpp_to_cpp__100000B__10Hz__shmem_ds__best_effort,publish,pub,cpp_to_cpp,copy,std,xcdr,shmem_ds,100000,10,0,measured,111,2026-09-09T14:36:09.307344Z,157762969445370,157762969445370,-1,-1,-1,ok,
std_copy_xcdr__cpp_to_cpp__100000B__10Hz__shmem_ds__best_effort,publish,pub,cpp_to_cpp,copy,std,xcdr,shmem_ds,100000,10,0,measured,112,2026-09-09T14:36:09.407888Z,157763069981705,157763069981705,-1,-1,-1,ok,
std_copy_xcdr__cpp_to_cpp__100000B__10Hz__shmem_ds__best_effort,publish,pub,cpp_to_cpp,copy,std,xcdr,shmem_ds,100000,10,0,measured,113,2026-09-09T14:36:09.508733Z,157763170838715,157763170838715,-1,-1,-1,ok,
std_copy_xcdr__cpp_to_cpp__100000B__10Hz__shmem_ds__best_effort,publish,pub,cpp_to_cpp,copy,std,xcdr,shmem_ds,100000,10,0,measured,114,2026-09-09T14:36:09.609778Z,157763271831673,157763271831673,-1,-1,-1,ok,
std_copy_xcdr__cpp_to_cpp__100000B__10Hz__shmem_ds__best_effort,publish,pub,cpp_to_cpp,copy,std,xcdr,shmem_ds,100000,10,0,measured,115,2026-09-09T14:36:09.709538Z,157763371616037,157763371616037,-1,-1,-1,ok,
std_copy_xcdr__cpp_to_cpp__100000B__10Hz__shmem_ds__best_effort,publish,pub,cpp_to_cpp,copy,std,xcdr,shmem_ds,100000,10,0,measured,116,2026-09-09T14:36:09.809257Z,157763471357007,157763471357007,-1,-1,-1,ok,
std_copy_xcdr__cpp_to_cpp__100000B__10Hz__shmem_ds__best_effort,publish,pub,cpp_to_cpp,copy,std,xcdr,shmem_ds,100000,10,0,measured,117,2026-09-09T14:36:09.909953Z,157763572023669,157763572023669,-1,-1,-1,ok,
std_copy_xcdr__cpp_to_cpp__100000B__10Hz__shmem_ds__best_effort,publish,pub,cpp_to_cpp,copy,std,xcdr,shmem_ds,100000,10,0,measured,118,2026-09-09T14:36:10.010543Z,157763672552490,157763672552490,-1,-1,-1,ok,
std_copy_xcdr__cpp_to_cpp__100000B__10Hz__shmem_ds__best_effort,publish,pub,cpp_to_cpp,copy,std,xcdr,shmem_ds,100000,10,0,measured,119,2026-09-09T14:36:10.110796Z,157763772870953,157763772870953,-1,-1,-1,ok,
std_copy_xcdr__cpp_to_cpp__100000B__10Hz__shmem_ds__best_effort,publish,pub,cpp_to_cpp,copy,std,xcdr,shmem_ds,100000,10,0,measured,120,2026-09-09T14:36:10.211629Z,157763873638497,157763873638497,-1,-1,-1,ok,
std_copy_xcdr__cpp_to_cpp__100000B__10Hz__shmem_ds__best_effort,publish,pub,cpp_to_cpp,copy,std,xcdr,shmem_ds,100000,10,0,measured,121,2026-09-09T14:36:10.310719Z,157763972766581,157763972766581,-1,-1,-1,ok,
std_copy_xcdr__cpp_to_cpp__100000B__10Hz__shmem_ds__best_effort,publish,pub,cpp_to_cpp,copy,std,xcdr,shmem_ds,100000,10,0,measured,122,2026-09-09T14:36:10.410307Z,157764072411543,157764072411543,-1,-1,-1,ok,
std_copy_xcdr__cpp_to_cpp__100000B__10Hz__shmem_ds__best_effort,publish,pub,cpp_to_cpp,copy,std,xcdr,shmem_ds,100000,10,0,measured,123,2026-09-09T14:36:10.509908Z,157764171999636,157764171999636,-1,-1,-1,ok,
std_copy_xcdr__cpp_to_cpp__100000B__10Hz__shmem_ds__best_effort,publish,pub,cpp_to_cpp,copy,std,xcdr,shmem_ds,100000,10,0,measured,124,2026-09-09T14:36:10.609767Z,157764271836791,157764271836791,-1,-1,-1,ok,
std_copy_xcdr__cpp_to_cpp__100000B__10Hz__shmem_ds__best_effort,publish,pub,cpp_to_cpp,copy,std,xcdr,shmem_ds,100000,10,0,measured,125,2026-09-09T14:36:10.709075Z,157764371155435,157764371155435,-1,-1,-1,ok,
std_copy_xcdr__cpp_to_cpp__100000B__10Hz__shmem_ds__best_effort,publish,pub,cpp_to_cpp,copy,std,xcdr,shmem_ds,100000,10,0,measured,126,2026-09-09T14:36:10.809860Z,157764471865850,157764471865850,-1,-1,-1,ok,
std_copy_xcdr__cpp_to_cpp__100000B__10Hz__shmem_ds__best_effort,publish,pub,cpp_to_cpp,copy,std,xcdr,shmem_ds,100000,10,0,measured,127,2026-09-09T14:36:10.909772Z,157764571833511,157764571833511,-1,-1,-1,ok,
std_copy_xcdr__cpp_to_cpp__100000B__10Hz__shmem_ds__best_effort,publish,pub,cpp_to_cpp,copy,std,xcdr,shmem_ds,100000,10,0,measured,128,2026-09-09T14:36:11.009377Z,157764671415394,157764671415394,-1,-1,-1,ok,
std_copy_xcdr__cpp_to_cpp__100000B__10Hz__shmem_ds__best_effort,publish,pub,cpp_to_cpp,copy,std,xcdr,shmem_ds,100000,10,0,measured,129,2026-09-09T14:36:11.110031Z,157764772055517,157764772055517,-1,-1,-1,ok,
std_copy_xcdr__cpp_to_cpp__100000B__10Hz__shmem_ds__best_effort,publish,pub,cpp_to_cpp,copy,std,xcdr,shmem_ds,100000,10,0,measured,130,2026-09-09T14:36:11.209912Z,157764871912239,157764871912239,-1,-1,-1,ok,
std_copy_xcdr__cpp_to_cpp__100000B__10Hz__shmem_ds__best_effort,publish,pub,cpp_to_cpp,copy,std,xcdr,shmem_ds,100000,10,0,measured,131,2026-09-09T14:36:11.308992Z,157764971068477,157764971068477,-1,-1,-1,ok,
std_copy_xcdr__cpp_to_cpp__100000B__10Hz__shmem_ds__best_effort,publish,pub,cpp_to_cpp,copy,std,xcdr,shmem_ds,100000,10,0,measured,132,2026-09-09T14:36:11.409793Z,157765071825052,157765071825052,-1,-1,-1,ok,
std_copy_xcdr__cpp_to_cpp__100000B__10Hz__shmem_ds__best_effort,publish,pub,cpp_to_cpp,copy,std,xcdr,shmem_ds,100000,10,0,measured,133,2026-09-09T14:36:11.510312Z,157765172401174,157765172401174,-1,-1,-1,ok,
std_copy_xcdr__cpp_to_cpp__100000B__10Hz__shmem_ds__best_effort,publish,pub,cpp_to_cpp,copy,std,xcdr,shmem_ds,100000,10,0,measured,134,2026-09-09T14:36:11.611205Z,157765273212452,157765273212452,-1,-1,-1,ok,
std_copy_xcdr__cpp_to_cpp__100000B__10Hz__shmem_ds__best_effort,publish,pub,cpp_to_cpp,copy,std,xcdr,shmem_ds,100000,10,0,measured,135,2026-09-09T14:36:11.711852Z,157765373920203,157765373920203,-1,-1,-1,ok,
std_copy_xcdr__cpp_to_cpp__100000B__10Hz__shmem_ds__best_effort,publish,pub,cpp_to_cpp,copy,std,xcdr,shmem_ds,100000,10,0,measured,136,2026-09-09T14:36:11.810888Z,157765472971333,157765472971333,-1,-1,-1,ok,
std_copy_xcdr__cpp_to_cpp__100000B__10Hz__shmem_ds__best_effort,publish,pub,cpp_to_cpp,copy,std,xcdr,shmem_ds,100000,10,0,measured,137,2026-09-09T14:36:11.911412Z,157765573461373,157765573461373,-1,-1,-1,ok,
std_copy_xcdr__cpp_to_cpp__100000B__10Hz__shmem_ds__best_effort,publish,pub,cpp_to_cpp,copy,std,xcdr,shmem_ds,100000,10,0,measured,138,2026-09-09T14:36:12.010535Z,157765672601621,157765672601621,-1,-1,-1,ok,
std_copy_xcdr__cpp_to_cpp__100000B__10Hz__shmem_ds__best_effort,publish,pub,cpp_to_cpp,copy,std,xcdr,shmem_ds,100000,10,0,measured,139,2026-09-09T14:36:12.109925Z,157765772016270,157765772016270,-1,-1,-1,ok,
std_copy_xcdr__cpp_to_cpp__100000B__10Hz__shmem_ds__best_effort,publish,pub,cpp_to_cpp,copy,std,xcdr,shmem_ds,100000,10,0,measured,140,2026-09-09T14:36:12.210211Z,157765872276376,157765872276376,-1,-1,-1,ok,
std_copy_xcdr__cpp_to_cpp__100000B__10Hz__shmem_ds__best_effort,publish,pub,cpp_to_cpp,copy,std,xcdr,shmem_ds,100000,10,0,measured,141,2026-09-09T14:36:12.310069Z,157765972160282,157765972160282,-1,-1,-1,ok,
std_copy_xcdr__cpp_to_cpp__100000B__10Hz__shmem_ds__best_effort,publish,pub,cpp_to_cpp,copy,std,xcdr,shmem_ds,100000,10,0,measured,142,2026-09-09T14:36:12.409741Z,157766071826526,157766071826526,-1,-1,-1,ok,
std_copy_xcdr__cpp_to_cpp__100000B__10Hz__shmem_ds__best_effort,publish,pub,cpp_to_cpp,copy,std,xcdr,shmem_ds,100000,10,0,measured,143,2026-09-09T14:36:12.509442Z,157766171542093,157766171542093,-1,-1,-1,ok,
std_copy_xcdr__cpp_to_cpp__100000B__10Hz__shmem_ds__best_effort,publish,pub,cpp_to_cpp,copy,std,xcdr,shmem_ds,100000,10,0,measured,144,2026-09-09T14:36:12.609907Z,157766271949859,157766271949859,-1,-1,-1,ok,
std_copy_xcdr__cpp_to_cpp__100000B__10Hz__shmem_ds__best_effort,publish,pub,cpp_to_cpp,copy,std,xcdr,shmem_ds,100000,10,0,measured,145,2026-09-09T14:36:12.709534Z,157766371623897,157766371623897,-1,-1,-1,ok,
std_copy_xcdr__cpp_to_cpp__100000B__10Hz__shmem_ds__best_effort,publish,pub,cpp_to_cpp,copy,std,xcdr,shmem_ds,100000,10,0,measured,146,2026-09-09T14:36:12.810137Z,157766472118135,157766472118135,-1,-1,-1,ok,
std_copy_xcdr__cpp_to_cpp__100000B__10Hz__shmem_ds__best_effort,publish,pub,cpp_to_cpp,copy,std,xcdr,shmem_ds,100000,10,0,measured,147,2026-09-09T14:36:12.909397Z,157766571443085,157766571443085,-1,-1,-1,ok,
std_copy_xcdr__cpp_to_cpp__100000B__10Hz__shmem_ds__best_effort,publish,pub,cpp_to_cpp,copy,std,xcdr,shmem_ds,100000,10,0,measured,148,2026-09-09T14:36:13.009699Z,157766671744239,157766671744239,-1,-1,-1,ok,
std_copy_xcdr__cpp_to_cpp__100000B__10Hz__shmem_ds__best_effort,publish,pub,cpp_to_cpp,copy,std,xcdr,shmem_ds,100000,10,0,measured,149,2026-09-09T14:36:13.108869Z,157766770909297,157766770909297,-1,-1,-1,ok,
std_copy_xcdr__cpp_to_cpp__100000B__10Hz__shmem_ds__best_effort,publish,pub,cpp_to_cpp,copy,std,xcdr,shmem_ds,100000,10,0,measured,150,2026-09-09T14:36:13.208726Z,157766870712681,157766870712681,-1,-1,-1,ok,
std_copy_xcdr__cpp_to_cpp__100000B__10Hz__shmem_ds__best_effort,publish,pub,cpp_to_cpp,copy,std,xcdr,shmem_ds,100000,10,0,measured,151,2026-09-09T14:36:13.308334Z,157766970423641,157766970423641,-1,-1,-1,ok,
std_copy_xcdr__cpp_to_cpp__100000B__10Hz__shmem_ds__best_effort,publish,pub,cpp_to_cpp,copy,std,xcdr,shmem_ds,100000,10,0,measured,152,2026-09-09T14:36:13.408352Z,157767070456268,157767070456268,-1,-1,-1,ok,
std_copy_xcdr__cpp_to_cpp__100000B__10Hz__shmem_ds__best_effort,publish,pub,cpp_to_cpp,copy,std,xcdr,shmem_ds,100000,10,0,measured,153,2026-09-09T14:36:13.508694Z,157767170799464,157767170799464,-1,-1,-1,ok,
std_copy_xcdr__cpp_to_cpp__100000B__10Hz__shmem_ds__best_effort,publish,pub,cpp_to_cpp,copy,std,xcdr,shmem_ds,100000,10,0,measured,154,2026-09-09T14:36:13.609211Z,157767271245834,157767271245834,-1,-1,-1,ok,
std_copy_xcdr__cpp_to_cpp__100000B__10Hz__shmem_ds__best_effort,publish,pub,cpp_to_cpp,copy,std,xcdr,shmem_ds,100000,10,0,measured,155,2026-09-09T14:36:13.709147Z,157767371245970,157767371245970,-1,-1,-1,ok,
std_copy_xcdr__cpp_to_cpp__100000B__10Hz__shmem_ds__best_effort,publish,pub,cpp_to_cpp,copy,std,xcdr,shmem_ds,100000,10,0,measured,156,2026-09-09T14:36:13.809182Z,157767471289227,157767471289227,-1,-1,-1,ok,
std_copy_xcdr__cpp_to_cpp__100000B__10Hz__shmem_ds__best_effort,publish,pub,cpp_to_cpp,copy,std,xcdr,shmem_ds,100000,10,0,measured,157,2026-09-09T14:36:13.908995Z,157767571084236,157767571084236,-1,-1,-1,ok,
std_copy_xcdr__cpp_to_cpp__100000B__10Hz__shmem_ds__best_effort,publish,pub,cpp_to_cpp,copy,std,xcdr,shmem_ds,100000,10,0,measured,158,2026-09-09T14:36:14.009607Z,157767671669859,157767671669859,-1,-1,-1,ok,
std_copy_xcdr__cpp_to_cpp__100000B__10Hz__shmem_ds__best_effort,publish,pub,cpp_to_cpp,copy,std,xcdr,shmem_ds,100000,10,0,measured,159,2026-09-09T14:36:14.108943Z,157767771044805,157767771044805,-1,-1,-1,ok,
std_copy_xcdr__cpp_to_cpp__100000B__10Hz__shmem_ds__best_effort,publish,pub,cpp_to_cpp,copy,std,xcdr,shmem_ds,100000,10,0,measured,160,2026-09-09T14:36:14.208643Z,157767870744675,157767870744675,-1,-1,-1,ok,
std_copy_xcdr__cpp_to_cpp__100000B__10Hz__shmem_ds__best_effort,publish,pub,cpp_to_cpp,copy,std,xcdr,shmem_ds,100000,10,0,measured,161,2026-09-09T14:36:14.308743Z,157767970850953,157767970850953,-1,-1,-1,ok,
std_copy_xcdr__cpp_to_cpp__100000B__10Hz__shmem_ds__best_effort,publish,pub,cpp_to_cpp,copy,std,xcdr,shmem_ds,100000,10,0,measured,162,2026-09-09T14:36:14.407959Z,157768070017916,157768070017916,-1,-1,-1,ok,
std_copy_xcdr__cpp_to_cpp__100000B__10Hz__shmem_ds__best_effort,publish,pub,cpp_to_cpp,copy,std,xcdr,shmem_ds,100000,10,0,measured,163,2026-09-09T14:36:14.507374Z,157768169480898,157768169480898,-1,-1,-1,ok,
std_copy_xcdr__cpp_to_cpp__100000B__10Hz__shmem_ds__best_effort,publish,pub,cpp_to_cpp,copy,std,xcdr,shmem_ds,100000,10,0,measured,164,2026-09-09T14:36:14.607280Z,157768269349246,157768269349246,-1,-1,-1,ok,
std_copy_xcdr__cpp_to_cpp__100000B__10Hz__shmem_ds__best_effort,publish,pub,cpp_to_cpp,copy,std,xcdr,shmem_ds,100000,10,0,measured,165,2026-09-09T14:36:14.707244Z,157768369296644,157768369296644,-1,-1,-1,ok,
std_copy_xcdr__cpp_to_cpp__100000B__10Hz__shmem_ds__best_effort,publish,pub,cpp_to_cpp,copy,std,xcdr,shmem_ds,100000,10,0,measured,166,2026-09-09T14:36:14.806721Z,157768468737334,157768468737334,-1,-1,-1,ok,
std_copy_xcdr__cpp_to_cpp__100000B__10Hz__shmem_ds__best_effort,publish,pub,cpp_to_cpp,copy,std,xcdr,shmem_ds,100000,10,0,measured,167,2026-09-09T14:36:14.906872Z,157768568929255,157768568929255,-1,-1,-1,ok,
std_copy_xcdr__cpp_to_cpp__100000B__10Hz__shmem_ds__best_effort,publish,pub,cpp_to_cpp,copy,std,xcdr,shmem_ds,100000,10,0,measured,168,2026-09-09T14:36:15.007855Z,157768669908824,157768669908824,-1,-1,-1,ok,
std_copy_xcdr__cpp_to_cpp__100000B__10Hz__shmem_ds__best_effort,publish,pub,cpp_to_cpp,copy,std,xcdr,shmem_ds,100000,10,0,measured,169,2026-09-09T14:36:15.108621Z,157768770711529,157768770711529,-1,-1,-1,ok,
std_copy_xcdr__cpp_to_cpp__100000B__10Hz__shmem_ds__best_effort,publish,pub,cpp_to_cpp,copy,std,xcdr,shmem_ds,100000,10,0,measured,170,2026-09-09T14:36:15.208408Z,157768870474049,157768870474049,-1,-1,-1,ok,
std_copy_xcdr__cpp_to_cpp__100000B__10Hz__shmem_ds__best_effort,publish,pub,cpp_to_cpp,copy,std,xcdr,shmem_ds,100000,10,0,measured,171,2026-09-09T14:36:15.308375Z,157768970439192,157768970439192,-1,-1,-1,ok,
std_copy_xcdr__cpp_to_cpp__100000B__10Hz__shmem_ds__best_effort,publish,pub,cpp_to_cpp,copy,std,xcdr,shmem_ds,100000,10,0,measured,172,2026-09-09T14:36:15.407982Z,157769070021550,157769070021550,-1,-1,-1,ok,
std_copy_xcdr__cpp_to_cpp__100000B__10Hz__shmem_ds__best_effort,publish,pub,cpp_to_cpp,copy,std,xcdr,shmem_ds,100000,10,0,measured,173,2026-09-09T14:36:15.507890Z,157769169929565,157769169929565,-1,-1,-1,ok,
std_copy_xcdr__cpp_to_cpp__100000B__10Hz__shmem_ds__best_effort,publish,pub,cpp_to_cpp,copy,std,xcdr,shmem_ds,100000,10,0,measured,174,2026-09-09T14:36:15.607493Z,157769269548794,157769269548794,-1,-1,-1,ok,
std_copy_xcdr__cpp_to_cpp__100000B__10Hz__shmem_ds__best_effort,publish,pub,cpp_to_cpp,copy,std,xcdr,shmem_ds,100000,10,0,measured,175,2026-09-09T14:36:15.707070Z,157769369126945,157769369126945,-1,-1,-1,ok,
std_copy_xcdr__cpp_to_cpp__100000B__10Hz__shmem_ds__best_effort,publish,pub,cpp_to_cpp,copy,std,xcdr,shmem_ds,100000,10,0,measured,176,2026-09-09T14:36:15.806971Z,157769469020783,157769469020783,-1,-1,-1,ok,
std_copy_xcdr__cpp_to_cpp__100000B__10Hz__shmem_ds__best_effort,publish,pub,cpp_to_cpp,copy,std,xcdr,shmem_ds,100000,10,0,measured,177,2026-09-09T14:36:15.907265Z,157769569316350,157769569316350,-1,-1,-1,ok,
std_copy_xcdr__cpp_to_cpp__100000B__10Hz__shmem_ds__best_effort,publish,pub,cpp_to_cpp,copy,std,xcdr,shmem_ds,100000,10,0,measured,178,2026-09-09T14:36:16.006397Z,157769668440132,157769668440132,-1,-1,-1,ok,
std_copy_xcdr__cpp_to_cpp__100000B__10Hz__shmem_ds__best_effort,publish,pub,cpp_to_cpp,copy,std,xcdr,shmem_ds,100000,10,0,measured,179,2026-09-09T14:36:16.106424Z,157769768462714,157769768462714,-1,-1,-1,ok,
std_copy_xcdr__cpp_to_cpp__100000B__10Hz__shmem_ds__best_effort,publish,pub,cpp_to_cpp,copy,std,xcdr,shmem_ds,100000,10,0,measured,180,2026-09-09T14:36:16.206120Z,157769868165883,157769868165883,-1,-1,-1,ok,
std_copy_xcdr__cpp_to_cpp__100000B__10Hz__shmem_ds__best_effort,publish,pub,cpp_to_cpp,copy,std,xcdr,shmem_ds,100000,10,0,measured,181,2026-09-09T14:36:16.306642Z,157769968692468,157769968692468,-1,-1,-1,ok,
std_copy_xcdr__cpp_to_cpp__100000B__10Hz__shmem_ds__best_effort,publish,pub,cpp_to_cpp,copy,std,xcdr,shmem_ds,100000,10,0,measured,182,2026-09-09T14:36:16.406529Z,157770068553294,157770068553294,-1,-1,-1,ok,
std_copy_xcdr__cpp_to_cpp__100000B__10Hz__shmem_ds__best_effort,publish,pub,cpp_to_cpp,copy,std,xcdr,shmem_ds,100000,10,0,measured,183,2026-09-09T14:36:16.505912Z,157770167951687,157770167951687,-1,-1,-1,ok,
std_copy_xcdr__cpp_to_cpp__100000B__10Hz__shmem_ds__best_effort,publish,pub,cpp_to_cpp,copy,std,xcdr,shmem_ds,100000,10,0,measured,184,2026-09-09T14:36:16.604927Z,157770266950344,157770266950344,-1,-1,-1,ok,
std_copy_xcdr__cpp_to_cpp__100000B__10Hz__shmem_ds__best_effort,publish,pub,cpp_to_cpp,copy,std,xcdr,shmem_ds,100000,10,0,measured,185,2026-09-09T14:36:16.705153Z,157770367223509,157770367223509,-1,-1,-1,ok,
std_copy_xcdr__cpp_to_cpp__100000B__10Hz__shmem_ds__best_effort,publish,pub,cpp_to_cpp,copy,std,xcdr,shmem_ds,100000,10,0,measured,186,2026-09-09T14:36:16.804776Z,157770466773848,157770466773848,-1,-1,-1,ok,
std_copy_xcdr__cpp_to_cpp__100000B__10Hz__shmem_ds__best_effort,publish,pub,cpp_to_cpp,copy,std,xcdr,shmem_ds,100000,10,0,measured,187,2026-09-09T14:36:16.904088Z,157770566128398,157770566128398,-1,-1,-1,ok,
std_copy_xcdr__cpp_to_cpp__100000B__10Hz__shmem_ds__best_effort,publish,pub,cpp_to_cpp,copy,std,xcdr,shmem_ds,100000,10,0,measured,188,2026-09-09T14:36:17.004910Z,157770666926146,157770666926146,-1,-1,-1,ok,
std_copy_xcdr__cpp_to_cpp__100000B__10Hz__shmem_ds__best_effort,publish,pub,cpp_to_cpp,copy,std,xcdr,shmem_ds,100000,10,0,measured,189,2026-09-09T14:36:17.105415Z,157770767516552,157770767516552,-1,-1,-1,ok,
std_copy_xcdr__cpp_to_cpp__100000B__10Hz__shmem_ds__best_effort,publish,pub,cpp_to_cpp,copy,std,xcdr,shmem_ds,100000,10,0,measured,190,2026-09-09T14:36:17.205267Z,157770867333647,157770867333647,-1,-1,-1,ok,
std_copy_xcdr__cpp_to_cpp__100000B__10Hz__shmem_ds__best_effort,publish,pub,cpp_to_cpp,copy,std,xcdr,shmem_ds,100000,10,0,measured,191,2026-09-09T14:36:17.304456Z,157770966535429,157770966535429,-1,-1,-1,ok,
std_copy_xcdr__cpp_to_cpp__100000B__10Hz__shmem_ds__best_effort,publish,pub,cpp_to_cpp,copy,std,xcdr,shmem_ds,100000,10,0,measured,192,2026-09-09T14:36:17.404817Z,157771066887906,157771066887906,-1,-1,-1,ok,
std_copy_xcdr__cpp_to_cpp__100000B__10Hz__shmem_ds__best_effort,publish,pub,cpp_to_cpp,copy,std,xcdr,shmem_ds,100000,10,0,measured,193,2026-09-09T14:36:17.505797Z,157771167823506,157771167823506,-1,-1,-1,ok,
std_copy_xcdr__cpp_to_cpp__100000B__10Hz__shmem_ds__best_effort,publish,pub,cpp_to_cpp,copy,std,xcdr,shmem_ds,100000,10,0,measured,194,2026-09-09T14:36:17.605300Z,157771267358448,157771267358448,-1,-1,-1,ok,
std_copy_xcdr__cpp_to_cpp__100000B__10Hz__shmem_ds__best_effort,publish,pub,cpp_to_cpp,copy,std,xcdr,shmem_ds,100000,10,0,measured,195,2026-09-09T14:36:17.704461Z,157771366510997,157771366510997,-1,-1,-1,ok,
std_copy_xcdr__cpp_to_cpp__100000B__10Hz__shmem_ds__best_effort,publish,pub,cpp_to_cpp,copy,std,xcdr,shmem_ds,100000,10,0,measured,196,2026-09-09T14:36:17.804741Z,157771466776810,157771466776810,-1,-1,-1,ok,
std_copy_xcdr__cpp_to_cpp__100000B__10Hz__shmem_ds__best_effort,publish,pub,cpp_to_cpp,copy,std,xcdr,shmem_ds,100000,10,0,measured,197,2026-09-09T14:36:17.904903Z,157771566919661,157771566919661,-1,-1,-1,ok,
std_copy_xcdr__cpp_to_cpp__100000B__10Hz__shmem_ds__best_effort,publish,pub,cpp_to_cpp,copy,std,xcdr,shmem_ds,100000,10,0,measured,198,2026-09-09T14:36:18.004227Z,157771666276296,157771666276296,-1,-1,-1,ok,
std_copy_xcdr__cpp_to_cpp__100000B__10Hz__shmem_ds__best_effort,publish,pub,cpp_to_cpp,copy,std,xcdr,shmem_ds,100000,10,0,measured,199,2026-09-09T14:36:18.105085Z,157771767062263,157771767062263,-1,-1,-1,ok,
std_copy_xcdr__cpp_to_cpp__100000B__10Hz__shmem_ds__best_effort,publish,pub,cpp_to_cpp,copy,std,xcdr,shmem_ds,100000,10,0,measured,200,2026-09-09T14:36:18.204911Z,157771866945595,157771866945595,-1,-1,-1,ok,
std_copy_xcdr__cpp_to_cpp__100000B__10Hz__shmem_ds__best_effort,publish,pub,cpp_to_cpp,copy,std,xcdr,shmem_ds,100000,10,0,measured,201,2026-09-09T14:36:18.304062Z,157771966149261,157771966149261,-1,-1,-1,ok,
std_copy_xcdr__cpp_to_cpp__100000B__10Hz__shmem_ds__best_effort,publish,pub,cpp_to_cpp,copy,std,xcdr,shmem_ds,100000,10,0,measured,202,2026-09-09T14:36:18.403389Z,157772065476691,157772065476691,-1,-1,-1,ok,
std_copy_xcdr__cpp_to_cpp__100000B__10Hz__shmem_ds__best_effort,publish,pub,cpp_to_cpp,copy,std,xcdr,shmem_ds,100000,10,0,measured,203,2026-09-09T14:36:18.504198Z,157772166296664,157772166296664,-1,-1,-1,ok,
std_copy_xcdr__cpp_to_cpp__100000B__10Hz__shmem_ds__best_effort,publish,pub,cpp_to_cpp,copy,std,xcdr,shmem_ds,100000,10,0,measured,204,2026-09-09T14:36:18.604141Z,157772266207237,157772266207237,-1,-1,-1,ok,
std_copy_xcdr__cpp_to_cpp__100000B__10Hz__shmem_ds__best_effort,publish,pub,cpp_to_cpp,copy,std,xcdr,shmem_ds,100000,10,0,measured,205,2026-09-09T14:36:18.704751Z,157772366838573,157772366838573,-1,-1,-1,ok,
std_copy_xcdr__cpp_to_cpp__100000B__10Hz__shmem_ds__best_effort,publish,pub,cpp_to_cpp,copy,std,xcdr,shmem_ds,100000,10,0,measured,206,2026-09-09T14:36:18.804676Z,157772466682370,157772466682370,-1,-1,-1,ok,
std_copy_xcdr__cpp_to_cpp__100000B__10Hz__shmem_ds__best_effort,publish,pub,cpp_to_cpp,copy,std,xcdr,shmem_ds,100000,10,0,measured,207,2026-09-09T14:36:18.904491Z,157772566533790,157772566533790,-1,-1,-1,ok,
std_copy_xcdr__cpp_to_cpp__100000B__10Hz__shmem_ds__best_effort,publish,pub,cpp_to_cpp,copy,std,xcdr,shmem_ds,100000,10,0,measured,208,2026-09-09T14:36:19.004253Z,157772666183511,157772666183511,-1,-1,-1,ok,
std_copy_xcdr__cpp_to_cpp__100000B__10Hz__shmem_ds__best_effort,publish,pub,cpp_to_cpp,copy,std,xcdr,shmem_ds,100000,10,0,measured,209,2026-09-09T14:36:19.103303Z,157772765383673,157772765383673,-1,-1,-1,ok,
std_copy_xcdr__cpp_to_cpp__100000B__10Hz__shmem_ds__best_effort,publish,pub,cpp_to_cpp,copy,std,xcdr,shmem_ds,100000,10,0,measured,210,2026-09-09T14:36:19.202686Z,157772864774735,157772864774735,-1,-1,-1,ok,
std_copy_xcdr__cpp_to_cpp__100000B__10Hz__shmem_ds__best_effort,publish,pub,cpp_to_cpp,copy,std,xcdr,shmem_ds,100000,10,0,measured,211,2026-09-09T14:36:19.302188Z,157772964257630,157772964257630,-1,-1,-1,ok,
std_copy_xcdr__cpp_to_cpp__100000B__10Hz__shmem_ds__best_effort,publish,pub,cpp_to_cpp,copy,std,xcdr,shmem_ds,100000,10,0,measured,212,2026-09-09T14:36:19.403110Z,157773065016848,157773065016848,-1,-1,-1,ok,
std_copy_xcdr__cpp_to_cpp__100000B__10Hz__shmem_ds__best_effort,publish,pub,cpp_to_cpp,copy,std,xcdr,shmem_ds,100000,10,0,measured,213,2026-09-09T14:36:19.502821Z,157773164901424,157773164901424,-1,-1,-1,ok,
std_copy_xcdr__cpp_to_cpp__100000B__10Hz__shmem_ds__best_effort,publish,pub,cpp_to_cpp,copy,std,xcdr,shmem_ds,100000,10,0,measured,214,2026-09-09T14:36:19.602251Z,157773264319978,157773264319978,-1,-1,-1,ok,
std_copy_xcdr__cpp_to_cpp__100000B__10Hz__shmem_ds__best_effort,publish,pub,cpp_to_cpp,copy,std,xcdr,shmem_ds,100000,10,0,measured,215,2026-09-09T14:36:19.701597Z,157773363646207,157773363646207,-1,-1,-1,ok,
std_copy_xcdr__cpp_to_cpp__100000B__10Hz__shmem_ds__best_effort,publish,pub,cpp_to_cpp,copy,std,xcdr,shmem_ds,100000,10,0,measured,216,2026-09-09T14:36:19.800922Z,157773462990401,157773462990401,-1,-1,-1,ok,
std_copy_xcdr__cpp_to_cpp__100000B__10Hz__shmem_ds__best_effort,publish,pub,cpp_to_cpp,copy,std,xcdr,shmem_ds,100000,10,0,measured,217,2026-09-09T14:36:19.900321Z,157773562314757,157773562314757,-1,-1,-1,ok,
std_copy_xcdr__cpp_to_cpp__100000B__10Hz__shmem_ds__best_effort,publish,pub,cpp_to_cpp,copy,std,xcdr,shmem_ds,100000,10,0,measured,218,2026-09-09T14:36:19.999674Z,157773661557029,157773661557029,-1,-1,-1,ok,
std_copy_xcdr__cpp_to_cpp__100000B__10Hz__shmem_ds__best_effort,publish,pub,cpp_to_cpp,copy,std,xcdr,shmem_ds,100000,10,0,measured,219,2026-09-09T14:36:20.098921Z,157773760976765,157773760976765,-1,-1,-1,ok,
std_copy_xcdr__cpp_to_cpp__100000B__10Hz__shmem_ds__best_effort,publish,pub,cpp_to_cpp,copy,std,xcdr,shmem_ds,100000,10,0,measured,220,2026-09-09T14:36:20.199780Z,157773861879426,157773861879426,-1,-1,-1,ok,
std_copy_xcdr__cpp_to_cpp__100000B__10Hz__shmem_ds__best_effort,publish,pub,cpp_to_cpp,copy,std,xcdr,shmem_ds,100000,10,0,measured,221,2026-09-09T14:36:20.299649Z,157773961731100,157773961731100,-1,-1,-1,ok,
std_copy_xcdr__cpp_to_cpp__100000B__10Hz__shmem_ds__best_effort,publish,pub,cpp_to_cpp,copy,std,xcdr,shmem_ds,100000,10,0,measured,222,2026-09-09T14:36:20.399442Z,157774061517371,157774061517371,-1,-1,-1,ok,
std_copy_xcdr__cpp_to_cpp__100000B__10Hz__shmem_ds__best_effort,publish,pub,cpp_to_cpp,copy,std,xcdr,shmem_ds,100000,10,0,measured,223,2026-09-09T14:36:20.498694Z,157774160784991,157774160784991,-1,-1,-1,ok,
std_copy_xcdr__cpp_to_cpp__100000B__10Hz__shmem_ds__best_effort,publish,pub,cpp_to_cpp,copy,std,xcdr,shmem_ds,100000,10,0,measured,224,2026-09-09T14:36:20.597978Z,157774260047521,157774260047521,-1,-1,-1,ok,
std_copy_xcdr__cpp_to_cpp__100000B__10Hz__shmem_ds__best_effort,publish,pub,cpp_to_cpp,copy,std,xcdr,shmem_ds,100000,10,0,measured,225,2026-09-09T14:36:20.697752Z,157774359843670,157774359843670,-1,-1,-1,ok,
std_copy_xcdr__cpp_to_cpp__100000B__10Hz__shmem_ds__best_effort,publish,pub,cpp_to_cpp,copy,std,xcdr,shmem_ds,100000,10,0,measured,226,2026-09-09T14:36:20.797238Z,157774459249281,157774459249281,-1,-1,-1,ok,
std_copy_xcdr__cpp_to_cpp__100000B__10Hz__shmem_ds__best_effort,publish,pub,cpp_to_cpp,copy,std,xcdr,shmem_ds,100000,10,0,measured,227,2026-09-09T14:36:20.896539Z,157774558567807,157774558567807,-1,-1,-1,ok,
std_copy_xcdr__cpp_to_cpp__100000B__10Hz__shmem_ds__best_effort,publish,pub,cpp_to_cpp,copy,std,xcdr,shmem_ds,100000,10,0,measured,228,2026-09-09T14:36:20.996158Z,157774658236837,157774658236837,-1,-1,-1,ok,
std_copy_xcdr__cpp_to_cpp__100000B__10Hz__shmem_ds__best_effort,publish,pub,cpp_to_cpp,copy,std,xcdr,shmem_ds,100000,10,0,measured,229,2026-09-09T14:36:21.096839Z,157774758926395,157774758926395,-1,-1,-1,ok,
std_copy_xcdr__cpp_to_cpp__100000B__10Hz__shmem_ds__best_effort,publish,pub,cpp_to_cpp,copy,std,xcdr,shmem_ds,100000,10,0,measured,230,2026-09-09T14:36:21.197119Z,157774859226658,157774859226658,-1,-1,-1,ok,
std_copy_xcdr__cpp_to_cpp__100000B__10Hz__shmem_ds__best_effort,publish,pub,cpp_to_cpp,copy,std,xcdr,shmem_ds,100000,10,0,measured,231,2026-09-09T14:36:21.296771Z,157774958880540,157774958880540,-1,-1,-1,ok,
std_copy_xcdr__cpp_to_cpp__100000B__10Hz__shmem_ds__best_effort,publish,pub,cpp_to_cpp,copy,std,xcdr,shmem_ds,100000,10,0,measured,232,2026-09-09T14:36:21.397643Z,157775059732465,157775059732465,-1,-1,-1,ok,
std_copy_xcdr__cpp_to_cpp__100000B__10Hz__shmem_ds__best_effort,publish,pub,cpp_to_cpp,copy,std,xcdr,shmem_ds,100000,10,0,measured,233,2026-09-09T14:36:21.497413Z,157775159510602,157775159510602,-1,-1,-1,ok,
std_copy_xcdr__cpp_to_cpp__100000B__10Hz__shmem_ds__best_effort,publish,pub,cpp_to_cpp,copy,std,xcdr,shmem_ds,100000,10,0,measured,234,2026-09-09T14:36:21.597623Z,157775259692692,157775259692692,-1,-1,-1,ok,
std_copy_xcdr__cpp_to_cpp__100000B__10Hz__shmem_ds__best_effort,publish,pub,cpp_to_cpp,copy,std,xcdr,shmem_ds,100000,10,0,measured,235,2026-09-09T14:36:21.697627Z,157775359707556,157775359707556,-1,-1,-1,ok,
std_copy_xcdr__cpp_to_cpp__100000B__10Hz__shmem_ds__best_effort,publish,pub,cpp_to_cpp,copy,std,xcdr,shmem_ds,100000,10,0,measured,236,2026-09-09T14:36:21.797474Z,157775459552517,157775459552517,-1,-1,-1,ok,
std_copy_xcdr__cpp_to_cpp__100000B__10Hz__shmem_ds__best_effort,publish,pub,cpp_to_cpp,copy,std,xcdr,shmem_ds,100000,10,0,measured,237,2026-09-09T14:36:21.897765Z,157775559819438,157775559819438,-1,-1,-1,ok,
std_copy_xcdr__cpp_to_cpp__100000B__10Hz__shmem_ds__best_effort,publish,pub,cpp_to_cpp,copy,std,xcdr,shmem_ds,100000,10,0,measured,238,2026-09-09T14:36:21.998609Z,157775660686482,157775660686482,-1,-1,-1,ok,
std_copy_xcdr__cpp_to_cpp__100000B__10Hz__shmem_ds__best_effort,publish,pub,cpp_to_cpp,copy,std,xcdr,shmem_ds,100000,10,0,measured,239,2026-09-09T14:36:22.097960Z,157775760043724,157775760043724,-1,-1,-1,ok,
std_copy_xcdr__cpp_to_cpp__100000B__10Hz__shmem_ds__best_effort,publish,pub,cpp_to_cpp,copy,std,xcdr,shmem_ds,100000,10,0,measured,240,2026-09-09T14:36:22.197827Z,157775859895480,157775859895480,-1,-1,-1,ok,
std_copy_xcdr__cpp_to_cpp__100000B__10Hz__shmem_ds__best_effort,publish,pub,cpp_to_cpp,copy,std,xcdr,shmem_ds,100000,10,0,measured,241,2026-09-09T14:36:22.298509Z,157775960550465,157775960550465,-1,-1,-1,ok,
std_copy_xcdr__cpp_to_cpp__100000B__10Hz__shmem_ds__best_effort,publish,pub,cpp_to_cpp,copy,std,xcdr,shmem_ds,100000,10,0,measured,242,2026-09-09T14:36:22.398728Z,157776060832955,157776060832955,-1,-1,-1,ok,
std_copy_xcdr__cpp_to_cpp__100000B__10Hz__shmem_ds__best_effort,publish,pub,cpp_to_cpp,copy,std,xcdr,shmem_ds,100000,10,0,measured,243,2026-09-09T14:36:22.497894Z,157776159993766,157776159993766,-1,-1,-1,ok,
std_copy_xcdr__cpp_to_cpp__100000B__10Hz__shmem_ds__best_effort,publish,pub,cpp_to_cpp,copy,std,xcdr,shmem_ds,100000,10,0,measured,244,2026-09-09T14:36:22.598448Z,157776260547409,157776260547409,-1,-1,-1,ok,
std_copy_xcdr__cpp_to_cpp__100000B__10Hz__shmem_ds__best_effort,publish,pub,cpp_to_cpp,copy,std,xcdr,shmem_ds,100000,10,0,measured,245,2026-09-09T14:36:22.698718Z,157776360813399,157776360813399,-1,-1,-1,ok,
std_copy_xcdr__cpp_to_cpp__100000B__10Hz__shmem_ds__best_effort,publish,pub,cpp_to_cpp,copy,std,xcdr,shmem_ds,100000,10,0,measured,246,2026-09-09T14:36:22.799624Z,157776461639086,157776461639086,-1,-1,-1,ok,
std_copy_xcdr__cpp_to_cpp__100000B__10Hz__shmem_ds__best_effort,publish,pub,cpp_to_cpp,copy,std,xcdr,shmem_ds,100000,10,0,measured,247,2026-09-09T14:36:22.899027Z,157776561092981,157776561092981,-1,-1,-1,ok,
std_copy_xcdr__cpp_to_cpp__100000B__10Hz__shmem_ds__best_effort,publish,pub,cpp_to_cpp,copy,std,xcdr,shmem_ds,100000,10,0,measured,248,2026-09-09T14:36:22.999775Z,157776661826595,157776661826595,-1,-1,-1,ok,
std_copy_xcdr__cpp_to_cpp__100000B__10Hz__shmem_ds__best_effort,publish,pub,cpp_to_cpp,copy,std,xcdr,shmem_ds,100000,10,0,measured,249,2026-09-09T14:36:23.099159Z,157776761261905,157776761261905,-1,-1,-1,ok,
std_copy_xcdr__cpp_to_cpp__100000B__10Hz__shmem_ds__best_effort,publish,pub,cpp_to_cpp,copy,std,xcdr,shmem_ds,100000,10,0,measured,250,2026-09-09T14:36:23.198996Z,157776861081272,157776861081272,-1,-1,-1,ok,
std_copy_xcdr__cpp_to_cpp__100000B__10Hz__shmem_ds__best_effort,publish,pub,cpp_to_cpp,copy,std,xcdr,shmem_ds,100000,10,0,measured,251,2026-09-09T14:36:23.298832Z,157776960911579,157776960911579,-1,-1,-1,ok,
std_copy_xcdr__cpp_to_cpp__100000B__10Hz__shmem_ds__best_effort,publish,pub,cpp_to_cpp,copy,std,xcdr,shmem_ds,100000,10,0,measured,252,2026-09-09T14:36:23.399081Z,157777061170115,157777061170115,-1,-1,-1,ok,
std_copy_xcdr__cpp_to_cpp__100000B__10Hz__shmem_ds__best_effort,publish,pub,cpp_to_cpp,copy,std,xcdr,shmem_ds,100000,10,0,measured,253,2026-09-09T14:36:23.499927Z,157777162016604,157777162016604,-1,-1,-1,ok,
std_copy_xcdr__cpp_to_cpp__100000B__10Hz__shmem_ds__best_effort,publish,pub,cpp_to_cpp,copy,std,xcdr,shmem_ds,100000,10,0,measured,254,2026-09-09T14:36:23.600405Z,157777262465621,157777262465621,-1,-1,-1,ok,
std_copy_xcdr__cpp_to_cpp__100000B__10Hz__shmem_ds__best_effort,publish,pub,cpp_to_cpp,copy,std,xcdr,shmem_ds,100000,10,0,measured,255,2026-09-09T14:36:23.699964Z,157777362036497,157777362036497,-1,-1,-1,ok,
std_copy_xcdr__cpp_to_cpp__100000B__10Hz__shmem_ds__best_effort,publish,pub,cpp_to_cpp,copy,std,xcdr,shmem_ds,100000,10,0,measured,256,2026-09-09T14:36:23.799315Z,157777461397819,157777461397819,-1,-1,-1,ok,
std_copy_xcdr__cpp_to_cpp__100000B__10Hz__shmem_ds__best_effort,publish,pub,cpp_to_cpp,copy,std,xcdr,shmem_ds,100000,10,0,measured,257,2026-09-09T14:36:23.898846Z,157777560896779,157777560896779,-1,-1,-1,ok,
std_copy_xcdr__cpp_to_cpp__100000B__10Hz__shmem_ds__best_effort,publish,pub,cpp_to_cpp,copy,std,xcdr,shmem_ds,100000,10,0,measured,258,2026-09-09T14:36:23.998621Z,157777660619081,157777660619081,-1,-1,-1,ok,
std_copy_xcdr__cpp_to_cpp__100000B__10Hz__shmem_ds__best_effort,publish,pub,cpp_to_cpp,copy,std,xcdr,shmem_ds,100000,10,0,measured,259,2026-09-09T14:36:24.097658Z,157777759735902,157777759735902,-1,-1,-1,ok,
std_copy_xcdr__cpp_to_cpp__100000B__10Hz__shmem_ds__best_effort,publish,pub,cpp_to_cpp,copy,std,xcdr,shmem_ds,100000,10,0,measured,260,2026-09-09T14:36:24.196950Z,157777859011322,157777859011322,-1,-1,-1,ok,
std_copy_xcdr__cpp_to_cpp__100000B__10Hz__shmem_ds__best_effort,publish,pub,cpp_to_cpp,copy,std,xcdr,shmem_ds,100000,10,0,measured,261,2026-09-09T14:36:24.296050Z,157777958134494,157777958134494,-1,-1,-1,ok,
std_copy_xcdr__cpp_to_cpp__100000B__10Hz__shmem_ds__best_effort,publish,pub,cpp_to_cpp,copy,std,xcdr,shmem_ds,100000,10,0,measured,262,2026-09-09T14:36:24.395058Z,157778057163787,157778057163787,-1,-1,-1,ok,
std_copy_xcdr__cpp_to_cpp__100000B__10Hz__shmem_ds__best_effort,publish,pub,cpp_to_cpp,copy,std,xcdr,shmem_ds,100000,10,0,measured,263,2026-09-09T14:36:24.494982Z,157778157071602,157778157071602,-1,-1,-1,ok,
std_copy_xcdr__cpp_to_cpp__100000B__10Hz__shmem_ds__best_effort,publish,pub,cpp_to_cpp,copy,std,xcdr,shmem_ds,100000,10,0,measured,264,2026-09-09T14:36:24.594473Z,157778256542692,157778256542692,-1,-1,-1,ok,
std_copy_xcdr__cpp_to_cpp__100000B__10Hz__shmem_ds__best_effort,publish,pub,cpp_to_cpp,copy,std,xcdr,shmem_ds,100000,10,0,measured,265,2026-09-09T14:36:24.693527Z,157778355594829,157778355594829,-1,-1,-1,ok,
std_copy_xcdr__cpp_to_cpp__100000B__10Hz__shmem_ds__best_effort,publish,pub,cpp_to_cpp,copy,std,xcdr,shmem_ds,100000,10,0,measured,266,2026-09-09T14:36:24.793317Z,157778455320039,157778455320039,-1,-1,-1,ok,
std_copy_xcdr__cpp_to_cpp__100000B__10Hz__shmem_ds__best_effort,publish,pub,cpp_to_cpp,copy,std,xcdr,shmem_ds,100000,10,0,measured,267,2026-09-09T14:36:24.893374Z,157778555413084,157778555413084,-1,-1,-1,ok,
std_copy_xcdr__cpp_to_cpp__100000B__10Hz__shmem_ds__best_effort,publish,pub,cpp_to_cpp,copy,std,xcdr,shmem_ds,100000,10,0,measured,268,2026-09-09T14:36:24.992723Z,157778654758134,157778654758134,-1,-1,-1,ok,
std_copy_xcdr__cpp_to_cpp__100000B__10Hz__shmem_ds__best_effort,publish,pub,cpp_to_cpp,copy,std,xcdr,shmem_ds,100000,10,0,measured,269,2026-09-09T14:36:25.093069Z,157778755136670,157778755136670,-1,-1,-1,ok,
std_copy_xcdr__cpp_to_cpp__100000B__10Hz__shmem_ds__best_effort,publish,pub,cpp_to_cpp,copy,std,xcdr,shmem_ds,100000,10,0,measured,270,2026-09-09T14:36:25.193682Z,157778855717288,157778855717288,-1,-1,-1,ok,
std_copy_xcdr__cpp_to_cpp__100000B__10Hz__shmem_ds__best_effort,publish,pub,cpp_to_cpp,copy,std,xcdr,shmem_ds,100000,10,0,measured,271,2026-09-09T14:36:25.293685Z,157778955741283,157778955741283,-1,-1,-1,ok,
std_copy_xcdr__cpp_to_cpp__100000B__10Hz__shmem_ds__best_effort,publish,pub,cpp_to_cpp,copy,std,xcdr,shmem_ds,100000,10,0,measured,272,2026-09-09T14:36:25.392835Z,157779054885576,157779054885576,-1,-1,-1,ok,
std_copy_xcdr__cpp_to_cpp__100000B__10Hz__shmem_ds__best_effort,publish,pub,cpp_to_cpp,copy,std,xcdr,shmem_ds,100000,10,0,measured,273,2026-09-09T14:36:25.491941Z,157779154012237,157779154012237,-1,-1,-1,ok,
std_copy_xcdr__cpp_to_cpp__100000B__10Hz__shmem_ds__best_effort,publish,pub,cpp_to_cpp,copy,std,xcdr,shmem_ds,100000,10,0,measured,274,2026-09-09T14:36:25.592120Z,157779254176859,157779254176859,-1,-1,-1,ok,
std_copy_xcdr__cpp_to_cpp__100000B__10Hz__shmem_ds__best_effort,publish,pub,cpp_to_cpp,copy,std,xcdr,shmem_ds,100000,10,0,measured,275,2026-09-09T14:36:25.693152Z,157779355123068,157779355123068,-1,-1,-1,ok,
std_copy_xcdr__cpp_to_cpp__100000B__10Hz__shmem_ds__best_effort,publish,pub,cpp_to_cpp,copy,std,xcdr,shmem_ds,100000,10,0,measured,276,2026-09-09T14:36:25.793101Z,157779455182591,157779455182591,-1,-1,-1,ok,
std_copy_xcdr__cpp_to_cpp__100000B__10Hz__shmem_ds__best_effort,publish,pub,cpp_to_cpp,copy,std,xcdr,shmem_ds,100000,10,0,measured,277,2026-09-09T14:36:25.892486Z,157779554525890,157779554525890,-1,-1,-1,ok,
std_copy_xcdr__cpp_to_cpp__100000B__10Hz__shmem_ds__best_effort,publish,pub,cpp_to_cpp,copy,std,xcdr,shmem_ds,100000,10,0,measured,278,2026-09-09T14:36:25.992989Z,157779655017710,157779655017710,-1,-1,-1,ok,
std_copy_xcdr__cpp_to_cpp__100000B__10Hz__shmem_ds__best_effort,publish,pub,cpp_to_cpp,copy,std,xcdr,shmem_ds,100000,10,0,measured,279,2026-09-09T14:36:26.092137Z,157779754206988,157779754206988,-1,-1,-1,ok,
std_copy_xcdr__cpp_to_cpp__100000B__10Hz__shmem_ds__best_effort,publish,pub,cpp_to_cpp,copy,std,xcdr,shmem_ds,100000,10,0,measured,280,2026-09-09T14:36:26.192351Z,157779854266211,157779854266211,-1,-1,-1,ok,
std_copy_xcdr__cpp_to_cpp__100000B__10Hz__shmem_ds__best_effort,publish,pub,cpp_to_cpp,copy,std,xcdr,shmem_ds,100000,10,0,measured,281,2026-09-09T14:36:26.292930Z,157779954999750,157779954999750,-1,-1,-1,ok,
std_copy_xcdr__cpp_to_cpp__100000B__10Hz__shmem_ds__best_effort,publish,pub,cpp_to_cpp,copy,std,xcdr,shmem_ds,100000,10,0,measured,282,2026-09-09T14:36:26.393749Z,157780055835402,157780055835402,-1,-1,-1,ok,
std_copy_xcdr__cpp_to_cpp__100000B__10Hz__shmem_ds__best_effort,publish,pub,cpp_to_cpp,copy,std,xcdr,shmem_ds,100000,10,0,measured,283,2026-09-09T14:36:26.493045Z,157780155139827,157780155139827,-1,-1,-1,ok,
std_copy_xcdr__cpp_to_cpp__100000B__10Hz__shmem_ds__best_effort,publish,pub,cpp_to_cpp,copy,std,xcdr,shmem_ds,100000,10,0,measured,284,2026-09-09T14:36:26.593644Z,157780255699026,157780255699026,-1,-1,-1,ok,
std_copy_xcdr__cpp_to_cpp__100000B__10Hz__shmem_ds__best_effort,publish,pub,cpp_to_cpp,copy,std,xcdr,shmem_ds,100000,10,0,measured,285,2026-09-09T14:36:26.694508Z,157780356584732,157780356584732,-1,-1,-1,ok,
std_copy_xcdr__cpp_to_cpp__100000B__10Hz__shmem_ds__best_effort,publish,pub,cpp_to_cpp,copy,std,xcdr,shmem_ds,100000,10,0,measured,286,2026-09-09T14:36:26.794669Z,157780456670606,157780456670606,-1,-1,-1,ok,
std_copy_xcdr__cpp_to_cpp__100000B__10Hz__shmem_ds__best_effort,publish,pub,cpp_to_cpp,copy,std,xcdr,shmem_ds,100000,10,0,measured,287,2026-09-09T14:36:26.895078Z,157780557101292,157780557101292,-1,-1,-1,ok,
std_copy_xcdr__cpp_to_cpp__100000B__10Hz__shmem_ds__best_effort,publish,pub,cpp_to_cpp,copy,std,xcdr,shmem_ds,100000,10,0,measured,288,2026-09-09T14:36:26.994397Z,157780656406290,157780656406290,-1,-1,-1,ok,
std_copy_xcdr__cpp_to_cpp__100000B__10Hz__shmem_ds__best_effort,publish,pub,cpp_to_cpp,copy,std,xcdr,shmem_ds,100000,10,0,measured,289,2026-09-09T14:36:27.095403Z,157780757360677,157780757360677,-1,-1,-1,ok,
std_copy_xcdr__cpp_to_cpp__100000B__10Hz__shmem_ds__best_effort,publish,pub,cpp_to_cpp,copy,std,xcdr,shmem_ds,100000,10,0,measured,290,2026-09-09T14:36:27.194505Z,157780856573581,157780856573581,-1,-1,-1,ok,
std_copy_xcdr__cpp_to_cpp__100000B__10Hz__shmem_ds__best_effort,publish,pub,cpp_to_cpp,copy,std,xcdr,shmem_ds,100000,10,0,measured,291,2026-09-09T14:36:27.293789Z,157780955874523,157780955874523,-1,-1,-1,ok,
std_copy_xcdr__cpp_to_cpp__100000B__10Hz__shmem_ds__best_effort,publish,pub,cpp_to_cpp,copy,std,xcdr,shmem_ds,100000,10,0,measured,292,2026-09-09T14:36:27.394616Z,157781056551906,157781056551906,-1,-1,-1,ok,
std_copy_xcdr__cpp_to_cpp__100000B__10Hz__shmem_ds__best_effort,publish,pub,cpp_to_cpp,copy,std,xcdr,shmem_ds,100000,10,0,measured,293,2026-09-09T14:36:27.494386Z,157781156455557,157781156455557,-1,-1,-1,ok,
std_copy_xcdr__cpp_to_cpp__100000B__10Hz__shmem_ds__best_effort,publish,pub,cpp_to_cpp,copy,std,xcdr,shmem_ds,100000,10,0,measured,294,2026-09-09T14:36:27.594840Z,157781256864271,157781256864271,-1,-1,-1,ok,
std_copy_xcdr__cpp_to_cpp__100000B__10Hz__shmem_ds__best_effort,publish,pub,cpp_to_cpp,copy,std,xcdr,shmem_ds,100000,10,0,measured,295,2026-09-09T14:36:27.695732Z,157781357799563,157781357799563,-1,-1,-1,ok,
std_copy_xcdr__cpp_to_cpp__100000B__10Hz__shmem_ds__best_effort,publish,pub,cpp_to_cpp,copy,std,xcdr,shmem_ds,100000,10,0,measured,296,2026-09-09T14:36:27.795664Z,157781457729584,157781457729584,-1,-1,-1,ok,
std_copy_xcdr__cpp_to_cpp__100000B__10Hz__shmem_ds__best_effort,publish,pub,cpp_to_cpp,copy,std,xcdr,shmem_ds,100000,10,0,measured,297,2026-09-09T14:36:27.894738Z,157781556792464,157781556792464,-1,-1,-1,ok,
std_copy_xcdr__cpp_to_cpp__100000B__10Hz__shmem_ds__best_effort,publish,pub,cpp_to_cpp,copy,std,xcdr,shmem_ds,100000,10,0,measured,298,2026-09-09T14:36:27.995640Z,157781657699531,157781657699531,-1,-1,-1,ok,
std_copy_xcdr__cpp_to_cpp__100000B__10Hz__shmem_ds__best_effort,publish,pub,cpp_to_cpp,copy,std,xcdr,shmem_ds,100000,10,0,measured,299,2026-09-09T14:36:28.095943Z,157781758025422,157781758025422,-1,-1,-1,ok,
std_copy_xcdr__cpp_to_cpp__100000B__10Hz__shmem_ds__best_effort,publish,pub,cpp_to_cpp,copy,std,xcdr,shmem_ds,100000,10,0,measured,300,2026-09-09T14:36:28.195869Z,157781857935336,157781857935336,-1,-1,-1,ok,
std_copy_xcdr__cpp_to_cpp__100000B__10Hz__shmem_ds__best_effort,receive,sub,cpp_to_cpp,copy,std,xcdr,shmem_ds,100000,10,0,measured,0,2026-09-09T14:35:58.208136Z,157751870334845,157751869811206,157751870334845,1788964558207616640,1788964558207955621,ok,
std_copy_xcdr__cpp_to_cpp__100000B__10Hz__shmem_ds__best_effort,receive,sub,cpp_to_cpp,copy,std,xcdr,shmem_ds,100000,10,0,measured,1,2026-09-09T14:35:58.308359Z,157751970557794,157751970380799,157751970557794,1788964558308187205,1788964558308319806,ok,
std_copy_xcdr__cpp_to_cpp__100000B__10Hz__shmem_ds__best_effort,receive,sub,cpp_to_cpp,copy,std,xcdr,shmem_ds,100000,10,0,measured,2,2026-09-09T14:35:58.408627Z,157752070826519,157752070659263,157752070826519,1788964558408464557,1788964558408595124,ok,
std_copy_xcdr__cpp_to_cpp__100000B__10Hz__shmem_ds__best_effort,receive,sub,cpp_to_cpp,copy,std,xcdr,shmem_ds,100000,10,0,measured,3,2026-09-09T14:35:58.509135Z,157752171334277,157752171162652,157752171334277,1788964558508969048,1788964558509101629,ok,
std_copy_xcdr__cpp_to_cpp__100000B__10Hz__shmem_ds__best_effort,receive,sub,cpp_to_cpp,copy,std,xcdr,shmem_ds,100000,10,0,measured,4,2026-09-09T14:35:58.608398Z,157752270597362,157752270436898,157752270597362,1788964558608244928,1788964558608362450,ok,
std_copy_xcdr__cpp_to_cpp__100000B__10Hz__shmem_ds__best_effort,receive,sub,cpp_to_cpp,copy,std,xcdr,shmem_ds,100000,10,0,measured,5,2026-09-09T14:35:58.709223Z,157752371422619,157752371242338,157752371422619,1788964558709049436,1788964558709187497,ok,
std_copy_xcdr__cpp_to_cpp__100000B__10Hz__shmem_ds__best_effort,receive,sub,cpp_to_cpp,copy,std,xcdr,shmem_ds,100000,10,0,measured,6,2026-09-09T14:35:58.808557Z,157752470755766,157752470438326,157752470755766,1788964558808260532,1788964558808471831,ok,
std_copy_xcdr__cpp_to_cpp__100000B__10Hz__shmem_ds__best_effort,receive,sub,cpp_to_cpp,copy,std,xcdr,shmem_ds,100000,10,0,measured,7,2026-09-09T14:35:58.908658Z,157752570857174,157752570584930,157752570857174,1788964558908403679,1788964558908593147,ok,
std_copy_xcdr__cpp_to_cpp__100000B__10Hz__shmem_ds__best_effort,receive,sub,cpp_to_cpp,copy,std,xcdr,shmem_ds,100000,10,0,measured,8,2026-09-09T14:35:59.008427Z,157752670625645,157752670333293,157752670625645,1788964559008153094,1788964559008354776,ok,
std_copy_xcdr__cpp_to_cpp__100000B__10Hz__shmem_ds__best_effort,receive,sub,cpp_to_cpp,copy,std,xcdr,shmem_ds,100000,10,0,measured,9,2026-09-09T14:35:59.107882Z,157752770081365,157752769875346,157752770081365,1788964559107686040,1788964559107848447,ok,
std_copy_xcdr__cpp_to_cpp__100000B__10Hz__shmem_ds__best_effort,receive,sub,cpp_to_cpp,copy,std,xcdr,shmem_ds,100000,10,0,measured,10,2026-09-09T14:35:59.207638Z,157752869837923,157752869654166,157752869837923,1788964559207462566,1788964559207604474,ok,
std_copy_xcdr__cpp_to_cpp__100000B__10Hz__shmem_ds__best_effort,receive,sub,cpp_to_cpp,copy,std,xcdr,shmem_ds,100000,10,0,measured,11,2026-09-09T14:35:59.306647Z,157752968846549,157752968678822,157752968846549,1788964559306487132,1788964559306615113,ok,
std_copy_xcdr__cpp_to_cpp__100000B__10Hz__shmem_ds__best_effort,receive,sub,cpp_to_cpp,copy,std,xcdr,shmem_ds,100000,10,0,measured,12,2026-09-09T14:35:59.406684Z,157753068883548,157753068725429,157753068883548,1788964559406530532,1788964559406653405,ok,
std_copy_xcdr__cpp_to_cpp__100000B__10Hz__shmem_ds__best_effort,receive,sub,cpp_to_cpp,copy,std,xcdr,shmem_ds,100000,10,0,measured,13,2026-09-09T14:35:59.507113Z,157753169312427,157753169098011,157753169312427,1788964559506906692,1788964559507063047,ok,
std_copy_xcdr__cpp_to_cpp__100000B__10Hz__shmem_ds__best_effort,receive,sub,cpp_to_cpp,copy,std,xcdr,shmem_ds,100000,10,0,measured,14,2026-09-09T14:35:59.607375Z,157753269574170,157753269371798,157753269574170,1788964559607180188,1788964559607325492,ok,
std_copy_xcdr__cpp_to_cpp__100000B__10Hz__shmem_ds__best_effort,receive,sub,cpp_to_cpp,copy,std,xcdr,shmem_ds,100000,10,0,measured,15,2026-09-09T14:35:59.708013Z,157753370211994,157753370023348,157753370211994,1788964559707830696,1788964559707968827,ok,
std_copy_xcdr__cpp_to_cpp__100000B__10Hz__shmem_ds__best_effort,receive,sub,cpp_to_cpp,copy,std,xcdr,shmem_ds,100000,10,0,measured,16,2026-09-09T14:35:59.808917Z,157753471117074,157753470913178,157753471117074,1788964559808720917,1788964559808876391,ok,
std_copy_xcdr__cpp_to_cpp__100000B__10Hz__shmem_ds__best_effort,receive,sub,cpp_to_cpp,copy,std,xcdr,shmem_ds,100000,10,0,measured,17,2026-09-09T14:35:59.909478Z,157753571676680,157753571425014,157753571676680,1788964559909239275,1788964559909409807,ok,
std_copy_xcdr__cpp_to_cpp__100000B__10Hz__shmem_ds__best_effort,receive,sub,cpp_to_cpp,copy,std,xcdr,shmem_ds,100000,10,0,measured,18,2026-09-09T14:36:00.009428Z,157753671625912,157753671323130,157753671625912,1788964560009137341,1788964560009338341,ok,
std_copy_xcdr__cpp_to_cpp__100000B__10Hz__shmem_ds__best_effort,receive,sub,cpp_to_cpp,copy,std,xcdr,shmem_ds,100000,10,0,measured,19,2026-09-09T14:36:00.108447Z,157753770645349,157753770414994,157753770645349,1788964560108227231,1788964560108386862,ok,
std_copy_xcdr__cpp_to_cpp__100000B__10Hz__shmem_ds__best_effort,receive,sub,cpp_to_cpp,copy,std,xcdr,shmem_ds,100000,10,0,measured,20,2026-09-09T14:36:00.207598Z,157753869797166,157753869547955,157753869797166,1788964560207363719,1788964560207527258,ok,
std_copy_xcdr__cpp_to_cpp__100000B__10Hz__shmem_ds__best_effort,receive,sub,cpp_to_cpp,copy,std,xcdr,shmem_ds,100000,10,0,measured,21,2026-09-09T14:36:00.308075Z,157753970273807,157753970039384,157753970273807,1788964560307853164,1788964560308012535,ok,
std_copy_xcdr__cpp_to_cpp__100000B__10Hz__shmem_ds__best_effort,receive,sub,cpp_to_cpp,copy,std,xcdr,shmem_ds,100000,10,0,measured,22,2026-09-09T14:36:00.407351Z,157754069550519,157754069338568,157754069550519,1788964560407150805,1788964560407293184,ok,
std_copy_xcdr__cpp_to_cpp__100000B__10Hz__shmem_ds__best_effort,receive,sub,cpp_to_cpp,copy,std,xcdr,shmem_ds,100000,10,0,measured,23,2026-09-09T14:36:00.507248Z,157754169446533,157754169191631,157754169446533,1788964560507006653,1788964560507179400,ok,
std_copy_xcdr__cpp_to_cpp__100000B__10Hz__shmem_ds__best_effort,receive,sub,cpp_to_cpp,copy,std,xcdr,shmem_ds,100000,10,0,measured,24,2026-09-09T14:36:00.606551Z,157754268749366,157754268397511,157754268749366,1788964560606222392,1788964560606453989,ok,
std_copy_xcdr__cpp_to_cpp__100000B__10Hz__shmem_ds__best_effort,receive,sub,cpp_to_cpp,copy,std,xcdr,shmem_ds,100000,10,0,measured,25,2026-09-09T14:36:00.705779Z,157754367977847,157754367685114,157754367977847,1788964560705501619,1788964560705708941,ok,
std_copy_xcdr__cpp_to_cpp__100000B__10Hz__shmem_ds__best_effort,receive,sub,cpp_to_cpp,copy,std,xcdr,shmem_ds,100000,10,0,measured,26,2026-09-09T14:36:00.805031Z,157754467228611,157754466877828,157754467228611,1788964560804701818,1788964560804946540,ok,
std_copy_xcdr__cpp_to_cpp__100000B__10Hz__shmem_ds__best_effort,receive,sub,cpp_to_cpp,copy,std,xcdr,shmem_ds,100000,10,0,measured,27,2026-09-09T14:36:00.904977Z,157754567175562,157754566930549,157754567175562,1788964560904746232,1788964560904920512,ok,
std_copy_xcdr__cpp_to_cpp__100000B__10Hz__shmem_ds__best_effort,receive,sub,cpp_to_cpp,copy,std,xcdr,shmem_ds,100000,10,0,measured,28,2026-09-09T14:36:01.004844Z,157754667043061,157754666822253,157754667043061,1788964561004635312,1788964561004784765,ok,
std_copy_xcdr__cpp_to_cpp__100000B__10Hz__shmem_ds__best_effort,receive,sub,cpp_to_cpp,copy,std,xcdr,shmem_ds,100000,10,0,measured,29,2026-09-09T14:36:01.105499Z,157754767697809,157754767373587,157754767697809,1788964561105194831,1788964561105410188,ok,
std_copy_xcdr__cpp_to_cpp__100000B__10Hz__shmem_ds__best_effort,receive,sub,cpp_to_cpp,copy,std,xcdr,shmem_ds,100000,10,0,measured,30,2026-09-09T14:36:01.204626Z,157754866824981,157754866613310,157754866824981,1788964561204425728,1788964561204567466,ok,
std_copy_xcdr__cpp_to_cpp__100000B__10Hz__shmem_ds__best_effort,receive,sub,cpp_to_cpp,copy,std,xcdr,shmem_ds,100000,10,0,measured,31,2026-09-09T14:36:01.305119Z,157754967317603,157754967102807,157754967317603,1788964561304915165,1788964561305062764,ok,
std_copy_xcdr__cpp_to_cpp__100000B__10Hz__shmem_ds__best_effort,receive,sub,cpp_to_cpp,copy,std,xcdr,shmem_ds,100000,10,0,measured,32,2026-09-09T14:36:01.404939Z,157755067137554,157755066758587,157755067137554,1788964561404583508,1788964561404841466,ok,
std_copy_xcdr__cpp_to_cpp__100000B__10Hz__shmem_ds__best_effort,receive,sub,cpp_to_cpp,copy,std,xcdr,shmem_ds,100000,10,0,measured,33,2026-09-09T14:36:01.505282Z,157755167480283,157755167256801,157755167480283,1788964561505072615,1788964561505219823,ok,
std_copy_xcdr__cpp_to_cpp__100000B__10Hz__shmem_ds__best_effort,receive,sub,cpp_to_cpp,copy,std,xcdr,shmem_ds,100000,10,0,measured,34,2026-09-09T14:36:01.605929Z,157755268128168,157755267861344,157755268128168,1788964561605677799,1788964561605854252,ok,
std_copy_xcdr__cpp_to_cpp__100000B__10Hz__shmem_ds__best_effort,receive,sub,cpp_to_cpp,copy,std,xcdr,shmem_ds,100000,10,0,measured,35,2026-09-09T14:36:01.704977Z,157755367176251,157755366948981,157755367176251,1788964561704759926,1788964561704921882,ok,
std_copy_xcdr__cpp_to_cpp__100000B__10Hz__shmem_ds__best_effort,receive,sub,cpp_to_cpp,copy,std,xcdr,shmem_ds,100000,10,0,measured,36,2026-09-09T14:36:01.805792Z,157755467990901,157755467798988,157755467990901,1788964561805607037,1788964561805748745,ok,
std_copy_xcdr__cpp_to_cpp__100000B__10Hz__shmem_ds__best_effort,receive,sub,cpp_to_cpp,copy,std,xcdr,shmem_ds,100000,10,0,measured,37,2026-09-09T14:36:01.906346Z,157755568545029,157755568285779,157755568545029,1788964561906098127,1788964561906271895,ok,
std_copy_xcdr__cpp_to_cpp__100000B__10Hz__shmem_ds__best_effort,receive,sub,cpp_to_cpp,copy,std,xcdr,shmem_ds,100000,10,0,measured,38,2026-09-09T14:36:02.006116Z,157755668315367,157755668119056,157755668315367,1788964562005930812,1788964562006067110,ok,
std_copy_xcdr__cpp_to_cpp__100000B__10Hz__shmem_ds__best_effort,receive,sub,cpp_to_cpp,copy,std,xcdr,shmem_ds,100000,10,0,measured,39,2026-09-09T14:36:02.105680Z,157755767878884,157755767713150,157755767878884,1788964562105521691,1788964562105637039,ok,
std_copy_xcdr__cpp_to_cpp__100000B__10Hz__shmem_ds__best_effort,receive,sub,cpp_to_cpp,copy,std,xcdr,shmem_ds,100000,10,0,measured,40,2026-09-09T14:36:02.204759Z,157755866958838,157755866754522,157755866958838,1788964562204565146,1788964562204704199,ok,
std_copy_xcdr__cpp_to_cpp__100000B__10Hz__shmem_ds__best_effort,receive,sub,cpp_to_cpp,copy,std,xcdr,shmem_ds,100000,10,0,measured,41,2026-09-09T14:36:02.305112Z,157755967311708,157755967152627,157755967311708,1788964562304960767,1788964562305078970,ok,
std_copy_xcdr__cpp_to_cpp__100000B__10Hz__shmem_ds__best_effort,receive,sub,cpp_to_cpp,copy,std,xcdr,shmem_ds,100000,10,0,measured,42,2026-09-09T14:36:02.405067Z,157756067266383,157756067072156,157756067266383,1788964562404882610,1788964562405018967,ok,
std_copy_xcdr__cpp_to_cpp__100000B__10Hz__shmem_ds__best_effort,receive,sub,cpp_to_cpp,copy,std,xcdr,shmem_ds,100000,10,0,measured,43,2026-09-09T14:36:02.505106Z,157756167305861,157756167146049,157756167305861,1788964562504955581,1788964562505078163,ok,
std_copy_xcdr__cpp_to_cpp__100000B__10Hz__shmem_ds__best_effort,receive,sub,cpp_to_cpp,copy,std,xcdr,shmem_ds,100000,10,0,measured,44,2026-09-09T14:36:02.605140Z,157756267338806,157756267125193,157756267338806,1788964562604936428,1788964562605085720,ok,
std_copy_xcdr__cpp_to_cpp__100000B__10Hz__shmem_ds__best_effort,receive,sub,cpp_to_cpp,copy,std,xcdr,shmem_ds,100000,10,0,measured,45,2026-09-09T14:36:02.704496Z,157756366695122,157756366545118,157756366695122,1788964562704352827,1788964562704467604,ok,
std_copy_xcdr__cpp_to_cpp__100000B__10Hz__shmem_ds__best_effort,receive,sub,cpp_to_cpp,copy,std,xcdr,shmem_ds,100000,10,0,measured,46,2026-09-09T14:36:02.804861Z,157756467060014,157756466766459,157756467060014,1788964562804587563,1788964562804784555,ok,
std_copy_xcdr__cpp_to_cpp__100000B__10Hz__shmem_ds__best_effort,receive,sub,cpp_to_cpp,copy,std,xcdr,shmem_ds,100000,10,0,measured,47,2026-09-09T14:36:02.904749Z,157756566948516,157756566747516,157756566948516,1788964562904559883,1788964562904705578,ok,
std_copy_xcdr__cpp_to_cpp__100000B__10Hz__shmem_ds__best_effort,receive,sub,cpp_to_cpp,copy,std,xcdr,shmem_ds,100000,10,0,measured,48,2026-09-09T14:36:03.004593Z,157756666792013,157756666516512,157756666792013,1788964563004336655,1788964563004520642,ok,
std_copy_xcdr__cpp_to_cpp__100000B__10Hz__shmem_ds__best_effort,receive,sub,cpp_to_cpp,copy,std,xcdr,shmem_ds,100000,10,0,measured,49,2026-09-09T14:36:03.104817Z,157756767017032,157756766849996,157756767017032,1788964563104660570,1788964563104772682,ok,
std_copy_xcdr__cpp_to_cpp__100000B__10Hz__shmem_ds__best_effort,receive,sub,cpp_to_cpp,copy,std,xcdr,shmem_ds,100000,10,0,measured,50,2026-09-09T14:36:03.204637Z,157756866836535,157756866680710,157756866836535,1788964563204489831,1788964563204607885,ok,
std_copy_xcdr__cpp_to_cpp__100000B__10Hz__shmem_ds__best_effort,receive,sub,cpp_to_cpp,copy,std,xcdr,shmem_ds,100000,10,0,measured,51,2026-09-09T14:36:03.304527Z,157756966726050,157756966551029,157756966726050,1788964563304361553,1788964563304480027,ok,
std_copy_xcdr__cpp_to_cpp__100000B__10Hz__shmem_ds__best_effort,receive,sub,cpp_to_cpp,copy,std,xcdr,shmem_ds,100000,10,0,measured,52,2026-09-09T14:36:03.403759Z,157757065957571,157757065734810,157757065957571,1788964563403547187,1788964563403697882,ok,
std_copy_xcdr__cpp_to_cpp__100000B__10Hz__shmem_ds__best_effort,receive,sub,cpp_to_cpp,copy,std,xcdr,shmem_ds,100000,10,0,measured,53,2026-09-09T14:36:03.502870Z,157757165069496,157757164882462,157757165069496,1788964563502693728,1788964563502834855,ok,
std_copy_xcdr__cpp_to_cpp__100000B__10Hz__shmem_ds__best_effort,receive,sub,cpp_to_cpp,copy,std,xcdr,shmem_ds,100000,10,0,measured,54,2026-09-09T14:36:03.603558Z,157757265756749,157757265529289,157757265756749,1788964563603343650,1788964563603507710,ok,
std_copy_xcdr__cpp_to_cpp__100000B__10Hz__shmem_ds__best_effort,receive,sub,cpp_to_cpp,copy,std,xcdr,shmem_ds,100000,10,0,measured,55,2026-09-09T14:36:03.703430Z,157757365629381,157757365483696,157757365629381,1788964563703290353,1788964563703398617,ok,
std_copy_xcdr__cpp_to_cpp__100000B__10Hz__shmem_ds__best_effort,receive,sub,cpp_to_cpp,copy,std,xcdr,shmem_ds,100000,10,0,measured,56,2026-09-09T14:36:03.803332Z,157757465532011,157757465369364,157757465532011,1788964563803175810,1788964563803294975,ok,
std_copy_xcdr__cpp_to_cpp__100000B__10Hz__shmem_ds__best_effort,receive,sub,cpp_to_cpp,copy,std,xcdr,shmem_ds,100000,10,0,measured,57,2026-09-09T14:36:03.904343Z,157757566542234,157757566359318,157757566542234,1788964563904166055,1788964563904298976,ok,
std_copy_xcdr__cpp_to_cpp__100000B__10Hz__shmem_ds__best_effort,receive,sub,cpp_to_cpp,copy,std,xcdr,shmem_ds,100000,10,0,measured,58,2026-09-09T14:36:04.004604Z,157757666802860,157757666554932,157757666802860,1788964564004372459,1788964564004537701,ok,
std_copy_xcdr__cpp_to_cpp__100000B__10Hz__shmem_ds__best_effort,receive,sub,cpp_to_cpp,copy,std,xcdr,shmem_ds,100000,10,0,measured,59,2026-09-09T14:36:04.104738Z,157757766938062,157757766788228,157757766938062,1788964564104593903,1788964564104705624,ok,
std_copy_xcdr__cpp_to_cpp__100000B__10Hz__shmem_ds__best_effort,receive,sub,cpp_to_cpp,copy,std,xcdr,shmem_ds,100000,10,0,measured,60,2026-09-09T14:36:04.204914Z,157757867113888,157757866940430,157757867113888,1788964564204746295,1788964564204878976,ok,
std_copy_xcdr__cpp_to_cpp__100000B__10Hz__shmem_ds__best_effort,receive,sub,cpp_to_cpp,copy,std,xcdr,shmem_ds,100000,10,0,measured,61,2026-09-09T14:36:04.305599Z,157757967798327,157757967662380,157757967798327,1788964564305467473,1788964564305568134,ok,
std_copy_xcdr__cpp_to_cpp__100000B__10Hz__shmem_ds__best_effort,receive,sub,cpp_to_cpp,copy,std,xcdr,shmem_ds,100000,10,0,measured,62,2026-09-09T14:36:04.405572Z,157758067771942,157758067612891,157758067771942,1788964564405418907,1788964564405536028,ok,
std_copy_xcdr__cpp_to_cpp__100000B__10Hz__shmem_ds__best_effort,receive,sub,cpp_to_cpp,copy,std,xcdr,shmem_ds,100000,10,0,measured,63,2026-09-09T14:36:04.506238Z,157758168437805,157758168261101,157758168437805,1788964564506066926,1788964564506176093,ok,
std_copy_xcdr__cpp_to_cpp__100000B__10Hz__shmem_ds__best_effort,receive,sub,cpp_to_cpp,copy,std,xcdr,shmem_ds,100000,10,0,measured,64,2026-09-09T14:36:04.606245Z,157758268443632,157758268244365,157758268443632,1788964564606056262,1788964564606188441,ok,
std_copy_xcdr__cpp_to_cpp__100000B__10Hz__shmem_ds__best_effort,receive,sub,cpp_to_cpp,copy,std,xcdr,shmem_ds,100000,10,0,measured,65,2026-09-09T14:36:04.706089Z,157758368289024,157758368135755,157758368289024,1788964564705941860,1788964564706052179,ok,
std_copy_xcdr__cpp_to_cpp__100000B__10Hz__shmem_ds__best_effort,receive,sub,cpp_to_cpp,copy,std,xcdr,shmem_ds,100000,10,0,measured,66,2026-09-09T14:36:04.805906Z,157758468104781,157758467763136,157758468104781,1788964564805587235,1788964564805824073,ok,
std_copy_xcdr__cpp_to_cpp__100000B__10Hz__shmem_ds__best_effort,receive,sub,cpp_to_cpp,copy,std,xcdr,shmem_ds,100000,10,0,measured,67,2026-09-09T14:36:04.905416Z,157758567614910,157758567351793,157758567614910,1788964564905166725,1788964564905348208,ok,
std_copy_xcdr__cpp_to_cpp__100000B__10Hz__shmem_ds__best_effort,receive,sub,cpp_to_cpp,copy,std,xcdr,shmem_ds,100000,10,0,measured,68,2026-09-09T14:36:05.005466Z,157758667664539,157758667400489,157758667664539,1788964565005218107,1788964565005398067,ok,
std_copy_xcdr__cpp_to_cpp__100000B__10Hz__shmem_ds__best_effort,receive,sub,cpp_to_cpp,copy,std,xcdr,shmem_ds,100000,10,0,measured,69,2026-09-09T14:36:05.105078Z,157758767278145,157758767124424,157758767278145,1788964565104929398,1788964565105041580,ok,
std_copy_xcdr__cpp_to_cpp__100000B__10Hz__shmem_ds__best_effort,receive,sub,cpp_to_cpp,copy,std,xcdr,shmem_ds,100000,10,0,measured,70,2026-09-09T14:36:05.205597Z,157758867796853,157758867651528,157758867796853,1788964565205456521,1788964565205563994,ok,
std_copy_xcdr__cpp_to_cpp__100000B__10Hz__shmem_ds__best_effort,receive,sub,cpp_to_cpp,copy,std,xcdr,shmem_ds,100000,10,0,measured,71,2026-09-09T14:36:05.305205Z,157758967404446,157758967262388,157758967404446,1788964565305067401,1788964565305172981,ok,
std_copy_xcdr__cpp_to_cpp__100000B__10Hz__shmem_ds__best_effort,receive,sub,cpp_to_cpp,copy,std,xcdr,shmem_ds,100000,10,0,measured,72,2026-09-09T14:36:05.405571Z,157759067770424,157759067634087,157759067770424,1788964565405439050,1788964565405541754,ok,
std_copy_xcdr__cpp_to_cpp__100000B__10Hz__shmem_ds__best_effort,receive,sub,cpp_to_cpp,copy,std,xcdr,shmem_ds,100000,10,0,measured,73,2026-09-09T14:36:05.506063Z,157759168261778,157759168091957,157759168261778,1788964565505897732,1788964565506018450,ok,
std_copy_xcdr__cpp_to_cpp__100000B__10Hz__shmem_ds__best_effort,receive,sub,cpp_to_cpp,copy,std,xcdr,shmem_ds,100000,10,0,measured,74,2026-09-09T14:36:05.606466Z,157759268664856,157759268398252,157759268664856,1788964565606216260,1788964565606402482,ok,
std_copy_xcdr__cpp_to_cpp__100000B__10Hz__shmem_ds__best_effort,receive,sub,cpp_to_cpp,copy,std,xcdr,shmem_ds,100000,10,0,measured,75,2026-09-09T14:36:05.706952Z,157759369151633,157759369023370,157759369151633,1788964565706826961,1788964565706924756,ok,
std_copy_xcdr__cpp_to_cpp__100000B__10Hz__shmem_ds__best_effort,receive,sub,cpp_to_cpp,copy,std,xcdr,shmem_ds,100000,10,0,measured,76,2026-09-09T14:36:05.807538Z,157759469737307,157759469599887,157759469737307,1788964565807405301,1788964565807508296,ok,
std_copy_xcdr__cpp_to_cpp__100000B__10Hz__shmem_ds__best_effort,receive,sub,cpp_to_cpp,copy,std,xcdr,shmem_ds,100000,10,0,measured,77,2026-09-09T14:36:05.907905Z,157759570104826,157759569906271,157759570104826,1788964565907715162,1788964565907859445,ok,
std_copy_xcdr__cpp_to_cpp__100000B__10Hz__shmem_ds__best_effort,receive,sub,cpp_to_cpp,copy,std,xcdr,shmem_ds,100000,10,0,measured,78,2026-09-09T14:36:06.008536Z,157759670735244,157759670494749,157759670735244,1788964566008311535,1788964566008475645,ok,
std_copy_xcdr__cpp_to_cpp__100000B__10Hz__shmem_ds__best_effort,receive,sub,cpp_to_cpp,copy,std,xcdr,shmem_ds,100000,10,0,measured,79,2026-09-09T14:36:06.108236Z,157759770435686,157759770298196,157759770435686,1788964566108103751,1788964566108203820,ok,
std_copy_xcdr__cpp_to_cpp__100000B__10Hz__shmem_ds__best_effort,receive,sub,cpp_to_cpp,copy,std,xcdr,shmem_ds,100000,10,0,measured,80,2026-09-09T14:36:06.209145Z,157759871344601,157759871169981,157759871344601,1788964566208979152,1788964566209097566,ok,
std_copy_xcdr__cpp_to_cpp__100000B__10Hz__shmem_ds__best_effort,receive,sub,cpp_to_cpp,copy,std,xcdr,shmem_ds,100000,10,0,measured,81,2026-09-09T14:36:06.308851Z,157759971049772,157759970865273,157759971049772,1788964566308672962,1788964566308788580,ok,
std_copy_xcdr__cpp_to_cpp__100000B__10Hz__shmem_ds__best_effort,receive,sub,cpp_to_cpp,copy,std,xcdr,shmem_ds,100000,10,0,measured,82,2026-09-09T14:36:06.408436Z,157760070635916,157760070464572,157760070635916,1788964566408271870,1788964566408391777,ok,
std_copy_xcdr__cpp_to_cpp__100000B__10Hz__shmem_ds__best_effort,receive,sub,cpp_to_cpp,copy,std,xcdr,shmem_ds,100000,10,0,measured,83,2026-09-09T14:36:06.508906Z,157760171105821,157760170939146,157760171105821,1788964566508744320,1788964566508868124,ok,
std_copy_xcdr__cpp_to_cpp__100000B__10Hz__shmem_ds__best_effort,receive,sub,cpp_to_cpp,copy,std,xcdr,shmem_ds,100000,10,0,measured,84,2026-09-09T14:36:06.609136Z,157760271335323,157760271128882,157760271335323,1788964566608940599,1788964566609081535,ok,
std_copy_xcdr__cpp_to_cpp__100000B__10Hz__shmem_ds__best_effort,receive,sub,cpp_to_cpp,copy,std,xcdr,shmem_ds,100000,10,0,measured,85,2026-09-09T14:36:06.708786Z,157760370985058,157760370833271,157760370985058,1788964566708638315,1788964566708747711,ok,
std_copy_xcdr__cpp_to_cpp__100000B__10Hz__shmem_ds__best_effort,receive,sub,cpp_to_cpp,copy,std,xcdr,shmem_ds,100000,10,0,measured,86,2026-09-09T14:36:06.808283Z,157760470481544,157760470123707,157760470481544,1788964566807947927,1788964566808196427,ok,
std_copy_xcdr__cpp_to_cpp__100000B__10Hz__shmem_ds__best_effort,receive,sub,cpp_to_cpp,copy,std,xcdr,shmem_ds,100000,10,0,measured,87,2026-09-09T14:36:06.908373Z,157760570571611,157760570359200,157760570571611,1788964566908169583,1788964566908316381,ok,
std_copy_xcdr__cpp_to_cpp__100000B__10Hz__shmem_ds__best_effort,receive,sub,cpp_to_cpp,copy,std,xcdr,shmem_ds,100000,10,0,measured,88,2026-09-09T14:36:07.008657Z,157760670856187,157760670555909,157760670856187,1788964567008377113,1788964567008575909,ok,
std_copy_xcdr__cpp_to_cpp__100000B__10Hz__shmem_ds__best_effort,receive,sub,cpp_to_cpp,copy,std,xcdr,shmem_ds,100000,10,0,measured,89,2026-09-09T14:36:07.108568Z,157760770767288,157760770591476,157760770767288,1788964567108397551,1788964567108520884,ok,
std_copy_xcdr__cpp_to_cpp__100000B__10Hz__shmem_ds__best_effort,receive,sub,cpp_to_cpp,copy,std,xcdr,shmem_ds,100000,10,0,measured,90,2026-09-09T14:36:07.208789Z,157760870987954,157760870816701,157760870987954,1788964567208622165,1788964567208743615,ok,
std_copy_xcdr__cpp_to_cpp__100000B__10Hz__shmem_ds__best_effort,receive,sub,cpp_to_cpp,copy,std,xcdr,shmem_ds,100000,10,0,measured,91,2026-09-09T14:36:07.307904Z,157760970103460,157760969935502,157760970103460,1788964567307740486,1788964567307866844,ok,
std_copy_xcdr__cpp_to_cpp__100000B__10Hz__shmem_ds__best_effort,receive,sub,cpp_to_cpp,copy,std,xcdr,shmem_ds,100000,10,0,measured,92,2026-09-09T14:36:07.407642Z,157761069841473,157761069670109,157761069841473,1788964567407475804,1788964567407601211,ok,
std_copy_xcdr__cpp_to_cpp__100000B__10Hz__shmem_ds__best_effort,receive,sub,cpp_to_cpp,copy,std,xcdr,shmem_ds,100000,10,0,measured,93,2026-09-09T14:36:07.508097Z,157761170296803,157761170138163,157761170296803,1788964567507943547,1788964567508059326,ok,
std_copy_xcdr__cpp_to_cpp__100000B__10Hz__shmem_ds__best_effort,receive,sub,cpp_to_cpp,copy,std,xcdr,shmem_ds,100000,10,0,measured,94,2026-09-09T14:36:07.608390Z,157761270589314,157761270363718,157761270589314,1788964567608178550,1788964567608338121,ok,
std_copy_xcdr__cpp_to_cpp__100000B__10Hz__shmem_ds__best_effort,receive,sub,cpp_to_cpp,copy,std,xcdr,shmem_ds,100000,10,0,measured,95,2026-09-09T14:36:07.708117Z,157761370316578,157761370151646,157761370316578,1788964567707957211,1788964567708075645,ok,
std_copy_xcdr__cpp_to_cpp__100000B__10Hz__shmem_ds__best_effort,receive,sub,cpp_to_cpp,copy,std,xcdr,shmem_ds,100000,10,0,measured,96,2026-09-09T14:36:07.808977Z,157761471176552,157761471018222,157761471176552,1788964567808823276,1788964567808938724,ok,
std_copy_xcdr__cpp_to_cpp__100000B__10Hz__shmem_ds__best_effort,receive,sub,cpp_to_cpp,copy,std,xcdr,shmem_ds,100000,10,0,measured,97,2026-09-09T14:36:07.909482Z,157761571681245,157761571495945,157761571681245,1788964567909304004,1788964567909438348,ok,
std_copy_xcdr__cpp_to_cpp__100000B__10Hz__shmem_ds__best_effort,receive,sub,cpp_to_cpp,copy,std,xcdr,shmem_ds,100000,10,0,measured,98,2026-09-09T14:36:08.008952Z,157761671151782,157761670959779,157761671151782,1788964568008774471,1788964568008914756,ok,
std_copy_xcdr__cpp_to_cpp__100000B__10Hz__shmem_ds__best_effort,receive,sub,cpp_to_cpp,copy,std,xcdr,shmem_ds,100000,10,0,measured,99,2026-09-09T14:36:08.108989Z,157761771189022,157761771017007,157761771189022,1788964568108823103,1788964568108946396,ok,
std_copy_xcdr__cpp_to_cpp__100000B__10Hz__shmem_ds__best_effort,receive,sub,cpp_to_cpp,copy,std,xcdr,shmem_ds,100000,10,0,measured,100,2026-09-09T14:36:08.208222Z,157761870421162,157761870263845,157761870421162,1788964568208069169,1788964568208184066,ok,
std_copy_xcdr__cpp_to_cpp__100000B__10Hz__shmem_ds__best_effort,receive,sub,cpp_to_cpp,copy,std,xcdr,shmem_ds,100000,10,0,measured,101,2026-09-09T14:36:08.308798Z,157761970997421,157761970841978,157761970997421,1788964568308647021,1788964568308762219,ok,
std_copy_xcdr__cpp_to_cpp__100000B__10Hz__shmem_ds__best_effort,receive,sub,cpp_to_cpp,copy,std,xcdr,shmem_ds,100000,10,0,measured,102,2026-09-09T14:36:08.408260Z,157762070459814,157762070307196,157762070459814,1788964568408112019,1788964568408226345,ok,
std_copy_xcdr__cpp_to_cpp__100000B__10Hz__shmem_ds__best_effort,receive,sub,cpp_to_cpp,copy,std,xcdr,shmem_ds,100000,10,0,measured,103,2026-09-09T14:36:08.507458Z,157762169657649,157762169497676,157762169657649,1788964568507303041,1788964568507424390,ok,
std_copy_xcdr__cpp_to_cpp__100000B__10Hz__shmem_ds__best_effort,receive,sub,cpp_to_cpp,copy,std,xcdr,shmem_ds,100000,10,0,measured,104,2026-09-09T14:36:08.608293Z,157762270492747,157762270274524,157762270492747,1788964568608086230,1788964568608237576,ok,
std_copy_xcdr__cpp_to_cpp__100000B__10Hz__shmem_ds__best_effort,receive,sub,cpp_to_cpp,copy,std,xcdr,shmem_ds,100000,10,0,measured,105,2026-09-09T14:36:08.708196Z,157762370395483,157762370219791,157762370395483,1788964568708025917,1788964568708154390,ok,
std_copy_xcdr__cpp_to_cpp__100000B__10Hz__shmem_ds__best_effort,receive,sub,cpp_to_cpp,copy,std,xcdr,shmem_ds,100000,10,0,measured,106,2026-09-09T14:36:08.807547Z,157762469746346,157762469451930,157762469746346,1788964568807271731,1788964568807475416,ok,
std_copy_xcdr__cpp_to_cpp__100000B__10Hz__shmem_ds__best_effort,receive,sub,cpp_to_cpp,copy,std,xcdr,shmem_ds,100000,10,0,measured,107,2026-09-09T14:36:08.907896Z,157762570095626,157762569830405,157762570095626,1788964568907645317,1788964568907821250,ok,
std_copy_xcdr__cpp_to_cpp__100000B__10Hz__shmem_ds__best_effort,receive,sub,cpp_to_cpp,copy,std,xcdr,shmem_ds,100000,10,0,measured,108,2026-09-09T14:36:09.007137Z,157762669335599,157762669085667,157762669335599,1788964569006901571,1788964569007075429,ok,
std_copy_xcdr__cpp_to_cpp__100000B__10Hz__shmem_ds__best_effort,receive,sub,cpp_to_cpp,copy,std,xcdr,shmem_ds,100000,10,0,measured,109,2026-09-09T14:36:09.107513Z,157762769712052,157762769526572,157762769712052,1788964569107335753,1788964569107465889,ok,
std_copy_xcdr__cpp_to_cpp__100000B__10Hz__shmem_ds__best_effort,receive,sub,cpp_to_cpp,copy,std,xcdr,shmem_ds,100000,10,0,measured,110,2026-09-09T14:36:09.207696Z,157762869895309,157762869732041,157762869895309,1788964569207537315,1788964569207646852,ok,
std_copy_xcdr__cpp_to_cpp__100000B__10Hz__shmem_ds__best_effort,receive,sub,cpp_to_cpp,copy,std,xcdr,shmem_ds,100000,10,0,measured,111,2026-09-09T14:36:09.307396Z,157762969595564,157762969445370,157762969595564,1788964569307250744,1788964569307359650,ok,
std_copy_xcdr__cpp_to_cpp__100000B__10Hz__shmem_ds__best_effort,receive,sub,cpp_to_cpp,copy,std,xcdr,shmem_ds,100000,10,0,measured,112,2026-09-09T14:36:09.407938Z,157763070137108,157763069981705,157763070137108,1788964569407787420,1788964569407903970,ok,
std_copy_xcdr__cpp_to_cpp__100000B__10Hz__shmem_ds__best_effort,receive,sub,cpp_to_cpp,copy,std,xcdr,shmem_ds,100000,10,0,measured,113,2026-09-09T14:36:09.508784Z,157763170983219,157763170838715,157763170983219,1788964569508643729,1788964569508748527,ok,
std_copy_xcdr__cpp_to_cpp__100000B__10Hz__shmem_ds__best_effort,receive,sub,cpp_to_cpp,copy,std,xcdr,shmem_ds,100000,10,0,measured,114,2026-09-09T14:36:09.609893Z,157763272091203,157763271831673,157763272091203,1788964569609646334,1788964569609815765,ok,
std_copy_xcdr__cpp_to_cpp__100000B__10Hz__shmem_ds__best_effort,receive,sub,cpp_to_cpp,copy,std,xcdr,shmem_ds,100000,10,0,measured,115,2026-09-09T14:36:09.709590Z,157763371789404,157763371616037,157763371789404,1788964569709423535,1788964569709553871,ok,
std_copy_xcdr__cpp_to_cpp__100000B__10Hz__shmem_ds__best_effort,receive,sub,cpp_to_cpp,copy,std,xcdr,shmem_ds,100000,10,0,measured,116,2026-09-09T14:36:09.809300Z,157763471499747,157763471357007,157763471499747,1788964569809162632,1788964569809274984,ok,
std_copy_xcdr__cpp_to_cpp__100000B__10Hz__shmem_ds__best_effort,receive,sub,cpp_to_cpp,copy,std,xcdr,shmem_ds,100000,10,0,measured,117,2026-09-09T14:36:09.910034Z,157763572233085,157763572023669,157763572233085,1788964569909834754,1788964569909980670,ok,
std_copy_xcdr__cpp_to_cpp__100000B__10Hz__shmem_ds__best_effort,receive,sub,cpp_to_cpp,copy,std,xcdr,shmem_ds,100000,10,0,measured,118,2026-09-09T14:36:10.010674Z,157763672872966,157763672552490,157763672872966,1788964570010375558,1788964570010589813,ok,
std_copy_xcdr__cpp_to_cpp__100000B__10Hz__shmem_ds__best_effort,receive,sub,cpp_to_cpp,copy,std,xcdr,shmem_ds,100000,10,0,measured,119,2026-09-09T14:36:10.110882Z,157763773081211,157763772870953,157763773081211,1788964570110680656,1788964570110828686,ok,
std_copy_xcdr__cpp_to_cpp__100000B__10Hz__shmem_ds__best_effort,receive,sub,cpp_to_cpp,copy,std,xcdr,shmem_ds,100000,10,0,measured,120,2026-09-09T14:36:10.211755Z,157763873953673,157763873638497,157763873953673,1788964570211459451,1788964570211669528,ok,
std_copy_xcdr__cpp_to_cpp__100000B__10Hz__shmem_ds__best_effort,receive,sub,cpp_to_cpp,copy,std,xcdr,shmem_ds,100000,10,0,measured,121,2026-09-09T14:36:10.310827Z,157763973026142,157763972766581,157763973026142,1788964570310581023,1788964570310755803,ok,
std_copy_xcdr__cpp_to_cpp__100000B__10Hz__shmem_ds__best_effort,receive,sub,cpp_to_cpp,copy,std,xcdr,shmem_ds,100000,10,0,measured,122,2026-09-09T14:36:10.410365Z,157764072564792,157764072411543,157764072564792,1788964570410215735,1788964570410330151,ok,
std_copy_xcdr__cpp_to_cpp__100000B__10Hz__shmem_ds__best_effort,receive,sub,cpp_to_cpp,copy,std,xcdr,shmem_ds,100000,10,0,measured,123,2026-09-09T14:36:10.509974Z,157764172173945,157764171999636,157764172173945,1788964570509813847,1788964570509930687,ok,
std_copy_xcdr__cpp_to_cpp__100000B__10Hz__shmem_ds__best_effort,receive,sub,cpp_to_cpp,copy,std,xcdr,shmem_ds,100000,10,0,measured,124,2026-09-09T14:36:10.609861Z,157764272060063,157764271836791,157764272060063,1788964570609651673,1788964570609791958,ok,
std_copy_xcdr__cpp_to_cpp__100000B__10Hz__shmem_ds__best_effort,receive,sub,cpp_to_cpp,copy,std,xcdr,shmem_ds,100000,10,0,measured,125,2026-09-09T14:36:10.709157Z,157764371356234,157764371155435,157764371356234,1788964570708965287,1788964570709104300,ok,
std_copy_xcdr__cpp_to_cpp__100000B__10Hz__shmem_ds__best_effort,receive,sub,cpp_to_cpp,copy,std,xcdr,shmem_ds,100000,10,0,measured,126,2026-09-09T14:36:10.809981Z,157764472179052,157764471865850,157764472179052,1788964570809687305,1788964570809902912,ok,
std_copy_xcdr__cpp_to_cpp__100000B__10Hz__shmem_ds__best_effort,receive,sub,cpp_to_cpp,copy,std,xcdr,shmem_ds,100000,10,0,measured,127,2026-09-09T14:36:10.909875Z,157764572074076,157764571833511,157764572074076,1788964570909647302,1788964570909816401,ok,
std_copy_xcdr__cpp_to_cpp__100000B__10Hz__shmem_ds__best_effort,receive,sub,cpp_to_cpp,copy,std,xcdr,shmem_ds,100000,10,0,measured,128,2026-09-09T14:36:11.009480Z,157764671678402,157764671415394,157764671678402,1788964571009232882,1788964571009412581,ok,
std_copy_xcdr__cpp_to_cpp__100000B__10Hz__shmem_ds__best_effort,receive,sub,cpp_to_cpp,copy,std,xcdr,shmem_ds,100000,10,0,measured,129,2026-09-09T14:36:11.110153Z,157764772351166,157764772055517,157764772351166,1788964571109874717,1788964571110076429,ok,
std_copy_xcdr__cpp_to_cpp__100000B__10Hz__shmem_ds__best_effort,receive,sub,cpp_to_cpp,copy,std,xcdr,shmem_ds,100000,10,0,measured,130,2026-09-09T14:36:11.210039Z,157764872238145,157764871912239,157764872238145,1788964571209732532,1788964571209956505,ok,
std_copy_xcdr__cpp_to_cpp__100000B__10Hz__shmem_ds__best_effort,receive,sub,cpp_to_cpp,copy,std,xcdr,shmem_ds,100000,10,0,measured,131,2026-09-09T14:36:11.309065Z,157764971264999,157764971068477,157764971264999,1788964571308878711,1788964571309018405,ok,
std_copy_xcdr__cpp_to_cpp__100000B__10Hz__shmem_ds__best_effort,receive,sub,cpp_to_cpp,copy,std,xcdr,shmem_ds,100000,10,0,measured,132,2026-09-09T14:36:11.409915Z,157765072114479,157765071825052,157765072114479,1788964571409643200,1788964571409842096,ok,
std_copy_xcdr__cpp_to_cpp__100000B__10Hz__shmem_ds__best_effort,receive,sub,cpp_to_cpp,copy,std,xcdr,shmem_ds,100000,10,0,measured,133,2026-09-09T14:36:11.510387Z,157765172586144,157765172401174,157765172586144,1788964571510209584,1788964571510339139,ok,
std_copy_xcdr__cpp_to_cpp__100000B__10Hz__shmem_ds__best_effort,receive,sub,cpp_to_cpp,copy,std,xcdr,shmem_ds,100000,10,0,measured,134,2026-09-09T14:36:11.611330Z,157765273529150,157765273212452,157765273529150,1788964571611037173,1788964571611245717,ok,
std_copy_xcdr__cpp_to_cpp__100000B__10Hz__shmem_ds__best_effort,receive,sub,cpp_to_cpp,copy,std,xcdr,shmem_ds,100000,10,0,measured,135,2026-09-09T14:36:11.711920Z,157765374118988,157765373920203,157765374118988,1788964571711729073,1788964571711875600,ok,
std_copy_xcdr__cpp_to_cpp__100000B__10Hz__shmem_ds__best_effort,receive,sub,cpp_to_cpp,copy,std,xcdr,shmem_ds,100000,10,0,measured,136,2026-09-09T14:36:11.810956Z,157765473155842,157765472971333,157765473155842,1788964571810777549,1788964571810911782,ok,
std_copy_xcdr__cpp_to_cpp__100000B__10Hz__shmem_ds__best_effort,receive,sub,cpp_to_cpp,copy,std,xcdr,shmem_ds,100000,10,0,measured,137,2026-09-09T14:36:11.911509Z,157765573708360,157765573461373,157765573708360,1788964571911277357,1788964571911447228,ok,
std_copy_xcdr__cpp_to_cpp__100000B__10Hz__shmem_ds__best_effort,receive,sub,cpp_to_cpp,copy,std,xcdr,shmem_ds,100000,10,0,measured,138,2026-09-09T14:36:12.010628Z,157765672827037,157765672601621,157765672827037,1788964572010413708,1788964572010573049,ok,
std_copy_xcdr__cpp_to_cpp__100000B__10Hz__shmem_ds__best_effort,receive,sub,cpp_to_cpp,copy,std,xcdr,shmem_ds,100000,10,0,measured,139,2026-09-09T14:36:12.109988Z,157765772188155,157765772016270,157765772188155,1788964572109823688,1788964572109947742,ok,
std_copy_xcdr__cpp_to_cpp__100000B__10Hz__shmem_ds__best_effort,receive,sub,cpp_to_cpp,copy,std,xcdr,shmem_ds,100000,10,0,measured,140,2026-09-09T14:36:12.210301Z,157765872500280,157765872276376,157765872500280,1788964572210089605,1788964572210242685,ok,
std_copy_xcdr__cpp_to_cpp__100000B__10Hz__shmem_ds__best_effort,receive,sub,cpp_to_cpp,copy,std,xcdr,shmem_ds,100000,10,0,measured,141,2026-09-09T14:36:12.310132Z,157765972331786,157765972160282,157765972331786,1788964572309967179,1788964572310091353,ok,
std_copy_xcdr__cpp_to_cpp__100000B__10Hz__shmem_ds__best_effort,receive,sub,cpp_to_cpp,copy,std,xcdr,shmem_ds,100000,10,0,measured,142,2026-09-09T14:36:12.409827Z,157766072025862,157766071826526,157766072025862,1788964572409633994,1788964572409767596,ok,
std_copy_xcdr__cpp_to_cpp__100000B__10Hz__shmem_ds__best_effort,receive,sub,cpp_to_cpp,copy,std,xcdr,shmem_ds,100000,10,0,measured,143,2026-09-09T14:36:12.509501Z,157766171700242,157766171542093,157766171700242,1788964572509347477,1788964572509465700,ok,
std_copy_xcdr__cpp_to_cpp__100000B__10Hz__shmem_ds__best_effort,receive,sub,cpp_to_cpp,copy,std,xcdr,shmem_ds,100000,10,0,measured,144,2026-09-09T14:36:12.609999Z,157766272198168,157766271949859,157766272198168,1788964572609764711,1788964572609938910,ok,
std_copy_xcdr__cpp_to_cpp__100000B__10Hz__shmem_ds__best_effort,receive,sub,cpp_to_cpp,copy,std,xcdr,shmem_ds,100000,10,0,measured,145,2026-09-09T14:36:12.709602Z,157766371801854,157766371623897,157766371801854,1788964572709430053,1788964572709558947,ok,
std_copy_xcdr__cpp_to_cpp__100000B__10Hz__shmem_ds__best_effort,receive,sub,cpp_to_cpp,copy,std,xcdr,shmem_ds,100000,10,0,measured,146,2026-09-09T14:36:12.810272Z,157766472469940,157766472118135,157766472469940,1788964572809943948,1788964572810185685,ok,
std_copy_xcdr__cpp_to_cpp__100000B__10Hz__shmem_ds__best_effort,receive,sub,cpp_to_cpp,copy,std,xcdr,shmem_ds,100000,10,0,measured,147,2026-09-09T14:36:12.909495Z,157766571694130,157766571443085,157766571694130,1788964572909256955,1788964572909431485,ok,
std_copy_xcdr__cpp_to_cpp__100000B__10Hz__shmem_ds__best_effort,receive,sub,cpp_to_cpp,copy,std,xcdr,shmem_ds,100000,10,0,measured,148,2026-09-09T14:36:13.009795Z,157766671993641,157766671744239,157766671993641,1788964573009559472,1788964573009730245,ok,
std_copy_xcdr__cpp_to_cpp__100000B__10Hz__shmem_ds__best_effort,receive,sub,cpp_to_cpp,copy,std,xcdr,shmem_ds,100000,10,0,measured,149,2026-09-09T14:36:13.108998Z,157766771196640,157766770909297,157766771196640,1788964573108727596,1788964573108910040,ok,
std_copy_xcdr__cpp_to_cpp__100000B__10Hz__shmem_ds__best_effort,receive,sub,cpp_to_cpp,copy,std,xcdr,shmem_ds,100000,10,0,measured,150,2026-09-09T14:36:13.208880Z,157766871078072,157766870712681,157766871078072,1788964573208537913,1788964573208770813,ok,
std_copy_xcdr__cpp_to_cpp__100000B__10Hz__shmem_ds__best_effort,receive,sub,cpp_to_cpp,copy,std,xcdr,shmem_ds,100000,10,0,measured,151,2026-09-09T14:36:13.308406Z,157766970605235,157766970423641,157766970605235,1788964573308230769,1788964573308349744,ok,
std_copy_xcdr__cpp_to_cpp__100000B__10Hz__shmem_ds__best_effort,receive,sub,cpp_to_cpp,copy,std,xcdr,shmem_ds,100000,10,0,measured,152,2026-09-09T14:36:13.408414Z,157767070613345,157767070456268,157767070613345,1788964573408261362,1788964573408377702,ok,
std_copy_xcdr__cpp_to_cpp__100000B__10Hz__shmem_ds__best_effort,receive,sub,cpp_to_cpp,copy,std,xcdr,shmem_ds,100000,10,0,measured,153,2026-09-09T14:36:13.508758Z,157767170957844,157767170799464,157767170957844,1788964573508604498,1788964573508720928,ok,
std_copy_xcdr__cpp_to_cpp__100000B__10Hz__shmem_ds__best_effort,receive,sub,cpp_to_cpp,copy,std,xcdr,shmem_ds,100000,10,0,measured,154,2026-09-09T14:36:13.609329Z,157767271527616,157767271245834,157767271527616,1788964573609065515,1788964573609248230,ok,
std_copy_xcdr__cpp_to_cpp__100000B__10Hz__shmem_ds__best_effort,receive,sub,cpp_to_cpp,copy,std,xcdr,shmem_ds,100000,10,0,measured,155,2026-09-09T14:36:13.709219Z,157767371418355,157767371245970,157767371418355,1788964573709052276,1788964573709175328,ok,
std_copy_xcdr__cpp_to_cpp__100000B__10Hz__shmem_ds__best_effort,receive,sub,cpp_to_cpp,copy,std,xcdr,shmem_ds,100000,10,0,measured,156,2026-09-09T14:36:13.809242Z,157767471441434,157767471289227,157767471441434,1788964573809094100,1788964573809206793,ok,
std_copy_xcdr__cpp_to_cpp__100000B__10Hz__shmem_ds__best_effort,receive,sub,cpp_to_cpp,copy,std,xcdr,shmem_ds,100000,10,0,measured,157,2026-09-09T14:36:13.909072Z,157767571271500,157767571084236,157767571271500,1788964573908890943,1788964573909025417,ok,
std_copy_xcdr__cpp_to_cpp__100000B__10Hz__shmem_ds__best_effort,receive,sub,cpp_to_cpp,copy,std,xcdr,shmem_ds,100000,10,0,measured,158,2026-09-09T14:36:14.009694Z,157767671893302,157767671669859,157767671893302,1788964574009481646,1788964574009639354,ok,
std_copy_xcdr__cpp_to_cpp__100000B__10Hz__shmem_ds__best_effort,receive,sub,cpp_to_cpp,copy,std,xcdr,shmem_ds,100000,10,0,measured,159,2026-09-09T14:36:14.109010Z,157767771209156,157767771044805,157767771209156,1788964574108850720,1788964574108968854,ok,
std_copy_xcdr__cpp_to_cpp__100000B__10Hz__shmem_ds__best_effort,receive,sub,cpp_to_cpp,copy,std,xcdr,shmem_ds,100000,10,0,measured,160,2026-09-09T14:36:14.208708Z,157767870907172,157767870744675,157767870907172,1788964574208550169,1788964574208667351,ok,
std_copy_xcdr__cpp_to_cpp__100000B__10Hz__shmem_ds__best_effort,receive,sub,cpp_to_cpp,copy,std,xcdr,shmem_ds,100000,10,0,measured,161,2026-09-09T14:36:14.308813Z,157767971012298,157767970850953,157767971012298,1788964574308655836,1788964574308767307,ok,
std_copy_xcdr__cpp_to_cpp__100000B__10Hz__shmem_ds__best_effort,receive,sub,cpp_to_cpp,copy,std,xcdr,shmem_ds,100000,10,0,measured,162,2026-09-09T14:36:14.408053Z,157768070252289,157768070017916,157768070252289,1788964574407830013,1788964574407990867,ok,
std_copy_xcdr__cpp_to_cpp__100000B__10Hz__shmem_ds__best_effort,receive,sub,cpp_to_cpp,copy,std,xcdr,shmem_ds,100000,10,0,measured,163,2026-09-09T14:36:14.507426Z,157768169625912,157768169480898,157768169625912,1788964574507285651,1788964574507392423,ok,
std_copy_xcdr__cpp_to_cpp__100000B__10Hz__shmem_ds__best_effort,receive,sub,cpp_to_cpp,copy,std,xcdr,shmem_ds,100000,10,0,measured,164,2026-09-09T14:36:14.607362Z,157768269560806,157768269349246,157768269560806,1788964574607162916,1788964574607306077,ok,
std_copy_xcdr__cpp_to_cpp__100000B__10Hz__shmem_ds__best_effort,receive,sub,cpp_to_cpp,copy,std,xcdr,shmem_ds,100000,10,0,measured,165,2026-09-09T14:36:14.707339Z,157768369538060,157768369296644,157768369538060,1788964574707110344,1788964574707269365,ok,
std_copy_xcdr__cpp_to_cpp__100000B__10Hz__shmem_ds__best_effort,receive,sub,cpp_to_cpp,copy,std,xcdr,shmem_ds,100000,10,0,measured,166,2026-09-09T14:36:14.806858Z,157768469056267,157768468737334,157768469056267,1788964574806559580,1788964574806763466,ok,
std_copy_xcdr__cpp_to_cpp__100000B__10Hz__shmem_ds__best_effort,receive,sub,cpp_to_cpp,copy,std,xcdr,shmem_ds,100000,10,0,measured,167,2026-09-09T14:36:14.906958Z,157768569157145,157768568929255,157768569157145,1788964574906739408,1788964574906899190,ok,
std_copy_xcdr__cpp_to_cpp__100000B__10Hz__shmem_ds__best_effort,receive,sub,cpp_to_cpp,copy,std,xcdr,shmem_ds,100000,10,0,measured,168,2026-09-09T14:36:15.007936Z,157768670135252,157768669908824,157768670135252,1788964575007722123,1788964575007881534,ok,
std_copy_xcdr__cpp_to_cpp__100000B__10Hz__shmem_ds__best_effort,receive,sub,cpp_to_cpp,copy,std,xcdr,shmem_ds,100000,10,0,measured,169,2026-09-09T14:36:15.108682Z,157768770881290,157768770711529,157768770881290,1788964575108517745,1788964575108645617,ok,
std_copy_xcdr__cpp_to_cpp__100000B__10Hz__shmem_ds__best_effort,receive,sub,cpp_to_cpp,copy,std,xcdr,shmem_ds,100000,10,0,measured,170,2026-09-09T14:36:15.208512Z,157768870710356,157768870474049,157768870710356,1788964575208288580,1788964575208443363,ok,
std_copy_xcdr__cpp_to_cpp__100000B__10Hz__shmem_ds__best_effort,receive,sub,cpp_to_cpp,copy,std,xcdr,shmem_ds,100000,10,0,measured,171,2026-09-09T14:36:15.308486Z,157768970684956,157768970439192,157768970684956,1788964575308254454,1788964575308409227,ok,
std_copy_xcdr__cpp_to_cpp__100000B__10Hz__shmem_ds__best_effort,receive,sub,cpp_to_cpp,copy,std,xcdr,shmem_ds,100000,10,0,measured,172,2026-09-09T14:36:15.408117Z,157769070315616,157769070021550,157769070315616,1788964575407837986,1788964575408029397,ok,
std_copy_xcdr__cpp_to_cpp__100000B__10Hz__shmem_ds__best_effort,receive,sub,cpp_to_cpp,copy,std,xcdr,shmem_ds,100000,10,0,measured,173,2026-09-09T14:36:15.507992Z,157769170190839,157769169929565,157769170190839,1788964575507745720,1788964575507928425,ok,
std_copy_xcdr__cpp_to_cpp__100000B__10Hz__shmem_ds__best_effort,receive,sub,cpp_to_cpp,copy,std,xcdr,shmem_ds,100000,10,0,measured,174,2026-09-09T14:36:15.607592Z,157769269790591,157769269548794,157769269790591,1788964575607365459,1788964575607531603,ok,
std_copy_xcdr__cpp_to_cpp__100000B__10Hz__shmem_ds__best_effort,receive,sub,cpp_to_cpp,copy,std,xcdr,shmem_ds,100000,10,0,measured,175,2026-09-09T14:36:15.707186Z,157769369385233,157769369126945,157769369385233,1788964575706942799,1788964575707111899,ok,
std_copy_xcdr__cpp_to_cpp__100000B__10Hz__shmem_ds__best_effort,receive,sub,cpp_to_cpp,copy,std,xcdr,shmem_ds,100000,10,0,measured,176,2026-09-09T14:36:15.807090Z,157769469289400,157769469020783,157769469289400,1788964575806839081,1788964575807009143,ok,
std_copy_xcdr__cpp_to_cpp__100000B__10Hz__shmem_ds__best_effort,receive,sub,cpp_to_cpp,copy,std,xcdr,shmem_ds,100000,10,0,measured,177,2026-09-09T14:36:15.907357Z,157769569555702,157769569316350,157769569555702,1788964575907132394,1788964575907294691,ok,
std_copy_xcdr__cpp_to_cpp__100000B__10Hz__shmem_ds__best_effort,receive,sub,cpp_to_cpp,copy,std,xcdr,shmem_ds,100000,10,0,measured,178,2026-09-09T14:36:16.006498Z,157769668696517,157769668440132,157769668696517,1788964576006255796,1788964576006434283,ok,
std_copy_xcdr__cpp_to_cpp__100000B__10Hz__shmem_ds__best_effort,receive,sub,cpp_to_cpp,copy,std,xcdr,shmem_ds,100000,10,0,measured,179,2026-09-09T14:36:16.106545Z,157769768743956,157769768462714,157769768743956,1788964576106280592,1788964576106466904,ok,
std_copy_xcdr__cpp_to_cpp__100000B__10Hz__shmem_ds__best_effort,receive,sub,cpp_to_cpp,copy,std,xcdr,shmem_ds,100000,10,0,measured,180,2026-09-09T14:36:16.206218Z,157769868416046,157769868165883,157769868416046,1788964576205982298,1788964576206153461,ok,
std_copy_xcdr__cpp_to_cpp__100000B__10Hz__shmem_ds__best_effort,receive,sub,cpp_to_cpp,copy,std,xcdr,shmem_ds,100000,10,0,measured,181,2026-09-09T14:36:16.306733Z,157769968932411,157769968692468,157769968932411,1788964576306508903,1788964576306673935,ok,
std_copy_xcdr__cpp_to_cpp__100000B__10Hz__shmem_ds__best_effort,receive,sub,cpp_to_cpp,copy,std,xcdr,shmem_ds,100000,10,0,measured,182,2026-09-09T14:36:16.406646Z,157770068844264,157770068553294,157770068844264,1788964576406373577,1788964576406564067,ok,
std_copy_xcdr__cpp_to_cpp__100000B__10Hz__shmem_ds__best_effort,receive,sub,cpp_to_cpp,copy,std,xcdr,shmem_ds,100000,10,0,measured,183,2026-09-09T14:36:16.506043Z,157770168241304,157770167951687,157770168241304,1788964576505767841,1788964576505949054,ok,
std_copy_xcdr__cpp_to_cpp__100000B__10Hz__shmem_ds__best_effort,receive,sub,cpp_to_cpp,copy,std,xcdr,shmem_ds,100000,10,0,measured,184,2026-09-09T14:36:16.605047Z,157770267245111,157770266950344,157770267245111,1788964576604771488,1788964576604960445,ok,
std_copy_xcdr__cpp_to_cpp__100000B__10Hz__shmem_ds__best_effort,receive,sub,cpp_to_cpp,copy,std,xcdr,shmem_ds,100000,10,0,measured,185,2026-09-09T14:36:16.705226Z,157770367425431,157770367223509,157770367425431,1788964576705035426,1788964576705182554,ok,
std_copy_xcdr__cpp_to_cpp__100000B__10Hz__shmem_ds__best_effort,receive,sub,cpp_to_cpp,copy,std,xcdr,shmem_ds,100000,10,0,measured,186,2026-09-09T14:36:16.804926Z,157770467124501,157770466773848,157770467124501,1788964576804598910,1788964576804839324,ok,
std_copy_xcdr__cpp_to_cpp__100000B__10Hz__shmem_ds__best_effort,receive,sub,cpp_to_cpp,copy,std,xcdr,shmem_ds,100000,10,0,measured,187,2026-09-09T14:36:16.904188Z,157770566385985,157770566128398,157770566385985,1788964576903942960,1788964576904122279,ok,
std_copy_xcdr__cpp_to_cpp__100000B__10Hz__shmem_ds__best_effort,receive,sub,cpp_to_cpp,copy,std,xcdr,shmem_ds,100000,10,0,measured,188,2026-09-09T14:36:17.005008Z,157770667206797,157770666926146,157770667206797,1788964577004739766,1788964577004945384,ok,
std_copy_xcdr__cpp_to_cpp__100000B__10Hz__shmem_ds__best_effort,receive,sub,cpp_to_cpp,copy,std,xcdr,shmem_ds,100000,10,0,measured,189,2026-09-09T14:36:17.105471Z,157770767670293,157770767516552,157770767670293,1788964577105323850,1788964577105442004,ok,
std_copy_xcdr__cpp_to_cpp__100000B__10Hz__shmem_ds__best_effort,receive,sub,cpp_to_cpp,copy,std,xcdr,shmem_ds,100000,10,0,measured,190,2026-09-09T14:36:17.205352Z,157770867551299,157770867333647,157770867551299,1788964577205144792,1788964577205299875,ok,
std_copy_xcdr__cpp_to_cpp__100000B__10Hz__shmem_ds__best_effort,receive,sub,cpp_to_cpp,copy,std,xcdr,shmem_ds,100000,10,0,measured,191,2026-09-09T14:36:17.304533Z,157770966732191,157770966535429,157770966732191,1788964577304345282,1788964577304484395,ok,
std_copy_xcdr__cpp_to_cpp__100000B__10Hz__shmem_ds__best_effort,receive,sub,cpp_to_cpp,copy,std,xcdr,shmem_ds,100000,10,0,measured,192,2026-09-09T14:36:17.404873Z,157771067072585,157771066887906,157771067072585,1788964577404696968,1788964577404842994,ok,
std_copy_xcdr__cpp_to_cpp__100000B__10Hz__shmem_ds__best_effort,receive,sub,cpp_to_cpp,copy,std,xcdr,shmem_ds,100000,10,0,measured,193,2026-09-09T14:36:17.505907Z,157771168106080,157771167823506,157771168106080,1788964577505642476,1788964577505836853,ok,
std_copy_xcdr__cpp_to_cpp__100000B__10Hz__shmem_ds__best_effort,receive,sub,cpp_to_cpp,copy,std,xcdr,shmem_ds,100000,10,0,measured,194,2026-09-09T14:36:17.605392Z,157771267591699,157771267358448,157771267591699,1788964577605174292,1788964577605329415,ok,
std_copy_xcdr__cpp_to_cpp__100000B__10Hz__shmem_ds__best_effort,receive,sub,cpp_to_cpp,copy,std,xcdr,shmem_ds,100000,10,0,measured,195,2026-09-09T14:36:17.704567Z,157771366765548,157771366510997,157771366765548,1788964577704327141,1788964577704498806,ok,
std_copy_xcdr__cpp_to_cpp__100000B__10Hz__shmem_ds__best_effort,receive,sub,cpp_to_cpp,copy,std,xcdr,shmem_ds,100000,10,0,measured,196,2026-09-09T14:36:17.804857Z,157771467055867,157771466776810,157771467055867,1788964577804595610,1788964577804779397,ok,
std_copy_xcdr__cpp_to_cpp__100000B__10Hz__shmem_ds__best_effort,receive,sub,cpp_to_cpp,copy,std,xcdr,shmem_ds,100000,10,0,measured,197,2026-09-09T14:36:17.904997Z,157771567195843,157771566919661,157771567195843,1788964577904737378,1788964577904936445,ok,
std_copy_xcdr__cpp_to_cpp__100000B__10Hz__shmem_ds__best_effort,receive,sub,cpp_to_cpp,copy,std,xcdr,shmem_ds,100000,10,0,measured,198,2026-09-09T14:36:18.004342Z,157771666541377,157771666276296,157771666541377,1788964578004091528,1788964578004272771,ok,
std_copy_xcdr__cpp_to_cpp__100000B__10Hz__shmem_ds__best_effort,receive,sub,cpp_to_cpp,copy,std,xcdr,shmem_ds,100000,10,0,measured,199,2026-09-09T14:36:18.105244Z,157771767442552,157771767062263,157771767442552,1788964578104887635,1788964578105135835,ok,
std_copy_xcdr__cpp_to_cpp__100000B__10Hz__shmem_ds__best_effort,receive,sub,cpp_to_cpp,copy,std,xcdr,shmem_ds,100000,10,0,measured,200,2026-09-09T14:36:18.204986Z,157771867185518,157771866945595,157771867185518,1788964578204759425,1788964578204925158,ok,
std_copy_xcdr__cpp_to_cpp__100000B__10Hz__shmem_ds__best_effort,receive,sub,cpp_to_cpp,copy,std,xcdr,shmem_ds,100000,10,0,measured,201,2026-09-09T14:36:18.304120Z,157771966319202,157771966149261,157771966319202,1788964578303960576,1788964578304069923,ok,
std_copy_xcdr__cpp_to_cpp__100000B__10Hz__shmem_ds__best_effort,receive,sub,cpp_to_cpp,copy,std,xcdr,shmem_ds,100000,10,0,measured,202,2026-09-09T14:36:18.403455Z,157772065653806,157772065476691,157772065653806,1788964578403286945,1788964578403403014,ok,
std_copy_xcdr__cpp_to_cpp__100000B__10Hz__shmem_ds__best_effort,receive,sub,cpp_to_cpp,copy,std,xcdr,shmem_ds,100000,10,0,measured,203,2026-09-09T14:36:18.504251Z,157772166450735,157772166296664,157772166450735,1788964578504107248,1788964578504211836,ok,
std_copy_xcdr__cpp_to_cpp__100000B__10Hz__shmem_ds__best_effort,receive,sub,cpp_to_cpp,copy,std,xcdr,shmem_ds,100000,10,0,measured,204,2026-09-09T14:36:18.604244Z,157772266443464,157772266207237,157772266443464,1788964578604018733,1788964578604168286,ok,
std_copy_xcdr__cpp_to_cpp__100000B__10Hz__shmem_ds__best_effort,receive,sub,cpp_to_cpp,copy,std,xcdr,shmem_ds,100000,10,0,measured,205,2026-09-09T14:36:18.704825Z,157772367023863,157772366838573,157772367023863,1788964578704648155,1788964578704760367,ok,
std_copy_xcdr__cpp_to_cpp__100000B__10Hz__shmem_ds__best_effort,receive,sub,cpp_to_cpp,copy,std,xcdr,shmem_ds,100000,10,0,measured,206,2026-09-09T14:36:18.804813Z,157772467010590,157772466682370,157772467010590,1788964578804505217,1788964578804717007,ok,
std_copy_xcdr__cpp_to_cpp__100000B__10Hz__shmem_ds__best_effort,receive,sub,cpp_to_cpp,copy,std,xcdr,shmem_ds,100000,10,0,measured,207,2026-09-09T14:36:18.904575Z,157772566773804,157772566533790,157772566773804,1788964578904348762,1788964578904510698,ok,
std_copy_xcdr__cpp_to_cpp__100000B__10Hz__shmem_ds__best_effort,receive,sub,cpp_to_cpp,copy,std,xcdr,shmem_ds,100000,10,0,measured,208,2026-09-09T14:36:19.004368Z,157772666566525,157772666183511,157772666566525,1788964579003999916,1788964579004284484,ok,
std_copy_xcdr__cpp_to_cpp__100000B__10Hz__shmem_ds__best_effort,receive,sub,cpp_to_cpp,copy,std,xcdr,shmem_ds,100000,10,0,measured,209,2026-09-09T14:36:19.103366Z,157772765565366,157772765383673,157772765565366,1788964579103193836,1788964579103315947,ok,
std_copy_xcdr__cpp_to_cpp__100000B__10Hz__shmem_ds__best_effort,receive,sub,cpp_to_cpp,copy,std,xcdr,shmem_ds,100000,10,0,measured,210,2026-09-09T14:36:19.202753Z,157772864952370,157772864774735,157772864952370,1788964579202582403,1788964579202702630,ok,
std_copy_xcdr__cpp_to_cpp__100000B__10Hz__shmem_ds__best_effort,receive,sub,cpp_to_cpp,copy,std,xcdr,shmem_ds,100000,10,0,measured,211,2026-09-09T14:36:19.302262Z,157772964460724,157772964257630,157772964460724,1788964579302068354,1788964579302207347,ok,
std_copy_xcdr__cpp_to_cpp__100000B__10Hz__shmem_ds__best_effort,receive,sub,cpp_to_cpp,copy,std,xcdr,shmem_ds,100000,10,0,measured,212,2026-09-09T14:36:19.403202Z,157773065400764,157773065016848,157773065400764,1788964579402831851,1788964579403137529,ok,
std_copy_xcdr__cpp_to_cpp__100000B__10Hz__shmem_ds__best_effort,receive,sub,cpp_to_cpp,copy,std,xcdr,shmem_ds,100000,10,0,measured,213,2026-09-09T14:36:19.502893Z,157773165091553,157773164901424,157773165091553,1788964579502712439,1788964579502837355,ok,
std_copy_xcdr__cpp_to_cpp__100000B__10Hz__shmem_ds__best_effort,receive,sub,cpp_to_cpp,copy,std,xcdr,shmem_ds,100000,10,0,measured,214,2026-09-09T14:36:19.602349Z,157773264547698,157773264319978,157773264547698,1788964579602133577,1788964579602276297,ok,
std_copy_xcdr__cpp_to_cpp__100000B__10Hz__shmem_ds__best_effort,receive,sub,cpp_to_cpp,copy,std,xcdr,shmem_ds,100000,10,0,measured,215,2026-09-09T14:36:19.701696Z,157773363894376,157773363646207,157773363894376,1788964579701462432,1788964579701623256,ok,
std_copy_xcdr__cpp_to_cpp__100000B__10Hz__shmem_ds__best_effort,receive,sub,cpp_to_cpp,copy,std,xcdr,shmem_ds,100000,10,0,measured,216,2026-09-09T14:36:19.800987Z,157773463186071,157773462990401,157773463186071,1788964579800812236,1788964579800931071,ok,
std_copy_xcdr__cpp_to_cpp__100000B__10Hz__shmem_ds__best_effort,receive,sub,cpp_to_cpp,copy,std,xcdr,shmem_ds,100000,10,0,measured,217,2026-09-09T14:36:19.900470Z,157773562668786,157773562314757,157773562668786,1788964579900140400,1788964579900370504,ok,
std_copy_xcdr__cpp_to_cpp__100000B__10Hz__shmem_ds__best_effort,receive,sub,cpp_to_cpp,copy,std,xcdr,shmem_ds,100000,10,0,measured,218,2026-09-09T14:36:19.999765Z,157773661964209,157773661557029,157773661964209,1788964579999373545,1788964579999698559,ok,
std_copy_xcdr__cpp_to_cpp__100000B__10Hz__shmem_ds__best_effort,receive,sub,cpp_to_cpp,copy,std,xcdr,shmem_ds,100000,10,0,measured,219,2026-09-09T14:36:20.098988Z,157773761186913,157773760976765,157773761186913,1788964580098789564,1788964580098932424,ok,
std_copy_xcdr__cpp_to_cpp__100000B__10Hz__shmem_ds__best_effort,receive,sub,cpp_to_cpp,copy,std,xcdr,shmem_ds,100000,10,0,measured,220,2026-09-09T14:36:20.199843Z,157773862041883,157773861879426,157773862041883,1788964580199686884,1788964580199789738,ok,
std_copy_xcdr__cpp_to_cpp__100000B__10Hz__shmem_ds__best_effort,receive,sub,cpp_to_cpp,copy,std,xcdr,shmem_ds,100000,10,0,measured,221,2026-09-09T14:36:20.299710Z,157773961909598,157773961731100,157773961909598,1788964580299540332,1788964580299659627,ok,
std_copy_xcdr__cpp_to_cpp__100000B__10Hz__shmem_ds__best_effort,receive,sub,cpp_to_cpp,copy,std,xcdr,shmem_ds,100000,10,0,measured,222,2026-09-09T14:36:20.399509Z,157774061708582,157774061517371,157774061708582,1788964580399328085,1788964580399453893,ok,
std_copy_xcdr__cpp_to_cpp__100000B__10Hz__shmem_ds__best_effort,receive,sub,cpp_to_cpp,copy,std,xcdr,shmem_ds,100000,10,0,measured,223,2026-09-09T14:36:20.498753Z,157774160953039,157774160784991,157774160953039,1788964580498593642,1788964580498707146,ok,
std_copy_xcdr__cpp_to_cpp__100000B__10Hz__shmem_ds__best_effort,receive,sub,cpp_to_cpp,copy,std,xcdr,shmem_ds,100000,10,0,measured,224,2026-09-09T14:36:20.598051Z,157774260250104,157774260047521,157774260250104,1788964580597860600,1788964580597994904,ok,
std_copy_xcdr__cpp_to_cpp__100000B__10Hz__shmem_ds__best_effort,receive,sub,cpp_to_cpp,copy,std,xcdr,shmem_ds,100000,10,0,measured,225,2026-09-09T14:36:20.697822Z,157774360021677,157774359843670,157774360021677,1788964580697651539,1788964580697765475,ok,
std_copy_xcdr__cpp_to_cpp__100000B__10Hz__shmem_ds__best_effort,receive,sub,cpp_to_cpp,copy,std,xcdr,shmem_ds,100000,10,0,measured,226,2026-09-09T14:36:20.797365Z,157774459563705,157774459249281,157774459563705,1788964580797071076,1788964580797278638,ok,
std_copy_xcdr__cpp_to_cpp__100000B__10Hz__shmem_ds__best_effort,receive,sub,cpp_to_cpp,copy,std,xcdr,shmem_ds,100000,10,0,measured,227,2026-09-09T14:36:20.896651Z,157774558849058,157774558567807,157774558849058,1788964580896386216,1788964580896573580,ok,
std_copy_xcdr__cpp_to_cpp__100000B__10Hz__shmem_ds__best_effort,receive,sub,cpp_to_cpp,copy,std,xcdr,shmem_ds,100000,10,0,measured,228,2026-09-09T14:36:20.996223Z,157774658421536,157774658236837,157774658421536,1788964580996047140,1788964580996170834,ok,
std_copy_xcdr__cpp_to_cpp__100000B__10Hz__shmem_ds__best_effort,receive,sub,cpp_to_cpp,copy,std,xcdr,shmem_ds,100000,10,0,measured,229,2026-09-09T14:36:21.096895Z,157774759095124,157774758926395,157774759095124,1788964581096733132,1788964581096855233,ok,
std_copy_xcdr__cpp_to_cpp__100000B__10Hz__shmem_ds__best_effort,receive,sub,cpp_to_cpp,copy,std,xcdr,shmem_ds,100000,10,0,measured,230,2026-09-09T14:36:21.197168Z,157774859367384,157774859226658,157774859367384,1788964581197033114,1788964581197129246,ok,
std_copy_xcdr__cpp_to_cpp__100000B__10Hz__shmem_ds__best_effort,receive,sub,cpp_to_cpp,copy,std,xcdr,shmem_ds,100000,10,0,measured,231,2026-09-09T14:36:21.296837Z,157774959036845,157774958880540,157774959036845,1788964581296685824,1788964581296787526,ok,
std_copy_xcdr__cpp_to_cpp__100000B__10Hz__shmem_ds__best_effort,receive,sub,cpp_to_cpp,copy,std,xcdr,shmem_ds,100000,10,0,measured,232,2026-09-09T14:36:21.397693Z,157775059892648,157775059732465,157775059892648,1788964581397538070,1788964581397660261,ok,
std_copy_xcdr__cpp_to_cpp__100000B__10Hz__shmem_ds__best_effort,receive,sub,cpp_to_cpp,copy,std,xcdr,shmem_ds,100000,10,0,measured,233,2026-09-09T14:36:21.497458Z,157775159657569,157775159510602,157775159657569,1788964581497316116,1788964581497428408,ok,
std_copy_xcdr__cpp_to_cpp__100000B__10Hz__shmem_ds__best_effort,receive,sub,cpp_to_cpp,copy,std,xcdr,shmem_ds,100000,10,0,measured,234,2026-09-09T14:36:21.597734Z,157775259933998,157775259692692,157775259933998,1788964581597502875,1788964581597646546,ok,
std_copy_xcdr__cpp_to_cpp__100000B__10Hz__shmem_ds__best_effort,receive,sub,cpp_to_cpp,copy,std,xcdr,shmem_ds,100000,10,0,measured,235,2026-09-09T14:36:21.697675Z,157775359874201,157775359707556,157775359874201,1788964581697515134,1788964581697638267,ok,
std_copy_xcdr__cpp_to_cpp__100000B__10Hz__shmem_ds__best_effort,receive,sub,cpp_to_cpp,copy,std,xcdr,shmem_ds,100000,10,0,measured,236,2026-09-09T14:36:21.797537Z,157775459736225,157775459552517,157775459736225,1788964581797360316,1788964581797486925,ok,
std_copy_xcdr__cpp_to_cpp__100000B__10Hz__shmem_ds__best_effort,receive,sub,cpp_to_cpp,copy,std,xcdr,shmem_ds,100000,10,0,measured,237,2026-09-09T14:36:21.897853Z,157775560051777,157775559819438,157775560051777,1788964581897632987,1788964581897790074,ok,
std_copy_xcdr__cpp_to_cpp__100000B__10Hz__shmem_ds__best_effort,receive,sub,cpp_to_cpp,copy,std,xcdr,shmem_ds,100000,10,0,measured,238,2026-09-09T14:36:21.998659Z,157775660857896,157775660686482,157775660857896,1788964581998494842,1788964581998620861,ok,
std_copy_xcdr__cpp_to_cpp__100000B__10Hz__shmem_ds__best_effort,receive,sub,cpp_to_cpp,copy,std,xcdr,shmem_ds,100000,10,0,measured,239,2026-09-09T14:36:22.098005Z,157775760204638,157775760043724,157775760204638,1788964582097851593,1788964582097973093,ok,
std_copy_xcdr__cpp_to_cpp__100000B__10Hz__shmem_ds__best_effort,receive,sub,cpp_to_cpp,copy,std,xcdr,shmem_ds,100000,10,0,measured,240,2026-09-09T14:36:22.197876Z,157775860076162,157775859895480,157775860076162,1788964582197703299,1788964582197845247,ok,
std_copy_xcdr__cpp_to_cpp__100000B__10Hz__shmem_ds__best_effort,receive,sub,cpp_to_cpp,copy,std,xcdr,shmem_ds,100000,10,0,measured,241,2026-09-09T14:36:22.298599Z,157775960798644,157775960550465,157775960798644,1788964582298366028,1788964582298533545,ok,
std_copy_xcdr__cpp_to_cpp__100000B__10Hz__shmem_ds__best_effort,receive,sub,cpp_to_cpp,copy,std,xcdr,shmem_ds,100000,10,0,measured,242,2026-09-09T14:36:22.398779Z,157776060978621,157776060832955,157776060978621,1788964582398638981,1788964582398739501,ok,
std_copy_xcdr__cpp_to_cpp__100000B__10Hz__shmem_ds__best_effort,receive,sub,cpp_to_cpp,copy,std,xcdr,shmem_ds,100000,10,0,measured,243,2026-09-09T14:36:22.497939Z,157776160139151,157776159993766,157776160139151,1788964582497798670,1788964582497902636,ok,
std_copy_xcdr__cpp_to_cpp__100000B__10Hz__shmem_ds__best_effort,receive,sub,cpp_to_cpp,copy,std,xcdr,shmem_ds,100000,10,0,measured,244,2026-09-09T14:36:22.598506Z,157776260705127,157776260547409,157776260705127,1788964582598354867,1788964582598460827,ok,
std_copy_xcdr__cpp_to_cpp__100000B__10Hz__shmem_ds__best_effort,receive,sub,cpp_to_cpp,copy,std,xcdr,shmem_ds,100000,10,0,measured,245,2026-09-09T14:36:22.698783Z,157776360982789,157776360813399,157776360982789,1788964582698621388,1788964582698736556,ok,
std_copy_xcdr__cpp_to_cpp__100000B__10Hz__shmem_ds__best_effort,receive,sub,cpp_to_cpp,copy,std,xcdr,shmem_ds,100000,10,0,measured,246,2026-09-09T14:36:22.799737Z,157776461935657,157776461639086,157776461935657,1788964582799458587,1788964582799660128,ok,
std_copy_xcdr__cpp_to_cpp__100000B__10Hz__shmem_ds__best_effort,receive,sub,cpp_to_cpp,copy,std,xcdr,shmem_ds,100000,10,0,measured,247,2026-09-09T14:36:22.899097Z,157776561295463,157776561092981,157776561295463,1788964582898906089,1788964582899042127,ok,
std_copy_xcdr__cpp_to_cpp__100000B__10Hz__shmem_ds__best_effort,receive,sub,cpp_to_cpp,copy,std,xcdr,shmem_ds,100000,10,0,measured,248,2026-09-09T14:36:22.999858Z,157776662057161,157776661826595,157776662057161,1788964582999641337,1788964582999796500,ok,
std_copy_xcdr__cpp_to_cpp__100000B__10Hz__shmem_ds__best_effort,receive,sub,cpp_to_cpp,copy,std,xcdr,shmem_ds,100000,10,0,measured,249,2026-09-09T14:36:23.099205Z,157776761405065,157776761261905,157776761405065,1788964583099068221,1788964583099174221,ok,
std_copy_xcdr__cpp_to_cpp__100000B__10Hz__shmem_ds__best_effort,receive,sub,cpp_to_cpp,copy,std,xcdr,shmem_ds,100000,10,0,measured,250,2026-09-09T14:36:23.199046Z,157776861245873,157776861081272,157776861245873,1788964583198887358,1788964583199010320,ok,
std_copy_xcdr__cpp_to_cpp__100000B__10Hz__shmem_ds__best_effort,receive,sub,cpp_to_cpp,copy,std,xcdr,shmem_ds,100000,10,0,measured,251,2026-09-09T14:36:23.298878Z,157776961077753,157776960911579,157776961077753,1788964583298717444,1788964583298846889,ok,
std_copy_xcdr__cpp_to_cpp__100000B__10Hz__shmem_ds__best_effort,receive,sub,cpp_to_cpp,copy,std,xcdr,shmem_ds,100000,10,0,measured,252,2026-09-09T14:36:23.399112Z,157777061311703,157777061170115,157777061311703,1788964583398975510,1788964583399089726,ok,
std_copy_xcdr__cpp_to_cpp__100000B__10Hz__shmem_ds__best_effort,receive,sub,cpp_to_cpp,copy,std,xcdr,shmem_ds,100000,10,0,measured,253,2026-09-09T14:36:23.499966Z,157777162166167,157777162016604,157777162166167,1788964583499822179,1788964583499938058,ok,
std_copy_xcdr__cpp_to_cpp__100000B__10Hz__shmem_ds__best_effort,receive,sub,cpp_to_cpp,copy,std,xcdr,shmem_ds,100000,10,0,measured,254,2026-09-09T14:36:23.600471Z,157777262669918,157777262465621,157777262669918,1788964583600276907,1788964583600422502,ok,
std_copy_xcdr__cpp_to_cpp__100000B__10Hz__shmem_ds__best_effort,receive,sub,cpp_to_cpp,copy,std,xcdr,shmem_ds,100000,10,0,measured,255,2026-09-09T14:36:23.700010Z,157777362209334,157777362036497,157777362209334,1788964583699845078,1788964583699971316,ok,
std_copy_xcdr__cpp_to_cpp__100000B__10Hz__shmem_ds__best_effort,receive,sub,cpp_to_cpp,copy,std,xcdr,shmem_ds,100000,10,0,measured,256,2026-09-09T14:36:23.799349Z,157777461548544,157777461397819,157777461548544,1788964583799205498,1788964583799320465,ok,
std_copy_xcdr__cpp_to_cpp__100000B__10Hz__shmem_ds__best_effort,receive,sub,cpp_to_cpp,copy,std,xcdr,shmem_ds,100000,10,0,measured,257,2026-09-09T14:36:23.898917Z,157777561116705,157777560896779,157777561116705,1788964583898706432,1788964583898869650,ok,
std_copy_xcdr__cpp_to_cpp__100000B__10Hz__shmem_ds__best_effort,receive,sub,cpp_to_cpp,copy,std,xcdr,shmem_ds,100000,10,0,measured,258,2026-09-09T14:36:23.998693Z,157777660892518,157777660619081,157777660892518,1788964583998428042,1788964583998646045,ok,
std_copy_xcdr__cpp_to_cpp__100000B__10Hz__shmem_ds__best_effort,receive,sub,cpp_to_cpp,copy,std,xcdr,shmem_ds,100000,10,0,measured,259,2026-09-09T14:36:24.097696Z,157777759895534,157777759735902,157777759895534,1788964584097544172,1788964584097665511,ok,
std_copy_xcdr__cpp_to_cpp__100000B__10Hz__shmem_ds__best_effort,receive,sub,cpp_to_cpp,copy,std,xcdr,shmem_ds,100000,10,0,measured,260,2026-09-09T14:36:24.197002Z,157777859201952,157777859011322,157777859201952,1788964584196818539,1788964584196967551,ok,
std_copy_xcdr__cpp_to_cpp__100000B__10Hz__shmem_ds__best_effort,receive,sub,cpp_to_cpp,copy,std,xcdr,shmem_ds,100000,10,0,measured,261,2026-09-09T14:36:24.296086Z,157777958285940,157777958134494,157777958285940,1788964584295941591,1788964584296057681,ok,
std_copy_xcdr__cpp_to_cpp__100000B__10Hz__shmem_ds__best_effort,receive,sub,cpp_to_cpp,copy,std,xcdr,shmem_ds,100000,10,0,measured,262,2026-09-09T14:36:24.395107Z,157778057306878,157778057163787,157778057306878,1788964584394969221,1788964584395072447,ok,
std_copy_xcdr__cpp_to_cpp__100000B__10Hz__shmem_ds__best_effort,receive,sub,cpp_to_cpp,copy,std,xcdr,shmem_ds,100000,10,0,measured,263,2026-09-09T14:36:24.495035Z,157778157234881,157778157071602,157778157234881,1788964584494877156,1788964584494998907,ok,
std_copy_xcdr__cpp_to_cpp__100000B__10Hz__shmem_ds__best_effort,receive,sub,cpp_to_cpp,copy,std,xcdr,shmem_ds,100000,10,0,measured,264,2026-09-09T14:36:24.594533Z,157778256731839,157778256542692,157778256731839,1788964584594353106,1788964584594488431,ok,
std_copy_xcdr__cpp_to_cpp__100000B__10Hz__shmem_ds__best_effort,receive,sub,cpp_to_cpp,copy,std,xcdr,shmem_ds,100000,10,0,measured,265,2026-09-09T14:36:24.693587Z,157778355786491,157778355594829,157778355786491,1788964584693403189,1788964584693546019,ok,
std_copy_xcdr__cpp_to_cpp__100000B__10Hz__shmem_ds__best_effort,receive,sub,cpp_to_cpp,copy,std,xcdr,shmem_ds,100000,10,0,measured,266,2026-09-09T14:36:24.793444Z,157778455642218,157778455320039,157778455642218,1788964584793143948,1788964584793363783,ok,
std_copy_xcdr__cpp_to_cpp__100000B__10Hz__shmem_ds__best_effort,receive,sub,cpp_to_cpp,copy,std,xcdr,shmem_ds,100000,10,0,measured,267,2026-09-09T14:36:24.893446Z,157778555645453,157778555413084,157778555645453,1788964584893226383,1788964584893395733,ok,
std_copy_xcdr__cpp_to_cpp__100000B__10Hz__shmem_ds__best_effort,receive,sub,cpp_to_cpp,copy,std,xcdr,shmem_ds,100000,10,0,measured,268,2026-09-09T14:36:24.992792Z,157778654990664,157778654758134,157778654990664,1788964584992572385,1788964584992741225,ok,
std_copy_xcdr__cpp_to_cpp__100000B__10Hz__shmem_ds__best_effort,receive,sub,cpp_to_cpp,copy,std,xcdr,shmem_ds,100000,10,0,measured,269,2026-09-09T14:36:25.093114Z,157778755313965,157778755136670,157778755313965,1788964585092946703,1788964585093081277,ok,
std_copy_xcdr__cpp_to_cpp__100000B__10Hz__shmem_ds__best_effort,receive,sub,cpp_to_cpp,copy,std,xcdr,shmem_ds,100000,10,0,measured,270,2026-09-09T14:36:25.193736Z,157778855935360,157778855717288,157778855935360,1788964585193526970,1788964585193697252,ok,
std_copy_xcdr__cpp_to_cpp__100000B__10Hz__shmem_ds__best_effort,receive,sub,cpp_to_cpp,copy,std,xcdr,shmem_ds,100000,10,0,measured,271,2026-09-09T14:36:25.293754Z,157778955953214,157778955741283,157778955953214,1788964585293553771,1788964585293706269,ok,
std_copy_xcdr__cpp_to_cpp__100000B__10Hz__shmem_ds__best_effort,receive,sub,cpp_to_cpp,copy,std,xcdr,shmem_ds,100000,10,0,measured,272,2026-09-09T14:36:25.392887Z,157779055086746,157779054885576,157779055086746,1788964585392694627,1788964585392846965,ok,
std_copy_xcdr__cpp_to_cpp__100000B__10Hz__shmem_ds__best_effort,receive,sub,cpp_to_cpp,copy,std,xcdr,shmem_ds,100000,10,0,measured,273,2026-09-09T14:36:25.491968Z,157779154167300,157779154012237,157779154167300,1788964585491821228,1788964585491945262,ok,
std_copy_xcdr__cpp_to_cpp__100000B__10Hz__shmem_ds__best_effort,receive,sub,cpp_to_cpp,copy,std,xcdr,shmem_ds,100000,10,0,measured,274,2026-09-09T14:36:25.592183Z,157779254381797,157779254176859,157779254381797,1788964585591988165,1788964585592133610,ok,
std_copy_xcdr__cpp_to_cpp__100000B__10Hz__shmem_ds__best_effort,receive,sub,cpp_to_cpp,copy,std,xcdr,shmem_ds,100000,10,0,measured,275,2026-09-09T14:36:25.693206Z,157779355405312,157779355123068,157779355405312,1788964585692932350,1788964585693170850,ok,
std_copy_xcdr__cpp_to_cpp__100000B__10Hz__shmem_ds__best_effort,receive,sub,cpp_to_cpp,copy,std,xcdr,shmem_ds,100000,10,0,measured,276,2026-09-09T14:36:25.793151Z,157779455351039,157779455182591,157779455351039,1788964585792991281,1788964585793117550,ok,
std_copy_xcdr__cpp_to_cpp__100000B__10Hz__shmem_ds__best_effort,receive,sub,cpp_to_cpp,copy,std,xcdr,shmem_ds,100000,10,0,measured,277,2026-09-09T14:36:25.892573Z,157779554772226,157779554525890,157779554772226,1788964585892339380,1788964585892513970,ok,
std_copy_xcdr__cpp_to_cpp__100000B__10Hz__shmem_ds__best_effort,receive,sub,cpp_to_cpp,copy,std,xcdr,shmem_ds,100000,10,0,measured,278,2026-09-09T14:36:25.993090Z,157779655289544,157779655017710,157779655289544,1788964585992837131,1788964585993023163,ok,
std_copy_xcdr__cpp_to_cpp__100000B__10Hz__shmem_ds__best_effort,receive,sub,cpp_to_cpp,copy,std,xcdr,shmem_ds,100000,10,0,measured,279,2026-09-09T14:36:26.092174Z,157779754373783,157779754206988,157779754373783,1788964586092016099,1788964586092143299,ok,
std_copy_xcdr__cpp_to_cpp__100000B__10Hz__shmem_ds__best_effort,receive,sub,cpp_to_cpp,copy,std,xcdr,shmem_ds,100000,10,0,measured,280,2026-09-09T14:36:26.192394Z,157779854593360,157779854266211,157779854593360,1788964586192074030,1788964586192356644,ok,
std_copy_xcdr__cpp_to_cpp__100000B__10Hz__shmem_ds__best_effort,receive,sub,cpp_to_cpp,copy,std,xcdr,shmem_ds,100000,10,0,measured,281,2026-09-09T14:36:26.292978Z,157779955177315,157779954999750,157779955177315,1788964586292820252,1788964586292945419,ok,
std_copy_xcdr__cpp_to_cpp__100000B__10Hz__shmem_ds__best_effort,receive,sub,cpp_to_cpp,copy,std,xcdr,shmem_ds,100000,10,0,measured,282,2026-09-09T14:36:26.393814Z,157780056014159,157780055835402,157780056014159,1788964586393642439,1788964586393765031,ok,
std_copy_xcdr__cpp_to_cpp__100000B__10Hz__shmem_ds__best_effort,receive,sub,cpp_to_cpp,copy,std,xcdr,shmem_ds,100000,10,0,measured,283,2026-09-09T14:36:26.493078Z,157780155277407,157780155139827,157780155277407,1788964586492946514,1788964586493052765,ok,
std_copy_xcdr__cpp_to_cpp__100000B__10Hz__shmem_ds__best_effort,receive,sub,cpp_to_cpp,copy,std,xcdr,shmem_ds,100000,10,0,measured,284,2026-09-09T14:36:26.593725Z,157780255924332,157780255699026,157780255924332,1788964586593511594,1788964586593667950,ok,
std_copy_xcdr__cpp_to_cpp__100000B__10Hz__shmem_ds__best_effort,receive,sub,cpp_to_cpp,copy,std,xcdr,shmem_ds,100000,10,0,measured,285,2026-09-09T14:36:26.694554Z,157780356753291,157780356584732,157780356753291,1788964586694393923,1788964586694516826,ok,
std_copy_xcdr__cpp_to_cpp__100000B__10Hz__shmem_ds__best_effort,receive,sub,cpp_to_cpp,copy,std,xcdr,shmem_ds,100000,10,0,measured,286,2026-09-09T14:36:26.794792Z,157780456990872,157780456670606,157780456990872,1788964586794493313,1788964586794709422,ok,
std_copy_xcdr__cpp_to_cpp__100000B__10Hz__shmem_ds__best_effort,receive,sub,cpp_to_cpp,copy,std,xcdr,shmem_ds,100000,10,0,measured,287,2026-09-09T14:36:26.895167Z,157780557366523,157780557101292,157780557366523,1788964586894916274,1788964586895102887,ok,
std_copy_xcdr__cpp_to_cpp__100000B__10Hz__shmem_ds__best_effort,receive,sub,cpp_to_cpp,copy,std,xcdr,shmem_ds,100000,10,0,measured,288,2026-09-09T14:36:26.994501Z,157780656699755,157780656406290,157780656699755,1788964586994227274,1788964586994429647,ok,
std_copy_xcdr__cpp_to_cpp__100000B__10Hz__shmem_ds__best_effort,receive,sub,cpp_to_cpp,copy,std,xcdr,shmem_ds,100000,10,0,measured,289,2026-09-09T14:36:27.095429Z,157780757628784,157780757360677,157780757628784,1788964587095171672,1788964587095406916,ok,
std_copy_xcdr__cpp_to_cpp__100000B__10Hz__shmem_ds__best_effort,receive,sub,cpp_to_cpp,copy,std,xcdr,shmem_ds,100000,10,0,measured,290,2026-09-09T14:36:27.194548Z,157780856747670,157780856573581,157780856747670,1788964587194383804,1788964587194509352,ok,
std_copy_xcdr__cpp_to_cpp__100000B__10Hz__shmem_ds__best_effort,receive,sub,cpp_to_cpp,copy,std,xcdr,shmem_ds,100000,10,0,measured,291,2026-09-09T14:36:27.293864Z,157780956063099,157780955874523,157780956063099,1788964587293686810,1788964587293816515,ok,
std_copy_xcdr__cpp_to_cpp__100000B__10Hz__shmem_ds__best_effort,receive,sub,cpp_to_cpp,copy,std,xcdr,shmem_ds,100000,10,0,measured,292,2026-09-09T14:36:27.394714Z,157781056912688,157781056551906,157781056912688,1788964587394367830,1788964587394636217,ok,
std_copy_xcdr__cpp_to_cpp__100000B__10Hz__shmem_ds__best_effort,receive,sub,cpp_to_cpp,copy,std,xcdr,shmem_ds,100000,10,0,measured,293,2026-09-09T14:36:27.494449Z,157781156648892,157781156455557,157781156648892,1788964587494265680,1788964587494403069,ok,
std_copy_xcdr__cpp_to_cpp__100000B__10Hz__shmem_ds__best_effort,receive,sub,cpp_to_cpp,copy,std,xcdr,shmem_ds,100000,10,0,measured,294,2026-09-09T14:36:27.594923Z,157781257121798,157781256864271,157781257121798,1788964587594678772,1788964587594862760,ok,
std_copy_xcdr__cpp_to_cpp__100000B__10Hz__shmem_ds__best_effort,receive,sub,cpp_to_cpp,copy,std,xcdr,shmem_ds,100000,10,0,measured,295,2026-09-09T14:36:27.695774Z,157781357974062,157781357799563,157781357974062,1788964587695610167,1788964587695737016,ok,
std_copy_xcdr__cpp_to_cpp__100000B__10Hz__shmem_ds__best_effort,receive,sub,cpp_to_cpp,copy,std,xcdr,shmem_ds,100000,10,0,measured,296,2026-09-09T14:36:27.795720Z,157781457919813,157781457729584,157781457919813,1788964587795539667,1788964587795681635,ok,
std_copy_xcdr__cpp_to_cpp__100000B__10Hz__shmem_ds__best_effort,receive,sub,cpp_to_cpp,copy,std,xcdr,shmem_ds,100000,10,0,measured,297,2026-09-09T14:36:27.894828Z,157781557026977,157781556792464,157781557026977,1788964587894603439,1788964587894764153,ok,
std_copy_xcdr__cpp_to_cpp__100000B__10Hz__shmem_ds__best_effort,receive,sub,cpp_to_cpp,copy,std,xcdr,shmem_ds,100000,10,0,measured,298,2026-09-09T14:36:27.995695Z,157781657894029,157781657699531,157781657894029,1788964587995508883,1788964587995652946,ok,
std_copy_xcdr__cpp_to_cpp__100000B__10Hz__shmem_ds__best_effort,receive,sub,cpp_to_cpp,copy,std,xcdr,shmem_ds,100000,10,0,measured,299,2026-09-09T14:36:28.095992Z,157781758191937,157781758025422,157781758191937,1788964588095832700,1788964588095956494,ok,
std_copy_xcdr__cpp_to_cpp__100000B__10Hz__shmem_ds__best_effort,receive,sub,cpp_to_cpp,copy,std,xcdr,shmem_ds,100000,10,0,measured,300,2026-09-09T14:36:28.195910Z,157781858109695,157781857935336,157781858109695,1788964588195743275,1788964588195874633,ok,
std_copy_xcdr__cpp_to_cpp__1000000B__10Hz__shmem_ds__best_effort,publish,pub,cpp_to_cpp,copy,std,xcdr,shmem_ds,1000000,10,1,measured,0,2026-09-09T14:36:32.249097Z,157785910057466,157785910057466,-1,-1,-1,ok,
std_copy_xcdr__cpp_to_cpp__1000000B__10Hz__shmem_ds__best_effort,publish,pub,cpp_to_cpp,copy,std,xcdr,shmem_ds,1000000,10,1,measured,1,2026-09-09T14:36:32.349001Z,157786010626069,157786010626069,-1,-1,-1,ok,
std_copy_xcdr__cpp_to_cpp__1000000B__10Hz__shmem_ds__best_effort,publish,pub,cpp_to_cpp,copy,std,xcdr,shmem_ds,1000000,10,1,measured,2,2026-09-09T14:36:32.449211Z,157786110910055,157786110910055,-1,-1,-1,ok,
std_copy_xcdr__cpp_to_cpp__1000000B__10Hz__shmem_ds__best_effort,publish,pub,cpp_to_cpp,copy,std,xcdr,shmem_ds,1000000,10,1,measured,3,2026-09-09T14:36:32.549571Z,157786211409637,157786211409637,-1,-1,-1,ok,
std_copy_xcdr__cpp_to_cpp__1000000B__10Hz__shmem_ds__best_effort,publish,pub,cpp_to_cpp,copy,std,xcdr,shmem_ds,1000000,10,1,measured,4,2026-09-09T14:36:32.648854Z,157786310686188,157786310686188,-1,-1,-1,ok,
std_copy_xcdr__cpp_to_cpp__1000000B__10Hz__shmem_ds__best_effort,publish,pub,cpp_to_cpp,copy,std,xcdr,shmem_ds,1000000,10,1,measured,5,2026-09-09T14:36:32.749704Z,157786411492402,157786411492402,-1,-1,-1,ok,
std_copy_xcdr__cpp_to_cpp__1000000B__10Hz__shmem_ds__best_effort,publish,pub,cpp_to_cpp,copy,std,xcdr,shmem_ds,1000000,10,1,measured,6,2026-09-09T14:36:32.849006Z,157786510687678,157786510687678,-1,-1,-1,ok,
std_copy_xcdr__cpp_to_cpp__1000000B__10Hz__shmem_ds__best_effort,publish,pub,cpp_to_cpp,copy,std,xcdr,shmem_ds,1000000,10,1,measured,7,2026-09-09T14:36:32.949120Z,157786610829977,157786610829977,-1,-1,-1,ok,
std_copy_xcdr__cpp_to_cpp__1000000B__10Hz__shmem_ds__best_effort,publish,pub,cpp_to_cpp,copy,std,xcdr,shmem_ds,1000000,10,1,measured,8,2026-09-09T14:36:33.048891Z,157786710575564,157786710575564,-1,-1,-1,ok,
std_copy_xcdr__cpp_to_cpp__1000000B__10Hz__shmem_ds__best_effort,publish,pub,cpp_to_cpp,copy,std,xcdr,shmem_ds,1000000,10,1,measured,9,2026-09-09T14:36:33.148299Z,157786810119972,157786810119972,-1,-1,-1,ok,
std_copy_xcdr__cpp_to_cpp__1000000B__10Hz__shmem_ds__best_effort,publish,pub,cpp_to_cpp,copy,std,xcdr,shmem_ds,1000000,10,1,measured,10,2026-09-09T14:36:33.248002Z,157786909903173,157786909903173,-1,-1,-1,ok,
std_copy_xcdr__cpp_to_cpp__1000000B__10Hz__shmem_ds__best_effort,publish,pub,cpp_to_cpp,copy,std,xcdr,shmem_ds,1000000,10,1,measured,11,2026-09-09T14:36:33.347103Z,157787008930114,157787008930114,-1,-1,-1,ok,
std_copy_xcdr__cpp_to_cpp__1000000B__10Hz__shmem_ds__best_effort,publish,pub,cpp_to_cpp,copy,std,xcdr,shmem_ds,1000000,10,1,measured,12,2026-09-09T14:36:33.447110Z,157787108974978,157787108974978,-1,-1,-1,ok,
std_copy_xcdr__cpp_to_cpp__1000000B__10Hz__shmem_ds__best_effort,publish,pub,cpp_to_cpp,copy,std,xcdr,shmem_ds,1000000,10,1,measured,13,2026-09-09T14:36:33.547521Z,157787209346691,157787209346691,-1,-1,-1,ok,
std_copy_xcdr__cpp_to_cpp__1000000B__10Hz__shmem_ds__best_effort,publish,pub,cpp_to_cpp,copy,std,xcdr,shmem_ds,1000000,10,1,measured,14,2026-09-09T14:36:33.647878Z,157787309618856,157787309618856,-1,-1,-1,ok,
std_copy_xcdr__cpp_to_cpp__1000000B__10Hz__shmem_ds__best_effort,publish,pub,cpp_to_cpp,copy,std,xcdr,shmem_ds,1000000,10,1,measured,15,2026-09-09T14:36:33.748559Z,157787410274585,157787410274585,-1,-1,-1,ok,
std_copy_xcdr__cpp_to_cpp__1000000B__10Hz__shmem_ds__best_effort,publish,pub,cpp_to_cpp,copy,std,xcdr,shmem_ds,1000000,10,1,measured,16,2026-09-09T14:36:33.849614Z,157787511164768,157787511164768,-1,-1,-1,ok,
std_copy_xcdr__cpp_to_cpp__1000000B__10Hz__shmem_ds__best_effort,publish,pub,cpp_to_cpp,copy,std,xcdr,shmem_ds,1000000,10,1,measured,17,2026-09-09T14:36:33.950055Z,157787611671114,157787611671114,-1,-1,-1,ok,
std_copy_xcdr__cpp_to_cpp__1000000B__10Hz__shmem_ds__best_effort,publish,pub,cpp_to_cpp,copy,std,xcdr,shmem_ds,1000000,10,1,measured,18,2026-09-09T14:36:34.049864Z,157787711565926,157787711565926,-1,-1,-1,ok,
std_copy_xcdr__cpp_to_cpp__1000000B__10Hz__shmem_ds__best_effort,publish,pub,cpp_to_cpp,copy,std,xcdr,shmem_ds,1000000,10,1,measured,19,2026-09-09T14:36:34.148919Z,157787810660806,157787810660806,-1,-1,-1,ok,
std_copy_xcdr__cpp_to_cpp__1000000B__10Hz__shmem_ds__best_effort,publish,pub,cpp_to_cpp,copy,std,xcdr,shmem_ds,1000000,10,1,measured,20,2026-09-09T14:36:34.248000Z,157787909790161,157787909790161,-1,-1,-1,ok,
std_copy_xcdr__cpp_to_cpp__1000000B__10Hz__shmem_ds__best_effort,publish,pub,cpp_to_cpp,copy,std,xcdr,shmem_ds,1000000,10,1,measured,21,2026-09-09T14:36:34.348474Z,157788010286059,157788010286059,-1,-1,-1,ok,
std_copy_xcdr__cpp_to_cpp__1000000B__10Hz__shmem_ds__best_effort,publish,pub,cpp_to_cpp,copy,std,xcdr,shmem_ds,1000000,10,1,measured,22,2026-09-09T14:36:34.447569Z,157788109580295,157788109580295,-1,-1,-1,ok,
std_copy_xcdr__cpp_to_cpp__1000000B__10Hz__shmem_ds__best_effort,publish,pub,cpp_to_cpp,copy,std,xcdr,shmem_ds,1000000,10,1,measured,23,2026-09-09T14:36:34.547585Z,157788209435723,157788209435723,-1,-1,-1,ok,
std_copy_xcdr__cpp_to_cpp__1000000B__10Hz__shmem_ds__best_effort,publish,pub,cpp_to_cpp,copy,std,xcdr,shmem_ds,1000000,10,1,measured,24,2026-09-09T14:36:34.646662Z,157788308632877,157788308632877,-1,-1,-1,ok,
std_copy_xcdr__cpp_to_cpp__1000000B__10Hz__shmem_ds__best_effort,publish,pub,cpp_to_cpp,copy,std,xcdr,shmem_ds,1000000,10,1,measured,25,2026-09-09T14:36:34.746139Z,157788407927485,157788407927485,-1,-1,-1,ok,
std_copy_xcdr__cpp_to_cpp__1000000B__10Hz__shmem_ds__best_effort,publish,pub,cpp_to_cpp,copy,std,xcdr,shmem_ds,1000000,10,1,measured,26,2026-09-09T14:36:34.845527Z,157788507120220,157788507120220,-1,-1,-1,ok,
std_copy_xcdr__cpp_to_cpp__1000000B__10Hz__shmem_ds__best_effort,publish,pub,cpp_to_cpp,copy,std,xcdr,shmem_ds,1000000,10,1,measured,27,2026-09-09T14:36:34.945724Z,157788607174093,157788607174093,-1,-1,-1,ok,
std_copy_xcdr__cpp_to_cpp__1000000B__10Hz__shmem_ds__best_effort,publish,pub,cpp_to_cpp,copy,std,xcdr,shmem_ds,1000000,10,1,measured,28,2026-09-09T14:36:35.045363Z,157788707065651,157788707065651,-1,-1,-1,ok,
std_copy_xcdr__cpp_to_cpp__1000000B__10Hz__shmem_ds__best_effort,publish,pub,cpp_to_cpp,copy,std,xcdr,shmem_ds,1000000,10,1,measured,29,2026-09-09T14:36:35.145863Z,157788807612967,157788807612967,-1,-1,-1,ok,
std_copy_xcdr__cpp_to_cpp__1000000B__10Hz__shmem_ds__best_effort,publish,pub,cpp_to_cpp,copy,std,xcdr,shmem_ds,1000000,10,1,measured,30,2026-09-09T14:36:35.245031Z,157788906860667,157788906860667,-1,-1,-1,ok,
std_copy_xcdr__cpp_to_cpp__1000000B__10Hz__shmem_ds__best_effort,publish,pub,cpp_to_cpp,copy,std,xcdr,shmem_ds,1000000,10,1,measured,31,2026-09-09T14:36:35.345621Z,157789007352028,157789007352028,-1,-1,-1,ok,
std_copy_xcdr__cpp_to_cpp__1000000B__10Hz__shmem_ds__best_effort,publish,pub,cpp_to_cpp,copy,std,xcdr,shmem_ds,1000000,10,1,measured,32,2026-09-09T14:36:35.445160Z,157789106995245,157789106995245,-1,-1,-1,ok,
std_copy_xcdr__cpp_to_cpp__1000000B__10Hz__shmem_ds__best_effort,publish,pub,cpp_to_cpp,copy,std,xcdr,shmem_ds,1000000,10,1,measured,33,2026-09-09T14:36:35.545695Z,157789207497848,157789207497848,-1,-1,-1,ok,
std_copy_xcdr__cpp_to_cpp__1000000B__10Hz__shmem_ds__best_effort,publish,pub,cpp_to_cpp,copy,std,xcdr,shmem_ds,1000000,10,1,measured,34,2026-09-09T14:36:35.646714Z,157789308107422,157789308107422,-1,-1,-1,ok,
std_copy_xcdr__cpp_to_cpp__1000000B__10Hz__shmem_ds__best_effort,publish,pub,cpp_to_cpp,copy,std,xcdr,shmem_ds,1000000,10,1,measured,35,2026-09-09T14:36:35.745553Z,157789407194078,157789407194078,-1,-1,-1,ok,
std_copy_xcdr__cpp_to_cpp__1000000B__10Hz__shmem_ds__best_effort,publish,pub,cpp_to_cpp,copy,std,xcdr,shmem_ds,1000000,10,1,measured,36,2026-09-09T14:36:35.846614Z,157789508048355,157789508048355,-1,-1,-1,ok,
std_copy_xcdr__cpp_to_cpp__1000000B__10Hz__shmem_ds__best_effort,publish,pub,cpp_to_cpp,copy,std,xcdr,shmem_ds,1000000,10,1,measured,37,2026-09-09T14:36:35.947305Z,157789608534437,157789608534437,-1,-1,-1,ok,
std_copy_xcdr__cpp_to_cpp__1000000B__10Hz__shmem_ds__best_effort,publish,pub,cpp_to_cpp,copy,std,xcdr,shmem_ds,1000000,10,1,measured,38,2026-09-09T14:36:36.046795Z,157789708366972,157789708366972,-1,-1,-1,ok,
std_copy_xcdr__cpp_to_cpp__1000000B__10Hz__shmem_ds__best_effort,publish,pub,cpp_to_cpp,copy,std,xcdr,shmem_ds,1000000,10,1,measured,39,2026-09-09T14:36:36.146281Z,157789807962351,157789807962351,-1,-1,-1,ok,
std_copy_xcdr__cpp_to_cpp__1000000B__10Hz__shmem_ds__best_effort,publish,pub,cpp_to_cpp,copy,std,xcdr,shmem_ds,1000000,10,1,measured,40,2026-09-09T14:36:36.245187Z,157789907007349,157789907007349,-1,-1,-1,ok,
std_copy_xcdr__cpp_to_cpp__1000000B__10Hz__shmem_ds__best_effort,publish,pub,cpp_to_cpp,copy,std,xcdr,shmem_ds,1000000,10,1,measured,41,2026-09-09T14:36:36.345689Z,157790007403632,157790007403632,-1,-1,-1,ok,
std_copy_xcdr__cpp_to_cpp__1000000B__10Hz__shmem_ds__best_effort,publish,pub,cpp_to_cpp,copy,std,xcdr,shmem_ds,1000000,10,1,measured,42,2026-09-09T14:36:36.445422Z,157790107317251,157790107317251,-1,-1,-1,ok,
std_copy_xcdr__cpp_to_cpp__1000000B__10Hz__shmem_ds__best_effort,publish,pub,cpp_to_cpp,copy,std,xcdr,shmem_ds,1000000,10,1,measured,43,2026-09-09T14:36:36.545932Z,157790207396285,157790207396285,-1,-1,-1,ok,
std_copy_xcdr__cpp_to_cpp__1000000B__10Hz__shmem_ds__best_effort,publish,pub,cpp_to_cpp,copy,std,xcdr,shmem_ds,1000000,10,1,measured,44,2026-09-09T14:36:36.645626Z,157790307368736,157790307368736,-1,-1,-1,ok,
std_copy_xcdr__cpp_to_cpp__1000000B__10Hz__shmem_ds__best_effort,publish,pub,cpp_to_cpp,copy,std,xcdr,shmem_ds,1000000,10,1,measured,45,2026-09-09T14:36:36.745182Z,157790406795696,157790406795696,-1,-1,-1,ok,
std_copy_xcdr__cpp_to_cpp__1000000B__10Hz__shmem_ds__best_effort,publish,pub,cpp_to_cpp,copy,std,xcdr,shmem_ds,1000000,10,1,measured,46,2026-09-09T14:36:36.845733Z,157790507015965,157790507015965,-1,-1,-1,ok,
std_copy_xcdr__cpp_to_cpp__1000000B__10Hz__shmem_ds__best_effort,publish,pub,cpp_to_cpp,copy,std,xcdr,shmem_ds,1000000,10,1,measured,47,2026-09-09T14:36:36.945700Z,157790606994749,157790606994749,-1,-1,-1,ok,
std_copy_xcdr__cpp_to_cpp__1000000B__10Hz__shmem_ds__best_effort,publish,pub,cpp_to_cpp,copy,std,xcdr,shmem_ds,1000000,10,1,measured,48,2026-09-09T14:36:37.045230Z,157790706762083,157790706762083,-1,-1,-1,ok,
std_copy_xcdr__cpp_to_cpp__1000000B__10Hz__shmem_ds__best_effort,publish,pub,cpp_to_cpp,copy,std,xcdr,shmem_ds,1000000,10,1,measured,49,2026-09-09T14:36:37.145461Z,157790807097291,157790807097291,-1,-1,-1,ok,
std_copy_xcdr__cpp_to_cpp__1000000B__10Hz__shmem_ds__best_effort,publish,pub,cpp_to_cpp,copy,std,xcdr,shmem_ds,1000000,10,1,measured,50,2026-09-09T14:36:37.245135Z,157790906928066,157790906928066,-1,-1,-1,ok,
std_copy_xcdr__cpp_to_cpp__1000000B__10Hz__shmem_ds__best_effort,publish,pub,cpp_to_cpp,copy,std,xcdr,shmem_ds,1000000,10,1,measured,51,2026-09-09T14:36:37.345094Z,157791006800138,157791006800138,-1,-1,-1,ok,
std_copy_xcdr__cpp_to_cpp__1000000B__10Hz__shmem_ds__best_effort,publish,pub,cpp_to_cpp,copy,std,xcdr,shmem_ds,1000000,10,1,measured,52,2026-09-09T14:36:37.444144Z,157791105982126,157791105982126,-1,-1,-1,ok,
std_copy_xcdr__cpp_to_cpp__1000000B__10Hz__shmem_ds__best_effort,publish,pub,cpp_to_cpp,copy,std,xcdr,shmem_ds,1000000,10,1,measured,53,2026-09-09T14:36:37.543399Z,157791205137655,157791205137655,-1,-1,-1,ok,
std_copy_xcdr__cpp_to_cpp__1000000B__10Hz__shmem_ds__best_effort,publish,pub,cpp_to_cpp,copy,std,xcdr,shmem_ds,1000000,10,1,measured,54,2026-09-09T14:36:37.643840Z,157791305770766,157791305770766,-1,-1,-1,ok,
std_copy_xcdr__cpp_to_cpp__1000000B__10Hz__shmem_ds__best_effort,publish,pub,cpp_to_cpp,copy,std,xcdr,shmem_ds,1000000,10,1,measured,55,2026-09-09T14:36:37.743979Z,157791405730584,157791405730584,-1,-1,-1,ok,
std_copy_xcdr__cpp_to_cpp__1000000B__10Hz__shmem_ds__best_effort,publish,pub,cpp_to_cpp,copy,std,xcdr,shmem_ds,1000000,10,1,measured,56,2026-09-09T14:36:37.843799Z,157791505617686,157791505617686,-1,-1,-1,ok,
std_copy_xcdr__cpp_to_cpp__1000000B__10Hz__shmem_ds__best_effort,publish,pub,cpp_to_cpp,copy,std,xcdr,shmem_ds,1000000,10,1,measured,57,2026-09-09T14:36:37.944995Z,157791606605888,157791606605888,-1,-1,-1,ok,
std_copy_xcdr__cpp_to_cpp__1000000B__10Hz__shmem_ds__best_effort,publish,pub,cpp_to_cpp,copy,std,xcdr,shmem_ds,1000000,10,1,measured,58,2026-09-09T14:36:38.044933Z,157791706795952,157791706795952,-1,-1,-1,ok,
std_copy_xcdr__cpp_to_cpp__1000000B__10Hz__shmem_ds__best_effort,publish,pub,cpp_to_cpp,copy,std,xcdr,shmem_ds,1000000,10,1,measured,59,2026-09-09T14:36:38.145107Z,157791807033747,157791807033747,-1,-1,-1,ok,
std_copy_xcdr__cpp_to_cpp__1000000B__10Hz__shmem_ds__best_effort,publish,pub,cpp_to_cpp,copy,std,xcdr,shmem_ds,1000000,10,1,measured,60,2026-09-09T14:36:38.245202Z,157791907186732,157791907186732,-1,-1,-1,ok,
std_copy_xcdr__cpp_to_cpp__1000000B__10Hz__shmem_ds__best_effort,publish,pub,cpp_to_cpp,copy,std,xcdr,shmem_ds,1000000,10,1,measured,61,2026-09-09T14:36:38.346050Z,157792007905357,157792007905357,-1,-1,-1,ok,
std_copy_xcdr__cpp_to_cpp__1000000B__10Hz__shmem_ds__best_effort,publish,pub,cpp_to_cpp,copy,std,xcdr,shmem_ds,1000000,10,1,measured,62,2026-09-09T14:36:38.445999Z,157792107860328,157792107860328,-1,-1,-1,ok,
std_copy_xcdr__cpp_to_cpp__1000000B__10Hz__shmem_ds__best_effort,publish,pub,cpp_to_cpp,copy,std,xcdr,shmem_ds,1000000,10,1,measured,63,2026-09-09T14:36:38.546800Z,157792208509230,157792208509230,-1,-1,-1,ok,
std_copy_xcdr__cpp_to_cpp__1000000B__10Hz__shmem_ds__best_effort,publish,pub,cpp_to_cpp,copy,std,xcdr,shmem_ds,1000000,10,1,measured,64,2026-09-09T14:36:38.646561Z,157792308490329,157792308490329,-1,-1,-1,ok,
std_copy_xcdr__cpp_to_cpp__1000000B__10Hz__shmem_ds__best_effort,publish,pub,cpp_to_cpp,copy,std,xcdr,shmem_ds,1000000,10,1,measured,65,2026-09-09T14:36:38.747028Z,157792408386709,157792408386709,-1,-1,-1,ok,
std_copy_xcdr__cpp_to_cpp__1000000B__10Hz__shmem_ds__best_effort,publish,pub,cpp_to_cpp,copy,std,xcdr,shmem_ds,1000000,10,1,measured,66,2026-09-09T14:36:38.846478Z,157792508015925,157792508015925,-1,-1,-1,ok,
std_copy_xcdr__cpp_to_cpp__1000000B__10Hz__shmem_ds__best_effort,publish,pub,cpp_to_cpp,copy,std,xcdr,shmem_ds,1000000,10,1,measured,67,2026-09-09T14:36:38.945772Z,157792607594453,157792607594453,-1,-1,-1,ok,
std_copy_xcdr__cpp_to_cpp__1000000B__10Hz__shmem_ds__best_effort,publish,pub,cpp_to_cpp,copy,std,xcdr,shmem_ds,1000000,10,1,measured,68,2026-09-09T14:36:39.045711Z,157792707644042,157792707644042,-1,-1,-1,ok,
std_copy_xcdr__cpp_to_cpp__1000000B__10Hz__shmem_ds__best_effort,publish,pub,cpp_to_cpp,copy,std,xcdr,shmem_ds,1000000,10,1,measured,69,2026-09-09T14:36:39.145330Z,157792807347820,157792807347820,-1,-1,-1,ok,
std_copy_xcdr__cpp_to_cpp__1000000B__10Hz__shmem_ds__best_effort,publish,pub,cpp_to_cpp,copy,std,xcdr,shmem_ds,1000000,10,1,measured,70,2026-09-09T14:36:39.245997Z,157792907897846,157792907897846,-1,-1,-1,ok,
std_copy_xcdr__cpp_to_cpp__1000000B__10Hz__shmem_ds__best_effort,publish,pub,cpp_to_cpp,copy,std,xcdr,shmem_ds,1000000,10,1,measured,71,2026-09-09T14:36:39.346082Z,157793007518817,157793007518817,-1,-1,-1,ok,
std_copy_xcdr__cpp_to_cpp__1000000B__10Hz__shmem_ds__best_effort,publish,pub,cpp_to_cpp,copy,std,xcdr,shmem_ds,1000000,10,1,measured,72,2026-09-09T14:36:39.446163Z,157793107881650,157793107881650,-1,-1,-1,ok,
std_copy_xcdr__cpp_to_cpp__1000000B__10Hz__shmem_ds__best_effort,publish,pub,cpp_to_cpp,copy,std,xcdr,shmem_ds,1000000,10,1,measured,73,2026-09-09T14:36:39.546515Z,157793208340404,157793208340404,-1,-1,-1,ok,
std_copy_xcdr__cpp_to_cpp__1000000B__10Hz__shmem_ds__best_effort,publish,pub,cpp_to_cpp,copy,std,xcdr,shmem_ds,1000000,10,1,measured,74,2026-09-09T14:36:39.646905Z,157793308642762,157793308642762,-1,-1,-1,ok,
std_copy_xcdr__cpp_to_cpp__1000000B__10Hz__shmem_ds__best_effort,publish,pub,cpp_to_cpp,copy,std,xcdr,shmem_ds,1000000,10,1,measured,75,2026-09-09T14:36:39.747569Z,157793409273352,157793409273352,-1,-1,-1,ok,
std_copy_xcdr__cpp_to_cpp__1000000B__10Hz__shmem_ds__best_effort,publish,pub,cpp_to_cpp,copy,std,xcdr,shmem_ds,1000000,10,1,measured,76,2026-09-09T14:36:39.848377Z,157793509852604,157793509852604,-1,-1,-1,ok,
std_copy_xcdr__cpp_to_cpp__1000000B__10Hz__shmem_ds__best_effort,publish,pub,cpp_to_cpp,copy,std,xcdr,shmem_ds,1000000,10,1,measured,77,2026-09-09T14:36:39.948261Z,157793610150615,157793610150615,-1,-1,-1,ok,
std_copy_xcdr__cpp_to_cpp__1000000B__10Hz__shmem_ds__best_effort,publish,pub,cpp_to_cpp,copy,std,xcdr,shmem_ds,1000000,10,1,measured,78,2026-09-09T14:36:40.048872Z,157793710737683,157793710737683,-1,-1,-1,ok,
std_copy_xcdr__cpp_to_cpp__1000000B__10Hz__shmem_ds__best_effort,publish,pub,cpp_to_cpp,copy,std,xcdr,shmem_ds,1000000,10,1,measured,79,2026-09-09T14:36:40.148591Z,157793810543612,157793810543612,-1,-1,-1,ok,
std_copy_xcdr__cpp_to_cpp__1000000B__10Hz__shmem_ds__best_effort,publish,pub,cpp_to_cpp,copy,std,xcdr,shmem_ds,1000000,10,1,measured,80,2026-09-09T14:36:40.249670Z,157793911417062,157793911417062,-1,-1,-1,ok,
std_copy_xcdr__cpp_to_cpp__1000000B__10Hz__shmem_ds__best_effort,publish,pub,cpp_to_cpp,copy,std,xcdr,shmem_ds,1000000,10,1,measured,81,2026-09-09T14:36:40.349606Z,157794011118395,157794011118395,-1,-1,-1,ok,
std_copy_xcdr__cpp_to_cpp__1000000B__10Hz__shmem_ds__best_effort,publish,pub,cpp_to_cpp,copy,std,xcdr,shmem_ds,1000000,10,1,measured,82,2026-09-09T14:36:40.448856Z,157794110711845,157794110711845,-1,-1,-1,ok,
std_copy_xcdr__cpp_to_cpp__1000000B__10Hz__shmem_ds__best_effort,publish,pub,cpp_to_cpp,copy,std,xcdr,shmem_ds,1000000,10,1,measured,83,2026-09-09T14:36:40.549545Z,157794211192210,157794211192210,-1,-1,-1,ok,
std_copy_xcdr__cpp_to_cpp__1000000B__10Hz__shmem_ds__best_effort,publish,pub,cpp_to_cpp,copy,std,xcdr,shmem_ds,1000000,10,1,measured,84,2026-09-09T14:36:40.649518Z,157794311374844,157794311374844,-1,-1,-1,ok,
std_copy_xcdr__cpp_to_cpp__1000000B__10Hz__shmem_ds__best_effort,publish,pub,cpp_to_cpp,copy,std,xcdr,shmem_ds,1000000,10,1,measured,85,2026-09-09T14:36:40.749316Z,157794411083620,157794411083620,-1,-1,-1,ok,
std_copy_xcdr__cpp_to_cpp__1000000B__10Hz__shmem_ds__best_effort,publish,pub,cpp_to_cpp,copy,std,xcdr,shmem_ds,1000000,10,1,measured,86,2026-09-09T14:36:40.848961Z,157794510369319,157794510369319,-1,-1,-1,ok,
std_copy_xcdr__cpp_to_cpp__1000000B__10Hz__shmem_ds__best_effort,publish,pub,cpp_to_cpp,copy,std,xcdr,shmem_ds,1000000,10,1,measured,87,2026-09-09T14:36:40.949066Z,157794610612195,157794610612195,-1,-1,-1,ok,
std_copy_xcdr__cpp_to_cpp__1000000B__10Hz__shmem_ds__best_effort,publish,pub,cpp_to_cpp,copy,std,xcdr,shmem_ds,1000000,10,1,measured,88,2026-09-09T14:36:41.048925Z,157794710793116,157794710793116,-1,-1,-1,ok,
std_copy_xcdr__cpp_to_cpp__1000000B__10Hz__shmem_ds__best_effort,publish,pub,cpp_to_cpp,copy,std,xcdr,shmem_ds,1000000,10,1,measured,89,2026-09-09T14:36:41.148882Z,157794810834082,157794810834082,-1,-1,-1,ok,
std_copy_xcdr__cpp_to_cpp__1000000B__10Hz__shmem_ds__best_effort,publish,pub,cpp_to_cpp,copy,std,xcdr,shmem_ds,1000000,10,1,measured,90,2026-09-09T14:36:41.249131Z,157794911060089,157794911060089,-1,-1,-1,ok,
std_copy_xcdr__cpp_to_cpp__1000000B__10Hz__shmem_ds__best_effort,publish,pub,cpp_to_cpp,copy,std,xcdr,shmem_ds,1000000,10,1,measured,91,2026-09-09T14:36:41.348373Z,157795010182029,157795010182029,-1,-1,-1,ok,
std_copy_xcdr__cpp_to_cpp__1000000B__10Hz__shmem_ds__best_effort,publish,pub,cpp_to_cpp,copy,std,xcdr,shmem_ds,1000000,10,1,measured,92,2026-09-09T14:36:41.448010Z,157795109912598,157795109912598,-1,-1,-1,ok,
std_copy_xcdr__cpp_to_cpp__1000000B__10Hz__shmem_ds__best_effort,publish,pub,cpp_to_cpp,copy,std,xcdr,shmem_ds,1000000,10,1,measured,93,2026-09-09T14:36:41.548736Z,157795210389650,157795210389650,-1,-1,-1,ok,
std_copy_xcdr__cpp_to_cpp__1000000B__10Hz__shmem_ds__best_effort,publish,pub,cpp_to_cpp,copy,std,xcdr,shmem_ds,1000000,10,1,measured,94,2026-09-09T14:36:41.648751Z,157795310605045,157795310605045,-1,-1,-1,ok,
std_copy_xcdr__cpp_to_cpp__1000000B__10Hz__shmem_ds__best_effort,publish,pub,cpp_to_cpp,copy,std,xcdr,shmem_ds,1000000,10,1,measured,95,2026-09-09T14:36:41.748435Z,157795410397742,157795410397742,-1,-1,-1,ok,
std_copy_xcdr__cpp_to_cpp__1000000B__10Hz__shmem_ds__best_effort,publish,pub,cpp_to_cpp,copy,std,xcdr,shmem_ds,1000000,10,1,measured,96,2026-09-09T14:36:41.849725Z,157795511269800,157795511269800,-1,-1,-1,ok,
std_copy_xcdr__cpp_to_cpp__1000000B__10Hz__shmem_ds__best_effort,publish,pub,cpp_to_cpp,copy,std,xcdr,shmem_ds,1000000,10,1,measured,97,2026-09-09T14:36:41.949925Z,157795611741551,157795611741551,-1,-1,-1,ok,
std_copy_xcdr__cpp_to_cpp__1000000B__10Hz__shmem_ds__best_effort,publish,pub,cpp_to_cpp,copy,std,xcdr,shmem_ds,1000000,10,1,measured,98,2026-09-09T14:36:42.049654Z,157795711206861,157795711206861,-1,-1,-1,ok,
std_copy_xcdr__cpp_to_cpp__1000000B__10Hz__shmem_ds__best_effort,publish,pub,cpp_to_cpp,copy,std,xcdr,shmem_ds,1000000,10,1,measured,99,2026-09-09T14:36:42.149437Z,157795811262646,157795811262646,-1,-1,-1,ok,
std_copy_xcdr__cpp_to_cpp__1000000B__10Hz__shmem_ds__best_effort,publish,pub,cpp_to_cpp,copy,std,xcdr,shmem_ds,1000000,10,1,measured,100,2026-09-09T14:36:42.248614Z,157795910510395,157795910510395,-1,-1,-1,ok,
std_copy_xcdr__cpp_to_cpp__1000000B__10Hz__shmem_ds__best_effort,publish,pub,cpp_to_cpp,copy,std,xcdr,shmem_ds,1000000,10,1,measured,101,2026-09-09T14:36:42.349285Z,157796011089330,157796011089330,-1,-1,-1,ok,
std_copy_xcdr__cpp_to_cpp__1000000B__10Hz__shmem_ds__best_effort,publish,pub,cpp_to_cpp,copy,std,xcdr,shmem_ds,1000000,10,1,measured,102,2026-09-09T14:36:42.448709Z,157796110556653,157796110556653,-1,-1,-1,ok,
std_copy_xcdr__cpp_to_cpp__1000000B__10Hz__shmem_ds__best_effort,publish,pub,cpp_to_cpp,copy,std,xcdr,shmem_ds,1000000,10,1,measured,103,2026-09-09T14:36:42.548163Z,157796209744167,157796209744167,-1,-1,-1,ok,
std_copy_xcdr__cpp_to_cpp__1000000B__10Hz__shmem_ds__best_effort,publish,pub,cpp_to_cpp,copy,std,xcdr,shmem_ds,1000000,10,1,measured,104,2026-09-09T14:36:42.648690Z,157796310520525,157796310520525,-1,-1,-1,ok,
std_copy_xcdr__cpp_to_cpp__1000000B__10Hz__shmem_ds__best_effort,publish,pub,cpp_to_cpp,copy,std,xcdr,shmem_ds,1000000,10,1,measured,105,2026-09-09T14:36:42.748690Z,157796410470642,157796410470642,-1,-1,-1,ok,
std_copy_xcdr__cpp_to_cpp__1000000B__10Hz__shmem_ds__best_effort,publish,pub,cpp_to_cpp,copy,std,xcdr,shmem_ds,1000000,10,1,measured,106,2026-09-09T14:36:42.848119Z,157796509701047,157796509701047,-1,-1,-1,ok,
std_copy_xcdr__cpp_to_cpp__1000000B__10Hz__shmem_ds__best_effort,publish,pub,cpp_to_cpp,copy,std,xcdr,shmem_ds,1000000,10,1,measured,107,2026-09-09T14:36:42.948175Z,157796610073461,157796610073461,-1,-1,-1,ok,
std_copy_xcdr__cpp_to_cpp__1000000B__10Hz__shmem_ds__best_effort,publish,pub,cpp_to_cpp,copy,std,xcdr,shmem_ds,1000000,10,1,measured,108,2026-09-09T14:36:43.047454Z,157796709329445,157796709329445,-1,-1,-1,ok,
std_copy_xcdr__cpp_to_cpp__1000000B__10Hz__shmem_ds__best_effort,publish,pub,cpp_to_cpp,copy,std,xcdr,shmem_ds,1000000,10,1,measured,109,2026-09-09T14:36:43.147920Z,157796809768507,157796809768507,-1,-1,-1,ok,
std_copy_xcdr__cpp_to_cpp__1000000B__10Hz__shmem_ds__best_effort,publish,pub,cpp_to_cpp,copy,std,xcdr,shmem_ds,1000000,10,1,measured,110,2026-09-09T14:36:43.248417Z,157796909982042,157796909982042,-1,-1,-1,ok,
std_copy_xcdr__cpp_to_cpp__1000000B__10Hz__shmem_ds__best_effort,publish,pub,cpp_to_cpp,copy,std,xcdr,shmem_ds,1000000,10,1,measured,111,2026-09-09T14:36:43.347927Z,157797009694840,157797009694840,-1,-1,-1,ok,
std_copy_xcdr__cpp_to_cpp__1000000B__10Hz__shmem_ds__best_effort,publish,pub,cpp_to_cpp,copy,std,xcdr,shmem_ds,1000000,10,1,measured,112,2026-09-09T14:36:43.448320Z,157797110226948,157797110226948,-1,-1,-1,ok,
std_copy_xcdr__cpp_to_cpp__1000000B__10Hz__shmem_ds__best_effort,publish,pub,cpp_to_cpp,copy,std,xcdr,shmem_ds,1000000,10,1,measured,113,2026-09-09T14:36:43.549215Z,157797211088258,157797211088258,-1,-1,-1,ok,
std_copy_xcdr__cpp_to_cpp__1000000B__10Hz__shmem_ds__best_effort,publish,pub,cpp_to_cpp,copy,std,xcdr,shmem_ds,1000000,10,1,measured,114,2026-09-09T14:36:43.650262Z,157797312078641,157797312078641,-1,-1,-1,ok,
std_copy_xcdr__cpp_to_cpp__1000000B__10Hz__shmem_ds__best_effort,publish,pub,cpp_to_cpp,copy,std,xcdr,shmem_ds,1000000,10,1,measured,115,2026-09-09T14:36:43.749907Z,157797411859439,157797411859439,-1,-1,-1,ok,
std_copy_xcdr__cpp_to_cpp__1000000B__10Hz__shmem_ds__best_effort,publish,pub,cpp_to_cpp,copy,std,xcdr,shmem_ds,1000000,10,1,measured,116,2026-09-09T14:36:43.850138Z,157797511611892,157797511611892,-1,-1,-1,ok,
std_copy_xcdr__cpp_to_cpp__1000000B__10Hz__shmem_ds__best_effort,publish,pub,cpp_to_cpp,copy,std,xcdr,shmem_ds,1000000,10,1,measured,117,2026-09-09T14:36:43.950608Z,157797612269397,157797612269397,-1,-1,-1,ok,
std_copy_xcdr__cpp_to_cpp__1000000B__10Hz__shmem_ds__best_effort,publish,pub,cpp_to_cpp,copy,std,xcdr,shmem_ds,1000000,10,1,measured,118,2026-09-09T14:36:44.051063Z,157797712798088,157797712798088,-1,-1,-1,ok,
std_copy_xcdr__cpp_to_cpp__1000000B__10Hz__shmem_ds__best_effort,publish,pub,cpp_to_cpp,copy,std,xcdr,shmem_ds,1000000,10,1,measured,119,2026-09-09T14:36:44.151122Z,157797813112205,157797813112205,-1,-1,-1,ok,
std_copy_xcdr__cpp_to_cpp__1000000B__10Hz__shmem_ds__best_effort,publish,pub,cpp_to_cpp,copy,std,xcdr,shmem_ds,1000000,10,1,measured,120,2026-09-09T14:36:44.251971Z,157797913880440,157797913880440,-1,-1,-1,ok,
std_copy_xcdr__cpp_to_cpp__1000000B__10Hz__shmem_ds__best_effort,publish,pub,cpp_to_cpp,copy,std,xcdr,shmem_ds,1000000,10,1,measured,121,2026-09-09T14:36:44.351219Z,157798013014145,157798013014145,-1,-1,-1,ok,
std_copy_xcdr__cpp_to_cpp__1000000B__10Hz__shmem_ds__best_effort,publish,pub,cpp_to_cpp,copy,std,xcdr,shmem_ds,1000000,10,1,measured,122,2026-09-09T14:36:44.450745Z,157798112660890,157798112660890,-1,-1,-1,ok,
std_copy_xcdr__cpp_to_cpp__1000000B__10Hz__shmem_ds__best_effort,publish,pub,cpp_to_cpp,copy,std,xcdr,shmem_ds,1000000,10,1,measured,123,2026-09-09T14:36:44.550494Z,157798212246790,157798212246790,-1,-1,-1,ok,
std_copy_xcdr__cpp_to_cpp__1000000B__10Hz__shmem_ds__best_effort,publish,pub,cpp_to_cpp,copy,std,xcdr,shmem_ds,1000000,10,1,measured,124,2026-09-09T14:36:44.650252Z,157798312082041,157798312082041,-1,-1,-1,ok,
std_copy_xcdr__cpp_to_cpp__1000000B__10Hz__shmem_ds__best_effort,publish,pub,cpp_to_cpp,copy,std,xcdr,shmem_ds,1000000,10,1,measured,125,2026-09-09T14:36:44.749863Z,157798411407849,157798411407849,-1,-1,-1,ok,
std_copy_xcdr__cpp_to_cpp__1000000B__10Hz__shmem_ds__best_effort,publish,pub,cpp_to_cpp,copy,std,xcdr,shmem_ds,1000000,10,1,measured,126,2026-09-09T14:36:44.850316Z,157798512108546,157798512108546,-1,-1,-1,ok,
std_copy_xcdr__cpp_to_cpp__1000000B__10Hz__shmem_ds__best_effort,publish,pub,cpp_to_cpp,copy,std,xcdr,shmem_ds,1000000,10,1,measured,127,2026-09-09T14:36:44.950237Z,157798612077881,157798612077881,-1,-1,-1,ok,
std_copy_xcdr__cpp_to_cpp__1000000B__10Hz__shmem_ds__best_effort,publish,pub,cpp_to_cpp,copy,std,xcdr,shmem_ds,1000000,10,1,measured,128,2026-09-09T14:36:45.049787Z,157798711661066,157798711661066,-1,-1,-1,ok,
std_copy_xcdr__cpp_to_cpp__1000000B__10Hz__shmem_ds__best_effort,publish,pub,cpp_to_cpp,copy,std,xcdr,shmem_ds,1000000,10,1,measured,129,2026-09-09T14:36:45.150519Z,157798812299306,157798812299306,-1,-1,-1,ok,
std_copy_xcdr__cpp_to_cpp__1000000B__10Hz__shmem_ds__best_effort,publish,pub,cpp_to_cpp,copy,std,xcdr,shmem_ds,1000000,10,1,measured,130,2026-09-09T14:36:45.250415Z,157798912155999,157798912155999,-1,-1,-1,ok,
std_copy_xcdr__cpp_to_cpp__1000000B__10Hz__shmem_ds__best_effort,publish,pub,cpp_to_cpp,copy,std,xcdr,shmem_ds,1000000,10,1,measured,131,2026-09-09T14:36:45.349516Z,157799011322387,157799011322387,-1,-1,-1,ok,
std_copy_xcdr__cpp_to_cpp__1000000B__10Hz__shmem_ds__best_effort,publish,pub,cpp_to_cpp,copy,std,xcdr,shmem_ds,1000000,10,1,measured,132,2026-09-09T14:36:45.450327Z,157799112074663,157799112074663,-1,-1,-1,ok,
std_copy_xcdr__cpp_to_cpp__1000000B__10Hz__shmem_ds__best_effort,publish,pub,cpp_to_cpp,copy,std,xcdr,shmem_ds,1000000,10,1,measured,133,2026-09-09T14:36:45.551195Z,157799212653401,157799212653401,-1,-1,-1,ok,
std_copy_xcdr__cpp_to_cpp__1000000B__10Hz__shmem_ds__best_effort,publish,pub,cpp_to_cpp,copy,std,xcdr,shmem_ds,1000000,10,1,measured,134,2026-09-09T14:36:45.651819Z,157799313455962,157799313455962,-1,-1,-1,ok,
std_copy_xcdr__cpp_to_cpp__1000000B__10Hz__shmem_ds__best_effort,publish,pub,cpp_to_cpp,copy,std,xcdr,shmem_ds,1000000,10,1,measured,135,2026-09-09T14:36:45.752505Z,157799414167831,157799414167831,-1,-1,-1,ok,
std_copy_xcdr__cpp_to_cpp__1000000B__10Hz__shmem_ds__best_effort,publish,pub,cpp_to_cpp,copy,std,xcdr,shmem_ds,1000000,10,1,measured,136,2026-09-09T14:36:45.851779Z,157799513227768,157799513227768,-1,-1,-1,ok,
std_copy_xcdr__cpp_to_cpp__1000000B__10Hz__shmem_ds__best_effort,publish,pub,cpp_to_cpp,copy,std,xcdr,shmem_ds,1000000,10,1,measured,137,2026-09-09T14:36:45.951886Z,157799613706557,157799613706557,-1,-1,-1,ok,
std_copy_xcdr__cpp_to_cpp__1000000B__10Hz__shmem_ds__best_effort,publish,pub,cpp_to_cpp,copy,std,xcdr,shmem_ds,1000000,10,1,measured,138,2026-09-09T14:36:46.051397Z,157799712859559,157799712859559,-1,-1,-1,ok,
std_copy_xcdr__cpp_to_cpp__1000000B__10Hz__shmem_ds__best_effort,publish,pub,cpp_to_cpp,copy,std,xcdr,shmem_ds,1000000,10,1,measured,139,2026-09-09T14:36:46.150616Z,157799812263938,157799812263938,-1,-1,-1,ok,
std_copy_xcdr__cpp_to_cpp__1000000B__10Hz__shmem_ds__best_effort,publish,pub,cpp_to_cpp,copy,std,xcdr,shmem_ds,1000000,10,1,measured,140,2026-09-09T14:36:46.250535Z,157799912520248,157799912520248,-1,-1,-1,ok,
std_copy_xcdr__cpp_to_cpp__1000000B__10Hz__shmem_ds__best_effort,publish,pub,cpp_to_cpp,copy,std,xcdr,shmem_ds,1000000,10,1,measured,141,2026-09-09T14:36:46.350638Z,157800012407571,157800012407571,-1,-1,-1,ok,
std_copy_xcdr__cpp_to_cpp__1000000B__10Hz__shmem_ds__best_effort,publish,pub,cpp_to_cpp,copy,std,xcdr,shmem_ds,1000000,10,1,measured,142,2026-09-09T14:36:46.450276Z,157800112074466,157800112074466,-1,-1,-1,ok,
std_copy_xcdr__cpp_to_cpp__1000000B__10Hz__shmem_ds__best_effort,publish,pub,cpp_to_cpp,copy,std,xcdr,shmem_ds,1000000,10,1,measured,143,2026-09-09T14:36:46.550260Z,157800211794441,157800211794441,-1,-1,-1,ok,
std_copy_xcdr__cpp_to_cpp__1000000B__10Hz__shmem_ds__best_effort,publish,pub,cpp_to_cpp,copy,std,xcdr,shmem_ds,1000000,10,1,measured,144,2026-09-09T14:36:46.650681Z,157800312197678,157800312197678,-1,-1,-1,ok,
std_copy_xcdr__cpp_to_cpp__1000000B__10Hz__shmem_ds__best_effort,publish,pub,cpp_to_cpp,copy,std,xcdr,shmem_ds,1000000,10,1,measured,145,2026-09-09T14:36:46.750096Z,157800411873099,157800411873099,-1,-1,-1,ok,
std_copy_xcdr__cpp_to_cpp__1000000B__10Hz__shmem_ds__best_effort,publish,pub,cpp_to_cpp,copy,std,xcdr,shmem_ds,1000000,10,1,measured,146,2026-09-09T14:36:46.850777Z,157800512358862,157800512358862,-1,-1,-1,ok,
std_copy_xcdr__cpp_to_cpp__1000000B__10Hz__shmem_ds__best_effort,publish,pub,cpp_to_cpp,copy,std,xcdr,shmem_ds,1000000,10,1,measured,147,2026-09-09T14:36:46.950132Z,157800611684833,157800611684833,-1,-1,-1,ok,
std_copy_xcdr__cpp_to_cpp__1000000B__10Hz__shmem_ds__best_effort,publish,pub,cpp_to_cpp,copy,std,xcdr,shmem_ds,1000000,10,1,measured,148,2026-09-09T14:36:47.050040Z,157800711988442,157800711988442,-1,-1,-1,ok,
std_copy_xcdr__cpp_to_cpp__1000000B__10Hz__shmem_ds__best_effort,publish,pub,cpp_to_cpp,copy,std,xcdr,shmem_ds,1000000,10,1,measured,149,2026-09-09T14:36:47.149252Z,157800811149362,157800811149362,-1,-1,-1,ok,
std_copy_xcdr__cpp_to_cpp__1000000B__10Hz__shmem_ds__best_effort,publish,pub,cpp_to_cpp,copy,std,xcdr,shmem_ds,1000000,10,1,measured,150,2026-09-09T14:36:47.248973Z,157800910950582,157800910950582,-1,-1,-1,ok,
std_copy_xcdr__cpp_to_cpp__1000000B__10Hz__shmem_ds__best_effort,publish,pub,cpp_to_cpp,copy,std,xcdr,shmem_ds,1000000,10,1,measured,151,2026-09-09T14:36:47.349237Z,157801010675128,157801010675128,-1,-1,-1,ok,
std_copy_xcdr__cpp_to_cpp__1000000B__10Hz__shmem_ds__best_effort,publish,pub,cpp_to_cpp,copy,std,xcdr,shmem_ds,1000000,10,1,measured,152,2026-09-09T14:36:47.449369Z,157801110710840,157801110710840,-1,-1,-1,ok,
std_copy_xcdr__cpp_to_cpp__1000000B__10Hz__shmem_ds__best_effort,publish,pub,cpp_to_cpp,copy,std,xcdr,shmem_ds,1000000,10,1,measured,153,2026-09-09T14:36:47.549259Z,157801211048726,157801211048726,-1,-1,-1,ok,
std_copy_xcdr__cpp_to_cpp__1000000B__10Hz__shmem_ds__best_effort,publish,pub,cpp_to_cpp,copy,std,xcdr,shmem_ds,1000000,10,1,measured,154,2026-09-09T14:36:47.649545Z,157801311488543,157801311488543,-1,-1,-1,ok,
std_copy_xcdr__cpp_to_cpp__1000000B__10Hz__shmem_ds__best_effort,publish,pub,cpp_to_cpp,copy,std,xcdr,shmem_ds,1000000,10,1,measured,155,2026-09-09T14:36:47.749942Z,157801411491585,157801411491585,-1,-1,-1,ok,
std_copy_xcdr__cpp_to_cpp__1000000B__10Hz__shmem_ds__best_effort,publish,pub,cpp_to_cpp,copy,std,xcdr,shmem_ds,1000000,10,1,measured,156,2026-09-09T14:36:47.849859Z,157801511537969,157801511537969,-1,-1,-1,ok,
std_copy_xcdr__cpp_to_cpp__1000000B__10Hz__shmem_ds__best_effort,publish,pub,cpp_to_cpp,copy,std,xcdr,shmem_ds,1000000,10,1,measured,157,2026-09-09T14:36:47.949833Z,157801611335733,157801611335733,-1,-1,-1,ok,
std_copy_xcdr__cpp_to_cpp__1000000B__10Hz__shmem_ds__best_effort,publish,pub,cpp_to_cpp,copy,std,xcdr,shmem_ds,1000000,10,1,measured,158,2026-09-09T14:36:48.049961Z,157801711915155,157801711915155,-1,-1,-1,ok,
std_copy_xcdr__cpp_to_cpp__1000000B__10Hz__shmem_ds__best_effort,publish,pub,cpp_to_cpp,copy,std,xcdr,shmem_ds,1000000,10,1,measured,159,2026-09-09T14:36:48.149665Z,157801811293046,157801811293046,-1,-1,-1,ok,
std_copy_xcdr__cpp_to_cpp__1000000B__10Hz__shmem_ds__best_effort,publish,pub,cpp_to_cpp,copy,std,xcdr,shmem_ds,1000000,10,1,measured,160,2026-09-09T14:36:48.249036Z,157801910991613,157801910991613,-1,-1,-1,ok,
std_copy_xcdr__cpp_to_cpp__1000000B__10Hz__shmem_ds__best_effort,publish,pub,cpp_to_cpp,copy,std,xcdr,shmem_ds,1000000,10,1,measured,161,2026-09-09T14:36:48.349170Z,157802011098953,157802011098953,-1,-1,-1,ok,
std_copy_xcdr__cpp_to_cpp__1000000B__10Hz__shmem_ds__best_effort,publish,pub,cpp_to_cpp,copy,std,xcdr,shmem_ds,1000000,10,1,measured,162,2026-09-09T14:36:48.448349Z,157802110262389,157802110262389,-1,-1,-1,ok,
std_copy_xcdr__cpp_to_cpp__1000000B__10Hz__shmem_ds__best_effort,publish,pub,cpp_to_cpp,copy,std,xcdr,shmem_ds,1000000,10,1,measured,163,2026-09-09T14:36:48.548021Z,157802209731402,157802209731402,-1,-1,-1,ok,
std_copy_xcdr__cpp_to_cpp__1000000B__10Hz__shmem_ds__best_effort,publish,pub,cpp_to_cpp,copy,std,xcdr,shmem_ds,1000000,10,1,measured,164,2026-09-09T14:36:48.647651Z,157802309591865,157802309591865,-1,-1,-1,ok,
std_copy_xcdr__cpp_to_cpp__1000000B__10Hz__shmem_ds__best_effort,publish,pub,cpp_to_cpp,copy,std,xcdr,shmem_ds,1000000,10,1,measured,165,2026-09-09T14:36:48.747751Z,157802409540505,157802409540505,-1,-1,-1,ok,
std_copy_xcdr__cpp_to_cpp__1000000B__10Hz__shmem_ds__best_effort,publish,pub,cpp_to_cpp,copy,std,xcdr,shmem_ds,1000000,10,1,measured,166,2026-09-09T14:36:48.847270Z,157802508978400,157802508978400,-1,-1,-1,ok,
std_copy_xcdr__cpp_to_cpp__1000000B__10Hz__shmem_ds__best_effort,publish,pub,cpp_to_cpp,copy,std,xcdr,shmem_ds,1000000,10,1,measured,167,2026-09-09T14:36:48.947362Z,157802609174678,157802609174678,-1,-1,-1,ok,
std_copy_xcdr__cpp_to_cpp__1000000B__10Hz__shmem_ds__best_effort,publish,pub,cpp_to_cpp,copy,std,xcdr,shmem_ds,1000000,10,1,measured,168,2026-09-09T14:36:49.048177Z,157802710153716,157802710153716,-1,-1,-1,ok,
std_copy_xcdr__cpp_to_cpp__1000000B__10Hz__shmem_ds__best_effort,publish,pub,cpp_to_cpp,copy,std,xcdr,shmem_ds,1000000,10,1,measured,169,2026-09-09T14:36:49.149233Z,157802810959228,157802810959228,-1,-1,-1,ok,
std_copy_xcdr__cpp_to_cpp__1000000B__10Hz__shmem_ds__best_effort,publish,pub,cpp_to_cpp,copy,std,xcdr,shmem_ds,1000000,10,1,measured,170,2026-09-09T14:36:49.248750Z,157802910720325,157802910720325,-1,-1,-1,ok,
std_copy_xcdr__cpp_to_cpp__1000000B__10Hz__shmem_ds__best_effort,publish,pub,cpp_to_cpp,copy,std,xcdr,shmem_ds,1000000,10,1,measured,171,2026-09-09T14:36:49.348748Z,157803010685366,157803010685366,-1,-1,-1,ok,
std_copy_xcdr__cpp_to_cpp__1000000B__10Hz__shmem_ds__best_effort,publish,pub,cpp_to_cpp,copy,std,xcdr,shmem_ds,1000000,10,1,measured,172,2026-09-09T14:36:49.448563Z,157803110266313,157803110266313,-1,-1,-1,ok,
std_copy_xcdr__cpp_to_cpp__1000000B__10Hz__shmem_ds__best_effort,publish,pub,cpp_to_cpp,copy,std,xcdr,shmem_ds,1000000,10,1,measured,173,2026-09-09T14:36:49.548344Z,157803210172484,157803210172484,-1,-1,-1,ok,
std_copy_xcdr__cpp_to_cpp__1000000B__10Hz__shmem_ds__best_effort,publish,pub,cpp_to_cpp,copy,std,xcdr,shmem_ds,1000000,10,1,measured,174,2026-09-09T14:36:49.647880Z,157803309793566,157803309793566,-1,-1,-1,ok,
std_copy_xcdr__cpp_to_cpp__1000000B__10Hz__shmem_ds__best_effort,publish,pub,cpp_to_cpp,copy,std,xcdr,shmem_ds,1000000,10,1,measured,175,2026-09-09T14:36:49.747440Z,157803409371436,157803409371436,-1,-1,-1,ok,
std_copy_xcdr__cpp_to_cpp__1000000B__10Hz__shmem_ds__best_effort,publish,pub,cpp_to_cpp,copy,std,xcdr,shmem_ds,1000000,10,1,measured,176,2026-09-09T14:36:49.847544Z,157803509274191,157803509274191,-1,-1,-1,ok,
std_copy_xcdr__cpp_to_cpp__1000000B__10Hz__shmem_ds__best_effort,publish,pub,cpp_to_cpp,copy,std,xcdr,shmem_ds,1000000,10,1,measured,177,2026-09-09T14:36:49.947770Z,157803609556443,157803609556443,-1,-1,-1,ok,
std_copy_xcdr__cpp_to_cpp__1000000B__10Hz__shmem_ds__best_effort,publish,pub,cpp_to_cpp,copy,std,xcdr,shmem_ds,1000000,10,1,measured,178,2026-09-09T14:36:50.046729Z,157803708682028,157803708682028,-1,-1,-1,ok,
std_copy_xcdr__cpp_to_cpp__1000000B__10Hz__shmem_ds__best_effort,publish,pub,cpp_to_cpp,copy,std,xcdr,shmem_ds,1000000,10,1,measured,179,2026-09-09T14:36:50.146769Z,157803808703117,157803808703117,-1,-1,-1,ok,
std_copy_xcdr__cpp_to_cpp__1000000B__10Hz__shmem_ds__best_effort,publish,pub,cpp_to_cpp,copy,std,xcdr,shmem_ds,1000000,10,1,measured,180,2026-09-09T14:36:50.246405Z,157803908403349,157803908403349,-1,-1,-1,ok,
std_copy_xcdr__cpp_to_cpp__1000000B__10Hz__shmem_ds__best_effort,publish,pub,cpp_to_cpp,copy,std,xcdr,shmem_ds,1000000,10,1,measured,181,2026-09-09T14:36:50.347039Z,157804008930295,157804008930295,-1,-1,-1,ok,
std_copy_xcdr__cpp_to_cpp__1000000B__10Hz__shmem_ds__best_effort,publish,pub,cpp_to_cpp,copy,std,xcdr,shmem_ds,1000000,10,1,measured,182,2026-09-09T14:36:50.447219Z,157804108793937,157804108793937,-1,-1,-1,ok,
std_copy_xcdr__cpp_to_cpp__1000000B__10Hz__shmem_ds__best_effort,publish,pub,cpp_to_cpp,copy,std,xcdr,shmem_ds,1000000,10,1,measured,183,2026-09-09T14:36:50.546328Z,157804208193410,157804208193410,-1,-1,-1,ok,
std_copy_xcdr__cpp_to_cpp__1000000B__10Hz__shmem_ds__best_effort,publish,pub,cpp_to_cpp,copy,std,xcdr,shmem_ds,1000000,10,1,measured,184,2026-09-09T14:36:50.645336Z,157804307191215,157804307191215,-1,-1,-1,ok,
std_copy_xcdr__cpp_to_cpp__1000000B__10Hz__shmem_ds__best_effort,publish,pub,cpp_to_cpp,copy,std,xcdr,shmem_ds,1000000,10,1,measured,185,2026-09-09T14:36:50.745993Z,157804407476144,157804407476144,-1,-1,-1,ok,
std_copy_xcdr__cpp_to_cpp__1000000B__10Hz__shmem_ds__best_effort,publish,pub,cpp_to_cpp,copy,std,xcdr,shmem_ds,1000000,10,1,measured,186,2026-09-09T14:36:50.845522Z,157804507018408,157804507018408,-1,-1,-1,ok,
std_copy_xcdr__cpp_to_cpp__1000000B__10Hz__shmem_ds__best_effort,publish,pub,cpp_to_cpp,copy,std,xcdr,shmem_ds,1000000,10,1,measured,187,2026-09-09T14:36:50.944845Z,157804606372176,157804606372176,-1,-1,-1,ok,
std_copy_xcdr__cpp_to_cpp__1000000B__10Hz__shmem_ds__best_effort,publish,pub,cpp_to_cpp,copy,std,xcdr,shmem_ds,1000000,10,1,measured,188,2026-09-09T14:36:51.045423Z,157804707170474,157804707170474,-1,-1,-1,ok,
std_copy_xcdr__cpp_to_cpp__1000000B__10Hz__shmem_ds__best_effort,publish,pub,cpp_to_cpp,copy,std,xcdr,shmem_ds,1000000,10,1,measured,189,2026-09-09T14:36:51.145793Z,157804807762635,157804807762635,-1,-1,-1,ok,
std_copy_xcdr__cpp_to_cpp__1000000B__10Hz__shmem_ds__best_effort,publish,pub,cpp_to_cpp,copy,std,xcdr,shmem_ds,1000000,10,1,measured,190,2026-09-09T14:36:51.245844Z,157804907579629,157804907579629,-1,-1,-1,ok,
std_copy_xcdr__cpp_to_cpp__1000000B__10Hz__shmem_ds__best_effort,publish,pub,cpp_to_cpp,copy,std,xcdr,shmem_ds,1000000,10,1,measured,191,2026-09-09T14:36:51.344996Z,157805006786951,157805006786951,-1,-1,-1,ok,
std_copy_xcdr__cpp_to_cpp__1000000B__10Hz__shmem_ds__best_effort,publish,pub,cpp_to_cpp,copy,std,xcdr,shmem_ds,1000000,10,1,measured,192,2026-09-09T14:36:51.445445Z,157805107135631,157805107135631,-1,-1,-1,ok,
std_copy_xcdr__cpp_to_cpp__1000000B__10Hz__shmem_ds__best_effort,publish,pub,cpp_to_cpp,copy,std,xcdr,shmem_ds,1000000,10,1,measured,193,2026-09-09T14:36:51.546587Z,157805208067784,157805208067784,-1,-1,-1,ok,
std_copy_xcdr__cpp_to_cpp__1000000B__10Hz__shmem_ds__best_effort,publish,pub,cpp_to_cpp,copy,std,xcdr,shmem_ds,1000000,10,1,measured,194,2026-09-09T14:36:51.645800Z,157805307603147,157805307603147,-1,-1,-1,ok,
std_copy_xcdr__cpp_to_cpp__1000000B__10Hz__shmem_ds__best_effort,publish,pub,cpp_to_cpp,copy,std,xcdr,shmem_ds,1000000,10,1,measured,195,2026-09-09T14:36:51.744775Z,157805406753451,157805406753451,-1,-1,-1,ok,
std_copy_xcdr__cpp_to_cpp__1000000B__10Hz__shmem_ds__best_effort,publish,pub,cpp_to_cpp,copy,std,xcdr,shmem_ds,1000000,10,1,measured,196,2026-09-09T14:36:51.845217Z,157805507018653,157805507018653,-1,-1,-1,ok,
std_copy_xcdr__cpp_to_cpp__1000000B__10Hz__shmem_ds__best_effort,publish,pub,cpp_to_cpp,copy,std,xcdr,shmem_ds,1000000,10,1,measured,197,2026-09-09T14:36:51.945349Z,157805607165181,157805607165181,-1,-1,-1,ok,
std_copy_xcdr__cpp_to_cpp__1000000B__10Hz__shmem_ds__best_effort,publish,pub,cpp_to_cpp,copy,std,xcdr,shmem_ds,1000000,10,1,measured,198,2026-09-09T14:36:52.044813Z,157805706521866,157805706521866,-1,-1,-1,ok,
std_copy_xcdr__cpp_to_cpp__1000000B__10Hz__shmem_ds__best_effort,publish,pub,cpp_to_cpp,copy,std,xcdr,shmem_ds,1000000,10,1,measured,199,2026-09-09T14:36:52.145326Z,157805807296683,157805807296683,-1,-1,-1,ok,
std_copy_xcdr__cpp_to_cpp__1000000B__10Hz__shmem_ds__best_effort,publish,pub,cpp_to_cpp,copy,std,xcdr,shmem_ds,1000000,10,1,measured,200,2026-09-09T14:36:52.245247Z,157805907192087,157805907192087,-1,-1,-1,ok,
std_copy_xcdr__cpp_to_cpp__1000000B__10Hz__shmem_ds__best_effort,publish,pub,cpp_to_cpp,copy,std,xcdr,shmem_ds,1000000,10,1,measured,201,2026-09-09T14:36:52.344569Z,157806006399690,157806006399690,-1,-1,-1,ok,
std_copy_xcdr__cpp_to_cpp__1000000B__10Hz__shmem_ds__best_effort,publish,pub,cpp_to_cpp,copy,std,xcdr,shmem_ds,1000000,10,1,measured,202,2026-09-09T14:36:52.444176Z,157806105726360,157806105726360,-1,-1,-1,ok,
std_copy_xcdr__cpp_to_cpp__1000000B__10Hz__shmem_ds__best_effort,publish,pub,cpp_to_cpp,copy,std,xcdr,shmem_ds,1000000,10,1,measured,203,2026-09-09T14:36:52.545042Z,157806206547143,157806206547143,-1,-1,-1,ok,
std_copy_xcdr__cpp_to_cpp__1000000B__10Hz__shmem_ds__best_effort,publish,pub,cpp_to_cpp,copy,std,xcdr,shmem_ds,1000000,10,1,measured,204,2026-09-09T14:36:52.644644Z,157806306453999,157806306453999,-1,-1,-1,ok,
std_copy_xcdr__cpp_to_cpp__1000000B__10Hz__shmem_ds__best_effort,publish,pub,cpp_to_cpp,copy,std,xcdr,shmem_ds,1000000,10,1,measured,205,2026-09-09T14:36:52.745321Z,157806407090373,157806407090373,-1,-1,-1,ok,
std_copy_xcdr__cpp_to_cpp__1000000B__10Hz__shmem_ds__best_effort,publish,pub,cpp_to_cpp,copy,std,xcdr,shmem_ds,1000000,10,1,measured,206,2026-09-09T14:36:52.845155Z,157806506925062,157806506925062,-1,-1,-1,ok,
std_copy_xcdr__cpp_to_cpp__1000000B__10Hz__shmem_ds__best_effort,publish,pub,cpp_to_cpp,copy,std,xcdr,shmem_ds,1000000,10,1,measured,207,2026-09-09T14:36:52.944973Z,157806606778918,157806606778918,-1,-1,-1,ok,
std_copy_xcdr__cpp_to_cpp__1000000B__10Hz__shmem_ds__best_effort,publish,pub,cpp_to_cpp,copy,std,xcdr,shmem_ds,1000000,10,1,measured,208,2026-09-09T14:36:53.044584Z,157806706427807,157806706427807,-1,-1,-1,ok,
std_copy_xcdr__cpp_to_cpp__1000000B__10Hz__shmem_ds__best_effort,publish,pub,cpp_to_cpp,copy,std,xcdr,shmem_ds,1000000,10,1,measured,209,2026-09-09T14:36:53.143627Z,157806805629219,157806805629219,-1,-1,-1,ok,
std_copy_xcdr__cpp_to_cpp__1000000B__10Hz__shmem_ds__best_effort,publish,pub,cpp_to_cpp,copy,std,xcdr,shmem_ds,1000000,10,1,measured,210,2026-09-09T14:36:53.243071Z,157806905018186,157806905018186,-1,-1,-1,ok,
std_copy_xcdr__cpp_to_cpp__1000000B__10Hz__shmem_ds__best_effort,publish,pub,cpp_to_cpp,copy,std,xcdr,shmem_ds,1000000,10,1,measured,211,2026-09-09T14:36:53.342526Z,157807004503306,157807004503306,-1,-1,-1,ok,
std_copy_xcdr__cpp_to_cpp__1000000B__10Hz__shmem_ds__best_effort,publish,pub,cpp_to_cpp,copy,std,xcdr,shmem_ds,1000000,10,1,measured,212,2026-09-09T14:36:53.443412Z,157807105262766,157807105262766,-1,-1,-1,ok,
std_copy_xcdr__cpp_to_cpp__1000000B__10Hz__shmem_ds__best_effort,publish,pub,cpp_to_cpp,copy,std,xcdr,shmem_ds,1000000,10,1,measured,213,2026-09-09T14:36:53.543491Z,157807205150815,157807205150815,-1,-1,-1,ok,
std_copy_xcdr__cpp_to_cpp__1000000B__10Hz__shmem_ds__best_effort,publish,pub,cpp_to_cpp,copy,std,xcdr,shmem_ds,1000000,10,1,measured,214,2026-09-09T14:36:53.642744Z,157807304563448,157807304563448,-1,-1,-1,ok,
std_copy_xcdr__cpp_to_cpp__1000000B__10Hz__shmem_ds__best_effort,publish,pub,cpp_to_cpp,copy,std,xcdr,shmem_ds,1000000,10,1,measured,215,2026-09-09T14:36:53.741903Z,157807403887302,157807403887302,-1,-1,-1,ok,
std_copy_xcdr__cpp_to_cpp__1000000B__10Hz__shmem_ds__best_effort,publish,pub,cpp_to_cpp,copy,std,xcdr,shmem_ds,1000000,10,1,measured,216,2026-09-09T14:36:53.841537Z,157807503240052,157807503240052,-1,-1,-1,ok,
std_copy_xcdr__cpp_to_cpp__1000000B__10Hz__shmem_ds__best_effort,publish,pub,cpp_to_cpp,copy,std,xcdr,shmem_ds,1000000,10,1,measured,217,2026-09-09T14:36:53.940773Z,157807602557624,157807602557624,-1,-1,-1,ok,
std_copy_xcdr__cpp_to_cpp__1000000B__10Hz__shmem_ds__best_effort,publish,pub,cpp_to_cpp,copy,std,xcdr,shmem_ds,1000000,10,1,measured,218,2026-09-09T14:36:54.040209Z,157807701804514,157807701804514,-1,-1,-1,ok,
std_copy_xcdr__cpp_to_cpp__1000000B__10Hz__shmem_ds__best_effort,publish,pub,cpp_to_cpp,copy,std,xcdr,shmem_ds,1000000,10,1,measured,219,2026-09-09T14:36:54.139249Z,157807801222006,157807801222006,-1,-1,-1,ok,
std_copy_xcdr__cpp_to_cpp__1000000B__10Hz__shmem_ds__best_effort,publish,pub,cpp_to_cpp,copy,std,xcdr,shmem_ds,1000000,10,1,measured,220,2026-09-09T14:36:54.240190Z,157807902127752,157807902127752,-1,-1,-1,ok,
std_copy_xcdr__cpp_to_cpp__1000000B__10Hz__shmem_ds__best_effort,publish,pub,cpp_to_cpp,copy,std,xcdr,shmem_ds,1000000,10,1,measured,221,2026-09-09T14:36:54.340012Z,157808001976350,157808001976350,-1,-1,-1,ok,
std_copy_xcdr__cpp_to_cpp__1000000B__10Hz__shmem_ds__best_effort,publish,pub,cpp_to_cpp,copy,std,xcdr,shmem_ds,1000000,10,1,measured,222,2026-09-09T14:36:54.440015Z,157808101765996,157808101765996,-1,-1,-1,ok,
std_copy_xcdr__cpp_to_cpp__1000000B__10Hz__shmem_ds__best_effort,publish,pub,cpp_to_cpp,copy,std,xcdr,shmem_ds,1000000,10,1,measured,223,2026-09-09T14:36:54.539219Z,157808201011333,157808201011333,-1,-1,-1,ok,
std_copy_xcdr__cpp_to_cpp__1000000B__10Hz__shmem_ds__best_effort,publish,pub,cpp_to_cpp,copy,std,xcdr,shmem_ds,1000000,10,1,measured,224,2026-09-09T14:36:54.638523Z,157808300291958,157808300291958,-1,-1,-1,ok,
std_copy_xcdr__cpp_to_cpp__1000000B__10Hz__shmem_ds__best_effort,publish,pub,cpp_to_cpp,copy,std,xcdr,shmem_ds,1000000,10,1,measured,225,2026-09-09T14:36:54.738299Z,157808400093326,157808400093326,-1,-1,-1,ok,
std_copy_xcdr__cpp_to_cpp__1000000B__10Hz__shmem_ds__best_effort,publish,pub,cpp_to_cpp,copy,std,xcdr,shmem_ds,1000000,10,1,measured,226,2026-09-09T14:36:54.837775Z,157808499489889,157808499489889,-1,-1,-1,ok,
std_copy_xcdr__cpp_to_cpp__1000000B__10Hz__shmem_ds__best_effort,publish,pub,cpp_to_cpp,copy,std,xcdr,shmem_ds,1000000,10,1,measured,227,2026-09-09T14:36:54.936947Z,157808598811922,157808598811922,-1,-1,-1,ok,
std_copy_xcdr__cpp_to_cpp__1000000B__10Hz__shmem_ds__best_effort,publish,pub,cpp_to_cpp,copy,std,xcdr,shmem_ds,1000000,10,1,measured,228,2026-09-09T14:36:55.037133Z,157808698491349,157808698491349,-1,-1,-1,ok,
std_copy_xcdr__cpp_to_cpp__1000000B__10Hz__shmem_ds__best_effort,publish,pub,cpp_to_cpp,copy,std,xcdr,shmem_ds,1000000,10,1,measured,229,2026-09-09T14:36:55.137343Z,157808799177833,157808799177833,-1,-1,-1,ok,
std_copy_xcdr__cpp_to_cpp__1000000B__10Hz__shmem_ds__best_effort,publish,pub,cpp_to_cpp,copy,std,xcdr,shmem_ds,1000000,10,1,measured,230,2026-09-09T14:36:55.237607Z,157808899474389,157808899474389,-1,-1,-1,ok,
std_copy_xcdr__cpp_to_cpp__1000000B__10Hz__shmem_ds__best_effort,publish,pub,cpp_to_cpp,copy,std,xcdr,shmem_ds,1000000,10,1,measured,231,2026-09-09T14:36:55.337647Z,157808999127308,157808999127308,-1,-1,-1,ok,
std_copy_xcdr__cpp_to_cpp__1000000B__10Hz__shmem_ds__best_effort,publish,pub,cpp_to_cpp,copy,std,xcdr,shmem_ds,1000000,10,1,measured,232,2026-09-09T14:36:55.438479Z,157809099988992,157809099988992,-1,-1,-1,ok,
std_copy_xcdr__cpp_to_cpp__1000000B__10Hz__shmem_ds__best_effort,publish,pub,cpp_to_cpp,copy,std,xcdr,shmem_ds,1000000,10,1,measured,233,2026-09-09T14:36:55.537974Z,157809199756617,157809199756617,-1,-1,-1,ok,
std_copy_xcdr__cpp_to_cpp__1000000B__10Hz__shmem_ds__best_effort,publish,pub,cpp_to_cpp,copy,std,xcdr,shmem_ds,1000000,10,1,measured,234,2026-09-09T14:36:55.638155Z,157809299936443,157809299936443,-1,-1,-1,ok,
std_copy_xcdr__cpp_to_cpp__1000000B__10Hz__shmem_ds__best_effort,publish,pub,cpp_to_cpp,copy,std,xcdr,shmem_ds,1000000,10,1,measured,235,2026-09-09T14:36:55.737988Z,157809399951356,157809399951356,-1,-1,-1,ok,
std_copy_xcdr__cpp_to_cpp__1000000B__10Hz__shmem_ds__best_effort,publish,pub,cpp_to_cpp,copy,std,xcdr,shmem_ds,1000000,10,1,measured,236,2026-09-09T14:36:55.837988Z,157809499796789,157809499796789,-1,-1,-1,ok,
std_copy_xcdr__cpp_to_cpp__1000000B__10Hz__shmem_ds__best_effort,publish,pub,cpp_to_cpp,copy,std,xcdr,shmem_ds,1000000,10,1,measured,237,2026-09-09T14:36:55.938455Z,157809600062656,157809600062656,-1,-1,-1,ok,
std_copy_xcdr__cpp_to_cpp__1000000B__10Hz__shmem_ds__best_effort,publish,pub,cpp_to_cpp,copy,std,xcdr,shmem_ds,1000000,10,1,measured,238,2026-09-09T14:36:56.039350Z,157809700931995,157809700931995,-1,-1,-1,ok,
std_copy_xcdr__cpp_to_cpp__1000000B__10Hz__shmem_ds__best_effort,publish,pub,cpp_to_cpp,copy,std,xcdr,shmem_ds,1000000,10,1,measured,239,2026-09-09T14:36:56.138515Z,157809800291110,157809800291110,-1,-1,-1,ok,
std_copy_xcdr__cpp_to_cpp__1000000B__10Hz__shmem_ds__best_effort,publish,pub,cpp_to_cpp,copy,std,xcdr,shmem_ds,1000000,10,1,measured,240,2026-09-09T14:36:56.238194Z,157809900139709,157809900139709,-1,-1,-1,ok,
std_copy_xcdr__cpp_to_cpp__1000000B__10Hz__shmem_ds__best_effort,publish,pub,cpp_to_cpp,copy,std,xcdr,shmem_ds,1000000,10,1,measured,241,2026-09-09T14:36:56.339225Z,157810000795796,157810000795796,-1,-1,-1,ok,
std_copy_xcdr__cpp_to_cpp__1000000B__10Hz__shmem_ds__best_effort,publish,pub,cpp_to_cpp,copy,std,xcdr,shmem_ds,1000000,10,1,measured,242,2026-09-09T14:36:56.439287Z,157810101080591,157810101080591,-1,-1,-1,ok,
std_copy_xcdr__cpp_to_cpp__1000000B__10Hz__shmem_ds__best_effort,publish,pub,cpp_to_cpp,copy,std,xcdr,shmem_ds,1000000,10,1,measured,243,2026-09-09T14:36:56.538440Z,157810200242283,157810200242283,-1,-1,-1,ok,
std_copy_xcdr__cpp_to_cpp__1000000B__10Hz__shmem_ds__best_effort,publish,pub,cpp_to_cpp,copy,std,xcdr,shmem_ds,1000000,10,1,measured,244,2026-09-09T14:36:56.638907Z,157810300795795,157810300795795,-1,-1,-1,ok,
std_copy_xcdr__cpp_to_cpp__1000000B__10Hz__shmem_ds__best_effort,publish,pub,cpp_to_cpp,copy,std,xcdr,shmem_ds,1000000,10,1,measured,245,2026-09-09T14:36:56.739260Z,157810401015337,157810401015337,-1,-1,-1,ok,
std_copy_xcdr__cpp_to_cpp__1000000B__10Hz__shmem_ds__best_effort,publish,pub,cpp_to_cpp,copy,std,xcdr,shmem_ds,1000000,10,1,measured,246,2026-09-09T14:36:56.840135Z,157810501878465,157810501878465,-1,-1,-1,ok,
std_copy_xcdr__cpp_to_cpp__1000000B__10Hz__shmem_ds__best_effort,publish,pub,cpp_to_cpp,copy,std,xcdr,shmem_ds,1000000,10,1,measured,247,2026-09-09T14:36:56.939759Z,157810601339282,157810601339282,-1,-1,-1,ok,
std_copy_xcdr__cpp_to_cpp__1000000B__10Hz__shmem_ds__best_effort,publish,pub,cpp_to_cpp,copy,std,xcdr,shmem_ds,1000000,10,1,measured,248,2026-09-09T14:36:57.040558Z,157810702074919,157810702074919,-1,-1,-1,ok,
std_copy_xcdr__cpp_to_cpp__1000000B__10Hz__shmem_ds__best_effort,publish,pub,cpp_to_cpp,copy,std,xcdr,shmem_ds,1000000,10,1,measured,249,2026-09-09T14:36:57.139586Z,157810801506983,157810801506983,-1,-1,-1,ok,
std_copy_xcdr__cpp_to_cpp__1000000B__10Hz__shmem_ds__best_effort,publish,pub,cpp_to_cpp,copy,std,xcdr,shmem_ds,1000000,10,1,measured,250,2026-09-09T14:36:57.239321Z,157810901327521,157810901327521,-1,-1,-1,ok,
std_copy_xcdr__cpp_to_cpp__1000000B__10Hz__shmem_ds__best_effort,publish,pub,cpp_to_cpp,copy,std,xcdr,shmem_ds,1000000,10,1,measured,251,2026-09-09T14:36:57.339232Z,157811001158930,157811001158930,-1,-1,-1,ok,
std_copy_xcdr__cpp_to_cpp__1000000B__10Hz__shmem_ds__best_effort,publish,pub,cpp_to_cpp,copy,std,xcdr,shmem_ds,1000000,10,1,measured,252,2026-09-09T14:36:57.439431Z,157811101415353,157811101415353,-1,-1,-1,ok,
std_copy_xcdr__cpp_to_cpp__1000000B__10Hz__shmem_ds__best_effort,publish,pub,cpp_to_cpp,copy,std,xcdr,shmem_ds,1000000,10,1,measured,253,2026-09-09T14:36:57.540493Z,157811202263934,157811202263934,-1,-1,-1,ok,
std_copy_xcdr__cpp_to_cpp__1000000B__10Hz__shmem_ds__best_effort,publish,pub,cpp_to_cpp,copy,std,xcdr,shmem_ds,1000000,10,1,measured,254,2026-09-09T14:36:57.640832Z,157811302710605,157811302710605,-1,-1,-1,ok,
std_copy_xcdr__cpp_to_cpp__1000000B__10Hz__shmem_ds__best_effort,publish,pub,cpp_to_cpp,copy,std,xcdr,shmem_ds,1000000,10,1,measured,255,2026-09-09T14:36:57.740521Z,157811402281833,157811402281833,-1,-1,-1,ok,
std_copy_xcdr__cpp_to_cpp__1000000B__10Hz__shmem_ds__best_effort,publish,pub,cpp_to_cpp,copy,std,xcdr,shmem_ds,1000000,10,1,measured,256,2026-09-09T14:36:57.839834Z,157811501643783,157811501643783,-1,-1,-1,ok,
std_copy_xcdr__cpp_to_cpp__1000000B__10Hz__shmem_ds__best_effort,publish,pub,cpp_to_cpp,copy,std,xcdr,shmem_ds,1000000,10,1,measured,257,2026-09-09T14:36:57.939363Z,157811601142753,157811601142753,-1,-1,-1,ok,
std_copy_xcdr__cpp_to_cpp__1000000B__10Hz__shmem_ds__best_effort,publish,pub,cpp_to_cpp,copy,std,xcdr,shmem_ds,1000000,10,1,measured,258,2026-09-09T14:36:58.039299Z,157811700863093,157811700863093,-1,-1,-1,ok,
std_copy_xcdr__cpp_to_cpp__1000000B__10Hz__shmem_ds__best_effort,publish,pub,cpp_to_cpp,copy,std,xcdr,shmem_ds,1000000,10,1,measured,259,2026-09-09T14:36:58.138154Z,157811799980623,157811799980623,-1,-1,-1,ok,
std_copy_xcdr__cpp_to_cpp__1000000B__10Hz__shmem_ds__best_effort,publish,pub,cpp_to_cpp,copy,std,xcdr,shmem_ds,1000000,10,1,measured,260,2026-09-09T14:36:58.237294Z,157811899288773,157811899288773,-1,-1,-1,ok,
std_copy_xcdr__cpp_to_cpp__1000000B__10Hz__shmem_ds__best_effort,publish,pub,cpp_to_cpp,copy,std,xcdr,shmem_ds,1000000,10,1,measured,261,2026-09-09T14:36:58.336447Z,157811998378571,157811998378571,-1,-1,-1,ok,
std_copy_xcdr__cpp_to_cpp__1000000B__10Hz__shmem_ds__best_effort,publish,pub,cpp_to_cpp,copy,std,xcdr,shmem_ds,1000000,10,1,measured,262,2026-09-09T14:36:58.435439Z,157812097410358,157812097410358,-1,-1,-1,ok,
std_copy_xcdr__cpp_to_cpp__1000000B__10Hz__shmem_ds__best_effort,publish,pub,cpp_to_cpp,copy,std,xcdr,shmem_ds,1000000,10,1,measured,263,2026-09-09T14:36:58.535490Z,157812197315877,157812197315877,-1,-1,-1,ok,
std_copy_xcdr__cpp_to_cpp__1000000B__10Hz__shmem_ds__best_effort,publish,pub,cpp_to_cpp,copy,std,xcdr,shmem_ds,1000000,10,1,measured,264,2026-09-09T14:36:58.634892Z,157812296786485,157812296786485,-1,-1,-1,ok,
std_copy_xcdr__cpp_to_cpp__1000000B__10Hz__shmem_ds__best_effort,publish,pub,cpp_to_cpp,copy,std,xcdr,shmem_ds,1000000,10,1,measured,265,2026-09-09T14:36:58.734321Z,157812395844633,157812395844633,-1,-1,-1,ok,
std_copy_xcdr__cpp_to_cpp__1000000B__10Hz__shmem_ds__best_effort,publish,pub,cpp_to_cpp,copy,std,xcdr,shmem_ds,1000000,10,1,measured,266,2026-09-09T14:36:58.834282Z,157812495559803,157812495559803,-1,-1,-1,ok,
std_copy_xcdr__cpp_to_cpp__1000000B__10Hz__shmem_ds__best_effort,publish,pub,cpp_to_cpp,copy,std,xcdr,shmem_ds,1000000,10,1,measured,267,2026-09-09T14:36:58.933880Z,157812595653128,157812595653128,-1,-1,-1,ok,
std_copy_xcdr__cpp_to_cpp__1000000B__10Hz__shmem_ds__best_effort,publish,pub,cpp_to_cpp,copy,std,xcdr,shmem_ds,1000000,10,1,measured,268,2026-09-09T14:36:59.033470Z,157812695018397,157812695018397,-1,-1,-1,ok,
std_copy_xcdr__cpp_to_cpp__1000000B__10Hz__shmem_ds__best_effort,publish,pub,cpp_to_cpp,copy,std,xcdr,shmem_ds,1000000,10,1,measured,269,2026-09-09T14:36:59.133500Z,157812795383888,157812795383888,-1,-1,-1,ok,
std_copy_xcdr__cpp_to_cpp__1000000B__10Hz__shmem_ds__best_effort,publish,pub,cpp_to_cpp,copy,std,xcdr,shmem_ds,1000000,10,1,measured,270,2026-09-09T14:36:59.234045Z,157812895962191,157812895962191,-1,-1,-1,ok,
std_copy_xcdr__cpp_to_cpp__1000000B__10Hz__shmem_ds__best_effort,publish,pub,cpp_to_cpp,copy,std,xcdr,shmem_ds,1000000,10,1,measured,271,2026-09-09T14:36:59.334081Z,157812995983732,157812995983732,-1,-1,-1,ok,
std_copy_xcdr__cpp_to_cpp__1000000B__10Hz__shmem_ds__best_effort,publish,pub,cpp_to_cpp,copy,std,xcdr,shmem_ds,1000000,10,1,measured,272,2026-09-09T14:36:59.433138Z,157813095130458,157813095130458,-1,-1,-1,ok,
std_copy_xcdr__cpp_to_cpp__1000000B__10Hz__shmem_ds__best_effort,publish,pub,cpp_to_cpp,copy,std,xcdr,shmem_ds,1000000,10,1,measured,273,2026-09-09T14:36:59.532463Z,157813194250514,157813194250514,-1,-1,-1,ok,
std_copy_xcdr__cpp_to_cpp__1000000B__10Hz__shmem_ds__best_effort,publish,pub,cpp_to_cpp,copy,std,xcdr,shmem_ds,1000000,10,1,measured,274,2026-09-09T14:36:59.632787Z,157813294420364,157813294420364,-1,-1,-1,ok,
std_copy_xcdr__cpp_to_cpp__1000000B__10Hz__shmem_ds__best_effort,publish,pub,cpp_to_cpp,copy,std,xcdr,shmem_ds,1000000,10,1,measured,275,2026-09-09T14:36:59.733538Z,157813395372684,157813395372684,-1,-1,-1,ok,
std_copy_xcdr__cpp_to_cpp__1000000B__10Hz__shmem_ds__best_effort,publish,pub,cpp_to_cpp,copy,std,xcdr,shmem_ds,1000000,10,1,measured,276,2026-09-09T14:36:59.833567Z,157813495429402,157813495429402,-1,-1,-1,ok,
std_copy_xcdr__cpp_to_cpp__1000000B__10Hz__shmem_ds__best_effort,publish,pub,cpp_to_cpp,copy,std,xcdr,shmem_ds,1000000,10,1,measured,277,2026-09-09T14:36:59.933066Z,157813594772910,157813594772910,-1,-1,-1,ok,
std_copy_xcdr__cpp_to_cpp__1000000B__10Hz__shmem_ds__best_effort,publish,pub,cpp_to_cpp,copy,std,xcdr,shmem_ds,1000000,10,1,measured,278,2026-09-09T14:37:00.033800Z,157813695250082,157813695250082,-1,-1,-1,ok,
std_copy_xcdr__cpp_to_cpp__1000000B__10Hz__shmem_ds__best_effort,publish,pub,cpp_to_cpp,copy,std,xcdr,shmem_ds,1000000,10,1,measured,279,2026-09-09T14:37:00.132847Z,157813794457455,157813794457455,-1,-1,-1,ok,
std_copy_xcdr__cpp_to_cpp__1000000B__10Hz__shmem_ds__best_effort,publish,pub,cpp_to_cpp,copy,std,xcdr,shmem_ds,1000000,10,1,measured,280,2026-09-09T14:37:00.232500Z,157813894512640,157813894512640,-1,-1,-1,ok,
std_copy_xcdr__cpp_to_cpp__1000000B__10Hz__shmem_ds__best_effort,publish,pub,cpp_to_cpp,copy,std,xcdr,shmem_ds,1000000,10,1,measured,281,2026-09-09T14:37:00.333721Z,157813995247380,157813995247380,-1,-1,-1,ok,
std_copy_xcdr__cpp_to_cpp__1000000B__10Hz__shmem_ds__best_effort,publish,pub,cpp_to_cpp,copy,std,xcdr,shmem_ds,1000000,10,1,measured,282,2026-09-09T14:37:00.434149Z,157814096081037,157814096081037,-1,-1,-1,ok,
std_copy_xcdr__cpp_to_cpp__1000000B__10Hz__shmem_ds__best_effort,publish,pub,cpp_to_cpp,copy,std,xcdr,shmem_ds,1000000,10,1,measured,283,2026-09-09T14:37:00.533637Z,157814195386895,157814195386895,-1,-1,-1,ok,
std_copy_xcdr__cpp_to_cpp__1000000B__10Hz__shmem_ds__best_effort,publish,pub,cpp_to_cpp,copy,std,xcdr,shmem_ds,1000000,10,1,measured,284,2026-09-09T14:37:00.634487Z,157814295945642,157814295945642,-1,-1,-1,ok,
std_copy_xcdr__cpp_to_cpp__1000000B__10Hz__shmem_ds__best_effort,publish,pub,cpp_to_cpp,copy,std,xcdr,shmem_ds,1000000,10,1,measured,285,2026-09-09T14:37:00.735106Z,157814396835826,157814396835826,-1,-1,-1,ok,
std_copy_xcdr__cpp_to_cpp__1000000B__10Hz__shmem_ds__best_effort,publish,pub,cpp_to_cpp,copy,std,xcdr,shmem_ds,1000000,10,1,measured,286,2026-09-09T14:37:00.835202Z,157814496910227,157814496910227,-1,-1,-1,ok,
std_copy_xcdr__cpp_to_cpp__1000000B__10Hz__shmem_ds__best_effort,publish,pub,cpp_to_cpp,copy,std,xcdr,shmem_ds,1000000,10,1,measured,287,2026-09-09T14:37:00.935442Z,157814597342235,157814597342235,-1,-1,-1,ok,
std_copy_xcdr__cpp_to_cpp__1000000B__10Hz__shmem_ds__best_effort,publish,pub,cpp_to_cpp,copy,std,xcdr,shmem_ds,1000000,10,1,measured,288,2026-09-09T14:37:01.035198Z,157814696651128,157814696651128,-1,-1,-1,ok,
std_copy_xcdr__cpp_to_cpp__1000000B__10Hz__shmem_ds__best_effort,publish,pub,cpp_to_cpp,copy,std,xcdr,shmem_ds,1000000,10,1,measured,289,2026-09-09T14:37:01.136222Z,157814797620574,157814797620574,-1,-1,-1,ok,
std_copy_xcdr__cpp_to_cpp__1000000B__10Hz__shmem_ds__best_effort,publish,pub,cpp_to_cpp,copy,std,xcdr,shmem_ds,1000000,10,1,measured,290,2026-09-09T14:37:01.235276Z,157814896823709,157814896823709,-1,-1,-1,ok,
std_copy_xcdr__cpp_to_cpp__1000000B__10Hz__shmem_ds__best_effort,publish,pub,cpp_to_cpp,copy,std,xcdr,shmem_ds,1000000,10,1,measured,291,2026-09-09T14:37:01.334328Z,157814996120932,157814996120932,-1,-1,-1,ok,
std_copy_xcdr__cpp_to_cpp__1000000B__10Hz__shmem_ds__best_effort,publish,pub,cpp_to_cpp,copy,std,xcdr,shmem_ds,1000000,10,1,measured,292,2026-09-09T14:37:01.434903Z,157815096776864,157815096776864,-1,-1,-1,ok,
std_copy_xcdr__cpp_to_cpp__1000000B__10Hz__shmem_ds__best_effort,publish,pub,cpp_to_cpp,copy,std,xcdr,shmem_ds,1000000,10,1,measured,293,2026-09-09T14:37:01.534976Z,157815196705361,157815196705361,-1,-1,-1,ok,
std_copy_xcdr__cpp_to_cpp__1000000B__10Hz__shmem_ds__best_effort,publish,pub,cpp_to_cpp,copy,std,xcdr,shmem_ds,1000000,10,1,measured,294,2026-09-09T14:37:01.635344Z,157815297107282,157815297107282,-1,-1,-1,ok,
std_copy_xcdr__cpp_to_cpp__1000000B__10Hz__shmem_ds__best_effort,publish,pub,cpp_to_cpp,copy,std,xcdr,shmem_ds,1000000,10,1,measured,295,2026-09-09T14:37:01.736031Z,157815398010522,157815398010522,-1,-1,-1,ok,
std_copy_xcdr__cpp_to_cpp__1000000B__10Hz__shmem_ds__best_effort,publish,pub,cpp_to_cpp,copy,std,xcdr,shmem_ds,1000000,10,1,measured,296,2026-09-09T14:37:01.836184Z,157815497978353,157815497978353,-1,-1,-1,ok,
std_copy_xcdr__cpp_to_cpp__1000000B__10Hz__shmem_ds__best_effort,publish,pub,cpp_to_cpp,copy,std,xcdr,shmem_ds,1000000,10,1,measured,297,2026-09-09T14:37:01.935102Z,157815597019012,157815597019012,-1,-1,-1,ok,
std_copy_xcdr__cpp_to_cpp__1000000B__10Hz__shmem_ds__best_effort,publish,pub,cpp_to_cpp,copy,std,xcdr,shmem_ds,1000000,10,1,measured,298,2026-09-09T14:37:02.036453Z,157815697948831,157815697948831,-1,-1,-1,ok,
std_copy_xcdr__cpp_to_cpp__1000000B__10Hz__shmem_ds__best_effort,publish,pub,cpp_to_cpp,copy,std,xcdr,shmem_ds,1000000,10,1,measured,299,2026-09-09T14:37:02.136319Z,157815798270412,157815798270412,-1,-1,-1,ok,
std_copy_xcdr__cpp_to_cpp__1000000B__10Hz__shmem_ds__best_effort,publish,pub,cpp_to_cpp,copy,std,xcdr,shmem_ds,1000000,10,1,measured,300,2026-09-09T14:37:02.236233Z,157815898178751,157815898178751,-1,-1,-1,ok,
std_copy_xcdr__cpp_to_cpp__1000000B__10Hz__shmem_ds__best_effort,receive,sub,cpp_to_cpp,copy,std,xcdr,shmem_ds,1000000,10,1,measured,0,2026-09-09T14:36:32.250368Z,157785912567311,157785910057466,157785912567311,1788964592247871346,1788964592249723758,ok,
std_copy_xcdr__cpp_to_cpp__1000000B__10Hz__shmem_ds__best_effort,receive,sub,cpp_to_cpp,copy,std,xcdr,shmem_ds,1000000,10,1,measured,1,2026-09-09T14:36:32.349767Z,157786011966584,157786010626069,157786011966584,1788964592348437134,1788964592349094647,ok,
std_copy_xcdr__cpp_to_cpp__1000000B__10Hz__shmem_ds__best_effort,receive,sub,cpp_to_cpp,copy,std,xcdr,shmem_ds,1000000,10,1,measured,2,2026-09-09T14:36:32.449487Z,157786111685050,157786110910055,157786111685050,1788964592448723484,1788964592449285086,ok,
std_copy_xcdr__cpp_to_cpp__1000000B__10Hz__shmem_ds__best_effort,receive,sub,cpp_to_cpp,copy,std,xcdr,shmem_ds,1000000,10,1,measured,3,2026-09-09T14:36:32.549795Z,157786211993932,157786211409637,157786211993932,1788964592549221804,1788964592549651186,ok,
std_copy_xcdr__cpp_to_cpp__1000000B__10Hz__shmem_ds__best_effort,receive,sub,cpp_to_cpp,copy,std,xcdr,shmem_ds,1000000,10,1,measured,4,2026-09-09T14:36:32.649088Z,157786311287225,157786310686188,157786311287225,1788964592648499498,1788964592648919021,ok,
std_copy_xcdr__cpp_to_cpp__1000000B__10Hz__shmem_ds__best_effort,receive,sub,cpp_to_cpp,copy,std,xcdr,shmem_ds,1000000,10,1,measured,5,2026-09-09T14:36:32.749986Z,157786412184660,157786411492402,157786412184660,1788964592749308276,1788964592749811437,ok,
std_copy_xcdr__cpp_to_cpp__1000000B__10Hz__shmem_ds__best_effort,receive,sub,cpp_to_cpp,copy,std,xcdr,shmem_ds,1000000,10,1,measured,6,2026-09-09T14:36:32.849253Z,157786511452294,157786510687678,157786511452294,1788964592848509363,1788964592849099018,ok,
std_copy_xcdr__cpp_to_cpp__1000000B__10Hz__shmem_ds__best_effort,receive,sub,cpp_to_cpp,copy,std,xcdr,shmem_ds,1000000,10,1,measured,7,2026-09-09T14:36:32.949346Z,157786611544407,157786610829977,157786611544407,1788964592948650660,1788964592949203926,ok,
std_copy_xcdr__cpp_to_cpp__1000000B__10Hz__shmem_ds__best_effort,receive,sub,cpp_to_cpp,copy,std,xcdr,shmem_ds,1000000,10,1,measured,8,2026-09-09T14:36:33.049125Z,157786711324039,157786710575564,157786711324039,1788964593048388523,1788964593048953952,ok,
std_copy_xcdr__cpp_to_cpp__1000000B__10Hz__shmem_ds__best_effort,receive,sub,cpp_to_cpp,copy,std,xcdr,shmem_ds,1000000,10,1,measured,9,2026-09-09T14:36:33.148505Z,157786810703695,157786810119972,157786810703695,1788964593147930125,1788964593148355079,ok,
std_copy_xcdr__cpp_to_cpp__1000000B__10Hz__shmem_ds__best_effort,receive,sub,cpp_to_cpp,copy,std,xcdr,shmem_ds,1000000,10,1,measured,10,2026-09-09T14:36:33.248188Z,157786910386858,157786909903173,157786910386858,1788964593247712104,1788964593248061475,ok,
std_copy_xcdr__cpp_to_cpp__1000000B__10Hz__shmem_ds__best_effort,receive,sub,cpp_to_cpp,copy,std,xcdr,shmem_ds,1000000,10,1,measured,11,2026-09-09T14:36:33.347318Z,157787009517474,157787008930114,157787009517474,1788964593346738964,1788964593347170500,ok,
std_copy_xcdr__cpp_to_cpp__1000000B__10Hz__shmem_ds__best_effort,receive,sub,cpp_to_cpp,copy,std,xcdr,shmem_ds,1000000,10,1,measured,12,2026-09-09T14:36:33.447265Z,157787109464504,157787108974978,157787109464504,1788964593446785512,1788964593447166432,ok,
std_copy_xcdr__cpp_to_cpp__1000000B__10Hz__shmem_ds__best_effort,receive,sub,cpp_to_cpp,copy,std,xcdr,shmem_ds,1000000,10,1,measured,13,2026-09-09T14:36:33.547733Z,157787209932098,157787209346691,157787209932098,1788964593547157776,1788964593547596275,ok,
std_copy_xcdr__cpp_to_cpp__1000000B__10Hz__shmem_ds__best_effort,receive,sub,cpp_to_cpp,copy,std,xcdr,shmem_ds,1000000,10,1,measured,14,2026-09-09T14:36:33.648097Z,157787310296226,157787309618856,157787310296226,1788964593647428969,1788964593647947299,ok,
std_copy_xcdr__cpp_to_cpp__1000000B__10Hz__shmem_ds__best_effort,receive,sub,cpp_to_cpp,copy,std,xcdr,shmem_ds,1000000,10,1,measured,15,2026-09-09T14:36:33.748835Z,157787411033600,157787410274585,157787411033600,1788964593748085129,1788964593748636060,ok,
std_copy_xcdr__cpp_to_cpp__1000000B__10Hz__shmem_ds__best_effort,receive,sub,cpp_to_cpp,copy,std,xcdr,shmem_ds,1000000,10,1,measured,16,2026-09-09T14:36:33.849845Z,157787512043929,157787511164768,157787512043929,1788964593848980622,1788964593849716482,ok,
std_copy_xcdr__cpp_to_cpp__1000000B__10Hz__shmem_ds__best_effort,receive,sub,cpp_to_cpp,copy,std,xcdr,shmem_ds,1000000,10,1,measured,17,2026-09-09T14:36:33.950276Z,157787612475264,157787611671114,157787612475264,1788964593949491947,1788964593950133059,ok,
std_copy_xcdr__cpp_to_cpp__1000000B__10Hz__shmem_ds__best_effort,receive,sub,cpp_to_cpp,copy,std,xcdr,shmem_ds,1000000,10,1,measured,18,2026-09-09T14:36:34.050077Z,157787712275718,157787711565926,157787712275718,1788964594049377482,1788964594049919386,ok,
std_copy_xcdr__cpp_to_cpp__1000000B__10Hz__shmem_ds__best_effort,receive,sub,cpp_to_cpp,copy,std,xcdr,shmem_ds,1000000,10,1,measured,19,2026-09-09T14:36:34.149147Z,157787811345571,157787810660806,157787811345571,1788964594148471470,1788964594148985462,ok,
std_copy_xcdr__cpp_to_cpp__1000000B__10Hz__shmem_ds__best_effort,receive,sub,cpp_to_cpp,copy,std,xcdr,shmem_ds,1000000,10,1,measured,20,2026-09-09T14:36:34.248151Z,157787910350731,157787909790161,157787910350731,1788964594247598190,1788964594248051257,ok,
std_copy_xcdr__cpp_to_cpp__1000000B__10Hz__shmem_ds__best_effort,receive,sub,cpp_to_cpp,copy,std,xcdr,shmem_ds,1000000,10,1,measured,21,2026-09-09T14:36:34.348731Z,157788010930508,157788010286059,157788010930508,1788964594348097255,1788964594348561652,ok,
std_copy_xcdr__cpp_to_cpp__1000000B__10Hz__shmem_ds__best_effort,receive,sub,cpp_to_cpp,copy,std,xcdr,shmem_ds,1000000,10,1,measured,22,2026-09-09T14:36:34.447746Z,157788109945375,157788109580295,157788109945375,1788964594447383976,1788964594447619581,ok,
std_copy_xcdr__cpp_to_cpp__1000000B__10Hz__shmem_ds__best_effort,receive,sub,cpp_to_cpp,copy,std,xcdr,shmem_ds,1000000,10,1,measured,23,2026-09-09T14:36:34.547826Z,157788210025378,157788209435723,157788210025378,1788964594547246087,1788964594547667734,ok,
std_copy_xcdr__cpp_to_cpp__1000000B__10Hz__shmem_ds__best_effort,receive,sub,cpp_to_cpp,copy,std,xcdr,shmem_ds,1000000,10,1,measured,24,2026-09-09T14:36:34.646883Z,157788309082467,157788308632877,157788309082467,1788964594646440836,1788964594646727689,ok,
std_copy_xcdr__cpp_to_cpp__1000000B__10Hz__shmem_ds__best_effort,receive,sub,cpp_to_cpp,copy,std,xcdr,shmem_ds,1000000,10,1,measured,25,2026-09-09T14:36:34.746407Z,157788408606128,157788407927485,157788408606128,1788964594745742217,1788964594746233406,ok,
std_copy_xcdr__cpp_to_cpp__1000000B__10Hz__shmem_ds__best_effort,receive,sub,cpp_to_cpp,copy,std,xcdr,shmem_ds,1000000,10,1,measured,26,2026-09-09T14:36:34.845747Z,157788507946181,157788507120220,157788507946181,1788964594844942115,1788964594845602855,ok,
std_copy_xcdr__cpp_to_cpp__1000000B__10Hz__shmem_ds__best_effort,receive,sub,cpp_to_cpp,copy,std,xcdr,shmem_ds,1000000,10,1,measured,27,2026-09-09T14:36:34.946012Z,157788608211413,157788607174093,157788608211413,1788964594944992862,1788964594945872976,ok,
std_copy_xcdr__cpp_to_cpp__1000000B__10Hz__shmem_ds__best_effort,receive,sub,cpp_to_cpp,copy,std,xcdr,shmem_ds,1000000,10,1,measured,28,2026-09-09T14:36:35.045621Z,157788707820508,157788707065651,157788707820508,1788964595044880573,1788964595045443147,ok,
std_copy_xcdr__cpp_to_cpp__1000000B__10Hz__shmem_ds__best_effort,receive,sub,cpp_to_cpp,copy,std,xcdr,shmem_ds,1000000,10,1,measured,29,2026-09-09T14:36:35.146117Z,157788808315896,157788807612967,157788808315896,1788964595145425205,1788964595145946290,ok,
std_copy_xcdr__cpp_to_cpp__1000000B__10Hz__shmem_ds__best_effort,receive,sub,cpp_to_cpp,copy,std,xcdr,shmem_ds,1000000,10,1,measured,30,2026-09-09T14:36:35.245252Z,157788907451744,157788906860667,157788907451744,1788964595244670860,1788964595245102156,ok,
std_copy_xcdr__cpp_to_cpp__1000000B__10Hz__shmem_ds__best_effort,receive,sub,cpp_to_cpp,copy,std,xcdr,shmem_ds,1000000,10,1,measured,31,2026-09-09T14:36:35.345936Z,157789008135108,157789007352028,157789008135108,1788964595345163603,1788964595345728952,ok,
std_copy_xcdr__cpp_to_cpp__1000000B__10Hz__shmem_ds__best_effort,receive,sub,cpp_to_cpp,copy,std,xcdr,shmem_ds,1000000,10,1,measured,32,2026-09-09T14:36:35.445397Z,157789107596432,157789106995245,157789107596432,1788964595444815097,1788964595445240581,ok,
std_copy_xcdr__cpp_to_cpp__1000000B__10Hz__shmem_ds__best_effort,receive,sub,cpp_to_cpp,copy,std,xcdr,shmem_ds,1000000,10,1,measured,33,2026-09-09T14:36:35.546102Z,157789208300666,157789207497848,157789208300666,1788964595545309023,1788964595545850176,ok,
std_copy_xcdr__cpp_to_cpp__1000000B__10Hz__shmem_ds__best_effort,receive,sub,cpp_to_cpp,copy,std,xcdr,shmem_ds,1000000,10,1,measured,34,2026-09-09T14:36:35.647199Z,157789309397551,157789308107422,157789309397551,1788964595645925200,1788964595646929258,ok,
std_copy_xcdr__cpp_to_cpp__1000000B__10Hz__shmem_ds__best_effort,receive,sub,cpp_to_cpp,copy,std,xcdr,shmem_ds,1000000,10,1,measured,35,2026-09-09T14:36:35.745855Z,157789408053703,157789407194078,157789408053703,1788964595745007638,1788964595745659771,ok,
std_copy_xcdr__cpp_to_cpp__1000000B__10Hz__shmem_ds__best_effort,receive,sub,cpp_to_cpp,copy,std,xcdr,shmem_ds,1000000,10,1,measured,36,2026-09-09T14:36:35.847008Z,157789509206735,157789508048355,157789509206735,1788964595845865792,1788964595846766935,ok,
std_copy_xcdr__cpp_to_cpp__1000000B__10Hz__shmem_ds__best_effort,receive,sub,cpp_to_cpp,copy,std,xcdr,shmem_ds,1000000,10,1,measured,37,2026-09-09T14:36:35.947702Z,157789609901502,157789608534437,157789609901502,1788964595946357585,1788964595947464247,ok,
std_copy_xcdr__cpp_to_cpp__1000000B__10Hz__shmem_ds__best_effort,receive,sub,cpp_to_cpp,copy,std,xcdr,shmem_ds,1000000,10,1,measured,38,2026-09-09T14:36:36.047069Z,157789709268326,157789708366972,157789709268326,1788964596046182305,1788964596046889152,ok,
std_copy_xcdr__cpp_to_cpp__1000000B__10Hz__shmem_ds__best_effort,receive,sub,cpp_to_cpp,copy,std,xcdr,shmem_ds,1000000,10,1,measured,39,2026-09-09T14:36:36.146509Z,157789808708031,157789807962351,157789808708031,1788964596145773787,1788964596146351899,ok,
std_copy_xcdr__cpp_to_cpp__1000000B__10Hz__shmem_ds__best_effort,receive,sub,cpp_to_cpp,copy,std,xcdr,shmem_ds,1000000,10,1,measured,40,2026-09-09T14:36:36.245386Z,157789907584891,157789907007349,157789907584891,1788964596244816811,1788964596245243428,ok,
std_copy_xcdr__cpp_to_cpp__1000000B__10Hz__shmem_ds__best_effort,receive,sub,cpp_to_cpp,copy,std,xcdr,shmem_ds,1000000,10,1,measured,41,2026-09-09T14:36:36.345998Z,157790008196811,157790007403632,157790008196811,1788964596345215338,1788964596345794432,ok,
std_copy_xcdr__cpp_to_cpp__1000000B__10Hz__shmem_ds__best_effort,receive,sub,cpp_to_cpp,copy,std,xcdr,shmem_ds,1000000,10,1,measured,42,2026-09-09T14:36:36.445642Z,157790107840741,157790107317251,157790107840741,1788964596445125471,1788964596445484350,ok,
std_copy_xcdr__cpp_to_cpp__1000000B__10Hz__shmem_ds__best_effort,receive,sub,cpp_to_cpp,copy,std,xcdr,shmem_ds,1000000,10,1,measured,43,2026-09-09T14:36:36.546316Z,157790208514388,157790207396285,157790208514388,1788964596545212820,1788964596546083125,ok,
std_copy_xcdr__cpp_to_cpp__1000000B__10Hz__shmem_ds__best_effort,receive,sub,cpp_to_cpp,copy,std,xcdr,shmem_ds,1000000,10,1,measured,44,2026-09-09T14:36:36.645866Z,157790308064892,157790307368736,157790308064892,1788964596645179290,1788964596645702369,ok,
std_copy_xcdr__cpp_to_cpp__1000000B__10Hz__shmem_ds__best_effort,receive,sub,cpp_to_cpp,copy,std,xcdr,shmem_ds,1000000,10,1,measured,45,2026-09-09T14:36:36.745482Z,157790407681230,157790406795696,157790407681230,1788964596744610978,1788964596745300913,ok,
std_copy_xcdr__cpp_to_cpp__1000000B__10Hz__shmem_ds__best_effort,receive,sub,cpp_to_cpp,copy,std,xcdr,shmem_ds,1000000,10,1,measured,46,2026-09-09T14:36:36.846180Z,157790508378521,157790507015965,157790508378521,1788964596844837740,1788964596845916370,ok,
std_copy_xcdr__cpp_to_cpp__1000000B__10Hz__shmem_ds__best_effort,receive,sub,cpp_to_cpp,copy,std,xcdr,shmem_ds,1000000,10,1,measured,47,2026-09-09T14:36:36.945942Z,157790608140816,157790606994749,157790608140816,1788964596944822215,1788964596945789283,ok,
std_copy_xcdr__cpp_to_cpp__1000000B__10Hz__shmem_ds__best_effort,receive,sub,cpp_to_cpp,copy,std,xcdr,shmem_ds,1000000,10,1,measured,48,2026-09-09T14:36:37.045531Z,157790707729232,157790706762083,157790707729232,1788964597044575753,1788964597045336782,ok,
std_copy_xcdr__cpp_to_cpp__1000000B__10Hz__shmem_ds__best_effort,receive,sub,cpp_to_cpp,copy,std,xcdr,shmem_ds,1000000,10,1,measured,49,2026-09-09T14:36:37.145760Z,157790807958489,157790807097291,157790807958489,1788964597144909788,1788964597145565798,ok,
std_copy_xcdr__cpp_to_cpp__1000000B__10Hz__shmem_ds__best_effort,receive,sub,cpp_to_cpp,copy,std,xcdr,shmem_ds,1000000,10,1,measured,50,2026-09-09T14:36:37.245365Z,157790907564159,157790906928066,157790907564159,1788964597244737528,1788964597245206956,ok,
std_copy_xcdr__cpp_to_cpp__1000000B__10Hz__shmem_ds__best_effort,receive,sub,cpp_to_cpp,copy,std,xcdr,shmem_ds,1000000,10,1,measured,51,2026-09-09T14:36:37.345389Z,157791007587677,157791006800138,157791007587677,1788964597344612305,1788964597345200698,ok,
std_copy_xcdr__cpp_to_cpp__1000000B__10Hz__shmem_ds__best_effort,receive,sub,cpp_to_cpp,copy,std,xcdr,shmem_ds,1000000,10,1,measured,52,2026-09-09T14:36:37.444365Z,157791106563545,157791105982126,157791106563545,1788964597443791047,1788964597444215009,ok,
std_copy_xcdr__cpp_to_cpp__1000000B__10Hz__shmem_ds__best_effort,receive,sub,cpp_to_cpp,copy,std,xcdr,shmem_ds,1000000,10,1,measured,53,2026-09-09T14:36:37.543687Z,157791205886620,157791205137655,157791205886620,1788964597542952206,1788964597543515982,ok,
std_copy_xcdr__cpp_to_cpp__1000000B__10Hz__shmem_ds__best_effort,receive,sub,cpp_to_cpp,copy,std,xcdr,shmem_ds,1000000,10,1,measured,54,2026-09-09T14:36:37.644042Z,157791306241225,157791305770766,157791306241225,1788964597643581711,1788964597643930270,ok,
std_copy_xcdr__cpp_to_cpp__1000000B__10Hz__shmem_ds__best_effort,receive,sub,cpp_to_cpp,copy,std,xcdr,shmem_ds,1000000,10,1,measured,55,2026-09-09T14:36:37.744242Z,157791406440636,157791405730584,157791406440636,1788964597743542962,1788964597744067503,ok,
std_copy_xcdr__cpp_to_cpp__1000000B__10Hz__shmem_ds__best_effort,receive,sub,cpp_to_cpp,copy,std,xcdr,shmem_ds,1000000,10,1,measured,56,2026-09-09T14:36:37.844039Z,157791506237798,157791505617686,157791506237798,1788964597843430223,1788964597843887037,ok,
std_copy_xcdr__cpp_to_cpp__1000000B__10Hz__shmem_ds__best_effort,receive,sub,cpp_to_cpp,copy,std,xcdr,shmem_ds,1000000,10,1,measured,57,2026-09-09T14:36:37.945414Z,157791607611689,157791606605888,157791607611689,1788964597944425008,1788964597945154297,ok,
std_copy_xcdr__cpp_to_cpp__1000000B__10Hz__shmem_ds__best_effort,receive,sub,cpp_to_cpp,copy,std,xcdr,shmem_ds,1000000,10,1,measured,58,2026-09-09T14:36:38.045175Z,157791707374045,157791706795952,157791707374045,1788964598044609312,1788964598045031019,ok,
std_copy_xcdr__cpp_to_cpp__1000000B__10Hz__shmem_ds__best_effort,receive,sub,cpp_to_cpp,copy,std,xcdr,shmem_ds,1000000,10,1,measured,59,2026-09-09T14:36:38.145303Z,157791807501542,157791807033747,157791807501542,1788964598144843680,1788964598145172602,ok,
std_copy_xcdr__cpp_to_cpp__1000000B__10Hz__shmem_ds__best_effort,receive,sub,cpp_to_cpp,copy,std,xcdr,shmem_ds,1000000,10,1,measured,60,2026-09-09T14:36:38.245367Z,157791907566190,157791907186732,157791907566190,1788964598244993830,1788964598245265503,ok,
std_copy_xcdr__cpp_to_cpp__1000000B__10Hz__shmem_ds__best_effort,receive,sub,cpp_to_cpp,copy,std,xcdr,shmem_ds,1000000,10,1,measured,61,2026-09-09T14:36:38.346311Z,157792008509759,157792007905357,157792008509759,1788964598345715369,1788964598346148047,ok,
std_copy_xcdr__cpp_to_cpp__1000000B__10Hz__shmem_ds__best_effort,receive,sub,cpp_to_cpp,copy,std,xcdr,shmem_ds,1000000,10,1,measured,62,2026-09-09T14:36:38.446241Z,157792108440325,157792107860328,157792108440325,1788964598445672035,1788964598446100294,ok,
std_copy_xcdr__cpp_to_cpp__1000000B__10Hz__shmem_ds__best_effort,receive,sub,cpp_to_cpp,copy,std,xcdr,shmem_ds,1000000,10,1,measured,63,2026-09-09T14:36:38.547073Z,157792209271461,157792208509230,157792209271461,1788964598546326496,1788964598546924006,ok,
std_copy_xcdr__cpp_to_cpp__1000000B__10Hz__shmem_ds__best_effort,receive,sub,cpp_to_cpp,copy,std,xcdr,shmem_ds,1000000,10,1,measured,64,2026-09-09T14:36:38.646770Z,157792308969455,157792308490329,157792308969455,1788964598646300402,1788964598646645685,ok,
std_copy_xcdr__cpp_to_cpp__1000000B__10Hz__shmem_ds__best_effort,receive,sub,cpp_to_cpp,copy,std,xcdr,shmem_ds,1000000,10,1,measured,65,2026-09-09T14:36:38.747445Z,157792409644527,157792408386709,157792409644527,1788964598746211981,1788964598747244924,ok,
std_copy_xcdr__cpp_to_cpp__1000000B__10Hz__shmem_ds__best_effort,receive,sub,cpp_to_cpp,copy,std,xcdr,shmem_ds,1000000,10,1,measured,66,2026-09-09T14:36:38.846919Z,157792509118108,157792508015925,157792509118108,1788964598845835376,1788964598846660014,ok,
std_copy_xcdr__cpp_to_cpp__1000000B__10Hz__shmem_ds__best_effort,receive,sub,cpp_to_cpp,copy,std,xcdr,shmem_ds,1000000,10,1,measured,67,2026-09-09T14:36:38.946011Z,157792608209806,157792607594453,157792608209806,1788964598945407382,1788964598945870918,ok,
std_copy_xcdr__cpp_to_cpp__1000000B__10Hz__shmem_ds__best_effort,receive,sub,cpp_to_cpp,copy,std,xcdr,shmem_ds,1000000,10,1,measured,68,2026-09-09T14:36:39.045901Z,157792708100696,157792707644042,157792708100696,1788964599045455388,1788964599045778018,ok,
std_copy_xcdr__cpp_to_cpp__1000000B__10Hz__shmem_ds__best_effort,receive,sub,cpp_to_cpp,copy,std,xcdr,shmem_ds,1000000,10,1,measured,69,2026-09-09T14:36:39.145486Z,157792807685539,157792807347820,157792807685539,1788964599145154808,1788964599145387758,ok,
std_copy_xcdr__cpp_to_cpp__1000000B__10Hz__shmem_ds__best_effort,receive,sub,cpp_to_cpp,copy,std,xcdr,shmem_ds,1000000,10,1,measured,70,2026-09-09T14:36:39.246215Z,157792908414744,157792907897846,157792908414744,1788964599245706176,1788964599246075975,ok,
std_copy_xcdr__cpp_to_cpp__1000000B__10Hz__shmem_ds__best_effort,receive,sub,cpp_to_cpp,copy,std,xcdr,shmem_ds,1000000,10,1,measured,71,2026-09-09T14:36:39.346589Z,157793008787135,157793007518817,157793008787135,1788964599345344900,1788964599346279998,ok,
std_copy_xcdr__cpp_to_cpp__1000000B__10Hz__shmem_ds__best_effort,receive,sub,cpp_to_cpp,copy,std,xcdr,shmem_ds,1000000,10,1,measured,72,2026-09-09T14:36:39.446637Z,157793108835964,157793107881650,157793108835964,1788964599445700179,1788964599446381267,ok,
std_copy_xcdr__cpp_to_cpp__1000000B__10Hz__shmem_ds__best_effort,receive,sub,cpp_to_cpp,copy,std,xcdr,shmem_ds,1000000,10,1,measured,73,2026-09-09T14:36:39.546753Z,157793208952521,157793208340404,157793208952521,1788964599546153122,1788964599546612370,ok,
std_copy_xcdr__cpp_to_cpp__1000000B__10Hz__shmem_ds__best_effort,receive,sub,cpp_to_cpp,copy,std,xcdr,shmem_ds,1000000,10,1,measured,74,2026-09-09T14:36:39.647205Z,157793309404372,157793308642762,157793309404372,1788964599646457284,1788964599647023044,ok,
std_copy_xcdr__cpp_to_cpp__1000000B__10Hz__shmem_ds__best_effort,receive,sub,cpp_to_cpp,copy,std,xcdr,shmem_ds,1000000,10,1,measured,75,2026-09-09T14:36:39.747893Z,157793410091519,157793409273352,157793410091519,1788964599747088785,1788964599747690082,ok,
std_copy_xcdr__cpp_to_cpp__1000000B__10Hz__shmem_ds__best_effort,receive,sub,cpp_to_cpp,copy,std,xcdr,shmem_ds,1000000,10,1,measured,76,2026-09-09T14:36:39.848852Z,157793511050899,157793509852604,157793511050899,1788964599847675070,1788964599848563320,ok,
std_copy_xcdr__cpp_to_cpp__1000000B__10Hz__shmem_ds__best_effort,receive,sub,cpp_to_cpp,copy,std,xcdr,shmem_ds,1000000,10,1,measured,77,2026-09-09T14:36:39.948476Z,157793610675046,157793610150615,157793610675046,1788964599947963082,1788964599948341428,ok,
std_copy_xcdr__cpp_to_cpp__1000000B__10Hz__shmem_ds__best_effort,receive,sub,cpp_to_cpp,copy,std,xcdr,shmem_ds,1000000,10,1,measured,78,2026-09-09T14:36:40.049124Z,157793711322678,157793710737683,157793711322678,1788964600048549679,1788964600048971877,ok,
std_copy_xcdr__cpp_to_cpp__1000000B__10Hz__shmem_ds__best_effort,receive,sub,cpp_to_cpp,copy,std,xcdr,shmem_ds,1000000,10,1,measured,79,2026-09-09T14:36:40.148787Z,157793810985678,157793810543612,157793810985678,1788964600148352122,1788964600148662800,ok,
std_copy_xcdr__cpp_to_cpp__1000000B__10Hz__shmem_ds__best_effort,receive,sub,cpp_to_cpp,copy,std,xcdr,shmem_ds,1000000,10,1,measured,80,2026-09-09T14:36:40.249951Z,157793912149967,157793911417062,157793912149967,1788964600249230922,1788964600249783456,ok,
std_copy_xcdr__cpp_to_cpp__1000000B__10Hz__shmem_ds__best_effort,receive,sub,cpp_to_cpp,copy,std,xcdr,shmem_ds,1000000,10,1,measured,81,2026-09-09T14:36:40.350066Z,157794012264792,157794011118395,157794012264792,1788964600348939419,1788964600349789015,ok,
std_copy_xcdr__cpp_to_cpp__1000000B__10Hz__shmem_ds__best_effort,receive,sub,cpp_to_cpp,copy,std,xcdr,shmem_ds,1000000,10,1,measured,82,2026-09-09T14:36:40.449098Z,157794111297341,157794110711845,157794111297341,1788964600448523831,1788964600448955006,ok,
std_copy_xcdr__cpp_to_cpp__1000000B__10Hz__shmem_ds__best_effort,receive,sub,cpp_to_cpp,copy,std,xcdr,shmem_ds,1000000,10,1,measured,83,2026-09-09T14:36:40.549924Z,157794212122759,157794211192210,157794212122759,1788964600549008645,1788964600549687699,ok,
std_copy_xcdr__cpp_to_cpp__1000000B__10Hz__shmem_ds__best_effort,receive,sub,cpp_to_cpp,copy,std,xcdr,shmem_ds,1000000,10,1,measured,84,2026-09-09T14:36:40.649760Z,157794311959359,157794311374844,157794311959359,1788964600649185969,1788964600649614258,ok,
std_copy_xcdr__cpp_to_cpp__1000000B__10Hz__shmem_ds__best_effort,receive,sub,cpp_to_cpp,copy,std,xcdr,shmem_ds,1000000,10,1,measured,85,2026-09-09T14:36:40.749596Z,157794411795296,157794411083620,157794411795296,1788964600748899284,1788964600749426210,ok,
std_copy_xcdr__cpp_to_cpp__1000000B__10Hz__shmem_ds__best_effort,receive,sub,cpp_to_cpp,copy,std,xcdr,shmem_ds,1000000,10,1,measured,86,2026-09-09T14:36:40.849334Z,157794511533700,157794510369319,157794511533700,1788964600848193849,1788964600849158984,ok,
std_copy_xcdr__cpp_to_cpp__1000000B__10Hz__shmem_ds__best_effort,receive,sub,cpp_to_cpp,copy,std,xcdr,shmem_ds,1000000,10,1,measured,87,2026-09-09T14:36:40.949448Z,157794611647062,157794610612195,157794611647062,1788964600948435754,1788964600949238251,ok,
std_copy_xcdr__cpp_to_cpp__1000000B__10Hz__shmem_ds__best_effort,receive,sub,cpp_to_cpp,copy,std,xcdr,shmem_ds,1000000,10,1,measured,88,2026-09-09T14:36:41.049180Z,157794711378933,157794710793116,157794711378933,1788964601048605373,1788964601049031639,ok,
std_copy_xcdr__cpp_to_cpp__1000000B__10Hz__shmem_ds__best_effort,receive,sub,cpp_to_cpp,copy,std,xcdr,shmem_ds,1000000,10,1,measured,89,2026-09-09T14:36:41.149054Z,157794811253445,157794810834082,157794811253445,1788964601148641911,1788964601148941267,ok,
std_copy_xcdr__cpp_to_cpp__1000000B__10Hz__shmem_ds__best_effort,receive,sub,cpp_to_cpp,copy,std,xcdr,shmem_ds,1000000,10,1,measured,90,2026-09-09T14:36:41.249347Z,157794911546759,157794911060089,157794911546759,1788964601248867367,1788964601249208221,ok,
std_copy_xcdr__cpp_to_cpp__1000000B__10Hz__shmem_ds__best_effort,receive,sub,cpp_to_cpp,copy,std,xcdr,shmem_ds,1000000,10,1,measured,91,2026-09-09T14:36:41.348663Z,157795010862104,157795010182029,157795010862104,1788964601347992122,1788964601348476858,ok,
std_copy_xcdr__cpp_to_cpp__1000000B__10Hz__shmem_ds__best_effort,receive,sub,cpp_to_cpp,copy,std,xcdr,shmem_ds,1000000,10,1,measured,92,2026-09-09T14:36:41.448222Z,157795110421109,157795109912598,157795110421109,1788964601447720918,1788964601448089494,ok,
std_copy_xcdr__cpp_to_cpp__1000000B__10Hz__shmem_ds__best_effort,receive,sub,cpp_to_cpp,copy,std,xcdr,shmem_ds,1000000,10,1,measured,93,2026-09-09T14:36:41.549155Z,157795211354063,157795210389650,157795211354063,1788964601548206105,1788964601548923811,ok,
std_copy_xcdr__cpp_to_cpp__1000000B__10Hz__shmem_ds__best_effort,receive,sub,cpp_to_cpp,copy,std,xcdr,shmem_ds,1000000,10,1,measured,94,2026-09-09T14:36:41.648986Z,157795311185042,157795310605045,157795311185042,1788964601648415419,1788964601648847937,ok,
std_copy_xcdr__cpp_to_cpp__1000000B__10Hz__shmem_ds__best_effort,receive,sub,cpp_to_cpp,copy,std,xcdr,shmem_ds,1000000,10,1,measured,95,2026-09-09T14:36:41.748605Z,157795410804070,157795410397742,157795410804070,1788964601748205421,1788964601748494567,ok,
std_copy_xcdr__cpp_to_cpp__1000000B__10Hz__shmem_ds__best_effort,receive,sub,cpp_to_cpp,copy,std,xcdr,shmem_ds,1000000,10,1,measured,96,2026-09-09T14:36:41.850142Z,157795512340825,157795511269800,157795512340825,1788964601849088880,1788964601849894042,ok,
std_copy_xcdr__cpp_to_cpp__1000000B__10Hz__shmem_ds__best_effort,receive,sub,cpp_to_cpp,copy,std,xcdr,shmem_ds,1000000,10,1,measured,97,2026-09-09T14:36:41.950127Z,157795612326086,157795611741551,157795612326086,1788964601949553348,1788964601950001755,ok,
std_copy_xcdr__cpp_to_cpp__1000000B__10Hz__shmem_ds__best_effort,receive,sub,cpp_to_cpp,copy,std,xcdr,shmem_ds,1000000,10,1,measured,98,2026-09-09T14:36:42.049980Z,157795712178688,157795711206861,157795712178688,1788964602049025881,1788964602049782351,ok,
std_copy_xcdr__cpp_to_cpp__1000000B__10Hz__shmem_ds__best_effort,receive,sub,cpp_to_cpp,copy,std,xcdr,shmem_ds,1000000,10,1,measured,99,2026-09-09T14:36:42.149645Z,157795811843705,157795811262646,157795811843705,1788964602149075204,1788964602149512451,ok,
std_copy_xcdr__cpp_to_cpp__1000000B__10Hz__shmem_ds__best_effort,receive,sub,cpp_to_cpp,copy,std,xcdr,shmem_ds,1000000,10,1,measured,100,2026-09-09T14:36:42.248840Z,157795911038814,157795910510395,157795911038814,1788964602248319807,1788964602248691199,ok,
std_copy_xcdr__cpp_to_cpp__1000000B__10Hz__shmem_ds__best_effort,receive,sub,cpp_to_cpp,copy,std,xcdr,shmem_ds,1000000,10,1,measured,101,2026-09-09T14:36:42.349540Z,157796011738767,157796011089330,157796011738767,1788964602348902128,1788964602349375563,ok,
std_copy_xcdr__cpp_to_cpp__1000000B__10Hz__shmem_ds__best_effort,receive,sub,cpp_to_cpp,copy,std,xcdr,shmem_ds,1000000,10,1,measured,102,2026-09-09T14:36:42.448964Z,157796111163230,157796110556653,157796111163230,1788964602448368560,1788964602448786089,ok,
std_copy_xcdr__cpp_to_cpp__1000000B__10Hz__shmem_ds__best_effort,receive,sub,cpp_to_cpp,copy,std,xcdr,shmem_ds,1000000,10,1,measured,103,2026-09-09T14:36:42.548516Z,157796210714992,157796209744167,157796210714992,1788964602547562626,1788964602548306122,ok,
std_copy_xcdr__cpp_to_cpp__1000000B__10Hz__shmem_ds__best_effort,receive,sub,cpp_to_cpp,copy,std,xcdr,shmem_ds,1000000,10,1,measured,104,2026-09-09T14:36:42.648918Z,157796311117053,157796310520525,157796311117053,1788964602648334575,1788964602648766422,ok,
std_copy_xcdr__cpp_to_cpp__1000000B__10Hz__shmem_ds__best_effort,receive,sub,cpp_to_cpp,copy,std,xcdr,shmem_ds,1000000,10,1,measured,105,2026-09-09T14:36:42.748939Z,157796411137522,157796410470642,157796411137522,1788964602748285183,1788964602748785589,ok,
std_copy_xcdr__cpp_to_cpp__1000000B__10Hz__shmem_ds__best_effort,receive,sub,cpp_to_cpp,copy,std,xcdr,shmem_ds,1000000,10,1,measured,106,2026-09-09T14:36:42.848347Z,157796510546515,157796509701047,157796510546515,1788964602847524395,1788964602848211664,ok,
std_copy_xcdr__cpp_to_cpp__1000000B__10Hz__shmem_ds__best_effort,receive,sub,cpp_to_cpp,copy,std,xcdr,shmem_ds,1000000,10,1,measured,107,2026-09-09T14:36:42.948348Z,157796610547547,157796610073461,157796610547547,1788964602947884135,1788964602948238064,ok,
std_copy_xcdr__cpp_to_cpp__1000000B__10Hz__shmem_ds__best_effort,receive,sub,cpp_to_cpp,copy,std,xcdr,shmem_ds,1000000,10,1,measured,108,2026-09-09T14:36:43.047669Z,157796709867893,157796709329445,157796709867893,1788964603047140731,1788964603047528634,ok,
std_copy_xcdr__cpp_to_cpp__1000000B__10Hz__shmem_ds__best_effort,receive,sub,cpp_to_cpp,copy,std,xcdr,shmem_ds,1000000,10,1,measured,109,2026-09-09T14:36:43.148140Z,157796810339276,157796809768507,157796810339276,1788964603147577879,1788964603148010507,ok,
std_copy_xcdr__cpp_to_cpp__1000000B__10Hz__shmem_ds__best_effort,receive,sub,cpp_to_cpp,copy,std,xcdr,shmem_ds,1000000,10,1,measured,110,2026-09-09T14:36:43.248793Z,157796910991280,157796909982042,157796910991280,1788964603247799258,1788964603248573813,ok,
std_copy_xcdr__cpp_to_cpp__1000000B__10Hz__shmem_ds__best_effort,receive,sub,cpp_to_cpp,copy,std,xcdr,shmem_ds,1000000,10,1,measured,111,2026-09-09T14:36:43.348160Z,157797010358826,157797009694840,157797010358826,1788964603347508660,1788964603348012814,ok,
std_copy_xcdr__cpp_to_cpp__1000000B__10Hz__shmem_ds__best_effort,receive,sub,cpp_to_cpp,copy,std,xcdr,shmem_ds,1000000,10,1,measured,112,2026-09-09T14:36:43.448520Z,157797110718898,157797110226948,157797110718898,1788964603448036760,1788964603448391361,ok,
std_copy_xcdr__cpp_to_cpp__1000000B__10Hz__shmem_ds__best_effort,receive,sub,cpp_to_cpp,copy,std,xcdr,shmem_ds,1000000,10,1,measured,113,2026-09-09T14:36:43.549422Z,157797211620614,157797211088258,157797211620614,1788964603548899222,1788964603549297505,ok,
std_copy_xcdr__cpp_to_cpp__1000000B__10Hz__shmem_ds__best_effort,receive,sub,cpp_to_cpp,copy,std,xcdr,shmem_ds,1000000,10,1,measured,114,2026-09-09T14:36:43.650479Z,157797312678155,157797312078641,157797312678155,1788964603649890348,1788964603650343104,ok,
std_copy_xcdr__cpp_to_cpp__1000000B__10Hz__shmem_ds__best_effort,receive,sub,cpp_to_cpp,copy,std,xcdr,shmem_ds,1000000,10,1,measured,115,2026-09-09T14:36:43.750075Z,157797412274003,157797411859439,157797412274003,1788964603749666567,1788964603749966714,ok,
std_copy_xcdr__cpp_to_cpp__1000000B__10Hz__shmem_ds__best_effort,receive,sub,cpp_to_cpp,copy,std,xcdr,shmem_ds,1000000,10,1,measured,116,2026-09-09T14:36:43.850564Z,157797512762227,157797511611892,157797512762227,1788964603849433648,1788964603850309874,ok,
std_copy_xcdr__cpp_to_cpp__1000000B__10Hz__shmem_ds__best_effort,receive,sub,cpp_to_cpp,copy,std,xcdr,shmem_ds,1000000,10,1,measured,117,2026-09-09T14:36:43.950903Z,157797613101059,157797612269397,157797613101059,1788964603950087535,1788964603950713619,ok,
std_copy_xcdr__cpp_to_cpp__1000000B__10Hz__shmem_ds__best_effort,receive,sub,cpp_to_cpp,copy,std,xcdr,shmem_ds,1000000,10,1,measured,118,2026-09-09T14:36:44.051308Z,157797713506648,157797712798088,157797713506648,1788964604050613482,1788964604051154805,ok,
std_copy_xcdr__cpp_to_cpp__1000000B__10Hz__shmem_ds__best_effort,receive,sub,cpp_to_cpp,copy,std,xcdr,shmem_ds,1000000,10,1,measured,119,2026-09-09T14:36:44.151267Z,157797813466205,157797813112205,157797813466205,1788964604150918702,1788964604151176349,ok,
std_copy_xcdr__cpp_to_cpp__1000000B__10Hz__shmem_ds__best_effort,receive,sub,cpp_to_cpp,copy,std,xcdr,shmem_ds,1000000,10,1,measured,120,2026-09-09T14:36:44.252172Z,157797914370537,157797913880440,157797914370537,1788964604251687788,1788964604252044493,ok,
std_copy_xcdr__cpp_to_cpp__1000000B__10Hz__shmem_ds__best_effort,receive,sub,cpp_to_cpp,copy,std,xcdr,shmem_ds,1000000,10,1,measured,121,2026-09-09T14:36:44.351479Z,157798013678351,157798013014145,157798013678351,1788964604350823998,1788964604351320356,ok,
std_copy_xcdr__cpp_to_cpp__1000000B__10Hz__shmem_ds__best_effort,receive,sub,cpp_to_cpp,copy,std,xcdr,shmem_ds,1000000,10,1,measured,122,2026-09-09T14:36:44.450943Z,157798113141959,157798112660890,157798113141959,1788964604450470502,1788964604450824852,ok,
std_copy_xcdr__cpp_to_cpp__1000000B__10Hz__shmem_ds__best_effort,receive,sub,cpp_to_cpp,copy,std,xcdr,shmem_ds,1000000,10,1,measured,123,2026-09-09T14:36:44.550841Z,157798213039278,157798212246790,157798213039278,1788964604550056783,1788964604550625077,ok,
std_copy_xcdr__cpp_to_cpp__1000000B__10Hz__shmem_ds__best_effort,receive,sub,cpp_to_cpp,copy,std,xcdr,shmem_ds,1000000,10,1,measured,124,2026-09-09T14:36:44.650540Z,157798312737810,157798312082041,157798312737810,1788964604649896081,1788964604650333057,ok,
std_copy_xcdr__cpp_to_cpp__1000000B__10Hz__shmem_ds__best_effort,receive,sub,cpp_to_cpp,copy,std,xcdr,shmem_ds,1000000,10,1,measured,125,2026-09-09T14:36:44.750109Z,157798412307610,157798411407849,157798412307610,1788964604749233411,1788964604749962379,ok,
std_copy_xcdr__cpp_to_cpp__1000000B__10Hz__shmem_ds__best_effort,receive,sub,cpp_to_cpp,copy,std,xcdr,shmem_ds,1000000,10,1,measured,126,2026-09-09T14:36:44.850553Z,157798512751722,157798512108546,157798512751722,1788964604849923839,1788964604850406892,ok,
std_copy_xcdr__cpp_to_cpp__1000000B__10Hz__shmem_ds__best_effort,receive,sub,cpp_to_cpp,copy,std,xcdr,shmem_ds,1000000,10,1,measured,127,2026-09-09T14:36:44.950440Z,157798612639142,157798612077881,157798612639142,1788964604949890669,1788964604950313909,ok,
std_copy_xcdr__cpp_to_cpp__1000000B__10Hz__shmem_ds__best_effort,receive,sub,cpp_to_cpp,copy,std,xcdr,shmem_ds,1000000,10,1,measured,128,2026-09-09T14:36:45.050023Z,157798712222597,157798711661066,157798712222597,1788964605049473182,1788964605049874441,ok,
std_copy_xcdr__cpp_to_cpp__1000000B__10Hz__shmem_ds__best_effort,receive,sub,cpp_to_cpp,copy,std,xcdr,shmem_ds,1000000,10,1,measured,129,2026-09-09T14:36:45.150762Z,157798812960767,157798812299306,157798812960767,1788964605150111504,1788964605150617029,ok,
std_copy_xcdr__cpp_to_cpp__1000000B__10Hz__shmem_ds__best_effort,receive,sub,cpp_to_cpp,copy,std,xcdr,shmem_ds,1000000,10,1,measured,130,2026-09-09T14:36:45.250673Z,157798912871852,157798912155999,157798912871852,1788964605249971011,1788964605250526191,ok,
std_copy_xcdr__cpp_to_cpp__1000000B__10Hz__shmem_ds__best_effort,receive,sub,cpp_to_cpp,copy,std,xcdr,shmem_ds,1000000,10,1,measured,131,2026-09-09T14:36:45.349768Z,157799011966845,157799011322387,157799011966845,1788964605349139433,1788964605349617026,ok,
std_copy_xcdr__cpp_to_cpp__1000000B__10Hz__shmem_ds__best_effort,receive,sub,cpp_to_cpp,copy,std,xcdr,shmem_ds,1000000,10,1,measured,132,2026-09-09T14:36:45.450574Z,157799112772903,157799112074663,157799112772903,1788964605449901488,1788964605450427292,ok,
std_copy_xcdr__cpp_to_cpp__1000000B__10Hz__shmem_ds__best_effort,receive,sub,cpp_to_cpp,copy,std,xcdr,shmem_ds,1000000,10,1,measured,133,2026-09-09T14:36:45.551581Z,157799213780051,157799212653401,157799213780051,1788964605550478272,1788964605551358596,ok,
std_copy_xcdr__cpp_to_cpp__1000000B__10Hz__shmem_ds__best_effort,receive,sub,cpp_to_cpp,copy,std,xcdr,shmem_ds,1000000,10,1,measured,134,2026-09-09T14:36:45.652124Z,157799314322250,157799313455962,157799314322250,1788964605651275142,1788964605651941372,ok,
std_copy_xcdr__cpp_to_cpp__1000000B__10Hz__shmem_ds__best_effort,receive,sub,cpp_to_cpp,copy,std,xcdr,shmem_ds,1000000,10,1,measured,135,2026-09-09T14:36:45.752797Z,157799414996338,157799414167831,157799414996338,1788964605751984347,1788964605752613276,ok,
std_copy_xcdr__cpp_to_cpp__1000000B__10Hz__shmem_ds__best_effort,receive,sub,cpp_to_cpp,copy,std,xcdr,shmem_ds,1000000,10,1,measured,136,2026-09-09T14:36:45.852069Z,157799514268485,157799513227768,157799514268485,1788964605851054673,1788964605851930188,ok,
std_copy_xcdr__cpp_to_cpp__1000000B__10Hz__shmem_ds__best_effort,receive,sub,cpp_to_cpp,copy,std,xcdr,shmem_ds,1000000,10,1,measured,137,2026-09-09T14:36:45.952155Z,157799614353550,157799613706557,157799614353550,1788964605951521890,1788964605951968434,ok,
std_copy_xcdr__cpp_to_cpp__1000000B__10Hz__shmem_ds__best_effort,receive,sub,cpp_to_cpp,copy,std,xcdr,shmem_ds,1000000,10,1,measured,138,2026-09-09T14:36:46.051887Z,157799714084976,157799712859559,157799714084976,1788964606050687396,1788964606051581707,ok,
std_copy_xcdr__cpp_to_cpp__1000000B__10Hz__shmem_ds__best_effort,receive,sub,cpp_to_cpp,copy,std,xcdr,shmem_ds,1000000,10,1,measured,139,2026-09-09T14:36:46.150997Z,157799813194778,157799812263938,157799813194778,1788964606150084261,1788964606150730563,ok,
std_copy_xcdr__cpp_to_cpp__1000000B__10Hz__shmem_ds__best_effort,receive,sub,cpp_to_cpp,copy,std,xcdr,shmem_ds,1000000,10,1,measured,140,2026-09-09T14:36:46.250737Z,157799912936505,157799912520248,157799912936505,1788964606250328557,1788964606250590382,ok,
std_copy_xcdr__cpp_to_cpp__1000000B__10Hz__shmem_ds__best_effort,receive,sub,cpp_to_cpp,copy,std,xcdr,shmem_ds,1000000,10,1,measured,141,2026-09-09T14:36:46.350909Z,157800013107674,157800012407571,157800013107674,1788964606350221080,1788964606350738739,ok,
std_copy_xcdr__cpp_to_cpp__1000000B__10Hz__shmem_ds__best_effort,receive,sub,cpp_to_cpp,copy,std,xcdr,shmem_ds,1000000,10,1,measured,142,2026-09-09T14:36:46.450560Z,157800112759200,157800112074466,157800112759200,1788964606449885361,1788964606450370377,ok,
std_copy_xcdr__cpp_to_cpp__1000000B__10Hz__shmem_ds__best_effort,receive,sub,cpp_to_cpp,copy,std,xcdr,shmem_ds,1000000,10,1,measured,143,2026-09-09T14:36:46.550524Z,157800212722806,157800211794441,157800212722806,1788964606549619964,1788964606550359301,ok,
std_copy_xcdr__cpp_to_cpp__1000000B__10Hz__shmem_ds__best_effort,receive,sub,cpp_to_cpp,copy,std,xcdr,shmem_ds,1000000,10,1,measured,144,2026-09-09T14:36:46.651102Z,157800313300483,157800312197678,157800313300483,1788964606650018071,1788964606650836027,ok,
std_copy_xcdr__cpp_to_cpp__1000000B__10Hz__shmem_ds__best_effort,receive,sub,cpp_to_cpp,copy,std,xcdr,shmem_ds,1000000,10,1,measured,145,2026-09-09T14:36:46.750359Z,157800412557323,157800411873099,157800412557323,1788964606749688883,1788964606750189740,ok,
std_copy_xcdr__cpp_to_cpp__1000000B__10Hz__shmem_ds__best_effort,receive,sub,cpp_to_cpp,copy,std,xcdr,shmem_ds,1000000,10,1,measured,146,2026-09-09T14:36:46.851014Z,157800513213669,157800512358862,157800513213669,1788964606850179776,1788964606850863919,ok,
std_copy_xcdr__cpp_to_cpp__1000000B__10Hz__shmem_ds__best_effort,receive,sub,cpp_to_cpp,copy,std,xcdr,shmem_ds,1000000,10,1,measured,147,2026-09-09T14:36:46.950538Z,157800612736692,157800611684833,157800612736692,1788964606949506418,1788964606950267016,ok,
std_copy_xcdr__cpp_to_cpp__1000000B__10Hz__shmem_ds__best_effort,receive,sub,cpp_to_cpp,copy,std,xcdr,shmem_ds,1000000,10,1,measured,148,2026-09-09T14:36:47.050250Z,157800712449524,157800711988442,157800712449524,1788964607049799637,1788964607050102249,ok,
std_copy_xcdr__cpp_to_cpp__1000000B__10Hz__shmem_ds__best_effort,receive,sub,cpp_to_cpp,copy,std,xcdr,shmem_ds,1000000,10,1,measured,149,2026-09-09T14:36:47.149475Z,157800811673884,157800811149362,157800811673884,1788964607148958043,1788964607149329164,ok,
std_copy_xcdr__cpp_to_cpp__1000000B__10Hz__shmem_ds__best_effort,receive,sub,cpp_to_cpp,copy,std,xcdr,shmem_ds,1000000,10,1,measured,150,2026-09-09T14:36:47.249153Z,157800911352412,157800910950582,157800911352412,1788964607248758081,1788964607249028832,ok,
std_copy_xcdr__cpp_to_cpp__1000000B__10Hz__shmem_ds__best_effort,receive,sub,cpp_to_cpp,copy,std,xcdr,shmem_ds,1000000,10,1,measured,151,2026-09-09T14:36:47.349657Z,157801011855049,157801010675128,157801011855049,1788964607348497985,1788964607349408657,ok,
std_copy_xcdr__cpp_to_cpp__1000000B__10Hz__shmem_ds__best_effort,receive,sub,cpp_to_cpp,copy,std,xcdr,shmem_ds,1000000,10,1,measured,152,2026-09-09T14:36:47.449853Z,157801112051896,157801110710840,157801112051896,1788964607448539779,1788964607449573333,ok,
std_copy_xcdr__cpp_to_cpp__1000000B__10Hz__shmem_ds__best_effort,receive,sub,cpp_to_cpp,copy,std,xcdr,shmem_ds,1000000,10,1,measured,153,2026-09-09T14:36:47.549476Z,157801211674759,157801211048726,157801211674759,1788964607548862386,1788964607549347022,ok,
std_copy_xcdr__cpp_to_cpp__1000000B__10Hz__shmem_ds__best_effort,receive,sub,cpp_to_cpp,copy,std,xcdr,shmem_ds,1000000,10,1,measured,154,2026-09-09T14:36:47.649696Z,157801311894821,157801311488543,157801311894821,1788964607649299518,1788964607649604164,ok,
std_copy_xcdr__cpp_to_cpp__1000000B__10Hz__shmem_ds__best_effort,receive,sub,cpp_to_cpp,copy,std,xcdr,shmem_ds,1000000,10,1,measured,155,2026-09-09T14:36:47.750443Z,157801412641710,157801411491585,157801412641710,1788964607749301067,1788964607750182053,ok,
std_copy_xcdr__cpp_to_cpp__1000000B__10Hz__shmem_ds__best_effort,receive,sub,cpp_to_cpp,copy,std,xcdr,shmem_ds,1000000,10,1,measured,156,2026-09-09T14:36:47.850185Z,157801512383488,157801511537969,157801512383488,1788964607849349786,1788964607849990567,ok,
std_copy_xcdr__cpp_to_cpp__1000000B__10Hz__shmem_ds__best_effort,receive,sub,cpp_to_cpp,copy,std,xcdr,shmem_ds,1000000,10,1,measured,157,2026-09-09T14:36:47.950101Z,157801612300186,157801611335733,157801612300186,1788964607949158981,1788964607949965646,ok,
std_copy_xcdr__cpp_to_cpp__1000000B__10Hz__shmem_ds__best_effort,receive,sub,cpp_to_cpp,copy,std,xcdr,shmem_ds,1000000,10,1,measured,158,2026-09-09T14:36:48.050081Z,157801712281066,157801711915155,157801712281066,1788964608049725899,1788964608050004175,ok,
std_copy_xcdr__cpp_to_cpp__1000000B__10Hz__shmem_ds__best_effort,receive,sub,cpp_to_cpp,copy,std,xcdr,shmem_ds,1000000,10,1,measured,159,2026-09-09T14:36:48.150041Z,157801812239976,157801811293046,157801812239976,1788964608149108659,1788964608149815846,ok,
std_copy_xcdr__cpp_to_cpp__1000000B__10Hz__shmem_ds__best_effort,receive,sub,cpp_to_cpp,copy,std,xcdr,shmem_ds,1000000,10,1,measured,160,2026-09-09T14:36:48.249173Z,157801911372212,157801910991613,157801911372212,1788964608248812226,1788964608249090041,ok,
std_copy_xcdr__cpp_to_cpp__1000000B__10Hz__shmem_ds__best_effort,receive,sub,cpp_to_cpp,copy,std,xcdr,shmem_ds,1000000,10,1,measured,161,2026-09-09T14:36:48.349398Z,157802011597396,157802011098953,157802011597396,1788964608348907243,1788964608349257816,ok,
std_copy_xcdr__cpp_to_cpp__1000000B__10Hz__shmem_ds__best_effort,receive,sub,cpp_to_cpp,copy,std,xcdr,shmem_ds,1000000,10,1,measured,162,2026-09-09T14:36:48.448566Z,157802110764799,157802110262389,157802110764799,1788964608448070638,1788964608448426962,ok,
std_copy_xcdr__cpp_to_cpp__1000000B__10Hz__shmem_ds__best_effort,receive,sub,cpp_to_cpp,copy,std,xcdr,shmem_ds,1000000,10,1,measured,163,2026-09-09T14:36:48.548487Z,157802210685616,157802209731402,157802210685616,1788964608547544310,1788964608548201603,ok,
std_copy_xcdr__cpp_to_cpp__1000000B__10Hz__shmem_ds__best_effort,receive,sub,cpp_to_cpp,copy,std,xcdr,shmem_ds,1000000,10,1,measured,164,2026-09-09T14:36:48.647869Z,157802310067905,157802309591865,157802310067905,1788964608647403271,1788964608647730149,ok,
std_copy_xcdr__cpp_to_cpp__1000000B__10Hz__shmem_ds__best_effort,receive,sub,cpp_to_cpp,copy,std,xcdr,shmem_ds,1000000,10,1,measured,165,2026-09-09T14:36:48.748030Z,157802410229157,157802409540505,157802410229157,1788964608747355007,1788964608747877024,ok,
std_copy_xcdr__cpp_to_cpp__1000000B__10Hz__shmem_ds__best_effort,receive,sub,cpp_to_cpp,copy,std,xcdr,shmem_ds,1000000,10,1,measured,166,2026-09-09T14:36:48.847517Z,157802509716395,157802508978400,157802509716395,1788964608846794364,1788964608847380452,ok,
std_copy_xcdr__cpp_to_cpp__1000000B__10Hz__shmem_ds__best_effort,receive,sub,cpp_to_cpp,copy,std,xcdr,shmem_ds,1000000,10,1,measured,167,2026-09-09T14:36:48.947624Z,157802609822482,157802609174678,157802609822482,1788964608946990251,1788964608947450411,ok,
std_copy_xcdr__cpp_to_cpp__1000000B__10Hz__shmem_ds__best_effort,receive,sub,cpp_to_cpp,copy,std,xcdr,shmem_ds,1000000,10,1,measured,168,2026-09-09T14:36:49.048384Z,157802710583088,157802710153716,157802710583088,1788964609047962617,1788964609048230444,ok,
std_copy_xcdr__cpp_to_cpp__1000000B__10Hz__shmem_ds__best_effort,receive,sub,cpp_to_cpp,copy,std,xcdr,shmem_ds,1000000,10,1,measured,169,2026-09-09T14:36:49.149559Z,157802811758278,157802810959228,157802811758278,1788964609148771745,1788964609149346652,ok,
std_copy_xcdr__cpp_to_cpp__1000000B__10Hz__shmem_ds__best_effort,receive,sub,cpp_to_cpp,copy,std,xcdr,shmem_ds,1000000,10,1,measured,170,2026-09-09T14:36:49.248953Z,157802911151991,157802910720325,157802911151991,1788964609248528604,1788964609248821217,ok,
std_copy_xcdr__cpp_to_cpp__1000000B__10Hz__shmem_ds__best_effort,receive,sub,cpp_to_cpp,copy,std,xcdr,shmem_ds,1000000,10,1,measured,171,2026-09-09T14:36:49.348980Z,157803011179611,157803010685366,157803011179611,1788964609348492804,1788964609348836955,ok,
std_copy_xcdr__cpp_to_cpp__1000000B__10Hz__shmem_ds__best_effort,receive,sub,cpp_to_cpp,copy,std,xcdr,shmem_ds,1000000,10,1,measured,172,2026-09-09T14:36:49.448929Z,157803111127551,157803110266313,157803111127551,1788964609448079191,1788964609448698171,ok,
std_copy_xcdr__cpp_to_cpp__1000000B__10Hz__shmem_ds__best_effort,receive,sub,cpp_to_cpp,copy,std,xcdr,shmem_ds,1000000,10,1,measured,173,2026-09-09T14:36:49.548571Z,157803210769773,157803210172484,157803210769773,1788964609547984430,1788964609548432427,ok,
std_copy_xcdr__cpp_to_cpp__1000000B__10Hz__shmem_ds__best_effort,receive,sub,cpp_to_cpp,copy,std,xcdr,shmem_ds,1000000,10,1,measured,174,2026-09-09T14:36:49.648040Z,157803310240000,157803309793566,157803310240000,1788964609647603839,1788964609647943391,ok,
std_copy_xcdr__cpp_to_cpp__1000000B__10Hz__shmem_ds__best_effort,receive,sub,cpp_to_cpp,copy,std,xcdr,shmem_ds,1000000,10,1,measured,175,2026-09-09T14:36:49.747622Z,157803409821908,157803409371436,157803409821908,1788964609747179566,1788964609747510772,ok,
std_copy_xcdr__cpp_to_cpp__1000000B__10Hz__shmem_ds__best_effort,receive,sub,cpp_to_cpp,copy,std,xcdr,shmem_ds,1000000,10,1,measured,176,2026-09-09T14:36:49.847749Z,157803509948095,157803509274191,157803509948095,1788964609847088893,1788964609847627521,ok,
std_copy_xcdr__cpp_to_cpp__1000000B__10Hz__shmem_ds__best_effort,receive,sub,cpp_to_cpp,copy,std,xcdr,shmem_ds,1000000,10,1,measured,177,2026-09-09T14:36:49.948013Z,157803610212002,157803609556443,157803610212002,1788964609947372788,1788964609947872472,ok,
std_copy_xcdr__cpp_to_cpp__1000000B__10Hz__shmem_ds__best_effort,receive,sub,cpp_to_cpp,copy,std,xcdr,shmem_ds,1000000,10,1,measured,178,2026-09-09T14:36:50.046897Z,157803709096051,157803708682028,157803709096051,1788964610046493363,1788964610046788571,ok,
std_copy_xcdr__cpp_to_cpp__1000000B__10Hz__shmem_ds__best_effort,receive,sub,cpp_to_cpp,copy,std,xcdr,shmem_ds,1000000,10,1,measured,179,2026-09-09T14:36:50.146971Z,157803809170401,157803808703117,157803809170401,1788964610146512038,1788964610146854826,ok,
std_copy_xcdr__cpp_to_cpp__1000000B__10Hz__shmem_ds__best_effort,receive,sub,cpp_to_cpp,copy,std,xcdr,shmem_ds,1000000,10,1,measured,180,2026-09-09T14:36:50.246549Z,157803908748742,157803908403349,157803908748742,1788964610246211078,1788964610246458976,ok,
std_copy_xcdr__cpp_to_cpp__1000000B__10Hz__shmem_ds__best_effort,receive,sub,cpp_to_cpp,copy,std,xcdr,shmem_ds,1000000,10,1,measured,181,2026-09-09T14:36:50.347260Z,157804009459676,157804008930295,157804009459676,1788964610346738555,1788964610347123323,ok,
std_copy_xcdr__cpp_to_cpp__1000000B__10Hz__shmem_ds__best_effort,receive,sub,cpp_to_cpp,copy,std,xcdr,shmem_ds,1000000,10,1,measured,182,2026-09-09T14:36:50.447584Z,157804109782025,157804108793937,157804109782025,1788964610446609170,1788964610447367794,ok,
std_copy_xcdr__cpp_to_cpp__1000000B__10Hz__shmem_ds__best_effort,receive,sub,cpp_to_cpp,copy,std,xcdr,shmem_ds,1000000,10,1,measured,183,2026-09-09T14:36:50.546551Z,157804208750093,157804208193410,157804208750093,1788964610546004025,1788964610546414741,ok,
std_copy_xcdr__cpp_to_cpp__1000000B__10Hz__shmem_ds__best_effort,receive,sub,cpp_to_cpp,copy,std,xcdr,shmem_ds,1000000,10,1,measured,184,2026-09-09T14:36:50.645586Z,157804307784838,157804307191215,157804307784838,1788964610645002741,1788964610645430230,ok,
std_copy_xcdr__cpp_to_cpp__1000000B__10Hz__shmem_ds__best_effort,receive,sub,cpp_to_cpp,copy,std,xcdr,shmem_ds,1000000,10,1,measured,185,2026-09-09T14:36:50.746446Z,157804408644753,157804407476144,157804408644753,1788964610745297939,1788964610746137807,ok,
std_copy_xcdr__cpp_to_cpp__1000000B__10Hz__shmem_ds__best_effort,receive,sub,cpp_to_cpp,copy,std,xcdr,shmem_ds,1000000,10,1,measured,186,2026-09-09T14:36:50.845954Z,157804508152653,157804507018408,157804508152653,1788964610844841356,1788964610845696943,ok,
std_copy_xcdr__cpp_to_cpp__1000000B__10Hz__shmem_ds__best_effort,receive,sub,cpp_to_cpp,copy,std,xcdr,shmem_ds,1000000,10,1,measured,187,2026-09-09T14:36:50.945281Z,157804607478828,157804606372176,157804607478828,1788964610944192689,1788964610945027627,ok,
std_copy_xcdr__cpp_to_cpp__1000000B__10Hz__shmem_ds__best_effort,receive,sub,cpp_to_cpp,copy,std,xcdr,shmem_ds,1000000,10,1,measured,188,2026-09-09T14:36:51.045715Z,157804707914221,157804707170474,157804707914221,1788964611044990506,1788964611045547139,ok,
std_copy_xcdr__cpp_to_cpp__1000000B__10Hz__shmem_ds__best_effort,receive,sub,cpp_to_cpp,copy,std,xcdr,shmem_ds,1000000,10,1,measured,189,2026-09-09T14:36:51.145998Z,157804808197326,157804807762635,157804808197326,1788964611145572648,1788964611145895127,ok,
std_copy_xcdr__cpp_to_cpp__1000000B__10Hz__shmem_ds__best_effort,receive,sub,cpp_to_cpp,copy,std,xcdr,shmem_ds,1000000,10,1,measured,190,2026-09-09T14:36:51.246213Z,157804908411813,157804907579629,157804908411813,1788964611245391185,1788964611245988334,ok,
std_copy_xcdr__cpp_to_cpp__1000000B__10Hz__shmem_ds__best_effort,receive,sub,cpp_to_cpp,copy,std,xcdr,shmem_ds,1000000,10,1,measured,191,2026-09-09T14:36:51.345224Z,157805007423465,157805006786951,157805007423465,1788964611344603316,1788964611345089095,ok,
std_copy_xcdr__cpp_to_cpp__1000000B__10Hz__shmem_ds__best_effort,receive,sub,cpp_to_cpp,copy,std,xcdr,shmem_ds,1000000,10,1,measured,192,2026-09-09T14:36:51.445705Z,157805107903263,157805107135631,157805107903263,1788964611444952617,1788964611445542753,ok,
std_copy_xcdr__cpp_to_cpp__1000000B__10Hz__shmem_ds__best_effort,receive,sub,cpp_to_cpp,copy,std,xcdr,shmem_ds,1000000,10,1,measured,193,2026-09-09T14:36:51.546978Z,157805209176170,157805208067784,157805209176170,1788964611545889159,1788964611546751609,ok,
std_copy_xcdr__cpp_to_cpp__1000000B__10Hz__shmem_ds__best_effort,receive,sub,cpp_to_cpp,copy,std,xcdr,shmem_ds,1000000,10,1,measured,194,2026-09-09T14:36:51.646019Z,157805308218410,157805307603147,157805308218410,1788964611645416285,1788964611645883579,ok,
std_copy_xcdr__cpp_to_cpp__1000000B__10Hz__shmem_ds__best_effort,receive,sub,cpp_to_cpp,copy,std,xcdr,shmem_ds,1000000,10,1,measured,195,2026-09-09T14:36:51.744940Z,157805407139090,157805406753451,157805407139090,1788964611744560668,1788964611744839946,ok,
std_copy_xcdr__cpp_to_cpp__1000000B__10Hz__shmem_ds__best_effort,receive,sub,cpp_to_cpp,copy,std,xcdr,shmem_ds,1000000,10,1,measured,196,2026-09-09T14:36:51.845444Z,157805507642913,157805507018653,157805507642913,1788964611844831932,1788964611845307511,ok,
std_copy_xcdr__cpp_to_cpp__1000000B__10Hz__shmem_ds__best_effort,receive,sub,cpp_to_cpp,copy,std,xcdr,shmem_ds,1000000,10,1,measured,197,2026-09-09T14:36:51.945560Z,157805607759063,157805607165181,157805607759063,1788964611944977117,1788964611945433380,ok,
std_copy_xcdr__cpp_to_cpp__1000000B__10Hz__shmem_ds__best_effort,receive,sub,cpp_to_cpp,copy,std,xcdr,shmem_ds,1000000,10,1,measured,198,2026-09-09T14:36:52.045063Z,157805707262165,157805706521866,157805707262165,1788964612044338331,1788964612044907277,ok,
std_copy_xcdr__cpp_to_cpp__1000000B__10Hz__shmem_ds__best_effort,receive,sub,cpp_to_cpp,copy,std,xcdr,shmem_ds,1000000,10,1,measured,199,2026-09-09T14:36:52.145483Z,157805807682302,157805807296683,157805807682302,1788964612145104692,1788964612145394189,ok,
std_copy_xcdr__cpp_to_cpp__1000000B__10Hz__shmem_ds__best_effort,receive,sub,cpp_to_cpp,copy,std,xcdr,shmem_ds,1000000,10,1,measured,200,2026-09-09T14:36:52.245427Z,157805907626177,157805907192087,157805907626177,1788964612244998783,1788964612245313018,ok,
std_copy_xcdr__cpp_to_cpp__1000000B__10Hz__shmem_ds__best_effort,receive,sub,cpp_to_cpp,copy,std,xcdr,shmem_ds,1000000,10,1,measured,201,2026-09-09T14:36:52.344773Z,157806006972854,157806006399690,157806006972854,1788964612344217688,1788964612344650517,ok,
std_copy_xcdr__cpp_to_cpp__1000000B__10Hz__shmem_ds__best_effort,receive,sub,cpp_to_cpp,copy,std,xcdr,shmem_ds,1000000,10,1,measured,202,2026-09-09T14:36:52.444488Z,157806106686325,157806105726360,157806106686325,1788964612443544879,1788964612444297011,ok,
std_copy_xcdr__cpp_to_cpp__1000000B__10Hz__shmem_ds__best_effort,receive,sub,cpp_to_cpp,copy,std,xcdr,shmem_ds,1000000,10,1,measured,203,2026-09-09T14:36:52.545479Z,157806207676608,157806206547143,157806207676608,1788964612544362796,1788964612545230206,ok,
std_copy_xcdr__cpp_to_cpp__1000000B__10Hz__shmem_ds__best_effort,receive,sub,cpp_to_cpp,copy,std,xcdr,shmem_ds,1000000,10,1,measured,204,2026-09-09T14:36:52.644852Z,157806307050777,157806306453999,157806307050777,1788964612644268500,1788964612644713962,ok,
std_copy_xcdr__cpp_to_cpp__1000000B__10Hz__shmem_ds__best_effort,receive,sub,cpp_to_cpp,copy,std,xcdr,shmem_ds,1000000,10,1,measured,205,2026-09-09T14:36:52.745566Z,157806407765168,157806407090373,157806407765168,1788964612744904904,1788964612745419707,ok,
std_copy_xcdr__cpp_to_cpp__1000000B__10Hz__shmem_ds__best_effort,receive,sub,cpp_to_cpp,copy,std,xcdr,shmem_ds,1000000,10,1,measured,206,2026-09-09T14:36:52.845506Z,157806507704145,157806506925062,157806507704145,1788964612844738972,1788964612845294392,ok,
std_copy_xcdr__cpp_to_cpp__1000000B__10Hz__shmem_ds__best_effort,receive,sub,cpp_to_cpp,copy,std,xcdr,shmem_ds,1000000,10,1,measured,207,2026-09-09T14:36:52.945157Z,157806607356079,157806606778918,157806607356079,1788964612944591806,1788964612945043700,ok,
std_copy_xcdr__cpp_to_cpp__1000000B__10Hz__shmem_ds__best_effort,receive,sub,cpp_to_cpp,copy,std,xcdr,shmem_ds,1000000,10,1,measured,208,2026-09-09T14:36:53.044789Z,157806706988406,157806706427807,157806706988406,1788964613044242118,1788964613044660529,ok,
std_copy_xcdr__cpp_to_cpp__1000000B__10Hz__shmem_ds__best_effort,receive,sub,cpp_to_cpp,copy,std,xcdr,shmem_ds,1000000,10,1,measured,209,2026-09-09T14:36:53.143747Z,157806805946438,157806805629219,157806805946438,1788964613143435615,1788964613143668505,ok,
std_copy_xcdr__cpp_to_cpp__1000000B__10Hz__shmem_ds__best_effort,receive,sub,cpp_to_cpp,copy,std,xcdr,shmem_ds,1000000,10,1,measured,210,2026-09-09T14:36:53.243273Z,157806905472195,157806905018186,157806905472195,1788964613242825103,1788964613243139979,ok,
std_copy_xcdr__cpp_to_cpp__1000000B__10Hz__shmem_ds__best_effort,receive,sub,cpp_to_cpp,copy,std,xcdr,shmem_ds,1000000,10,1,measured,211,2026-09-09T14:36:53.342660Z,157807004859760,157807004503306,157807004859760,1788964613342309401,1788964613342574222,ok,
std_copy_xcdr__cpp_to_cpp__1000000B__10Hz__shmem_ds__best_effort,receive,sub,cpp_to_cpp,copy,std,xcdr,shmem_ds,1000000,10,1,measured,212,2026-09-09T14:36:53.443660Z,157807105858783,157807105262766,157807105858783,1788964613443072218,1788964613443513011,ok,
std_copy_xcdr__cpp_to_cpp__1000000B__10Hz__shmem_ds__best_effort,receive,sub,cpp_to_cpp,copy,std,xcdr,shmem_ds,1000000,10,1,measured,213,2026-09-09T14:36:53.543786Z,157807205985103,157807205150815,157807205985103,1788964613542964936,1788964613543616829,ok,
std_copy_xcdr__cpp_to_cpp__1000000B__10Hz__shmem_ds__best_effort,receive,sub,cpp_to_cpp,copy,std,xcdr,shmem_ds,1000000,10,1,measured,214,2026-09-09T14:36:53.642994Z,157807305193339,157807304563448,157807305193339,1788964613642374072,1788964613642850062,ok,
std_copy_xcdr__cpp_to_cpp__1000000B__10Hz__shmem_ds__best_effort,receive,sub,cpp_to_cpp,copy,std,xcdr,shmem_ds,1000000,10,1,measured,215,2026-09-09T14:36:53.742048Z,157807404247603,157807403887302,157807404247603,1788964613741693838,1788964613741955894,ok,
std_copy_xcdr__cpp_to_cpp__1000000B__10Hz__shmem_ds__best_effort,receive,sub,cpp_to_cpp,copy,std,xcdr,shmem_ds,1000000,10,1,measured,216,2026-09-09T14:36:53.841769Z,157807503967888,157807503240052,157807503967888,1788964613841061356,1788964613841629971,ok,
std_copy_xcdr__cpp_to_cpp__1000000B__10Hz__shmem_ds__best_effort,receive,sub,cpp_to_cpp,copy,std,xcdr,shmem_ds,1000000,10,1,measured,217,2026-09-09T14:36:53.941027Z,157807603226078,157807602557624,157807603226078,1788964613940370974,1788964613940872372,ok,
std_copy_xcdr__cpp_to_cpp__1000000B__10Hz__shmem_ds__best_effort,receive,sub,cpp_to_cpp,copy,std,xcdr,shmem_ds,1000000,10,1,measured,218,2026-09-09T14:36:54.040543Z,157807702741776,157807701804514,157807702741776,1788964614039624767,1788964614040346551,ok,
std_copy_xcdr__cpp_to_cpp__1000000B__10Hz__shmem_ds__best_effort,receive,sub,cpp_to_cpp,copy,std,xcdr,shmem_ds,1000000,10,1,measured,219,2026-09-09T14:36:54.139400Z,157807801599250,157807801222006,157807801599250,1788964614139030336,1788964614139311448,ok,
std_copy_xcdr__cpp_to_cpp__1000000B__10Hz__shmem_ds__best_effort,receive,sub,cpp_to_cpp,copy,std,xcdr,shmem_ds,1000000,10,1,measured,220,2026-09-09T14:36:54.240362Z,157807902561152,157807902127752,157807902561152,1788964614239935050,1788964614240257740,ok,
std_copy_xcdr__cpp_to_cpp__1000000B__10Hz__shmem_ds__best_effort,receive,sub,cpp_to_cpp,copy,std,xcdr,shmem_ds,1000000,10,1,measured,221,2026-09-09T14:36:54.340156Z,157808002355347,157808001976350,157808002355347,1788964614339782586,1788964614340071352,ok,
std_copy_xcdr__cpp_to_cpp__1000000B__10Hz__shmem_ds__best_effort,receive,sub,cpp_to_cpp,copy,std,xcdr,shmem_ds,1000000,10,1,measured,222,2026-09-09T14:36:54.440297Z,157808102496167,157808101765996,157808102496167,1788964614439578243,1788964614440132431,ok,
std_copy_xcdr__cpp_to_cpp__1000000B__10Hz__shmem_ds__best_effort,receive,sub,cpp_to_cpp,copy,std,xcdr,shmem_ds,1000000,10,1,measured,223,2026-09-09T14:36:54.539440Z,157808201639040,157808201011333,157808201639040,1788964614538824222,1788964614539312194,ok,
std_copy_xcdr__cpp_to_cpp__1000000B__10Hz__shmem_ds__best_effort,receive,sub,cpp_to_cpp,copy,std,xcdr,shmem_ds,1000000,10,1,measured,224,2026-09-09T14:36:54.638751Z,157808300950212,157808300291958,157808300950212,1788964614638105327,1788964614638614009,ok,
std_copy_xcdr__cpp_to_cpp__1000000B__10Hz__shmem_ds__best_effort,receive,sub,cpp_to_cpp,copy,std,xcdr,shmem_ds,1000000,10,1,measured,225,2026-09-09T14:36:54.738554Z,157808400752793,157808400093326,157808400752793,1788964614737908088,1788964614738399237,ok,
std_copy_xcdr__cpp_to_cpp__1000000B__10Hz__shmem_ds__best_effort,receive,sub,cpp_to_cpp,copy,std,xcdr,shmem_ds,1000000,10,1,measured,226,2026-09-09T14:36:54.838040Z,157808500238795,157808499489889,157808500238795,1788964614837305683,1788964614837891310,ok,
std_copy_xcdr__cpp_to_cpp__1000000B__10Hz__shmem_ds__best_effort,receive,sub,cpp_to_cpp,copy,std,xcdr,shmem_ds,1000000,10,1,measured,227,2026-09-09T14:36:54.937148Z,157808599346923,157808598811922,157808599346923,1788964614936623007,1788964614937025107,ok,
std_copy_xcdr__cpp_to_cpp__1000000B__10Hz__shmem_ds__best_effort,receive,sub,cpp_to_cpp,copy,std,xcdr,shmem_ds,1000000,10,1,measured,228,2026-09-09T14:36:55.037585Z,157808699783473,157808698491349,157808699783473,1788964615036318775,1788964615037328044,ok,
std_copy_xcdr__cpp_to_cpp__1000000B__10Hz__shmem_ds__best_effort,receive,sub,cpp_to_cpp,copy,std,xcdr,shmem_ds,1000000,10,1,measured,229,2026-09-09T14:36:55.137530Z,157808799729015,157808799177833,157808799729015,1788964615136995250,1788964615137417518,ok,
std_copy_xcdr__cpp_to_cpp__1000000B__10Hz__shmem_ds__best_effort,receive,sub,cpp_to_cpp,copy,std,xcdr,shmem_ds,1000000,10,1,measured,230,2026-09-09T14:36:55.237857Z,157808900056179,157808899474389,157808900056179,1788964615237284702,1788964615237690409,ok,
std_copy_xcdr__cpp_to_cpp__1000000B__10Hz__shmem_ds__best_effort,receive,sub,cpp_to_cpp,copy,std,xcdr,shmem_ds,1000000,10,1,measured,231,2026-09-09T14:36:55.338041Z,157809000239271,157808999127308,157809000239271,1788964615336946409,1788964615337797949,ok,
std_copy_xcdr__cpp_to_cpp__1000000B__10Hz__shmem_ds__best_effort,receive,sub,cpp_to_cpp,copy,std,xcdr,shmem_ds,1000000,10,1,measured,232,2026-09-09T14:36:55.438748Z,157809100947213,157809099988992,157809100947213,1788964615437827979,1788964615438589840,ok,
std_copy_xcdr__cpp_to_cpp__1000000B__10Hz__shmem_ds__best_effort,receive,sub,cpp_to_cpp,copy,std,xcdr,shmem_ds,1000000,10,1,measured,233,2026-09-09T14:36:55.538198Z,157809200396547,157809199756617,157809200396547,1788964615537571149,1788964615538060043,ok,
std_copy_xcdr__cpp_to_cpp__1000000B__10Hz__shmem_ds__best_effort,receive,sub,cpp_to_cpp,copy,std,xcdr,shmem_ds,1000000,10,1,measured,234,2026-09-09T14:36:55.638364Z,157809300563438,157809299936443,157809300563438,1788964615637749992,1788964615638233507,ok,
std_copy_xcdr__cpp_to_cpp__1000000B__10Hz__shmem_ds__best_effort,receive,sub,cpp_to_cpp,copy,std,xcdr,shmem_ds,1000000,10,1,measured,235,2026-09-09T14:36:55.738138Z,157809400336925,157809399951356,157809400336925,1788964615737758914,1788964615738047259,ok,
std_copy_xcdr__cpp_to_cpp__1000000B__10Hz__shmem_ds__best_effort,receive,sub,cpp_to_cpp,copy,std,xcdr,shmem_ds,1000000,10,1,measured,236,2026-09-09T14:36:55.838220Z,157809500418945,157809499796789,157809500418945,1788964615837609467,1788964615838084304,ok,
std_copy_xcdr__cpp_to_cpp__1000000B__10Hz__shmem_ds__best_effort,receive,sub,cpp_to_cpp,copy,std,xcdr,shmem_ds,1000000,10,1,measured,237,2026-09-09T14:36:55.938759Z,157809600958330,157809600062656,157809600958330,1788964615937880764,1788964615938574506,ok,
std_copy_xcdr__cpp_to_cpp__1000000B__10Hz__shmem_ds__best_effort,receive,sub,cpp_to_cpp,copy,std,xcdr,shmem_ds,1000000,10,1,measured,238,2026-09-09T14:36:56.039643Z,157809701841555,157809700931995,157809701841555,1788964616038752568,1788964616039466819,ok,
std_copy_xcdr__cpp_to_cpp__1000000B__10Hz__shmem_ds__best_effort,receive,sub,cpp_to_cpp,copy,std,xcdr,shmem_ds,1000000,10,1,measured,239,2026-09-09T14:36:56.138759Z,157809800958251,157809800291110,157809800958251,1788964616138105070,1788964616138606839,ok,
std_copy_xcdr__cpp_to_cpp__1000000B__10Hz__shmem_ds__best_effort,receive,sub,cpp_to_cpp,copy,std,xcdr,shmem_ds,1000000,10,1,measured,240,2026-09-09T14:36:56.238343Z,157809900542461,157809900139709,157809900542461,1788964616237949221,1788964616238255571,ok,
std_copy_xcdr__cpp_to_cpp__1000000B__10Hz__shmem_ds__best_effort,receive,sub,cpp_to_cpp,copy,std,xcdr,shmem_ds,1000000,10,1,measured,241,2026-09-09T14:36:56.339576Z,157810001775138,157810000795796,157810001775138,1788964616338608865,1788964616339371367,ok,
std_copy_xcdr__cpp_to_cpp__1000000B__10Hz__shmem_ds__best_effort,receive,sub,cpp_to_cpp,copy,std,xcdr,shmem_ds,1000000,10,1,measured,242,2026-09-09T14:36:56.439510Z,157810101709521,157810101080591,157810101709521,1788964616438893991,1788964616439376213,ok,
std_copy_xcdr__cpp_to_cpp__1000000B__10Hz__shmem_ds__best_effort,receive,sub,cpp_to_cpp,copy,std,xcdr,shmem_ds,1000000,10,1,measured,243,2026-09-09T14:36:56.538658Z,157810200857416,157810200242283,157810200857416,1788964616538055442,1788964616538524599,ok,
std_copy_xcdr__cpp_to_cpp__1000000B__10Hz__shmem_ds__best_effort,receive,sub,cpp_to_cpp,copy,std,xcdr,shmem_ds,1000000,10,1,measured,244,2026-09-09T14:36:56.639068Z,157810301267527,157810300795795,157810301267527,1788964616638608073,1788964616638968975,ok,
std_copy_xcdr__cpp_to_cpp__1000000B__10Hz__shmem_ds__best_effort,receive,sub,cpp_to_cpp,copy,std,xcdr,shmem_ds,1000000,10,1,measured,245,2026-09-09T14:36:56.739524Z,157810401722955,157810401015337,157810401722955,1788964616738831031,1788964616739359971,ok,
std_copy_xcdr__cpp_to_cpp__1000000B__10Hz__shmem_ds__best_effort,receive,sub,cpp_to_cpp,copy,std,xcdr,shmem_ds,1000000,10,1,measured,246,2026-09-09T14:36:56.840373Z,157810502571987,157810501878465,157810502571987,1788964616839693067,1788964616840230283,ok,
std_copy_xcdr__cpp_to_cpp__1000000B__10Hz__shmem_ds__best_effort,receive,sub,cpp_to_cpp,copy,std,xcdr,shmem_ds,1000000,10,1,measured,247,2026-09-09T14:36:56.940140Z,157810602338611,157810601339282,157810602338611,1788964616939160616,1788964616939940431,ok,
std_copy_xcdr__cpp_to_cpp__1000000B__10Hz__shmem_ds__best_effort,receive,sub,cpp_to_cpp,copy,std,xcdr,shmem_ds,1000000,10,1,measured,248,2026-09-09T14:36:57.040945Z,157810703143199,157810702074919,157810703143199,1788964617039897887,1788964617040702568,ok,
std_copy_xcdr__cpp_to_cpp__1000000B__10Hz__shmem_ds__best_effort,receive,sub,cpp_to_cpp,copy,std,xcdr,shmem_ds,1000000,10,1,measured,249,2026-09-09T14:36:57.139792Z,157810801991870,157810801506983,157810801991870,1788964617139319881,1788964617139658912,ok,
std_copy_xcdr__cpp_to_cpp__1000000B__10Hz__shmem_ds__best_effort,receive,sub,cpp_to_cpp,copy,std,xcdr,shmem_ds,1000000,10,1,measured,250,2026-09-09T14:36:57.239451Z,157810901649900,157810901327521,157810901649900,1788964617239133416,1788964617239365765,ok,
std_copy_xcdr__cpp_to_cpp__1000000B__10Hz__shmem_ds__best_effort,receive,sub,cpp_to_cpp,copy,std,xcdr,shmem_ds,1000000,10,1,measured,251,2026-09-09T14:36:57.339431Z,157811001630151,157811001158930,157811001630151,1788964617338965967,1788964617339298416,ok,
std_copy_xcdr__cpp_to_cpp__1000000B__10Hz__shmem_ds__best_effort,receive,sub,cpp_to_cpp,copy,std,xcdr,shmem_ds,1000000,10,1,measured,252,2026-09-09T14:36:57.439585Z,157811101784030,157811101415353,157811101784030,1788964617439221368,1788964617439482522,ok,
std_copy_xcdr__cpp_to_cpp__1000000B__10Hz__shmem_ds__best_effort,receive,sub,cpp_to_cpp,copy,std,xcdr,shmem_ds,1000000,10,1,measured,253,2026-09-09T14:36:57.540767Z,157811202966402,157811202263934,157811202966402,1788964617540078245,1788964617540602416,ok,
std_copy_xcdr__cpp_to_cpp__1000000B__10Hz__shmem_ds__best_effort,receive,sub,cpp_to_cpp,copy,std,xcdr,shmem_ds,1000000,10,1,measured,254,2026-09-09T14:36:57.641044Z,157811303242731,157811302710605,157811303242731,1788964617640523684,1788964617640924452,ok,
std_copy_xcdr__cpp_to_cpp__1000000B__10Hz__shmem_ds__best_effort,receive,sub,cpp_to_cpp,copy,std,xcdr,shmem_ds,1000000,10,1,measured,255,2026-09-09T14:36:57.740782Z,157811402981686,157811402281833,157811402981686,1788964617740093840,1788964617740645342,ok,
std_copy_xcdr__cpp_to_cpp__1000000B__10Hz__shmem_ds__best_effort,receive,sub,cpp_to_cpp,copy,std,xcdr,shmem_ds,1000000,10,1,measured,256,2026-09-09T14:36:57.840059Z,157811502257003,157811501643783,157811502257003,1788964617839454458,1788964617839924356,ok,
std_copy_xcdr__cpp_to_cpp__1000000B__10Hz__shmem_ds__best_effort,receive,sub,cpp_to_cpp,copy,std,xcdr,shmem_ds,1000000,10,1,measured,257,2026-09-09T14:36:57.939603Z,157811601802140,157811601142753,157811601802140,1788964617938954539,1788964617939459504,ok,
std_copy_xcdr__cpp_to_cpp__1000000B__10Hz__shmem_ds__best_effort,receive,sub,cpp_to_cpp,copy,std,xcdr,shmem_ds,1000000,10,1,measured,258,2026-09-09T14:36:58.039671Z,157811701869656,157811700863093,157811701869656,1788964618038680821,1788964618039444184,ok,
std_copy_xcdr__cpp_to_cpp__1000000B__10Hz__shmem_ds__best_effort,receive,sub,cpp_to_cpp,copy,std,xcdr,shmem_ds,1000000,10,1,measured,259,2026-09-09T14:36:58.138419Z,157811800617507,157811799980623,157811800617507,1788964618137792740,1788964618138259733,ok,
std_copy_xcdr__cpp_to_cpp__1000000B__10Hz__shmem_ds__best_effort,receive,sub,cpp_to_cpp,copy,std,xcdr,shmem_ds,1000000,10,1,measured,260,2026-09-09T14:36:58.237428Z,157811899627534,157811899288773,157811899627534,1788964618237096231,1788964618237351915,ok,
std_copy_xcdr__cpp_to_cpp__1000000B__10Hz__shmem_ds__best_effort,receive,sub,cpp_to_cpp,copy,std,xcdr,shmem_ds,1000000,10,1,measured,261,2026-09-09T14:36:58.336669Z,157811998868567,157811998378571,157811998868567,1788964618336185508,1788964618336523186,ok,
std_copy_xcdr__cpp_to_cpp__1000000B__10Hz__shmem_ds__best_effort,receive,sub,cpp_to_cpp,copy,std,xcdr,shmem_ds,1000000,10,1,measured,262,2026-09-09T14:36:58.435619Z,157812097818750,157812097410358,157812097818750,1788964618435216053,1788964618435505109,ok,
std_copy_xcdr__cpp_to_cpp__1000000B__10Hz__shmem_ds__best_effort,receive,sub,cpp_to_cpp,copy,std,xcdr,shmem_ds,1000000,10,1,measured,263,2026-09-09T14:36:58.535753Z,157812197952321,157812197315877,157812197952321,1788964618535127363,1788964618535597432,ok,
std_copy_xcdr__cpp_to_cpp__1000000B__10Hz__shmem_ds__best_effort,receive,sub,cpp_to_cpp,copy,std,xcdr,shmem_ds,1000000,10,1,measured,264,2026-09-09T14:36:58.635128Z,157812297327659,157812296786485,157812297327659,1788964618634596899,1788964618634986125,ok,
std_copy_xcdr__cpp_to_cpp__1000000B__10Hz__shmem_ds__best_effort,receive,sub,cpp_to_cpp,copy,std,xcdr,shmem_ds,1000000,10,1,measured,265,2026-09-09T14:36:58.734721Z,157812396920547,157812395844633,157812396920547,1788964618733662871,1788964618734493532,ok,
std_copy_xcdr__cpp_to_cpp__1000000B__10Hz__shmem_ds__best_effort,receive,sub,cpp_to_cpp,copy,std,xcdr,shmem_ds,1000000,10,1,measured,266,2026-09-09T14:36:58.834616Z,157812496815497,157812495559803,157812496815497,1788964618833379595,1788964618834465728,ok,
std_copy_xcdr__cpp_to_cpp__1000000B__10Hz__shmem_ds__best_effort,receive,sub,cpp_to_cpp,copy,std,xcdr,shmem_ds,1000000,10,1,measured,267,2026-09-09T14:36:58.934161Z,157812596359593,157812595653128,157812596359593,1788964618933466146,1788964618933997230,ok,
std_copy_xcdr__cpp_to_cpp__1000000B__10Hz__shmem_ds__best_effort,receive,sub,cpp_to_cpp,copy,std,xcdr,shmem_ds,1000000,10,1,measured,268,2026-09-09T14:36:59.033863Z,157812696061940,157812695018397,157812696061940,1788964619032837447,1788964619033598145,ok,
std_copy_xcdr__cpp_to_cpp__1000000B__10Hz__shmem_ds__best_effort,receive,sub,cpp_to_cpp,copy,std,xcdr,shmem_ds,1000000,10,1,measured,269,2026-09-09T14:36:59.133731Z,157812795930020,157812795383888,157812795930020,1788964619133197557,1788964619133593727,ok,
std_copy_xcdr__cpp_to_cpp__1000000B__10Hz__shmem_ds__best_effort,receive,sub,cpp_to_cpp,copy,std,xcdr,shmem_ds,1000000,10,1,measured,270,2026-09-09T14:36:59.234247Z,157812896446166,157812895962191,157812896446166,1788964619233770761,1788964619234121294,ok,
std_copy_xcdr__cpp_to_cpp__1000000B__10Hz__shmem_ds__best_effort,receive,sub,cpp_to_cpp,copy,std,xcdr,shmem_ds,1000000,10,1,measured,271,2026-09-09T14:36:59.334298Z,157812996497283,157812995983732,157812996497283,1788964619333791751,1788964619334161260,ok,
std_copy_xcdr__cpp_to_cpp__1000000B__10Hz__shmem_ds__best_effort,receive,sub,cpp_to_cpp,copy,std,xcdr,shmem_ds,1000000,10,1,measured,272,2026-09-09T14:36:59.433287Z,157813095486131,157813095130458,157813095486131,1788964619432936784,1788964619433190865,ok,
std_copy_xcdr__cpp_to_cpp__1000000B__10Hz__shmem_ds__best_effort,receive,sub,cpp_to_cpp,copy,std,xcdr,shmem_ds,1000000,10,1,measured,273,2026-09-09T14:36:59.532709Z,157813194907757,157813194250514,157813194907757,1788964619532069434,1788964619532554741,ok,
std_copy_xcdr__cpp_to_cpp__1000000B__10Hz__shmem_ds__best_effort,receive,sub,cpp_to_cpp,copy,std,xcdr,shmem_ds,1000000,10,1,measured,274,2026-09-09T14:36:59.633146Z,157813295344963,157813294420364,157813295344963,1788964619632235747,1788964619632934138,ok,
std_copy_xcdr__cpp_to_cpp__1000000B__10Hz__shmem_ds__best_effort,receive,sub,cpp_to_cpp,copy,std,xcdr,shmem_ds,1000000,10,1,measured,275,2026-09-09T14:36:59.733779Z,157813395978239,157813395372684,157813395978239,1788964619733184581,1788964619733635123,ok,
std_copy_xcdr__cpp_to_cpp__1000000B__10Hz__shmem_ds__best_effort,receive,sub,cpp_to_cpp,copy,std,xcdr,shmem_ds,1000000,10,1,measured,276,2026-09-09T14:36:59.833767Z,157813495966277,157813495429402,157813495966277,1788964619833239655,1788964619833643859,ok,
std_copy_xcdr__cpp_to_cpp__1000000B__10Hz__shmem_ds__best_effort,receive,sub,cpp_to_cpp,copy,std,xcdr,shmem_ds,1000000,10,1,measured,277,2026-09-09T14:36:59.933310Z,157813595508721,157813594772910,157813595508721,1788964619932586189,1788964619933158441,ok,
std_copy_xcdr__cpp_to_cpp__1000000B__10Hz__shmem_ds__best_effort,receive,sub,cpp_to_cpp,copy,std,xcdr,shmem_ds,1000000,10,1,measured,278,2026-09-09T14:37:00.034216Z,157813696414444,157813695250082,157813696414444,1788964620033073190,1788964620033973733,ok,
std_copy_xcdr__cpp_to_cpp__1000000B__10Hz__shmem_ds__best_effort,receive,sub,cpp_to_cpp,copy,std,xcdr,shmem_ds,1000000,10,1,measured,279,2026-09-09T14:37:00.133122Z,157813795320536,157813794457455,157813795320536,1788964620132276424,1788964620132957522,ok,
std_copy_xcdr__cpp_to_cpp__1000000B__10Hz__shmem_ds__best_effort,receive,sub,cpp_to_cpp,copy,std,xcdr,shmem_ds,1000000,10,1,measured,280,2026-09-09T14:37:00.232618Z,157813894817226,157813894512640,157813894817226,1788964620232320739,1788964620232547838,ok,
std_copy_xcdr__cpp_to_cpp__1000000B__10Hz__shmem_ds__best_effort,receive,sub,cpp_to_cpp,copy,std,xcdr,shmem_ds,1000000,10,1,measured,281,2026-09-09T14:37:00.334136Z,157813996334826,157813995247380,157813996334826,1788964620333067533,1788964620333898854,ok,
std_copy_xcdr__cpp_to_cpp__1000000B__10Hz__shmem_ds__best_effort,receive,sub,cpp_to_cpp,copy,std,xcdr,shmem_ds,1000000,10,1,measured,282,2026-09-09T14:37:00.434288Z,157814096487004,157814096081037,157814096487004,1788964620433892743,1788964620434206877,ok,
std_copy_xcdr__cpp_to_cpp__1000000B__10Hz__shmem_ds__best_effort,receive,sub,cpp_to_cpp,copy,std,xcdr,shmem_ds,1000000,10,1,measured,283,2026-09-09T14:37:00.533944Z,157814196143555,157814195386895,157814196143555,1788964620533201597,1788964620533754352,ok,
std_copy_xcdr__cpp_to_cpp__1000000B__10Hz__shmem_ds__best_effort,receive,sub,cpp_to_cpp,copy,std,xcdr,shmem_ds,1000000,10,1,measured,284,2026-09-09T14:37:00.634926Z,157814297124651,157814295945642,157814297124651,1788964620633767478,1788964620634664694,ok,
std_copy_xcdr__cpp_to_cpp__1000000B__10Hz__shmem_ds__best_effort,receive,sub,cpp_to_cpp,copy,std,xcdr,shmem_ds,1000000,10,1,measured,285,2026-09-09T14:37:00.735370Z,157814397568731,157814396835826,157814397568731,1788964620734651499,1788964620735214764,ok,
std_copy_xcdr__cpp_to_cpp__1000000B__10Hz__shmem_ds__best_effort,receive,sub,cpp_to_cpp,copy,std,xcdr,shmem_ds,1000000,10,1,measured,286,2026-09-09T14:37:00.835444Z,157814497643393,157814496910227,157814497643393,1788964620834727945,1788964620835299956,ok,
std_copy_xcdr__cpp_to_cpp__1000000B__10Hz__shmem_ds__best_effort,receive,sub,cpp_to_cpp,copy,std,xcdr,shmem_ds,1000000,10,1,measured,287,2026-09-09T14:37:00.935617Z,157814597816020,157814597342235,157814597816020,1788964620935153790,1788964620935507750,ok,
std_copy_xcdr__cpp_to_cpp__1000000B__10Hz__shmem_ds__best_effort,receive,sub,cpp_to_cpp,copy,std,xcdr,shmem_ds,1000000,10,1,measured,288,2026-09-09T14:37:01.035585Z,157814697783319,157814696651128,157814697783319,1788964621034474216,1788964621035352016,ok,
std_copy_xcdr__cpp_to_cpp__1000000B__10Hz__shmem_ds__best_effort,receive,sub,cpp_to_cpp,copy,std,xcdr,shmem_ds,1000000,10,1,measured,289,2026-09-09T14:37:01.136525Z,157814798724621,157814797620574,157814798724621,1788964621135447809,1788964621136391153,ok,
std_copy_xcdr__cpp_to_cpp__1000000B__10Hz__shmem_ds__best_effort,receive,sub,cpp_to_cpp,copy,std,xcdr,shmem_ds,1000000,10,1,measured,290,2026-09-09T14:37:01.235541Z,157814897739460,157814896823709,157814897739460,1788964621234645283,1788964621235367118,ok,
std_copy_xcdr__cpp_to_cpp__1000000B__10Hz__shmem_ds__best_effort,receive,sub,cpp_to_cpp,copy,std,xcdr,shmem_ds,1000000,10,1,measured,291,2026-09-09T14:37:01.334547Z,157814996745072,157814996120932,157814996745072,1788964621333934091,1788964621334399400,ok,
std_copy_xcdr__cpp_to_cpp__1000000B__10Hz__shmem_ds__best_effort,receive,sub,cpp_to_cpp,copy,std,xcdr,shmem_ds,1000000,10,1,measured,292,2026-09-09T14:37:01.435099Z,157815097298440,157815096776864,157815097298440,1788964621434587598,1788964621434979880,ok,
std_copy_xcdr__cpp_to_cpp__1000000B__10Hz__shmem_ds__best_effort,receive,sub,cpp_to_cpp,copy,std,xcdr,shmem_ds,1000000,10,1,measured,293,2026-09-09T14:37:01.535207Z,157815197405585,157815196705361,157815197405585,1788964621534519281,1788964621535060615,ok,
std_copy_xcdr__cpp_to_cpp__1000000B__10Hz__shmem_ds__best_effort,receive,sub,cpp_to_cpp,copy,std,xcdr,shmem_ds,1000000,10,1,measured,294,2026-09-09T14:37:01.635561Z,157815297760417,157815297107282,157815297760417,1788964621634922665,1788964621635428572,ok,
std_copy_xcdr__cpp_to_cpp__1000000B__10Hz__shmem_ds__best_effort,receive,sub,cpp_to_cpp,copy,std,xcdr,shmem_ds,1000000,10,1,measured,295,2026-09-09T14:37:01.736163Z,157815398362227,157815398010522,157815398362227,1788964621735818201,1788964621736073674,ok,
std_copy_xcdr__cpp_to_cpp__1000000B__10Hz__shmem_ds__best_effort,receive,sub,cpp_to_cpp,copy,std,xcdr,shmem_ds,1000000,10,1,measured,296,2026-09-09T14:37:01.836397Z,157815498596011,157815497978353,157815498596011,1788964621835806300,1788964621836268955,ok,
std_copy_xcdr__cpp_to_cpp__1000000B__10Hz__shmem_ds__best_effort,receive,sub,cpp_to_cpp,copy,std,xcdr,shmem_ds,1000000,10,1,measured,297,2026-09-09T14:37:01.935252Z,157815597451219,157815597019012,157815597451219,1788964621934829877,1788964621935153088,ok,
std_copy_xcdr__cpp_to_cpp__1000000B__10Hz__shmem_ds__best_effort,receive,sub,cpp_to_cpp,copy,std,xcdr,shmem_ds,1000000,10,1,measured,298,2026-09-09T14:37:02.036868Z,157815699066484,157815697948831,157815699066484,1788964622035771939,1788964622036614041,ok,
std_copy_xcdr__cpp_to_cpp__1000000B__10Hz__shmem_ds__best_effort,receive,sub,cpp_to_cpp,copy,std,xcdr,shmem_ds,1000000,10,1,measured,299,2026-09-09T14:37:02.136454Z,157815798653656,157815798270412,157815798653656,1788964622136081777,1788964622136364813,ok,
std_copy_xcdr__cpp_to_cpp__1000000B__10Hz__shmem_ds__best_effort,receive,sub,cpp_to_cpp,copy,std,xcdr,shmem_ds,1000000,10,1,measured,300,2026-09-09T14:37:02.236400Z,157815898599677,157815898178751,157815898599677,1788964622235986490,1788964622236299031,ok,
