run_id,event,process,direction,config,message,backend,transport,payload_bytes,target_frequency_hz,step_index,phase,sequence,observed_utc,observed_mono_ns,send_mono_ns,receive_mono_ns,middleware_source_ns,middleware_received_ns,status,error
std_copy_xcdr__cpp_to_py__100000B__10Hz__shmem_ds__best_effort,publish,pub,cpp_to_py,copy,std,xcdr,shmem_ds,100000,10,0,measured,0,2026-09-09T14:34:49.088707Z,157682750510034,157682750510034,-1,-1,-1,ok,
std_copy_xcdr__cpp_to_py__100000B__10Hz__shmem_ds__best_effort,publish,pub,cpp_to_py,copy,std,xcdr,shmem_ds,100000,10,0,measured,1,2026-09-09T14:34:49.188986Z,157682851077952,157682851077952,-1,-1,-1,ok,
std_copy_xcdr__cpp_to_py__100000B__10Hz__shmem_ds__best_effort,publish,pub,cpp_to_py,copy,std,xcdr,shmem_ds,100000,10,0,measured,2,2026-09-09T14:34:49.289265Z,157682951356383,157682951356383,-1,-1,-1,ok,
std_copy_xcdr__cpp_to_py__100000B__10Hz__shmem_ds__best_effort,publish,pub,cpp_to_py,copy,std,xcdr,shmem_ds,100000,10,0,measured,3,2026-09-09T14:34:49.389781Z,157683051865009,157683051865009,-1,-1,-1,ok,
std_copy_xcdr__cpp_to_py__100000B__10Hz__shmem_ds__best_effort,publish,pub,cpp_to_py,copy,std,xcdr,shmem_ds,100000,10,0,measured,4,2026-09-09T14:34:49.489052Z,157683151136085,157683151136085,-1,-1,-1,ok,
std_copy_xcdr__cpp_to_py__100000B__10Hz__shmem_ds__best_effort,publish,pub,cpp_to_py,copy,std,xcdr,shmem_ds,100000,10,0,measured,5,2026-09-09T14:34:49.589889Z,157683251944147,157683251944147,-1,-1,-1,ok,
std_copy_xcdr__cpp_to_py__100000B__10Hz__shmem_ds__best_effort,publish,pub,cpp_to_py,copy,std,xcdr,shmem_ds,100000,10,0,measured,6,2026-09-09T14:34:49.689059Z,157683351133120,157683351133120,-1,-1,-1,ok,
std_copy_xcdr__cpp_to_py__100000B__10Hz__shmem_ds__best_effort,publish,pub,cpp_to_py,copy,std,xcdr,shmem_ds,100000,10,0,measured,7,2026-09-09T14:34:49.789214Z,157683451279031,157683451279031,-1,-1,-1,ok,
std_copy_xcdr__cpp_to_py__100000B__10Hz__shmem_ds__best_effort,publish,pub,cpp_to_py,copy,std,xcdr,shmem_ds,100000,10,0,measured,8,2026-09-09T14:34:49.888997Z,157683551030205,157683551030205,-1,-1,-1,ok,
std_copy_xcdr__cpp_to_py__100000B__10Hz__shmem_ds__best_effort,publish,pub,cpp_to_py,copy,std,xcdr,shmem_ds,100000,10,0,measured,9,2026-09-09T14:34:49.988491Z,157683650573407,157683650573407,-1,-1,-1,ok,
std_copy_xcdr__cpp_to_py__100000B__10Hz__shmem_ds__best_effort,publish,pub,cpp_to_py,copy,std,xcdr,shmem_ds,100000,10,0,measured,10,2026-09-09T14:34:50.088302Z,157683750356763,157683750356763,-1,-1,-1,ok,
std_copy_xcdr__cpp_to_py__100000B__10Hz__shmem_ds__best_effort,publish,pub,cpp_to_py,copy,std,xcdr,shmem_ds,100000,10,0,measured,11,2026-09-09T14:34:50.187318Z,157683849379864,157683849379864,-1,-1,-1,ok,
std_copy_xcdr__cpp_to_py__100000B__10Hz__shmem_ds__best_effort,publish,pub,cpp_to_py,copy,std,xcdr,shmem_ds,100000,10,0,measured,12,2026-09-09T14:34:50.287355Z,157683949429915,157683949429915,-1,-1,-1,ok,
std_copy_xcdr__cpp_to_py__100000B__10Hz__shmem_ds__best_effort,publish,pub,cpp_to_py,copy,std,xcdr,shmem_ds,100000,10,0,measured,13,2026-09-09T14:34:50.387729Z,157684049797505,157684049797505,-1,-1,-1,ok,
std_copy_xcdr__cpp_to_py__100000B__10Hz__shmem_ds__best_effort,publish,pub,cpp_to_py,copy,std,xcdr,shmem_ds,100000,10,0,measured,14,2026-09-09T14:34:50.487994Z,157684150072081,157684150072081,-1,-1,-1,ok,
std_copy_xcdr__cpp_to_py__100000B__10Hz__shmem_ds__best_effort,publish,pub,cpp_to_py,copy,std,xcdr,shmem_ds,100000,10,0,measured,15,2026-09-09T14:34:50.588665Z,157684250725221,157684250725221,-1,-1,-1,ok,
std_copy_xcdr__cpp_to_py__100000B__10Hz__shmem_ds__best_effort,publish,pub,cpp_to_py,copy,std,xcdr,shmem_ds,100000,10,0,measured,16,2026-09-09T14:34:50.689551Z,157684351617683,157684351617683,-1,-1,-1,ok,
std_copy_xcdr__cpp_to_py__100000B__10Hz__shmem_ds__best_effort,publish,pub,cpp_to_py,copy,std,xcdr,shmem_ds,100000,10,0,measured,17,2026-09-09T14:34:50.790105Z,157684452124827,157684452124827,-1,-1,-1,ok,
std_copy_xcdr__cpp_to_py__100000B__10Hz__shmem_ds__best_effort,publish,pub,cpp_to_py,copy,std,xcdr,shmem_ds,100000,10,0,measured,18,2026-09-09T14:34:50.889999Z,157684552021758,157684552021758,-1,-1,-1,ok,
std_copy_xcdr__cpp_to_py__100000B__10Hz__shmem_ds__best_effort,publish,pub,cpp_to_py,copy,std,xcdr,shmem_ds,100000,10,0,measured,19,2026-09-09T14:34:50.989068Z,157684651112818,157684651112818,-1,-1,-1,ok,
std_copy_xcdr__cpp_to_py__100000B__10Hz__shmem_ds__best_effort,publish,pub,cpp_to_py,copy,std,xcdr,shmem_ds,100000,10,0,measured,20,2026-09-09T14:34:51.088181Z,157684750242942,157684750242942,-1,-1,-1,ok,
std_copy_xcdr__cpp_to_py__100000B__10Hz__shmem_ds__best_effort,publish,pub,cpp_to_py,copy,std,xcdr,shmem_ds,100000,10,0,measured,21,2026-09-09T14:34:51.188755Z,157684850744596,157684850744596,-1,-1,-1,ok,
std_copy_xcdr__cpp_to_py__100000B__10Hz__shmem_ds__best_effort,publish,pub,cpp_to_py,copy,std,xcdr,shmem_ds,100000,10,0,measured,22,2026-09-09T14:34:51.287945Z,157684950033321,157684950033321,-1,-1,-1,ok,
std_copy_xcdr__cpp_to_py__100000B__10Hz__shmem_ds__best_effort,publish,pub,cpp_to_py,copy,std,xcdr,shmem_ds,100000,10,0,measured,23,2026-09-09T14:34:51.387873Z,157685049888446,157685049888446,-1,-1,-1,ok,
std_copy_xcdr__cpp_to_py__100000B__10Hz__shmem_ds__best_effort,publish,pub,cpp_to_py,copy,std,xcdr,shmem_ds,100000,10,0,measured,24,2026-09-09T14:34:51.487013Z,157685149091548,157685149091548,-1,-1,-1,ok,
std_copy_xcdr__cpp_to_py__100000B__10Hz__shmem_ds__best_effort,publish,pub,cpp_to_py,copy,std,xcdr,shmem_ds,100000,10,0,measured,25,2026-09-09T14:34:51.586327Z,157685248378799,157685248378799,-1,-1,-1,ok,
std_copy_xcdr__cpp_to_py__100000B__10Hz__shmem_ds__best_effort,publish,pub,cpp_to_py,copy,std,xcdr,shmem_ds,100000,10,0,measured,26,2026-09-09T14:34:51.685516Z,157685347569938,157685347569938,-1,-1,-1,ok,
std_copy_xcdr__cpp_to_py__100000B__10Hz__shmem_ds__best_effort,publish,pub,cpp_to_py,copy,std,xcdr,shmem_ds,100000,10,0,measured,27,2026-09-09T14:34:51.785557Z,157685447626884,157685447626884,-1,-1,-1,ok,
std_copy_xcdr__cpp_to_py__100000B__10Hz__shmem_ds__best_effort,publish,pub,cpp_to_py,copy,std,xcdr,shmem_ds,100000,10,0,measured,28,2026-09-09T14:34:51.885504Z,157685547523706,157685547523706,-1,-1,-1,ok,
std_copy_xcdr__cpp_to_py__100000B__10Hz__shmem_ds__best_effort,publish,pub,cpp_to_py,copy,std,xcdr,shmem_ds,100000,10,0,measured,29,2026-09-09T14:34:51.986026Z,157685648067852,157685648067852,-1,-1,-1,ok,
std_copy_xcdr__cpp_to_py__100000B__10Hz__shmem_ds__best_effort,publish,pub,cpp_to_py,copy,std,xcdr,shmem_ds,100000,10,0,measured,30,2026-09-09T14:34:52.085269Z,157685747315910,157685747315910,-1,-1,-1,ok,
std_copy_xcdr__cpp_to_py__100000B__10Hz__shmem_ds__best_effort,publish,pub,cpp_to_py,copy,std,xcdr,shmem_ds,100000,10,0,measured,31,2026-09-09T14:34:52.185713Z,157685847800676,157685847800676,-1,-1,-1,ok,
std_copy_xcdr__cpp_to_py__100000B__10Hz__shmem_ds__best_effort,publish,pub,cpp_to_py,copy,std,xcdr,shmem_ds,100000,10,0,measured,32,2026-09-09T14:34:52.285352Z,157685947449032,157685947449032,-1,-1,-1,ok,
std_copy_xcdr__cpp_to_py__100000B__10Hz__shmem_ds__best_effort,publish,pub,cpp_to_py,copy,std,xcdr,shmem_ds,100000,10,0,measured,33,2026-09-09T14:34:52.385867Z,157686047950488,157686047950488,-1,-1,-1,ok,
std_copy_xcdr__cpp_to_py__100000B__10Hz__shmem_ds__best_effort,publish,pub,cpp_to_py,copy,std,xcdr,shmem_ds,100000,10,0,measured,34,2026-09-09T14:34:52.486463Z,157686148558656,157686148558656,-1,-1,-1,ok,
std_copy_xcdr__cpp_to_py__100000B__10Hz__shmem_ds__best_effort,publish,pub,cpp_to_py,copy,std,xcdr,shmem_ds,100000,10,0,measured,35,2026-09-09T14:34:52.585579Z,157686247647032,157686247647032,-1,-1,-1,ok,
std_copy_xcdr__cpp_to_py__100000B__10Hz__shmem_ds__best_effort,publish,pub,cpp_to_py,copy,std,xcdr,shmem_ds,100000,10,0,measured,36,2026-09-09T14:34:52.686403Z,157686348498579,157686348498579,-1,-1,-1,ok,
std_copy_xcdr__cpp_to_py__100000B__10Hz__shmem_ds__best_effort,publish,pub,cpp_to_py,copy,std,xcdr,shmem_ds,100000,10,0,measured,37,2026-09-09T14:34:52.787010Z,157686448990298,157686448990298,-1,-1,-1,ok,
std_copy_xcdr__cpp_to_py__100000B__10Hz__shmem_ds__best_effort,publish,pub,cpp_to_py,copy,std,xcdr,shmem_ds,100000,10,0,measured,38,2026-09-09T14:34:52.886776Z,157686548818624,157686548818624,-1,-1,-1,ok,
std_copy_xcdr__cpp_to_py__100000B__10Hz__shmem_ds__best_effort,publish,pub,cpp_to_py,copy,std,xcdr,shmem_ds,100000,10,0,measured,39,2026-09-09T14:34:52.986416Z,157686648417545,157686648417545,-1,-1,-1,ok,
std_copy_xcdr__cpp_to_py__100000B__10Hz__shmem_ds__best_effort,publish,pub,cpp_to_py,copy,std,xcdr,shmem_ds,100000,10,0,measured,40,2026-09-09T14:34:53.085383Z,157686747454155,157686747454155,-1,-1,-1,ok,
std_copy_xcdr__cpp_to_py__100000B__10Hz__shmem_ds__best_effort,publish,pub,cpp_to_py,copy,std,xcdr,shmem_ds,100000,10,0,measured,41,2026-09-09T14:34:53.185767Z,157686847851115,157686847851115,-1,-1,-1,ok,
std_copy_xcdr__cpp_to_py__100000B__10Hz__shmem_ds__best_effort,publish,pub,cpp_to_py,copy,std,xcdr,shmem_ds,100000,10,0,measured,42,2026-09-09T14:34:53.285681Z,157686947771465,157686947771465,-1,-1,-1,ok,
std_copy_xcdr__cpp_to_py__100000B__10Hz__shmem_ds__best_effort,publish,pub,cpp_to_py,copy,std,xcdr,shmem_ds,100000,10,0,measured,43,2026-09-09T14:34:53.385754Z,157687047844854,157687047844854,-1,-1,-1,ok,
std_copy_xcdr__cpp_to_py__100000B__10Hz__shmem_ds__best_effort,publish,pub,cpp_to_py,copy,std,xcdr,shmem_ds,100000,10,0,measured,44,2026-09-09T14:34:53.485731Z,157687147821771,157687147821771,-1,-1,-1,ok,
std_copy_xcdr__cpp_to_py__100000B__10Hz__shmem_ds__best_effort,publish,pub,cpp_to_py,copy,std,xcdr,shmem_ds,100000,10,0,measured,45,2026-09-09T14:34:53.585193Z,157687247247026,157687247247026,-1,-1,-1,ok,
std_copy_xcdr__cpp_to_py__100000B__10Hz__shmem_ds__best_effort,publish,pub,cpp_to_py,copy,std,xcdr,shmem_ds,100000,10,0,measured,46,2026-09-09T14:34:53.685371Z,157687347458466,157687347458466,-1,-1,-1,ok,
std_copy_xcdr__cpp_to_py__100000B__10Hz__shmem_ds__best_effort,publish,pub,cpp_to_py,copy,std,xcdr,shmem_ds,100000,10,0,measured,47,2026-09-09T14:34:53.785399Z,157687447450330,157687447450330,-1,-1,-1,ok,
std_copy_xcdr__cpp_to_py__100000B__10Hz__shmem_ds__best_effort,publish,pub,cpp_to_py,copy,std,xcdr,shmem_ds,100000,10,0,measured,48,2026-09-09T14:34:53.885198Z,157687547217742,157687547217742,-1,-1,-1,ok,
std_copy_xcdr__cpp_to_py__100000B__10Hz__shmem_ds__best_effort,publish,pub,cpp_to_py,copy,std,xcdr,shmem_ds,100000,10,0,measured,49,2026-09-09T14:34:53.985519Z,157687647551804,157687647551804,-1,-1,-1,ok,
std_copy_xcdr__cpp_to_py__100000B__10Hz__shmem_ds__best_effort,publish,pub,cpp_to_py,copy,std,xcdr,shmem_ds,100000,10,0,measured,50,2026-09-09T14:34:54.085310Z,157687747381042,157687747381042,-1,-1,-1,ok,
std_copy_xcdr__cpp_to_py__100000B__10Hz__shmem_ds__best_effort,publish,pub,cpp_to_py,copy,std,xcdr,shmem_ds,100000,10,0,measured,51,2026-09-09T14:34:54.185176Z,157687847251289,157687847251289,-1,-1,-1,ok,
std_copy_xcdr__cpp_to_py__100000B__10Hz__shmem_ds__best_effort,publish,pub,cpp_to_py,copy,std,xcdr,shmem_ds,100000,10,0,measured,52,2026-09-09T14:34:54.284387Z,157687946438526,157687946438526,-1,-1,-1,ok,
std_copy_xcdr__cpp_to_py__100000B__10Hz__shmem_ds__best_effort,publish,pub,cpp_to_py,copy,std,xcdr,shmem_ds,100000,10,0,measured,53,2026-09-09T14:34:54.383560Z,157688045587640,157688045587640,-1,-1,-1,ok,
std_copy_xcdr__cpp_to_py__100000B__10Hz__shmem_ds__best_effort,publish,pub,cpp_to_py,copy,std,xcdr,shmem_ds,100000,10,0,measured,54,2026-09-09T14:34:54.484164Z,157688146227531,157688146227531,-1,-1,-1,ok,
std_copy_xcdr__cpp_to_py__100000B__10Hz__shmem_ds__best_effort,publish,pub,cpp_to_py,copy,std,xcdr,shmem_ds,100000,10,0,measured,55,2026-09-09T14:34:54.584136Z,157688246182600,157688246182600,-1,-1,-1,ok,
std_copy_xcdr__cpp_to_py__100000B__10Hz__shmem_ds__best_effort,publish,pub,cpp_to_py,copy,std,xcdr,shmem_ds,100000,10,0,measured,56,2026-09-09T14:34:54.683991Z,157688346067625,157688346067625,-1,-1,-1,ok,
std_copy_xcdr__cpp_to_py__100000B__10Hz__shmem_ds__best_effort,publish,pub,cpp_to_py,copy,std,xcdr,shmem_ds,100000,10,0,measured,57,2026-09-09T14:34:54.785074Z,157688447065079,157688447065079,-1,-1,-1,ok,
std_copy_xcdr__cpp_to_py__100000B__10Hz__shmem_ds__best_effort,publish,pub,cpp_to_py,copy,std,xcdr,shmem_ds,100000,10,0,measured,58,2026-09-09T14:34:54.885243Z,157688547254480,157688547254480,-1,-1,-1,ok,
std_copy_xcdr__cpp_to_py__100000B__10Hz__shmem_ds__best_effort,publish,pub,cpp_to_py,copy,std,xcdr,shmem_ds,100000,10,0,measured,59,2026-09-09T14:34:54.985456Z,157688647486921,157688647486921,-1,-1,-1,ok,
std_copy_xcdr__cpp_to_py__100000B__10Hz__shmem_ds__best_effort,publish,pub,cpp_to_py,copy,std,xcdr,shmem_ds,100000,10,0,measured,60,2026-09-09T14:34:55.085546Z,157688747638670,157688747638670,-1,-1,-1,ok,
std_copy_xcdr__cpp_to_py__100000B__10Hz__shmem_ds__best_effort,publish,pub,cpp_to_py,copy,std,xcdr,shmem_ds,100000,10,0,measured,61,2026-09-09T14:34:55.186285Z,157688848359857,157688848359857,-1,-1,-1,ok,
std_copy_xcdr__cpp_to_py__100000B__10Hz__shmem_ds__best_effort,publish,pub,cpp_to_py,copy,std,xcdr,shmem_ds,100000,10,0,measured,62,2026-09-09T14:34:55.286235Z,157688948311458,157688948311458,-1,-1,-1,ok,
std_copy_xcdr__cpp_to_py__100000B__10Hz__shmem_ds__best_effort,publish,pub,cpp_to_py,copy,std,xcdr,shmem_ds,100000,10,0,measured,63,2026-09-09T14:34:55.386904Z,157689048959406,157689048959406,-1,-1,-1,ok,
std_copy_xcdr__cpp_to_py__100000B__10Hz__shmem_ds__best_effort,publish,pub,cpp_to_py,copy,std,xcdr,shmem_ds,100000,10,0,measured,64,2026-09-09T14:34:55.486870Z,157689148940233,157689148940233,-1,-1,-1,ok,
std_copy_xcdr__cpp_to_py__100000B__10Hz__shmem_ds__best_effort,publish,pub,cpp_to_py,copy,std,xcdr,shmem_ds,100000,10,0,measured,65,2026-09-09T14:34:55.586829Z,157689248838415,157689248838415,-1,-1,-1,ok,
std_copy_xcdr__cpp_to_py__100000B__10Hz__shmem_ds__best_effort,publish,pub,cpp_to_py,copy,std,xcdr,shmem_ds,100000,10,0,measured,66,2026-09-09T14:34:55.686346Z,157689348451606,157689348451606,-1,-1,-1,ok,
std_copy_xcdr__cpp_to_py__100000B__10Hz__shmem_ds__best_effort,publish,pub,cpp_to_py,copy,std,xcdr,shmem_ds,100000,10,0,measured,67,2026-09-09T14:34:55.785965Z,157689448048940,157689448048940,-1,-1,-1,ok,
std_copy_xcdr__cpp_to_py__100000B__10Hz__shmem_ds__best_effort,publish,pub,cpp_to_py,copy,std,xcdr,shmem_ds,100000,10,0,measured,68,2026-09-09T14:34:55.886047Z,157689548097515,157689548097515,-1,-1,-1,ok,
std_copy_xcdr__cpp_to_py__100000B__10Hz__shmem_ds__best_effort,publish,pub,cpp_to_py,copy,std,xcdr,shmem_ds,100000,10,0,measured,69,2026-09-09T14:34:55.985797Z,157689647830483,157689647830483,-1,-1,-1,ok,
std_copy_xcdr__cpp_to_py__100000B__10Hz__shmem_ds__best_effort,publish,pub,cpp_to_py,copy,std,xcdr,shmem_ds,100000,10,0,measured,70,2026-09-09T14:34:56.086239Z,157689748350090,157689748350090,-1,-1,-1,ok,
std_copy_xcdr__cpp_to_py__100000B__10Hz__shmem_ds__best_effort,publish,pub,cpp_to_py,copy,std,xcdr,shmem_ds,100000,10,0,measured,71,2026-09-09T14:34:56.185898Z,157689847962262,157689847962262,-1,-1,-1,ok,
std_copy_xcdr__cpp_to_py__100000B__10Hz__shmem_ds__best_effort,publish,pub,cpp_to_py,copy,std,xcdr,shmem_ds,100000,10,0,measured,72,2026-09-09T14:34:56.286229Z,157689948329952,157689948329952,-1,-1,-1,ok,
std_copy_xcdr__cpp_to_py__100000B__10Hz__shmem_ds__best_effort,publish,pub,cpp_to_py,copy,std,xcdr,shmem_ds,100000,10,0,measured,73,2026-09-09T14:34:56.386725Z,157690048790125,157690048790125,-1,-1,-1,ok,
std_copy_xcdr__cpp_to_py__100000B__10Hz__shmem_ds__best_effort,publish,pub,cpp_to_py,copy,std,xcdr,shmem_ds,100000,10,0,measured,74,2026-09-09T14:34:56.487002Z,157690149090347,157690149090347,-1,-1,-1,ok,
std_copy_xcdr__cpp_to_py__100000B__10Hz__shmem_ds__best_effort,publish,pub,cpp_to_py,copy,std,xcdr,shmem_ds,100000,10,0,measured,75,2026-09-09T14:34:56.587676Z,157690249726854,157690249726854,-1,-1,-1,ok,
std_copy_xcdr__cpp_to_py__100000B__10Hz__shmem_ds__best_effort,publish,pub,cpp_to_py,copy,std,xcdr,shmem_ds,100000,10,0,measured,76,2026-09-09T14:34:56.688233Z,157690350301764,157690350301764,-1,-1,-1,ok,
std_copy_xcdr__cpp_to_py__100000B__10Hz__shmem_ds__best_effort,publish,pub,cpp_to_py,copy,std,xcdr,shmem_ds,100000,10,0,measured,77,2026-09-09T14:34:56.788616Z,157690450606365,157690450606365,-1,-1,-1,ok,
std_copy_xcdr__cpp_to_py__100000B__10Hz__shmem_ds__best_effort,publish,pub,cpp_to_py,copy,std,xcdr,shmem_ds,100000,10,0,measured,78,2026-09-09T14:34:56.889164Z,157690551191315,157690551191315,-1,-1,-1,ok,
std_copy_xcdr__cpp_to_py__100000B__10Hz__shmem_ds__best_effort,publish,pub,cpp_to_py,copy,std,xcdr,shmem_ds,100000,10,0,measured,79,2026-09-09T14:34:56.988971Z,157690650997624,157690650997624,-1,-1,-1,ok,
std_copy_xcdr__cpp_to_py__100000B__10Hz__shmem_ds__best_effort,publish,pub,cpp_to_py,copy,std,xcdr,shmem_ds,100000,10,0,measured,80,2026-09-09T14:34:57.089816Z,157690751866361,157690751866361,-1,-1,-1,ok,
std_copy_xcdr__cpp_to_py__100000B__10Hz__shmem_ds__best_effort,publish,pub,cpp_to_py,copy,std,xcdr,shmem_ds,100000,10,0,measured,81,2026-09-09T14:34:57.189529Z,157690851566570,157690851566570,-1,-1,-1,ok,
std_copy_xcdr__cpp_to_py__100000B__10Hz__shmem_ds__best_effort,publish,pub,cpp_to_py,copy,std,xcdr,shmem_ds,100000,10,0,measured,82,2026-09-09T14:34:57.289103Z,157690951161742,157690951161742,-1,-1,-1,ok,
std_copy_xcdr__cpp_to_py__100000B__10Hz__shmem_ds__best_effort,publish,pub,cpp_to_py,copy,std,xcdr,shmem_ds,100000,10,0,measured,83,2026-09-09T14:34:57.389575Z,157691051640673,157691051640673,-1,-1,-1,ok,
std_copy_xcdr__cpp_to_py__100000B__10Hz__shmem_ds__best_effort,publish,pub,cpp_to_py,copy,std,xcdr,shmem_ds,100000,10,0,measured,84,2026-09-09T14:34:57.489752Z,157691151826500,157691151826500,-1,-1,-1,ok,
std_copy_xcdr__cpp_to_py__100000B__10Hz__shmem_ds__best_effort,publish,pub,cpp_to_py,copy,std,xcdr,shmem_ds,100000,10,0,measured,85,2026-09-09T14:34:57.589542Z,157691251540025,157691251540025,-1,-1,-1,ok,
std_copy_xcdr__cpp_to_py__100000B__10Hz__shmem_ds__best_effort,publish,pub,cpp_to_py,copy,std,xcdr,shmem_ds,100000,10,0,measured,86,2026-09-09T14:34:57.688720Z,157691350808389,157691350808389,-1,-1,-1,ok,
std_copy_xcdr__cpp_to_py__100000B__10Hz__shmem_ds__best_effort,publish,pub,cpp_to_py,copy,std,xcdr,shmem_ds,100000,10,0,measured,87,2026-09-09T14:34:57.788995Z,157691451065561,157691451065561,-1,-1,-1,ok,
std_copy_xcdr__cpp_to_py__100000B__10Hz__shmem_ds__best_effort,publish,pub,cpp_to_py,copy,std,xcdr,shmem_ds,100000,10,0,measured,88,2026-09-09T14:34:57.889215Z,157691551246068,157691551246068,-1,-1,-1,ok,
std_copy_xcdr__cpp_to_py__100000B__10Hz__shmem_ds__best_effort,publish,pub,cpp_to_py,copy,std,xcdr,shmem_ds,100000,10,0,measured,89,2026-09-09T14:34:57.989220Z,157691651287132,157691651287132,-1,-1,-1,ok,
std_copy_xcdr__cpp_to_py__100000B__10Hz__shmem_ds__best_effort,publish,pub,cpp_to_py,copy,std,xcdr,shmem_ds,100000,10,0,measured,90,2026-09-09T14:34:58.089441Z,157691751515461,157691751515461,-1,-1,-1,ok,
std_copy_xcdr__cpp_to_py__100000B__10Hz__shmem_ds__best_effort,publish,pub,cpp_to_py,copy,std,xcdr,shmem_ds,100000,10,0,measured,91,2026-09-09T14:34:58.188533Z,157691850629013,157691850629013,-1,-1,-1,ok,
std_copy_xcdr__cpp_to_py__100000B__10Hz__shmem_ds__best_effort,publish,pub,cpp_to_py,copy,std,xcdr,shmem_ds,100000,10,0,measured,92,2026-09-09T14:34:58.288403Z,157691950370893,157691950370893,-1,-1,-1,ok,
std_copy_xcdr__cpp_to_py__100000B__10Hz__shmem_ds__best_effort,publish,pub,cpp_to_py,copy,std,xcdr,shmem_ds,100000,10,0,measured,93,2026-09-09T14:34:58.388796Z,157692050836320,157692050836320,-1,-1,-1,ok,
std_copy_xcdr__cpp_to_py__100000B__10Hz__shmem_ds__best_effort,publish,pub,cpp_to_py,copy,std,xcdr,shmem_ds,100000,10,0,measured,94,2026-09-09T14:34:58.488940Z,157692151022439,157692151022439,-1,-1,-1,ok,
std_copy_xcdr__cpp_to_py__100000B__10Hz__shmem_ds__best_effort,publish,pub,cpp_to_py,copy,std,xcdr,shmem_ds,100000,10,0,measured,95,2026-09-09T14:34:58.588783Z,157692250853227,157692250853227,-1,-1,-1,ok,
std_copy_xcdr__cpp_to_py__100000B__10Hz__shmem_ds__best_effort,publish,pub,cpp_to_py,copy,std,xcdr,shmem_ds,100000,10,0,measured,96,2026-09-09T14:34:58.689624Z,157692351713159,157692351713159,-1,-1,-1,ok,
std_copy_xcdr__cpp_to_py__100000B__10Hz__shmem_ds__best_effort,publish,pub,cpp_to_py,copy,std,xcdr,shmem_ds,100000,10,0,measured,97,2026-09-09T14:34:58.790142Z,157692452196660,157692452196660,-1,-1,-1,ok,
std_copy_xcdr__cpp_to_py__100000B__10Hz__shmem_ds__best_effort,publish,pub,cpp_to_py,copy,std,xcdr,shmem_ds,100000,10,0,measured,98,2026-09-09T14:34:58.889597Z,157692551658972,157692551658972,-1,-1,-1,ok,
std_copy_xcdr__cpp_to_py__100000B__10Hz__shmem_ds__best_effort,publish,pub,cpp_to_py,copy,std,xcdr,shmem_ds,100000,10,0,measured,99,2026-09-09T14:34:58.989699Z,157692651720847,157692651720847,-1,-1,-1,ok,
std_copy_xcdr__cpp_to_py__100000B__10Hz__shmem_ds__best_effort,publish,pub,cpp_to_py,copy,std,xcdr,shmem_ds,100000,10,0,measured,100,2026-09-09T14:34:59.088929Z,157692750965147,157692750965147,-1,-1,-1,ok,
std_copy_xcdr__cpp_to_py__100000B__10Hz__shmem_ds__best_effort,publish,pub,cpp_to_py,copy,std,xcdr,shmem_ds,100000,10,0,measured,101,2026-09-09T14:34:59.189461Z,157692851537558,157692851537558,-1,-1,-1,ok,
std_copy_xcdr__cpp_to_py__100000B__10Hz__shmem_ds__best_effort,publish,pub,cpp_to_py,copy,std,xcdr,shmem_ds,100000,10,0,measured,102,2026-09-09T14:34:59.288911Z,157692951006444,157692951006444,-1,-1,-1,ok,
std_copy_xcdr__cpp_to_py__100000B__10Hz__shmem_ds__best_effort,publish,pub,cpp_to_py,copy,std,xcdr,shmem_ds,100000,10,0,measured,103,2026-09-09T14:34:59.388117Z,157693050194540,157693050194540,-1,-1,-1,ok,
std_copy_xcdr__cpp_to_py__100000B__10Hz__shmem_ds__best_effort,publish,pub,cpp_to_py,copy,std,xcdr,shmem_ds,100000,10,0,measured,104,2026-09-09T14:34:59.488889Z,157693150973730,157693150973730,-1,-1,-1,ok,
std_copy_xcdr__cpp_to_py__100000B__10Hz__shmem_ds__best_effort,publish,pub,cpp_to_py,copy,std,xcdr,shmem_ds,100000,10,0,measured,105,2026-09-09T14:34:59.588878Z,157693250916762,157693250916762,-1,-1,-1,ok,
std_copy_xcdr__cpp_to_py__100000B__10Hz__shmem_ds__best_effort,publish,pub,cpp_to_py,copy,std,xcdr,shmem_ds,100000,10,0,measured,106,2026-09-09T14:34:59.688046Z,157693350141797,157693350141797,-1,-1,-1,ok,
std_copy_xcdr__cpp_to_py__100000B__10Hz__shmem_ds__best_effort,publish,pub,cpp_to_py,copy,std,xcdr,shmem_ds,100000,10,0,measured,107,2026-09-09T14:34:59.788418Z,157693450525640,157693450525640,-1,-1,-1,ok,
std_copy_xcdr__cpp_to_py__100000B__10Hz__shmem_ds__best_effort,publish,pub,cpp_to_py,copy,std,xcdr,shmem_ds,100000,10,0,measured,108,2026-09-09T14:34:59.887761Z,157693549787695,157693549787695,-1,-1,-1,ok,
std_copy_xcdr__cpp_to_py__100000B__10Hz__shmem_ds__best_effort,publish,pub,cpp_to_py,copy,std,xcdr,shmem_ds,100000,10,0,measured,109,2026-09-09T14:34:59.988173Z,157693650226474,157693650226474,-1,-1,-1,ok,
std_copy_xcdr__cpp_to_py__100000B__10Hz__shmem_ds__best_effort,publish,pub,cpp_to_py,copy,std,xcdr,shmem_ds,100000,10,0,measured,110,2026-09-09T14:35:00.088377Z,157693750432003,157693750432003,-1,-1,-1,ok,
std_copy_xcdr__cpp_to_py__100000B__10Hz__shmem_ds__best_effort,publish,pub,cpp_to_py,copy,std,xcdr,shmem_ds,100000,10,0,measured,111,2026-09-09T14:35:00.188072Z,157693850143547,157693850143547,-1,-1,-1,ok,
std_copy_xcdr__cpp_to_py__100000B__10Hz__shmem_ds__best_effort,publish,pub,cpp_to_py,copy,std,xcdr,shmem_ds,100000,10,0,measured,112,2026-09-09T14:35:00.288605Z,157693950681474,157693950681474,-1,-1,-1,ok,
std_copy_xcdr__cpp_to_py__100000B__10Hz__shmem_ds__best_effort,publish,pub,cpp_to_py,copy,std,xcdr,shmem_ds,100000,10,0,measured,113,2026-09-09T14:35:00.389457Z,157694051542340,157694051542340,-1,-1,-1,ok,
std_copy_xcdr__cpp_to_py__100000B__10Hz__shmem_ds__best_effort,publish,pub,cpp_to_py,copy,std,xcdr,shmem_ds,100000,10,0,measured,114,2026-09-09T14:35:00.490452Z,157694152533573,157694152533573,-1,-1,-1,ok,
std_copy_xcdr__cpp_to_py__100000B__10Hz__shmem_ds__best_effort,publish,pub,cpp_to_py,copy,std,xcdr,shmem_ds,100000,10,0,measured,115,2026-09-09T14:35:00.590257Z,157694252317396,157694252317396,-1,-1,-1,ok,
std_copy_xcdr__cpp_to_py__100000B__10Hz__shmem_ds__best_effort,publish,pub,cpp_to_py,copy,std,xcdr,shmem_ds,100000,10,0,measured,116,2026-09-09T14:35:00.689996Z,157694352055872,157694352055872,-1,-1,-1,ok,
std_copy_xcdr__cpp_to_py__100000B__10Hz__shmem_ds__best_effort,publish,pub,cpp_to_py,copy,std,xcdr,shmem_ds,100000,10,0,measured,117,2026-09-09T14:35:00.790728Z,157694452726820,157694452726820,-1,-1,-1,ok,
std_copy_xcdr__cpp_to_py__100000B__10Hz__shmem_ds__best_effort,publish,pub,cpp_to_py,copy,std,xcdr,shmem_ds,100000,10,0,measured,118,2026-09-09T14:35:00.891213Z,157694553251221,157694553251221,-1,-1,-1,ok,
std_copy_xcdr__cpp_to_py__100000B__10Hz__shmem_ds__best_effort,publish,pub,cpp_to_py,copy,std,xcdr,shmem_ds,100000,10,0,measured,119,2026-09-09T14:35:00.991513Z,157694653576165,157694653576165,-1,-1,-1,ok,
std_copy_xcdr__cpp_to_py__100000B__10Hz__shmem_ds__best_effort,publish,pub,cpp_to_py,copy,std,xcdr,shmem_ds,100000,10,0,measured,120,2026-09-09T14:35:01.092290Z,157694754335030,157694754335030,-1,-1,-1,ok,
std_copy_xcdr__cpp_to_py__100000B__10Hz__shmem_ds__best_effort,publish,pub,cpp_to_py,copy,std,xcdr,shmem_ds,100000,10,0,measured,121,2026-09-09T14:35:01.191380Z,157694853463145,157694853463145,-1,-1,-1,ok,
std_copy_xcdr__cpp_to_py__100000B__10Hz__shmem_ds__best_effort,publish,pub,cpp_to_py,copy,std,xcdr,shmem_ds,100000,10,0,measured,122,2026-09-09T14:35:01.291023Z,157694953111162,157694953111162,-1,-1,-1,ok,
std_copy_xcdr__cpp_to_py__100000B__10Hz__shmem_ds__best_effort,publish,pub,cpp_to_py,copy,std,xcdr,shmem_ds,100000,10,0,measured,123,2026-09-09T14:35:01.390591Z,157695052696579,157695052696579,-1,-1,-1,ok,
std_copy_xcdr__cpp_to_py__100000B__10Hz__shmem_ds__best_effort,publish,pub,cpp_to_py,copy,std,xcdr,shmem_ds,100000,10,0,measured,124,2026-09-09T14:35:01.490436Z,157695152530419,157695152530419,-1,-1,-1,ok,
std_copy_xcdr__cpp_to_py__100000B__10Hz__shmem_ds__best_effort,publish,pub,cpp_to_py,copy,std,xcdr,shmem_ds,100000,10,0,measured,125,2026-09-09T14:35:01.589793Z,157695251856227,157695251856227,-1,-1,-1,ok,
std_copy_xcdr__cpp_to_py__100000B__10Hz__shmem_ds__best_effort,publish,pub,cpp_to_py,copy,std,xcdr,shmem_ds,100000,10,0,measured,126,2026-09-09T14:35:01.690498Z,157695352558885,157695352558885,-1,-1,-1,ok,
std_copy_xcdr__cpp_to_py__100000B__10Hz__shmem_ds__best_effort,publish,pub,cpp_to_py,copy,std,xcdr,shmem_ds,100000,10,0,measured,127,2026-09-09T14:35:01.790448Z,157695452530335,157695452530335,-1,-1,-1,ok,
std_copy_xcdr__cpp_to_py__100000B__10Hz__shmem_ds__best_effort,publish,pub,cpp_to_py,copy,std,xcdr,shmem_ds,100000,10,0,measured,128,2026-09-09T14:35:01.890073Z,157695552114310,157695552114310,-1,-1,-1,ok,
std_copy_xcdr__cpp_to_py__100000B__10Hz__shmem_ds__best_effort,publish,pub,cpp_to_py,copy,std,xcdr,shmem_ds,100000,10,0,measured,129,2026-09-09T14:35:01.990689Z,157695652751076,157695652751076,-1,-1,-1,ok,
std_copy_xcdr__cpp_to_py__100000B__10Hz__shmem_ds__best_effort,publish,pub,cpp_to_py,copy,std,xcdr,shmem_ds,100000,10,0,measured,130,2026-09-09T14:35:02.090538Z,157695752607006,157695752607006,-1,-1,-1,ok,
std_copy_xcdr__cpp_to_py__100000B__10Hz__shmem_ds__best_effort,publish,pub,cpp_to_py,copy,std,xcdr,shmem_ds,100000,10,0,measured,131,2026-09-09T14:35:02.189661Z,157695851764576,157695851764576,-1,-1,-1,ok,
std_copy_xcdr__cpp_to_py__100000B__10Hz__shmem_ds__best_effort,publish,pub,cpp_to_py,copy,std,xcdr,shmem_ds,100000,10,0,measured,132,2026-09-09T14:35:02.290408Z,157695952514938,157695952514938,-1,-1,-1,ok,
std_copy_xcdr__cpp_to_py__100000B__10Hz__shmem_ds__best_effort,publish,pub,cpp_to_py,copy,std,xcdr,shmem_ds,100000,10,0,measured,133,2026-09-09T14:35:02.391095Z,157696053108754,157696053108754,-1,-1,-1,ok,
std_copy_xcdr__cpp_to_py__100000B__10Hz__shmem_ds__best_effort,publish,pub,cpp_to_py,copy,std,xcdr,shmem_ds,100000,10,0,measured,134,2026-09-09T14:35:02.491931Z,157696153908137,157696153908137,-1,-1,-1,ok,
std_copy_xcdr__cpp_to_py__100000B__10Hz__shmem_ds__best_effort,publish,pub,cpp_to_py,copy,std,xcdr,shmem_ds,100000,10,0,measured,135,2026-09-09T14:35:02.592527Z,157696254615276,157696254615276,-1,-1,-1,ok,
std_copy_xcdr__cpp_to_py__100000B__10Hz__shmem_ds__best_effort,publish,pub,cpp_to_py,copy,std,xcdr,shmem_ds,100000,10,0,measured,136,2026-09-09T14:35:02.691624Z,157696353672388,157696353672388,-1,-1,-1,ok,
std_copy_xcdr__cpp_to_py__100000B__10Hz__shmem_ds__best_effort,publish,pub,cpp_to_py,copy,std,xcdr,shmem_ds,100000,10,0,measured,137,2026-09-09T14:35:02.792152Z,157696454165744,157696454165744,-1,-1,-1,ok,
std_copy_xcdr__cpp_to_py__100000B__10Hz__shmem_ds__best_effort,publish,pub,cpp_to_py,copy,std,xcdr,shmem_ds,100000,10,0,measured,138,2026-09-09T14:35:02.891265Z,157696553301233,157696553301233,-1,-1,-1,ok,
std_copy_xcdr__cpp_to_py__100000B__10Hz__shmem_ds__best_effort,publish,pub,cpp_to_py,copy,std,xcdr,shmem_ds,100000,10,0,measured,139,2026-09-09T14:35:02.990704Z,157696652718235,157696652718235,-1,-1,-1,ok,
std_copy_xcdr__cpp_to_py__100000B__10Hz__shmem_ds__best_effort,publish,pub,cpp_to_py,copy,std,xcdr,shmem_ds,100000,10,0,measured,140,2026-09-09T14:35:03.090903Z,157696752973552,157696752973552,-1,-1,-1,ok,
std_copy_xcdr__cpp_to_py__100000B__10Hz__shmem_ds__best_effort,publish,pub,cpp_to_py,copy,std,xcdr,shmem_ds,100000,10,0,measured,141,2026-09-09T14:35:03.190780Z,157696852860042,157696852860042,-1,-1,-1,ok,
std_copy_xcdr__cpp_to_py__100000B__10Hz__shmem_ds__best_effort,publish,pub,cpp_to_py,copy,std,xcdr,shmem_ds,100000,10,0,measured,142,2026-09-09T14:35:03.290413Z,157696952522319,157696952522319,-1,-1,-1,ok,
std_copy_xcdr__cpp_to_py__100000B__10Hz__shmem_ds__best_effort,publish,pub,cpp_to_py,copy,std,xcdr,shmem_ds,100000,10,0,measured,143,2026-09-09T14:35:03.390146Z,157697052236794,157697052236794,-1,-1,-1,ok,
std_copy_xcdr__cpp_to_py__100000B__10Hz__shmem_ds__best_effort,publish,pub,cpp_to_py,copy,std,xcdr,shmem_ds,100000,10,0,measured,144,2026-09-09T14:35:03.490549Z,157697152646363,157697152646363,-1,-1,-1,ok,
std_copy_xcdr__cpp_to_py__100000B__10Hz__shmem_ds__best_effort,publish,pub,cpp_to_py,copy,std,xcdr,shmem_ds,100000,10,0,measured,145,2026-09-09T14:35:03.590259Z,157697252325030,157697252325030,-1,-1,-1,ok,
std_copy_xcdr__cpp_to_py__100000B__10Hz__shmem_ds__best_effort,publish,pub,cpp_to_py,copy,std,xcdr,shmem_ds,100000,10,0,measured,146,2026-09-09T14:35:03.690714Z,157697352809160,157697352809160,-1,-1,-1,ok,
std_copy_xcdr__cpp_to_py__100000B__10Hz__shmem_ds__best_effort,publish,pub,cpp_to_py,copy,std,xcdr,shmem_ds,100000,10,0,measured,147,2026-09-09T14:35:03.790042Z,157697452135461,157697452135461,-1,-1,-1,ok,
std_copy_xcdr__cpp_to_py__100000B__10Hz__shmem_ds__best_effort,publish,pub,cpp_to_py,copy,std,xcdr,shmem_ds,100000,10,0,measured,148,2026-09-09T14:35:03.890397Z,157697552442245,157697552442245,-1,-1,-1,ok,
std_copy_xcdr__cpp_to_py__100000B__10Hz__shmem_ds__best_effort,publish,pub,cpp_to_py,copy,std,xcdr,shmem_ds,100000,10,0,measured,149,2026-09-09T14:35:03.989593Z,157697651609226,157697651609226,-1,-1,-1,ok,
std_copy_xcdr__cpp_to_py__100000B__10Hz__shmem_ds__best_effort,publish,pub,cpp_to_py,copy,std,xcdr,shmem_ds,100000,10,0,measured,150,2026-09-09T14:35:04.089311Z,157697751402251,157697751402251,-1,-1,-1,ok,
std_copy_xcdr__cpp_to_py__100000B__10Hz__shmem_ds__best_effort,publish,pub,cpp_to_py,copy,std,xcdr,shmem_ds,100000,10,0,measured,151,2026-09-09T14:35:04.189031Z,157697851120585,157697851120585,-1,-1,-1,ok,
std_copy_xcdr__cpp_to_py__100000B__10Hz__shmem_ds__best_effort,publish,pub,cpp_to_py,copy,std,xcdr,shmem_ds,100000,10,0,measured,152,2026-09-09T14:35:04.289084Z,157697951156068,157697951156068,-1,-1,-1,ok,
std_copy_xcdr__cpp_to_py__100000B__10Hz__shmem_ds__best_effort,publish,pub,cpp_to_py,copy,std,xcdr,shmem_ds,100000,10,0,measured,153,2026-09-09T14:35:04.389400Z,157698051497068,157698051497068,-1,-1,-1,ok,
std_copy_xcdr__cpp_to_py__100000B__10Hz__shmem_ds__best_effort,publish,pub,cpp_to_py,copy,std,xcdr,shmem_ds,100000,10,0,measured,154,2026-09-09T14:35:04.489891Z,157698151943458,157698151943458,-1,-1,-1,ok,
std_copy_xcdr__cpp_to_py__100000B__10Hz__shmem_ds__best_effort,publish,pub,cpp_to_py,copy,std,xcdr,shmem_ds,100000,10,0,measured,155,2026-09-09T14:35:04.589972Z,157698251952961,157698251952961,-1,-1,-1,ok,
std_copy_xcdr__cpp_to_py__100000B__10Hz__shmem_ds__best_effort,publish,pub,cpp_to_py,copy,std,xcdr,shmem_ds,100000,10,0,measured,156,2026-09-09T14:35:04.689912Z,157698351989756,157698351989756,-1,-1,-1,ok,
std_copy_xcdr__cpp_to_py__100000B__10Hz__shmem_ds__best_effort,publish,pub,cpp_to_py,copy,std,xcdr,shmem_ds,100000,10,0,measured,157,2026-09-09T14:35:04.789812Z,157698451792550,157698451792550,-1,-1,-1,ok,
std_copy_xcdr__cpp_to_py__100000B__10Hz__shmem_ds__best_effort,publish,pub,cpp_to_py,copy,std,xcdr,shmem_ds,100000,10,0,measured,158,2026-09-09T14:35:04.890353Z,157698552370658,157698552370658,-1,-1,-1,ok,
std_copy_xcdr__cpp_to_py__100000B__10Hz__shmem_ds__best_effort,publish,pub,cpp_to_py,copy,std,xcdr,shmem_ds,100000,10,0,measured,159,2026-09-09T14:35:04.989747Z,157698651749501,157698651749501,-1,-1,-1,ok,
std_copy_xcdr__cpp_to_py__100000B__10Hz__shmem_ds__best_effort,publish,pub,cpp_to_py,copy,std,xcdr,shmem_ds,100000,10,0,measured,160,2026-09-09T14:35:05.089359Z,157698751443500,157698751443500,-1,-1,-1,ok,
std_copy_xcdr__cpp_to_py__100000B__10Hz__shmem_ds__best_effort,publish,pub,cpp_to_py,copy,std,xcdr,shmem_ds,100000,10,0,measured,161,2026-09-09T14:35:05.189471Z,157698851548906,157698851548906,-1,-1,-1,ok,
std_copy_xcdr__cpp_to_py__100000B__10Hz__shmem_ds__best_effort,publish,pub,cpp_to_py,copy,std,xcdr,shmem_ds,100000,10,0,measured,162,2026-09-09T14:35:05.288620Z,157698950714107,157698950714107,-1,-1,-1,ok,
std_copy_xcdr__cpp_to_py__100000B__10Hz__shmem_ds__best_effort,publish,pub,cpp_to_py,copy,std,xcdr,shmem_ds,100000,10,0,measured,163,2026-09-09T14:35:05.388095Z,157699050180877,157699050180877,-1,-1,-1,ok,
std_copy_xcdr__cpp_to_py__100000B__10Hz__shmem_ds__best_effort,publish,pub,cpp_to_py,copy,std,xcdr,shmem_ds,100000,10,0,measured,164,2026-09-09T14:35:05.487983Z,157699150045568,157699150045568,-1,-1,-1,ok,
std_copy_xcdr__cpp_to_py__100000B__10Hz__shmem_ds__best_effort,publish,pub,cpp_to_py,copy,std,xcdr,shmem_ds,100000,10,0,measured,165,2026-09-09T14:35:05.587971Z,157699249994890,157699249994890,-1,-1,-1,ok,
std_copy_xcdr__cpp_to_py__100000B__10Hz__shmem_ds__best_effort,publish,pub,cpp_to_py,copy,std,xcdr,shmem_ds,100000,10,0,measured,166,2026-09-09T14:35:05.687372Z,157699349427856,157699349427856,-1,-1,-1,ok,
std_copy_xcdr__cpp_to_py__100000B__10Hz__shmem_ds__best_effort,publish,pub,cpp_to_py,copy,std,xcdr,shmem_ds,100000,10,0,measured,167,2026-09-09T14:35:05.787581Z,157699449627291,157699449627291,-1,-1,-1,ok,
std_copy_xcdr__cpp_to_py__100000B__10Hz__shmem_ds__best_effort,publish,pub,cpp_to_py,copy,std,xcdr,shmem_ds,100000,10,0,measured,168,2026-09-09T14:35:05.888549Z,157699550608001,157699550608001,-1,-1,-1,ok,
std_copy_xcdr__cpp_to_py__100000B__10Hz__shmem_ds__best_effort,publish,pub,cpp_to_py,copy,std,xcdr,shmem_ds,100000,10,0,measured,169,2026-09-09T14:35:05.989430Z,157699651420712,157699651420712,-1,-1,-1,ok,
std_copy_xcdr__cpp_to_py__100000B__10Hz__shmem_ds__best_effort,publish,pub,cpp_to_py,copy,std,xcdr,shmem_ds,100000,10,0,measured,170,2026-09-09T14:35:06.089097Z,157699751170040,157699751170040,-1,-1,-1,ok,
std_copy_xcdr__cpp_to_py__100000B__10Hz__shmem_ds__best_effort,publish,pub,cpp_to_py,copy,std,xcdr,shmem_ds,100000,10,0,measured,171,2026-09-09T14:35:06.189064Z,157699851134691,157699851134691,-1,-1,-1,ok,
std_copy_xcdr__cpp_to_py__100000B__10Hz__shmem_ds__best_effort,publish,pub,cpp_to_py,copy,std,xcdr,shmem_ds,100000,10,0,measured,172,2026-09-09T14:35:06.288633Z,157699950716400,157699950716400,-1,-1,-1,ok,
std_copy_xcdr__cpp_to_py__100000B__10Hz__shmem_ds__best_effort,publish,pub,cpp_to_py,copy,std,xcdr,shmem_ds,100000,10,0,measured,173,2026-09-09T14:35:06.388583Z,157700050623453,157700050623453,-1,-1,-1,ok,
std_copy_xcdr__cpp_to_py__100000B__10Hz__shmem_ds__best_effort,publish,pub,cpp_to_py,copy,std,xcdr,shmem_ds,100000,10,0,measured,174,2026-09-09T14:35:06.488146Z,157700150244155,157700150244155,-1,-1,-1,ok,
std_copy_xcdr__cpp_to_py__100000B__10Hz__shmem_ds__best_effort,publish,pub,cpp_to_py,copy,std,xcdr,shmem_ds,100000,10,0,measured,175,2026-09-09T14:35:06.587779Z,157700249829131,157700249829131,-1,-1,-1,ok,
std_copy_xcdr__cpp_to_py__100000B__10Hz__shmem_ds__best_effort,publish,pub,cpp_to_py,copy,std,xcdr,shmem_ds,100000,10,0,measured,176,2026-09-09T14:35:06.687634Z,157700349726775,157700349726775,-1,-1,-1,ok,
std_copy_xcdr__cpp_to_py__100000B__10Hz__shmem_ds__best_effort,publish,pub,cpp_to_py,copy,std,xcdr,shmem_ds,100000,10,0,measured,177,2026-09-09T14:35:06.788016Z,157700450016001,157700450016001,-1,-1,-1,ok,
std_copy_xcdr__cpp_to_py__100000B__10Hz__shmem_ds__best_effort,publish,pub,cpp_to_py,copy,std,xcdr,shmem_ds,100000,10,0,measured,178,2026-09-09T14:35:06.887077Z,157700549136648,157700549136648,-1,-1,-1,ok,
std_copy_xcdr__cpp_to_py__100000B__10Hz__shmem_ds__best_effort,publish,pub,cpp_to_py,copy,std,xcdr,shmem_ds,100000,10,0,measured,179,2026-09-09T14:35:06.987144Z,157700649160192,157700649160192,-1,-1,-1,ok,
std_copy_xcdr__cpp_to_py__100000B__10Hz__shmem_ds__best_effort,publish,pub,cpp_to_py,copy,std,xcdr,shmem_ds,100000,10,0,measured,180,2026-09-09T14:35:07.086774Z,157700748859003,157700748859003,-1,-1,-1,ok,
std_copy_xcdr__cpp_to_py__100000B__10Hz__shmem_ds__best_effort,publish,pub,cpp_to_py,copy,std,xcdr,shmem_ds,100000,10,0,measured,181,2026-09-09T14:35:07.187307Z,157700849386759,157700849386759,-1,-1,-1,ok,
std_copy_xcdr__cpp_to_py__100000B__10Hz__shmem_ds__best_effort,publish,pub,cpp_to_py,copy,std,xcdr,shmem_ds,100000,10,0,measured,182,2026-09-09T14:35:07.287188Z,157700949244662,157700949244662,-1,-1,-1,ok,
std_copy_xcdr__cpp_to_py__100000B__10Hz__shmem_ds__best_effort,publish,pub,cpp_to_py,copy,std,xcdr,shmem_ds,100000,10,0,measured,183,2026-09-09T14:35:07.386568Z,157701048641974,157701048641974,-1,-1,-1,ok,
std_copy_xcdr__cpp_to_py__100000B__10Hz__shmem_ds__best_effort,publish,pub,cpp_to_py,copy,std,xcdr,shmem_ds,100000,10,0,measured,184,2026-09-09T14:35:07.485610Z,157701147647054,157701147647054,-1,-1,-1,ok,
std_copy_xcdr__cpp_to_py__100000B__10Hz__shmem_ds__best_effort,publish,pub,cpp_to_py,copy,std,xcdr,shmem_ds,100000,10,0,measured,185,2026-09-09T14:35:07.585939Z,157701247927584,157701247927584,-1,-1,-1,ok,
std_copy_xcdr__cpp_to_py__100000B__10Hz__shmem_ds__best_effort,publish,pub,cpp_to_py,copy,std,xcdr,shmem_ds,100000,10,0,measured,186,2026-09-09T14:35:07.685373Z,157701347463128,157701347463128,-1,-1,-1,ok,
std_copy_xcdr__cpp_to_py__100000B__10Hz__shmem_ds__best_effort,publish,pub,cpp_to_py,copy,std,xcdr,shmem_ds,100000,10,0,measured,187,2026-09-09T14:35:07.784727Z,157701446824801,157701446824801,-1,-1,-1,ok,
std_copy_xcdr__cpp_to_py__100000B__10Hz__shmem_ds__best_effort,publish,pub,cpp_to_py,copy,std,xcdr,shmem_ds,100000,10,0,measured,188,2026-09-09T14:35:07.885558Z,157701547632156,157701547632156,-1,-1,-1,ok,
std_copy_xcdr__cpp_to_py__100000B__10Hz__shmem_ds__best_effort,publish,pub,cpp_to_py,copy,std,xcdr,shmem_ds,100000,10,0,measured,189,2026-09-09T14:35:07.986134Z,157701648215890,157701648215890,-1,-1,-1,ok,
std_copy_xcdr__cpp_to_py__100000B__10Hz__shmem_ds__best_effort,publish,pub,cpp_to_py,copy,std,xcdr,shmem_ds,100000,10,0,measured,190,2026-09-09T14:35:08.085946Z,157701748030841,157701748030841,-1,-1,-1,ok,
std_copy_xcdr__cpp_to_py__100000B__10Hz__shmem_ds__best_effort,publish,pub,cpp_to_py,copy,std,xcdr,shmem_ds,100000,10,0,measured,191,2026-09-09T14:35:08.185146Z,157701847235831,157701847235831,-1,-1,-1,ok,
std_copy_xcdr__cpp_to_py__100000B__10Hz__shmem_ds__best_effort,publish,pub,cpp_to_py,copy,std,xcdr,shmem_ds,100000,10,0,measured,192,2026-09-09T14:35:08.285484Z,157701947584592,157701947584592,-1,-1,-1,ok,
std_copy_xcdr__cpp_to_py__100000B__10Hz__shmem_ds__best_effort,publish,pub,cpp_to_py,copy,std,xcdr,shmem_ds,100000,10,0,measured,193,2026-09-09T14:35:08.386439Z,157702048513358,157702048513358,-1,-1,-1,ok,
std_copy_xcdr__cpp_to_py__100000B__10Hz__shmem_ds__best_effort,publish,pub,cpp_to_py,copy,std,xcdr,shmem_ds,100000,10,0,measured,194,2026-09-09T14:35:08.485921Z,157702148013665,157702148013665,-1,-1,-1,ok,
std_copy_xcdr__cpp_to_py__100000B__10Hz__shmem_ds__best_effort,publish,pub,cpp_to_py,copy,std,xcdr,shmem_ds,100000,10,0,measured,195,2026-09-09T14:35:08.585172Z,157702247208687,157702247208687,-1,-1,-1,ok,
std_copy_xcdr__cpp_to_py__100000B__10Hz__shmem_ds__best_effort,publish,pub,cpp_to_py,copy,std,xcdr,shmem_ds,100000,10,0,measured,196,2026-09-09T14:35:08.685377Z,157702347466775,157702347466775,-1,-1,-1,ok,
std_copy_xcdr__cpp_to_py__100000B__10Hz__shmem_ds__best_effort,publish,pub,cpp_to_py,copy,std,xcdr,shmem_ds,100000,10,0,measured,197,2026-09-09T14:35:08.785628Z,157702447625006,157702447625006,-1,-1,-1,ok,
std_copy_xcdr__cpp_to_py__100000B__10Hz__shmem_ds__best_effort,publish,pub,cpp_to_py,copy,std,xcdr,shmem_ds,100000,10,0,measured,198,2026-09-09T14:35:08.885003Z,157702546978346,157702546978346,-1,-1,-1,ok,
std_copy_xcdr__cpp_to_py__100000B__10Hz__shmem_ds__best_effort,publish,pub,cpp_to_py,copy,std,xcdr,shmem_ds,100000,10,0,measured,199,2026-09-09T14:35:08.985729Z,157702647752961,157702647752961,-1,-1,-1,ok,
std_copy_xcdr__cpp_to_py__100000B__10Hz__shmem_ds__best_effort,publish,pub,cpp_to_py,copy,std,xcdr,shmem_ds,100000,10,0,measured,200,2026-09-09T14:35:09.085555Z,157702747640030,157702747640030,-1,-1,-1,ok,
std_copy_xcdr__cpp_to_py__100000B__10Hz__shmem_ds__best_effort,publish,pub,cpp_to_py,copy,std,xcdr,shmem_ds,100000,10,0,measured,201,2026-09-09T14:35:09.184739Z,157702846843418,157702846843418,-1,-1,-1,ok,
std_copy_xcdr__cpp_to_py__100000B__10Hz__shmem_ds__best_effort,publish,pub,cpp_to_py,copy,std,xcdr,shmem_ds,100000,10,0,measured,202,2026-09-09T14:35:09.284073Z,157702946170860,157702946170860,-1,-1,-1,ok,
std_copy_xcdr__cpp_to_py__100000B__10Hz__shmem_ds__best_effort,publish,pub,cpp_to_py,copy,std,xcdr,shmem_ds,100000,10,0,measured,203,2026-09-09T14:35:09.384932Z,157703046995862,157703046995862,-1,-1,-1,ok,
std_copy_xcdr__cpp_to_py__100000B__10Hz__shmem_ds__best_effort,publish,pub,cpp_to_py,copy,std,xcdr,shmem_ds,100000,10,0,measured,204,2026-09-09T14:35:09.484822Z,157703146905023,157703146905023,-1,-1,-1,ok,
std_copy_xcdr__cpp_to_py__100000B__10Hz__shmem_ds__best_effort,publish,pub,cpp_to_py,copy,std,xcdr,shmem_ds,100000,10,0,measured,205,2026-09-09T14:35:09.585505Z,157703247540627,157703247540627,-1,-1,-1,ok,
std_copy_xcdr__cpp_to_py__100000B__10Hz__shmem_ds__best_effort,publish,pub,cpp_to_py,copy,std,xcdr,shmem_ds,100000,10,0,measured,206,2026-09-09T14:35:09.685278Z,157703347371981,157703347371981,-1,-1,-1,ok,
std_copy_xcdr__cpp_to_py__100000B__10Hz__shmem_ds__best_effort,publish,pub,cpp_to_py,copy,std,xcdr,shmem_ds,100000,10,0,measured,207,2026-09-09T14:35:09.785136Z,157703447230287,157703447230287,-1,-1,-1,ok,
std_copy_xcdr__cpp_to_py__100000B__10Hz__shmem_ds__best_effort,publish,pub,cpp_to_py,copy,std,xcdr,shmem_ds,100000,10,0,measured,208,2026-09-09T14:35:09.884873Z,157703546882894,157703546882894,-1,-1,-1,ok,
std_copy_xcdr__cpp_to_py__100000B__10Hz__shmem_ds__best_effort,publish,pub,cpp_to_py,copy,std,xcdr,shmem_ds,100000,10,0,measured,209,2026-09-09T14:35:09.984025Z,157703646085690,157703646085690,-1,-1,-1,ok,
std_copy_xcdr__cpp_to_py__100000B__10Hz__shmem_ds__best_effort,publish,pub,cpp_to_py,copy,std,xcdr,shmem_ds,100000,10,0,measured,210,2026-09-09T14:35:10.083402Z,157703745471504,157703745471504,-1,-1,-1,ok,
std_copy_xcdr__cpp_to_py__100000B__10Hz__shmem_ds__best_effort,publish,pub,cpp_to_py,copy,std,xcdr,shmem_ds,100000,10,0,measured,211,2026-09-09T14:35:10.182862Z,157703844951606,157703844951606,-1,-1,-1,ok,
std_copy_xcdr__cpp_to_py__100000B__10Hz__shmem_ds__best_effort,publish,pub,cpp_to_py,copy,std,xcdr,shmem_ds,100000,10,0,measured,212,2026-09-09T14:35:10.283615Z,157703945710043,157703945710043,-1,-1,-1,ok,
std_copy_xcdr__cpp_to_py__100000B__10Hz__shmem_ds__best_effort,publish,pub,cpp_to_py,copy,std,xcdr,shmem_ds,100000,10,0,measured,213,2026-09-09T14:35:10.383498Z,157704045599498,157704045599498,-1,-1,-1,ok,
std_copy_xcdr__cpp_to_py__100000B__10Hz__shmem_ds__best_effort,publish,pub,cpp_to_py,copy,std,xcdr,shmem_ds,100000,10,0,measured,214,2026-09-09T14:35:10.482916Z,157704145014207,157704145014207,-1,-1,-1,ok,
std_copy_xcdr__cpp_to_py__100000B__10Hz__shmem_ds__best_effort,publish,pub,cpp_to_py,copy,std,xcdr,shmem_ds,100000,10,0,measured,215,2026-09-09T14:35:10.582341Z,157704244348644,157704244348644,-1,-1,-1,ok,
std_copy_xcdr__cpp_to_py__100000B__10Hz__shmem_ds__best_effort,publish,pub,cpp_to_py,copy,std,xcdr,shmem_ds,100000,10,0,measured,216,2026-09-09T14:35:10.681612Z,157704343687339,157704343687339,-1,-1,-1,ok,
std_copy_xcdr__cpp_to_py__100000B__10Hz__shmem_ds__best_effort,publish,pub,cpp_to_py,copy,std,xcdr,shmem_ds,100000,10,0,measured,217,2026-09-09T14:35:10.781000Z,157704443012088,157704443012088,-1,-1,-1,ok,
std_copy_xcdr__cpp_to_py__100000B__10Hz__shmem_ds__best_effort,publish,pub,cpp_to_py,copy,std,xcdr,shmem_ds,100000,10,0,measured,218,2026-09-09T14:35:10.880227Z,157704542252927,157704542252927,-1,-1,-1,ok,
std_copy_xcdr__cpp_to_py__100000B__10Hz__shmem_ds__best_effort,publish,pub,cpp_to_py,copy,std,xcdr,shmem_ds,100000,10,0,measured,219,2026-09-09T14:35:10.979673Z,157704641683947,157704641683947,-1,-1,-1,ok,
std_copy_xcdr__cpp_to_py__100000B__10Hz__shmem_ds__best_effort,publish,pub,cpp_to_py,copy,std,xcdr,shmem_ds,100000,10,0,measured,220,2026-09-09T14:35:11.080525Z,157704742579644,157704742579644,-1,-1,-1,ok,
std_copy_xcdr__cpp_to_py__100000B__10Hz__shmem_ds__best_effort,publish,pub,cpp_to_py,copy,std,xcdr,shmem_ds,100000,10,0,measured,221,2026-09-09T14:35:11.180341Z,157704842428154,157704842428154,-1,-1,-1,ok,
std_copy_xcdr__cpp_to_py__100000B__10Hz__shmem_ds__best_effort,publish,pub,cpp_to_py,copy,std,xcdr,shmem_ds,100000,10,0,measured,222,2026-09-09T14:35:11.280118Z,157704942215918,157704942215918,-1,-1,-1,ok,
std_copy_xcdr__cpp_to_py__100000B__10Hz__shmem_ds__best_effort,publish,pub,cpp_to_py,copy,std,xcdr,shmem_ds,100000,10,0,measured,223,2026-09-09T14:35:11.379383Z,157705041483631,157705041483631,-1,-1,-1,ok,
std_copy_xcdr__cpp_to_py__100000B__10Hz__shmem_ds__best_effort,publish,pub,cpp_to_py,copy,std,xcdr,shmem_ds,100000,10,0,measured,224,2026-09-09T14:35:11.478639Z,157705140742386,157705140742386,-1,-1,-1,ok,
std_copy_xcdr__cpp_to_py__100000B__10Hz__shmem_ds__best_effort,publish,pub,cpp_to_py,copy,std,xcdr,shmem_ds,100000,10,0,measured,225,2026-09-09T14:35:11.578501Z,157705240546102,157705240546102,-1,-1,-1,ok,
std_copy_xcdr__cpp_to_py__100000B__10Hz__shmem_ds__best_effort,publish,pub,cpp_to_py,copy,std,xcdr,shmem_ds,100000,10,0,measured,226,2026-09-09T14:35:11.677975Z,157705339938459,157705339938459,-1,-1,-1,ok,
std_copy_xcdr__cpp_to_py__100000B__10Hz__shmem_ds__best_effort,publish,pub,cpp_to_py,copy,std,xcdr,shmem_ds,100000,10,0,measured,227,2026-09-09T14:35:11.777188Z,157705439263359,157705439263359,-1,-1,-1,ok,
std_copy_xcdr__cpp_to_py__100000B__10Hz__shmem_ds__best_effort,publish,pub,cpp_to_py,copy,std,xcdr,shmem_ds,100000,10,0,measured,228,2026-09-09T14:35:11.876945Z,157705538941006,157705538941006,-1,-1,-1,ok,
std_copy_xcdr__cpp_to_py__100000B__10Hz__shmem_ds__best_effort,publish,pub,cpp_to_py,copy,std,xcdr,shmem_ds,100000,10,0,measured,229,2026-09-09T14:35:11.977755Z,157705639633891,157705639633891,-1,-1,-1,ok,
std_copy_xcdr__cpp_to_py__100000B__10Hz__shmem_ds__best_effort,publish,pub,cpp_to_py,copy,std,xcdr,shmem_ds,100000,10,0,measured,230,2026-09-09T14:35:12.077928Z,157705739933794,157705739933794,-1,-1,-1,ok,
std_copy_xcdr__cpp_to_py__100000B__10Hz__shmem_ds__best_effort,publish,pub,cpp_to_py,copy,std,xcdr,shmem_ds,100000,10,0,measured,231,2026-09-09T14:35:12.177477Z,157705839578791,157705839578791,-1,-1,-1,ok,
std_copy_xcdr__cpp_to_py__100000B__10Hz__shmem_ds__best_effort,publish,pub,cpp_to_py,copy,std,xcdr,shmem_ds,100000,10,0,measured,232,2026-09-09T14:35:12.278334Z,157705940430677,157705940430677,-1,-1,-1,ok,
std_copy_xcdr__cpp_to_py__100000B__10Hz__shmem_ds__best_effort,publish,pub,cpp_to_py,copy,std,xcdr,shmem_ds,100000,10,0,measured,233,2026-09-09T14:35:12.378106Z,157706040207644,157706040207644,-1,-1,-1,ok,
std_copy_xcdr__cpp_to_py__100000B__10Hz__shmem_ds__best_effort,publish,pub,cpp_to_py,copy,std,xcdr,shmem_ds,100000,10,0,measured,234,2026-09-09T14:35:12.478282Z,157706140387088,157706140387088,-1,-1,-1,ok,
std_copy_xcdr__cpp_to_py__100000B__10Hz__shmem_ds__best_effort,publish,pub,cpp_to_py,copy,std,xcdr,shmem_ds,100000,10,0,measured,235,2026-09-09T14:35:12.578357Z,157706240407134,157706240407134,-1,-1,-1,ok,
std_copy_xcdr__cpp_to_py__100000B__10Hz__shmem_ds__best_effort,publish,pub,cpp_to_py,copy,std,xcdr,shmem_ds,100000,10,0,measured,236,2026-09-09T14:35:12.678160Z,157706340249142,157706340249142,-1,-1,-1,ok,
std_copy_xcdr__cpp_to_py__100000B__10Hz__shmem_ds__best_effort,publish,pub,cpp_to_py,copy,std,xcdr,shmem_ds,100000,10,0,measured,237,2026-09-09T14:35:12.778524Z,157706440518459,157706440518459,-1,-1,-1,ok,
std_copy_xcdr__cpp_to_py__100000B__10Hz__shmem_ds__best_effort,publish,pub,cpp_to_py,copy,std,xcdr,shmem_ds,100000,10,0,measured,238,2026-09-09T14:35:12.879370Z,157706541386135,157706541386135,-1,-1,-1,ok,
std_copy_xcdr__cpp_to_py__100000B__10Hz__shmem_ds__best_effort,publish,pub,cpp_to_py,copy,std,xcdr,shmem_ds,100000,10,0,measured,239,2026-09-09T14:35:12.978704Z,157706640744110,157706640744110,-1,-1,-1,ok,
std_copy_xcdr__cpp_to_py__100000B__10Hz__shmem_ds__best_effort,publish,pub,cpp_to_py,copy,std,xcdr,shmem_ds,100000,10,0,measured,240,2026-09-09T14:35:13.078578Z,157706740592941,157706740592941,-1,-1,-1,ok,
std_copy_xcdr__cpp_to_py__100000B__10Hz__shmem_ds__best_effort,publish,pub,cpp_to_py,copy,std,xcdr,shmem_ds,100000,10,0,measured,241,2026-09-09T14:35:13.179140Z,157706841243619,157706841243619,-1,-1,-1,ok,
std_copy_xcdr__cpp_to_py__100000B__10Hz__shmem_ds__best_effort,publish,pub,cpp_to_py,copy,std,xcdr,shmem_ds,100000,10,0,measured,242,2026-09-09T14:35:13.279434Z,157706941532744,157706941532744,-1,-1,-1,ok,
std_copy_xcdr__cpp_to_py__100000B__10Hz__shmem_ds__best_effort,publish,pub,cpp_to_py,copy,std,xcdr,shmem_ds,100000,10,0,measured,243,2026-09-09T14:35:13.378583Z,157707040693367,157707040693367,-1,-1,-1,ok,
std_copy_xcdr__cpp_to_py__100000B__10Hz__shmem_ds__best_effort,publish,pub,cpp_to_py,copy,std,xcdr,shmem_ds,100000,10,0,measured,244,2026-09-09T14:35:13.479151Z,157707141244317,157707141244317,-1,-1,-1,ok,
std_copy_xcdr__cpp_to_py__100000B__10Hz__shmem_ds__best_effort,publish,pub,cpp_to_py,copy,std,xcdr,shmem_ds,100000,10,0,measured,245,2026-09-09T14:35:13.579461Z,157707241518584,157707241518584,-1,-1,-1,ok,
std_copy_xcdr__cpp_to_py__100000B__10Hz__shmem_ds__best_effort,publish,pub,cpp_to_py,copy,std,xcdr,shmem_ds,100000,10,0,measured,246,2026-09-09T14:35:13.680237Z,157707342328122,157707342328122,-1,-1,-1,ok,
std_copy_xcdr__cpp_to_py__100000B__10Hz__shmem_ds__best_effort,publish,pub,cpp_to_py,copy,std,xcdr,shmem_ds,100000,10,0,measured,247,2026-09-09T14:35:13.779691Z,157707441792368,157707441792368,-1,-1,-1,ok,
std_copy_xcdr__cpp_to_py__100000B__10Hz__shmem_ds__best_effort,publish,pub,cpp_to_py,copy,std,xcdr,shmem_ds,100000,10,0,measured,248,2026-09-09T14:35:13.880459Z,157707542526553,157707542526553,-1,-1,-1,ok,
std_copy_xcdr__cpp_to_py__100000B__10Hz__shmem_ds__best_effort,publish,pub,cpp_to_py,copy,std,xcdr,shmem_ds,100000,10,0,measured,249,2026-09-09T14:35:13.979897Z,157707641961454,157707641961454,-1,-1,-1,ok,
std_copy_xcdr__cpp_to_py__100000B__10Hz__shmem_ds__best_effort,publish,pub,cpp_to_py,copy,std,xcdr,shmem_ds,100000,10,0,measured,250,2026-09-09T14:35:14.079702Z,157707741780061,157707741780061,-1,-1,-1,ok,
std_copy_xcdr__cpp_to_py__100000B__10Hz__shmem_ds__best_effort,publish,pub,cpp_to_py,copy,std,xcdr,shmem_ds,100000,10,0,measured,251,2026-09-09T14:35:14.179515Z,157707841609779,157707841609779,-1,-1,-1,ok,
std_copy_xcdr__cpp_to_py__100000B__10Hz__shmem_ds__best_effort,publish,pub,cpp_to_py,copy,std,xcdr,shmem_ds,100000,10,0,measured,252,2026-09-09T14:35:14.279771Z,157707941872456,157707941872456,-1,-1,-1,ok,
std_copy_xcdr__cpp_to_py__100000B__10Hz__shmem_ds__best_effort,publish,pub,cpp_to_py,copy,std,xcdr,shmem_ds,100000,10,0,measured,253,2026-09-09T14:35:14.380643Z,157708042714116,157708042714116,-1,-1,-1,ok,
std_copy_xcdr__cpp_to_py__100000B__10Hz__shmem_ds__best_effort,publish,pub,cpp_to_py,copy,std,xcdr,shmem_ds,100000,10,0,measured,254,2026-09-09T14:35:14.481075Z,157708143164055,157708143164055,-1,-1,-1,ok,
std_copy_xcdr__cpp_to_py__100000B__10Hz__shmem_ds__best_effort,publish,pub,cpp_to_py,copy,std,xcdr,shmem_ds,100000,10,0,measured,255,2026-09-09T14:35:14.580717Z,157708242738532,157708242738532,-1,-1,-1,ok,
std_copy_xcdr__cpp_to_py__100000B__10Hz__shmem_ds__best_effort,publish,pub,cpp_to_py,copy,std,xcdr,shmem_ds,100000,10,0,measured,256,2026-09-09T14:35:14.680068Z,157708342101458,157708342101458,-1,-1,-1,ok,
std_copy_xcdr__cpp_to_py__100000B__10Hz__shmem_ds__best_effort,publish,pub,cpp_to_py,copy,std,xcdr,shmem_ds,100000,10,0,measured,257,2026-09-09T14:35:14.779576Z,157708441597626,157708441597626,-1,-1,-1,ok,
std_copy_xcdr__cpp_to_py__100000B__10Hz__shmem_ds__best_effort,publish,pub,cpp_to_py,copy,std,xcdr,shmem_ds,100000,10,0,measured,258,2026-09-09T14:35:14.879267Z,157708541315092,157708541315092,-1,-1,-1,ok,
std_copy_xcdr__cpp_to_py__100000B__10Hz__shmem_ds__best_effort,publish,pub,cpp_to_py,copy,std,xcdr,shmem_ds,100000,10,0,measured,259,2026-09-09T14:35:14.978433Z,157708640437724,157708640437724,-1,-1,-1,ok,
std_copy_xcdr__cpp_to_py__100000B__10Hz__shmem_ds__best_effort,publish,pub,cpp_to_py,copy,std,xcdr,shmem_ds,100000,10,0,measured,260,2026-09-09T14:35:15.077667Z,157708739744816,157708739744816,-1,-1,-1,ok,
std_copy_xcdr__cpp_to_py__100000B__10Hz__shmem_ds__best_effort,publish,pub,cpp_to_py,copy,std,xcdr,shmem_ds,100000,10,0,measured,261,2026-09-09T14:35:15.176740Z,157708838830039,157708838830039,-1,-1,-1,ok,
std_copy_xcdr__cpp_to_py__100000B__10Hz__shmem_ds__best_effort,publish,pub,cpp_to_py,copy,std,xcdr,shmem_ds,100000,10,0,measured,262,2026-09-09T14:35:15.275765Z,157708937862322,157708937862322,-1,-1,-1,ok,
std_copy_xcdr__cpp_to_py__100000B__10Hz__shmem_ds__best_effort,publish,pub,cpp_to_py,copy,std,xcdr,shmem_ds,100000,10,0,measured,263,2026-09-09T14:35:15.375778Z,157709037773675,157709037773675,-1,-1,-1,ok,
std_copy_xcdr__cpp_to_py__100000B__10Hz__shmem_ds__best_effort,publish,pub,cpp_to_py,copy,std,xcdr,shmem_ds,100000,10,0,measured,264,2026-09-09T14:35:15.475150Z,157709137238185,157709137238185,-1,-1,-1,ok,
std_copy_xcdr__cpp_to_py__100000B__10Hz__shmem_ds__best_effort,publish,pub,cpp_to_py,copy,std,xcdr,shmem_ds,100000,10,0,measured,265,2026-09-09T14:35:15.574274Z,157709236299142,157709236299142,-1,-1,-1,ok,
std_copy_xcdr__cpp_to_py__100000B__10Hz__shmem_ds__best_effort,publish,pub,cpp_to_py,copy,std,xcdr,shmem_ds,100000,10,0,measured,266,2026-09-09T14:35:15.673909Z,157709336008094,157709336008094,-1,-1,-1,ok,
std_copy_xcdr__cpp_to_py__100000B__10Hz__shmem_ds__best_effort,publish,pub,cpp_to_py,copy,std,xcdr,shmem_ds,100000,10,0,measured,267,2026-09-09T14:35:15.774014Z,157709436106841,157709436106841,-1,-1,-1,ok,
std_copy_xcdr__cpp_to_py__100000B__10Hz__shmem_ds__best_effort,publish,pub,cpp_to_py,copy,std,xcdr,shmem_ds,100000,10,0,measured,268,2026-09-09T14:35:15.873378Z,157709535455200,157709535455200,-1,-1,-1,ok,
std_copy_xcdr__cpp_to_py__100000B__10Hz__shmem_ds__best_effort,publish,pub,cpp_to_py,copy,std,xcdr,shmem_ds,100000,10,0,measured,269,2026-09-09T14:35:15.973788Z,157709635838556,157709635838556,-1,-1,-1,ok,
std_copy_xcdr__cpp_to_py__100000B__10Hz__shmem_ds__best_effort,publish,pub,cpp_to_py,copy,std,xcdr,shmem_ds,100000,10,0,measured,270,2026-09-09T14:35:16.074328Z,157709736411982,157709736411982,-1,-1,-1,ok,
std_copy_xcdr__cpp_to_py__100000B__10Hz__shmem_ds__best_effort,publish,pub,cpp_to_py,copy,std,xcdr,shmem_ds,100000,10,0,measured,271,2026-09-09T14:35:16.174341Z,157709836434716,157709836434716,-1,-1,-1,ok,
std_copy_xcdr__cpp_to_py__100000B__10Hz__shmem_ds__best_effort,publish,pub,cpp_to_py,copy,std,xcdr,shmem_ds,100000,10,0,measured,272,2026-09-09T14:35:16.273489Z,157709935584734,157709935584734,-1,-1,-1,ok,
std_copy_xcdr__cpp_to_py__100000B__10Hz__shmem_ds__best_effort,publish,pub,cpp_to_py,copy,std,xcdr,shmem_ds,100000,10,0,measured,273,2026-09-09T14:35:16.372676Z,157710034706557,157710034706557,-1,-1,-1,ok,
std_copy_xcdr__cpp_to_py__100000B__10Hz__shmem_ds__best_effort,publish,pub,cpp_to_py,copy,std,xcdr,shmem_ds,100000,10,0,measured,274,2026-09-09T14:35:16.472776Z,157710134871721,157710134871721,-1,-1,-1,ok,
std_copy_xcdr__cpp_to_py__100000B__10Hz__shmem_ds__best_effort,publish,pub,cpp_to_py,copy,std,xcdr,shmem_ds,100000,10,0,measured,275,2026-09-09T14:35:16.573790Z,157710235826578,157710235826578,-1,-1,-1,ok,
std_copy_xcdr__cpp_to_py__100000B__10Hz__shmem_ds__best_effort,publish,pub,cpp_to_py,copy,std,xcdr,shmem_ds,100000,10,0,measured,276,2026-09-09T14:35:16.673785Z,157710335883178,157710335883178,-1,-1,-1,ok,
std_copy_xcdr__cpp_to_py__100000B__10Hz__shmem_ds__best_effort,publish,pub,cpp_to_py,copy,std,xcdr,shmem_ds,100000,10,0,measured,277,2026-09-09T14:35:16.773239Z,157710435230237,157710435230237,-1,-1,-1,ok,
std_copy_xcdr__cpp_to_py__100000B__10Hz__shmem_ds__best_effort,publish,pub,cpp_to_py,copy,std,xcdr,shmem_ds,100000,10,0,measured,278,2026-09-09T14:35:16.873643Z,157710535700558,157710535700558,-1,-1,-1,ok,
std_copy_xcdr__cpp_to_py__100000B__10Hz__shmem_ds__best_effort,publish,pub,cpp_to_py,copy,std,xcdr,shmem_ds,100000,10,0,measured,279,2026-09-09T14:35:16.972903Z,157710634912350,157710634912350,-1,-1,-1,ok,
std_copy_xcdr__cpp_to_py__100000B__10Hz__shmem_ds__best_effort,publish,pub,cpp_to_py,copy,std,xcdr,shmem_ds,100000,10,0,measured,280,2026-09-09T14:35:17.072895Z,157710734965865,157710734965865,-1,-1,-1,ok,
std_copy_xcdr__cpp_to_py__100000B__10Hz__shmem_ds__best_effort,publish,pub,cpp_to_py,copy,std,xcdr,shmem_ds,100000,10,0,measured,281,2026-09-09T14:35:17.173604Z,157710835696109,157710835696109,-1,-1,-1,ok,
std_copy_xcdr__cpp_to_py__100000B__10Hz__shmem_ds__best_effort,publish,pub,cpp_to_py,copy,std,xcdr,shmem_ds,100000,10,0,measured,282,2026-09-09T14:35:17.274431Z,157710936534787,157710936534787,-1,-1,-1,ok,
std_copy_xcdr__cpp_to_py__100000B__10Hz__shmem_ds__best_effort,publish,pub,cpp_to_py,copy,std,xcdr,shmem_ds,100000,10,0,measured,283,2026-09-09T14:35:17.373732Z,157711035836882,157711035836882,-1,-1,-1,ok,
std_copy_xcdr__cpp_to_py__100000B__10Hz__shmem_ds__best_effort,publish,pub,cpp_to_py,copy,std,xcdr,shmem_ds,100000,10,0,measured,284,2026-09-09T14:35:17.474291Z,157711136395763,157711136395763,-1,-1,-1,ok,
std_copy_xcdr__cpp_to_py__100000B__10Hz__shmem_ds__best_effort,publish,pub,cpp_to_py,copy,std,xcdr,shmem_ds,100000,10,0,measured,285,2026-09-09T14:35:17.575275Z,157711237287822,157711237287822,-1,-1,-1,ok,
std_copy_xcdr__cpp_to_py__100000B__10Hz__shmem_ds__best_effort,publish,pub,cpp_to_py,copy,std,xcdr,shmem_ds,100000,10,0,measured,286,2026-09-09T14:35:17.675265Z,157711337360312,157711337360312,-1,-1,-1,ok,
std_copy_xcdr__cpp_to_py__100000B__10Hz__shmem_ds__best_effort,publish,pub,cpp_to_py,copy,std,xcdr,shmem_ds,100000,10,0,measured,287,2026-09-09T14:35:17.775699Z,157711437795549,157711437795549,-1,-1,-1,ok,
std_copy_xcdr__cpp_to_py__100000B__10Hz__shmem_ds__best_effort,publish,pub,cpp_to_py,copy,std,xcdr,shmem_ds,100000,10,0,measured,288,2026-09-09T14:35:17.875026Z,157711537099608,157711537099608,-1,-1,-1,ok,
std_copy_xcdr__cpp_to_py__100000B__10Hz__shmem_ds__best_effort,publish,pub,cpp_to_py,copy,std,xcdr,shmem_ds,100000,10,0,measured,289,2026-09-09T14:35:17.976005Z,157711638062562,157711638062562,-1,-1,-1,ok,
std_copy_xcdr__cpp_to_py__100000B__10Hz__shmem_ds__best_effort,publish,pub,cpp_to_py,copy,std,xcdr,shmem_ds,100000,10,0,measured,290,2026-09-09T14:35:18.075183Z,157711737273736,157711737273736,-1,-1,-1,ok,
std_copy_xcdr__cpp_to_py__100000B__10Hz__shmem_ds__best_effort,publish,pub,cpp_to_py,copy,std,xcdr,shmem_ds,100000,10,0,measured,291,2026-09-09T14:35:18.174477Z,157711836573567,157711836573567,-1,-1,-1,ok,
std_copy_xcdr__cpp_to_py__100000B__10Hz__shmem_ds__best_effort,publish,pub,cpp_to_py,copy,std,xcdr,shmem_ds,100000,10,0,measured,292,2026-09-09T14:35:18.275166Z,157711937231216,157711937231216,-1,-1,-1,ok,
std_copy_xcdr__cpp_to_py__100000B__10Hz__shmem_ds__best_effort,publish,pub,cpp_to_py,copy,std,xcdr,shmem_ds,100000,10,0,measured,293,2026-09-09T14:35:18.375049Z,157712037153233,157712037153233,-1,-1,-1,ok,
std_copy_xcdr__cpp_to_py__100000B__10Hz__shmem_ds__best_effort,publish,pub,cpp_to_py,copy,std,xcdr,shmem_ds,100000,10,0,measured,294,2026-09-09T14:35:18.475464Z,157712137559035,157712137559035,-1,-1,-1,ok,
std_copy_xcdr__cpp_to_py__100000B__10Hz__shmem_ds__best_effort,publish,pub,cpp_to_py,copy,std,xcdr,shmem_ds,100000,10,0,measured,295,2026-09-09T14:35:18.576472Z,157712238505630,157712238505630,-1,-1,-1,ok,
std_copy_xcdr__cpp_to_py__100000B__10Hz__shmem_ds__best_effort,publish,pub,cpp_to_py,copy,std,xcdr,shmem_ds,100000,10,0,measured,296,2026-09-09T14:35:18.676365Z,157712338427758,157712338427758,-1,-1,-1,ok,
std_copy_xcdr__cpp_to_py__100000B__10Hz__shmem_ds__best_effort,publish,pub,cpp_to_py,copy,std,xcdr,shmem_ds,100000,10,0,measured,297,2026-09-09T14:35:18.775488Z,157712437496693,157712437496693,-1,-1,-1,ok,
std_copy_xcdr__cpp_to_py__100000B__10Hz__shmem_ds__best_effort,publish,pub,cpp_to_py,copy,std,xcdr,shmem_ds,100000,10,0,measured,298,2026-09-09T14:35:18.876344Z,157712538400527,157712538400527,-1,-1,-1,ok,
std_copy_xcdr__cpp_to_py__100000B__10Hz__shmem_ds__best_effort,publish,pub,cpp_to_py,copy,std,xcdr,shmem_ds,100000,10,0,measured,299,2026-09-09T14:35:18.976721Z,157712638728652,157712638728652,-1,-1,-1,ok,
std_copy_xcdr__cpp_to_py__100000B__10Hz__shmem_ds__best_effort,publish,pub,cpp_to_py,copy,std,xcdr,shmem_ds,100000,10,0,measured,300,2026-09-09T14:35:19.076556Z,157712738635792,157712738635792,-1,-1,-1,ok,
std_copy_xcdr__cpp_to_py__100000B__10Hz__shmem_ds__best_effort,receive,sub,cpp_to_py,copy,std,xcdr,shmem_ds,100000,10,0,measured,0,2026-09-09T14:34:49.089184Z,157682751359829,157682750510034,157682751359829,1788964489088317322,1788964489088854657,ok,
std_copy_xcdr__cpp_to_py__100000B__10Hz__shmem_ds__best_effort,receive,sub,cpp_to_py,copy,std,xcdr,shmem_ds,100000,10,0,measured,1,2026-09-09T14:34:49.189264Z,157682851442691,157682851077952,157682851442691,1788964489188883747,1788964489189010877,ok,
std_copy_xcdr__cpp_to_py__100000B__10Hz__shmem_ds__best_effort,receive,sub,cpp_to_py,copy,std,xcdr,shmem_ds,100000,10,0,measured,2,2026-09-09T14:34:49.289431Z,157682951622165,157682951356383,157682951622165,1788964489289162999,1788964489289284228,ok,
std_copy_xcdr__cpp_to_py__100000B__10Hz__shmem_ds__best_effort,receive,sub,cpp_to_py,copy,std,xcdr,shmem_ds,100000,10,0,measured,3,2026-09-09T14:34:49.389961Z,157683052152782,157683051865009,157683052152782,1788964489389671826,1788964489389812121,ok,
std_copy_xcdr__cpp_to_py__100000B__10Hz__shmem_ds__best_effort,receive,sub,cpp_to_py,copy,std,xcdr,shmem_ds,100000,10,0,measured,4,2026-09-09T14:34:49.489207Z,157683151399282,157683151136085,157683151399282,1788964489488942441,1788964489489073408,ok,
std_copy_xcdr__cpp_to_py__100000B__10Hz__shmem_ds__best_effort,receive,sub,cpp_to_py,copy,std,xcdr,shmem_ds,100000,10,0,measured,5,2026-09-09T14:34:49.590112Z,157683252298887,157683251944147,157683252298887,1788964489589754731,1788964489589917719,ok,
std_copy_xcdr__cpp_to_py__100000B__10Hz__shmem_ds__best_effort,receive,sub,cpp_to_py,copy,std,xcdr,shmem_ds,100000,10,0,measured,6,2026-09-09T14:34:49.689228Z,157683351419862,157683351133120,157683351419862,1788964489688941199,1788964489689082877,ok,
std_copy_xcdr__cpp_to_py__100000B__10Hz__shmem_ds__best_effort,receive,sub,cpp_to_py,copy,std,xcdr,shmem_ds,100000,10,0,measured,7,2026-09-09T14:34:49.789402Z,157683451593705,157683451279031,157683451593705,1788964489789086349,1788964489789239448,ok,
std_copy_xcdr__cpp_to_py__100000B__10Hz__shmem_ds__best_effort,receive,sub,cpp_to_py,copy,std,xcdr,shmem_ds,100000,10,0,measured,8,2026-09-09T14:34:49.889304Z,157683551483270,157683551030205,157683551483270,1788964489888846299,1788964489889036228,ok,
std_copy_xcdr__cpp_to_py__100000B__10Hz__shmem_ds__best_effort,receive,sub,cpp_to_py,copy,std,xcdr,shmem_ds,100000,10,0,measured,9,2026-09-09T14:34:49.988697Z,157683650884925,157683650573407,157683650884925,1788964489988383500,1788964489988510319,ok,
std_copy_xcdr__cpp_to_py__100000B__10Hz__shmem_ds__best_effort,receive,sub,cpp_to_py,copy,std,xcdr,shmem_ds,100000,10,0,measured,10,2026-09-09T14:34:50.088549Z,157683750733485,157683750356763,157683750733485,1788964490088168730,1788964490088329874,ok,
std_copy_xcdr__cpp_to_py__100000B__10Hz__shmem_ds__best_effort,receive,sub,cpp_to_py,copy,std,xcdr,shmem_ds,100000,10,0,measured,11,2026-09-09T14:34:50.187533Z,157683849720177,157683849379864,157683849720177,1788964490187189196,1788964490187340982,ok,
std_copy_xcdr__cpp_to_py__100000B__10Hz__shmem_ds__best_effort,receive,sub,cpp_to_py,copy,std,xcdr,shmem_ds,100000,10,0,measured,12,2026-09-09T14:34:50.287555Z,157683949743197,157683949429915,157683949743197,1788964490287237854,1788964490287377698,ok,
std_copy_xcdr__cpp_to_py__100000B__10Hz__shmem_ds__best_effort,receive,sub,cpp_to_py,copy,std,xcdr,shmem_ds,100000,10,0,measured,13,2026-09-09T14:34:50.387937Z,157684050125906,157684049797505,157684050125906,1788964490387606656,1788964490387752031,ok,
std_copy_xcdr__cpp_to_py__100000B__10Hz__shmem_ds__best_effort,receive,sub,cpp_to_py,copy,std,xcdr,shmem_ds,100000,10,0,measured,14,2026-09-09T14:34:50.488169Z,157684150359804,157684150072081,157684150359804,1788964490487879950,1788964490488013903,ok,
std_copy_xcdr__cpp_to_py__100000B__10Hz__shmem_ds__best_effort,receive,sub,cpp_to_py,copy,std,xcdr,shmem_ds,100000,10,0,measured,15,2026-09-09T14:34:50.588896Z,157684251083387,157684250725221,157684251083387,1788964490588535825,1788964490588694144,ok,
std_copy_xcdr__cpp_to_py__100000B__10Hz__shmem_ds__best_effort,receive,sub,cpp_to_py,copy,std,xcdr,shmem_ds,100000,10,0,measured,16,2026-09-09T14:34:50.689759Z,157684351947917,157684351617683,157684351947917,1788964490689426184,1788964490689575335,ok,
std_copy_xcdr__cpp_to_py__100000B__10Hz__shmem_ds__best_effort,receive,sub,cpp_to_py,copy,std,xcdr,shmem_ds,100000,10,0,measured,17,2026-09-09T14:34:50.790437Z,157684452615404,157684452124827,157684452615404,1788964490789942004,1788964490790149396,ok,
std_copy_xcdr__cpp_to_py__100000B__10Hz__shmem_ds__best_effort,receive,sub,cpp_to_py,copy,std,xcdr,shmem_ds,100000,10,0,measured,18,2026-09-09T14:34:50.890342Z,157684552521843,157684552021758,157684552521843,1788964490889838323,1788964490890047429,ok,
std_copy_xcdr__cpp_to_py__100000B__10Hz__shmem_ds__best_effort,receive,sub,cpp_to_py,copy,std,xcdr,shmem_ds,100000,10,0,measured,19,2026-09-09T14:34:50.989363Z,157684651543942,157684651112818,157684651543942,1788964490988926137,1788964490989100276,ok,
std_copy_xcdr__cpp_to_py__100000B__10Hz__shmem_ds__best_effort,receive,sub,cpp_to_py,copy,std,xcdr,shmem_ds,100000,10,0,measured,20,2026-09-09T14:34:51.088466Z,157684750651293,157684750242942,157684750651293,1788964491088053716,1788964491088214610,ok,
std_copy_xcdr__cpp_to_py__100000B__10Hz__shmem_ds__best_effort,receive,sub,cpp_to_py,copy,std,xcdr,shmem_ds,100000,10,0,measured,21,2026-09-09T14:34:51.189160Z,157684851333639,157684850744596,157684851333639,1788964491188569758,1788964491188820461,ok,
std_copy_xcdr__cpp_to_py__100000B__10Hz__shmem_ds__best_effort,receive,sub,cpp_to_py,copy,std,xcdr,shmem_ds,100000,10,0,measured,22,2026-09-09T14:34:51.288136Z,157684950324251,157684950033321,157684950324251,1788964491287842633,1788964491287964312,ok,
std_copy_xcdr__cpp_to_py__100000B__10Hz__shmem_ds__best_effort,receive,sub,cpp_to_py,copy,std,xcdr,shmem_ds,100000,10,0,measured,23,2026-09-09T14:34:51.388190Z,157685050370947,157685049888446,157685050370947,1788964491387702867,1788964491387912383,ok,
std_copy_xcdr__cpp_to_py__100000B__10Hz__shmem_ds__best_effort,receive,sub,cpp_to_py,copy,std,xcdr,shmem_ds,100000,10,0,measured,24,2026-09-09T14:34:51.487286Z,157685149470173,157685149091548,157685149470173,1788964491486898144,1788964491487039812,ok,
std_copy_xcdr__cpp_to_py__100000B__10Hz__shmem_ds__best_effort,receive,sub,cpp_to_py,copy,std,xcdr,shmem_ds,100000,10,0,measured,25,2026-09-09T14:34:51.586625Z,157685248805465,157685248378799,157685248805465,1788964491586189553,1788964491586358362,ok,
std_copy_xcdr__cpp_to_py__100000B__10Hz__shmem_ds__best_effort,receive,sub,cpp_to_py,copy,std,xcdr,shmem_ds,100000,10,0,measured,26,2026-09-09T14:34:51.685827Z,157685347998558,157685347569938,157685347998558,1788964491685380142,1788964491685558398,ok,
std_copy_xcdr__cpp_to_py__100000B__10Hz__shmem_ds__best_effort,receive,sub,cpp_to_py,copy,std,xcdr,shmem_ds,100000,10,0,measured,27,2026-09-09T14:34:51.785831Z,157685448017061,157685447626884,157685448017061,1788964491785435754,1788964491785585547,ok,
std_copy_xcdr__cpp_to_py__100000B__10Hz__shmem_ds__best_effort,receive,sub,cpp_to_py,copy,std,xcdr,shmem_ds,100000,10,0,measured,28,2026-09-09T14:34:51.885896Z,157685548073224,157685547523706,157685548073224,1788964491885340612,1788964491885552893,ok,
std_copy_xcdr__cpp_to_py__100000B__10Hz__shmem_ds__best_effort,receive,sub,cpp_to_py,copy,std,xcdr,shmem_ds,100000,10,0,measured,29,2026-09-09T14:34:51.986322Z,157685648504778,157685648067852,157685648504778,1788964491985881121,1788964491986064357,ok,
std_copy_xcdr__cpp_to_py__100000B__10Hz__shmem_ds__best_effort,receive,sub,cpp_to_py,copy,std,xcdr,shmem_ds,100000,10,0,measured,30,2026-09-09T14:34:52.085510Z,157685747697311,157685747315910,157685747697311,1788964492085131714,1788964492085294873,ok,
std_copy_xcdr__cpp_to_py__100000B__10Hz__shmem_ds__best_effort,receive,sub,cpp_to_py,copy,std,xcdr,shmem_ds,100000,10,0,measured,31,2026-09-09T14:34:52.185972Z,157685848158101,157685847800676,157685848158101,1788964492185607843,1788964492185743480,ok,
std_copy_xcdr__cpp_to_py__100000B__10Hz__shmem_ds__best_effort,receive,sub,cpp_to_py,copy,std,xcdr,shmem_ds,100000,10,0,measured,32,2026-09-09T14:34:52.285598Z,157685947786109,157685947449032,157685947786109,1788964492285254607,1788964492285381476,ok,
std_copy_xcdr__cpp_to_py__100000B__10Hz__shmem_ds__best_effort,receive,sub,cpp_to_py,copy,std,xcdr,shmem_ds,100000,10,0,measured,33,2026-09-09T14:34:52.386087Z,157686048274861,157686047950488,157686048274861,1788964492385756323,1788964492385893432,ok,
std_copy_xcdr__cpp_to_py__100000B__10Hz__shmem_ds__best_effort,receive,sub,cpp_to_py,copy,std,xcdr,shmem_ds,100000,10,0,measured,34,2026-09-09T14:34:52.486687Z,157686148877017,157686148558656,157686148877017,1788964492486364491,1788964492486486331,ok,
std_copy_xcdr__cpp_to_py__100000B__10Hz__shmem_ds__best_effort,receive,sub,cpp_to_py,copy,std,xcdr,shmem_ds,100000,10,0,measured,35,2026-09-09T14:34:52.585862Z,157686248046186,157686247647032,157686248046186,1788964492585457035,1788964492585611858,ok,
std_copy_xcdr__cpp_to_py__100000B__10Hz__shmem_ds__best_effort,receive,sub,cpp_to_py,copy,std,xcdr,shmem_ds,100000,10,0,measured,36,2026-09-09T14:34:52.686645Z,157686348833372,157686348498579,157686348833372,1788964492686305066,1788964492686433068,ok,
std_copy_xcdr__cpp_to_py__100000B__10Hz__shmem_ds__best_effort,receive,sub,cpp_to_py,copy,std,xcdr,shmem_ds,100000,10,0,measured,37,2026-09-09T14:34:52.787401Z,157686449578128,157686448990298,157686449578128,1788964492786824967,1788964492787060843,ok,
std_copy_xcdr__cpp_to_py__100000B__10Hz__shmem_ds__best_effort,receive,sub,cpp_to_py,copy,std,xcdr,shmem_ds,100000,10,0,measured,38,2026-09-09T14:34:52.887101Z,157686549280587,157686548818624,157686549280587,1788964492886633406,1788964492886823816,ok,
std_copy_xcdr__cpp_to_py__100000B__10Hz__shmem_ds__best_effort,receive,sub,cpp_to_py,copy,std,xcdr,shmem_ds,100000,10,0,measured,39,2026-09-09T14:34:52.986773Z,157686648950742,157686648417545,157686648950742,1788964492986237256,1788964492986455198,ok,
std_copy_xcdr__cpp_to_py__100000B__10Hz__shmem_ds__best_effort,receive,sub,cpp_to_py,copy,std,xcdr,shmem_ds,100000,10,0,measured,40,2026-09-09T14:34:53.085641Z,157686747825005,157686747454155,157686747825005,1788964493085265841,1788964493085397289,ok,
std_copy_xcdr__cpp_to_py__100000B__10Hz__shmem_ds__best_effort,receive,sub,cpp_to_py,copy,std,xcdr,shmem_ds,100000,10,0,measured,41,2026-09-09T14:34:53.186014Z,157686848200254,157686847851115,157686848200254,1788964493185661178,1788964493185783970,ok,
std_copy_xcdr__cpp_to_py__100000B__10Hz__shmem_ds__best_effort,receive,sub,cpp_to_py,copy,std,xcdr,shmem_ds,100000,10,0,measured,42,2026-09-09T14:34:53.285920Z,157686948106998,157686947771465,157686948106998,1788964493285580566,1788964493285704660,ok,
std_copy_xcdr__cpp_to_py__100000B__10Hz__shmem_ds__best_effort,receive,sub,cpp_to_py,copy,std,xcdr,shmem_ds,100000,10,0,measured,43,2026-09-09T14:34:53.385982Z,157687048170058,157687047844854,157687048170058,1788964493385653244,1788964493385771738,ok,
std_copy_xcdr__cpp_to_py__100000B__10Hz__shmem_ds__best_effort,receive,sub,cpp_to_py,copy,std,xcdr,shmem_ds,100000,10,0,measured,44,2026-09-09T14:34:53.485933Z,157687148122469,157687147821771,157687148122469,1788964493485630391,1788964493485746711,ok,
std_copy_xcdr__cpp_to_py__100000B__10Hz__shmem_ds__best_effort,receive,sub,cpp_to_py,copy,std,xcdr,shmem_ds,100000,10,0,measured,45,2026-09-09T14:34:53.585487Z,157687247666950,157687247247026,157687247666950,1788964493585059855,1788964493585228483,ok,
std_copy_xcdr__cpp_to_py__100000B__10Hz__shmem_ds__best_effort,receive,sub,cpp_to_py,copy,std,xcdr,shmem_ds,100000,10,0,measured,46,2026-09-09T14:34:53.685542Z,157687347733937,157687347458466,157687347733937,1788964493685267838,1788964493685390760,ok,
std_copy_xcdr__cpp_to_py__100000B__10Hz__shmem_ds__best_effort,receive,sub,cpp_to_py,copy,std,xcdr,shmem_ds,100000,10,0,measured,47,2026-09-09T14:34:53.785668Z,157687447851418,157687447450330,157687447851418,1788964493785265633,1788964493785430926,ok,
std_copy_xcdr__cpp_to_py__100000B__10Hz__shmem_ds__best_effort,receive,sub,cpp_to_py,copy,std,xcdr,shmem_ds,100000,10,0,measured,48,2026-09-09T14:34:53.885543Z,157687547720953,157687547217742,157687547720953,1788964493885039067,1788964493885238032,ok,
std_copy_xcdr__cpp_to_py__100000B__10Hz__shmem_ds__best_effort,receive,sub,cpp_to_py,copy,std,xcdr,shmem_ds,100000,10,0,measured,49,2026-09-09T14:34:53.985852Z,157687648032882,157687647551804,157687648032882,1788964493985370363,1788964493985548880,ok,
std_copy_xcdr__cpp_to_py__100000B__10Hz__shmem_ds__best_effort,receive,sub,cpp_to_py,copy,std,xcdr,shmem_ds,100000,10,0,measured,50,2026-09-09T14:34:54.085467Z,157687747658256,157687747381042,157687747658256,1788964494085193229,1788964494085322403,ok,
std_copy_xcdr__cpp_to_py__100000B__10Hz__shmem_ds__best_effort,receive,sub,cpp_to_py,copy,std,xcdr,shmem_ds,100000,10,0,measured,51,2026-09-09T14:34:54.185385Z,157687847576493,157687847251289,157687847576493,1788964494185061793,1788964494185202398,ok,
std_copy_xcdr__cpp_to_py__100000B__10Hz__shmem_ds__best_effort,receive,sub,cpp_to_py,copy,std,xcdr,shmem_ds,100000,10,0,measured,52,2026-09-09T14:34:54.284665Z,157687946847288,157687946438526,157687946847288,1788964494284253929,1788964494284425112,ok,
std_copy_xcdr__cpp_to_py__100000B__10Hz__shmem_ds__best_effort,receive,sub,cpp_to_py,copy,std,xcdr,shmem_ds,100000,10,0,measured,53,2026-09-09T14:34:54.383904Z,157688046082014,157688045587640,157688046082014,1788964494383406540,1788964494383598032,ok,
std_copy_xcdr__cpp_to_py__100000B__10Hz__shmem_ds__best_effort,receive,sub,cpp_to_py,copy,std,xcdr,shmem_ds,100000,10,0,measured,54,2026-09-09T14:34:54.484424Z,157688146608882,157688146227531,157688146608882,1788964494484041141,1788964494484186976,ok,
std_copy_xcdr__cpp_to_py__100000B__10Hz__shmem_ds__best_effort,receive,sub,cpp_to_py,copy,std,xcdr,shmem_ds,100000,10,0,measured,55,2026-09-09T14:34:54.584424Z,157688246604637,157688246182600,157688246604637,1788964494583998323,1788964494584166491,ok,
std_copy_xcdr__cpp_to_py__100000B__10Hz__shmem_ds__best_effort,receive,sub,cpp_to_py,copy,std,xcdr,shmem_ds,100000,10,0,measured,56,2026-09-09T14:34:54.684233Z,157688346418107,157688346067625,157688346418107,1788964494683879551,1788964494684008334,ok,
std_copy_xcdr__cpp_to_py__100000B__10Hz__shmem_ds__best_effort,receive,sub,cpp_to_py,copy,std,xcdr,shmem_ds,100000,10,0,measured,57,2026-09-09T14:34:54.785465Z,157688447640156,157688447065079,157688447640156,1788964494784890712,1788964494785124754,ok,
std_copy_xcdr__cpp_to_py__100000B__10Hz__shmem_ds__best_effort,receive,sub,cpp_to_py,copy,std,xcdr,shmem_ds,100000,10,0,measured,58,2026-09-09T14:34:54.885598Z,157688547775735,157688547254480,157688547775735,1788964494885076686,1788964494885282455,ok,
std_copy_xcdr__cpp_to_py__100000B__10Hz__shmem_ds__best_effort,receive,sub,cpp_to_py,copy,std,xcdr,shmem_ds,100000,10,0,measured,59,2026-09-09T14:34:54.985790Z,157688647967879,157688647486921,157688647967879,1788964494985306081,1788964494985485249,ok,
std_copy_xcdr__cpp_to_py__100000B__10Hz__shmem_ds__best_effort,receive,sub,cpp_to_py,copy,std,xcdr,shmem_ds,100000,10,0,measured,60,2026-09-09T14:34:55.085751Z,157688747940029,157688747638670,157688747940029,1788964495085447681,1788964495085563219,ok,
std_copy_xcdr__cpp_to_py__100000B__10Hz__shmem_ds__best_effort,receive,sub,cpp_to_py,copy,std,xcdr,shmem_ds,100000,10,0,measured,61,2026-09-09T14:34:55.186553Z,157688848737180,157688848359857,157688848737180,1788964495186172214,1788964495186305636,ok,
std_copy_xcdr__cpp_to_py__100000B__10Hz__shmem_ds__best_effort,receive,sub,cpp_to_py,copy,std,xcdr,shmem_ds,100000,10,0,measured,62,2026-09-09T14:34:55.286483Z,157688948669414,157688948311458,157688948669414,1788964495286122263,1788964495286255364,ok,
std_copy_xcdr__cpp_to_py__100000B__10Hz__shmem_ds__best_effort,receive,sub,cpp_to_py,copy,std,xcdr,shmem_ds,100000,10,0,measured,63,2026-09-09T14:34:55.387137Z,157689049322763,157689048959406,157689049322763,1788964495386770852,1788964495386926656,ok,
std_copy_xcdr__cpp_to_py__100000B__10Hz__shmem_ds__best_effort,receive,sub,cpp_to_py,copy,std,xcdr,shmem_ds,100000,10,0,measured,64,2026-09-09T14:34:55.487087Z,157689149275146,157689148940233,157689149275146,1788964495486747521,1788964495486883838,ok,
std_copy_xcdr__cpp_to_py__100000B__10Hz__shmem_ds__best_effort,receive,sub,cpp_to_py,copy,std,xcdr,shmem_ds,100000,10,0,measured,65,2026-09-09T14:34:55.587200Z,157689249377413,157689248838415,157689249377413,1788964495586659368,1788964495586884604,ok,
std_copy_xcdr__cpp_to_py__100000B__10Hz__shmem_ds__best_effort,receive,sub,cpp_to_py,copy,std,xcdr,shmem_ds,100000,10,0,measured,66,2026-09-09T14:34:55.686591Z,157689348773595,157689348451606,157689348773595,1788964495686258624,1788964495686367239,ok,
std_copy_xcdr__cpp_to_py__100000B__10Hz__shmem_ds__best_effort,receive,sub,cpp_to_py,copy,std,xcdr,shmem_ds,100000,10,0,measured,67,2026-09-09T14:34:55.786232Z,157689448416044,157689448048940,157689448416044,1788964495785858001,1788964495785995782,ok,
std_copy_xcdr__cpp_to_py__100000B__10Hz__shmem_ds__best_effort,receive,sub,cpp_to_py,copy,std,xcdr,shmem_ds,100000,10,0,measured,68,2026-09-09T14:34:55.886354Z,157689548533910,157689548097515,157689548533910,1788964495885912778,1788964495886073582,ok,
std_copy_xcdr__cpp_to_py__100000B__10Hz__shmem_ds__best_effort,receive,sub,cpp_to_py,copy,std,xcdr,shmem_ds,100000,10,0,measured,69,2026-09-09T14:34:55.986171Z,157689648350936,157689647830483,157689648350936,1788964495985647960,1788964495985858819,ok,
std_copy_xcdr__cpp_to_py__100000B__10Hz__shmem_ds__best_effort,receive,sub,cpp_to_py,copy,std,xcdr,shmem_ds,100000,10,0,measured,70,2026-09-09T14:34:56.086399Z,157689748591105,157689748350090,157689748591105,1788964496086155695,1788964496086256285,ok,
std_copy_xcdr__cpp_to_py__100000B__10Hz__shmem_ds__best_effort,receive,sub,cpp_to_py,copy,std,xcdr,shmem_ds,100000,10,0,measured,71,2026-09-09T14:34:56.186084Z,157689848276145,157689847962262,157689848276145,1788964496185768208,1788964496185926567,ok,
std_copy_xcdr__cpp_to_py__100000B__10Hz__shmem_ds__best_effort,receive,sub,cpp_to_py,copy,std,xcdr,shmem_ds,100000,10,0,measured,72,2026-09-09T14:34:56.286421Z,157689948612646,157689948329952,157689948612646,1788964496286134935,1788964496286260973,ok,
std_copy_xcdr__cpp_to_py__100000B__10Hz__shmem_ds__best_effort,receive,sub,cpp_to_py,copy,std,xcdr,shmem_ds,100000,10,0,measured,73,2026-09-09T14:34:56.387039Z,157690049224867,157690048790125,157690049224867,1788964496386599407,1788964496386769879,ok,
std_copy_xcdr__cpp_to_py__100000B__10Hz__shmem_ds__best_effort,receive,sub,cpp_to_py,copy,std,xcdr,shmem_ds,100000,10,0,measured,74,2026-09-09T14:34:56.487234Z,157690149422925,157690149090347,157690149422925,1788964496486896693,1788964496487034724,ok,
std_copy_xcdr__cpp_to_py__100000B__10Hz__shmem_ds__best_effort,receive,sub,cpp_to_py,copy,std,xcdr,shmem_ds,100000,10,0,measured,75,2026-09-09T14:34:56.587982Z,157690250164671,157690249726854,157690250164671,1788964496587539572,1788964496587720724,ok,
std_copy_xcdr__cpp_to_py__100000B__10Hz__shmem_ds__best_effort,receive,sub,cpp_to_py,copy,std,xcdr,shmem_ds,100000,10,0,measured,76,2026-09-09T14:34:56.688465Z,157690350652467,157690350301764,157690350652467,1788964496688109774,1788964496688266179,ok,
std_copy_xcdr__cpp_to_py__100000B__10Hz__shmem_ds__best_effort,receive,sub,cpp_to_py,copy,std,xcdr,shmem_ds,100000,10,0,measured,77,2026-09-09T14:34:56.789063Z,157690451238009,157690450606365,157690451238009,1788964496788429152,1788964496788674376,ok,
std_copy_xcdr__cpp_to_py__100000B__10Hz__shmem_ds__best_effort,receive,sub,cpp_to_py,copy,std,xcdr,shmem_ds,100000,10,0,measured,78,2026-09-09T14:34:56.889520Z,157690551698543,157690551191315,157690551698543,1788964496889009604,1788964496889205724,ok,
std_copy_xcdr__cpp_to_py__100000B__10Hz__shmem_ds__best_effort,receive,sub,cpp_to_py,copy,std,xcdr,shmem_ds,100000,10,0,measured,79,2026-09-09T14:34:56.989295Z,157690651476208,157690650997624,157690651476208,1788964496988823376,1788964496989010600,ok,
std_copy_xcdr__cpp_to_py__100000B__10Hz__shmem_ds__best_effort,receive,sub,cpp_to_py,copy,std,xcdr,shmem_ds,100000,10,0,measured,80,2026-09-09T14:34:57.090063Z,157690752247431,157690751866361,157690752247431,1788964497089676524,1788964497089842417,ok,
std_copy_xcdr__cpp_to_py__100000B__10Hz__shmem_ds__best_effort,receive,sub,cpp_to_py,copy,std,xcdr,shmem_ds,100000,10,0,measured,81,2026-09-09T14:34:57.189870Z,157690852050995,157690851566570,157690852050995,1788964497189381442,1788964497189569207,ok,
std_copy_xcdr__cpp_to_py__100000B__10Hz__shmem_ds__best_effort,receive,sub,cpp_to_py,copy,std,xcdr,shmem_ds,100000,10,0,measured,82,2026-09-09T14:34:57.289371Z,157690951557790,157690951161742,157690951557790,1788964497288971204,1788964497289136957,ok,
std_copy_xcdr__cpp_to_py__100000B__10Hz__shmem_ds__best_effort,receive,sub,cpp_to_py,copy,std,xcdr,shmem_ds,100000,10,0,measured,83,2026-09-09T14:34:57.389838Z,157691052022034,157691051640673,157691052022034,1788964497389450726,1788964497389604206,ok,
std_copy_xcdr__cpp_to_py__100000B__10Hz__shmem_ds__best_effort,receive,sub,cpp_to_py,copy,std,xcdr,shmem_ds,100000,10,0,measured,84,2026-09-09T14:34:57.490042Z,157691152227518,157691151826500,157691152227518,1788964497489638637,1788964497489781497,ok,
std_copy_xcdr__cpp_to_py__100000B__10Hz__shmem_ds__best_effort,receive,sub,cpp_to_py,copy,std,xcdr,shmem_ds,100000,10,0,measured,85,2026-09-09T14:34:57.589939Z,157691252112667,157691251540025,157691252112667,1788964497589362021,1788964497589587477,ok,
std_copy_xcdr__cpp_to_py__100000B__10Hz__shmem_ds__best_effort,receive,sub,cpp_to_py,copy,std,xcdr,shmem_ds,100000,10,0,measured,86,2026-09-09T14:34:57.688968Z,157691351153842,157691350808389,157691351153842,1788964497688614895,1788964497688740142,ok,
std_copy_xcdr__cpp_to_py__100000B__10Hz__shmem_ds__best_effort,receive,sub,cpp_to_py,copy,std,xcdr,shmem_ds,100000,10,0,measured,87,2026-09-09T14:34:57.789251Z,157691451438275,157691451065561,157691451438275,1788964497788876105,1788964497789018564,ok,
std_copy_xcdr__cpp_to_py__100000B__10Hz__shmem_ds__best_effort,receive,sub,cpp_to_py,copy,std,xcdr,shmem_ds,100000,10,0,measured,88,2026-09-09T14:34:57.889551Z,157691551731956,157691551246068,157691551731956,1788964497889063535,1788964497889250488,ok,
std_copy_xcdr__cpp_to_py__100000B__10Hz__shmem_ds__best_effort,receive,sub,cpp_to_py,copy,std,xcdr,shmem_ds,100000,10,0,measured,89,2026-09-09T14:34:57.989516Z,157691651700312,157691651287132,157691651700312,1788964497989097455,1788964497989250484,ok,
std_copy_xcdr__cpp_to_py__100000B__10Hz__shmem_ds__best_effort,receive,sub,cpp_to_py,copy,std,xcdr,shmem_ds,100000,10,0,measured,90,2026-09-09T14:34:58.089687Z,157691751874709,157691751515461,157691751874709,1788964498089326265,1788964498089467592,ok,
std_copy_xcdr__cpp_to_py__100000B__10Hz__shmem_ds__best_effort,receive,sub,cpp_to_py,copy,std,xcdr,shmem_ds,100000,10,0,measured,91,2026-09-09T14:34:58.188781Z,157691850968444,157691850629013,157691850968444,1788964498188434147,1788964498188559844,ok,
std_copy_xcdr__cpp_to_py__100000B__10Hz__shmem_ds__best_effort,receive,sub,cpp_to_py,copy,std,xcdr,shmem_ds,100000,10,0,measured,92,2026-09-09T14:34:58.288875Z,157691951046339,157691950370893,157691951046339,1788964498288195634,1788964498288466505,ok,
std_copy_xcdr__cpp_to_py__100000B__10Hz__shmem_ds__best_effort,receive,sub,cpp_to_py,copy,std,xcdr,shmem_ds,100000,10,0,measured,93,2026-09-09T14:34:58.389087Z,157692051270069,157692050836320,157692051270069,1788964498388653166,1788964498388832595,ok,
std_copy_xcdr__cpp_to_py__100000B__10Hz__shmem_ds__best_effort,receive,sub,cpp_to_py,copy,std,xcdr,shmem_ds,100000,10,0,measured,94,2026-09-09T14:34:58.489209Z,157692151389533,157692151022439,157692151389533,1788964498488834757,1788964498488965494,ok,
std_copy_xcdr__cpp_to_py__100000B__10Hz__shmem_ds__best_effort,receive,sub,cpp_to_py,copy,std,xcdr,shmem_ds,100000,10,0,measured,95,2026-09-09T14:34:58.589054Z,157692251239677,157692250853227,157692251239677,1788964498588666406,1788964498588819535,ok,
std_copy_xcdr__cpp_to_py__100000B__10Hz__shmem_ds__best_effort,receive,sub,cpp_to_py,copy,std,xcdr,shmem_ds,100000,10,0,measured,96,2026-09-09T14:34:58.689864Z,157692352050887,157692351713159,157692352050887,1788964498689523663,1788964498689650643,ok,
std_copy_xcdr__cpp_to_py__100000B__10Hz__shmem_ds__best_effort,receive,sub,cpp_to_py,copy,std,xcdr,shmem_ds,100000,10,0,measured,97,2026-09-09T14:34:58.790436Z,157692452616563,157692452196660,157692452616563,1788964498790012765,1788964498790178728,ok,
std_copy_xcdr__cpp_to_py__100000B__10Hz__shmem_ds__best_effort,receive,sub,cpp_to_py,copy,std,xcdr,shmem_ds,100000,10,0,measured,98,2026-09-09T14:34:58.889887Z,157692552069798,157692551658972,157692552069798,1788964498889473513,1788964498889629989,ok,
std_copy_xcdr__cpp_to_py__100000B__10Hz__shmem_ds__best_effort,receive,sub,cpp_to_py,copy,std,xcdr,shmem_ds,100000,10,0,measured,99,2026-09-09T14:34:58.990016Z,157692652194121,157692651720847,157692652194121,1788964498989541239,1788964498989733502,ok,
std_copy_xcdr__cpp_to_py__100000B__10Hz__shmem_ds__best_effort,receive,sub,cpp_to_py,copy,std,xcdr,shmem_ds,100000,10,0,measured,100,2026-09-09T14:34:59.089188Z,157692751372326,157692750965147,157692751372326,1788964499088779128,1788964499088954860,ok,
std_copy_xcdr__cpp_to_py__100000B__10Hz__shmem_ds__best_effort,receive,sub,cpp_to_py,copy,std,xcdr,shmem_ds,100000,10,0,measured,101,2026-09-09T14:34:59.189668Z,157692851855929,157692851537558,157692851855929,1788964499189346829,1788964499189483898,ok,
std_copy_xcdr__cpp_to_py__100000B__10Hz__shmem_ds__best_effort,receive,sub,cpp_to_py,copy,std,xcdr,shmem_ds,100000,10,0,measured,102,2026-09-09T14:34:59.289118Z,157692951306341,157692951006444,157692951306341,1788964499288813973,1788964499288929711,ok,
std_copy_xcdr__cpp_to_py__100000B__10Hz__shmem_ds__best_effort,receive,sub,cpp_to_py,copy,std,xcdr,shmem_ds,100000,10,0,measured,103,2026-09-09T14:34:59.388328Z,157693050516588,157693050194540,157693050516588,1788964499388003411,1788964499388144828,ok,
std_copy_xcdr__cpp_to_py__100000B__10Hz__shmem_ds__best_effort,receive,sub,cpp_to_py,copy,std,xcdr,shmem_ds,100000,10,0,measured,104,2026-09-09T14:34:59.489112Z,157693151300708,157693150973730,157693151300708,1788964499488781789,1788964499488919580,ok,
std_copy_xcdr__cpp_to_py__100000B__10Hz__shmem_ds__best_effort,receive,sub,cpp_to_py,copy,std,xcdr,shmem_ds,100000,10,0,measured,105,2026-09-09T14:34:59.589144Z,157693251328981,157693250916762,157693251328981,1788964499588729650,1788964499588908829,ok,
std_copy_xcdr__cpp_to_py__100000B__10Hz__shmem_ds__best_effort,receive,sub,cpp_to_py,copy,std,xcdr,shmem_ds,100000,10,0,measured,106,2026-09-09T14:34:59.688273Z,157693350460850,157693350141797,157693350460850,1788964499687951028,1788964499688075964,ok,
std_copy_xcdr__cpp_to_py__100000B__10Hz__shmem_ds__best_effort,receive,sub,cpp_to_py,copy,std,xcdr,shmem_ds,100000,10,0,measured,107,2026-09-09T14:34:59.788632Z,157693450820727,157693450525640,157693450820727,1788964499788332176,1788964499788444739,ok,
std_copy_xcdr__cpp_to_py__100000B__10Hz__shmem_ds__best_effort,receive,sub,cpp_to_py,copy,std,xcdr,shmem_ds,100000,10,0,measured,108,2026-09-09T14:34:59.888149Z,157693550325822,157693549787695,157693550325822,1788964499887606905,1788964499887815850,ok,
std_copy_xcdr__cpp_to_py__100000B__10Hz__shmem_ds__best_effort,receive,sub,cpp_to_py,copy,std,xcdr,shmem_ds,100000,10,0,measured,109,2026-09-09T14:34:59.988487Z,157693650668218,157693650226474,157693650668218,1788964499988040474,1788964499988209424,ok,
std_copy_xcdr__cpp_to_py__100000B__10Hz__shmem_ds__best_effort,receive,sub,cpp_to_py,copy,std,xcdr,shmem_ds,100000,10,0,measured,110,2026-09-09T14:35:00.088649Z,157693750832730,157693750432003,157693750832730,1788964500088245683,1788964500088406116,ok,
std_copy_xcdr__cpp_to_py__100000B__10Hz__shmem_ds__best_effort,receive,sub,cpp_to_py,copy,std,xcdr,shmem_ds,100000,10,0,measured,111,2026-09-09T14:35:00.188300Z,157693850486925,157693850143547,157693850486925,1788964500187955122,1788964500188094315,ok,
std_copy_xcdr__cpp_to_py__100000B__10Hz__shmem_ds__best_effort,receive,sub,cpp_to_py,copy,std,xcdr,shmem_ds,100000,10,0,measured,112,2026-09-09T14:35:00.288815Z,157693950992502,157693950681474,157693950992502,1788964500288491387,1788964500288624318,ok,
std_copy_xcdr__cpp_to_py__100000B__10Hz__shmem_ds__best_effort,receive,sub,cpp_to_py,copy,std,xcdr,shmem_ds,100000,10,0,measured,113,2026-09-09T14:35:00.389638Z,157694051827108,157694051542340,157694051827108,1788964500389350630,1788964500389475997,ok,
std_copy_xcdr__cpp_to_py__100000B__10Hz__shmem_ds__best_effort,receive,sub,cpp_to_py,copy,std,xcdr,shmem_ds,100000,10,0,measured,114,2026-09-09T14:35:00.490660Z,157694152849770,157694152533573,157694152849770,1788964500490342734,1788964500490471698,ok,
std_copy_xcdr__cpp_to_py__100000B__10Hz__shmem_ds__best_effort,receive,sub,cpp_to_py,copy,std,xcdr,shmem_ds,100000,10,0,measured,115,2026-09-09T14:35:00.590535Z,157694252719315,157694252317396,157694252719315,1788964500590133170,1788964500590290276,ok,
std_copy_xcdr__cpp_to_py__100000B__10Hz__shmem_ds__best_effort,receive,sub,cpp_to_py,copy,std,xcdr,shmem_ds,100000,10,0,measured,116,2026-09-09T14:35:00.690307Z,157694352489001,157694352055872,157694352489001,1788964500689867518,1788964500690034865,ok,
std_copy_xcdr__cpp_to_py__100000B__10Hz__shmem_ds__best_effort,receive,sub,cpp_to_py,copy,std,xcdr,shmem_ds,100000,10,0,measured,117,2026-09-09T14:35:00.791135Z,157694453309992,157694452726820,157694453309992,1788964500790550509,1788964500790777157,ok,
std_copy_xcdr__cpp_to_py__100000B__10Hz__shmem_ds__best_effort,receive,sub,cpp_to_py,copy,std,xcdr,shmem_ds,100000,10,0,measured,118,2026-09-09T14:35:00.891578Z,157694553759211,157694553251221,157694553759211,1788964500891065913,1788964500891256202,ok,
std_copy_xcdr__cpp_to_py__100000B__10Hz__shmem_ds__best_effort,receive,sub,cpp_to_py,copy,std,xcdr,shmem_ds,100000,10,0,measured,119,2026-09-09T14:35:00.991770Z,157694653953889,157694653576165,157694653953889,1788964500991390346,1788964500991543686,ok,
std_copy_xcdr__cpp_to_py__100000B__10Hz__shmem_ds__best_effort,receive,sub,cpp_to_py,copy,std,xcdr,shmem_ds,100000,10,0,measured,120,2026-09-09T14:35:01.092614Z,157694754794067,157694754335030,157694754794067,1788964501092148570,1788964501092324332,ok,
std_copy_xcdr__cpp_to_py__100000B__10Hz__shmem_ds__best_effort,receive,sub,cpp_to_py,copy,std,xcdr,shmem_ds,100000,10,0,measured,121,2026-09-09T14:35:01.191634Z,157694853819719,157694853463145,157694853819719,1788964501191270142,1788964501191413694,ok,
std_copy_xcdr__cpp_to_py__100000B__10Hz__shmem_ds__best_effort,receive,sub,cpp_to_py,copy,std,xcdr,shmem_ds,100000,10,0,measured,122,2026-09-09T14:35:01.291246Z,157694953434002,157694953111162,157694953434002,1788964501290917909,1788964501291051601,ok,
std_copy_xcdr__cpp_to_py__100000B__10Hz__shmem_ds__best_effort,receive,sub,cpp_to_py,copy,std,xcdr,shmem_ds,100000,10,0,measured,123,2026-09-09T14:35:01.390819Z,157695052996877,157695052696579,157695052996877,1788964501390500290,1788964501390622601,ok,
std_copy_xcdr__cpp_to_py__100000B__10Hz__shmem_ds__best_effort,receive,sub,cpp_to_py,copy,std,xcdr,shmem_ds,100000,10,0,measured,124,2026-09-09T14:35:01.490659Z,157695152849060,157695152530419,157695152849060,1788964501490337025,1788964501490466650,ok,
std_copy_xcdr__cpp_to_py__100000B__10Hz__shmem_ds__best_effort,receive,sub,cpp_to_py,copy,std,xcdr,shmem_ds,100000,10,0,measured,125,2026-09-09T14:35:01.590063Z,157695252246284,157695251856227,157695252246284,1788964501589668053,1788964501589829829,ok,
std_copy_xcdr__cpp_to_py__100000B__10Hz__shmem_ds__best_effort,receive,sub,cpp_to_py,copy,std,xcdr,shmem_ds,100000,10,0,measured,126,2026-09-09T14:35:01.690756Z,157695352942249,157695352558885,157695352942249,1788964501690372685,1788964501690525975,ok,
std_copy_xcdr__cpp_to_py__100000B__10Hz__shmem_ds__best_effort,receive,sub,cpp_to_py,copy,std,xcdr,shmem_ds,100000,10,0,measured,127,2026-09-09T14:35:01.790667Z,157695452855499,157695452530335,157695452855499,1788964501790339737,1788964501790477667,ok,
std_copy_xcdr__cpp_to_py__100000B__10Hz__shmem_ds__best_effort,receive,sub,cpp_to_py,copy,std,xcdr,shmem_ds,100000,10,0,measured,128,2026-09-09T14:35:01.890378Z,157695552559932,157695552114310,157695552559932,1788964501889929563,1788964501890113641,ok,
std_copy_xcdr__cpp_to_py__100000B__10Hz__shmem_ds__best_effort,receive,sub,cpp_to_py,copy,std,xcdr,shmem_ds,100000,10,0,measured,129,2026-09-09T14:35:01.990985Z,157695653169887,157695652751076,157695653169887,1788964501990565056,1788964501990723385,ok,
std_copy_xcdr__cpp_to_py__100000B__10Hz__shmem_ds__best_effort,receive,sub,cpp_to_py,copy,std,xcdr,shmem_ds,100000,10,0,measured,130,2026-09-09T14:35:02.090843Z,157695753027140,157695752607006,157695753027140,1788964502090417229,1788964502090576731,ok,
std_copy_xcdr__cpp_to_py__100000B__10Hz__shmem_ds__best_effort,receive,sub,cpp_to_py,copy,std,xcdr,shmem_ds,100000,10,0,measured,131,2026-09-09T14:35:02.189891Z,157695852079481,157695851764576,157695852079481,1788964502189568608,1788964502189688174,ok,
std_copy_xcdr__cpp_to_py__100000B__10Hz__shmem_ds__best_effort,receive,sub,cpp_to_py,copy,std,xcdr,shmem_ds,100000,10,0,measured,132,2026-09-09T14:35:02.290629Z,157695952817750,157695952514938,157695952817750,1788964502290319150,1788964502290435590,ok,
std_copy_xcdr__cpp_to_py__100000B__10Hz__shmem_ds__best_effort,receive,sub,cpp_to_py,copy,std,xcdr,shmem_ds,100000,10,0,measured,133,2026-09-09T14:35:02.391462Z,157696053640659,157696053108754,157696053640659,1788964502390928605,1788964502391145375,ok,
std_copy_xcdr__cpp_to_py__100000B__10Hz__shmem_ds__best_effort,receive,sub,cpp_to_py,copy,std,xcdr,shmem_ds,100000,10,0,measured,134,2026-09-09T14:35:02.492248Z,157696154429502,157696153908137,157696154429502,1788964502491721496,1788964502491966018,ok,
std_copy_xcdr__cpp_to_py__100000B__10Hz__shmem_ds__best_effort,receive,sub,cpp_to_py,copy,std,xcdr,shmem_ds,100000,10,0,measured,135,2026-09-09T14:35:02.592734Z,157696254921264,157696254615276,157696254921264,1788964502592424928,1788964502592549714,ok,
std_copy_xcdr__cpp_to_py__100000B__10Hz__shmem_ds__best_effort,receive,sub,cpp_to_py,copy,std,xcdr,shmem_ds,100000,10,0,measured,136,2026-09-09T14:35:02.691952Z,157696354133629,157696353672388,157696354133629,1788964502691487611,1788964502691658263,ok,
std_copy_xcdr__cpp_to_py__100000B__10Hz__shmem_ds__best_effort,receive,sub,cpp_to_py,copy,std,xcdr,shmem_ds,100000,10,0,measured,137,2026-09-09T14:35:02.792500Z,157696454677430,157696454165744,157696454677430,1788964502791985345,1788964502792196273,ok,
std_copy_xcdr__cpp_to_py__100000B__10Hz__shmem_ds__best_effort,receive,sub,cpp_to_py,copy,std,xcdr,shmem_ds,100000,10,0,measured,138,2026-09-09T14:35:02.891554Z,157696553737758,157696553301233,157696553737758,1788964502891115074,1788964502891298650,ok,
std_copy_xcdr__cpp_to_py__100000B__10Hz__shmem_ds__best_effort,receive,sub,cpp_to_py,copy,std,xcdr,shmem_ds,100000,10,0,measured,139,2026-09-09T14:35:02.991099Z,157696653275277,157696652718235,157696653275277,1788964502990536113,1788964502990750037,ok,
std_copy_xcdr__cpp_to_py__100000B__10Hz__shmem_ds__best_effort,receive,sub,cpp_to_py,copy,std,xcdr,shmem_ds,100000,10,0,measured,140,2026-09-09T14:35:03.091196Z,157696753379689,157696752973552,157696753379689,1788964503090781601,1788964503090936253,ok,
std_copy_xcdr__cpp_to_py__100000B__10Hz__shmem_ds__best_effort,receive,sub,cpp_to_py,copy,std,xcdr,shmem_ds,100000,10,0,measured,141,2026-09-09T14:35:03.191033Z,157696853220433,157696852860042,157696853220433,1788964503190667611,1788964503190825319,ok,
std_copy_xcdr__cpp_to_py__100000B__10Hz__shmem_ds__best_effort,receive,sub,cpp_to_py,copy,std,xcdr,shmem_ds,100000,10,0,measured,142,2026-09-09T14:35:03.290598Z,157696952789013,157696952522319,157696952789013,1788964503290328204,1788964503290433313,ok,
std_copy_xcdr__cpp_to_py__100000B__10Hz__shmem_ds__best_effort,receive,sub,cpp_to_py,copy,std,xcdr,shmem_ds,100000,10,0,measured,143,2026-09-09T14:35:03.390383Z,157697052571216,157697052236794,157697052571216,1788964503390043852,1788964503390174178,ok,
std_copy_xcdr__cpp_to_py__100000B__10Hz__shmem_ds__best_effort,receive,sub,cpp_to_py,copy,std,xcdr,shmem_ds,100000,10,0,measured,144,2026-09-09T14:35:03.490793Z,157697152981356,157697152646363,157697152981356,1788964503490452528,1788964503490577965,ok,
std_copy_xcdr__cpp_to_py__100000B__10Hz__shmem_ds__best_effort,receive,sub,cpp_to_py,copy,std,xcdr,shmem_ds,100000,10,0,measured,145,2026-09-09T14:35:03.590564Z,157697252747248,157697252325030,157697252747248,1788964503590135504,1788964503590296689,ok,
std_copy_xcdr__cpp_to_py__100000B__10Hz__shmem_ds__best_effort,receive,sub,cpp_to_py,copy,std,xcdr,shmem_ds,100000,10,0,measured,146,2026-09-09T14:35:03.690986Z,157697353173097,157697352809160,157697353173097,1788964503690616367,1788964503690741584,ok,
std_copy_xcdr__cpp_to_py__100000B__10Hz__shmem_ds__best_effort,receive,sub,cpp_to_py,copy,std,xcdr,shmem_ds,100000,10,0,measured,147,2026-09-09T14:35:03.790285Z,157697452471286,157697452135461,157697452471286,1788964503789943480,1788964503790068927,ok,
std_copy_xcdr__cpp_to_py__100000B__10Hz__shmem_ds__best_effort,receive,sub,cpp_to_py,copy,std,xcdr,shmem_ds,100000,10,0,measured,148,2026-09-09T14:35:03.890707Z,157697552889911,157697552442245,157697552889911,1788964503890254483,1788964503890435434,ok,
std_copy_xcdr__cpp_to_py__100000B__10Hz__shmem_ds__best_effort,receive,sub,cpp_to_py,copy,std,xcdr,shmem_ds,100000,10,0,measured,149,2026-09-09T14:35:03.989970Z,157697652147593,157697651609226,157697652147593,1788964503989428056,1788964503989637632,ok,
std_copy_xcdr__cpp_to_py__100000B__10Hz__shmem_ds__best_effort,receive,sub,cpp_to_py,copy,std,xcdr,shmem_ds,100000,10,0,measured,150,2026-09-09T14:35:04.089587Z,157697751773603,157697751402251,157697751773603,1788964504089210010,1788964504089349604,ok,
std_copy_xcdr__cpp_to_py__100000B__10Hz__shmem_ds__best_effort,receive,sub,cpp_to_py,copy,std,xcdr,shmem_ds,100000,10,0,measured,151,2026-09-09T14:35:04.189299Z,157697851483430,157697851120585,157697851483430,1788964504188927602,1788964504189060032,ok,
std_copy_xcdr__cpp_to_py__100000B__10Hz__shmem_ds__best_effort,receive,sub,cpp_to_py,copy,std,xcdr,shmem_ds,100000,10,0,measured,152,2026-09-09T14:35:04.289374Z,157697951556955,157697951156068,157697951556955,1788964504288965610,1788964504289117317,ok,
std_copy_xcdr__cpp_to_py__100000B__10Hz__shmem_ds__best_effort,receive,sub,cpp_to_py,copy,std,xcdr,shmem_ds,100000,10,0,measured,153,2026-09-09T14:35:04.389657Z,157698051843332,157698051497068,157698051843332,1788964504389303654,1788964504389426546,ok,
std_copy_xcdr__cpp_to_py__100000B__10Hz__shmem_ds__best_effort,receive,sub,cpp_to_py,copy,std,xcdr,shmem_ds,100000,10,0,measured,154,2026-09-09T14:35:04.490275Z,157698152450886,157698151943458,157698152450886,1788964504489758941,1788964504489926678,ok,
std_copy_xcdr__cpp_to_py__100000B__10Hz__shmem_ds__best_effort,receive,sub,cpp_to_py,copy,std,xcdr,shmem_ds,100000,10,0,measured,155,2026-09-09T14:35:04.590383Z,157698252557704,157698251952961,157698252557704,1788964504589778433,1788964504590026382,ok,
std_copy_xcdr__cpp_to_py__100000B__10Hz__shmem_ds__best_effort,receive,sub,cpp_to_py,copy,std,xcdr,shmem_ds,100000,10,0,measured,156,2026-09-09T14:35:04.690077Z,157698352268392,157698351989756,157698352268392,1788964504689799038,1788964504689932309,ok,
std_copy_xcdr__cpp_to_py__100000B__10Hz__shmem_ds__best_effort,receive,sub,cpp_to_py,copy,std,xcdr,shmem_ds,100000,10,0,measured,157,2026-09-09T14:35:04.790210Z,157698452384539,157698451792550,157698452384539,1788964504789617932,1788964504789862074,ok,
std_copy_xcdr__cpp_to_py__100000B__10Hz__shmem_ds__best_effort,receive,sub,cpp_to_py,copy,std,xcdr,shmem_ds,100000,10,0,measured,158,2026-09-09T14:35:04.890693Z,157698552870393,157698552370658,157698552870393,1788964504890188927,1788964504890391941,ok,
std_copy_xcdr__cpp_to_py__100000B__10Hz__shmem_ds__best_effort,receive,sub,cpp_to_py,copy,std,xcdr,shmem_ds,100000,10,0,measured,159,2026-09-09T14:35:04.990150Z,157698652326351,157698651749501,157698652326351,1788964504989572709,1788964504989796712,ok,
std_copy_xcdr__cpp_to_py__100000B__10Hz__shmem_ds__best_effort,receive,sub,cpp_to_py,copy,std,xcdr,shmem_ds,100000,10,0,measured,160,2026-09-09T14:35:05.089541Z,157698751733578,157698751443500,157698751733578,1788964505089250688,1788964505089384771,ok,
std_copy_xcdr__cpp_to_py__100000B__10Hz__shmem_ds__best_effort,receive,sub,cpp_to_py,copy,std,xcdr,shmem_ds,100000,10,0,measured,161,2026-09-09T14:35:05.189669Z,157698851860585,157698851548906,157698851860585,1788964505189354631,1788964505189501990,ok,
std_copy_xcdr__cpp_to_py__100000B__10Hz__shmem_ds__best_effort,receive,sub,cpp_to_py,copy,std,xcdr,shmem_ds,100000,10,0,measured,162,2026-09-09T14:35:05.288813Z,157698950995919,157698950714107,157698950995919,1788964505288519241,1788964505288646701,ok,
std_copy_xcdr__cpp_to_py__100000B__10Hz__shmem_ds__best_effort,receive,sub,cpp_to_py,copy,std,xcdr,shmem_ds,100000,10,0,measured,163,2026-09-09T14:35:05.388285Z,157699050475504,157699050180877,157699050475504,1788964505387987564,1788964505388123250,ok,
std_copy_xcdr__cpp_to_py__100000B__10Hz__shmem_ds__best_effort,receive,sub,cpp_to_py,copy,std,xcdr,shmem_ds,100000,10,0,measured,164,2026-09-09T14:35:05.488242Z,157699150429243,157699150045568,157699150429243,1788964505487855951,1788964505488019961,ok,
std_copy_xcdr__cpp_to_py__100000B__10Hz__shmem_ds__best_effort,receive,sub,cpp_to_py,copy,std,xcdr,shmem_ds,100000,10,0,measured,165,2026-09-09T14:35:05.588310Z,157699250487500,157699249994890,157699250487500,1788964505587820562,1788964505588017995,ok,
std_copy_xcdr__cpp_to_py__100000B__10Hz__shmem_ds__best_effort,receive,sub,cpp_to_py,copy,std,xcdr,shmem_ds,100000,10,0,measured,166,2026-09-09T14:35:05.687676Z,157699349858009,157699349427856,157699349858009,1788964505687241957,1788964505687416076,ok,
std_copy_xcdr__cpp_to_py__100000B__10Hz__shmem_ds__best_effort,receive,sub,cpp_to_py,copy,std,xcdr,shmem_ds,100000,10,0,measured,167,2026-09-09T14:35:05.787877Z,157699450061581,157699449627291,157699450061581,1788964505787439838,1788964505787621512,ok,
std_copy_xcdr__cpp_to_py__100000B__10Hz__shmem_ds__best_effort,receive,sub,cpp_to_py,copy,std,xcdr,shmem_ds,100000,10,0,measured,168,2026-09-09T14:35:05.888841Z,157699551024167,157699550608001,157699551024167,1788964505888420228,1788964505888584839,ok,
std_copy_xcdr__cpp_to_py__100000B__10Hz__shmem_ds__best_effort,receive,sub,cpp_to_py,copy,std,xcdr,shmem_ds,100000,10,0,measured,169,2026-09-09T14:35:05.989854Z,157699652028801,157699651420712,157699652028801,1788964505989245453,1788964505989485306,ok,
std_copy_xcdr__cpp_to_py__100000B__10Hz__shmem_ds__best_effort,receive,sub,cpp_to_py,copy,std,xcdr,shmem_ds,100000,10,0,measured,170,2026-09-09T14:35:06.089315Z,157699751504432,157699751170040,157699751504432,1788964506088980173,1788964506089124846,ok,
std_copy_xcdr__cpp_to_py__100000B__10Hz__shmem_ds__best_effort,receive,sub,cpp_to_py,copy,std,xcdr,shmem_ds,100000,10,0,measured,171,2026-09-09T14:35:06.189289Z,157699851477218,157699851134691,157699851477218,1788964506188945506,1788964506189095289,ok,
std_copy_xcdr__cpp_to_py__100000B__10Hz__shmem_ds__best_effort,receive,sub,cpp_to_py,copy,std,xcdr,shmem_ds,100000,10,0,measured,172,2026-09-09T14:35:06.288832Z,157699951023490,157699950716400,157699951023490,1788964506288522165,1788964506288661808,ok,
std_copy_xcdr__cpp_to_py__100000B__10Hz__shmem_ds__best_effort,receive,sub,cpp_to_py,copy,std,xcdr,shmem_ds,100000,10,0,measured,173,2026-09-09T14:35:06.388827Z,157700051017868,157700050623453,157700051017868,1788964506388431072,1788964506388616342,ok,
std_copy_xcdr__cpp_to_py__100000B__10Hz__shmem_ds__best_effort,receive,sub,cpp_to_py,copy,std,xcdr,shmem_ds,100000,10,0,measured,174,2026-09-09T14:35:06.488347Z,157700150539022,157700150244155,157700150539022,1788964506488050912,1788964506488174816,ok,
std_copy_xcdr__cpp_to_py__100000B__10Hz__shmem_ds__best_effort,receive,sub,cpp_to_py,copy,std,xcdr,shmem_ds,100000,10,0,measured,175,2026-09-09T14:35:06.588112Z,157700250291484,157700249829131,157700250291484,1788964506587643452,1788964506587831036,ok,
std_copy_xcdr__cpp_to_py__100000B__10Hz__shmem_ds__best_effort,receive,sub,cpp_to_py,copy,std,xcdr,shmem_ds,100000,10,0,measured,176,2026-09-09T14:35:06.687868Z,157700350054615,157700349726775,157700350054615,1788964506687534133,1788964506687664710,ok,
std_copy_xcdr__cpp_to_py__100000B__10Hz__shmem_ds__best_effort,receive,sub,cpp_to_py,copy,std,xcdr,shmem_ds,100000,10,0,measured,177,2026-09-09T14:35:06.788392Z,157700450567082,157700450016001,157700450567082,1788964506787838036,1788964506788062961,ok,
std_copy_xcdr__cpp_to_py__100000B__10Hz__shmem_ds__best_effort,receive,sub,cpp_to_py,copy,std,xcdr,shmem_ds,100000,10,0,measured,178,2026-09-09T14:35:06.887366Z,157700549548106,157700549136648,157700549548106,1788964506886949587,1788964506887111853,ok,
std_copy_xcdr__cpp_to_py__100000B__10Hz__shmem_ds__best_effort,receive,sub,cpp_to_py,copy,std,xcdr,shmem_ds,100000,10,0,measured,179,2026-09-09T14:35:06.987506Z,157700649681327,157700649160192,157700649681327,1788964506986981597,1788964506987183207,ok,
std_copy_xcdr__cpp_to_py__100000B__10Hz__shmem_ds__best_effort,receive,sub,cpp_to_py,copy,std,xcdr,shmem_ds,100000,10,0,measured,180,2026-09-09T14:35:07.087073Z,157700749256233,157700748859003,157700749256233,1788964507086667182,1788964507086821123,ok,
std_copy_xcdr__cpp_to_py__100000B__10Hz__shmem_ds__best_effort,receive,sub,cpp_to_py,copy,std,xcdr,shmem_ds,100000,10,0,measured,181,2026-09-09T14:35:07.187553Z,157700849738384,157700849386759,157700849738384,1788964507187196131,1788964507187331918,ok,
std_copy_xcdr__cpp_to_py__100000B__10Hz__shmem_ds__best_effort,receive,sub,cpp_to_py,copy,std,xcdr,shmem_ds,100000,10,0,measured,182,2026-09-09T14:35:07.287495Z,157700949676668,157700949244662,157700949676668,1788964507287056388,1788964507287222131,ok,
std_copy_xcdr__cpp_to_py__100000B__10Hz__shmem_ds__best_effort,receive,sub,cpp_to_py,copy,std,xcdr,shmem_ds,100000,10,0,measured,183,2026-09-09T14:35:07.386851Z,157701049035377,157701048641974,157701049035377,1788964507386452508,1788964507386597802,ok,
std_copy_xcdr__cpp_to_py__100000B__10Hz__shmem_ds__best_effort,receive,sub,cpp_to_py,copy,std,xcdr,shmem_ds,100000,10,0,measured,184,2026-09-09T14:35:07.485884Z,157701148069792,157701147647054,157701148069792,1788964507485452638,1788964507485636706,ok,
std_copy_xcdr__cpp_to_py__100000B__10Hz__shmem_ds__best_effort,receive,sub,cpp_to_py,copy,std,xcdr,shmem_ds,100000,10,0,measured,185,2026-09-09T14:35:07.586333Z,157701248506959,157701247927584,157701248506959,1788964507585751824,1788964507585986527,ok,
std_copy_xcdr__cpp_to_py__100000B__10Hz__shmem_ds__best_effort,receive,sub,cpp_to_py,copy,std,xcdr,shmem_ds,100000,10,0,measured,186,2026-09-09T14:35:07.685641Z,157701347826915,157701347463128,157701347826915,1788964507685271497,1788964507685406533,ok,
std_copy_xcdr__cpp_to_py__100000B__10Hz__shmem_ds__best_effort,receive,sub,cpp_to_py,copy,std,xcdr,shmem_ds,100000,10,0,measured,187,2026-09-09T14:35:07.784974Z,157701447161557,157701446824801,157701447161557,1788964507784630716,1788964507784752867,ok,
std_copy_xcdr__cpp_to_py__100000B__10Hz__shmem_ds__best_effort,receive,sub,cpp_to_py,copy,std,xcdr,shmem_ds,100000,10,0,measured,188,2026-09-09T14:35:07.885831Z,157701548015591,157701547632156,157701548015591,1788964507885443352,1788964507885592173,ok,
std_copy_xcdr__cpp_to_py__100000B__10Hz__shmem_ds__best_effort,receive,sub,cpp_to_py,copy,std,xcdr,shmem_ds,100000,10,0,measured,189,2026-09-09T14:35:07.986358Z,157701648543929,157701648215890,157701648543929,1788964507986026574,1788964507986151510,ok,
std_copy_xcdr__cpp_to_py__100000B__10Hz__shmem_ds__best_effort,receive,sub,cpp_to_py,copy,std,xcdr,shmem_ds,100000,10,0,measured,190,2026-09-09T14:35:08.086189Z,157701748374671,157701748030841,157701748374671,1788964508085838800,1788964508085966081,ok,
std_copy_xcdr__cpp_to_py__100000B__10Hz__shmem_ds__best_effort,receive,sub,cpp_to_py,copy,std,xcdr,shmem_ds,100000,10,0,measured,191,2026-09-09T14:35:08.185364Z,157701847552339,157701847235831,157701847552339,1788964508185042027,1788964508185165510,ok,
std_copy_xcdr__cpp_to_py__100000B__10Hz__shmem_ds__best_effort,receive,sub,cpp_to_py,copy,std,xcdr,shmem_ds,100000,10,0,measured,192,2026-09-09T14:35:08.285714Z,157701947903003,157701947584592,157701947903003,1788964508285389896,1788964508285512167,ok,
std_copy_xcdr__cpp_to_py__100000B__10Hz__shmem_ds__best_effort,receive,sub,cpp_to_py,copy,std,xcdr,shmem_ds,100000,10,0,measured,193,2026-09-09T14:35:08.386682Z,157702048869862,157702048513358,157702048869862,1788964508386322149,1788964508386466792,ok,
std_copy_xcdr__cpp_to_py__100000B__10Hz__shmem_ds__best_effort,receive,sub,cpp_to_py,copy,std,xcdr,shmem_ds,100000,10,0,measured,194,2026-09-09T14:35:08.486144Z,157702148333720,157702148013665,157702148333720,1788964508485819360,1788964508485950087,ok,
std_copy_xcdr__cpp_to_py__100000B__10Hz__shmem_ds__best_effort,receive,sub,cpp_to_py,copy,std,xcdr,shmem_ds,100000,10,0,measured,195,2026-09-09T14:35:08.585484Z,157702247664538,157702247208687,157702247664538,1788964508585022878,1788964508585204561,ok,
std_copy_xcdr__cpp_to_py__100000B__10Hz__shmem_ds__best_effort,receive,sub,cpp_to_py,copy,std,xcdr,shmem_ds,100000,10,0,measured,196,2026-09-09T14:35:08.685623Z,157702347809062,157702347466775,157702347809062,1788964508685274875,1788964508685405692,ok,
std_copy_xcdr__cpp_to_py__100000B__10Hz__shmem_ds__best_effort,receive,sub,cpp_to_py,copy,std,xcdr,shmem_ds,100000,10,0,measured,197,2026-09-09T14:35:08.786021Z,157702448196756,157702447625006,157702448196756,1788964508785447041,1788964508785675493,ok,
std_copy_xcdr__cpp_to_py__100000B__10Hz__shmem_ds__best_effort,receive,sub,cpp_to_py,copy,std,xcdr,shmem_ds,100000,10,0,measured,198,2026-09-09T14:35:08.885406Z,157702547580874,157702546978346,157702547580874,1788964508884811472,1788964508885050995,ok,
std_copy_xcdr__cpp_to_py__100000B__10Hz__shmem_ds__best_effort,receive,sub,cpp_to_py,copy,std,xcdr,shmem_ds,100000,10,0,measured,199,2026-09-09T14:35:08.986040Z,157702648223831,157702647752961,157702648223831,1788964508985569987,1788964508985778411,ok,
std_copy_xcdr__cpp_to_py__100000B__10Hz__shmem_ds__best_effort,receive,sub,cpp_to_py,copy,std,xcdr,shmem_ds,100000,10,0,measured,200,2026-09-09T14:35:09.085827Z,157702747998979,157702747640030,157702747998979,1788964509085448821,1788964509085575100,ok,
std_copy_xcdr__cpp_to_py__100000B__10Hz__shmem_ds__best_effort,receive,sub,cpp_to_py,copy,std,xcdr,shmem_ds,100000,10,0,measured,201,2026-09-09T14:35:09.185020Z,157702847204470,157702846843418,157702847204470,1788964509184648612,1788964509184768809,ok,
std_copy_xcdr__cpp_to_py__100000B__10Hz__shmem_ds__best_effort,receive,sub,cpp_to_py,copy,std,xcdr,shmem_ds,100000,10,0,measured,202,2026-09-09T14:35:09.284306Z,157702946492979,157702946170860,157702946492979,1788964509283978008,1788964509284100159,ok,
std_copy_xcdr__cpp_to_py__100000B__10Hz__shmem_ds__best_effort,receive,sub,cpp_to_py,copy,std,xcdr,shmem_ds,100000,10,0,measured,203,2026-09-09T14:35:09.385152Z,157703047338750,157703046995862,157703047338750,1788964509384810373,1788964509384955648,ok,
std_copy_xcdr__cpp_to_py__100000B__10Hz__shmem_ds__best_effort,receive,sub,cpp_to_py,copy,std,xcdr,shmem_ds,100000,10,0,measured,204,2026-09-09T14:35:09.485041Z,157703147230148,157703146905023,157703147230148,1788964509484712231,1788964509484848378,ok,
std_copy_xcdr__cpp_to_py__100000B__10Hz__shmem_ds__best_effort,receive,sub,cpp_to_py,copy,std,xcdr,shmem_ds,100000,10,0,measured,205,2026-09-09T14:35:09.585839Z,157703248018159,157703247540627,157703248018159,1788964509585356732,1788964509585543344,ok,
std_copy_xcdr__cpp_to_py__100000B__10Hz__shmem_ds__best_effort,receive,sub,cpp_to_py,copy,std,xcdr,shmem_ds,100000,10,0,measured,206,2026-09-09T14:35:09.685494Z,157703347682238,157703347371981,157703347682238,1788964509685179490,1788964509685297963,ok,
std_copy_xcdr__cpp_to_py__100000B__10Hz__shmem_ds__best_effort,receive,sub,cpp_to_py,copy,std,xcdr,shmem_ds,100000,10,0,measured,207,2026-09-09T14:35:09.785362Z,157703447550933,157703447230287,157703447550933,1788964509785036903,1788964509785165466,ok,
std_copy_xcdr__cpp_to_py__100000B__10Hz__shmem_ds__best_effort,receive,sub,cpp_to_py,copy,std,xcdr,shmem_ds,100000,10,0,measured,208,2026-09-09T14:35:09.885232Z,157703547408336,157703546882894,157703547408336,1788964509884701112,1788964509884920687,ok,
std_copy_xcdr__cpp_to_py__100000B__10Hz__shmem_ds__best_effort,receive,sub,cpp_to_py,copy,std,xcdr,shmem_ds,100000,10,0,measured,209,2026-09-09T14:35:09.984301Z,157703646485976,157703646085690,157703646485976,1788964509983897817,1788964509984052589,ok,
std_copy_xcdr__cpp_to_py__100000B__10Hz__shmem_ds__best_effort,receive,sub,cpp_to_py,copy,std,xcdr,shmem_ds,100000,10,0,measured,210,2026-09-09T14:35:10.083684Z,157703745869015,157703745471504,157703745869015,1788964510083282789,1788964510083433244,ok,
std_copy_xcdr__cpp_to_py__100000B__10Hz__shmem_ds__best_effort,receive,sub,cpp_to_py,copy,std,xcdr,shmem_ds,100000,10,0,measured,211,2026-09-09T14:35:10.183089Z,157703845276911,157703844951606,157703845276911,1788964510182757531,1788964510182891214,ok,
std_copy_xcdr__cpp_to_py__100000B__10Hz__shmem_ds__best_effort,receive,sub,cpp_to_py,copy,std,xcdr,shmem_ds,100000,10,0,measured,212,2026-09-09T14:35:10.283856Z,157703946043623,157703945710043,157703946043623,1788964510283516148,1788964510283644541,ok,
std_copy_xcdr__cpp_to_py__100000B__10Hz__shmem_ds__best_effort,receive,sub,cpp_to_py,copy,std,xcdr,shmem_ds,100000,10,0,measured,213,2026-09-09T14:35:10.383716Z,157704045905066,157704045599498,157704045905066,1788964510383405894,1788964510383525240,ok,
std_copy_xcdr__cpp_to_py__100000B__10Hz__shmem_ds__best_effort,receive,sub,cpp_to_py,copy,std,xcdr,shmem_ds,100000,10,0,measured,214,2026-09-09T14:35:10.483113Z,157704145302962,157704145014207,157704145302962,1788964510482819381,1788964510482941141,ok,
std_copy_xcdr__cpp_to_py__100000B__10Hz__shmem_ds__best_effort,receive,sub,cpp_to_py,copy,std,xcdr,shmem_ds,100000,10,0,measured,215,2026-09-09T14:35:10.582708Z,157704244882663,157704244348644,157704244882663,1788964510582170629,1788964510582378582,ok,
std_copy_xcdr__cpp_to_py__100000B__10Hz__shmem_ds__best_effort,receive,sub,cpp_to_py,copy,std,xcdr,shmem_ds,100000,10,0,measured,216,2026-09-09T14:35:10.681912Z,157704344095300,157704343687339,157704344095300,1788964510681498093,1788964510681647576,ok,
std_copy_xcdr__cpp_to_py__100000B__10Hz__shmem_ds__best_effort,receive,sub,cpp_to_py,copy,std,xcdr,shmem_ds,100000,10,0,measured,217,2026-09-09T14:35:10.781372Z,157704443548781,157704443012088,157704443548781,1788964510780832470,1788964510781046044,ok,
std_copy_xcdr__cpp_to_py__100000B__10Hz__shmem_ds__best_effort,receive,sub,cpp_to_py,copy,std,xcdr,shmem_ds,100000,10,0,measured,218,2026-09-09T14:35:10.880570Z,157704542750007,157704542252927,157704542750007,1788964510880071456,1788964510880268499,ok,
std_copy_xcdr__cpp_to_py__100000B__10Hz__shmem_ds__best_effort,receive,sub,cpp_to_py,copy,std,xcdr,shmem_ds,100000,10,0,measured,219,2026-09-09T14:35:10.980060Z,157704642234748,157704641683947,157704642234748,1788964510979505883,1788964510979713224,ok,
std_copy_xcdr__cpp_to_py__100000B__10Hz__shmem_ds__best_effort,receive,sub,cpp_to_py,copy,std,xcdr,shmem_ds,100000,10,0,measured,220,2026-09-09T14:35:11.080853Z,157704743033602,157704742579644,157704743033602,1788964511080392332,1788964511080563396,ok,
std_copy_xcdr__cpp_to_py__100000B__10Hz__shmem_ds__best_effort,receive,sub,cpp_to_py,copy,std,xcdr,shmem_ds,100000,10,0,measured,221,2026-09-09T14:35:11.180595Z,157704842781171,157704842428154,157704842781171,1788964511180236273,1788964511180362201,ok,
std_copy_xcdr__cpp_to_py__100000B__10Hz__shmem_ds__best_effort,receive,sub,cpp_to_py,copy,std,xcdr,shmem_ds,100000,10,0,measured,222,2026-09-09T14:35:11.280374Z,157704942562423,157704942215918,157704942562423,1788964511280022034,1788964511280149715,ok,
std_copy_xcdr__cpp_to_py__100000B__10Hz__shmem_ds__best_effort,receive,sub,cpp_to_py,copy,std,xcdr,shmem_ds,100000,10,0,measured,223,2026-09-09T14:35:11.379603Z,157705041791122,157705041483631,157705041791122,1788964511379289135,1788964511379412618,ok,
std_copy_xcdr__cpp_to_py__100000B__10Hz__shmem_ds__best_effort,receive,sub,cpp_to_py,copy,std,xcdr,shmem_ds,100000,10,0,measured,224,2026-09-09T14:35:11.478853Z,157705141044086,157705140742386,157705141044086,1788964511478548141,1788964511478664040,ok,
std_copy_xcdr__cpp_to_py__100000B__10Hz__shmem_ds__best_effort,receive,sub,cpp_to_py,copy,std,xcdr,shmem_ds,100000,10,0,measured,225,2026-09-09T14:35:11.578790Z,157705240971165,157705240546102,157705240971165,1788964511578361765,1788964511578534061,ok,
std_copy_xcdr__cpp_to_py__100000B__10Hz__shmem_ds__best_effort,receive,sub,cpp_to_py,copy,std,xcdr,shmem_ds,100000,10,0,measured,226,2026-09-09T14:35:11.678273Z,157705340455145,157705339938459,157705340455145,1788964511677747700,1788964511678016027,ok,
std_copy_xcdr__cpp_to_py__100000B__10Hz__shmem_ds__best_effort,receive,sub,cpp_to_py,copy,std,xcdr,shmem_ds,100000,10,0,measured,227,2026-09-09T14:35:11.777443Z,157705439627908,157705439263359,157705439627908,1788964511777073111,1788964511777211653,ok,
std_copy_xcdr__cpp_to_py__100000B__10Hz__shmem_ds__best_effort,receive,sub,cpp_to_py,copy,std,xcdr,shmem_ds,100000,10,0,measured,228,2026-09-09T14:35:11.877312Z,157705539486997,157705538941006,157705539486997,1788964511876763703,1788964511876989439,ok,
std_copy_xcdr__cpp_to_py__100000B__10Hz__shmem_ds__best_effort,receive,sub,cpp_to_py,copy,std,xcdr,shmem_ds,100000,10,0,measured,229,2026-09-09T14:35:11.978160Z,157705640335877,157705639633891,157705640335877,1788964511977455596,1788964511977796630,ok,
std_copy_xcdr__cpp_to_py__100000B__10Hz__shmem_ds__best_effort,receive,sub,cpp_to_py,copy,std,xcdr,shmem_ds,100000,10,0,measured,230,2026-09-09T14:35:12.078296Z,157705740470638,157705739933794,157705740470638,1788964512077756501,1788964512077966698,ok,
std_copy_xcdr__cpp_to_py__100000B__10Hz__shmem_ds__best_effort,receive,sub,cpp_to_py,copy,std,xcdr,shmem_ds,100000,10,0,measured,231,2026-09-09T14:35:12.177696Z,157705839883557,157705839578791,157705839883557,1788964512177385327,1788964512177496908,ok,
std_copy_xcdr__cpp_to_py__100000B__10Hz__shmem_ds__best_effort,receive,sub,cpp_to_py,copy,std,xcdr,shmem_ds,100000,10,0,measured,232,2026-09-09T14:35:12.278588Z,157705940771902,157705940430677,157705940771902,1788964512278237124,1788964512278357952,ok,
std_copy_xcdr__cpp_to_py__100000B__10Hz__shmem_ds__best_effort,receive,sub,cpp_to_py,copy,std,xcdr,shmem_ds,100000,10,0,measured,233,2026-09-09T14:35:12.378316Z,157706040504324,157706040207644,157706040504324,1788964512378013128,1788964512378123416,ok,
std_copy_xcdr__cpp_to_py__100000B__10Hz__shmem_ds__best_effort,receive,sub,cpp_to_py,copy,std,xcdr,shmem_ds,100000,10,0,measured,234,2026-09-09T14:35:12.478488Z,157706140677567,157706140387088,157706140677567,1788964512478192242,1788964512478309975,ok,
std_copy_xcdr__cpp_to_py__100000B__10Hz__shmem_ds__best_effort,receive,sub,cpp_to_py,copy,std,xcdr,shmem_ds,100000,10,0,measured,235,2026-09-09T14:35:12.578643Z,157706240823591,157706240407134,157706240823591,1788964512578221425,1788964512578391777,ok,
std_copy_xcdr__cpp_to_py__100000B__10Hz__shmem_ds__best_effort,receive,sub,cpp_to_py,copy,std,xcdr,shmem_ds,100000,10,0,measured,236,2026-09-09T14:35:12.678399Z,157706340585418,157706340249142,157706340585418,1788964512678057021,1788964512678187267,ok,
std_copy_xcdr__cpp_to_py__100000B__10Hz__shmem_ds__best_effort,receive,sub,cpp_to_py,copy,std,xcdr,shmem_ds,100000,10,0,measured,237,2026-09-09T14:35:12.778922Z,157706441097102,157706440518459,157706441097102,1788964512778342638,1788964512778571060,ok,
std_copy_xcdr__cpp_to_py__100000B__10Hz__shmem_ds__best_effort,receive,sub,cpp_to_py,copy,std,xcdr,shmem_ds,100000,10,0,measured,238,2026-09-09T14:35:12.879724Z,157706541899926,157706541386135,157706541899926,1788964512879204905,1788964512879412697,ok,
std_copy_xcdr__cpp_to_py__100000B__10Hz__shmem_ds__best_effort,receive,sub,cpp_to_py,copy,std,xcdr,shmem_ds,100000,10,0,measured,239,2026-09-09T14:35:12.979031Z,157706641209149,157706640744110,157706641209149,1788964512978559383,1788964512978730396,ok,
std_copy_xcdr__cpp_to_py__100000B__10Hz__shmem_ds__best_effort,receive,sub,cpp_to_py,copy,std,xcdr,shmem_ds,100000,10,0,measured,240,2026-09-09T14:35:13.078891Z,157706741073279,157706740592941,157706741073279,1788964513078402213,1788964513078609434,ok,
std_copy_xcdr__cpp_to_py__100000B__10Hz__shmem_ds__best_effort,receive,sub,cpp_to_py,copy,std,xcdr,shmem_ds,100000,10,0,measured,241,2026-09-09T14:35:13.179380Z,157706841567000,157706841243619,157706841567000,1788964513179048733,1788964513179169871,ok,
std_copy_xcdr__cpp_to_py__100000B__10Hz__shmem_ds__best_effort,receive,sub,cpp_to_py,copy,std,xcdr,shmem_ds,100000,10,0,measured,242,2026-09-09T14:35:13.279636Z,157706941824906,157706941532744,157706941824906,1788964513279338208,1788964513279449819,ok,
std_copy_xcdr__cpp_to_py__100000B__10Hz__shmem_ds__best_effort,receive,sub,cpp_to_py,copy,std,xcdr,shmem_ds,100000,10,0,measured,243,2026-09-09T14:35:13.378745Z,157707040936195,157707040693367,157707040936195,1788964513378498711,1788964513378597838,ok,
std_copy_xcdr__cpp_to_py__100000B__10Hz__shmem_ds__best_effort,receive,sub,cpp_to_py,copy,std,xcdr,shmem_ds,100000,10,0,measured,244,2026-09-09T14:35:13.479347Z,157707141537210,157707141244317,157707141537210,1788964513479049601,1788964513479170880,ok,
std_copy_xcdr__cpp_to_py__100000B__10Hz__shmem_ds__best_effort,receive,sub,cpp_to_py,copy,std,xcdr,shmem_ds,100000,10,0,measured,245,2026-09-09T14:35:13.579733Z,157707241916415,157707241518584,157707241916415,1788964513579331522,1788964513579487517,ok,
std_copy_xcdr__cpp_to_py__100000B__10Hz__shmem_ds__best_effort,receive,sub,cpp_to_py,copy,std,xcdr,shmem_ds,100000,10,0,measured,246,2026-09-09T14:35:13.680465Z,157707342652064,157707342328122,157707342652064,1788964513680136582,1788964513680262119,ok,
std_copy_xcdr__cpp_to_py__100000B__10Hz__shmem_ds__best_effort,receive,sub,cpp_to_py,copy,std,xcdr,shmem_ds,100000,10,0,measured,247,2026-09-09T14:35:13.779895Z,157707442084340,157707441792368,157707442084340,1788964513779598213,1788964513779707490,ok,
std_copy_xcdr__cpp_to_py__100000B__10Hz__shmem_ds__best_effort,receive,sub,cpp_to_py,copy,std,xcdr,shmem_ds,100000,10,0,measured,248,2026-09-09T14:35:13.880702Z,157707542887044,157707542526553,157707542887044,1788964513880337097,1788964513880478795,ok,
std_copy_xcdr__cpp_to_py__100000B__10Hz__shmem_ds__best_effort,receive,sub,cpp_to_py,copy,std,xcdr,shmem_ds,100000,10,0,measured,249,2026-09-09T14:35:13.980100Z,157707642289444,157707641961454,157707642289444,1788964513979771577,1788964513979915689,ok,
std_copy_xcdr__cpp_to_py__100000B__10Hz__shmem_ds__best_effort,receive,sub,cpp_to_py,copy,std,xcdr,shmem_ds,100000,10,0,measured,250,2026-09-09T14:35:14.079957Z,157707742142596,157707741780061,157707742142596,1788964514079589693,1788964514079718346,ok,
std_copy_xcdr__cpp_to_py__100000B__10Hz__shmem_ds__best_effort,receive,sub,cpp_to_py,copy,std,xcdr,shmem_ds,100000,10,0,measured,251,2026-09-09T14:35:14.179745Z,157707841933170,157707841609779,157707841933170,1788964514179416155,1788964514179530642,ok,
std_copy_xcdr__cpp_to_py__100000B__10Hz__shmem_ds__best_effort,receive,sub,cpp_to_py,copy,std,xcdr,shmem_ds,100000,10,0,measured,252,2026-09-09T14:35:14.280024Z,157707942213520,157707941872456,157707942213520,1788964514279678291,1788964514279800291,ok,
std_copy_xcdr__cpp_to_py__100000B__10Hz__shmem_ds__best_effort,receive,sub,cpp_to_py,copy,std,xcdr,shmem_ds,100000,10,0,measured,253,2026-09-09T14:35:14.380907Z,157708043088563,157708042714116,157708043088563,1788964514380524990,1788964514380668642,ok,
std_copy_xcdr__cpp_to_py__100000B__10Hz__shmem_ds__best_effort,receive,sub,cpp_to_py,copy,std,xcdr,shmem_ds,100000,10,0,measured,254,2026-09-09T14:35:14.481288Z,157708143475844,157708143164055,157708143475844,1788964514480970731,1788964514481094856,ok,
std_copy_xcdr__cpp_to_py__100000B__10Hz__shmem_ds__best_effort,receive,sub,cpp_to_py,copy,std,xcdr,shmem_ds,100000,10,0,measured,255,2026-09-09T14:35:14.581058Z,157708243236432,157708242738532,157708243236432,1788964514580558864,1788964514580749815,ok,
std_copy_xcdr__cpp_to_py__100000B__10Hz__shmem_ds__best_effort,receive,sub,cpp_to_py,copy,std,xcdr,shmem_ds,100000,10,0,measured,256,2026-09-09T14:35:14.680397Z,157708342579101,157708342101458,157708342579101,1788964514679919386,1788964514680099226,ok,
std_copy_xcdr__cpp_to_py__100000B__10Hz__shmem_ds__best_effort,receive,sub,cpp_to_py,copy,std,xcdr,shmem_ds,100000,10,0,measured,257,2026-09-09T14:35:14.779938Z,157708442114743,157708441597626,157708442114743,1788964514779415864,1788964514779615471,ok,
std_copy_xcdr__cpp_to_py__100000B__10Hz__shmem_ds__best_effort,receive,sub,cpp_to_py,copy,std,xcdr,shmem_ds,100000,10,0,measured,258,2026-09-09T14:35:14.879592Z,157708541771154,157708541315092,157708541771154,1788964514879129092,1788964514879303472,ok,
std_copy_xcdr__cpp_to_py__100000B__10Hz__shmem_ds__best_effort,receive,sub,cpp_to_py,copy,std,xcdr,shmem_ds,100000,10,0,measured,259,2026-09-09T14:35:14.978813Z,157708640977143,157708640437724,157708640977143,1788964514978259219,1788964514978477782,ok,
std_copy_xcdr__cpp_to_py__100000B__10Hz__shmem_ds__best_effort,receive,sub,cpp_to_py,copy,std,xcdr,shmem_ds,100000,10,0,measured,260,2026-09-09T14:35:15.077948Z,157708740131577,157708739744816,157708740131577,1788964515077555430,1788964515077692569,ok,
std_copy_xcdr__cpp_to_py__100000B__10Hz__shmem_ds__best_effort,receive,sub,cpp_to_py,copy,std,xcdr,shmem_ds,100000,10,0,measured,261,2026-09-09T14:35:15.177000Z,157708839184238,157708838830039,157708839184238,1788964515176638148,1788964515176767022,ok,
std_copy_xcdr__cpp_to_py__100000B__10Hz__shmem_ds__best_effort,receive,sub,cpp_to_py,copy,std,xcdr,shmem_ds,100000,10,0,measured,262,2026-09-09T14:35:15.276020Z,157708938205611,157708937862322,157708938205611,1788964515275668448,1788964515275790458,ok,
std_copy_xcdr__cpp_to_py__100000B__10Hz__shmem_ds__best_effort,receive,sub,cpp_to_py,copy,std,xcdr,shmem_ds,100000,10,0,measured,263,2026-09-09T14:35:15.376183Z,157709038359612,157709037773675,157709038359612,1788964515375598506,1788964515375836195,ok,
std_copy_xcdr__cpp_to_py__100000B__10Hz__shmem_ds__best_effort,receive,sub,cpp_to_py,copy,std,xcdr,shmem_ds,100000,10,0,measured,264,2026-09-09T14:35:15.475387Z,157709137574610,157709137238185,157709137574610,1788964515475046434,1788964515475169667,ok,
std_copy_xcdr__cpp_to_py__100000B__10Hz__shmem_ds__best_effort,receive,sub,cpp_to_py,copy,std,xcdr,shmem_ds,100000,10,0,measured,265,2026-09-09T14:35:15.574645Z,157709236821579,157709236299142,157709236821579,1788964515574117260,1788964515574318501,ok,
std_copy_xcdr__cpp_to_py__100000B__10Hz__shmem_ds__best_effort,receive,sub,cpp_to_py,copy,std,xcdr,shmem_ds,100000,10,0,measured,266,2026-09-09T14:35:15.674165Z,157709336350681,157709336008094,157709336350681,1788964515673816093,1788964515673932763,ok,
std_copy_xcdr__cpp_to_py__100000B__10Hz__shmem_ds__best_effort,receive,sub,cpp_to_py,copy,std,xcdr,shmem_ds,100000,10,0,measured,267,2026-09-09T14:35:15.774286Z,157709436470729,157709436106841,157709436470729,1788964515773915091,1788964515774045447,ok,
std_copy_xcdr__cpp_to_py__100000B__10Hz__shmem_ds__best_effort,receive,sub,cpp_to_py,copy,std,xcdr,shmem_ds,100000,10,0,measured,268,2026-09-09T14:35:15.873647Z,157709535829618,157709535455200,157709535829618,1788964515873266305,1788964515873409576,ok,
std_copy_xcdr__cpp_to_py__100000B__10Hz__shmem_ds__best_effort,receive,sub,cpp_to_py,copy,std,xcdr,shmem_ds,100000,10,0,measured,269,2026-09-09T14:35:15.974120Z,157709636299757,157709635838556,157709636299757,1788964515973654440,1788964515973837245,ok,
std_copy_xcdr__cpp_to_py__100000B__10Hz__shmem_ds__best_effort,receive,sub,cpp_to_py,copy,std,xcdr,shmem_ds,100000,10,0,measured,270,2026-09-09T14:35:16.074596Z,157709736780007,157709736411982,157709736780007,1788964516074222576,1788964516074357391,ok,
std_copy_xcdr__cpp_to_py__100000B__10Hz__shmem_ds__best_effort,receive,sub,cpp_to_py,copy,std,xcdr,shmem_ds,100000,10,0,measured,271,2026-09-09T14:35:16.174592Z,157709836778757,157709836434716,157709836778757,1788964516174242455,1788964516174372270,ok,
std_copy_xcdr__cpp_to_py__100000B__10Hz__shmem_ds__best_effort,receive,sub,cpp_to_py,copy,std,xcdr,shmem_ds,100000,10,0,measured,272,2026-09-09T14:35:16.273728Z,157709935914227,157709935584734,157709935914227,1788964516273391391,1788964516273516968,ok,
std_copy_xcdr__cpp_to_py__100000B__10Hz__shmem_ds__best_effort,receive,sub,cpp_to_py,copy,std,xcdr,shmem_ds,100000,10,0,measured,273,2026-09-09T14:35:16.373052Z,157710035238262,157710034706557,157710035238262,1788964516372523103,1788964516372721858,ok,
std_copy_xcdr__cpp_to_py__100000B__10Hz__shmem_ds__best_effort,receive,sub,cpp_to_py,copy,std,xcdr,shmem_ds,100000,10,0,measured,274,2026-09-09T14:35:16.473054Z,157710135238515,157710134871721,157710135238515,1788964516472678689,1788964516472817832,ok,
std_copy_xcdr__cpp_to_py__100000B__10Hz__shmem_ds__best_effort,receive,sub,cpp_to_py,copy,std,xcdr,shmem_ds,100000,10,0,measured,275,2026-09-09T14:35:16.574157Z,157710236336521,157710235826578,157710236336521,1788964516573646440,1788964516573837360,ok,
std_copy_xcdr__cpp_to_py__100000B__10Hz__shmem_ds__best_effort,receive,sub,cpp_to_py,copy,std,xcdr,shmem_ds,100000,10,0,measured,276,2026-09-09T14:35:16.674042Z,157710336229102,157710335883178,157710336229102,1788964516673690426,1788964516673818899,ok,
std_copy_xcdr__cpp_to_py__100000B__10Hz__shmem_ds__best_effort,receive,sub,cpp_to_py,copy,std,xcdr,shmem_ds,100000,10,0,measured,277,2026-09-09T14:35:16.773648Z,157710435822546,157710435230237,157710435822546,1788964516773054516,1788964516773291164,ok,
std_copy_xcdr__cpp_to_py__100000B__10Hz__shmem_ds__best_effort,receive,sub,cpp_to_py,copy,std,xcdr,shmem_ds,100000,10,0,measured,278,2026-09-09T14:35:16.873931Z,157710536113959,157710535700558,157710536113959,1788964516873515520,1788964516873673468,ok,
std_copy_xcdr__cpp_to_py__100000B__10Hz__shmem_ds__best_effort,receive,sub,cpp_to_py,copy,std,xcdr,shmem_ds,100000,10,0,measured,279,2026-09-09T14:35:16.973270Z,157710635447732,157710634912350,157710635447732,1788964516972732422,1788964516972941577,ok,
std_copy_xcdr__cpp_to_py__100000B__10Hz__shmem_ds__best_effort,receive,sub,cpp_to_py,copy,std,xcdr,shmem_ds,100000,10,0,measured,280,2026-09-09T14:35:17.073196Z,157710735378034,157710734965865,157710735378034,1788964517072774967,1788964517072916434,ok,
std_copy_xcdr__cpp_to_py__100000B__10Hz__shmem_ds__best_effort,receive,sub,cpp_to_py,copy,std,xcdr,shmem_ds,100000,10,0,measured,281,2026-09-09T14:35:17.173870Z,157710836054576,157710835696109,157710836054576,1788964517173502395,1788964517173622812,ok,
std_copy_xcdr__cpp_to_py__100000B__10Hz__shmem_ds__best_effort,receive,sub,cpp_to_py,copy,std,xcdr,shmem_ds,100000,10,0,measured,282,2026-09-09T14:35:17.274650Z,157710936838992,157710936534787,157710936838992,1788964517274340582,1788964517274449778,ok,
std_copy_xcdr__cpp_to_py__100000B__10Hz__shmem_ds__best_effort,receive,sub,cpp_to_py,copy,std,xcdr,shmem_ds,100000,10,0,measured,283,2026-09-09T14:35:17.373970Z,157711036157057,157711035836882,157711036157057,1788964517373642507,1788964517373757835,ok,
std_copy_xcdr__cpp_to_py__100000B__10Hz__shmem_ds__best_effort,receive,sub,cpp_to_py,copy,std,xcdr,shmem_ds,100000,10,0,measured,284,2026-09-09T14:35:17.474493Z,157711136682565,157711136395763,157711136682565,1788964517474201387,1788964517474309492,ok,
std_copy_xcdr__cpp_to_py__100000B__10Hz__shmem_ds__best_effort,receive,sub,cpp_to_py,copy,std,xcdr,shmem_ds,100000,10,0,measured,285,2026-09-09T14:35:17.575650Z,157711237825989,157711237287822,157711237825989,1788964517575108806,1788964517575323241,ok,
std_copy_xcdr__cpp_to_py__100000B__10Hz__shmem_ds__best_effort,receive,sub,cpp_to_py,copy,std,xcdr,shmem_ds,100000,10,0,measured,286,2026-09-09T14:35:17.675509Z,157711337694774,157711337360312,157711337694774,1788964517675166949,1788964517675283649,ok,
std_copy_xcdr__cpp_to_py__100000B__10Hz__shmem_ds__best_effort,receive,sub,cpp_to_py,copy,std,xcdr,shmem_ds,100000,10,0,measured,287,2026-09-09T14:35:17.775933Z,157711438121425,157711437795549,157711438121425,1788964517775601966,1788964517775716372,ok,
std_copy_xcdr__cpp_to_py__100000B__10Hz__shmem_ds__best_effort,receive,sub,cpp_to_py,copy,std,xcdr,shmem_ds,100000,10,0,measured,288,2026-09-09T14:35:17.875284Z,157711537467222,157711537099608,157711537467222,1788964517874912095,1788964517875057049,ok,
std_copy_xcdr__cpp_to_py__100000B__10Hz__shmem_ds__best_effort,receive,sub,cpp_to_py,copy,std,xcdr,shmem_ds,100000,10,0,measured,289,2026-09-09T14:35:17.976289Z,157711638472647,157711638062562,157711638472647,1788964517975876783,1788964517976030724,ok,
std_copy_xcdr__cpp_to_py__100000B__10Hz__shmem_ds__best_effort,receive,sub,cpp_to_py,copy,std,xcdr,shmem_ds,100000,10,0,measured,290,2026-09-09T14:35:18.075420Z,157711737606214,157711737273736,157711737606214,1788964518075081805,1788964518075199117,ok,
std_copy_xcdr__cpp_to_py__100000B__10Hz__shmem_ds__best_effort,receive,sub,cpp_to_py,copy,std,xcdr,shmem_ds,100000,10,0,measured,291,2026-09-09T14:35:18.174729Z,157711836915883,157711836573567,157711836915883,1788964518174380794,1788964518174503817,ok,
std_copy_xcdr__cpp_to_py__100000B__10Hz__shmem_ds__best_effort,receive,sub,cpp_to_py,copy,std,xcdr,shmem_ds,100000,10,0,measured,292,2026-09-09T14:35:18.275400Z,157711937586667,157711937231216,157711937586667,1788964518275037311,1788964518275190611,ok,
std_copy_xcdr__cpp_to_py__100000B__10Hz__shmem_ds__best_effort,receive,sub,cpp_to_py,copy,std,xcdr,shmem_ds,100000,10,0,measured,293,2026-09-09T14:35:18.375243Z,157712037433913,157712037153233,157712037433913,1788964518374960140,1788964518375070318,ok,
std_copy_xcdr__cpp_to_py__100000B__10Hz__shmem_ds__best_effort,receive,sub,cpp_to_py,copy,std,xcdr,shmem_ds,100000,10,0,measured,294,2026-09-09T14:35:18.475680Z,157712137869602,157712137559035,157712137869602,1788964518475364810,1788964518475492581,ok,
std_copy_xcdr__cpp_to_py__100000B__10Hz__shmem_ds__best_effort,receive,sub,cpp_to_py,copy,std,xcdr,shmem_ds,100000,10,0,measured,295,2026-09-09T14:35:18.576816Z,157712238982521,157712238505630,157712238982521,1788964518576324620,1788964518576512084,ok,
std_copy_xcdr__cpp_to_py__100000B__10Hz__shmem_ds__best_effort,receive,sub,cpp_to_py,copy,std,xcdr,shmem_ds,100000,10,0,measured,296,2026-09-09T14:35:18.676595Z,157712338782999,157712338427758,157712338782999,1788964518676235967,1788964518676385890,ok,
std_copy_xcdr__cpp_to_py__100000B__10Hz__shmem_ds__best_effort,receive,sub,cpp_to_py,copy,std,xcdr,shmem_ds,100000,10,0,measured,297,2026-09-09T14:35:18.775862Z,157712438039619,157712437496693,157712438039619,1788964518775318659,1788964518775528586,ok,
std_copy_xcdr__cpp_to_py__100000B__10Hz__shmem_ds__best_effort,receive,sub,cpp_to_py,copy,std,xcdr,shmem_ds,100000,10,0,measured,298,2026-09-09T14:35:18.876646Z,157712538827103,157712538400527,157712538827103,1788964518876213105,1788964518876376674,ok,
std_copy_xcdr__cpp_to_py__100000B__10Hz__shmem_ds__best_effort,receive,sub,cpp_to_py,copy,std,xcdr,shmem_ds,100000,10,0,measured,299,2026-09-09T14:35:18.977062Z,157712639241131,157712638728652,157712639241131,1788964518976544917,1788964518976756076,ok,
std_copy_xcdr__cpp_to_py__100000B__10Hz__shmem_ds__best_effort,receive,sub,cpp_to_py,copy,std,xcdr,shmem_ds,100000,10,0,measured,300,2026-09-09T14:35:19.076845Z,157712739027672,157712738635792,157712739027672,1788964519076445684,1788964519076579397,ok,
std_copy_xcdr__cpp_to_py__1000000B__10Hz__shmem_ds__best_effort,publish,pub,cpp_to_py,copy,std,xcdr,shmem_ds,1000000,10,1,measured,0,2026-09-09T14:35:23.882188Z,157717542646237,157717542646237,-1,-1,-1,ok,
std_copy_xcdr__cpp_to_py__1000000B__10Hz__shmem_ds__best_effort,publish,pub,cpp_to_py,copy,std,xcdr,shmem_ds,1000000,10,1,measured,1,2026-09-09T14:35:23.981596Z,157717643219252,157717643219252,-1,-1,-1,ok,
std_copy_xcdr__cpp_to_py__1000000B__10Hz__shmem_ds__best_effort,publish,pub,cpp_to_py,copy,std,xcdr,shmem_ds,1000000,10,1,measured,2,2026-09-09T14:35:24.081686Z,157717743495457,157717743495457,-1,-1,-1,ok,
std_copy_xcdr__cpp_to_py__1000000B__10Hz__shmem_ds__best_effort,publish,pub,cpp_to_py,copy,std,xcdr,shmem_ds,1000000,10,1,measured,3,2026-09-09T14:35:24.182554Z,157717843999843,157717843999843,-1,-1,-1,ok,
std_copy_xcdr__cpp_to_py__1000000B__10Hz__shmem_ds__best_effort,publish,pub,cpp_to_py,copy,std,xcdr,shmem_ds,1000000,10,1,measured,4,2026-09-09T14:35:24.281950Z,157717943277672,157717943277672,-1,-1,-1,ok,
std_copy_xcdr__cpp_to_py__1000000B__10Hz__shmem_ds__best_effort,publish,pub,cpp_to_py,copy,std,xcdr,shmem_ds,1000000,10,1,measured,5,2026-09-09T14:35:24.382227Z,157718044079973,157718044079973,-1,-1,-1,ok,
std_copy_xcdr__cpp_to_py__1000000B__10Hz__shmem_ds__best_effort,publish,pub,cpp_to_py,copy,std,xcdr,shmem_ds,1000000,10,1,measured,6,2026-09-09T14:35:24.481435Z,157718143268292,157718143268292,-1,-1,-1,ok,
std_copy_xcdr__cpp_to_py__1000000B__10Hz__shmem_ds__best_effort,publish,pub,cpp_to_py,copy,std,xcdr,shmem_ds,1000000,10,1,measured,7,2026-09-09T14:35:24.581992Z,157718243421004,157718243421004,-1,-1,-1,ok,
std_copy_xcdr__cpp_to_py__1000000B__10Hz__shmem_ds__best_effort,publish,pub,cpp_to_py,copy,std,xcdr,shmem_ds,1000000,10,1,measured,8,2026-09-09T14:35:24.681620Z,157718343165434,157718343165434,-1,-1,-1,ok,
std_copy_xcdr__cpp_to_py__1000000B__10Hz__shmem_ds__best_effort,publish,pub,cpp_to_py,copy,std,xcdr,shmem_ds,1000000,10,1,measured,9,2026-09-09T14:35:24.781276Z,157718442715416,157718442715416,-1,-1,-1,ok,
std_copy_xcdr__cpp_to_py__1000000B__10Hz__shmem_ds__best_effort,publish,pub,cpp_to_py,copy,std,xcdr,shmem_ds,1000000,10,1,measured,10,2026-09-09T14:35:24.881095Z,157718542499942,157718542499942,-1,-1,-1,ok,
std_copy_xcdr__cpp_to_py__1000000B__10Hz__shmem_ds__best_effort,publish,pub,cpp_to_py,copy,std,xcdr,shmem_ds,1000000,10,1,measured,11,2026-09-09T14:35:24.980058Z,157718641523641,157718641523641,-1,-1,-1,ok,
std_copy_xcdr__cpp_to_py__1000000B__10Hz__shmem_ds__best_effort,publish,pub,cpp_to_py,copy,std,xcdr,shmem_ds,1000000,10,1,measured,12,2026-09-09T14:35:25.079930Z,157718741567057,157718741567057,-1,-1,-1,ok,
std_copy_xcdr__cpp_to_py__1000000B__10Hz__shmem_ds__best_effort,publish,pub,cpp_to_py,copy,std,xcdr,shmem_ds,1000000,10,1,measured,13,2026-09-09T14:35:25.180295Z,157718841933905,157718841933905,-1,-1,-1,ok,
std_copy_xcdr__cpp_to_py__1000000B__10Hz__shmem_ds__best_effort,publish,pub,cpp_to_py,copy,std,xcdr,shmem_ds,1000000,10,1,measured,14,2026-09-09T14:35:25.280430Z,157718942208158,157718942208158,-1,-1,-1,ok,
std_copy_xcdr__cpp_to_py__1000000B__10Hz__shmem_ds__best_effort,publish,pub,cpp_to_py,copy,std,xcdr,shmem_ds,1000000,10,1,measured,15,2026-09-09T14:35:25.380996Z,157719042860997,157719042860997,-1,-1,-1,ok,
std_copy_xcdr__cpp_to_py__1000000B__10Hz__shmem_ds__best_effort,publish,pub,cpp_to_py,copy,std,xcdr,shmem_ds,1000000,10,1,measured,16,2026-09-09T14:35:25.481921Z,157719143750142,157719143750142,-1,-1,-1,ok,
std_copy_xcdr__cpp_to_py__1000000B__10Hz__shmem_ds__best_effort,publish,pub,cpp_to_py,copy,std,xcdr,shmem_ds,1000000,10,1,measured,17,2026-09-09T14:35:25.582493Z,157719244258818,157719244258818,-1,-1,-1,ok,
std_copy_xcdr__cpp_to_py__1000000B__10Hz__shmem_ds__best_effort,publish,pub,cpp_to_py,copy,std,xcdr,shmem_ds,1000000,10,1,measured,18,2026-09-09T14:35:25.682644Z,157719344159566,157719344159566,-1,-1,-1,ok,
std_copy_xcdr__cpp_to_py__1000000B__10Hz__shmem_ds__best_effort,publish,pub,cpp_to_py,copy,std,xcdr,shmem_ds,1000000,10,1,measured,19,2026-09-09T14:35:25.781471Z,157719443251084,157719443251084,-1,-1,-1,ok,
std_copy_xcdr__cpp_to_py__1000000B__10Hz__shmem_ds__best_effort,publish,pub,cpp_to_py,copy,std,xcdr,shmem_ds,1000000,10,1,measured,20,2026-09-09T14:35:25.880902Z,157719542385072,157719542385072,-1,-1,-1,ok,
std_copy_xcdr__cpp_to_py__1000000B__10Hz__shmem_ds__best_effort,publish,pub,cpp_to_py,copy,std,xcdr,shmem_ds,1000000,10,1,measured,21,2026-09-09T14:35:25.981308Z,157719642878269,157719642878269,-1,-1,-1,ok,
std_copy_xcdr__cpp_to_py__1000000B__10Hz__shmem_ds__best_effort,publish,pub,cpp_to_py,copy,std,xcdr,shmem_ds,1000000,10,1,measured,22,2026-09-09T14:35:26.080378Z,157719742176709,157719742176709,-1,-1,-1,ok,
std_copy_xcdr__cpp_to_py__1000000B__10Hz__shmem_ds__best_effort,publish,pub,cpp_to_py,copy,std,xcdr,shmem_ds,1000000,10,1,measured,23,2026-09-09T14:35:26.180286Z,157719842023647,157719842023647,-1,-1,-1,ok,
std_copy_xcdr__cpp_to_py__1000000B__10Hz__shmem_ds__best_effort,publish,pub,cpp_to_py,copy,std,xcdr,shmem_ds,1000000,10,1,measured,24,2026-09-09T14:35:26.279638Z,157719941228239,157719941228239,-1,-1,-1,ok,
std_copy_xcdr__cpp_to_py__1000000B__10Hz__shmem_ds__best_effort,publish,pub,cpp_to_py,copy,std,xcdr,shmem_ds,1000000,10,1,measured,25,2026-09-09T14:35:26.378763Z,157720040517622,157720040517622,-1,-1,-1,ok,
std_copy_xcdr__cpp_to_py__1000000B__10Hz__shmem_ds__best_effort,publish,pub,cpp_to_py,copy,std,xcdr,shmem_ds,1000000,10,1,measured,26,2026-09-09T14:35:26.477910Z,157720139702919,157720139702919,-1,-1,-1,ok,
std_copy_xcdr__cpp_to_py__1000000B__10Hz__shmem_ds__best_effort,publish,pub,cpp_to_py,copy,std,xcdr,shmem_ds,1000000,10,1,measured,27,2026-09-09T14:35:26.578274Z,157720239763208,157720239763208,-1,-1,-1,ok,
std_copy_xcdr__cpp_to_py__1000000B__10Hz__shmem_ds__best_effort,publish,pub,cpp_to_py,copy,std,xcdr,shmem_ds,1000000,10,1,measured,28,2026-09-09T14:35:26.678065Z,157720339656773,157720339656773,-1,-1,-1,ok,
std_copy_xcdr__cpp_to_py__1000000B__10Hz__shmem_ds__best_effort,publish,pub,cpp_to_py,copy,std,xcdr,shmem_ds,1000000,10,1,measured,29,2026-09-09T14:35:26.778748Z,157720440212248,157720440212248,-1,-1,-1,ok,
std_copy_xcdr__cpp_to_py__1000000B__10Hz__shmem_ds__best_effort,publish,pub,cpp_to_py,copy,std,xcdr,shmem_ds,1000000,10,1,measured,30,2026-09-09T14:35:26.877987Z,157720539450075,157720539450075,-1,-1,-1,ok,
std_copy_xcdr__cpp_to_py__1000000B__10Hz__shmem_ds__best_effort,publish,pub,cpp_to_py,copy,std,xcdr,shmem_ds,1000000,10,1,measured,31,2026-09-09T14:35:26.978457Z,157720639945106,157720639945106,-1,-1,-1,ok,
std_copy_xcdr__cpp_to_py__1000000B__10Hz__shmem_ds__best_effort,publish,pub,cpp_to_py,copy,std,xcdr,shmem_ds,1000000,10,1,measured,32,2026-09-09T14:35:27.077757Z,157720739586084,157720739586084,-1,-1,-1,ok,
std_copy_xcdr__cpp_to_py__1000000B__10Hz__shmem_ds__best_effort,publish,pub,cpp_to_py,copy,std,xcdr,shmem_ds,1000000,10,1,measured,33,2026-09-09T14:35:27.178505Z,157720840087358,157720840087358,-1,-1,-1,ok,
std_copy_xcdr__cpp_to_py__1000000B__10Hz__shmem_ds__best_effort,publish,pub,cpp_to_py,copy,std,xcdr,shmem_ds,1000000,10,1,measured,34,2026-09-09T14:35:27.279102Z,157720940698289,157720940698289,-1,-1,-1,ok,
std_copy_xcdr__cpp_to_py__1000000B__10Hz__shmem_ds__best_effort,publish,pub,cpp_to_py,copy,std,xcdr,shmem_ds,1000000,10,1,measured,35,2026-09-09T14:35:27.378359Z,157721039789881,157721039789881,-1,-1,-1,ok,
std_copy_xcdr__cpp_to_py__1000000B__10Hz__shmem_ds__best_effort,publish,pub,cpp_to_py,copy,std,xcdr,shmem_ds,1000000,10,1,measured,36,2026-09-09T14:35:27.478765Z,157721140634815,157721140634815,-1,-1,-1,ok,
std_copy_xcdr__cpp_to_py__1000000B__10Hz__shmem_ds__best_effort,publish,pub,cpp_to_py,copy,std,xcdr,shmem_ds,1000000,10,1,measured,37,2026-09-09T14:35:27.579651Z,157721241124747,157721241124747,-1,-1,-1,ok,
std_copy_xcdr__cpp_to_py__1000000B__10Hz__shmem_ds__best_effort,publish,pub,cpp_to_py,copy,std,xcdr,shmem_ds,1000000,10,1,measured,38,2026-09-09T14:35:27.679287Z,157721340957078,157721340957078,-1,-1,-1,ok,
std_copy_xcdr__cpp_to_py__1000000B__10Hz__shmem_ds__best_effort,publish,pub,cpp_to_py,copy,std,xcdr,shmem_ds,1000000,10,1,measured,39,2026-09-09T14:35:27.779201Z,157721440556748,157721440556748,-1,-1,-1,ok,
std_copy_xcdr__cpp_to_py__1000000B__10Hz__shmem_ds__best_effort,publish,pub,cpp_to_py,copy,std,xcdr,shmem_ds,1000000,10,1,measured,40,2026-09-09T14:35:27.878098Z,157721539591673,157721539591673,-1,-1,-1,ok,
std_copy_xcdr__cpp_to_py__1000000B__10Hz__shmem_ds__best_effort,publish,pub,cpp_to_py,copy,std,xcdr,shmem_ds,1000000,10,1,measured,41,2026-09-09T14:35:27.978518Z,157721639994472,157721639994472,-1,-1,-1,ok,
std_copy_xcdr__cpp_to_py__1000000B__10Hz__shmem_ds__best_effort,publish,pub,cpp_to_py,copy,std,xcdr,shmem_ds,1000000,10,1,measured,42,2026-09-09T14:35:28.078116Z,157721739907736,157721739907736,-1,-1,-1,ok,
std_copy_xcdr__cpp_to_py__1000000B__10Hz__shmem_ds__best_effort,publish,pub,cpp_to_py,copy,std,xcdr,shmem_ds,1000000,10,1,measured,43,2026-09-09T14:35:28.178369Z,157721839982346,157721839982346,-1,-1,-1,ok,
std_copy_xcdr__cpp_to_py__1000000B__10Hz__shmem_ds__best_effort,publish,pub,cpp_to_py,copy,std,xcdr,shmem_ds,1000000,10,1,measured,44,2026-09-09T14:35:28.278097Z,157721939961185,157721939961185,-1,-1,-1,ok,
std_copy_xcdr__cpp_to_py__1000000B__10Hz__shmem_ds__best_effort,publish,pub,cpp_to_py,copy,std,xcdr,shmem_ds,1000000,10,1,measured,45,2026-09-09T14:35:28.377531Z,157722039381237,157722039381237,-1,-1,-1,ok,
std_copy_xcdr__cpp_to_py__1000000B__10Hz__shmem_ds__best_effort,publish,pub,cpp_to_py,copy,std,xcdr,shmem_ds,1000000,10,1,measured,46,2026-09-09T14:35:28.477669Z,157722139594027,157722139594027,-1,-1,-1,ok,
std_copy_xcdr__cpp_to_py__1000000B__10Hz__shmem_ds__best_effort,publish,pub,cpp_to_py,copy,std,xcdr,shmem_ds,1000000,10,1,measured,47,2026-09-09T14:35:28.578110Z,157722239587905,157722239587905,-1,-1,-1,ok,
std_copy_xcdr__cpp_to_py__1000000B__10Hz__shmem_ds__best_effort,publish,pub,cpp_to_py,copy,std,xcdr,shmem_ds,1000000,10,1,measured,48,2026-09-09T14:35:28.677689Z,157722339355404,157722339355404,-1,-1,-1,ok,
std_copy_xcdr__cpp_to_py__1000000B__10Hz__shmem_ds__best_effort,publish,pub,cpp_to_py,copy,std,xcdr,shmem_ds,1000000,10,1,measured,49,2026-09-09T14:35:28.778291Z,157722439694544,157722439694544,-1,-1,-1,ok,
std_copy_xcdr__cpp_to_py__1000000B__10Hz__shmem_ds__best_effort,publish,pub,cpp_to_py,copy,std,xcdr,shmem_ds,1000000,10,1,measured,50,2026-09-09T14:35:28.878040Z,157722539519782,157722539519782,-1,-1,-1,ok,
std_copy_xcdr__cpp_to_py__1000000B__10Hz__shmem_ds__best_effort,publish,pub,cpp_to_py,copy,std,xcdr,shmem_ds,1000000,10,1,measured,51,2026-09-09T14:35:28.977937Z,157722639391970,157722639391970,-1,-1,-1,ok,
std_copy_xcdr__cpp_to_py__1000000B__10Hz__shmem_ds__best_effort,publish,pub,cpp_to_py,copy,std,xcdr,shmem_ds,1000000,10,1,measured,52,2026-09-09T14:35:29.076702Z,157722738570567,157722738570567,-1,-1,-1,ok,
std_copy_xcdr__cpp_to_py__1000000B__10Hz__shmem_ds__best_effort,publish,pub,cpp_to_py,copy,std,xcdr,shmem_ds,1000000,10,1,measured,53,2026-09-09T14:35:29.176131Z,157722837721483,157722837721483,-1,-1,-1,ok,
std_copy_xcdr__cpp_to_py__1000000B__10Hz__shmem_ds__best_effort,publish,pub,cpp_to_py,copy,std,xcdr,shmem_ds,1000000,10,1,measured,54,2026-09-09T14:35:29.276515Z,157722938362484,157722938362484,-1,-1,-1,ok,
std_copy_xcdr__cpp_to_py__1000000B__10Hz__shmem_ds__best_effort,publish,pub,cpp_to_py,copy,std,xcdr,shmem_ds,1000000,10,1,measured,55,2026-09-09T14:35:29.376499Z,157723038318251,157723038318251,-1,-1,-1,ok,
std_copy_xcdr__cpp_to_py__1000000B__10Hz__shmem_ds__best_effort,publish,pub,cpp_to_py,copy,std,xcdr,shmem_ds,1000000,10,1,measured,56,2026-09-09T14:35:29.476283Z,157723138203805,157723138203805,-1,-1,-1,ok,
std_copy_xcdr__cpp_to_py__1000000B__10Hz__shmem_ds__best_effort,publish,pub,cpp_to_py,copy,std,xcdr,shmem_ds,1000000,10,1,measured,57,2026-09-09T14:35:29.577716Z,157723239200768,157723239200768,-1,-1,-1,ok,
std_copy_xcdr__cpp_to_py__1000000B__10Hz__shmem_ds__best_effort,publish,pub,cpp_to_py,copy,std,xcdr,shmem_ds,1000000,10,1,measured,58,2026-09-09T14:35:29.677730Z,157723339385538,157723339385538,-1,-1,-1,ok,
std_copy_xcdr__cpp_to_py__1000000B__10Hz__shmem_ds__best_effort,publish,pub,cpp_to_py,copy,std,xcdr,shmem_ds,1000000,10,1,measured,59,2026-09-09T14:35:29.777862Z,157723439623086,157723439623086,-1,-1,-1,ok,
std_copy_xcdr__cpp_to_py__1000000B__10Hz__shmem_ds__best_effort,publish,pub,cpp_to_py,copy,std,xcdr,shmem_ds,1000000,10,1,measured,60,2026-09-09T14:35:29.878239Z,157723539780203,157723539780203,-1,-1,-1,ok,
std_copy_xcdr__cpp_to_py__1000000B__10Hz__shmem_ds__best_effort,publish,pub,cpp_to_py,copy,std,xcdr,shmem_ds,1000000,10,1,measured,61,2026-09-09T14:35:29.979013Z,157723640501987,157723640501987,-1,-1,-1,ok,
std_copy_xcdr__cpp_to_py__1000000B__10Hz__shmem_ds__best_effort,publish,pub,cpp_to_py,copy,std,xcdr,shmem_ds,1000000,10,1,measured,62,2026-09-09T14:35:30.078577Z,157723740449078,157723740449078,-1,-1,-1,ok,
std_copy_xcdr__cpp_to_py__1000000B__10Hz__shmem_ds__best_effort,publish,pub,cpp_to_py,copy,std,xcdr,shmem_ds,1000000,10,1,measured,63,2026-09-09T14:35:30.179702Z,157723841103986,157723841103986,-1,-1,-1,ok,
std_copy_xcdr__cpp_to_py__1000000B__10Hz__shmem_ds__best_effort,publish,pub,cpp_to_py,copy,std,xcdr,shmem_ds,1000000,10,1,measured,64,2026-09-09T14:35:30.279368Z,157723941082227,157723941082227,-1,-1,-1,ok,
std_copy_xcdr__cpp_to_py__1000000B__10Hz__shmem_ds__best_effort,publish,pub,cpp_to_py,copy,std,xcdr,shmem_ds,1000000,10,1,measured,65,2026-09-09T14:35:30.379286Z,157724040971910,157724040971910,-1,-1,-1,ok,
std_copy_xcdr__cpp_to_py__1000000B__10Hz__shmem_ds__best_effort,publish,pub,cpp_to_py,copy,std,xcdr,shmem_ds,1000000,10,1,measured,66,2026-09-09T14:35:30.478683Z,157724140590891,157724140590891,-1,-1,-1,ok,
std_copy_xcdr__cpp_to_py__1000000B__10Hz__shmem_ds__best_effort,publish,pub,cpp_to_py,copy,std,xcdr,shmem_ds,1000000,10,1,measured,67,2026-09-09T14:35:30.578418Z,157724240190656,157724240190656,-1,-1,-1,ok,
std_copy_xcdr__cpp_to_py__1000000B__10Hz__shmem_ds__best_effort,publish,pub,cpp_to_py,copy,std,xcdr,shmem_ds,1000000,10,1,measured,68,2026-09-09T14:35:30.678647Z,157724340232878,157724340232878,-1,-1,-1,ok,
std_copy_xcdr__cpp_to_py__1000000B__10Hz__shmem_ds__best_effort,publish,pub,cpp_to_py,copy,std,xcdr,shmem_ds,1000000,10,1,measured,69,2026-09-09T14:35:30.778603Z,157724439969301,157724439969301,-1,-1,-1,ok,
std_copy_xcdr__cpp_to_py__1000000B__10Hz__shmem_ds__best_effort,publish,pub,cpp_to_py,copy,std,xcdr,shmem_ds,1000000,10,1,measured,70,2026-09-09T14:35:30.879073Z,157724540490116,157724540490116,-1,-1,-1,ok,
std_copy_xcdr__cpp_to_py__1000000B__10Hz__shmem_ds__best_effort,publish,pub,cpp_to_py,copy,std,xcdr,shmem_ds,1000000,10,1,measured,71,2026-09-09T14:35:30.978635Z,157724640102695,157724640102695,-1,-1,-1,ok,
std_copy_xcdr__cpp_to_py__1000000B__10Hz__shmem_ds__best_effort,publish,pub,cpp_to_py,copy,std,xcdr,shmem_ds,1000000,10,1,measured,72,2026-09-09T14:35:31.078716Z,157724740470292,157724740470292,-1,-1,-1,ok,
std_copy_xcdr__cpp_to_py__1000000B__10Hz__shmem_ds__best_effort,publish,pub,cpp_to_py,copy,std,xcdr,shmem_ds,1000000,10,1,measured,73,2026-09-09T14:35:31.179354Z,157724840932990,157724840932990,-1,-1,-1,ok,
std_copy_xcdr__cpp_to_py__1000000B__10Hz__shmem_ds__best_effort,publish,pub,cpp_to_py,copy,std,xcdr,shmem_ds,1000000,10,1,measured,74,2026-09-09T14:35:31.279549Z,157724941232198,157724941232198,-1,-1,-1,ok,
std_copy_xcdr__cpp_to_py__1000000B__10Hz__shmem_ds__best_effort,publish,pub,cpp_to_py,copy,std,xcdr,shmem_ds,1000000,10,1,measured,75,2026-09-09T14:35:31.380206Z,157725041866359,157725041866359,-1,-1,-1,ok,
std_copy_xcdr__cpp_to_py__1000000B__10Hz__shmem_ds__best_effort,publish,pub,cpp_to_py,copy,std,xcdr,shmem_ds,1000000,10,1,measured,76,2026-09-09T14:35:31.480550Z,157725142435687,157725142435687,-1,-1,-1,ok,
std_copy_xcdr__cpp_to_py__1000000B__10Hz__shmem_ds__best_effort,publish,pub,cpp_to_py,copy,std,xcdr,shmem_ds,1000000,10,1,measured,77,2026-09-09T14:35:31.581332Z,157725242748190,157725242748190,-1,-1,-1,ok,
std_copy_xcdr__cpp_to_py__1000000B__10Hz__shmem_ds__best_effort,publish,pub,cpp_to_py,copy,std,xcdr,shmem_ds,1000000,10,1,measured,78,2026-09-09T14:35:31.681617Z,157725343327047,157725343327047,-1,-1,-1,ok,
std_copy_xcdr__cpp_to_py__1000000B__10Hz__shmem_ds__best_effort,publish,pub,cpp_to_py,copy,std,xcdr,shmem_ds,1000000,10,1,measured,79,2026-09-09T14:35:31.781462Z,157725443133444,157725443133444,-1,-1,-1,ok,
std_copy_xcdr__cpp_to_py__1000000B__10Hz__shmem_ds__best_effort,publish,pub,cpp_to_py,copy,std,xcdr,shmem_ds,1000000,10,1,measured,80,2026-09-09T14:35:31.882533Z,157725544010534,157725544010534,-1,-1,-1,ok,
std_copy_xcdr__cpp_to_py__1000000B__10Hz__shmem_ds__best_effort,publish,pub,cpp_to_py,copy,std,xcdr,shmem_ds,1000000,10,1,measured,81,2026-09-09T14:35:31.982244Z,157725643708466,157725643708466,-1,-1,-1,ok,
std_copy_xcdr__cpp_to_py__1000000B__10Hz__shmem_ds__best_effort,publish,pub,cpp_to_py,copy,std,xcdr,shmem_ds,1000000,10,1,measured,82,2026-09-09T14:35:32.081461Z,157725743302242,157725743302242,-1,-1,-1,ok,
std_copy_xcdr__cpp_to_py__1000000B__10Hz__shmem_ds__best_effort,publish,pub,cpp_to_py,copy,std,xcdr,shmem_ds,1000000,10,1,measured,83,2026-09-09T14:35:32.182415Z,157725843781251,157725843781251,-1,-1,-1,ok,
std_copy_xcdr__cpp_to_py__1000000B__10Hz__shmem_ds__best_effort,publish,pub,cpp_to_py,copy,std,xcdr,shmem_ds,1000000,10,1,measured,84,2026-09-09T14:35:32.282202Z,157725943963200,157725943963200,-1,-1,-1,ok,
std_copy_xcdr__cpp_to_py__1000000B__10Hz__shmem_ds__best_effort,publish,pub,cpp_to_py,copy,std,xcdr,shmem_ds,1000000,10,1,measured,85,2026-09-09T14:35:32.382213Z,157726043672735,157726043672735,-1,-1,-1,ok,
std_copy_xcdr__cpp_to_py__1000000B__10Hz__shmem_ds__best_effort,publish,pub,cpp_to_py,copy,std,xcdr,shmem_ds,1000000,10,1,measured,86,2026-09-09T14:35:32.481143Z,157726142951235,157726142951235,-1,-1,-1,ok,
std_copy_xcdr__cpp_to_py__1000000B__10Hz__shmem_ds__best_effort,publish,pub,cpp_to_py,copy,std,xcdr,shmem_ds,1000000,10,1,measured,87,2026-09-09T14:35:32.581642Z,157726243202314,157726243202314,-1,-1,-1,ok,
std_copy_xcdr__cpp_to_py__1000000B__10Hz__shmem_ds__best_effort,publish,pub,cpp_to_py,copy,std,xcdr,shmem_ds,1000000,10,1,measured,88,2026-09-09T14:35:32.681773Z,157726343384813,157726343384813,-1,-1,-1,ok,
std_copy_xcdr__cpp_to_py__1000000B__10Hz__shmem_ds__best_effort,publish,pub,cpp_to_py,copy,std,xcdr,shmem_ds,1000000,10,1,measured,89,2026-09-09T14:35:32.782021Z,157726443432267,157726443432267,-1,-1,-1,ok,
std_copy_xcdr__cpp_to_py__1000000B__10Hz__shmem_ds__best_effort,publish,pub,cpp_to_py,copy,std,xcdr,shmem_ds,1000000,10,1,measured,90,2026-09-09T14:35:32.882263Z,157726543654050,157726543654050,-1,-1,-1,ok,
std_copy_xcdr__cpp_to_py__1000000B__10Hz__shmem_ds__best_effort,publish,pub,cpp_to_py,copy,std,xcdr,shmem_ds,1000000,10,1,measured,91,2026-09-09T14:35:32.981311Z,157726642773930,157726642773930,-1,-1,-1,ok,
std_copy_xcdr__cpp_to_py__1000000B__10Hz__shmem_ds__best_effort,publish,pub,cpp_to_py,copy,std,xcdr,shmem_ds,1000000,10,1,measured,92,2026-09-09T14:35:33.080778Z,157726742502723,157726742502723,-1,-1,-1,ok,
std_copy_xcdr__cpp_to_py__1000000B__10Hz__shmem_ds__best_effort,publish,pub,cpp_to_py,copy,std,xcdr,shmem_ds,1000000,10,1,measured,93,2026-09-09T14:35:33.181032Z,157726842971464,157726842971464,-1,-1,-1,ok,
std_copy_xcdr__cpp_to_py__1000000B__10Hz__shmem_ds__best_effort,publish,pub,cpp_to_py,copy,std,xcdr,shmem_ds,1000000,10,1,measured,94,2026-09-09T14:35:33.281819Z,157726943198108,157726943198108,-1,-1,-1,ok,
std_copy_xcdr__cpp_to_py__1000000B__10Hz__shmem_ds__best_effort,publish,pub,cpp_to_py,copy,std,xcdr,shmem_ds,1000000,10,1,measured,95,2026-09-09T14:35:33.381127Z,157727042988125,157727042988125,-1,-1,-1,ok,
std_copy_xcdr__cpp_to_py__1000000B__10Hz__shmem_ds__best_effort,publish,pub,cpp_to_py,copy,std,xcdr,shmem_ds,1000000,10,1,measured,96,2026-09-09T14:35:33.482054Z,157727143849950,157727143849950,-1,-1,-1,ok,
std_copy_xcdr__cpp_to_py__1000000B__10Hz__shmem_ds__best_effort,publish,pub,cpp_to_py,copy,std,xcdr,shmem_ds,1000000,10,1,measured,97,2026-09-09T14:35:33.582813Z,157727244335433,157727244335433,-1,-1,-1,ok,
std_copy_xcdr__cpp_to_py__1000000B__10Hz__shmem_ds__best_effort,publish,pub,cpp_to_py,copy,std,xcdr,shmem_ds,1000000,10,1,measured,98,2026-09-09T14:35:33.682124Z,157727343795849,157727343795849,-1,-1,-1,ok,
std_copy_xcdr__cpp_to_py__1000000B__10Hz__shmem_ds__best_effort,publish,pub,cpp_to_py,copy,std,xcdr,shmem_ds,1000000,10,1,measured,99,2026-09-09T14:35:33.782188Z,157727443852170,157727443852170,-1,-1,-1,ok,
std_copy_xcdr__cpp_to_py__1000000B__10Hz__shmem_ds__best_effort,publish,pub,cpp_to_py,copy,std,xcdr,shmem_ds,1000000,10,1,measured,100,2026-09-09T14:35:33.881598Z,157727543105244,157727543105244,-1,-1,-1,ok,
std_copy_xcdr__cpp_to_py__1000000B__10Hz__shmem_ds__best_effort,publish,pub,cpp_to_py,copy,std,xcdr,shmem_ds,1000000,10,1,measured,101,2026-09-09T14:35:33.982118Z,157727643677399,157727643677399,-1,-1,-1,ok,
std_copy_xcdr__cpp_to_py__1000000B__10Hz__shmem_ds__best_effort,publish,pub,cpp_to_py,copy,std,xcdr,shmem_ds,1000000,10,1,measured,102,2026-09-09T14:35:34.081476Z,157727743146455,157727743146455,-1,-1,-1,ok,
std_copy_xcdr__cpp_to_py__1000000B__10Hz__shmem_ds__best_effort,publish,pub,cpp_to_py,copy,std,xcdr,shmem_ds,1000000,10,1,measured,103,2026-09-09T14:35:34.180395Z,157727842329357,157727842329357,-1,-1,-1,ok,
std_copy_xcdr__cpp_to_py__1000000B__10Hz__shmem_ds__best_effort,publish,pub,cpp_to_py,copy,std,xcdr,shmem_ds,1000000,10,1,measured,104,2026-09-09T14:35:34.281726Z,157727943112505,157727943112505,-1,-1,-1,ok,
std_copy_xcdr__cpp_to_py__1000000B__10Hz__shmem_ds__best_effort,publish,pub,cpp_to_py,copy,std,xcdr,shmem_ds,1000000,10,1,measured,105,2026-09-09T14:35:34.381131Z,157728043053960,157728043053960,-1,-1,-1,ok,
std_copy_xcdr__cpp_to_py__1000000B__10Hz__shmem_ds__best_effort,publish,pub,cpp_to_py,copy,std,xcdr,shmem_ds,1000000,10,1,measured,106,2026-09-09T14:35:34.480505Z,157728142282127,157728142282127,-1,-1,-1,ok,
std_copy_xcdr__cpp_to_py__1000000B__10Hz__shmem_ds__best_effort,publish,pub,cpp_to_py,copy,std,xcdr,shmem_ds,1000000,10,1,measured,107,2026-09-09T14:35:34.581112Z,157728242665619,157728242665619,-1,-1,-1,ok,
std_copy_xcdr__cpp_to_py__1000000B__10Hz__shmem_ds__best_effort,publish,pub,cpp_to_py,copy,std,xcdr,shmem_ds,1000000,10,1,measured,108,2026-09-09T14:35:34.680223Z,157728341921479,157728341921479,-1,-1,-1,ok,
std_copy_xcdr__cpp_to_py__1000000B__10Hz__shmem_ds__best_effort,publish,pub,cpp_to_py,copy,std,xcdr,shmem_ds,1000000,10,1,measured,109,2026-09-09T14:35:34.780990Z,157728442367348,157728442367348,-1,-1,-1,ok,
std_copy_xcdr__cpp_to_py__1000000B__10Hz__shmem_ds__best_effort,publish,pub,cpp_to_py,copy,std,xcdr,shmem_ds,1000000,10,1,measured,110,2026-09-09T14:35:34.881138Z,157728542574155,157728542574155,-1,-1,-1,ok,
std_copy_xcdr__cpp_to_py__1000000B__10Hz__shmem_ds__best_effort,publish,pub,cpp_to_py,copy,std,xcdr,shmem_ds,1000000,10,1,measured,111,2026-09-09T14:35:34.980775Z,157728642285967,157728642285967,-1,-1,-1,ok,
std_copy_xcdr__cpp_to_py__1000000B__10Hz__shmem_ds__best_effort,publish,pub,cpp_to_py,copy,std,xcdr,shmem_ds,1000000,10,1,measured,112,2026-09-09T14:35:35.081133Z,157728742818883,157728742818883,-1,-1,-1,ok,
std_copy_xcdr__cpp_to_py__1000000B__10Hz__shmem_ds__best_effort,publish,pub,cpp_to_py,copy,std,xcdr,shmem_ds,1000000,10,1,measured,113,2026-09-09T14:35:35.182246Z,157728843679026,157728843679026,-1,-1,-1,ok,
std_copy_xcdr__cpp_to_py__1000000B__10Hz__shmem_ds__best_effort,publish,pub,cpp_to_py,copy,std,xcdr,shmem_ds,1000000,10,1,measured,114,2026-09-09T14:35:35.283160Z,157728944669475,157728944669475,-1,-1,-1,ok,
std_copy_xcdr__cpp_to_py__1000000B__10Hz__shmem_ds__best_effort,publish,pub,cpp_to_py,copy,std,xcdr,shmem_ds,1000000,10,1,measured,115,2026-09-09T14:35:35.382616Z,157729044451442,157729044451442,-1,-1,-1,ok,
std_copy_xcdr__cpp_to_py__1000000B__10Hz__shmem_ds__best_effort,publish,pub,cpp_to_py,copy,std,xcdr,shmem_ds,1000000,10,1,measured,116,2026-09-09T14:35:35.482354Z,157729144192009,157729144192009,-1,-1,-1,ok,
std_copy_xcdr__cpp_to_py__1000000B__10Hz__shmem_ds__best_effort,publish,pub,cpp_to_py,copy,std,xcdr,shmem_ds,1000000,10,1,measured,117,2026-09-09T14:35:35.583355Z,157729244864678,157729244864678,-1,-1,-1,ok,
std_copy_xcdr__cpp_to_py__1000000B__10Hz__shmem_ds__best_effort,publish,pub,cpp_to_py,copy,std,xcdr,shmem_ds,1000000,10,1,measured,118,2026-09-09T14:35:35.683700Z,157729345388987,157729345388987,-1,-1,-1,ok,
std_copy_xcdr__cpp_to_py__1000000B__10Hz__shmem_ds__best_effort,publish,pub,cpp_to_py,copy,std,xcdr,shmem_ds,1000000,10,1,measured,119,2026-09-09T14:35:35.784003Z,157729445716334,157729445716334,-1,-1,-1,ok,
std_copy_xcdr__cpp_to_py__1000000B__10Hz__shmem_ds__best_effort,publish,pub,cpp_to_py,copy,std,xcdr,shmem_ds,1000000,10,1,measured,120,2026-09-09T14:35:35.885108Z,157729546475666,157729546475666,-1,-1,-1,ok,
std_copy_xcdr__cpp_to_py__1000000B__10Hz__shmem_ds__best_effort,publish,pub,cpp_to_py,copy,std,xcdr,shmem_ds,1000000,10,1,measured,121,2026-09-09T14:35:35.984099Z,157729645605731,157729645605731,-1,-1,-1,ok,
std_copy_xcdr__cpp_to_py__1000000B__10Hz__shmem_ds__best_effort,publish,pub,cpp_to_py,copy,std,xcdr,shmem_ds,1000000,10,1,measured,122,2026-09-09T14:35:36.083538Z,157729745250698,157729745250698,-1,-1,-1,ok,
std_copy_xcdr__cpp_to_py__1000000B__10Hz__shmem_ds__best_effort,publish,pub,cpp_to_py,copy,std,xcdr,shmem_ds,1000000,10,1,measured,123,2026-09-09T14:35:36.182983Z,157729844836685,157729844836685,-1,-1,-1,ok,
std_copy_xcdr__cpp_to_py__1000000B__10Hz__shmem_ds__best_effort,publish,pub,cpp_to_py,copy,std,xcdr,shmem_ds,1000000,10,1,measured,124,2026-09-09T14:35:36.283224Z,157729944673707,157729944673707,-1,-1,-1,ok,
std_copy_xcdr__cpp_to_py__1000000B__10Hz__shmem_ds__best_effort,publish,pub,cpp_to_py,copy,std,xcdr,shmem_ds,1000000,10,1,measured,125,2026-09-09T14:35:36.382513Z,157730043995525,157730043995525,-1,-1,-1,ok,
std_copy_xcdr__cpp_to_py__1000000B__10Hz__shmem_ds__best_effort,publish,pub,cpp_to_py,copy,std,xcdr,shmem_ds,1000000,10,1,measured,126,2026-09-09T14:35:36.482977Z,157730144699695,157730144699695,-1,-1,-1,ok,
std_copy_xcdr__cpp_to_py__1000000B__10Hz__shmem_ds__best_effort,publish,pub,cpp_to_py,copy,std,xcdr,shmem_ds,1000000,10,1,measured,127,2026-09-09T14:35:36.583155Z,157730244672753,157730244672753,-1,-1,-1,ok,
std_copy_xcdr__cpp_to_py__1000000B__10Hz__shmem_ds__best_effort,publish,pub,cpp_to_py,copy,std,xcdr,shmem_ds,1000000,10,1,measured,128,2026-09-09T14:35:36.682624Z,157730344252167,157730344252167,-1,-1,-1,ok,
std_copy_xcdr__cpp_to_py__1000000B__10Hz__shmem_ds__best_effort,publish,pub,cpp_to_py,copy,std,xcdr,shmem_ds,1000000,10,1,measured,129,2026-09-09T14:35:36.783484Z,157730444892306,157730444892306,-1,-1,-1,ok,
std_copy_xcdr__cpp_to_py__1000000B__10Hz__shmem_ds__best_effort,publish,pub,cpp_to_py,copy,std,xcdr,shmem_ds,1000000,10,1,measured,130,2026-09-09T14:35:36.883353Z,157730544752131,157730544752131,-1,-1,-1,ok,
std_copy_xcdr__cpp_to_py__1000000B__10Hz__shmem_ds__best_effort,publish,pub,cpp_to_py,copy,std,xcdr,shmem_ds,1000000,10,1,measured,131,2026-09-09T14:35:36.982403Z,157730643911201,157730643911201,-1,-1,-1,ok,
std_copy_xcdr__cpp_to_py__1000000B__10Hz__shmem_ds__best_effort,publish,pub,cpp_to_py,copy,std,xcdr,shmem_ds,1000000,10,1,measured,132,2026-09-09T14:35:37.082993Z,157730744656029,157730744656029,-1,-1,-1,ok,
std_copy_xcdr__cpp_to_py__1000000B__10Hz__shmem_ds__best_effort,publish,pub,cpp_to_py,copy,std,xcdr,shmem_ds,1000000,10,1,measured,133,2026-09-09T14:35:37.183351Z,157730845240223,157730845240223,-1,-1,-1,ok,
std_copy_xcdr__cpp_to_py__1000000B__10Hz__shmem_ds__best_effort,publish,pub,cpp_to_py,copy,std,xcdr,shmem_ds,1000000,10,1,measured,134,2026-09-09T14:35:37.284387Z,157730946047999,157730946047999,-1,-1,-1,ok,
std_copy_xcdr__cpp_to_py__1000000B__10Hz__shmem_ds__best_effort,publish,pub,cpp_to_py,copy,std,xcdr,shmem_ds,1000000,10,1,measured,135,2026-09-09T14:35:37.385007Z,157731046755718,157731046755718,-1,-1,-1,ok,
std_copy_xcdr__cpp_to_py__1000000B__10Hz__shmem_ds__best_effort,publish,pub,cpp_to_py,copy,std,xcdr,shmem_ds,1000000,10,1,measured,136,2026-09-09T14:35:37.484001Z,157731145806916,157731145806916,-1,-1,-1,ok,
std_copy_xcdr__cpp_to_py__1000000B__10Hz__shmem_ds__best_effort,publish,pub,cpp_to_py,copy,std,xcdr,shmem_ds,1000000,10,1,measured,137,2026-09-09T14:35:37.584828Z,157731246299287,157731246299287,-1,-1,-1,ok,
std_copy_xcdr__cpp_to_py__1000000B__10Hz__shmem_ds__best_effort,publish,pub,cpp_to_py,copy,std,xcdr,shmem_ds,1000000,10,1,measured,138,2026-09-09T14:35:37.683740Z,157731345441587,157731345441587,-1,-1,-1,ok,
std_copy_xcdr__cpp_to_py__1000000B__10Hz__shmem_ds__best_effort,publish,pub,cpp_to_py,copy,std,xcdr,shmem_ds,1000000,10,1,measured,139,2026-09-09T14:35:37.783105Z,157731444854698,157731444854698,-1,-1,-1,ok,
std_copy_xcdr__cpp_to_py__1000000B__10Hz__shmem_ds__best_effort,publish,pub,cpp_to_py,copy,std,xcdr,shmem_ds,1000000,10,1,measured,140,2026-09-09T14:35:37.883626Z,157731545116223,157731545116223,-1,-1,-1,ok,
std_copy_xcdr__cpp_to_py__1000000B__10Hz__shmem_ds__best_effort,publish,pub,cpp_to_py,copy,std,xcdr,shmem_ds,1000000,10,1,measured,141,2026-09-09T14:35:37.983573Z,157731645014401,157731645014401,-1,-1,-1,ok,
std_copy_xcdr__cpp_to_py__1000000B__10Hz__shmem_ds__best_effort,publish,pub,cpp_to_py,copy,std,xcdr,shmem_ds,1000000,10,1,measured,142,2026-09-09T14:35:38.082858Z,157731744664351,157731744664351,-1,-1,-1,ok,
std_copy_xcdr__cpp_to_py__1000000B__10Hz__shmem_ds__best_effort,publish,pub,cpp_to_py,copy,std,xcdr,shmem_ds,1000000,10,1,measured,143,2026-09-09T14:35:38.182653Z,157731844378663,157731844378663,-1,-1,-1,ok,
std_copy_xcdr__cpp_to_py__1000000B__10Hz__shmem_ds__best_effort,publish,pub,cpp_to_py,copy,std,xcdr,shmem_ds,1000000,10,1,measured,144,2026-09-09T14:35:38.283120Z,157731944785944,157731944785944,-1,-1,-1,ok,
std_copy_xcdr__cpp_to_py__1000000B__10Hz__shmem_ds__best_effort,publish,pub,cpp_to_py,copy,std,xcdr,shmem_ds,1000000,10,1,measured,145,2026-09-09T14:35:38.383029Z,157732044467503,157732044467503,-1,-1,-1,ok,
std_copy_xcdr__cpp_to_py__1000000B__10Hz__shmem_ds__best_effort,publish,pub,cpp_to_py,copy,std,xcdr,shmem_ds,1000000,10,1,measured,146,2026-09-09T14:35:38.483081Z,157732144946983,157732144946983,-1,-1,-1,ok,
std_copy_xcdr__cpp_to_py__1000000B__10Hz__shmem_ds__best_effort,publish,pub,cpp_to_py,copy,std,xcdr,shmem_ds,1000000,10,1,measured,147,2026-09-09T14:35:38.582767Z,157732244280074,157732244280074,-1,-1,-1,ok,
std_copy_xcdr__cpp_to_py__1000000B__10Hz__shmem_ds__best_effort,publish,pub,cpp_to_py,copy,std,xcdr,shmem_ds,1000000,10,1,measured,148,2026-09-09T14:35:38.682854Z,157732344579151,157732344579151,-1,-1,-1,ok,
std_copy_xcdr__cpp_to_py__1000000B__10Hz__shmem_ds__best_effort,publish,pub,cpp_to_py,copy,std,xcdr,shmem_ds,1000000,10,1,measured,149,2026-09-09T14:35:38.782307Z,157732443750257,157732443750257,-1,-1,-1,ok,
std_copy_xcdr__cpp_to_py__1000000B__10Hz__shmem_ds__best_effort,publish,pub,cpp_to_py,copy,std,xcdr,shmem_ds,1000000,10,1,measured,150,2026-09-09T14:35:38.882154Z,157732543549650,157732543549650,-1,-1,-1,ok,
std_copy_xcdr__cpp_to_py__1000000B__10Hz__shmem_ds__best_effort,publish,pub,cpp_to_py,copy,std,xcdr,shmem_ds,1000000,10,1,measured,151,2026-09-09T14:35:38.981762Z,157732643267548,157732643267548,-1,-1,-1,ok,
std_copy_xcdr__cpp_to_py__1000000B__10Hz__shmem_ds__best_effort,publish,pub,cpp_to_py,copy,std,xcdr,shmem_ds,1000000,10,1,measured,152,2026-09-09T14:35:39.081532Z,157732743296235,157732743296235,-1,-1,-1,ok,
std_copy_xcdr__cpp_to_py__1000000B__10Hz__shmem_ds__best_effort,publish,pub,cpp_to_py,copy,std,xcdr,shmem_ds,1000000,10,1,measured,153,2026-09-09T14:35:39.182178Z,157732843641222,157732843641222,-1,-1,-1,ok,
std_copy_xcdr__cpp_to_py__1000000B__10Hz__shmem_ds__best_effort,publish,pub,cpp_to_py,copy,std,xcdr,shmem_ds,1000000,10,1,measured,154,2026-09-09T14:35:39.282262Z,157732944078901,157732944078901,-1,-1,-1,ok,
std_copy_xcdr__cpp_to_py__1000000B__10Hz__shmem_ds__best_effort,publish,pub,cpp_to_py,copy,std,xcdr,shmem_ds,1000000,10,1,measured,155,2026-09-09T14:35:39.382662Z,157733044088945,157733044088945,-1,-1,-1,ok,
std_copy_xcdr__cpp_to_py__1000000B__10Hz__shmem_ds__best_effort,publish,pub,cpp_to_py,copy,std,xcdr,shmem_ds,1000000,10,1,measured,156,2026-09-09T14:35:39.482320Z,157733144124634,157733144124634,-1,-1,-1,ok,
std_copy_xcdr__cpp_to_py__1000000B__10Hz__shmem_ds__best_effort,publish,pub,cpp_to_py,copy,std,xcdr,shmem_ds,1000000,10,1,measured,157,2026-09-09T14:35:39.582486Z,157733243927184,157733243927184,-1,-1,-1,ok,
std_copy_xcdr__cpp_to_py__1000000B__10Hz__shmem_ds__best_effort,publish,pub,cpp_to_py,copy,std,xcdr,shmem_ds,1000000,10,1,measured,158,2026-09-09T14:35:39.682740Z,157733344506472,157733344506472,-1,-1,-1,ok,
std_copy_xcdr__cpp_to_py__1000000B__10Hz__shmem_ds__best_effort,publish,pub,cpp_to_py,copy,std,xcdr,shmem_ds,1000000,10,1,measured,159,2026-09-09T14:35:39.782855Z,157733443885944,157733443885944,-1,-1,-1,ok,
std_copy_xcdr__cpp_to_py__1000000B__10Hz__shmem_ds__best_effort,publish,pub,cpp_to_py,copy,std,xcdr,shmem_ds,1000000,10,1,measured,160,2026-09-09T14:35:39.882136Z,157733543586551,157733543586551,-1,-1,-1,ok,
std_copy_xcdr__cpp_to_py__1000000B__10Hz__shmem_ds__best_effort,publish,pub,cpp_to_py,copy,std,xcdr,shmem_ds,1000000,10,1,measured,161,2026-09-09T14:35:39.982236Z,157733643693978,157733643693978,-1,-1,-1,ok,
std_copy_xcdr__cpp_to_py__1000000B__10Hz__shmem_ds__best_effort,publish,pub,cpp_to_py,copy,std,xcdr,shmem_ds,1000000,10,1,measured,162,2026-09-09T14:35:40.081450Z,157733742858672,157733742858672,-1,-1,-1,ok,
std_copy_xcdr__cpp_to_py__1000000B__10Hz__shmem_ds__best_effort,publish,pub,cpp_to_py,copy,std,xcdr,shmem_ds,1000000,10,1,measured,163,2026-09-09T14:35:40.180672Z,157733842323125,157733842323125,-1,-1,-1,ok,
std_copy_xcdr__cpp_to_py__1000000B__10Hz__shmem_ds__best_effort,publish,pub,cpp_to_py,copy,std,xcdr,shmem_ds,1000000,10,1,measured,164,2026-09-09T14:35:40.280486Z,157733942187413,157733942187413,-1,-1,-1,ok,
std_copy_xcdr__cpp_to_py__1000000B__10Hz__shmem_ds__best_effort,publish,pub,cpp_to_py,copy,std,xcdr,shmem_ds,1000000,10,1,measured,165,2026-09-09T14:35:40.380463Z,157734042132985,157734042132985,-1,-1,-1,ok,
std_copy_xcdr__cpp_to_py__1000000B__10Hz__shmem_ds__best_effort,publish,pub,cpp_to_py,copy,std,xcdr,shmem_ds,1000000,10,1,measured,166,2026-09-09T14:35:40.479643Z,157734141568234,157734141568234,-1,-1,-1,ok,
std_copy_xcdr__cpp_to_py__1000000B__10Hz__shmem_ds__best_effort,publish,pub,cpp_to_py,copy,std,xcdr,shmem_ds,1000000,10,1,measured,167,2026-09-09T14:35:40.580285Z,157734241768877,157734241768877,-1,-1,-1,ok,
std_copy_xcdr__cpp_to_py__1000000B__10Hz__shmem_ds__best_effort,publish,pub,cpp_to_py,copy,std,xcdr,shmem_ds,1000000,10,1,measured,168,2026-09-09T14:35:40.680929Z,157734342745747,157734342745747,-1,-1,-1,ok,
std_copy_xcdr__cpp_to_py__1000000B__10Hz__shmem_ds__best_effort,publish,pub,cpp_to_py,copy,std,xcdr,shmem_ds,1000000,10,1,measured,169,2026-09-09T14:35:40.782112Z,157734443553327,157734443553327,-1,-1,-1,ok,
std_copy_xcdr__cpp_to_py__1000000B__10Hz__shmem_ds__best_effort,publish,pub,cpp_to_py,copy,std,xcdr,shmem_ds,1000000,10,1,measured,170,2026-09-09T14:35:40.881842Z,157734543308651,157734543308651,-1,-1,-1,ok,
std_copy_xcdr__cpp_to_py__1000000B__10Hz__shmem_ds__best_effort,publish,pub,cpp_to_py,copy,std,xcdr,shmem_ds,1000000,10,1,measured,171,2026-09-09T14:35:40.981782Z,157734643276784,157734643276784,-1,-1,-1,ok,
std_copy_xcdr__cpp_to_py__1000000B__10Hz__shmem_ds__best_effort,publish,pub,cpp_to_py,copy,std,xcdr,shmem_ds,1000000,10,1,measured,172,2026-09-09T14:35:41.081208Z,157734742855943,157734742855943,-1,-1,-1,ok,
std_copy_xcdr__cpp_to_py__1000000B__10Hz__shmem_ds__best_effort,publish,pub,cpp_to_py,copy,std,xcdr,shmem_ds,1000000,10,1,measured,173,2026-09-09T14:35:41.181063Z,157734842762493,157734842762493,-1,-1,-1,ok,
std_copy_xcdr__cpp_to_py__1000000B__10Hz__shmem_ds__best_effort,publish,pub,cpp_to_py,copy,std,xcdr,shmem_ds,1000000,10,1,measured,174,2026-09-09T14:35:41.280525Z,157734942381569,157734942381569,-1,-1,-1,ok,
std_copy_xcdr__cpp_to_py__1000000B__10Hz__shmem_ds__best_effort,publish,pub,cpp_to_py,copy,std,xcdr,shmem_ds,1000000,10,1,measured,175,2026-09-09T14:35:41.380375Z,157735041966500,157735041966500,-1,-1,-1,ok,
std_copy_xcdr__cpp_to_py__1000000B__10Hz__shmem_ds__best_effort,publish,pub,cpp_to_py,copy,std,xcdr,shmem_ds,1000000,10,1,measured,176,2026-09-09T14:35:41.480053Z,157735141867599,157735141867599,-1,-1,-1,ok,
std_copy_xcdr__cpp_to_py__1000000B__10Hz__shmem_ds__best_effort,publish,pub,cpp_to_py,copy,std,xcdr,shmem_ds,1000000,10,1,measured,177,2026-09-09T14:35:41.580683Z,157735242150740,157735242150740,-1,-1,-1,ok,
std_copy_xcdr__cpp_to_py__1000000B__10Hz__shmem_ds__best_effort,publish,pub,cpp_to_py,copy,std,xcdr,shmem_ds,1000000,10,1,measured,178,2026-09-09T14:35:41.679483Z,157735341274530,157735341274530,-1,-1,-1,ok,
std_copy_xcdr__cpp_to_py__1000000B__10Hz__shmem_ds__best_effort,publish,pub,cpp_to_py,copy,std,xcdr,shmem_ds,1000000,10,1,measured,179,2026-09-09T14:35:41.779649Z,157735441294903,157735441294903,-1,-1,-1,ok,
std_copy_xcdr__cpp_to_py__1000000B__10Hz__shmem_ds__best_effort,publish,pub,cpp_to_py,copy,std,xcdr,shmem_ds,1000000,10,1,measured,180,2026-09-09T14:35:41.879560Z,157735540999852,157735540999852,-1,-1,-1,ok,
std_copy_xcdr__cpp_to_py__1000000B__10Hz__shmem_ds__best_effort,publish,pub,cpp_to_py,copy,std,xcdr,shmem_ds,1000000,10,1,measured,181,2026-09-09T14:35:41.980028Z,157735641529838,157735641529838,-1,-1,-1,ok,
std_copy_xcdr__cpp_to_py__1000000B__10Hz__shmem_ds__best_effort,publish,pub,cpp_to_py,copy,std,xcdr,shmem_ds,1000000,10,1,measured,182,2026-09-09T14:35:42.079522Z,157735741385081,157735741385081,-1,-1,-1,ok,
std_copy_xcdr__cpp_to_py__1000000B__10Hz__shmem_ds__best_effort,publish,pub,cpp_to_py,copy,std,xcdr,shmem_ds,1000000,10,1,measured,183,2026-09-09T14:35:42.179332Z,157735840785185,157735840785185,-1,-1,-1,ok,
std_copy_xcdr__cpp_to_py__1000000B__10Hz__shmem_ds__best_effort,publish,pub,cpp_to_py,copy,std,xcdr,shmem_ds,1000000,10,1,measured,184,2026-09-09T14:35:42.278215Z,157735939786164,157735939786164,-1,-1,-1,ok,
std_copy_xcdr__cpp_to_py__1000000B__10Hz__shmem_ds__best_effort,publish,pub,cpp_to_py,copy,std,xcdr,shmem_ds,1000000,10,1,measured,185,2026-09-09T14:35:42.378388Z,157736040057615,157736040057615,-1,-1,-1,ok,
std_copy_xcdr__cpp_to_py__1000000B__10Hz__shmem_ds__best_effort,publish,pub,cpp_to_py,copy,std,xcdr,shmem_ds,1000000,10,1,measured,186,2026-09-09T14:35:42.477711Z,157736139600186,157736139600186,-1,-1,-1,ok,
std_copy_xcdr__cpp_to_py__1000000B__10Hz__shmem_ds__best_effort,publish,pub,cpp_to_py,copy,std,xcdr,shmem_ds,1000000,10,1,measured,187,2026-09-09T14:35:42.577484Z,157736238965624,157736238965624,-1,-1,-1,ok,
std_copy_xcdr__cpp_to_py__1000000B__10Hz__shmem_ds__best_effort,publish,pub,cpp_to_py,copy,std,xcdr,shmem_ds,1000000,10,1,measured,188,2026-09-09T14:35:42.677989Z,157736339758941,157736339758941,-1,-1,-1,ok,
std_copy_xcdr__cpp_to_py__1000000B__10Hz__shmem_ds__best_effort,publish,pub,cpp_to_py,copy,std,xcdr,shmem_ds,1000000,10,1,measured,189,2026-09-09T14:35:42.778976Z,157736440358260,157736440358260,-1,-1,-1,ok,
std_copy_xcdr__cpp_to_py__1000000B__10Hz__shmem_ds__best_effort,publish,pub,cpp_to_py,copy,std,xcdr,shmem_ds,1000000,10,1,measured,190,2026-09-09T14:35:42.878768Z,157736540174651,157736540174651,-1,-1,-1,ok,
std_copy_xcdr__cpp_to_py__1000000B__10Hz__shmem_ds__best_effort,publish,pub,cpp_to_py,copy,std,xcdr,shmem_ds,1000000,10,1,measured,191,2026-09-09T14:35:42.977953Z,157736639378142,157736639378142,-1,-1,-1,ok,
std_copy_xcdr__cpp_to_py__1000000B__10Hz__shmem_ds__best_effort,publish,pub,cpp_to_py,copy,std,xcdr,shmem_ds,1000000,10,1,measured,192,2026-09-09T14:35:43.077936Z,157736739720917,157736739720917,-1,-1,-1,ok,
std_copy_xcdr__cpp_to_py__1000000B__10Hz__shmem_ds__best_effort,publish,pub,cpp_to_py,copy,std,xcdr,shmem_ds,1000000,10,1,measured,193,2026-09-09T14:35:43.178954Z,157736840655181,157736840655181,-1,-1,-1,ok,
std_copy_xcdr__cpp_to_py__1000000B__10Hz__shmem_ds__best_effort,publish,pub,cpp_to_py,copy,std,xcdr,shmem_ds,1000000,10,1,measured,194,2026-09-09T14:35:43.278347Z,157736940191464,157736940191464,-1,-1,-1,ok,
std_copy_xcdr__cpp_to_py__1000000B__10Hz__shmem_ds__best_effort,publish,pub,cpp_to_py,copy,std,xcdr,shmem_ds,1000000,10,1,measured,195,2026-09-09T14:35:43.377447Z,157737039341936,157737039341936,-1,-1,-1,ok,
std_copy_xcdr__cpp_to_py__1000000B__10Hz__shmem_ds__best_effort,publish,pub,cpp_to_py,copy,std,xcdr,shmem_ds,1000000,10,1,measured,196,2026-09-09T14:35:43.477799Z,157737139604661,157737139604661,-1,-1,-1,ok,
std_copy_xcdr__cpp_to_py__1000000B__10Hz__shmem_ds__best_effort,publish,pub,cpp_to_py,copy,std,xcdr,shmem_ds,1000000,10,1,measured,197,2026-09-09T14:35:43.578263Z,157737239757118,157737239757118,-1,-1,-1,ok,
std_copy_xcdr__cpp_to_py__1000000B__10Hz__shmem_ds__best_effort,publish,pub,cpp_to_py,copy,std,xcdr,shmem_ds,1000000,10,1,measured,198,2026-09-09T14:35:43.677456Z,157737339111165,157737339111165,-1,-1,-1,ok,
std_copy_xcdr__cpp_to_py__1000000B__10Hz__shmem_ds__best_effort,publish,pub,cpp_to_py,copy,std,xcdr,shmem_ds,1000000,10,1,measured,199,2026-09-09T14:35:43.778404Z,157737439887931,157737439887931,-1,-1,-1,ok,
std_copy_xcdr__cpp_to_py__1000000B__10Hz__shmem_ds__best_effort,publish,pub,cpp_to_py,copy,std,xcdr,shmem_ds,1000000,10,1,measured,200,2026-09-09T14:35:43.877996Z,157737539781048,157737539781048,-1,-1,-1,ok,
std_copy_xcdr__cpp_to_py__1000000B__10Hz__shmem_ds__best_effort,publish,pub,cpp_to_py,copy,std,xcdr,shmem_ds,1000000,10,1,measured,201,2026-09-09T14:35:43.977496Z,157737638991755,157737638991755,-1,-1,-1,ok,
std_copy_xcdr__cpp_to_py__1000000B__10Hz__shmem_ds__best_effort,publish,pub,cpp_to_py,copy,std,xcdr,shmem_ds,1000000,10,1,measured,202,2026-09-09T14:35:44.076559Z,157737738312600,157737738312600,-1,-1,-1,ok,
std_copy_xcdr__cpp_to_py__1000000B__10Hz__shmem_ds__best_effort,publish,pub,cpp_to_py,copy,std,xcdr,shmem_ds,1000000,10,1,measured,203,2026-09-09T14:35:44.177675Z,157737839132419,157737839132419,-1,-1,-1,ok,
std_copy_xcdr__cpp_to_py__1000000B__10Hz__shmem_ds__best_effort,publish,pub,cpp_to_py,copy,std,xcdr,shmem_ds,1000000,10,1,measured,204,2026-09-09T14:35:44.277358Z,157737939011521,157737939011521,-1,-1,-1,ok,
std_copy_xcdr__cpp_to_py__1000000B__10Hz__shmem_ds__best_effort,publish,pub,cpp_to_py,copy,std,xcdr,shmem_ds,1000000,10,1,measured,205,2026-09-09T14:35:44.378218Z,157738039679032,157738039679032,-1,-1,-1,ok,
std_copy_xcdr__cpp_to_py__1000000B__10Hz__shmem_ds__best_effort,publish,pub,cpp_to_py,copy,std,xcdr,shmem_ds,1000000,10,1,measured,206,2026-09-09T14:35:44.477824Z,157738139512046,157738139512046,-1,-1,-1,ok,
std_copy_xcdr__cpp_to_py__1000000B__10Hz__shmem_ds__best_effort,publish,pub,cpp_to_py,copy,std,xcdr,shmem_ds,1000000,10,1,measured,207,2026-09-09T14:35:44.577737Z,157738239367192,157738239367192,-1,-1,-1,ok,
std_copy_xcdr__cpp_to_py__1000000B__10Hz__shmem_ds__best_effort,publish,pub,cpp_to_py,copy,std,xcdr,shmem_ds,1000000,10,1,measured,208,2026-09-09T14:35:44.677562Z,157738339016649,157738339016649,-1,-1,-1,ok,
std_copy_xcdr__cpp_to_py__1000000B__10Hz__shmem_ds__best_effort,publish,pub,cpp_to_py,copy,std,xcdr,shmem_ds,1000000,10,1,measured,209,2026-09-09T14:35:44.776815Z,157738438225774,157738438225774,-1,-1,-1,ok,
std_copy_xcdr__cpp_to_py__1000000B__10Hz__shmem_ds__best_effort,publish,pub,cpp_to_py,copy,std,xcdr,shmem_ds,1000000,10,1,measured,210,2026-09-09T14:35:44.876129Z,157738537616232,157738537616232,-1,-1,-1,ok,
std_copy_xcdr__cpp_to_py__1000000B__10Hz__shmem_ds__best_effort,publish,pub,cpp_to_py,copy,std,xcdr,shmem_ds,1000000,10,1,measured,211,2026-09-09T14:35:44.975594Z,157738637097632,157738637097632,-1,-1,-1,ok,
std_copy_xcdr__cpp_to_py__1000000B__10Hz__shmem_ds__best_effort,publish,pub,cpp_to_py,copy,std,xcdr,shmem_ds,1000000,10,1,measured,212,2026-09-09T14:35:45.076156Z,157738737854352,157738737854352,-1,-1,-1,ok,
std_copy_xcdr__cpp_to_py__1000000B__10Hz__shmem_ds__best_effort,publish,pub,cpp_to_py,copy,std,xcdr,shmem_ds,1000000,10,1,measured,213,2026-09-09T14:35:45.175928Z,157738837741049,157738837741049,-1,-1,-1,ok,
std_copy_xcdr__cpp_to_py__1000000B__10Hz__shmem_ds__best_effort,publish,pub,cpp_to_py,copy,std,xcdr,shmem_ds,1000000,10,1,measured,214,2026-09-09T14:35:45.275513Z,157738937157207,157738937157207,-1,-1,-1,ok,
std_copy_xcdr__cpp_to_py__1000000B__10Hz__shmem_ds__best_effort,publish,pub,cpp_to_py,copy,std,xcdr,shmem_ds,1000000,10,1,measured,215,2026-09-09T14:35:45.374977Z,157739036484084,157739036484084,-1,-1,-1,ok,
std_copy_xcdr__cpp_to_py__1000000B__10Hz__shmem_ds__best_effort,publish,pub,cpp_to_py,copy,std,xcdr,shmem_ds,1000000,10,1,measured,216,2026-09-09T14:35:45.474168Z,157739135829569,157739135829569,-1,-1,-1,ok,
std_copy_xcdr__cpp_to_py__1000000B__10Hz__shmem_ds__best_effort,publish,pub,cpp_to_py,copy,std,xcdr,shmem_ds,1000000,10,1,measured,217,2026-09-09T14:35:45.573652Z,157739235146398,157739235146398,-1,-1,-1,ok,
std_copy_xcdr__cpp_to_py__1000000B__10Hz__shmem_ds__best_effort,publish,pub,cpp_to_py,copy,std,xcdr,shmem_ds,1000000,10,1,measured,218,2026-09-09T14:35:45.672723Z,157739334390190,157739334390190,-1,-1,-1,ok,
std_copy_xcdr__cpp_to_py__1000000B__10Hz__shmem_ds__best_effort,publish,pub,cpp_to_py,copy,std,xcdr,shmem_ds,1000000,10,1,measured,219,2026-09-09T14:35:45.772134Z,157739433813652,157739433813652,-1,-1,-1,ok,
std_copy_xcdr__cpp_to_py__1000000B__10Hz__shmem_ds__best_effort,publish,pub,cpp_to_py,copy,std,xcdr,shmem_ds,1000000,10,1,measured,220,2026-09-09T14:35:45.873281Z,157739534720416,157739534720416,-1,-1,-1,ok,
std_copy_xcdr__cpp_to_py__1000000B__10Hz__shmem_ds__best_effort,publish,pub,cpp_to_py,copy,std,xcdr,shmem_ds,1000000,10,1,measured,221,2026-09-09T14:35:45.973039Z,157739634570955,157739634570955,-1,-1,-1,ok,
std_copy_xcdr__cpp_to_py__1000000B__10Hz__shmem_ds__best_effort,publish,pub,cpp_to_py,copy,std,xcdr,shmem_ds,1000000,10,1,measured,222,2026-09-09T14:35:46.072654Z,157739734357613,157739734357613,-1,-1,-1,ok,
std_copy_xcdr__cpp_to_py__1000000B__10Hz__shmem_ds__best_effort,publish,pub,cpp_to_py,copy,std,xcdr,shmem_ds,1000000,10,1,measured,223,2026-09-09T14:35:46.171881Z,157739833625772,157739833625772,-1,-1,-1,ok,
std_copy_xcdr__cpp_to_py__1000000B__10Hz__shmem_ds__best_effort,publish,pub,cpp_to_py,copy,std,xcdr,shmem_ds,1000000,10,1,measured,224,2026-09-09T14:35:46.271471Z,157739932885445,157739932885445,-1,-1,-1,ok,
std_copy_xcdr__cpp_to_py__1000000B__10Hz__shmem_ds__best_effort,publish,pub,cpp_to_py,copy,std,xcdr,shmem_ds,1000000,10,1,measured,225,2026-09-09T14:35:46.370906Z,157740032681052,157740032681052,-1,-1,-1,ok,
std_copy_xcdr__cpp_to_py__1000000B__10Hz__shmem_ds__best_effort,publish,pub,cpp_to_py,copy,std,xcdr,shmem_ds,1000000,10,1,measured,226,2026-09-09T14:35:46.470505Z,157740132083474,157740132083474,-1,-1,-1,ok,
std_copy_xcdr__cpp_to_py__1000000B__10Hz__shmem_ds__best_effort,publish,pub,cpp_to_py,copy,std,xcdr,shmem_ds,1000000,10,1,measured,227,2026-09-09T14:35:46.569933Z,157740231400856,157740231400856,-1,-1,-1,ok,
std_copy_xcdr__cpp_to_py__1000000B__10Hz__shmem_ds__best_effort,publish,pub,cpp_to_py,copy,std,xcdr,shmem_ds,1000000,10,1,measured,228,2026-09-09T14:35:46.669415Z,157740331073941,157740331073941,-1,-1,-1,ok,
std_copy_xcdr__cpp_to_py__1000000B__10Hz__shmem_ds__best_effort,publish,pub,cpp_to_py,copy,std,xcdr,shmem_ds,1000000,10,1,measured,229,2026-09-09T14:35:46.770348Z,157740431771461,157740431771461,-1,-1,-1,ok,
std_copy_xcdr__cpp_to_py__1000000B__10Hz__shmem_ds__best_effort,publish,pub,cpp_to_py,copy,std,xcdr,shmem_ds,1000000,10,1,measured,230,2026-09-09T14:35:46.870625Z,157740532069817,157740532069817,-1,-1,-1,ok,
std_copy_xcdr__cpp_to_py__1000000B__10Hz__shmem_ds__best_effort,publish,pub,cpp_to_py,copy,std,xcdr,shmem_ds,1000000,10,1,measured,231,2026-09-09T14:35:46.970259Z,157740631723174,157740631723174,-1,-1,-1,ok,
std_copy_xcdr__cpp_to_py__1000000B__10Hz__shmem_ds__best_effort,publish,pub,cpp_to_py,copy,std,xcdr,shmem_ds,1000000,10,1,measured,232,2026-09-09T14:35:47.070715Z,157740732568985,157740732568985,-1,-1,-1,ok,
std_copy_xcdr__cpp_to_py__1000000B__10Hz__shmem_ds__best_effort,publish,pub,cpp_to_py,copy,std,xcdr,shmem_ds,1000000,10,1,measured,233,2026-09-09T14:35:47.170845Z,157740832349745,157740832349745,-1,-1,-1,ok,
std_copy_xcdr__cpp_to_py__1000000B__10Hz__shmem_ds__best_effort,publish,pub,cpp_to_py,copy,std,xcdr,shmem_ds,1000000,10,1,measured,234,2026-09-09T14:35:47.270738Z,157740932527184,157740932527184,-1,-1,-1,ok,
std_copy_xcdr__cpp_to_py__1000000B__10Hz__shmem_ds__best_effort,publish,pub,cpp_to_py,copy,std,xcdr,shmem_ds,1000000,10,1,measured,235,2026-09-09T14:35:47.370895Z,157741032545502,157741032545502,-1,-1,-1,ok,
std_copy_xcdr__cpp_to_py__1000000B__10Hz__shmem_ds__best_effort,publish,pub,cpp_to_py,copy,std,xcdr,shmem_ds,1000000,10,1,measured,236,2026-09-09T14:35:47.470667Z,157741132389190,157741132389190,-1,-1,-1,ok,
std_copy_xcdr__cpp_to_py__1000000B__10Hz__shmem_ds__best_effort,publish,pub,cpp_to_py,copy,std,xcdr,shmem_ds,1000000,10,1,measured,237,2026-09-09T14:35:47.571127Z,157741232653563,157741232653563,-1,-1,-1,ok,
std_copy_xcdr__cpp_to_py__1000000B__10Hz__shmem_ds__best_effort,publish,pub,cpp_to_py,copy,std,xcdr,shmem_ds,1000000,10,1,measured,238,2026-09-09T14:35:47.671841Z,157741333523661,157741333523661,-1,-1,-1,ok,
std_copy_xcdr__cpp_to_py__1000000B__10Hz__shmem_ds__best_effort,publish,pub,cpp_to_py,copy,std,xcdr,shmem_ds,1000000,10,1,measured,239,2026-09-09T14:35:47.771030Z,157741432882863,157741432882863,-1,-1,-1,ok,
std_copy_xcdr__cpp_to_py__1000000B__10Hz__shmem_ds__best_effort,publish,pub,cpp_to_py,copy,std,xcdr,shmem_ds,1000000,10,1,measured,240,2026-09-09T14:35:47.871279Z,157741532738655,157741532738655,-1,-1,-1,ok,
std_copy_xcdr__cpp_to_py__1000000B__10Hz__shmem_ds__best_effort,publish,pub,cpp_to_py,copy,std,xcdr,shmem_ds,1000000,10,1,measured,241,2026-09-09T14:35:47.971826Z,157741633386282,157741633386282,-1,-1,-1,ok,
std_copy_xcdr__cpp_to_py__1000000B__10Hz__shmem_ds__best_effort,publish,pub,cpp_to_py,copy,std,xcdr,shmem_ds,1000000,10,1,measured,242,2026-09-09T14:35:48.071906Z,157741733672579,157741733672579,-1,-1,-1,ok,
std_copy_xcdr__cpp_to_py__1000000B__10Hz__shmem_ds__best_effort,publish,pub,cpp_to_py,copy,std,xcdr,shmem_ds,1000000,10,1,measured,243,2026-09-09T14:35:48.170947Z,157741832829310,157741832829310,-1,-1,-1,ok,
std_copy_xcdr__cpp_to_py__1000000B__10Hz__shmem_ds__best_effort,publish,pub,cpp_to_py,copy,std,xcdr,shmem_ds,1000000,10,1,measured,244,2026-09-09T14:35:48.271473Z,157741933383593,157741933383593,-1,-1,-1,ok,
std_copy_xcdr__cpp_to_py__1000000B__10Hz__shmem_ds__best_effort,publish,pub,cpp_to_py,copy,std,xcdr,shmem_ds,1000000,10,1,measured,245,2026-09-09T14:35:48.371892Z,157742033649560,157742033649560,-1,-1,-1,ok,
std_copy_xcdr__cpp_to_py__1000000B__10Hz__shmem_ds__best_effort,publish,pub,cpp_to_py,copy,std,xcdr,shmem_ds,1000000,10,1,measured,246,2026-09-09T14:35:48.472659Z,157742134469103,157742134469103,-1,-1,-1,ok,
std_copy_xcdr__cpp_to_py__1000000B__10Hz__shmem_ds__best_effort,publish,pub,cpp_to_py,copy,std,xcdr,shmem_ds,1000000,10,1,measured,247,2026-09-09T14:35:48.572381Z,157742233932033,157742233932033,-1,-1,-1,ok,
std_copy_xcdr__cpp_to_py__1000000B__10Hz__shmem_ds__best_effort,publish,pub,cpp_to_py,copy,std,xcdr,shmem_ds,1000000,10,1,measured,248,2026-09-09T14:35:48.673000Z,157742334660915,157742334660915,-1,-1,-1,ok,
std_copy_xcdr__cpp_to_py__1000000B__10Hz__shmem_ds__best_effort,publish,pub,cpp_to_py,copy,std,xcdr,shmem_ds,1000000,10,1,measured,249,2026-09-09T14:35:48.772655Z,157742434103587,157742434103587,-1,-1,-1,ok,
std_copy_xcdr__cpp_to_py__1000000B__10Hz__shmem_ds__best_effort,publish,pub,cpp_to_py,copy,std,xcdr,shmem_ds,1000000,10,1,measured,250,2026-09-09T14:35:48.872486Z,157742533922489,157742533922489,-1,-1,-1,ok,
std_copy_xcdr__cpp_to_py__1000000B__10Hz__shmem_ds__best_effort,publish,pub,cpp_to_py,copy,std,xcdr,shmem_ds,1000000,10,1,measured,251,2026-09-09T14:35:48.972268Z,157742633753815,157742633753815,-1,-1,-1,ok,
std_copy_xcdr__cpp_to_py__1000000B__10Hz__shmem_ds__best_effort,publish,pub,cpp_to_py,copy,std,xcdr,shmem_ds,1000000,10,1,measured,252,2026-09-09T14:35:49.072190Z,157742734012449,157742734012449,-1,-1,-1,ok,
std_copy_xcdr__cpp_to_py__1000000B__10Hz__shmem_ds__best_effort,publish,pub,cpp_to_py,copy,std,xcdr,shmem_ds,1000000,10,1,measured,253,2026-09-09T14:35:49.173112Z,157742834851040,157742834851040,-1,-1,-1,ok,
std_copy_xcdr__cpp_to_py__1000000B__10Hz__shmem_ds__best_effort,publish,pub,cpp_to_py,copy,std,xcdr,shmem_ds,1000000,10,1,measured,254,2026-09-09T14:35:49.273404Z,157742935298933,157742935298933,-1,-1,-1,ok,
std_copy_xcdr__cpp_to_py__1000000B__10Hz__shmem_ds__best_effort,publish,pub,cpp_to_py,copy,std,xcdr,shmem_ds,1000000,10,1,measured,255,2026-09-09T14:35:49.373200Z,157743034871972,157743034871972,-1,-1,-1,ok,
std_copy_xcdr__cpp_to_py__1000000B__10Hz__shmem_ds__best_effort,publish,pub,cpp_to_py,copy,std,xcdr,shmem_ds,1000000,10,1,measured,256,2026-09-09T14:35:49.472409Z,157743134235496,157743134235496,-1,-1,-1,ok,
std_copy_xcdr__cpp_to_py__1000000B__10Hz__shmem_ds__best_effort,publish,pub,cpp_to_py,copy,std,xcdr,shmem_ds,1000000,10,1,measured,257,2026-09-09T14:35:49.572249Z,157743233732391,157743233732391,-1,-1,-1,ok,
std_copy_xcdr__cpp_to_py__1000000B__10Hz__shmem_ds__best_effort,publish,pub,cpp_to_py,copy,std,xcdr,shmem_ds,1000000,10,1,measured,258,2026-09-09T14:35:49.671614Z,157743333449833,157743333449833,-1,-1,-1,ok,
std_copy_xcdr__cpp_to_py__1000000B__10Hz__shmem_ds__best_effort,publish,pub,cpp_to_py,copy,std,xcdr,shmem_ds,1000000,10,1,measured,259,2026-09-09T14:35:49.770743Z,157743432568553,157743432568553,-1,-1,-1,ok,
std_copy_xcdr__cpp_to_py__1000000B__10Hz__shmem_ds__best_effort,publish,pub,cpp_to_py,copy,std,xcdr,shmem_ds,1000000,10,1,measured,260,2026-09-09T14:35:49.870408Z,157743531884717,157743531884717,-1,-1,-1,ok,
std_copy_xcdr__cpp_to_py__1000000B__10Hz__shmem_ds__best_effort,publish,pub,cpp_to_py,copy,std,xcdr,shmem_ds,1000000,10,1,measured,261,2026-09-09T14:35:49.969509Z,157743630973973,157743630973973,-1,-1,-1,ok,
std_copy_xcdr__cpp_to_py__1000000B__10Hz__shmem_ds__best_effort,publish,pub,cpp_to_py,copy,std,xcdr,shmem_ds,1000000,10,1,measured,262,2026-09-09T14:35:50.068132Z,157743730009045,157743730009045,-1,-1,-1,ok,
std_copy_xcdr__cpp_to_py__1000000B__10Hz__shmem_ds__best_effort,publish,pub,cpp_to_py,copy,std,xcdr,shmem_ds,1000000,10,1,measured,263,2026-09-09T14:35:50.167996Z,157743829903332,157743829903332,-1,-1,-1,ok,
std_copy_xcdr__cpp_to_py__1000000B__10Hz__shmem_ds__best_effort,publish,pub,cpp_to_py,copy,std,xcdr,shmem_ds,1000000,10,1,measured,264,2026-09-09T14:35:50.267483Z,157743929374540,157743929374540,-1,-1,-1,ok,
std_copy_xcdr__cpp_to_py__1000000B__10Hz__shmem_ds__best_effort,publish,pub,cpp_to_py,copy,std,xcdr,shmem_ds,1000000,10,1,measured,265,2026-09-09T14:35:50.366665Z,157744028433219,157744028433219,-1,-1,-1,ok,
std_copy_xcdr__cpp_to_py__1000000B__10Hz__shmem_ds__best_effort,publish,pub,cpp_to_py,copy,std,xcdr,shmem_ds,1000000,10,1,measured,266,2026-09-09T14:35:50.466310Z,157744128146585,157744128146585,-1,-1,-1,ok,
std_copy_xcdr__cpp_to_py__1000000B__10Hz__shmem_ds__best_effort,publish,pub,cpp_to_py,copy,std,xcdr,shmem_ds,1000000,10,1,measured,267,2026-09-09T14:35:50.566748Z,157744228249276,157744228249276,-1,-1,-1,ok,
std_copy_xcdr__cpp_to_py__1000000B__10Hz__shmem_ds__best_effort,publish,pub,cpp_to_py,copy,std,xcdr,shmem_ds,1000000,10,1,measured,268,2026-09-09T14:35:50.665767Z,157744327593855,157744327593855,-1,-1,-1,ok,
std_copy_xcdr__cpp_to_py__1000000B__10Hz__shmem_ds__best_effort,publish,pub,cpp_to_py,copy,std,xcdr,shmem_ds,1000000,10,1,measured,269,2026-09-09T14:35:50.766189Z,157744427974672,157744427974672,-1,-1,-1,ok,
std_copy_xcdr__cpp_to_py__1000000B__10Hz__shmem_ds__best_effort,publish,pub,cpp_to_py,copy,std,xcdr,shmem_ds,1000000,10,1,measured,270,2026-09-09T14:35:50.867155Z,157744528558032,157744528558032,-1,-1,-1,ok,
std_copy_xcdr__cpp_to_py__1000000B__10Hz__shmem_ds__best_effort,publish,pub,cpp_to_py,copy,std,xcdr,shmem_ds,1000000,10,1,measured,271,2026-09-09T14:35:50.967094Z,157744628577637,157744628577637,-1,-1,-1,ok,
std_copy_xcdr__cpp_to_py__1000000B__10Hz__shmem_ds__best_effort,publish,pub,cpp_to_py,copy,std,xcdr,shmem_ds,1000000,10,1,measured,272,2026-09-09T14:35:51.065828Z,157744727721186,157744727721186,-1,-1,-1,ok,
std_copy_xcdr__cpp_to_py__1000000B__10Hz__shmem_ds__best_effort,publish,pub,cpp_to_py,copy,std,xcdr,shmem_ds,1000000,10,1,measured,273,2026-09-09T14:35:51.165113Z,157744826838426,157744826838426,-1,-1,-1,ok,
std_copy_xcdr__cpp_to_py__1000000B__10Hz__shmem_ds__best_effort,publish,pub,cpp_to_py,copy,std,xcdr,shmem_ds,1000000,10,1,measured,274,2026-09-09T14:35:51.265565Z,157744927014508,157744927014508,-1,-1,-1,ok,
std_copy_xcdr__cpp_to_py__1000000B__10Hz__shmem_ds__best_effort,publish,pub,cpp_to_py,copy,std,xcdr,shmem_ds,1000000,10,1,measured,275,2026-09-09T14:35:51.366168Z,157745027960885,157745027960885,-1,-1,-1,ok,
std_copy_xcdr__cpp_to_py__1000000B__10Hz__shmem_ds__best_effort,publish,pub,cpp_to_py,copy,std,xcdr,shmem_ds,1000000,10,1,measured,276,2026-09-09T14:35:51.466306Z,157745128013052,157745128013052,-1,-1,-1,ok,
std_copy_xcdr__cpp_to_py__1000000B__10Hz__shmem_ds__best_effort,publish,pub,cpp_to_py,copy,std,xcdr,shmem_ds,1000000,10,1,measured,277,2026-09-09T14:35:51.565900Z,157745227364315,157745227364315,-1,-1,-1,ok,
std_copy_xcdr__cpp_to_py__1000000B__10Hz__shmem_ds__best_effort,publish,pub,cpp_to_py,copy,std,xcdr,shmem_ds,1000000,10,1,measured,278,2026-09-09T14:35:51.666017Z,157745327835864,157745327835864,-1,-1,-1,ok,
std_copy_xcdr__cpp_to_py__1000000B__10Hz__shmem_ds__best_effort,publish,pub,cpp_to_py,copy,std,xcdr,shmem_ds,1000000,10,1,measured,279,2026-09-09T14:35:51.765350Z,157745427044507,157745427044507,-1,-1,-1,ok,
std_copy_xcdr__cpp_to_py__1000000B__10Hz__shmem_ds__best_effort,publish,pub,cpp_to_py,copy,std,xcdr,shmem_ds,1000000,10,1,measured,280,2026-09-09T14:35:51.865678Z,157745527108757,157745527108757,-1,-1,-1,ok,
std_copy_xcdr__cpp_to_py__1000000B__10Hz__shmem_ds__best_effort,publish,pub,cpp_to_py,copy,std,xcdr,shmem_ds,1000000,10,1,measured,281,2026-09-09T14:35:51.966374Z,157745627849816,157745627849816,-1,-1,-1,ok,
std_copy_xcdr__cpp_to_py__1000000B__10Hz__shmem_ds__best_effort,publish,pub,cpp_to_py,copy,std,xcdr,shmem_ds,1000000,10,1,measured,282,2026-09-09T14:35:52.066711Z,157745728667511,157745728667511,-1,-1,-1,ok,
std_copy_xcdr__cpp_to_py__1000000B__10Hz__shmem_ds__best_effort,publish,pub,cpp_to_py,copy,std,xcdr,shmem_ds,1000000,10,1,measured,283,2026-09-09T14:35:52.166495Z,157745827983558,157745827983558,-1,-1,-1,ok,
std_copy_xcdr__cpp_to_py__1000000B__10Hz__shmem_ds__best_effort,publish,pub,cpp_to_py,copy,std,xcdr,shmem_ds,1000000,10,1,measured,284,2026-09-09T14:35:52.266761Z,157745928535501,157745928535501,-1,-1,-1,ok,
std_copy_xcdr__cpp_to_py__1000000B__10Hz__shmem_ds__best_effort,publish,pub,cpp_to_py,copy,std,xcdr,shmem_ds,1000000,10,1,measured,285,2026-09-09T14:35:52.367718Z,157746029420834,157746029420834,-1,-1,-1,ok,
std_copy_xcdr__cpp_to_py__1000000B__10Hz__shmem_ds__best_effort,publish,pub,cpp_to_py,copy,std,xcdr,shmem_ds,1000000,10,1,measured,286,2026-09-09T14:35:52.467661Z,157746129493231,157746129493231,-1,-1,-1,ok,
std_copy_xcdr__cpp_to_py__1000000B__10Hz__shmem_ds__best_effort,publish,pub,cpp_to_py,copy,std,xcdr,shmem_ds,1000000,10,1,measured,287,2026-09-09T14:35:52.568438Z,157746229937219,157746229937219,-1,-1,-1,ok,
std_copy_xcdr__cpp_to_py__1000000B__10Hz__shmem_ds__best_effort,publish,pub,cpp_to_py,copy,std,xcdr,shmem_ds,1000000,10,1,measured,288,2026-09-09T14:35:52.667451Z,157746329231336,157746329231336,-1,-1,-1,ok,
std_copy_xcdr__cpp_to_py__1000000B__10Hz__shmem_ds__best_effort,publish,pub,cpp_to_py,copy,std,xcdr,shmem_ds,1000000,10,1,measured,289,2026-09-09T14:35:52.768422Z,157746430197471,157746430197471,-1,-1,-1,ok,
std_copy_xcdr__cpp_to_py__1000000B__10Hz__shmem_ds__best_effort,publish,pub,cpp_to_py,copy,std,xcdr,shmem_ds,1000000,10,1,measured,290,2026-09-09T14:35:52.867906Z,157746529410464,157746529410464,-1,-1,-1,ok,
std_copy_xcdr__cpp_to_py__1000000B__10Hz__shmem_ds__best_effort,publish,pub,cpp_to_py,copy,std,xcdr,shmem_ds,1000000,10,1,measured,291,2026-09-09T14:35:52.967240Z,157746628716482,157746628716482,-1,-1,-1,ok,
std_copy_xcdr__cpp_to_py__1000000B__10Hz__shmem_ds__best_effort,publish,pub,cpp_to_py,copy,std,xcdr,shmem_ds,1000000,10,1,measured,292,2026-09-09T14:35:53.067390Z,157746729362544,157746729362544,-1,-1,-1,ok,
std_copy_xcdr__cpp_to_py__1000000B__10Hz__shmem_ds__best_effort,publish,pub,cpp_to_py,copy,std,xcdr,shmem_ds,1000000,10,1,measured,293,2026-09-09T14:35:53.167685Z,157746829293504,157746829293504,-1,-1,-1,ok,
std_copy_xcdr__cpp_to_py__1000000B__10Hz__shmem_ds__best_effort,publish,pub,cpp_to_py,copy,std,xcdr,shmem_ds,1000000,10,1,measured,294,2026-09-09T14:35:53.267791Z,157746929696567,157746929696567,-1,-1,-1,ok,
std_copy_xcdr__cpp_to_py__1000000B__10Hz__shmem_ds__best_effort,publish,pub,cpp_to_py,copy,std,xcdr,shmem_ds,1000000,10,1,measured,295,2026-09-09T14:35:53.368816Z,157747030638568,157747030638568,-1,-1,-1,ok,
std_copy_xcdr__cpp_to_py__1000000B__10Hz__shmem_ds__best_effort,publish,pub,cpp_to_py,copy,std,xcdr,shmem_ds,1000000,10,1,measured,296,2026-09-09T14:35:53.468845Z,157747130565261,157747130565261,-1,-1,-1,ok,
std_copy_xcdr__cpp_to_py__1000000B__10Hz__shmem_ds__best_effort,publish,pub,cpp_to_py,copy,std,xcdr,shmem_ds,1000000,10,1,measured,297,2026-09-09T14:35:53.568037Z,157747229631958,157747229631958,-1,-1,-1,ok,
std_copy_xcdr__cpp_to_py__1000000B__10Hz__shmem_ds__best_effort,publish,pub,cpp_to_py,copy,std,xcdr,shmem_ds,1000000,10,1,measured,298,2026-09-09T14:35:53.668723Z,157747330534496,157747330534496,-1,-1,-1,ok,
std_copy_xcdr__cpp_to_py__1000000B__10Hz__shmem_ds__best_effort,publish,pub,cpp_to_py,copy,std,xcdr,shmem_ds,1000000,10,1,measured,299,2026-09-09T14:35:53.768904Z,157747430861304,157747430861304,-1,-1,-1,ok,
std_copy_xcdr__cpp_to_py__1000000B__10Hz__shmem_ds__best_effort,publish,pub,cpp_to_py,copy,std,xcdr,shmem_ds,1000000,10,1,measured,300,2026-09-09T14:35:53.868945Z,157747530769953,157747530769953,-1,-1,-1,ok,
std_copy_xcdr__cpp_to_py__1000000B__10Hz__shmem_ds__best_effort,receive,sub,cpp_to_py,copy,std,xcdr,shmem_ds,1000000,10,1,measured,0,2026-09-09T14:35:23.884009Z,157717546184593,157717542646237,157717546184593,1788964523880460709,1788964523882938561,ok,
std_copy_xcdr__cpp_to_py__1000000B__10Hz__shmem_ds__best_effort,receive,sub,cpp_to_py,copy,std,xcdr,shmem_ds,1000000,10,1,measured,1,2026-09-09T14:35:23.983036Z,157717645203882,157717643219252,157717645203882,1788964523981032451,1788964523981744056,ok,
std_copy_xcdr__cpp_to_py__1000000B__10Hz__shmem_ds__best_effort,receive,sub,cpp_to_py,copy,std,xcdr,shmem_ds,1000000,10,1,measured,2,2026-09-09T14:35:24.082396Z,157717744575318,157717743495457,157717744575318,1788964524081307925,1788964524081816907,ok,
std_copy_xcdr__cpp_to_py__1000000B__10Hz__shmem_ds__best_effort,receive,sub,cpp_to_py,copy,std,xcdr,shmem_ds,1000000,10,1,measured,3,2026-09-09T14:35:24.183437Z,157717845608553,157717843999843,157717845608553,1788964524181831006,1788964524182704136,ok,
std_copy_xcdr__cpp_to_py__1000000B__10Hz__shmem_ds__best_effort,receive,sub,cpp_to_py,copy,std,xcdr,shmem_ds,1000000,10,1,measured,4,2026-09-09T14:35:24.282884Z,157717945058016,157717943277672,157717945058016,1788964524281100760,1788964524282140926,ok,
std_copy_xcdr__cpp_to_py__1000000B__10Hz__shmem_ds__best_effort,receive,sub,cpp_to_py,copy,std,xcdr,shmem_ds,1000000,10,1,measured,5,2026-09-09T14:35:24.382668Z,157718044851490,157718044079973,157718044851490,1788964524381894394,1788964524382295782,ok,
std_copy_xcdr__cpp_to_py__1000000B__10Hz__shmem_ds__best_effort,receive,sub,cpp_to_py,copy,std,xcdr,shmem_ds,1000000,10,1,measured,6,2026-09-09T14:35:24.482003Z,157718144186116,157718143268292,157718144186116,1788964524481082182,1788964524481535048,ok,
std_copy_xcdr__cpp_to_py__1000000B__10Hz__shmem_ds__best_effort,receive,sub,cpp_to_py,copy,std,xcdr,shmem_ds,1000000,10,1,measured,7,2026-09-09T14:35:24.582468Z,157718244654044,157718243421004,157718244654044,1788964524581241637,1788964524582104848,ok,
std_copy_xcdr__cpp_to_py__1000000B__10Hz__shmem_ds__best_effort,receive,sub,cpp_to_py,copy,std,xcdr,shmem_ds,1000000,10,1,measured,8,2026-09-09T14:35:24.682316Z,157718344495918,157718343165434,157718344495918,1788964524680984324,1788964524681751904,ok,
std_copy_xcdr__cpp_to_py__1000000B__10Hz__shmem_ds__best_effort,receive,sub,cpp_to_py,copy,std,xcdr,shmem_ds,1000000,10,1,measured,9,2026-09-09T14:35:24.782137Z,157718444313466,157718442715416,157718444313466,1788964524780537452,1788964524781449165,ok,
std_copy_xcdr__cpp_to_py__1000000B__10Hz__shmem_ds__best_effort,receive,sub,cpp_to_py,copy,std,xcdr,shmem_ds,1000000,10,1,measured,10,2026-09-09T14:35:24.881946Z,157718544120985,157718542499942,157718544120985,1788964524880322068,1788964524881258307,ok,
std_copy_xcdr__cpp_to_py__1000000B__10Hz__shmem_ds__best_effort,receive,sub,cpp_to_py,copy,std,xcdr,shmem_ds,1000000,10,1,measured,11,2026-09-09T14:35:24.980869Z,157718643043092,157718641523641,157718643043092,1788964524979346488,1788964524980209849,ok,
std_copy_xcdr__cpp_to_py__1000000B__10Hz__shmem_ds__best_effort,receive,sub,cpp_to_py,copy,std,xcdr,shmem_ds,1000000,10,1,measured,12,2026-09-09T14:35:25.080583Z,157718742762425,157718741567057,157718742762425,1788964525079384033,1788964525080047136,ok,
std_copy_xcdr__cpp_to_py__1000000B__10Hz__shmem_ds__best_effort,receive,sub,cpp_to_py,copy,std,xcdr,shmem_ds,1000000,10,1,measured,13,2026-09-09T14:35:25.180991Z,157718843169920,157718841933905,157718843169920,1788964525179749228,1788964525180424073,ok,
std_copy_xcdr__cpp_to_py__1000000B__10Hz__shmem_ds__best_effort,receive,sub,cpp_to_py,copy,std,xcdr,shmem_ds,1000000,10,1,measured,14,2026-09-09T14:35:25.281003Z,157718943185785,157718942208158,157718943185785,1788964525280022759,1788964525280529828,ok,
std_copy_xcdr__cpp_to_py__1000000B__10Hz__shmem_ds__best_effort,receive,sub,cpp_to_py,copy,std,xcdr,shmem_ds,1000000,10,1,measured,15,2026-09-09T14:35:25.381457Z,157719043644908,157719042860997,157719043644908,1788964525380673494,1788964525381077247,ok,
std_copy_xcdr__cpp_to_py__1000000B__10Hz__shmem_ds__best_effort,receive,sub,cpp_to_py,copy,std,xcdr,shmem_ds,1000000,10,1,measured,16,2026-09-09T14:35:25.482439Z,157719144623001,157719143750142,157719144623001,1788964525481562579,1788964525482010676,ok,
std_copy_xcdr__cpp_to_py__1000000B__10Hz__shmem_ds__best_effort,receive,sub,cpp_to_py,copy,std,xcdr,shmem_ds,1000000,10,1,measured,17,2026-09-09T14:35:25.583027Z,157719245211808,157719244258818,157719245211808,1788964525582074201,1788964525582589885,ok,
std_copy_xcdr__cpp_to_py__1000000B__10Hz__shmem_ds__best_effort,receive,sub,cpp_to_py,copy,std,xcdr,shmem_ds,1000000,10,1,measured,18,2026-09-09T14:35:25.683393Z,157719345571764,157719344159566,157719345571764,1788964525681979046,1788964525682793245,ok,
std_copy_xcdr__cpp_to_py__1000000B__10Hz__shmem_ds__best_effort,receive,sub,cpp_to_py,copy,std,xcdr,shmem_ds,1000000,10,1,measured,19,2026-09-09T14:35:25.782009Z,157719444192062,157719443251084,157719444192062,1788964525781064874,1788964525781557615,ok,
std_copy_xcdr__cpp_to_py__1000000B__10Hz__shmem_ds__best_effort,receive,sub,cpp_to_py,copy,std,xcdr,shmem_ds,1000000,10,1,measured,20,2026-09-09T14:35:25.881810Z,157719543977141,157719542385072,157719543977141,1788964525880206006,1788964525881078394,ok,
std_copy_xcdr__cpp_to_py__1000000B__10Hz__shmem_ds__best_effort,receive,sub,cpp_to_py,copy,std,xcdr,shmem_ds,1000000,10,1,measured,21,2026-09-09T14:35:25.982053Z,157719644231426,157719642878269,157719644231426,1788964525980699083,1788964525981444742,ok,
std_copy_xcdr__cpp_to_py__1000000B__10Hz__shmem_ds__best_effort,receive,sub,cpp_to_py,copy,std,xcdr,shmem_ds,1000000,10,1,measured,22,2026-09-09T14:35:26.080973Z,157719743155950,157719742176709,157719743155950,1788964526079992173,1788964526080496526,ok,
std_copy_xcdr__cpp_to_py__1000000B__10Hz__shmem_ds__best_effort,receive,sub,cpp_to_py,copy,std,xcdr,shmem_ds,1000000,10,1,measured,23,2026-09-09T14:35:26.180918Z,157719843100060,157719842023647,157719843100060,1788964526179838689,1788964526180397765,ok,
std_copy_xcdr__cpp_to_py__1000000B__10Hz__shmem_ds__best_effort,receive,sub,cpp_to_py,copy,std,xcdr,shmem_ds,1000000,10,1,measured,24,2026-09-09T14:35:26.280435Z,157719942613006,157719941228239,157719942613006,1788964526279045455,1788964526279791555,ok,
std_copy_xcdr__cpp_to_py__1000000B__10Hz__shmem_ds__best_effort,receive,sub,cpp_to_py,copy,std,xcdr,shmem_ds,1000000,10,1,measured,25,2026-09-09T14:35:26.379411Z,157720041594847,157720040517622,157720041594847,1788964526378332825,1788964526378909865,ok,
std_copy_xcdr__cpp_to_py__1000000B__10Hz__shmem_ds__best_effort,receive,sub,cpp_to_py,copy,std,xcdr,shmem_ds,1000000,10,1,measured,26,2026-09-09T14:35:26.478447Z,157720140630401,157720139702919,157720140630401,1788964526477518031,1788964526478001505,ok,
std_copy_xcdr__cpp_to_py__1000000B__10Hz__shmem_ds__best_effort,receive,sub,cpp_to_py,copy,std,xcdr,shmem_ds,1000000,10,1,measured,27,2026-09-09T14:35:26.579101Z,157720241277229,157720239763208,157720241277229,1788964526577584032,1788964526578439759,ok,
std_copy_xcdr__cpp_to_py__1000000B__10Hz__shmem_ds__best_effort,receive,sub,cpp_to_py,copy,std,xcdr,shmem_ds,1000000,10,1,measured,28,2026-09-09T14:35:26.678717Z,157720340896716,157720339656773,157720340896716,1788964526677473859,1788964526678170566,ok,
std_copy_xcdr__cpp_to_py__1000000B__10Hz__shmem_ds__best_effort,receive,sub,cpp_to_py,copy,std,xcdr,shmem_ds,1000000,10,1,measured,29,2026-09-09T14:35:26.779640Z,157720441815037,157720440212248,157720441815037,1788964526778036077,1788964526778941598,ok,
std_copy_xcdr__cpp_to_py__1000000B__10Hz__shmem_ds__best_effort,receive,sub,cpp_to_py,copy,std,xcdr,shmem_ds,1000000,10,1,measured,30,2026-09-09T14:35:26.878737Z,157720540913530,157720539450075,157720540913530,1788964526877271189,1788964526878130973,ok,
std_copy_xcdr__cpp_to_py__1000000B__10Hz__shmem_ds__best_effort,receive,sub,cpp_to_py,copy,std,xcdr,shmem_ds,1000000,10,1,measured,31,2026-09-09T14:35:26.979267Z,157720641442265,157720639945106,157720641442265,1788964526977768384,1788964526978618340,ok,
std_copy_xcdr__cpp_to_py__1000000B__10Hz__shmem_ds__best_effort,receive,sub,cpp_to_py,copy,std,xcdr,shmem_ds,1000000,10,1,measured,32,2026-09-09T14:35:27.078233Z,157720740417716,157720739586084,157720740417716,1788964527077401467,1788964527077839325,ok,
std_copy_xcdr__cpp_to_py__1000000B__10Hz__shmem_ds__best_effort,receive,sub,cpp_to_py,copy,std,xcdr,shmem_ds,1000000,10,1,measured,33,2026-09-09T14:35:27.179248Z,157720841426659,157720840087358,157720841426659,1788964527177906479,1788964527178653781,ok,
std_copy_xcdr__cpp_to_py__1000000B__10Hz__shmem_ds__best_effort,receive,sub,cpp_to_py,copy,std,xcdr,shmem_ds,1000000,10,1,measured,34,2026-09-09T14:35:27.279871Z,157720942050083,157720940698289,157720942050083,1788964527278517359,1788964527279220548,ok,
std_copy_xcdr__cpp_to_py__1000000B__10Hz__shmem_ds__best_effort,receive,sub,cpp_to_py,copy,std,xcdr,shmem_ds,1000000,10,1,measured,35,2026-09-09T14:35:27.379217Z,157721041392839,157721039789881,157721041392839,1788964527377615112,1788964527378521335,ok,
std_copy_xcdr__cpp_to_py__1000000B__10Hz__shmem_ds__best_effort,receive,sub,cpp_to_py,copy,std,xcdr,shmem_ds,1000000,10,1,measured,36,2026-09-09T14:35:27.479228Z,157721141413937,157721140634815,157721141413937,1788964527478447603,1788964527478863619,ok,
std_copy_xcdr__cpp_to_py__1000000B__10Hz__shmem_ds__best_effort,receive,sub,cpp_to_py,copy,std,xcdr,shmem_ds,1000000,10,1,measured,37,2026-09-09T14:35:27.580498Z,157721242675297,157721241124747,157721242675297,1788964527578945731,1788964527579833980,ok,
std_copy_xcdr__cpp_to_py__1000000B__10Hz__shmem_ds__best_effort,receive,sub,cpp_to_py,copy,std,xcdr,shmem_ds,1000000,10,1,measured,38,2026-09-09T14:35:27.679895Z,157721342075501,157721340957078,157721342075501,1788964527678774314,1788964527679392753,ok,
std_copy_xcdr__cpp_to_py__1000000B__10Hz__shmem_ds__best_effort,receive,sub,cpp_to_py,copy,std,xcdr,shmem_ds,1000000,10,1,measured,39,2026-09-09T14:35:27.780122Z,157721442296756,157721440556748,157721442296756,1788964527778379195,1788964527779403320,ok,
std_copy_xcdr__cpp_to_py__1000000B__10Hz__shmem_ds__best_effort,receive,sub,cpp_to_py,copy,std,xcdr,shmem_ds,1000000,10,1,measured,40,2026-09-09T14:35:27.878880Z,157721541056531,157721539591673,157721541056531,1788964527877412506,1788964527878258014,ok,
std_copy_xcdr__cpp_to_py__1000000B__10Hz__shmem_ds__best_effort,receive,sub,cpp_to_py,copy,std,xcdr,shmem_ds,1000000,10,1,measured,41,2026-09-09T14:35:27.979383Z,157721641555592,157721639994472,157721641555592,1788964527977829683,1788964527978689567,ok,
std_copy_xcdr__cpp_to_py__1000000B__10Hz__shmem_ds__best_effort,receive,sub,cpp_to_py,copy,std,xcdr,shmem_ds,1000000,10,1,measured,42,2026-09-09T14:35:28.078644Z,157721740827314,157721739907736,157721740827314,1788964528077721967,1788964528078206663,ok,
std_copy_xcdr__cpp_to_py__1000000B__10Hz__shmem_ds__best_effort,receive,sub,cpp_to_py,copy,std,xcdr,shmem_ds,1000000,10,1,measured,43,2026-09-09T14:35:28.179108Z,157721841286821,157721839982346,157721841286821,1788964528177798210,1788964528178520435,ok,
std_copy_xcdr__cpp_to_py__1000000B__10Hz__shmem_ds__best_effort,receive,sub,cpp_to_py,copy,std,xcdr,shmem_ds,1000000,10,1,measured,44,2026-09-09T14:35:28.278530Z,157721940718185,157721939961185,157721940718185,1788964528277773412,1788964528278173378,ok,
std_copy_xcdr__cpp_to_py__1000000B__10Hz__shmem_ds__best_effort,receive,sub,cpp_to_py,copy,std,xcdr,shmem_ds,1000000,10,1,measured,45,2026-09-09T14:35:28.378064Z,157722040247774,157722039381237,157722040247774,1788964528377195117,1788964528377623036,ok,
std_copy_xcdr__cpp_to_py__1000000B__10Hz__shmem_ds__best_effort,receive,sub,cpp_to_py,copy,std,xcdr,shmem_ds,1000000,10,1,measured,46,2026-09-09T14:35:28.478088Z,157722140276516,157722139594027,157722140276516,1788964528477403970,1788964528477744734,ok,
std_copy_xcdr__cpp_to_py__1000000B__10Hz__shmem_ds__best_effort,receive,sub,cpp_to_py,copy,std,xcdr,shmem_ds,1000000,10,1,measured,47,2026-09-09T14:35:28.578984Z,157722241160546,157722239587905,157722241160546,1788964528577409069,1788964528578286487,ok,
std_copy_xcdr__cpp_to_py__1000000B__10Hz__shmem_ds__best_effort,receive,sub,cpp_to_py,copy,std,xcdr,shmem_ds,1000000,10,1,measured,48,2026-09-09T14:35:28.678335Z,157722340516168,157722339355404,157722340516168,1788964528677172461,1788964528677816688,ok,
std_copy_xcdr__cpp_to_py__1000000B__10Hz__shmem_ds__best_effort,receive,sub,cpp_to_py,copy,std,xcdr,shmem_ds,1000000,10,1,measured,49,2026-09-09T14:35:28.779192Z,157722441368116,157722439694544,157722441368116,1788964528777519415,1788964528778468929,ok,
std_copy_xcdr__cpp_to_py__1000000B__10Hz__shmem_ds__best_effort,receive,sub,cpp_to_py,copy,std,xcdr,shmem_ds,1000000,10,1,measured,50,2026-09-09T14:35:28.878778Z,157722540956978,157722539519782,157722540956978,1788964528877341728,1788964528878184130,ok,
std_copy_xcdr__cpp_to_py__1000000B__10Hz__shmem_ds__best_effort,receive,sub,cpp_to_py,copy,std,xcdr,shmem_ds,1000000,10,1,measured,51,2026-09-09T14:35:28.978768Z,157722640942339,157722639391970,157722640942339,1788964528977214206,1788964528978102635,ok,
std_copy_xcdr__cpp_to_py__1000000B__10Hz__shmem_ds__best_effort,receive,sub,cpp_to_py,copy,std,xcdr,shmem_ds,1000000,10,1,measured,52,2026-09-09T14:35:29.077162Z,157722739347796,157722738570567,157722739347796,1788964529076384237,1788964529076780606,ok,
std_copy_xcdr__cpp_to_py__1000000B__10Hz__shmem_ds__best_effort,receive,sub,cpp_to_py,copy,std,xcdr,shmem_ds,1000000,10,1,measured,53,2026-09-09T14:35:29.176874Z,157722839052268,157722837721483,157722839052268,1788964529175538399,1788964529176273087,ok,
std_copy_xcdr__cpp_to_py__1000000B__10Hz__shmem_ds__best_effort,receive,sub,cpp_to_py,copy,std,xcdr,shmem_ds,1000000,10,1,measured,54,2026-09-09T14:35:29.276985Z,157722939172755,157722938362484,157722939172755,1788964529276176735,1788964529276593512,ok,
std_copy_xcdr__cpp_to_py__1000000B__10Hz__shmem_ds__best_effort,receive,sub,cpp_to_py,copy,std,xcdr,shmem_ds,1000000,10,1,measured,55,2026-09-09T14:35:29.377058Z,157723039240754,157723038318251,157723039240754,1788964529376130888,1788964529376595967,ok,
std_copy_xcdr__cpp_to_py__1000000B__10Hz__shmem_ds__best_effort,receive,sub,cpp_to_py,copy,std,xcdr,shmem_ds,1000000,10,1,measured,56,2026-09-09T14:35:29.476679Z,157723138868641,157723138203805,157723138868641,1788964529476015120,1788964529476349452,ok,
std_copy_xcdr__cpp_to_py__1000000B__10Hz__shmem_ds__best_effort,receive,sub,cpp_to_py,copy,std,xcdr,shmem_ds,1000000,10,1,measured,57,2026-09-09T14:35:29.578582Z,157723240758101,157723239200768,157723240758101,1788964529577021732,1788964529577892387,ok,
std_copy_xcdr__cpp_to_py__1000000B__10Hz__shmem_ds__best_effort,receive,sub,cpp_to_py,copy,std,xcdr,shmem_ds,1000000,10,1,measured,58,2026-09-09T14:35:29.678353Z,157723340534449,157723339385538,157723340534449,1788964529677203225,1788964529677853244,ok,
std_copy_xcdr__cpp_to_py__1000000B__10Hz__shmem_ds__best_effort,receive,sub,cpp_to_py,copy,std,xcdr,shmem_ds,1000000,10,1,measured,59,2026-09-09T14:35:29.778432Z,157723440615882,157723439623086,157723440615882,1788964529777437728,1788964529777966507,ok,
std_copy_xcdr__cpp_to_py__1000000B__10Hz__shmem_ds__best_effort,receive,sub,cpp_to_py,copy,std,xcdr,shmem_ds,1000000,10,1,measured,60,2026-09-09T14:35:29.879077Z,157723541252795,157723539780203,157723541252795,1788964529877599333,1788964529878402681,ok,
std_copy_xcdr__cpp_to_py__1000000B__10Hz__shmem_ds__best_effort,receive,sub,cpp_to_py,copy,std,xcdr,shmem_ds,1000000,10,1,measured,61,2026-09-09T14:35:29.979826Z,157723641991241,157723640501987,157723641991241,1788964529978325125,1788964529979175461,ok,
std_copy_xcdr__cpp_to_py__1000000B__10Hz__shmem_ds__best_effort,receive,sub,cpp_to_py,copy,std,xcdr,shmem_ds,1000000,10,1,measured,62,2026-09-09T14:35:30.079034Z,157723741221568,157723740449078,157723741221568,1788964530078263389,1788964530078651072,ok,
std_copy_xcdr__cpp_to_py__1000000B__10Hz__shmem_ds__best_effort,receive,sub,cpp_to_py,copy,std,xcdr,shmem_ds,1000000,10,1,measured,63,2026-09-09T14:35:30.180593Z,157723842767670,157723841103986,157723842767670,1788964530178928156,1788964530179897608,ok,
std_copy_xcdr__cpp_to_py__1000000B__10Hz__shmem_ds__best_effort,receive,sub,cpp_to_py,copy,std,xcdr,shmem_ds,1000000,10,1,measured,64,2026-09-09T14:35:30.279969Z,157723942151307,157723941082227,157723942151307,1788964530278897560,1788964530279465804,ok,
std_copy_xcdr__cpp_to_py__1000000B__10Hz__shmem_ds__best_effort,receive,sub,cpp_to_py,copy,std,xcdr,shmem_ds,1000000,10,1,measured,65,2026-09-09T14:35:30.379945Z,157724042125860,157724040971910,157724042125860,1788964530378788525,1788964530379401954,ok,
std_copy_xcdr__cpp_to_py__1000000B__10Hz__shmem_ds__best_effort,receive,sub,cpp_to_py,copy,std,xcdr,shmem_ds,1000000,10,1,measured,66,2026-09-09T14:35:30.479107Z,157724141296735,157724140590891,157724141296735,1788964530478402177,1788964530478752859,ok,
std_copy_xcdr__cpp_to_py__1000000B__10Hz__shmem_ds__best_effort,receive,sub,cpp_to_py,copy,std,xcdr,shmem_ds,1000000,10,1,measured,67,2026-09-09T14:35:30.578945Z,157724241128198,157724240190656,157724241128198,1788964530578004306,1788964530578512186,ok,
std_copy_xcdr__cpp_to_py__1000000B__10Hz__shmem_ds__best_effort,receive,sub,cpp_to_py,copy,std,xcdr,shmem_ds,1000000,10,1,measured,68,2026-09-09T14:35:30.679381Z,157724341558623,157724340232878,157724341558623,1788964530678051958,1788964530678777940,ok,
std_copy_xcdr__cpp_to_py__1000000B__10Hz__shmem_ds__best_effort,receive,sub,cpp_to_py,copy,std,xcdr,shmem_ds,1000000,10,1,measured,69,2026-09-09T14:35:30.779531Z,157724441700462,157724439969301,157724441700462,1788964530777794142,1788964530778816133,ok,
std_copy_xcdr__cpp_to_py__1000000B__10Hz__shmem_ds__best_effort,receive,sub,cpp_to_py,copy,std,xcdr,shmem_ds,1000000,10,1,measured,70,2026-09-09T14:35:30.879860Z,157724542036398,157724540490116,157724542036398,1788964530878312162,1788964530879228283,ok,
std_copy_xcdr__cpp_to_py__1000000B__10Hz__shmem_ds__best_effort,receive,sub,cpp_to_py,copy,std,xcdr,shmem_ds,1000000,10,1,measured,71,2026-09-09T14:35:30.979487Z,157724641662683,157724640102695,157724641662683,1788964530977925833,1788964530978818710,ok,
std_copy_xcdr__cpp_to_py__1000000B__10Hz__shmem_ds__best_effort,receive,sub,cpp_to_py,copy,std,xcdr,shmem_ds,1000000,10,1,measured,72,2026-09-09T14:35:31.079279Z,157724741462197,157724740470292,157724741462197,1788964531078287118,1788964531078822881,ok,
std_copy_xcdr__cpp_to_py__1000000B__10Hz__shmem_ds__best_effort,receive,sub,cpp_to_py,copy,std,xcdr,shmem_ds,1000000,10,1,measured,73,2026-09-09T14:35:31.180087Z,157724842267301,157724840932990,157724842267301,1788964531178750327,1788964531179494954,ok,
std_copy_xcdr__cpp_to_py__1000000B__10Hz__shmem_ds__best_effort,receive,sub,cpp_to_py,copy,std,xcdr,shmem_ds,1000000,10,1,measured,74,2026-09-09T14:35:31.280118Z,157724942304544,157724941232198,157724942304544,1788964531279047511,1788964531279664166,ok,
std_copy_xcdr__cpp_to_py__1000000B__10Hz__shmem_ds__best_effort,receive,sub,cpp_to_py,copy,std,xcdr,shmem_ds,1000000,10,1,measured,75,2026-09-09T14:35:31.380857Z,157725043034166,157725041866359,157725043034166,1788964531379683565,1788964531380319848,ok,
std_copy_xcdr__cpp_to_py__1000000B__10Hz__shmem_ds__best_effort,receive,sub,cpp_to_py,copy,std,xcdr,shmem_ds,1000000,10,1,measured,76,2026-09-09T14:35:31.481007Z,157725143194481,157725142435687,157725143194481,1788964531480248506,1788964531480626951,ok,
std_copy_xcdr__cpp_to_py__1000000B__10Hz__shmem_ds__best_effort,receive,sub,cpp_to_py,copy,std,xcdr,shmem_ds,1000000,10,1,measured,77,2026-09-09T14:35:31.582191Z,157725244366839,157725242748190,157725244366839,1788964531580575306,1788964531581503780,ok,
std_copy_xcdr__cpp_to_py__1000000B__10Hz__shmem_ds__best_effort,receive,sub,cpp_to_py,copy,std,xcdr,shmem_ds,1000000,10,1,measured,78,2026-09-09T14:35:31.682155Z,157725344334390,157725343327047,157725344334390,1788964531681144544,1788964531681712878,ok,
std_copy_xcdr__cpp_to_py__1000000B__10Hz__shmem_ds__best_effort,receive,sub,cpp_to_py,copy,std,xcdr,shmem_ds,1000000,10,1,measured,79,2026-09-09T14:35:31.782140Z,157725444319826,157725443133444,157725444319826,1788964531780949969,1788964531781590630,ok,
std_copy_xcdr__cpp_to_py__1000000B__10Hz__shmem_ds__best_effort,receive,sub,cpp_to_py,copy,std,xcdr,shmem_ds,1000000,10,1,measured,80,2026-09-09T14:35:31.883376Z,157725545552378,157725544010534,157725545552378,1788964531881831288,1788964531882696422,ok,
std_copy_xcdr__cpp_to_py__1000000B__10Hz__shmem_ds__best_effort,receive,sub,cpp_to_py,copy,std,xcdr,shmem_ds,1000000,10,1,measured,81,2026-09-09T14:35:31.983026Z,157725645201848,157725643708466,157725645201848,1788964531981529259,1788964531982394214,ok,
std_copy_xcdr__cpp_to_py__1000000B__10Hz__shmem_ds__best_effort,receive,sub,cpp_to_py,copy,std,xcdr,shmem_ds,1000000,10,1,measured,82,2026-09-09T14:35:32.081915Z,157725744101673,157725743302242,157725744101673,1788964532081116192,1788964532081533671,ok,
std_copy_xcdr__cpp_to_py__1000000B__10Hz__shmem_ds__best_effort,receive,sub,cpp_to_py,copy,std,xcdr,shmem_ds,1000000,10,1,measured,83,2026-09-09T14:35:32.183550Z,157725845725064,157725843781251,157725845725064,1788964532181603698,1788964532182604759,ok,
std_copy_xcdr__cpp_to_py__1000000B__10Hz__shmem_ds__best_effort,receive,sub,cpp_to_py,copy,std,xcdr,shmem_ds,1000000,10,1,measured,84,2026-09-09T14:35:32.283067Z,157725945244962,157725943963200,157725945244962,1788964532281779264,1788964532282301571,ok,
std_copy_xcdr__cpp_to_py__1000000B__10Hz__shmem_ds__best_effort,receive,sub,cpp_to_py,copy,std,xcdr,shmem_ds,1000000,10,1,measured,85,2026-09-09T14:35:32.383067Z,157726045243673,157726043672735,157726045243673,1788964532381491765,1788964532382381316,ok,
std_copy_xcdr__cpp_to_py__1000000B__10Hz__shmem_ds__best_effort,receive,sub,cpp_to_py,copy,std,xcdr,shmem_ds,1000000,10,1,measured,86,2026-09-09T14:35:32.481572Z,157726143760865,157726142951235,157726143760865,1788964532480765366,1788964532481215026,ok,
std_copy_xcdr__cpp_to_py__1000000B__10Hz__shmem_ds__best_effort,receive,sub,cpp_to_py,copy,std,xcdr,shmem_ds,1000000,10,1,measured,87,2026-09-09T14:35:32.582499Z,157726244675337,157726243202314,157726244675337,1788964532581020402,1788964532581796088,ok,
std_copy_xcdr__cpp_to_py__1000000B__10Hz__shmem_ds__best_effort,receive,sub,cpp_to_py,copy,std,xcdr,shmem_ds,1000000,10,1,measured,88,2026-09-09T14:35:32.682437Z,157726344616561,157726343384813,157726344616561,1788964532681201990,1788964532681901271,ok,
std_copy_xcdr__cpp_to_py__1000000B__10Hz__shmem_ds__best_effort,receive,sub,cpp_to_py,copy,std,xcdr,shmem_ds,1000000,10,1,measured,89,2026-09-09T14:35:32.782943Z,157726445117611,157726443432267,157726445117611,1788964532781256316,1788964532782207894,ok,
std_copy_xcdr__cpp_to_py__1000000B__10Hz__shmem_ds__best_effort,receive,sub,cpp_to_py,copy,std,xcdr,shmem_ds,1000000,10,1,measured,90,2026-09-09T14:35:32.883097Z,157726545274853,157726543654050,157726545274853,1788964532881476847,1788964532882421482,ok,
std_copy_xcdr__cpp_to_py__1000000B__10Hz__shmem_ds__best_effort,receive,sub,cpp_to_py,copy,std,xcdr,shmem_ds,1000000,10,1,measured,91,2026-09-09T14:35:32.982076Z,157726644250300,157726642773930,157726644250300,1788964532980596016,1788964532981452855,ok,
std_copy_xcdr__cpp_to_py__1000000B__10Hz__shmem_ds__best_effort,receive,sub,cpp_to_py,copy,std,xcdr,shmem_ds,1000000,10,1,measured,92,2026-09-09T14:35:33.081429Z,157726743611869,157726742502723,157726743611869,1788964533080318738,1788964533080882042,ok,
std_copy_xcdr__cpp_to_py__1000000B__10Hz__shmem_ds__best_effort,receive,sub,cpp_to_py,copy,std,xcdr,shmem_ds,1000000,10,1,measured,93,2026-09-09T14:35:33.181519Z,157726843704018,157726842971464,157726843704018,1788964533180781828,1788964533181088407,ok,
std_copy_xcdr__cpp_to_py__1000000B__10Hz__shmem_ds__best_effort,receive,sub,cpp_to_py,copy,std,xcdr,shmem_ds,1000000,10,1,measured,94,2026-09-09T14:35:33.282814Z,157726944982239,157726943198108,157726944982239,1788964533281017919,1788964533282000456,ok,
std_copy_xcdr__cpp_to_py__1000000B__10Hz__shmem_ds__best_effort,receive,sub,cpp_to_py,copy,std,xcdr,shmem_ds,1000000,10,1,measured,95,2026-09-09T14:35:33.381760Z,157727043940966,157727042988125,157727043940966,1788964533380800172,1788964533381201260,ok,
std_copy_xcdr__cpp_to_py__1000000B__10Hz__shmem_ds__best_effort,receive,sub,cpp_to_py,copy,std,xcdr,shmem_ds,1000000,10,1,measured,96,2026-09-09T14:35:33.482617Z,157727144799223,157727143849950,157727144799223,1788964533481663830,1788964533482151371,ok,
std_copy_xcdr__cpp_to_py__1000000B__10Hz__shmem_ds__best_effort,receive,sub,cpp_to_py,copy,std,xcdr,shmem_ds,1000000,10,1,measured,97,2026-09-09T14:35:33.583615Z,157727245791134,157727244335433,157727245791134,1788964533582154543,1788964533582969212,ok,
std_copy_xcdr__cpp_to_py__1000000B__10Hz__shmem_ds__best_effort,receive,sub,cpp_to_py,copy,std,xcdr,shmem_ds,1000000,10,1,measured,98,2026-09-09T14:35:33.682690Z,157727344873315,157727343795849,157727344873315,1788964533681612404,1788964533682223489,ok,
std_copy_xcdr__cpp_to_py__1000000B__10Hz__shmem_ds__best_effort,receive,sub,cpp_to_py,copy,std,xcdr,shmem_ds,1000000,10,1,measured,99,2026-09-09T14:35:33.782835Z,157727444992265,157727443852170,157727444992265,1788964533781668445,1788964533782305519,ok,
std_copy_xcdr__cpp_to_py__1000000B__10Hz__shmem_ds__best_effort,receive,sub,cpp_to_py,copy,std,xcdr,shmem_ds,1000000,10,1,measured,100,2026-09-09T14:35:33.882436Z,157727544614286,157727543105244,157727544614286,1788964533880924595,1788964533881763360,ok,
std_copy_xcdr__cpp_to_py__1000000B__10Hz__shmem_ds__best_effort,receive,sub,cpp_to_py,copy,std,xcdr,shmem_ds,1000000,10,1,measured,101,2026-09-09T14:35:33.982861Z,157727645037760,157727643677399,157727645037760,1788964533981497291,1788964533982251626,ok,
std_copy_xcdr__cpp_to_py__1000000B__10Hz__shmem_ds__best_effort,receive,sub,cpp_to_py,copy,std,xcdr,shmem_ds,1000000,10,1,measured,102,2026-09-09T14:35:34.082178Z,157727744356962,157727743146455,157727744356962,1788964534080962990,1788964534081586288,ok,
std_copy_xcdr__cpp_to_py__1000000B__10Hz__shmem_ds__best_effort,receive,sub,cpp_to_py,copy,std,xcdr,shmem_ds,1000000,10,1,measured,103,2026-09-09T14:35:34.180900Z,157727843083572,157727842329357,157727843083572,1788964534180138999,1788964534180457631,ok,
std_copy_xcdr__cpp_to_py__1000000B__10Hz__shmem_ds__best_effort,receive,sub,cpp_to_py,copy,std,xcdr,shmem_ds,1000000,10,1,measured,104,2026-09-09T14:35:34.282715Z,157727944889002,157727943112505,157727944889002,1788964534280932486,1788964534281929901,ok,
std_copy_xcdr__cpp_to_py__1000000B__10Hz__shmem_ds__best_effort,receive,sub,cpp_to_py,copy,std,xcdr,shmem_ds,1000000,10,1,measured,105,2026-09-09T14:35:34.381727Z,157728043908635,157728043053960,157728043908635,1788964534380864995,1788964534381195329,ok,
std_copy_xcdr__cpp_to_py__1000000B__10Hz__shmem_ds__best_effort,receive,sub,cpp_to_py,copy,std,xcdr,shmem_ds,1000000,10,1,measured,106,2026-09-09T14:35:34.481168Z,157728143349965,157728142282127,157728143349965,1788964534480095897,1788964534480619647,ok,
std_copy_xcdr__cpp_to_py__1000000B__10Hz__shmem_ds__best_effort,receive,sub,cpp_to_py,copy,std,xcdr,shmem_ds,1000000,10,1,measured,107,2026-09-09T14:35:34.582004Z,157728244180461,157728242665619,157728244180461,1788964534580482915,1788964534581262979,ok,
std_copy_xcdr__cpp_to_py__1000000B__10Hz__shmem_ds__best_effort,receive,sub,cpp_to_py,copy,std,xcdr,shmem_ds,1000000,10,1,measured,108,2026-09-09T14:35:34.680922Z,157728343102812,157728341921479,157728343102812,1788964534679737093,1788964534680328310,ok,
std_copy_xcdr__cpp_to_py__1000000B__10Hz__shmem_ds__best_effort,receive,sub,cpp_to_py,copy,std,xcdr,shmem_ds,1000000,10,1,measured,109,2026-09-09T14:35:34.782132Z,157728444306242,157728442367348,157728444306242,1788964534780192069,1788964534781184845,ok,
std_copy_xcdr__cpp_to_py__1000000B__10Hz__shmem_ds__best_effort,receive,sub,cpp_to_py,copy,std,xcdr,shmem_ds,1000000,10,1,measured,110,2026-09-09T14:35:34.882209Z,157728544381761,157728542574155,157728544381761,1788964534880397243,1788964534881324365,ok,
std_copy_xcdr__cpp_to_py__1000000B__10Hz__shmem_ds__best_effort,receive,sub,cpp_to_py,copy,std,xcdr,shmem_ds,1000000,10,1,measured,111,2026-09-09T14:35:34.981570Z,157728643748070,157728642285967,157728643748070,1788964534980108594,1788964534980931960,ok,
std_copy_xcdr__cpp_to_py__1000000B__10Hz__shmem_ds__best_effort,receive,sub,cpp_to_py,copy,std,xcdr,shmem_ds,1000000,10,1,measured,112,2026-09-09T14:35:35.081731Z,157728743910546,157728742818883,157728743910546,1788964535080635378,1788964535081239019,ok,
std_copy_xcdr__cpp_to_py__1000000B__10Hz__shmem_ds__best_effort,receive,sub,cpp_to_py,copy,std,xcdr,shmem_ds,1000000,10,1,measured,113,2026-09-09T14:35:35.182843Z,157728845028717,157728843679026,157728845028717,1788964535181501022,1788964535182406803,ok,
std_copy_xcdr__cpp_to_py__1000000B__10Hz__shmem_ds__best_effort,receive,sub,cpp_to_py,copy,std,xcdr,shmem_ds,1000000,10,1,measured,114,2026-09-09T14:35:35.283921Z,157728946097654,157728944669475,157728946097654,1788964535282489577,1788964535283304347,ok,
std_copy_xcdr__cpp_to_py__1000000B__10Hz__shmem_ds__best_effort,receive,sub,cpp_to_py,copy,std,xcdr,shmem_ds,1000000,10,1,measured,115,2026-09-09T14:35:35.383151Z,157729045338889,157729044451442,157729045338889,1788964535382265923,1788964535382688943,ok,
std_copy_xcdr__cpp_to_py__1000000B__10Hz__shmem_ds__best_effort,receive,sub,cpp_to_py,copy,std,xcdr,shmem_ds,1000000,10,1,measured,116,2026-09-09T14:35:35.482896Z,157729145080428,157729144192009,157729145080428,1788964535482006250,1788964535482441562,ok,
std_copy_xcdr__cpp_to_py__1000000B__10Hz__shmem_ds__best_effort,receive,sub,cpp_to_py,copy,std,xcdr,shmem_ds,1000000,10,1,measured,117,2026-09-09T14:35:35.584205Z,157729246382517,157729244864678,157729246382517,1788964535582684720,1788964535583525770,ok,
std_copy_xcdr__cpp_to_py__1000000B__10Hz__shmem_ds__best_effort,receive,sub,cpp_to_py,copy,std,xcdr,shmem_ds,1000000,10,1,measured,118,2026-09-09T14:35:35.684294Z,157729346474298,157729345388987,157729346474298,1788964535683206323,1788964535683799464,ok,
std_copy_xcdr__cpp_to_py__1000000B__10Hz__shmem_ds__best_effort,receive,sub,cpp_to_py,copy,std,xcdr,shmem_ds,1000000,10,1,measured,119,2026-09-09T14:35:35.784620Z,157729446802126,157729445716334,157729446802126,1788964535783532920,1788964535784115821,ok,
std_copy_xcdr__cpp_to_py__1000000B__10Hz__shmem_ds__best_effort,receive,sub,cpp_to_py,copy,std,xcdr,shmem_ds,1000000,10,1,measured,120,2026-09-09T14:35:35.885927Z,157729548112349,157729546475666,157729548112349,1788964535884299445,1788964535885283795,ok,
std_copy_xcdr__cpp_to_py__1000000B__10Hz__shmem_ds__best_effort,receive,sub,cpp_to_py,copy,std,xcdr,shmem_ds,1000000,10,1,measured,121,2026-09-09T14:35:35.984842Z,157729647017709,157729645605731,157729647017709,1788964535983426764,1788964535984231635,ok,
std_copy_xcdr__cpp_to_py__1000000B__10Hz__shmem_ds__best_effort,receive,sub,cpp_to_py,copy,std,xcdr,shmem_ds,1000000,10,1,measured,122,2026-09-09T14:35:36.084144Z,157729746327032,157729745250698,157729746327032,1788964536083066262,1788964536083642861,ok,
std_copy_xcdr__cpp_to_py__1000000B__10Hz__shmem_ds__best_effort,receive,sub,cpp_to_py,copy,std,xcdr,shmem_ds,1000000,10,1,measured,123,2026-09-09T14:35:36.183434Z,157729845621709,157729844836685,157729845621709,1788964536182649053,1788964536183058035,ok,
std_copy_xcdr__cpp_to_py__1000000B__10Hz__shmem_ds__best_effort,receive,sub,cpp_to_py,copy,std,xcdr,shmem_ds,1000000,10,1,measured,124,2026-09-09T14:35:36.284121Z,157729946298277,157729944673707,157729946298277,1788964536282492937,1788964536283406894,ok,
std_copy_xcdr__cpp_to_py__1000000B__10Hz__shmem_ds__best_effort,receive,sub,cpp_to_py,copy,std,xcdr,shmem_ds,1000000,10,1,measured,125,2026-09-09T14:35:36.383197Z,157730045377396,157730043995525,157730045377396,1788964536381824614,1788964536382654582,ok,
std_copy_xcdr__cpp_to_py__1000000B__10Hz__shmem_ds__best_effort,receive,sub,cpp_to_py,copy,std,xcdr,shmem_ds,1000000,10,1,measured,126,2026-09-09T14:35:36.483522Z,157730145705105,157730144699695,157730145705105,1788964536482516742,1788964536483066460,ok,
std_copy_xcdr__cpp_to_py__1000000B__10Hz__shmem_ds__best_effort,receive,sub,cpp_to_py,copy,std,xcdr,shmem_ds,1000000,10,1,measured,127,2026-09-09T14:35:36.583972Z,157730246149003,157730244672753,157730246149003,1788964536582492995,1788964536583312574,ok,
std_copy_xcdr__cpp_to_py__1000000B__10Hz__shmem_ds__best_effort,receive,sub,cpp_to_py,copy,std,xcdr,shmem_ds,1000000,10,1,measured,128,2026-09-09T14:35:36.683261Z,157730345440393,157730344252167,157730345440393,1788964536682071197,1788964536682736474,ok,
std_copy_xcdr__cpp_to_py__1000000B__10Hz__shmem_ds__best_effort,receive,sub,cpp_to_py,copy,std,xcdr,shmem_ds,1000000,10,1,measured,129,2026-09-09T14:35:36.784342Z,157730446515644,157730444892306,157730446515644,1788964536782716466,1788964536783658466,ok,
std_copy_xcdr__cpp_to_py__1000000B__10Hz__shmem_ds__best_effort,receive,sub,cpp_to_py,copy,std,xcdr,shmem_ds,1000000,10,1,measured,130,2026-09-09T14:35:36.884148Z,157730546325093,157730544752131,157730546325093,1788964536882575449,1788964536883511628,ok,
std_copy_xcdr__cpp_to_py__1000000B__10Hz__shmem_ds__best_effort,receive,sub,cpp_to_py,copy,std,xcdr,shmem_ds,1000000,10,1,measured,131,2026-09-09T14:35:36.983162Z,157730645336304,157730643911201,157730645336304,1788964536981732836,1788964536982544971,ok,
std_copy_xcdr__cpp_to_py__1000000B__10Hz__shmem_ds__best_effort,receive,sub,cpp_to_py,copy,std,xcdr,shmem_ds,1000000,10,1,measured,132,2026-09-09T14:35:37.083645Z,157730745824717,157730744656029,157730745824717,1788964537082472644,1788964537083107955,ok,
std_copy_xcdr__cpp_to_py__1000000B__10Hz__shmem_ds__best_effort,receive,sub,cpp_to_py,copy,std,xcdr,shmem_ds,1000000,10,1,measured,133,2026-09-09T14:35:37.183785Z,157730845972877,157730845240223,157730845972877,1788964537183053482,1788964537183426838,ok,
std_copy_xcdr__cpp_to_py__1000000B__10Hz__shmem_ds__best_effort,receive,sub,cpp_to_py,copy,std,xcdr,shmem_ds,1000000,10,1,measured,134,2026-09-09T14:35:37.285083Z,157730947262945,157730946047999,157730947262945,1788964537283864184,1788964537284519903,ok,
std_copy_xcdr__cpp_to_py__1000000B__10Hz__shmem_ds__best_effort,receive,sub,cpp_to_py,copy,std,xcdr,shmem_ds,1000000,10,1,measured,135,2026-09-09T14:35:37.385546Z,157731047730149,157731046755718,157731047730149,1788964537384569348,1788964537385100221,ok,
std_copy_xcdr__cpp_to_py__1000000B__10Hz__shmem_ds__best_effort,receive,sub,cpp_to_py,copy,std,xcdr,shmem_ds,1000000,10,1,measured,136,2026-09-09T14:35:37.484535Z,157731146718749,157731145806916,157731146718749,1788964537483620385,1788964537484093389,ok,
std_copy_xcdr__cpp_to_py__1000000B__10Hz__shmem_ds__best_effort,receive,sub,cpp_to_py,copy,std,xcdr,shmem_ds,1000000,10,1,measured,137,2026-09-09T14:35:37.585625Z,157731247800884,157731246299287,157731247800884,1788964537584118938,1788964537584987399,ok,
std_copy_xcdr__cpp_to_py__1000000B__10Hz__shmem_ds__best_effort,receive,sub,cpp_to_py,copy,std,xcdr,shmem_ds,1000000,10,1,measured,138,2026-09-09T14:35:37.684334Z,157731346516238,157731345441587,157731346516238,1788964537683258643,1788964537683856864,ok,
std_copy_xcdr__cpp_to_py__1000000B__10Hz__shmem_ds__best_effort,receive,sub,cpp_to_py,copy,std,xcdr,shmem_ds,1000000,10,1,measured,139,2026-09-09T14:35:37.783661Z,157731445843647,157731444854698,157731445843647,1788964537782669390,1788964537783205233,ok,
std_copy_xcdr__cpp_to_py__1000000B__10Hz__shmem_ds__best_effort,receive,sub,cpp_to_py,copy,std,xcdr,shmem_ds,1000000,10,1,measured,140,2026-09-09T14:35:37.884465Z,157731546640774,157731545116223,157731546640774,1788964537882936806,1788964537883776402,ok,
std_copy_xcdr__cpp_to_py__1000000B__10Hz__shmem_ds__best_effort,receive,sub,cpp_to_py,copy,std,xcdr,shmem_ds,1000000,10,1,measured,141,2026-09-09T14:35:37.984450Z,157731646625996,157731645014401,157731646625996,1788964537982837328,1788964537983753810,ok,
std_copy_xcdr__cpp_to_py__1000000B__10Hz__shmem_ds__best_effort,receive,sub,cpp_to_py,copy,std,xcdr,shmem_ds,1000000,10,1,measured,142,2026-09-09T14:35:38.083419Z,157731745601331,157731744664351,157731745601331,1788964538082479273,1788964538082939412,ok,
std_copy_xcdr__cpp_to_py__1000000B__10Hz__shmem_ds__best_effort,receive,sub,cpp_to_py,copy,std,xcdr,shmem_ds,1000000,10,1,measured,143,2026-09-09T14:35:38.183229Z,157731845415472,157731844378663,157731845415472,1788964538182194687,1788964538182759354,ok,
std_copy_xcdr__cpp_to_py__1000000B__10Hz__shmem_ds__best_effort,receive,sub,cpp_to_py,copy,std,xcdr,shmem_ds,1000000,10,1,measured,144,2026-09-09T14:35:38.283738Z,157731945919757,157731944785944,157731945919757,1788964538282602018,1788964538283241427,ok,
std_copy_xcdr__cpp_to_py__1000000B__10Hz__shmem_ds__best_effort,receive,sub,cpp_to_py,copy,std,xcdr,shmem_ds,1000000,10,1,measured,145,2026-09-09T14:35:38.383852Z,157732046029505,157732044467503,157732046029505,1788964538382288417,1788964538383192005,ok,
std_copy_xcdr__cpp_to_py__1000000B__10Hz__shmem_ds__best_effort,receive,sub,cpp_to_py,copy,std,xcdr,shmem_ds,1000000,10,1,measured,146,2026-09-09T14:35:38.483488Z,157732145674227,157732144946983,157732145674227,1788964538482762045,1788964538483145680,ok,
std_copy_xcdr__cpp_to_py__1000000B__10Hz__shmem_ds__best_effort,receive,sub,cpp_to_py,copy,std,xcdr,shmem_ds,1000000,10,1,measured,147,2026-09-09T14:35:38.583566Z,157732245743119,157732244280074,157732245743119,1788964538582101468,1788964538582940804,ok,
std_copy_xcdr__cpp_to_py__1000000B__10Hz__shmem_ds__best_effort,receive,sub,cpp_to_py,copy,std,xcdr,shmem_ds,1000000,10,1,measured,148,2026-09-09T14:35:38.683378Z,157732345563671,157732344579151,157732345563671,1788964538682396467,1788964538682947178,ok,
std_copy_xcdr__cpp_to_py__1000000B__10Hz__shmem_ds__best_effort,receive,sub,cpp_to_py,copy,std,xcdr,shmem_ds,1000000,10,1,measured,149,2026-09-09T14:35:38.783159Z,157732445334701,157732443750257,157732445334701,1788964538781574127,1788964538782479638,ok,
std_copy_xcdr__cpp_to_py__1000000B__10Hz__shmem_ds__best_effort,receive,sub,cpp_to_py,copy,std,xcdr,shmem_ds,1000000,10,1,measured,150,2026-09-09T14:35:38.883030Z,157732545206080,157732543549650,157732545206080,1788964538881374481,1788964538882330477,ok,
std_copy_xcdr__cpp_to_py__1000000B__10Hz__shmem_ds__best_effort,receive,sub,cpp_to_py,copy,std,xcdr,shmem_ds,1000000,10,1,measured,151,2026-09-09T14:35:38.982304Z,157732644487474,157732643267548,157732644487474,1788964538981091628,1788964538981873666,ok,
std_copy_xcdr__cpp_to_py__1000000B__10Hz__shmem_ds__best_effort,receive,sub,cpp_to_py,copy,std,xcdr,shmem_ds,1000000,10,1,measured,152,2026-09-09T14:35:39.082035Z,157732744221724,157732743296235,157732744221724,1788964539081112711,1788964539081616292,ok,
std_copy_xcdr__cpp_to_py__1000000B__10Hz__shmem_ds__best_effort,receive,sub,cpp_to_py,copy,std,xcdr,shmem_ds,1000000,10,1,measured,153,2026-09-09T14:35:39.183046Z,157732845221869,157732843641222,157732845221869,1788964539181461694,1788964539182353710,ok,
std_copy_xcdr__cpp_to_py__1000000B__10Hz__shmem_ds__best_effort,receive,sub,cpp_to_py,copy,std,xcdr,shmem_ds,1000000,10,1,measured,154,2026-09-09T14:35:39.282755Z,157732944940670,157732944078901,157732944940670,1788964539281891549,1788964539282354815,ok,
std_copy_xcdr__cpp_to_py__1000000B__10Hz__shmem_ds__best_effort,receive,sub,cpp_to_py,copy,std,xcdr,shmem_ds,1000000,10,1,measured,155,2026-09-09T14:35:39.383557Z,157733045733733,157733044088945,157733045733733,1788964539381913745,1788964539382847079,ok,
std_copy_xcdr__cpp_to_py__1000000B__10Hz__shmem_ds__best_effort,receive,sub,cpp_to_py,copy,std,xcdr,shmem_ds,1000000,10,1,measured,156,2026-09-09T14:35:39.482764Z,157733144952078,157733144124634,157733144952078,1788964539481937954,1788964539482399255,ok,
std_copy_xcdr__cpp_to_py__1000000B__10Hz__shmem_ds__best_effort,receive,sub,cpp_to_py,copy,std,xcdr,shmem_ds,1000000,10,1,measured,157,2026-09-09T14:35:39.583317Z,157733245494496,157733243927184,157733245494496,1788964539581748599,1788964539582651235,ok,
std_copy_xcdr__cpp_to_py__1000000B__10Hz__shmem_ds__best_effort,receive,sub,cpp_to_py,copy,std,xcdr,shmem_ds,1000000,10,1,measured,158,2026-09-09T14:35:39.683233Z,157733345420329,157733344506472,157733345420329,1788964539682320032,1788964539682841778,ok,
std_copy_xcdr__cpp_to_py__1000000B__10Hz__shmem_ds__best_effort,receive,sub,cpp_to_py,copy,std,xcdr,shmem_ds,1000000,10,1,measured,159,2026-09-09T14:35:39.784129Z,157733446305746,157733443885944,157733446305746,1788964539781708120,1788964539783195380,ok,
std_copy_xcdr__cpp_to_py__1000000B__10Hz__shmem_ds__best_effort,receive,sub,cpp_to_py,copy,std,xcdr,shmem_ds,1000000,10,1,measured,160,2026-09-09T14:35:39.883008Z,157733545185142,157733543586551,157733545185142,1788964539881410050,1788964539882313096,ok,
std_copy_xcdr__cpp_to_py__1000000B__10Hz__shmem_ds__best_effort,receive,sub,cpp_to_py,copy,std,xcdr,shmem_ds,1000000,10,1,measured,161,2026-09-09T14:35:39.983019Z,157733645198120,157733643693978,157733645198120,1788964539981516334,1788964539982389735,ok,
std_copy_xcdr__cpp_to_py__1000000B__10Hz__shmem_ds__best_effort,receive,sub,cpp_to_py,copy,std,xcdr,shmem_ds,1000000,10,1,measured,162,2026-09-09T14:35:40.082256Z,157733744433158,157733742858672,157733744433158,1788964540080679596,1788964540081614603,ok,
std_copy_xcdr__cpp_to_py__1000000B__10Hz__shmem_ds__best_effort,receive,sub,cpp_to_py,copy,std,xcdr,shmem_ds,1000000,10,1,measured,163,2026-09-09T14:35:40.181274Z,157733843456337,157733842323125,157733843456337,1788964540180142015,1788964540180780953,ok,
std_copy_xcdr__cpp_to_py__1000000B__10Hz__shmem_ds__best_effort,receive,sub,cpp_to_py,copy,std,xcdr,shmem_ds,1000000,10,1,measured,164,2026-09-09T14:35:40.281129Z,157733943309464,157733942187413,157733943309464,1788964540280003277,1788964540280600927,ok,
std_copy_xcdr__cpp_to_py__1000000B__10Hz__shmem_ds__best_effort,receive,sub,cpp_to_py,copy,std,xcdr,shmem_ds,1000000,10,1,measured,165,2026-09-09T14:35:40.381115Z,157734043295583,157734042132985,157734043295583,1788964540379950172,1788964540380579812,ok,
std_copy_xcdr__cpp_to_py__1000000B__10Hz__shmem_ds__best_effort,receive,sub,cpp_to_py,copy,std,xcdr,shmem_ds,1000000,10,1,measured,166,2026-09-09T14:35:40.480023Z,157734142212702,157734141568234,157734142212702,1788964540479380481,1788964540479690888,ok,
std_copy_xcdr__cpp_to_py__1000000B__10Hz__shmem_ds__best_effort,receive,sub,cpp_to_py,copy,std,xcdr,shmem_ds,1000000,10,1,measured,167,2026-09-09T14:35:40.581130Z,157734243306021,157734241768877,157734243306021,1788964540579589550,1788964540580460526,ok,
std_copy_xcdr__cpp_to_py__1000000B__10Hz__shmem_ds__best_effort,receive,sub,cpp_to_py,copy,std,xcdr,shmem_ds,1000000,10,1,measured,168,2026-09-09T14:35:40.681388Z,157734343575495,157734342745747,157734343575495,1788964540680561010,1788964540681004428,ok,
std_copy_xcdr__cpp_to_py__1000000B__10Hz__shmem_ds__best_effort,receive,sub,cpp_to_py,copy,std,xcdr,shmem_ds,1000000,10,1,measured,169,2026-09-09T14:35:40.783014Z,157734445186163,157734443553327,157734445186163,1788964540781377727,1788964540782299269,ok,
std_copy_xcdr__cpp_to_py__1000000B__10Hz__shmem_ds__best_effort,receive,sub,cpp_to_py,copy,std,xcdr,shmem_ds,1000000,10,1,measured,170,2026-09-09T14:35:40.882622Z,157734544799518,157734543308651,157734544799518,1788964540881129424,1788964540881989078,ok,
std_copy_xcdr__cpp_to_py__1000000B__10Hz__shmem_ds__best_effort,receive,sub,cpp_to_py,copy,std,xcdr,shmem_ds,1000000,10,1,measured,171,2026-09-09T14:35:40.982655Z,157734644828746,157734643276784,157734644828746,1788964540981099741,1788964540981952002,ok,
std_copy_xcdr__cpp_to_py__1000000B__10Hz__shmem_ds__best_effort,receive,sub,cpp_to_py,copy,std,xcdr,shmem_ds,1000000,10,1,measured,172,2026-09-09T14:35:41.081836Z,157734744016737,157734742855943,157734744016737,1788964541080672128,1788964541081317628,ok,
std_copy_xcdr__cpp_to_py__1000000B__10Hz__shmem_ds__best_effort,receive,sub,cpp_to_py,copy,std,xcdr,shmem_ds,1000000,10,1,measured,173,2026-09-09T14:35:41.181694Z,157734843874635,157734842762493,157734843874635,1788964541180577756,1788964541181175836,ok,
std_copy_xcdr__cpp_to_py__1000000B__10Hz__shmem_ds__best_effort,receive,sub,cpp_to_py,copy,std,xcdr,shmem_ds,1000000,10,1,measured,174,2026-09-09T14:35:41.280979Z,157734943164929,157734942381569,157734943164929,1788964541280191752,1788964541280601006,ok,
std_copy_xcdr__cpp_to_py__1000000B__10Hz__shmem_ds__best_effort,receive,sub,cpp_to_py,copy,std,xcdr,shmem_ds,1000000,10,1,measured,175,2026-09-09T14:35:41.381063Z,157735043240337,157735041966500,157735043240337,1788964541379784869,1788964541380502645,ok,
std_copy_xcdr__cpp_to_py__1000000B__10Hz__shmem_ds__best_effort,receive,sub,cpp_to_py,copy,std,xcdr,shmem_ds,1000000,10,1,measured,176,2026-09-09T14:35:41.480524Z,157735142713147,157735141867599,157735142713147,1788964541479681369,1788964541480130628,ok,
std_copy_xcdr__cpp_to_py__1000000B__10Hz__shmem_ds__best_effort,receive,sub,cpp_to_py,copy,std,xcdr,shmem_ds,1000000,10,1,measured,177,2026-09-09T14:35:41.581511Z,157735243687574,157735242150740,157735243687574,1788964541579972545,1788964541580864090,ok,
std_copy_xcdr__cpp_to_py__1000000B__10Hz__shmem_ds__best_effort,receive,sub,cpp_to_py,copy,std,xcdr,shmem_ds,1000000,10,1,measured,178,2026-09-09T14:35:41.679986Z,157735342173308,157735341274530,157735342173308,1788964541679090574,1788964541679569930,ok,
std_copy_xcdr__cpp_to_py__1000000B__10Hz__shmem_ds__best_effort,receive,sub,cpp_to_py,copy,std,xcdr,shmem_ds,1000000,10,1,measured,179,2026-09-09T14:35:41.780349Z,157735442527843,157735441294903,157735442527843,1788964541779113292,1788964541779775604,ok,
std_copy_xcdr__cpp_to_py__1000000B__10Hz__shmem_ds__best_effort,receive,sub,cpp_to_py,copy,std,xcdr,shmem_ds,1000000,10,1,measured,180,2026-09-09T14:35:41.880421Z,157735542597701,157735540999852,157735542597701,1788964541878830283,1788964541879721347,ok,
std_copy_xcdr__cpp_to_py__1000000B__10Hz__shmem_ds__best_effort,receive,sub,cpp_to_py,copy,std,xcdr,shmem_ds,1000000,10,1,measured,181,2026-09-09T14:35:41.980787Z,157735642963949,157735641529838,157735642963949,1788964541979350632,1788964541980176663,ok,
std_copy_xcdr__cpp_to_py__1000000B__10Hz__shmem_ds__best_effort,receive,sub,cpp_to_py,copy,std,xcdr,shmem_ds,1000000,10,1,measured,182,2026-09-09T14:35:42.079953Z,157735742141491,157735741385081,157735742141491,1788964542079200294,1788964542079580613,ok,
std_copy_xcdr__cpp_to_py__1000000B__10Hz__shmem_ds__best_effort,receive,sub,cpp_to_py,copy,std,xcdr,shmem_ds,1000000,10,1,measured,183,2026-09-09T14:35:42.180186Z,157735842363538,157735840785185,157735842363538,1788964542178609134,1788964542179502002,ok,
std_copy_xcdr__cpp_to_py__1000000B__10Hz__shmem_ds__best_effort,receive,sub,cpp_to_py,copy,std,xcdr,shmem_ds,1000000,10,1,measured,184,2026-09-09T14:35:42.278738Z,157735940922662,157735939786164,157735940922662,1788964542277606968,1788964542278304075,ok,
std_copy_xcdr__cpp_to_py__1000000B__10Hz__shmem_ds__best_effort,receive,sub,cpp_to_py,copy,std,xcdr,shmem_ds,1000000,10,1,measured,185,2026-09-09T14:35:42.379114Z,157736041292168,157736040057615,157736041292168,1788964542377873409,1788964542378501966,ok,
std_copy_xcdr__cpp_to_py__1000000B__10Hz__shmem_ds__best_effort,receive,sub,cpp_to_py,copy,std,xcdr,shmem_ds,1000000,10,1,measured,186,2026-09-09T14:35:42.478139Z,157736140327762,157736139600186,157736140327762,1788964542477413385,1788964542477772043,ok,
std_copy_xcdr__cpp_to_py__1000000B__10Hz__shmem_ds__best_effort,receive,sub,cpp_to_py,copy,std,xcdr,shmem_ds,1000000,10,1,measured,187,2026-09-09T14:35:42.578308Z,157736240483954,157736238965624,157736240483954,1788964542576786107,1788964542577652314,ok,
std_copy_xcdr__cpp_to_py__1000000B__10Hz__shmem_ds__best_effort,receive,sub,cpp_to_py,copy,std,xcdr,shmem_ds,1000000,10,1,measured,188,2026-09-09T14:35:42.678496Z,157736340681244,157736339758941,157736340681244,1788964542677574525,1788964542678068749,ok,
std_copy_xcdr__cpp_to_py__1000000B__10Hz__shmem_ds__best_effort,receive,sub,cpp_to_py,copy,std,xcdr,shmem_ds,1000000,10,1,measured,189,2026-09-09T14:35:42.779554Z,157736441740062,157736440358260,157736441740062,1788964542778183151,1788964542779156190,ok,
std_copy_xcdr__cpp_to_py__1000000B__10Hz__shmem_ds__best_effort,receive,sub,cpp_to_py,copy,std,xcdr,shmem_ds,1000000,10,1,measured,190,2026-09-09T14:35:42.879616Z,157736541793259,157736540174651,157736541793259,1788964542877998009,1788964542878951901,ok,
std_copy_xcdr__cpp_to_py__1000000B__10Hz__shmem_ds__best_effort,receive,sub,cpp_to_py,copy,std,xcdr,shmem_ds,1000000,10,1,measured,191,2026-09-09T14:35:42.978783Z,157736640958679,157736639378142,157736640958679,1788964542977201851,1788964542978118243,ok,
std_copy_xcdr__cpp_to_py__1000000B__10Hz__shmem_ds__best_effort,receive,sub,cpp_to_py,copy,std,xcdr,shmem_ds,1000000,10,1,measured,192,2026-09-09T14:35:43.078427Z,157736740612282,157736739720917,157736740612282,1788964543077535689,1788964543078014144,ok,
std_copy_xcdr__cpp_to_py__1000000B__10Hz__shmem_ds__best_effort,receive,sub,cpp_to_py,copy,std,xcdr,shmem_ds,1000000,10,1,measured,193,2026-09-09T14:35:43.179588Z,157736841770198,157736840655181,157736841770198,1788964543178472648,1788964543179070278,ok,
std_copy_xcdr__cpp_to_py__1000000B__10Hz__shmem_ds__best_effort,receive,sub,cpp_to_py,copy,std,xcdr,shmem_ds,1000000,10,1,measured,194,2026-09-09T14:35:43.278846Z,157736941033565,157736940191464,157736941033565,1788964543278005204,1788964543278434125,ok,
std_copy_xcdr__cpp_to_py__1000000B__10Hz__shmem_ds__best_effort,receive,sub,cpp_to_py,copy,std,xcdr,shmem_ds,1000000,10,1,measured,195,2026-09-09T14:35:43.377904Z,157737040092274,157737039341936,157737040092274,1788964543377152711,1788964543377539362,ok,
std_copy_xcdr__cpp_to_py__1000000B__10Hz__shmem_ds__best_effort,receive,sub,cpp_to_py,copy,std,xcdr,shmem_ds,1000000,10,1,measured,196,2026-09-09T14:35:43.478330Z,157737140516464,157737139604661,157737140516464,1788964543477419052,1788964543477933565,ok,
std_copy_xcdr__cpp_to_py__1000000B__10Hz__shmem_ds__best_effort,receive,sub,cpp_to_py,copy,std,xcdr,shmem_ds,1000000,10,1,measured,197,2026-09-09T14:35:43.579070Z,157737241247795,157737239757118,157737241247795,1788964543577577109,1788964543578427026,ok,
std_copy_xcdr__cpp_to_py__1000000B__10Hz__shmem_ds__best_effort,receive,sub,cpp_to_py,copy,std,xcdr,shmem_ds,1000000,10,1,measured,198,2026-09-09T14:35:43.678055Z,157737340235961,157737339111165,157737340235961,1788964543676928632,1788964543677563773,ok,
std_copy_xcdr__cpp_to_py__1000000B__10Hz__shmem_ds__best_effort,receive,sub,cpp_to_py,copy,std,xcdr,shmem_ds,1000000,10,1,measured,199,2026-09-09T14:35:43.779212Z,157737441391272,157737439887931,157737441391272,1788964543777706861,1788964543778572848,ok,
std_copy_xcdr__cpp_to_py__1000000B__10Hz__shmem_ds__best_effort,receive,sub,cpp_to_py,copy,std,xcdr,shmem_ds,1000000,10,1,measured,200,2026-09-09T14:35:43.878513Z,157737540696969,157737539781048,157737540696969,1788964543877596762,1788964543878089783,ok,
std_copy_xcdr__cpp_to_py__1000000B__10Hz__shmem_ds__best_effort,receive,sub,cpp_to_py,copy,std,xcdr,shmem_ds,1000000,10,1,measured,201,2026-09-09T14:35:43.978413Z,157737640587651,157737638991755,157737640587651,1788964543976820423,1788964543977663496,ok,
std_copy_xcdr__cpp_to_py__1000000B__10Hz__shmem_ds__best_effort,receive,sub,cpp_to_py,copy,std,xcdr,shmem_ds,1000000,10,1,measured,202,2026-09-09T14:35:44.077139Z,157737739322038,157737738312600,157737739322038,1788964544076128204,1788964544076653346,ok,
std_copy_xcdr__cpp_to_py__1000000B__10Hz__shmem_ds__best_effort,receive,sub,cpp_to_py,copy,std,xcdr,shmem_ds,1000000,10,1,measured,203,2026-09-09T14:35:44.178233Z,157737840419562,157737839132419,157737840419562,1788964544176953283,1788964544177865076,ok,
std_copy_xcdr__cpp_to_py__1000000B__10Hz__shmem_ds__best_effort,receive,sub,cpp_to_py,copy,std,xcdr,shmem_ds,1000000,10,1,measured,204,2026-09-09T14:35:44.277988Z,157737940168277,157737939011521,157737940168277,1788964544276829098,1788964544277468967,ok,
std_copy_xcdr__cpp_to_py__1000000B__10Hz__shmem_ds__best_effort,receive,sub,cpp_to_py,copy,std,xcdr,shmem_ds,1000000,10,1,measured,205,2026-09-09T14:35:44.379106Z,157738041277984,157738039679032,157738041277984,1788964544377500647,1788964544378395097,ok,
std_copy_xcdr__cpp_to_py__1000000B__10Hz__shmem_ds__best_effort,receive,sub,cpp_to_py,copy,std,xcdr,shmem_ds,1000000,10,1,measured,206,2026-09-09T14:35:44.478391Z,157738140570416,157738139512046,157738140570416,1788964544477330696,1788964544477920260,ok,
std_copy_xcdr__cpp_to_py__1000000B__10Hz__shmem_ds__best_effort,receive,sub,cpp_to_py,copy,std,xcdr,shmem_ds,1000000,10,1,measured,207,2026-09-09T14:35:44.578620Z,157738240806412,157738239367192,157738240806412,1788964544577180842,1788964544577927814,ok,
std_copy_xcdr__cpp_to_py__1000000B__10Hz__shmem_ds__best_effort,receive,sub,cpp_to_py,copy,std,xcdr,shmem_ds,1000000,10,1,measured,208,2026-09-09T14:35:44.678394Z,157738340569844,157738339016649,157738340569844,1788964544676840218,1788964544677726262,ok,
std_copy_xcdr__cpp_to_py__1000000B__10Hz__shmem_ds__best_effort,receive,sub,cpp_to_py,copy,std,xcdr,shmem_ds,1000000,10,1,measured,209,2026-09-09T14:35:44.777371Z,157738439557150,157738438225774,157738439557150,1788964544776048892,1788964544776994569,ok,
std_copy_xcdr__cpp_to_py__1000000B__10Hz__shmem_ds__best_effort,receive,sub,cpp_to_py,copy,std,xcdr,shmem_ds,1000000,10,1,measured,210,2026-09-09T14:35:44.876642Z,157738538826599,157738537616232,157738538826599,1788964544875439470,1788964544876224614,ok,
std_copy_xcdr__cpp_to_py__1000000B__10Hz__shmem_ds__best_effort,receive,sub,cpp_to_py,copy,std,xcdr,shmem_ds,1000000,10,1,measured,211,2026-09-09T14:35:44.976373Z,157738638551128,157738637097632,157738638551128,1788964544974920038,1788964544975741080,ok,
std_copy_xcdr__cpp_to_py__1000000B__10Hz__shmem_ds__best_effort,receive,sub,cpp_to_py,copy,std,xcdr,shmem_ds,1000000,10,1,measured,212,2026-09-09T14:35:45.076726Z,157738738909155,157738737854352,157738738909155,1788964545075670446,1788964545076256774,ok,
std_copy_xcdr__cpp_to_py__1000000B__10Hz__shmem_ds__best_effort,receive,sub,cpp_to_py,copy,std,xcdr,shmem_ds,1000000,10,1,measured,213,2026-09-09T14:35:45.176426Z,157738838610903,157738837741049,157738838610903,1788964545175555560,1788964545176011713,ok,
std_copy_xcdr__cpp_to_py__1000000B__10Hz__shmem_ds__best_effort,receive,sub,cpp_to_py,copy,std,xcdr,shmem_ds,1000000,10,1,measured,214,2026-09-09T14:35:45.276205Z,157738938386610,157738937157207,157738938386610,1788964545274972780,1788964545275651343,ok,
std_copy_xcdr__cpp_to_py__1000000B__10Hz__shmem_ds__best_effort,receive,sub,cpp_to_py,copy,std,xcdr,shmem_ds,1000000,10,1,measured,215,2026-09-09T14:35:45.375704Z,157739037881415,157739036484084,157739037881415,1788964545374302002,1788964545375129326,ok,
std_copy_xcdr__cpp_to_py__1000000B__10Hz__shmem_ds__best_effort,receive,sub,cpp_to_py,copy,std,xcdr,shmem_ds,1000000,10,1,measured,216,2026-09-09T14:35:45.474760Z,157739136940769,157739135829569,157739136940769,1788964545473646906,1788964545474268451,ok,
std_copy_xcdr__cpp_to_py__1000000B__10Hz__shmem_ds__best_effort,receive,sub,cpp_to_py,copy,std,xcdr,shmem_ds,1000000,10,1,measured,217,2026-09-09T14:35:45.574498Z,157739236674766,157739235146398,157739236674766,1788964545572968484,1788964545573817368,ok,
std_copy_xcdr__cpp_to_py__1000000B__10Hz__shmem_ds__best_effort,receive,sub,cpp_to_py,copy,std,xcdr,shmem_ds,1000000,10,1,measured,218,2026-09-09T14:35:45.673349Z,157739335530105,157739334390190,157739335530105,1788964545672207527,1788964545672840574,ok,
std_copy_xcdr__cpp_to_py__1000000B__10Hz__shmem_ds__best_effort,receive,sub,cpp_to_py,copy,std,xcdr,shmem_ds,1000000,10,1,measured,219,2026-09-09T14:35:45.772780Z,157739434959958,157739433813652,157739434959958,1788964545771630437,1788964545772252443,ok,
std_copy_xcdr__cpp_to_py__1000000B__10Hz__shmem_ds__best_effort,receive,sub,cpp_to_py,copy,std,xcdr,shmem_ds,1000000,10,1,measured,220,2026-09-09T14:35:45.874164Z,157739536339827,157739534720416,157739536339827,1788964545872543304,1788964545873455918,ok,
std_copy_xcdr__cpp_to_py__1000000B__10Hz__shmem_ds__best_effort,receive,sub,cpp_to_py,copy,std,xcdr,shmem_ds,1000000,10,1,measured,221,2026-09-09T14:35:45.973716Z,157739635894316,157739634570955,157739635894316,1788964545972392119,1788964545973176672,ok,
std_copy_xcdr__cpp_to_py__1000000B__10Hz__shmem_ds__best_effort,receive,sub,cpp_to_py,copy,std,xcdr,shmem_ds,1000000,10,1,measured,222,2026-09-09T14:35:46.073272Z,157739735451761,157739734357613,157739735451761,1788964546072174910,1788964546072764494,ok,
std_copy_xcdr__cpp_to_py__1000000B__10Hz__shmem_ds__best_effort,receive,sub,cpp_to_py,copy,std,xcdr,shmem_ds,1000000,10,1,measured,223,2026-09-09T14:35:46.172379Z,157739834563875,157739833625772,157739834563875,1788964546171445233,1788964546171975294,ok,
std_copy_xcdr__cpp_to_py__1000000B__10Hz__shmem_ds__best_effort,receive,sub,cpp_to_py,copy,std,xcdr,shmem_ds,1000000,10,1,measured,224,2026-09-09T14:35:46.272305Z,157739934477925,157739932885445,157739934477925,1788964546270706700,1788964546271646275,ok,
std_copy_xcdr__cpp_to_py__1000000B__10Hz__shmem_ds__best_effort,receive,sub,cpp_to_py,copy,std,xcdr,shmem_ds,1000000,10,1,measured,225,2026-09-09T14:35:46.371489Z,157740033672455,157740032681052,157740033672455,1788964546370494922,1788964546371004595,ok,
std_copy_xcdr__cpp_to_py__1000000B__10Hz__shmem_ds__best_effort,receive,sub,cpp_to_py,copy,std,xcdr,shmem_ds,1000000,10,1,measured,226,2026-09-09T14:35:46.471037Z,157740133221445,157740132083474,157740133221445,1788964546469908075,1788964546470596155,ok,
std_copy_xcdr__cpp_to_py__1000000B__10Hz__shmem_ds__best_effort,receive,sub,cpp_to_py,copy,std,xcdr,shmem_ds,1000000,10,1,measured,227,2026-09-09T14:35:46.570613Z,157740232799239,157740231400856,157740232799239,1788964546569214316,1788964546570099278,ok,
std_copy_xcdr__cpp_to_py__1000000B__10Hz__shmem_ds__best_effort,receive,sub,cpp_to_py,copy,std,xcdr,shmem_ds,1000000,10,1,measured,228,2026-09-09T14:35:46.670021Z,157740332203956,157740331073941,157740332203956,1788964546668891929,1788964546669517601,ok,
std_copy_xcdr__cpp_to_py__1000000B__10Hz__shmem_ds__best_effort,receive,sub,cpp_to_py,copy,std,xcdr,shmem_ds,1000000,10,1,measured,229,2026-09-09T14:35:46.771069Z,157740433254424,157740431771461,157740433254424,1788964546769595090,1788964546770531179,ok,
std_copy_xcdr__cpp_to_py__1000000B__10Hz__shmem_ds__best_effort,receive,sub,cpp_to_py,copy,std,xcdr,shmem_ds,1000000,10,1,measured,230,2026-09-09T14:35:46.871469Z,157740533646156,157740532069817,157740533646156,1788964546869893126,1788964546870800671,ok,
std_copy_xcdr__cpp_to_py__1000000B__10Hz__shmem_ds__best_effort,receive,sub,cpp_to_py,copy,std,xcdr,shmem_ds,1000000,10,1,measured,231,2026-09-09T14:35:46.971245Z,157740633430110,157740631723174,157740633430110,1788964546969545400,1788964546970409603,ok,
std_copy_xcdr__cpp_to_py__1000000B__10Hz__shmem_ds__best_effort,receive,sub,cpp_to_py,copy,std,xcdr,shmem_ds,1000000,10,1,measured,232,2026-09-09T14:35:47.071371Z,157740733550741,157740732568985,157740733550741,1788964547070383066,1788964547070794173,ok,
std_copy_xcdr__cpp_to_py__1000000B__10Hz__shmem_ds__best_effort,receive,sub,cpp_to_py,copy,std,xcdr,shmem_ds,1000000,10,1,measured,233,2026-09-09T14:35:47.171910Z,157740834086467,157740832349745,157740834086467,1788964547170170618,1788964547170995658,ok,
std_copy_xcdr__cpp_to_py__1000000B__10Hz__shmem_ds__best_effort,receive,sub,cpp_to_py,copy,std,xcdr,shmem_ds,1000000,10,1,measured,234,2026-09-09T14:35:47.271394Z,157740933576056,157740932527184,157740933576056,1788964547270343499,1788964547270829758,ok,
std_copy_xcdr__cpp_to_py__1000000B__10Hz__shmem_ds__best_effort,receive,sub,cpp_to_py,copy,std,xcdr,shmem_ds,1000000,10,1,measured,235,2026-09-09T14:35:47.371566Z,157741033745811,157741032545502,157741033745811,1788964547370362619,1788964547371016063,ok,
std_copy_xcdr__cpp_to_py__1000000B__10Hz__shmem_ds__best_effort,receive,sub,cpp_to_py,copy,std,xcdr,shmem_ds,1000000,10,1,measured,236,2026-09-09T14:35:47.471220Z,157741133410791,157741132389190,157741133410791,1788964547470206477,1788964547470764151,ok,
std_copy_xcdr__cpp_to_py__1000000B__10Hz__shmem_ds__best_effort,receive,sub,cpp_to_py,copy,std,xcdr,shmem_ds,1000000,10,1,measured,237,2026-09-09T14:35:47.571675Z,157741233861946,157741232653563,157741233861946,1788964547570472723,1788964547571286321,ok,
std_copy_xcdr__cpp_to_py__1000000B__10Hz__shmem_ds__best_effort,receive,sub,cpp_to_py,copy,std,xcdr,shmem_ds,1000000,10,1,measured,238,2026-09-09T14:35:47.672414Z,157741334596038,157741333523661,157741334596038,1788964547671341008,1788964547671936043,ok,
std_copy_xcdr__cpp_to_py__1000000B__10Hz__shmem_ds__best_effort,receive,sub,cpp_to_py,copy,std,xcdr,shmem_ds,1000000,10,1,measured,239,2026-09-09T14:35:47.771492Z,157741433677916,157741432882863,157741433677916,1788964547770695551,1788964547771109534,ok,
std_copy_xcdr__cpp_to_py__1000000B__10Hz__shmem_ds__best_effort,receive,sub,cpp_to_py,copy,std,xcdr,shmem_ds,1000000,10,1,measured,240,2026-09-09T14:35:47.872150Z,157741534326696,157741532738655,157741534326696,1788964547870559548,1788964547871454530,ok,
std_copy_xcdr__cpp_to_py__1000000B__10Hz__shmem_ds__best_effort,receive,sub,cpp_to_py,copy,std,xcdr,shmem_ds,1000000,10,1,measured,241,2026-09-09T14:35:47.972509Z,157741634687612,157741633386282,157741634687612,1788964547971207046,1788964547971958646,ok,
std_copy_xcdr__cpp_to_py__1000000B__10Hz__shmem_ds__best_effort,receive,sub,cpp_to_py,copy,std,xcdr,shmem_ds,1000000,10,1,measured,242,2026-09-09T14:35:48.072423Z,157741734607827,157741733672579,157741734607827,1788964548071489095,1788964548071993117,ok,
std_copy_xcdr__cpp_to_py__1000000B__10Hz__shmem_ds__best_effort,receive,sub,cpp_to_py,copy,std,xcdr,shmem_ds,1000000,10,1,measured,243,2026-09-09T14:35:48.171384Z,157741833570331,157741832829310,157741833570331,1788964548170640015,1788964548171027537,ok,
std_copy_xcdr__cpp_to_py__1000000B__10Hz__shmem_ds__best_effort,receive,sub,cpp_to_py,copy,std,xcdr,shmem_ds,1000000,10,1,measured,244,2026-09-09T14:35:48.272127Z,157741934306046,157741933383593,157741934306046,1788964548271193024,1788964548271558585,ok,
std_copy_xcdr__cpp_to_py__1000000B__10Hz__shmem_ds__best_effort,receive,sub,cpp_to_py,copy,std,xcdr,shmem_ds,1000000,10,1,measured,245,2026-09-09T14:35:48.372510Z,157742034691259,157742033649560,157742034691259,1788964548371463600,1788964548371991558,ok,
std_copy_xcdr__cpp_to_py__1000000B__10Hz__shmem_ds__best_effort,receive,sub,cpp_to_py,copy,std,xcdr,shmem_ds,1000000,10,1,measured,246,2026-09-09T14:35:48.473194Z,157742135380145,157742134469103,157742135380145,1788964548472282022,1788964548472747492,ok,
std_copy_xcdr__cpp_to_py__1000000B__10Hz__shmem_ds__best_effort,receive,sub,cpp_to_py,copy,std,xcdr,shmem_ds,1000000,10,1,measured,247,2026-09-09T14:35:48.573206Z,157742235383276,157742233932033,157742235383276,1788964548571751764,1788964548572530316,ok,
std_copy_xcdr__cpp_to_py__1000000B__10Hz__shmem_ds__best_effort,receive,sub,cpp_to_py,copy,std,xcdr,shmem_ds,1000000,10,1,measured,248,2026-09-09T14:35:48.673584Z,157742335766064,157742334660915,157742335766064,1788964548672477851,1788964548673109034,ok,
std_copy_xcdr__cpp_to_py__1000000B__10Hz__shmem_ds__best_effort,receive,sub,cpp_to_py,copy,std,xcdr,shmem_ds,1000000,10,1,measured,249,2026-09-09T14:35:48.773533Z,157742435708460,157742434103587,157742435708460,1788964548771927496,1788964548772851632,ok,
std_copy_xcdr__cpp_to_py__1000000B__10Hz__shmem_ds__best_effort,receive,sub,cpp_to_py,copy,std,xcdr,shmem_ds,1000000,10,1,measured,250,2026-09-09T14:35:48.873301Z,157742535478119,157742533922489,157742535478119,1788964548871744645,1788964548872652370,ok,
std_copy_xcdr__cpp_to_py__1000000B__10Hz__shmem_ds__best_effort,receive,sub,cpp_to_py,copy,std,xcdr,shmem_ds,1000000,10,1,measured,251,2026-09-09T14:35:48.973107Z,157742635283055,157742633753815,157742635283055,1788964548971576542,1788964548972433221,ok,
std_copy_xcdr__cpp_to_py__1000000B__10Hz__shmem_ds__best_effort,receive,sub,cpp_to_py,copy,std,xcdr,shmem_ds,1000000,10,1,measured,252,2026-09-09T14:35:49.072674Z,157742734859570,157742734012449,157742734859570,1788964549071828383,1788964549072270579,ok,
std_copy_xcdr__cpp_to_py__1000000B__10Hz__shmem_ds__best_effort,receive,sub,cpp_to_py,copy,std,xcdr,shmem_ds,1000000,10,1,measured,253,2026-09-09T14:35:49.173667Z,157742835850559,157742834851040,157742835850559,1788964549172665080,1788964549173222534,ok,
std_copy_xcdr__cpp_to_py__1000000B__10Hz__shmem_ds__best_effort,receive,sub,cpp_to_py,copy,std,xcdr,shmem_ds,1000000,10,1,measured,254,2026-09-09T14:35:49.273834Z,157742936022080,157742935298933,157742936022080,1788964549273111380,1788964549273471862,ok,
std_copy_xcdr__cpp_to_py__1000000B__10Hz__shmem_ds__best_effort,receive,sub,cpp_to_py,copy,std,xcdr,shmem_ds,1000000,10,1,measured,255,2026-09-09T14:35:49.373902Z,157743036080876,157743034871972,157743036080876,1788964549372686764,1788964549373335600,ok,
std_copy_xcdr__cpp_to_py__1000000B__10Hz__shmem_ds__best_effort,receive,sub,cpp_to_py,copy,std,xcdr,shmem_ds,1000000,10,1,measured,256,2026-09-09T14:35:49.472916Z,157743135101472,157743134235496,157743135101472,1788964549472048023,1788964549472490399,ok,
std_copy_xcdr__cpp_to_py__1000000B__10Hz__shmem_ds__best_effort,receive,sub,cpp_to_py,copy,std,xcdr,shmem_ds,1000000,10,1,measured,257,2026-09-09T14:35:49.573124Z,157743235298060,157743233732391,157743235298060,1788964549571552292,1788964549572427657,ok,
std_copy_xcdr__cpp_to_py__1000000B__10Hz__shmem_ds__best_effort,receive,sub,cpp_to_py,copy,std,xcdr,shmem_ds,1000000,10,1,measured,258,2026-09-09T14:35:49.672069Z,157743334256087,157743333449833,157743334256087,1788964549671264725,1788964549671686493,ok,
std_copy_xcdr__cpp_to_py__1000000B__10Hz__shmem_ds__best_effort,receive,sub,cpp_to_py,copy,std,xcdr,shmem_ds,1000000,10,1,measured,259,2026-09-09T14:35:49.771285Z,157743433468063,157743432568553,157743433468063,1788964549770382253,1788964549770847973,ok,
std_copy_xcdr__cpp_to_py__1000000B__10Hz__shmem_ds__best_effort,receive,sub,cpp_to_py,copy,std,xcdr,shmem_ds,1000000,10,1,measured,260,2026-09-09T14:35:49.871064Z,157743533250058,157743531884717,157743533250058,1788964549869705621,1788964549870580544,ok,
std_copy_xcdr__cpp_to_py__1000000B__10Hz__shmem_ds__best_effort,receive,sub,cpp_to_py,copy,std,xcdr,shmem_ds,1000000,10,1,measured,261,2026-09-09T14:35:49.970285Z,157743632462416,157743630973973,157743632462416,1788964549968796780,1788964549969657557,ok,
std_copy_xcdr__cpp_to_py__1000000B__10Hz__shmem_ds__best_effort,receive,sub,cpp_to_py,copy,std,xcdr,shmem_ds,1000000,10,1,measured,262,2026-09-09T14:35:50.068578Z,157743730765444,157743730009045,157743730765444,1788964550067822805,1788964550068201571,ok,
std_copy_xcdr__cpp_to_py__1000000B__10Hz__shmem_ds__best_effort,receive,sub,cpp_to_py,copy,std,xcdr,shmem_ds,1000000,10,1,measured,263,2026-09-09T14:35:50.168401Z,157743830588026,157743829903332,157743830588026,1788964550167712975,1788964550168065140,ok,
std_copy_xcdr__cpp_to_py__1000000B__10Hz__shmem_ds__best_effort,receive,sub,cpp_to_py,copy,std,xcdr,shmem_ds,1000000,10,1,measured,264,2026-09-09T14:35:50.267934Z,157743930121091,157743929374540,157743930121091,1788964550267185665,1788964550267562748,ok,
std_copy_xcdr__cpp_to_py__1000000B__10Hz__shmem_ds__best_effort,receive,sub,cpp_to_py,copy,std,xcdr,shmem_ds,1000000,10,1,measured,265,2026-09-09T14:35:50.367209Z,157744029393133,157744028433219,157744029393133,1788964550366246979,1788964550366764777,ok,
std_copy_xcdr__cpp_to_py__1000000B__10Hz__shmem_ds__best_effort,receive,sub,cpp_to_py,copy,std,xcdr,shmem_ds,1000000,10,1,measured,266,2026-09-09T14:35:50.466749Z,157744128937139,157744128146585,157744128937139,1788964550465961547,1788964550466384817,ok,
std_copy_xcdr__cpp_to_py__1000000B__10Hz__shmem_ds__best_effort,receive,sub,cpp_to_py,copy,std,xcdr,shmem_ds,1000000,10,1,measured,267,2026-09-09T14:35:50.567590Z,157744229767966,157744228249276,157744229767966,1788964550566069468,1788964550566928221,ok,
std_copy_xcdr__cpp_to_py__1000000B__10Hz__shmem_ds__best_effort,receive,sub,cpp_to_py,copy,std,xcdr,shmem_ds,1000000,10,1,measured,268,2026-09-09T14:35:50.666213Z,157744328399668,157744327593855,157744328399668,1788964550665409078,1788964550665841124,ok,
std_copy_xcdr__cpp_to_py__1000000B__10Hz__shmem_ds__best_effort,receive,sub,cpp_to_py,copy,std,xcdr,shmem_ds,1000000,10,1,measured,269,2026-09-09T14:35:50.767001Z,157744429175451,157744427974672,157744429175451,1788964550765789133,1788964550766286022,ok,
std_copy_xcdr__cpp_to_py__1000000B__10Hz__shmem_ds__best_effort,receive,sub,cpp_to_py,copy,std,xcdr,shmem_ds,1000000,10,1,measured,270,2026-09-09T14:35:50.867991Z,157744530168065,157744528558032,157744530168065,1788964550866380639,1788964550867314694,ok,
std_copy_xcdr__cpp_to_py__1000000B__10Hz__shmem_ds__best_effort,receive,sub,cpp_to_py,copy,std,xcdr,shmem_ds,1000000,10,1,measured,271,2026-09-09T14:35:50.967894Z,157744630070137,157744628577637,157744630070137,1788964550966398761,1788964550967250490,ok,
std_copy_xcdr__cpp_to_py__1000000B__10Hz__shmem_ds__best_effort,receive,sub,cpp_to_py,copy,std,xcdr,shmem_ds,1000000,10,1,measured,272,2026-09-09T14:35:51.066229Z,157744728417973,157744727721186,157744728417973,1788964551065533803,1788964551065886720,ok,
std_copy_xcdr__cpp_to_py__1000000B__10Hz__shmem_ds__best_effort,receive,sub,cpp_to_py,copy,std,xcdr,shmem_ds,1000000,10,1,measured,273,2026-09-09T14:35:51.165719Z,157744827901175,157744826838426,157744827901175,1788964551164653879,1788964551165226722,ok,
std_copy_xcdr__cpp_to_py__1000000B__10Hz__shmem_ds__best_effort,receive,sub,cpp_to_py,copy,std,xcdr,shmem_ds,1000000,10,1,measured,274,2026-09-09T14:35:51.266358Z,157744928535723,157744927014508,157744928535723,1788964551264833798,1788964551265734200,ok,
std_copy_xcdr__cpp_to_py__1000000B__10Hz__shmem_ds__best_effort,receive,sub,cpp_to_py,copy,std,xcdr,shmem_ds,1000000,10,1,measured,275,2026-09-09T14:35:51.366675Z,157745028861266,157745027960885,157745028861266,1788964551365775567,1788964551366264821,ok,
std_copy_xcdr__cpp_to_py__1000000B__10Hz__shmem_ds__best_effort,receive,sub,cpp_to_py,copy,std,xcdr,shmem_ds,1000000,10,1,measured,276,2026-09-09T14:35:51.466888Z,157745129072384,157745128013052,157745129072384,1788964551465831701,1788964551466403632,ok,
std_copy_xcdr__cpp_to_py__1000000B__10Hz__shmem_ds__best_effort,receive,sub,cpp_to_py,copy,std,xcdr,shmem_ds,1000000,10,1,measured,277,2026-09-09T14:35:51.566708Z,157745228885079,157745227364315,157745228885079,1788964551565187042,1788964551566073457,ok,
std_copy_xcdr__cpp_to_py__1000000B__10Hz__shmem_ds__best_effort,receive,sub,cpp_to_py,copy,std,xcdr,shmem_ds,1000000,10,1,measured,278,2026-09-09T14:35:51.666471Z,157745328658760,157745327835864,157745328658760,1788964551665650386,1788964551666093684,ok,
std_copy_xcdr__cpp_to_py__1000000B__10Hz__shmem_ds__best_effort,receive,sub,cpp_to_py,copy,std,xcdr,shmem_ds,1000000,10,1,measured,279,2026-09-09T14:35:51.766054Z,157745428231791,157745427044507,157745428231791,1788964551764860331,1788964551765480273,ok,
std_copy_xcdr__cpp_to_py__1000000B__10Hz__shmem_ds__best_effort,receive,sub,cpp_to_py,copy,std,xcdr,shmem_ds,1000000,10,1,measured,280,2026-09-09T14:35:51.866571Z,157745528745521,157745527108757,157745528745521,1788964551864931715,1788964551865858146,ok,
std_copy_xcdr__cpp_to_py__1000000B__10Hz__shmem_ds__best_effort,receive,sub,cpp_to_py,copy,std,xcdr,shmem_ds,1000000,10,1,measured,281,2026-09-09T14:35:51.967207Z,157745629385488,157745627849816,157745629385488,1788964551965672884,1788964551966540303,ok,
std_copy_xcdr__cpp_to_py__1000000B__10Hz__shmem_ds__best_effort,receive,sub,cpp_to_py,copy,std,xcdr,shmem_ds,1000000,10,1,measured,282,2026-09-09T14:35:52.067182Z,157745729368325,157745728667511,157745729368325,1788964552066477414,1788964552066770387,ok,
std_copy_xcdr__cpp_to_py__1000000B__10Hz__shmem_ds__best_effort,receive,sub,cpp_to_py,copy,std,xcdr,shmem_ds,1000000,10,1,measured,283,2026-09-09T14:35:52.167472Z,157745829646511,157745827983558,157745829646511,1788964552165814220,1788964552166663435,ok,
std_copy_xcdr__cpp_to_py__1000000B__10Hz__shmem_ds__best_effort,receive,sub,cpp_to_py,copy,std,xcdr,shmem_ds,1000000,10,1,measured,284,2026-09-09T14:35:52.267282Z,157745929467292,157745928535501,157745929467292,1788964552266352076,1788964552266871057,ok,
std_copy_xcdr__cpp_to_py__1000000B__10Hz__shmem_ds__best_effort,receive,sub,cpp_to_py,copy,std,xcdr,shmem_ds,1000000,10,1,measured,285,2026-09-09T14:35:52.368157Z,157746030345471,157746029420834,157746030345471,1788964552367237119,1788964552367800564,ok,
std_copy_xcdr__cpp_to_py__1000000B__10Hz__shmem_ds__best_effort,receive,sub,cpp_to_py,copy,std,xcdr,shmem_ds,1000000,10,1,measured,286,2026-09-09T14:35:52.468176Z,157746130363034,157746129493231,157746130363034,1788964552467306099,1788964552467761670,ok,
std_copy_xcdr__cpp_to_py__1000000B__10Hz__shmem_ds__best_effort,receive,sub,cpp_to_py,copy,std,xcdr,shmem_ds,1000000,10,1,measured,287,2026-09-09T14:35:52.569346Z,157746231522235,157746229937219,157746231522235,1788964552567756269,1788964552568633718,ok,
std_copy_xcdr__cpp_to_py__1000000B__10Hz__shmem_ds__best_effort,receive,sub,cpp_to_py,copy,std,xcdr,shmem_ds,1000000,10,1,measured,288,2026-09-09T14:35:52.668053Z,157746330237247,157746329231336,157746330237247,1788964552667045917,1788964552667574687,ok,
std_copy_xcdr__cpp_to_py__1000000B__10Hz__shmem_ds__best_effort,receive,sub,cpp_to_py,copy,std,xcdr,shmem_ds,1000000,10,1,measured,289,2026-09-09T14:35:52.769005Z,157746431189135,157746430197471,157746431189135,1788964552768012373,1788964552768537416,ok,
std_copy_xcdr__cpp_to_py__1000000B__10Hz__shmem_ds__best_effort,receive,sub,cpp_to_py,copy,std,xcdr,shmem_ds,1000000,10,1,measured,290,2026-09-09T14:35:52.868814Z,157746530982695,157746529410464,157746530982695,1788964552867231057,1788964552868111281,ok,
std_copy_xcdr__cpp_to_py__1000000B__10Hz__shmem_ds__best_effort,receive,sub,cpp_to_py,copy,std,xcdr,shmem_ds,1000000,10,1,measured,291,2026-09-09T14:35:52.968422Z,157746630595253,157746628716482,157746630595253,1788964552966540982,1788964552967442857,ok,
std_copy_xcdr__cpp_to_py__1000000B__10Hz__shmem_ds__best_effort,receive,sub,cpp_to_py,copy,std,xcdr,shmem_ds,1000000,10,1,measured,292,2026-09-09T14:35:53.068133Z,157746730314924,157746729362544,157746730314924,1788964553067171735,1788964553067514142,ok,
std_copy_xcdr__cpp_to_py__1000000B__10Hz__shmem_ds__best_effort,receive,sub,cpp_to_py,copy,std,xcdr,shmem_ds,1000000,10,1,measured,293,2026-09-09T14:35:53.168440Z,157746830619641,157746829293504,157746830619641,1788964553167110961,1788964553167862361,ok,
std_copy_xcdr__cpp_to_py__1000000B__10Hz__shmem_ds__best_effort,receive,sub,cpp_to_py,copy,std,xcdr,shmem_ds,1000000,10,1,measured,294,2026-09-09T14:35:53.268227Z,157746930413903,157746929696567,157746930413903,1788964553267508654,1788964553267888011,ok,
std_copy_xcdr__cpp_to_py__1000000B__10Hz__shmem_ds__best_effort,receive,sub,cpp_to_py,copy,std,xcdr,shmem_ds,1000000,10,1,measured,295,2026-09-09T14:35:53.369335Z,157747031518952,157747030638568,157747031518952,1788964553368451547,1788964553368908200,ok,
std_copy_xcdr__cpp_to_py__1000000B__10Hz__shmem_ds__best_effort,receive,sub,cpp_to_py,copy,std,xcdr,shmem_ds,1000000,10,1,measured,296,2026-09-09T14:35:53.469452Z,157747131632799,157747130565261,157747131632799,1788964553468378921,1788964553468963706,ok,
std_copy_xcdr__cpp_to_py__1000000B__10Hz__shmem_ds__best_effort,receive,sub,cpp_to_py,copy,std,xcdr,shmem_ds,1000000,10,1,measured,297,2026-09-09T14:35:53.568545Z,157747230729513,157747229631958,157747230729513,1788964553567453894,1788964553568133558,ok,
std_copy_xcdr__cpp_to_py__1000000B__10Hz__shmem_ds__best_effort,receive,sub,cpp_to_py,copy,std,xcdr,shmem_ds,1000000,10,1,measured,298,2026-09-09T14:35:53.669190Z,157747331378501,157747330534496,157747331378501,1788964553668349708,1788964553668814878,ok,
std_copy_xcdr__cpp_to_py__1000000B__10Hz__shmem_ds__best_effort,receive,sub,cpp_to_py,copy,std,xcdr,shmem_ds,1000000,10,1,measured,299,2026-09-09T14:35:53.769351Z,157747431535669,157747430861304,157747431535669,1788964553768669975,1788964553768965634,ok,
std_copy_xcdr__cpp_to_py__1000000B__10Hz__shmem_ds__best_effort,receive,sub,cpp_to_py,copy,std,xcdr,shmem_ds,1000000,10,1,measured,300,2026-09-09T14:35:53.869426Z,157747531612195,157747530769953,157747531612195,1788964553868580878,1788964553869033723,ok,
