run_id,event,process,direction,config,message,backend,transport,payload_bytes,target_frequency_hz,step_index,phase,sequence,observed_utc,observed_mono_ns,send_mono_ns,receive_mono_ns,middleware_source_ns,middleware_received_ns,status,error
exp_constrained_pub_only_xcdr__cpp_to_cpp__100000B__10Hz__shmem_ds__best_effort,publish,pub,cpp_to_cpp,constrained_pub_only,exp,xcdr,shmem_ds,100000,10,0,measured,0,2026-09-09T14:22:00.129656Z,156913791794707,156913791794707,-1,-1,-1,ok,
exp_constrained_pub_only_xcdr__cpp_to_cpp__100000B__10Hz__shmem_ds__best_effort,publish,pub,cpp_to_cpp,constrained_pub_only,exp,xcdr,shmem_ds,100000,10,0,measured,1,2026-09-09T14:22:00.230157Z,156913892321827,156913892321827,-1,-1,-1,ok,
exp_constrained_pub_only_xcdr__cpp_to_cpp__100000B__10Hz__shmem_ds__best_effort,publish,pub,cpp_to_cpp,constrained_pub_only,exp,xcdr,shmem_ds,100000,10,0,measured,2,2026-09-09T14:22:00.330486Z,156913992631862,156913992631862,-1,-1,-1,ok,
exp_constrained_pub_only_xcdr__cpp_to_cpp__100000B__10Hz__shmem_ds__best_effort,publish,pub,cpp_to_cpp,constrained_pub_only,exp,xcdr,shmem_ds,100000,10,0,measured,3,2026-09-09T14:22:00.430940Z,156914093106595,156914093106595,-1,-1,-1,ok,
exp_constrained_pub_only_xcdr__cpp_to_cpp__100000B__10Hz__shmem_ds__best_effort,publish,pub,cpp_to_cpp,constrained_pub_only,exp,xcdr,shmem_ds,100000,10,0,measured,4,2026-09-09T14:22:00.530226Z,156914192382553,156914192382553,-1,-1,-1,ok,
exp_constrained_pub_only_xcdr__cpp_to_cpp__100000B__10Hz__shmem_ds__best_effort,publish,pub,cpp_to_cpp,constrained_pub_only,exp,xcdr,shmem_ds,100000,10,0,measured,5,2026-09-09T14:22:00.631099Z,156914293228087,156914293228087,-1,-1,-1,ok,
exp_constrained_pub_only_xcdr__cpp_to_cpp__100000B__10Hz__shmem_ds__best_effort,publish,pub,cpp_to_cpp,constrained_pub_only,exp,xcdr,shmem_ds,100000,10,0,measured,6,2026-09-09T14:22:00.730220Z,156914392380424,156914392380424,-1,-1,-1,ok,
exp_constrained_pub_only_xcdr__cpp_to_cpp__100000B__10Hz__shmem_ds__best_effort,publish,pub,cpp_to_cpp,constrained_pub_only,exp,xcdr,shmem_ds,100000,10,0,measured,7,2026-09-09T14:22:00.830367Z,156914492526675,156914492526675,-1,-1,-1,ok,
exp_constrained_pub_only_xcdr__cpp_to_cpp__100000B__10Hz__shmem_ds__best_effort,publish,pub,cpp_to_cpp,constrained_pub_only,exp,xcdr,shmem_ds,100000,10,0,measured,8,2026-09-09T14:22:00.930113Z,156914592272429,156914592272429,-1,-1,-1,ok,
exp_constrained_pub_only_xcdr__cpp_to_cpp__100000B__10Hz__shmem_ds__best_effort,publish,pub,cpp_to_cpp,constrained_pub_only,exp,xcdr,shmem_ds,100000,10,0,measured,9,2026-09-09T14:22:01.029696Z,156914691842848,156914691842848,-1,-1,-1,ok,
exp_constrained_pub_only_xcdr__cpp_to_cpp__100000B__10Hz__shmem_ds__best_effort,publish,pub,cpp_to_cpp,constrained_pub_only,exp,xcdr,shmem_ds,100000,10,0,measured,10,2026-09-09T14:22:01.129435Z,156914791601392,156914791601392,-1,-1,-1,ok,
exp_constrained_pub_only_xcdr__cpp_to_cpp__100000B__10Hz__shmem_ds__best_effort,publish,pub,cpp_to_cpp,constrained_pub_only,exp,xcdr,shmem_ds,100000,10,0,measured,11,2026-09-09T14:22:01.228414Z,156914890581937,156914890581937,-1,-1,-1,ok,
exp_constrained_pub_only_xcdr__cpp_to_cpp__100000B__10Hz__shmem_ds__best_effort,publish,pub,cpp_to_cpp,constrained_pub_only,exp,xcdr,shmem_ds,100000,10,0,measured,12,2026-09-09T14:22:01.328449Z,156914990620793,156914990620793,-1,-1,-1,ok,
exp_constrained_pub_only_xcdr__cpp_to_cpp__100000B__10Hz__shmem_ds__best_effort,publish,pub,cpp_to_cpp,constrained_pub_only,exp,xcdr,shmem_ds,100000,10,0,measured,13,2026-09-09T14:22:01.428837Z,156915090994724,156915090994724,-1,-1,-1,ok,
exp_constrained_pub_only_xcdr__cpp_to_cpp__100000B__10Hz__shmem_ds__best_effort,publish,pub,cpp_to_cpp,constrained_pub_only,exp,xcdr,shmem_ds,100000,10,0,measured,14,2026-09-09T14:22:01.529139Z,156915191288655,156915191288655,-1,-1,-1,ok,
exp_constrained_pub_only_xcdr__cpp_to_cpp__100000B__10Hz__shmem_ds__best_effort,publish,pub,cpp_to_cpp,constrained_pub_only,exp,xcdr,shmem_ds,100000,10,0,measured,15,2026-09-09T14:22:01.629789Z,156915291937949,156915291937949,-1,-1,-1,ok,
exp_constrained_pub_only_xcdr__cpp_to_cpp__100000B__10Hz__shmem_ds__best_effort,publish,pub,cpp_to_cpp,constrained_pub_only,exp,xcdr,shmem_ds,100000,10,0,measured,16,2026-09-09T14:22:01.730645Z,156915392813074,156915392813074,-1,-1,-1,ok,
exp_constrained_pub_only_xcdr__cpp_to_cpp__100000B__10Hz__shmem_ds__best_effort,publish,pub,cpp_to_cpp,constrained_pub_only,exp,xcdr,shmem_ds,100000,10,0,measured,17,2026-09-09T14:22:01.831169Z,156915493325452,156915493325452,-1,-1,-1,ok,
exp_constrained_pub_only_xcdr__cpp_to_cpp__100000B__10Hz__shmem_ds__best_effort,publish,pub,cpp_to_cpp,constrained_pub_only,exp,xcdr,shmem_ds,100000,10,0,measured,18,2026-09-09T14:22:01.931119Z,156915593250396,156915593250396,-1,-1,-1,ok,
exp_constrained_pub_only_xcdr__cpp_to_cpp__100000B__10Hz__shmem_ds__best_effort,publish,pub,cpp_to_cpp,constrained_pub_only,exp,xcdr,shmem_ds,100000,10,0,measured,19,2026-09-09T14:22:02.030200Z,156915692339184,156915692339184,-1,-1,-1,ok,
exp_constrained_pub_only_xcdr__cpp_to_cpp__100000B__10Hz__shmem_ds__best_effort,publish,pub,cpp_to_cpp,constrained_pub_only,exp,xcdr,shmem_ds,100000,10,0,measured,20,2026-09-09T14:22:02.129286Z,156915791446671,156915791446671,-1,-1,-1,ok,
exp_constrained_pub_only_xcdr__cpp_to_cpp__100000B__10Hz__shmem_ds__best_effort,publish,pub,cpp_to_cpp,constrained_pub_only,exp,xcdr,shmem_ds,100000,10,0,measured,21,2026-09-09T14:22:02.229793Z,156915891946955,156915891946955,-1,-1,-1,ok,
exp_constrained_pub_only_xcdr__cpp_to_cpp__100000B__10Hz__shmem_ds__best_effort,publish,pub,cpp_to_cpp,constrained_pub_only,exp,xcdr,shmem_ds,100000,10,0,measured,22,2026-09-09T14:22:02.329069Z,156915991236953,156915991236953,-1,-1,-1,ok,
exp_constrained_pub_only_xcdr__cpp_to_cpp__100000B__10Hz__shmem_ds__best_effort,publish,pub,cpp_to_cpp,constrained_pub_only,exp,xcdr,shmem_ds,100000,10,0,measured,23,2026-09-09T14:22:02.428927Z,156916091091701,156916091091701,-1,-1,-1,ok,
exp_constrained_pub_only_xcdr__cpp_to_cpp__100000B__10Hz__shmem_ds__best_effort,publish,pub,cpp_to_cpp,constrained_pub_only,exp,xcdr,shmem_ds,100000,10,0,measured,24,2026-09-09T14:22:02.528121Z,156916190283546,156916190283546,-1,-1,-1,ok,
exp_constrained_pub_only_xcdr__cpp_to_cpp__100000B__10Hz__shmem_ds__best_effort,publish,pub,cpp_to_cpp,constrained_pub_only,exp,xcdr,shmem_ds,100000,10,0,measured,25,2026-09-09T14:22:02.627479Z,156916289610022,156916289610022,-1,-1,-1,ok,
exp_constrained_pub_only_xcdr__cpp_to_cpp__100000B__10Hz__shmem_ds__best_effort,publish,pub,cpp_to_cpp,constrained_pub_only,exp,xcdr,shmem_ds,100000,10,0,measured,26,2026-09-09T14:22:02.726612Z,156916388769055,156916388769055,-1,-1,-1,ok,
exp_constrained_pub_only_xcdr__cpp_to_cpp__100000B__10Hz__shmem_ds__best_effort,publish,pub,cpp_to_cpp,constrained_pub_only,exp,xcdr,shmem_ds,100000,10,0,measured,27,2026-09-09T14:22:02.826668Z,156916488828306,156916488828306,-1,-1,-1,ok,
exp_constrained_pub_only_xcdr__cpp_to_cpp__100000B__10Hz__shmem_ds__best_effort,publish,pub,cpp_to_cpp,constrained_pub_only,exp,xcdr,shmem_ds,100000,10,0,measured,28,2026-09-09T14:22:02.926565Z,156916588723411,156916588723411,-1,-1,-1,ok,
exp_constrained_pub_only_xcdr__cpp_to_cpp__100000B__10Hz__shmem_ds__best_effort,publish,pub,cpp_to_cpp,constrained_pub_only,exp,xcdr,shmem_ds,100000,10,0,measured,29,2026-09-09T14:22:03.027143Z,156916689287604,156916689287604,-1,-1,-1,ok,
exp_constrained_pub_only_xcdr__cpp_to_cpp__100000B__10Hz__shmem_ds__best_effort,publish,pub,cpp_to_cpp,constrained_pub_only,exp,xcdr,shmem_ds,100000,10,0,measured,30,2026-09-09T14:22:03.126347Z,156916788512026,156916788512026,-1,-1,-1,ok,
exp_constrained_pub_only_xcdr__cpp_to_cpp__100000B__10Hz__shmem_ds__best_effort,publish,pub,cpp_to_cpp,constrained_pub_only,exp,xcdr,shmem_ds,100000,10,0,measured,31,2026-09-09T14:22:03.226839Z,156916888996326,156916888996326,-1,-1,-1,ok,
exp_constrained_pub_only_xcdr__cpp_to_cpp__100000B__10Hz__shmem_ds__best_effort,publish,pub,cpp_to_cpp,constrained_pub_only,exp,xcdr,shmem_ds,100000,10,0,measured,32,2026-09-09T14:22:03.326467Z,156916988642653,156916988642653,-1,-1,-1,ok,
exp_constrained_pub_only_xcdr__cpp_to_cpp__100000B__10Hz__shmem_ds__best_effort,publish,pub,cpp_to_cpp,constrained_pub_only,exp,xcdr,shmem_ds,100000,10,0,measured,33,2026-09-09T14:22:03.426994Z,156917089153923,156917089153923,-1,-1,-1,ok,
exp_constrained_pub_only_xcdr__cpp_to_cpp__100000B__10Hz__shmem_ds__best_effort,publish,pub,cpp_to_cpp,constrained_pub_only,exp,xcdr,shmem_ds,100000,10,0,measured,34,2026-09-09T14:22:03.527594Z,156917189758247,156917189758247,-1,-1,-1,ok,
exp_constrained_pub_only_xcdr__cpp_to_cpp__100000B__10Hz__shmem_ds__best_effort,publish,pub,cpp_to_cpp,constrained_pub_only,exp,xcdr,shmem_ds,100000,10,0,measured,35,2026-09-09T14:22:03.626653Z,156917288829263,156917288829263,-1,-1,-1,ok,
exp_constrained_pub_only_xcdr__cpp_to_cpp__100000B__10Hz__shmem_ds__best_effort,publish,pub,cpp_to_cpp,constrained_pub_only,exp,xcdr,shmem_ds,100000,10,0,measured,36,2026-09-09T14:22:03.727501Z,156917389683161,156917389683161,-1,-1,-1,ok,
exp_constrained_pub_only_xcdr__cpp_to_cpp__100000B__10Hz__shmem_ds__best_effort,publish,pub,cpp_to_cpp,constrained_pub_only,exp,xcdr,shmem_ds,100000,10,0,measured,37,2026-09-09T14:22:03.827985Z,156917490165647,156917490165647,-1,-1,-1,ok,
exp_constrained_pub_only_xcdr__cpp_to_cpp__100000B__10Hz__shmem_ds__best_effort,publish,pub,cpp_to_cpp,constrained_pub_only,exp,xcdr,shmem_ds,100000,10,0,measured,38,2026-09-09T14:22:03.927877Z,156917590041322,156917590041322,-1,-1,-1,ok,
exp_constrained_pub_only_xcdr__cpp_to_cpp__100000B__10Hz__shmem_ds__best_effort,publish,pub,cpp_to_cpp,constrained_pub_only,exp,xcdr,shmem_ds,100000,10,0,measured,39,2026-09-09T14:22:04.027537Z,156917689655783,156917689655783,-1,-1,-1,ok,
exp_constrained_pub_only_xcdr__cpp_to_cpp__100000B__10Hz__shmem_ds__best_effort,publish,pub,cpp_to_cpp,constrained_pub_only,exp,xcdr,shmem_ds,100000,10,0,measured,40,2026-09-09T14:22:04.126471Z,156917788643019,156917788643019,-1,-1,-1,ok,
exp_constrained_pub_only_xcdr__cpp_to_cpp__100000B__10Hz__shmem_ds__best_effort,publish,pub,cpp_to_cpp,constrained_pub_only,exp,xcdr,shmem_ds,100000,10,0,measured,41,2026-09-09T14:22:04.226885Z,156917889052085,156917889052085,-1,-1,-1,ok,
exp_constrained_pub_only_xcdr__cpp_to_cpp__100000B__10Hz__shmem_ds__best_effort,publish,pub,cpp_to_cpp,constrained_pub_only,exp,xcdr,shmem_ds,100000,10,0,measured,42,2026-09-09T14:22:04.326788Z,156917988962641,156917988962641,-1,-1,-1,ok,
exp_constrained_pub_only_xcdr__cpp_to_cpp__100000B__10Hz__shmem_ds__best_effort,publish,pub,cpp_to_cpp,constrained_pub_only,exp,xcdr,shmem_ds,100000,10,0,measured,43,2026-09-09T14:22:04.426863Z,156918089039227,156918089039227,-1,-1,-1,ok,
exp_constrained_pub_only_xcdr__cpp_to_cpp__100000B__10Hz__shmem_ds__best_effort,publish,pub,cpp_to_cpp,constrained_pub_only,exp,xcdr,shmem_ds,100000,10,0,measured,44,2026-09-09T14:22:04.526958Z,156918189097179,156918189097179,-1,-1,-1,ok,
exp_constrained_pub_only_xcdr__cpp_to_cpp__100000B__10Hz__shmem_ds__best_effort,publish,pub,cpp_to_cpp,constrained_pub_only,exp,xcdr,shmem_ds,100000,10,0,measured,45,2026-09-09T14:22:04.626349Z,156918288476194,156918288476194,-1,-1,-1,ok,
exp_constrained_pub_only_xcdr__cpp_to_cpp__100000B__10Hz__shmem_ds__best_effort,publish,pub,cpp_to_cpp,constrained_pub_only,exp,xcdr,shmem_ds,100000,10,0,measured,46,2026-09-09T14:22:04.726501Z,156918388658517,156918388658517,-1,-1,-1,ok,
exp_constrained_pub_only_xcdr__cpp_to_cpp__100000B__10Hz__shmem_ds__best_effort,publish,pub,cpp_to_cpp,constrained_pub_only,exp,xcdr,shmem_ds,100000,10,0,measured,47,2026-09-09T14:22:04.826478Z,156918488641168,156918488641168,-1,-1,-1,ok,
exp_constrained_pub_only_xcdr__cpp_to_cpp__100000B__10Hz__shmem_ds__best_effort,publish,pub,cpp_to_cpp,constrained_pub_only,exp,xcdr,shmem_ds,100000,10,0,measured,48,2026-09-09T14:22:04.926250Z,156918588411573,156918588411573,-1,-1,-1,ok,
exp_constrained_pub_only_xcdr__cpp_to_cpp__100000B__10Hz__shmem_ds__best_effort,publish,pub,cpp_to_cpp,constrained_pub_only,exp,xcdr,shmem_ds,100000,10,0,measured,49,2026-09-09T14:22:05.026594Z,156918688750830,156918688750830,-1,-1,-1,ok,
exp_constrained_pub_only_xcdr__cpp_to_cpp__100000B__10Hz__shmem_ds__best_effort,publish,pub,cpp_to_cpp,constrained_pub_only,exp,xcdr,shmem_ds,100000,10,0,measured,50,2026-09-09T14:22:05.126480Z,156918788613924,156918788613924,-1,-1,-1,ok,
exp_constrained_pub_only_xcdr__cpp_to_cpp__100000B__10Hz__shmem_ds__best_effort,publish,pub,cpp_to_cpp,constrained_pub_only,exp,xcdr,shmem_ds,100000,10,0,measured,51,2026-09-09T14:22:05.226319Z,156918888462932,156918888462932,-1,-1,-1,ok,
exp_constrained_pub_only_xcdr__cpp_to_cpp__100000B__10Hz__shmem_ds__best_effort,publish,pub,cpp_to_cpp,constrained_pub_only,exp,xcdr,shmem_ds,100000,10,0,measured,52,2026-09-09T14:22:05.325450Z,156918987620882,156918987620882,-1,-1,-1,ok,
exp_constrained_pub_only_xcdr__cpp_to_cpp__100000B__10Hz__shmem_ds__best_effort,publish,pub,cpp_to_cpp,constrained_pub_only,exp,xcdr,shmem_ds,100000,10,0,measured,53,2026-09-09T14:22:05.424642Z,156919086782640,156919086782640,-1,-1,-1,ok,
exp_constrained_pub_only_xcdr__cpp_to_cpp__100000B__10Hz__shmem_ds__best_effort,publish,pub,cpp_to_cpp,constrained_pub_only,exp,xcdr,shmem_ds,100000,10,0,measured,54,2026-09-09T14:22:05.525255Z,156919187418514,156919187418514,-1,-1,-1,ok,
exp_constrained_pub_only_xcdr__cpp_to_cpp__100000B__10Hz__shmem_ds__best_effort,publish,pub,cpp_to_cpp,constrained_pub_only,exp,xcdr,shmem_ds,100000,10,0,measured,55,2026-09-09T14:22:05.625238Z,156919287390041,156919287390041,-1,-1,-1,ok,
exp_constrained_pub_only_xcdr__cpp_to_cpp__100000B__10Hz__shmem_ds__best_effort,publish,pub,cpp_to_cpp,constrained_pub_only,exp,xcdr,shmem_ds,100000,10,0,measured,56,2026-09-09T14:22:05.725087Z,156919387256732,156919387256732,-1,-1,-1,ok,
exp_constrained_pub_only_xcdr__cpp_to_cpp__100000B__10Hz__shmem_ds__best_effort,publish,pub,cpp_to_cpp,constrained_pub_only,exp,xcdr,shmem_ds,100000,10,0,measured,57,2026-09-09T14:22:05.826094Z,156919488254362,156919488254362,-1,-1,-1,ok,
exp_constrained_pub_only_xcdr__cpp_to_cpp__100000B__10Hz__shmem_ds__best_effort,publish,pub,cpp_to_cpp,constrained_pub_only,exp,xcdr,shmem_ds,100000,10,0,measured,58,2026-09-09T14:22:05.926261Z,156919588433455,156919588433455,-1,-1,-1,ok,
exp_constrained_pub_only_xcdr__cpp_to_cpp__100000B__10Hz__shmem_ds__best_effort,publish,pub,cpp_to_cpp,constrained_pub_only,exp,xcdr,shmem_ds,100000,10,0,measured,59,2026-09-09T14:22:06.026529Z,156919688682039,156919688682039,-1,-1,-1,ok,
exp_constrained_pub_only_xcdr__cpp_to_cpp__100000B__10Hz__shmem_ds__best_effort,publish,pub,cpp_to_cpp,constrained_pub_only,exp,xcdr,shmem_ds,100000,10,0,measured,60,2026-09-09T14:22:06.126674Z,156919788836403,156919788836403,-1,-1,-1,ok,
exp_constrained_pub_only_xcdr__cpp_to_cpp__100000B__10Hz__shmem_ds__best_effort,publish,pub,cpp_to_cpp,constrained_pub_only,exp,xcdr,shmem_ds,100000,10,0,measured,61,2026-09-09T14:22:06.227392Z,156919889558064,156919889558064,-1,-1,-1,ok,
exp_constrained_pub_only_xcdr__cpp_to_cpp__100000B__10Hz__shmem_ds__best_effort,publish,pub,cpp_to_cpp,constrained_pub_only,exp,xcdr,shmem_ds,100000,10,0,measured,62,2026-09-09T14:22:06.327320Z,156919989497337,156919989497337,-1,-1,-1,ok,
exp_constrained_pub_only_xcdr__cpp_to_cpp__100000B__10Hz__shmem_ds__best_effort,publish,pub,cpp_to_cpp,constrained_pub_only,exp,xcdr,shmem_ds,100000,10,0,measured,63,2026-09-09T14:22:06.428031Z,156920090177481,156920090177481,-1,-1,-1,ok,
exp_constrained_pub_only_xcdr__cpp_to_cpp__100000B__10Hz__shmem_ds__best_effort,publish,pub,cpp_to_cpp,constrained_pub_only,exp,xcdr,shmem_ds,100000,10,0,measured,64,2026-09-09T14:22:06.527967Z,156920190135239,156920190135239,-1,-1,-1,ok,
exp_constrained_pub_only_xcdr__cpp_to_cpp__100000B__10Hz__shmem_ds__best_effort,publish,pub,cpp_to_cpp,constrained_pub_only,exp,xcdr,shmem_ds,100000,10,0,measured,65,2026-09-09T14:22:06.627884Z,156920290038545,156920290038545,-1,-1,-1,ok,
exp_constrained_pub_only_xcdr__cpp_to_cpp__100000B__10Hz__shmem_ds__best_effort,publish,pub,cpp_to_cpp,constrained_pub_only,exp,xcdr,shmem_ds,100000,10,0,measured,66,2026-09-09T14:22:06.727497Z,156920389654245,156920389654245,-1,-1,-1,ok,
exp_constrained_pub_only_xcdr__cpp_to_cpp__100000B__10Hz__shmem_ds__best_effort,publish,pub,cpp_to_cpp,constrained_pub_only,exp,xcdr,shmem_ds,100000,10,0,measured,67,2026-09-09T14:22:06.827082Z,156920489245019,156920489245019,-1,-1,-1,ok,
exp_constrained_pub_only_xcdr__cpp_to_cpp__100000B__10Hz__shmem_ds__best_effort,publish,pub,cpp_to_cpp,constrained_pub_only,exp,xcdr,shmem_ds,100000,10,0,measured,68,2026-09-09T14:22:06.927115Z,156920589284699,156920589284699,-1,-1,-1,ok,
exp_constrained_pub_only_xcdr__cpp_to_cpp__100000B__10Hz__shmem_ds__best_effort,publish,pub,cpp_to_cpp,constrained_pub_only,exp,xcdr,shmem_ds,100000,10,0,measured,69,2026-09-09T14:22:07.026883Z,156920689040341,156920689040341,-1,-1,-1,ok,
exp_constrained_pub_only_xcdr__cpp_to_cpp__100000B__10Hz__shmem_ds__best_effort,publish,pub,cpp_to_cpp,constrained_pub_only,exp,xcdr,shmem_ds,100000,10,0,measured,70,2026-09-09T14:22:07.127394Z,156920789552358,156920789552358,-1,-1,-1,ok,
exp_constrained_pub_only_xcdr__cpp_to_cpp__100000B__10Hz__shmem_ds__best_effort,publish,pub,cpp_to_cpp,constrained_pub_only,exp,xcdr,shmem_ds,100000,10,0,measured,71,2026-09-09T14:22:07.227038Z,156920889176459,156920889176459,-1,-1,-1,ok,
exp_constrained_pub_only_xcdr__cpp_to_cpp__100000B__10Hz__shmem_ds__best_effort,publish,pub,cpp_to_cpp,constrained_pub_only,exp,xcdr,shmem_ds,100000,10,0,measured,72,2026-09-09T14:22:07.327378Z,156920989535451,156920989535451,-1,-1,-1,ok,
exp_constrained_pub_only_xcdr__cpp_to_cpp__100000B__10Hz__shmem_ds__best_effort,publish,pub,cpp_to_cpp,constrained_pub_only,exp,xcdr,shmem_ds,100000,10,0,measured,73,2026-09-09T14:22:07.427858Z,156921089991343,156921089991343,-1,-1,-1,ok,
exp_constrained_pub_only_xcdr__cpp_to_cpp__100000B__10Hz__shmem_ds__best_effort,publish,pub,cpp_to_cpp,constrained_pub_only,exp,xcdr,shmem_ds,100000,10,0,measured,74,2026-09-09T14:22:07.528119Z,156921190285594,156921190285594,-1,-1,-1,ok,
exp_constrained_pub_only_xcdr__cpp_to_cpp__100000B__10Hz__shmem_ds__best_effort,publish,pub,cpp_to_cpp,constrained_pub_only,exp,xcdr,shmem_ds,100000,10,0,measured,75,2026-09-09T14:22:07.628830Z,156921290951708,156921290951708,-1,-1,-1,ok,
exp_constrained_pub_only_xcdr__cpp_to_cpp__100000B__10Hz__shmem_ds__best_effort,publish,pub,cpp_to_cpp,constrained_pub_only,exp,xcdr,shmem_ds,100000,10,0,measured,76,2026-09-09T14:22:07.729318Z,156921391489122,156921391489122,-1,-1,-1,ok,
exp_constrained_pub_only_xcdr__cpp_to_cpp__100000B__10Hz__shmem_ds__best_effort,publish,pub,cpp_to_cpp,constrained_pub_only,exp,xcdr,shmem_ds,100000,10,0,measured,77,2026-09-09T14:22:07.829630Z,156921491797308,156921491797308,-1,-1,-1,ok,
exp_constrained_pub_only_xcdr__cpp_to_cpp__100000B__10Hz__shmem_ds__best_effort,publish,pub,cpp_to_cpp,constrained_pub_only,exp,xcdr,shmem_ds,100000,10,0,measured,78,2026-09-09T14:22:07.930201Z,156921592374346,156921592374346,-1,-1,-1,ok,
exp_constrained_pub_only_xcdr__cpp_to_cpp__100000B__10Hz__shmem_ds__best_effort,publish,pub,cpp_to_cpp,constrained_pub_only,exp,xcdr,shmem_ds,100000,10,0,measured,79,2026-09-09T14:22:08.030022Z,156921692188474,156921692188474,-1,-1,-1,ok,
exp_constrained_pub_only_xcdr__cpp_to_cpp__100000B__10Hz__shmem_ds__best_effort,publish,pub,cpp_to_cpp,constrained_pub_only,exp,xcdr,shmem_ds,100000,10,0,measured,80,2026-09-09T14:22:08.130858Z,156921793030733,156921793030733,-1,-1,-1,ok,
exp_constrained_pub_only_xcdr__cpp_to_cpp__100000B__10Hz__shmem_ds__best_effort,publish,pub,cpp_to_cpp,constrained_pub_only,exp,xcdr,shmem_ds,100000,10,0,measured,81,2026-09-09T14:22:08.230598Z,156921892761650,156921892761650,-1,-1,-1,ok,
exp_constrained_pub_only_xcdr__cpp_to_cpp__100000B__10Hz__shmem_ds__best_effort,publish,pub,cpp_to_cpp,constrained_pub_only,exp,xcdr,shmem_ds,100000,10,0,measured,82,2026-09-09T14:22:08.330204Z,156921992362575,156921992362575,-1,-1,-1,ok,
exp_constrained_pub_only_xcdr__cpp_to_cpp__100000B__10Hz__shmem_ds__best_effort,publish,pub,cpp_to_cpp,constrained_pub_only,exp,xcdr,shmem_ds,100000,10,0,measured,83,2026-09-09T14:22:08.430727Z,156922092864259,156922092864259,-1,-1,-1,ok,
exp_constrained_pub_only_xcdr__cpp_to_cpp__100000B__10Hz__shmem_ds__best_effort,publish,pub,cpp_to_cpp,constrained_pub_only,exp,xcdr,shmem_ds,100000,10,0,measured,84,2026-09-09T14:22:08.530863Z,156922193029125,156922193029125,-1,-1,-1,ok,
exp_constrained_pub_only_xcdr__cpp_to_cpp__100000B__10Hz__shmem_ds__best_effort,publish,pub,cpp_to_cpp,constrained_pub_only,exp,xcdr,shmem_ds,100000,10,0,measured,85,2026-09-09T14:22:08.630572Z,156922292732220,156922292732220,-1,-1,-1,ok,
exp_constrained_pub_only_xcdr__cpp_to_cpp__100000B__10Hz__shmem_ds__best_effort,publish,pub,cpp_to_cpp,constrained_pub_only,exp,xcdr,shmem_ds,100000,10,0,measured,86,2026-09-09T14:22:08.729840Z,156922392010153,156922392010153,-1,-1,-1,ok,
exp_constrained_pub_only_xcdr__cpp_to_cpp__100000B__10Hz__shmem_ds__best_effort,publish,pub,cpp_to_cpp,constrained_pub_only,exp,xcdr,shmem_ds,100000,10,0,measured,87,2026-09-09T14:22:08.830107Z,156922492263534,156922492263534,-1,-1,-1,ok,
exp_constrained_pub_only_xcdr__cpp_to_cpp__100000B__10Hz__shmem_ds__best_effort,publish,pub,cpp_to_cpp,constrained_pub_only,exp,xcdr,shmem_ds,100000,10,0,measured,88,2026-09-09T14:22:08.930258Z,156922592432217,156922592432217,-1,-1,-1,ok,
exp_constrained_pub_only_xcdr__cpp_to_cpp__100000B__10Hz__shmem_ds__best_effort,publish,pub,cpp_to_cpp,constrained_pub_only,exp,xcdr,shmem_ds,100000,10,0,measured,89,2026-09-09T14:22:09.030325Z,156922692485717,156922692485717,-1,-1,-1,ok,
exp_constrained_pub_only_xcdr__cpp_to_cpp__100000B__10Hz__shmem_ds__best_effort,publish,pub,cpp_to_cpp,constrained_pub_only,exp,xcdr,shmem_ds,100000,10,0,measured,90,2026-09-09T14:22:09.130540Z,156922792707215,156922792707215,-1,-1,-1,ok,
exp_constrained_pub_only_xcdr__cpp_to_cpp__100000B__10Hz__shmem_ds__best_effort,publish,pub,cpp_to_cpp,constrained_pub_only,exp,xcdr,shmem_ds,100000,10,0,measured,91,2026-09-09T14:22:09.229631Z,156922891811071,156922891811071,-1,-1,-1,ok,
exp_constrained_pub_only_xcdr__cpp_to_cpp__100000B__10Hz__shmem_ds__best_effort,publish,pub,cpp_to_cpp,constrained_pub_only,exp,xcdr,shmem_ds,100000,10,0,measured,92,2026-09-09T14:22:09.329394Z,156922991558646,156922991558646,-1,-1,-1,ok,
exp_constrained_pub_only_xcdr__cpp_to_cpp__100000B__10Hz__shmem_ds__best_effort,publish,pub,cpp_to_cpp,constrained_pub_only,exp,xcdr,shmem_ds,100000,10,0,measured,93,2026-09-09T14:22:09.429851Z,156923092026152,156923092026152,-1,-1,-1,ok,
exp_constrained_pub_only_xcdr__cpp_to_cpp__100000B__10Hz__shmem_ds__best_effort,publish,pub,cpp_to_cpp,constrained_pub_only,exp,xcdr,shmem_ds,100000,10,0,measured,94,2026-09-09T14:22:09.530085Z,156923192252949,156923192252949,-1,-1,-1,ok,
exp_constrained_pub_only_xcdr__cpp_to_cpp__100000B__10Hz__shmem_ds__best_effort,publish,pub,cpp_to_cpp,constrained_pub_only,exp,xcdr,shmem_ds,100000,10,0,measured,95,2026-09-09T14:22:09.629896Z,156923292055677,156923292055677,-1,-1,-1,ok,
exp_constrained_pub_only_xcdr__cpp_to_cpp__100000B__10Hz__shmem_ds__best_effort,publish,pub,cpp_to_cpp,constrained_pub_only,exp,xcdr,shmem_ds,100000,10,0,measured,96,2026-09-09T14:22:09.730730Z,156923392905225,156923392905225,-1,-1,-1,ok,
exp_constrained_pub_only_xcdr__cpp_to_cpp__100000B__10Hz__shmem_ds__best_effort,publish,pub,cpp_to_cpp,constrained_pub_only,exp,xcdr,shmem_ds,100000,10,0,measured,97,2026-09-09T14:22:09.831231Z,156923493392669,156923493392669,-1,-1,-1,ok,
exp_constrained_pub_only_xcdr__cpp_to_cpp__100000B__10Hz__shmem_ds__best_effort,publish,pub,cpp_to_cpp,constrained_pub_only,exp,xcdr,shmem_ds,100000,10,0,measured,98,2026-09-09T14:22:09.930710Z,156923592865131,156923592865131,-1,-1,-1,ok,
exp_constrained_pub_only_xcdr__cpp_to_cpp__100000B__10Hz__shmem_ds__best_effort,publish,pub,cpp_to_cpp,constrained_pub_only,exp,xcdr,shmem_ds,100000,10,0,measured,99,2026-09-09T14:22:10.030767Z,156923692921343,156923692921343,-1,-1,-1,ok,
exp_constrained_pub_only_xcdr__cpp_to_cpp__100000B__10Hz__shmem_ds__best_effort,publish,pub,cpp_to_cpp,constrained_pub_only,exp,xcdr,shmem_ds,100000,10,0,measured,100,2026-09-09T14:22:10.130031Z,156923792180033,156923792180033,-1,-1,-1,ok,
exp_constrained_pub_only_xcdr__cpp_to_cpp__100000B__10Hz__shmem_ds__best_effort,publish,pub,cpp_to_cpp,constrained_pub_only,exp,xcdr,shmem_ds,100000,10,0,measured,101,2026-09-09T14:22:10.230586Z,156923892743775,156923892743775,-1,-1,-1,ok,
exp_constrained_pub_only_xcdr__cpp_to_cpp__100000B__10Hz__shmem_ds__best_effort,publish,pub,cpp_to_cpp,constrained_pub_only,exp,xcdr,shmem_ds,100000,10,0,measured,102,2026-09-09T14:22:10.330061Z,156923992213829,156923992213829,-1,-1,-1,ok,
exp_constrained_pub_only_xcdr__cpp_to_cpp__100000B__10Hz__shmem_ds__best_effort,publish,pub,cpp_to_cpp,constrained_pub_only,exp,xcdr,shmem_ds,100000,10,0,measured,103,2026-09-09T14:22:10.429282Z,156924091418458,156924091418458,-1,-1,-1,ok,
exp_constrained_pub_only_xcdr__cpp_to_cpp__100000B__10Hz__shmem_ds__best_effort,publish,pub,cpp_to_cpp,constrained_pub_only,exp,xcdr,shmem_ds,100000,10,0,measured,104,2026-09-09T14:22:10.530013Z,156924192171693,156924192171693,-1,-1,-1,ok,
exp_constrained_pub_only_xcdr__cpp_to_cpp__100000B__10Hz__shmem_ds__best_effort,publish,pub,cpp_to_cpp,constrained_pub_only,exp,xcdr,shmem_ds,100000,10,0,measured,105,2026-09-09T14:22:10.630024Z,156924292152669,156924292152669,-1,-1,-1,ok,
exp_constrained_pub_only_xcdr__cpp_to_cpp__100000B__10Hz__shmem_ds__best_effort,publish,pub,cpp_to_cpp,constrained_pub_only,exp,xcdr,shmem_ds,100000,10,0,measured,106,2026-09-09T14:22:10.729203Z,156924391355034,156924391355034,-1,-1,-1,ok,
exp_constrained_pub_only_xcdr__cpp_to_cpp__100000B__10Hz__shmem_ds__best_effort,publish,pub,cpp_to_cpp,constrained_pub_only,exp,xcdr,shmem_ds,100000,10,0,measured,107,2026-09-09T14:22:10.829631Z,156924491762254,156924491762254,-1,-1,-1,ok,
exp_constrained_pub_only_xcdr__cpp_to_cpp__100000B__10Hz__shmem_ds__best_effort,publish,pub,cpp_to_cpp,constrained_pub_only,exp,xcdr,shmem_ds,100000,10,0,measured,108,2026-09-09T14:22:10.928841Z,156924590986670,156924590986670,-1,-1,-1,ok,
exp_constrained_pub_only_xcdr__cpp_to_cpp__100000B__10Hz__shmem_ds__best_effort,publish,pub,cpp_to_cpp,constrained_pub_only,exp,xcdr,shmem_ds,100000,10,0,measured,109,2026-09-09T14:22:11.029280Z,156924691433254,156924691433254,-1,-1,-1,ok,
exp_constrained_pub_only_xcdr__cpp_to_cpp__100000B__10Hz__shmem_ds__best_effort,publish,pub,cpp_to_cpp,constrained_pub_only,exp,xcdr,shmem_ds,100000,10,0,measured,110,2026-09-09T14:22:11.129470Z,156924791632023,156924791632023,-1,-1,-1,ok,
exp_constrained_pub_only_xcdr__cpp_to_cpp__100000B__10Hz__shmem_ds__best_effort,publish,pub,cpp_to_cpp,constrained_pub_only,exp,xcdr,shmem_ds,100000,10,0,measured,111,2026-09-09T14:22:11.229182Z,156924891346298,156924891346298,-1,-1,-1,ok,
exp_constrained_pub_only_xcdr__cpp_to_cpp__100000B__10Hz__shmem_ds__best_effort,publish,pub,cpp_to_cpp,constrained_pub_only,exp,xcdr,shmem_ds,100000,10,0,measured,112,2026-09-09T14:22:11.329709Z,156924991877356,156924991877356,-1,-1,-1,ok,
exp_constrained_pub_only_xcdr__cpp_to_cpp__100000B__10Hz__shmem_ds__best_effort,publish,pub,cpp_to_cpp,constrained_pub_only,exp,xcdr,shmem_ds,100000,10,0,measured,113,2026-09-09T14:22:11.430561Z,156925092730895,156925092730895,-1,-1,-1,ok,
exp_constrained_pub_only_xcdr__cpp_to_cpp__100000B__10Hz__shmem_ds__best_effort,publish,pub,cpp_to_cpp,constrained_pub_only,exp,xcdr,shmem_ds,100000,10,0,measured,114,2026-09-09T14:22:11.531573Z,156925193732089,156925193732089,-1,-1,-1,ok,
exp_constrained_pub_only_xcdr__cpp_to_cpp__100000B__10Hz__shmem_ds__best_effort,publish,pub,cpp_to_cpp,constrained_pub_only,exp,xcdr,shmem_ds,100000,10,0,measured,115,2026-09-09T14:22:11.631369Z,156925293519932,156925293519932,-1,-1,-1,ok,
exp_constrained_pub_only_xcdr__cpp_to_cpp__100000B__10Hz__shmem_ds__best_effort,publish,pub,cpp_to_cpp,constrained_pub_only,exp,xcdr,shmem_ds,100000,10,0,measured,116,2026-09-09T14:22:11.731069Z,156925393242232,156925393242232,-1,-1,-1,ok,
exp_constrained_pub_only_xcdr__cpp_to_cpp__100000B__10Hz__shmem_ds__best_effort,publish,pub,cpp_to_cpp,constrained_pub_only,exp,xcdr,shmem_ds,100000,10,0,measured,117,2026-09-09T14:22:11.831743Z,156925493909783,156925493909783,-1,-1,-1,ok,
exp_constrained_pub_only_xcdr__cpp_to_cpp__100000B__10Hz__shmem_ds__best_effort,publish,pub,cpp_to_cpp,constrained_pub_only,exp,xcdr,shmem_ds,100000,10,0,measured,118,2026-09-09T14:22:11.932295Z,156925594453084,156925594453084,-1,-1,-1,ok,
exp_constrained_pub_only_xcdr__cpp_to_cpp__100000B__10Hz__shmem_ds__best_effort,publish,pub,cpp_to_cpp,constrained_pub_only,exp,xcdr,shmem_ds,100000,10,0,measured,119,2026-09-09T14:22:12.032651Z,156925694789199,156925694789199,-1,-1,-1,ok,
exp_constrained_pub_only_xcdr__cpp_to_cpp__100000B__10Hz__shmem_ds__best_effort,publish,pub,cpp_to_cpp,constrained_pub_only,exp,xcdr,shmem_ds,100000,10,0,measured,120,2026-09-09T14:22:12.133351Z,156925795524193,156925795524193,-1,-1,-1,ok,
exp_constrained_pub_only_xcdr__cpp_to_cpp__100000B__10Hz__shmem_ds__best_effort,publish,pub,cpp_to_cpp,constrained_pub_only,exp,xcdr,shmem_ds,100000,10,0,measured,121,2026-09-09T14:22:12.232472Z,156925894651961,156925894651961,-1,-1,-1,ok,
exp_constrained_pub_only_xcdr__cpp_to_cpp__100000B__10Hz__shmem_ds__best_effort,publish,pub,cpp_to_cpp,constrained_pub_only,exp,xcdr,shmem_ds,100000,10,0,measured,122,2026-09-09T14:22:12.332121Z,156925994302043,156925994302043,-1,-1,-1,ok,
exp_constrained_pub_only_xcdr__cpp_to_cpp__100000B__10Hz__shmem_ds__best_effort,publish,pub,cpp_to_cpp,constrained_pub_only,exp,xcdr,shmem_ds,100000,10,0,measured,123,2026-09-09T14:22:12.431713Z,156926093892144,156926093892144,-1,-1,-1,ok,
exp_constrained_pub_only_xcdr__cpp_to_cpp__100000B__10Hz__shmem_ds__best_effort,publish,pub,cpp_to_cpp,constrained_pub_only,exp,xcdr,shmem_ds,100000,10,0,measured,124,2026-09-09T14:22:12.531550Z,156926193722852,156926193722852,-1,-1,-1,ok,
exp_constrained_pub_only_xcdr__cpp_to_cpp__100000B__10Hz__shmem_ds__best_effort,publish,pub,cpp_to_cpp,constrained_pub_only,exp,xcdr,shmem_ds,100000,10,0,measured,125,2026-09-09T14:22:12.630891Z,156926293049530,156926293049530,-1,-1,-1,ok,
exp_constrained_pub_only_xcdr__cpp_to_cpp__100000B__10Hz__shmem_ds__best_effort,publish,pub,cpp_to_cpp,constrained_pub_only,exp,xcdr,shmem_ds,100000,10,0,measured,126,2026-09-09T14:22:12.731579Z,156926393750882,156926393750882,-1,-1,-1,ok,
exp_constrained_pub_only_xcdr__cpp_to_cpp__100000B__10Hz__shmem_ds__best_effort,publish,pub,cpp_to_cpp,constrained_pub_only,exp,xcdr,shmem_ds,100000,10,0,measured,127,2026-09-09T14:22:12.831559Z,156926493724568,156926493724568,-1,-1,-1,ok,
exp_constrained_pub_only_xcdr__cpp_to_cpp__100000B__10Hz__shmem_ds__best_effort,publish,pub,cpp_to_cpp,constrained_pub_only,exp,xcdr,shmem_ds,100000,10,0,measured,128,2026-09-09T14:22:12.931138Z,156926593305230,156926593305230,-1,-1,-1,ok,
exp_constrained_pub_only_xcdr__cpp_to_cpp__100000B__10Hz__shmem_ds__best_effort,publish,pub,cpp_to_cpp,constrained_pub_only,exp,xcdr,shmem_ds,100000,10,0,measured,129,2026-09-09T14:22:13.031779Z,156926693943306,156926693943306,-1,-1,-1,ok,
exp_constrained_pub_only_xcdr__cpp_to_cpp__100000B__10Hz__shmem_ds__best_effort,publish,pub,cpp_to_cpp,constrained_pub_only,exp,xcdr,shmem_ds,100000,10,0,measured,130,2026-09-09T14:22:13.131647Z,156926793805579,156926793805579,-1,-1,-1,ok,
exp_constrained_pub_only_xcdr__cpp_to_cpp__100000B__10Hz__shmem_ds__best_effort,publish,pub,cpp_to_cpp,constrained_pub_only,exp,xcdr,shmem_ds,100000,10,0,measured,131,2026-09-09T14:22:13.230784Z,156926892954684,156926892954684,-1,-1,-1,ok,
exp_constrained_pub_only_xcdr__cpp_to_cpp__100000B__10Hz__shmem_ds__best_effort,publish,pub,cpp_to_cpp,constrained_pub_only,exp,xcdr,shmem_ds,100000,10,0,measured,132,2026-09-09T14:22:13.331535Z,156926993708509,156926993708509,-1,-1,-1,ok,
exp_constrained_pub_only_xcdr__cpp_to_cpp__100000B__10Hz__shmem_ds__best_effort,publish,pub,cpp_to_cpp,constrained_pub_only,exp,xcdr,shmem_ds,100000,10,0,measured,133,2026-09-09T14:22:13.432140Z,156927094303288,156927094303288,-1,-1,-1,ok,
exp_constrained_pub_only_xcdr__cpp_to_cpp__100000B__10Hz__shmem_ds__best_effort,publish,pub,cpp_to_cpp,constrained_pub_only,exp,xcdr,shmem_ds,100000,10,0,measured,134,2026-09-09T14:22:13.532984Z,156927195125521,156927195125521,-1,-1,-1,ok,
exp_constrained_pub_only_xcdr__cpp_to_cpp__100000B__10Hz__shmem_ds__best_effort,publish,pub,cpp_to_cpp,constrained_pub_only,exp,xcdr,shmem_ds,100000,10,0,measured,135,2026-09-09T14:22:13.633678Z,156927295825697,156927295825697,-1,-1,-1,ok,
exp_constrained_pub_only_xcdr__cpp_to_cpp__100000B__10Hz__shmem_ds__best_effort,publish,pub,cpp_to_cpp,constrained_pub_only,exp,xcdr,shmem_ds,100000,10,0,measured,136,2026-09-09T14:22:13.732682Z,156927394856511,156927394856511,-1,-1,-1,ok,
exp_constrained_pub_only_xcdr__cpp_to_cpp__100000B__10Hz__shmem_ds__best_effort,publish,pub,cpp_to_cpp,constrained_pub_only,exp,xcdr,shmem_ds,100000,10,0,measured,137,2026-09-09T14:22:13.833182Z,156927495350051,156927495350051,-1,-1,-1,ok,
exp_constrained_pub_only_xcdr__cpp_to_cpp__100000B__10Hz__shmem_ds__best_effort,publish,pub,cpp_to_cpp,constrained_pub_only,exp,xcdr,shmem_ds,100000,10,0,measured,138,2026-09-09T14:22:13.932339Z,156927594501980,156927594501980,-1,-1,-1,ok,
exp_constrained_pub_only_xcdr__cpp_to_cpp__100000B__10Hz__shmem_ds__best_effort,publish,pub,cpp_to_cpp,constrained_pub_only,exp,xcdr,shmem_ds,100000,10,0,measured,139,2026-09-09T14:22:14.031743Z,156927693907304,156927693907304,-1,-1,-1,ok,
exp_constrained_pub_only_xcdr__cpp_to_cpp__100000B__10Hz__shmem_ds__best_effort,publish,pub,cpp_to_cpp,constrained_pub_only,exp,xcdr,shmem_ds,100000,10,0,measured,140,2026-09-09T14:22:14.132057Z,156927794197993,156927794197993,-1,-1,-1,ok,
exp_constrained_pub_only_xcdr__cpp_to_cpp__100000B__10Hz__shmem_ds__best_effort,publish,pub,cpp_to_cpp,constrained_pub_only,exp,xcdr,shmem_ds,100000,10,0,measured,141,2026-09-09T14:22:14.231892Z,156927894055794,156927894055794,-1,-1,-1,ok,
exp_constrained_pub_only_xcdr__cpp_to_cpp__100000B__10Hz__shmem_ds__best_effort,publish,pub,cpp_to_cpp,constrained_pub_only,exp,xcdr,shmem_ds,100000,10,0,measured,142,2026-09-09T14:22:14.331560Z,156927993725626,156927993725626,-1,-1,-1,ok,
exp_constrained_pub_only_xcdr__cpp_to_cpp__100000B__10Hz__shmem_ds__best_effort,publish,pub,cpp_to_cpp,constrained_pub_only,exp,xcdr,shmem_ds,100000,10,0,measured,143,2026-09-09T14:22:14.431345Z,156928093473933,156928093473933,-1,-1,-1,ok,
exp_constrained_pub_only_xcdr__cpp_to_cpp__100000B__10Hz__shmem_ds__best_effort,publish,pub,cpp_to_cpp,constrained_pub_only,exp,xcdr,shmem_ds,100000,10,0,measured,144,2026-09-09T14:22:14.531700Z,156928193850842,156928193850842,-1,-1,-1,ok,
exp_constrained_pub_only_xcdr__cpp_to_cpp__100000B__10Hz__shmem_ds__best_effort,publish,pub,cpp_to_cpp,constrained_pub_only,exp,xcdr,shmem_ds,100000,10,0,measured,145,2026-09-09T14:22:14.631375Z,156928293524992,156928293524992,-1,-1,-1,ok,
exp_constrained_pub_only_xcdr__cpp_to_cpp__100000B__10Hz__shmem_ds__best_effort,publish,pub,cpp_to_cpp,constrained_pub_only,exp,xcdr,shmem_ds,100000,10,0,measured,146,2026-09-09T14:22:14.731875Z,156928394015102,156928394015102,-1,-1,-1,ok,
exp_constrained_pub_only_xcdr__cpp_to_cpp__100000B__10Hz__shmem_ds__best_effort,publish,pub,cpp_to_cpp,constrained_pub_only,exp,xcdr,shmem_ds,100000,10,0,measured,147,2026-09-09T14:22:14.831178Z,156928493336163,156928493336163,-1,-1,-1,ok,
exp_constrained_pub_only_xcdr__cpp_to_cpp__100000B__10Hz__shmem_ds__best_effort,publish,pub,cpp_to_cpp,constrained_pub_only,exp,xcdr,shmem_ds,100000,10,0,measured,148,2026-09-09T14:22:14.931462Z,156928593630889,156928593630889,-1,-1,-1,ok,
exp_constrained_pub_only_xcdr__cpp_to_cpp__100000B__10Hz__shmem_ds__best_effort,publish,pub,cpp_to_cpp,constrained_pub_only,exp,xcdr,shmem_ds,100000,10,0,measured,149,2026-09-09T14:22:15.030657Z,156928692810017,156928692810017,-1,-1,-1,ok,
exp_constrained_pub_only_xcdr__cpp_to_cpp__100000B__10Hz__shmem_ds__best_effort,publish,pub,cpp_to_cpp,constrained_pub_only,exp,xcdr,shmem_ds,100000,10,0,measured,150,2026-09-09T14:22:15.130432Z,156928792598496,156928792598496,-1,-1,-1,ok,
exp_constrained_pub_only_xcdr__cpp_to_cpp__100000B__10Hz__shmem_ds__best_effort,publish,pub,cpp_to_cpp,constrained_pub_only,exp,xcdr,shmem_ds,100000,10,0,measured,151,2026-09-09T14:22:15.230182Z,156928892333696,156928892333696,-1,-1,-1,ok,
exp_constrained_pub_only_xcdr__cpp_to_cpp__100000B__10Hz__shmem_ds__best_effort,publish,pub,cpp_to_cpp,constrained_pub_only,exp,xcdr,shmem_ds,100000,10,0,measured,152,2026-09-09T14:22:15.330195Z,156928992354528,156928992354528,-1,-1,-1,ok,
exp_constrained_pub_only_xcdr__cpp_to_cpp__100000B__10Hz__shmem_ds__best_effort,publish,pub,cpp_to_cpp,constrained_pub_only,exp,xcdr,shmem_ds,100000,10,0,measured,153,2026-09-09T14:22:15.430596Z,156929092726414,156929092726414,-1,-1,-1,ok,
exp_constrained_pub_only_xcdr__cpp_to_cpp__100000B__10Hz__shmem_ds__best_effort,publish,pub,cpp_to_cpp,constrained_pub_only,exp,xcdr,shmem_ds,100000,10,0,measured,154,2026-09-09T14:22:15.531000Z,156929193150969,156929193150969,-1,-1,-1,ok,
exp_constrained_pub_only_xcdr__cpp_to_cpp__100000B__10Hz__shmem_ds__best_effort,publish,pub,cpp_to_cpp,constrained_pub_only,exp,xcdr,shmem_ds,100000,10,0,measured,155,2026-09-09T14:22:15.631013Z,156929293157324,156929293157324,-1,-1,-1,ok,
exp_constrained_pub_only_xcdr__cpp_to_cpp__100000B__10Hz__shmem_ds__best_effort,publish,pub,cpp_to_cpp,constrained_pub_only,exp,xcdr,shmem_ds,100000,10,0,measured,156,2026-09-09T14:22:15.731046Z,156929393201880,156929393201880,-1,-1,-1,ok,
exp_constrained_pub_only_xcdr__cpp_to_cpp__100000B__10Hz__shmem_ds__best_effort,publish,pub,cpp_to_cpp,constrained_pub_only,exp,xcdr,shmem_ds,100000,10,0,measured,157,2026-09-09T14:22:15.830839Z,156929492985208,156929492985208,-1,-1,-1,ok,
exp_constrained_pub_only_xcdr__cpp_to_cpp__100000B__10Hz__shmem_ds__best_effort,publish,pub,cpp_to_cpp,constrained_pub_only,exp,xcdr,shmem_ds,100000,10,0,measured,158,2026-09-09T14:22:15.931442Z,156929593584299,156929593584299,-1,-1,-1,ok,
exp_constrained_pub_only_xcdr__cpp_to_cpp__100000B__10Hz__shmem_ds__best_effort,publish,pub,cpp_to_cpp,constrained_pub_only,exp,xcdr,shmem_ds,100000,10,0,measured,159,2026-09-09T14:22:16.030826Z,156929692960080,156929692960080,-1,-1,-1,ok,
exp_constrained_pub_only_xcdr__cpp_to_cpp__100000B__10Hz__shmem_ds__best_effort,publish,pub,cpp_to_cpp,constrained_pub_only,exp,xcdr,shmem_ds,100000,10,0,measured,160,2026-09-09T14:22:16.130465Z,156929792635834,156929792635834,-1,-1,-1,ok,
exp_constrained_pub_only_xcdr__cpp_to_cpp__100000B__10Hz__shmem_ds__best_effort,publish,pub,cpp_to_cpp,constrained_pub_only,exp,xcdr,shmem_ds,100000,10,0,measured,161,2026-09-09T14:22:16.230587Z,156929892749485,156929892749485,-1,-1,-1,ok,
exp_constrained_pub_only_xcdr__cpp_to_cpp__100000B__10Hz__shmem_ds__best_effort,publish,pub,cpp_to_cpp,constrained_pub_only,exp,xcdr,shmem_ds,100000,10,0,measured,162,2026-09-09T14:22:16.329739Z,156929991905431,156929991905431,-1,-1,-1,ok,
exp_constrained_pub_only_xcdr__cpp_to_cpp__100000B__10Hz__shmem_ds__best_effort,publish,pub,cpp_to_cpp,constrained_pub_only,exp,xcdr,shmem_ds,100000,10,0,measured,163,2026-09-09T14:22:16.429264Z,156930091402973,156930091402973,-1,-1,-1,ok,
exp_constrained_pub_only_xcdr__cpp_to_cpp__100000B__10Hz__shmem_ds__best_effort,publish,pub,cpp_to_cpp,constrained_pub_only,exp,xcdr,shmem_ds,100000,10,0,measured,164,2026-09-09T14:22:16.529093Z,156930191248675,156930191248675,-1,-1,-1,ok,
exp_constrained_pub_only_xcdr__cpp_to_cpp__100000B__10Hz__shmem_ds__best_effort,publish,pub,cpp_to_cpp,constrained_pub_only,exp,xcdr,shmem_ds,100000,10,0,measured,165,2026-09-09T14:22:16.629039Z,156930291195184,156930291195184,-1,-1,-1,ok,
exp_constrained_pub_only_xcdr__cpp_to_cpp__100000B__10Hz__shmem_ds__best_effort,publish,pub,cpp_to_cpp,constrained_pub_only,exp,xcdr,shmem_ds,100000,10,0,measured,166,2026-09-09T14:22:16.728445Z,156930390620071,156930390620071,-1,-1,-1,ok,
exp_constrained_pub_only_xcdr__cpp_to_cpp__100000B__10Hz__shmem_ds__best_effort,publish,pub,cpp_to_cpp,constrained_pub_only,exp,xcdr,shmem_ds,100000,10,0,measured,167,2026-09-09T14:22:16.828649Z,156930490817128,156930490817128,-1,-1,-1,ok,
exp_constrained_pub_only_xcdr__cpp_to_cpp__100000B__10Hz__shmem_ds__best_effort,publish,pub,cpp_to_cpp,constrained_pub_only,exp,xcdr,shmem_ds,100000,10,0,measured,168,2026-09-09T14:22:16.929623Z,156930591796963,156930591796963,-1,-1,-1,ok,
exp_constrained_pub_only_xcdr__cpp_to_cpp__100000B__10Hz__shmem_ds__best_effort,publish,pub,cpp_to_cpp,constrained_pub_only,exp,xcdr,shmem_ds,100000,10,0,measured,169,2026-09-09T14:22:17.030456Z,156930692612585,156930692612585,-1,-1,-1,ok,
exp_constrained_pub_only_xcdr__cpp_to_cpp__100000B__10Hz__shmem_ds__best_effort,publish,pub,cpp_to_cpp,constrained_pub_only,exp,xcdr,shmem_ds,100000,10,0,measured,170,2026-09-09T14:22:17.130210Z,156930792370549,156930792370549,-1,-1,-1,ok,
exp_constrained_pub_only_xcdr__cpp_to_cpp__100000B__10Hz__shmem_ds__best_effort,publish,pub,cpp_to_cpp,constrained_pub_only,exp,xcdr,shmem_ds,100000,10,0,measured,171,2026-09-09T14:22:17.230150Z,156930892325120,156930892325120,-1,-1,-1,ok,
exp_constrained_pub_only_xcdr__cpp_to_cpp__100000B__10Hz__shmem_ds__best_effort,publish,pub,cpp_to_cpp,constrained_pub_only,exp,xcdr,shmem_ds,100000,10,0,measured,172,2026-09-09T14:22:17.329718Z,156930991901796,156930991901796,-1,-1,-1,ok,
exp_constrained_pub_only_xcdr__cpp_to_cpp__100000B__10Hz__shmem_ds__best_effort,publish,pub,cpp_to_cpp,constrained_pub_only,exp,xcdr,shmem_ds,100000,10,0,measured,173,2026-09-09T14:22:17.429637Z,156931091808969,156931091808969,-1,-1,-1,ok,
exp_constrained_pub_only_xcdr__cpp_to_cpp__100000B__10Hz__shmem_ds__best_effort,publish,pub,cpp_to_cpp,constrained_pub_only,exp,xcdr,shmem_ds,100000,10,0,measured,174,2026-09-09T14:22:17.529264Z,156931191434105,156931191434105,-1,-1,-1,ok,
exp_constrained_pub_only_xcdr__cpp_to_cpp__100000B__10Hz__shmem_ds__best_effort,publish,pub,cpp_to_cpp,constrained_pub_only,exp,xcdr,shmem_ds,100000,10,0,measured,175,2026-09-09T14:22:17.628881Z,156931291048140,156931291048140,-1,-1,-1,ok,
exp_constrained_pub_only_xcdr__cpp_to_cpp__100000B__10Hz__shmem_ds__best_effort,publish,pub,cpp_to_cpp,constrained_pub_only,exp,xcdr,shmem_ds,100000,10,0,measured,176,2026-09-09T14:22:17.728729Z,156931390906972,156931390906972,-1,-1,-1,ok,
exp_constrained_pub_only_xcdr__cpp_to_cpp__100000B__10Hz__shmem_ds__best_effort,publish,pub,cpp_to_cpp,constrained_pub_only,exp,xcdr,shmem_ds,100000,10,0,measured,177,2026-09-09T14:22:17.829026Z,156931491194213,156931491194213,-1,-1,-1,ok,
exp_constrained_pub_only_xcdr__cpp_to_cpp__100000B__10Hz__shmem_ds__best_effort,publish,pub,cpp_to_cpp,constrained_pub_only,exp,xcdr,shmem_ds,100000,10,0,measured,178,2026-09-09T14:22:17.928163Z,156931590326751,156931590326751,-1,-1,-1,ok,
exp_constrained_pub_only_xcdr__cpp_to_cpp__100000B__10Hz__shmem_ds__best_effort,publish,pub,cpp_to_cpp,constrained_pub_only,exp,xcdr,shmem_ds,100000,10,0,measured,179,2026-09-09T14:22:18.028203Z,156931690358287,156931690358287,-1,-1,-1,ok,
exp_constrained_pub_only_xcdr__cpp_to_cpp__100000B__10Hz__shmem_ds__best_effort,publish,pub,cpp_to_cpp,constrained_pub_only,exp,xcdr,shmem_ds,100000,10,0,measured,180,2026-09-09T14:22:18.127908Z,156931790064922,156931790064922,-1,-1,-1,ok,
exp_constrained_pub_only_xcdr__cpp_to_cpp__100000B__10Hz__shmem_ds__best_effort,publish,pub,cpp_to_cpp,constrained_pub_only,exp,xcdr,shmem_ds,100000,10,0,measured,181,2026-09-09T14:22:18.228415Z,156931890582218,156931890582218,-1,-1,-1,ok,
exp_constrained_pub_only_xcdr__cpp_to_cpp__100000B__10Hz__shmem_ds__best_effort,publish,pub,cpp_to_cpp,constrained_pub_only,exp,xcdr,shmem_ds,100000,10,0,measured,182,2026-09-09T14:22:18.328266Z,156931990435015,156931990435015,-1,-1,-1,ok,
exp_constrained_pub_only_xcdr__cpp_to_cpp__100000B__10Hz__shmem_ds__best_effort,publish,pub,cpp_to_cpp,constrained_pub_only,exp,xcdr,shmem_ds,100000,10,0,measured,183,2026-09-09T14:22:18.427688Z,156932089844446,156932089844446,-1,-1,-1,ok,
exp_constrained_pub_only_xcdr__cpp_to_cpp__100000B__10Hz__shmem_ds__best_effort,publish,pub,cpp_to_cpp,constrained_pub_only,exp,xcdr,shmem_ds,100000,10,0,measured,184,2026-09-09T14:22:18.526674Z,156932188841268,156932188841268,-1,-1,-1,ok,
exp_constrained_pub_only_xcdr__cpp_to_cpp__100000B__10Hz__shmem_ds__best_effort,publish,pub,cpp_to_cpp,constrained_pub_only,exp,xcdr,shmem_ds,100000,10,0,measured,185,2026-09-09T14:22:18.626962Z,156932289120400,156932289120400,-1,-1,-1,ok,
exp_constrained_pub_only_xcdr__cpp_to_cpp__100000B__10Hz__shmem_ds__best_effort,publish,pub,cpp_to_cpp,constrained_pub_only,exp,xcdr,shmem_ds,100000,10,0,measured,186,2026-09-09T14:22:18.726512Z,156932388662788,156932388662788,-1,-1,-1,ok,
exp_constrained_pub_only_xcdr__cpp_to_cpp__100000B__10Hz__shmem_ds__best_effort,publish,pub,cpp_to_cpp,constrained_pub_only,exp,xcdr,shmem_ds,100000,10,0,measured,187,2026-09-09T14:22:18.825901Z,156932488051931,156932488051931,-1,-1,-1,ok,
exp_constrained_pub_only_xcdr__cpp_to_cpp__100000B__10Hz__shmem_ds__best_effort,publish,pub,cpp_to_cpp,constrained_pub_only,exp,xcdr,shmem_ds,100000,10,0,measured,188,2026-09-09T14:22:18.926635Z,156932588806470,156932588806470,-1,-1,-1,ok,
exp_constrained_pub_only_xcdr__cpp_to_cpp__100000B__10Hz__shmem_ds__best_effort,publish,pub,cpp_to_cpp,constrained_pub_only,exp,xcdr,shmem_ds,100000,10,0,measured,189,2026-09-09T14:22:19.027246Z,156932689408636,156932689408636,-1,-1,-1,ok,
exp_constrained_pub_only_xcdr__cpp_to_cpp__100000B__10Hz__shmem_ds__best_effort,publish,pub,cpp_to_cpp,constrained_pub_only,exp,xcdr,shmem_ds,100000,10,0,measured,190,2026-09-09T14:22:19.127083Z,156932789237104,156932789237104,-1,-1,-1,ok,
exp_constrained_pub_only_xcdr__cpp_to_cpp__100000B__10Hz__shmem_ds__best_effort,publish,pub,cpp_to_cpp,constrained_pub_only,exp,xcdr,shmem_ds,100000,10,0,measured,191,2026-09-09T14:22:19.226255Z,156932888424577,156932888424577,-1,-1,-1,ok,
exp_constrained_pub_only_xcdr__cpp_to_cpp__100000B__10Hz__shmem_ds__best_effort,publish,pub,cpp_to_cpp,constrained_pub_only,exp,xcdr,shmem_ds,100000,10,0,measured,192,2026-09-09T14:22:19.326599Z,156932988769288,156932988769288,-1,-1,-1,ok,
exp_constrained_pub_only_xcdr__cpp_to_cpp__100000B__10Hz__shmem_ds__best_effort,publish,pub,cpp_to_cpp,constrained_pub_only,exp,xcdr,shmem_ds,100000,10,0,measured,193,2026-09-09T14:22:19.427531Z,156933089703127,156933089703127,-1,-1,-1,ok,
exp_constrained_pub_only_xcdr__cpp_to_cpp__100000B__10Hz__shmem_ds__best_effort,publish,pub,cpp_to_cpp,constrained_pub_only,exp,xcdr,shmem_ds,100000,10,0,measured,194,2026-09-09T14:22:19.527085Z,156933189248236,156933189248236,-1,-1,-1,ok,
exp_constrained_pub_only_xcdr__cpp_to_cpp__100000B__10Hz__shmem_ds__best_effort,publish,pub,cpp_to_cpp,constrained_pub_only,exp,xcdr,shmem_ds,100000,10,0,measured,195,2026-09-09T14:22:19.626244Z,156933288402457,156933288402457,-1,-1,-1,ok,
exp_constrained_pub_only_xcdr__cpp_to_cpp__100000B__10Hz__shmem_ds__best_effort,publish,pub,cpp_to_cpp,constrained_pub_only,exp,xcdr,shmem_ds,100000,10,0,measured,196,2026-09-09T14:22:19.726481Z,156933388653583,156933388653583,-1,-1,-1,ok,
exp_constrained_pub_only_xcdr__cpp_to_cpp__100000B__10Hz__shmem_ds__best_effort,publish,pub,cpp_to_cpp,constrained_pub_only,exp,xcdr,shmem_ds,100000,10,0,measured,197,2026-09-09T14:22:19.826641Z,156933488806907,156933488806907,-1,-1,-1,ok,
exp_constrained_pub_only_xcdr__cpp_to_cpp__100000B__10Hz__shmem_ds__best_effort,publish,pub,cpp_to_cpp,constrained_pub_only,exp,xcdr,shmem_ds,100000,10,0,measured,198,2026-09-09T14:22:19.925984Z,156933588158656,156933588158656,-1,-1,-1,ok,
exp_constrained_pub_only_xcdr__cpp_to_cpp__100000B__10Hz__shmem_ds__best_effort,publish,pub,cpp_to_cpp,constrained_pub_only,exp,xcdr,shmem_ds,100000,10,0,measured,199,2026-09-09T14:22:20.026815Z,156933688957044,156933688957044,-1,-1,-1,ok,
exp_constrained_pub_only_xcdr__cpp_to_cpp__100000B__10Hz__shmem_ds__best_effort,publish,pub,cpp_to_cpp,constrained_pub_only,exp,xcdr,shmem_ds,100000,10,0,measured,200,2026-09-09T14:22:20.126670Z,156933788837786,156933788837786,-1,-1,-1,ok,
exp_constrained_pub_only_xcdr__cpp_to_cpp__100000B__10Hz__shmem_ds__best_effort,publish,pub,cpp_to_cpp,constrained_pub_only,exp,xcdr,shmem_ds,100000,10,0,measured,201,2026-09-09T14:22:20.225881Z,156933888036697,156933888036697,-1,-1,-1,ok,
exp_constrained_pub_only_xcdr__cpp_to_cpp__100000B__10Hz__shmem_ds__best_effort,publish,pub,cpp_to_cpp,constrained_pub_only,exp,xcdr,shmem_ds,100000,10,0,measured,202,2026-09-09T14:22:20.325197Z,156933987369907,156933987369907,-1,-1,-1,ok,
exp_constrained_pub_only_xcdr__cpp_to_cpp__100000B__10Hz__shmem_ds__best_effort,publish,pub,cpp_to_cpp,constrained_pub_only,exp,xcdr,shmem_ds,100000,10,0,measured,203,2026-09-09T14:22:20.426019Z,156934088187766,156934088187766,-1,-1,-1,ok,
exp_constrained_pub_only_xcdr__cpp_to_cpp__100000B__10Hz__shmem_ds__best_effort,publish,pub,cpp_to_cpp,constrained_pub_only,exp,xcdr,shmem_ds,100000,10,0,measured,204,2026-09-09T14:22:20.525928Z,156934188096811,156934188096811,-1,-1,-1,ok,
exp_constrained_pub_only_xcdr__cpp_to_cpp__100000B__10Hz__shmem_ds__best_effort,publish,pub,cpp_to_cpp,constrained_pub_only,exp,xcdr,shmem_ds,100000,10,0,measured,205,2026-09-09T14:22:20.626640Z,156934288767956,156934288767956,-1,-1,-1,ok,
exp_constrained_pub_only_xcdr__cpp_to_cpp__100000B__10Hz__shmem_ds__best_effort,publish,pub,cpp_to_cpp,constrained_pub_only,exp,xcdr,shmem_ds,100000,10,0,measured,206,2026-09-09T14:22:20.726425Z,156934388580892,156934388580892,-1,-1,-1,ok,
exp_constrained_pub_only_xcdr__cpp_to_cpp__100000B__10Hz__shmem_ds__best_effort,publish,pub,cpp_to_cpp,constrained_pub_only,exp,xcdr,shmem_ds,100000,10,0,measured,207,2026-09-09T14:22:20.826264Z,156934488425556,156934488425556,-1,-1,-1,ok,
exp_constrained_pub_only_xcdr__cpp_to_cpp__100000B__10Hz__shmem_ds__best_effort,publish,pub,cpp_to_cpp,constrained_pub_only,exp,xcdr,shmem_ds,100000,10,0,measured,208,2026-09-09T14:22:20.925861Z,156934588032367,156934588032367,-1,-1,-1,ok,
exp_constrained_pub_only_xcdr__cpp_to_cpp__100000B__10Hz__shmem_ds__best_effort,publish,pub,cpp_to_cpp,constrained_pub_only,exp,xcdr,shmem_ds,100000,10,0,measured,209,2026-09-09T14:22:21.025132Z,156934687287854,156934687287854,-1,-1,-1,ok,
exp_constrained_pub_only_xcdr__cpp_to_cpp__100000B__10Hz__shmem_ds__best_effort,publish,pub,cpp_to_cpp,constrained_pub_only,exp,xcdr,shmem_ds,100000,10,0,measured,210,2026-09-09T14:22:21.124497Z,156934786662349,156934786662349,-1,-1,-1,ok,
exp_constrained_pub_only_xcdr__cpp_to_cpp__100000B__10Hz__shmem_ds__best_effort,publish,pub,cpp_to_cpp,constrained_pub_only,exp,xcdr,shmem_ds,100000,10,0,measured,211,2026-09-09T14:22:21.223996Z,156934886153941,156934886153941,-1,-1,-1,ok,
exp_constrained_pub_only_xcdr__cpp_to_cpp__100000B__10Hz__shmem_ds__best_effort,publish,pub,cpp_to_cpp,constrained_pub_only,exp,xcdr,shmem_ds,100000,10,0,measured,212,2026-09-09T14:22:21.324747Z,156934986908158,156934986908158,-1,-1,-1,ok,
exp_constrained_pub_only_xcdr__cpp_to_cpp__100000B__10Hz__shmem_ds__best_effort,publish,pub,cpp_to_cpp,constrained_pub_only,exp,xcdr,shmem_ds,100000,10,0,measured,213,2026-09-09T14:22:21.424628Z,156935086792763,156935086792763,-1,-1,-1,ok,
exp_constrained_pub_only_xcdr__cpp_to_cpp__100000B__10Hz__shmem_ds__best_effort,publish,pub,cpp_to_cpp,constrained_pub_only,exp,xcdr,shmem_ds,100000,10,0,measured,214,2026-09-09T14:22:21.524035Z,156935186206480,156935186206480,-1,-1,-1,ok,
exp_constrained_pub_only_xcdr__cpp_to_cpp__100000B__10Hz__shmem_ds__best_effort,publish,pub,cpp_to_cpp,constrained_pub_only,exp,xcdr,shmem_ds,100000,10,0,measured,215,2026-09-09T14:22:21.623357Z,156935285530810,156935285530810,-1,-1,-1,ok,
exp_constrained_pub_only_xcdr__cpp_to_cpp__100000B__10Hz__shmem_ds__best_effort,publish,pub,cpp_to_cpp,constrained_pub_only,exp,xcdr,shmem_ds,100000,10,0,measured,216,2026-09-09T14:22:21.722711Z,156935384882542,156935384882542,-1,-1,-1,ok,
exp_constrained_pub_only_xcdr__cpp_to_cpp__100000B__10Hz__shmem_ds__best_effort,publish,pub,cpp_to_cpp,constrained_pub_only,exp,xcdr,shmem_ds,100000,10,0,measured,217,2026-09-09T14:22:21.822037Z,156935484201743,156935484201743,-1,-1,-1,ok,
exp_constrained_pub_only_xcdr__cpp_to_cpp__100000B__10Hz__shmem_ds__best_effort,publish,pub,cpp_to_cpp,constrained_pub_only,exp,xcdr,shmem_ds,100000,10,0,measured,218,2026-09-09T14:22:21.921271Z,156935583442107,156935583442107,-1,-1,-1,ok,
exp_constrained_pub_only_xcdr__cpp_to_cpp__100000B__10Hz__shmem_ds__best_effort,publish,pub,cpp_to_cpp,constrained_pub_only,exp,xcdr,shmem_ds,100000,10,0,measured,219,2026-09-09T14:22:22.020777Z,156935682906871,156935682906871,-1,-1,-1,ok,
exp_constrained_pub_only_xcdr__cpp_to_cpp__100000B__10Hz__shmem_ds__best_effort,publish,pub,cpp_to_cpp,constrained_pub_only,exp,xcdr,shmem_ds,100000,10,0,measured,220,2026-09-09T14:22:22.121584Z,156935783761441,156935783761441,-1,-1,-1,ok,
exp_constrained_pub_only_xcdr__cpp_to_cpp__100000B__10Hz__shmem_ds__best_effort,publish,pub,cpp_to_cpp,constrained_pub_only,exp,xcdr,shmem_ds,100000,10,0,measured,221,2026-09-09T14:22:22.221465Z,156935883633740,156935883633740,-1,-1,-1,ok,
exp_constrained_pub_only_xcdr__cpp_to_cpp__100000B__10Hz__shmem_ds__best_effort,publish,pub,cpp_to_cpp,constrained_pub_only,exp,xcdr,shmem_ds,100000,10,0,measured,222,2026-09-09T14:22:22.321232Z,156935983405681,156935983405681,-1,-1,-1,ok,
exp_constrained_pub_only_xcdr__cpp_to_cpp__100000B__10Hz__shmem_ds__best_effort,publish,pub,cpp_to_cpp,constrained_pub_only,exp,xcdr,shmem_ds,100000,10,0,measured,223,2026-09-09T14:22:22.420488Z,156936082668343,156936082668343,-1,-1,-1,ok,
exp_constrained_pub_only_xcdr__cpp_to_cpp__100000B__10Hz__shmem_ds__best_effort,publish,pub,cpp_to_cpp,constrained_pub_only,exp,xcdr,shmem_ds,100000,10,0,measured,224,2026-09-09T14:22:22.519765Z,156936181934521,156936181934521,-1,-1,-1,ok,
exp_constrained_pub_only_xcdr__cpp_to_cpp__100000B__10Hz__shmem_ds__best_effort,publish,pub,cpp_to_cpp,constrained_pub_only,exp,xcdr,shmem_ds,100000,10,0,measured,225,2026-09-09T14:22:22.619591Z,156936281746837,156936281746837,-1,-1,-1,ok,
exp_constrained_pub_only_xcdr__cpp_to_cpp__100000B__10Hz__shmem_ds__best_effort,publish,pub,cpp_to_cpp,constrained_pub_only,exp,xcdr,shmem_ds,100000,10,0,measured,226,2026-09-09T14:22:22.718980Z,156936381139451,156936381139451,-1,-1,-1,ok,
exp_constrained_pub_only_xcdr__cpp_to_cpp__100000B__10Hz__shmem_ds__best_effort,publish,pub,cpp_to_cpp,constrained_pub_only,exp,xcdr,shmem_ds,100000,10,0,measured,227,2026-09-09T14:22:22.818311Z,156936480467875,156936480467875,-1,-1,-1,ok,
exp_constrained_pub_only_xcdr__cpp_to_cpp__100000B__10Hz__shmem_ds__best_effort,publish,pub,cpp_to_cpp,constrained_pub_only,exp,xcdr,shmem_ds,100000,10,0,measured,228,2026-09-09T14:22:22.917989Z,156936580145141,156936580145141,-1,-1,-1,ok,
exp_constrained_pub_only_xcdr__cpp_to_cpp__100000B__10Hz__shmem_ds__best_effort,publish,pub,cpp_to_cpp,constrained_pub_only,exp,xcdr,shmem_ds,100000,10,0,measured,229,2026-09-09T14:22:23.018690Z,156936680839312,156936680839312,-1,-1,-1,ok,
exp_constrained_pub_only_xcdr__cpp_to_cpp__100000B__10Hz__shmem_ds__best_effort,publish,pub,cpp_to_cpp,constrained_pub_only,exp,xcdr,shmem_ds,100000,10,0,measured,230,2026-09-09T14:22:23.118972Z,156936781126531,156936781126531,-1,-1,-1,ok,
exp_constrained_pub_only_xcdr__cpp_to_cpp__100000B__10Hz__shmem_ds__best_effort,publish,pub,cpp_to_cpp,constrained_pub_only,exp,xcdr,shmem_ds,100000,10,0,measured,231,2026-09-09T14:22:23.218625Z,156936880786129,156936880786129,-1,-1,-1,ok,
exp_constrained_pub_only_xcdr__cpp_to_cpp__100000B__10Hz__shmem_ds__best_effort,publish,pub,cpp_to_cpp,constrained_pub_only,exp,xcdr,shmem_ds,100000,10,0,measured,232,2026-09-09T14:22:23.319451Z,156936981623933,156936981623933,-1,-1,-1,ok,
exp_constrained_pub_only_xcdr__cpp_to_cpp__100000B__10Hz__shmem_ds__best_effort,publish,pub,cpp_to_cpp,constrained_pub_only,exp,xcdr,shmem_ds,100000,10,0,measured,233,2026-09-09T14:22:23.419225Z,156937081401741,156937081401741,-1,-1,-1,ok,
exp_constrained_pub_only_xcdr__cpp_to_cpp__100000B__10Hz__shmem_ds__best_effort,publish,pub,cpp_to_cpp,constrained_pub_only,exp,xcdr,shmem_ds,100000,10,0,measured,234,2026-09-09T14:22:23.519398Z,156937181573113,156937181573113,-1,-1,-1,ok,
exp_constrained_pub_only_xcdr__cpp_to_cpp__100000B__10Hz__shmem_ds__best_effort,publish,pub,cpp_to_cpp,constrained_pub_only,exp,xcdr,shmem_ds,100000,10,0,measured,235,2026-09-09T14:22:23.619439Z,156937281602761,156937281602761,-1,-1,-1,ok,
exp_constrained_pub_only_xcdr__cpp_to_cpp__100000B__10Hz__shmem_ds__best_effort,publish,pub,cpp_to_cpp,constrained_pub_only,exp,xcdr,shmem_ds,100000,10,0,measured,236,2026-09-09T14:22:23.719271Z,156937381440752,156937381440752,-1,-1,-1,ok,
exp_constrained_pub_only_xcdr__cpp_to_cpp__100000B__10Hz__shmem_ds__best_effort,publish,pub,cpp_to_cpp,constrained_pub_only,exp,xcdr,shmem_ds,100000,10,0,measured,237,2026-09-09T14:22:23.819541Z,156937481705097,156937481705097,-1,-1,-1,ok,
exp_constrained_pub_only_xcdr__cpp_to_cpp__100000B__10Hz__shmem_ds__best_effort,publish,pub,cpp_to_cpp,constrained_pub_only,exp,xcdr,shmem_ds,100000,10,0,measured,238,2026-09-09T14:22:23.920427Z,156937582586935,156937582586935,-1,-1,-1,ok,
exp_constrained_pub_only_xcdr__cpp_to_cpp__100000B__10Hz__shmem_ds__best_effort,publish,pub,cpp_to_cpp,constrained_pub_only,exp,xcdr,shmem_ds,100000,10,0,measured,239,2026-09-09T14:22:24.019770Z,156937681935153,156937681935153,-1,-1,-1,ok,
exp_constrained_pub_only_xcdr__cpp_to_cpp__100000B__10Hz__shmem_ds__best_effort,publish,pub,cpp_to_cpp,constrained_pub_only,exp,xcdr,shmem_ds,100000,10,0,measured,240,2026-09-09T14:22:24.119588Z,156937781770915,156937781770915,-1,-1,-1,ok,
exp_constrained_pub_only_xcdr__cpp_to_cpp__100000B__10Hz__shmem_ds__best_effort,publish,pub,cpp_to_cpp,constrained_pub_only,exp,xcdr,shmem_ds,100000,10,0,measured,241,2026-09-09T14:22:24.220257Z,156937882430644,156937882430644,-1,-1,-1,ok,
exp_constrained_pub_only_xcdr__cpp_to_cpp__100000B__10Hz__shmem_ds__best_effort,publish,pub,cpp_to_cpp,constrained_pub_only,exp,xcdr,shmem_ds,100000,10,0,measured,242,2026-09-09T14:22:24.320537Z,156937982714743,156937982714743,-1,-1,-1,ok,
exp_constrained_pub_only_xcdr__cpp_to_cpp__100000B__10Hz__shmem_ds__best_effort,publish,pub,cpp_to_cpp,constrained_pub_only,exp,xcdr,shmem_ds,100000,10,0,measured,243,2026-09-09T14:22:24.419739Z,156938081896657,156938081896657,-1,-1,-1,ok,
exp_constrained_pub_only_xcdr__cpp_to_cpp__100000B__10Hz__shmem_ds__best_effort,publish,pub,cpp_to_cpp,constrained_pub_only,exp,xcdr,shmem_ds,100000,10,0,measured,244,2026-09-09T14:22:24.520271Z,156938182439518,156938182439518,-1,-1,-1,ok,
exp_constrained_pub_only_xcdr__cpp_to_cpp__100000B__10Hz__shmem_ds__best_effort,publish,pub,cpp_to_cpp,constrained_pub_only,exp,xcdr,shmem_ds,100000,10,0,measured,245,2026-09-09T14:22:24.620562Z,156938282716684,156938282716684,-1,-1,-1,ok,
exp_constrained_pub_only_xcdr__cpp_to_cpp__100000B__10Hz__shmem_ds__best_effort,publish,pub,cpp_to_cpp,constrained_pub_only,exp,xcdr,shmem_ds,100000,10,0,measured,246,2026-09-09T14:22:24.721357Z,156938383522385,156938383522385,-1,-1,-1,ok,
exp_constrained_pub_only_xcdr__cpp_to_cpp__100000B__10Hz__shmem_ds__best_effort,publish,pub,cpp_to_cpp,constrained_pub_only,exp,xcdr,shmem_ds,100000,10,0,measured,247,2026-09-09T14:22:24.820856Z,156938482989320,156938482989320,-1,-1,-1,ok,
exp_constrained_pub_only_xcdr__cpp_to_cpp__100000B__10Hz__shmem_ds__best_effort,publish,pub,cpp_to_cpp,constrained_pub_only,exp,xcdr,shmem_ds,100000,10,0,measured,248,2026-09-09T14:22:24.921572Z,156938583729469,156938583729469,-1,-1,-1,ok,
exp_constrained_pub_only_xcdr__cpp_to_cpp__100000B__10Hz__shmem_ds__best_effort,publish,pub,cpp_to_cpp,constrained_pub_only,exp,xcdr,shmem_ds,100000,10,0,measured,249,2026-09-09T14:22:25.021050Z,156938683188060,156938683188060,-1,-1,-1,ok,
exp_constrained_pub_only_xcdr__cpp_to_cpp__100000B__10Hz__shmem_ds__best_effort,publish,pub,cpp_to_cpp,constrained_pub_only,exp,xcdr,shmem_ds,100000,10,0,measured,250,2026-09-09T14:22:25.120817Z,156938782975929,156938782975929,-1,-1,-1,ok,
exp_constrained_pub_only_xcdr__cpp_to_cpp__100000B__10Hz__shmem_ds__best_effort,publish,pub,cpp_to_cpp,constrained_pub_only,exp,xcdr,shmem_ds,100000,10,0,measured,251,2026-09-09T14:22:25.220634Z,156938882807320,156938882807320,-1,-1,-1,ok,
exp_constrained_pub_only_xcdr__cpp_to_cpp__100000B__10Hz__shmem_ds__best_effort,publish,pub,cpp_to_cpp,constrained_pub_only,exp,xcdr,shmem_ds,100000,10,0,measured,252,2026-09-09T14:22:25.320873Z,156938983040189,156938983040189,-1,-1,-1,ok,
exp_constrained_pub_only_xcdr__cpp_to_cpp__100000B__10Hz__shmem_ds__best_effort,publish,pub,cpp_to_cpp,constrained_pub_only,exp,xcdr,shmem_ds,100000,10,0,measured,253,2026-09-09T14:22:25.421743Z,156939083912331,156939083912331,-1,-1,-1,ok,
exp_constrained_pub_only_xcdr__cpp_to_cpp__100000B__10Hz__shmem_ds__best_effort,publish,pub,cpp_to_cpp,constrained_pub_only,exp,xcdr,shmem_ds,100000,10,0,measured,254,2026-09-09T14:22:25.522199Z,156939184359139,156939184359139,-1,-1,-1,ok,
exp_constrained_pub_only_xcdr__cpp_to_cpp__100000B__10Hz__shmem_ds__best_effort,publish,pub,cpp_to_cpp,constrained_pub_only,exp,xcdr,shmem_ds,100000,10,0,measured,255,2026-09-09T14:22:25.621770Z,156939283936205,156939283936205,-1,-1,-1,ok,
exp_constrained_pub_only_xcdr__cpp_to_cpp__100000B__10Hz__shmem_ds__best_effort,publish,pub,cpp_to_cpp,constrained_pub_only,exp,xcdr,shmem_ds,100000,10,0,measured,256,2026-09-09T14:22:25.721111Z,156939383286098,156939383286098,-1,-1,-1,ok,
exp_constrained_pub_only_xcdr__cpp_to_cpp__100000B__10Hz__shmem_ds__best_effort,publish,pub,cpp_to_cpp,constrained_pub_only,exp,xcdr,shmem_ds,100000,10,0,measured,257,2026-09-09T14:22:25.820627Z,156939482789406,156939482789406,-1,-1,-1,ok,
exp_constrained_pub_only_xcdr__cpp_to_cpp__100000B__10Hz__shmem_ds__best_effort,publish,pub,cpp_to_cpp,constrained_pub_only,exp,xcdr,shmem_ds,100000,10,0,measured,258,2026-09-09T14:22:25.920348Z,156939582505793,156939582505793,-1,-1,-1,ok,
exp_constrained_pub_only_xcdr__cpp_to_cpp__100000B__10Hz__shmem_ds__best_effort,publish,pub,cpp_to_cpp,constrained_pub_only,exp,xcdr,shmem_ds,100000,10,0,measured,259,2026-09-09T14:22:26.019536Z,156939681665762,156939681665762,-1,-1,-1,ok,
exp_constrained_pub_only_xcdr__cpp_to_cpp__100000B__10Hz__shmem_ds__best_effort,publish,pub,cpp_to_cpp,constrained_pub_only,exp,xcdr,shmem_ds,100000,10,0,measured,260,2026-09-09T14:22:26.118755Z,156939780929380,156939780929380,-1,-1,-1,ok,
exp_constrained_pub_only_xcdr__cpp_to_cpp__100000B__10Hz__shmem_ds__best_effort,publish,pub,cpp_to_cpp,constrained_pub_only,exp,xcdr,shmem_ds,100000,10,0,measured,261,2026-09-09T14:22:26.217852Z,156939880026688,156939880026688,-1,-1,-1,ok,
exp_constrained_pub_only_xcdr__cpp_to_cpp__100000B__10Hz__shmem_ds__best_effort,publish,pub,cpp_to_cpp,constrained_pub_only,exp,xcdr,shmem_ds,100000,10,0,measured,262,2026-09-09T14:22:26.316868Z,156939979042152,156939979042152,-1,-1,-1,ok,
exp_constrained_pub_only_xcdr__cpp_to_cpp__100000B__10Hz__shmem_ds__best_effort,publish,pub,cpp_to_cpp,constrained_pub_only,exp,xcdr,shmem_ds,100000,10,0,measured,263,2026-09-09T14:22:26.416820Z,156940078970119,156940078970119,-1,-1,-1,ok,
exp_constrained_pub_only_xcdr__cpp_to_cpp__100000B__10Hz__shmem_ds__best_effort,publish,pub,cpp_to_cpp,constrained_pub_only,exp,xcdr,shmem_ds,100000,10,0,measured,264,2026-09-09T14:22:26.516262Z,156940178428249,156940178428249,-1,-1,-1,ok,
exp_constrained_pub_only_xcdr__cpp_to_cpp__100000B__10Hz__shmem_ds__best_effort,publish,pub,cpp_to_cpp,constrained_pub_only,exp,xcdr,shmem_ds,100000,10,0,measured,265,2026-09-09T14:22:26.615342Z,156940277498166,156940277498166,-1,-1,-1,ok,
exp_constrained_pub_only_xcdr__cpp_to_cpp__100000B__10Hz__shmem_ds__best_effort,publish,pub,cpp_to_cpp,constrained_pub_only,exp,xcdr,shmem_ds,100000,10,0,measured,266,2026-09-09T14:22:26.715044Z,156940377206544,156940377206544,-1,-1,-1,ok,
exp_constrained_pub_only_xcdr__cpp_to_cpp__100000B__10Hz__shmem_ds__best_effort,publish,pub,cpp_to_cpp,constrained_pub_only,exp,xcdr,shmem_ds,100000,10,0,measured,267,2026-09-09T14:22:26.815173Z,156940477319485,156940477319485,-1,-1,-1,ok,
exp_constrained_pub_only_xcdr__cpp_to_cpp__100000B__10Hz__shmem_ds__best_effort,publish,pub,cpp_to_cpp,constrained_pub_only,exp,xcdr,shmem_ds,100000,10,0,measured,268,2026-09-09T14:22:26.914502Z,156940576659436,156940576659436,-1,-1,-1,ok,
exp_constrained_pub_only_xcdr__cpp_to_cpp__100000B__10Hz__shmem_ds__best_effort,publish,pub,cpp_to_cpp,constrained_pub_only,exp,xcdr,shmem_ds,100000,10,0,measured,269,2026-09-09T14:22:27.014932Z,156940677065615,156940677065615,-1,-1,-1,ok,
exp_constrained_pub_only_xcdr__cpp_to_cpp__100000B__10Hz__shmem_ds__best_effort,publish,pub,cpp_to_cpp,constrained_pub_only,exp,xcdr,shmem_ds,100000,10,0,measured,270,2026-09-09T14:22:27.115413Z,156940777592976,156940777592976,-1,-1,-1,ok,
exp_constrained_pub_only_xcdr__cpp_to_cpp__100000B__10Hz__shmem_ds__best_effort,publish,pub,cpp_to_cpp,constrained_pub_only,exp,xcdr,shmem_ds,100000,10,0,measured,271,2026-09-09T14:22:27.215491Z,156940877644399,156940877644399,-1,-1,-1,ok,
exp_constrained_pub_only_xcdr__cpp_to_cpp__100000B__10Hz__shmem_ds__best_effort,publish,pub,cpp_to_cpp,constrained_pub_only,exp,xcdr,shmem_ds,100000,10,0,measured,272,2026-09-09T14:22:27.314610Z,156940976779654,156940976779654,-1,-1,-1,ok,
exp_constrained_pub_only_xcdr__cpp_to_cpp__100000B__10Hz__shmem_ds__best_effort,publish,pub,cpp_to_cpp,constrained_pub_only,exp,xcdr,shmem_ds,100000,10,0,measured,273,2026-09-09T14:22:27.413721Z,156941075889350,156941075889350,-1,-1,-1,ok,
exp_constrained_pub_only_xcdr__cpp_to_cpp__100000B__10Hz__shmem_ds__best_effort,publish,pub,cpp_to_cpp,constrained_pub_only,exp,xcdr,shmem_ds,100000,10,0,measured,274,2026-09-09T14:22:27.513873Z,156941176041001,156941176041001,-1,-1,-1,ok,
exp_constrained_pub_only_xcdr__cpp_to_cpp__100000B__10Hz__shmem_ds__best_effort,publish,pub,cpp_to_cpp,constrained_pub_only,exp,xcdr,shmem_ds,100000,10,0,measured,275,2026-09-09T14:22:27.614897Z,156941277037757,156941277037757,-1,-1,-1,ok,
exp_constrained_pub_only_xcdr__cpp_to_cpp__100000B__10Hz__shmem_ds__best_effort,publish,pub,cpp_to_cpp,constrained_pub_only,exp,xcdr,shmem_ds,100000,10,0,measured,276,2026-09-09T14:22:27.714937Z,156941377094120,156941377094120,-1,-1,-1,ok,
exp_constrained_pub_only_xcdr__cpp_to_cpp__100000B__10Hz__shmem_ds__best_effort,publish,pub,cpp_to_cpp,constrained_pub_only,exp,xcdr,shmem_ds,100000,10,0,measured,277,2026-09-09T14:22:27.814232Z,156941476408728,156941476408728,-1,-1,-1,ok,
exp_constrained_pub_only_xcdr__cpp_to_cpp__100000B__10Hz__shmem_ds__best_effort,publish,pub,cpp_to_cpp,constrained_pub_only,exp,xcdr,shmem_ds,100000,10,0,measured,278,2026-09-09T14:22:27.914772Z,156941576918567,156941576918567,-1,-1,-1,ok,
exp_constrained_pub_only_xcdr__cpp_to_cpp__100000B__10Hz__shmem_ds__best_effort,publish,pub,cpp_to_cpp,constrained_pub_only,exp,xcdr,shmem_ds,100000,10,0,measured,279,2026-09-09T14:22:28.013982Z,156941676122219,156941676122219,-1,-1,-1,ok,
exp_constrained_pub_only_xcdr__cpp_to_cpp__100000B__10Hz__shmem_ds__best_effort,publish,pub,cpp_to_cpp,constrained_pub_only,exp,xcdr,shmem_ds,100000,10,0,measured,280,2026-09-09T14:22:28.113995Z,156941776162778,156941776162778,-1,-1,-1,ok,
exp_constrained_pub_only_xcdr__cpp_to_cpp__100000B__10Hz__shmem_ds__best_effort,publish,pub,cpp_to_cpp,constrained_pub_only,exp,xcdr,shmem_ds,100000,10,0,measured,281,2026-09-09T14:22:28.214723Z,156941876894577,156941876894577,-1,-1,-1,ok,
exp_constrained_pub_only_xcdr__cpp_to_cpp__100000B__10Hz__shmem_ds__best_effort,publish,pub,cpp_to_cpp,constrained_pub_only,exp,xcdr,shmem_ds,100000,10,0,measured,282,2026-09-09T14:22:28.315563Z,156941977733334,156941977733334,-1,-1,-1,ok,
exp_constrained_pub_only_xcdr__cpp_to_cpp__100000B__10Hz__shmem_ds__best_effort,publish,pub,cpp_to_cpp,constrained_pub_only,exp,xcdr,shmem_ds,100000,10,0,measured,283,2026-09-09T14:22:28.414863Z,156942077037290,156942077037290,-1,-1,-1,ok,
exp_constrained_pub_only_xcdr__cpp_to_cpp__100000B__10Hz__shmem_ds__best_effort,publish,pub,cpp_to_cpp,constrained_pub_only,exp,xcdr,shmem_ds,100000,10,0,measured,284,2026-09-09T14:22:28.515401Z,156942177582039,156942177582039,-1,-1,-1,ok,
exp_constrained_pub_only_xcdr__cpp_to_cpp__100000B__10Hz__shmem_ds__best_effort,publish,pub,cpp_to_cpp,constrained_pub_only,exp,xcdr,shmem_ds,100000,10,0,measured,285,2026-09-09T14:22:28.616385Z,156942278514953,156942278514953,-1,-1,-1,ok,
exp_constrained_pub_only_xcdr__cpp_to_cpp__100000B__10Hz__shmem_ds__best_effort,publish,pub,cpp_to_cpp,constrained_pub_only,exp,xcdr,shmem_ds,100000,10,0,measured,286,2026-09-09T14:22:28.716398Z,156942378559710,156942378559710,-1,-1,-1,ok,
exp_constrained_pub_only_xcdr__cpp_to_cpp__100000B__10Hz__shmem_ds__best_effort,publish,pub,cpp_to_cpp,constrained_pub_only,exp,xcdr,shmem_ds,100000,10,0,measured,287,2026-09-09T14:22:28.816865Z,156942479015674,156942479015674,-1,-1,-1,ok,
exp_constrained_pub_only_xcdr__cpp_to_cpp__100000B__10Hz__shmem_ds__best_effort,publish,pub,cpp_to_cpp,constrained_pub_only,exp,xcdr,shmem_ds,100000,10,0,measured,288,2026-09-09T14:22:28.916148Z,156942578301606,156942578301606,-1,-1,-1,ok,
exp_constrained_pub_only_xcdr__cpp_to_cpp__100000B__10Hz__shmem_ds__best_effort,publish,pub,cpp_to_cpp,constrained_pub_only,exp,xcdr,shmem_ds,100000,10,0,measured,289,2026-09-09T14:22:29.017110Z,156942679267452,156942679267452,-1,-1,-1,ok,
exp_constrained_pub_only_xcdr__cpp_to_cpp__100000B__10Hz__shmem_ds__best_effort,publish,pub,cpp_to_cpp,constrained_pub_only,exp,xcdr,shmem_ds,100000,10,0,measured,290,2026-09-09T14:22:29.116255Z,156942778442763,156942778442763,-1,-1,-1,ok,
exp_constrained_pub_only_xcdr__cpp_to_cpp__100000B__10Hz__shmem_ds__best_effort,publish,pub,cpp_to_cpp,constrained_pub_only,exp,xcdr,shmem_ds,100000,10,0,measured,291,2026-09-09T14:22:29.215612Z,156942877773744,156942877773744,-1,-1,-1,ok,
exp_constrained_pub_only_xcdr__cpp_to_cpp__100000B__10Hz__shmem_ds__best_effort,publish,pub,cpp_to_cpp,constrained_pub_only,exp,xcdr,shmem_ds,100000,10,0,measured,292,2026-09-09T14:22:29.316285Z,156942978438835,156942978438835,-1,-1,-1,ok,
exp_constrained_pub_only_xcdr__cpp_to_cpp__100000B__10Hz__shmem_ds__best_effort,publish,pub,cpp_to_cpp,constrained_pub_only,exp,xcdr,shmem_ds,100000,10,0,measured,293,2026-09-09T14:22:29.416181Z,156943078352243,156943078352243,-1,-1,-1,ok,
exp_constrained_pub_only_xcdr__cpp_to_cpp__100000B__10Hz__shmem_ds__best_effort,publish,pub,cpp_to_cpp,constrained_pub_only,exp,xcdr,shmem_ds,100000,10,0,measured,294,2026-09-09T14:22:29.516563Z,156943178743221,156943178743221,-1,-1,-1,ok,
exp_constrained_pub_only_xcdr__cpp_to_cpp__100000B__10Hz__shmem_ds__best_effort,publish,pub,cpp_to_cpp,constrained_pub_only,exp,xcdr,shmem_ds,100000,10,0,measured,295,2026-09-09T14:22:29.617529Z,156943279695337,156943279695337,-1,-1,-1,ok,
exp_constrained_pub_only_xcdr__cpp_to_cpp__100000B__10Hz__shmem_ds__best_effort,publish,pub,cpp_to_cpp,constrained_pub_only,exp,xcdr,shmem_ds,100000,10,0,measured,296,2026-09-09T14:22:29.717482Z,156943379635725,156943379635725,-1,-1,-1,ok,
exp_constrained_pub_only_xcdr__cpp_to_cpp__100000B__10Hz__shmem_ds__best_effort,publish,pub,cpp_to_cpp,constrained_pub_only,exp,xcdr,shmem_ds,100000,10,0,measured,297,2026-09-09T14:22:29.816497Z,156943478673910,156943478673910,-1,-1,-1,ok,
exp_constrained_pub_only_xcdr__cpp_to_cpp__100000B__10Hz__shmem_ds__best_effort,publish,pub,cpp_to_cpp,constrained_pub_only,exp,xcdr,shmem_ds,100000,10,0,measured,298,2026-09-09T14:22:29.917406Z,156943579582164,156943579582164,-1,-1,-1,ok,
exp_constrained_pub_only_xcdr__cpp_to_cpp__100000B__10Hz__shmem_ds__best_effort,publish,pub,cpp_to_cpp,constrained_pub_only,exp,xcdr,shmem_ds,100000,10,0,measured,299,2026-09-09T14:22:30.017748Z,156943679913341,156943679913341,-1,-1,-1,ok,
exp_constrained_pub_only_xcdr__cpp_to_cpp__100000B__10Hz__shmem_ds__best_effort,publish,pub,cpp_to_cpp,constrained_pub_only,exp,xcdr,shmem_ds,100000,10,0,measured,300,2026-09-09T14:22:30.117618Z,156943779805546,156943779805546,-1,-1,-1,ok,
exp_constrained_pub_only_xcdr__cpp_to_cpp__100000B__10Hz__shmem_ds__best_effort,receive,sub,cpp_to_cpp,constrained_pub_only,exp,xcdr,shmem_ds,100000,10,0,measured,0,2026-09-09T14:22:00.130122Z,156913792320687,156913791794707,156913792320687,1788963720129630748,1788963720129743398,ok,
exp_constrained_pub_only_xcdr__cpp_to_cpp__100000B__10Hz__shmem_ds__best_effort,receive,sub,cpp_to_cpp,constrained_pub_only,exp,xcdr,shmem_ds,100000,10,0,measured,1,2026-09-09T14:22:00.230237Z,156913892435279,156913892321827,156913892435279,1788963720230137781,1788963720230174840,ok,
exp_constrained_pub_only_xcdr__cpp_to_cpp__100000B__10Hz__shmem_ds__best_effort,receive,sub,cpp_to_cpp,constrained_pub_only,exp,xcdr,shmem_ds,100000,10,0,measured,2,2026-09-09T14:22:00.330605Z,156913992802330,156913992631862,156913992802330,1788963720330460490,1788963720330518598,ok,
exp_constrained_pub_only_xcdr__cpp_to_cpp__100000B__10Hz__shmem_ds__best_effort,receive,sub,cpp_to_cpp,constrained_pub_only,exp,xcdr,shmem_ds,100000,10,0,measured,3,2026-09-09T14:22:00.431025Z,156914093222501,156914093106595,156914093222501,1788963720430922088,1788963720430960800,ok,
exp_constrained_pub_only_xcdr__cpp_to_cpp__100000B__10Hz__shmem_ds__best_effort,receive,sub,cpp_to_cpp,constrained_pub_only,exp,xcdr,shmem_ds,100000,10,0,measured,4,2026-09-09T14:22:00.530309Z,156914192507246,156914192382553,156914192507246,1788963720530200822,1788963720530246727,ok,
exp_constrained_pub_only_xcdr__cpp_to_cpp__100000B__10Hz__shmem_ds__best_effort,receive,sub,cpp_to_cpp,constrained_pub_only,exp,xcdr,shmem_ds,100000,10,0,measured,5,2026-09-09T14:22:00.631213Z,156914293411118,156914293228087,156914293411118,1788963720631057936,1788963720631126784,ok,
exp_constrained_pub_only_xcdr__cpp_to_cpp__100000B__10Hz__shmem_ds__best_effort,receive,sub,cpp_to_cpp,constrained_pub_only,exp,xcdr,shmem_ds,100000,10,0,measured,6,2026-09-09T14:22:00.730275Z,156914392473998,156914392380424,156914392473998,1788963720730197149,1788963720730238677,ok,
exp_constrained_pub_only_xcdr__cpp_to_cpp__100000B__10Hz__shmem_ds__best_effort,receive,sub,cpp_to_cpp,constrained_pub_only,exp,xcdr,shmem_ds,100000,10,0,measured,7,2026-09-09T14:22:00.830443Z,156914492642030,156914492526675,156914492642030,1788963720830342689,1788963720830384346,ok,
exp_constrained_pub_only_xcdr__cpp_to_cpp__100000B__10Hz__shmem_ds__best_effort,receive,sub,cpp_to_cpp,constrained_pub_only,exp,xcdr,shmem_ds,100000,10,0,measured,8,2026-09-09T14:22:00.930182Z,156914592379218,156914592272429,156914592379218,1788963720930087601,1788963720930130671,ok,
exp_constrained_pub_only_xcdr__cpp_to_cpp__100000B__10Hz__shmem_ds__best_effort,receive,sub,cpp_to_cpp,constrained_pub_only,exp,xcdr,shmem_ds,100000,10,0,measured,9,2026-09-09T14:22:01.029819Z,156914692015920,156914691842848,156914692015920,1788963721029668249,1788963721029720086,ok,
exp_constrained_pub_only_xcdr__cpp_to_cpp__100000B__10Hz__shmem_ds__best_effort,receive,sub,cpp_to_cpp,constrained_pub_only,exp,xcdr,shmem_ds,100000,10,0,measured,10,2026-09-09T14:22:01.129505Z,156914791703182,156914791601392,156914791703182,1788963721129416755,1788963721129452942,ok,
exp_constrained_pub_only_xcdr__cpp_to_cpp__100000B__10Hz__shmem_ds__best_effort,receive,sub,cpp_to_cpp,constrained_pub_only,exp,xcdr,shmem_ds,100000,10,0,measured,11,2026-09-09T14:22:01.228479Z,156914890677204,156914890581937,156914890677204,1788963721228395396,1788963721228425522,ok,
exp_constrained_pub_only_xcdr__cpp_to_cpp__100000B__10Hz__shmem_ds__best_effort,receive,sub,cpp_to_cpp,constrained_pub_only,exp,xcdr,shmem_ds,100000,10,0,measured,12,2026-09-09T14:22:01.328505Z,156914990703698,156914990620793,156914990703698,1788963721328432629,1788963721328459590,ok,
exp_constrained_pub_only_xcdr__cpp_to_cpp__100000B__10Hz__shmem_ds__best_effort,receive,sub,cpp_to_cpp,constrained_pub_only,exp,xcdr,shmem_ds,100000,10,0,measured,13,2026-09-09T14:22:01.428898Z,156915091097225,156915090994724,156915091097225,1788963721428819053,1788963721428845342,ok,
exp_constrained_pub_only_xcdr__cpp_to_cpp__100000B__10Hz__shmem_ds__best_effort,receive,sub,cpp_to_cpp,constrained_pub_only,exp,xcdr,shmem_ds,100000,10,0,measured,14,2026-09-09T14:22:01.529238Z,156915191436300,156915191288655,156915191436300,1788963721529107735,1788963721529155865,ok,
exp_constrained_pub_only_xcdr__cpp_to_cpp__100000B__10Hz__shmem_ds__best_effort,receive,sub,cpp_to_cpp,constrained_pub_only,exp,xcdr,shmem_ds,100000,10,0,measured,15,2026-09-09T14:22:01.629892Z,156915292090533,156915291937949,156915292090533,1788963721629755987,1788963721629814696,ok,
exp_constrained_pub_only_xcdr__cpp_to_cpp__100000B__10Hz__shmem_ds__best_effort,receive,sub,cpp_to_cpp,constrained_pub_only,exp,xcdr,shmem_ds,100000,10,0,measured,16,2026-09-09T14:22:01.730697Z,156915392896028,156915392813074,156915392896028,1788963721730626262,1788963721730655587,ok,
exp_constrained_pub_only_xcdr__cpp_to_cpp__100000B__10Hz__shmem_ds__best_effort,receive,sub,cpp_to_cpp,constrained_pub_only,exp,xcdr,shmem_ds,100000,10,0,measured,17,2026-09-09T14:22:01.831251Z,156915493449003,156915493325452,156915493449003,1788963721831143310,1788963721831183785,ok,
exp_constrained_pub_only_xcdr__cpp_to_cpp__100000B__10Hz__shmem_ds__best_effort,receive,sub,cpp_to_cpp,constrained_pub_only,exp,xcdr,shmem_ds,100000,10,0,measured,18,2026-09-09T14:22:01.931223Z,156915593421064,156915593250396,156915593421064,1788963721931078372,1788963721931137573,ok,
exp_constrained_pub_only_xcdr__cpp_to_cpp__100000B__10Hz__shmem_ds__best_effort,receive,sub,cpp_to_cpp,constrained_pub_only,exp,xcdr,shmem_ds,100000,10,0,measured,19,2026-09-09T14:22:02.030282Z,156915692480437,156915692339184,156915692480437,1788963722030164586,1788963722030223105,ok,
exp_constrained_pub_only_xcdr__cpp_to_cpp__100000B__10Hz__shmem_ds__best_effort,receive,sub,cpp_to_cpp,constrained_pub_only,exp,xcdr,shmem_ds,100000,10,0,measured,20,2026-09-09T14:22:02.129338Z,156915791536809,156915791446671,156915791536809,1788963722129263026,1788963722129296909,ok,
exp_constrained_pub_only_xcdr__cpp_to_cpp__100000B__10Hz__shmem_ds__best_effort,receive,sub,cpp_to_cpp,constrained_pub_only,exp,xcdr,shmem_ds,100000,10,0,measured,21,2026-09-09T14:22:02.229909Z,156915892097786,156915891946955,156915892097786,1788963722229767257,1788963722229818002,ok,
exp_constrained_pub_only_xcdr__cpp_to_cpp__100000B__10Hz__shmem_ds__best_effort,receive,sub,cpp_to_cpp,constrained_pub_only,exp,xcdr,shmem_ds,100000,10,0,measured,22,2026-09-09T14:22:02.329130Z,156915991329365,156915991236953,156915991329365,1788963722329050532,1788963722329085097,ok,
exp_constrained_pub_only_xcdr__cpp_to_cpp__100000B__10Hz__shmem_ds__best_effort,receive,sub,cpp_to_cpp,constrained_pub_only,exp,xcdr,shmem_ds,100000,10,0,measured,23,2026-09-09T14:22:02.428989Z,156916091187149,156916091091701,156916091187149,1788963722428905952,1788963722428936910,ok,
exp_constrained_pub_only_xcdr__cpp_to_cpp__100000B__10Hz__shmem_ds__best_effort,receive,sub,cpp_to_cpp,constrained_pub_only,exp,xcdr,shmem_ds,100000,10,0,measured,24,2026-09-09T14:22:02.528189Z,156916190388081,156916190283546,156916190388081,1788963722528099129,1788963722528134305,ok,
exp_constrained_pub_only_xcdr__cpp_to_cpp__100000B__10Hz__shmem_ds__best_effort,receive,sub,cpp_to_cpp,constrained_pub_only,exp,xcdr,shmem_ds,100000,10,0,measured,25,2026-09-09T14:22:02.627589Z,156916289786030,156916289610022,156916289786030,1788963722627438008,1788963722627502569,ok,
exp_constrained_pub_only_xcdr__cpp_to_cpp__100000B__10Hz__shmem_ds__best_effort,receive,sub,cpp_to_cpp,constrained_pub_only,exp,xcdr,shmem_ds,100000,10,0,measured,26,2026-09-09T14:22:02.726674Z,156916388872248,156916388769055,156916388872248,1788963722726586933,1788963722726624412,ok,
exp_constrained_pub_only_xcdr__cpp_to_cpp__100000B__10Hz__shmem_ds__best_effort,receive,sub,cpp_to_cpp,constrained_pub_only,exp,xcdr,shmem_ds,100000,10,0,measured,27,2026-09-09T14:22:02.826740Z,156916488938121,156916488828306,156916488938121,1788963722826644120,1788963722826680437,ok,
exp_constrained_pub_only_xcdr__cpp_to_cpp__100000B__10Hz__shmem_ds__best_effort,receive,sub,cpp_to_cpp,constrained_pub_only,exp,xcdr,shmem_ds,100000,10,0,measured,28,2026-09-09T14:22:02.926620Z,156916588818307,156916588723411,156916588818307,1788963722926539865,1788963722926577105,ok,
exp_constrained_pub_only_xcdr__cpp_to_cpp__100000B__10Hz__shmem_ds__best_effort,receive,sub,cpp_to_cpp,constrained_pub_only,exp,xcdr,shmem_ds,100000,10,0,measured,29,2026-09-09T14:22:03.027239Z,156916689437634,156916689287604,156916689437634,1788963723027109509,1788963723027155725,ok,
exp_constrained_pub_only_xcdr__cpp_to_cpp__100000B__10Hz__shmem_ds__best_effort,receive,sub,cpp_to_cpp,constrained_pub_only,exp,xcdr,shmem_ds,100000,10,0,measured,30,2026-09-09T14:22:03.126410Z,156916788608105,156916788512026,156916788608105,1788963723126325405,1788963723126357635,ok,
exp_constrained_pub_only_xcdr__cpp_to_cpp__100000B__10Hz__shmem_ds__best_effort,receive,sub,cpp_to_cpp,constrained_pub_only,exp,xcdr,shmem_ds,100000,10,0,measured,31,2026-09-09T14:22:03.226885Z,156916889083718,156916888996326,156916889083718,1788963723226822058,1788963723226849138,ok,
exp_constrained_pub_only_xcdr__cpp_to_cpp__100000B__10Hz__shmem_ds__best_effort,receive,sub,cpp_to_cpp,constrained_pub_only,exp,xcdr,shmem_ds,100000,10,0,measured,32,2026-09-09T14:22:03.326512Z,156916988710540,156916988642653,156916988710540,1788963723326453227,1788963723326478574,ok,
exp_constrained_pub_only_xcdr__cpp_to_cpp__100000B__10Hz__shmem_ds__best_effort,receive,sub,cpp_to_cpp,constrained_pub_only,exp,xcdr,shmem_ds,100000,10,0,measured,33,2026-09-09T14:22:03.427067Z,156917089264890,156917089153923,156917089264890,1788963723426969196,1788963723427007387,ok,
exp_constrained_pub_only_xcdr__cpp_to_cpp__100000B__10Hz__shmem_ds__best_effort,receive,sub,cpp_to_cpp,constrained_pub_only,exp,xcdr,shmem_ds,100000,10,0,measured,34,2026-09-09T14:22:03.527679Z,156917189877329,156917189758247,156917189877329,1788963723527576134,1788963723527610228,ok,
exp_constrained_pub_only_xcdr__cpp_to_cpp__100000B__10Hz__shmem_ds__best_effort,receive,sub,cpp_to_cpp,constrained_pub_only,exp,xcdr,shmem_ds,100000,10,0,measured,35,2026-09-09T14:22:03.626718Z,156917288916736,156917288829263,156917288916736,1788963723626640137,1788963723626669171,ok,
exp_constrained_pub_only_xcdr__cpp_to_cpp__100000B__10Hz__shmem_ds__best_effort,receive,sub,cpp_to_cpp,constrained_pub_only,exp,xcdr,shmem_ds,100000,10,0,measured,36,2026-09-09T14:22:03.727552Z,156917389751669,156917389683161,156917389751669,1788963723727490408,1788963723727519773,ok,
exp_constrained_pub_only_xcdr__cpp_to_cpp__100000B__10Hz__shmem_ds__best_effort,receive,sub,cpp_to_cpp,constrained_pub_only,exp,xcdr,shmem_ds,100000,10,0,measured,37,2026-09-09T14:22:03.828054Z,156917490252068,156917490165647,156917490252068,1788963723827974097,1788963723827998392,ok,
exp_constrained_pub_only_xcdr__cpp_to_cpp__100000B__10Hz__shmem_ds__best_effort,receive,sub,cpp_to_cpp,constrained_pub_only,exp,xcdr,shmem_ds,100000,10,0,measured,38,2026-09-09T14:22:03.927935Z,156917590134316,156917590041322,156917590134316,1788963723927856595,1788963723927889386,ok,
exp_constrained_pub_only_xcdr__cpp_to_cpp__100000B__10Hz__shmem_ds__best_effort,receive,sub,cpp_to_cpp,constrained_pub_only,exp,xcdr,shmem_ds,100000,10,0,measured,39,2026-09-09T14:22:04.027643Z,156917689840527,156917689655783,156917689840527,1788963724027487646,1788963724027555783,ok,
exp_constrained_pub_only_xcdr__cpp_to_cpp__100000B__10Hz__shmem_ds__best_effort,receive,sub,cpp_to_cpp,constrained_pub_only,exp,xcdr,shmem_ds,100000,10,0,measured,40,2026-09-09T14:22:04.126542Z,156917788740831,156917788643019,156917788740831,1788963724126454755,1788963724126485271,ok,
exp_constrained_pub_only_xcdr__cpp_to_cpp__100000B__10Hz__shmem_ds__best_effort,receive,sub,cpp_to_cpp,constrained_pub_only,exp,xcdr,shmem_ds,100000,10,0,measured,41,2026-09-09T14:22:04.226967Z,156917889165476,156917889052085,156917889165476,1788963724226864633,1788963724226900179,ok,
exp_constrained_pub_only_xcdr__cpp_to_cpp__100000B__10Hz__shmem_ds__best_effort,receive,sub,cpp_to_cpp,constrained_pub_only,exp,xcdr,shmem_ds,100000,10,0,measured,42,2026-09-09T14:22:04.326869Z,156917989067196,156917988962641,156917989067196,1788963724326771511,1788963724326797129,ok,
exp_constrained_pub_only_xcdr__cpp_to_cpp__100000B__10Hz__shmem_ds__best_effort,receive,sub,cpp_to_cpp,constrained_pub_only,exp,xcdr,shmem_ds,100000,10,0,measured,43,2026-09-09T14:22:04.426926Z,156918089125318,156918089039227,156918089125318,1788963724426847677,1788963724426875940,ok,
exp_constrained_pub_only_xcdr__cpp_to_cpp__100000B__10Hz__shmem_ds__best_effort,receive,sub,cpp_to_cpp,constrained_pub_only,exp,xcdr,shmem_ds,100000,10,0,measured,44,2026-09-09T14:22:04.527056Z,156918189254492,156918189097179,156918189254492,1788963724526919504,1788963724526972483,ok,
exp_constrained_pub_only_xcdr__cpp_to_cpp__100000B__10Hz__shmem_ds__best_effort,receive,sub,cpp_to_cpp,constrained_pub_only,exp,xcdr,shmem_ds,100000,10,0,measured,45,2026-09-09T14:22:04.626462Z,156918288659556,156918288476194,156918288659556,1788963724626304661,1788963724626369883,ok,
exp_constrained_pub_only_xcdr__cpp_to_cpp__100000B__10Hz__shmem_ds__best_effort,receive,sub,cpp_to_cpp,constrained_pub_only,exp,xcdr,shmem_ds,100000,10,0,measured,46,2026-09-09T14:22:04.726563Z,156918388761339,156918388658517,156918388761339,1788963724726476565,1788963724726512151,ok,
exp_constrained_pub_only_xcdr__cpp_to_cpp__100000B__10Hz__shmem_ds__best_effort,receive,sub,cpp_to_cpp,constrained_pub_only,exp,xcdr,shmem_ds,100000,10,0,measured,47,2026-09-09T14:22:04.826549Z,156918488747436,156918488641168,156918488747436,1788963724826456350,1788963724826488610,ok,
exp_constrained_pub_only_xcdr__cpp_to_cpp__100000B__10Hz__shmem_ds__best_effort,receive,sub,cpp_to_cpp,constrained_pub_only,exp,xcdr,shmem_ds,100000,10,0,measured,48,2026-09-09T14:22:04.926323Z,156918588520857,156918588411573,156918588520857,1788963724926227417,1788963724926264065,ok,
exp_constrained_pub_only_xcdr__cpp_to_cpp__100000B__10Hz__shmem_ds__best_effort,receive,sub,cpp_to_cpp,constrained_pub_only,exp,xcdr,shmem_ds,100000,10,0,measured,49,2026-09-09T14:22:05.026670Z,156918688868840,156918688750830,156918688868840,1788963725026567926,1788963725026608001,ok,
exp_constrained_pub_only_xcdr__cpp_to_cpp__100000B__10Hz__shmem_ds__best_effort,receive,sub,cpp_to_cpp,constrained_pub_only,exp,xcdr,shmem_ds,100000,10,0,measured,50,2026-09-09T14:22:05.126581Z,156918788778511,156918788613924,156918788778511,1788963725126440458,1788963725126491443,ok,
exp_constrained_pub_only_xcdr__cpp_to_cpp__100000B__10Hz__shmem_ds__best_effort,receive,sub,cpp_to_cpp,constrained_pub_only,exp,xcdr,shmem_ds,100000,10,0,measured,51,2026-09-09T14:22:05.226409Z,156918888607291,156918888462932,156918888607291,1788963725226285508,1788963725226332636,ok,
exp_constrained_pub_only_xcdr__cpp_to_cpp__100000B__10Hz__shmem_ds__best_effort,receive,sub,cpp_to_cpp,constrained_pub_only,exp,xcdr,shmem_ds,100000,10,0,measured,52,2026-09-09T14:22:05.325500Z,156918987699329,156918987620882,156918987699329,1788963725325433861,1788963725325459839,ok,
exp_constrained_pub_only_xcdr__cpp_to_cpp__100000B__10Hz__shmem_ds__best_effort,receive,sub,cpp_to_cpp,constrained_pub_only,exp,xcdr,shmem_ds,100000,10,0,measured,53,2026-09-09T14:22:05.424729Z,156919086927670,156919086782640,156919086927670,1788963725424599085,1788963725424661180,ok,
exp_constrained_pub_only_xcdr__cpp_to_cpp__100000B__10Hz__shmem_ds__best_effort,receive,sub,cpp_to_cpp,constrained_pub_only,exp,xcdr,shmem_ds,100000,10,0,measured,54,2026-09-09T14:22:05.525308Z,156919187507069,156919187418514,156919187507069,1788963725525233777,1788963725525266418,ok,
exp_constrained_pub_only_xcdr__cpp_to_cpp__100000B__10Hz__shmem_ds__best_effort,receive,sub,cpp_to_cpp,constrained_pub_only,exp,xcdr,shmem_ds,100000,10,0,measured,55,2026-09-09T14:22:05.625317Z,156919287514363,156919287390041,156919287514363,1788963725625209852,1788963725625252051,ok,
exp_constrained_pub_only_xcdr__cpp_to_cpp__100000B__10Hz__shmem_ds__best_effort,receive,sub,cpp_to_cpp,constrained_pub_only,exp,xcdr,shmem_ds,100000,10,0,measured,56,2026-09-09T14:22:05.725130Z,156919387329939,156919387256732,156919387329939,1788963725725068669,1788963725725098264,ok,
exp_constrained_pub_only_xcdr__cpp_to_cpp__100000B__10Hz__shmem_ds__best_effort,receive,sub,cpp_to_cpp,constrained_pub_only,exp,xcdr,shmem_ds,100000,10,0,measured,57,2026-09-09T14:22:05.826152Z,156919488351382,156919488254362,156919488351382,1788963725826070275,1788963725826101704,ok,
exp_constrained_pub_only_xcdr__cpp_to_cpp__100000B__10Hz__shmem_ds__best_effort,receive,sub,cpp_to_cpp,constrained_pub_only,exp,xcdr,shmem_ds,100000,10,0,measured,58,2026-09-09T14:22:05.926314Z,156919588512422,156919588433455,156919588512422,1788963725926245000,1788963725926271720,ok,
exp_constrained_pub_only_xcdr__cpp_to_cpp__100000B__10Hz__shmem_ds__best_effort,receive,sub,cpp_to_cpp,constrained_pub_only,exp,xcdr,shmem_ds,100000,10,0,measured,59,2026-09-09T14:22:06.026590Z,156919688788518,156919688682039,156919688788518,1788963726026499396,1788963726026536796,ok,
exp_constrained_pub_only_xcdr__cpp_to_cpp__100000B__10Hz__shmem_ds__best_effort,receive,sub,cpp_to_cpp,constrained_pub_only,exp,xcdr,shmem_ds,100000,10,0,measured,60,2026-09-09T14:22:06.126717Z,156919788915811,156919788836403,156919788915811,1788963726126652517,1788963726126681772,ok,
exp_constrained_pub_only_xcdr__cpp_to_cpp__100000B__10Hz__shmem_ds__best_effort,receive,sub,cpp_to_cpp,constrained_pub_only,exp,xcdr,shmem_ds,100000,10,0,measured,61,2026-09-09T14:22:06.227433Z,156919889631711,156919889558064,156919889631711,1788963726227372605,1788963726227400287,ok,
exp_constrained_pub_only_xcdr__cpp_to_cpp__100000B__10Hz__shmem_ds__best_effort,receive,sub,cpp_to_cpp,constrained_pub_only,exp,xcdr,shmem_ds,100000,10,0,measured,62,2026-09-09T14:22:06.327377Z,156919989576564,156919989497337,156919989576564,1788963726327306318,1788963726327330352,ok,
exp_constrained_pub_only_xcdr__cpp_to_cpp__100000B__10Hz__shmem_ds__best_effort,receive,sub,cpp_to_cpp,constrained_pub_only,exp,xcdr,shmem_ds,100000,10,0,measured,63,2026-09-09T14:22:06.428129Z,156920090326899,156920090177481,156920090326899,1788963726427999406,1788963726428048287,ok,
exp_constrained_pub_only_xcdr__cpp_to_cpp__100000B__10Hz__shmem_ds__best_effort,receive,sub,cpp_to_cpp,constrained_pub_only,exp,xcdr,shmem_ds,100000,10,0,measured,64,2026-09-09T14:22:06.528042Z,156920190240505,156920190135239,156920190240505,1788963726527948748,1788963726527982652,ok,
exp_constrained_pub_only_xcdr__cpp_to_cpp__100000B__10Hz__shmem_ds__best_effort,receive,sub,cpp_to_cpp,constrained_pub_only,exp,xcdr,shmem_ds,100000,10,0,measured,65,2026-09-09T14:22:06.627962Z,156920290159841,156920290038545,156920290159841,1788963726627855701,1788963726627896858,ok,
exp_constrained_pub_only_xcdr__cpp_to_cpp__100000B__10Hz__shmem_ds__best_effort,receive,sub,cpp_to_cpp,constrained_pub_only,exp,xcdr,shmem_ds,100000,10,0,measured,66,2026-09-09T14:22:06.727573Z,156920389771323,156920389654245,156920389771323,1788963726727471551,1788963726727511967,ok,
exp_constrained_pub_only_xcdr__cpp_to_cpp__100000B__10Hz__shmem_ds__best_effort,receive,sub,cpp_to_cpp,constrained_pub_only,exp,xcdr,shmem_ds,100000,10,0,measured,67,2026-09-09T14:22:06.827152Z,156920489350385,156920489245019,156920489350385,1788963726827061033,1788963726827092702,ok,
exp_constrained_pub_only_xcdr__cpp_to_cpp__100000B__10Hz__shmem_ds__best_effort,receive,sub,cpp_to_cpp,constrained_pub_only,exp,xcdr,shmem_ds,100000,10,0,measured,68,2026-09-09T14:22:06.927178Z,156920589376830,156920589284699,156920589376830,1788963726927097166,1788963726927126751,ok,
exp_constrained_pub_only_xcdr__cpp_to_cpp__100000B__10Hz__shmem_ds__best_effort,receive,sub,cpp_to_cpp,constrained_pub_only,exp,xcdr,shmem_ds,100000,10,0,measured,69,2026-09-09T14:22:07.026957Z,156920689155496,156920689040341,156920689155496,1788963727026857056,1788963727026896900,ok,
exp_constrained_pub_only_xcdr__cpp_to_cpp__100000B__10Hz__shmem_ds__best_effort,receive,sub,cpp_to_cpp,constrained_pub_only,exp,xcdr,shmem_ds,100000,10,0,measured,70,2026-09-09T14:22:07.127465Z,156920789663324,156920789552358,156920789663324,1788963727127369454,1788963727127409087,ok,
exp_constrained_pub_only_xcdr__cpp_to_cpp__100000B__10Hz__shmem_ds__best_effort,receive,sub,cpp_to_cpp,constrained_pub_only,exp,xcdr,shmem_ds,100000,10,0,measured,71,2026-09-09T14:22:07.227165Z,156920889361935,156920889176459,156920889361935,1788963727226998434,1788963727227064327,ok,
exp_constrained_pub_only_xcdr__cpp_to_cpp__100000B__10Hz__shmem_ds__best_effort,receive,sub,cpp_to_cpp,constrained_pub_only,exp,xcdr,shmem_ds,100000,10,0,measured,72,2026-09-09T14:22:07.327436Z,156920989634215,156920989535451,156920989634215,1788963727327354210,1788963727327380609,ok,
exp_constrained_pub_only_xcdr__cpp_to_cpp__100000B__10Hz__shmem_ds__best_effort,receive,sub,cpp_to_cpp,constrained_pub_only,exp,xcdr,shmem_ds,100000,10,0,measured,73,2026-09-09T14:22:07.427931Z,156921090129701,156921089991343,156921090129701,1788963727427814841,1788963727427882357,ok,
exp_constrained_pub_only_xcdr__cpp_to_cpp__100000B__10Hz__shmem_ds__best_effort,receive,sub,cpp_to_cpp,constrained_pub_only,exp,xcdr,shmem_ds,100000,10,0,measured,74,2026-09-09T14:22:07.528191Z,156921190389658,156921190285594,156921190389658,1788963727528098552,1788963727528131924,ok,
exp_constrained_pub_only_xcdr__cpp_to_cpp__100000B__10Hz__shmem_ds__best_effort,receive,sub,cpp_to_cpp,constrained_pub_only,exp,xcdr,shmem_ds,100000,10,0,measured,75,2026-09-09T14:22:07.628928Z,156921291126243,156921290951708,156921291126243,1788963727628776749,1788963727628864973,ok,
exp_constrained_pub_only_xcdr__cpp_to_cpp__100000B__10Hz__shmem_ds__best_effort,receive,sub,cpp_to_cpp,constrained_pub_only,exp,xcdr,shmem_ds,100000,10,0,measured,76,2026-09-09T14:22:07.729374Z,156921391572487,156921391489122,156921391572487,1788963727729300988,1788963727729328399,ok,
exp_constrained_pub_only_xcdr__cpp_to_cpp__100000B__10Hz__shmem_ds__best_effort,receive,sub,cpp_to_cpp,constrained_pub_only,exp,xcdr,shmem_ds,100000,10,0,measured,77,2026-09-09T14:22:07.829692Z,156921491891163,156921491797308,156921491891163,1788963727829610327,1788963727829639541,ok,
exp_constrained_pub_only_xcdr__cpp_to_cpp__100000B__10Hz__shmem_ds__best_effort,receive,sub,cpp_to_cpp,constrained_pub_only,exp,xcdr,shmem_ds,100000,10,0,measured,78,2026-09-09T14:22:07.930263Z,156921592450488,156921592374346,156921592450488,1788963727930184660,1788963727930210788,ok,
exp_constrained_pub_only_xcdr__cpp_to_cpp__100000B__10Hz__shmem_ds__best_effort,receive,sub,cpp_to_cpp,constrained_pub_only,exp,xcdr,shmem_ds,100000,10,0,measured,79,2026-09-09T14:22:08.030081Z,156921692279584,156921692188474,156921692279584,1788963728030000931,1788963728030030507,ok,
exp_constrained_pub_only_xcdr__cpp_to_cpp__100000B__10Hz__shmem_ds__best_effort,receive,sub,cpp_to_cpp,constrained_pub_only,exp,xcdr,shmem_ds,100000,10,0,measured,80,2026-09-09T14:22:08.130900Z,156921793098679,156921793030733,156921793098679,1788963728130841998,1788963728130861484,ok,
exp_constrained_pub_only_xcdr__cpp_to_cpp__100000B__10Hz__shmem_ds__best_effort,receive,sub,cpp_to_cpp,constrained_pub_only,exp,xcdr,shmem_ds,100000,10,0,measured,81,2026-09-09T14:22:08.230664Z,156921892862839,156921892761650,156921892862839,1788963728230577303,1788963728230612829,ok,
exp_constrained_pub_only_xcdr__cpp_to_cpp__100000B__10Hz__shmem_ds__best_effort,receive,sub,cpp_to_cpp,constrained_pub_only,exp,xcdr,shmem_ds,100000,10,0,measured,82,2026-09-09T14:22:08.330277Z,156921992475005,156921992362575,156921992475005,1788963728330179641,1788963728330219956,ok,
exp_constrained_pub_only_xcdr__cpp_to_cpp__100000B__10Hz__shmem_ds__best_effort,receive,sub,cpp_to_cpp,constrained_pub_only,exp,xcdr,shmem_ds,100000,10,0,measured,83,2026-09-09T14:22:08.430851Z,156922093048302,156922092864259,156922093048302,1788963728430689260,1788963728430743611,ok,
exp_constrained_pub_only_xcdr__cpp_to_cpp__100000B__10Hz__shmem_ds__best_effort,receive,sub,cpp_to_cpp,constrained_pub_only,exp,xcdr,shmem_ds,100000,10,0,measured,84,2026-09-09T14:22:08.530921Z,156922193119654,156922193029125,156922193119654,1788963728530842794,1788963728530869745,ok,
exp_constrained_pub_only_xcdr__cpp_to_cpp__100000B__10Hz__shmem_ds__best_effort,receive,sub,cpp_to_cpp,constrained_pub_only,exp,xcdr,shmem_ds,100000,10,0,measured,85,2026-09-09T14:22:08.630642Z,156922292840562,156922292732220,156922292840562,1788963728630548064,1788963728630585744,ok,
exp_constrained_pub_only_xcdr__cpp_to_cpp__100000B__10Hz__shmem_ds__best_effort,receive,sub,cpp_to_cpp,constrained_pub_only,exp,xcdr,shmem_ds,100000,10,0,measured,86,2026-09-09T14:22:08.729897Z,156922392095983,156922392010153,156922392095983,1788963728729823552,1788963728729849871,ok,
exp_constrained_pub_only_xcdr__cpp_to_cpp__100000B__10Hz__shmem_ds__best_effort,receive,sub,cpp_to_cpp,constrained_pub_only,exp,xcdr,shmem_ds,100000,10,0,measured,87,2026-09-09T14:22:08.830195Z,156922492393577,156922492263534,156922492393577,1788963728830081111,1788963728830123300,ok,
exp_constrained_pub_only_xcdr__cpp_to_cpp__100000B__10Hz__shmem_ds__best_effort,receive,sub,cpp_to_cpp,constrained_pub_only,exp,xcdr,shmem_ds,100000,10,0,measured,88,2026-09-09T14:22:08.930322Z,156922592520181,156922592432217,156922592520181,1788963728930242240,1788963728930267968,ok,
exp_constrained_pub_only_xcdr__cpp_to_cpp__100000B__10Hz__shmem_ds__best_effort,receive,sub,cpp_to_cpp,constrained_pub_only,exp,xcdr,shmem_ds,100000,10,0,measured,89,2026-09-09T14:22:09.030399Z,156922692597616,156922692485717,156922692597616,1788963729030300779,1788963729030339271,ok,
exp_constrained_pub_only_xcdr__cpp_to_cpp__100000B__10Hz__shmem_ds__best_effort,receive,sub,cpp_to_cpp,constrained_pub_only,exp,xcdr,shmem_ds,100000,10,0,measured,90,2026-09-09T14:22:09.130604Z,156922792801982,156922792707215,156922792801982,1788963729130519963,1788963729130548737,ok,
exp_constrained_pub_only_xcdr__cpp_to_cpp__100000B__10Hz__shmem_ds__best_effort,receive,sub,cpp_to_cpp,constrained_pub_only,exp,xcdr,shmem_ds,100000,10,0,measured,91,2026-09-09T14:22:09.229677Z,156922891876122,156922891811071,156922891876122,1788963729229618699,1788963729229638386,ok,
exp_constrained_pub_only_xcdr__cpp_to_cpp__100000B__10Hz__shmem_ds__best_effort,receive,sub,cpp_to_cpp,constrained_pub_only,exp,xcdr,shmem_ds,100000,10,0,measured,92,2026-09-09T14:22:09.329463Z,156922991661778,156922991558646,156922991661778,1788963729329371824,1788963729329407150,ok,
exp_constrained_pub_only_xcdr__cpp_to_cpp__100000B__10Hz__shmem_ds__best_effort,receive,sub,cpp_to_cpp,constrained_pub_only,exp,xcdr,shmem_ds,100000,10,0,measured,93,2026-09-09T14:22:09.429910Z,156923092109146,156923092026152,156923092109146,1788963729429836465,1788963729429864227,ok,
exp_constrained_pub_only_xcdr__cpp_to_cpp__100000B__10Hz__shmem_ds__best_effort,receive,sub,cpp_to_cpp,constrained_pub_only,exp,xcdr,shmem_ds,100000,10,0,measured,94,2026-09-09T14:22:09.530158Z,156923192356412,156923192252949,156923192356412,1788963729530067410,1788963729530098759,ok,
exp_constrained_pub_only_xcdr__cpp_to_cpp__100000B__10Hz__shmem_ds__best_effort,receive,sub,cpp_to_cpp,constrained_pub_only,exp,xcdr,shmem_ds,100000,10,0,measured,95,2026-09-09T14:22:09.629960Z,156923292158338,156923292055677,156923292158338,1788963729629872151,1788963729629903329,ok,
exp_constrained_pub_only_xcdr__cpp_to_cpp__100000B__10Hz__shmem_ds__best_effort,receive,sub,cpp_to_cpp,constrained_pub_only,exp,xcdr,shmem_ds,100000,10,0,measured,96,2026-09-09T14:22:09.730773Z,156923392971689,156923392905225,156923392971689,1788963729730714927,1788963729730733412,ok,
exp_constrained_pub_only_xcdr__cpp_to_cpp__100000B__10Hz__shmem_ds__best_effort,receive,sub,cpp_to_cpp,constrained_pub_only,exp,xcdr,shmem_ds,100000,10,0,measured,97,2026-09-09T14:22:09.831306Z,156923493504397,156923493392669,156923493504397,1788963729831208532,1788963729831243057,ok,
exp_constrained_pub_only_xcdr__cpp_to_cpp__100000B__10Hz__shmem_ds__best_effort,receive,sub,cpp_to_cpp,constrained_pub_only,exp,xcdr,shmem_ds,100000,10,0,measured,98,2026-09-09T14:22:09.930784Z,156923592982549,156923592865131,156923592982549,1788963729930683158,1788963729930723133,ok,
exp_constrained_pub_only_xcdr__cpp_to_cpp__100000B__10Hz__shmem_ds__best_effort,receive,sub,cpp_to_cpp,constrained_pub_only,exp,xcdr,shmem_ds,100000,10,0,measured,99,2026-09-09T14:22:10.030875Z,156923693073126,156923692921343,156923693073126,1788963730030739771,1788963730030784605,ok,
exp_constrained_pub_only_xcdr__cpp_to_cpp__100000B__10Hz__shmem_ds__best_effort,receive,sub,cpp_to_cpp,constrained_pub_only,exp,xcdr,shmem_ds,100000,10,0,measured,100,2026-09-09T14:22:10.130102Z,156923792299205,156923792180033,156923792299205,1788963730130001717,1788963730130037304,ok,
exp_constrained_pub_only_xcdr__cpp_to_cpp__100000B__10Hz__shmem_ds__best_effort,receive,sub,cpp_to_cpp,constrained_pub_only,exp,xcdr,shmem_ds,100000,10,0,measured,101,2026-09-09T14:22:10.230636Z,156923892834224,156923892743775,156923892834224,1788963730230560370,1788963730230594925,ok,
exp_constrained_pub_only_xcdr__cpp_to_cpp__100000B__10Hz__shmem_ds__best_effort,receive,sub,cpp_to_cpp,constrained_pub_only,exp,xcdr,shmem_ds,100000,10,0,measured,102,2026-09-09T14:22:10.330140Z,156923992338301,156923992213829,156923992338301,1788963730330032157,1788963730330078473,ok,
exp_constrained_pub_only_xcdr__cpp_to_cpp__100000B__10Hz__shmem_ds__best_effort,receive,sub,cpp_to_cpp,constrained_pub_only,exp,xcdr,shmem_ds,100000,10,0,measured,103,2026-09-09T14:22:10.429387Z,156924091584878,156924091418458,156924091584878,1788963730429243198,1788963730429304081,ok,
exp_constrained_pub_only_xcdr__cpp_to_cpp__100000B__10Hz__shmem_ds__best_effort,receive,sub,cpp_to_cpp,constrained_pub_only,exp,xcdr,shmem_ds,100000,10,0,measured,104,2026-09-09T14:22:10.530089Z,156924192287108,156924192171693,156924192287108,1788963730529989019,1788963730530028984,ok,
exp_constrained_pub_only_xcdr__cpp_to_cpp__100000B__10Hz__shmem_ds__best_effort,receive,sub,cpp_to_cpp,constrained_pub_only,exp,xcdr,shmem_ds,100000,10,0,measured,105,2026-09-09T14:22:10.630149Z,156924292346931,156924292152669,156924292346931,1788963730629981436,1788963730630044835,ok,
exp_constrained_pub_only_xcdr__cpp_to_cpp__100000B__10Hz__shmem_ds__best_effort,receive,sub,cpp_to_cpp,constrained_pub_only,exp,xcdr,shmem_ds,100000,10,0,measured,106,2026-09-09T14:22:10.729260Z,156924391457084,156924391355034,156924391457084,1788963730729174765,1788963730729206464,ok,
exp_constrained_pub_only_xcdr__cpp_to_cpp__100000B__10Hz__shmem_ds__best_effort,receive,sub,cpp_to_cpp,constrained_pub_only,exp,xcdr,shmem_ds,100000,10,0,measured,107,2026-09-09T14:22:10.829754Z,156924491951577,156924491762254,156924491951577,1788963730829590280,1788963730829652416,ok,
exp_constrained_pub_only_xcdr__cpp_to_cpp__100000B__10Hz__shmem_ds__best_effort,receive,sub,cpp_to_cpp,constrained_pub_only,exp,xcdr,shmem_ds,100000,10,0,measured,108,2026-09-09T14:22:10.928912Z,156924591110500,156924590986670,156924591110500,1788963730928816569,1788963730928850753,ok,
exp_constrained_pub_only_xcdr__cpp_to_cpp__100000B__10Hz__shmem_ds__best_effort,receive,sub,cpp_to_cpp,constrained_pub_only,exp,xcdr,shmem_ds,100000,10,0,measured,109,2026-09-09T14:22:11.029348Z,156924691546325,156924691433254,156924691546325,1788963731029250641,1788963731029282590,ok,
exp_constrained_pub_only_xcdr__cpp_to_cpp__100000B__10Hz__shmem_ds__best_effort,receive,sub,cpp_to_cpp,constrained_pub_only,exp,xcdr,shmem_ds,100000,10,0,measured,110,2026-09-09T14:22:11.129565Z,156924791762246,156924791632023,156924791762246,1788963731129447897,1788963731129478805,ok,
exp_constrained_pub_only_xcdr__cpp_to_cpp__100000B__10Hz__shmem_ds__best_effort,receive,sub,cpp_to_cpp,constrained_pub_only,exp,xcdr,shmem_ds,100000,10,0,measured,111,2026-09-09T14:22:11.229259Z,156924891457125,156924891346298,156924891457125,1788963731229160619,1788963731229192128,ok,
exp_constrained_pub_only_xcdr__cpp_to_cpp__100000B__10Hz__shmem_ds__best_effort,receive,sub,cpp_to_cpp,constrained_pub_only,exp,xcdr,shmem_ds,100000,10,0,measured,112,2026-09-09T14:22:11.329767Z,156924991965831,156924991877356,156924991965831,1788963731329689453,1788963731329718467,ok,
exp_constrained_pub_only_xcdr__cpp_to_cpp__100000B__10Hz__shmem_ds__best_effort,receive,sub,cpp_to_cpp,constrained_pub_only,exp,xcdr,shmem_ds,100000,10,0,measured,113,2026-09-09T14:22:11.430597Z,156925092795605,156925092730895,156925092795605,1788963731430542691,1788963731430564011,ok,
exp_constrained_pub_only_xcdr__cpp_to_cpp__100000B__10Hz__shmem_ds__best_effort,receive,sub,cpp_to_cpp,constrained_pub_only,exp,xcdr,shmem_ds,100000,10,0,measured,114,2026-09-09T14:22:11.531639Z,156925193837876,156925193732089,156925193837876,1788963731531549395,1788963731531586434,ok,
exp_constrained_pub_only_xcdr__cpp_to_cpp__100000B__10Hz__shmem_ds__best_effort,receive,sub,cpp_to_cpp,constrained_pub_only,exp,xcdr,shmem_ds,100000,10,0,measured,115,2026-09-09T14:22:11.631447Z,156925293645366,156925293519932,156925293645366,1788963731631338270,1788963731631379106,ok,
exp_constrained_pub_only_xcdr__cpp_to_cpp__100000B__10Hz__shmem_ds__best_effort,receive,sub,cpp_to_cpp,constrained_pub_only,exp,xcdr,shmem_ds,100000,10,0,measured,116,2026-09-09T14:22:11.731112Z,156925393310739,156925393242232,156925393310739,1788963731731049740,1788963731731065750,ok,
exp_constrained_pub_only_xcdr__cpp_to_cpp__100000B__10Hz__shmem_ds__best_effort,receive,sub,cpp_to_cpp,constrained_pub_only,exp,xcdr,shmem_ds,100000,10,0,measured,117,2026-09-09T14:22:11.831810Z,156925494008447,156925493909783,156925494008447,1788963731831722821,1788963731831754931,ok,
exp_constrained_pub_only_xcdr__cpp_to_cpp__100000B__10Hz__shmem_ds__best_effort,receive,sub,cpp_to_cpp,constrained_pub_only,exp,xcdr,shmem_ds,100000,10,0,measured,118,2026-09-09T14:22:11.932374Z,156925594570943,156925594453084,156925594570943,1788963731932269699,1788963731932308070,ok,
exp_constrained_pub_only_xcdr__cpp_to_cpp__100000B__10Hz__shmem_ds__best_effort,receive,sub,cpp_to_cpp,constrained_pub_only,exp,xcdr,shmem_ds,100000,10,0,measured,119,2026-09-09T14:22:12.032741Z,156925694938798,156925694789199,156925694938798,1788963732032614290,1788963732032661027,ok,
exp_constrained_pub_only_xcdr__cpp_to_cpp__100000B__10Hz__shmem_ds__best_effort,receive,sub,cpp_to_cpp,constrained_pub_only,exp,xcdr,shmem_ds,100000,10,0,measured,120,2026-09-09T14:22:12.133418Z,156925795615774,156925795524193,156925795615774,1788963732133335348,1788963732133355846,ok,
exp_constrained_pub_only_xcdr__cpp_to_cpp__100000B__10Hz__shmem_ds__best_effort,receive,sub,cpp_to_cpp,constrained_pub_only,exp,xcdr,shmem_ds,100000,10,0,measured,121,2026-09-09T14:22:12.232525Z,156925894722152,156925894651961,156925894722152,1788963732232459349,1788963732232475549,ok,
exp_constrained_pub_only_xcdr__cpp_to_cpp__100000B__10Hz__shmem_ds__best_effort,receive,sub,cpp_to_cpp,constrained_pub_only,exp,xcdr,shmem_ds,100000,10,0,measured,122,2026-09-09T14:22:12.332175Z,156925994373617,156925994302043,156925994373617,1788963732332109221,1788963732332130731,ok,
exp_constrained_pub_only_xcdr__cpp_to_cpp__100000B__10Hz__shmem_ds__best_effort,receive,sub,cpp_to_cpp,constrained_pub_only,exp,xcdr,shmem_ds,100000,10,0,measured,123,2026-09-09T14:22:12.431770Z,156926093969177,156926093892144,156926093969177,1788963732431699952,1788963732431723897,ok,
exp_constrained_pub_only_xcdr__cpp_to_cpp__100000B__10Hz__shmem_ds__best_effort,receive,sub,cpp_to_cpp,constrained_pub_only,exp,xcdr,shmem_ds,100000,10,0,measured,124,2026-09-09T14:22:12.531611Z,156926193809854,156926193722852,156926193809854,1788963732531533877,1788963732531563782,ok,
exp_constrained_pub_only_xcdr__cpp_to_cpp__100000B__10Hz__shmem_ds__best_effort,receive,sub,cpp_to_cpp,constrained_pub_only,exp,xcdr,shmem_ds,100000,10,0,measured,125,2026-09-09T14:22:12.630963Z,156926293161138,156926293049530,156926293161138,1788963732630865915,1788963732630902273,ok,
exp_constrained_pub_only_xcdr__cpp_to_cpp__100000B__10Hz__shmem_ds__best_effort,receive,sub,cpp_to_cpp,constrained_pub_only,exp,xcdr,shmem_ds,100000,10,0,measured,126,2026-09-09T14:22:12.731639Z,156926393837484,156926393750882,156926393837484,1788963732731561586,1788963732731584088,ok,
exp_constrained_pub_only_xcdr__cpp_to_cpp__100000B__10Hz__shmem_ds__best_effort,receive,sub,cpp_to_cpp,constrained_pub_only,exp,xcdr,shmem_ds,100000,10,0,measured,127,2026-09-09T14:22:12.831618Z,156926493816589,156926493724568,156926493816589,1788963732831538678,1788963732831560439,ok,
exp_constrained_pub_only_xcdr__cpp_to_cpp__100000B__10Hz__shmem_ds__best_effort,receive,sub,cpp_to_cpp,constrained_pub_only,exp,xcdr,shmem_ds,100000,10,0,measured,128,2026-09-09T14:22:12.931207Z,156926593404646,156926593305230,156926593404646,1788963732931117938,1788963732931150098,ok,
exp_constrained_pub_only_xcdr__cpp_to_cpp__100000B__10Hz__shmem_ds__best_effort,receive,sub,cpp_to_cpp,constrained_pub_only,exp,xcdr,shmem_ds,100000,10,0,measured,129,2026-09-09T14:22:13.031858Z,156926694056137,156926693943306,156926694056137,1788963733031757427,1788963733031792141,ok,
exp_constrained_pub_only_xcdr__cpp_to_cpp__100000B__10Hz__shmem_ds__best_effort,receive,sub,cpp_to_cpp,constrained_pub_only,exp,xcdr,shmem_ds,100000,10,0,measured,130,2026-09-09T14:22:13.131721Z,156926793919622,156926793805579,156926793919622,1788963733131621714,1788963733131656789,ok,
exp_constrained_pub_only_xcdr__cpp_to_cpp__100000B__10Hz__shmem_ds__best_effort,receive,sub,cpp_to_cpp,constrained_pub_only,exp,xcdr,shmem_ds,100000,10,0,measured,131,2026-09-09T14:22:13.230861Z,156926893059549,156926892954684,156926893059549,1788963733230766720,1788963733230791977,ok,
exp_constrained_pub_only_xcdr__cpp_to_cpp__100000B__10Hz__shmem_ds__best_effort,receive,sub,cpp_to_cpp,constrained_pub_only,exp,xcdr,shmem_ds,100000,10,0,measured,132,2026-09-09T14:22:13.331600Z,156926993798818,156926993708509,156926993798818,1788963733331519323,1788963733331546163,ok,
exp_constrained_pub_only_xcdr__cpp_to_cpp__100000B__10Hz__shmem_ds__best_effort,receive,sub,cpp_to_cpp,constrained_pub_only,exp,xcdr,shmem_ds,100000,10,0,measured,133,2026-09-09T14:22:13.432211Z,156927094409025,156927094303288,156927094409025,1788963733432117369,1788963733432146593,ok,
exp_constrained_pub_only_xcdr__cpp_to_cpp__100000B__10Hz__shmem_ds__best_effort,receive,sub,cpp_to_cpp,constrained_pub_only,exp,xcdr,shmem_ds,100000,10,0,measured,134,2026-09-09T14:22:13.533077Z,156927195274569,156927195125521,156927195274569,1788963733532946374,1788963733532997810,ok,
exp_constrained_pub_only_xcdr__cpp_to_cpp__100000B__10Hz__shmem_ds__best_effort,receive,sub,cpp_to_cpp,constrained_pub_only,exp,xcdr,shmem_ds,100000,10,0,measured,135,2026-09-09T14:22:13.633781Z,156927295965908,156927295825697,156927295965908,1788963733633644907,1788963733633693748,ok,
exp_constrained_pub_only_xcdr__cpp_to_cpp__100000B__10Hz__shmem_ds__best_effort,receive,sub,cpp_to_cpp,constrained_pub_only,exp,xcdr,shmem_ds,100000,10,0,measured,136,2026-09-09T14:22:13.732733Z,156927394931591,156927394856511,156927394931591,1788963733732666203,1788963733732685218,ok,
exp_constrained_pub_only_xcdr__cpp_to_cpp__100000B__10Hz__shmem_ds__best_effort,receive,sub,cpp_to_cpp,constrained_pub_only,exp,xcdr,shmem_ds,100000,10,0,measured,137,2026-09-09T14:22:13.833253Z,156927495451079,156927495350051,156927495451079,1788963733833162728,1788963733833192814,ok,
exp_constrained_pub_only_xcdr__cpp_to_cpp__100000B__10Hz__shmem_ds__best_effort,receive,sub,cpp_to_cpp,constrained_pub_only,exp,xcdr,shmem_ds,100000,10,0,measured,138,2026-09-09T14:22:13.932420Z,156927594618558,156927594501980,156927594618558,1788963733932315580,1788963733932352048,ok,
exp_constrained_pub_only_xcdr__cpp_to_cpp__100000B__10Hz__shmem_ds__best_effort,receive,sub,cpp_to_cpp,constrained_pub_only,exp,xcdr,shmem_ds,100000,10,0,measured,139,2026-09-09T14:22:14.031821Z,156927694019162,156927693907304,156927694019162,1788963734031720703,1788963734031747162,ok,
exp_constrained_pub_only_xcdr__cpp_to_cpp__100000B__10Hz__shmem_ds__best_effort,receive,sub,cpp_to_cpp,constrained_pub_only,exp,xcdr,shmem_ds,100000,10,0,measured,140,2026-09-09T14:22:14.132144Z,156927794341501,156927794197993,156927794341501,1788963734132021020,1788963734132066034,ok,
exp_constrained_pub_only_xcdr__cpp_to_cpp__100000B__10Hz__shmem_ds__best_effort,receive,sub,cpp_to_cpp,constrained_pub_only,exp,xcdr,shmem_ds,100000,10,0,measured,141,2026-09-09T14:22:14.231950Z,156927894148838,156927894055794,156927894148838,1788963734231870686,1788963734231898648,ok,
exp_constrained_pub_only_xcdr__cpp_to_cpp__100000B__10Hz__shmem_ds__best_effort,receive,sub,cpp_to_cpp,constrained_pub_only,exp,xcdr,shmem_ds,100000,10,0,measured,142,2026-09-09T14:22:14.331617Z,156927993815964,156927993725626,156927993815964,1788963734331538163,1788963734331566837,ok,
exp_constrained_pub_only_xcdr__cpp_to_cpp__100000B__10Hz__shmem_ds__best_effort,receive,sub,cpp_to_cpp,constrained_pub_only,exp,xcdr,shmem_ds,100000,10,0,measured,143,2026-09-09T14:22:14.431451Z,156928093647978,156928093473933,156928093647978,1788963734431302691,1788963734431360989,ok,
exp_constrained_pub_only_xcdr__cpp_to_cpp__100000B__10Hz__shmem_ds__best_effort,receive,sub,cpp_to_cpp,constrained_pub_only,exp,xcdr,shmem_ds,100000,10,0,measured,144,2026-09-09T14:22:14.531775Z,156928193972629,156928193850842,156928193972629,1788963734531668730,1788963734531707111,ok,
exp_constrained_pub_only_xcdr__cpp_to_cpp__100000B__10Hz__shmem_ds__best_effort,receive,sub,cpp_to_cpp,constrained_pub_only,exp,xcdr,shmem_ds,100000,10,0,measured,145,2026-09-09T14:22:14.631442Z,156928293640667,156928293524992,156928293640667,1788963734631341507,1788963734631382062,ok,
exp_constrained_pub_only_xcdr__cpp_to_cpp__100000B__10Hz__shmem_ds__best_effort,receive,sub,cpp_to_cpp,constrained_pub_only,exp,xcdr,shmem_ds,100000,10,0,measured,146,2026-09-09T14:22:14.731956Z,156928394154802,156928394015102,156928394154802,1788963734731850763,1788963734731893101,ok,
exp_constrained_pub_only_xcdr__cpp_to_cpp__100000B__10Hz__shmem_ds__best_effort,receive,sub,cpp_to_cpp,constrained_pub_only,exp,xcdr,shmem_ds,100000,10,0,measured,147,2026-09-09T14:22:14.831262Z,156928493460394,156928493336163,156928493460394,1788963734831153259,1788963734831191801,ok,
exp_constrained_pub_only_xcdr__cpp_to_cpp__100000B__10Hz__shmem_ds__best_effort,receive,sub,cpp_to_cpp,constrained_pub_only,exp,xcdr,shmem_ds,100000,10,0,measured,148,2026-09-09T14:22:14.931523Z,156928593722179,156928593630889,156928593722179,1788963734931443697,1788963734931473632,ok,
exp_constrained_pub_only_xcdr__cpp_to_cpp__100000B__10Hz__shmem_ds__best_effort,receive,sub,cpp_to_cpp,constrained_pub_only,exp,xcdr,shmem_ds,100000,10,0,measured,149,2026-09-09T14:22:15.030744Z,156928692942865,156928692810017,156928692942865,1788963735030628836,1788963735030668230,ok,
exp_constrained_pub_only_xcdr__cpp_to_cpp__100000B__10Hz__shmem_ds__best_effort,receive,sub,cpp_to_cpp,constrained_pub_only,exp,xcdr,shmem_ds,100000,10,0,measured,150,2026-09-09T14:22:15.130502Z,156928792700056,156928792598496,156928792700056,1788963735130412276,1788963735130444366,ok,
exp_constrained_pub_only_xcdr__cpp_to_cpp__100000B__10Hz__shmem_ds__best_effort,receive,sub,cpp_to_cpp,constrained_pub_only,exp,xcdr,shmem_ds,100000,10,0,measured,151,2026-09-09T14:22:15.230261Z,156928892458909,156928892333696,156928892458909,1788963735230154569,1788963735230190596,ok,
exp_constrained_pub_only_xcdr__cpp_to_cpp__100000B__10Hz__shmem_ds__best_effort,receive,sub,cpp_to_cpp,constrained_pub_only,exp,xcdr,shmem_ds,100000,10,0,measured,152,2026-09-09T14:22:15.330262Z,156928992459984,156928992354528,156928992459984,1788963735330170872,1788963735330206749,ok,
exp_constrained_pub_only_xcdr__cpp_to_cpp__100000B__10Hz__shmem_ds__best_effort,receive,sub,cpp_to_cpp,constrained_pub_only,exp,xcdr,shmem_ds,100000,10,0,measured,153,2026-09-09T14:22:15.430705Z,156929092903354,156929092726414,156929092903354,1788963735430553779,1788963735430617798,ok,
exp_constrained_pub_only_xcdr__cpp_to_cpp__100000B__10Hz__shmem_ds__best_effort,receive,sub,cpp_to_cpp,constrained_pub_only,exp,xcdr,shmem_ds,100000,10,0,measured,154,2026-09-09T14:22:15.531098Z,156929193295308,156929193150969,156929193295308,1788963735530973785,1788963735531018349,ok,
exp_constrained_pub_only_xcdr__cpp_to_cpp__100000B__10Hz__shmem_ds__best_effort,receive,sub,cpp_to_cpp,constrained_pub_only,exp,xcdr,shmem_ds,100000,10,0,measured,155,2026-09-09T14:22:15.631100Z,156929293298487,156929293157324,156929293298487,1788963735630979880,1788963735631029613,ok,
exp_constrained_pub_only_xcdr__cpp_to_cpp__100000B__10Hz__shmem_ds__best_effort,receive,sub,cpp_to_cpp,constrained_pub_only,exp,xcdr,shmem_ds,100000,10,0,measured,156,2026-09-09T14:22:15.731123Z,156929393321082,156929393201880,156929393321082,1788963735731021120,1788963735731058740,ok,
exp_constrained_pub_only_xcdr__cpp_to_cpp__100000B__10Hz__shmem_ds__best_effort,receive,sub,cpp_to_cpp,constrained_pub_only,exp,xcdr,shmem_ds,100000,10,0,measured,157,2026-09-09T14:22:15.830920Z,156929493118026,156929492985208,156929493118026,1788963735830811341,1788963735830852848,ok,
exp_constrained_pub_only_xcdr__cpp_to_cpp__100000B__10Hz__shmem_ds__best_effort,receive,sub,cpp_to_cpp,constrained_pub_only,exp,xcdr,shmem_ds,100000,10,0,measured,158,2026-09-09T14:22:15.931540Z,156929593737965,156929593584299,156929593737965,1788963735931409379,1788963735931458661,ok,
exp_constrained_pub_only_xcdr__cpp_to_cpp__100000B__10Hz__shmem_ds__best_effort,receive,sub,cpp_to_cpp,constrained_pub_only,exp,xcdr,shmem_ds,100000,10,0,measured,159,2026-09-09T14:22:16.030913Z,156929693110690,156929692960080,156929693110690,1788963736030781614,1788963736030836727,ok,
exp_constrained_pub_only_xcdr__cpp_to_cpp__100000B__10Hz__shmem_ds__best_effort,receive,sub,cpp_to_cpp,constrained_pub_only,exp,xcdr,shmem_ds,100000,10,0,measured,160,2026-09-09T14:22:16.130524Z,156929792723157,156929792635834,156929792723157,1788963736130447590,1788963736130471014,ok,
exp_constrained_pub_only_xcdr__cpp_to_cpp__100000B__10Hz__shmem_ds__best_effort,receive,sub,cpp_to_cpp,constrained_pub_only,exp,xcdr,shmem_ds,100000,10,0,measured,161,2026-09-09T14:22:16.230665Z,156929892862696,156929892749485,156929892862696,1788963736230565208,1788963736230600895,ok,
exp_constrained_pub_only_xcdr__cpp_to_cpp__100000B__10Hz__shmem_ds__best_effort,receive,sub,cpp_to_cpp,constrained_pub_only,exp,xcdr,shmem_ds,100000,10,0,measured,162,2026-09-09T14:22:16.329810Z,156929992008773,156929991905431,156929992008773,1788963736329719140,1788963736329749296,ok,
exp_constrained_pub_only_xcdr__cpp_to_cpp__100000B__10Hz__shmem_ds__best_effort,receive,sub,cpp_to_cpp,constrained_pub_only,exp,xcdr,shmem_ds,100000,10,0,measured,163,2026-09-09T14:22:16.429392Z,156930091566237,156930091402973,156930091566237,1788963736429227773,1788963736429283657,ok,
exp_constrained_pub_only_xcdr__cpp_to_cpp__100000B__10Hz__shmem_ds__best_effort,receive,sub,cpp_to_cpp,constrained_pub_only,exp,xcdr,shmem_ds,100000,10,0,measured,164,2026-09-09T14:22:16.529178Z,156930191376793,156930191248675,156930191376793,1788963736529067303,1788963736529108841,ok,
exp_constrained_pub_only_xcdr__cpp_to_cpp__100000B__10Hz__shmem_ds__best_effort,receive,sub,cpp_to_cpp,constrained_pub_only,exp,xcdr,shmem_ds,100000,10,0,measured,165,2026-09-09T14:22:16.629125Z,156930291323894,156930291195184,156930291323894,1788963736629013061,1788963736629053156,ok,
exp_constrained_pub_only_xcdr__cpp_to_cpp__100000B__10Hz__shmem_ds__best_effort,receive,sub,cpp_to_cpp,constrained_pub_only,exp,xcdr,shmem_ds,100000,10,0,measured,166,2026-09-09T14:22:16.728522Z,156930390720649,156930390620071,156930390720649,1788963736728429873,1788963736728455481,ok,
exp_constrained_pub_only_xcdr__cpp_to_cpp__100000B__10Hz__shmem_ds__best_effort,receive,sub,cpp_to_cpp,constrained_pub_only,exp,xcdr,shmem_ds,100000,10,0,measured,167,2026-09-09T14:22:16.828716Z,156930490914950,156930490817128,156930490914950,1788963736828629816,1788963736828656535,ok,
exp_constrained_pub_only_xcdr__cpp_to_cpp__100000B__10Hz__shmem_ds__best_effort,receive,sub,cpp_to_cpp,constrained_pub_only,exp,xcdr,shmem_ds,100000,10,0,measured,168,2026-09-09T14:22:16.929696Z,156930591894245,156930591796963,156930591894245,1788963736929606636,1788963736929629338,ok,
exp_constrained_pub_only_xcdr__cpp_to_cpp__100000B__10Hz__shmem_ds__best_effort,receive,sub,cpp_to_cpp,constrained_pub_only,exp,xcdr,shmem_ds,100000,10,0,measured,169,2026-09-09T14:22:17.030556Z,156930692753087,156930692612585,156930692753087,1788963737030429551,1788963737030478061,ok,
exp_constrained_pub_only_xcdr__cpp_to_cpp__100000B__10Hz__shmem_ds__best_effort,receive,sub,cpp_to_cpp,constrained_pub_only,exp,xcdr,shmem_ds,100000,10,0,measured,170,2026-09-09T14:22:17.130288Z,156930792486235,156930792370549,156930792486235,1788963737130186914,1788963737130224895,ok,
exp_constrained_pub_only_xcdr__cpp_to_cpp__100000B__10Hz__shmem_ds__best_effort,receive,sub,cpp_to_cpp,constrained_pub_only,exp,xcdr,shmem_ds,100000,10,0,measured,171,2026-09-09T14:22:17.230213Z,156930892412583,156930892325120,156930892412583,1788963737230134632,1788963737230161752,ok,
exp_constrained_pub_only_xcdr__cpp_to_cpp__100000B__10Hz__shmem_ds__best_effort,receive,sub,cpp_to_cpp,constrained_pub_only,exp,xcdr,shmem_ds,100000,10,0,measured,172,2026-09-09T14:22:17.329771Z,156930991969352,156930991901796,156930991969352,1788963737329707822,1788963737329724833,ok,
exp_constrained_pub_only_xcdr__cpp_to_cpp__100000B__10Hz__shmem_ds__best_effort,receive,sub,cpp_to_cpp,constrained_pub_only,exp,xcdr,shmem_ds,100000,10,0,measured,173,2026-09-09T14:22:17.429678Z,156931091876595,156931091808969,156931091876595,1788963737429617779,1788963737429632156,ok,
exp_constrained_pub_only_xcdr__cpp_to_cpp__100000B__10Hz__shmem_ds__best_effort,receive,sub,cpp_to_cpp,constrained_pub_only,exp,xcdr,shmem_ds,100000,10,0,measured,174,2026-09-09T14:22:17.529316Z,156931191514645,156931191434105,156931191514645,1788963737529245590,1788963737529262502,ok,
exp_constrained_pub_only_xcdr__cpp_to_cpp__100000B__10Hz__shmem_ds__best_effort,receive,sub,cpp_to_cpp,constrained_pub_only,exp,xcdr,shmem_ds,100000,10,0,measured,175,2026-09-09T14:22:17.628946Z,156931291144650,156931291048140,156931291144650,1788963737628863422,1788963737628891184,ok,
exp_constrained_pub_only_xcdr__cpp_to_cpp__100000B__10Hz__shmem_ds__best_effort,receive,sub,cpp_to_cpp,constrained_pub_only,exp,xcdr,shmem_ds,100000,10,0,measured,176,2026-09-09T14:22:17.728767Z,156931390966122,156931390906972,156931390966122,1788963737728715522,1788963737728731452,ok,
exp_constrained_pub_only_xcdr__cpp_to_cpp__100000B__10Hz__shmem_ds__best_effort,receive,sub,cpp_to_cpp,constrained_pub_only,exp,xcdr,shmem_ds,100000,10,0,measured,177,2026-09-09T14:22:17.829080Z,156931491278851,156931491194213,156931491278851,1788963737829006129,1788963737829030204,ok,
exp_constrained_pub_only_xcdr__cpp_to_cpp__100000B__10Hz__shmem_ds__best_effort,receive,sub,cpp_to_cpp,constrained_pub_only,exp,xcdr,shmem_ds,100000,10,0,measured,178,2026-09-09T14:22:17.928229Z,156931590427860,156931590326751,156931590427860,1788963737928140671,1788963737928173973,ok,
exp_constrained_pub_only_xcdr__cpp_to_cpp__100000B__10Hz__shmem_ds__best_effort,receive,sub,cpp_to_cpp,constrained_pub_only,exp,xcdr,shmem_ds,100000,10,0,measured,179,2026-09-09T14:22:18.028269Z,156931690467390,156931690358287,156931690467390,1788963738028175763,1788963738028212722,ok,
exp_constrained_pub_only_xcdr__cpp_to_cpp__100000B__10Hz__shmem_ds__best_effort,receive,sub,cpp_to_cpp,constrained_pub_only,exp,xcdr,shmem_ds,100000,10,0,measured,180,2026-09-09T14:22:18.127966Z,156931790164778,156931790064922,156931790164778,1788963738127882409,1788963738127908367,ok,
exp_constrained_pub_only_xcdr__cpp_to_cpp__100000B__10Hz__shmem_ds__best_effort,receive,sub,cpp_to_cpp,constrained_pub_only,exp,xcdr,shmem_ds,100000,10,0,measured,181,2026-09-09T14:22:18.228454Z,156931890652820,156931890582218,156931890652820,1788963738228395687,1788963738228413801,ok,
exp_constrained_pub_only_xcdr__cpp_to_cpp__100000B__10Hz__shmem_ds__best_effort,receive,sub,cpp_to_cpp,constrained_pub_only,exp,xcdr,shmem_ds,100000,10,0,measured,182,2026-09-09T14:22:18.328301Z,156931990500357,156931990435015,156931990500357,1788963738328247583,1788963738328270245,ok,
exp_constrained_pub_only_xcdr__cpp_to_cpp__100000B__10Hz__shmem_ds__best_effort,receive,sub,cpp_to_cpp,constrained_pub_only,exp,xcdr,shmem_ds,100000,10,0,measured,183,2026-09-09T14:22:18.427768Z,156932089965672,156932089844446,156932089965672,1788963738427661622,1788963738427700144,ok,
exp_constrained_pub_only_xcdr__cpp_to_cpp__100000B__10Hz__shmem_ds__best_effort,receive,sub,cpp_to_cpp,constrained_pub_only,exp,xcdr,shmem_ds,100000,10,0,measured,184,2026-09-09T14:22:18.526756Z,156932188954158,156932188841268,156932188954158,1788963738526655869,1788963738526687147,ok,
exp_constrained_pub_only_xcdr__cpp_to_cpp__100000B__10Hz__shmem_ds__best_effort,receive,sub,cpp_to_cpp,constrained_pub_only,exp,xcdr,shmem_ds,100000,10,0,measured,185,2026-09-09T14:22:18.627042Z,156932289239863,156932289120400,156932289239863,1788963738626936985,1788963738626978242,ok,
exp_constrained_pub_only_xcdr__cpp_to_cpp__100000B__10Hz__shmem_ds__best_effort,receive,sub,cpp_to_cpp,constrained_pub_only,exp,xcdr,shmem_ds,100000,10,0,measured,186,2026-09-09T14:22:18.726616Z,156932388812517,156932388662788,156932388812517,1788963738726482549,1788963738726523165,ok,
exp_constrained_pub_only_xcdr__cpp_to_cpp__100000B__10Hz__shmem_ds__best_effort,receive,sub,cpp_to_cpp,constrained_pub_only,exp,xcdr,shmem_ds,100000,10,0,measured,187,2026-09-09T14:22:18.825977Z,156932488175031,156932488051931,156932488175031,1788963738825875389,1788963738825912248,ok,
exp_constrained_pub_only_xcdr__cpp_to_cpp__100000B__10Hz__shmem_ds__best_effort,receive,sub,cpp_to_cpp,constrained_pub_only,exp,xcdr,shmem_ds,100000,10,0,measured,188,2026-09-09T14:22:18.926687Z,156932588885287,156932588806470,156932588885287,1788963738926618737,1788963738926636029,ok,
exp_constrained_pub_only_xcdr__cpp_to_cpp__100000B__10Hz__shmem_ds__best_effort,receive,sub,cpp_to_cpp,constrained_pub_only,exp,xcdr,shmem_ds,100000,10,0,measured,189,2026-09-09T14:22:19.027315Z,156932689513391,156932689408636,156932689513391,1788963739027222827,1788963739027255427,ok,
exp_constrained_pub_only_xcdr__cpp_to_cpp__100000B__10Hz__shmem_ds__best_effort,receive,sub,cpp_to_cpp,constrained_pub_only,exp,xcdr,shmem_ds,100000,10,0,measured,190,2026-09-09T14:22:19.127162Z,156932789360765,156932789237104,156932789360765,1788963739127054130,1788963739127100647,ok,
exp_constrained_pub_only_xcdr__cpp_to_cpp__100000B__10Hz__shmem_ds__best_effort,receive,sub,cpp_to_cpp,constrained_pub_only,exp,xcdr,shmem_ds,100000,10,0,measured,191,2026-09-09T14:22:19.226308Z,156932888506961,156932888424577,156932888506961,1788963739226237125,1788963739226264255,ok,
exp_constrained_pub_only_xcdr__cpp_to_cpp__100000B__10Hz__shmem_ds__best_effort,receive,sub,cpp_to_cpp,constrained_pub_only,exp,xcdr,shmem_ds,100000,10,0,measured,192,2026-09-09T14:22:19.326650Z,156932988841352,156932988769288,156932988841352,1788963739326580743,1788963739326607042,ok,
exp_constrained_pub_only_xcdr__cpp_to_cpp__100000B__10Hz__shmem_ds__best_effort,receive,sub,cpp_to_cpp,constrained_pub_only,exp,xcdr,shmem_ds,100000,10,0,measured,193,2026-09-09T14:22:19.427578Z,156933089776664,156933089703127,156933089776664,1788963739427514432,1788963739427537855,ok,
exp_constrained_pub_only_xcdr__cpp_to_cpp__100000B__10Hz__shmem_ds__best_effort,receive,sub,cpp_to_cpp,constrained_pub_only,exp,xcdr,shmem_ds,100000,10,0,measured,194,2026-09-09T14:22:19.527138Z,156933189337403,156933189248236,156933189337403,1788963739527064090,1788963739527096611,ok,
exp_constrained_pub_only_xcdr__cpp_to_cpp__100000B__10Hz__shmem_ds__best_effort,receive,sub,cpp_to_cpp,constrained_pub_only,exp,xcdr,shmem_ds,100000,10,0,measured,195,2026-09-09T14:22:19.626313Z,156933288511180,156933288402457,156933288511180,1788963739626219283,1788963739626256532,ok,
exp_constrained_pub_only_xcdr__cpp_to_cpp__100000B__10Hz__shmem_ds__best_effort,receive,sub,cpp_to_cpp,constrained_pub_only,exp,xcdr,shmem_ds,100000,10,0,measured,196,2026-09-09T14:22:19.726530Z,156933388727732,156933388653583,156933388727732,1788963739726465460,1788963739726489595,ok,
exp_constrained_pub_only_xcdr__cpp_to_cpp__100000B__10Hz__shmem_ds__best_effort,receive,sub,cpp_to_cpp,constrained_pub_only,exp,xcdr,shmem_ds,100000,10,0,measured,197,2026-09-09T14:22:19.826690Z,156933488888590,156933488806907,156933488888590,1788963739826621409,1788963739826650793,ok,
exp_constrained_pub_only_xcdr__cpp_to_cpp__100000B__10Hz__shmem_ds__best_effort,receive,sub,cpp_to_cpp,constrained_pub_only,exp,xcdr,shmem_ds,100000,10,0,measured,198,2026-09-09T14:22:19.926014Z,156933588212928,156933588158656,156933588212928,1788963739925969481,1788963739925987965,ok,
exp_constrained_pub_only_xcdr__cpp_to_cpp__100000B__10Hz__shmem_ds__best_effort,receive,sub,cpp_to_cpp,constrained_pub_only,exp,xcdr,shmem_ds,100000,10,0,measured,199,2026-09-09T14:22:20.026897Z,156933689095302,156933688957044,156933689095302,1788963740026776404,1788963740026841366,ok,
exp_constrained_pub_only_xcdr__cpp_to_cpp__100000B__10Hz__shmem_ds__best_effort,receive,sub,cpp_to_cpp,constrained_pub_only,exp,xcdr,shmem_ds,100000,10,0,measured,200,2026-09-09T14:22:20.126718Z,156933788917465,156933788837786,156933788917465,1788963740126652217,1788963740126680921,ok,
exp_constrained_pub_only_xcdr__cpp_to_cpp__100000B__10Hz__shmem_ds__best_effort,receive,sub,cpp_to_cpp,constrained_pub_only,exp,xcdr,shmem_ds,100000,10,0,measured,201,2026-09-09T14:22:20.225903Z,156933888102630,156933888036697,156933888102630,1788963740225847220,1788963740225870644,ok,
exp_constrained_pub_only_xcdr__cpp_to_cpp__100000B__10Hz__shmem_ds__best_effort,receive,sub,cpp_to_cpp,constrained_pub_only,exp,xcdr,shmem_ds,100000,10,0,measured,202,2026-09-09T14:22:20.325234Z,156933987432995,156933987369907,156933987432995,1788963740325181072,1788963740325204225,ok,
exp_constrained_pub_only_xcdr__cpp_to_cpp__100000B__10Hz__shmem_ds__best_effort,receive,sub,cpp_to_cpp,constrained_pub_only,exp,xcdr,shmem_ds,100000,10,0,measured,203,2026-09-09T14:22:20.426077Z,156934088275730,156934088187766,156934088275730,1788963740425999943,1788963740426029708,ok,
exp_constrained_pub_only_xcdr__cpp_to_cpp__100000B__10Hz__shmem_ds__best_effort,receive,sub,cpp_to_cpp,constrained_pub_only,exp,xcdr,shmem_ds,100000,10,0,measured,204,2026-09-09T14:22:20.525982Z,156934188180567,156934188096811,156934188180567,1788963740525909959,1788963740525939514,ok,
exp_constrained_pub_only_xcdr__cpp_to_cpp__100000B__10Hz__shmem_ds__best_effort,receive,sub,cpp_to_cpp,constrained_pub_only,exp,xcdr,shmem_ds,100000,10,0,measured,205,2026-09-09T14:22:20.626740Z,156934288937242,156934288767956,156934288937242,1788963740626596073,1788963740626657437,ok,
exp_constrained_pub_only_xcdr__cpp_to_cpp__100000B__10Hz__shmem_ds__best_effort,receive,sub,cpp_to_cpp,constrained_pub_only,exp,xcdr,shmem_ds,100000,10,0,measured,206,2026-09-09T14:22:20.726489Z,156934388687881,156934388580892,156934388687881,1788963740726399350,1788963740726440046,ok,
exp_constrained_pub_only_xcdr__cpp_to_cpp__100000B__10Hz__shmem_ds__best_effort,receive,sub,cpp_to_cpp,constrained_pub_only,exp,xcdr,shmem_ds,100000,10,0,measured,207,2026-09-09T14:22:20.826318Z,156934488516837,156934488425556,156934488516837,1788963740826241831,1788963740826276365,ok,
exp_constrained_pub_only_xcdr__cpp_to_cpp__100000B__10Hz__shmem_ds__best_effort,receive,sub,cpp_to_cpp,constrained_pub_only,exp,xcdr,shmem_ds,100000,10,0,measured,208,2026-09-09T14:22:20.925906Z,156934588105394,156934588032367,156934588105394,1788963740925844314,1788963740925873348,ok,
exp_constrained_pub_only_xcdr__cpp_to_cpp__100000B__10Hz__shmem_ds__best_effort,receive,sub,cpp_to_cpp,constrained_pub_only,exp,xcdr,shmem_ds,100000,10,0,measured,209,2026-09-09T14:22:21.025197Z,156934687395916,156934687287854,156934687395916,1788963741025106373,1788963741025147019,ok,
exp_constrained_pub_only_xcdr__cpp_to_cpp__100000B__10Hz__shmem_ds__best_effort,receive,sub,cpp_to_cpp,constrained_pub_only,exp,xcdr,shmem_ds,100000,10,0,measured,210,2026-09-09T14:22:21.124549Z,156934786748329,156934786662349,156934786748329,1788963741124475758,1788963741124512917,ok,
exp_constrained_pub_only_xcdr__cpp_to_cpp__100000B__10Hz__shmem_ds__best_effort,receive,sub,cpp_to_cpp,constrained_pub_only,exp,xcdr,shmem_ds,100000,10,0,measured,211,2026-09-09T14:22:21.224067Z,156934886265409,156934886153941,156934886265409,1788963741223971809,1788963741224010851,ok,
exp_constrained_pub_only_xcdr__cpp_to_cpp__100000B__10Hz__shmem_ds__best_effort,receive,sub,cpp_to_cpp,constrained_pub_only,exp,xcdr,shmem_ds,100000,10,0,measured,212,2026-09-09T14:22:21.324812Z,156934987010950,156934986908158,156934987010950,1788963741324724913,1788963741324762003,ok,
exp_constrained_pub_only_xcdr__cpp_to_cpp__100000B__10Hz__shmem_ds__best_effort,receive,sub,cpp_to_cpp,constrained_pub_only,exp,xcdr,shmem_ds,100000,10,0,measured,213,2026-09-09T14:22:21.424698Z,156935086896737,156935086792763,156935086896737,1788963741424607094,1788963741424639855,ok,
exp_constrained_pub_only_xcdr__cpp_to_cpp__100000B__10Hz__shmem_ds__best_effort,receive,sub,cpp_to_cpp,constrained_pub_only,exp,xcdr,shmem_ds,100000,10,0,measured,214,2026-09-09T14:22:21.524097Z,156935186295356,156935186206480,156935186295356,1788963741524020641,1788963741524047240,ok,
exp_constrained_pub_only_xcdr__cpp_to_cpp__100000B__10Hz__shmem_ds__best_effort,receive,sub,cpp_to_cpp,constrained_pub_only,exp,xcdr,shmem_ds,100000,10,0,measured,215,2026-09-09T14:22:21.623409Z,156935285608365,156935285530810,156935285608365,1788963741623343418,1788963741623367954,ok,
exp_constrained_pub_only_xcdr__cpp_to_cpp__100000B__10Hz__shmem_ds__best_effort,receive,sub,cpp_to_cpp,constrained_pub_only,exp,xcdr,shmem_ds,100000,10,0,measured,216,2026-09-09T14:22:21.722763Z,156935384961990,156935384882542,156935384961990,1788963741722694308,1788963741722723242,ok,
exp_constrained_pub_only_xcdr__cpp_to_cpp__100000B__10Hz__shmem_ds__best_effort,receive,sub,cpp_to_cpp,constrained_pub_only,exp,xcdr,shmem_ds,100000,10,0,measured,217,2026-09-09T14:22:21.822101Z,156935484299706,156935484201743,156935484299706,1788963741822016404,1788963741822048645,ok,
exp_constrained_pub_only_xcdr__cpp_to_cpp__100000B__10Hz__shmem_ds__best_effort,receive,sub,cpp_to_cpp,constrained_pub_only,exp,xcdr,shmem_ds,100000,10,0,measured,218,2026-09-09T14:22:21.921342Z,156935583540872,156935583442107,156935583540872,1788963741921253903,1788963741921282387,ok,
exp_constrained_pub_only_xcdr__cpp_to_cpp__100000B__10Hz__shmem_ds__best_effort,receive,sub,cpp_to_cpp,constrained_pub_only,exp,xcdr,shmem_ds,100000,10,0,measured,219,2026-09-09T14:22:22.020921Z,156935683118276,156935682906871,156935683118276,1788963742020734577,1788963742020798466,ok,
exp_constrained_pub_only_xcdr__cpp_to_cpp__100000B__10Hz__shmem_ds__best_effort,receive,sub,cpp_to_cpp,constrained_pub_only,exp,xcdr,shmem_ds,100000,10,0,measured,220,2026-09-09T14:22:22.121642Z,156935783835920,156935783761441,156935783835920,1788963742121570002,1788963742121593415,ok,
exp_constrained_pub_only_xcdr__cpp_to_cpp__100000B__10Hz__shmem_ds__best_effort,receive,sub,cpp_to_cpp,constrained_pub_only,exp,xcdr,shmem_ds,100000,10,0,measured,221,2026-09-09T14:22:22.221557Z,156935883754395,156935883633740,156935883754395,1788963742221444524,1788963742221477205,ok,
exp_constrained_pub_only_xcdr__cpp_to_cpp__100000B__10Hz__shmem_ds__best_effort,receive,sub,cpp_to_cpp,constrained_pub_only,exp,xcdr,shmem_ds,100000,10,0,measured,222,2026-09-09T14:22:22.321287Z,156935983485460,156935983405681,156935983485460,1788963742321215674,1788963742321241101,ok,
exp_constrained_pub_only_xcdr__cpp_to_cpp__100000B__10Hz__shmem_ds__best_effort,receive,sub,cpp_to_cpp,constrained_pub_only,exp,xcdr,shmem_ds,100000,10,0,measured,223,2026-09-09T14:22:22.420536Z,156936082734887,156936082668343,156936082734887,1788963742420475671,1788963742420497191,ok,
exp_constrained_pub_only_xcdr__cpp_to_cpp__100000B__10Hz__shmem_ds__best_effort,receive,sub,cpp_to_cpp,constrained_pub_only,exp,xcdr,shmem_ds,100000,10,0,measured,224,2026-09-09T14:22:22.519847Z,156936182045358,156936181934521,156936182045358,1788963742519746197,1788963742519780130,ok,
exp_constrained_pub_only_xcdr__cpp_to_cpp__100000B__10Hz__shmem_ds__best_effort,receive,sub,cpp_to_cpp,constrained_pub_only,exp,xcdr,shmem_ds,100000,10,0,measured,225,2026-09-09T14:22:22.619692Z,156936281890215,156936281746837,156936281890215,1788963742619564033,1788963742619608526,ok,
exp_constrained_pub_only_xcdr__cpp_to_cpp__100000B__10Hz__shmem_ds__best_effort,receive,sub,cpp_to_cpp,constrained_pub_only,exp,xcdr,shmem_ds,100000,10,0,measured,226,2026-09-09T14:22:22.719061Z,156936381259595,156936381139451,156936381259595,1788963742718955535,1788963742718996522,ok,
exp_constrained_pub_only_xcdr__cpp_to_cpp__100000B__10Hz__shmem_ds__best_effort,receive,sub,cpp_to_cpp,constrained_pub_only,exp,xcdr,shmem_ds,100000,10,0,measured,227,2026-09-09T14:22:22.818398Z,156936480595854,156936480467875,156936480595854,1788963742818285642,1788963742818328512,ok,
exp_constrained_pub_only_xcdr__cpp_to_cpp__100000B__10Hz__shmem_ds__best_effort,receive,sub,cpp_to_cpp,constrained_pub_only,exp,xcdr,shmem_ds,100000,10,0,measured,228,2026-09-09T14:22:22.918053Z,156936580251930,156936580145141,156936580251930,1788963742917970833,1788963742918001690,ok,
exp_constrained_pub_only_xcdr__cpp_to_cpp__100000B__10Hz__shmem_ds__best_effort,receive,sub,cpp_to_cpp,constrained_pub_only,exp,xcdr,shmem_ds,100000,10,0,measured,229,2026-09-09T14:22:23.018814Z,156936681000132,156936680839312,156936681000132,1788963743018658622,1788963743018706011,ok,
exp_constrained_pub_only_xcdr__cpp_to_cpp__100000B__10Hz__shmem_ds__best_effort,receive,sub,cpp_to_cpp,constrained_pub_only,exp,xcdr,shmem_ds,100000,10,0,measured,230,2026-09-09T14:22:23.119043Z,156936781241405,156936781126531,156936781241405,1788963743118940310,1788963743118971649,ok,
exp_constrained_pub_only_xcdr__cpp_to_cpp__100000B__10Hz__shmem_ds__best_effort,receive,sub,cpp_to_cpp,constrained_pub_only,exp,xcdr,shmem_ds,100000,10,0,measured,231,2026-09-09T14:22:23.218727Z,156936880924657,156936880786129,156936880924657,1788963743218602824,1788963743218642378,ok,
exp_constrained_pub_only_xcdr__cpp_to_cpp__100000B__10Hz__shmem_ds__best_effort,receive,sub,cpp_to_cpp,constrained_pub_only,exp,xcdr,shmem_ds,100000,10,0,measured,232,2026-09-09T14:22:23.319508Z,156936981706527,156936981623933,156936981706527,1788963743319434737,1788963743319461668,ok,
exp_constrained_pub_only_xcdr__cpp_to_cpp__100000B__10Hz__shmem_ds__best_effort,receive,sub,cpp_to_cpp,constrained_pub_only,exp,xcdr,shmem_ds,100000,10,0,measured,233,2026-09-09T14:22:23.419278Z,156937081476060,156937081401741,156937081476060,1788963743419210952,1788963743419230920,ok,
exp_constrained_pub_only_xcdr__cpp_to_cpp__100000B__10Hz__shmem_ds__best_effort,receive,sub,cpp_to_cpp,constrained_pub_only,exp,xcdr,shmem_ds,100000,10,0,measured,234,2026-09-09T14:22:23.519457Z,156937181655427,156937181573113,156937181655427,1788963743519381914,1788963743519409996,ok,
exp_constrained_pub_only_xcdr__cpp_to_cpp__100000B__10Hz__shmem_ds__best_effort,receive,sub,cpp_to_cpp,constrained_pub_only,exp,xcdr,shmem_ds,100000,10,0,measured,235,2026-09-09T14:22:23.619506Z,156937281704932,156937281602761,156937281704932,1788963743619417152,1788963743619451416,ok,
exp_constrained_pub_only_xcdr__cpp_to_cpp__100000B__10Hz__shmem_ds__best_effort,receive,sub,cpp_to_cpp,constrained_pub_only,exp,xcdr,shmem_ds,100000,10,0,measured,236,2026-09-09T14:22:23.719323Z,156937381521763,156937381440752,156937381521763,1788963743719252318,1788963743719281051,ok,
exp_constrained_pub_only_xcdr__cpp_to_cpp__100000B__10Hz__shmem_ds__best_effort,receive,sub,cpp_to_cpp,constrained_pub_only,exp,xcdr,shmem_ds,100000,10,0,measured,237,2026-09-09T14:22:23.819608Z,156937481806396,156937481705097,156937481806396,1788963743819519368,1788963743819555876,ok,
exp_constrained_pub_only_xcdr__cpp_to_cpp__100000B__10Hz__shmem_ds__best_effort,receive,sub,cpp_to_cpp,constrained_pub_only,exp,xcdr,shmem_ds,100000,10,0,measured,238,2026-09-09T14:22:23.920491Z,156937582689205,156937582586935,156937582689205,1788963743920403710,1788963743920436812,ok,
exp_constrained_pub_only_xcdr__cpp_to_cpp__100000B__10Hz__shmem_ds__best_effort,receive,sub,cpp_to_cpp,constrained_pub_only,exp,xcdr,shmem_ds,100000,10,0,measured,239,2026-09-09T14:22:24.019848Z,156937682046330,156937681935153,156937682046330,1788963744019749824,1788963744019780341,ok,
exp_constrained_pub_only_xcdr__cpp_to_cpp__100000B__10Hz__shmem_ds__best_effort,receive,sub,cpp_to_cpp,constrained_pub_only,exp,xcdr,shmem_ds,100000,10,0,measured,240,2026-09-09T14:22:24.119635Z,156937781834243,156937781770915,156937781834243,1788963744119577942,1788963744119595395,ok,
exp_constrained_pub_only_xcdr__cpp_to_cpp__100000B__10Hz__shmem_ds__best_effort,receive,sub,cpp_to_cpp,constrained_pub_only,exp,xcdr,shmem_ds,100000,10,0,measured,241,2026-09-09T14:22:24.220319Z,156937882517416,156937882430644,156937882517416,1788963744220241809,1788963744220266846,ok,
exp_constrained_pub_only_xcdr__cpp_to_cpp__100000B__10Hz__shmem_ds__best_effort,receive,sub,cpp_to_cpp,constrained_pub_only,exp,xcdr,shmem_ds,100000,10,0,measured,242,2026-09-09T14:22:24.320590Z,156937982787950,156937982714743,156937982787950,1788963744320524055,1788963744320541207,ok,
exp_constrained_pub_only_xcdr__cpp_to_cpp__100000B__10Hz__shmem_ds__best_effort,receive,sub,cpp_to_cpp,constrained_pub_only,exp,xcdr,shmem_ds,100000,10,0,measured,243,2026-09-09T14:22:24.419838Z,156938082036017,156938081896657,156938082036017,1788963744419713502,1788963744419747465,ok,
exp_constrained_pub_only_xcdr__cpp_to_cpp__100000B__10Hz__shmem_ds__best_effort,receive,sub,cpp_to_cpp,constrained_pub_only,exp,xcdr,shmem_ds,100000,10,0,measured,244,2026-09-09T14:22:24.520345Z,156938182543362,156938182439518,156938182543362,1788963744520253939,1788963744520283955,ok,
exp_constrained_pub_only_xcdr__cpp_to_cpp__100000B__10Hz__shmem_ds__best_effort,receive,sub,cpp_to_cpp,constrained_pub_only,exp,xcdr,shmem_ds,100000,10,0,measured,245,2026-09-09T14:22:24.620644Z,156938282842368,156938282716684,156938282842368,1788963744620534581,1788963744620578864,ok,
exp_constrained_pub_only_xcdr__cpp_to_cpp__100000B__10Hz__shmem_ds__best_effort,receive,sub,cpp_to_cpp,constrained_pub_only,exp,xcdr,shmem_ds,100000,10,0,measured,246,2026-09-09T14:22:24.721413Z,156938383611161,156938383522385,156938383611161,1788963744721336596,1788963744721365610,ok,
exp_constrained_pub_only_xcdr__cpp_to_cpp__100000B__10Hz__shmem_ds__best_effort,receive,sub,cpp_to_cpp,constrained_pub_only,exp,xcdr,shmem_ds,100000,10,0,measured,247,2026-09-09T14:22:24.820927Z,156938483124863,156938482989320,156938483124863,1788963744820814110,1788963744820866007,ok,
exp_constrained_pub_only_xcdr__cpp_to_cpp__100000B__10Hz__shmem_ds__best_effort,receive,sub,cpp_to_cpp,constrained_pub_only,exp,xcdr,shmem_ds,100000,10,0,measured,248,2026-09-09T14:22:24.921653Z,156938583850525,156938583729469,156938583850525,1788963744921548739,1788963744921585789,ok,
exp_constrained_pub_only_xcdr__cpp_to_cpp__100000B__10Hz__shmem_ds__best_effort,receive,sub,cpp_to_cpp,constrained_pub_only,exp,xcdr,shmem_ds,100000,10,0,measured,249,2026-09-09T14:22:25.021139Z,156938683336907,156938683188060,156938683336907,1788963745021012950,1788963745021058465,ok,
exp_constrained_pub_only_xcdr__cpp_to_cpp__100000B__10Hz__shmem_ds__best_effort,receive,sub,cpp_to_cpp,constrained_pub_only,exp,xcdr,shmem_ds,100000,10,0,measured,250,2026-09-09T14:22:25.120889Z,156938783087066,156938782975929,156938783087066,1788963745120786603,1788963745120816839,ok,
exp_constrained_pub_only_xcdr__cpp_to_cpp__100000B__10Hz__shmem_ds__best_effort,receive,sub,cpp_to_cpp,constrained_pub_only,exp,xcdr,shmem_ds,100000,10,0,measured,251,2026-09-09T14:22:25.220708Z,156938882905683,156938882807320,156938882905683,1788963745220617352,1788963745220646256,ok,
exp_constrained_pub_only_xcdr__cpp_to_cpp__100000B__10Hz__shmem_ds__best_effort,receive,sub,cpp_to_cpp,constrained_pub_only,exp,xcdr,shmem_ds,100000,10,0,measured,252,2026-09-09T14:22:25.320948Z,156938983146798,156938983040189,156938983146798,1788963745320852085,1788963745320887141,ok,
exp_constrained_pub_only_xcdr__cpp_to_cpp__100000B__10Hz__shmem_ds__best_effort,receive,sub,cpp_to_cpp,constrained_pub_only,exp,xcdr,shmem_ds,100000,10,0,measured,253,2026-09-09T14:22:25.421822Z,156939084020933,156939083912331,156939084020933,1788963745421722874,1788963745421755305,ok,
exp_constrained_pub_only_xcdr__cpp_to_cpp__100000B__10Hz__shmem_ds__best_effort,receive,sub,cpp_to_cpp,constrained_pub_only,exp,xcdr,shmem_ds,100000,10,0,measured,254,2026-09-09T14:22:25.522292Z,156939184490875,156939184359139,156939184490875,1788963745522172398,1788963745522212272,ok,
exp_constrained_pub_only_xcdr__cpp_to_cpp__100000B__10Hz__shmem_ds__best_effort,receive,sub,cpp_to_cpp,constrained_pub_only,exp,xcdr,shmem_ds,100000,10,0,measured,255,2026-09-09T14:22:25.621855Z,156939284053594,156939283936205,156939284053594,1788963745621747269,1788963745621782645,ok,
exp_constrained_pub_only_xcdr__cpp_to_cpp__100000B__10Hz__shmem_ds__best_effort,receive,sub,cpp_to_cpp,constrained_pub_only,exp,xcdr,shmem_ds,100000,10,0,measured,256,2026-09-09T14:22:25.721169Z,156939383367259,156939383286098,156939383367259,1788963745721094838,1788963745721117400,ok,
exp_constrained_pub_only_xcdr__cpp_to_cpp__100000B__10Hz__shmem_ds__best_effort,receive,sub,cpp_to_cpp,constrained_pub_only,exp,xcdr,shmem_ds,100000,10,0,measured,257,2026-09-09T14:22:25.820706Z,156939482904080,156939482789406,156939482904080,1788963745820604418,1788963745820638773,ok,
exp_constrained_pub_only_xcdr__cpp_to_cpp__100000B__10Hz__shmem_ds__best_effort,receive,sub,cpp_to_cpp,constrained_pub_only,exp,xcdr,shmem_ds,100000,10,0,measured,258,2026-09-09T14:22:25.920398Z,156939582596522,156939582505793,156939582596522,1788963745920317388,1788963745920345631,ok,
exp_constrained_pub_only_xcdr__cpp_to_cpp__100000B__10Hz__shmem_ds__best_effort,receive,sub,cpp_to_cpp,constrained_pub_only,exp,xcdr,shmem_ds,100000,10,0,measured,259,2026-09-09T14:22:26.019641Z,156939681838504,156939681665762,156939681838504,1788963746019493909,1788963746019552017,ok,
exp_constrained_pub_only_xcdr__cpp_to_cpp__100000B__10Hz__shmem_ds__best_effort,receive,sub,cpp_to_cpp,constrained_pub_only,exp,xcdr,shmem_ds,100000,10,0,measured,260,2026-09-09T14:22:26.118812Z,156939781010662,156939780929380,156939781010662,1788963746118739182,1788963746118765131,ok,
exp_constrained_pub_only_xcdr__cpp_to_cpp__100000B__10Hz__shmem_ds__best_effort,receive,sub,cpp_to_cpp,constrained_pub_only,exp,xcdr,shmem_ds,100000,10,0,measured,261,2026-09-09T14:22:26.217905Z,156939880103851,156939880026688,156939880103851,1788963746217836320,1788963746217862789,ok,
exp_constrained_pub_only_xcdr__cpp_to_cpp__100000B__10Hz__shmem_ds__best_effort,receive,sub,cpp_to_cpp,constrained_pub_only,exp,xcdr,shmem_ds,100000,10,0,measured,262,2026-09-09T14:22:26.316933Z,156939979131218,156939979042152,156939979131218,1788963746316851744,1788963746316879005,ok,
exp_constrained_pub_only_xcdr__cpp_to_cpp__100000B__10Hz__shmem_ds__best_effort,receive,sub,cpp_to_cpp,constrained_pub_only,exp,xcdr,shmem_ds,100000,10,0,measured,263,2026-09-09T14:22:26.416886Z,156940079084753,156940078970119,156940079084753,1788963746416785462,1788963746416830786,ok,
exp_constrained_pub_only_xcdr__cpp_to_cpp__100000B__10Hz__shmem_ds__best_effort,receive,sub,cpp_to_cpp,constrained_pub_only,exp,xcdr,shmem_ds,100000,10,0,measured,264,2026-09-09T14:22:26.516334Z,156940178531873,156940178428249,156940178531873,1788963746516241097,1788963746516274920,ok,
exp_constrained_pub_only_xcdr__cpp_to_cpp__100000B__10Hz__shmem_ds__best_effort,receive,sub,cpp_to_cpp,constrained_pub_only,exp,xcdr,shmem_ds,100000,10,0,measured,265,2026-09-09T14:22:26.615419Z,156940277617458,156940277498166,156940277617458,1788963746615316434,1788963746615359124,ok,
exp_constrained_pub_only_xcdr__cpp_to_cpp__100000B__10Hz__shmem_ds__best_effort,receive,sub,cpp_to_cpp,constrained_pub_only,exp,xcdr,shmem_ds,100000,10,0,measured,266,2026-09-09T14:22:26.715110Z,156940377309065,156940377206544,156940377309065,1788963746715021285,1788963746715056280,ok,
exp_constrained_pub_only_xcdr__cpp_to_cpp__100000B__10Hz__shmem_ds__best_effort,receive,sub,cpp_to_cpp,constrained_pub_only,exp,xcdr,shmem_ds,100000,10,0,measured,267,2026-09-09T14:22:26.815274Z,156940477470687,156940477319485,156940477470687,1788963746815139386,1788963746815185222,ok,
exp_constrained_pub_only_xcdr__cpp_to_cpp__100000B__10Hz__shmem_ds__best_effort,receive,sub,cpp_to_cpp,constrained_pub_only,exp,xcdr,shmem_ds,100000,10,0,measured,268,2026-09-09T14:22:26.914585Z,156940576782175,156940576659436,156940576782175,1788963746914476532,1788963746914518360,ok,
exp_constrained_pub_only_xcdr__cpp_to_cpp__100000B__10Hz__shmem_ds__best_effort,receive,sub,cpp_to_cpp,constrained_pub_only,exp,xcdr,shmem_ds,100000,10,0,measured,269,2026-09-09T14:22:27.015043Z,156940677240241,156940677065615,156940677240241,1788963747014892189,1788963747014954485,ok,
exp_constrained_pub_only_xcdr__cpp_to_cpp__100000B__10Hz__shmem_ds__best_effort,receive,sub,cpp_to_cpp,constrained_pub_only,exp,xcdr,shmem_ds,100000,10,0,measured,270,2026-09-09T14:22:27.115464Z,156940777663337,156940777592976,156940777663337,1788963747115400123,1788963747115426222,ok,
exp_constrained_pub_only_xcdr__cpp_to_cpp__100000B__10Hz__shmem_ds__best_effort,receive,sub,cpp_to_cpp,constrained_pub_only,exp,xcdr,shmem_ds,100000,10,0,measured,271,2026-09-09T14:22:27.215593Z,156940877791213,156940877644399,156940877791213,1788963747215462367,1788963747215511378,ok,
exp_constrained_pub_only_xcdr__cpp_to_cpp__100000B__10Hz__shmem_ds__best_effort,receive,sub,cpp_to_cpp,constrained_pub_only,exp,xcdr,shmem_ds,100000,10,0,measured,272,2026-09-09T14:22:27.314695Z,156940976893025,156940976779654,156940976893025,1788963747314590779,1788963747314628509,ok,
exp_constrained_pub_only_xcdr__cpp_to_cpp__100000B__10Hz__shmem_ds__best_effort,receive,sub,cpp_to_cpp,constrained_pub_only,exp,xcdr,shmem_ds,100000,10,0,measured,273,2026-09-09T14:22:27.413796Z,156941075994126,156941075889350,156941075994126,1788963747413701096,1788963747413737634,ok,
exp_constrained_pub_only_xcdr__cpp_to_cpp__100000B__10Hz__shmem_ds__best_effort,receive,sub,cpp_to_cpp,constrained_pub_only,exp,xcdr,shmem_ds,100000,10,0,measured,274,2026-09-09T14:22:27.513952Z,156941176149633,156941176041001,156941176149633,1788963747513853548,1788963747513888233,ok,
exp_constrained_pub_only_xcdr__cpp_to_cpp__100000B__10Hz__shmem_ds__best_effort,receive,sub,cpp_to_cpp,constrained_pub_only,exp,xcdr,shmem_ds,100000,10,0,measured,275,2026-09-09T14:22:27.615003Z,156941277199889,156941277037757,156941277199889,1788963747614855724,1788963747614914955,ok,
exp_constrained_pub_only_xcdr__cpp_to_cpp__100000B__10Hz__shmem_ds__best_effort,receive,sub,cpp_to_cpp,constrained_pub_only,exp,xcdr,shmem_ds,100000,10,0,measured,276,2026-09-09T14:22:27.715015Z,156941377212290,156941377094120,156941377212290,1788963747714911075,1788963747714950629,ok,
exp_constrained_pub_only_xcdr__cpp_to_cpp__100000B__10Hz__shmem_ds__best_effort,receive,sub,cpp_to_cpp,constrained_pub_only,exp,xcdr,shmem_ds,100000,10,0,measured,277,2026-09-09T14:22:27.814290Z,156941476482275,156941476408728,156941476482275,1788963747814217318,1788963747814242696,ok,
exp_constrained_pub_only_xcdr__cpp_to_cpp__100000B__10Hz__shmem_ds__best_effort,receive,sub,cpp_to_cpp,constrained_pub_only,exp,xcdr,shmem_ds,100000,10,0,measured,278,2026-09-09T14:22:27.914883Z,156941577081420,156941576918567,156941577081420,1788963747914738107,1788963747914788581,ok,
exp_constrained_pub_only_xcdr__cpp_to_cpp__100000B__10Hz__shmem_ds__best_effort,receive,sub,cpp_to_cpp,constrained_pub_only,exp,xcdr,shmem_ds,100000,10,0,measured,279,2026-09-09T14:22:28.014091Z,156941676288910,156941676122219,156941676288910,1788963748013943443,1788963748013998686,ok,
exp_constrained_pub_only_xcdr__cpp_to_cpp__100000B__10Hz__shmem_ds__best_effort,receive,sub,cpp_to_cpp,constrained_pub_only,exp,xcdr,shmem_ds,100000,10,0,measured,280,2026-09-09T14:22:28.114068Z,156941776265590,156941776162778,156941776265590,1788963748113975296,1788963748114006854,ok,
exp_constrained_pub_only_xcdr__cpp_to_cpp__100000B__10Hz__shmem_ds__best_effort,receive,sub,cpp_to_cpp,constrained_pub_only,exp,xcdr,shmem_ds,100000,10,0,measured,281,2026-09-09T14:22:28.214811Z,156941876999011,156941876894577,156941876999011,1788963748214705391,1788963748214736228,ok,
exp_constrained_pub_only_xcdr__cpp_to_cpp__100000B__10Hz__shmem_ds__best_effort,receive,sub,cpp_to_cpp,constrained_pub_only,exp,xcdr,shmem_ds,100000,10,0,measured,282,2026-09-09T14:22:28.315637Z,156941977835745,156941977733334,156941977835745,1788963748315544449,1788963748315579144,ok,
exp_constrained_pub_only_xcdr__cpp_to_cpp__100000B__10Hz__shmem_ds__best_effort,receive,sub,cpp_to_cpp,constrained_pub_only,exp,xcdr,shmem_ds,100000,10,0,measured,283,2026-09-09T14:22:28.414936Z,156942077134060,156942077037290,156942077134060,1788963748414846060,1788963748414874984,ok,
exp_constrained_pub_only_xcdr__cpp_to_cpp__100000B__10Hz__shmem_ds__best_effort,receive,sub,cpp_to_cpp,constrained_pub_only,exp,xcdr,shmem_ds,100000,10,0,measured,284,2026-09-09T14:22:28.515455Z,156942177653853,156942177582039,156942177653853,1788963748515388926,1788963748515410126,ok,
exp_constrained_pub_only_xcdr__cpp_to_cpp__100000B__10Hz__shmem_ds__best_effort,receive,sub,cpp_to_cpp,constrained_pub_only,exp,xcdr,shmem_ds,100000,10,0,measured,285,2026-09-09T14:22:28.616496Z,156942278692885,156942278514953,156942278692885,1788963748616343410,1788963748616405045,ok,
exp_constrained_pub_only_xcdr__cpp_to_cpp__100000B__10Hz__shmem_ds__best_effort,receive,sub,cpp_to_cpp,constrained_pub_only,exp,xcdr,shmem_ds,100000,10,0,measured,286,2026-09-09T14:22:28.716489Z,156942378687268,156942378559710,156942378687268,1788963748716374431,1788963748716415558,ok,
exp_constrained_pub_only_xcdr__cpp_to_cpp__100000B__10Hz__shmem_ds__best_effort,receive,sub,cpp_to_cpp,constrained_pub_only,exp,xcdr,shmem_ds,100000,10,0,measured,287,2026-09-09T14:22:28.816976Z,156942479173087,156942479015674,156942479173087,1788963748816834232,1788963748816883725,ok,
exp_constrained_pub_only_xcdr__cpp_to_cpp__100000B__10Hz__shmem_ds__best_effort,receive,sub,cpp_to_cpp,constrained_pub_only,exp,xcdr,shmem_ds,100000,10,0,measured,288,2026-09-09T14:22:28.916236Z,156942578433612,156942578301606,156942578433612,1788963748916122779,1788963748916163645,ok,
exp_constrained_pub_only_xcdr__cpp_to_cpp__100000B__10Hz__shmem_ds__best_effort,receive,sub,cpp_to_cpp,constrained_pub_only,exp,xcdr,shmem_ds,100000,10,0,measured,289,2026-09-09T14:22:29.017221Z,156942679417823,156942679267452,156942679417823,1788963749017085430,1788963749017129823,ok,
exp_constrained_pub_only_xcdr__cpp_to_cpp__100000B__10Hz__shmem_ds__best_effort,receive,sub,cpp_to_cpp,constrained_pub_only,exp,xcdr,shmem_ds,100000,10,0,measured,290,2026-09-09T14:22:29.116323Z,156942778521459,156942778442763,156942778521459,1788963749116247075,1788963749116267583,ok,
exp_constrained_pub_only_xcdr__cpp_to_cpp__100000B__10Hz__shmem_ds__best_effort,receive,sub,cpp_to_cpp,constrained_pub_only,exp,xcdr,shmem_ds,100000,10,0,measured,291,2026-09-09T14:22:29.215691Z,156942877889009,156942877773744,156942877889009,1788963749215589538,1788963749215626286,ok,
exp_constrained_pub_only_xcdr__cpp_to_cpp__100000B__10Hz__shmem_ds__best_effort,receive,sub,cpp_to_cpp,constrained_pub_only,exp,xcdr,shmem_ds,100000,10,0,measured,292,2026-09-09T14:22:29.316364Z,156942978562326,156942978438835,156942978562326,1788963749316257404,1788963749316299643,ok,
exp_constrained_pub_only_xcdr__cpp_to_cpp__100000B__10Hz__shmem_ds__best_effort,receive,sub,cpp_to_cpp,constrained_pub_only,exp,xcdr,shmem_ds,100000,10,0,measured,293,2026-09-09T14:22:29.416250Z,156943078448553,156943078352243,156943078448553,1788963749416163889,1788963749416195758,ok,
exp_constrained_pub_only_xcdr__cpp_to_cpp__100000B__10Hz__shmem_ds__best_effort,receive,sub,cpp_to_cpp,constrained_pub_only,exp,xcdr,shmem_ds,100000,10,0,measured,294,2026-09-09T14:22:29.516627Z,156943178825785,156943178743221,156943178825785,1788963749516550519,1788963749516578030,ok,
exp_constrained_pub_only_xcdr__cpp_to_cpp__100000B__10Hz__shmem_ds__best_effort,receive,sub,cpp_to_cpp,constrained_pub_only,exp,xcdr,shmem_ds,100000,10,0,measured,295,2026-09-09T14:22:29.617597Z,156943279794141,156943279695337,156943279794141,1788963749617508636,1788963749617541176,ok,
exp_constrained_pub_only_xcdr__cpp_to_cpp__100000B__10Hz__shmem_ds__best_effort,receive,sub,cpp_to_cpp,constrained_pub_only,exp,xcdr,shmem_ds,100000,10,0,measured,296,2026-09-09T14:22:29.717570Z,156943379767631,156943379635725,156943379767631,1788963749717454213,1788963749717499448,ok,
exp_constrained_pub_only_xcdr__cpp_to_cpp__100000B__10Hz__shmem_ds__best_effort,receive,sub,cpp_to_cpp,constrained_pub_only,exp,xcdr,shmem_ds,100000,10,0,measured,297,2026-09-09T14:22:29.816561Z,156943478760091,156943478673910,156943478760091,1788963749816483933,1788963749816512336,ok,
exp_constrained_pub_only_xcdr__cpp_to_cpp__100000B__10Hz__shmem_ds__best_effort,receive,sub,cpp_to_cpp,constrained_pub_only,exp,xcdr,shmem_ds,100000,10,0,measured,298,2026-09-09T14:22:29.917467Z,156943579665679,156943579582164,156943579665679,1788963749917392176,1788963749917419217,ok,
exp_constrained_pub_only_xcdr__cpp_to_cpp__100000B__10Hz__shmem_ds__best_effort,receive,sub,cpp_to_cpp,constrained_pub_only,exp,xcdr,shmem_ds,100000,10,0,measured,299,2026-09-09T14:22:30.017837Z,156943680035149,156943679913341,156943680035149,1788963750017728093,1788963750017762647,ok,
exp_constrained_pub_only_xcdr__cpp_to_cpp__100000B__10Hz__shmem_ds__best_effort,receive,sub,cpp_to_cpp,constrained_pub_only,exp,xcdr,shmem_ds,100000,10,0,measured,300,2026-09-09T14:22:30.117683Z,156943779882400,156943779805546,156943779882400,1788963750117610990,1788963750117632230,ok,
exp_constrained_pub_only_xcdr__cpp_to_cpp__1000000B__10Hz__shmem_ds__best_effort,publish,pub,cpp_to_cpp,constrained_pub_only,exp,xcdr,shmem_ds,1000000,10,1,measured,0,2026-09-09T14:22:34.122350Z,156947784470386,156947784470386,-1,-1,-1,ok,
exp_constrained_pub_only_xcdr__cpp_to_cpp__1000000B__10Hz__shmem_ds__best_effort,publish,pub,cpp_to_cpp,constrained_pub_only,exp,xcdr,shmem_ds,1000000,10,1,measured,1,2026-09-09T14:22:34.222789Z,156947884955200,156947884955200,-1,-1,-1,ok,
exp_constrained_pub_only_xcdr__cpp_to_cpp__1000000B__10Hz__shmem_ds__best_effort,publish,pub,cpp_to_cpp,constrained_pub_only,exp,xcdr,shmem_ds,1000000,10,1,measured,2,2026-09-09T14:22:34.323133Z,156947985286909,156947985286909,-1,-1,-1,ok,
exp_constrained_pub_only_xcdr__cpp_to_cpp__1000000B__10Hz__shmem_ds__best_effort,publish,pub,cpp_to_cpp,constrained_pub_only,exp,xcdr,shmem_ds,1000000,10,1,measured,3,2026-09-09T14:22:34.423648Z,156948085812440,156948085812440,-1,-1,-1,ok,
exp_constrained_pub_only_xcdr__cpp_to_cpp__1000000B__10Hz__shmem_ds__best_effort,publish,pub,cpp_to_cpp,constrained_pub_only,exp,xcdr,shmem_ds,1000000,10,1,measured,4,2026-09-09T14:22:34.522823Z,156948184975949,156948184975949,-1,-1,-1,ok,
exp_constrained_pub_only_xcdr__cpp_to_cpp__1000000B__10Hz__shmem_ds__best_effort,publish,pub,cpp_to_cpp,constrained_pub_only,exp,xcdr,shmem_ds,1000000,10,1,measured,5,2026-09-09T14:22:34.623596Z,156948285752257,156948285752257,-1,-1,-1,ok,
exp_constrained_pub_only_xcdr__cpp_to_cpp__1000000B__10Hz__shmem_ds__best_effort,publish,pub,cpp_to_cpp,constrained_pub_only,exp,xcdr,shmem_ds,1000000,10,1,measured,6,2026-09-09T14:22:34.722931Z,156948385087147,156948385087147,-1,-1,-1,ok,
exp_constrained_pub_only_xcdr__cpp_to_cpp__1000000B__10Hz__shmem_ds__best_effort,publish,pub,cpp_to_cpp,constrained_pub_only,exp,xcdr,shmem_ds,1000000,10,1,measured,7,2026-09-09T14:22:34.823034Z,156948485193785,156948485193785,-1,-1,-1,ok,
exp_constrained_pub_only_xcdr__cpp_to_cpp__1000000B__10Hz__shmem_ds__best_effort,publish,pub,cpp_to_cpp,constrained_pub_only,exp,xcdr,shmem_ds,1000000,10,1,measured,8,2026-09-09T14:22:34.922795Z,156948584960349,156948584960349,-1,-1,-1,ok,
exp_constrained_pub_only_xcdr__cpp_to_cpp__1000000B__10Hz__shmem_ds__best_effort,publish,pub,cpp_to_cpp,constrained_pub_only,exp,xcdr,shmem_ds,1000000,10,1,measured,9,2026-09-09T14:22:35.022370Z,156948684529056,156948684529056,-1,-1,-1,ok,
exp_constrained_pub_only_xcdr__cpp_to_cpp__1000000B__10Hz__shmem_ds__best_effort,publish,pub,cpp_to_cpp,constrained_pub_only,exp,xcdr,shmem_ds,1000000,10,1,measured,10,2026-09-09T14:22:35.122101Z,156948784267885,156948784267885,-1,-1,-1,ok,
exp_constrained_pub_only_xcdr__cpp_to_cpp__1000000B__10Hz__shmem_ds__best_effort,publish,pub,cpp_to_cpp,constrained_pub_only,exp,xcdr,shmem_ds,1000000,10,1,measured,11,2026-09-09T14:22:35.220733Z,156948882904759,156948882904759,-1,-1,-1,ok,
exp_constrained_pub_only_xcdr__cpp_to_cpp__1000000B__10Hz__shmem_ds__best_effort,publish,pub,cpp_to_cpp,constrained_pub_only,exp,xcdr,shmem_ds,1000000,10,1,measured,12,2026-09-09T14:22:35.320707Z,156948982876351,156948982876351,-1,-1,-1,ok,
exp_constrained_pub_only_xcdr__cpp_to_cpp__1000000B__10Hz__shmem_ds__best_effort,publish,pub,cpp_to_cpp,constrained_pub_only,exp,xcdr,shmem_ds,1000000,10,1,measured,13,2026-09-09T14:22:35.421151Z,156949083319444,156949083319444,-1,-1,-1,ok,
exp_constrained_pub_only_xcdr__cpp_to_cpp__1000000B__10Hz__shmem_ds__best_effort,publish,pub,cpp_to_cpp,constrained_pub_only,exp,xcdr,shmem_ds,1000000,10,1,measured,14,2026-09-09T14:22:35.521350Z,156949183516127,156949183516127,-1,-1,-1,ok,
exp_constrained_pub_only_xcdr__cpp_to_cpp__1000000B__10Hz__shmem_ds__best_effort,publish,pub,cpp_to_cpp,constrained_pub_only,exp,xcdr,shmem_ds,1000000,10,1,measured,15,2026-09-09T14:22:35.621954Z,156949284116342,156949284116342,-1,-1,-1,ok,
exp_constrained_pub_only_xcdr__cpp_to_cpp__1000000B__10Hz__shmem_ds__best_effort,publish,pub,cpp_to_cpp,constrained_pub_only,exp,xcdr,shmem_ds,1000000,10,1,measured,16,2026-09-09T14:22:35.722907Z,156949385068975,156949385068975,-1,-1,-1,ok,
exp_constrained_pub_only_xcdr__cpp_to_cpp__1000000B__10Hz__shmem_ds__best_effort,publish,pub,cpp_to_cpp,constrained_pub_only,exp,xcdr,shmem_ds,1000000,10,1,measured,17,2026-09-09T14:22:35.823398Z,156949485559546,156949485559546,-1,-1,-1,ok,
exp_constrained_pub_only_xcdr__cpp_to_cpp__1000000B__10Hz__shmem_ds__best_effort,publish,pub,cpp_to_cpp,constrained_pub_only,exp,xcdr,shmem_ds,1000000,10,1,measured,18,2026-09-09T14:22:35.923268Z,156949585444998,156949585444998,-1,-1,-1,ok,
exp_constrained_pub_only_xcdr__cpp_to_cpp__1000000B__10Hz__shmem_ds__best_effort,publish,pub,cpp_to_cpp,constrained_pub_only,exp,xcdr,shmem_ds,1000000,10,1,measured,19,2026-09-09T14:22:36.022359Z,156949684534066,156949684534066,-1,-1,-1,ok,
exp_constrained_pub_only_xcdr__cpp_to_cpp__1000000B__10Hz__shmem_ds__best_effort,publish,pub,cpp_to_cpp,constrained_pub_only,exp,xcdr,shmem_ds,1000000,10,1,measured,20,2026-09-09T14:22:36.121574Z,156949783747620,156949783747620,-1,-1,-1,ok,
exp_constrained_pub_only_xcdr__cpp_to_cpp__1000000B__10Hz__shmem_ds__best_effort,publish,pub,cpp_to_cpp,constrained_pub_only,exp,xcdr,shmem_ds,1000000,10,1,measured,21,2026-09-09T14:22:36.221978Z,156949884160633,156949884160633,-1,-1,-1,ok,
exp_constrained_pub_only_xcdr__cpp_to_cpp__1000000B__10Hz__shmem_ds__best_effort,publish,pub,cpp_to_cpp,constrained_pub_only,exp,xcdr,shmem_ds,1000000,10,1,measured,22,2026-09-09T14:22:36.321390Z,156949983558922,156949983558922,-1,-1,-1,ok,
exp_constrained_pub_only_xcdr__cpp_to_cpp__1000000B__10Hz__shmem_ds__best_effort,publish,pub,cpp_to_cpp,constrained_pub_only,exp,xcdr,shmem_ds,1000000,10,1,measured,23,2026-09-09T14:22:36.421145Z,156950083324287,156950083324287,-1,-1,-1,ok,
exp_constrained_pub_only_xcdr__cpp_to_cpp__1000000B__10Hz__shmem_ds__best_effort,publish,pub,cpp_to_cpp,constrained_pub_only,exp,xcdr,shmem_ds,1000000,10,1,measured,24,2026-09-09T14:22:36.520363Z,156950182531940,156950182531940,-1,-1,-1,ok,
exp_constrained_pub_only_xcdr__cpp_to_cpp__1000000B__10Hz__shmem_ds__best_effort,publish,pub,cpp_to_cpp,constrained_pub_only,exp,xcdr,shmem_ds,1000000,10,1,measured,25,2026-09-09T14:22:36.619905Z,156950281988608,156950281988608,-1,-1,-1,ok,
exp_constrained_pub_only_xcdr__cpp_to_cpp__1000000B__10Hz__shmem_ds__best_effort,publish,pub,cpp_to_cpp,constrained_pub_only,exp,xcdr,shmem_ds,1000000,10,1,measured,26,2026-09-09T14:22:36.719004Z,156950381150377,156950381150377,-1,-1,-1,ok,
exp_constrained_pub_only_xcdr__cpp_to_cpp__1000000B__10Hz__shmem_ds__best_effort,publish,pub,cpp_to_cpp,constrained_pub_only,exp,xcdr,shmem_ds,1000000,10,1,measured,27,2026-09-09T14:22:36.818962Z,156950481116726,156950481116726,-1,-1,-1,ok,
exp_constrained_pub_only_xcdr__cpp_to_cpp__1000000B__10Hz__shmem_ds__best_effort,publish,pub,cpp_to_cpp,constrained_pub_only,exp,xcdr,shmem_ds,1000000,10,1,measured,28,2026-09-09T14:22:36.919006Z,156950581150301,156950581150301,-1,-1,-1,ok,
exp_constrained_pub_only_xcdr__cpp_to_cpp__1000000B__10Hz__shmem_ds__best_effort,publish,pub,cpp_to_cpp,constrained_pub_only,exp,xcdr,shmem_ds,1000000,10,1,measured,29,2026-09-09T14:22:37.019515Z,156950681656477,156950681656477,-1,-1,-1,ok,
exp_constrained_pub_only_xcdr__cpp_to_cpp__1000000B__10Hz__shmem_ds__best_effort,publish,pub,cpp_to_cpp,constrained_pub_only,exp,xcdr,shmem_ds,1000000,10,1,measured,30,2026-09-09T14:22:37.118723Z,156950780892289,156950780892289,-1,-1,-1,ok,
exp_constrained_pub_only_xcdr__cpp_to_cpp__1000000B__10Hz__shmem_ds__best_effort,publish,pub,cpp_to_cpp,constrained_pub_only,exp,xcdr,shmem_ds,1000000,10,1,measured,31,2026-09-09T14:22:37.219100Z,156950881261837,156950881261837,-1,-1,-1,ok,
exp_constrained_pub_only_xcdr__cpp_to_cpp__1000000B__10Hz__shmem_ds__best_effort,publish,pub,cpp_to_cpp,constrained_pub_only,exp,xcdr,shmem_ds,1000000,10,1,measured,32,2026-09-09T14:22:37.318769Z,156950980919796,156950980919796,-1,-1,-1,ok,
exp_constrained_pub_only_xcdr__cpp_to_cpp__1000000B__10Hz__shmem_ds__best_effort,publish,pub,cpp_to_cpp,constrained_pub_only,exp,xcdr,shmem_ds,1000000,10,1,measured,33,2026-09-09T14:22:37.419348Z,156951081508103,156951081508103,-1,-1,-1,ok,
exp_constrained_pub_only_xcdr__cpp_to_cpp__1000000B__10Hz__shmem_ds__best_effort,publish,pub,cpp_to_cpp,constrained_pub_only,exp,xcdr,shmem_ds,1000000,10,1,measured,34,2026-09-09T14:22:37.519859Z,156951182025706,156951182025706,-1,-1,-1,ok,
exp_constrained_pub_only_xcdr__cpp_to_cpp__1000000B__10Hz__shmem_ds__best_effort,publish,pub,cpp_to_cpp,constrained_pub_only,exp,xcdr,shmem_ds,1000000,10,1,measured,35,2026-09-09T14:22:37.619086Z,156951281230961,156951281230961,-1,-1,-1,ok,
exp_constrained_pub_only_xcdr__cpp_to_cpp__1000000B__10Hz__shmem_ds__best_effort,publish,pub,cpp_to_cpp,constrained_pub_only,exp,xcdr,shmem_ds,1000000,10,1,measured,36,2026-09-09T14:22:37.719921Z,156951382084832,156951382084832,-1,-1,-1,ok,
exp_constrained_pub_only_xcdr__cpp_to_cpp__1000000B__10Hz__shmem_ds__best_effort,publish,pub,cpp_to_cpp,constrained_pub_only,exp,xcdr,shmem_ds,1000000,10,1,measured,37,2026-09-09T14:22:37.820282Z,156951482451875,156951482451875,-1,-1,-1,ok,
exp_constrained_pub_only_xcdr__cpp_to_cpp__1000000B__10Hz__shmem_ds__best_effort,publish,pub,cpp_to_cpp,constrained_pub_only,exp,xcdr,shmem_ds,1000000,10,1,measured,38,2026-09-09T14:22:37.920266Z,156951582401459,156951582401459,-1,-1,-1,ok,
exp_constrained_pub_only_xcdr__cpp_to_cpp__1000000B__10Hz__shmem_ds__best_effort,publish,pub,cpp_to_cpp,constrained_pub_only,exp,xcdr,shmem_ds,1000000,10,1,measured,39,2026-09-09T14:22:38.019721Z,156951681882782,156951681882782,-1,-1,-1,ok,
exp_constrained_pub_only_xcdr__cpp_to_cpp__1000000B__10Hz__shmem_ds__best_effort,publish,pub,cpp_to_cpp,constrained_pub_only,exp,xcdr,shmem_ds,1000000,10,1,measured,40,2026-09-09T14:22:38.118863Z,156951781015617,156951781015617,-1,-1,-1,ok,
exp_constrained_pub_only_xcdr__cpp_to_cpp__1000000B__10Hz__shmem_ds__best_effort,publish,pub,cpp_to_cpp,constrained_pub_only,exp,xcdr,shmem_ds,1000000,10,1,measured,41,2026-09-09T14:22:38.219148Z,156951881317984,156951881317984,-1,-1,-1,ok,
exp_constrained_pub_only_xcdr__cpp_to_cpp__1000000B__10Hz__shmem_ds__best_effort,publish,pub,cpp_to_cpp,constrained_pub_only,exp,xcdr,shmem_ds,1000000,10,1,measured,42,2026-09-09T14:22:38.319187Z,156951981337114,156951981337114,-1,-1,-1,ok,
exp_constrained_pub_only_xcdr__cpp_to_cpp__1000000B__10Hz__shmem_ds__best_effort,publish,pub,cpp_to_cpp,constrained_pub_only,exp,xcdr,shmem_ds,1000000,10,1,measured,43,2026-09-09T14:22:38.419303Z,156952081438878,156952081438878,-1,-1,-1,ok,
exp_constrained_pub_only_xcdr__cpp_to_cpp__1000000B__10Hz__shmem_ds__best_effort,publish,pub,cpp_to_cpp,constrained_pub_only,exp,xcdr,shmem_ds,1000000,10,1,measured,44,2026-09-09T14:22:38.519384Z,156952181488825,156952181488825,-1,-1,-1,ok,
exp_constrained_pub_only_xcdr__cpp_to_cpp__1000000B__10Hz__shmem_ds__best_effort,publish,pub,cpp_to_cpp,constrained_pub_only,exp,xcdr,shmem_ds,1000000,10,1,measured,45,2026-09-09T14:22:38.618555Z,156952280708703,156952280708703,-1,-1,-1,ok,
exp_constrained_pub_only_xcdr__cpp_to_cpp__1000000B__10Hz__shmem_ds__best_effort,publish,pub,cpp_to_cpp,constrained_pub_only,exp,xcdr,shmem_ds,1000000,10,1,measured,46,2026-09-09T14:22:38.718763Z,156952380927786,156952380927786,-1,-1,-1,ok,
exp_constrained_pub_only_xcdr__cpp_to_cpp__1000000B__10Hz__shmem_ds__best_effort,publish,pub,cpp_to_cpp,constrained_pub_only,exp,xcdr,shmem_ds,1000000,10,1,measured,47,2026-09-09T14:22:38.818798Z,156952480931186,156952480931186,-1,-1,-1,ok,
exp_constrained_pub_only_xcdr__cpp_to_cpp__1000000B__10Hz__shmem_ds__best_effort,publish,pub,cpp_to_cpp,constrained_pub_only,exp,xcdr,shmem_ds,1000000,10,1,measured,48,2026-09-09T14:22:38.918543Z,156952580697293,156952580697293,-1,-1,-1,ok,
exp_constrained_pub_only_xcdr__cpp_to_cpp__1000000B__10Hz__shmem_ds__best_effort,publish,pub,cpp_to_cpp,constrained_pub_only,exp,xcdr,shmem_ds,1000000,10,1,measured,49,2026-09-09T14:22:39.018881Z,156952681037422,156952681037422,-1,-1,-1,ok,
exp_constrained_pub_only_xcdr__cpp_to_cpp__1000000B__10Hz__shmem_ds__best_effort,publish,pub,cpp_to_cpp,constrained_pub_only,exp,xcdr,shmem_ds,1000000,10,1,measured,50,2026-09-09T14:22:39.118674Z,156952780840184,156952780840184,-1,-1,-1,ok,
exp_constrained_pub_only_xcdr__cpp_to_cpp__1000000B__10Hz__shmem_ds__best_effort,publish,pub,cpp_to_cpp,constrained_pub_only,exp,xcdr,shmem_ds,1000000,10,1,measured,51,2026-09-09T14:22:39.218548Z,156952880713097,156952880713097,-1,-1,-1,ok,
exp_constrained_pub_only_xcdr__cpp_to_cpp__1000000B__10Hz__shmem_ds__best_effort,publish,pub,cpp_to_cpp,constrained_pub_only,exp,xcdr,shmem_ds,1000000,10,1,measured,52,2026-09-09T14:22:39.317745Z,156952979909778,156952979909778,-1,-1,-1,ok,
exp_constrained_pub_only_xcdr__cpp_to_cpp__1000000B__10Hz__shmem_ds__best_effort,publish,pub,cpp_to_cpp,constrained_pub_only,exp,xcdr,shmem_ds,1000000,10,1,measured,53,2026-09-09T14:22:39.416882Z,156953079050855,156953079050855,-1,-1,-1,ok,
exp_constrained_pub_only_xcdr__cpp_to_cpp__1000000B__10Hz__shmem_ds__best_effort,publish,pub,cpp_to_cpp,constrained_pub_only,exp,xcdr,shmem_ds,1000000,10,1,measured,54,2026-09-09T14:22:39.517557Z,156953179713371,156953179713371,-1,-1,-1,ok,
exp_constrained_pub_only_xcdr__cpp_to_cpp__1000000B__10Hz__shmem_ds__best_effort,publish,pub,cpp_to_cpp,constrained_pub_only,exp,xcdr,shmem_ds,1000000,10,1,measured,55,2026-09-09T14:22:39.617484Z,156953279643801,156953279643801,-1,-1,-1,ok,
exp_constrained_pub_only_xcdr__cpp_to_cpp__1000000B__10Hz__shmem_ds__best_effort,publish,pub,cpp_to_cpp,constrained_pub_only,exp,xcdr,shmem_ds,1000000,10,1,measured,56,2026-09-09T14:22:39.717361Z,156953379528916,156953379528916,-1,-1,-1,ok,
exp_constrained_pub_only_xcdr__cpp_to_cpp__1000000B__10Hz__shmem_ds__best_effort,publish,pub,cpp_to_cpp,constrained_pub_only,exp,xcdr,shmem_ds,1000000,10,1,measured,57,2026-09-09T14:22:39.818367Z,156953480525405,156953480525405,-1,-1,-1,ok,
exp_constrained_pub_only_xcdr__cpp_to_cpp__1000000B__10Hz__shmem_ds__best_effort,publish,pub,cpp_to_cpp,constrained_pub_only,exp,xcdr,shmem_ds,1000000,10,1,measured,58,2026-09-09T14:22:39.918573Z,156953580724437,156953580724437,-1,-1,-1,ok,
exp_constrained_pub_only_xcdr__cpp_to_cpp__1000000B__10Hz__shmem_ds__best_effort,publish,pub,cpp_to_cpp,constrained_pub_only,exp,xcdr,shmem_ds,1000000,10,1,measured,59,2026-09-09T14:22:40.018818Z,156953680954527,156953680954527,-1,-1,-1,ok,
exp_constrained_pub_only_xcdr__cpp_to_cpp__1000000B__10Hz__shmem_ds__best_effort,publish,pub,cpp_to_cpp,constrained_pub_only,exp,xcdr,shmem_ds,1000000,10,1,measured,60,2026-09-09T14:22:40.118944Z,156953781109863,156953781109863,-1,-1,-1,ok,
exp_constrained_pub_only_xcdr__cpp_to_cpp__1000000B__10Hz__shmem_ds__best_effort,publish,pub,cpp_to_cpp,constrained_pub_only,exp,xcdr,shmem_ds,1000000,10,1,measured,61,2026-09-09T14:22:40.219799Z,156953881953562,156953881953562,-1,-1,-1,ok,
exp_constrained_pub_only_xcdr__cpp_to_cpp__1000000B__10Hz__shmem_ds__best_effort,publish,pub,cpp_to_cpp,constrained_pub_only,exp,xcdr,shmem_ds,1000000,10,1,measured,62,2026-09-09T14:22:40.319751Z,156953981879079,156953981879079,-1,-1,-1,ok,
exp_constrained_pub_only_xcdr__cpp_to_cpp__1000000B__10Hz__shmem_ds__best_effort,publish,pub,cpp_to_cpp,constrained_pub_only,exp,xcdr,shmem_ds,1000000,10,1,measured,63,2026-09-09T14:22:40.420271Z,156954082424854,156954082424854,-1,-1,-1,ok,
exp_constrained_pub_only_xcdr__cpp_to_cpp__1000000B__10Hz__shmem_ds__best_effort,publish,pub,cpp_to_cpp,constrained_pub_only,exp,xcdr,shmem_ds,1000000,10,1,measured,64,2026-09-09T14:22:40.520269Z,156954182421293,156954182421293,-1,-1,-1,ok,
exp_constrained_pub_only_xcdr__cpp_to_cpp__1000000B__10Hz__shmem_ds__best_effort,publish,pub,cpp_to_cpp,constrained_pub_only,exp,xcdr,shmem_ds,1000000,10,1,measured,65,2026-09-09T14:22:40.620157Z,156954282307737,156954282307737,-1,-1,-1,ok,
exp_constrained_pub_only_xcdr__cpp_to_cpp__1000000B__10Hz__shmem_ds__best_effort,publish,pub,cpp_to_cpp,constrained_pub_only,exp,xcdr,shmem_ds,1000000,10,1,measured,66,2026-09-09T14:22:40.719747Z,156954381914930,156954381914930,-1,-1,-1,ok,
exp_constrained_pub_only_xcdr__cpp_to_cpp__1000000B__10Hz__shmem_ds__best_effort,publish,pub,cpp_to_cpp,constrained_pub_only,exp,xcdr,shmem_ds,1000000,10,1,measured,67,2026-09-09T14:22:40.819374Z,156954481528796,156954481528796,-1,-1,-1,ok,
exp_constrained_pub_only_xcdr__cpp_to_cpp__1000000B__10Hz__shmem_ds__best_effort,publish,pub,cpp_to_cpp,constrained_pub_only,exp,xcdr,shmem_ds,1000000,10,1,measured,68,2026-09-09T14:22:40.919410Z,156954581569267,156954581569267,-1,-1,-1,ok,
exp_constrained_pub_only_xcdr__cpp_to_cpp__1000000B__10Hz__shmem_ds__best_effort,publish,pub,cpp_to_cpp,constrained_pub_only,exp,xcdr,shmem_ds,1000000,10,1,measured,69,2026-09-09T14:22:41.019277Z,156954681408315,156954681408315,-1,-1,-1,ok,
exp_constrained_pub_only_xcdr__cpp_to_cpp__1000000B__10Hz__shmem_ds__best_effort,publish,pub,cpp_to_cpp,constrained_pub_only,exp,xcdr,shmem_ds,1000000,10,1,measured,70,2026-09-09T14:22:41.119696Z,156954781844290,156954781844290,-1,-1,-1,ok,
exp_constrained_pub_only_xcdr__cpp_to_cpp__1000000B__10Hz__shmem_ds__best_effort,publish,pub,cpp_to_cpp,constrained_pub_only,exp,xcdr,shmem_ds,1000000,10,1,measured,71,2026-09-09T14:22:41.219368Z,156954881526940,156954881526940,-1,-1,-1,ok,
exp_constrained_pub_only_xcdr__cpp_to_cpp__1000000B__10Hz__shmem_ds__best_effort,publish,pub,cpp_to_cpp,constrained_pub_only,exp,xcdr,shmem_ds,1000000,10,1,measured,72,2026-09-09T14:22:41.319770Z,156954981933200,156954981933200,-1,-1,-1,ok,
exp_constrained_pub_only_xcdr__cpp_to_cpp__1000000B__10Hz__shmem_ds__best_effort,publish,pub,cpp_to_cpp,constrained_pub_only,exp,xcdr,shmem_ds,1000000,10,1,measured,73,2026-09-09T14:22:41.420247Z,156955082403650,156955082403650,-1,-1,-1,ok,
exp_constrained_pub_only_xcdr__cpp_to_cpp__1000000B__10Hz__shmem_ds__best_effort,publish,pub,cpp_to_cpp,constrained_pub_only,exp,xcdr,shmem_ds,1000000,10,1,measured,74,2026-09-09T14:22:41.520357Z,156955182527182,156955182527182,-1,-1,-1,ok,
exp_constrained_pub_only_xcdr__cpp_to_cpp__1000000B__10Hz__shmem_ds__best_effort,publish,pub,cpp_to_cpp,constrained_pub_only,exp,xcdr,shmem_ds,1000000,10,1,measured,75,2026-09-09T14:22:41.621019Z,156955283181294,156955283181294,-1,-1,-1,ok,
exp_constrained_pub_only_xcdr__cpp_to_cpp__1000000B__10Hz__shmem_ds__best_effort,publish,pub,cpp_to_cpp,constrained_pub_only,exp,xcdr,shmem_ds,1000000,10,1,measured,76,2026-09-09T14:22:41.721555Z,156955383733947,156955383733947,-1,-1,-1,ok,
exp_constrained_pub_only_xcdr__cpp_to_cpp__1000000B__10Hz__shmem_ds__best_effort,publish,pub,cpp_to_cpp,constrained_pub_only,exp,xcdr,shmem_ds,1000000,10,1,measured,77,2026-09-09T14:22:41.821972Z,156955484118286,156955484118286,-1,-1,-1,ok,
exp_constrained_pub_only_xcdr__cpp_to_cpp__1000000B__10Hz__shmem_ds__best_effort,publish,pub,cpp_to_cpp,constrained_pub_only,exp,xcdr,shmem_ds,1000000,10,1,measured,78,2026-09-09T14:22:41.922459Z,156955584625955,156955584625955,-1,-1,-1,ok,
exp_constrained_pub_only_xcdr__cpp_to_cpp__1000000B__10Hz__shmem_ds__best_effort,publish,pub,cpp_to_cpp,constrained_pub_only,exp,xcdr,shmem_ds,1000000,10,1,measured,79,2026-09-09T14:22:42.022278Z,156955684434721,156955684434721,-1,-1,-1,ok,
exp_constrained_pub_only_xcdr__cpp_to_cpp__1000000B__10Hz__shmem_ds__best_effort,publish,pub,cpp_to_cpp,constrained_pub_only,exp,xcdr,shmem_ds,1000000,10,1,measured,80,2026-09-09T14:22:42.123292Z,156955785418615,156955785418615,-1,-1,-1,ok,
exp_constrained_pub_only_xcdr__cpp_to_cpp__1000000B__10Hz__shmem_ds__best_effort,publish,pub,cpp_to_cpp,constrained_pub_only,exp,xcdr,shmem_ds,1000000,10,1,measured,81,2026-09-09T14:22:42.222943Z,156955885105287,156955885105287,-1,-1,-1,ok,
exp_constrained_pub_only_xcdr__cpp_to_cpp__1000000B__10Hz__shmem_ds__best_effort,publish,pub,cpp_to_cpp,constrained_pub_only,exp,xcdr,shmem_ds,1000000,10,1,measured,82,2026-09-09T14:22:42.322510Z,156955984676536,156955984676536,-1,-1,-1,ok,
exp_constrained_pub_only_xcdr__cpp_to_cpp__1000000B__10Hz__shmem_ds__best_effort,publish,pub,cpp_to_cpp,constrained_pub_only,exp,xcdr,shmem_ds,1000000,10,1,measured,83,2026-09-09T14:22:42.423044Z,156956085197354,156956085197354,-1,-1,-1,ok,
exp_constrained_pub_only_xcdr__cpp_to_cpp__1000000B__10Hz__shmem_ds__best_effort,publish,pub,cpp_to_cpp,constrained_pub_only,exp,xcdr,shmem_ds,1000000,10,1,measured,84,2026-09-09T14:22:42.523192Z,156956185341191,156956185341191,-1,-1,-1,ok,
exp_constrained_pub_only_xcdr__cpp_to_cpp__1000000B__10Hz__shmem_ds__best_effort,publish,pub,cpp_to_cpp,constrained_pub_only,exp,xcdr,shmem_ds,1000000,10,1,measured,85,2026-09-09T14:22:42.622949Z,156956285075463,156956285075463,-1,-1,-1,ok,
exp_constrained_pub_only_xcdr__cpp_to_cpp__1000000B__10Hz__shmem_ds__best_effort,publish,pub,cpp_to_cpp,constrained_pub_only,exp,xcdr,shmem_ds,1000000,10,1,measured,86,2026-09-09T14:22:42.722123Z,156956384266912,156956384266912,-1,-1,-1,ok,
exp_constrained_pub_only_xcdr__cpp_to_cpp__1000000B__10Hz__shmem_ds__best_effort,publish,pub,cpp_to_cpp,constrained_pub_only,exp,xcdr,shmem_ds,1000000,10,1,measured,87,2026-09-09T14:22:42.822358Z,156956484511787,156956484511787,-1,-1,-1,ok,
exp_constrained_pub_only_xcdr__cpp_to_cpp__1000000B__10Hz__shmem_ds__best_effort,publish,pub,cpp_to_cpp,constrained_pub_only,exp,xcdr,shmem_ds,1000000,10,1,measured,88,2026-09-09T14:22:42.922626Z,156956584771369,156956584771369,-1,-1,-1,ok,
exp_constrained_pub_only_xcdr__cpp_to_cpp__1000000B__10Hz__shmem_ds__best_effort,publish,pub,cpp_to_cpp,constrained_pub_only,exp,xcdr,shmem_ds,1000000,10,1,measured,89,2026-09-09T14:22:43.022684Z,156956684813667,156956684813667,-1,-1,-1,ok,
exp_constrained_pub_only_xcdr__cpp_to_cpp__1000000B__10Hz__shmem_ds__best_effort,publish,pub,cpp_to_cpp,constrained_pub_only,exp,xcdr,shmem_ds,1000000,10,1,measured,90,2026-09-09T14:22:43.122853Z,156956785022311,156956785022311,-1,-1,-1,ok,
exp_constrained_pub_only_xcdr__cpp_to_cpp__1000000B__10Hz__shmem_ds__best_effort,publish,pub,cpp_to_cpp,constrained_pub_only,exp,xcdr,shmem_ds,1000000,10,1,measured,91,2026-09-09T14:22:43.221981Z,156956884150006,156956884150006,-1,-1,-1,ok,
exp_constrained_pub_only_xcdr__cpp_to_cpp__1000000B__10Hz__shmem_ds__best_effort,publish,pub,cpp_to_cpp,constrained_pub_only,exp,xcdr,shmem_ds,1000000,10,1,measured,92,2026-09-09T14:22:43.321640Z,156956983812260,156956983812260,-1,-1,-1,ok,
exp_constrained_pub_only_xcdr__cpp_to_cpp__1000000B__10Hz__shmem_ds__best_effort,publish,pub,cpp_to_cpp,constrained_pub_only,exp,xcdr,shmem_ds,1000000,10,1,measured,93,2026-09-09T14:22:43.422139Z,156957084307989,156957084307989,-1,-1,-1,ok,
exp_constrained_pub_only_xcdr__cpp_to_cpp__1000000B__10Hz__shmem_ds__best_effort,publish,pub,cpp_to_cpp,constrained_pub_only,exp,xcdr,shmem_ds,1000000,10,1,measured,94,2026-09-09T14:22:43.522333Z,156957184498578,156957184498578,-1,-1,-1,ok,
exp_constrained_pub_only_xcdr__cpp_to_cpp__1000000B__10Hz__shmem_ds__best_effort,publish,pub,cpp_to_cpp,constrained_pub_only,exp,xcdr,shmem_ds,1000000,10,1,measured,95,2026-09-09T14:22:43.622132Z,156957284292087,156957284292087,-1,-1,-1,ok,
exp_constrained_pub_only_xcdr__cpp_to_cpp__1000000B__10Hz__shmem_ds__best_effort,publish,pub,cpp_to_cpp,constrained_pub_only,exp,xcdr,shmem_ds,1000000,10,1,measured,96,2026-09-09T14:22:43.723093Z,156957385222566,156957385222566,-1,-1,-1,ok,
exp_constrained_pub_only_xcdr__cpp_to_cpp__1000000B__10Hz__shmem_ds__best_effort,publish,pub,cpp_to_cpp,constrained_pub_only,exp,xcdr,shmem_ds,1000000,10,1,measured,97,2026-09-09T14:22:43.823474Z,156957485637414,156957485637414,-1,-1,-1,ok,
exp_constrained_pub_only_xcdr__cpp_to_cpp__1000000B__10Hz__shmem_ds__best_effort,publish,pub,cpp_to_cpp,constrained_pub_only,exp,xcdr,shmem_ds,1000000,10,1,measured,98,2026-09-09T14:22:43.923051Z,156957585205662,156957585205662,-1,-1,-1,ok,
exp_constrained_pub_only_xcdr__cpp_to_cpp__1000000B__10Hz__shmem_ds__best_effort,publish,pub,cpp_to_cpp,constrained_pub_only,exp,xcdr,shmem_ds,1000000,10,1,measured,99,2026-09-09T14:22:44.023088Z,156957685225665,156957685225665,-1,-1,-1,ok,
exp_constrained_pub_only_xcdr__cpp_to_cpp__1000000B__10Hz__shmem_ds__best_effort,publish,pub,cpp_to_cpp,constrained_pub_only,exp,xcdr,shmem_ds,1000000,10,1,measured,100,2026-09-09T14:22:44.122267Z,156957784417887,156957784417887,-1,-1,-1,ok,
exp_constrained_pub_only_xcdr__cpp_to_cpp__1000000B__10Hz__shmem_ds__best_effort,publish,pub,cpp_to_cpp,constrained_pub_only,exp,xcdr,shmem_ds,1000000,10,1,measured,101,2026-09-09T14:22:44.222821Z,156957884974495,156957884974495,-1,-1,-1,ok,
exp_constrained_pub_only_xcdr__cpp_to_cpp__1000000B__10Hz__shmem_ds__best_effort,publish,pub,cpp_to_cpp,constrained_pub_only,exp,xcdr,shmem_ds,1000000,10,1,measured,102,2026-09-09T14:22:44.322345Z,156957984508596,156957984508596,-1,-1,-1,ok,
exp_constrained_pub_only_xcdr__cpp_to_cpp__1000000B__10Hz__shmem_ds__best_effort,publish,pub,cpp_to_cpp,constrained_pub_only,exp,xcdr,shmem_ds,1000000,10,1,measured,103,2026-09-09T14:22:44.421606Z,156958083732698,156958083732698,-1,-1,-1,ok,
exp_constrained_pub_only_xcdr__cpp_to_cpp__1000000B__10Hz__shmem_ds__best_effort,publish,pub,cpp_to_cpp,constrained_pub_only,exp,xcdr,shmem_ds,1000000,10,1,measured,104,2026-09-09T14:22:44.522298Z,156958184446159,156958184446159,-1,-1,-1,ok,
exp_constrained_pub_only_xcdr__cpp_to_cpp__1000000B__10Hz__shmem_ds__best_effort,publish,pub,cpp_to_cpp,constrained_pub_only,exp,xcdr,shmem_ds,1000000,10,1,measured,105,2026-09-09T14:22:44.622202Z,156958284355248,156958284355248,-1,-1,-1,ok,
exp_constrained_pub_only_xcdr__cpp_to_cpp__1000000B__10Hz__shmem_ds__best_effort,publish,pub,cpp_to_cpp,constrained_pub_only,exp,xcdr,shmem_ds,1000000,10,1,measured,106,2026-09-09T14:22:44.721498Z,156958383652106,156958383652106,-1,-1,-1,ok,
exp_constrained_pub_only_xcdr__cpp_to_cpp__1000000B__10Hz__shmem_ds__best_effort,publish,pub,cpp_to_cpp,constrained_pub_only,exp,xcdr,shmem_ds,1000000,10,1,measured,107,2026-09-09T14:22:44.821852Z,156958483981671,156958483981671,-1,-1,-1,ok,
exp_constrained_pub_only_xcdr__cpp_to_cpp__1000000B__10Hz__shmem_ds__best_effort,publish,pub,cpp_to_cpp,constrained_pub_only,exp,xcdr,shmem_ds,1000000,10,1,measured,108,2026-09-09T14:22:44.921160Z,156958583307122,156958583307122,-1,-1,-1,ok,
exp_constrained_pub_only_xcdr__cpp_to_cpp__1000000B__10Hz__shmem_ds__best_effort,publish,pub,cpp_to_cpp,constrained_pub_only,exp,xcdr,shmem_ds,1000000,10,1,measured,109,2026-09-09T14:22:45.021646Z,156958683773373,156958683773373,-1,-1,-1,ok,
exp_constrained_pub_only_xcdr__cpp_to_cpp__1000000B__10Hz__shmem_ds__best_effort,publish,pub,cpp_to_cpp,constrained_pub_only,exp,xcdr,shmem_ds,1000000,10,1,measured,110,2026-09-09T14:22:45.121688Z,156958783859369,156958783859369,-1,-1,-1,ok,
exp_constrained_pub_only_xcdr__cpp_to_cpp__1000000B__10Hz__shmem_ds__best_effort,publish,pub,cpp_to_cpp,constrained_pub_only,exp,xcdr,shmem_ds,1000000,10,1,measured,111,2026-09-09T14:22:45.221429Z,156958883587016,156958883587016,-1,-1,-1,ok,
exp_constrained_pub_only_xcdr__cpp_to_cpp__1000000B__10Hz__shmem_ds__best_effort,publish,pub,cpp_to_cpp,constrained_pub_only,exp,xcdr,shmem_ds,1000000,10,1,measured,112,2026-09-09T14:22:45.321964Z,156958984121479,156958984121479,-1,-1,-1,ok,
exp_constrained_pub_only_xcdr__cpp_to_cpp__1000000B__10Hz__shmem_ds__best_effort,publish,pub,cpp_to_cpp,constrained_pub_only,exp,xcdr,shmem_ds,1000000,10,1,measured,113,2026-09-09T14:22:45.422824Z,156959084975749,156959084975749,-1,-1,-1,ok,
exp_constrained_pub_only_xcdr__cpp_to_cpp__1000000B__10Hz__shmem_ds__best_effort,publish,pub,cpp_to_cpp,constrained_pub_only,exp,xcdr,shmem_ds,1000000,10,1,measured,114,2026-09-09T14:22:45.523826Z,156959185976642,156959185976642,-1,-1,-1,ok,
exp_constrained_pub_only_xcdr__cpp_to_cpp__1000000B__10Hz__shmem_ds__best_effort,publish,pub,cpp_to_cpp,constrained_pub_only,exp,xcdr,shmem_ds,1000000,10,1,measured,115,2026-09-09T14:22:45.623677Z,156959285825806,156959285825806,-1,-1,-1,ok,
exp_constrained_pub_only_xcdr__cpp_to_cpp__1000000B__10Hz__shmem_ds__best_effort,publish,pub,cpp_to_cpp,constrained_pub_only,exp,xcdr,shmem_ds,1000000,10,1,measured,116,2026-09-09T14:22:45.723320Z,156959385485186,156959385485186,-1,-1,-1,ok,
exp_constrained_pub_only_xcdr__cpp_to_cpp__1000000B__10Hz__shmem_ds__best_effort,publish,pub,cpp_to_cpp,constrained_pub_only,exp,xcdr,shmem_ds,1000000,10,1,measured,117,2026-09-09T14:22:45.824052Z,156959486194966,156959486194966,-1,-1,-1,ok,
exp_constrained_pub_only_xcdr__cpp_to_cpp__1000000B__10Hz__shmem_ds__best_effort,publish,pub,cpp_to_cpp,constrained_pub_only,exp,xcdr,shmem_ds,1000000,10,1,measured,118,2026-09-09T14:22:45.924611Z,156959586761389,156959586761389,-1,-1,-1,ok,
exp_constrained_pub_only_xcdr__cpp_to_cpp__1000000B__10Hz__shmem_ds__best_effort,publish,pub,cpp_to_cpp,constrained_pub_only,exp,xcdr,shmem_ds,1000000,10,1,measured,119,2026-09-09T14:22:46.024953Z,156959687088025,156959687088025,-1,-1,-1,ok,
exp_constrained_pub_only_xcdr__cpp_to_cpp__1000000B__10Hz__shmem_ds__best_effort,publish,pub,cpp_to_cpp,constrained_pub_only,exp,xcdr,shmem_ds,1000000,10,1,measured,120,2026-09-09T14:22:46.125588Z,156959787759150,156959787759150,-1,-1,-1,ok,
exp_constrained_pub_only_xcdr__cpp_to_cpp__1000000B__10Hz__shmem_ds__best_effort,publish,pub,cpp_to_cpp,constrained_pub_only,exp,xcdr,shmem_ds,1000000,10,1,measured,121,2026-09-09T14:22:46.224849Z,156959886977371,156959886977371,-1,-1,-1,ok,
exp_constrained_pub_only_xcdr__cpp_to_cpp__1000000B__10Hz__shmem_ds__best_effort,publish,pub,cpp_to_cpp,constrained_pub_only,exp,xcdr,shmem_ds,1000000,10,1,measured,122,2026-09-09T14:22:46.324497Z,156959986649983,156959986649983,-1,-1,-1,ok,
exp_constrained_pub_only_xcdr__cpp_to_cpp__1000000B__10Hz__shmem_ds__best_effort,publish,pub,cpp_to_cpp,constrained_pub_only,exp,xcdr,shmem_ds,1000000,10,1,measured,123,2026-09-09T14:22:46.424112Z,156960086237695,156960086237695,-1,-1,-1,ok,
exp_constrained_pub_only_xcdr__cpp_to_cpp__1000000B__10Hz__shmem_ds__best_effort,publish,pub,cpp_to_cpp,constrained_pub_only,exp,xcdr,shmem_ds,1000000,10,1,measured,124,2026-09-09T14:22:46.523827Z,156960185976660,156960185976660,-1,-1,-1,ok,
exp_constrained_pub_only_xcdr__cpp_to_cpp__1000000B__10Hz__shmem_ds__best_effort,publish,pub,cpp_to_cpp,constrained_pub_only,exp,xcdr,shmem_ds,1000000,10,1,measured,125,2026-09-09T14:22:46.623187Z,156960285313454,156960285313454,-1,-1,-1,ok,
exp_constrained_pub_only_xcdr__cpp_to_cpp__1000000B__10Hz__shmem_ds__best_effort,publish,pub,cpp_to_cpp,constrained_pub_only,exp,xcdr,shmem_ds,1000000,10,1,measured,126,2026-09-09T14:22:46.723866Z,156960386021126,156960386021126,-1,-1,-1,ok,
exp_constrained_pub_only_xcdr__cpp_to_cpp__1000000B__10Hz__shmem_ds__best_effort,publish,pub,cpp_to_cpp,constrained_pub_only,exp,xcdr,shmem_ds,1000000,10,1,measured,127,2026-09-09T14:22:46.823819Z,156960485970393,156960485970393,-1,-1,-1,ok,
exp_constrained_pub_only_xcdr__cpp_to_cpp__1000000B__10Hz__shmem_ds__best_effort,publish,pub,cpp_to_cpp,constrained_pub_only,exp,xcdr,shmem_ds,1000000,10,1,measured,128,2026-09-09T14:22:46.923403Z,156960585557985,156960585557985,-1,-1,-1,ok,
exp_constrained_pub_only_xcdr__cpp_to_cpp__1000000B__10Hz__shmem_ds__best_effort,publish,pub,cpp_to_cpp,constrained_pub_only,exp,xcdr,shmem_ds,1000000,10,1,measured,129,2026-09-09T14:22:47.024147Z,156960686284584,156960686284584,-1,-1,-1,ok,
exp_constrained_pub_only_xcdr__cpp_to_cpp__1000000B__10Hz__shmem_ds__best_effort,publish,pub,cpp_to_cpp,constrained_pub_only,exp,xcdr,shmem_ds,1000000,10,1,measured,130,2026-09-09T14:22:47.123962Z,156960786126225,156960786126225,-1,-1,-1,ok,
exp_constrained_pub_only_xcdr__cpp_to_cpp__1000000B__10Hz__shmem_ds__best_effort,publish,pub,cpp_to_cpp,constrained_pub_only,exp,xcdr,shmem_ds,1000000,10,1,measured,131,2026-09-09T14:22:47.223058Z,156960885219460,156960885219460,-1,-1,-1,ok,
exp_constrained_pub_only_xcdr__cpp_to_cpp__1000000B__10Hz__shmem_ds__best_effort,publish,pub,cpp_to_cpp,constrained_pub_only,exp,xcdr,shmem_ds,1000000,10,1,measured,132,2026-09-09T14:22:47.323877Z,156960986039728,156960986039728,-1,-1,-1,ok,
exp_constrained_pub_only_xcdr__cpp_to_cpp__1000000B__10Hz__shmem_ds__best_effort,publish,pub,cpp_to_cpp,constrained_pub_only,exp,xcdr,shmem_ds,1000000,10,1,measured,133,2026-09-09T14:22:47.424515Z,156961086644915,156961086644915,-1,-1,-1,ok,
exp_constrained_pub_only_xcdr__cpp_to_cpp__1000000B__10Hz__shmem_ds__best_effort,publish,pub,cpp_to_cpp,constrained_pub_only,exp,xcdr,shmem_ds,1000000,10,1,measured,134,2026-09-09T14:22:47.525177Z,156961187344288,156961187344288,-1,-1,-1,ok,
exp_constrained_pub_only_xcdr__cpp_to_cpp__1000000B__10Hz__shmem_ds__best_effort,publish,pub,cpp_to_cpp,constrained_pub_only,exp,xcdr,shmem_ds,1000000,10,1,measured,135,2026-09-09T14:22:47.625886Z,156961288058007,156961288058007,-1,-1,-1,ok,
exp_constrained_pub_only_xcdr__cpp_to_cpp__1000000B__10Hz__shmem_ds__best_effort,publish,pub,cpp_to_cpp,constrained_pub_only,exp,xcdr,shmem_ds,1000000,10,1,measured,136,2026-09-09T14:22:47.725026Z,156961387192510,156961387192510,-1,-1,-1,ok,
exp_constrained_pub_only_xcdr__cpp_to_cpp__1000000B__10Hz__shmem_ds__best_effort,publish,pub,cpp_to_cpp,constrained_pub_only,exp,xcdr,shmem_ds,1000000,10,1,measured,137,2026-09-09T14:22:47.825433Z,156961487597102,156961487597102,-1,-1,-1,ok,
exp_constrained_pub_only_xcdr__cpp_to_cpp__1000000B__10Hz__shmem_ds__best_effort,publish,pub,cpp_to_cpp,constrained_pub_only,exp,xcdr,shmem_ds,1000000,10,1,measured,138,2026-09-09T14:22:47.924666Z,156961586815471,156961586815471,-1,-1,-1,ok,
exp_constrained_pub_only_xcdr__cpp_to_cpp__1000000B__10Hz__shmem_ds__best_effort,publish,pub,cpp_to_cpp,constrained_pub_only,exp,xcdr,shmem_ds,1000000,10,1,measured,139,2026-09-09T14:22:48.024086Z,156961686228484,156961686228484,-1,-1,-1,ok,
exp_constrained_pub_only_xcdr__cpp_to_cpp__1000000B__10Hz__shmem_ds__best_effort,publish,pub,cpp_to_cpp,constrained_pub_only,exp,xcdr,shmem_ds,1000000,10,1,measured,140,2026-09-09T14:22:48.124297Z,156961786463787,156961786463787,-1,-1,-1,ok,
exp_constrained_pub_only_xcdr__cpp_to_cpp__1000000B__10Hz__shmem_ds__best_effort,publish,pub,cpp_to_cpp,constrained_pub_only,exp,xcdr,shmem_ds,1000000,10,1,measured,141,2026-09-09T14:22:48.224196Z,156961886365196,156961886365196,-1,-1,-1,ok,
exp_constrained_pub_only_xcdr__cpp_to_cpp__1000000B__10Hz__shmem_ds__best_effort,publish,pub,cpp_to_cpp,constrained_pub_only,exp,xcdr,shmem_ds,1000000,10,1,measured,142,2026-09-09T14:22:48.323905Z,156961986059789,156961986059789,-1,-1,-1,ok,
exp_constrained_pub_only_xcdr__cpp_to_cpp__1000000B__10Hz__shmem_ds__best_effort,publish,pub,cpp_to_cpp,constrained_pub_only,exp,xcdr,shmem_ds,1000000,10,1,measured,143,2026-09-09T14:22:48.423521Z,156962085677609,156962085677609,-1,-1,-1,ok,
exp_constrained_pub_only_xcdr__cpp_to_cpp__1000000B__10Hz__shmem_ds__best_effort,publish,pub,cpp_to_cpp,constrained_pub_only,exp,xcdr,shmem_ds,1000000,10,1,measured,144,2026-09-09T14:22:48.523951Z,156962186101513,156962186101513,-1,-1,-1,ok,
exp_constrained_pub_only_xcdr__cpp_to_cpp__1000000B__10Hz__shmem_ds__best_effort,publish,pub,cpp_to_cpp,constrained_pub_only,exp,xcdr,shmem_ds,1000000,10,1,measured,145,2026-09-09T14:22:48.623626Z,156962285767844,156962285767844,-1,-1,-1,ok,
exp_constrained_pub_only_xcdr__cpp_to_cpp__1000000B__10Hz__shmem_ds__best_effort,publish,pub,cpp_to_cpp,constrained_pub_only,exp,xcdr,shmem_ds,1000000,10,1,measured,146,2026-09-09T14:22:48.724059Z,156962386234598,156962386234598,-1,-1,-1,ok,
exp_constrained_pub_only_xcdr__cpp_to_cpp__1000000B__10Hz__shmem_ds__best_effort,publish,pub,cpp_to_cpp,constrained_pub_only,exp,xcdr,shmem_ds,1000000,10,1,measured,147,2026-09-09T14:22:48.823412Z,156962485574770,156962485574770,-1,-1,-1,ok,
exp_constrained_pub_only_xcdr__cpp_to_cpp__1000000B__10Hz__shmem_ds__best_effort,publish,pub,cpp_to_cpp,constrained_pub_only,exp,xcdr,shmem_ds,1000000,10,1,measured,148,2026-09-09T14:22:48.923790Z,156962585941778,156962585941778,-1,-1,-1,ok,
exp_constrained_pub_only_xcdr__cpp_to_cpp__1000000B__10Hz__shmem_ds__best_effort,publish,pub,cpp_to_cpp,constrained_pub_only,exp,xcdr,shmem_ds,1000000,10,1,measured,149,2026-09-09T14:22:49.023019Z,156962685152068,156962685152068,-1,-1,-1,ok,
exp_constrained_pub_only_xcdr__cpp_to_cpp__1000000B__10Hz__shmem_ds__best_effort,publish,pub,cpp_to_cpp,constrained_pub_only,exp,xcdr,shmem_ds,1000000,10,1,measured,150,2026-09-09T14:22:49.122750Z,156962784912009,156962784912009,-1,-1,-1,ok,
exp_constrained_pub_only_xcdr__cpp_to_cpp__1000000B__10Hz__shmem_ds__best_effort,publish,pub,cpp_to_cpp,constrained_pub_only,exp,xcdr,shmem_ds,1000000,10,1,measured,151,2026-09-09T14:22:49.222458Z,156962884625774,156962884625774,-1,-1,-1,ok,
exp_constrained_pub_only_xcdr__cpp_to_cpp__1000000B__10Hz__shmem_ds__best_effort,publish,pub,cpp_to_cpp,constrained_pub_only,exp,xcdr,shmem_ds,1000000,10,1,measured,152,2026-09-09T14:22:49.322501Z,156962984670116,156962984670116,-1,-1,-1,ok,
exp_constrained_pub_only_xcdr__cpp_to_cpp__1000000B__10Hz__shmem_ds__best_effort,publish,pub,cpp_to_cpp,constrained_pub_only,exp,xcdr,shmem_ds,1000000,10,1,measured,153,2026-09-09T14:22:49.422783Z,156963084947774,156963084947774,-1,-1,-1,ok,
exp_constrained_pub_only_xcdr__cpp_to_cpp__1000000B__10Hz__shmem_ds__best_effort,publish,pub,cpp_to_cpp,constrained_pub_only,exp,xcdr,shmem_ds,1000000,10,1,measured,154,2026-09-09T14:22:49.523204Z,156963185370962,156963185370962,-1,-1,-1,ok,
exp_constrained_pub_only_xcdr__cpp_to_cpp__1000000B__10Hz__shmem_ds__best_effort,publish,pub,cpp_to_cpp,constrained_pub_only,exp,xcdr,shmem_ds,1000000,10,1,measured,155,2026-09-09T14:22:49.623283Z,156963285446333,156963285446333,-1,-1,-1,ok,
exp_constrained_pub_only_xcdr__cpp_to_cpp__1000000B__10Hz__shmem_ds__best_effort,publish,pub,cpp_to_cpp,constrained_pub_only,exp,xcdr,shmem_ds,1000000,10,1,measured,156,2026-09-09T14:22:49.723229Z,156963385410555,156963385410555,-1,-1,-1,ok,
exp_constrained_pub_only_xcdr__cpp_to_cpp__1000000B__10Hz__shmem_ds__best_effort,publish,pub,cpp_to_cpp,constrained_pub_only,exp,xcdr,shmem_ds,1000000,10,1,measured,157,2026-09-09T14:22:49.823060Z,156963485221080,156963485221080,-1,-1,-1,ok,
exp_constrained_pub_only_xcdr__cpp_to_cpp__1000000B__10Hz__shmem_ds__best_effort,publish,pub,cpp_to_cpp,constrained_pub_only,exp,xcdr,shmem_ds,1000000,10,1,measured,158,2026-09-09T14:22:49.923666Z,156963585822713,156963585822713,-1,-1,-1,ok,
exp_constrained_pub_only_xcdr__cpp_to_cpp__1000000B__10Hz__shmem_ds__best_effort,publish,pub,cpp_to_cpp,constrained_pub_only,exp,xcdr,shmem_ds,1000000,10,1,measured,159,2026-09-09T14:22:50.023023Z,156963685181937,156963685181937,-1,-1,-1,ok,
exp_constrained_pub_only_xcdr__cpp_to_cpp__1000000B__10Hz__shmem_ds__best_effort,publish,pub,cpp_to_cpp,constrained_pub_only,exp,xcdr,shmem_ds,1000000,10,1,measured,160,2026-09-09T14:22:50.122732Z,156963784886961,156963784886961,-1,-1,-1,ok,
exp_constrained_pub_only_xcdr__cpp_to_cpp__1000000B__10Hz__shmem_ds__best_effort,publish,pub,cpp_to_cpp,constrained_pub_only,exp,xcdr,shmem_ds,1000000,10,1,measured,161,2026-09-09T14:22:50.222822Z,156963884987775,156963884987775,-1,-1,-1,ok,
exp_constrained_pub_only_xcdr__cpp_to_cpp__1000000B__10Hz__shmem_ds__best_effort,publish,pub,cpp_to_cpp,constrained_pub_only,exp,xcdr,shmem_ds,1000000,10,1,measured,162,2026-09-09T14:22:50.322057Z,156963984225397,156963984225397,-1,-1,-1,ok,
exp_constrained_pub_only_xcdr__cpp_to_cpp__1000000B__10Hz__shmem_ds__best_effort,publish,pub,cpp_to_cpp,constrained_pub_only,exp,xcdr,shmem_ds,1000000,10,1,measured,163,2026-09-09T14:22:50.421448Z,156964083614702,156964083614702,-1,-1,-1,ok,
exp_constrained_pub_only_xcdr__cpp_to_cpp__1000000B__10Hz__shmem_ds__best_effort,publish,pub,cpp_to_cpp,constrained_pub_only,exp,xcdr,shmem_ds,1000000,10,1,measured,164,2026-09-09T14:22:50.521306Z,156964183475307,156964183475307,-1,-1,-1,ok,
exp_constrained_pub_only_xcdr__cpp_to_cpp__1000000B__10Hz__shmem_ds__best_effort,publish,pub,cpp_to_cpp,constrained_pub_only,exp,xcdr,shmem_ds,1000000,10,1,measured,165,2026-09-09T14:22:50.621275Z,156964283430278,156964283430278,-1,-1,-1,ok,
exp_constrained_pub_only_xcdr__cpp_to_cpp__1000000B__10Hz__shmem_ds__best_effort,publish,pub,cpp_to_cpp,constrained_pub_only,exp,xcdr,shmem_ds,1000000,10,1,measured,166,2026-09-09T14:22:50.720684Z,156964382857584,156964382857584,-1,-1,-1,ok,
exp_constrained_pub_only_xcdr__cpp_to_cpp__1000000B__10Hz__shmem_ds__best_effort,publish,pub,cpp_to_cpp,constrained_pub_only,exp,xcdr,shmem_ds,1000000,10,1,measured,167,2026-09-09T14:22:50.820913Z,156964483073752,156964483073752,-1,-1,-1,ok,
exp_constrained_pub_only_xcdr__cpp_to_cpp__1000000B__10Hz__shmem_ds__best_effort,publish,pub,cpp_to_cpp,constrained_pub_only,exp,xcdr,shmem_ds,1000000,10,1,measured,168,2026-09-09T14:22:50.921886Z,156964584054157,156964584054157,-1,-1,-1,ok,
exp_constrained_pub_only_xcdr__cpp_to_cpp__1000000B__10Hz__shmem_ds__best_effort,publish,pub,cpp_to_cpp,constrained_pub_only,exp,xcdr,shmem_ds,1000000,10,1,measured,169,2026-09-09T14:22:51.022812Z,156964684935599,156964684935599,-1,-1,-1,ok,
exp_constrained_pub_only_xcdr__cpp_to_cpp__1000000B__10Hz__shmem_ds__best_effort,publish,pub,cpp_to_cpp,constrained_pub_only,exp,xcdr,shmem_ds,1000000,10,1,measured,170,2026-09-09T14:22:51.122488Z,156964784659093,156964784659093,-1,-1,-1,ok,
exp_constrained_pub_only_xcdr__cpp_to_cpp__1000000B__10Hz__shmem_ds__best_effort,publish,pub,cpp_to_cpp,constrained_pub_only,exp,xcdr,shmem_ds,1000000,10,1,measured,171,2026-09-09T14:22:51.222474Z,156964884636892,156964884636892,-1,-1,-1,ok,
exp_constrained_pub_only_xcdr__cpp_to_cpp__1000000B__10Hz__shmem_ds__best_effort,publish,pub,cpp_to_cpp,constrained_pub_only,exp,xcdr,shmem_ds,1000000,10,1,measured,172,2026-09-09T14:22:51.322080Z,156964984243950,156964984243950,-1,-1,-1,ok,
exp_constrained_pub_only_xcdr__cpp_to_cpp__1000000B__10Hz__shmem_ds__best_effort,publish,pub,cpp_to_cpp,constrained_pub_only,exp,xcdr,shmem_ds,1000000,10,1,measured,173,2026-09-09T14:22:51.421926Z,156965084084774,156965084084774,-1,-1,-1,ok,
exp_constrained_pub_only_xcdr__cpp_to_cpp__1000000B__10Hz__shmem_ds__best_effort,publish,pub,cpp_to_cpp,constrained_pub_only,exp,xcdr,shmem_ds,1000000,10,1,measured,174,2026-09-09T14:22:51.521527Z,156965183689536,156965183689536,-1,-1,-1,ok,
exp_constrained_pub_only_xcdr__cpp_to_cpp__1000000B__10Hz__shmem_ds__best_effort,publish,pub,cpp_to_cpp,constrained_pub_only,exp,xcdr,shmem_ds,1000000,10,1,measured,175,2026-09-09T14:22:51.621113Z,156965283271837,156965283271837,-1,-1,-1,ok,
exp_constrained_pub_only_xcdr__cpp_to_cpp__1000000B__10Hz__shmem_ds__best_effort,publish,pub,cpp_to_cpp,constrained_pub_only,exp,xcdr,shmem_ds,1000000,10,1,measured,176,2026-09-09T14:22:51.721112Z,156965383242754,156965383242754,-1,-1,-1,ok,
exp_constrained_pub_only_xcdr__cpp_to_cpp__1000000B__10Hz__shmem_ds__best_effort,publish,pub,cpp_to_cpp,constrained_pub_only,exp,xcdr,shmem_ds,1000000,10,1,measured,177,2026-09-09T14:22:51.821291Z,156965483448018,156965483448018,-1,-1,-1,ok,
exp_constrained_pub_only_xcdr__cpp_to_cpp__1000000B__10Hz__shmem_ds__best_effort,publish,pub,cpp_to_cpp,constrained_pub_only,exp,xcdr,shmem_ds,1000000,10,1,measured,178,2026-09-09T14:22:51.920487Z,156965582636394,156965582636394,-1,-1,-1,ok,
exp_constrained_pub_only_xcdr__cpp_to_cpp__1000000B__10Hz__shmem_ds__best_effort,publish,pub,cpp_to_cpp,constrained_pub_only,exp,xcdr,shmem_ds,1000000,10,1,measured,179,2026-09-09T14:22:52.020476Z,156965682612221,156965682612221,-1,-1,-1,ok,
exp_constrained_pub_only_xcdr__cpp_to_cpp__1000000B__10Hz__shmem_ds__best_effort,publish,pub,cpp_to_cpp,constrained_pub_only,exp,xcdr,shmem_ds,1000000,10,1,measured,180,2026-09-09T14:22:52.120148Z,156965782305946,156965782305946,-1,-1,-1,ok,
exp_constrained_pub_only_xcdr__cpp_to_cpp__1000000B__10Hz__shmem_ds__best_effort,publish,pub,cpp_to_cpp,constrained_pub_only,exp,xcdr,shmem_ds,1000000,10,1,measured,181,2026-09-09T14:22:52.220735Z,156965882899300,156965882899300,-1,-1,-1,ok,
exp_constrained_pub_only_xcdr__cpp_to_cpp__1000000B__10Hz__shmem_ds__best_effort,publish,pub,cpp_to_cpp,constrained_pub_only,exp,xcdr,shmem_ds,1000000,10,1,measured,182,2026-09-09T14:22:52.320500Z,156965982676371,156965982676371,-1,-1,-1,ok,
exp_constrained_pub_only_xcdr__cpp_to_cpp__1000000B__10Hz__shmem_ds__best_effort,publish,pub,cpp_to_cpp,constrained_pub_only,exp,xcdr,shmem_ds,1000000,10,1,measured,183,2026-09-09T14:22:52.419925Z,156966082096915,156966082096915,-1,-1,-1,ok,
exp_constrained_pub_only_xcdr__cpp_to_cpp__1000000B__10Hz__shmem_ds__best_effort,publish,pub,cpp_to_cpp,constrained_pub_only,exp,xcdr,shmem_ds,1000000,10,1,measured,184,2026-09-09T14:22:52.519009Z,156966181164752,156966181164752,-1,-1,-1,ok,
exp_constrained_pub_only_xcdr__cpp_to_cpp__1000000B__10Hz__shmem_ds__best_effort,publish,pub,cpp_to_cpp,constrained_pub_only,exp,xcdr,shmem_ds,1000000,10,1,measured,185,2026-09-09T14:22:52.619211Z,156966281365643,156966281365643,-1,-1,-1,ok,
exp_constrained_pub_only_xcdr__cpp_to_cpp__1000000B__10Hz__shmem_ds__best_effort,publish,pub,cpp_to_cpp,constrained_pub_only,exp,xcdr,shmem_ds,1000000,10,1,measured,186,2026-09-09T14:22:52.718728Z,156966380897466,156966380897466,-1,-1,-1,ok,
exp_constrained_pub_only_xcdr__cpp_to_cpp__1000000B__10Hz__shmem_ds__best_effort,publish,pub,cpp_to_cpp,constrained_pub_only,exp,xcdr,shmem_ds,1000000,10,1,measured,187,2026-09-09T14:22:52.818099Z,156966480264572,156966480264572,-1,-1,-1,ok,
exp_constrained_pub_only_xcdr__cpp_to_cpp__1000000B__10Hz__shmem_ds__best_effort,publish,pub,cpp_to_cpp,constrained_pub_only,exp,xcdr,shmem_ds,1000000,10,1,measured,188,2026-09-09T14:22:52.918983Z,156966581145673,156966581145673,-1,-1,-1,ok,
exp_constrained_pub_only_xcdr__cpp_to_cpp__1000000B__10Hz__shmem_ds__best_effort,publish,pub,cpp_to_cpp,constrained_pub_only,exp,xcdr,shmem_ds,1000000,10,1,measured,189,2026-09-09T14:22:53.019608Z,156966681740501,156966681740501,-1,-1,-1,ok,
exp_constrained_pub_only_xcdr__cpp_to_cpp__1000000B__10Hz__shmem_ds__best_effort,publish,pub,cpp_to_cpp,constrained_pub_only,exp,xcdr,shmem_ds,1000000,10,1,measured,190,2026-09-09T14:22:53.119355Z,156966781526664,156966781526664,-1,-1,-1,ok,
exp_constrained_pub_only_xcdr__cpp_to_cpp__1000000B__10Hz__shmem_ds__best_effort,publish,pub,cpp_to_cpp,constrained_pub_only,exp,xcdr,shmem_ds,1000000,10,1,measured,191,2026-09-09T14:22:53.218489Z,156966880663927,156966880663927,-1,-1,-1,ok,
exp_constrained_pub_only_xcdr__cpp_to_cpp__1000000B__10Hz__shmem_ds__best_effort,publish,pub,cpp_to_cpp,constrained_pub_only,exp,xcdr,shmem_ds,1000000,10,1,measured,192,2026-09-09T14:22:53.318882Z,156966981040853,156966981040853,-1,-1,-1,ok,
exp_constrained_pub_only_xcdr__cpp_to_cpp__1000000B__10Hz__shmem_ds__best_effort,publish,pub,cpp_to_cpp,constrained_pub_only,exp,xcdr,shmem_ds,1000000,10,1,measured,193,2026-09-09T14:22:53.419915Z,156967082073583,156967082073583,-1,-1,-1,ok,
exp_constrained_pub_only_xcdr__cpp_to_cpp__1000000B__10Hz__shmem_ds__best_effort,publish,pub,cpp_to_cpp,constrained_pub_only,exp,xcdr,shmem_ds,1000000,10,1,measured,194,2026-09-09T14:22:53.519379Z,156967181530963,156967181530963,-1,-1,-1,ok,
exp_constrained_pub_only_xcdr__cpp_to_cpp__1000000B__10Hz__shmem_ds__best_effort,publish,pub,cpp_to_cpp,constrained_pub_only,exp,xcdr,shmem_ds,1000000,10,1,measured,195,2026-09-09T14:22:53.618504Z,156967280669227,156967280669227,-1,-1,-1,ok,
exp_constrained_pub_only_xcdr__cpp_to_cpp__1000000B__10Hz__shmem_ds__best_effort,publish,pub,cpp_to_cpp,constrained_pub_only,exp,xcdr,shmem_ds,1000000,10,1,measured,196,2026-09-09T14:22:53.718750Z,156967380919667,156967380919667,-1,-1,-1,ok,
exp_constrained_pub_only_xcdr__cpp_to_cpp__1000000B__10Hz__shmem_ds__best_effort,publish,pub,cpp_to_cpp,constrained_pub_only,exp,xcdr,shmem_ds,1000000,10,1,measured,197,2026-09-09T14:22:53.818950Z,156967481110425,156967481110425,-1,-1,-1,ok,
exp_constrained_pub_only_xcdr__cpp_to_cpp__1000000B__10Hz__shmem_ds__best_effort,publish,pub,cpp_to_cpp,constrained_pub_only,exp,xcdr,shmem_ds,1000000,10,1,measured,198,2026-09-09T14:22:53.918278Z,156967580441389,156967580441389,-1,-1,-1,ok,
exp_constrained_pub_only_xcdr__cpp_to_cpp__1000000B__10Hz__shmem_ds__best_effort,publish,pub,cpp_to_cpp,constrained_pub_only,exp,xcdr,shmem_ds,1000000,10,1,measured,199,2026-09-09T14:22:54.019060Z,156967681219375,156967681219375,-1,-1,-1,ok,
exp_constrained_pub_only_xcdr__cpp_to_cpp__1000000B__10Hz__shmem_ds__best_effort,publish,pub,cpp_to_cpp,constrained_pub_only,exp,xcdr,shmem_ds,1000000,10,1,measured,200,2026-09-09T14:22:54.119050Z,156967781209695,156967781209695,-1,-1,-1,ok,
exp_constrained_pub_only_xcdr__cpp_to_cpp__1000000B__10Hz__shmem_ds__best_effort,publish,pub,cpp_to_cpp,constrained_pub_only,exp,xcdr,shmem_ds,1000000,10,1,measured,201,2026-09-09T14:22:54.218151Z,156967880314312,156967880314312,-1,-1,-1,ok,
exp_constrained_pub_only_xcdr__cpp_to_cpp__1000000B__10Hz__shmem_ds__best_effort,publish,pub,cpp_to_cpp,constrained_pub_only,exp,xcdr,shmem_ds,1000000,10,1,measured,202,2026-09-09T14:22:54.317600Z,156967979756860,156967979756860,-1,-1,-1,ok,
exp_constrained_pub_only_xcdr__cpp_to_cpp__1000000B__10Hz__shmem_ds__best_effort,publish,pub,cpp_to_cpp,constrained_pub_only,exp,xcdr,shmem_ds,1000000,10,1,measured,203,2026-09-09T14:22:54.418404Z,156968080560298,156968080560298,-1,-1,-1,ok,
exp_constrained_pub_only_xcdr__cpp_to_cpp__1000000B__10Hz__shmem_ds__best_effort,publish,pub,cpp_to_cpp,constrained_pub_only,exp,xcdr,shmem_ds,1000000,10,1,measured,204,2026-09-09T14:22:54.518205Z,156968180352799,156968180352799,-1,-1,-1,ok,
exp_constrained_pub_only_xcdr__cpp_to_cpp__1000000B__10Hz__shmem_ds__best_effort,publish,pub,cpp_to_cpp,constrained_pub_only,exp,xcdr,shmem_ds,1000000,10,1,measured,205,2026-09-09T14:22:54.618861Z,156968280986811,156968280986811,-1,-1,-1,ok,
exp_constrained_pub_only_xcdr__cpp_to_cpp__1000000B__10Hz__shmem_ds__best_effort,publish,pub,cpp_to_cpp,constrained_pub_only,exp,xcdr,shmem_ds,1000000,10,1,measured,206,2026-09-09T14:22:54.718664Z,156968380832521,156968380832521,-1,-1,-1,ok,
exp_constrained_pub_only_xcdr__cpp_to_cpp__1000000B__10Hz__shmem_ds__best_effort,publish,pub,cpp_to_cpp,constrained_pub_only,exp,xcdr,shmem_ds,1000000,10,1,measured,207,2026-09-09T14:22:54.818537Z,156968480697087,156968480697087,-1,-1,-1,ok,
exp_constrained_pub_only_xcdr__cpp_to_cpp__1000000B__10Hz__shmem_ds__best_effort,publish,pub,cpp_to_cpp,constrained_pub_only,exp,xcdr,shmem_ds,1000000,10,1,measured,208,2026-09-09T14:22:54.918200Z,156968580351179,156968580351179,-1,-1,-1,ok,
exp_constrained_pub_only_xcdr__cpp_to_cpp__1000000B__10Hz__shmem_ds__best_effort,publish,pub,cpp_to_cpp,constrained_pub_only,exp,xcdr,shmem_ds,1000000,10,1,measured,209,2026-09-09T14:22:55.017525Z,156968679653797,156968679653797,-1,-1,-1,ok,
exp_constrained_pub_only_xcdr__cpp_to_cpp__1000000B__10Hz__shmem_ds__best_effort,publish,pub,cpp_to_cpp,constrained_pub_only,exp,xcdr,shmem_ds,1000000,10,1,measured,210,2026-09-09T14:22:55.116898Z,156968779049332,156968779049332,-1,-1,-1,ok,
exp_constrained_pub_only_xcdr__cpp_to_cpp__1000000B__10Hz__shmem_ds__best_effort,publish,pub,cpp_to_cpp,constrained_pub_only,exp,xcdr,shmem_ds,1000000,10,1,measured,211,2026-09-09T14:22:55.216397Z,156968878552148,156968878552148,-1,-1,-1,ok,
exp_constrained_pub_only_xcdr__cpp_to_cpp__1000000B__10Hz__shmem_ds__best_effort,publish,pub,cpp_to_cpp,constrained_pub_only,exp,xcdr,shmem_ds,1000000,10,1,measured,212,2026-09-09T14:22:55.317131Z,156968979288096,156968979288096,-1,-1,-1,ok,
exp_constrained_pub_only_xcdr__cpp_to_cpp__1000000B__10Hz__shmem_ds__best_effort,publish,pub,cpp_to_cpp,constrained_pub_only,exp,xcdr,shmem_ds,1000000,10,1,measured,213,2026-09-09T14:22:55.417029Z,156969079183375,156969079183375,-1,-1,-1,ok,
exp_constrained_pub_only_xcdr__cpp_to_cpp__1000000B__10Hz__shmem_ds__best_effort,publish,pub,cpp_to_cpp,constrained_pub_only,exp,xcdr,shmem_ds,1000000,10,1,measured,214,2026-09-09T14:22:55.516319Z,156969178483402,156969178483402,-1,-1,-1,ok,
exp_constrained_pub_only_xcdr__cpp_to_cpp__1000000B__10Hz__shmem_ds__best_effort,publish,pub,cpp_to_cpp,constrained_pub_only,exp,xcdr,shmem_ds,1000000,10,1,measured,215,2026-09-09T14:22:55.615653Z,156969277811652,156969277811652,-1,-1,-1,ok,
exp_constrained_pub_only_xcdr__cpp_to_cpp__1000000B__10Hz__shmem_ds__best_effort,publish,pub,cpp_to_cpp,constrained_pub_only,exp,xcdr,shmem_ds,1000000,10,1,measured,216,2026-09-09T14:22:55.714950Z,156969377121729,156969377121729,-1,-1,-1,ok,
exp_constrained_pub_only_xcdr__cpp_to_cpp__1000000B__10Hz__shmem_ds__best_effort,publish,pub,cpp_to_cpp,constrained_pub_only,exp,xcdr,shmem_ds,1000000,10,1,measured,217,2026-09-09T14:22:55.814301Z,156969476469145,156969476469145,-1,-1,-1,ok,
exp_constrained_pub_only_xcdr__cpp_to_cpp__1000000B__10Hz__shmem_ds__best_effort,publish,pub,cpp_to_cpp,constrained_pub_only,exp,xcdr,shmem_ds,1000000,10,1,measured,218,2026-09-09T14:22:55.913727Z,156969575851246,156969575851246,-1,-1,-1,ok,
exp_constrained_pub_only_xcdr__cpp_to_cpp__1000000B__10Hz__shmem_ds__best_effort,publish,pub,cpp_to_cpp,constrained_pub_only,exp,xcdr,shmem_ds,1000000,10,1,measured,219,2026-09-09T14:22:56.013015Z,156969675157896,156969675157896,-1,-1,-1,ok,
exp_constrained_pub_only_xcdr__cpp_to_cpp__1000000B__10Hz__shmem_ds__best_effort,publish,pub,cpp_to_cpp,constrained_pub_only,exp,xcdr,shmem_ds,1000000,10,1,measured,220,2026-09-09T14:22:56.114002Z,156969776158123,156969776158123,-1,-1,-1,ok,
exp_constrained_pub_only_xcdr__cpp_to_cpp__1000000B__10Hz__shmem_ds__best_effort,publish,pub,cpp_to_cpp,constrained_pub_only,exp,xcdr,shmem_ds,1000000,10,1,measured,221,2026-09-09T14:22:56.213840Z,156969875988367,156969875988367,-1,-1,-1,ok,
exp_constrained_pub_only_xcdr__cpp_to_cpp__1000000B__10Hz__shmem_ds__best_effort,publish,pub,cpp_to_cpp,constrained_pub_only,exp,xcdr,shmem_ds,1000000,10,1,measured,222,2026-09-09T14:22:56.313513Z,156969975682876,156969975682876,-1,-1,-1,ok,
exp_constrained_pub_only_xcdr__cpp_to_cpp__1000000B__10Hz__shmem_ds__best_effort,publish,pub,cpp_to_cpp,constrained_pub_only,exp,xcdr,shmem_ds,1000000,10,1,measured,223,2026-09-09T14:22:56.412817Z,156970074965106,156970074965106,-1,-1,-1,ok,
exp_constrained_pub_only_xcdr__cpp_to_cpp__1000000B__10Hz__shmem_ds__best_effort,publish,pub,cpp_to_cpp,constrained_pub_only,exp,xcdr,shmem_ds,1000000,10,1,measured,224,2026-09-09T14:22:56.512064Z,156970174218402,156970174218402,-1,-1,-1,ok,
exp_constrained_pub_only_xcdr__cpp_to_cpp__1000000B__10Hz__shmem_ds__best_effort,publish,pub,cpp_to_cpp,constrained_pub_only,exp,xcdr,shmem_ds,1000000,10,1,measured,225,2026-09-09T14:22:56.611866Z,156970274023148,156970274023148,-1,-1,-1,ok,
exp_constrained_pub_only_xcdr__cpp_to_cpp__1000000B__10Hz__shmem_ds__best_effort,publish,pub,cpp_to_cpp,constrained_pub_only,exp,xcdr,shmem_ds,1000000,10,1,measured,226,2026-09-09T14:22:56.711361Z,156970373506353,156970373506353,-1,-1,-1,ok,
exp_constrained_pub_only_xcdr__cpp_to_cpp__1000000B__10Hz__shmem_ds__best_effort,publish,pub,cpp_to_cpp,constrained_pub_only,exp,xcdr,shmem_ds,1000000,10,1,measured,227,2026-09-09T14:22:56.810672Z,156970472820202,156970472820202,-1,-1,-1,ok,
exp_constrained_pub_only_xcdr__cpp_to_cpp__1000000B__10Hz__shmem_ds__best_effort,publish,pub,cpp_to_cpp,constrained_pub_only,exp,xcdr,shmem_ds,1000000,10,1,measured,228,2026-09-09T14:22:56.910259Z,156970572413713,156970572413713,-1,-1,-1,ok,
exp_constrained_pub_only_xcdr__cpp_to_cpp__1000000B__10Hz__shmem_ds__best_effort,publish,pub,cpp_to_cpp,constrained_pub_only,exp,xcdr,shmem_ds,1000000,10,1,measured,229,2026-09-09T14:22:57.010941Z,156970673096599,156970673096599,-1,-1,-1,ok,
exp_constrained_pub_only_xcdr__cpp_to_cpp__1000000B__10Hz__shmem_ds__best_effort,publish,pub,cpp_to_cpp,constrained_pub_only,exp,xcdr,shmem_ds,1000000,10,1,measured,230,2026-09-09T14:22:57.111230Z,156970773390864,156970773390864,-1,-1,-1,ok,
exp_constrained_pub_only_xcdr__cpp_to_cpp__1000000B__10Hz__shmem_ds__best_effort,publish,pub,cpp_to_cpp,constrained_pub_only,exp,xcdr,shmem_ds,1000000,10,1,measured,231,2026-09-09T14:22:57.210879Z,156970873051125,156970873051125,-1,-1,-1,ok,
exp_constrained_pub_only_xcdr__cpp_to_cpp__1000000B__10Hz__shmem_ds__best_effort,publish,pub,cpp_to_cpp,constrained_pub_only,exp,xcdr,shmem_ds,1000000,10,1,measured,232,2026-09-09T14:22:57.311713Z,156970973885278,156970973885278,-1,-1,-1,ok,
exp_constrained_pub_only_xcdr__cpp_to_cpp__1000000B__10Hz__shmem_ds__best_effort,publish,pub,cpp_to_cpp,constrained_pub_only,exp,xcdr,shmem_ds,1000000,10,1,measured,233,2026-09-09T14:22:57.411547Z,156971073695329,156971073695329,-1,-1,-1,ok,
exp_constrained_pub_only_xcdr__cpp_to_cpp__1000000B__10Hz__shmem_ds__best_effort,publish,pub,cpp_to_cpp,constrained_pub_only,exp,xcdr,shmem_ds,1000000,10,1,measured,234,2026-09-09T14:22:57.511847Z,156971173968575,156971173968575,-1,-1,-1,ok,
exp_constrained_pub_only_xcdr__cpp_to_cpp__1000000B__10Hz__shmem_ds__best_effort,publish,pub,cpp_to_cpp,constrained_pub_only,exp,xcdr,shmem_ds,1000000,10,1,measured,235,2026-09-09T14:22:57.611865Z,156971273982156,156971273982156,-1,-1,-1,ok,
exp_constrained_pub_only_xcdr__cpp_to_cpp__1000000B__10Hz__shmem_ds__best_effort,publish,pub,cpp_to_cpp,constrained_pub_only,exp,xcdr,shmem_ds,1000000,10,1,measured,236,2026-09-09T14:22:57.711680Z,156971373828985,156971373828985,-1,-1,-1,ok,
exp_constrained_pub_only_xcdr__cpp_to_cpp__1000000B__10Hz__shmem_ds__best_effort,publish,pub,cpp_to_cpp,constrained_pub_only,exp,xcdr,shmem_ds,1000000,10,1,measured,237,2026-09-09T14:22:57.811958Z,156971474112250,156971474112250,-1,-1,-1,ok,
exp_constrained_pub_only_xcdr__cpp_to_cpp__1000000B__10Hz__shmem_ds__best_effort,publish,pub,cpp_to_cpp,constrained_pub_only,exp,xcdr,shmem_ds,1000000,10,1,measured,238,2026-09-09T14:22:57.912792Z,156971574948256,156971574948256,-1,-1,-1,ok,
exp_constrained_pub_only_xcdr__cpp_to_cpp__1000000B__10Hz__shmem_ds__best_effort,publish,pub,cpp_to_cpp,constrained_pub_only,exp,xcdr,shmem_ds,1000000,10,1,measured,239,2026-09-09T14:22:58.012059Z,156971674213090,156971674213090,-1,-1,-1,ok,
exp_constrained_pub_only_xcdr__cpp_to_cpp__1000000B__10Hz__shmem_ds__best_effort,publish,pub,cpp_to_cpp,constrained_pub_only,exp,xcdr,shmem_ds,1000000,10,1,measured,240,2026-09-09T14:22:58.111910Z,156971774070616,156971774070616,-1,-1,-1,ok,
exp_constrained_pub_only_xcdr__cpp_to_cpp__1000000B__10Hz__shmem_ds__best_effort,publish,pub,cpp_to_cpp,constrained_pub_only,exp,xcdr,shmem_ds,1000000,10,1,measured,241,2026-09-09T14:22:58.212666Z,156971874800530,156971874800530,-1,-1,-1,ok,
exp_constrained_pub_only_xcdr__cpp_to_cpp__1000000B__10Hz__shmem_ds__best_effort,publish,pub,cpp_to_cpp,constrained_pub_only,exp,xcdr,shmem_ds,1000000,10,1,measured,242,2026-09-09T14:22:58.312975Z,156971975122804,156971975122804,-1,-1,-1,ok,
exp_constrained_pub_only_xcdr__cpp_to_cpp__1000000B__10Hz__shmem_ds__best_effort,publish,pub,cpp_to_cpp,constrained_pub_only,exp,xcdr,shmem_ds,1000000,10,1,measured,243,2026-09-09T14:22:58.412136Z,156972074266386,156972074266386,-1,-1,-1,ok,
exp_constrained_pub_only_xcdr__cpp_to_cpp__1000000B__10Hz__shmem_ds__best_effort,publish,pub,cpp_to_cpp,constrained_pub_only,exp,xcdr,shmem_ds,1000000,10,1,measured,244,2026-09-09T14:22:58.512641Z,156972174791008,156972174791008,-1,-1,-1,ok,
exp_constrained_pub_only_xcdr__cpp_to_cpp__1000000B__10Hz__shmem_ds__best_effort,publish,pub,cpp_to_cpp,constrained_pub_only,exp,xcdr,shmem_ds,1000000,10,1,measured,245,2026-09-09T14:22:58.612871Z,156972275016990,156972275016990,-1,-1,-1,ok,
exp_constrained_pub_only_xcdr__cpp_to_cpp__1000000B__10Hz__shmem_ds__best_effort,publish,pub,cpp_to_cpp,constrained_pub_only,exp,xcdr,shmem_ds,1000000,10,1,measured,246,2026-09-09T14:22:58.713764Z,156972375905480,156972375905480,-1,-1,-1,ok,
exp_constrained_pub_only_xcdr__cpp_to_cpp__1000000B__10Hz__shmem_ds__best_effort,publish,pub,cpp_to_cpp,constrained_pub_only,exp,xcdr,shmem_ds,1000000,10,1,measured,247,2026-09-09T14:22:58.813194Z,156972475342961,156972475342961,-1,-1,-1,ok,
exp_constrained_pub_only_xcdr__cpp_to_cpp__1000000B__10Hz__shmem_ds__best_effort,publish,pub,cpp_to_cpp,constrained_pub_only,exp,xcdr,shmem_ds,1000000,10,1,measured,248,2026-09-09T14:22:58.913995Z,156972576130603,156972576130603,-1,-1,-1,ok,
exp_constrained_pub_only_xcdr__cpp_to_cpp__1000000B__10Hz__shmem_ds__best_effort,publish,pub,cpp_to_cpp,constrained_pub_only,exp,xcdr,shmem_ds,1000000,10,1,measured,249,2026-09-09T14:22:59.013361Z,156972675497263,156972675497263,-1,-1,-1,ok,
exp_constrained_pub_only_xcdr__cpp_to_cpp__1000000B__10Hz__shmem_ds__best_effort,publish,pub,cpp_to_cpp,constrained_pub_only,exp,xcdr,shmem_ds,1000000,10,1,measured,250,2026-09-09T14:22:59.113112Z,156972775280695,156972775280695,-1,-1,-1,ok,
exp_constrained_pub_only_xcdr__cpp_to_cpp__1000000B__10Hz__shmem_ds__best_effort,publish,pub,cpp_to_cpp,constrained_pub_only,exp,xcdr,shmem_ds,1000000,10,1,measured,251,2026-09-09T14:22:59.212968Z,156972875134650,156972875134650,-1,-1,-1,ok,
exp_constrained_pub_only_xcdr__cpp_to_cpp__1000000B__10Hz__shmem_ds__best_effort,publish,pub,cpp_to_cpp,constrained_pub_only,exp,xcdr,shmem_ds,1000000,10,1,measured,252,2026-09-09T14:22:59.313198Z,156972975366469,156972975366469,-1,-1,-1,ok,
exp_constrained_pub_only_xcdr__cpp_to_cpp__1000000B__10Hz__shmem_ds__best_effort,publish,pub,cpp_to_cpp,constrained_pub_only,exp,xcdr,shmem_ds,1000000,10,1,measured,253,2026-09-09T14:22:59.414054Z,156973076222916,156973076222916,-1,-1,-1,ok,
exp_constrained_pub_only_xcdr__cpp_to_cpp__1000000B__10Hz__shmem_ds__best_effort,publish,pub,cpp_to_cpp,constrained_pub_only,exp,xcdr,shmem_ds,1000000,10,1,measured,254,2026-09-09T14:22:59.514427Z,156973176595789,156973176595789,-1,-1,-1,ok,
exp_constrained_pub_only_xcdr__cpp_to_cpp__1000000B__10Hz__shmem_ds__best_effort,publish,pub,cpp_to_cpp,constrained_pub_only,exp,xcdr,shmem_ds,1000000,10,1,measured,255,2026-09-09T14:22:59.614016Z,156973276182254,156973276182254,-1,-1,-1,ok,
exp_constrained_pub_only_xcdr__cpp_to_cpp__1000000B__10Hz__shmem_ds__best_effort,publish,pub,cpp_to_cpp,constrained_pub_only,exp,xcdr,shmem_ds,1000000,10,1,measured,256,2026-09-09T14:22:59.713363Z,156973375529643,156973375529643,-1,-1,-1,ok,
exp_constrained_pub_only_xcdr__cpp_to_cpp__1000000B__10Hz__shmem_ds__best_effort,publish,pub,cpp_to_cpp,constrained_pub_only,exp,xcdr,shmem_ds,1000000,10,1,measured,257,2026-09-09T14:22:59.813079Z,156973475204974,156973475204974,-1,-1,-1,ok,
exp_constrained_pub_only_xcdr__cpp_to_cpp__1000000B__10Hz__shmem_ds__best_effort,publish,pub,cpp_to_cpp,constrained_pub_only,exp,xcdr,shmem_ds,1000000,10,1,measured,258,2026-09-09T14:22:59.912693Z,156973574836484,156973574836484,-1,-1,-1,ok,
exp_constrained_pub_only_xcdr__cpp_to_cpp__1000000B__10Hz__shmem_ds__best_effort,publish,pub,cpp_to_cpp,constrained_pub_only,exp,xcdr,shmem_ds,1000000,10,1,measured,259,2026-09-09T14:23:00.011734Z,156973673884143,156973673884143,-1,-1,-1,ok,
exp_constrained_pub_only_xcdr__cpp_to_cpp__1000000B__10Hz__shmem_ds__best_effort,publish,pub,cpp_to_cpp,constrained_pub_only,exp,xcdr,shmem_ds,1000000,10,1,measured,260,2026-09-09T14:23:00.111077Z,156973773236837,156973773236837,-1,-1,-1,ok,
exp_constrained_pub_only_xcdr__cpp_to_cpp__1000000B__10Hz__shmem_ds__best_effort,publish,pub,cpp_to_cpp,constrained_pub_only,exp,xcdr,shmem_ds,1000000,10,1,measured,261,2026-09-09T14:23:00.210183Z,156973872351668,156973872351668,-1,-1,-1,ok,
exp_constrained_pub_only_xcdr__cpp_to_cpp__1000000B__10Hz__shmem_ds__best_effort,publish,pub,cpp_to_cpp,constrained_pub_only,exp,xcdr,shmem_ds,1000000,10,1,measured,262,2026-09-09T14:23:00.309196Z,156973971365890,156973971365890,-1,-1,-1,ok,
exp_constrained_pub_only_xcdr__cpp_to_cpp__1000000B__10Hz__shmem_ds__best_effort,publish,pub,cpp_to_cpp,constrained_pub_only,exp,xcdr,shmem_ds,1000000,10,1,measured,263,2026-09-09T14:23:00.409203Z,156974071333022,156974071333022,-1,-1,-1,ok,
exp_constrained_pub_only_xcdr__cpp_to_cpp__1000000B__10Hz__shmem_ds__best_effort,publish,pub,cpp_to_cpp,constrained_pub_only,exp,xcdr,shmem_ds,1000000,10,1,measured,264,2026-09-09T14:23:00.508605Z,156974170744856,156974170744856,-1,-1,-1,ok,
exp_constrained_pub_only_xcdr__cpp_to_cpp__1000000B__10Hz__shmem_ds__best_effort,publish,pub,cpp_to_cpp,constrained_pub_only,exp,xcdr,shmem_ds,1000000,10,1,measured,265,2026-09-09T14:23:00.607607Z,156974269758799,156974269758799,-1,-1,-1,ok,
exp_constrained_pub_only_xcdr__cpp_to_cpp__1000000B__10Hz__shmem_ds__best_effort,publish,pub,cpp_to_cpp,constrained_pub_only,exp,xcdr,shmem_ds,1000000,10,1,measured,266,2026-09-09T14:23:00.707426Z,156974369571863,156974369571863,-1,-1,-1,ok,
exp_constrained_pub_only_xcdr__cpp_to_cpp__1000000B__10Hz__shmem_ds__best_effort,publish,pub,cpp_to_cpp,constrained_pub_only,exp,xcdr,shmem_ds,1000000,10,1,measured,267,2026-09-09T14:23:00.807411Z,156974469575042,156974469575042,-1,-1,-1,ok,
exp_constrained_pub_only_xcdr__cpp_to_cpp__1000000B__10Hz__shmem_ds__best_effort,publish,pub,cpp_to_cpp,constrained_pub_only,exp,xcdr,shmem_ds,1000000,10,1,measured,268,2026-09-09T14:23:00.906920Z,156974569058440,156974569058440,-1,-1,-1,ok,
exp_constrained_pub_only_xcdr__cpp_to_cpp__1000000B__10Hz__shmem_ds__best_effort,publish,pub,cpp_to_cpp,constrained_pub_only,exp,xcdr,shmem_ds,1000000,10,1,measured,269,2026-09-09T14:23:01.007149Z,156974669304704,156974669304704,-1,-1,-1,ok,
exp_constrained_pub_only_xcdr__cpp_to_cpp__1000000B__10Hz__shmem_ds__best_effort,publish,pub,cpp_to_cpp,constrained_pub_only,exp,xcdr,shmem_ds,1000000,10,1,measured,270,2026-09-09T14:23:01.107843Z,156974769984852,156974769984852,-1,-1,-1,ok,
exp_constrained_pub_only_xcdr__cpp_to_cpp__1000000B__10Hz__shmem_ds__best_effort,publish,pub,cpp_to_cpp,constrained_pub_only,exp,xcdr,shmem_ds,1000000,10,1,measured,271,2026-09-09T14:23:01.207840Z,156974869988859,156974869988859,-1,-1,-1,ok,
exp_constrained_pub_only_xcdr__cpp_to_cpp__1000000B__10Hz__shmem_ds__best_effort,publish,pub,cpp_to_cpp,constrained_pub_only,exp,xcdr,shmem_ds,1000000,10,1,measured,272,2026-09-09T14:23:01.306869Z,156974969034906,156974969034906,-1,-1,-1,ok,
exp_constrained_pub_only_xcdr__cpp_to_cpp__1000000B__10Hz__shmem_ds__best_effort,publish,pub,cpp_to_cpp,constrained_pub_only,exp,xcdr,shmem_ds,1000000,10,1,measured,273,2026-09-09T14:23:01.405977Z,156975068131197,156975068131197,-1,-1,-1,ok,
exp_constrained_pub_only_xcdr__cpp_to_cpp__1000000B__10Hz__shmem_ds__best_effort,publish,pub,cpp_to_cpp,constrained_pub_only,exp,xcdr,shmem_ds,1000000,10,1,measured,274,2026-09-09T14:23:01.506207Z,156975168371294,156975168371294,-1,-1,-1,ok,
exp_constrained_pub_only_xcdr__cpp_to_cpp__1000000B__10Hz__shmem_ds__best_effort,publish,pub,cpp_to_cpp,constrained_pub_only,exp,xcdr,shmem_ds,1000000,10,1,measured,275,2026-09-09T14:23:01.607196Z,156975269332998,156975269332998,-1,-1,-1,ok,
exp_constrained_pub_only_xcdr__cpp_to_cpp__1000000B__10Hz__shmem_ds__best_effort,publish,pub,cpp_to_cpp,constrained_pub_only,exp,xcdr,shmem_ds,1000000,10,1,measured,276,2026-09-09T14:23:01.707225Z,156975369384594,156975369384594,-1,-1,-1,ok,
exp_constrained_pub_only_xcdr__cpp_to_cpp__1000000B__10Hz__shmem_ds__best_effort,publish,pub,cpp_to_cpp,constrained_pub_only,exp,xcdr,shmem_ds,1000000,10,1,measured,277,2026-09-09T14:23:01.806505Z,156975468670539,156975468670539,-1,-1,-1,ok,
exp_constrained_pub_only_xcdr__cpp_to_cpp__1000000B__10Hz__shmem_ds__best_effort,publish,pub,cpp_to_cpp,constrained_pub_only,exp,xcdr,shmem_ds,1000000,10,1,measured,278,2026-09-09T14:23:01.907086Z,156975569223730,156975569223730,-1,-1,-1,ok,
exp_constrained_pub_only_xcdr__cpp_to_cpp__1000000B__10Hz__shmem_ds__best_effort,publish,pub,cpp_to_cpp,constrained_pub_only,exp,xcdr,shmem_ds,1000000,10,1,measured,279,2026-09-09T14:23:02.006180Z,156975668344788,156975668344788,-1,-1,-1,ok,
exp_constrained_pub_only_xcdr__cpp_to_cpp__1000000B__10Hz__shmem_ds__best_effort,publish,pub,cpp_to_cpp,constrained_pub_only,exp,xcdr,shmem_ds,1000000,10,1,measured,280,2026-09-09T14:23:02.106262Z,156975768417618,156975768417618,-1,-1,-1,ok,
exp_constrained_pub_only_xcdr__cpp_to_cpp__1000000B__10Hz__shmem_ds__best_effort,publish,pub,cpp_to_cpp,constrained_pub_only,exp,xcdr,shmem_ds,1000000,10,1,measured,281,2026-09-09T14:23:02.206962Z,156975869132197,156975869132197,-1,-1,-1,ok,
exp_constrained_pub_only_xcdr__cpp_to_cpp__1000000B__10Hz__shmem_ds__best_effort,publish,pub,cpp_to_cpp,constrained_pub_only,exp,xcdr,shmem_ds,1000000,10,1,measured,282,2026-09-09T14:23:02.307794Z,156975969966940,156975969966940,-1,-1,-1,ok,
exp_constrained_pub_only_xcdr__cpp_to_cpp__1000000B__10Hz__shmem_ds__best_effort,publish,pub,cpp_to_cpp,constrained_pub_only,exp,xcdr,shmem_ds,1000000,10,1,measured,283,2026-09-09T14:23:02.407244Z,156976069383746,156976069383746,-1,-1,-1,ok,
exp_constrained_pub_only_xcdr__cpp_to_cpp__1000000B__10Hz__shmem_ds__best_effort,publish,pub,cpp_to_cpp,constrained_pub_only,exp,xcdr,shmem_ds,1000000,10,1,measured,284,2026-09-09T14:23:02.507657Z,156976169832528,156976169832528,-1,-1,-1,ok,
exp_constrained_pub_only_xcdr__cpp_to_cpp__1000000B__10Hz__shmem_ds__best_effort,publish,pub,cpp_to_cpp,constrained_pub_only,exp,xcdr,shmem_ds,1000000,10,1,measured,285,2026-09-09T14:23:02.608569Z,156976270725720,156976270725720,-1,-1,-1,ok,
exp_constrained_pub_only_xcdr__cpp_to_cpp__1000000B__10Hz__shmem_ds__best_effort,publish,pub,cpp_to_cpp,constrained_pub_only,exp,xcdr,shmem_ds,1000000,10,1,measured,286,2026-09-09T14:23:02.708631Z,156976370792729,156976370792729,-1,-1,-1,ok,
exp_constrained_pub_only_xcdr__cpp_to_cpp__1000000B__10Hz__shmem_ds__best_effort,publish,pub,cpp_to_cpp,constrained_pub_only,exp,xcdr,shmem_ds,1000000,10,1,measured,287,2026-09-09T14:23:02.809083Z,156976471249687,156976471249687,-1,-1,-1,ok,
exp_constrained_pub_only_xcdr__cpp_to_cpp__1000000B__10Hz__shmem_ds__best_effort,publish,pub,cpp_to_cpp,constrained_pub_only,exp,xcdr,shmem_ds,1000000,10,1,measured,288,2026-09-09T14:23:02.908406Z,156976570560455,156976570560455,-1,-1,-1,ok,
exp_constrained_pub_only_xcdr__cpp_to_cpp__1000000B__10Hz__shmem_ds__best_effort,publish,pub,cpp_to_cpp,constrained_pub_only,exp,xcdr,shmem_ds,1000000,10,1,measured,289,2026-09-09T14:23:03.009528Z,156976671650033,156976671650033,-1,-1,-1,ok,
exp_constrained_pub_only_xcdr__cpp_to_cpp__1000000B__10Hz__shmem_ds__best_effort,publish,pub,cpp_to_cpp,constrained_pub_only,exp,xcdr,shmem_ds,1000000,10,1,measured,290,2026-09-09T14:23:03.108732Z,156976770873403,156976770873403,-1,-1,-1,ok,
exp_constrained_pub_only_xcdr__cpp_to_cpp__1000000B__10Hz__shmem_ds__best_effort,publish,pub,cpp_to_cpp,constrained_pub_only,exp,xcdr,shmem_ds,1000000,10,1,measured,291,2026-09-09T14:23:03.207883Z,156976870050928,156976870050928,-1,-1,-1,ok,
exp_constrained_pub_only_xcdr__cpp_to_cpp__1000000B__10Hz__shmem_ds__best_effort,publish,pub,cpp_to_cpp,constrained_pub_only,exp,xcdr,shmem_ds,1000000,10,1,measured,292,2026-09-09T14:23:03.308524Z,156976970690653,156976970690653,-1,-1,-1,ok,
exp_constrained_pub_only_xcdr__cpp_to_cpp__1000000B__10Hz__shmem_ds__best_effort,publish,pub,cpp_to_cpp,constrained_pub_only,exp,xcdr,shmem_ds,1000000,10,1,measured,293,2026-09-09T14:23:03.408479Z,156977070626804,156977070626804,-1,-1,-1,ok,
exp_constrained_pub_only_xcdr__cpp_to_cpp__1000000B__10Hz__shmem_ds__best_effort,publish,pub,cpp_to_cpp,constrained_pub_only,exp,xcdr,shmem_ds,1000000,10,1,measured,294,2026-09-09T14:23:03.508895Z,156977171045846,156977171045846,-1,-1,-1,ok,
exp_constrained_pub_only_xcdr__cpp_to_cpp__1000000B__10Hz__shmem_ds__best_effort,publish,pub,cpp_to_cpp,constrained_pub_only,exp,xcdr,shmem_ds,1000000,10,1,measured,295,2026-09-09T14:23:03.609840Z,156977271975402,156977271975402,-1,-1,-1,ok,
exp_constrained_pub_only_xcdr__cpp_to_cpp__1000000B__10Hz__shmem_ds__best_effort,publish,pub,cpp_to_cpp,constrained_pub_only,exp,xcdr,shmem_ds,1000000,10,1,measured,296,2026-09-09T14:23:03.709858Z,156977371999177,156977371999177,-1,-1,-1,ok,
exp_constrained_pub_only_xcdr__cpp_to_cpp__1000000B__10Hz__shmem_ds__best_effort,publish,pub,cpp_to_cpp,constrained_pub_only,exp,xcdr,shmem_ds,1000000,10,1,measured,297,2026-09-09T14:23:03.808835Z,156977470972630,156977470972630,-1,-1,-1,ok,
exp_constrained_pub_only_xcdr__cpp_to_cpp__1000000B__10Hz__shmem_ds__best_effort,publish,pub,cpp_to_cpp,constrained_pub_only,exp,xcdr,shmem_ds,1000000,10,1,measured,298,2026-09-09T14:23:03.909848Z,156977571956778,156977571956778,-1,-1,-1,ok,
exp_constrained_pub_only_xcdr__cpp_to_cpp__1000000B__10Hz__shmem_ds__best_effort,publish,pub,cpp_to_cpp,constrained_pub_only,exp,xcdr,shmem_ds,1000000,10,1,measured,299,2026-09-09T14:23:04.010041Z,156977672193641,156977672193641,-1,-1,-1,ok,
exp_constrained_pub_only_xcdr__cpp_to_cpp__1000000B__10Hz__shmem_ds__best_effort,publish,pub,cpp_to_cpp,constrained_pub_only,exp,xcdr,shmem_ds,1000000,10,1,measured,300,2026-09-09T14:23:04.110102Z,156977772244421,156977772244421,-1,-1,-1,ok,
exp_constrained_pub_only_xcdr__cpp_to_cpp__1000000B__10Hz__shmem_ds__best_effort,receive,sub,cpp_to_cpp,constrained_pub_only,exp,xcdr,shmem_ds,1000000,10,1,measured,0,2026-09-09T14:22:34.122848Z,156947785046441,156947784470386,156947785046441,1788963754122316857,1788963754122443012,ok,
exp_constrained_pub_only_xcdr__cpp_to_cpp__1000000B__10Hz__shmem_ds__best_effort,receive,sub,cpp_to_cpp,constrained_pub_only,exp,xcdr,shmem_ds,1000000,10,1,measured,1,2026-09-09T14:22:34.222880Z,156947885077899,156947884955200,156947885077899,1788963754222771314,1788963754222825155,ok,
exp_constrained_pub_only_xcdr__cpp_to_cpp__1000000B__10Hz__shmem_ds__best_effort,receive,sub,cpp_to_cpp,constrained_pub_only,exp,xcdr,shmem_ds,1000000,10,1,measured,2,2026-09-09T14:22:34.323243Z,156947985441227,156947985286909,156947985441227,1788963754323109726,1788963754323160831,ok,
exp_constrained_pub_only_xcdr__cpp_to_cpp__1000000B__10Hz__shmem_ds__best_effort,receive,sub,cpp_to_cpp,constrained_pub_only,exp,xcdr,shmem_ds,1000000,10,1,measured,3,2026-09-09T14:22:34.423742Z,156948085940589,156948085812440,156948085940589,1788963754423630167,1788963754423671454,ok,
exp_constrained_pub_only_xcdr__cpp_to_cpp__1000000B__10Hz__shmem_ds__best_effort,receive,sub,cpp_to_cpp,constrained_pub_only,exp,xcdr,shmem_ds,1000000,10,1,measured,4,2026-09-09T14:22:34.522909Z,156948185108026,156948184975949,156948185108026,1788963754522790831,1788963754522841125,ok,
exp_constrained_pub_only_xcdr__cpp_to_cpp__1000000B__10Hz__shmem_ds__best_effort,receive,sub,cpp_to_cpp,constrained_pub_only,exp,xcdr,shmem_ds,1000000,10,1,measured,5,2026-09-09T14:22:34.623670Z,156948285869075,156948285752257,156948285869075,1788963754623569514,1788963754623615810,ok,
exp_constrained_pub_only_xcdr__cpp_to_cpp__1000000B__10Hz__shmem_ds__best_effort,receive,sub,cpp_to_cpp,constrained_pub_only,exp,xcdr,shmem_ds,1000000,10,1,measured,6,2026-09-09T14:22:34.722988Z,156948385186161,156948385087147,156948385186161,1788963754722906857,1788963754722935391,ok,
exp_constrained_pub_only_xcdr__cpp_to_cpp__1000000B__10Hz__shmem_ds__best_effort,receive,sub,cpp_to_cpp,constrained_pub_only,exp,xcdr,shmem_ds,1000000,10,1,measured,7,2026-09-09T14:22:34.823115Z,156948485312577,156948485193785,156948485312577,1788963754823011011,1788963754823055294,ok,
exp_constrained_pub_only_xcdr__cpp_to_cpp__1000000B__10Hz__shmem_ds__best_effort,receive,sub,cpp_to_cpp,constrained_pub_only,exp,xcdr,shmem_ds,1000000,10,1,measured,8,2026-09-09T14:22:34.922877Z,156948585075674,156948584960349,156948585075674,1788963754922775652,1788963754922822720,ok,
exp_constrained_pub_only_xcdr__cpp_to_cpp__1000000B__10Hz__shmem_ds__best_effort,receive,sub,cpp_to_cpp,constrained_pub_only,exp,xcdr,shmem_ds,1000000,10,1,measured,9,2026-09-09T14:22:35.022461Z,156948684658989,156948684529056,156948684658989,1788963755022352334,1788963755022395965,ok,
exp_constrained_pub_only_xcdr__cpp_to_cpp__1000000B__10Hz__shmem_ds__best_effort,receive,sub,cpp_to_cpp,constrained_pub_only,exp,xcdr,shmem_ds,1000000,10,1,measured,10,2026-09-09T14:22:35.122162Z,156948784361199,156948784267885,156948784361199,1788963755122083609,1788963755122112332,ok,
exp_constrained_pub_only_xcdr__cpp_to_cpp__1000000B__10Hz__shmem_ds__best_effort,receive,sub,cpp_to_cpp,constrained_pub_only,exp,xcdr,shmem_ds,1000000,10,1,measured,11,2026-09-09T14:22:35.220783Z,156948882981532,156948882904759,156948882981532,1788963755220717466,1788963755220734518,ok,
exp_constrained_pub_only_xcdr__cpp_to_cpp__1000000B__10Hz__shmem_ds__best_effort,receive,sub,cpp_to_cpp,constrained_pub_only,exp,xcdr,shmem_ds,1000000,10,1,measured,12,2026-09-09T14:22:35.320762Z,156948982960869,156948982876351,156948982960869,1788963755320688889,1788963755320720307,ok,
exp_constrained_pub_only_xcdr__cpp_to_cpp__1000000B__10Hz__shmem_ds__best_effort,receive,sub,cpp_to_cpp,constrained_pub_only,exp,xcdr,shmem_ds,1000000,10,1,measured,13,2026-09-09T14:22:35.421209Z,156949083406817,156949083319444,156949083406817,1788963755421132562,1788963755421164031,ok,
exp_constrained_pub_only_xcdr__cpp_to_cpp__1000000B__10Hz__shmem_ds__best_effort,receive,sub,cpp_to_cpp,constrained_pub_only,exp,xcdr,shmem_ds,1000000,10,1,measured,14,2026-09-09T14:22:35.521406Z,156949183605494,156949183516127,156949183605494,1788963755521330207,1788963755521357899,ok,
exp_constrained_pub_only_xcdr__cpp_to_cpp__1000000B__10Hz__shmem_ds__best_effort,receive,sub,cpp_to_cpp,constrained_pub_only,exp,xcdr,shmem_ds,1000000,10,1,measured,15,2026-09-09T14:22:35.622026Z,156949284224384,156949284116342,156949284224384,1788963755621932236,1788963755621965869,ok,
exp_constrained_pub_only_xcdr__cpp_to_cpp__1000000B__10Hz__shmem_ds__best_effort,receive,sub,cpp_to_cpp,constrained_pub_only,exp,xcdr,shmem_ds,1000000,10,1,measured,16,2026-09-09T14:22:35.722964Z,156949385162890,156949385068975,156949385162890,1788963755722885240,1788963755722916067,ok,
exp_constrained_pub_only_xcdr__cpp_to_cpp__1000000B__10Hz__shmem_ds__best_effort,receive,sub,cpp_to_cpp,constrained_pub_only,exp,xcdr,shmem_ds,1000000,10,1,measured,17,2026-09-09T14:22:35.823474Z,156949485672647,156949485559546,156949485672647,1788963755823376001,1788963755823409834,ok,
exp_constrained_pub_only_xcdr__cpp_to_cpp__1000000B__10Hz__shmem_ds__best_effort,receive,sub,cpp_to_cpp,constrained_pub_only,exp,xcdr,shmem_ds,1000000,10,1,measured,18,2026-09-09T14:22:35.923318Z,156949585517404,156949585444998,156949585517404,1788963755923254941,1788963755923279777,ok,
exp_constrained_pub_only_xcdr__cpp_to_cpp__1000000B__10Hz__shmem_ds__best_effort,receive,sub,cpp_to_cpp,constrained_pub_only,exp,xcdr,shmem_ds,1000000,10,1,measured,19,2026-09-09T14:22:36.022420Z,156949684617992,156949684534066,156949684617992,1788963756022345531,1788963756022369826,ok,
exp_constrained_pub_only_xcdr__cpp_to_cpp__1000000B__10Hz__shmem_ds__best_effort,receive,sub,cpp_to_cpp,constrained_pub_only,exp,xcdr,shmem_ds,1000000,10,1,measured,20,2026-09-09T14:22:36.121616Z,156949783814325,156949783747620,156949783814325,1788963756121557903,1788963756121578171,ok,
exp_constrained_pub_only_xcdr__cpp_to_cpp__1000000B__10Hz__shmem_ds__best_effort,receive,sub,cpp_to_cpp,constrained_pub_only,exp,xcdr,shmem_ds,1000000,10,1,measured,21,2026-09-09T14:22:36.222020Z,156949884212900,156949884160633,156949884212900,1788963756221967940,1788963756221981846,ok,
exp_constrained_pub_only_xcdr__cpp_to_cpp__1000000B__10Hz__shmem_ds__best_effort,receive,sub,cpp_to_cpp,constrained_pub_only,exp,xcdr,shmem_ds,1000000,10,1,measured,22,2026-09-09T14:22:36.321448Z,156949983646596,156949983558922,156949983646596,1788963756321370348,1788963756321401446,ok,
exp_constrained_pub_only_xcdr__cpp_to_cpp__1000000B__10Hz__shmem_ds__best_effort,receive,sub,cpp_to_cpp,constrained_pub_only,exp,xcdr,shmem_ds,1000000,10,1,measured,23,2026-09-09T14:22:36.421182Z,156950083381513,156950083324287,156950083381513,1788963756421132726,1788963756421149167,ok,
exp_constrained_pub_only_xcdr__cpp_to_cpp__1000000B__10Hz__shmem_ds__best_effort,receive,sub,cpp_to_cpp,constrained_pub_only,exp,xcdr,shmem_ds,1000000,10,1,measured,24,2026-09-09T14:22:36.520426Z,156950182624273,156950182531940,156950182624273,1788963756520345941,1788963756520375676,ok,
exp_constrained_pub_only_xcdr__cpp_to_cpp__1000000B__10Hz__shmem_ds__best_effort,receive,sub,cpp_to_cpp,constrained_pub_only,exp,xcdr,shmem_ds,1000000,10,1,measured,25,2026-09-09T14:22:36.620019Z,156950282216363,156950281988608,156950282216363,1788963756619853554,1788963756619926420,ok,
exp_constrained_pub_only_xcdr__cpp_to_cpp__1000000B__10Hz__shmem_ds__best_effort,receive,sub,cpp_to_cpp,constrained_pub_only,exp,xcdr,shmem_ds,1000000,10,1,measured,26,2026-09-09T14:22:36.719088Z,156950381285719,156950381150377,156950381285719,1788963756718972782,1788963756719016584,ok,
exp_constrained_pub_only_xcdr__cpp_to_cpp__1000000B__10Hz__shmem_ds__best_effort,receive,sub,cpp_to_cpp,constrained_pub_only,exp,xcdr,shmem_ds,1000000,10,1,measured,27,2026-09-09T14:22:36.819037Z,156950481235818,156950481116726,156950481235818,1788963756818935425,1788963756818976141,ok,
exp_constrained_pub_only_xcdr__cpp_to_cpp__1000000B__10Hz__shmem_ds__best_effort,receive,sub,cpp_to_cpp,constrained_pub_only,exp,xcdr,shmem_ds,1000000,10,1,measured,28,2026-09-09T14:22:36.919081Z,156950581278660,156950581150301,156950581278660,1788963756918976003,1788963756919019634,ok,
exp_constrained_pub_only_xcdr__cpp_to_cpp__1000000B__10Hz__shmem_ds__best_effort,receive,sub,cpp_to_cpp,constrained_pub_only,exp,xcdr,shmem_ds,1000000,10,1,measured,29,2026-09-09T14:22:37.019614Z,156950681812128,156950681656477,156950681812128,1788963757019481949,1788963757019536180,ok,
exp_constrained_pub_only_xcdr__cpp_to_cpp__1000000B__10Hz__shmem_ds__best_effort,receive,sub,cpp_to_cpp,constrained_pub_only,exp,xcdr,shmem_ds,1000000,10,1,measured,30,2026-09-09T14:22:37.118778Z,156950780977297,156950780892289,156950780977297,1788963757118705958,1788963757118737577,ok,
exp_constrained_pub_only_xcdr__cpp_to_cpp__1000000B__10Hz__shmem_ds__best_effort,receive,sub,cpp_to_cpp,constrained_pub_only,exp,xcdr,shmem_ds,1000000,10,1,measured,31,2026-09-09T14:22:37.219164Z,156950881362845,156950881261837,156950881362845,1788963757219078682,1788963757219110902,ok,
exp_constrained_pub_only_xcdr__cpp_to_cpp__1000000B__10Hz__shmem_ds__best_effort,receive,sub,cpp_to_cpp,constrained_pub_only,exp,xcdr,shmem_ds,1000000,10,1,measured,32,2026-09-09T14:22:37.318860Z,156950981058325,156950980919796,156950981058325,1788963757318740259,1788963757318783560,ok,
exp_constrained_pub_only_xcdr__cpp_to_cpp__1000000B__10Hz__shmem_ds__best_effort,receive,sub,cpp_to_cpp,constrained_pub_only,exp,xcdr,shmem_ds,1000000,10,1,measured,33,2026-09-09T14:22:37.419406Z,156951081603991,156951081508103,156951081603991,1788963757419325078,1788963757419359713,ok,
exp_constrained_pub_only_xcdr__cpp_to_cpp__1000000B__10Hz__shmem_ds__best_effort,receive,sub,cpp_to_cpp,constrained_pub_only,exp,xcdr,shmem_ds,1000000,10,1,measured,34,2026-09-09T14:22:37.519927Z,156951182125262,156951182025706,156951182125262,1788963757519840007,1788963757519869111,ok,
exp_constrained_pub_only_xcdr__cpp_to_cpp__1000000B__10Hz__shmem_ds__best_effort,receive,sub,cpp_to_cpp,constrained_pub_only,exp,xcdr,shmem_ds,1000000,10,1,measured,35,2026-09-09T14:22:37.619157Z,156951281354061,156951281230961,156951281354061,1788963757619053347,1788963757619096458,ok,
exp_constrained_pub_only_xcdr__cpp_to_cpp__1000000B__10Hz__shmem_ds__best_effort,receive,sub,cpp_to_cpp,constrained_pub_only,exp,xcdr,shmem_ds,1000000,10,1,measured,36,2026-09-09T14:22:37.719960Z,156951382159071,156951382084832,156951382159071,1788963757719901508,1788963757719924831,ok,
exp_constrained_pub_only_xcdr__cpp_to_cpp__1000000B__10Hz__shmem_ds__best_effort,receive,sub,cpp_to_cpp,constrained_pub_only,exp,xcdr,shmem_ds,1000000,10,1,measured,37,2026-09-09T14:22:37.820323Z,156951482522307,156951482451875,156951482522307,1788963757820264884,1788963757820285292,ok,
exp_constrained_pub_only_xcdr__cpp_to_cpp__1000000B__10Hz__shmem_ds__best_effort,receive,sub,cpp_to_cpp,constrained_pub_only,exp,xcdr,shmem_ds,1000000,10,1,measured,38,2026-09-09T14:22:37.920361Z,156951582559334,156951582401459,156951582559334,1788963757920229436,1788963757920280952,ok,
exp_constrained_pub_only_xcdr__cpp_to_cpp__1000000B__10Hz__shmem_ds__best_effort,receive,sub,cpp_to_cpp,constrained_pub_only,exp,xcdr,shmem_ds,1000000,10,1,measured,39,2026-09-09T14:22:38.019781Z,156951681980173,156951681882782,156951681980173,1788963758019697864,1788963758019728541,ok,
exp_constrained_pub_only_xcdr__cpp_to_cpp__1000000B__10Hz__shmem_ds__best_effort,receive,sub,cpp_to_cpp,constrained_pub_only,exp,xcdr,shmem_ds,1000000,10,1,measured,40,2026-09-09T14:22:38.118929Z,156951781127255,156951781015617,156951781127255,1788963758118835858,1788963758118870543,ok,
exp_constrained_pub_only_xcdr__cpp_to_cpp__1000000B__10Hz__shmem_ds__best_effort,receive,sub,cpp_to_cpp,constrained_pub_only,exp,xcdr,shmem_ds,1000000,10,1,measured,41,2026-09-09T14:22:38.219193Z,156951881391942,156951881317984,156951881391942,1788963758219130983,1788963758219151962,ok,
exp_constrained_pub_only_xcdr__cpp_to_cpp__1000000B__10Hz__shmem_ds__best_effort,receive,sub,cpp_to_cpp,constrained_pub_only,exp,xcdr,shmem_ds,1000000,10,1,measured,42,2026-09-09T14:22:38.319253Z,156951981452289,156951981337114,156951981452289,1788963758319157456,1788963758319200947,ok,
exp_constrained_pub_only_xcdr__cpp_to_cpp__1000000B__10Hz__shmem_ds__best_effort,receive,sub,cpp_to_cpp,constrained_pub_only,exp,xcdr,shmem_ds,1000000,10,1,measured,43,2026-09-09T14:22:38.419402Z,156952081600379,156952081438878,156952081600379,1788963758419264459,1788963758419316967,ok,
exp_constrained_pub_only_xcdr__cpp_to_cpp__1000000B__10Hz__shmem_ds__best_effort,receive,sub,cpp_to_cpp,constrained_pub_only,exp,xcdr,shmem_ds,1000000,10,1,measured,44,2026-09-09T14:22:38.519514Z,156952181711530,156952181488825,156952181711530,1788963758519330737,1788963758519406418,ok,
exp_constrained_pub_only_xcdr__cpp_to_cpp__1000000B__10Hz__shmem_ds__best_effort,receive,sub,cpp_to_cpp,constrained_pub_only,exp,xcdr,shmem_ds,1000000,10,1,measured,45,2026-09-09T14:22:38.618627Z,156952280825421,156952280708703,156952280825421,1788963758618528203,1788963758618568098,ok,
exp_constrained_pub_only_xcdr__cpp_to_cpp__1000000B__10Hz__shmem_ds__best_effort,receive,sub,cpp_to_cpp,constrained_pub_only,exp,xcdr,shmem_ds,1000000,10,1,measured,46,2026-09-09T14:22:38.718847Z,156952381045535,156952380927786,156952381045535,1788963758718742347,1788963758718774006,ok,
exp_constrained_pub_only_xcdr__cpp_to_cpp__1000000B__10Hz__shmem_ds__best_effort,receive,sub,cpp_to_cpp,constrained_pub_only,exp,xcdr,shmem_ds,1000000,10,1,measured,47,2026-09-09T14:22:38.818923Z,156952481121100,156952480931186,156952481121100,1788963758818755335,1788963758818825987,ok,
exp_constrained_pub_only_xcdr__cpp_to_cpp__1000000B__10Hz__shmem_ds__best_effort,receive,sub,cpp_to_cpp,constrained_pub_only,exp,xcdr,shmem_ds,1000000,10,1,measured,48,2026-09-09T14:22:38.918621Z,156952580819872,156952580697293,156952580819872,1788963758918515772,1788963758918557109,ok,
exp_constrained_pub_only_xcdr__cpp_to_cpp__1000000B__10Hz__shmem_ds__best_effort,receive,sub,cpp_to_cpp,constrained_pub_only,exp,xcdr,shmem_ds,1000000,10,1,measured,49,2026-09-09T14:22:39.018941Z,156952681139283,156952681037422,156952681139283,1788963759018855140,1788963759018887490,ok,
exp_constrained_pub_only_xcdr__cpp_to_cpp__1000000B__10Hz__shmem_ds__best_effort,receive,sub,cpp_to_cpp,constrained_pub_only,exp,xcdr,shmem_ds,1000000,10,1,measured,50,2026-09-09T14:22:39.118715Z,156952780914253,156952780840184,156952780914253,1788963759118654916,1788963759118684902,ok,
exp_constrained_pub_only_xcdr__cpp_to_cpp__1000000B__10Hz__shmem_ds__best_effort,receive,sub,cpp_to_cpp,constrained_pub_only,exp,xcdr,shmem_ds,1000000,10,1,measured,51,2026-09-09T14:22:39.218605Z,156952880803356,156952880713097,156952880803356,1788963759218528129,1788963759218558145,ok,
exp_constrained_pub_only_xcdr__cpp_to_cpp__1000000B__10Hz__shmem_ds__best_effort,receive,sub,cpp_to_cpp,constrained_pub_only,exp,xcdr,shmem_ds,1000000,10,1,measured,52,2026-09-09T14:22:39.317798Z,156952979997492,156952979909778,156952979997492,1788963759317724910,1788963759317755668,ok,
exp_constrained_pub_only_xcdr__cpp_to_cpp__1000000B__10Hz__shmem_ds__best_effort,receive,sub,cpp_to_cpp,constrained_pub_only,exp,xcdr,shmem_ds,1000000,10,1,measured,53,2026-09-09T14:22:39.416930Z,156953079128791,156953079050855,156953079128791,1788963759416864855,1788963759416890022,ok,
exp_constrained_pub_only_xcdr__cpp_to_cpp__1000000B__10Hz__shmem_ds__best_effort,receive,sub,cpp_to_cpp,constrained_pub_only,exp,xcdr,shmem_ds,1000000,10,1,measured,54,2026-09-09T14:22:39.517634Z,156953179831251,156953179713371,156953179831251,1788963759517531729,1788963759517568798,ok,
exp_constrained_pub_only_xcdr__cpp_to_cpp__1000000B__10Hz__shmem_ds__best_effort,receive,sub,cpp_to_cpp,constrained_pub_only,exp,xcdr,shmem_ds,1000000,10,1,measured,55,2026-09-09T14:22:39.617557Z,156953279755540,156953279643801,156953279755540,1788963759617461017,1788963759617498397,ok,
exp_constrained_pub_only_xcdr__cpp_to_cpp__1000000B__10Hz__shmem_ds__best_effort,receive,sub,cpp_to_cpp,constrained_pub_only,exp,xcdr,shmem_ds,1000000,10,1,measured,56,2026-09-09T14:22:39.717417Z,156953379615518,156953379528916,156953379615518,1788963759717341714,1788963759717372231,ok,
exp_constrained_pub_only_xcdr__cpp_to_cpp__1000000B__10Hz__shmem_ds__best_effort,receive,sub,cpp_to_cpp,constrained_pub_only,exp,xcdr,shmem_ds,1000000,10,1,measured,57,2026-09-09T14:22:39.818436Z,156953480634809,156953480525405,156953480634809,1788963759818342521,1788963759818381674,ok,
exp_constrained_pub_only_xcdr__cpp_to_cpp__1000000B__10Hz__shmem_ds__best_effort,receive,sub,cpp_to_cpp,constrained_pub_only,exp,xcdr,shmem_ds,1000000,10,1,measured,58,2026-09-09T14:22:39.918659Z,156953580857625,156953580724437,156953580857625,1788963759918544208,1788963759918589923,ok,
exp_constrained_pub_only_xcdr__cpp_to_cpp__1000000B__10Hz__shmem_ds__best_effort,receive,sub,cpp_to_cpp,constrained_pub_only,exp,xcdr,shmem_ds,1000000,10,1,measured,59,2026-09-09T14:22:40.018890Z,156953681088607,156953680954527,156953681088607,1788963760018774829,1788963760018828569,ok,
exp_constrained_pub_only_xcdr__cpp_to_cpp__1000000B__10Hz__shmem_ds__best_effort,receive,sub,cpp_to_cpp,constrained_pub_only,exp,xcdr,shmem_ds,1000000,10,1,measured,60,2026-09-09T14:22:40.119007Z,156953781205431,156953781109863,156953781205431,1788963760118924093,1788963760118957095,ok,
exp_constrained_pub_only_xcdr__cpp_to_cpp__1000000B__10Hz__shmem_ds__best_effort,receive,sub,cpp_to_cpp,constrained_pub_only,exp,xcdr,shmem_ds,1000000,10,1,measured,61,2026-09-09T14:22:40.219870Z,156953882068797,156953881953562,156953882068797,1788963760219772742,1788963760219816273,ok,
exp_constrained_pub_only_xcdr__cpp_to_cpp__1000000B__10Hz__shmem_ds__best_effort,receive,sub,cpp_to_cpp,constrained_pub_only,exp,xcdr,shmem_ds,1000000,10,1,measured,62,2026-09-09T14:22:40.319856Z,156953982053755,156953981879079,156953982053755,1788963760319706324,1788963760319766627,ok,
exp_constrained_pub_only_xcdr__cpp_to_cpp__1000000B__10Hz__shmem_ds__best_effort,receive,sub,cpp_to_cpp,constrained_pub_only,exp,xcdr,shmem_ds,1000000,10,1,measured,63,2026-09-09T14:22:40.420342Z,156954082541081,156954082424854,156954082541081,1788963760420243823,1788963760420283848,ok,
exp_constrained_pub_only_xcdr__cpp_to_cpp__1000000B__10Hz__shmem_ds__best_effort,receive,sub,cpp_to_cpp,constrained_pub_only,exp,xcdr,shmem_ds,1000000,10,1,measured,64,2026-09-09T14:22:40.520356Z,156954182554542,156954182421293,156954182554542,1788963760520243138,1788963760520283663,ok,
exp_constrained_pub_only_xcdr__cpp_to_cpp__1000000B__10Hz__shmem_ds__best_effort,receive,sub,cpp_to_cpp,constrained_pub_only,exp,xcdr,shmem_ds,1000000,10,1,measured,65,2026-09-09T14:22:40.620250Z,156954282448420,156954282307737,156954282448420,1788963760620127909,1788963760620174736,ok,
exp_constrained_pub_only_xcdr__cpp_to_cpp__1000000B__10Hz__shmem_ds__best_effort,receive,sub,cpp_to_cpp,constrained_pub_only,exp,xcdr,shmem_ds,1000000,10,1,measured,66,2026-09-09T14:22:40.719813Z,156954382011450,156954381914930,156954382011450,1788963760719728730,1788963760719759898,ok,
exp_constrained_pub_only_xcdr__cpp_to_cpp__1000000B__10Hz__shmem_ds__best_effort,receive,sub,cpp_to_cpp,constrained_pub_only,exp,xcdr,shmem_ds,1000000,10,1,measured,67,2026-09-09T14:22:40.819459Z,156954481656925,156954481528796,156954481656925,1788963760819346733,1788963760819387129,ok,
exp_constrained_pub_only_xcdr__cpp_to_cpp__1000000B__10Hz__shmem_ds__best_effort,receive,sub,cpp_to_cpp,constrained_pub_only,exp,xcdr,shmem_ds,1000000,10,1,measured,68,2026-09-09T14:22:40.919483Z,156954581681817,156954581569267,156954581681817,1788963760919386914,1788963760919423583,ok,
exp_constrained_pub_only_xcdr__cpp_to_cpp__1000000B__10Hz__shmem_ds__best_effort,receive,sub,cpp_to_cpp,constrained_pub_only,exp,xcdr,shmem_ds,1000000,10,1,measured,69,2026-09-09T14:22:41.019387Z,156954681583702,156954681408315,156954681583702,1788963761019234979,1788963761019296113,ok,
exp_constrained_pub_only_xcdr__cpp_to_cpp__1000000B__10Hz__shmem_ds__best_effort,receive,sub,cpp_to_cpp,constrained_pub_only,exp,xcdr,shmem_ds,1000000,10,1,measured,70,2026-09-09T14:22:41.119766Z,156954781963292,156954781844290,156954781963292,1788963761119664311,1788963761119702112,ok,
exp_constrained_pub_only_xcdr__cpp_to_cpp__1000000B__10Hz__shmem_ds__best_effort,receive,sub,cpp_to_cpp,constrained_pub_only,exp,xcdr,shmem_ds,1000000,10,1,measured,71,2026-09-09T14:22:41.219420Z,156954881618130,156954881526940,156954881618130,1788963761219344486,1788963761219365706,ok,
exp_constrained_pub_only_xcdr__cpp_to_cpp__1000000B__10Hz__shmem_ds__best_effort,receive,sub,cpp_to_cpp,constrained_pub_only,exp,xcdr,shmem_ds,1000000,10,1,measured,72,2026-09-09T14:22:41.319843Z,156954982041712,156954981933200,156954982041712,1788963761319748523,1788963761319774120,ok,
exp_constrained_pub_only_xcdr__cpp_to_cpp__1000000B__10Hz__shmem_ds__best_effort,receive,sub,cpp_to_cpp,constrained_pub_only,exp,xcdr,shmem_ds,1000000,10,1,measured,73,2026-09-09T14:22:41.420314Z,156955082512002,156955082403650,156955082512002,1788963761420220204,1788963761420245652,ok,
exp_constrained_pub_only_xcdr__cpp_to_cpp__1000000B__10Hz__shmem_ds__best_effort,receive,sub,cpp_to_cpp,constrained_pub_only,exp,xcdr,shmem_ds,1000000,10,1,measured,74,2026-09-09T14:22:41.520414Z,156955182611940,156955182527182,156955182611940,1788963761520340331,1788963761520357933,ok,
exp_constrained_pub_only_xcdr__cpp_to_cpp__1000000B__10Hz__shmem_ds__best_effort,receive,sub,cpp_to_cpp,constrained_pub_only,exp,xcdr,shmem_ds,1000000,10,1,measured,75,2026-09-09T14:22:41.621081Z,156955283279337,156955283181294,156955283279337,1788963761620995866,1788963761621025240,ok,
exp_constrained_pub_only_xcdr__cpp_to_cpp__1000000B__10Hz__shmem_ds__best_effort,receive,sub,cpp_to_cpp,constrained_pub_only,exp,xcdr,shmem_ds,1000000,10,1,measured,76,2026-09-09T14:22:41.721594Z,156955383792978,156955383733947,156955383792978,1788963761721542668,1788963761721558908,ok,
exp_constrained_pub_only_xcdr__cpp_to_cpp__1000000B__10Hz__shmem_ds__best_effort,receive,sub,cpp_to_cpp,constrained_pub_only,exp,xcdr,shmem_ds,1000000,10,1,measured,77,2026-09-09T14:22:41.822030Z,156955484229173,156955484118286,156955484229173,1788963761821942325,1788963761821978873,ok,
exp_constrained_pub_only_xcdr__cpp_to_cpp__1000000B__10Hz__shmem_ds__best_effort,receive,sub,cpp_to_cpp,constrained_pub_only,exp,xcdr,shmem_ds,1000000,10,1,measured,78,2026-09-09T14:22:41.922528Z,156955584714300,156955584625955,156955584714300,1788963761922439585,1788963761922466835,ok,
exp_constrained_pub_only_xcdr__cpp_to_cpp__1000000B__10Hz__shmem_ds__best_effort,receive,sub,cpp_to_cpp,constrained_pub_only,exp,xcdr,shmem_ds,1000000,10,1,measured,79,2026-09-09T14:22:42.022353Z,156955684551018,156955684434721,156955684551018,1788963762022252468,1788963762022292062,ok,
exp_constrained_pub_only_xcdr__cpp_to_cpp__1000000B__10Hz__shmem_ds__best_effort,receive,sub,cpp_to_cpp,constrained_pub_only,exp,xcdr,shmem_ds,1000000,10,1,measured,80,2026-09-09T14:22:42.123400Z,156955785597288,156955785418615,156955785597288,1788963762123249246,1788963762123309058,ok,
exp_constrained_pub_only_xcdr__cpp_to_cpp__1000000B__10Hz__shmem_ds__best_effort,receive,sub,cpp_to_cpp,constrained_pub_only,exp,xcdr,shmem_ds,1000000,10,1,measured,81,2026-09-09T14:22:42.223019Z,156955885217357,156955885105287,156955885217357,1788963762222923576,1788963762222958060,ok,
exp_constrained_pub_only_xcdr__cpp_to_cpp__1000000B__10Hz__shmem_ds__best_effort,receive,sub,cpp_to_cpp,constrained_pub_only,exp,xcdr,shmem_ds,1000000,10,1,measured,82,2026-09-09T14:22:42.322572Z,156955984770391,156955984676536,156955984770391,1788963762322489985,1788963762322517937,ok,
exp_constrained_pub_only_xcdr__cpp_to_cpp__1000000B__10Hz__shmem_ds__best_effort,receive,sub,cpp_to_cpp,constrained_pub_only,exp,xcdr,shmem_ds,1000000,10,1,measured,83,2026-09-09T14:22:42.423120Z,156956085317709,156956085197354,156956085317709,1788963762423016234,1788963762423050367,ok,
exp_constrained_pub_only_xcdr__cpp_to_cpp__1000000B__10Hz__shmem_ds__best_effort,receive,sub,cpp_to_cpp,constrained_pub_only,exp,xcdr,shmem_ds,1000000,10,1,measured,84,2026-09-09T14:22:42.523285Z,156956185483597,156956185341191,156956185483597,1788963762523162235,1788963762523203502,ok,
exp_constrained_pub_only_xcdr__cpp_to_cpp__1000000B__10Hz__shmem_ds__best_effort,receive,sub,cpp_to_cpp,constrained_pub_only,exp,xcdr,shmem_ds,1000000,10,1,measured,85,2026-09-09T14:22:42.623065Z,156956285262622,156956285075463,156956285262622,1788963762622905162,1788963762622965926,ok,
exp_constrained_pub_only_xcdr__cpp_to_cpp__1000000B__10Hz__shmem_ds__best_effort,receive,sub,cpp_to_cpp,constrained_pub_only,exp,xcdr,shmem_ds,1000000,10,1,measured,86,2026-09-09T14:22:42.722231Z,156956384428103,156956384266912,156956384428103,1788963762722088507,1788963762722144291,ok,
exp_constrained_pub_only_xcdr__cpp_to_cpp__1000000B__10Hz__shmem_ds__best_effort,receive,sub,cpp_to_cpp,constrained_pub_only,exp,xcdr,shmem_ds,1000000,10,1,measured,87,2026-09-09T14:22:42.822446Z,156956484644585,156956484511787,156956484644585,1788963762822330816,1788963762822373115,ok,
exp_constrained_pub_only_xcdr__cpp_to_cpp__1000000B__10Hz__shmem_ds__best_effort,receive,sub,cpp_to_cpp,constrained_pub_only,exp,xcdr,shmem_ds,1000000,10,1,measured,88,2026-09-09T14:22:42.922696Z,156956584894519,156956584771369,156956584894519,1788963762922594346,1788963762922638869,ok,
exp_constrained_pub_only_xcdr__cpp_to_cpp__1000000B__10Hz__shmem_ds__best_effort,receive,sub,cpp_to_cpp,constrained_pub_only,exp,xcdr,shmem_ds,1000000,10,1,measured,89,2026-09-09T14:22:43.022770Z,156956684968556,156956684813667,156956684968556,1788963763022643537,1788963763022702948,ok,
exp_constrained_pub_only_xcdr__cpp_to_cpp__1000000B__10Hz__shmem_ds__best_effort,receive,sub,cpp_to_cpp,constrained_pub_only,exp,xcdr,shmem_ds,1000000,10,1,measured,90,2026-09-09T14:22:43.122896Z,156956785094605,156956785022311,156956785094605,1788963763122835279,1788963763122860636,ok,
exp_constrained_pub_only_xcdr__cpp_to_cpp__1000000B__10Hz__shmem_ds__best_effort,receive,sub,cpp_to_cpp,constrained_pub_only,exp,xcdr,shmem_ds,1000000,10,1,measured,91,2026-09-09T14:22:43.222016Z,156956884214837,156956884150006,156956884214837,1788963763221963175,1788963763221983022,ok,
exp_constrained_pub_only_xcdr__cpp_to_cpp__1000000B__10Hz__shmem_ds__best_effort,receive,sub,cpp_to_cpp,constrained_pub_only,exp,xcdr,shmem_ds,1000000,10,1,measured,92,2026-09-09T14:22:43.321667Z,156956983866541,156956983812260,156956983866541,1788963763321623505,1788963763321639956,ok,
exp_constrained_pub_only_xcdr__cpp_to_cpp__1000000B__10Hz__shmem_ds__best_effort,receive,sub,cpp_to_cpp,constrained_pub_only,exp,xcdr,shmem_ds,1000000,10,1,measured,93,2026-09-09T14:22:43.422192Z,156957084391004,156957084307989,156957084391004,1788963763422119765,1788963763422146304,ok,
exp_constrained_pub_only_xcdr__cpp_to_cpp__1000000B__10Hz__shmem_ds__best_effort,receive,sub,cpp_to_cpp,constrained_pub_only,exp,xcdr,shmem_ds,1000000,10,1,measured,94,2026-09-09T14:22:43.522400Z,156957184598685,156957184498578,156957184598685,1788963763522313861,1788963763522344298,ok,
exp_constrained_pub_only_xcdr__cpp_to_cpp__1000000B__10Hz__shmem_ds__best_effort,receive,sub,cpp_to_cpp,constrained_pub_only,exp,xcdr,shmem_ds,1000000,10,1,measured,95,2026-09-09T14:22:43.622193Z,156957284391773,156957284292087,156957284391773,1788963763622108091,1788963763622146873,ok,
exp_constrained_pub_only_xcdr__cpp_to_cpp__1000000B__10Hz__shmem_ds__best_effort,receive,sub,cpp_to_cpp,constrained_pub_only,exp,xcdr,shmem_ds,1000000,10,1,measured,96,2026-09-09T14:22:43.723196Z,156957385393686,156957385222566,156957385393686,1788963763723051194,1788963763723118469,ok,
exp_constrained_pub_only_xcdr__cpp_to_cpp__1000000B__10Hz__shmem_ds__best_effort,receive,sub,cpp_to_cpp,constrained_pub_only,exp,xcdr,shmem_ds,1000000,10,1,measured,97,2026-09-09T14:22:43.823543Z,156957485741529,156957485637414,156957485741529,1788963763823453068,1788963763823485578,ok,
exp_constrained_pub_only_xcdr__cpp_to_cpp__1000000B__10Hz__shmem_ds__best_effort,receive,sub,cpp_to_cpp,constrained_pub_only,exp,xcdr,shmem_ds,1000000,10,1,measured,98,2026-09-09T14:22:43.923126Z,156957585324584,156957585205662,156957585324584,1788963763923024010,1788963763923070697,ok,
exp_constrained_pub_only_xcdr__cpp_to_cpp__1000000B__10Hz__shmem_ds__best_effort,receive,sub,cpp_to_cpp,constrained_pub_only,exp,xcdr,shmem_ds,1000000,10,1,measured,99,2026-09-09T14:22:44.023172Z,156957685370265,156957685225665,156957685370265,1788963764023049864,1788963764023103554,ok,
exp_constrained_pub_only_xcdr__cpp_to_cpp__1000000B__10Hz__shmem_ds__best_effort,receive,sub,cpp_to_cpp,constrained_pub_only,exp,xcdr,shmem_ds,1000000,10,1,measured,100,2026-09-09T14:22:44.122352Z,156957784550464,156957784417887,156957784550464,1788963764122236315,1788963764122284996,ok,
exp_constrained_pub_only_xcdr__cpp_to_cpp__1000000B__10Hz__shmem_ds__best_effort,receive,sub,cpp_to_cpp,constrained_pub_only,exp,xcdr,shmem_ds,1000000,10,1,measured,101,2026-09-09T14:22:44.222894Z,156957885093037,156957884974495,156957885093037,1788963764222790149,1788963764222849339,ok,
exp_constrained_pub_only_xcdr__cpp_to_cpp__1000000B__10Hz__shmem_ds__best_effort,receive,sub,cpp_to_cpp,constrained_pub_only,exp,xcdr,shmem_ds,1000000,10,1,measured,102,2026-09-09T14:22:44.322391Z,156957984589346,156957984508596,156957984589346,1788963764322325962,1788963764322351329,ok,
exp_constrained_pub_only_xcdr__cpp_to_cpp__1000000B__10Hz__shmem_ds__best_effort,receive,sub,cpp_to_cpp,constrained_pub_only,exp,xcdr,shmem_ds,1000000,10,1,measured,103,2026-09-09T14:22:44.421719Z,156958083916421,156958083732698,156958083916421,1788963764421562918,1788963764421630023,ok,
exp_constrained_pub_only_xcdr__cpp_to_cpp__1000000B__10Hz__shmem_ds__best_effort,receive,sub,cpp_to_cpp,constrained_pub_only,exp,xcdr,shmem_ds,1000000,10,1,measured,104,2026-09-09T14:22:44.522394Z,156958184592231,156958184446159,156958184592231,1788963764522267843,1788963764522314360,ok,
exp_constrained_pub_only_xcdr__cpp_to_cpp__1000000B__10Hz__shmem_ds__best_effort,receive,sub,cpp_to_cpp,constrained_pub_only,exp,xcdr,shmem_ds,1000000,10,1,measured,105,2026-09-09T14:22:44.622281Z,156958284479410,156958284355248,156958284479410,1788963764622175180,1788963764622218601,ok,
exp_constrained_pub_only_xcdr__cpp_to_cpp__1000000B__10Hz__shmem_ds__best_effort,receive,sub,cpp_to_cpp,constrained_pub_only,exp,xcdr,shmem_ds,1000000,10,1,measured,106,2026-09-09T14:22:44.721558Z,156958383757242,156958383652106,156958383757242,1788963764721470044,1788963764721516731,ok,
exp_constrained_pub_only_xcdr__cpp_to_cpp__1000000B__10Hz__shmem_ds__best_effort,receive,sub,cpp_to_cpp,constrained_pub_only,exp,xcdr,shmem_ds,1000000,10,1,measured,107,2026-09-09T14:22:44.821910Z,156958484108417,156958483981671,156958484108417,1788963764821809787,1788963764821846456,ok,
exp_constrained_pub_only_xcdr__cpp_to_cpp__1000000B__10Hz__shmem_ds__best_effort,receive,sub,cpp_to_cpp,constrained_pub_only,exp,xcdr,shmem_ds,1000000,10,1,measured,108,2026-09-09T14:22:44.921244Z,156958583441793,156958583307122,156958583441793,1788963764921129828,1788963764921178048,ok,
exp_constrained_pub_only_xcdr__cpp_to_cpp__1000000B__10Hz__shmem_ds__best_effort,receive,sub,cpp_to_cpp,constrained_pub_only,exp,xcdr,shmem_ds,1000000,10,1,measured,109,2026-09-09T14:22:45.021751Z,156958683947688,156958683773373,156958683947688,1788963765021602732,1788963765021667392,ok,
exp_constrained_pub_only_xcdr__cpp_to_cpp__1000000B__10Hz__shmem_ds__best_effort,receive,sub,cpp_to_cpp,constrained_pub_only,exp,xcdr,shmem_ds,1000000,10,1,measured,110,2026-09-09T14:22:45.121735Z,156958783934308,156958783859369,156958783934308,1788963765121670934,1788963765121697444,ok,
exp_constrained_pub_only_xcdr__cpp_to_cpp__1000000B__10Hz__shmem_ds__best_effort,receive,sub,cpp_to_cpp,constrained_pub_only,exp,xcdr,shmem_ds,1000000,10,1,measured,111,2026-09-09T14:22:45.221492Z,156958883690930,156958883587016,156958883690930,1788963765221404743,1788963765221440499,ok,
exp_constrained_pub_only_xcdr__cpp_to_cpp__1000000B__10Hz__shmem_ds__best_effort,receive,sub,cpp_to_cpp,constrained_pub_only,exp,xcdr,shmem_ds,1000000,10,1,measured,112,2026-09-09T14:22:45.322052Z,156958984249948,156958984121479,156958984249948,1788963765321938765,1788963765321979802,ok,
exp_constrained_pub_only_xcdr__cpp_to_cpp__1000000B__10Hz__shmem_ds__best_effort,receive,sub,cpp_to_cpp,constrained_pub_only,exp,xcdr,shmem_ds,1000000,10,1,measured,113,2026-09-09T14:22:45.422887Z,156959085085674,156959084975749,156959085085674,1788963765422791722,1788963765422837678,ok,
exp_constrained_pub_only_xcdr__cpp_to_cpp__1000000B__10Hz__shmem_ds__best_effort,receive,sub,cpp_to_cpp,constrained_pub_only,exp,xcdr,shmem_ds,1000000,10,1,measured,114,2026-09-09T14:22:45.523894Z,156959186091887,156959185976642,156959186091887,1788963765523792656,1788963765523839143,ok,
exp_constrained_pub_only_xcdr__cpp_to_cpp__1000000B__10Hz__shmem_ds__best_effort,receive,sub,cpp_to_cpp,constrained_pub_only,exp,xcdr,shmem_ds,1000000,10,1,measured,115,2026-09-09T14:22:45.623740Z,156959285938206,156959285825806,156959285938206,1788963765623645998,1788963765623690671,ok,
exp_constrained_pub_only_xcdr__cpp_to_cpp__1000000B__10Hz__shmem_ds__best_effort,receive,sub,cpp_to_cpp,constrained_pub_only,exp,xcdr,shmem_ds,1000000,10,1,measured,116,2026-09-09T14:22:45.723345Z,156959385544567,156959385485186,156959385544567,1788963765723297553,1788963765723318512,ok,
exp_constrained_pub_only_xcdr__cpp_to_cpp__1000000B__10Hz__shmem_ds__best_effort,receive,sub,cpp_to_cpp,constrained_pub_only,exp,xcdr,shmem_ds,1000000,10,1,measured,117,2026-09-09T14:22:45.824143Z,156959486340738,156959486194966,156959486340738,1788963765824019456,1788963765824065902,ok,
exp_constrained_pub_only_xcdr__cpp_to_cpp__1000000B__10Hz__shmem_ds__best_effort,receive,sub,cpp_to_cpp,constrained_pub_only,exp,xcdr,shmem_ds,1000000,10,1,measured,118,2026-09-09T14:22:45.924694Z,156959586892183,156959586761389,156959586892183,1788963765924581590,1788963765924625663,ok,
exp_constrained_pub_only_xcdr__cpp_to_cpp__1000000B__10Hz__shmem_ds__best_effort,receive,sub,cpp_to_cpp,constrained_pub_only,exp,xcdr,shmem_ds,1000000,10,1,measured,119,2026-09-09T14:22:46.025052Z,156959687250077,156959687088025,156959687250077,1788963766024914148,1788963766024971565,ok,
exp_constrained_pub_only_xcdr__cpp_to_cpp__1000000B__10Hz__shmem_ds__best_effort,receive,sub,cpp_to_cpp,constrained_pub_only,exp,xcdr,shmem_ds,1000000,10,1,measured,120,2026-09-09T14:22:46.125653Z,156959787851211,156959787759150,156959787851211,1788963766125570805,1788963766125599279,ok,
exp_constrained_pub_only_xcdr__cpp_to_cpp__1000000B__10Hz__shmem_ds__best_effort,receive,sub,cpp_to_cpp,constrained_pub_only,exp,xcdr,shmem_ds,1000000,10,1,measured,121,2026-09-09T14:22:46.224958Z,156959887155364,156959886977371,156959887155364,1788963766224815146,1788963766224867985,ok,
exp_constrained_pub_only_xcdr__cpp_to_cpp__1000000B__10Hz__shmem_ds__best_effort,receive,sub,cpp_to_cpp,constrained_pub_only,exp,xcdr,shmem_ds,1000000,10,1,measured,122,2026-09-09T14:22:46.324582Z,156959986780256,156959986649983,156959986780256,1788963766324469073,1788963766324502555,ok,
exp_constrained_pub_only_xcdr__cpp_to_cpp__1000000B__10Hz__shmem_ds__best_effort,receive,sub,cpp_to_cpp,constrained_pub_only,exp,xcdr,shmem_ds,1000000,10,1,measured,123,2026-09-09T14:22:46.424247Z,156960086444441,156960086237695,156960086444441,1788963766424068687,1788963766424137575,ok,
exp_constrained_pub_only_xcdr__cpp_to_cpp__1000000B__10Hz__shmem_ds__best_effort,receive,sub,cpp_to_cpp,constrained_pub_only,exp,xcdr,shmem_ds,1000000,10,1,measured,124,2026-09-09T14:22:46.523909Z,156960186107313,156960185976660,156960186107313,1788963766523795028,1788963766523839741,ok,
exp_constrained_pub_only_xcdr__cpp_to_cpp__1000000B__10Hz__shmem_ds__best_effort,receive,sub,cpp_to_cpp,constrained_pub_only,exp,xcdr,shmem_ds,1000000,10,1,measured,125,2026-09-09T14:22:46.623309Z,156960285506213,156960285313454,156960285506213,1788963766623144756,1788963766623207363,ok,
exp_constrained_pub_only_xcdr__cpp_to_cpp__1000000B__10Hz__shmem_ds__best_effort,receive,sub,cpp_to_cpp,constrained_pub_only,exp,xcdr,shmem_ds,1000000,10,1,measured,126,2026-09-09T14:22:46.723960Z,156960386157190,156960386021126,156960386157190,1788963766723838843,1788963766723883075,ok,
exp_constrained_pub_only_xcdr__cpp_to_cpp__1000000B__10Hz__shmem_ds__best_effort,receive,sub,cpp_to_cpp,constrained_pub_only,exp,xcdr,shmem_ds,1000000,10,1,measured,127,2026-09-09T14:22:46.823900Z,156960486098722,156960485970393,156960486098722,1788963766823787629,1788963766823832703,ok,
exp_constrained_pub_only_xcdr__cpp_to_cpp__1000000B__10Hz__shmem_ds__best_effort,receive,sub,cpp_to_cpp,constrained_pub_only,exp,xcdr,shmem_ds,1000000,10,1,measured,128,2026-09-09T14:22:46.923476Z,156960585673721,156960585557985,156960585673721,1788963766923376103,1788963766923417510,ok,
exp_constrained_pub_only_xcdr__cpp_to_cpp__1000000B__10Hz__shmem_ds__best_effort,receive,sub,cpp_to_cpp,constrained_pub_only,exp,xcdr,shmem_ds,1000000,10,1,measured,129,2026-09-09T14:22:47.024239Z,156960686436677,156960686284584,156960686436677,1788963767024110035,1788963767024161932,ok,
exp_constrained_pub_only_xcdr__cpp_to_cpp__1000000B__10Hz__shmem_ds__best_effort,receive,sub,cpp_to_cpp,constrained_pub_only,exp,xcdr,shmem_ds,1000000,10,1,measured,130,2026-09-09T14:22:47.124036Z,156960786233896,156960786126225,156960786233896,1788963767123941047,1788963767123975732,ok,
exp_constrained_pub_only_xcdr__cpp_to_cpp__1000000B__10Hz__shmem_ds__best_effort,receive,sub,cpp_to_cpp,constrained_pub_only,exp,xcdr,shmem_ds,1000000,10,1,measured,131,2026-09-09T14:22:47.223112Z,156960885309999,156960885219460,156960885309999,1788963767223036225,1788963767223057495,ok,
exp_constrained_pub_only_xcdr__cpp_to_cpp__1000000B__10Hz__shmem_ds__best_effort,receive,sub,cpp_to_cpp,constrained_pub_only,exp,xcdr,shmem_ds,1000000,10,1,measured,132,2026-09-09T14:22:47.323934Z,156960986132411,156960986039728,156960986132411,1788963767323853428,1788963767323884065,ok,
exp_constrained_pub_only_xcdr__cpp_to_cpp__1000000B__10Hz__shmem_ds__best_effort,receive,sub,cpp_to_cpp,constrained_pub_only,exp,xcdr,shmem_ds,1000000,10,1,measured,133,2026-09-09T14:22:47.424614Z,156961086811917,156961086644915,156961086811917,1788963767424474174,1788963767424531471,ok,
exp_constrained_pub_only_xcdr__cpp_to_cpp__1000000B__10Hz__shmem_ds__best_effort,receive,sub,cpp_to_cpp,constrained_pub_only,exp,xcdr,shmem_ds,1000000,10,1,measured,134,2026-09-09T14:22:47.525230Z,156961187428205,156961187344288,156961187428205,1788963767525157807,1788963767525188565,ok,
exp_constrained_pub_only_xcdr__cpp_to_cpp__1000000B__10Hz__shmem_ds__best_effort,receive,sub,cpp_to_cpp,constrained_pub_only,exp,xcdr,shmem_ds,1000000,10,1,measured,135,2026-09-09T14:22:47.625948Z,156961288129020,156961288058007,156961288129020,1788963767625869403,1788963767625897545,ok,
exp_constrained_pub_only_xcdr__cpp_to_cpp__1000000B__10Hz__shmem_ds__best_effort,receive,sub,cpp_to_cpp,constrained_pub_only,exp,xcdr,shmem_ds,1000000,10,1,measured,136,2026-09-09T14:22:47.725090Z,156961387288509,156961387192510,156961387288509,1788963767725006049,1788963767725040844,ok,
exp_constrained_pub_only_xcdr__cpp_to_cpp__1000000B__10Hz__shmem_ds__best_effort,receive,sub,cpp_to_cpp,constrained_pub_only,exp,xcdr,shmem_ds,1000000,10,1,measured,137,2026-09-09T14:22:47.825484Z,156961487683493,156961487597102,156961487683493,1788963767825412234,1788963767825445015,ok,
exp_constrained_pub_only_xcdr__cpp_to_cpp__1000000B__10Hz__shmem_ds__best_effort,receive,sub,cpp_to_cpp,constrained_pub_only,exp,xcdr,shmem_ds,1000000,10,1,measured,138,2026-09-09T14:22:47.924723Z,156961586922430,156961586815471,156961586922430,1788963767924636093,1788963767924679244,ok,
exp_constrained_pub_only_xcdr__cpp_to_cpp__1000000B__10Hz__shmem_ds__best_effort,receive,sub,cpp_to_cpp,constrained_pub_only,exp,xcdr,shmem_ds,1000000,10,1,measured,139,2026-09-09T14:22:48.024158Z,156961686356493,156961686228484,156961686356493,1788963768024051391,1788963768024094051,ok,
exp_constrained_pub_only_xcdr__cpp_to_cpp__1000000B__10Hz__shmem_ds__best_effort,receive,sub,cpp_to_cpp,constrained_pub_only,exp,xcdr,shmem_ds,1000000,10,1,measured,140,2026-09-09T14:22:48.124334Z,156961786532836,156961786463787,156961786532836,1788963768124278469,1788963768124301121,ok,
exp_constrained_pub_only_xcdr__cpp_to_cpp__1000000B__10Hz__shmem_ds__best_effort,receive,sub,cpp_to_cpp,constrained_pub_only,exp,xcdr,shmem_ds,1000000,10,1,measured,141,2026-09-09T14:22:48.224242Z,156961886439685,156961886365196,156961886439685,1788963768224178805,1788963768224200516,ok,
exp_constrained_pub_only_xcdr__cpp_to_cpp__1000000B__10Hz__shmem_ds__best_effort,receive,sub,cpp_to_cpp,constrained_pub_only,exp,xcdr,shmem_ds,1000000,10,1,measured,142,2026-09-09T14:22:48.323963Z,156961986160507,156961986059789,156961986160507,1788963768323878428,1788963768323907162,ok,
exp_constrained_pub_only_xcdr__cpp_to_cpp__1000000B__10Hz__shmem_ds__best_effort,receive,sub,cpp_to_cpp,constrained_pub_only,exp,xcdr,shmem_ds,1000000,10,1,measured,143,2026-09-09T14:22:48.423601Z,156962085799296,156962085677609,156962085799296,1788963768423495596,1788963768423534519,ok,
exp_constrained_pub_only_xcdr__cpp_to_cpp__1000000B__10Hz__shmem_ds__best_effort,receive,sub,cpp_to_cpp,constrained_pub_only,exp,xcdr,shmem_ds,1000000,10,1,measured,144,2026-09-09T14:22:48.524024Z,156962186222780,156962186101513,156962186222780,1788963768523920012,1788963768523957462,ok,
exp_constrained_pub_only_xcdr__cpp_to_cpp__1000000B__10Hz__shmem_ds__best_effort,receive,sub,cpp_to_cpp,constrained_pub_only,exp,xcdr,shmem_ds,1000000,10,1,measured,145,2026-09-09T14:22:48.623705Z,156962285903607,156962285767844,156962285903607,1788963768623589638,1788963768623633691,ok,
exp_constrained_pub_only_xcdr__cpp_to_cpp__1000000B__10Hz__shmem_ds__best_effort,receive,sub,cpp_to_cpp,constrained_pub_only,exp,xcdr,shmem_ds,1000000,10,1,measured,146,2026-09-09T14:22:48.724115Z,156962386313215,156962386234598,156962386313215,1788963768724045873,1788963768724069928,ok,
exp_constrained_pub_only_xcdr__cpp_to_cpp__1000000B__10Hz__shmem_ds__best_effort,receive,sub,cpp_to_cpp,constrained_pub_only,exp,xcdr,shmem_ds,1000000,10,1,measured,147,2026-09-09T14:22:48.823488Z,156962485686769,156962485574770,156962485686769,1788963768823390834,1788963768823424467,ok,
exp_constrained_pub_only_xcdr__cpp_to_cpp__1000000B__10Hz__shmem_ds__best_effort,receive,sub,cpp_to_cpp,constrained_pub_only,exp,xcdr,shmem_ds,1000000,10,1,measured,148,2026-09-09T14:22:48.923902Z,156962586100043,156962585941778,156962586100043,1788963768923761859,1788963768923817453,ok,
exp_constrained_pub_only_xcdr__cpp_to_cpp__1000000B__10Hz__shmem_ds__best_effort,receive,sub,cpp_to_cpp,constrained_pub_only,exp,xcdr,shmem_ds,1000000,10,1,measured,149,2026-09-09T14:22:49.023116Z,156962685314080,156962685152068,156962685314080,1788963769022978602,1788963769023031911,ok,
exp_constrained_pub_only_xcdr__cpp_to_cpp__1000000B__10Hz__shmem_ds__best_effort,receive,sub,cpp_to_cpp,constrained_pub_only,exp,xcdr,shmem_ds,1000000,10,1,measured,150,2026-09-09T14:22:49.122830Z,156962785028687,156962784912009,156962785028687,1788963769122728083,1788963769122759351,ok,
exp_constrained_pub_only_xcdr__cpp_to_cpp__1000000B__10Hz__shmem_ds__best_effort,receive,sub,cpp_to_cpp,constrained_pub_only,exp,xcdr,shmem_ds,1000000,10,1,measured,151,2026-09-09T14:22:49.222518Z,156962884715942,156962884625774,156962884715942,1788963769222439493,1788963769222465702,ok,
exp_constrained_pub_only_xcdr__cpp_to_cpp__1000000B__10Hz__shmem_ds__best_effort,receive,sub,cpp_to_cpp,constrained_pub_only,exp,xcdr,shmem_ds,1000000,10,1,measured,152,2026-09-09T14:22:49.322555Z,156962984753432,156962984670116,156962984753432,1788963769322483495,1788963769322509754,ok,
exp_constrained_pub_only_xcdr__cpp_to_cpp__1000000B__10Hz__shmem_ds__best_effort,receive,sub,cpp_to_cpp,constrained_pub_only,exp,xcdr,shmem_ds,1000000,10,1,measured,153,2026-09-09T14:22:49.422861Z,156963085059332,156963084947774,156963085059332,1788963769422761874,1788963769422791580,ok,
exp_constrained_pub_only_xcdr__cpp_to_cpp__1000000B__10Hz__shmem_ds__best_effort,receive,sub,cpp_to_cpp,constrained_pub_only,exp,xcdr,shmem_ds,1000000,10,1,measured,154,2026-09-09T14:22:49.523271Z,156963185469546,156963185370962,156963185469546,1788963769523186455,1788963769523212224,ok,
exp_constrained_pub_only_xcdr__cpp_to_cpp__1000000B__10Hz__shmem_ds__best_effort,receive,sub,cpp_to_cpp,constrained_pub_only,exp,xcdr,shmem_ds,1000000,10,1,measured,155,2026-09-09T14:22:49.623352Z,156963285550637,156963285446333,156963285550637,1788963769623261455,1788963769623295448,ok,
exp_constrained_pub_only_xcdr__cpp_to_cpp__1000000B__10Hz__shmem_ds__best_effort,receive,sub,cpp_to_cpp,constrained_pub_only,exp,xcdr,shmem_ds,1000000,10,1,measured,156,2026-09-09T14:22:49.723276Z,156963385474795,156963385410555,156963385474795,1788963769723218033,1788963769723237389,ok,
exp_constrained_pub_only_xcdr__cpp_to_cpp__1000000B__10Hz__shmem_ds__best_effort,receive,sub,cpp_to_cpp,constrained_pub_only,exp,xcdr,shmem_ds,1000000,10,1,measured,157,2026-09-09T14:22:49.823124Z,156963485322049,156963485221080,156963485322049,1788963769823038006,1788963769823067221,ok,
exp_constrained_pub_only_xcdr__cpp_to_cpp__1000000B__10Hz__shmem_ds__best_effort,receive,sub,cpp_to_cpp,constrained_pub_only,exp,xcdr,shmem_ds,1000000,10,1,measured,158,2026-09-09T14:22:49.923731Z,156963585928841,156963585822713,156963585928841,1788963769923641993,1788963769923672179,ok,
exp_constrained_pub_only_xcdr__cpp_to_cpp__1000000B__10Hz__shmem_ds__best_effort,receive,sub,cpp_to_cpp,constrained_pub_only,exp,xcdr,shmem_ds,1000000,10,1,measured,159,2026-09-09T14:22:50.023095Z,156963685293084,156963685181937,156963685293084,1788963770022998933,1788963770023035741,ok,
exp_constrained_pub_only_xcdr__cpp_to_cpp__1000000B__10Hz__shmem_ds__best_effort,receive,sub,cpp_to_cpp,constrained_pub_only,exp,xcdr,shmem_ds,1000000,10,1,measured,160,2026-09-09T14:22:50.122814Z,156963785011734,156963784886961,156963785011734,1788963770122705209,1788963770122743240,ok,
exp_constrained_pub_only_xcdr__cpp_to_cpp__1000000B__10Hz__shmem_ds__best_effort,receive,sub,cpp_to_cpp,constrained_pub_only,exp,xcdr,shmem_ds,1000000,10,1,measured,161,2026-09-09T14:22:50.222873Z,156963885071631,156963884987775,156963885071631,1788963770222800202,1788963770222826331,ok,
exp_constrained_pub_only_xcdr__cpp_to_cpp__1000000B__10Hz__shmem_ds__best_effort,receive,sub,cpp_to_cpp,constrained_pub_only,exp,xcdr,shmem_ds,1000000,10,1,measured,162,2026-09-09T14:22:50.322105Z,156963984303883,156963984225397,156963984303883,1788963770322039046,1788963770322059655,ok,
exp_constrained_pub_only_xcdr__cpp_to_cpp__1000000B__10Hz__shmem_ds__best_effort,receive,sub,cpp_to_cpp,constrained_pub_only,exp,xcdr,shmem_ds,1000000,10,1,measured,163,2026-09-09T14:22:50.421515Z,156964083705321,156964083614702,156964083705321,1788963770421428432,1788963770421454751,ok,
exp_constrained_pub_only_xcdr__cpp_to_cpp__1000000B__10Hz__shmem_ds__best_effort,receive,sub,cpp_to_cpp,constrained_pub_only,exp,xcdr,shmem_ds,1000000,10,1,measured,164,2026-09-09T14:22:50.521355Z,156964183553563,156964183475307,156964183553563,1788963770521288806,1788963770521307581,ok,
exp_constrained_pub_only_xcdr__cpp_to_cpp__1000000B__10Hz__shmem_ds__best_effort,receive,sub,cpp_to_cpp,constrained_pub_only,exp,xcdr,shmem_ds,1000000,10,1,measured,165,2026-09-09T14:22:50.621348Z,156964283546776,156964283430278,156964283546776,1788963770621247985,1788963770621287439,ok,
exp_constrained_pub_only_xcdr__cpp_to_cpp__1000000B__10Hz__shmem_ds__best_effort,receive,sub,cpp_to_cpp,constrained_pub_only,exp,xcdr,shmem_ds,1000000,10,1,measured,166,2026-09-09T14:22:50.720736Z,156964382934878,156964382857584,156964382934878,1788963770720669670,1788963770720689978,ok,
exp_constrained_pub_only_xcdr__cpp_to_cpp__1000000B__10Hz__shmem_ds__best_effort,receive,sub,cpp_to_cpp,constrained_pub_only,exp,xcdr,shmem_ds,1000000,10,1,measured,167,2026-09-09T14:22:50.820988Z,156964483186583,156964483073752,156964483186583,1788963770820891119,1788963770820921415,ok,
exp_constrained_pub_only_xcdr__cpp_to_cpp__1000000B__10Hz__shmem_ds__best_effort,receive,sub,cpp_to_cpp,constrained_pub_only,exp,xcdr,shmem_ds,1000000,10,1,measured,168,2026-09-09T14:22:50.921954Z,156964584152290,156964584054157,156964584152290,1788963770921868478,1788963770921888195,ok,
exp_constrained_pub_only_xcdr__cpp_to_cpp__1000000B__10Hz__shmem_ds__best_effort,receive,sub,cpp_to_cpp,constrained_pub_only,exp,xcdr,shmem_ds,1000000,10,1,measured,169,2026-09-09T14:22:51.022920Z,156964685118010,156964684935599,156964685118010,1788963771022763485,1788963771022838986,ok,
exp_constrained_pub_only_xcdr__cpp_to_cpp__1000000B__10Hz__shmem_ds__best_effort,receive,sub,cpp_to_cpp,constrained_pub_only,exp,xcdr,shmem_ds,1000000,10,1,measured,170,2026-09-09T14:22:51.122531Z,156964784730106,156964784659093,156964784730106,1788963771122471601,1788963771122495996,ok,
exp_constrained_pub_only_xcdr__cpp_to_cpp__1000000B__10Hz__shmem_ds__best_effort,receive,sub,cpp_to_cpp,constrained_pub_only,exp,xcdr,shmem_ds,1000000,10,1,measured,171,2026-09-09T14:22:51.222532Z,156964884728734,156964884636892,156964884728734,1788963771222454780,1788963771222484465,ok,
exp_constrained_pub_only_xcdr__cpp_to_cpp__1000000B__10Hz__shmem_ds__best_effort,receive,sub,cpp_to_cpp,constrained_pub_only,exp,xcdr,shmem_ds,1000000,10,1,measured,172,2026-09-09T14:22:51.322133Z,156964984331834,156964984243950,156964984331834,1788963771322059313,1788963771322090932,ok,
exp_constrained_pub_only_xcdr__cpp_to_cpp__1000000B__10Hz__shmem_ds__best_effort,receive,sub,cpp_to_cpp,constrained_pub_only,exp,xcdr,shmem_ds,1000000,10,1,measured,173,2026-09-09T14:22:51.421989Z,156965084187575,156965084084774,156965084187575,1788963771421899575,1788963771421932767,ok,
exp_constrained_pub_only_xcdr__cpp_to_cpp__1000000B__10Hz__shmem_ds__best_effort,receive,sub,cpp_to_cpp,constrained_pub_only,exp,xcdr,shmem_ds,1000000,10,1,measured,174,2026-09-09T14:22:51.521590Z,156965183788321,156965183689536,156965183788321,1788963771521505610,1788963771521537530,ok,
exp_constrained_pub_only_xcdr__cpp_to_cpp__1000000B__10Hz__shmem_ds__best_effort,receive,sub,cpp_to_cpp,constrained_pub_only,exp,xcdr,shmem_ds,1000000,10,1,measured,175,2026-09-09T14:22:51.621176Z,156965283374409,156965283271837,156965283374409,1788963771621088493,1788963771621126183,ok,
exp_constrained_pub_only_xcdr__cpp_to_cpp__1000000B__10Hz__shmem_ds__best_effort,receive,sub,cpp_to_cpp,constrained_pub_only,exp,xcdr,shmem_ds,1000000,10,1,measured,176,2026-09-09T14:22:51.721218Z,156965383415497,156965383242754,156965383415497,1788963771721073606,1788963771721132586,ok,
exp_constrained_pub_only_xcdr__cpp_to_cpp__1000000B__10Hz__shmem_ds__best_effort,receive,sub,cpp_to_cpp,constrained_pub_only,exp,xcdr,shmem_ds,1000000,10,1,measured,177,2026-09-09T14:22:51.821360Z,156965483558144,156965483448018,156965483558144,1788963771821267348,1788963771821304197,ok,
exp_constrained_pub_only_xcdr__cpp_to_cpp__1000000B__10Hz__shmem_ds__best_effort,receive,sub,cpp_to_cpp,constrained_pub_only,exp,xcdr,shmem_ds,1000000,10,1,measured,178,2026-09-09T14:22:51.920571Z,156965582768811,156965582636394,156965582768811,1788963771920458319,1788963771920502842,ok,
exp_constrained_pub_only_xcdr__cpp_to_cpp__1000000B__10Hz__shmem_ds__best_effort,receive,sub,cpp_to_cpp,constrained_pub_only,exp,xcdr,shmem_ds,1000000,10,1,measured,179,2026-09-09T14:22:52.020567Z,156965682764766,156965682612221,156965682764766,1788963772020437773,1788963772020490892,ok,
exp_constrained_pub_only_xcdr__cpp_to_cpp__1000000B__10Hz__shmem_ds__best_effort,receive,sub,cpp_to_cpp,constrained_pub_only,exp,xcdr,shmem_ds,1000000,10,1,measured,180,2026-09-09T14:22:52.120208Z,156965782406674,156965782305946,156965782406674,1788963772120123673,1788963772120160061,ok,
exp_constrained_pub_only_xcdr__cpp_to_cpp__1000000B__10Hz__shmem_ds__best_effort,receive,sub,cpp_to_cpp,constrained_pub_only,exp,xcdr,shmem_ds,1000000,10,1,measured,181,2026-09-09T14:22:52.220789Z,156965882987765,156965882899300,156965882987765,1788963772220715354,1788963772220748646,ok,
exp_constrained_pub_only_xcdr__cpp_to_cpp__1000000B__10Hz__shmem_ds__best_effort,receive,sub,cpp_to_cpp,constrained_pub_only,exp,xcdr,shmem_ds,1000000,10,1,measured,182,2026-09-09T14:22:52.320537Z,156965982736182,156965982676371,156965982736182,1788963772320485772,1788963772320508915,ok,
exp_constrained_pub_only_xcdr__cpp_to_cpp__1000000B__10Hz__shmem_ds__best_effort,receive,sub,cpp_to_cpp,constrained_pub_only,exp,xcdr,shmem_ds,1000000,10,1,measured,183,2026-09-09T14:22:52.419968Z,156966082167808,156966082096915,156966082167808,1788963772419907860,1788963772419935552,ok,
exp_constrained_pub_only_xcdr__cpp_to_cpp__1000000B__10Hz__shmem_ds__best_effort,receive,sub,cpp_to_cpp,constrained_pub_only,exp,xcdr,shmem_ds,1000000,10,1,measured,184,2026-09-09T14:22:52.519098Z,156966181296007,156966181164752,156966181296007,1788963772518987148,1788963772519026311,ok,
exp_constrained_pub_only_xcdr__cpp_to_cpp__1000000B__10Hz__shmem_ds__best_effort,receive,sub,cpp_to_cpp,constrained_pub_only,exp,xcdr,shmem_ds,1000000,10,1,measured,185,2026-09-09T14:22:52.619292Z,156966281489865,156966281365643,156966281489865,1788963772619184713,1788963772619225990,ok,
exp_constrained_pub_only_xcdr__cpp_to_cpp__1000000B__10Hz__shmem_ds__best_effort,receive,sub,cpp_to_cpp,constrained_pub_only,exp,xcdr,shmem_ds,1000000,10,1,measured,186,2026-09-09T14:22:52.718791Z,156966380990149,156966380897466,156966380990149,1788963772718710605,1788963772718739058,ok,
exp_constrained_pub_only_xcdr__cpp_to_cpp__1000000B__10Hz__shmem_ds__best_effort,receive,sub,cpp_to_cpp,constrained_pub_only,exp,xcdr,shmem_ds,1000000,10,1,measured,187,2026-09-09T14:22:52.818164Z,156966480362985,156966480264572,156966480362985,1788963772818078612,1788963772818107516,ok,
exp_constrained_pub_only_xcdr__cpp_to_cpp__1000000B__10Hz__shmem_ds__best_effort,receive,sub,cpp_to_cpp,constrained_pub_only,exp,xcdr,shmem_ds,1000000,10,1,measured,188,2026-09-09T14:22:52.919051Z,156966581248846,156966581145673,156966581248846,1788963772918959453,1788963772918993216,ok,
exp_constrained_pub_only_xcdr__cpp_to_cpp__1000000B__10Hz__shmem_ds__best_effort,receive,sub,cpp_to_cpp,constrained_pub_only,exp,xcdr,shmem_ds,1000000,10,1,measured,189,2026-09-09T14:22:53.019704Z,156966681902103,156966681740501,156966681902103,1788963773019566764,1788963773019627658,ok,
exp_constrained_pub_only_xcdr__cpp_to_cpp__1000000B__10Hz__shmem_ds__best_effort,receive,sub,cpp_to_cpp,constrained_pub_only,exp,xcdr,shmem_ds,1000000,10,1,measured,190,2026-09-09T14:22:53.119403Z,156966781600752,156966781526664,156966781600752,1788963773119338751,1788963773119358217,ok,
exp_constrained_pub_only_xcdr__cpp_to_cpp__1000000B__10Hz__shmem_ds__best_effort,receive,sub,cpp_to_cpp,constrained_pub_only,exp,xcdr,shmem_ds,1000000,10,1,measured,191,2026-09-09T14:22:53.218525Z,156966880723418,156966880663927,156966880723418,1788963773218474120,1788963773218488446,ok,
exp_constrained_pub_only_xcdr__cpp_to_cpp__1000000B__10Hz__shmem_ds__best_effort,receive,sub,cpp_to_cpp,constrained_pub_only,exp,xcdr,shmem_ds,1000000,10,1,measured,192,2026-09-09T14:22:53.318967Z,156966981154615,156966981040853,156966981154615,1788963773318857528,1788963773318894186,ok,
exp_constrained_pub_only_xcdr__cpp_to_cpp__1000000B__10Hz__shmem_ds__best_effort,receive,sub,cpp_to_cpp,constrained_pub_only,exp,xcdr,shmem_ds,1000000,10,1,measured,193,2026-09-09T14:22:53.419981Z,156967082179440,156967082073583,156967082179440,1788963773419891210,1788963773419926315,ok,
exp_constrained_pub_only_xcdr__cpp_to_cpp__1000000B__10Hz__shmem_ds__best_effort,receive,sub,cpp_to_cpp,constrained_pub_only,exp,xcdr,shmem_ds,1000000,10,1,measured,194,2026-09-09T14:22:53.519456Z,156967181654393,156967181530963,156967181654393,1788963773519350974,1788963773519393624,ok,
exp_constrained_pub_only_xcdr__cpp_to_cpp__1000000B__10Hz__shmem_ds__best_effort,receive,sub,cpp_to_cpp,constrained_pub_only,exp,xcdr,shmem_ds,1000000,10,1,measured,195,2026-09-09T14:22:53.618566Z,156967280765176,156967280669227,156967280765176,1788963773618483858,1788963773618517671,ok,
exp_constrained_pub_only_xcdr__cpp_to_cpp__1000000B__10Hz__shmem_ds__best_effort,receive,sub,cpp_to_cpp,constrained_pub_only,exp,xcdr,shmem_ds,1000000,10,1,measured,196,2026-09-09T14:22:53.718787Z,156967380986271,156967380919667,156967380986271,1788963773718733737,1788963773718755297,ok,
exp_constrained_pub_only_xcdr__cpp_to_cpp__1000000B__10Hz__shmem_ds__best_effort,receive,sub,cpp_to_cpp,constrained_pub_only,exp,xcdr,shmem_ds,1000000,10,1,measured,197,2026-09-09T14:22:53.819014Z,156967481212105,156967481110425,156967481212105,1788963773818928814,1788963773818958690,ok,
exp_constrained_pub_only_xcdr__cpp_to_cpp__1000000B__10Hz__shmem_ds__best_effort,receive,sub,cpp_to_cpp,constrained_pub_only,exp,xcdr,shmem_ds,1000000,10,1,measured,198,2026-09-09T14:22:53.918340Z,156967580538150,156967580441389,156967580538150,1788963773918256882,1788963773918288281,ok,
exp_constrained_pub_only_xcdr__cpp_to_cpp__1000000B__10Hz__shmem_ds__best_effort,receive,sub,cpp_to_cpp,constrained_pub_only,exp,xcdr,shmem_ds,1000000,10,1,measured,199,2026-09-09T14:22:54.019122Z,156967681321305,156967681219375,156967681321305,1788963774019035599,1788963774019070865,ok,
exp_constrained_pub_only_xcdr__cpp_to_cpp__1000000B__10Hz__shmem_ds__best_effort,receive,sub,cpp_to_cpp,constrained_pub_only,exp,xcdr,shmem_ds,1000000,10,1,measured,200,2026-09-09T14:22:54.119095Z,156967781293712,156967781209695,156967781293712,1788963774119026080,1788963774119057568,ok,
exp_constrained_pub_only_xcdr__cpp_to_cpp__1000000B__10Hz__shmem_ds__best_effort,receive,sub,cpp_to_cpp,constrained_pub_only,exp,xcdr,shmem_ds,1000000,10,1,measured,201,2026-09-09T14:22:54.218185Z,156967880383982,156967880314312,156967880383982,1788963774218127080,1788963774218152067,ok,
exp_constrained_pub_only_xcdr__cpp_to_cpp__1000000B__10Hz__shmem_ds__best_effort,receive,sub,cpp_to_cpp,constrained_pub_only,exp,xcdr,shmem_ds,1000000,10,1,measured,202,2026-09-09T14:22:54.317651Z,156967979849794,156967979756860,156967979849794,1788963774317574818,1788963774317608120,ok,
exp_constrained_pub_only_xcdr__cpp_to_cpp__1000000B__10Hz__shmem_ds__best_effort,receive,sub,cpp_to_cpp,constrained_pub_only,exp,xcdr,shmem_ds,1000000,10,1,measured,203,2026-09-09T14:22:54.418467Z,156968080664633,156968080560298,156968080664633,1788963774418378436,1788963774418415174,ok,
exp_constrained_pub_only_xcdr__cpp_to_cpp__1000000B__10Hz__shmem_ds__best_effort,receive,sub,cpp_to_cpp,constrained_pub_only,exp,xcdr,shmem_ds,1000000,10,1,measured,204,2026-09-09T14:22:54.518318Z,156968180515613,156968180352799,156968180515613,1788963774518172811,1788963774518224397,ok,
exp_constrained_pub_only_xcdr__cpp_to_cpp__1000000B__10Hz__shmem_ds__best_effort,receive,sub,cpp_to_cpp,constrained_pub_only,exp,xcdr,shmem_ds,1000000,10,1,measured,205,2026-09-09T14:22:54.618944Z,156968281142421,156968280986811,156968281142421,1788963774618817893,1788963774618876643,ok,
exp_constrained_pub_only_xcdr__cpp_to_cpp__1000000B__10Hz__shmem_ds__best_effort,receive,sub,cpp_to_cpp,constrained_pub_only,exp,xcdr,shmem_ds,1000000,10,1,measured,206,2026-09-09T14:22:54.718715Z,156968380913452,156968380832521,156968380913452,1788963774718644488,1788963774718671488,ok,
exp_constrained_pub_only_xcdr__cpp_to_cpp__1000000B__10Hz__shmem_ds__best_effort,receive,sub,cpp_to_cpp,constrained_pub_only,exp,xcdr,shmem_ds,1000000,10,1,measured,207,2026-09-09T14:22:54.818620Z,156968480818854,156968480697087,156968480818854,1788963774818513221,1788963774818549028,ok,
exp_constrained_pub_only_xcdr__cpp_to_cpp__1000000B__10Hz__shmem_ds__best_effort,receive,sub,cpp_to_cpp,constrained_pub_only,exp,xcdr,shmem_ds,1000000,10,1,measured,208,2026-09-09T14:22:54.918279Z,156968580476854,156968580351179,156968580476854,1788963774918171742,1788963774918216645,ok,
exp_constrained_pub_only_xcdr__cpp_to_cpp__1000000B__10Hz__shmem_ds__best_effort,receive,sub,cpp_to_cpp,constrained_pub_only,exp,xcdr,shmem_ds,1000000,10,1,measured,209,2026-09-09T14:22:55.017615Z,156968679812583,156968679653797,156968679812583,1788963775017483697,1788963775017533289,ok,
exp_constrained_pub_only_xcdr__cpp_to_cpp__1000000B__10Hz__shmem_ds__best_effort,receive,sub,cpp_to_cpp,constrained_pub_only,exp,xcdr,shmem_ds,1000000,10,1,measured,210,2026-09-09T14:22:55.116941Z,156968779139651,156968779049332,156968779139651,1788963775116868212,1788963775116894410,ok,
exp_constrained_pub_only_xcdr__cpp_to_cpp__1000000B__10Hz__shmem_ds__best_effort,receive,sub,cpp_to_cpp,constrained_pub_only,exp,xcdr,shmem_ds,1000000,10,1,measured,211,2026-09-09T14:22:55.216451Z,156968878649450,156968878552148,156968878649450,1788963775216370857,1788963775216404730,ok,
exp_constrained_pub_only_xcdr__cpp_to_cpp__1000000B__10Hz__shmem_ds__best_effort,receive,sub,cpp_to_cpp,constrained_pub_only,exp,xcdr,shmem_ds,1000000,10,1,measured,212,2026-09-09T14:22:55.317171Z,156968979370069,156968979288096,156968979370069,1788963775317106244,1788963775317135609,ok,
exp_constrained_pub_only_xcdr__cpp_to_cpp__1000000B__10Hz__shmem_ds__best_effort,receive,sub,cpp_to_cpp,constrained_pub_only,exp,xcdr,shmem_ds,1000000,10,1,measured,213,2026-09-09T14:22:55.417080Z,156969079279514,156969079183375,156969079279514,1788963775417002364,1788963775417026599,ok,
exp_constrained_pub_only_xcdr__cpp_to_cpp__1000000B__10Hz__shmem_ds__best_effort,receive,sub,cpp_to_cpp,constrained_pub_only,exp,xcdr,shmem_ds,1000000,10,1,measured,214,2026-09-09T14:22:55.516406Z,156969178604919,156969178483402,156969178604919,1788963775516300769,1788963775516331306,ok,
exp_constrained_pub_only_xcdr__cpp_to_cpp__1000000B__10Hz__shmem_ds__best_effort,receive,sub,cpp_to_cpp,constrained_pub_only,exp,xcdr,shmem_ds,1000000,10,1,measured,215,2026-09-09T14:22:55.615730Z,156969277929011,156969277811652,156969277929011,1788963775615629700,1788963775615664625,ok,
exp_constrained_pub_only_xcdr__cpp_to_cpp__1000000B__10Hz__shmem_ds__best_effort,receive,sub,cpp_to_cpp,constrained_pub_only,exp,xcdr,shmem_ds,1000000,10,1,measured,216,2026-09-09T14:22:55.715003Z,156969377201618,156969377121729,156969377201618,1788963775714933314,1788963775714956868,ok,
exp_constrained_pub_only_xcdr__cpp_to_cpp__1000000B__10Hz__shmem_ds__best_effort,receive,sub,cpp_to_cpp,constrained_pub_only,exp,xcdr,shmem_ds,1000000,10,1,measured,217,2026-09-09T14:22:55.814357Z,156969476556197,156969476469145,156969476556197,1788963775814283766,1788963775814306318,ok,
exp_constrained_pub_only_xcdr__cpp_to_cpp__1000000B__10Hz__shmem_ds__best_effort,receive,sub,cpp_to_cpp,constrained_pub_only,exp,xcdr,shmem_ds,1000000,10,1,measured,218,2026-09-09T14:22:55.913856Z,156969576053563,156969575851246,156969576053563,1788963775913684722,1788963775913743452,ok,
exp_constrained_pub_only_xcdr__cpp_to_cpp__1000000B__10Hz__shmem_ds__best_effort,receive,sub,cpp_to_cpp,constrained_pub_only,exp,xcdr,shmem_ds,1000000,10,1,measured,219,2026-09-09T14:22:56.013109Z,156969675307135,156969675157896,156969675307135,1788963776012975784,1788963776013028252,ok,
exp_constrained_pub_only_xcdr__cpp_to_cpp__1000000B__10Hz__shmem_ds__best_effort,receive,sub,cpp_to_cpp,constrained_pub_only,exp,xcdr,shmem_ds,1000000,10,1,measured,220,2026-09-09T14:22:56.114062Z,156969776249974,156969776158123,156969776249974,1788963776113975690,1788963776114003862,ok,
exp_constrained_pub_only_xcdr__cpp_to_cpp__1000000B__10Hz__shmem_ds__best_effort,receive,sub,cpp_to_cpp,constrained_pub_only,exp,xcdr,shmem_ds,1000000,10,1,measured,221,2026-09-09T14:22:56.213886Z,156969876085338,156969875988367,156969876085338,1788963776213817866,1788963776213843764,ok,
exp_constrained_pub_only_xcdr__cpp_to_cpp__1000000B__10Hz__shmem_ds__best_effort,receive,sub,cpp_to_cpp,constrained_pub_only,exp,xcdr,shmem_ds,1000000,10,1,measured,222,2026-09-09T14:22:56.313558Z,156969975757235,156969975682876,156969975757235,1788963776313495003,1788963776313512977,ok,
exp_constrained_pub_only_xcdr__cpp_to_cpp__1000000B__10Hz__shmem_ds__best_effort,receive,sub,cpp_to_cpp,constrained_pub_only,exp,xcdr,shmem_ds,1000000,10,1,measured,223,2026-09-09T14:22:56.412894Z,156970075092284,156970074965106,156970075092284,1788963776412785208,1788963776412824070,ok,
exp_constrained_pub_only_xcdr__cpp_to_cpp__1000000B__10Hz__shmem_ds__best_effort,receive,sub,cpp_to_cpp,constrained_pub_only,exp,xcdr,shmem_ds,1000000,10,1,measured,224,2026-09-09T14:22:56.512133Z,156970174331413,156970174218402,156970174331413,1788963776512037773,1788963776512076184,ok,
exp_constrained_pub_only_xcdr__cpp_to_cpp__1000000B__10Hz__shmem_ds__best_effort,receive,sub,cpp_to_cpp,constrained_pub_only,exp,xcdr,shmem_ds,1000000,10,1,measured,225,2026-09-09T14:22:56.611943Z,156970274141589,156970274023148,156970274141589,1788963776611840775,1788963776611880920,ok,
exp_constrained_pub_only_xcdr__cpp_to_cpp__1000000B__10Hz__shmem_ds__best_effort,receive,sub,cpp_to_cpp,constrained_pub_only,exp,xcdr,shmem_ds,1000000,10,1,measured,226,2026-09-09T14:22:56.711436Z,156970373634813,156970373506353,156970373634813,1788963776711329430,1788963776711369284,ok,
exp_constrained_pub_only_xcdr__cpp_to_cpp__1000000B__10Hz__shmem_ds__best_effort,receive,sub,cpp_to_cpp,constrained_pub_only,exp,xcdr,shmem_ds,1000000,10,1,measured,227,2026-09-09T14:22:56.810718Z,156970472916882,156970472820202,156970472916882,1788963776810640794,1788963776810674788,ok,
exp_constrained_pub_only_xcdr__cpp_to_cpp__1000000B__10Hz__shmem_ds__best_effort,receive,sub,cpp_to_cpp,constrained_pub_only,exp,xcdr,shmem_ds,1000000,10,1,measured,228,2026-09-09T14:22:56.910324Z,156970572522376,156970572413713,156970572522376,1788963776910232352,1788963776910268850,ok,
exp_constrained_pub_only_xcdr__cpp_to_cpp__1000000B__10Hz__shmem_ds__best_effort,receive,sub,cpp_to_cpp,constrained_pub_only,exp,xcdr,shmem_ds,1000000,10,1,measured,229,2026-09-09T14:22:57.011005Z,156970673203549,156970673096599,156970673203549,1788963777010915469,1788963777010951285,ok,
exp_constrained_pub_only_xcdr__cpp_to_cpp__1000000B__10Hz__shmem_ds__best_effort,receive,sub,cpp_to_cpp,constrained_pub_only,exp,xcdr,shmem_ds,1000000,10,1,measured,230,2026-09-09T14:22:57.111263Z,156970773461546,156970773390864,156970773461546,1788963777111203752,1788963777111227126,ok,
exp_constrained_pub_only_xcdr__cpp_to_cpp__1000000B__10Hz__shmem_ds__best_effort,receive,sub,cpp_to_cpp,constrained_pub_only,exp,xcdr,shmem_ds,1000000,10,1,measured,231,2026-09-09T14:22:57.210922Z,156970873121086,156970873051125,156970873121086,1788963777210863843,1788963777210886866,ok,
exp_constrained_pub_only_xcdr__cpp_to_cpp__1000000B__10Hz__shmem_ds__best_effort,receive,sub,cpp_to_cpp,constrained_pub_only,exp,xcdr,shmem_ds,1000000,10,1,measured,232,2026-09-09T14:22:57.311749Z,156970973948656,156970973885278,156970973948656,1788963777311696553,1788963777311720297,ok,
exp_constrained_pub_only_xcdr__cpp_to_cpp__1000000B__10Hz__shmem_ds__best_effort,receive,sub,cpp_to_cpp,constrained_pub_only,exp,xcdr,shmem_ds,1000000,10,1,measured,233,2026-09-09T14:22:57.411638Z,156971073835771,156971073695329,156971073835771,1788963777411515871,1788963777411565153,ok,
exp_constrained_pub_only_xcdr__cpp_to_cpp__1000000B__10Hz__shmem_ds__best_effort,receive,sub,cpp_to_cpp,constrained_pub_only,exp,xcdr,shmem_ds,1000000,10,1,measured,234,2026-09-09T14:22:57.511931Z,156971174129515,156971173968575,156971174129515,1788963777511796511,1788963777511863646,ok,
exp_constrained_pub_only_xcdr__cpp_to_cpp__1000000B__10Hz__shmem_ds__best_effort,receive,sub,cpp_to_cpp,constrained_pub_only,exp,xcdr,shmem_ds,1000000,10,1,measured,235,2026-09-09T14:22:57.611977Z,156971274174826,156971273982156,156971274174826,1788963777611823387,1788963777611885192,ok,
exp_constrained_pub_only_xcdr__cpp_to_cpp__1000000B__10Hz__shmem_ds__best_effort,receive,sub,cpp_to_cpp,constrained_pub_only,exp,xcdr,shmem_ds,1000000,10,1,measured,236,2026-09-09T14:22:57.711743Z,156971373941766,156971373828985,156971373941766,1788963777711649257,1788963777711688851,ok,
exp_constrained_pub_only_xcdr__cpp_to_cpp__1000000B__10Hz__shmem_ds__best_effort,receive,sub,cpp_to_cpp,constrained_pub_only,exp,xcdr,shmem_ds,1000000,10,1,measured,237,2026-09-09T14:22:57.812012Z,156971474210644,156971474112250,156971474210644,1788963777811933433,1788963777811964231,ok,
exp_constrained_pub_only_xcdr__cpp_to_cpp__1000000B__10Hz__shmem_ds__best_effort,receive,sub,cpp_to_cpp,constrained_pub_only,exp,xcdr,shmem_ds,1000000,10,1,measured,238,2026-09-09T14:22:57.912881Z,156971575079552,156971574948256,156971575079552,1788963777912766124,1788963777912810056,ok,
exp_constrained_pub_only_xcdr__cpp_to_cpp__1000000B__10Hz__shmem_ds__best_effort,receive,sub,cpp_to_cpp,constrained_pub_only,exp,xcdr,shmem_ds,1000000,10,1,measured,239,2026-09-09T14:22:58.012126Z,156971674325009,156971674213090,156971674325009,1788963778012031719,1788963778012070121,ok,
exp_constrained_pub_only_xcdr__cpp_to_cpp__1000000B__10Hz__shmem_ds__best_effort,receive,sub,cpp_to_cpp,constrained_pub_only,exp,xcdr,shmem_ds,1000000,10,1,measured,240,2026-09-09T14:22:58.111957Z,156971774156176,156971774070616,156971774156176,1788963778111886019,1788963778111918570,ok,
exp_constrained_pub_only_xcdr__cpp_to_cpp__1000000B__10Hz__shmem_ds__best_effort,receive,sub,cpp_to_cpp,constrained_pub_only,exp,xcdr,shmem_ds,1000000,10,1,measured,241,2026-09-09T14:22:58.212745Z,156971874943627,156971874800530,156971874943627,1788963778212628025,1788963778212681295,ok,
exp_constrained_pub_only_xcdr__cpp_to_cpp__1000000B__10Hz__shmem_ds__best_effort,receive,sub,cpp_to_cpp,constrained_pub_only,exp,xcdr,shmem_ds,1000000,10,1,measured,242,2026-09-09T14:22:58.313032Z,156971975230044,156971975122804,156971975230044,1788963778312946993,1788963778312979544,ok,
exp_constrained_pub_only_xcdr__cpp_to_cpp__1000000B__10Hz__shmem_ds__best_effort,receive,sub,cpp_to_cpp,constrained_pub_only,exp,xcdr,shmem_ds,1000000,10,1,measured,243,2026-09-09T14:22:58.412230Z,156972074427777,156972074266386,156972074427777,1788963778412093871,1788963778412149224,ok,
exp_constrained_pub_only_xcdr__cpp_to_cpp__1000000B__10Hz__shmem_ds__best_effort,receive,sub,cpp_to_cpp,constrained_pub_only,exp,xcdr,shmem_ds,1000000,10,1,measured,244,2026-09-09T14:22:58.512728Z,156972174925970,156972174791008,156972174925970,1788963778512613654,1788963778512656604,ok,
exp_constrained_pub_only_xcdr__cpp_to_cpp__1000000B__10Hz__shmem_ds__best_effort,receive,sub,cpp_to_cpp,constrained_pub_only,exp,xcdr,shmem_ds,1000000,10,1,measured,245,2026-09-09T14:22:58.612980Z,156972275178111,156972275016990,156972275178111,1788963778612839186,1788963778612886785,ok,
exp_constrained_pub_only_xcdr__cpp_to_cpp__1000000B__10Hz__shmem_ds__best_effort,receive,sub,cpp_to_cpp,constrained_pub_only,exp,xcdr,shmem_ds,1000000,10,1,measured,246,2026-09-09T14:22:58.713862Z,156972376059858,156972375905480,156972376059858,1788963778713728748,1788963778713780604,ok,
exp_constrained_pub_only_xcdr__cpp_to_cpp__1000000B__10Hz__shmem_ds__best_effort,receive,sub,cpp_to_cpp,constrained_pub_only,exp,xcdr,shmem_ds,1000000,10,1,measured,247,2026-09-09T14:22:58.813280Z,156972475477683,156972475342961,156972475477683,1788963778813166059,1788963778813206093,ok,
exp_constrained_pub_only_xcdr__cpp_to_cpp__1000000B__10Hz__shmem_ds__best_effort,receive,sub,cpp_to_cpp,constrained_pub_only,exp,xcdr,shmem_ds,1000000,10,1,measured,248,2026-09-09T14:22:58.914086Z,156972576283719,156972576130603,156972576283719,1788963778913962527,1788963778914012210,ok,
exp_constrained_pub_only_xcdr__cpp_to_cpp__1000000B__10Hz__shmem_ds__best_effort,receive,sub,cpp_to_cpp,constrained_pub_only,exp,xcdr,shmem_ds,1000000,10,1,measured,249,2026-09-09T14:22:59.013449Z,156972675647233,156972675497263,156972675647233,1788963779013322995,1788963779013378329,ok,
exp_constrained_pub_only_xcdr__cpp_to_cpp__1000000B__10Hz__shmem_ds__best_effort,receive,sub,cpp_to_cpp,constrained_pub_only,exp,xcdr,shmem_ds,1000000,10,1,measured,250,2026-09-09T14:22:59.113157Z,156972775355665,156972775280695,156972775355665,1788963779113095557,1788963779113121596,ok,
exp_constrained_pub_only_xcdr__cpp_to_cpp__1000000B__10Hz__shmem_ds__best_effort,receive,sub,cpp_to_cpp,constrained_pub_only,exp,xcdr,shmem_ds,1000000,10,1,measured,251,2026-09-09T14:22:59.213017Z,156972875216182,156972875134650,156972875216182,1788963779212950183,1788963779212978867,ok,
exp_constrained_pub_only_xcdr__cpp_to_cpp__1000000B__10Hz__shmem_ds__best_effort,receive,sub,cpp_to_cpp,constrained_pub_only,exp,xcdr,shmem_ds,1000000,10,1,measured,252,2026-09-09T14:22:59.313253Z,156972975451508,156972975366469,156972975451508,1788963779313179628,1788963779313206128,ok,
exp_constrained_pub_only_xcdr__cpp_to_cpp__1000000B__10Hz__shmem_ds__best_effort,receive,sub,cpp_to_cpp,constrained_pub_only,exp,xcdr,shmem_ds,1000000,10,1,measured,253,2026-09-09T14:22:59.414101Z,156973076299799,156973076222916,156973076299799,1788963779414035263,1788963779414059919,ok,
exp_constrained_pub_only_xcdr__cpp_to_cpp__1000000B__10Hz__shmem_ds__best_effort,receive,sub,cpp_to_cpp,constrained_pub_only,exp,xcdr,shmem_ds,1000000,10,1,measured,254,2026-09-09T14:22:59.514472Z,156973176671260,156973176595789,156973176671260,1788963779514408697,1788963779514437280,ok,
exp_constrained_pub_only_xcdr__cpp_to_cpp__1000000B__10Hz__shmem_ds__best_effort,receive,sub,cpp_to_cpp,constrained_pub_only,exp,xcdr,shmem_ds,1000000,10,1,measured,255,2026-09-09T14:22:59.614076Z,156973276273815,156973276182254,156973276273815,1788963779613996374,1788963779614026962,ok,
exp_constrained_pub_only_xcdr__cpp_to_cpp__1000000B__10Hz__shmem_ds__best_effort,receive,sub,cpp_to_cpp,constrained_pub_only,exp,xcdr,shmem_ds,1000000,10,1,measured,256,2026-09-09T14:22:59.713411Z,156973375610324,156973375529643,156973375610324,1788963779713343813,1788963779713376194,ok,
exp_constrained_pub_only_xcdr__cpp_to_cpp__1000000B__10Hz__shmem_ds__best_effort,receive,sub,cpp_to_cpp,constrained_pub_only,exp,xcdr,shmem_ds,1000000,10,1,measured,257,2026-09-09T14:22:59.813175Z,156973475372617,156973475204974,156973475372617,1788963779813032289,1788963779813098453,ok,
exp_constrained_pub_only_xcdr__cpp_to_cpp__1000000B__10Hz__shmem_ds__best_effort,receive,sub,cpp_to_cpp,constrained_pub_only,exp,xcdr,shmem_ds,1000000,10,1,measured,258,2026-09-09T14:22:59.912759Z,156973574956598,156973574836484,156973574956598,1788963779912657587,1788963779912694185,ok,
exp_constrained_pub_only_xcdr__cpp_to_cpp__1000000B__10Hz__shmem_ds__best_effort,receive,sub,cpp_to_cpp,constrained_pub_only,exp,xcdr,shmem_ds,1000000,10,1,measured,259,2026-09-09T14:23:00.011809Z,156973673999519,156973673884143,156973673999519,1788963780011704265,1788963780011746013,ok,
exp_constrained_pub_only_xcdr__cpp_to_cpp__1000000B__10Hz__shmem_ds__best_effort,receive,sub,cpp_to_cpp,constrained_pub_only,exp,xcdr,shmem_ds,1000000,10,1,measured,260,2026-09-09T14:23:00.111135Z,156973773333909,156973773236837,156973773333909,1788963780111054324,1788963780111090452,ok,
exp_constrained_pub_only_xcdr__cpp_to_cpp__1000000B__10Hz__shmem_ds__best_effort,receive,sub,cpp_to_cpp,constrained_pub_only,exp,xcdr,shmem_ds,1000000,10,1,measured,261,2026-09-09T14:23:00.210246Z,156973872444361,156973872351668,156973872444361,1788963780210166530,1788963780210198029,ok,
exp_constrained_pub_only_xcdr__cpp_to_cpp__1000000B__10Hz__shmem_ds__best_effort,receive,sub,cpp_to_cpp,constrained_pub_only,exp,xcdr,shmem_ds,1000000,10,1,measured,262,2026-09-09T14:23:00.309250Z,156973971449557,156973971365890,156973971449557,1788963780309180101,1788963780309208644,ok,
exp_constrained_pub_only_xcdr__cpp_to_cpp__1000000B__10Hz__shmem_ds__best_effort,receive,sub,cpp_to_cpp,constrained_pub_only,exp,xcdr,shmem_ds,1000000,10,1,measured,263,2026-09-09T14:23:00.409304Z,156974071500996,156974071333022,156974071500996,1788963780409160157,1788963780409218916,ok,
exp_constrained_pub_only_xcdr__cpp_to_cpp__1000000B__10Hz__shmem_ds__best_effort,receive,sub,cpp_to_cpp,constrained_pub_only,exp,xcdr,shmem_ds,1000000,10,1,measured,264,2026-09-09T14:23:00.508723Z,156974170921196,156974170744856,156974170921196,1788963780508569096,1788963780508627475,ok,
exp_constrained_pub_only_xcdr__cpp_to_cpp__1000000B__10Hz__shmem_ds__best_effort,receive,sub,cpp_to_cpp,constrained_pub_only,exp,xcdr,shmem_ds,1000000,10,1,measured,265,2026-09-09T14:23:00.607698Z,156974269895975,156974269758799,156974269895975,1788963780607578850,1788963780607625127,ok,
exp_constrained_pub_only_xcdr__cpp_to_cpp__1000000B__10Hz__shmem_ds__best_effort,receive,sub,cpp_to_cpp,constrained_pub_only,exp,xcdr,shmem_ds,1000000,10,1,measured,266,2026-09-09T14:23:00.707507Z,156974369704410,156974369571863,156974369704410,1788963780707394870,1788963780707443731,ok,
exp_constrained_pub_only_xcdr__cpp_to_cpp__1000000B__10Hz__shmem_ds__best_effort,receive,sub,cpp_to_cpp,constrained_pub_only,exp,xcdr,shmem_ds,1000000,10,1,measured,267,2026-09-09T14:23:00.807476Z,156974469674397,156974469575042,156974469674397,1788963780807390264,1788963780807425009,ok,
exp_constrained_pub_only_xcdr__cpp_to_cpp__1000000B__10Hz__shmem_ds__best_effort,receive,sub,cpp_to_cpp,constrained_pub_only,exp,xcdr,shmem_ds,1000000,10,1,measured,268,2026-09-09T14:23:00.907021Z,156974569217998,156974569058440,156974569217998,1788963780906885665,1788963780906936450,ok,
exp_constrained_pub_only_xcdr__cpp_to_cpp__1000000B__10Hz__shmem_ds__best_effort,receive,sub,cpp_to_cpp,constrained_pub_only,exp,xcdr,shmem_ds,1000000,10,1,measured,269,2026-09-09T14:23:01.007220Z,156974669418606,156974669304704,156974669418606,1788963781007123924,1788963781007159761,ok,
exp_constrained_pub_only_xcdr__cpp_to_cpp__1000000B__10Hz__shmem_ds__best_effort,receive,sub,cpp_to_cpp,constrained_pub_only,exp,xcdr,shmem_ds,1000000,10,1,measured,270,2026-09-09T14:23:01.107900Z,156974770098314,156974769984852,156974770098314,1788963781107817357,1788963781107846361,ok,
exp_constrained_pub_only_xcdr__cpp_to_cpp__1000000B__10Hz__shmem_ds__best_effort,receive,sub,cpp_to_cpp,constrained_pub_only,exp,xcdr,shmem_ds,1000000,10,1,measured,271,2026-09-09T14:23:01.207876Z,156974870074739,156974869988859,156974870074739,1788963781207817466,1788963781207837604,ok,
exp_constrained_pub_only_xcdr__cpp_to_cpp__1000000B__10Hz__shmem_ds__best_effort,receive,sub,cpp_to_cpp,constrained_pub_only,exp,xcdr,shmem_ds,1000000,10,1,measured,272,2026-09-09T14:23:01.306897Z,156974969096471,156974969034906,156974969096471,1788963781306850619,1788963781306867240,ok,
exp_constrained_pub_only_xcdr__cpp_to_cpp__1000000B__10Hz__shmem_ds__best_effort,receive,sub,cpp_to_cpp,constrained_pub_only,exp,xcdr,shmem_ds,1000000,10,1,measured,273,2026-09-09T14:23:01.406048Z,156975068246433,156975068131197,156975068246433,1788963781405950808,1788963781405988208,ok,
exp_constrained_pub_only_xcdr__cpp_to_cpp__1000000B__10Hz__shmem_ds__best_effort,receive,sub,cpp_to_cpp,constrained_pub_only,exp,xcdr,shmem_ds,1000000,10,1,measured,274,2026-09-09T14:23:01.506271Z,156975168468215,156975168371294,156975168468215,1788963781506189562,1788963781506208367,ok,
exp_constrained_pub_only_xcdr__cpp_to_cpp__1000000B__10Hz__shmem_ds__best_effort,receive,sub,cpp_to_cpp,constrained_pub_only,exp,xcdr,shmem_ds,1000000,10,1,measured,275,2026-09-09T14:23:01.607294Z,156975269491414,156975269332998,156975269491414,1788963781607162027,1788963781607212401,ok,
exp_constrained_pub_only_xcdr__cpp_to_cpp__1000000B__10Hz__shmem_ds__best_effort,receive,sub,cpp_to_cpp,constrained_pub_only,exp,xcdr,shmem_ds,1000000,10,1,measured,276,2026-09-09T14:23:01.707284Z,156975369482166,156975369384594,156975369482166,1788963781707200828,1788963781707237717,ok,
exp_constrained_pub_only_xcdr__cpp_to_cpp__1000000B__10Hz__shmem_ds__best_effort,receive,sub,cpp_to_cpp,constrained_pub_only,exp,xcdr,shmem_ds,1000000,10,1,measured,277,2026-09-09T14:23:01.806566Z,156975468756609,156975468670539,156975468756609,1788963781806486092,1788963781806504797,ok,
exp_constrained_pub_only_xcdr__cpp_to_cpp__1000000B__10Hz__shmem_ds__best_effort,receive,sub,cpp_to_cpp,constrained_pub_only,exp,xcdr,shmem_ds,1000000,10,1,measured,278,2026-09-09T14:23:01.907153Z,156975569350427,156975569223730,156975569350427,1788963781907053410,1788963781907078106,ok,
exp_constrained_pub_only_xcdr__cpp_to_cpp__1000000B__10Hz__shmem_ds__best_effort,receive,sub,cpp_to_cpp,constrained_pub_only,exp,xcdr,shmem_ds,1000000,10,1,measured,279,2026-09-09T14:23:02.006228Z,156975668427202,156975668344788,156975668427202,1788963782006159770,1788963782006184406,ok,
exp_constrained_pub_only_xcdr__cpp_to_cpp__1000000B__10Hz__shmem_ds__best_effort,receive,sub,cpp_to_cpp,constrained_pub_only,exp,xcdr,shmem_ds,1000000,10,1,measured,280,2026-09-09T14:23:02.106340Z,156975768538063,156975768417618,156975768538063,1788963782106236157,1788963782106274849,ok,
exp_constrained_pub_only_xcdr__cpp_to_cpp__1000000B__10Hz__shmem_ds__best_effort,receive,sub,cpp_to_cpp,constrained_pub_only,exp,xcdr,shmem_ds,1000000,10,1,measured,281,2026-09-09T14:23:02.207016Z,156975869214961,156975869132197,156975869214961,1788963782206945395,1788963782206964922,ok,
exp_constrained_pub_only_xcdr__cpp_to_cpp__1000000B__10Hz__shmem_ds__best_effort,receive,sub,cpp_to_cpp,constrained_pub_only,exp,xcdr,shmem_ds,1000000,10,1,measured,282,2026-09-09T14:23:02.307870Z,156975970068379,156975969966940,156975970068379,1788963782307778526,1788963782307795778,ok,
exp_constrained_pub_only_xcdr__cpp_to_cpp__1000000B__10Hz__shmem_ds__best_effort,receive,sub,cpp_to_cpp,constrained_pub_only,exp,xcdr,shmem_ds,1000000,10,1,measured,283,2026-09-09T14:23:02.407335Z,156976069531692,156976069383746,156976069531692,1788963782407208616,1788963782407257658,ok,
exp_constrained_pub_only_xcdr__cpp_to_cpp__1000000B__10Hz__shmem_ds__best_effort,receive,sub,cpp_to_cpp,constrained_pub_only,exp,xcdr,shmem_ds,1000000,10,1,measured,284,2026-09-09T14:23:02.507691Z,156976169890346,156976169832528,156976169890346,1788963782507642661,1788963782507660804,ok,
exp_constrained_pub_only_xcdr__cpp_to_cpp__1000000B__10Hz__shmem_ds__best_effort,receive,sub,cpp_to_cpp,constrained_pub_only,exp,xcdr,shmem_ds,1000000,10,1,measured,285,2026-09-09T14:23:02.608639Z,156976270837248,156976270725720,156976270837248,1788963782608543637,1788963782608581999,ok,
exp_constrained_pub_only_xcdr__cpp_to_cpp__1000000B__10Hz__shmem_ds__best_effort,receive,sub,cpp_to_cpp,constrained_pub_only,exp,xcdr,shmem_ds,1000000,10,1,measured,286,2026-09-09T14:23:02.708686Z,156976370884401,156976370792729,156976370884401,1788963782708609645,1788963782708636115,ok,
exp_constrained_pub_only_xcdr__cpp_to_cpp__1000000B__10Hz__shmem_ds__best_effort,receive,sub,cpp_to_cpp,constrained_pub_only,exp,xcdr,shmem_ds,1000000,10,1,measured,287,2026-09-09T14:23:02.809143Z,156976471341589,156976471249687,156976471341589,1788963782809063818,1788963782809094405,ok,
exp_constrained_pub_only_xcdr__cpp_to_cpp__1000000B__10Hz__shmem_ds__best_effort,receive,sub,cpp_to_cpp,constrained_pub_only,exp,xcdr,shmem_ds,1000000,10,1,measured,288,2026-09-09T14:23:02.908472Z,156976570670680,156976570560455,156976570670680,1788963782908381157,1788963782908417175,ok,
exp_constrained_pub_only_xcdr__cpp_to_cpp__1000000B__10Hz__shmem_ds__best_effort,receive,sub,cpp_to_cpp,constrained_pub_only,exp,xcdr,shmem_ds,1000000,10,1,measured,289,2026-09-09T14:23:03.009640Z,156976671836451,156976671650033,156976671836451,1788963783009482398,1788963783009549623,ok,
exp_constrained_pub_only_xcdr__cpp_to_cpp__1000000B__10Hz__shmem_ds__best_effort,receive,sub,cpp_to_cpp,constrained_pub_only,exp,xcdr,shmem_ds,1000000,10,1,measured,290,2026-09-09T14:23:03.108797Z,156976770995621,156976770873403,156976770995621,1788963783108697562,1788963783108750291,ok,
exp_constrained_pub_only_xcdr__cpp_to_cpp__1000000B__10Hz__shmem_ds__best_effort,receive,sub,cpp_to_cpp,constrained_pub_only,exp,xcdr,shmem_ds,1000000,10,1,measured,291,2026-09-09T14:23:03.207929Z,156976870127732,156976870050928,156976870127732,1788963783207864848,1788963783207894243,ok,
exp_constrained_pub_only_xcdr__cpp_to_cpp__1000000B__10Hz__shmem_ds__best_effort,receive,sub,cpp_to_cpp,constrained_pub_only,exp,xcdr,shmem_ds,1000000,10,1,measured,292,2026-09-09T14:23:03.308575Z,156976970774269,156976970690653,156976970774269,1788963783308505434,1788963783308533216,ok,
exp_constrained_pub_only_xcdr__cpp_to_cpp__1000000B__10Hz__shmem_ds__best_effort,receive,sub,cpp_to_cpp,constrained_pub_only,exp,xcdr,shmem_ds,1000000,10,1,measured,293,2026-09-09T14:23:03.408573Z,156977070771795,156977070626804,156977070771795,1788963783408448268,1788963783408495847,ok,
exp_constrained_pub_only_xcdr__cpp_to_cpp__1000000B__10Hz__shmem_ds__best_effort,receive,sub,cpp_to_cpp,constrained_pub_only,exp,xcdr,shmem_ds,1000000,10,1,measured,294,2026-09-09T14:23:03.508983Z,156977171180818,156977171045846,156977171180818,1788963783508865918,1788963783508911162,ok,
exp_constrained_pub_only_xcdr__cpp_to_cpp__1000000B__10Hz__shmem_ds__best_effort,receive,sub,cpp_to_cpp,constrained_pub_only,exp,xcdr,shmem_ds,1000000,10,1,measured,295,2026-09-09T14:23:03.609912Z,156977272109473,156977271975402,156977272109473,1788963783609796516,1788963783609850627,ok,
exp_constrained_pub_only_xcdr__cpp_to_cpp__1000000B__10Hz__shmem_ds__best_effort,receive,sub,cpp_to_cpp,constrained_pub_only,exp,xcdr,shmem_ds,1000000,10,1,measured,296,2026-09-09T14:23:03.709939Z,156977372136673,156977371999177,156977372136673,1788963783709830559,1788963783709874752,ok,
exp_constrained_pub_only_xcdr__cpp_to_cpp__1000000B__10Hz__shmem_ds__best_effort,receive,sub,cpp_to_cpp,constrained_pub_only,exp,xcdr,shmem_ds,1000000,10,1,measured,297,2026-09-09T14:23:03.808924Z,156977471122420,156977470972630,156977471122420,1788963783808794856,1788963783808849357,ok,
exp_constrained_pub_only_xcdr__cpp_to_cpp__1000000B__10Hz__shmem_ds__best_effort,receive,sub,cpp_to_cpp,constrained_pub_only,exp,xcdr,shmem_ds,1000000,10,1,measured,298,2026-09-09T14:23:03.909966Z,156977572163363,156977571956778,156977572163363,1788963783909789433,1788963783909862820,ok,
exp_constrained_pub_only_xcdr__cpp_to_cpp__1000000B__10Hz__shmem_ds__best_effort,receive,sub,cpp_to_cpp,constrained_pub_only,exp,xcdr,shmem_ds,1000000,10,1,measured,299,2026-09-09T14:23:04.010120Z,156977672319035,156977672193641,156977672319035,1788963784010012821,1788963784010052615,ok,
exp_constrained_pub_only_xcdr__cpp_to_cpp__1000000B__10Hz__shmem_ds__best_effort,receive,sub,cpp_to_cpp,constrained_pub_only,exp,xcdr,shmem_ds,1000000,10,1,measured,300,2026-09-09T14:23:04.110185Z,156977772381968,156977772244421,156977772381968,1788963784110068761,1788963784110105890,ok,
