run_id,event,process,direction,config,message,backend,transport,payload_bytes,target_frequency_hz,step_index,phase,sequence,observed_utc,observed_mono_ns,send_mono_ns,receive_mono_ns,middleware_source_ns,middleware_received_ns,status,error
exp_copy_xcdr__cpp_to_py__100000B__10Hz__shmem_ds__best_effort,publish,pub,cpp_to_py,copy,exp,xcdr,shmem_ds,100000,10,0,measured,0,2026-09-09T14:39:27.531387Z,157961193184720,157961193184720,-1,-1,-1,ok,
exp_copy_xcdr__cpp_to_py__100000B__10Hz__shmem_ds__best_effort,publish,pub,cpp_to_py,copy,exp,xcdr,shmem_ds,100000,10,0,measured,1,2026-09-09T14:39:27.631666Z,157961293753028,157961293753028,-1,-1,-1,ok,
exp_copy_xcdr__cpp_to_py__100000B__10Hz__shmem_ds__best_effort,publish,pub,cpp_to_py,copy,exp,xcdr,shmem_ds,100000,10,0,measured,2,2026-09-09T14:39:27.731931Z,157961394031006,157961394031006,-1,-1,-1,ok,
exp_copy_xcdr__cpp_to_py__100000B__10Hz__shmem_ds__best_effort,publish,pub,cpp_to_py,copy,exp,xcdr,shmem_ds,100000,10,0,measured,3,2026-09-09T14:39:27.832458Z,157961494537157,157961494537157,-1,-1,-1,ok,
exp_copy_xcdr__cpp_to_py__100000B__10Hz__shmem_ds__best_effort,publish,pub,cpp_to_py,copy,exp,xcdr,shmem_ds,100000,10,0,measured,4,2026-09-09T14:39:27.931742Z,157961593810865,157961593810865,-1,-1,-1,ok,
exp_copy_xcdr__cpp_to_py__100000B__10Hz__shmem_ds__best_effort,publish,pub,cpp_to_py,copy,exp,xcdr,shmem_ds,100000,10,0,measured,5,2026-09-09T14:39:28.032545Z,157961694618838,157961694618838,-1,-1,-1,ok,
exp_copy_xcdr__cpp_to_py__100000B__10Hz__shmem_ds__best_effort,publish,pub,cpp_to_py,copy,exp,xcdr,shmem_ds,100000,10,0,measured,6,2026-09-09T14:39:28.131741Z,157961793808247,157961793808247,-1,-1,-1,ok,
exp_copy_xcdr__cpp_to_py__100000B__10Hz__shmem_ds__best_effort,publish,pub,cpp_to_py,copy,exp,xcdr,shmem_ds,100000,10,0,measured,7,2026-09-09T14:39:28.231888Z,157961893954368,157961893954368,-1,-1,-1,ok,
exp_copy_xcdr__cpp_to_py__100000B__10Hz__shmem_ds__best_effort,publish,pub,cpp_to_py,copy,exp,xcdr,shmem_ds,100000,10,0,measured,8,2026-09-09T14:39:28.331625Z,157961993699939,157961993699939,-1,-1,-1,ok,
exp_copy_xcdr__cpp_to_py__100000B__10Hz__shmem_ds__best_effort,publish,pub,cpp_to_py,copy,exp,xcdr,shmem_ds,100000,10,0,measured,9,2026-09-09T14:39:28.431161Z,157962093247286,157962093247286,-1,-1,-1,ok,
exp_copy_xcdr__cpp_to_py__100000B__10Hz__shmem_ds__best_effort,publish,pub,cpp_to_py,copy,exp,xcdr,shmem_ds,100000,10,0,measured,10,2026-09-09T14:39:28.530945Z,157962193029969,157962193029969,-1,-1,-1,ok,
exp_copy_xcdr__cpp_to_py__100000B__10Hz__shmem_ds__best_effort,publish,pub,cpp_to_py,copy,exp,xcdr,shmem_ds,100000,10,0,measured,11,2026-09-09T14:39:28.629977Z,157962292055027,157962292055027,-1,-1,-1,ok,
exp_copy_xcdr__cpp_to_py__100000B__10Hz__shmem_ds__best_effort,publish,pub,cpp_to_py,copy,exp,xcdr,shmem_ds,100000,10,0,measured,12,2026-09-09T14:39:28.730026Z,157962392103773,157962392103773,-1,-1,-1,ok,
exp_copy_xcdr__cpp_to_py__100000B__10Hz__shmem_ds__best_effort,publish,pub,cpp_to_py,copy,exp,xcdr,shmem_ds,100000,10,0,measured,13,2026-09-09T14:39:28.830467Z,157962492479016,157962492479016,-1,-1,-1,ok,
exp_copy_xcdr__cpp_to_py__100000B__10Hz__shmem_ds__best_effort,publish,pub,cpp_to_py,copy,exp,xcdr,shmem_ds,100000,10,0,measured,14,2026-09-09T14:39:28.930692Z,157962592749622,157962592749622,-1,-1,-1,ok,
exp_copy_xcdr__cpp_to_py__100000B__10Hz__shmem_ds__best_effort,publish,pub,cpp_to_py,copy,exp,xcdr,shmem_ds,100000,10,0,measured,15,2026-09-09T14:39:29.031355Z,157962693402030,157962693402030,-1,-1,-1,ok,
exp_copy_xcdr__cpp_to_py__100000B__10Hz__shmem_ds__best_effort,publish,pub,cpp_to_py,copy,exp,xcdr,shmem_ds,100000,10,0,measured,16,2026-09-09T14:39:29.132221Z,157962794293681,157962794293681,-1,-1,-1,ok,
exp_copy_xcdr__cpp_to_py__100000B__10Hz__shmem_ds__best_effort,publish,pub,cpp_to_py,copy,exp,xcdr,shmem_ds,100000,10,0,measured,17,2026-09-09T14:39:29.232729Z,157962894795495,157962894795495,-1,-1,-1,ok,
exp_copy_xcdr__cpp_to_py__100000B__10Hz__shmem_ds__best_effort,publish,pub,cpp_to_py,copy,exp,xcdr,shmem_ds,100000,10,0,measured,18,2026-09-09T14:39:29.332619Z,157962994698154,157962994698154,-1,-1,-1,ok,
exp_copy_xcdr__cpp_to_py__100000B__10Hz__shmem_ds__best_effort,publish,pub,cpp_to_py,copy,exp,xcdr,shmem_ds,100000,10,0,measured,19,2026-09-09T14:39:29.431727Z,157963093789440,157963093789440,-1,-1,-1,ok,
exp_copy_xcdr__cpp_to_py__100000B__10Hz__shmem_ds__best_effort,publish,pub,cpp_to_py,copy,exp,xcdr,shmem_ds,100000,10,0,measured,20,2026-09-09T14:39:29.530837Z,157963192918677,157963192918677,-1,-1,-1,ok,
exp_copy_xcdr__cpp_to_py__100000B__10Hz__shmem_ds__best_effort,publish,pub,cpp_to_py,copy,exp,xcdr,shmem_ds,100000,10,0,measured,21,2026-09-09T14:39:29.631341Z,157963293415740,157963293415740,-1,-1,-1,ok,
exp_copy_xcdr__cpp_to_py__100000B__10Hz__shmem_ds__best_effort,publish,pub,cpp_to_py,copy,exp,xcdr,shmem_ds,100000,10,0,measured,22,2026-09-09T14:39:29.730632Z,157963392713937,157963392713937,-1,-1,-1,ok,
exp_copy_xcdr__cpp_to_py__100000B__10Hz__shmem_ds__best_effort,publish,pub,cpp_to_py,copy,exp,xcdr,shmem_ds,100000,10,0,measured,23,2026-09-09T14:39:29.830457Z,157963492561302,157963492561302,-1,-1,-1,ok,
exp_copy_xcdr__cpp_to_py__100000B__10Hz__shmem_ds__best_effort,publish,pub,cpp_to_py,copy,exp,xcdr,shmem_ds,100000,10,0,measured,24,2026-09-09T14:39:29.929697Z,157963591765350,157963591765350,-1,-1,-1,ok,
exp_copy_xcdr__cpp_to_py__100000B__10Hz__shmem_ds__best_effort,publish,pub,cpp_to_py,copy,exp,xcdr,shmem_ds,100000,10,0,measured,25,2026-09-09T14:39:30.028983Z,157963691052577,157963691052577,-1,-1,-1,ok,
exp_copy_xcdr__cpp_to_py__100000B__10Hz__shmem_ds__best_effort,publish,pub,cpp_to_py,copy,exp,xcdr,shmem_ds,100000,10,0,measured,26,2026-09-09T14:39:30.128148Z,157963790239984,157963790239984,-1,-1,-1,ok,
exp_copy_xcdr__cpp_to_py__100000B__10Hz__shmem_ds__best_effort,publish,pub,cpp_to_py,copy,exp,xcdr,shmem_ds,100000,10,0,measured,27,2026-09-09T14:39:30.228262Z,157963890308178,157963890308178,-1,-1,-1,ok,
exp_copy_xcdr__cpp_to_py__100000B__10Hz__shmem_ds__best_effort,publish,pub,cpp_to_py,copy,exp,xcdr,shmem_ds,100000,10,0,measured,28,2026-09-09T14:39:30.328126Z,157963990194388,157963990194388,-1,-1,-1,ok,
exp_copy_xcdr__cpp_to_py__100000B__10Hz__shmem_ds__best_effort,publish,pub,cpp_to_py,copy,exp,xcdr,shmem_ds,100000,10,0,measured,29,2026-09-09T14:39:30.428675Z,157964090742340,157964090742340,-1,-1,-1,ok,
exp_copy_xcdr__cpp_to_py__100000B__10Hz__shmem_ds__best_effort,publish,pub,cpp_to_py,copy,exp,xcdr,shmem_ds,100000,10,0,measured,30,2026-09-09T14:39:30.528009Z,157964189993829,157964189993829,-1,-1,-1,ok,
exp_copy_xcdr__cpp_to_py__100000B__10Hz__shmem_ds__best_effort,publish,pub,cpp_to_py,copy,exp,xcdr,shmem_ds,100000,10,0,measured,31,2026-09-09T14:39:30.628435Z,157964290480314,157964290480314,-1,-1,-1,ok,
exp_copy_xcdr__cpp_to_py__100000B__10Hz__shmem_ds__best_effort,publish,pub,cpp_to_py,copy,exp,xcdr,shmem_ds,100000,10,0,measured,32,2026-09-09T14:39:30.728052Z,157964390128063,157964390128063,-1,-1,-1,ok,
exp_copy_xcdr__cpp_to_py__100000B__10Hz__shmem_ds__best_effort,publish,pub,cpp_to_py,copy,exp,xcdr,shmem_ds,100000,10,0,measured,33,2026-09-09T14:39:30.828570Z,157964490627533,157964490627533,-1,-1,-1,ok,
exp_copy_xcdr__cpp_to_py__100000B__10Hz__shmem_ds__best_effort,publish,pub,cpp_to_py,copy,exp,xcdr,shmem_ds,100000,10,0,measured,34,2026-09-09T14:39:30.929177Z,157964591232793,157964591232793,-1,-1,-1,ok,
exp_copy_xcdr__cpp_to_py__100000B__10Hz__shmem_ds__best_effort,publish,pub,cpp_to_py,copy,exp,xcdr,shmem_ds,100000,10,0,measured,35,2026-09-09T14:39:31.028296Z,157964690324400,157964690324400,-1,-1,-1,ok,
exp_copy_xcdr__cpp_to_py__100000B__10Hz__shmem_ds__best_effort,publish,pub,cpp_to_py,copy,exp,xcdr,shmem_ds,100000,10,0,measured,36,2026-09-09T14:39:31.129111Z,157964791175636,157964791175636,-1,-1,-1,ok,
exp_copy_xcdr__cpp_to_py__100000B__10Hz__shmem_ds__best_effort,publish,pub,cpp_to_py,copy,exp,xcdr,shmem_ds,100000,10,0,measured,37,2026-09-09T14:39:31.229591Z,157964891662073,157964891662073,-1,-1,-1,ok,
exp_copy_xcdr__cpp_to_py__100000B__10Hz__shmem_ds__best_effort,publish,pub,cpp_to_py,copy,exp,xcdr,shmem_ds,100000,10,0,measured,38,2026-09-09T14:39:31.329412Z,157964991492288,157964991492288,-1,-1,-1,ok,
exp_copy_xcdr__cpp_to_py__100000B__10Hz__shmem_ds__best_effort,publish,pub,cpp_to_py,copy,exp,xcdr,shmem_ds,100000,10,0,measured,39,2026-09-09T14:39:31.429020Z,157965091088941,157965091088941,-1,-1,-1,ok,
exp_copy_xcdr__cpp_to_py__100000B__10Hz__shmem_ds__best_effort,publish,pub,cpp_to_py,copy,exp,xcdr,shmem_ds,100000,10,0,measured,40,2026-09-09T14:39:31.528031Z,157965190128529,157965190128529,-1,-1,-1,ok,
exp_copy_xcdr__cpp_to_py__100000B__10Hz__shmem_ds__best_effort,publish,pub,cpp_to_py,copy,exp,xcdr,shmem_ds,100000,10,0,measured,41,2026-09-09T14:39:31.628457Z,157965290529485,157965290529485,-1,-1,-1,ok,
exp_copy_xcdr__cpp_to_py__100000B__10Hz__shmem_ds__best_effort,publish,pub,cpp_to_py,copy,exp,xcdr,shmem_ds,100000,10,0,measured,42,2026-09-09T14:39:31.728353Z,157965390445281,157965390445281,-1,-1,-1,ok,
exp_copy_xcdr__cpp_to_py__100000B__10Hz__shmem_ds__best_effort,publish,pub,cpp_to_py,copy,exp,xcdr,shmem_ds,100000,10,0,measured,43,2026-09-09T14:39:31.828465Z,157965490523013,157965490523013,-1,-1,-1,ok,
exp_copy_xcdr__cpp_to_py__100000B__10Hz__shmem_ds__best_effort,publish,pub,cpp_to_py,copy,exp,xcdr,shmem_ds,100000,10,0,measured,44,2026-09-09T14:39:31.928414Z,157965590496499,157965590496499,-1,-1,-1,ok,
exp_copy_xcdr__cpp_to_py__100000B__10Hz__shmem_ds__best_effort,publish,pub,cpp_to_py,copy,exp,xcdr,shmem_ds,100000,10,0,measured,45,2026-09-09T14:39:32.027886Z,157965689922399,157965689922399,-1,-1,-1,ok,
exp_copy_xcdr__cpp_to_py__100000B__10Hz__shmem_ds__best_effort,publish,pub,cpp_to_py,copy,exp,xcdr,shmem_ds,100000,10,0,measured,46,2026-09-09T14:39:32.128040Z,157965790133866,157965790133866,-1,-1,-1,ok,
exp_copy_xcdr__cpp_to_py__100000B__10Hz__shmem_ds__best_effort,publish,pub,cpp_to_py,copy,exp,xcdr,shmem_ds,100000,10,0,measured,47,2026-09-09T14:39:32.228072Z,157965890125897,157965890125897,-1,-1,-1,ok,
exp_copy_xcdr__cpp_to_py__100000B__10Hz__shmem_ds__best_effort,publish,pub,cpp_to_py,copy,exp,xcdr,shmem_ds,100000,10,0,measured,48,2026-09-09T14:39:32.327848Z,157965989891581,157965989891581,-1,-1,-1,ok,
exp_copy_xcdr__cpp_to_py__100000B__10Hz__shmem_ds__best_effort,publish,pub,cpp_to_py,copy,exp,xcdr,shmem_ds,100000,10,0,measured,49,2026-09-09T14:39:32.428185Z,157966090228566,157966090228566,-1,-1,-1,ok,
exp_copy_xcdr__cpp_to_py__100000B__10Hz__shmem_ds__best_effort,publish,pub,cpp_to_py,copy,exp,xcdr,shmem_ds,100000,10,0,measured,50,2026-09-09T14:39:32.527960Z,157966190055074,157966190055074,-1,-1,-1,ok,
exp_copy_xcdr__cpp_to_py__100000B__10Hz__shmem_ds__best_effort,publish,pub,cpp_to_py,copy,exp,xcdr,shmem_ds,100000,10,0,measured,51,2026-09-09T14:39:32.627855Z,157966289926318,157966289926318,-1,-1,-1,ok,
exp_copy_xcdr__cpp_to_py__100000B__10Hz__shmem_ds__best_effort,publish,pub,cpp_to_py,copy,exp,xcdr,shmem_ds,100000,10,0,measured,52,2026-09-09T14:39:32.727052Z,157966389111312,157966389111312,-1,-1,-1,ok,
exp_copy_xcdr__cpp_to_py__100000B__10Hz__shmem_ds__best_effort,publish,pub,cpp_to_py,copy,exp,xcdr,shmem_ds,100000,10,0,measured,53,2026-09-09T14:39:32.826290Z,157966488266270,157966488266270,-1,-1,-1,ok,
exp_copy_xcdr__cpp_to_py__100000B__10Hz__shmem_ds__best_effort,publish,pub,cpp_to_py,copy,exp,xcdr,shmem_ds,100000,10,0,measured,54,2026-09-09T14:39:32.926861Z,157966588899946,157966588899946,-1,-1,-1,ok,
exp_copy_xcdr__cpp_to_py__100000B__10Hz__shmem_ds__best_effort,publish,pub,cpp_to_py,copy,exp,xcdr,shmem_ds,100000,10,0,measured,55,2026-09-09T14:39:33.026840Z,157966688860237,157966688860237,-1,-1,-1,ok,
exp_copy_xcdr__cpp_to_py__100000B__10Hz__shmem_ds__best_effort,publish,pub,cpp_to_py,copy,exp,xcdr,shmem_ds,100000,10,0,measured,56,2026-09-09T14:39:33.126827Z,157966788741370,157966788741370,-1,-1,-1,ok,
exp_copy_xcdr__cpp_to_py__100000B__10Hz__shmem_ds__best_effort,publish,pub,cpp_to_py,copy,exp,xcdr,shmem_ds,100000,10,0,measured,57,2026-09-09T14:39:33.227636Z,157966889731521,157966889731521,-1,-1,-1,ok,
exp_copy_xcdr__cpp_to_py__100000B__10Hz__shmem_ds__best_effort,publish,pub,cpp_to_py,copy,exp,xcdr,shmem_ds,100000,10,0,measured,58,2026-09-09T14:39:33.327827Z,157966989918893,157966989918893,-1,-1,-1,ok,
exp_copy_xcdr__cpp_to_py__100000B__10Hz__shmem_ds__best_effort,publish,pub,cpp_to_py,copy,exp,xcdr,shmem_ds,100000,10,0,measured,59,2026-09-09T14:39:33.428072Z,157967090159075,157967090159075,-1,-1,-1,ok,
exp_copy_xcdr__cpp_to_py__100000B__10Hz__shmem_ds__best_effort,publish,pub,cpp_to_py,copy,exp,xcdr,shmem_ds,100000,10,0,measured,60,2026-09-09T14:39:33.528217Z,157967190310199,157967190310199,-1,-1,-1,ok,
exp_copy_xcdr__cpp_to_py__100000B__10Hz__shmem_ds__best_effort,publish,pub,cpp_to_py,copy,exp,xcdr,shmem_ds,100000,10,0,measured,61,2026-09-09T14:39:33.628953Z,157967291033074,157967291033074,-1,-1,-1,ok,
exp_copy_xcdr__cpp_to_py__100000B__10Hz__shmem_ds__best_effort,publish,pub,cpp_to_py,copy,exp,xcdr,shmem_ds,100000,10,0,measured,62,2026-09-09T14:39:33.728904Z,157967390987165,157967390987165,-1,-1,-1,ok,
exp_copy_xcdr__cpp_to_py__100000B__10Hz__shmem_ds__best_effort,publish,pub,cpp_to_py,copy,exp,xcdr,shmem_ds,100000,10,0,measured,63,2026-09-09T14:39:33.829545Z,157967491634497,157967491634497,-1,-1,-1,ok,
exp_copy_xcdr__cpp_to_py__100000B__10Hz__shmem_ds__best_effort,publish,pub,cpp_to_py,copy,exp,xcdr,shmem_ds,100000,10,0,measured,64,2026-09-09T14:39:33.929540Z,157967591619716,157967591619716,-1,-1,-1,ok,
exp_copy_xcdr__cpp_to_py__100000B__10Hz__shmem_ds__best_effort,publish,pub,cpp_to_py,copy,exp,xcdr,shmem_ds,100000,10,0,measured,65,2026-09-09T14:39:34.029437Z,157967691509075,157967691509075,-1,-1,-1,ok,
exp_copy_xcdr__cpp_to_py__100000B__10Hz__shmem_ds__best_effort,publish,pub,cpp_to_py,copy,exp,xcdr,shmem_ds,100000,10,0,measured,66,2026-09-09T14:39:34.129035Z,157967791126470,157967791126470,-1,-1,-1,ok,
exp_copy_xcdr__cpp_to_py__100000B__10Hz__shmem_ds__best_effort,publish,pub,cpp_to_py,copy,exp,xcdr,shmem_ds,100000,10,0,measured,67,2026-09-09T14:39:34.228627Z,157967890725289,157967890725289,-1,-1,-1,ok,
exp_copy_xcdr__cpp_to_py__100000B__10Hz__shmem_ds__best_effort,publish,pub,cpp_to_py,copy,exp,xcdr,shmem_ds,100000,10,0,measured,68,2026-09-09T14:39:34.328673Z,157967990767507,157967990767507,-1,-1,-1,ok,
exp_copy_xcdr__cpp_to_py__100000B__10Hz__shmem_ds__best_effort,publish,pub,cpp_to_py,copy,exp,xcdr,shmem_ds,100000,10,0,measured,69,2026-09-09T14:39:34.428414Z,157968090497264,157968090497264,-1,-1,-1,ok,
exp_copy_xcdr__cpp_to_py__100000B__10Hz__shmem_ds__best_effort,publish,pub,cpp_to_py,copy,exp,xcdr,shmem_ds,100000,10,0,measured,70,2026-09-09T14:39:34.528913Z,157968191011115,157968191011115,-1,-1,-1,ok,
exp_copy_xcdr__cpp_to_py__100000B__10Hz__shmem_ds__best_effort,publish,pub,cpp_to_py,copy,exp,xcdr,shmem_ds,100000,10,0,measured,71,2026-09-09T14:39:34.628541Z,157968290636044,157968290636044,-1,-1,-1,ok,
exp_copy_xcdr__cpp_to_py__100000B__10Hz__shmem_ds__best_effort,publish,pub,cpp_to_py,copy,exp,xcdr,shmem_ds,100000,10,0,measured,72,2026-09-09T14:39:34.728963Z,157968391008717,157968391008717,-1,-1,-1,ok,
exp_copy_xcdr__cpp_to_py__100000B__10Hz__shmem_ds__best_effort,publish,pub,cpp_to_py,copy,exp,xcdr,shmem_ds,100000,10,0,measured,73,2026-09-09T14:39:34.829412Z,157968491469127,157968491469127,-1,-1,-1,ok,
exp_copy_xcdr__cpp_to_py__100000B__10Hz__shmem_ds__best_effort,publish,pub,cpp_to_py,copy,exp,xcdr,shmem_ds,100000,10,0,measured,74,2026-09-09T14:39:34.929708Z,157968591767751,157968591767751,-1,-1,-1,ok,
exp_copy_xcdr__cpp_to_py__100000B__10Hz__shmem_ds__best_effort,publish,pub,cpp_to_py,copy,exp,xcdr,shmem_ds,100000,10,0,measured,75,2026-09-09T14:39:35.030387Z,157968692402331,157968692402331,-1,-1,-1,ok,
exp_copy_xcdr__cpp_to_py__100000B__10Hz__shmem_ds__best_effort,publish,pub,cpp_to_py,copy,exp,xcdr,shmem_ds,100000,10,0,measured,76,2026-09-09T14:39:35.130988Z,157968792980914,157968792980914,-1,-1,-1,ok,
exp_copy_xcdr__cpp_to_py__100000B__10Hz__shmem_ds__best_effort,publish,pub,cpp_to_py,copy,exp,xcdr,shmem_ds,100000,10,0,measured,77,2026-09-09T14:39:35.231229Z,157968893281022,157968893281022,-1,-1,-1,ok,
exp_copy_xcdr__cpp_to_py__100000B__10Hz__shmem_ds__best_effort,publish,pub,cpp_to_py,copy,exp,xcdr,shmem_ds,100000,10,0,measured,78,2026-09-09T14:39:35.331877Z,157968993864645,157968993864645,-1,-1,-1,ok,
exp_copy_xcdr__cpp_to_py__100000B__10Hz__shmem_ds__best_effort,publish,pub,cpp_to_py,copy,exp,xcdr,shmem_ds,100000,10,0,measured,79,2026-09-09T14:39:35.431592Z,157969093671990,157969093671990,-1,-1,-1,ok,
exp_copy_xcdr__cpp_to_py__100000B__10Hz__shmem_ds__best_effort,publish,pub,cpp_to_py,copy,exp,xcdr,shmem_ds,100000,10,0,measured,80,2026-09-09T14:39:35.532451Z,157969194542095,157969194542095,-1,-1,-1,ok,
exp_copy_xcdr__cpp_to_py__100000B__10Hz__shmem_ds__best_effort,publish,pub,cpp_to_py,copy,exp,xcdr,shmem_ds,100000,10,0,measured,81,2026-09-09T14:39:35.632138Z,157969294240123,157969294240123,-1,-1,-1,ok,
exp_copy_xcdr__cpp_to_py__100000B__10Hz__shmem_ds__best_effort,publish,pub,cpp_to_py,copy,exp,xcdr,shmem_ds,100000,10,0,measured,82,2026-09-09T14:39:35.731735Z,157969393838111,157969393838111,-1,-1,-1,ok,
exp_copy_xcdr__cpp_to_py__100000B__10Hz__shmem_ds__best_effort,publish,pub,cpp_to_py,copy,exp,xcdr,shmem_ds,100000,10,0,measured,83,2026-09-09T14:39:35.832221Z,157969494314271,157969494314271,-1,-1,-1,ok,
exp_copy_xcdr__cpp_to_py__100000B__10Hz__shmem_ds__best_effort,publish,pub,cpp_to_py,copy,exp,xcdr,shmem_ds,100000,10,0,measured,84,2026-09-09T14:39:35.932414Z,157969594504981,157969594504981,-1,-1,-1,ok,
exp_copy_xcdr__cpp_to_py__100000B__10Hz__shmem_ds__best_effort,publish,pub,cpp_to_py,copy,exp,xcdr,shmem_ds,100000,10,0,measured,85,2026-09-09T14:39:36.032138Z,157969694207889,157969694207889,-1,-1,-1,ok,
exp_copy_xcdr__cpp_to_py__100000B__10Hz__shmem_ds__best_effort,publish,pub,cpp_to_py,copy,exp,xcdr,shmem_ds,100000,10,0,measured,86,2026-09-09T14:39:36.131525Z,157969793485191,157969793485191,-1,-1,-1,ok,
exp_copy_xcdr__cpp_to_py__100000B__10Hz__shmem_ds__best_effort,publish,pub,cpp_to_py,copy,exp,xcdr,shmem_ds,100000,10,0,measured,87,2026-09-09T14:39:36.231640Z,157969893734373,157969893734373,-1,-1,-1,ok,
exp_copy_xcdr__cpp_to_py__100000B__10Hz__shmem_ds__best_effort,publish,pub,cpp_to_py,copy,exp,xcdr,shmem_ds,100000,10,0,measured,88,2026-09-09T14:39:36.331849Z,157969993921136,157969993921136,-1,-1,-1,ok,
exp_copy_xcdr__cpp_to_py__100000B__10Hz__shmem_ds__best_effort,publish,pub,cpp_to_py,copy,exp,xcdr,shmem_ds,100000,10,0,measured,89,2026-09-09T14:39:36.431903Z,157970093964879,157970093964879,-1,-1,-1,ok,
exp_copy_xcdr__cpp_to_py__100000B__10Hz__shmem_ds__best_effort,publish,pub,cpp_to_py,copy,exp,xcdr,shmem_ds,100000,10,0,measured,90,2026-09-09T14:39:36.532100Z,157970194188092,157970194188092,-1,-1,-1,ok,
exp_copy_xcdr__cpp_to_py__100000B__10Hz__shmem_ds__best_effort,publish,pub,cpp_to_py,copy,exp,xcdr,shmem_ds,100000,10,0,measured,91,2026-09-09T14:39:36.631295Z,157970293306263,157970293306263,-1,-1,-1,ok,
exp_copy_xcdr__cpp_to_py__100000B__10Hz__shmem_ds__best_effort,publish,pub,cpp_to_py,copy,exp,xcdr,shmem_ds,100000,10,0,measured,92,2026-09-09T14:39:36.730912Z,157970393009081,157970393009081,-1,-1,-1,ok,
exp_copy_xcdr__cpp_to_py__100000B__10Hz__shmem_ds__best_effort,publish,pub,cpp_to_py,copy,exp,xcdr,shmem_ds,100000,10,0,measured,93,2026-09-09T14:39:36.831452Z,157970493514868,157970493514868,-1,-1,-1,ok,
exp_copy_xcdr__cpp_to_py__100000B__10Hz__shmem_ds__best_effort,publish,pub,cpp_to_py,copy,exp,xcdr,shmem_ds,100000,10,0,measured,94,2026-09-09T14:39:36.931680Z,157970593738422,157970593738422,-1,-1,-1,ok,
exp_copy_xcdr__cpp_to_py__100000B__10Hz__shmem_ds__best_effort,publish,pub,cpp_to_py,copy,exp,xcdr,shmem_ds,100000,10,0,measured,95,2026-09-09T14:39:37.031499Z,157970693531580,157970693531580,-1,-1,-1,ok,
exp_copy_xcdr__cpp_to_py__100000B__10Hz__shmem_ds__best_effort,publish,pub,cpp_to_py,copy,exp,xcdr,shmem_ds,100000,10,0,measured,96,2026-09-09T14:39:37.132329Z,157970794393231,157970794393231,-1,-1,-1,ok,
exp_copy_xcdr__cpp_to_py__100000B__10Hz__shmem_ds__best_effort,publish,pub,cpp_to_py,copy,exp,xcdr,shmem_ds,100000,10,0,measured,97,2026-09-09T14:39:37.232811Z,157970894873120,157970894873120,-1,-1,-1,ok,
exp_copy_xcdr__cpp_to_py__100000B__10Hz__shmem_ds__best_effort,publish,pub,cpp_to_py,copy,exp,xcdr,shmem_ds,100000,10,0,measured,98,2026-09-09T14:39:37.332256Z,157970994333881,157970994333881,-1,-1,-1,ok,
exp_copy_xcdr__cpp_to_py__100000B__10Hz__shmem_ds__best_effort,publish,pub,cpp_to_py,copy,exp,xcdr,shmem_ds,100000,10,0,measured,99,2026-09-09T14:39:37.432319Z,157971094394607,157971094394607,-1,-1,-1,ok,
exp_copy_xcdr__cpp_to_py__100000B__10Hz__shmem_ds__best_effort,publish,pub,cpp_to_py,copy,exp,xcdr,shmem_ds,100000,10,0,measured,100,2026-09-09T14:39:37.531555Z,157971193636493,157971193636493,-1,-1,-1,ok,
exp_copy_xcdr__cpp_to_py__100000B__10Hz__shmem_ds__best_effort,publish,pub,cpp_to_py,copy,exp,xcdr,shmem_ds,100000,10,0,measured,101,2026-09-09T14:39:37.632112Z,157971294212564,157971294212564,-1,-1,-1,ok,
exp_copy_xcdr__cpp_to_py__100000B__10Hz__shmem_ds__best_effort,publish,pub,cpp_to_py,copy,exp,xcdr,shmem_ds,100000,10,0,measured,102,2026-09-09T14:39:37.731577Z,157971393682682,157971393682682,-1,-1,-1,ok,
exp_copy_xcdr__cpp_to_py__100000B__10Hz__shmem_ds__best_effort,publish,pub,cpp_to_py,copy,exp,xcdr,shmem_ds,100000,10,0,measured,103,2026-09-09T14:39:37.830764Z,157971492865747,157971492865747,-1,-1,-1,ok,
exp_copy_xcdr__cpp_to_py__100000B__10Hz__shmem_ds__best_effort,publish,pub,cpp_to_py,copy,exp,xcdr,shmem_ds,100000,10,0,measured,104,2026-09-09T14:39:37.931586Z,157971593650433,157971593650433,-1,-1,-1,ok,
exp_copy_xcdr__cpp_to_py__100000B__10Hz__shmem_ds__best_effort,publish,pub,cpp_to_py,copy,exp,xcdr,shmem_ds,100000,10,0,measured,105,2026-09-09T14:39:38.031526Z,157971693595971,157971693595971,-1,-1,-1,ok,
exp_copy_xcdr__cpp_to_py__100000B__10Hz__shmem_ds__best_effort,publish,pub,cpp_to_py,copy,exp,xcdr,shmem_ds,100000,10,0,measured,106,2026-09-09T14:39:38.130767Z,157971792821276,157971792821276,-1,-1,-1,ok,
exp_copy_xcdr__cpp_to_py__100000B__10Hz__shmem_ds__best_effort,publish,pub,cpp_to_py,copy,exp,xcdr,shmem_ds,100000,10,0,measured,107,2026-09-09T14:39:38.231136Z,157971893204373,157971893204373,-1,-1,-1,ok,
exp_copy_xcdr__cpp_to_py__100000B__10Hz__shmem_ds__best_effort,publish,pub,cpp_to_py,copy,exp,xcdr,shmem_ds,100000,10,0,measured,108,2026-09-09T14:39:38.330389Z,157971992460737,157971992460737,-1,-1,-1,ok,
exp_copy_xcdr__cpp_to_py__100000B__10Hz__shmem_ds__best_effort,publish,pub,cpp_to_py,copy,exp,xcdr,shmem_ds,100000,10,0,measured,109,2026-09-09T14:39:38.430847Z,157972092899569,157972092899569,-1,-1,-1,ok,
exp_copy_xcdr__cpp_to_py__100000B__10Hz__shmem_ds__best_effort,publish,pub,cpp_to_py,copy,exp,xcdr,shmem_ds,100000,10,0,measured,110,2026-09-09T14:39:38.531069Z,157972193108927,157972193108927,-1,-1,-1,ok,
exp_copy_xcdr__cpp_to_py__100000B__10Hz__shmem_ds__best_effort,publish,pub,cpp_to_py,copy,exp,xcdr,shmem_ds,100000,10,0,measured,111,2026-09-09T14:39:38.630728Z,157972292817588,157972292817588,-1,-1,-1,ok,
exp_copy_xcdr__cpp_to_py__100000B__10Hz__shmem_ds__best_effort,publish,pub,cpp_to_py,copy,exp,xcdr,shmem_ds,100000,10,0,measured,112,2026-09-09T14:39:38.731395Z,157972393358192,157972393358192,-1,-1,-1,ok,
exp_copy_xcdr__cpp_to_py__100000B__10Hz__shmem_ds__best_effort,publish,pub,cpp_to_py,copy,exp,xcdr,shmem_ds,100000,10,0,measured,113,2026-09-09T14:39:38.832156Z,157972494216989,157972494216989,-1,-1,-1,ok,
exp_copy_xcdr__cpp_to_py__100000B__10Hz__shmem_ds__best_effort,publish,pub,cpp_to_py,copy,exp,xcdr,shmem_ds,100000,10,0,measured,114,2026-09-09T14:39:38.933163Z,157972595211522,157972595211522,-1,-1,-1,ok,
exp_copy_xcdr__cpp_to_py__100000B__10Hz__shmem_ds__best_effort,publish,pub,cpp_to_py,copy,exp,xcdr,shmem_ds,100000,10,0,measured,115,2026-09-09T14:39:39.032948Z,157972694993271,157972694993271,-1,-1,-1,ok,
exp_copy_xcdr__cpp_to_py__100000B__10Hz__shmem_ds__best_effort,publish,pub,cpp_to_py,copy,exp,xcdr,shmem_ds,100000,10,0,measured,116,2026-09-09T14:39:39.132665Z,157972794733943,157972794733943,-1,-1,-1,ok,
exp_copy_xcdr__cpp_to_py__100000B__10Hz__shmem_ds__best_effort,publish,pub,cpp_to_py,copy,exp,xcdr,shmem_ds,100000,10,0,measured,117,2026-09-09T14:39:39.233318Z,157972895396399,157972895396399,-1,-1,-1,ok,
exp_copy_xcdr__cpp_to_py__100000B__10Hz__shmem_ds__best_effort,publish,pub,cpp_to_py,copy,exp,xcdr,shmem_ds,100000,10,0,measured,118,2026-09-09T14:39:39.333962Z,157972995935902,157972995935902,-1,-1,-1,ok,
exp_copy_xcdr__cpp_to_py__100000B__10Hz__shmem_ds__best_effort,publish,pub,cpp_to_py,copy,exp,xcdr,shmem_ds,100000,10,0,measured,119,2026-09-09T14:39:39.434198Z,157973096244177,157973096244177,-1,-1,-1,ok,
exp_copy_xcdr__cpp_to_py__100000B__10Hz__shmem_ds__best_effort,publish,pub,cpp_to_py,copy,exp,xcdr,shmem_ds,100000,10,0,measured,120,2026-09-09T14:39:39.534963Z,157973197009979,157973197009979,-1,-1,-1,ok,
exp_copy_xcdr__cpp_to_py__100000B__10Hz__shmem_ds__best_effort,publish,pub,cpp_to_py,copy,exp,xcdr,shmem_ds,100000,10,0,measured,121,2026-09-09T14:39:39.634079Z,157973296142450,157973296142450,-1,-1,-1,ok,
exp_copy_xcdr__cpp_to_py__100000B__10Hz__shmem_ds__best_effort,publish,pub,cpp_to_py,copy,exp,xcdr,shmem_ds,100000,10,0,measured,122,2026-09-09T14:39:39.733839Z,157973395786980,157973395786980,-1,-1,-1,ok,
exp_copy_xcdr__cpp_to_py__100000B__10Hz__shmem_ds__best_effort,publish,pub,cpp_to_py,copy,exp,xcdr,shmem_ds,100000,10,0,measured,123,2026-09-09T14:39:39.833282Z,157973495377366,157973495377366,-1,-1,-1,ok,
exp_copy_xcdr__cpp_to_py__100000B__10Hz__shmem_ds__best_effort,publish,pub,cpp_to_py,copy,exp,xcdr,shmem_ds,100000,10,0,measured,124,2026-09-09T14:39:39.933137Z,157973595211355,157973595211355,-1,-1,-1,ok,
exp_copy_xcdr__cpp_to_py__100000B__10Hz__shmem_ds__best_effort,publish,pub,cpp_to_py,copy,exp,xcdr,shmem_ds,100000,10,0,measured,125,2026-09-09T14:39:40.032521Z,157973694536751,157973694536751,-1,-1,-1,ok,
exp_copy_xcdr__cpp_to_py__100000B__10Hz__shmem_ds__best_effort,publish,pub,cpp_to_py,copy,exp,xcdr,shmem_ds,100000,10,0,measured,126,2026-09-09T14:39:40.133175Z,157973795233422,157973795233422,-1,-1,-1,ok,
exp_copy_xcdr__cpp_to_py__100000B__10Hz__shmem_ds__best_effort,publish,pub,cpp_to_py,copy,exp,xcdr,shmem_ds,100000,10,0,measured,127,2026-09-09T14:39:40.233205Z,157973895208538,157973895208538,-1,-1,-1,ok,
exp_copy_xcdr__cpp_to_py__100000B__10Hz__shmem_ds__best_effort,publish,pub,cpp_to_py,copy,exp,xcdr,shmem_ds,100000,10,0,measured,128,2026-09-09T14:39:40.332761Z,157973994790391,157973994790391,-1,-1,-1,ok,
exp_copy_xcdr__cpp_to_py__100000B__10Hz__shmem_ds__best_effort,publish,pub,cpp_to_py,copy,exp,xcdr,shmem_ds,100000,10,0,measured,129,2026-09-09T14:39:40.433375Z,157974095427740,157974095427740,-1,-1,-1,ok,
exp_copy_xcdr__cpp_to_py__100000B__10Hz__shmem_ds__best_effort,publish,pub,cpp_to_py,copy,exp,xcdr,shmem_ds,100000,10,0,measured,130,2026-09-09T14:39:40.533227Z,157974195284823,157974195284823,-1,-1,-1,ok,
exp_copy_xcdr__cpp_to_py__100000B__10Hz__shmem_ds__best_effort,publish,pub,cpp_to_py,copy,exp,xcdr,shmem_ds,100000,10,0,measured,131,2026-09-09T14:39:40.632423Z,157974294446780,157974294446780,-1,-1,-1,ok,
exp_copy_xcdr__cpp_to_py__100000B__10Hz__shmem_ds__best_effort,publish,pub,cpp_to_py,copy,exp,xcdr,shmem_ds,100000,10,0,measured,132,2026-09-09T14:39:40.733162Z,157974395197725,157974395197725,-1,-1,-1,ok,
exp_copy_xcdr__cpp_to_py__100000B__10Hz__shmem_ds__best_effort,publish,pub,cpp_to_py,copy,exp,xcdr,shmem_ds,100000,10,0,measured,133,2026-09-09T14:39:40.833781Z,157974495781994,157974495781994,-1,-1,-1,ok,
exp_copy_xcdr__cpp_to_py__100000B__10Hz__shmem_ds__best_effort,publish,pub,cpp_to_py,copy,exp,xcdr,shmem_ds,100000,10,0,measured,134,2026-09-09T14:39:40.934570Z,157974596588173,157974596588173,-1,-1,-1,ok,
exp_copy_xcdr__cpp_to_py__100000B__10Hz__shmem_ds__best_effort,publish,pub,cpp_to_py,copy,exp,xcdr,shmem_ds,100000,10,0,measured,135,2026-09-09T14:39:41.035371Z,157974697297448,157974697297448,-1,-1,-1,ok,
exp_copy_xcdr__cpp_to_py__100000B__10Hz__shmem_ds__best_effort,publish,pub,cpp_to_py,copy,exp,xcdr,shmem_ds,100000,10,0,measured,136,2026-09-09T14:39:41.134285Z,157974796348066,157974796348066,-1,-1,-1,ok,
exp_copy_xcdr__cpp_to_py__100000B__10Hz__shmem_ds__best_effort,publish,pub,cpp_to_py,copy,exp,xcdr,shmem_ds,100000,10,0,measured,137,2026-09-09T14:39:41.234764Z,157974896833129,157974896833129,-1,-1,-1,ok,
exp_copy_xcdr__cpp_to_py__100000B__10Hz__shmem_ds__best_effort,publish,pub,cpp_to_py,copy,exp,xcdr,shmem_ds,100000,10,0,measured,138,2026-09-09T14:39:41.333912Z,157974995975460,157974995975460,-1,-1,-1,ok,
exp_copy_xcdr__cpp_to_py__100000B__10Hz__shmem_ds__best_effort,publish,pub,cpp_to_py,copy,exp,xcdr,shmem_ds,100000,10,0,measured,139,2026-09-09T14:39:41.433307Z,157975095388182,157975095388182,-1,-1,-1,ok,
exp_copy_xcdr__cpp_to_py__100000B__10Hz__shmem_ds__best_effort,publish,pub,cpp_to_py,copy,exp,xcdr,shmem_ds,100000,10,0,measured,140,2026-09-09T14:39:41.533594Z,157975195650934,157975195650934,-1,-1,-1,ok,
exp_copy_xcdr__cpp_to_py__100000B__10Hz__shmem_ds__best_effort,publish,pub,cpp_to_py,copy,exp,xcdr,shmem_ds,100000,10,0,measured,141,2026-09-09T14:39:41.633459Z,157975295534287,157975295534287,-1,-1,-1,ok,
exp_copy_xcdr__cpp_to_py__100000B__10Hz__shmem_ds__best_effort,publish,pub,cpp_to_py,copy,exp,xcdr,shmem_ds,100000,10,0,measured,142,2026-09-09T14:39:41.733111Z,157975395199859,157975395199859,-1,-1,-1,ok,
exp_copy_xcdr__cpp_to_py__100000B__10Hz__shmem_ds__best_effort,publish,pub,cpp_to_py,copy,exp,xcdr,shmem_ds,100000,10,0,measured,143,2026-09-09T14:39:41.832849Z,157975494911878,157975494911878,-1,-1,-1,ok,
exp_copy_xcdr__cpp_to_py__100000B__10Hz__shmem_ds__best_effort,publish,pub,cpp_to_py,copy,exp,xcdr,shmem_ds,100000,10,0,measured,144,2026-09-09T14:39:41.933257Z,157975595327558,157975595327558,-1,-1,-1,ok,
exp_copy_xcdr__cpp_to_py__100000B__10Hz__shmem_ds__best_effort,publish,pub,cpp_to_py,copy,exp,xcdr,shmem_ds,100000,10,0,measured,145,2026-09-09T14:39:42.032950Z,157975695009069,157975695009069,-1,-1,-1,ok,
exp_copy_xcdr__cpp_to_py__100000B__10Hz__shmem_ds__best_effort,publish,pub,cpp_to_py,copy,exp,xcdr,shmem_ds,100000,10,0,measured,146,2026-09-09T14:39:42.133390Z,157975795482811,157975795482811,-1,-1,-1,ok,
exp_copy_xcdr__cpp_to_py__100000B__10Hz__shmem_ds__best_effort,publish,pub,cpp_to_py,copy,exp,xcdr,shmem_ds,100000,10,0,measured,147,2026-09-09T14:39:42.232718Z,157975894809441,157975894809441,-1,-1,-1,ok,
exp_copy_xcdr__cpp_to_py__100000B__10Hz__shmem_ds__best_effort,publish,pub,cpp_to_py,copy,exp,xcdr,shmem_ds,100000,10,0,measured,148,2026-09-09T14:39:42.333018Z,157975995112980,157975995112980,-1,-1,-1,ok,
exp_copy_xcdr__cpp_to_py__100000B__10Hz__shmem_ds__best_effort,publish,pub,cpp_to_py,copy,exp,xcdr,shmem_ds,100000,10,0,measured,149,2026-09-09T14:39:42.432181Z,157976094278085,157976094278085,-1,-1,-1,ok,
exp_copy_xcdr__cpp_to_py__100000B__10Hz__shmem_ds__best_effort,publish,pub,cpp_to_py,copy,exp,xcdr,shmem_ds,100000,10,0,measured,150,2026-09-09T14:39:42.532010Z,157976194080396,157976194080396,-1,-1,-1,ok,
exp_copy_xcdr__cpp_to_py__100000B__10Hz__shmem_ds__best_effort,publish,pub,cpp_to_py,copy,exp,xcdr,shmem_ds,100000,10,0,measured,151,2026-09-09T14:39:42.631709Z,157976293796563,157976293796563,-1,-1,-1,ok,
exp_copy_xcdr__cpp_to_py__100000B__10Hz__shmem_ds__best_effort,publish,pub,cpp_to_py,copy,exp,xcdr,shmem_ds,100000,10,0,measured,152,2026-09-09T14:39:42.731755Z,157976393831805,157976393831805,-1,-1,-1,ok,
exp_copy_xcdr__cpp_to_py__100000B__10Hz__shmem_ds__best_effort,publish,pub,cpp_to_py,copy,exp,xcdr,shmem_ds,100000,10,0,measured,153,2026-09-09T14:39:42.832114Z,157976494174779,157976494174779,-1,-1,-1,ok,
exp_copy_xcdr__cpp_to_py__100000B__10Hz__shmem_ds__best_effort,publish,pub,cpp_to_py,copy,exp,xcdr,shmem_ds,100000,10,0,measured,154,2026-09-09T14:39:42.932575Z,157976594619445,157976594619445,-1,-1,-1,ok,
exp_copy_xcdr__cpp_to_py__100000B__10Hz__shmem_ds__best_effort,publish,pub,cpp_to_py,copy,exp,xcdr,shmem_ds,100000,10,0,measured,155,2026-09-09T14:39:43.032624Z,157976694628007,157976694628007,-1,-1,-1,ok,
exp_copy_xcdr__cpp_to_py__100000B__10Hz__shmem_ds__best_effort,publish,pub,cpp_to_py,copy,exp,xcdr,shmem_ds,100000,10,0,measured,156,2026-09-09T14:39:43.132571Z,157976794664812,157976794664812,-1,-1,-1,ok,
exp_copy_xcdr__cpp_to_py__100000B__10Hz__shmem_ds__best_effort,publish,pub,cpp_to_py,copy,exp,xcdr,shmem_ds,100000,10,0,measured,157,2026-09-09T14:39:43.232353Z,157976894457175,157976894457175,-1,-1,-1,ok,
exp_copy_xcdr__cpp_to_py__100000B__10Hz__shmem_ds__best_effort,publish,pub,cpp_to_py,copy,exp,xcdr,shmem_ds,100000,10,0,measured,158,2026-09-09T14:39:43.332935Z,157976995039513,157976995039513,-1,-1,-1,ok,
exp_copy_xcdr__cpp_to_py__100000B__10Hz__shmem_ds__best_effort,publish,pub,cpp_to_py,copy,exp,xcdr,shmem_ds,100000,10,0,measured,159,2026-09-09T14:39:43.432317Z,157977094416330,157977094416330,-1,-1,-1,ok,
exp_copy_xcdr__cpp_to_py__100000B__10Hz__shmem_ds__best_effort,publish,pub,cpp_to_py,copy,exp,xcdr,shmem_ds,100000,10,0,measured,160,2026-09-09T14:39:43.532070Z,157977194121558,157977194121558,-1,-1,-1,ok,
exp_copy_xcdr__cpp_to_py__100000B__10Hz__shmem_ds__best_effort,publish,pub,cpp_to_py,copy,exp,xcdr,shmem_ds,100000,10,0,measured,161,2026-09-09T14:39:43.632176Z,157977294226233,157977294226233,-1,-1,-1,ok,
exp_copy_xcdr__cpp_to_py__100000B__10Hz__shmem_ds__best_effort,publish,pub,cpp_to_py,copy,exp,xcdr,shmem_ds,100000,10,0,measured,162,2026-09-09T14:39:43.731290Z,157977393387120,157977393387120,-1,-1,-1,ok,
exp_copy_xcdr__cpp_to_py__100000B__10Hz__shmem_ds__best_effort,publish,pub,cpp_to_py,copy,exp,xcdr,shmem_ds,100000,10,0,measured,163,2026-09-09T14:39:43.830814Z,157977492859568,157977492859568,-1,-1,-1,ok,
exp_copy_xcdr__cpp_to_py__100000B__10Hz__shmem_ds__best_effort,publish,pub,cpp_to_py,copy,exp,xcdr,shmem_ds,100000,10,0,measured,164,2026-09-09T14:39:43.930622Z,157977592719158,157977592719158,-1,-1,-1,ok,
exp_copy_xcdr__cpp_to_py__100000B__10Hz__shmem_ds__best_effort,publish,pub,cpp_to_py,copy,exp,xcdr,shmem_ds,100000,10,0,measured,165,2026-09-09T14:39:44.030682Z,157977692675191,157977692675191,-1,-1,-1,ok,
exp_copy_xcdr__cpp_to_py__100000B__10Hz__shmem_ds__best_effort,publish,pub,cpp_to_py,copy,exp,xcdr,shmem_ds,100000,10,0,measured,166,2026-09-09T14:39:44.130008Z,157977792109737,157977792109737,-1,-1,-1,ok,
exp_copy_xcdr__cpp_to_py__100000B__10Hz__shmem_ds__best_effort,publish,pub,cpp_to_py,copy,exp,xcdr,shmem_ds,100000,10,0,measured,167,2026-09-09T14:39:44.230194Z,157977892295715,157977892295715,-1,-1,-1,ok,
exp_copy_xcdr__cpp_to_py__100000B__10Hz__shmem_ds__best_effort,publish,pub,cpp_to_py,copy,exp,xcdr,shmem_ds,100000,10,0,measured,168,2026-09-09T14:39:44.331176Z,157977993281066,157977993281066,-1,-1,-1,ok,
exp_copy_xcdr__cpp_to_py__100000B__10Hz__shmem_ds__best_effort,publish,pub,cpp_to_py,copy,exp,xcdr,shmem_ds,100000,10,0,measured,169,2026-09-09T14:39:44.432020Z,157978094086608,157978094086608,-1,-1,-1,ok,
exp_copy_xcdr__cpp_to_py__100000B__10Hz__shmem_ds__best_effort,publish,pub,cpp_to_py,copy,exp,xcdr,shmem_ds,100000,10,0,measured,170,2026-09-09T14:39:44.531761Z,157978193846069,157978193846069,-1,-1,-1,ok,
exp_copy_xcdr__cpp_to_py__100000B__10Hz__shmem_ds__best_effort,publish,pub,cpp_to_py,copy,exp,xcdr,shmem_ds,100000,10,0,measured,171,2026-09-09T14:39:44.631718Z,157978293807030,157978293807030,-1,-1,-1,ok,
exp_copy_xcdr__cpp_to_py__100000B__10Hz__shmem_ds__best_effort,publish,pub,cpp_to_py,copy,exp,xcdr,shmem_ds,100000,10,0,measured,172,2026-09-09T14:39:44.731325Z,157978393393174,157978393393174,-1,-1,-1,ok,
exp_copy_xcdr__cpp_to_py__100000B__10Hz__shmem_ds__best_effort,publish,pub,cpp_to_py,copy,exp,xcdr,shmem_ds,100000,10,0,measured,173,2026-09-09T14:39:44.831242Z,157978493300476,157978493300476,-1,-1,-1,ok,
exp_copy_xcdr__cpp_to_py__100000B__10Hz__shmem_ds__best_effort,publish,pub,cpp_to_py,copy,exp,xcdr,shmem_ds,100000,10,0,measured,174,2026-09-09T14:39:44.930867Z,157978592920754,157978592920754,-1,-1,-1,ok,
exp_copy_xcdr__cpp_to_py__100000B__10Hz__shmem_ds__best_effort,publish,pub,cpp_to_py,copy,exp,xcdr,shmem_ds,100000,10,0,measured,175,2026-09-09T14:39:45.030501Z,157978692506527,157978692506527,-1,-1,-1,ok,
exp_copy_xcdr__cpp_to_py__100000B__10Hz__shmem_ds__best_effort,publish,pub,cpp_to_py,copy,exp,xcdr,shmem_ds,100000,10,0,measured,176,2026-09-09T14:39:45.130290Z,157978792395925,157978792395925,-1,-1,-1,ok,
exp_copy_xcdr__cpp_to_py__100000B__10Hz__shmem_ds__best_effort,publish,pub,cpp_to_py,copy,exp,xcdr,shmem_ds,100000,10,0,measured,177,2026-09-09T14:39:45.230575Z,157978892679239,157978892679239,-1,-1,-1,ok,
exp_copy_xcdr__cpp_to_py__100000B__10Hz__shmem_ds__best_effort,publish,pub,cpp_to_py,copy,exp,xcdr,shmem_ds,100000,10,0,measured,178,2026-09-09T14:39:45.329697Z,157978991803759,157978991803759,-1,-1,-1,ok,
exp_copy_xcdr__cpp_to_py__100000B__10Hz__shmem_ds__best_effort,publish,pub,cpp_to_py,copy,exp,xcdr,shmem_ds,100000,10,0,measured,179,2026-09-09T14:39:45.429735Z,157979091831229,157979091831229,-1,-1,-1,ok,
exp_copy_xcdr__cpp_to_py__100000B__10Hz__shmem_ds__best_effort,publish,pub,cpp_to_py,copy,exp,xcdr,shmem_ds,100000,10,0,measured,180,2026-09-09T14:39:45.529448Z,157979191532040,157979191532040,-1,-1,-1,ok,
exp_copy_xcdr__cpp_to_py__100000B__10Hz__shmem_ds__best_effort,publish,pub,cpp_to_py,copy,exp,xcdr,shmem_ds,100000,10,0,measured,181,2026-09-09T14:39:45.629973Z,157979292059796,157979292059796,-1,-1,-1,ok,
exp_copy_xcdr__cpp_to_py__100000B__10Hz__shmem_ds__best_effort,publish,pub,cpp_to_py,copy,exp,xcdr,shmem_ds,100000,10,0,measured,182,2026-09-09T14:39:45.729833Z,157979391917515,157979391917515,-1,-1,-1,ok,
exp_copy_xcdr__cpp_to_py__100000B__10Hz__shmem_ds__best_effort,publish,pub,cpp_to_py,copy,exp,xcdr,shmem_ds,100000,10,0,measured,183,2026-09-09T14:39:45.829239Z,157979491318359,157979491318359,-1,-1,-1,ok,
exp_copy_xcdr__cpp_to_py__100000B__10Hz__shmem_ds__best_effort,publish,pub,cpp_to_py,copy,exp,xcdr,shmem_ds,100000,10,0,measured,184,2026-09-09T14:39:45.928230Z,157979590317893,157979590317893,-1,-1,-1,ok,
exp_copy_xcdr__cpp_to_py__100000B__10Hz__shmem_ds__best_effort,publish,pub,cpp_to_py,copy,exp,xcdr,shmem_ds,100000,10,0,measured,185,2026-09-09T14:39:46.028613Z,157979690602429,157979690602429,-1,-1,-1,ok,
exp_copy_xcdr__cpp_to_py__100000B__10Hz__shmem_ds__best_effort,publish,pub,cpp_to_py,copy,exp,xcdr,shmem_ds,100000,10,0,measured,186,2026-09-09T14:39:46.128063Z,157979790139893,157979790139893,-1,-1,-1,ok,
exp_copy_xcdr__cpp_to_py__100000B__10Hz__shmem_ds__best_effort,publish,pub,cpp_to_py,copy,exp,xcdr,shmem_ds,100000,10,0,measured,187,2026-09-09T14:39:46.227403Z,157979889498166,157979889498166,-1,-1,-1,ok,
exp_copy_xcdr__cpp_to_py__100000B__10Hz__shmem_ds__best_effort,publish,pub,cpp_to_py,copy,exp,xcdr,shmem_ds,100000,10,0,measured,188,2026-09-09T14:39:46.328252Z,157979990297507,157979990297507,-1,-1,-1,ok,
exp_copy_xcdr__cpp_to_py__100000B__10Hz__shmem_ds__best_effort,publish,pub,cpp_to_py,copy,exp,xcdr,shmem_ds,100000,10,0,measured,189,2026-09-09T14:39:46.428881Z,157980090896148,157980090896148,-1,-1,-1,ok,
exp_copy_xcdr__cpp_to_py__100000B__10Hz__shmem_ds__best_effort,publish,pub,cpp_to_py,copy,exp,xcdr,shmem_ds,100000,10,0,measured,190,2026-09-09T14:39:46.528634Z,157980190707910,157980190707910,-1,-1,-1,ok,
exp_copy_xcdr__cpp_to_py__100000B__10Hz__shmem_ds__best_effort,publish,pub,cpp_to_py,copy,exp,xcdr,shmem_ds,100000,10,0,measured,191,2026-09-09T14:39:46.627871Z,157980289912323,157980289912323,-1,-1,-1,ok,
exp_copy_xcdr__cpp_to_py__100000B__10Hz__shmem_ds__best_effort,publish,pub,cpp_to_py,copy,exp,xcdr,shmem_ds,100000,10,0,measured,192,2026-09-09T14:39:46.728175Z,157980390257004,157980390257004,-1,-1,-1,ok,
exp_copy_xcdr__cpp_to_py__100000B__10Hz__shmem_ds__best_effort,publish,pub,cpp_to_py,copy,exp,xcdr,shmem_ds,100000,10,0,measured,193,2026-09-09T14:39:46.829192Z,157980491195568,157980491195568,-1,-1,-1,ok,
exp_copy_xcdr__cpp_to_py__100000B__10Hz__shmem_ds__best_effort,publish,pub,cpp_to_py,copy,exp,xcdr,shmem_ds,100000,10,0,measured,194,2026-09-09T14:39:46.928664Z,157980590732120,157980590732120,-1,-1,-1,ok,
exp_copy_xcdr__cpp_to_py__100000B__10Hz__shmem_ds__best_effort,publish,pub,cpp_to_py,copy,exp,xcdr,shmem_ds,100000,10,0,measured,195,2026-09-09T14:39:47.027901Z,157980689888171,157980689888171,-1,-1,-1,ok,
exp_copy_xcdr__cpp_to_py__100000B__10Hz__shmem_ds__best_effort,publish,pub,cpp_to_py,copy,exp,xcdr,shmem_ds,100000,10,0,measured,196,2026-09-09T14:39:47.128055Z,157980790143804,157980790143804,-1,-1,-1,ok,
exp_copy_xcdr__cpp_to_py__100000B__10Hz__shmem_ds__best_effort,publish,pub,cpp_to_py,copy,exp,xcdr,shmem_ds,100000,10,0,measured,197,2026-09-09T14:39:47.228197Z,157980890291912,157980890291912,-1,-1,-1,ok,
exp_copy_xcdr__cpp_to_py__100000B__10Hz__shmem_ds__best_effort,publish,pub,cpp_to_py,copy,exp,xcdr,shmem_ds,100000,10,0,measured,198,2026-09-09T14:39:47.327551Z,157980989650267,157980989650267,-1,-1,-1,ok,
exp_copy_xcdr__cpp_to_py__100000B__10Hz__shmem_ds__best_effort,publish,pub,cpp_to_py,copy,exp,xcdr,shmem_ds,100000,10,0,measured,199,2026-09-09T14:39:47.428338Z,157981090423148,157981090423148,-1,-1,-1,ok,
exp_copy_xcdr__cpp_to_py__100000B__10Hz__shmem_ds__best_effort,publish,pub,cpp_to_py,copy,exp,xcdr,shmem_ds,100000,10,0,measured,200,2026-09-09T14:39:47.528222Z,157981190315864,157981190315864,-1,-1,-1,ok,
exp_copy_xcdr__cpp_to_py__100000B__10Hz__shmem_ds__best_effort,publish,pub,cpp_to_py,copy,exp,xcdr,shmem_ds,100000,10,0,measured,201,2026-09-09T14:39:47.627434Z,157981289522492,157981289522492,-1,-1,-1,ok,
exp_copy_xcdr__cpp_to_py__100000B__10Hz__shmem_ds__best_effort,publish,pub,cpp_to_py,copy,exp,xcdr,shmem_ds,100000,10,0,measured,202,2026-09-09T14:39:47.726757Z,157981388848054,157981388848054,-1,-1,-1,ok,
exp_copy_xcdr__cpp_to_py__100000B__10Hz__shmem_ds__best_effort,publish,pub,cpp_to_py,copy,exp,xcdr,shmem_ds,100000,10,0,measured,203,2026-09-09T14:39:47.827603Z,157981489671291,157981489671291,-1,-1,-1,ok,
exp_copy_xcdr__cpp_to_py__100000B__10Hz__shmem_ds__best_effort,publish,pub,cpp_to_py,copy,exp,xcdr,shmem_ds,100000,10,0,measured,204,2026-09-09T14:39:47.927516Z,157981589580388,157981589580388,-1,-1,-1,ok,
exp_copy_xcdr__cpp_to_py__100000B__10Hz__shmem_ds__best_effort,publish,pub,cpp_to_py,copy,exp,xcdr,shmem_ds,100000,10,0,measured,205,2026-09-09T14:39:48.028191Z,157981690219155,157981690219155,-1,-1,-1,ok,
exp_copy_xcdr__cpp_to_py__100000B__10Hz__shmem_ds__best_effort,publish,pub,cpp_to_py,copy,exp,xcdr,shmem_ds,100000,10,0,measured,206,2026-09-09T14:39:48.127991Z,157981790051549,157981790051549,-1,-1,-1,ok,
exp_copy_xcdr__cpp_to_py__100000B__10Hz__shmem_ds__best_effort,publish,pub,cpp_to_py,copy,exp,xcdr,shmem_ds,100000,10,0,measured,207,2026-09-09T14:39:48.227855Z,157981889903998,157981889903998,-1,-1,-1,ok,
exp_copy_xcdr__cpp_to_py__100000B__10Hz__shmem_ds__best_effort,publish,pub,cpp_to_py,copy,exp,xcdr,shmem_ds,100000,10,0,measured,208,2026-09-09T14:39:48.327470Z,157981989550239,157981989550239,-1,-1,-1,ok,
exp_copy_xcdr__cpp_to_py__100000B__10Hz__shmem_ds__best_effort,publish,pub,cpp_to_py,copy,exp,xcdr,shmem_ds,100000,10,0,measured,209,2026-09-09T14:39:48.426652Z,157982088755475,157982088755475,-1,-1,-1,ok,
exp_copy_xcdr__cpp_to_py__100000B__10Hz__shmem_ds__best_effort,publish,pub,cpp_to_py,copy,exp,xcdr,shmem_ds,100000,10,0,measured,210,2026-09-09T14:39:48.526085Z,157982188149728,157982188149728,-1,-1,-1,ok,
exp_copy_xcdr__cpp_to_py__100000B__10Hz__shmem_ds__best_effort,publish,pub,cpp_to_py,copy,exp,xcdr,shmem_ds,100000,10,0,measured,211,2026-09-09T14:39:48.625562Z,157982287629814,157982287629814,-1,-1,-1,ok,
exp_copy_xcdr__cpp_to_py__100000B__10Hz__shmem_ds__best_effort,publish,pub,cpp_to_py,copy,exp,xcdr,shmem_ds,100000,10,0,measured,212,2026-09-09T14:39:48.726298Z,157982388386144,157982388386144,-1,-1,-1,ok,
exp_copy_xcdr__cpp_to_py__100000B__10Hz__shmem_ds__best_effort,publish,pub,cpp_to_py,copy,exp,xcdr,shmem_ds,100000,10,0,measured,213,2026-09-09T14:39:48.826243Z,157982488277599,157982488277599,-1,-1,-1,ok,
exp_copy_xcdr__cpp_to_py__100000B__10Hz__shmem_ds__best_effort,publish,pub,cpp_to_py,copy,exp,xcdr,shmem_ds,100000,10,0,measured,214,2026-09-09T14:39:48.925609Z,157982587690377,157982587690377,-1,-1,-1,ok,
exp_copy_xcdr__cpp_to_py__100000B__10Hz__shmem_ds__best_effort,publish,pub,cpp_to_py,copy,exp,xcdr,shmem_ds,100000,10,0,measured,215,2026-09-09T14:39:49.025009Z,157982687020691,157982687020691,-1,-1,-1,ok,
exp_copy_xcdr__cpp_to_py__100000B__10Hz__shmem_ds__best_effort,publish,pub,cpp_to_py,copy,exp,xcdr,shmem_ds,100000,10,0,measured,216,2026-09-09T14:39:49.124295Z,157982786367184,157982786367184,-1,-1,-1,ok,
exp_copy_xcdr__cpp_to_py__100000B__10Hz__shmem_ds__best_effort,publish,pub,cpp_to_py,copy,exp,xcdr,shmem_ds,100000,10,0,measured,217,2026-09-09T14:39:49.223577Z,157982885679333,157982885679333,-1,-1,-1,ok,
exp_copy_xcdr__cpp_to_py__100000B__10Hz__shmem_ds__best_effort,publish,pub,cpp_to_py,copy,exp,xcdr,shmem_ds,100000,10,0,measured,218,2026-09-09T14:39:49.322857Z,157982984926088,157982984926088,-1,-1,-1,ok,
exp_copy_xcdr__cpp_to_py__100000B__10Hz__shmem_ds__best_effort,publish,pub,cpp_to_py,copy,exp,xcdr,shmem_ds,100000,10,0,measured,219,2026-09-09T14:39:49.422333Z,157983084352634,157983084352634,-1,-1,-1,ok,
exp_copy_xcdr__cpp_to_py__100000B__10Hz__shmem_ds__best_effort,publish,pub,cpp_to_py,copy,exp,xcdr,shmem_ds,100000,10,0,measured,220,2026-09-09T14:39:49.523151Z,157983185252958,157983185252958,-1,-1,-1,ok,
exp_copy_xcdr__cpp_to_py__100000B__10Hz__shmem_ds__best_effort,publish,pub,cpp_to_py,copy,exp,xcdr,shmem_ds,100000,10,0,measured,221,2026-09-09T14:39:49.622979Z,157983285100640,157983285100640,-1,-1,-1,ok,
exp_copy_xcdr__cpp_to_py__100000B__10Hz__shmem_ds__best_effort,publish,pub,cpp_to_py,copy,exp,xcdr,shmem_ds,100000,10,0,measured,222,2026-09-09T14:39:49.722784Z,157983384893669,157983384893669,-1,-1,-1,ok,
exp_copy_xcdr__cpp_to_py__100000B__10Hz__shmem_ds__best_effort,publish,pub,cpp_to_py,copy,exp,xcdr,shmem_ds,100000,10,0,measured,223,2026-09-09T14:39:49.822050Z,157983484160443,157983484160443,-1,-1,-1,ok,
exp_copy_xcdr__cpp_to_py__100000B__10Hz__shmem_ds__best_effort,publish,pub,cpp_to_py,copy,exp,xcdr,shmem_ds,100000,10,0,measured,224,2026-09-09T14:39:49.921308Z,157983583418008,157983583418008,-1,-1,-1,ok,
exp_copy_xcdr__cpp_to_py__100000B__10Hz__shmem_ds__best_effort,publish,pub,cpp_to_py,copy,exp,xcdr,shmem_ds,100000,10,0,measured,225,2026-09-09T14:39:50.021134Z,157983683221908,157983683221908,-1,-1,-1,ok,
exp_copy_xcdr__cpp_to_py__100000B__10Hz__shmem_ds__best_effort,publish,pub,cpp_to_py,copy,exp,xcdr,shmem_ds,100000,10,0,measured,226,2026-09-09T14:39:50.120516Z,157983782617856,157983782617856,-1,-1,-1,ok,
exp_copy_xcdr__cpp_to_py__100000B__10Hz__shmem_ds__best_effort,publish,pub,cpp_to_py,copy,exp,xcdr,shmem_ds,100000,10,0,measured,227,2026-09-09T14:39:50.219836Z,157983881938481,157983881938481,-1,-1,-1,ok,
exp_copy_xcdr__cpp_to_py__100000B__10Hz__shmem_ds__best_effort,publish,pub,cpp_to_py,copy,exp,xcdr,shmem_ds,100000,10,0,measured,228,2026-09-09T14:39:50.319499Z,157983981612526,157983981612526,-1,-1,-1,ok,
exp_copy_xcdr__cpp_to_py__100000B__10Hz__shmem_ds__best_effort,publish,pub,cpp_to_py,copy,exp,xcdr,shmem_ds,100000,10,0,measured,229,2026-09-09T14:39:50.420252Z,157984082306862,157984082306862,-1,-1,-1,ok,
exp_copy_xcdr__cpp_to_py__100000B__10Hz__shmem_ds__best_effort,publish,pub,cpp_to_py,copy,exp,xcdr,shmem_ds,100000,10,0,measured,230,2026-09-09T14:39:50.520545Z,157984182605819,157984182605819,-1,-1,-1,ok,
exp_copy_xcdr__cpp_to_py__100000B__10Hz__shmem_ds__best_effort,publish,pub,cpp_to_py,copy,exp,xcdr,shmem_ds,100000,10,0,measured,231,2026-09-09T14:39:50.620149Z,157984282252622,157984282252622,-1,-1,-1,ok,
exp_copy_xcdr__cpp_to_py__100000B__10Hz__shmem_ds__best_effort,publish,pub,cpp_to_py,copy,exp,xcdr,shmem_ds,100000,10,0,measured,232,2026-09-09T14:39:50.721001Z,157984383108342,157984383108342,-1,-1,-1,ok,
exp_copy_xcdr__cpp_to_py__100000B__10Hz__shmem_ds__best_effort,publish,pub,cpp_to_py,copy,exp,xcdr,shmem_ds,100000,10,0,measured,233,2026-09-09T14:39:50.820875Z,157984482886784,157984482886784,-1,-1,-1,ok,
exp_copy_xcdr__cpp_to_py__100000B__10Hz__shmem_ds__best_effort,publish,pub,cpp_to_py,copy,exp,xcdr,shmem_ds,100000,10,0,measured,234,2026-09-09T14:39:50.920970Z,157984583066546,157984583066546,-1,-1,-1,ok,
exp_copy_xcdr__cpp_to_py__100000B__10Hz__shmem_ds__best_effort,publish,pub,cpp_to_py,copy,exp,xcdr,shmem_ds,100000,10,0,measured,235,2026-09-09T14:39:51.021036Z,157984683083340,157984683083340,-1,-1,-1,ok,
exp_copy_xcdr__cpp_to_py__100000B__10Hz__shmem_ds__best_effort,publish,pub,cpp_to_py,copy,exp,xcdr,shmem_ds,100000,10,0,measured,236,2026-09-09T14:39:51.120841Z,157984782926716,157984782926716,-1,-1,-1,ok,
exp_copy_xcdr__cpp_to_py__100000B__10Hz__shmem_ds__best_effort,publish,pub,cpp_to_py,copy,exp,xcdr,shmem_ds,100000,10,0,measured,237,2026-09-09T14:39:51.221085Z,157984883188563,157984883188563,-1,-1,-1,ok,
exp_copy_xcdr__cpp_to_py__100000B__10Hz__shmem_ds__best_effort,publish,pub,cpp_to_py,copy,exp,xcdr,shmem_ds,100000,10,0,measured,238,2026-09-09T14:39:51.322009Z,157984984060405,157984984060405,-1,-1,-1,ok,
exp_copy_xcdr__cpp_to_py__100000B__10Hz__shmem_ds__best_effort,publish,pub,cpp_to_py,copy,exp,xcdr,shmem_ds,100000,10,0,measured,239,2026-09-09T14:39:51.421332Z,157985083413774,157985083413774,-1,-1,-1,ok,
exp_copy_xcdr__cpp_to_py__100000B__10Hz__shmem_ds__best_effort,publish,pub,cpp_to_py,copy,exp,xcdr,shmem_ds,100000,10,0,measured,240,2026-09-09T14:39:51.521191Z,157985183269663,157985183269663,-1,-1,-1,ok,
exp_copy_xcdr__cpp_to_py__100000B__10Hz__shmem_ds__best_effort,publish,pub,cpp_to_py,copy,exp,xcdr,shmem_ds,100000,10,0,measured,241,2026-09-09T14:39:51.621827Z,157985283919174,157985283919174,-1,-1,-1,ok,
exp_copy_xcdr__cpp_to_py__100000B__10Hz__shmem_ds__best_effort,publish,pub,cpp_to_py,copy,exp,xcdr,shmem_ds,100000,10,0,measured,242,2026-09-09T14:39:51.722113Z,157985384206630,157985384206630,-1,-1,-1,ok,
exp_copy_xcdr__cpp_to_py__100000B__10Hz__shmem_ds__best_effort,publish,pub,cpp_to_py,copy,exp,xcdr,shmem_ds,100000,10,0,measured,243,2026-09-09T14:39:51.821268Z,157985483365080,157985483365080,-1,-1,-1,ok,
exp_copy_xcdr__cpp_to_py__100000B__10Hz__shmem_ds__best_effort,publish,pub,cpp_to_py,copy,exp,xcdr,shmem_ds,100000,10,0,measured,244,2026-09-09T14:39:51.921797Z,157985583916636,157985583916636,-1,-1,-1,ok,
exp_copy_xcdr__cpp_to_py__100000B__10Hz__shmem_ds__best_effort,publish,pub,cpp_to_py,copy,exp,xcdr,shmem_ds,100000,10,0,measured,245,2026-09-09T14:39:52.022171Z,157985684188833,157985684188833,-1,-1,-1,ok,
exp_copy_xcdr__cpp_to_py__100000B__10Hz__shmem_ds__best_effort,publish,pub,cpp_to_py,copy,exp,xcdr,shmem_ds,100000,10,0,measured,246,2026-09-09T14:39:52.122913Z,157985785006624,157985785006624,-1,-1,-1,ok,
exp_copy_xcdr__cpp_to_py__100000B__10Hz__shmem_ds__best_effort,publish,pub,cpp_to_py,copy,exp,xcdr,shmem_ds,100000,10,0,measured,247,2026-09-09T14:39:52.222348Z,157985884462407,157985884462407,-1,-1,-1,ok,
exp_copy_xcdr__cpp_to_py__100000B__10Hz__shmem_ds__best_effort,publish,pub,cpp_to_py,copy,exp,xcdr,shmem_ds,100000,10,0,measured,248,2026-09-09T14:39:52.323071Z,157985985193093,157985985193093,-1,-1,-1,ok,
exp_copy_xcdr__cpp_to_py__100000B__10Hz__shmem_ds__best_effort,publish,pub,cpp_to_py,copy,exp,xcdr,shmem_ds,100000,10,0,measured,249,2026-09-09T14:39:52.422588Z,157986084634969,157986084634969,-1,-1,-1,ok,
exp_copy_xcdr__cpp_to_py__100000B__10Hz__shmem_ds__best_effort,publish,pub,cpp_to_py,copy,exp,xcdr,shmem_ds,100000,10,0,measured,250,2026-09-09T14:39:52.522376Z,157986184456665,157986184456665,-1,-1,-1,ok,
exp_copy_xcdr__cpp_to_py__100000B__10Hz__shmem_ds__best_effort,publish,pub,cpp_to_py,copy,exp,xcdr,shmem_ds,100000,10,0,measured,251,2026-09-09T14:39:52.622174Z,157986284283571,157986284283571,-1,-1,-1,ok,
exp_copy_xcdr__cpp_to_py__100000B__10Hz__shmem_ds__best_effort,publish,pub,cpp_to_py,copy,exp,xcdr,shmem_ds,100000,10,0,measured,252,2026-09-09T14:39:52.722485Z,157986384543375,157986384543375,-1,-1,-1,ok,
exp_copy_xcdr__cpp_to_py__100000B__10Hz__shmem_ds__best_effort,publish,pub,cpp_to_py,copy,exp,xcdr,shmem_ds,100000,10,0,measured,253,2026-09-09T14:39:52.823389Z,157986485393016,157986485393016,-1,-1,-1,ok,
exp_copy_xcdr__cpp_to_py__100000B__10Hz__shmem_ds__best_effort,publish,pub,cpp_to_py,copy,exp,xcdr,shmem_ds,100000,10,0,measured,254,2026-09-09T14:39:52.923748Z,157986585835387,157986585835387,-1,-1,-1,ok,
exp_copy_xcdr__cpp_to_py__100000B__10Hz__shmem_ds__best_effort,publish,pub,cpp_to_py,copy,exp,xcdr,shmem_ds,100000,10,0,measured,255,2026-09-09T14:39:53.023358Z,157986685412470,157986685412470,-1,-1,-1,ok,
exp_copy_xcdr__cpp_to_py__100000B__10Hz__shmem_ds__best_effort,publish,pub,cpp_to_py,copy,exp,xcdr,shmem_ds,100000,10,0,measured,256,2026-09-09T14:39:53.122648Z,157986784767843,157986784767843,-1,-1,-1,ok,
exp_copy_xcdr__cpp_to_py__100000B__10Hz__shmem_ds__best_effort,publish,pub,cpp_to_py,copy,exp,xcdr,shmem_ds,100000,10,0,measured,257,2026-09-09T14:39:53.222159Z,157986884264324,157986884264324,-1,-1,-1,ok,
exp_copy_xcdr__cpp_to_py__100000B__10Hz__shmem_ds__best_effort,publish,pub,cpp_to_py,copy,exp,xcdr,shmem_ds,100000,10,0,measured,258,2026-09-09T14:39:53.321892Z,157986983985280,157986983985280,-1,-1,-1,ok,
exp_copy_xcdr__cpp_to_py__100000B__10Hz__shmem_ds__best_effort,publish,pub,cpp_to_py,copy,exp,xcdr,shmem_ds,100000,10,0,measured,259,2026-09-09T14:39:53.421062Z,157987083110148,157987083110148,-1,-1,-1,ok,
exp_copy_xcdr__cpp_to_py__100000B__10Hz__shmem_ds__best_effort,publish,pub,cpp_to_py,copy,exp,xcdr,shmem_ds,100000,10,0,measured,260,2026-09-09T14:39:53.520296Z,157987182413863,157987182413863,-1,-1,-1,ok,
exp_copy_xcdr__cpp_to_py__100000B__10Hz__shmem_ds__best_effort,publish,pub,cpp_to_py,copy,exp,xcdr,shmem_ds,100000,10,0,measured,261,2026-09-09T14:39:53.619402Z,157987281506591,157987281506591,-1,-1,-1,ok,
exp_copy_xcdr__cpp_to_py__100000B__10Hz__shmem_ds__best_effort,publish,pub,cpp_to_py,copy,exp,xcdr,shmem_ds,100000,10,0,measured,262,2026-09-09T14:39:53.718409Z,157987380533894,157987380533894,-1,-1,-1,ok,
exp_copy_xcdr__cpp_to_py__100000B__10Hz__shmem_ds__best_effort,publish,pub,cpp_to_py,copy,exp,xcdr,shmem_ds,100000,10,0,measured,263,2026-09-09T14:39:53.818339Z,157987480442404,157987480442404,-1,-1,-1,ok,
exp_copy_xcdr__cpp_to_py__100000B__10Hz__shmem_ds__best_effort,publish,pub,cpp_to_py,copy,exp,xcdr,shmem_ds,100000,10,0,measured,264,2026-09-09T14:39:53.917782Z,157987579907476,157987579907476,-1,-1,-1,ok,
exp_copy_xcdr__cpp_to_py__100000B__10Hz__shmem_ds__best_effort,publish,pub,cpp_to_py,copy,exp,xcdr,shmem_ds,100000,10,0,measured,265,2026-09-09T14:39:54.016898Z,157987678968523,157987678968523,-1,-1,-1,ok,
exp_copy_xcdr__cpp_to_py__100000B__10Hz__shmem_ds__best_effort,publish,pub,cpp_to_py,copy,exp,xcdr,shmem_ds,100000,10,0,measured,266,2026-09-09T14:39:54.116590Z,157987778681734,157987778681734,-1,-1,-1,ok,
exp_copy_xcdr__cpp_to_py__100000B__10Hz__shmem_ds__best_effort,publish,pub,cpp_to_py,copy,exp,xcdr,shmem_ds,100000,10,0,measured,267,2026-09-09T14:39:54.216688Z,157987878782931,157987878782931,-1,-1,-1,ok,
exp_copy_xcdr__cpp_to_py__100000B__10Hz__shmem_ds__best_effort,publish,pub,cpp_to_py,copy,exp,xcdr,shmem_ds,100000,10,0,measured,268,2026-09-09T14:39:54.316031Z,157987978126112,157987978126112,-1,-1,-1,ok,
exp_copy_xcdr__cpp_to_py__100000B__10Hz__shmem_ds__best_effort,publish,pub,cpp_to_py,copy,exp,xcdr,shmem_ds,100000,10,0,measured,269,2026-09-09T14:39:54.416483Z,157988078514181,157988078514181,-1,-1,-1,ok,
exp_copy_xcdr__cpp_to_py__100000B__10Hz__shmem_ds__best_effort,publish,pub,cpp_to_py,copy,exp,xcdr,shmem_ds,100000,10,0,measured,270,2026-09-09T14:39:54.516962Z,157988179083264,157988179083264,-1,-1,-1,ok,
exp_copy_xcdr__cpp_to_py__100000B__10Hz__shmem_ds__best_effort,publish,pub,cpp_to_py,copy,exp,xcdr,shmem_ds,100000,10,0,measured,271,2026-09-09T14:39:54.617001Z,157988279108726,157988279108726,-1,-1,-1,ok,
exp_copy_xcdr__cpp_to_py__100000B__10Hz__shmem_ds__best_effort,publish,pub,cpp_to_py,copy,exp,xcdr,shmem_ds,100000,10,0,measured,272,2026-09-09T14:39:54.716138Z,157988378254955,157988378254955,-1,-1,-1,ok,
exp_copy_xcdr__cpp_to_py__100000B__10Hz__shmem_ds__best_effort,publish,pub,cpp_to_py,copy,exp,xcdr,shmem_ds,100000,10,0,measured,273,2026-09-09T14:39:54.815295Z,157988477377108,157988477377108,-1,-1,-1,ok,
exp_copy_xcdr__cpp_to_py__100000B__10Hz__shmem_ds__best_effort,publish,pub,cpp_to_py,copy,exp,xcdr,shmem_ds,100000,10,0,measured,274,2026-09-09T14:39:54.915449Z,157988577548727,157988577548727,-1,-1,-1,ok,
exp_copy_xcdr__cpp_to_py__100000B__10Hz__shmem_ds__best_effort,publish,pub,cpp_to_py,copy,exp,xcdr,shmem_ds,100000,10,0,measured,275,2026-09-09T14:39:55.016481Z,157988678503769,157988678503769,-1,-1,-1,ok,
exp_copy_xcdr__cpp_to_py__100000B__10Hz__shmem_ds__best_effort,publish,pub,cpp_to_py,copy,exp,xcdr,shmem_ds,100000,10,0,measured,276,2026-09-09T14:39:55.116523Z,157988778559951,157988778559951,-1,-1,-1,ok,
exp_copy_xcdr__cpp_to_py__100000B__10Hz__shmem_ds__best_effort,publish,pub,cpp_to_py,copy,exp,xcdr,shmem_ds,100000,10,0,measured,277,2026-09-09T14:39:55.215832Z,157988877896701,157988877896701,-1,-1,-1,ok,
exp_copy_xcdr__cpp_to_py__100000B__10Hz__shmem_ds__best_effort,publish,pub,cpp_to_py,copy,exp,xcdr,shmem_ds,100000,10,0,measured,278,2026-09-09T14:39:55.316342Z,157988978378458,157988978378458,-1,-1,-1,ok,
exp_copy_xcdr__cpp_to_py__100000B__10Hz__shmem_ds__best_effort,publish,pub,cpp_to_py,copy,exp,xcdr,shmem_ds,100000,10,0,measured,279,2026-09-09T14:39:55.415589Z,157989077585503,157989077585503,-1,-1,-1,ok,
exp_copy_xcdr__cpp_to_py__100000B__10Hz__shmem_ds__best_effort,publish,pub,cpp_to_py,copy,exp,xcdr,shmem_ds,100000,10,0,measured,280,2026-09-09T14:39:55.515562Z,157989177637307,157989177637307,-1,-1,-1,ok,
exp_copy_xcdr__cpp_to_py__100000B__10Hz__shmem_ds__best_effort,publish,pub,cpp_to_py,copy,exp,xcdr,shmem_ds,100000,10,0,measured,281,2026-09-09T14:39:55.616281Z,157989278369468,157989278369468,-1,-1,-1,ok,
exp_copy_xcdr__cpp_to_py__100000B__10Hz__shmem_ds__best_effort,publish,pub,cpp_to_py,copy,exp,xcdr,shmem_ds,100000,10,0,measured,282,2026-09-09T14:39:55.717113Z,157989379206668,157989379206668,-1,-1,-1,ok,
exp_copy_xcdr__cpp_to_py__100000B__10Hz__shmem_ds__best_effort,publish,pub,cpp_to_py,copy,exp,xcdr,shmem_ds,100000,10,0,measured,283,2026-09-09T14:39:55.816422Z,157989478513050,157989478513050,-1,-1,-1,ok,
exp_copy_xcdr__cpp_to_py__100000B__10Hz__shmem_ds__best_effort,publish,pub,cpp_to_py,copy,exp,xcdr,shmem_ds,100000,10,0,measured,284,2026-09-09T14:39:55.916966Z,157989579066843,157989579066843,-1,-1,-1,ok,
exp_copy_xcdr__cpp_to_py__100000B__10Hz__shmem_ds__best_effort,publish,pub,cpp_to_py,copy,exp,xcdr,shmem_ds,100000,10,0,measured,285,2026-09-09T14:39:56.017903Z,157989679959288,157989679959288,-1,-1,-1,ok,
exp_copy_xcdr__cpp_to_py__100000B__10Hz__shmem_ds__best_effort,publish,pub,cpp_to_py,copy,exp,xcdr,shmem_ds,100000,10,0,measured,286,2026-09-09T14:39:56.117911Z,157989780030628,157989780030628,-1,-1,-1,ok,
exp_copy_xcdr__cpp_to_py__100000B__10Hz__shmem_ds__best_effort,publish,pub,cpp_to_py,copy,exp,xcdr,shmem_ds,100000,10,0,measured,287,2026-09-09T14:39:56.218341Z,157989880465207,157989880465207,-1,-1,-1,ok,
exp_copy_xcdr__cpp_to_py__100000B__10Hz__shmem_ds__best_effort,publish,pub,cpp_to_py,copy,exp,xcdr,shmem_ds,100000,10,0,measured,288,2026-09-09T14:39:56.317640Z,157989979766922,157989979766922,-1,-1,-1,ok,
exp_copy_xcdr__cpp_to_py__100000B__10Hz__shmem_ds__best_effort,publish,pub,cpp_to_py,copy,exp,xcdr,shmem_ds,100000,10,0,measured,289,2026-09-09T14:39:56.418771Z,157990080744208,157990080744208,-1,-1,-1,ok,
exp_copy_xcdr__cpp_to_py__100000B__10Hz__shmem_ds__best_effort,publish,pub,cpp_to_py,copy,exp,xcdr,shmem_ds,100000,10,0,measured,290,2026-09-09T14:39:56.517865Z,157990179947927,157990179947927,-1,-1,-1,ok,
exp_copy_xcdr__cpp_to_py__100000B__10Hz__shmem_ds__best_effort,publish,pub,cpp_to_py,copy,exp,xcdr,shmem_ds,100000,10,0,measured,291,2026-09-09T14:39:56.617170Z,157990279246917,157990279246917,-1,-1,-1,ok,
exp_copy_xcdr__cpp_to_py__100000B__10Hz__shmem_ds__best_effort,publish,pub,cpp_to_py,copy,exp,xcdr,shmem_ds,100000,10,0,measured,292,2026-09-09T14:39:56.717815Z,157990379902634,157990379902634,-1,-1,-1,ok,
exp_copy_xcdr__cpp_to_py__100000B__10Hz__shmem_ds__best_effort,publish,pub,cpp_to_py,copy,exp,xcdr,shmem_ds,100000,10,0,measured,293,2026-09-09T14:39:56.817736Z,157990479833048,157990479833048,-1,-1,-1,ok,
exp_copy_xcdr__cpp_to_py__100000B__10Hz__shmem_ds__best_effort,publish,pub,cpp_to_py,copy,exp,xcdr,shmem_ds,100000,10,0,measured,294,2026-09-09T14:39:56.918126Z,157990580232721,157990580232721,-1,-1,-1,ok,
exp_copy_xcdr__cpp_to_py__100000B__10Hz__shmem_ds__best_effort,publish,pub,cpp_to_py,copy,exp,xcdr,shmem_ds,100000,10,0,measured,295,2026-09-09T14:39:57.019159Z,157990681176924,157990681176924,-1,-1,-1,ok,
exp_copy_xcdr__cpp_to_py__100000B__10Hz__shmem_ds__best_effort,publish,pub,cpp_to_py,copy,exp,xcdr,shmem_ds,100000,10,0,measured,296,2026-09-09T14:39:57.118997Z,157990781100727,157990781100727,-1,-1,-1,ok,
exp_copy_xcdr__cpp_to_py__100000B__10Hz__shmem_ds__best_effort,publish,pub,cpp_to_py,copy,exp,xcdr,shmem_ds,100000,10,0,measured,297,2026-09-09T14:39:57.218059Z,157990880163200,157990880163200,-1,-1,-1,ok,
exp_copy_xcdr__cpp_to_py__100000B__10Hz__shmem_ds__best_effort,publish,pub,cpp_to_py,copy,exp,xcdr,shmem_ds,100000,10,0,measured,298,2026-09-09T14:39:57.318964Z,157990981069712,157990981069712,-1,-1,-1,ok,
exp_copy_xcdr__cpp_to_py__100000B__10Hz__shmem_ds__best_effort,publish,pub,cpp_to_py,copy,exp,xcdr,shmem_ds,100000,10,0,measured,299,2026-09-09T14:39:57.419396Z,157991081405303,157991081405303,-1,-1,-1,ok,
exp_copy_xcdr__cpp_to_py__100000B__10Hz__shmem_ds__best_effort,publish,pub,cpp_to_py,copy,exp,xcdr,shmem_ds,100000,10,0,measured,300,2026-09-09T14:39:57.519229Z,157991181308226,157991181308226,-1,-1,-1,ok,
exp_copy_xcdr__cpp_to_py__100000B__10Hz__shmem_ds__best_effort,receive,sub,cpp_to_py,copy,exp,xcdr,shmem_ds,100000,10,0,measured,0,2026-09-09T14:39:27.531868Z,157961193967691,157961193184720,157961193967691,1788964767530992769,1788964767531495701,ok,
exp_copy_xcdr__cpp_to_py__100000B__10Hz__shmem_ds__best_effort,receive,sub,cpp_to_py,copy,exp,xcdr,shmem_ds,100000,10,0,measured,1,2026-09-09T14:39:27.631889Z,157961294036494,157961293753028,157961294036494,1788964767631561277,1788964767631685643,ok,
exp_copy_xcdr__cpp_to_py__100000B__10Hz__shmem_ds__best_effort,receive,sub,cpp_to_py,copy,exp,xcdr,shmem_ds,100000,10,0,measured,2,2026-09-09T14:39:27.732097Z,157961394261793,157961394031006,157961394261793,1788964767731838134,1788964767731952731,ok,
exp_copy_xcdr__cpp_to_py__100000B__10Hz__shmem_ds__best_effort,receive,sub,cpp_to_py,copy,exp,xcdr,shmem_ds,100000,10,0,measured,3,2026-09-09T14:39:27.832695Z,157961494834189,157961494537157,157961494834189,1788964767832349244,1788964767832481264,ok,
exp_copy_xcdr__cpp_to_py__100000B__10Hz__shmem_ds__best_effort,receive,sub,cpp_to_py,copy,exp,xcdr,shmem_ds,100000,10,0,measured,4,2026-09-09T14:39:27.931956Z,157961594103188,157961593810865,157961594103188,1788964767931622922,1788964767931761054,ok,
exp_copy_xcdr__cpp_to_py__100000B__10Hz__shmem_ds__best_effort,receive,sub,cpp_to_py,copy,exp,xcdr,shmem_ds,100000,10,0,measured,5,2026-09-09T14:39:28.032778Z,157961694919848,157961694618838,157961694919848,1788964768032430043,1788964768032567143,ok,
exp_copy_xcdr__cpp_to_py__100000B__10Hz__shmem_ds__best_effort,receive,sub,cpp_to_py,copy,exp,xcdr,shmem_ds,100000,10,0,measured,6,2026-09-09T14:39:28.131973Z,157961794112843,157961793808247,157961794112843,1788964768131618891,1788964768131765429,ok,
exp_copy_xcdr__cpp_to_py__100000B__10Hz__shmem_ds__best_effort,receive,sub,cpp_to_py,copy,exp,xcdr,shmem_ds,100000,10,0,measured,7,2026-09-09T14:39:28.232072Z,157961894221694,157961893954368,157961894221694,1788964768231762537,1788964768231902212,ok,
exp_copy_xcdr__cpp_to_py__100000B__10Hz__shmem_ds__best_effort,receive,sub,cpp_to_py,copy,exp,xcdr,shmem_ds,100000,10,0,measured,8,2026-09-09T14:39:28.331849Z,157961993970241,157961993699939,157961993970241,1788964768331509141,1788964768331641792,ok,
exp_copy_xcdr__cpp_to_py__100000B__10Hz__shmem_ds__best_effort,receive,sub,cpp_to_py,copy,exp,xcdr,shmem_ds,100000,10,0,measured,9,2026-09-09T14:39:28.431331Z,157962093489254,157962093247286,157962093489254,1788964768431055636,1788964768431175583,ok,
exp_copy_xcdr__cpp_to_py__100000B__10Hz__shmem_ds__best_effort,receive,sub,cpp_to_py,copy,exp,xcdr,shmem_ds,100000,10,0,measured,10,2026-09-09T14:39:28.531160Z,157962193307995,157962193029969,157962193307995,1788964768530837397,1788964768530967533,ok,
exp_copy_xcdr__cpp_to_py__100000B__10Hz__shmem_ds__best_effort,receive,sub,cpp_to_py,copy,exp,xcdr,shmem_ds,100000,10,0,measured,11,2026-09-09T14:39:28.630159Z,157962292310540,157962292055027,157962292310540,1788964768629863056,1788964768629997681,ok,
exp_copy_xcdr__cpp_to_py__100000B__10Hz__shmem_ds__best_effort,receive,sub,cpp_to_py,copy,exp,xcdr,shmem_ds,100000,10,0,measured,12,2026-09-09T14:39:28.730184Z,157962392339730,157962392103773,157962392339730,1788964768729911191,1788964768730036859,ok,
exp_copy_xcdr__cpp_to_py__100000B__10Hz__shmem_ds__best_effort,receive,sub,cpp_to_py,copy,exp,xcdr,shmem_ds,100000,10,0,measured,13,2026-09-09T14:39:28.830787Z,157962492891897,157962492479016,157962492891897,1788964768830300120,1788964768830500329,ok,
exp_copy_xcdr__cpp_to_py__100000B__10Hz__shmem_ds__best_effort,receive,sub,cpp_to_py,copy,exp,xcdr,shmem_ds,100000,10,0,measured,14,2026-09-09T14:39:28.930924Z,157962593058246,157962592749622,157962593058246,1788964768930561679,1788964768930713897,ok,
exp_copy_xcdr__cpp_to_py__100000B__10Hz__shmem_ds__best_effort,receive,sub,cpp_to_py,copy,exp,xcdr,shmem_ds,100000,10,0,measured,15,2026-09-09T14:39:29.031601Z,157962693723869,157962693402030,157962693723869,1788964769031216521,1788964769031378828,ok,
exp_copy_xcdr__cpp_to_py__100000B__10Hz__shmem_ds__best_effort,receive,sub,cpp_to_py,copy,exp,xcdr,shmem_ds,100000,10,0,measured,16,2026-09-09T14:39:29.132401Z,157962794543744,157962794293681,157962794543744,1788964769132103073,1788964769132229552,ok,
exp_copy_xcdr__cpp_to_py__100000B__10Hz__shmem_ds__best_effort,receive,sub,cpp_to_py,copy,exp,xcdr,shmem_ds,100000,10,0,measured,17,2026-09-09T14:39:29.232960Z,157962895092757,157962894795495,157962895092757,1788964769232606229,1788964769232750281,ok,
exp_copy_xcdr__cpp_to_py__100000B__10Hz__shmem_ds__best_effort,receive,sub,cpp_to_py,copy,exp,xcdr,shmem_ds,100000,10,0,measured,18,2026-09-09T14:39:29.332830Z,157962994962635,157962994698154,157962994962635,1788964769332506945,1788964769332637322,ok,
exp_copy_xcdr__cpp_to_py__100000B__10Hz__shmem_ds__best_effort,receive,sub,cpp_to_py,copy,exp,xcdr,shmem_ds,100000,10,0,measured,19,2026-09-09T14:39:29.431946Z,157963094089277,157963093789440,157963094089277,1788964769431599473,1788964769431743064,ok,
exp_copy_xcdr__cpp_to_py__100000B__10Hz__shmem_ds__best_effort,receive,sub,cpp_to_py,copy,exp,xcdr,shmem_ds,100000,10,0,measured,20,2026-09-09T14:39:29.531026Z,157963193180101,157963192918677,157963193180101,1788964769530726095,1788964769530851622,ok,
exp_copy_xcdr__cpp_to_py__100000B__10Hz__shmem_ds__best_effort,receive,sub,cpp_to_py,copy,exp,xcdr,shmem_ds,100000,10,0,measured,21,2026-09-09T14:39:29.631523Z,157963293670513,157963293415740,157963293670513,1788964769631224872,1788964769631355880,ok,
exp_copy_xcdr__cpp_to_py__100000B__10Hz__shmem_ds__best_effort,receive,sub,cpp_to_py,copy,exp,xcdr,shmem_ds,100000,10,0,measured,22,2026-09-09T14:39:29.730792Z,157963392947479,157963392713937,157963392947479,1788964769730521124,1788964769730643095,ok,
exp_copy_xcdr__cpp_to_py__100000B__10Hz__shmem_ds__best_effort,receive,sub,cpp_to_py,copy,exp,xcdr,shmem_ds,100000,10,0,measured,23,2026-09-09T14:39:29.830607Z,157963492772442,157963492561302,157963492772442,1788964769830368420,1788964769830468689,ok,
exp_copy_xcdr__cpp_to_py__100000B__10Hz__shmem_ds__best_effort,receive,sub,cpp_to_py,copy,exp,xcdr,shmem_ds,100000,10,0,measured,24,2026-09-09T14:39:29.929903Z,157963592050560,157963591765350,157963592050560,1788964769929573650,1788964769929707854,ok,
exp_copy_xcdr__cpp_to_py__100000B__10Hz__shmem_ds__best_effort,receive,sub,cpp_to_py,copy,exp,xcdr,shmem_ds,100000,10,0,measured,25,2026-09-09T14:39:30.029157Z,157963691308642,157963691052577,157963691308642,1788964770028860346,1788964770028994620,ok,
exp_copy_xcdr__cpp_to_py__100000B__10Hz__shmem_ds__best_effort,receive,sub,cpp_to_py,copy,exp,xcdr,shmem_ds,100000,10,0,measured,26,2026-09-09T14:39:30.128308Z,157963790469208,157963790239984,157963790469208,1788964770128047111,1788964770128156769,ok,
exp_copy_xcdr__cpp_to_py__100000B__10Hz__shmem_ds__best_effort,receive,sub,cpp_to_py,copy,exp,xcdr,shmem_ds,100000,10,0,measured,27,2026-09-09T14:39:30.228565Z,157963890672327,157963890308178,157963890672327,1788964770228122740,1788964770228282592,ok,
exp_copy_xcdr__cpp_to_py__100000B__10Hz__shmem_ds__best_effort,receive,sub,cpp_to_py,copy,exp,xcdr,shmem_ds,100000,10,0,measured,28,2026-09-09T14:39:30.328335Z,157963990485058,157963990194388,157963990485058,1788964770328003509,1788964770328136841,ok,
exp_copy_xcdr__cpp_to_py__100000B__10Hz__shmem_ds__best_effort,receive,sub,cpp_to_py,copy,exp,xcdr,shmem_ds,100000,10,0,measured,29,2026-09-09T14:39:30.428914Z,157964091055232,157964090742340,157964091055232,1788964770428553525,1788964770428701104,ok,
exp_copy_xcdr__cpp_to_py__100000B__10Hz__shmem_ds__best_effort,receive,sub,cpp_to_py,copy,exp,xcdr,shmem_ds,100000,10,0,measured,30,2026-09-09T14:39:30.528407Z,157964190497572,157964189993829,157964190497572,1788964770527830723,1788964770528052453,ok,
exp_copy_xcdr__cpp_to_py__100000B__10Hz__shmem_ds__best_effort,receive,sub,cpp_to_py,copy,exp,xcdr,shmem_ds,100000,10,0,measured,31,2026-09-09T14:39:30.628683Z,157964290806732,157964290480314,157964290806732,1788964770628293894,1788964770628462884,ok,
exp_copy_xcdr__cpp_to_py__100000B__10Hz__shmem_ds__best_effort,receive,sub,cpp_to_py,copy,exp,xcdr,shmem_ds,100000,10,0,measured,32,2026-09-09T14:39:30.728236Z,157964390380240,157964390128063,157964390380240,1788964770727938717,1788964770728066239,ok,
exp_copy_xcdr__cpp_to_py__100000B__10Hz__shmem_ds__best_effort,receive,sub,cpp_to_py,copy,exp,xcdr,shmem_ds,100000,10,0,measured,33,2026-09-09T14:39:30.828844Z,157964490960112,157964490627533,157964490960112,1788964770828443427,1788964770828599743,ok,
exp_copy_xcdr__cpp_to_py__100000B__10Hz__shmem_ds__best_effort,receive,sub,cpp_to_py,copy,exp,xcdr,shmem_ds,100000,10,0,measured,34,2026-09-09T14:39:30.929413Z,157964591536287,157964591232793,157964591536287,1788964770929047665,1788964770929194774,ok,
exp_copy_xcdr__cpp_to_py__100000B__10Hz__shmem_ds__best_effort,receive,sub,cpp_to_py,copy,exp,xcdr,shmem_ds,100000,10,0,measured,35,2026-09-09T14:39:31.028581Z,157964690692566,157964690324400,157964690692566,1788964771028141666,1788964771028324723,ok,
exp_copy_xcdr__cpp_to_py__100000B__10Hz__shmem_ds__best_effort,receive,sub,cpp_to_py,copy,exp,xcdr,shmem_ds,100000,10,0,measured,36,2026-09-09T14:39:31.129326Z,157964791462569,157964791175636,157964791462569,1788964771128986250,1788964771129133008,ok,
exp_copy_xcdr__cpp_to_py__100000B__10Hz__shmem_ds__best_effort,receive,sub,cpp_to_py,copy,exp,xcdr,shmem_ds,100000,10,0,measured,37,2026-09-09T14:39:31.229784Z,157964891928086,157964891662073,157964891928086,1788964771229472136,1788964771229609756,ok,
exp_copy_xcdr__cpp_to_py__100000B__10Hz__shmem_ds__best_effort,receive,sub,cpp_to_py,copy,exp,xcdr,shmem_ds,100000,10,0,measured,38,2026-09-09T14:39:31.329576Z,157964991730899,157964991492288,157964991730899,1788964771329300648,1788964771329428740,ok,
exp_copy_xcdr__cpp_to_py__100000B__10Hz__shmem_ds__best_effort,receive,sub,cpp_to_py,copy,exp,xcdr,shmem_ds,100000,10,0,measured,39,2026-09-09T14:39:31.429205Z,157965091356226,157965091088941,157965091356226,1788964771428897942,1788964771429037205,ok,
exp_copy_xcdr__cpp_to_py__100000B__10Hz__shmem_ds__best_effort,receive,sub,cpp_to_py,copy,exp,xcdr,shmem_ds,100000,10,0,measured,40,2026-09-09T14:39:31.528209Z,157965190366980,157965190128529,157965190366980,1788964771527935837,1788964771528045855,ok,
exp_copy_xcdr__cpp_to_py__100000B__10Hz__shmem_ds__best_effort,receive,sub,cpp_to_py,copy,exp,xcdr,shmem_ds,100000,10,0,measured,41,2026-09-09T14:39:31.628638Z,157965290789086,157965290529485,157965290789086,1788964771628336963,1788964771628475405,ok,
exp_copy_xcdr__cpp_to_py__100000B__10Hz__shmem_ds__best_effort,receive,sub,cpp_to_py,copy,exp,xcdr,shmem_ds,100000,10,0,measured,42,2026-09-09T14:39:31.728499Z,157965390662972,157965390445281,157965390662972,1788964771728251707,1788964771728363699,ok,
exp_copy_xcdr__cpp_to_py__100000B__10Hz__shmem_ds__best_effort,receive,sub,cpp_to_py,copy,exp,xcdr,shmem_ds,100000,10,0,measured,43,2026-09-09T14:39:31.828691Z,157965490834733,157965490523013,157965490834733,1788964771828333778,1788964771828490905,ok,
exp_copy_xcdr__cpp_to_py__100000B__10Hz__shmem_ds__best_effort,receive,sub,cpp_to_py,copy,exp,xcdr,shmem_ds,100000,10,0,measured,44,2026-09-09T14:39:31.928597Z,157965590744919,157965590496499,157965590744919,1788964771928304348,1788964771928431659,ok,
exp_copy_xcdr__cpp_to_py__100000B__10Hz__shmem_ds__best_effort,receive,sub,cpp_to_py,copy,exp,xcdr,shmem_ds,100000,10,0,measured,45,2026-09-09T14:39:32.028120Z,157965690253496,157965689922399,157965690253496,1788964772027735068,1788964772027905089,ok,
exp_copy_xcdr__cpp_to_py__100000B__10Hz__shmem_ds__best_effort,receive,sub,cpp_to_py,copy,exp,xcdr,shmem_ds,100000,10,0,measured,46,2026-09-09T14:39:32.128202Z,157965790358992,157965790133866,157965790358992,1788964772127938999,1788964772128053035,ok,
exp_copy_xcdr__cpp_to_py__100000B__10Hz__shmem_ds__best_effort,receive,sub,cpp_to_py,copy,exp,xcdr,shmem_ds,100000,10,0,measured,47,2026-09-09T14:39:32.228346Z,157965890478254,157965890125897,157965890478254,1788964772227941711,1788964772228103187,ok,
exp_copy_xcdr__cpp_to_py__100000B__10Hz__shmem_ds__best_effort,receive,sub,cpp_to_py,copy,exp,xcdr,shmem_ds,100000,10,0,measured,48,2026-09-09T14:39:32.328099Z,157965990223900,157965989891581,157965990223900,1788964772327704399,1788964772327878719,ok,
exp_copy_xcdr__cpp_to_py__100000B__10Hz__shmem_ds__best_effort,receive,sub,cpp_to_py,copy,exp,xcdr,shmem_ds,100000,10,0,measured,49,2026-09-09T14:39:32.428456Z,157966090575813,157966090228566,157966090575813,1788964772428043508,1788964772428214131,ok,
exp_copy_xcdr__cpp_to_py__100000B__10Hz__shmem_ds__best_effort,receive,sub,cpp_to_py,copy,exp,xcdr,shmem_ds,100000,10,0,measured,50,2026-09-09T14:39:32.528152Z,157966190302883,157966190055074,157966190302883,1788964772527862823,1788964772527979273,ok,
exp_copy_xcdr__cpp_to_py__100000B__10Hz__shmem_ds__best_effort,receive,sub,cpp_to_py,copy,exp,xcdr,shmem_ds,100000,10,0,measured,51,2026-09-09T14:39:32.628052Z,157966290192872,157966289926318,157966290192872,1788964772627733395,1788964772627874442,ok,
exp_copy_xcdr__cpp_to_py__100000B__10Hz__shmem_ds__best_effort,receive,sub,cpp_to_py,copy,exp,xcdr,shmem_ds,100000,10,0,measured,52,2026-09-09T14:39:32.727284Z,157966389417371,157966389111312,157966389417371,1788964772726923339,1788964772727072681,ok,
exp_copy_xcdr__cpp_to_py__100000B__10Hz__shmem_ds__best_effort,receive,sub,cpp_to_py,copy,exp,xcdr,shmem_ds,100000,10,0,measured,53,2026-09-09T14:39:32.826561Z,157966488691354,157966488266270,157966488691354,1788964772826091762,1788964772826319904,ok,
exp_copy_xcdr__cpp_to_py__100000B__10Hz__shmem_ds__best_effort,receive,sub,cpp_to_py,copy,exp,xcdr,shmem_ds,100000,10,0,measured,54,2026-09-09T14:39:32.927116Z,157966589237154,157966588899946,157966589237154,1788964772926714137,1788964772926888286,ok,
exp_copy_xcdr__cpp_to_py__100000B__10Hz__shmem_ds__best_effort,receive,sub,cpp_to_py,copy,exp,xcdr,shmem_ds,100000,10,0,measured,55,2026-09-09T14:39:33.027119Z,157966689231630,157966688860237,157966689231630,1788964773026675169,1788964773026870389,ok,
exp_copy_xcdr__cpp_to_py__100000B__10Hz__shmem_ds__best_effort,receive,sub,cpp_to_py,copy,exp,xcdr,shmem_ds,100000,10,0,measured,56,2026-09-09T14:39:33.126992Z,157966789144433,157966788741370,157966789144433,1788964773126547626,1788964773126836843,ok,
exp_copy_xcdr__cpp_to_py__100000B__10Hz__shmem_ds__best_effort,receive,sub,cpp_to_py,copy,exp,xcdr,shmem_ds,100000,10,0,measured,57,2026-09-09T14:39:33.227797Z,157966889951627,157966889731521,157966889951627,1788964773227536615,1788964773227645591,ok,
exp_copy_xcdr__cpp_to_py__100000B__10Hz__shmem_ds__best_effort,receive,sub,cpp_to_py,copy,exp,xcdr,shmem_ds,100000,10,0,measured,58,2026-09-09T14:39:33.327958Z,157966990125564,157966989918893,157966990125564,1788964773327723396,1788964773327834115,ok,
exp_copy_xcdr__cpp_to_py__100000B__10Hz__shmem_ds__best_effort,receive,sub,cpp_to_py,copy,exp,xcdr,shmem_ds,100000,10,0,measured,59,2026-09-09T14:39:33.428257Z,157967090409539,157967090159075,157967090409539,1788964773427966103,1788964773428088965,ok,
exp_copy_xcdr__cpp_to_py__100000B__10Hz__shmem_ds__best_effort,receive,sub,cpp_to_py,copy,exp,xcdr,shmem_ds,100000,10,0,measured,60,2026-09-09T14:39:33.528398Z,157967190554541,157967190310199,157967190554541,1788964773528117677,1788964773528234308,ok,
exp_copy_xcdr__cpp_to_py__100000B__10Hz__shmem_ds__best_effort,receive,sub,cpp_to_py,copy,exp,xcdr,shmem_ds,100000,10,0,measured,61,2026-09-09T14:39:33.629133Z,157967291285672,157967291033074,157967291285672,1788964773628840262,1788964773628973183,ok,
exp_copy_xcdr__cpp_to_py__100000B__10Hz__shmem_ds__best_effort,receive,sub,cpp_to_py,copy,exp,xcdr,shmem_ds,100000,10,0,measured,62,2026-09-09T14:39:33.729049Z,157967391209807,157967390987165,157967391209807,1788964773728792740,1788964773728914691,ok,
exp_copy_xcdr__cpp_to_py__100000B__10Hz__shmem_ds__best_effort,receive,sub,cpp_to_py,copy,exp,xcdr,shmem_ds,100000,10,0,measured,63,2026-09-09T14:39:33.829752Z,157967491902163,157967491634497,157967491902163,1788964773829443147,1788964773829563074,ok,
exp_copy_xcdr__cpp_to_py__100000B__10Hz__shmem_ds__best_effort,receive,sub,cpp_to_py,copy,exp,xcdr,shmem_ds,100000,10,0,measured,64,2026-09-09T14:39:33.929747Z,157967591891270,157967591619716,157967591891270,1788964773929427856,1788964773929565115,ok,
exp_copy_xcdr__cpp_to_py__100000B__10Hz__shmem_ds__best_effort,receive,sub,cpp_to_py,copy,exp,xcdr,shmem_ds,100000,10,0,measured,65,2026-09-09T14:39:34.029660Z,157967691802771,157967691509075,157967691802771,1788964774029319899,1788964774029458051,ok,
exp_copy_xcdr__cpp_to_py__100000B__10Hz__shmem_ds__best_effort,receive,sub,cpp_to_py,copy,exp,xcdr,shmem_ds,100000,10,0,measured,66,2026-09-09T14:39:34.129218Z,157967791366824,157967791126470,157967791366824,1788964774128931664,1788964774129054075,ok,
exp_copy_xcdr__cpp_to_py__100000B__10Hz__shmem_ds__best_effort,receive,sub,cpp_to_py,copy,exp,xcdr,shmem_ds,100000,10,0,measured,67,2026-09-09T14:39:34.228791Z,157967890944494,157967890725289,157967890944494,1788964774228530443,1788964774228639480,ok,
exp_copy_xcdr__cpp_to_py__100000B__10Hz__shmem_ds__best_effort,receive,sub,cpp_to_py,copy,exp,xcdr,shmem_ds,100000,10,0,measured,68,2026-09-09T14:39:34.328818Z,157967990972265,157967990767507,157967990972265,1788964774328572641,1788964774328679944,ok,
exp_copy_xcdr__cpp_to_py__100000B__10Hz__shmem_ds__best_effort,receive,sub,cpp_to_py,copy,exp,xcdr,shmem_ds,100000,10,0,measured,69,2026-09-09T14:39:34.428581Z,157968090736988,157968090497264,157968090736988,1788964774428304843,1788964774428428877,ok,
exp_copy_xcdr__cpp_to_py__100000B__10Hz__shmem_ds__best_effort,receive,sub,cpp_to_py,copy,exp,xcdr,shmem_ds,100000,10,0,measured,70,2026-09-09T14:39:34.529101Z,157968191259715,157968191011115,157968191259715,1788964774528818262,1788964774528932398,ok,
exp_copy_xcdr__cpp_to_py__100000B__10Hz__shmem_ds__best_effort,receive,sub,cpp_to_py,copy,exp,xcdr,shmem_ds,100000,10,0,measured,71,2026-09-09T14:39:34.628708Z,157968290862322,157968290636044,157968290862322,1788964774628442079,1788964774628556967,ok,
exp_copy_xcdr__cpp_to_py__100000B__10Hz__shmem_ds__best_effort,receive,sub,cpp_to_py,copy,exp,xcdr,shmem_ds,100000,10,0,measured,72,2026-09-09T14:39:34.729112Z,157968391274530,157968391008717,157968391274530,1788964774728814142,1788964774728977661,ok,
exp_copy_xcdr__cpp_to_py__100000B__10Hz__shmem_ds__best_effort,receive,sub,cpp_to_py,copy,exp,xcdr,shmem_ds,100000,10,0,measured,73,2026-09-09T14:39:34.829670Z,157968491800434,157968491469127,157968491800434,1788964774829285292,1788964774829441096,ok,
exp_copy_xcdr__cpp_to_py__100000B__10Hz__shmem_ds__best_effort,receive,sub,cpp_to_py,copy,exp,xcdr,shmem_ds,100000,10,0,measured,74,2026-09-09T14:39:34.929956Z,157968592078288,157968591767751,157968592078288,1788964774929581100,1788964774929721866,ok,
exp_copy_xcdr__cpp_to_py__100000B__10Hz__shmem_ds__best_effort,receive,sub,cpp_to_py,copy,exp,xcdr,shmem_ds,100000,10,0,measured,75,2026-09-09T14:39:35.030697Z,157968692800674,157968692402331,157968692800674,1788964775030222493,1788964775030422431,ok,
exp_copy_xcdr__cpp_to_py__100000B__10Hz__shmem_ds__best_effort,receive,sub,cpp_to_py,copy,exp,xcdr,shmem_ds,100000,10,0,measured,76,2026-09-09T14:39:35.131343Z,157968793435394,157968792980914,157968793435394,1788964775130816345,1788964775131030030,ok,
exp_copy_xcdr__cpp_to_py__100000B__10Hz__shmem_ds__best_effort,receive,sub,cpp_to_py,copy,exp,xcdr,shmem_ds,100000,10,0,measured,77,2026-09-09T14:39:35.231484Z,157968893614543,157968893281022,157968893614543,1788964775231096966,1788964775231260736,ok,
exp_copy_xcdr__cpp_to_py__100000B__10Hz__shmem_ds__best_effort,receive,sub,cpp_to_py,copy,exp,xcdr,shmem_ds,100000,10,0,measured,78,2026-09-09T14:39:35.332096Z,157968994225107,157968993864645,157968994225107,1788964775331673135,1788964775331895476,ok,
exp_copy_xcdr__cpp_to_py__100000B__10Hz__shmem_ds__best_effort,receive,sub,cpp_to_py,copy,exp,xcdr,shmem_ds,100000,10,0,measured,79,2026-09-09T14:39:35.431826Z,157969093942542,157969093671990,157969093942542,1788964775431480740,1788964775431608121,ok,
exp_copy_xcdr__cpp_to_py__100000B__10Hz__shmem_ds__best_effort,receive,sub,cpp_to_py,copy,exp,xcdr,shmem_ds,100000,10,0,measured,80,2026-09-09T14:39:35.532642Z,157969194792098,157969194542095,157969194792098,1788964775532349944,1788964775532470983,ok,
exp_copy_xcdr__cpp_to_py__100000B__10Hz__shmem_ds__best_effort,receive,sub,cpp_to_py,copy,exp,xcdr,shmem_ds,100000,10,0,measured,81,2026-09-09T14:39:35.632319Z,157969294475388,157969294240123,157969294475388,1788964775632045958,1788964775632151878,ok,
exp_copy_xcdr__cpp_to_py__100000B__10Hz__shmem_ds__best_effort,receive,sub,cpp_to_py,copy,exp,xcdr,shmem_ds,100000,10,0,measured,82,2026-09-09T14:39:35.731905Z,157969394059941,157969393838111,157969394059941,1788964775731642995,1788964775731745929,ok,
exp_copy_xcdr__cpp_to_py__100000B__10Hz__shmem_ds__best_effort,receive,sub,cpp_to_py,copy,exp,xcdr,shmem_ds,100000,10,0,measured,83,2026-09-09T14:39:35.832416Z,157969494567330,157969494314271,157969494567330,1788964775832122030,1788964775832239502,ok,
exp_copy_xcdr__cpp_to_py__100000B__10Hz__shmem_ds__best_effort,receive,sub,cpp_to_py,copy,exp,xcdr,shmem_ds,100000,10,0,measured,84,2026-09-09T14:39:35.932594Z,157969594743713,157969594504981,157969594743713,1788964775932312850,1788964775932435462,ok,
exp_copy_xcdr__cpp_to_py__100000B__10Hz__shmem_ds__best_effort,receive,sub,cpp_to_py,copy,exp,xcdr,shmem_ds,100000,10,0,measured,85,2026-09-09T14:39:36.032383Z,157969694516452,157969694207889,157969694516452,1788964776032020086,1788964776032161303,ok,
exp_copy_xcdr__cpp_to_py__100000B__10Hz__shmem_ds__best_effort,receive,sub,cpp_to_py,copy,exp,xcdr,shmem_ds,100000,10,0,measured,86,2026-09-09T14:39:36.131713Z,157969793858327,157969793485191,157969793858327,1788964776131293681,1788964776131542151,ok,
exp_copy_xcdr__cpp_to_py__100000B__10Hz__shmem_ds__best_effort,receive,sub,cpp_to_py,copy,exp,xcdr,shmem_ds,100000,10,0,measured,87,2026-09-09T14:39:36.231797Z,157969893953578,157969893734373,157969893953578,1788964776231539497,1788964776231650406,ok,
exp_copy_xcdr__cpp_to_py__100000B__10Hz__shmem_ds__best_effort,receive,sub,cpp_to_py,copy,exp,xcdr,shmem_ds,100000,10,0,measured,88,2026-09-09T14:39:36.332049Z,157969994197850,157969993921136,157969994197850,1788964776331728625,1788964776331869481,ok,
exp_copy_xcdr__cpp_to_py__100000B__10Hz__shmem_ds__best_effort,receive,sub,cpp_to_py,copy,exp,xcdr,shmem_ds,100000,10,0,measured,89,2026-09-09T14:39:36.432112Z,157970094258224,157970093964879,157970094258224,1788964776431773880,1788964776431922191,ok,
exp_copy_xcdr__cpp_to_py__100000B__10Hz__shmem_ds__best_effort,receive,sub,cpp_to_py,copy,exp,xcdr,shmem_ds,100000,10,0,measured,90,2026-09-09T14:39:36.532279Z,157970194433316,157970194188092,157970194433316,1788964776531996091,1788964776532119224,ok,
exp_copy_xcdr__cpp_to_py__100000B__10Hz__shmem_ds__best_effort,receive,sub,cpp_to_py,copy,exp,xcdr,shmem_ds,100000,10,0,measured,91,2026-09-09T14:39:36.631457Z,157970293611190,157970293306263,157970293611190,1788964776631113691,1788964776631307648,ok,
exp_copy_xcdr__cpp_to_py__100000B__10Hz__shmem_ds__best_effort,receive,sub,cpp_to_py,copy,exp,xcdr,shmem_ds,100000,10,0,measured,92,2026-09-09T14:39:36.731061Z,157970393224378,157970393009081,157970393224378,1788964776730815788,1788964776730928471,ok,
exp_copy_xcdr__cpp_to_py__100000B__10Hz__shmem_ds__best_effort,receive,sub,cpp_to_py,copy,exp,xcdr,shmem_ds,100000,10,0,measured,93,2026-09-09T14:39:36.831706Z,157970493840003,157970493514868,157970493840003,1788964776831328909,1788964776831481067,ok,
exp_copy_xcdr__cpp_to_py__100000B__10Hz__shmem_ds__best_effort,receive,sub,cpp_to_py,copy,exp,xcdr,shmem_ds,100000,10,0,measured,94,2026-09-09T14:39:36.931936Z,157970594059669,157970593738422,157970594059669,1788964776931553204,1788964776931704861,ok,
exp_copy_xcdr__cpp_to_py__100000B__10Hz__shmem_ds__best_effort,receive,sub,cpp_to_py,copy,exp,xcdr,shmem_ds,100000,10,0,measured,95,2026-09-09T14:39:37.031773Z,157970693886121,157970693531580,157970693886121,1788964777031349628,1788964777031526543,ok,
exp_copy_xcdr__cpp_to_py__100000B__10Hz__shmem_ds__best_effort,receive,sub,cpp_to_py,copy,exp,xcdr,shmem_ds,100000,10,0,measured,96,2026-09-09T14:39:37.132540Z,157970794675465,157970794393231,157970794675465,1788964777132206230,1788964777132346605,ok,
exp_copy_xcdr__cpp_to_py__100000B__10Hz__shmem_ds__best_effort,receive,sub,cpp_to_py,copy,exp,xcdr,shmem_ds,100000,10,0,measured,97,2026-09-09T14:39:37.232988Z,157970895137290,157970894873120,157970895137290,1788964777232685568,1788964777232829350,ok,
exp_copy_xcdr__cpp_to_py__100000B__10Hz__shmem_ds__best_effort,receive,sub,cpp_to_py,copy,exp,xcdr,shmem_ds,100000,10,0,measured,98,2026-09-09T14:39:37.332419Z,157970994573174,157970994333881,157970994573174,1788964777332144114,1788964777332271064,ok,
exp_copy_xcdr__cpp_to_py__100000B__10Hz__shmem_ds__best_effort,receive,sub,cpp_to_py,copy,exp,xcdr,shmem_ds,100000,10,0,measured,99,2026-09-09T14:39:37.432541Z,157971094680668,157971094394607,157971094680668,1788964777432209308,1788964777432347490,ok,
exp_copy_xcdr__cpp_to_py__100000B__10Hz__shmem_ds__best_effort,receive,sub,cpp_to_py,copy,exp,xcdr,shmem_ds,100000,10,0,measured,100,2026-09-09T14:39:37.531759Z,157971193900863,157971193636493,157971193900863,1788964777531448219,1788964777531578666,ok,
exp_copy_xcdr__cpp_to_py__100000B__10Hz__shmem_ds__best_effort,receive,sub,cpp_to_py,copy,exp,xcdr,shmem_ds,100000,10,0,measured,101,2026-09-09T14:39:37.632296Z,157971294449442,157971294212564,157971294449442,1788964777632020062,1788964777632130010,ok,
exp_copy_xcdr__cpp_to_py__100000B__10Hz__shmem_ds__best_effort,receive,sub,cpp_to_py,copy,exp,xcdr,shmem_ds,100000,10,0,measured,102,2026-09-09T14:39:37.731727Z,157971393887500,157971393682682,157971393887500,1788964777731489008,1788964777731594287,ok,
exp_copy_xcdr__cpp_to_py__100000B__10Hz__shmem_ds__best_effort,receive,sub,cpp_to_py,copy,exp,xcdr,shmem_ds,100000,10,0,measured,103,2026-09-09T14:39:37.830968Z,157971493124336,157971492865747,157971493124336,1788964777830672414,1788964777830779216,ok,
exp_copy_xcdr__cpp_to_py__100000B__10Hz__shmem_ds__best_effort,receive,sub,cpp_to_py,copy,exp,xcdr,shmem_ds,100000,10,0,measured,104,2026-09-09T14:39:37.931848Z,157971593954588,157971593650433,157971593954588,1788964777931460636,1788964777931606973,ok,
exp_copy_xcdr__cpp_to_py__100000B__10Hz__shmem_ds__best_effort,receive,sub,cpp_to_py,copy,exp,xcdr,shmem_ds,100000,10,0,measured,105,2026-09-09T14:39:38.031756Z,157971693900006,157971693595971,157971693900006,1788964778031407777,1788964778031550347,ok,
exp_copy_xcdr__cpp_to_py__100000B__10Hz__shmem_ds__best_effort,receive,sub,cpp_to_py,copy,exp,xcdr,shmem_ds,100000,10,0,measured,106,2026-09-09T14:39:38.130985Z,157971793123057,157971792821276,157971793123057,1788964778130632612,1788964778130784760,ok,
exp_copy_xcdr__cpp_to_py__100000B__10Hz__shmem_ds__best_effort,receive,sub,cpp_to_py,copy,exp,xcdr,shmem_ds,100000,10,0,measured,107,2026-09-09T14:39:38.231310Z,157971893462511,157971893204373,157971893462511,1788964778231014205,1788964778231151445,ok,
exp_copy_xcdr__cpp_to_py__100000B__10Hz__shmem_ds__best_effort,receive,sub,cpp_to_py,copy,exp,xcdr,shmem_ds,100000,10,0,measured,108,2026-09-09T14:39:38.330576Z,157971992728554,157971992460737,157971992728554,1788964778330269207,1788964778330401618,ok,
exp_copy_xcdr__cpp_to_py__100000B__10Hz__shmem_ds__best_effort,receive,sub,cpp_to_py,copy,exp,xcdr,shmem_ds,100000,10,0,measured,109,2026-09-09T14:39:38.431036Z,157972093187274,157972092899569,157972093187274,1788964778430708610,1788964778430864976,ok,
exp_copy_xcdr__cpp_to_py__100000B__10Hz__shmem_ds__best_effort,receive,sub,cpp_to_py,copy,exp,xcdr,shmem_ds,100000,10,0,measured,110,2026-09-09T14:39:38.531327Z,157972193455984,157972193108927,157972193455984,1788964778530922417,1788964778531096987,ok,
exp_copy_xcdr__cpp_to_py__100000B__10Hz__shmem_ds__best_effort,receive,sub,cpp_to_py,copy,exp,xcdr,shmem_ds,100000,10,0,measured,111,2026-09-09T14:39:38.630928Z,157972293085935,157972292817588,157972293085935,1788964778630625036,1788964778630744211,ok,
exp_copy_xcdr__cpp_to_py__100000B__10Hz__shmem_ds__best_effort,receive,sub,cpp_to_py,copy,exp,xcdr,shmem_ds,100000,10,0,measured,112,2026-09-09T14:39:38.731560Z,157972393715949,157972393358192,157972393715949,1788964778731167874,1788964778731411656,ok,
exp_copy_xcdr__cpp_to_py__100000B__10Hz__shmem_ds__best_effort,receive,sub,cpp_to_py,copy,exp,xcdr,shmem_ds,100000,10,0,measured,113,2026-09-09T14:39:38.832404Z,157972494541643,157972494216989,157972494541643,1788964778832031230,1788964778832184520,ok,
exp_copy_xcdr__cpp_to_py__100000B__10Hz__shmem_ds__best_effort,receive,sub,cpp_to_py,copy,exp,xcdr,shmem_ds,100000,10,0,measured,114,2026-09-09T14:39:38.933416Z,157972595544652,157972595211522,157972595544652,1788964778933027236,1788964778933189142,ok,
exp_copy_xcdr__cpp_to_py__100000B__10Hz__shmem_ds__best_effort,receive,sub,cpp_to_py,copy,exp,xcdr,shmem_ds,100000,10,0,measured,115,2026-09-09T14:39:39.033185Z,157972695311033,157972694993271,157972695311033,1788964779032818663,1788964779032972164,ok,
exp_copy_xcdr__cpp_to_py__100000B__10Hz__shmem_ds__best_effort,receive,sub,cpp_to_py,copy,exp,xcdr,shmem_ds,100000,10,0,measured,116,2026-09-09T14:39:39.132831Z,157972794979227,157972794733943,157972794979227,1788964779132544577,1788964779132680284,ok,
exp_copy_xcdr__cpp_to_py__100000B__10Hz__shmem_ds__best_effort,receive,sub,cpp_to_py,copy,exp,xcdr,shmem_ds,100000,10,0,measured,117,2026-09-09T14:39:39.233455Z,157972895624981,157972895396399,157972895624981,1788964779233205911,1788964779233332981,ok,
exp_copy_xcdr__cpp_to_py__100000B__10Hz__shmem_ds__best_effort,receive,sub,cpp_to_py,copy,exp,xcdr,shmem_ds,100000,10,0,measured,118,2026-09-09T14:39:39.334322Z,157972996415409,157972995935902,157972996415409,1788964779333759721,1788964779334008041,ok,
exp_copy_xcdr__cpp_to_py__100000B__10Hz__shmem_ds__best_effort,receive,sub,cpp_to_py,copy,exp,xcdr,shmem_ds,100000,10,0,measured,119,2026-09-09T14:39:39.434419Z,157973096560185,157973096244177,157973096560185,1788964779434057647,1788964779434222609,ok,
exp_copy_xcdr__cpp_to_py__100000B__10Hz__shmem_ds__best_effort,receive,sub,cpp_to_py,copy,exp,xcdr,shmem_ds,100000,10,0,measured,120,2026-09-09T14:39:39.535191Z,157973197323923,157973197009979,157973197323923,1788964779534825071,1788964779534983281,ok,
exp_copy_xcdr__cpp_to_py__100000B__10Hz__shmem_ds__best_effort,receive,sub,cpp_to_py,copy,exp,xcdr,shmem_ds,100000,10,0,measured,121,2026-09-09T14:39:39.634228Z,157973296390109,157973296142450,157973296390109,1788964779633953114,1788964779634093670,ok,
exp_copy_xcdr__cpp_to_py__100000B__10Hz__shmem_ds__best_effort,receive,sub,cpp_to_py,copy,exp,xcdr,shmem_ds,100000,10,0,measured,122,2026-09-09T14:39:39.733974Z,157973396140519,157973395786980,157973396140519,1788964779733596732,1788964779733846214,ok,
exp_copy_xcdr__cpp_to_py__100000B__10Hz__shmem_ds__best_effort,receive,sub,cpp_to_py,copy,exp,xcdr,shmem_ds,100000,10,0,measured,123,2026-09-09T14:39:39.833440Z,157973495602663,157973495377366,157973495602663,1788964779833184594,1788964779833298870,ok,
exp_copy_xcdr__cpp_to_py__100000B__10Hz__shmem_ds__best_effort,receive,sub,cpp_to_py,copy,exp,xcdr,shmem_ds,100000,10,0,measured,124,2026-09-09T14:39:39.933334Z,157973595485915,157973595211355,157973595485915,1788964779933020967,1788964779933153728,ok,
exp_copy_xcdr__cpp_to_py__100000B__10Hz__shmem_ds__best_effort,receive,sub,cpp_to_py,copy,exp,xcdr,shmem_ds,100000,10,0,measured,125,2026-09-09T14:39:40.032822Z,157973694926318,157973694536751,157973694926318,1788964780032354979,1788964780032557172,ok,
exp_copy_xcdr__cpp_to_py__100000B__10Hz__shmem_ds__best_effort,receive,sub,cpp_to_py,copy,exp,xcdr,shmem_ds,100000,10,0,measured,126,2026-09-09T14:39:40.133328Z,157973795488355,157973795233422,157973795488355,1788964780133044187,1788964780133186626,ok,
exp_copy_xcdr__cpp_to_py__100000B__10Hz__shmem_ds__best_effort,receive,sub,cpp_to_py,copy,exp,xcdr,shmem_ds,100000,10,0,measured,127,2026-09-09T14:39:40.233517Z,157973895631318,157973895208538,157973895631318,1788964780233026697,1788964780233239710,ok,
exp_copy_xcdr__cpp_to_py__100000B__10Hz__shmem_ds__best_effort,receive,sub,cpp_to_py,copy,exp,xcdr,shmem_ds,100000,10,0,measured,128,2026-09-09T14:39:40.333024Z,157973995151454,157973994790391,157973995151454,1788964780332605433,1788964780332793199,ok,
exp_copy_xcdr__cpp_to_py__100000B__10Hz__shmem_ds__best_effort,receive,sub,cpp_to_py,copy,exp,xcdr,shmem_ds,100000,10,0,measured,129,2026-09-09T14:39:40.433581Z,157974095728439,157974095427740,157974095728439,1788964780433240308,1788964780433400411,ok,
exp_copy_xcdr__cpp_to_py__100000B__10Hz__shmem_ds__best_effort,receive,sub,cpp_to_py,copy,exp,xcdr,shmem_ds,100000,10,0,measured,130,2026-09-09T14:39:40.533495Z,157974195624446,157974195284823,157974195624446,1788964780533100426,1788964780533257784,ok,
exp_copy_xcdr__cpp_to_py__100000B__10Hz__shmem_ds__best_effort,receive,sub,cpp_to_py,copy,exp,xcdr,shmem_ds,100000,10,0,measured,131,2026-09-09T14:39:40.632717Z,157974294834514,157974294446780,157974294834514,1788964780632265590,1788964780632458735,ok,
exp_copy_xcdr__cpp_to_py__100000B__10Hz__shmem_ds__best_effort,receive,sub,cpp_to_py,copy,exp,xcdr,shmem_ds,100000,10,0,measured,132,2026-09-09T14:39:40.733414Z,157974395545613,157974395197725,157974395545613,1788964780733014150,1788964780733190504,ok,
exp_copy_xcdr__cpp_to_py__100000B__10Hz__shmem_ds__best_effort,receive,sub,cpp_to_py,copy,exp,xcdr,shmem_ds,100000,10,0,measured,133,2026-09-09T14:39:40.834049Z,157974496186369,157974495781994,157974496186369,1788964780833605011,1788964780833821641,ok,
exp_copy_xcdr__cpp_to_py__100000B__10Hz__shmem_ds__best_effort,receive,sub,cpp_to_py,copy,exp,xcdr,shmem_ds,100000,10,0,measured,134,2026-09-09T14:39:40.934917Z,157974596992688,157974596588173,157974596992688,1788964780934409818,1788964780934608373,ok,
exp_copy_xcdr__cpp_to_py__100000B__10Hz__shmem_ds__best_effort,receive,sub,cpp_to_py,copy,exp,xcdr,shmem_ds,100000,10,0,measured,135,2026-09-09T14:39:41.035650Z,157974697774571,157974697297448,157974697774571,1788964781035113142,1788964781035400275,ok,
exp_copy_xcdr__cpp_to_py__100000B__10Hz__shmem_ds__best_effort,receive,sub,cpp_to_py,copy,exp,xcdr,shmem_ds,100000,10,0,measured,136,2026-09-09T14:39:41.134514Z,157974796650869,157974796348066,157974796650869,1788964781134160033,1788964781134304616,ok,
exp_copy_xcdr__cpp_to_py__100000B__10Hz__shmem_ds__best_effort,receive,sub,cpp_to_py,copy,exp,xcdr,shmem_ds,100000,10,0,measured,137,2026-09-09T14:39:41.234980Z,157974897144588,157974896833129,157974897144588,1788964781234643642,1788964781234778858,ok,
exp_copy_xcdr__cpp_to_py__100000B__10Hz__shmem_ds__best_effort,receive,sub,cpp_to_py,copy,exp,xcdr,shmem_ds,100000,10,0,measured,138,2026-09-09T14:39:41.334083Z,157974996250200,157974995975460,157974996250200,1788964781333783770,1788964781333928714,ok,
exp_copy_xcdr__cpp_to_py__100000B__10Hz__shmem_ds__best_effort,receive,sub,cpp_to_py,copy,exp,xcdr,shmem_ds,100000,10,0,measured,139,2026-09-09T14:39:41.433496Z,157975095660668,157975095388182,157975095660668,1788964781433196582,1788964781433326458,ok,
exp_copy_xcdr__cpp_to_py__100000B__10Hz__shmem_ds__best_effort,receive,sub,cpp_to_py,copy,exp,xcdr,shmem_ds,100000,10,0,measured,140,2026-09-09T14:39:41.533871Z,157975195992470,157975195650934,157975195992470,1788964781533463812,1788964781533622623,ok,
exp_copy_xcdr__cpp_to_py__100000B__10Hz__shmem_ds__best_effort,receive,sub,cpp_to_py,copy,exp,xcdr,shmem_ds,100000,10,0,measured,141,2026-09-09T14:39:41.633652Z,157975295804869,157975295534287,157975295804869,1788964781633343128,1788964781633478224,ok,
exp_copy_xcdr__cpp_to_py__100000B__10Hz__shmem_ds__best_effort,receive,sub,cpp_to_py,copy,exp,xcdr,shmem_ds,100000,10,0,measured,142,2026-09-09T14:39:41.733277Z,157975395441897,157975395199859,157975395441897,1788964781733006806,1788964781733127023,ok,
exp_copy_xcdr__cpp_to_py__100000B__10Hz__shmem_ds__best_effort,receive,sub,cpp_to_py,copy,exp,xcdr,shmem_ds,100000,10,0,measured,143,2026-09-09T14:39:41.833075Z,157975495222014,157975494911878,157975495222014,1788964781832721570,1788964781832873868,ok,
exp_copy_xcdr__cpp_to_py__100000B__10Hz__shmem_ds__best_effort,receive,sub,cpp_to_py,copy,exp,xcdr,shmem_ds,100000,10,0,measured,144,2026-09-09T14:39:41.933440Z,157975595602869,157975595327558,157975595602869,1788964781933136078,1788964781933272416,ok,
exp_copy_xcdr__cpp_to_py__100000B__10Hz__shmem_ds__best_effort,receive,sub,cpp_to_py,copy,exp,xcdr,shmem_ds,100000,10,0,measured,145,2026-09-09T14:39:42.033171Z,157975695312584,157975695009069,157975695312584,1788964782032820375,1788964782032977332,ok,
exp_copy_xcdr__cpp_to_py__100000B__10Hz__shmem_ds__best_effort,receive,sub,cpp_to_py,copy,exp,xcdr,shmem_ds,100000,10,0,measured,146,2026-09-09T14:39:42.133529Z,157975795697377,157975795482811,157975795697377,1788964782133289257,1788964782133405136,ok,
exp_copy_xcdr__cpp_to_py__100000B__10Hz__shmem_ds__best_effort,receive,sub,cpp_to_py,copy,exp,xcdr,shmem_ds,100000,10,0,measured,147,2026-09-09T14:39:42.232868Z,157975895036230,157975894809441,157975895036230,1788964782232616419,1788964782232733731,ok,
exp_copy_xcdr__cpp_to_py__100000B__10Hz__shmem_ds__best_effort,receive,sub,cpp_to_py,copy,exp,xcdr,shmem_ds,100000,10,0,measured,148,2026-09-09T14:39:42.333146Z,157975995314872,157975995112980,157975995314872,1788964782332919597,1788964782333026910,ok,
exp_copy_xcdr__cpp_to_py__100000B__10Hz__shmem_ds__best_effort,receive,sub,cpp_to_py,copy,exp,xcdr,shmem_ds,100000,10,0,measured,149,2026-09-09T14:39:42.432321Z,157976094488733,157976094278085,157976094488733,1788964782432084110,1788964782432198296,ok,
exp_copy_xcdr__cpp_to_py__100000B__10Hz__shmem_ds__best_effort,receive,sub,cpp_to_py,copy,exp,xcdr,shmem_ds,100000,10,0,measured,150,2026-09-09T14:39:42.532208Z,157976194356909,157976194080396,157976194356909,1788964782531890749,1788964782532027819,ok,
exp_copy_xcdr__cpp_to_py__100000B__10Hz__shmem_ds__best_effort,receive,sub,cpp_to_py,copy,exp,xcdr,shmem_ds,100000,10,0,measured,151,2026-09-09T14:39:42.631888Z,157976294045204,157976293796563,157976294045204,1788964782631604863,1788964782631731974,ok,
exp_copy_xcdr__cpp_to_py__100000B__10Hz__shmem_ds__best_effort,receive,sub,cpp_to_py,copy,exp,xcdr,shmem_ds,100000,10,0,measured,152,2026-09-09T14:39:42.731939Z,157976394096075,157976393831805,157976394096075,1788964782731639493,1788964782731779107,ok,
exp_copy_xcdr__cpp_to_py__100000B__10Hz__shmem_ds__best_effort,receive,sub,cpp_to_py,copy,exp,xcdr,shmem_ds,100000,10,0,measured,153,2026-09-09T14:39:42.832376Z,157976494508320,157976494174779,157976494508320,1788964782831989361,1788964782832143352,ok,
exp_copy_xcdr__cpp_to_py__100000B__10Hz__shmem_ds__best_effort,receive,sub,cpp_to_py,copy,exp,xcdr,shmem_ds,100000,10,0,measured,154,2026-09-09T14:39:42.932877Z,157976594974156,157976594619445,157976594974156,1788964782932436822,1788964782932609248,ok,
exp_copy_xcdr__cpp_to_py__100000B__10Hz__shmem_ds__best_effort,receive,sub,cpp_to_py,copy,exp,xcdr,shmem_ds,100000,10,0,measured,155,2026-09-09T14:39:43.032999Z,157976695095251,157976694628007,157976695095251,1788964783032451575,1788964783032670019,ok,
exp_copy_xcdr__cpp_to_py__100000B__10Hz__shmem_ds__best_effort,receive,sub,cpp_to_py,copy,exp,xcdr,shmem_ds,100000,10,0,measured,156,2026-09-09T14:39:43.132733Z,157976794896200,157976794664812,157976794896200,1788964783132471780,1788964783132585034,ok,
exp_copy_xcdr__cpp_to_py__100000B__10Hz__shmem_ds__best_effort,receive,sub,cpp_to_py,copy,exp,xcdr,shmem_ds,100000,10,0,measured,157,2026-09-09T14:39:43.232505Z,157976894673214,157976894457175,157976894673214,1788964783232262219,1788964783232370314,ok,
exp_copy_xcdr__cpp_to_py__100000B__10Hz__shmem_ds__best_effort,receive,sub,cpp_to_py,copy,exp,xcdr,shmem_ds,100000,10,0,measured,158,2026-09-09T14:39:43.333084Z,157976995253678,157976995039513,157976995253678,1788964783332844416,1788964783332951659,ok,
exp_copy_xcdr__cpp_to_py__100000B__10Hz__shmem_ds__best_effort,receive,sub,cpp_to_py,copy,exp,xcdr,shmem_ds,100000,10,0,measured,159,2026-09-09T14:39:43.432473Z,157977094641206,157977094416330,157977094641206,1788964783432221524,1788964783432334317,ok,
exp_copy_xcdr__cpp_to_py__100000B__10Hz__shmem_ds__best_effort,receive,sub,cpp_to_py,copy,exp,xcdr,shmem_ds,100000,10,0,measured,160,2026-09-09T14:39:43.532361Z,157977194491058,157977194121558,157977194491058,1788964783531937873,1788964783532105691,ok,
exp_copy_xcdr__cpp_to_py__100000B__10Hz__shmem_ds__best_effort,receive,sub,cpp_to_py,copy,exp,xcdr,shmem_ds,100000,10,0,measured,161,2026-09-09T14:39:43.632446Z,157977294564012,157977294226233,157977294564012,1788964783632039672,1788964783632208311,ok,
exp_copy_xcdr__cpp_to_py__100000B__10Hz__shmem_ds__best_effort,receive,sub,cpp_to_py,copy,exp,xcdr,shmem_ds,100000,10,0,measured,162,2026-09-09T14:39:43.731424Z,157977393594332,157977393387120,157977393594332,1788964783731192464,1788964783731308564,ok,
exp_copy_xcdr__cpp_to_py__100000B__10Hz__shmem_ds__best_effort,receive,sub,cpp_to_py,copy,exp,xcdr,shmem_ds,100000,10,0,measured,163,2026-09-09T14:39:43.831061Z,157977493190233,157977492859568,157977493190233,1788964783830671935,1788964783830845283,ok,
exp_copy_xcdr__cpp_to_py__100000B__10Hz__shmem_ds__best_effort,receive,sub,cpp_to_py,copy,exp,xcdr,shmem_ds,100000,10,0,measured,164,2026-09-09T14:39:43.930770Z,157977592935287,157977592719158,157977592935287,1788964783930524902,1788964783930642024,ok,
exp_copy_xcdr__cpp_to_py__100000B__10Hz__shmem_ds__best_effort,receive,sub,cpp_to_py,copy,exp,xcdr,shmem_ds,100000,10,0,measured,165,2026-09-09T14:39:44.031054Z,157977693147354,157977692675191,157977693147354,1788964784030500222,1788964784030730367,ok,
exp_copy_xcdr__cpp_to_py__100000B__10Hz__shmem_ds__best_effort,receive,sub,cpp_to_py,copy,exp,xcdr,shmem_ds,100000,10,0,measured,166,2026-09-09T14:39:44.130146Z,157977792317179,157977792109737,157977792317179,1788964784129915542,1788964784130027544,ok,
exp_copy_xcdr__cpp_to_py__100000B__10Hz__shmem_ds__best_effort,receive,sub,cpp_to_py,copy,exp,xcdr,shmem_ds,100000,10,0,measured,167,2026-09-09T14:39:44.230338Z,157977892506604,157977892295715,157977892506604,1788964784230101280,1788964784230212170,ok,
exp_copy_xcdr__cpp_to_py__100000B__10Hz__shmem_ds__best_effort,receive,sub,cpp_to_py,copy,exp,xcdr,shmem_ds,100000,10,0,measured,168,2026-09-09T14:39:44.331316Z,157977993486154,157977993281066,157977993486154,1788964784331085959,1788964784331192952,ok,
exp_copy_xcdr__cpp_to_py__100000B__10Hz__shmem_ds__best_effort,receive,sub,cpp_to_py,copy,exp,xcdr,shmem_ds,100000,10,0,measured,169,2026-09-09T14:39:44.432234Z,157978094376105,157978094086608,157978094376105,1788964784431897152,1788964784432045021,ok,
exp_copy_xcdr__cpp_to_py__100000B__10Hz__shmem_ds__best_effort,receive,sub,cpp_to_py,copy,exp,xcdr,shmem_ds,100000,10,0,measured,170,2026-09-09T14:39:44.531958Z,157978194111331,157978193846069,157978194111331,1788964784531655150,1788964784531781900,ok,
exp_copy_xcdr__cpp_to_py__100000B__10Hz__shmem_ds__best_effort,receive,sub,cpp_to_py,copy,exp,xcdr,shmem_ds,100000,10,0,measured,171,2026-09-09T14:39:44.631895Z,157978294055110,157978293807030,157978294055110,1788964784631613466,1788964784631736379,ok,
exp_copy_xcdr__cpp_to_py__100000B__10Hz__shmem_ds__best_effort,receive,sub,cpp_to_py,copy,exp,xcdr,shmem_ds,100000,10,0,measured,172,2026-09-09T14:39:44.731568Z,157978393709313,157978393393174,157978393709313,1788964784731206313,1788964784731349544,ok,
exp_copy_xcdr__cpp_to_py__100000B__10Hz__shmem_ds__best_effort,receive,sub,cpp_to_py,copy,exp,xcdr,shmem_ds,100000,10,0,measured,173,2026-09-09T14:39:44.831497Z,157978493628947,157978493300476,157978493628947,1788964784831116560,1788964784831274679,ok,
exp_copy_xcdr__cpp_to_py__100000B__10Hz__shmem_ds__best_effort,receive,sub,cpp_to_py,copy,exp,xcdr,shmem_ds,100000,10,0,measured,174,2026-09-09T14:39:44.931067Z,157978593212236,157978592920754,157978593212236,1788964784930731458,1788964784930889688,ok,
exp_copy_xcdr__cpp_to_py__100000B__10Hz__shmem_ds__best_effort,receive,sub,cpp_to_py,copy,exp,xcdr,shmem_ds,100000,10,0,measured,175,2026-09-09T14:39:45.030918Z,157978692961348,157978692506527,157978692961348,1788964785030328523,1788964785030544582,ok,
exp_copy_xcdr__cpp_to_py__100000B__10Hz__shmem_ds__best_effort,receive,sub,cpp_to_py,copy,exp,xcdr,shmem_ds,100000,10,0,measured,176,2026-09-09T14:39:45.130429Z,157978792602646,157978792395925,157978792602646,1788964785130200538,1788964785130309665,ok,
exp_copy_xcdr__cpp_to_py__100000B__10Hz__shmem_ds__best_effort,receive,sub,cpp_to_py,copy,exp,xcdr,shmem_ds,100000,10,0,measured,177,2026-09-09T14:39:45.230720Z,157978892890168,157978892679239,157978892890168,1788964785230484333,1788964785230595052,ok,
exp_copy_xcdr__cpp_to_py__100000B__10Hz__shmem_ds__best_effort,receive,sub,cpp_to_py,copy,exp,xcdr,shmem_ds,100000,10,0,measured,178,2026-09-09T14:39:45.329880Z,157978992018265,157978991803759,157978992018265,1788964785329608332,1788964785329715775,ok,
exp_copy_xcdr__cpp_to_py__100000B__10Hz__shmem_ds__best_effort,receive,sub,cpp_to_py,copy,exp,xcdr,shmem_ds,100000,10,0,measured,179,2026-09-09T14:39:45.429963Z,157979092124093,157979091831229,157979092124093,1788964785429636804,1788964785429757191,ok,
exp_copy_xcdr__cpp_to_py__100000B__10Hz__shmem_ds__best_effort,receive,sub,cpp_to_py,copy,exp,xcdr,shmem_ds,100000,10,0,measured,180,2026-09-09T14:39:45.529660Z,157979191810818,157979191532040,157979191810818,1788964785529343276,1788964785529469685,ok,
exp_copy_xcdr__cpp_to_py__100000B__10Hz__shmem_ds__best_effort,receive,sub,cpp_to_py,copy,exp,xcdr,shmem_ds,100000,10,0,measured,181,2026-09-09T14:39:45.630150Z,157979292306503,157979292059796,157979292306503,1788964785629867535,1788964785629996890,ok,
exp_copy_xcdr__cpp_to_py__100000B__10Hz__shmem_ds__best_effort,receive,sub,cpp_to_py,copy,exp,xcdr,shmem_ds,100000,10,0,measured,182,2026-09-09T14:39:45.729976Z,157979392143593,157979391917515,157979392143593,1788964785729723410,1788964785729850150,ok,
exp_copy_xcdr__cpp_to_py__100000B__10Hz__shmem_ds__best_effort,receive,sub,cpp_to_py,copy,exp,xcdr,shmem_ds,100000,10,0,measured,183,2026-09-09T14:39:45.829504Z,157979491634437,157979491318359,157979491634437,1788964785829128112,1788964785829263858,ok,
exp_copy_xcdr__cpp_to_py__100000B__10Hz__shmem_ds__best_effort,receive,sub,cpp_to_py,copy,exp,xcdr,shmem_ds,100000,10,0,measured,184,2026-09-09T14:39:45.928415Z,157979590573667,157979590317893,157979590573667,1788964785928125151,1788964785928251750,ok,
exp_copy_xcdr__cpp_to_py__100000B__10Hz__shmem_ds__best_effort,receive,sub,cpp_to_py,copy,exp,xcdr,shmem_ds,100000,10,0,measured,185,2026-09-09T14:39:46.028963Z,157979691066457,157979690602429,157979691066457,1788964786028425557,1788964786028659710,ok,
exp_copy_xcdr__cpp_to_py__100000B__10Hz__shmem_ds__best_effort,receive,sub,cpp_to_py,copy,exp,xcdr,shmem_ds,100000,10,0,measured,186,2026-09-09T14:39:46.128251Z,157979790400285,157979790139893,157979790400285,1788964786127948914,1788964786128085442,ok,
exp_copy_xcdr__cpp_to_py__100000B__10Hz__shmem_ds__best_effort,receive,sub,cpp_to_py,copy,exp,xcdr,shmem_ds,100000,10,0,measured,187,2026-09-09T14:39:46.227552Z,157979889719635,157979889498166,157979889719635,1788964786227304262,1788964786227423607,ok,
exp_copy_xcdr__cpp_to_py__100000B__10Hz__shmem_ds__best_effort,receive,sub,cpp_to_py,copy,exp,xcdr,shmem_ds,100000,10,0,measured,188,2026-09-09T14:39:46.328468Z,157979990612443,157979990297507,157979990612443,1788964786328110005,1788964786328281269,ok,
exp_copy_xcdr__cpp_to_py__100000B__10Hz__shmem_ds__best_effort,receive,sub,cpp_to_py,copy,exp,xcdr,shmem_ds,100000,10,0,measured,189,2026-09-09T14:39:46.429173Z,157980091294272,157980090896148,157980091294272,1788964786428713896,1788964786428916119,ok,
exp_copy_xcdr__cpp_to_py__100000B__10Hz__shmem_ds__best_effort,receive,sub,cpp_to_py,copy,exp,xcdr,shmem_ds,100000,10,0,measured,190,2026-09-09T14:39:46.528849Z,157980190983131,157980190707910,157980190983131,1788964786528519296,1788964786528658890,ok,
exp_copy_xcdr__cpp_to_py__100000B__10Hz__shmem_ds__best_effort,receive,sub,cpp_to_py,copy,exp,xcdr,shmem_ds,100000,10,0,measured,191,2026-09-09T14:39:46.628082Z,157980290230516,157980289912323,157980290230516,1788964786627723278,1788964786627894673,ok,
exp_copy_xcdr__cpp_to_py__100000B__10Hz__shmem_ds__best_effort,receive,sub,cpp_to_py,copy,exp,xcdr,shmem_ds,100000,10,0,measured,192,2026-09-09T14:39:46.728344Z,157980390499613,157980390257004,157980390499613,1788964786728065985,1788964786728195400,ok,
exp_copy_xcdr__cpp_to_py__100000B__10Hz__shmem_ds__best_effort,receive,sub,cpp_to_py,copy,exp,xcdr,shmem_ds,100000,10,0,measured,193,2026-09-09T14:39:46.829559Z,157980491660919,157980491195568,157980491660919,1788964786829019398,1788964786829237130,ok,
exp_copy_xcdr__cpp_to_py__100000B__10Hz__shmem_ds__best_effort,receive,sub,cpp_to_py,copy,exp,xcdr,shmem_ds,100000,10,0,measured,194,2026-09-09T14:39:46.928913Z,157980591052185,157980590732120,157980591052185,1788964786928545028,1788964786928691505,ok,
exp_copy_xcdr__cpp_to_py__100000B__10Hz__shmem_ds__best_effort,receive,sub,cpp_to_py,copy,exp,xcdr,shmem_ds,100000,10,0,measured,195,2026-09-09T14:39:47.028285Z,157980690378248,157980689888171,157980690378248,1788964787027712351,1788964787027949750,ok,
exp_copy_xcdr__cpp_to_py__100000B__10Hz__shmem_ds__best_effort,receive,sub,cpp_to_py,copy,exp,xcdr,shmem_ds,100000,10,0,measured,196,2026-09-09T14:39:47.128209Z,157980790373398,157980790143804,157980790373398,1788964787127950571,1788964787128068153,ok,
exp_copy_xcdr__cpp_to_py__100000B__10Hz__shmem_ds__best_effort,receive,sub,cpp_to_py,copy,exp,xcdr,shmem_ds,100000,10,0,measured,197,2026-09-09T14:39:47.228366Z,157980890534181,157980890291912,157980890534181,1788964787228097096,1788964787228219988,ok,
exp_copy_xcdr__cpp_to_py__100000B__10Hz__shmem_ds__best_effort,receive,sub,cpp_to_py,copy,exp,xcdr,shmem_ds,100000,10,0,measured,198,2026-09-09T14:39:47.327708Z,157980989875263,157980989650267,157980989875263,1788964787327455260,1788964787327567042,ok,
exp_copy_xcdr__cpp_to_py__100000B__10Hz__shmem_ds__best_effort,receive,sub,cpp_to_py,copy,exp,xcdr,shmem_ds,100000,10,0,measured,199,2026-09-09T14:39:47.428517Z,157981090680786,157981090423148,157981090680786,1788964787428228943,1788964787428361143,ok,
exp_copy_xcdr__cpp_to_py__100000B__10Hz__shmem_ds__best_effort,receive,sub,cpp_to_py,copy,exp,xcdr,shmem_ds,100000,10,0,measured,200,2026-09-09T14:39:47.528411Z,157981190566999,157981190315864,157981190566999,1788964787528124154,1788964787528241566,ok,
exp_copy_xcdr__cpp_to_py__100000B__10Hz__shmem_ds__best_effort,receive,sub,cpp_to_py,copy,exp,xcdr,shmem_ds,100000,10,0,measured,201,2026-09-09T14:39:47.627588Z,157981289751054,157981289522492,157981289751054,1788964787627330681,1788964787627453564,ok,
exp_copy_xcdr__cpp_to_py__100000B__10Hz__shmem_ds__best_effort,receive,sub,cpp_to_py,copy,exp,xcdr,shmem_ds,100000,10,0,measured,202,2026-09-09T14:39:47.726914Z,157981389082377,157981388848054,157981389082377,1788964787726655572,1788964787726777393,ok,
exp_copy_xcdr__cpp_to_py__100000B__10Hz__shmem_ds__best_effort,receive,sub,cpp_to_py,copy,exp,xcdr,shmem_ds,100000,10,0,measured,203,2026-09-09T14:39:47.827867Z,157981489991006,157981489671291,157981489991006,1788964787827485472,1788964787827629685,ok,
exp_copy_xcdr__cpp_to_py__100000B__10Hz__shmem_ds__best_effort,receive,sub,cpp_to_py,copy,exp,xcdr,shmem_ds,100000,10,0,measured,204,2026-09-09T14:39:47.927715Z,157981589861109,157981589580388,157981589861109,1788964787927392414,1788964787927539733,ok,
exp_copy_xcdr__cpp_to_py__100000B__10Hz__shmem_ds__best_effort,receive,sub,cpp_to_py,copy,exp,xcdr,shmem_ds,100000,10,0,measured,205,2026-09-09T14:39:48.028474Z,157981690594576,157981690219155,157981690594576,1788964788028037785,1788964788028227504,ok,
exp_copy_xcdr__cpp_to_py__100000B__10Hz__shmem_ds__best_effort,receive,sub,cpp_to_py,copy,exp,xcdr,shmem_ds,100000,10,0,measured,206,2026-09-09T14:39:48.128149Z,157981790313033,157981790051549,157981790313033,1788964788127863215,1788964788128011656,ok,
exp_copy_xcdr__cpp_to_py__100000B__10Hz__shmem_ds__best_effort,receive,sub,cpp_to_py,copy,exp,xcdr,shmem_ds,100000,10,0,measured,207,2026-09-09T14:39:48.227992Z,157981890161205,157981889903998,157981890161205,1788964788227714191,1788964788227869946,ok,
exp_copy_xcdr__cpp_to_py__100000B__10Hz__shmem_ds__best_effort,receive,sub,cpp_to_py,copy,exp,xcdr,shmem_ds,100000,10,0,measured,208,2026-09-09T14:39:48.327614Z,157981989781958,157981989550239,157981989781958,1788964788327358689,1788964788327488525,ok,
exp_copy_xcdr__cpp_to_py__100000B__10Hz__shmem_ds__best_effort,receive,sub,cpp_to_py,copy,exp,xcdr,shmem_ds,100000,10,0,measured,209,2026-09-09T14:39:48.426790Z,157982088958830,157982088755475,157982088958830,1788964788426561630,1788964788426667661,ok,
exp_copy_xcdr__cpp_to_py__100000B__10Hz__shmem_ds__best_effort,receive,sub,cpp_to_py,copy,exp,xcdr,shmem_ds,100000,10,0,measured,210,2026-09-09T14:39:48.526335Z,157982188472629,157982188149728,157982188472629,1788964788525963468,1788964788526115636,ok,
exp_copy_xcdr__cpp_to_py__100000B__10Hz__shmem_ds__best_effort,receive,sub,cpp_to_py,copy,exp,xcdr,shmem_ds,100000,10,0,measured,211,2026-09-09T14:39:48.625738Z,157982287892651,157982287629814,157982287892651,1788964788625440989,1788964788625584821,ok,
exp_copy_xcdr__cpp_to_py__100000B__10Hz__shmem_ds__best_effort,receive,sub,cpp_to_py,copy,exp,xcdr,shmem_ds,100000,10,0,measured,212,2026-09-09T14:39:48.726439Z,157982388604587,157982388386144,157982388604587,1788964788726195195,1788964788726309952,ok,
exp_copy_xcdr__cpp_to_py__100000B__10Hz__shmem_ds__best_effort,receive,sub,cpp_to_py,copy,exp,xcdr,shmem_ds,100000,10,0,measured,213,2026-09-09T14:39:48.826529Z,157982488654823,157982488277599,157982488654823,1788964788826096829,1788964788826271310,ok,
exp_copy_xcdr__cpp_to_py__100000B__10Hz__shmem_ds__best_effort,receive,sub,cpp_to_py,copy,exp,xcdr,shmem_ds,100000,10,0,measured,214,2026-09-09T14:39:48.925814Z,157982587954357,157982587690377,157982587954357,1788964788925502214,1788964788925629314,ok,
exp_copy_xcdr__cpp_to_py__100000B__10Hz__shmem_ds__best_effort,receive,sub,cpp_to_py,copy,exp,xcdr,shmem_ds,100000,10,0,measured,215,2026-09-09T14:39:49.025326Z,157982687434423,157982687020691,157982687434423,1788964789024841023,1788964789025048155,ok,
exp_copy_xcdr__cpp_to_py__100000B__10Hz__shmem_ds__best_effort,receive,sub,cpp_to_py,copy,exp,xcdr,shmem_ds,100000,10,0,measured,216,2026-09-09T14:39:49.124460Z,157982786617938,157982786367184,157982786617938,1788964789124177167,1788964789124312513,ok,
exp_copy_xcdr__cpp_to_py__100000B__10Hz__shmem_ds__best_effort,receive,sub,cpp_to_py,copy,exp,xcdr,shmem_ds,100000,10,0,measured,217,2026-09-09T14:39:49.223707Z,157982885877869,157982885679333,157982885877869,1788964789223484567,1788964789223591399,ok,
exp_copy_xcdr__cpp_to_py__100000B__10Hz__shmem_ds__best_effort,receive,sub,cpp_to_py,copy,exp,xcdr,shmem_ds,100000,10,0,measured,218,2026-09-09T14:39:49.322990Z,157982985157115,157982984926088,157982985157115,1788964789322732484,1788964789322865636,ok,
exp_copy_xcdr__cpp_to_py__100000B__10Hz__shmem_ds__best_effort,receive,sub,cpp_to_py,copy,exp,xcdr,shmem_ds,100000,10,0,measured,219,2026-09-09T14:39:49.422668Z,157983084771777,157983084352634,157983084771777,1788964789422173327,1788964789422367314,ok,
exp_copy_xcdr__cpp_to_py__100000B__10Hz__shmem_ds__best_effort,receive,sub,cpp_to_py,copy,exp,xcdr,shmem_ds,100000,10,0,measured,220,2026-09-09T14:39:49.523315Z,157983185477162,157983185252958,157983185477162,1788964789523060456,1788964789523161357,ok,
exp_copy_xcdr__cpp_to_py__100000B__10Hz__shmem_ds__best_effort,receive,sub,cpp_to_py,copy,exp,xcdr,shmem_ds,100000,10,0,measured,221,2026-09-09T14:39:49.623113Z,157983285282614,157983285100640,157983285282614,1788964789622903189,1788964789622993259,ok,
exp_copy_xcdr__cpp_to_py__100000B__10Hz__shmem_ds__best_effort,receive,sub,cpp_to_py,copy,exp,xcdr,shmem_ds,100000,10,0,measured,222,2026-09-09T14:39:49.722929Z,157983385097795,157983384893669,157983385097795,1788964789722700015,1788964789722800425,ok,
exp_copy_xcdr__cpp_to_py__100000B__10Hz__shmem_ds__best_effort,receive,sub,cpp_to_py,copy,exp,xcdr,shmem_ds,100000,10,0,measured,223,2026-09-09T14:39:49.822177Z,157983484346364,157983484160443,157983484346364,1788964789821966258,1788964789822059414,ok,
exp_copy_xcdr__cpp_to_py__100000B__10Hz__shmem_ds__best_effort,receive,sub,cpp_to_py,copy,exp,xcdr,shmem_ds,100000,10,0,measured,224,2026-09-09T14:39:49.921440Z,157983583607997,157983583418008,157983583607997,1788964789921223903,1788964789921319604,ok,
exp_copy_xcdr__cpp_to_py__100000B__10Hz__shmem_ds__best_effort,receive,sub,cpp_to_py,copy,exp,xcdr,shmem_ds,100000,10,0,measured,225,2026-09-09T14:39:50.021326Z,157983683477511,157983683221908,157983683477511,1788964790021031941,1788964790021155144,ok,
exp_copy_xcdr__cpp_to_py__100000B__10Hz__shmem_ds__best_effort,receive,sub,cpp_to_py,copy,exp,xcdr,shmem_ds,100000,10,0,measured,226,2026-09-09T14:39:50.120659Z,157983782822163,157983782617856,157983782822163,1788964790120424863,1788964790120530203,ok,
exp_copy_xcdr__cpp_to_py__100000B__10Hz__shmem_ds__best_effort,receive,sub,cpp_to_py,copy,exp,xcdr,shmem_ds,100000,10,0,measured,227,2026-09-09T14:39:50.219964Z,157983882133420,157983881938481,157983882133420,1788964790219743645,1788964790219848173,ok,
exp_copy_xcdr__cpp_to_py__100000B__10Hz__shmem_ds__best_effort,receive,sub,cpp_to_py,copy,exp,xcdr,shmem_ds,100000,10,0,measured,228,2026-09-09T14:39:50.319633Z,157983981802957,157983981612526,157983981802957,1788964790319417710,1788964790319514313,ok,
exp_copy_xcdr__cpp_to_py__100000B__10Hz__shmem_ds__best_effort,receive,sub,cpp_to_py,copy,exp,xcdr,shmem_ds,100000,10,0,measured,229,2026-09-09T14:39:50.420507Z,157984082634321,157984082306862,157984082634321,1788964790420120441,1788964790420281426,ok,
exp_copy_xcdr__cpp_to_py__100000B__10Hz__shmem_ds__best_effort,receive,sub,cpp_to_py,copy,exp,xcdr,shmem_ds,100000,10,0,measured,230,2026-09-09T14:39:50.520827Z,157984182940051,157984182605819,157984182940051,1788964790520420511,1788964790520571286,ok,
exp_copy_xcdr__cpp_to_py__100000B__10Hz__shmem_ds__best_effort,receive,sub,cpp_to_py,copy,exp,xcdr,shmem_ds,100000,10,0,measured,231,2026-09-09T14:39:50.620314Z,157984282481816,157984282252622,157984282481816,1788964790620059208,1788964790620166011,ok,
exp_copy_xcdr__cpp_to_py__100000B__10Hz__shmem_ds__best_effort,receive,sub,cpp_to_py,copy,exp,xcdr,shmem_ds,100000,10,0,measured,232,2026-09-09T14:39:50.721133Z,157984383302319,157984383108342,157984383302319,1788964790720913697,1788964790721011161,ok,
exp_copy_xcdr__cpp_to_py__100000B__10Hz__shmem_ds__best_effort,receive,sub,cpp_to_py,copy,exp,xcdr,shmem_ds,100000,10,0,measured,233,2026-09-09T14:39:50.821133Z,157984483275169,157984482886784,157984483275169,1788964790820707758,1788964790820911373,ok,
exp_copy_xcdr__cpp_to_py__100000B__10Hz__shmem_ds__best_effort,receive,sub,cpp_to_py,copy,exp,xcdr,shmem_ds,100000,10,0,measured,234,2026-09-09T14:39:50.921147Z,157984583306180,157984583066546,157984583306180,1788964790920875156,1788964790920986878,ok,
exp_copy_xcdr__cpp_to_py__100000B__10Hz__shmem_ds__best_effort,receive,sub,cpp_to_py,copy,exp,xcdr,shmem_ds,100000,10,0,measured,235,2026-09-09T14:39:51.021318Z,157984683443832,157984683083340,157984683443832,1788964791020898022,1788964791021066190,ok,
exp_copy_xcdr__cpp_to_py__100000B__10Hz__shmem_ds__best_effort,receive,sub,cpp_to_py,copy,exp,xcdr,shmem_ds,100000,10,0,measured,236,2026-09-09T14:39:51.121019Z,157984783179284,157984782926716,157984783179284,1788964791120733533,1788964791120858580,ok,
exp_copy_xcdr__cpp_to_py__100000B__10Hz__shmem_ds__best_effort,receive,sub,cpp_to_py,copy,exp,xcdr,shmem_ds,100000,10,0,measured,237,2026-09-09T14:39:51.221250Z,157984883415914,157984883188563,157984883415914,1788964791220994178,1788964791221100890,ok,
exp_copy_xcdr__cpp_to_py__100000B__10Hz__shmem_ds__best_effort,receive,sub,cpp_to_py,copy,exp,xcdr,shmem_ds,100000,10,0,measured,238,2026-09-09T14:39:51.322235Z,157984984372546,157984984060405,157984984372546,1788964791321875929,1788964791322039198,ok,
exp_copy_xcdr__cpp_to_py__100000B__10Hz__shmem_ds__best_effort,receive,sub,cpp_to_py,copy,exp,xcdr,shmem_ds,100000,10,0,measured,239,2026-09-09T14:39:51.421574Z,157985083702811,157985083413774,157985083702811,1788964791421222224,1788964791421363562,ok,
exp_copy_xcdr__cpp_to_py__100000B__10Hz__shmem_ds__best_effort,receive,sub,cpp_to_py,copy,exp,xcdr,shmem_ds,100000,10,0,measured,240,2026-09-09T14:39:51.521396Z,157985183553140,157985183269663,157985183553140,1788964791521082371,1788964791521213419,ok,
exp_copy_xcdr__cpp_to_py__100000B__10Hz__shmem_ds__best_effort,receive,sub,cpp_to_py,copy,exp,xcdr,shmem_ds,100000,10,0,measured,241,2026-09-09T14:39:51.621966Z,157985284132298,157985283919174,157985284132298,1788964791621725290,1788964791621838705,ok,
exp_copy_xcdr__cpp_to_py__100000B__10Hz__shmem_ds__best_effort,receive,sub,cpp_to_py,copy,exp,xcdr,shmem_ds,100000,10,0,measured,242,2026-09-09T14:39:51.722271Z,157985384438820,157985384206630,157985384438820,1788964791722012496,1788964791722132072,ok,
exp_copy_xcdr__cpp_to_py__100000B__10Hz__shmem_ds__best_effort,receive,sub,cpp_to_py,copy,exp,xcdr,shmem_ds,100000,10,0,measured,243,2026-09-09T14:39:51.821414Z,157985483581500,157985483365080,157985483581500,1788964791821169813,1788964791821289630,ok,
exp_copy_xcdr__cpp_to_py__100000B__10Hz__shmem_ds__best_effort,receive,sub,cpp_to_py,copy,exp,xcdr,shmem_ds,100000,10,0,measured,244,2026-09-09T14:39:51.921974Z,157985584142864,157985583916636,157985584142864,1788964791921718764,1788964791921826959,ok,
exp_copy_xcdr__cpp_to_py__100000B__10Hz__shmem_ds__best_effort,receive,sub,cpp_to_py,copy,exp,xcdr,shmem_ds,100000,10,0,measured,245,2026-09-09T14:39:52.022497Z,157985684606053,157985684188833,157985684606053,1788964792022010067,1788964792022210076,ok,
exp_copy_xcdr__cpp_to_py__100000B__10Hz__shmem_ds__best_effort,receive,sub,cpp_to_py,copy,exp,xcdr,shmem_ds,100000,10,0,measured,246,2026-09-09T14:39:52.123098Z,157985785250886,157985785006624,157985785250886,1788964792122814513,1788964792122936333,ok,
exp_copy_xcdr__cpp_to_py__100000B__10Hz__shmem_ds__best_effort,receive,sub,cpp_to_py,copy,exp,xcdr,shmem_ds,100000,10,0,measured,247,2026-09-09T14:39:52.222523Z,157985884686501,157985884462407,157985884686501,1788964792222266509,1788964792222370165,ok,
exp_copy_xcdr__cpp_to_py__100000B__10Hz__shmem_ds__best_effort,receive,sub,cpp_to_py,copy,exp,xcdr,shmem_ds,100000,10,0,measured,248,2026-09-09T14:39:52.323226Z,157985985394534,157985985193093,157985985394534,1788964792322995722,1788964792323092455,ok,
exp_copy_xcdr__cpp_to_py__100000B__10Hz__shmem_ds__best_effort,receive,sub,cpp_to_py,copy,exp,xcdr,shmem_ds,100000,10,0,measured,249,2026-09-09T14:39:52.422864Z,157986084976025,157986084634969,157986084976025,1788964792422451244,1788964792422624392,ok,
exp_copy_xcdr__cpp_to_py__100000B__10Hz__shmem_ds__best_effort,receive,sub,cpp_to_py,copy,exp,xcdr,shmem_ds,100000,10,0,measured,250,2026-09-09T14:39:52.522595Z,157986184744169,157986184456665,157986184744169,1788964792522265977,1788964792522399489,ok,
exp_copy_xcdr__cpp_to_py__100000B__10Hz__shmem_ds__best_effort,receive,sub,cpp_to_py,copy,exp,xcdr,shmem_ds,100000,10,0,measured,251,2026-09-09T14:39:52.622347Z,157986284505290,157986284283571,157986284505290,1788964792622089476,1788964792622198462,ok,
exp_copy_xcdr__cpp_to_py__100000B__10Hz__shmem_ds__best_effort,receive,sub,cpp_to_py,copy,exp,xcdr,shmem_ds,100000,10,0,measured,252,2026-09-09T14:39:52.722828Z,157986384945937,157986384543375,157986384945937,1788964792722357526,1788964792722523350,ok,
exp_copy_xcdr__cpp_to_py__100000B__10Hz__shmem_ds__best_effort,receive,sub,cpp_to_py,copy,exp,xcdr,shmem_ds,100000,10,0,measured,253,2026-09-09T14:39:52.823772Z,157986485867104,157986485393016,157986485867104,1788964792823217627,1788964792823437734,ok,
exp_copy_xcdr__cpp_to_py__100000B__10Hz__shmem_ds__best_effort,receive,sub,cpp_to_py,copy,exp,xcdr,shmem_ds,100000,10,0,measured,254,2026-09-09T14:39:52.923947Z,157986586100538,157986585835387,157986586100538,1788964792923645810,1788964792923769454,ok,
exp_copy_xcdr__cpp_to_py__100000B__10Hz__shmem_ds__best_effort,receive,sub,cpp_to_py,copy,exp,xcdr,shmem_ds,100000,10,0,measured,255,2026-09-09T14:39:53.023619Z,157986685753946,157986685412470,157986685753946,1788964793023227111,1788964793023387275,ok,
exp_copy_xcdr__cpp_to_py__100000B__10Hz__shmem_ds__best_effort,receive,sub,cpp_to_py,copy,exp,xcdr,shmem_ds,100000,10,0,measured,256,2026-09-09T14:39:53.122830Z,157986784983772,157986784767843,157986784983772,1788964793122571083,1788964793122669940,ok,
exp_copy_xcdr__cpp_to_py__100000B__10Hz__shmem_ds__best_effort,receive,sub,cpp_to_py,copy,exp,xcdr,shmem_ds,100000,10,0,measured,257,2026-09-09T14:39:53.222300Z,157986884468501,157986884264324,157986884468501,1788964793222070550,1788964793222177242,ok,
exp_copy_xcdr__cpp_to_py__100000B__10Hz__shmem_ds__best_effort,receive,sub,cpp_to_py,copy,exp,xcdr,shmem_ds,100000,10,0,measured,258,2026-09-09T14:39:53.322034Z,157986984203964,157986983985280,157986984203964,1788964793321791496,1788964793321909379,ok,
exp_copy_xcdr__cpp_to_py__100000B__10Hz__shmem_ds__best_effort,receive,sub,cpp_to_py,copy,exp,xcdr,shmem_ds,100000,10,0,measured,259,2026-09-09T14:39:53.421323Z,157987083449670,157987083110148,157987083449670,1788964793420926032,1788964793421094861,ok,
exp_copy_xcdr__cpp_to_py__100000B__10Hz__shmem_ds__best_effort,receive,sub,cpp_to_py,copy,exp,xcdr,shmem_ds,100000,10,0,measured,260,2026-09-09T14:39:53.520462Z,157987182631105,157987182413863,157987182631105,1788964793520217344,1788964793520318285,ok,
exp_copy_xcdr__cpp_to_py__100000B__10Hz__shmem_ds__best_effort,receive,sub,cpp_to_py,copy,exp,xcdr,shmem_ds,100000,10,0,measured,261,2026-09-09T14:39:53.619547Z,157987281715356,157987281506591,157987281715356,1788964793619313378,1788964793619421723,ok,
exp_copy_xcdr__cpp_to_py__100000B__10Hz__shmem_ds__best_effort,receive,sub,cpp_to_py,copy,exp,xcdr,shmem_ds,100000,10,0,measured,262,2026-09-09T14:39:53.718547Z,157987380716209,157987380533894,157987380716209,1788964793718336132,1788964793718428266,ok,
exp_copy_xcdr__cpp_to_py__100000B__10Hz__shmem_ds__best_effort,receive,sub,cpp_to_py,copy,exp,xcdr,shmem_ds,100000,10,0,measured,263,2026-09-09T14:39:53.818488Z,157987480655457,157987480442404,157987480655457,1788964793818249422,1788964793818358768,ok,
exp_copy_xcdr__cpp_to_py__100000B__10Hz__shmem_ds__best_effort,receive,sub,cpp_to_py,copy,exp,xcdr,shmem_ds,100000,10,0,measured,264,2026-09-09T14:39:53.917960Z,157987580128334,157987579907476,157987580128334,1788964793917709744,1788964793917811166,ok,
exp_copy_xcdr__cpp_to_py__100000B__10Hz__shmem_ds__best_effort,receive,sub,cpp_to_py,copy,exp,xcdr,shmem_ds,100000,10,0,measured,265,2026-09-09T14:39:54.017136Z,157987679273781,157987678968523,157987679273781,1788964794016780660,1788964794016926776,ok,
exp_copy_xcdr__cpp_to_py__100000B__10Hz__shmem_ds__best_effort,receive,sub,cpp_to_py,copy,exp,xcdr,shmem_ds,100000,10,0,measured,266,2026-09-09T14:39:54.116864Z,157987778959430,157987778681734,157987778959430,1788964794116490365,1788964794116614299,ok,
exp_copy_xcdr__cpp_to_py__100000B__10Hz__shmem_ds__best_effort,receive,sub,cpp_to_py,copy,exp,xcdr,shmem_ds,100000,10,0,measured,267,2026-09-09T14:39:54.216888Z,157987879043123,157987878782931,157987879043123,1788964794216589106,1788964794216711518,ok,
exp_copy_xcdr__cpp_to_py__100000B__10Hz__shmem_ds__best_effort,receive,sub,cpp_to_py,copy,exp,xcdr,shmem_ds,100000,10,0,measured,268,2026-09-09T14:39:54.316166Z,157987978334797,157987978126112,157987978334797,1788964794315931557,1788964794316047176,ok,
exp_copy_xcdr__cpp_to_py__100000B__10Hz__shmem_ds__best_effort,receive,sub,cpp_to_py,copy,exp,xcdr,shmem_ds,100000,10,0,measured,269,2026-09-09T14:39:54.416799Z,157988078912224,157988078514181,157988078912224,1788964794416332189,1788964794416522950,ok,
exp_copy_xcdr__cpp_to_py__100000B__10Hz__shmem_ds__best_effort,receive,sub,cpp_to_py,copy,exp,xcdr,shmem_ds,100000,10,0,measured,270,2026-09-09T14:39:54.517127Z,157988179295435,157988179083264,157988179295435,1788964794516885822,1788964794516982796,ok,
exp_copy_xcdr__cpp_to_py__100000B__10Hz__shmem_ds__best_effort,receive,sub,cpp_to_py,copy,exp,xcdr,shmem_ds,100000,10,0,measured,271,2026-09-09T14:39:54.617142Z,157988279311099,157988279108726,157988279311099,1788964794616915372,1788964794617018918,ok,
exp_copy_xcdr__cpp_to_py__100000B__10Hz__shmem_ds__best_effort,receive,sub,cpp_to_py,copy,exp,xcdr,shmem_ds,100000,10,0,measured,272,2026-09-09T14:39:54.716279Z,157988378448922,157988378254955,157988378448922,1788964794716058356,1788964794716158685,ok,
exp_copy_xcdr__cpp_to_py__100000B__10Hz__shmem_ds__best_effort,receive,sub,cpp_to_py,copy,exp,xcdr,shmem_ds,100000,10,0,measured,273,2026-09-09T14:39:54.815482Z,157988477636649,157988477377108,157988477636649,1788964794815187321,1788964794815319762,ok,
exp_copy_xcdr__cpp_to_py__100000B__10Hz__shmem_ds__best_effort,receive,sub,cpp_to_py,copy,exp,xcdr,shmem_ds,100000,10,0,measured,274,2026-09-09T14:39:54.915607Z,157988577771889,157988577548727,157988577771889,1788964794915354893,1788964794915468467,ok,
exp_copy_xcdr__cpp_to_py__100000B__10Hz__shmem_ds__best_effort,receive,sub,cpp_to_py,copy,exp,xcdr,shmem_ds,100000,10,0,measured,275,2026-09-09T14:39:55.016777Z,157988678889469,157988678503769,157988678889469,1788964795016321406,1788964795016512688,ok,
exp_copy_xcdr__cpp_to_py__100000B__10Hz__shmem_ds__best_effort,receive,sub,cpp_to_py,copy,exp,xcdr,shmem_ds,100000,10,0,measured,276,2026-09-09T14:39:55.116840Z,157988778935822,157988778559951,157988778935822,1788964795116378109,1788964795116553732,ok,
exp_copy_xcdr__cpp_to_py__100000B__10Hz__shmem_ds__best_effort,receive,sub,cpp_to_py,copy,exp,xcdr,shmem_ds,100000,10,0,measured,277,2026-09-09T14:39:55.215983Z,157988878143558,157988877896701,157988878143558,1788964795215704670,1788964795215838093,ok,
exp_copy_xcdr__cpp_to_py__100000B__10Hz__shmem_ds__best_effort,receive,sub,cpp_to_py,copy,exp,xcdr,shmem_ds,100000,10,0,measured,278,2026-09-09T14:39:55.316638Z,157988978756193,157988978378458,157988978756193,1788964795316195364,1788964795316377920,ok,
exp_copy_xcdr__cpp_to_py__100000B__10Hz__shmem_ds__best_effort,receive,sub,cpp_to_py,copy,exp,xcdr,shmem_ds,100000,10,0,measured,279,2026-09-09T14:39:55.415956Z,157989078050413,157989077585503,157989078050413,1788964795415410153,1788964795415638165,ok,
exp_copy_xcdr__cpp_to_py__100000B__10Hz__shmem_ds__best_effort,receive,sub,cpp_to_py,copy,exp,xcdr,shmem_ds,100000,10,0,measured,280,2026-09-09T14:39:55.515723Z,157989177885617,157989177637307,157989177885617,1788964795515446929,1788964795515581664,ok,
exp_copy_xcdr__cpp_to_py__100000B__10Hz__shmem_ds__best_effort,receive,sub,cpp_to_py,copy,exp,xcdr,shmem_ds,100000,10,0,measured,281,2026-09-09T14:39:55.616428Z,157989278594323,157989278369468,157989278594323,1788964795616176295,1788964795616299638,ok,
exp_copy_xcdr__cpp_to_py__100000B__10Hz__shmem_ds__best_effort,receive,sub,cpp_to_py,copy,exp,xcdr,shmem_ds,100000,10,0,measured,282,2026-09-09T14:39:55.717250Z,157989379420793,157989379206668,157989379420793,1788964795717011862,1788964795717131508,ok,
exp_copy_xcdr__cpp_to_py__100000B__10Hz__shmem_ds__best_effort,receive,sub,cpp_to_py,copy,exp,xcdr,shmem_ds,100000,10,0,measured,283,2026-09-09T14:39:55.816578Z,157989478742675,157989478513050,157989478742675,1788964795816319096,1788964795816441167,ok,
exp_copy_xcdr__cpp_to_py__100000B__10Hz__shmem_ds__best_effort,receive,sub,cpp_to_py,copy,exp,xcdr,shmem_ds,100000,10,0,measured,284,2026-09-09T14:39:55.917104Z,157989579272262,157989579066843,157989579272262,1788964795916871707,1788964795916981705,ok,
exp_copy_xcdr__cpp_to_py__100000B__10Hz__shmem_ds__best_effort,receive,sub,cpp_to_py,copy,exp,xcdr,shmem_ds,100000,10,0,measured,285,2026-09-09T14:39:56.018153Z,157989680291035,157989679959288,157989680291035,1788964796017771264,1788964796017927650,ok,
exp_copy_xcdr__cpp_to_py__100000B__10Hz__shmem_ds__best_effort,receive,sub,cpp_to_py,copy,exp,xcdr,shmem_ds,100000,10,0,measured,286,2026-09-09T14:39:56.118080Z,157989780246537,157989780030628,157989780246537,1788964796117833698,1788964796117932946,ok,
exp_copy_xcdr__cpp_to_py__100000B__10Hz__shmem_ds__best_effort,receive,sub,cpp_to_py,copy,exp,xcdr,shmem_ds,100000,10,0,measured,287,2026-09-09T14:39:56.218503Z,157989880671938,157989880465207,157989880671938,1788964796218267505,1788964796218361844,ok,
exp_copy_xcdr__cpp_to_py__100000B__10Hz__shmem_ds__best_effort,receive,sub,cpp_to_py,copy,exp,xcdr,shmem_ds,100000,10,0,measured,288,2026-09-09T14:39:56.317815Z,157989979972371,157989979766922,157989979972371,1788964796317568840,1788964796317662487,ok,
exp_copy_xcdr__cpp_to_py__100000B__10Hz__shmem_ds__best_effort,receive,sub,cpp_to_py,copy,exp,xcdr,shmem_ds,100000,10,0,measured,289,2026-09-09T14:39:56.419182Z,157990081271807,157990080744208,157990081271807,1788964796418571183,1788964796418837277,ok,
exp_copy_xcdr__cpp_to_py__100000B__10Hz__shmem_ds__best_effort,receive,sub,cpp_to_py,copy,exp,xcdr,shmem_ds,100000,10,0,measured,290,2026-09-09T14:39:56.518056Z,157990180209302,157990179947927,157990180209302,1788964796517757229,1788964796517884229,ok,
exp_copy_xcdr__cpp_to_py__100000B__10Hz__shmem_ds__best_effort,receive,sub,cpp_to_py,copy,exp,xcdr,shmem_ds,100000,10,0,measured,291,2026-09-09T14:39:56.617399Z,157990279540592,157990279246917,157990279540592,1788964796617058503,1788964796617198207,ok,
exp_copy_xcdr__cpp_to_py__100000B__10Hz__shmem_ds__best_effort,receive,sub,cpp_to_py,copy,exp,xcdr,shmem_ds,100000,10,0,measured,292,2026-09-09T14:39:56.717984Z,157990380151735,157990379902634,157990380151735,1788964796717708429,1788964796717839306,ok,
exp_copy_xcdr__cpp_to_py__100000B__10Hz__shmem_ds__best_effort,receive,sub,cpp_to_py,copy,exp,xcdr,shmem_ds,100000,10,0,measured,293,2026-09-09T14:39:56.817934Z,157990480098230,157990479833048,157990480098230,1788964796817639294,1788964796817757458,ok,
exp_copy_xcdr__cpp_to_py__100000B__10Hz__shmem_ds__best_effort,receive,sub,cpp_to_py,copy,exp,xcdr,shmem_ds,100000,10,0,measured,294,2026-09-09T14:39:56.918292Z,157990580460823,157990580232721,157990580460823,1788964796918037104,1788964796918150118,ok,
exp_copy_xcdr__cpp_to_py__100000B__10Hz__shmem_ds__best_effort,receive,sub,cpp_to_py,copy,exp,xcdr,shmem_ds,100000,10,0,measured,295,2026-09-09T14:39:57.019437Z,157990681559448,157990681176924,157990681559448,1788964797018993059,1788964797019180443,ok,
exp_copy_xcdr__cpp_to_py__100000B__10Hz__shmem_ds__best_effort,receive,sub,cpp_to_py,copy,exp,xcdr,shmem_ds,100000,10,0,measured,296,2026-09-09T14:39:57.119172Z,157990781337856,157990781100727,157990781337856,1788964797118905129,1788964797119024616,ok,
exp_copy_xcdr__cpp_to_py__100000B__10Hz__shmem_ds__best_effort,receive,sub,cpp_to_py,copy,exp,xcdr,shmem_ds,100000,10,0,measured,297,2026-09-09T14:39:57.218221Z,157990880391502,157990880163200,157990880391502,1788964797217968353,1788964797218081578,ok,
exp_copy_xcdr__cpp_to_py__100000B__10Hz__shmem_ds__best_effort,receive,sub,cpp_to_py,copy,exp,xcdr,shmem_ds,100000,10,0,measured,298,2026-09-09T14:39:57.319125Z,157990981294567,157990981069712,157990981294567,1788964797318874615,1788964797318985004,ok,
exp_copy_xcdr__cpp_to_py__100000B__10Hz__shmem_ds__best_effort,receive,sub,cpp_to_py,copy,exp,xcdr,shmem_ds,100000,10,0,measured,299,2026-09-09T14:39:57.419726Z,157991081837271,157991081405303,157991081837271,1788964797419227069,1788964797419438018,ok,
exp_copy_xcdr__cpp_to_py__100000B__10Hz__shmem_ds__best_effort,receive,sub,cpp_to_py,copy,exp,xcdr,shmem_ds,100000,10,0,measured,300,2026-09-09T14:39:57.519446Z,157991181595901,157991181308226,157991181595901,1788964797519116786,1788964797519258785,ok,
exp_copy_xcdr__cpp_to_py__1000000B__10Hz__shmem_ds__best_effort,publish,pub,cpp_to_py,copy,exp,xcdr,shmem_ds,1000000,10,1,measured,0,2026-09-09T14:40:02.274321Z,157995935186516,157995935186516,-1,-1,-1,ok,
exp_copy_xcdr__cpp_to_py__1000000B__10Hz__shmem_ds__best_effort,publish,pub,cpp_to_py,copy,exp,xcdr,shmem_ds,1000000,10,1,measured,1,2026-09-09T14:40:02.374272Z,157996035763428,157996035763428,-1,-1,-1,ok,
exp_copy_xcdr__cpp_to_py__1000000B__10Hz__shmem_ds__best_effort,publish,pub,cpp_to_py,copy,exp,xcdr,shmem_ds,1000000,10,1,measured,2,2026-09-09T14:40:02.474212Z,157996136038160,157996136038160,-1,-1,-1,ok,
exp_copy_xcdr__cpp_to_py__1000000B__10Hz__shmem_ds__best_effort,publish,pub,cpp_to_py,copy,exp,xcdr,shmem_ds,1000000,10,1,measured,3,2026-09-09T14:40:02.574533Z,157996236539589,157996236539589,-1,-1,-1,ok,
exp_copy_xcdr__cpp_to_py__1000000B__10Hz__shmem_ds__best_effort,publish,pub,cpp_to_py,copy,exp,xcdr,shmem_ds,1000000,10,1,measured,4,2026-09-09T14:40:02.673846Z,157996335812634,157996335812634,-1,-1,-1,ok,
exp_copy_xcdr__cpp_to_py__1000000B__10Hz__shmem_ds__best_effort,publish,pub,cpp_to_py,copy,exp,xcdr,shmem_ds,1000000,10,1,measured,5,2026-09-09T14:40:02.775060Z,157996436622458,157996436622458,-1,-1,-1,ok,
exp_copy_xcdr__cpp_to_py__1000000B__10Hz__shmem_ds__best_effort,publish,pub,cpp_to_py,copy,exp,xcdr,shmem_ds,1000000,10,1,measured,6,2026-09-09T14:40:02.874231Z,157996535814289,157996535814289,-1,-1,-1,ok,
exp_copy_xcdr__cpp_to_py__1000000B__10Hz__shmem_ds__best_effort,publish,pub,cpp_to_py,copy,exp,xcdr,shmem_ds,1000000,10,1,measured,7,2026-09-09T14:40:02.974125Z,157996635960087,157996635960087,-1,-1,-1,ok,
exp_copy_xcdr__cpp_to_py__1000000B__10Hz__shmem_ds__best_effort,publish,pub,cpp_to_py,copy,exp,xcdr,shmem_ds,1000000,10,1,measured,8,2026-09-09T14:40:03.073720Z,157996735702470,157996735702470,-1,-1,-1,ok,
exp_copy_xcdr__cpp_to_py__1000000B__10Hz__shmem_ds__best_effort,publish,pub,cpp_to_py,copy,exp,xcdr,shmem_ds,1000000,10,1,measured,9,2026-09-09T14:40:03.173339Z,157996835263040,157996835263040,-1,-1,-1,ok,
exp_copy_xcdr__cpp_to_py__1000000B__10Hz__shmem_ds__best_effort,publish,pub,cpp_to_py,copy,exp,xcdr,shmem_ds,1000000,10,1,measured,10,2026-09-09T14:40:03.273038Z,157996935033528,157996935033528,-1,-1,-1,ok,
exp_copy_xcdr__cpp_to_py__1000000B__10Hz__shmem_ds__best_effort,publish,pub,cpp_to_py,copy,exp,xcdr,shmem_ds,1000000,10,1,measured,11,2026-09-09T14:40:03.372462Z,157997034065548,157997034065548,-1,-1,-1,ok,
exp_copy_xcdr__cpp_to_py__1000000B__10Hz__shmem_ds__best_effort,publish,pub,cpp_to_py,copy,exp,xcdr,shmem_ds,1000000,10,1,measured,12,2026-09-09T14:40:03.472182Z,157997134107448,157997134107448,-1,-1,-1,ok,
exp_copy_xcdr__cpp_to_py__1000000B__10Hz__shmem_ds__best_effort,publish,pub,cpp_to_py,copy,exp,xcdr,shmem_ds,1000000,10,1,measured,13,2026-09-09T14:40:03.572584Z,157997234473913,157997234473913,-1,-1,-1,ok,
exp_copy_xcdr__cpp_to_py__1000000B__10Hz__shmem_ds__best_effort,publish,pub,cpp_to_py,copy,exp,xcdr,shmem_ds,1000000,10,1,measured,14,2026-09-09T14:40:03.672778Z,157997334747393,157997334747393,-1,-1,-1,ok,
exp_copy_xcdr__cpp_to_py__1000000B__10Hz__shmem_ds__best_effort,publish,pub,cpp_to_py,copy,exp,xcdr,shmem_ds,1000000,10,1,measured,15,2026-09-09T14:40:03.773492Z,157997435402284,157997435402284,-1,-1,-1,ok,
exp_copy_xcdr__cpp_to_py__1000000B__10Hz__shmem_ds__best_effort,publish,pub,cpp_to_py,copy,exp,xcdr,shmem_ds,1000000,10,1,measured,16,2026-09-09T14:40:03.874299Z,157997536293943,157997536293943,-1,-1,-1,ok,
exp_copy_xcdr__cpp_to_py__1000000B__10Hz__shmem_ds__best_effort,publish,pub,cpp_to_py,copy,exp,xcdr,shmem_ds,1000000,10,1,measured,17,2026-09-09T14:40:03.975219Z,157997636804020,157997636804020,-1,-1,-1,ok,
exp_copy_xcdr__cpp_to_py__1000000B__10Hz__shmem_ds__best_effort,publish,pub,cpp_to_py,copy,exp,xcdr,shmem_ds,1000000,10,1,measured,18,2026-09-09T14:40:04.074719Z,157997736696779,157997736696779,-1,-1,-1,ok,
exp_copy_xcdr__cpp_to_py__1000000B__10Hz__shmem_ds__best_effort,publish,pub,cpp_to_py,copy,exp,xcdr,shmem_ds,1000000,10,1,measured,19,2026-09-09T14:40:04.173907Z,157997835790737,157997835790737,-1,-1,-1,ok,
exp_copy_xcdr__cpp_to_py__1000000B__10Hz__shmem_ds__best_effort,publish,pub,cpp_to_py,copy,exp,xcdr,shmem_ds,1000000,10,1,measured,20,2026-09-09T14:40:04.272947Z,157997934918689,157997934918689,-1,-1,-1,ok,
exp_copy_xcdr__cpp_to_py__1000000B__10Hz__shmem_ds__best_effort,publish,pub,cpp_to_py,copy,exp,xcdr,shmem_ds,1000000,10,1,measured,21,2026-09-09T14:40:04.373557Z,157998035417315,157998035417315,-1,-1,-1,ok,
exp_copy_xcdr__cpp_to_py__1000000B__10Hz__shmem_ds__best_effort,publish,pub,cpp_to_py,copy,exp,xcdr,shmem_ds,1000000,10,1,measured,22,2026-09-09T14:40:04.472737Z,157998134716121,157998134716121,-1,-1,-1,ok,
exp_copy_xcdr__cpp_to_py__1000000B__10Hz__shmem_ds__best_effort,publish,pub,cpp_to_py,copy,exp,xcdr,shmem_ds,1000000,10,1,measured,23,2026-09-09T14:40:04.572770Z,157998234566750,157998234566750,-1,-1,-1,ok,
exp_copy_xcdr__cpp_to_py__1000000B__10Hz__shmem_ds__best_effort,publish,pub,cpp_to_py,copy,exp,xcdr,shmem_ds,1000000,10,1,measured,24,2026-09-09T14:40:04.671849Z,157998333768582,157998333768582,-1,-1,-1,ok,
exp_copy_xcdr__cpp_to_py__1000000B__10Hz__shmem_ds__best_effort,publish,pub,cpp_to_py,copy,exp,xcdr,shmem_ds,1000000,10,1,measured,25,2026-09-09T14:40:04.771226Z,157998433056217,157998433056217,-1,-1,-1,ok,
exp_copy_xcdr__cpp_to_py__1000000B__10Hz__shmem_ds__best_effort,publish,pub,cpp_to_py,copy,exp,xcdr,shmem_ds,1000000,10,1,measured,26,2026-09-09T14:40:04.870267Z,157998532244773,157998532244773,-1,-1,-1,ok,
exp_copy_xcdr__cpp_to_py__1000000B__10Hz__shmem_ds__best_effort,publish,pub,cpp_to_py,copy,exp,xcdr,shmem_ds,1000000,10,1,measured,27,2026-09-09T14:40:04.970747Z,157998632309848,157998632309848,-1,-1,-1,ok,
exp_copy_xcdr__cpp_to_py__1000000B__10Hz__shmem_ds__best_effort,publish,pub,cpp_to_py,copy,exp,xcdr,shmem_ds,1000000,10,1,measured,28,2026-09-09T14:40:05.070342Z,157998732199041,157998732199041,-1,-1,-1,ok,
exp_copy_xcdr__cpp_to_py__1000000B__10Hz__shmem_ds__best_effort,publish,pub,cpp_to_py,copy,exp,xcdr,shmem_ds,1000000,10,1,measured,29,2026-09-09T14:40:05.170827Z,157998832742473,157998832742473,-1,-1,-1,ok,
exp_copy_xcdr__cpp_to_py__1000000B__10Hz__shmem_ds__best_effort,publish,pub,cpp_to_py,copy,exp,xcdr,shmem_ds,1000000,10,1,measured,30,2026-09-09T14:40:05.269989Z,157998931989532,157998931989532,-1,-1,-1,ok,
exp_copy_xcdr__cpp_to_py__1000000B__10Hz__shmem_ds__best_effort,publish,pub,cpp_to_py,copy,exp,xcdr,shmem_ds,1000000,10,1,measured,31,2026-09-09T14:40:05.371000Z,157999032484752,157999032484752,-1,-1,-1,ok,
exp_copy_xcdr__cpp_to_py__1000000B__10Hz__shmem_ds__best_effort,publish,pub,cpp_to_py,copy,exp,xcdr,shmem_ds,1000000,10,1,measured,32,2026-09-09T14:40:05.470184Z,157999132129152,157999132129152,-1,-1,-1,ok,
exp_copy_xcdr__cpp_to_py__1000000B__10Hz__shmem_ds__best_effort,publish,pub,cpp_to_py,copy,exp,xcdr,shmem_ds,1000000,10,1,measured,33,2026-09-09T14:40:05.570693Z,157999232628289,157999232628289,-1,-1,-1,ok,
exp_copy_xcdr__cpp_to_py__1000000B__10Hz__shmem_ds__best_effort,publish,pub,cpp_to_py,copy,exp,xcdr,shmem_ds,1000000,10,1,measured,34,2026-09-09T14:40:05.671259Z,157999333237405,157999333237405,-1,-1,-1,ok,
exp_copy_xcdr__cpp_to_py__1000000B__10Hz__shmem_ds__best_effort,publish,pub,cpp_to_py,copy,exp,xcdr,shmem_ds,1000000,10,1,measured,35,2026-09-09T14:40:05.770379Z,157999432323649,157999432323649,-1,-1,-1,ok,
exp_copy_xcdr__cpp_to_py__1000000B__10Hz__shmem_ds__best_effort,publish,pub,cpp_to_py,copy,exp,xcdr,shmem_ds,1000000,10,1,measured,36,2026-09-09T14:40:05.871155Z,157999533177147,157999533177147,-1,-1,-1,ok,
exp_copy_xcdr__cpp_to_py__1000000B__10Hz__shmem_ds__best_effort,publish,pub,cpp_to_py,copy,exp,xcdr,shmem_ds,1000000,10,1,measured,37,2026-09-09T14:40:05.972014Z,157999633663560,157999633663560,-1,-1,-1,ok,
exp_copy_xcdr__cpp_to_py__1000000B__10Hz__shmem_ds__best_effort,publish,pub,cpp_to_py,copy,exp,xcdr,shmem_ds,1000000,10,1,measured,38,2026-09-09T14:40:06.071504Z,157999733496859,157999733496859,-1,-1,-1,ok,
exp_copy_xcdr__cpp_to_py__1000000B__10Hz__shmem_ds__best_effort,publish,pub,cpp_to_py,copy,exp,xcdr,shmem_ds,1000000,10,1,measured,39,2026-09-09T14:40:06.171143Z,157999833092056,157999833092056,-1,-1,-1,ok,
exp_copy_xcdr__cpp_to_py__1000000B__10Hz__shmem_ds__best_effort,publish,pub,cpp_to_py,copy,exp,xcdr,shmem_ds,1000000,10,1,measured,40,2026-09-09T14:40:06.270113Z,157999932131433,157999932131433,-1,-1,-1,ok,
exp_copy_xcdr__cpp_to_py__1000000B__10Hz__shmem_ds__best_effort,publish,pub,cpp_to_py,copy,exp,xcdr,shmem_ds,1000000,10,1,measured,41,2026-09-09T14:40:06.371153Z,158000032537685,158000032537685,-1,-1,-1,ok,
exp_copy_xcdr__cpp_to_py__1000000B__10Hz__shmem_ds__best_effort,publish,pub,cpp_to_py,copy,exp,xcdr,shmem_ds,1000000,10,1,measured,42,2026-09-09T14:40:06.470550Z,158000132452819,158000132452819,-1,-1,-1,ok,
exp_copy_xcdr__cpp_to_py__1000000B__10Hz__shmem_ds__best_effort,publish,pub,cpp_to_py,copy,exp,xcdr,shmem_ds,1000000,10,1,measured,43,2026-09-09T14:40:06.570853Z,158000232527163,158000232527163,-1,-1,-1,ok,
exp_copy_xcdr__cpp_to_py__1000000B__10Hz__shmem_ds__best_effort,publish,pub,cpp_to_py,copy,exp,xcdr,shmem_ds,1000000,10,1,measured,44,2026-09-09T14:40:06.670631Z,158000332500066,158000332500066,-1,-1,-1,ok,
exp_copy_xcdr__cpp_to_py__1000000B__10Hz__shmem_ds__best_effort,publish,pub,cpp_to_py,copy,exp,xcdr,shmem_ds,1000000,10,1,measured,45,2026-09-09T14:40:06.770279Z,158000431923379,158000431923379,-1,-1,-1,ok,
exp_copy_xcdr__cpp_to_py__1000000B__10Hz__shmem_ds__best_effort,publish,pub,cpp_to_py,copy,exp,xcdr,shmem_ds,1000000,10,1,measured,46,2026-09-09T14:40:06.870207Z,158000532137929,158000532137929,-1,-1,-1,ok,
exp_copy_xcdr__cpp_to_py__1000000B__10Hz__shmem_ds__best_effort,publish,pub,cpp_to_py,copy,exp,xcdr,shmem_ds,1000000,10,1,measured,47,2026-09-09T14:40:06.970357Z,158000632125249,158000632125249,-1,-1,-1,ok,
exp_copy_xcdr__cpp_to_py__1000000B__10Hz__shmem_ds__best_effort,publish,pub,cpp_to_py,copy,exp,xcdr,shmem_ds,1000000,10,1,measured,48,2026-09-09T14:40:07.070096Z,158000731896039,158000731896039,-1,-1,-1,ok,
exp_copy_xcdr__cpp_to_py__1000000B__10Hz__shmem_ds__best_effort,publish,pub,cpp_to_py,copy,exp,xcdr,shmem_ds,1000000,10,1,measured,49,2026-09-09T14:40:07.170206Z,158000832222031,158000832222031,-1,-1,-1,ok,
exp_copy_xcdr__cpp_to_py__1000000B__10Hz__shmem_ds__best_effort,publish,pub,cpp_to_py,copy,exp,xcdr,shmem_ds,1000000,10,1,measured,50,2026-09-09T14:40:07.270597Z,158000932064247,158000932064247,-1,-1,-1,ok,
exp_copy_xcdr__cpp_to_py__1000000B__10Hz__shmem_ds__best_effort,publish,pub,cpp_to_py,copy,exp,xcdr,shmem_ds,1000000,10,1,measured,51,2026-09-09T14:40:07.370267Z,158001031927673,158001031927673,-1,-1,-1,ok,
exp_copy_xcdr__cpp_to_py__1000000B__10Hz__shmem_ds__best_effort,publish,pub,cpp_to_py,copy,exp,xcdr,shmem_ds,1000000,10,1,measured,52,2026-09-09T14:40:07.469317Z,158001131115270,158001131115270,-1,-1,-1,ok,
exp_copy_xcdr__cpp_to_py__1000000B__10Hz__shmem_ds__best_effort,publish,pub,cpp_to_py,copy,exp,xcdr,shmem_ds,1000000,10,1,measured,53,2026-09-09T14:40:07.568267Z,158001230261889,158001230261889,-1,-1,-1,ok,
exp_copy_xcdr__cpp_to_py__1000000B__10Hz__shmem_ds__best_effort,publish,pub,cpp_to_py,copy,exp,xcdr,shmem_ds,1000000,10,1,measured,54,2026-09-09T14:40:07.668951Z,158001330900813,158001330900813,-1,-1,-1,ok,
exp_copy_xcdr__cpp_to_py__1000000B__10Hz__shmem_ds__best_effort,publish,pub,cpp_to_py,copy,exp,xcdr,shmem_ds,1000000,10,1,measured,55,2026-09-09T14:40:07.769007Z,158001430857857,158001430857857,-1,-1,-1,ok,
exp_copy_xcdr__cpp_to_py__1000000B__10Hz__shmem_ds__best_effort,publish,pub,cpp_to_py,copy,exp,xcdr,shmem_ds,1000000,10,1,measured,56,2026-09-09T14:40:07.868753Z,158001530743736,158001530743736,-1,-1,-1,ok,
exp_copy_xcdr__cpp_to_py__1000000B__10Hz__shmem_ds__best_effort,publish,pub,cpp_to_py,copy,exp,xcdr,shmem_ds,1000000,10,1,measured,57,2026-09-09T14:40:07.969918Z,158001631737912,158001631737912,-1,-1,-1,ok,
exp_copy_xcdr__cpp_to_py__1000000B__10Hz__shmem_ds__best_effort,publish,pub,cpp_to_py,copy,exp,xcdr,shmem_ds,1000000,10,1,measured,58,2026-09-09T14:40:08.070055Z,158001731924039,158001731924039,-1,-1,-1,ok,
exp_copy_xcdr__cpp_to_py__1000000B__10Hz__shmem_ds__best_effort,publish,pub,cpp_to_py,copy,exp,xcdr,shmem_ds,1000000,10,1,measured,59,2026-09-09T14:40:08.170170Z,158001832164689,158001832164689,-1,-1,-1,ok,
exp_copy_xcdr__cpp_to_py__1000000B__10Hz__shmem_ds__best_effort,publish,pub,cpp_to_py,copy,exp,xcdr,shmem_ds,1000000,10,1,measured,60,2026-09-09T14:40:08.270357Z,158001932317274,158001932317274,-1,-1,-1,ok,
exp_copy_xcdr__cpp_to_py__1000000B__10Hz__shmem_ds__best_effort,publish,pub,cpp_to_py,copy,exp,xcdr,shmem_ds,1000000,10,1,measured,61,2026-09-09T14:40:08.371562Z,158002033047471,158002033047471,-1,-1,-1,ok,
exp_copy_xcdr__cpp_to_py__1000000B__10Hz__shmem_ds__best_effort,publish,pub,cpp_to_py,copy,exp,xcdr,shmem_ds,1000000,10,1,measured,62,2026-09-09T14:40:08.471229Z,158002132992172,158002132992172,-1,-1,-1,ok,
exp_copy_xcdr__cpp_to_py__1000000B__10Hz__shmem_ds__best_effort,publish,pub,cpp_to_py,copy,exp,xcdr,shmem_ds,1000000,10,1,measured,63,2026-09-09T14:40:08.571610Z,158002233634122,158002233634122,-1,-1,-1,ok,
exp_copy_xcdr__cpp_to_py__1000000B__10Hz__shmem_ds__best_effort,publish,pub,cpp_to_py,copy,exp,xcdr,shmem_ds,1000000,10,1,measured,64,2026-09-09T14:40:08.671617Z,158002333622415,158002333622415,-1,-1,-1,ok,
exp_copy_xcdr__cpp_to_py__1000000B__10Hz__shmem_ds__best_effort,publish,pub,cpp_to_py,copy,exp,xcdr,shmem_ds,1000000,10,1,measured,65,2026-09-09T14:40:08.771678Z,158002433513344,158002433513344,-1,-1,-1,ok,
exp_copy_xcdr__cpp_to_py__1000000B__10Hz__shmem_ds__best_effort,publish,pub,cpp_to_py,copy,exp,xcdr,shmem_ds,1000000,10,1,measured,66,2026-09-09T14:40:08.871131Z,158002533131457,158002533131457,-1,-1,-1,ok,
exp_copy_xcdr__cpp_to_py__1000000B__10Hz__shmem_ds__best_effort,publish,pub,cpp_to_py,copy,exp,xcdr,shmem_ds,1000000,10,1,measured,67,2026-09-09T14:40:08.970846Z,158002632731907,158002632731907,-1,-1,-1,ok,
exp_copy_xcdr__cpp_to_py__1000000B__10Hz__shmem_ds__best_effort,publish,pub,cpp_to_py,copy,exp,xcdr,shmem_ds,1000000,10,1,measured,68,2026-09-09T14:40:09.070855Z,158002732773301,158002732773301,-1,-1,-1,ok,
exp_copy_xcdr__cpp_to_py__1000000B__10Hz__shmem_ds__best_effort,publish,pub,cpp_to_py,copy,exp,xcdr,shmem_ds,1000000,10,1,measured,69,2026-09-09T14:40:09.170544Z,158002832501283,158002832501283,-1,-1,-1,ok,
exp_copy_xcdr__cpp_to_py__1000000B__10Hz__shmem_ds__best_effort,publish,pub,cpp_to_py,copy,exp,xcdr,shmem_ds,1000000,10,1,measured,70,2026-09-09T14:40:09.271164Z,158002933013077,158002933013077,-1,-1,-1,ok,
exp_copy_xcdr__cpp_to_py__1000000B__10Hz__shmem_ds__best_effort,publish,pub,cpp_to_py,copy,exp,xcdr,shmem_ds,1000000,10,1,measured,71,2026-09-09T14:40:09.370778Z,158003032640408,158003032640408,-1,-1,-1,ok,
exp_copy_xcdr__cpp_to_py__1000000B__10Hz__shmem_ds__best_effort,publish,pub,cpp_to_py,copy,exp,xcdr,shmem_ds,1000000,10,1,measured,72,2026-09-09T14:40:09.471098Z,158003133013310,158003133013310,-1,-1,-1,ok,
exp_copy_xcdr__cpp_to_py__1000000B__10Hz__shmem_ds__best_effort,publish,pub,cpp_to_py,copy,exp,xcdr,shmem_ds,1000000,10,1,measured,73,2026-09-09T14:40:09.571433Z,158003233468708,158003233468708,-1,-1,-1,ok,
exp_copy_xcdr__cpp_to_py__1000000B__10Hz__shmem_ds__best_effort,publish,pub,cpp_to_py,copy,exp,xcdr,shmem_ds,1000000,10,1,measured,74,2026-09-09T14:40:09.671754Z,158003333770896,158003333770896,-1,-1,-1,ok,
exp_copy_xcdr__cpp_to_py__1000000B__10Hz__shmem_ds__best_effort,publish,pub,cpp_to_py,copy,exp,xcdr,shmem_ds,1000000,10,1,measured,75,2026-09-09T14:40:09.772504Z,158003434402558,158003434402558,-1,-1,-1,ok,
exp_copy_xcdr__cpp_to_py__1000000B__10Hz__shmem_ds__best_effort,publish,pub,cpp_to_py,copy,exp,xcdr,shmem_ds,1000000,10,1,measured,76,2026-09-09T14:40:09.872996Z,158003534975438,158003534975438,-1,-1,-1,ok,
exp_copy_xcdr__cpp_to_py__1000000B__10Hz__shmem_ds__best_effort,publish,pub,cpp_to_py,copy,exp,xcdr,shmem_ds,1000000,10,1,measured,77,2026-09-09T14:40:09.973565Z,158003635279500,158003635279500,-1,-1,-1,ok,
exp_copy_xcdr__cpp_to_py__1000000B__10Hz__shmem_ds__best_effort,publish,pub,cpp_to_py,copy,exp,xcdr,shmem_ds,1000000,10,1,measured,78,2026-09-09T14:40:10.074266Z,158003735868721,158003735868721,-1,-1,-1,ok,
exp_copy_xcdr__cpp_to_py__1000000B__10Hz__shmem_ds__best_effort,publish,pub,cpp_to_py,copy,exp,xcdr,shmem_ds,1000000,10,1,measured,79,2026-09-09T14:40:10.174084Z,158003835677937,158003835677937,-1,-1,-1,ok,
exp_copy_xcdr__cpp_to_py__1000000B__10Hz__shmem_ds__best_effort,publish,pub,cpp_to_py,copy,exp,xcdr,shmem_ds,1000000,10,1,measured,80,2026-09-09T14:40:10.274753Z,158003936546668,158003936546668,-1,-1,-1,ok,
exp_copy_xcdr__cpp_to_py__1000000B__10Hz__shmem_ds__best_effort,publish,pub,cpp_to_py,copy,exp,xcdr,shmem_ds,1000000,10,1,measured,81,2026-09-09T14:40:10.375044Z,158004036247359,158004036247359,-1,-1,-1,ok,
exp_copy_xcdr__cpp_to_py__1000000B__10Hz__shmem_ds__best_effort,publish,pub,cpp_to_py,copy,exp,xcdr,shmem_ds,1000000,10,1,measured,82,2026-09-09T14:40:10.474322Z,158004135846156,158004135846156,-1,-1,-1,ok,
exp_copy_xcdr__cpp_to_py__1000000B__10Hz__shmem_ds__best_effort,publish,pub,cpp_to_py,copy,exp,xcdr,shmem_ds,1000000,10,1,measured,83,2026-09-09T14:40:10.574631Z,158004236320381,158004236320381,-1,-1,-1,ok,
exp_copy_xcdr__cpp_to_py__1000000B__10Hz__shmem_ds__best_effort,publish,pub,cpp_to_py,copy,exp,xcdr,shmem_ds,1000000,10,1,measured,84,2026-09-09T14:40:10.675072Z,158004336508763,158004336508763,-1,-1,-1,ok,
exp_copy_xcdr__cpp_to_py__1000000B__10Hz__shmem_ds__best_effort,publish,pub,cpp_to_py,copy,exp,xcdr,shmem_ds,1000000,10,1,measured,85,2026-09-09T14:40:10.774641Z,158004436213292,158004436213292,-1,-1,-1,ok,
exp_copy_xcdr__cpp_to_py__1000000B__10Hz__shmem_ds__best_effort,publish,pub,cpp_to_py,copy,exp,xcdr,shmem_ds,1000000,10,1,measured,86,2026-09-09T14:40:10.873771Z,158004535491343,158004535491343,-1,-1,-1,ok,
exp_copy_xcdr__cpp_to_py__1000000B__10Hz__shmem_ds__best_effort,publish,pub,cpp_to_py,copy,exp,xcdr,shmem_ds,1000000,10,1,measured,87,2026-09-09T14:40:10.974247Z,158004635739029,158004635739029,-1,-1,-1,ok,
exp_copy_xcdr__cpp_to_py__1000000B__10Hz__shmem_ds__best_effort,publish,pub,cpp_to_py,copy,exp,xcdr,shmem_ds,1000000,10,1,measured,88,2026-09-09T14:40:11.074061Z,158004735919818,158004735919818,-1,-1,-1,ok,
exp_copy_xcdr__cpp_to_py__1000000B__10Hz__shmem_ds__best_effort,publish,pub,cpp_to_py,copy,exp,xcdr,shmem_ds,1000000,10,1,measured,89,2026-09-09T14:40:11.174026Z,158004835965803,158004835965803,-1,-1,-1,ok,
exp_copy_xcdr__cpp_to_py__1000000B__10Hz__shmem_ds__best_effort,publish,pub,cpp_to_py,copy,exp,xcdr,shmem_ds,1000000,10,1,measured,90,2026-09-09T14:40:11.274279Z,158004936190296,158004936190296,-1,-1,-1,ok,
exp_copy_xcdr__cpp_to_py__1000000B__10Hz__shmem_ds__best_effort,publish,pub,cpp_to_py,copy,exp,xcdr,shmem_ds,1000000,10,1,measured,91,2026-09-09T14:40:11.374028Z,158005035315137,158005035315137,-1,-1,-1,ok,
exp_copy_xcdr__cpp_to_py__1000000B__10Hz__shmem_ds__best_effort,publish,pub,cpp_to_py,copy,exp,xcdr,shmem_ds,1000000,10,1,measured,92,2026-09-09T14:40:11.473472Z,158005135048240,158005135048240,-1,-1,-1,ok,
exp_copy_xcdr__cpp_to_py__1000000B__10Hz__shmem_ds__best_effort,publish,pub,cpp_to_py,copy,exp,xcdr,shmem_ds,1000000,10,1,measured,93,2026-09-09T14:40:11.573785Z,158005235515371,158005235515371,-1,-1,-1,ok,
exp_copy_xcdr__cpp_to_py__1000000B__10Hz__shmem_ds__best_effort,publish,pub,cpp_to_py,copy,exp,xcdr,shmem_ds,1000000,10,1,measured,94,2026-09-09T14:40:11.674132Z,158005335733121,158005335733121,-1,-1,-1,ok,
exp_copy_xcdr__cpp_to_py__1000000B__10Hz__shmem_ds__best_effort,publish,pub,cpp_to_py,copy,exp,xcdr,shmem_ds,1000000,10,1,measured,95,2026-09-09T14:40:11.773845Z,158005435527600,158005435527600,-1,-1,-1,ok,
exp_copy_xcdr__cpp_to_py__1000000B__10Hz__shmem_ds__best_effort,publish,pub,cpp_to_py,copy,exp,xcdr,shmem_ds,1000000,10,1,measured,96,2026-09-09T14:40:11.874545Z,158005536391552,158005536391552,-1,-1,-1,ok,
exp_copy_xcdr__cpp_to_py__1000000B__10Hz__shmem_ds__best_effort,publish,pub,cpp_to_py,copy,exp,xcdr,shmem_ds,1000000,10,1,measured,97,2026-09-09T14:40:11.975138Z,158005636874976,158005636874976,-1,-1,-1,ok,
exp_copy_xcdr__cpp_to_py__1000000B__10Hz__shmem_ds__best_effort,publish,pub,cpp_to_py,copy,exp,xcdr,shmem_ds,1000000,10,1,measured,98,2026-09-09T14:40:12.074386Z,158005736333559,158005736333559,-1,-1,-1,ok,
exp_copy_xcdr__cpp_to_py__1000000B__10Hz__shmem_ds__best_effort,publish,pub,cpp_to_py,copy,exp,xcdr,shmem_ds,1000000,10,1,measured,99,2026-09-09T14:40:12.174384Z,158005836392098,158005836392098,-1,-1,-1,ok,
exp_copy_xcdr__cpp_to_py__1000000B__10Hz__shmem_ds__best_effort,publish,pub,cpp_to_py,copy,exp,xcdr,shmem_ds,1000000,10,1,measured,100,2026-09-09T14:40:12.273683Z,158005935640554,158005935640554,-1,-1,-1,ok,
exp_copy_xcdr__cpp_to_py__1000000B__10Hz__shmem_ds__best_effort,publish,pub,cpp_to_py,copy,exp,xcdr,shmem_ds,1000000,10,1,measured,101,2026-09-09T14:40:12.374654Z,158006036220261,158006036220261,-1,-1,-1,ok,
exp_copy_xcdr__cpp_to_py__1000000B__10Hz__shmem_ds__best_effort,publish,pub,cpp_to_py,copy,exp,xcdr,shmem_ds,1000000,10,1,measured,102,2026-09-09T14:40:12.473768Z,158006135688463,158006135688463,-1,-1,-1,ok,
exp_copy_xcdr__cpp_to_py__1000000B__10Hz__shmem_ds__best_effort,publish,pub,cpp_to_py,copy,exp,xcdr,shmem_ds,1000000,10,1,measured,103,2026-09-09T14:40:12.573074Z,158006234871674,158006234871674,-1,-1,-1,ok,
exp_copy_xcdr__cpp_to_py__1000000B__10Hz__shmem_ds__best_effort,publish,pub,cpp_to_py,copy,exp,xcdr,shmem_ds,1000000,10,1,measured,104,2026-09-09T14:40:12.673724Z,158006335650096,158006335650096,-1,-1,-1,ok,
exp_copy_xcdr__cpp_to_py__1000000B__10Hz__shmem_ds__best_effort,publish,pub,cpp_to_py,copy,exp,xcdr,shmem_ds,1000000,10,1,measured,105,2026-09-09T14:40:12.773663Z,158006435595272,158006435595272,-1,-1,-1,ok,
exp_copy_xcdr__cpp_to_py__1000000B__10Hz__shmem_ds__best_effort,publish,pub,cpp_to_py,copy,exp,xcdr,shmem_ds,1000000,10,1,measured,106,2026-09-09T14:40:12.873381Z,158006534830412,158006534830412,-1,-1,-1,ok,
exp_copy_xcdr__cpp_to_py__1000000B__10Hz__shmem_ds__best_effort,publish,pub,cpp_to_py,copy,exp,xcdr,shmem_ds,1000000,10,1,measured,107,2026-09-09T14:40:12.973332Z,158006635208235,158006635208235,-1,-1,-1,ok,
exp_copy_xcdr__cpp_to_py__1000000B__10Hz__shmem_ds__best_effort,publish,pub,cpp_to_py,copy,exp,xcdr,shmem_ds,1000000,10,1,measured,108,2026-09-09T14:40:13.072536Z,158006734458426,158006734458426,-1,-1,-1,ok,
exp_copy_xcdr__cpp_to_py__1000000B__10Hz__shmem_ds__best_effort,publish,pub,cpp_to_py,copy,exp,xcdr,shmem_ds,1000000,10,1,measured,109,2026-09-09T14:40:13.173017Z,158006834899901,158006834899901,-1,-1,-1,ok,
exp_copy_xcdr__cpp_to_py__1000000B__10Hz__shmem_ds__best_effort,publish,pub,cpp_to_py,copy,exp,xcdr,shmem_ds,1000000,10,1,measured,110,2026-09-09T14:40:13.273086Z,158006935110538,158006935110538,-1,-1,-1,ok,
exp_copy_xcdr__cpp_to_py__1000000B__10Hz__shmem_ds__best_effort,publish,pub,cpp_to_py,copy,exp,xcdr,shmem_ds,1000000,10,1,measured,111,2026-09-09T14:40:13.373239Z,158007034825198,158007034825198,-1,-1,-1,ok,
exp_copy_xcdr__cpp_to_py__1000000B__10Hz__shmem_ds__best_effort,publish,pub,cpp_to_py,copy,exp,xcdr,shmem_ds,1000000,10,1,measured,112,2026-09-09T14:40:13.473419Z,158007135361242,158007135361242,-1,-1,-1,ok,
exp_copy_xcdr__cpp_to_py__1000000B__10Hz__shmem_ds__best_effort,publish,pub,cpp_to_py,copy,exp,xcdr,shmem_ds,1000000,10,1,measured,113,2026-09-09T14:40:13.574309Z,158007236216139,158007236216139,-1,-1,-1,ok,
exp_copy_xcdr__cpp_to_py__1000000B__10Hz__shmem_ds__best_effort,publish,pub,cpp_to_py,copy,exp,xcdr,shmem_ds,1000000,10,1,measured,114,2026-09-09T14:40:13.675218Z,158007337210039,158007337210039,-1,-1,-1,ok,
exp_copy_xcdr__cpp_to_py__1000000B__10Hz__shmem_ds__best_effort,publish,pub,cpp_to_py,copy,exp,xcdr,shmem_ds,1000000,10,1,measured,115,2026-09-09T14:40:13.775085Z,158007436989982,158007436989982,-1,-1,-1,ok,
exp_copy_xcdr__cpp_to_py__1000000B__10Hz__shmem_ds__best_effort,publish,pub,cpp_to_py,copy,exp,xcdr,shmem_ds,1000000,10,1,measured,116,2026-09-09T14:40:13.874721Z,158007536730761,158007536730761,-1,-1,-1,ok,
exp_copy_xcdr__cpp_to_py__1000000B__10Hz__shmem_ds__best_effort,publish,pub,cpp_to_py,copy,exp,xcdr,shmem_ds,1000000,10,1,measured,117,2026-09-09T14:40:13.975526Z,158007637400075,158007637400075,-1,-1,-1,ok,
exp_copy_xcdr__cpp_to_py__1000000B__10Hz__shmem_ds__best_effort,publish,pub,cpp_to_py,copy,exp,xcdr,shmem_ds,1000000,10,1,measured,118,2026-09-09T14:40:14.076034Z,158007737928456,158007737928456,-1,-1,-1,ok,
exp_copy_xcdr__cpp_to_py__1000000B__10Hz__shmem_ds__best_effort,publish,pub,cpp_to_py,copy,exp,xcdr,shmem_ds,1000000,10,1,measured,119,2026-09-09T14:40:14.176274Z,158007838242721,158007838242721,-1,-1,-1,ok,
exp_copy_xcdr__cpp_to_py__1000000B__10Hz__shmem_ds__best_effort,publish,pub,cpp_to_py,copy,exp,xcdr,shmem_ds,1000000,10,1,measured,120,2026-09-09T14:40:14.276984Z,158007939007639,158007939007639,-1,-1,-1,ok,
exp_copy_xcdr__cpp_to_py__1000000B__10Hz__shmem_ds__best_effort,publish,pub,cpp_to_py,copy,exp,xcdr,shmem_ds,1000000,10,1,measured,121,2026-09-09T14:40:14.376338Z,158008038143013,158008038143013,-1,-1,-1,ok,
exp_copy_xcdr__cpp_to_py__1000000B__10Hz__shmem_ds__best_effort,publish,pub,cpp_to_py,copy,exp,xcdr,shmem_ds,1000000,10,1,measured,122,2026-09-09T14:40:14.475791Z,158008137786257,158008137786257,-1,-1,-1,ok,
exp_copy_xcdr__cpp_to_py__1000000B__10Hz__shmem_ds__best_effort,publish,pub,cpp_to_py,copy,exp,xcdr,shmem_ds,1000000,10,1,measured,123,2026-09-09T14:40:14.575411Z,158008237376932,158008237376932,-1,-1,-1,ok,
exp_copy_xcdr__cpp_to_py__1000000B__10Hz__shmem_ds__best_effort,publish,pub,cpp_to_py,copy,exp,xcdr,shmem_ds,1000000,10,1,measured,124,2026-09-09T14:40:14.675471Z,158008337217161,158008337217161,-1,-1,-1,ok,
exp_copy_xcdr__cpp_to_py__1000000B__10Hz__shmem_ds__best_effort,publish,pub,cpp_to_py,copy,exp,xcdr,shmem_ds,1000000,10,1,measured,125,2026-09-09T14:40:14.774779Z,158008436536142,158008436536142,-1,-1,-1,ok,
exp_copy_xcdr__cpp_to_py__1000000B__10Hz__shmem_ds__best_effort,publish,pub,cpp_to_py,copy,exp,xcdr,shmem_ds,1000000,10,1,measured,126,2026-09-09T14:40:14.875231Z,158008537234984,158008537234984,-1,-1,-1,ok,
exp_copy_xcdr__cpp_to_py__1000000B__10Hz__shmem_ds__best_effort,publish,pub,cpp_to_py,copy,exp,xcdr,shmem_ds,1000000,10,1,measured,127,2026-09-09T14:40:14.975368Z,158008637208464,158008637208464,-1,-1,-1,ok,
exp_copy_xcdr__cpp_to_py__1000000B__10Hz__shmem_ds__best_effort,publish,pub,cpp_to_py,copy,exp,xcdr,shmem_ds,1000000,10,1,measured,128,2026-09-09T14:40:15.074768Z,158008736789884,158008736789884,-1,-1,-1,ok,
exp_copy_xcdr__cpp_to_py__1000000B__10Hz__shmem_ds__best_effort,publish,pub,cpp_to_py,copy,exp,xcdr,shmem_ds,1000000,10,1,measured,129,2026-09-09T14:40:15.175480Z,158008837425317,158008837425317,-1,-1,-1,ok,
exp_copy_xcdr__cpp_to_py__1000000B__10Hz__shmem_ds__best_effort,publish,pub,cpp_to_py,copy,exp,xcdr,shmem_ds,1000000,10,1,measured,130,2026-09-09T14:40:15.275364Z,158008937283670,158008937283670,-1,-1,-1,ok,
exp_copy_xcdr__cpp_to_py__1000000B__10Hz__shmem_ds__best_effort,publish,pub,cpp_to_py,copy,exp,xcdr,shmem_ds,1000000,10,1,measured,131,2026-09-09T14:40:15.374647Z,158009036447037,158009036447037,-1,-1,-1,ok,
exp_copy_xcdr__cpp_to_py__1000000B__10Hz__shmem_ds__best_effort,publish,pub,cpp_to_py,copy,exp,xcdr,shmem_ds,1000000,10,1,measured,132,2026-09-09T14:40:15.475336Z,158009137200424,158009137200424,-1,-1,-1,ok,
exp_copy_xcdr__cpp_to_py__1000000B__10Hz__shmem_ds__best_effort,publish,pub,cpp_to_py,copy,exp,xcdr,shmem_ds,1000000,10,1,measured,133,2026-09-09T14:40:15.575867Z,158009237778198,158009237778198,-1,-1,-1,ok,
exp_copy_xcdr__cpp_to_py__1000000B__10Hz__shmem_ds__best_effort,publish,pub,cpp_to_py,copy,exp,xcdr,shmem_ds,1000000,10,1,measured,134,2026-09-09T14:40:15.676579Z,158009338583953,158009338583953,-1,-1,-1,ok,
exp_copy_xcdr__cpp_to_py__1000000B__10Hz__shmem_ds__best_effort,publish,pub,cpp_to_py,copy,exp,xcdr,shmem_ds,1000000,10,1,measured,135,2026-09-09T14:40:15.777395Z,158009439293166,158009439293166,-1,-1,-1,ok,
exp_copy_xcdr__cpp_to_py__1000000B__10Hz__shmem_ds__best_effort,publish,pub,cpp_to_py,copy,exp,xcdr,shmem_ds,1000000,10,1,measured,136,2026-09-09T14:40:15.876396Z,158009538347547,158009538347547,-1,-1,-1,ok,
exp_copy_xcdr__cpp_to_py__1000000B__10Hz__shmem_ds__best_effort,publish,pub,cpp_to_py,copy,exp,xcdr,shmem_ds,1000000,10,1,measured,137,2026-09-09T14:40:15.977198Z,158009638839198,158009638839198,-1,-1,-1,ok,
exp_copy_xcdr__cpp_to_py__1000000B__10Hz__shmem_ds__best_effort,publish,pub,cpp_to_py,copy,exp,xcdr,shmem_ds,1000000,10,1,measured,138,2026-09-09T14:40:16.076339Z,158009737982027,158009737982027,-1,-1,-1,ok,
exp_copy_xcdr__cpp_to_py__1000000B__10Hz__shmem_ds__best_effort,publish,pub,cpp_to_py,copy,exp,xcdr,shmem_ds,1000000,10,1,measured,139,2026-09-09T14:40:16.175418Z,158009837390680,158009837390680,-1,-1,-1,ok,
exp_copy_xcdr__cpp_to_py__1000000B__10Hz__shmem_ds__best_effort,publish,pub,cpp_to_py,copy,exp,xcdr,shmem_ds,1000000,10,1,measured,140,2026-09-09T14:40:16.275638Z,158009937649802,158009937649802,-1,-1,-1,ok,
exp_copy_xcdr__cpp_to_py__1000000B__10Hz__shmem_ds__best_effort,publish,pub,cpp_to_py,copy,exp,xcdr,shmem_ds,1000000,10,1,measured,141,2026-09-09T14:40:16.376057Z,158010037541047,158010037541047,-1,-1,-1,ok,
exp_copy_xcdr__cpp_to_py__1000000B__10Hz__shmem_ds__best_effort,publish,pub,cpp_to_py,copy,exp,xcdr,shmem_ds,1000000,10,1,measured,142,2026-09-09T14:40:16.475285Z,158010137204572,158010137204572,-1,-1,-1,ok,
exp_copy_xcdr__cpp_to_py__1000000B__10Hz__shmem_ds__best_effort,publish,pub,cpp_to_py,copy,exp,xcdr,shmem_ds,1000000,10,1,measured,143,2026-09-09T14:40:16.575247Z,158010236918854,158010236918854,-1,-1,-1,ok,
exp_copy_xcdr__cpp_to_py__1000000B__10Hz__shmem_ds__best_effort,publish,pub,cpp_to_py,copy,exp,xcdr,shmem_ds,1000000,10,1,measured,144,2026-09-09T14:40:16.675429Z,158010337321076,158010337321076,-1,-1,-1,ok,
exp_copy_xcdr__cpp_to_py__1000000B__10Hz__shmem_ds__best_effort,publish,pub,cpp_to_py,copy,exp,xcdr,shmem_ds,1000000,10,1,measured,145,2026-09-09T14:40:16.775452Z,158010437014587,158010437014587,-1,-1,-1,ok,
exp_copy_xcdr__cpp_to_py__1000000B__10Hz__shmem_ds__best_effort,publish,pub,cpp_to_py,copy,exp,xcdr,shmem_ds,1000000,10,1,measured,146,2026-09-09T14:40:16.875579Z,158010537483987,158010537483987,-1,-1,-1,ok,
exp_copy_xcdr__cpp_to_py__1000000B__10Hz__shmem_ds__best_effort,publish,pub,cpp_to_py,copy,exp,xcdr,shmem_ds,1000000,10,1,measured,147,2026-09-09T14:40:16.975170Z,158010636815454,158010636815454,-1,-1,-1,ok,
exp_copy_xcdr__cpp_to_py__1000000B__10Hz__shmem_ds__best_effort,publish,pub,cpp_to_py,copy,exp,xcdr,shmem_ds,1000000,10,1,measured,148,2026-09-09T14:40:17.075868Z,158010737117648,158010737117648,-1,-1,-1,ok,
exp_copy_xcdr__cpp_to_py__1000000B__10Hz__shmem_ds__best_effort,publish,pub,cpp_to_py,copy,exp,xcdr,shmem_ds,1000000,10,1,measured,149,2026-09-09T14:40:17.174758Z,158010836283601,158010836283601,-1,-1,-1,ok,
exp_copy_xcdr__cpp_to_py__1000000B__10Hz__shmem_ds__best_effort,publish,pub,cpp_to_py,copy,exp,xcdr,shmem_ds,1000000,10,1,measured,150,2026-09-09T14:40:17.274480Z,158010936085840,158010936085840,-1,-1,-1,ok,
exp_copy_xcdr__cpp_to_py__1000000B__10Hz__shmem_ds__best_effort,publish,pub,cpp_to_py,copy,exp,xcdr,shmem_ds,1000000,10,1,measured,151,2026-09-09T14:40:17.374559Z,158011035806183,158011035806183,-1,-1,-1,ok,
exp_copy_xcdr__cpp_to_py__1000000B__10Hz__shmem_ds__best_effort,publish,pub,cpp_to_py,copy,exp,xcdr,shmem_ds,1000000,10,1,measured,152,2026-09-09T14:40:17.474101Z,158011135833527,158011135833527,-1,-1,-1,ok,
exp_copy_xcdr__cpp_to_py__1000000B__10Hz__shmem_ds__best_effort,publish,pub,cpp_to_py,copy,exp,xcdr,shmem_ds,1000000,10,1,measured,153,2026-09-09T14:40:17.574825Z,158011236178943,158011236178943,-1,-1,-1,ok,
exp_copy_xcdr__cpp_to_py__1000000B__10Hz__shmem_ds__best_effort,publish,pub,cpp_to_py,copy,exp,xcdr,shmem_ds,1000000,10,1,measured,154,2026-09-09T14:40:17.675015Z,158011336618567,158011336618567,-1,-1,-1,ok,
exp_copy_xcdr__cpp_to_py__1000000B__10Hz__shmem_ds__best_effort,publish,pub,cpp_to_py,copy,exp,xcdr,shmem_ds,1000000,10,1,measured,155,2026-09-09T14:40:17.774926Z,158011436622076,158011436622076,-1,-1,-1,ok,
exp_copy_xcdr__cpp_to_py__1000000B__10Hz__shmem_ds__best_effort,publish,pub,cpp_to_py,copy,exp,xcdr,shmem_ds,1000000,10,1,measured,156,2026-09-09T14:40:17.874839Z,158011536665821,158011536665821,-1,-1,-1,ok,
exp_copy_xcdr__cpp_to_py__1000000B__10Hz__shmem_ds__best_effort,publish,pub,cpp_to_py,copy,exp,xcdr,shmem_ds,1000000,10,1,measured,157,2026-09-09T14:40:17.974706Z,158011636462428,158011636462428,-1,-1,-1,ok,
exp_copy_xcdr__cpp_to_py__1000000B__10Hz__shmem_ds__best_effort,publish,pub,cpp_to_py,copy,exp,xcdr,shmem_ds,1000000,10,1,measured,158,2026-09-09T14:40:18.075366Z,158011737045795,158011737045795,-1,-1,-1,ok,
exp_copy_xcdr__cpp_to_py__1000000B__10Hz__shmem_ds__best_effort,publish,pub,cpp_to_py,copy,exp,xcdr,shmem_ds,1000000,10,1,measured,159,2026-09-09T14:40:18.174617Z,158011836422499,158011836422499,-1,-1,-1,ok,
exp_copy_xcdr__cpp_to_py__1000000B__10Hz__shmem_ds__best_effort,publish,pub,cpp_to_py,copy,exp,xcdr,shmem_ds,1000000,10,1,measured,160,2026-09-09T14:40:18.274125Z,158011936116633,158011936116633,-1,-1,-1,ok,
exp_copy_xcdr__cpp_to_py__1000000B__10Hz__shmem_ds__best_effort,publish,pub,cpp_to_py,copy,exp,xcdr,shmem_ds,1000000,10,1,measured,161,2026-09-09T14:40:18.374862Z,158012036231254,158012036231254,-1,-1,-1,ok,
exp_copy_xcdr__cpp_to_py__1000000B__10Hz__shmem_ds__best_effort,publish,pub,cpp_to_py,copy,exp,xcdr,shmem_ds,1000000,10,1,measured,162,2026-09-09T14:40:18.473524Z,158012135390996,158012135390996,-1,-1,-1,ok,
exp_copy_xcdr__cpp_to_py__1000000B__10Hz__shmem_ds__best_effort,publish,pub,cpp_to_py,copy,exp,xcdr,shmem_ds,1000000,10,1,measured,163,2026-09-09T14:40:18.572946Z,158012234860425,158012234860425,-1,-1,-1,ok,
exp_copy_xcdr__cpp_to_py__1000000B__10Hz__shmem_ds__best_effort,publish,pub,cpp_to_py,copy,exp,xcdr,shmem_ds,1000000,10,1,measured,164,2026-09-09T14:40:18.672889Z,158012334720143,158012334720143,-1,-1,-1,ok,
exp_copy_xcdr__cpp_to_py__1000000B__10Hz__shmem_ds__best_effort,publish,pub,cpp_to_py,copy,exp,xcdr,shmem_ds,1000000,10,1,measured,165,2026-09-09T14:40:18.773028Z,158012434668948,158012434668948,-1,-1,-1,ok,
exp_copy_xcdr__cpp_to_py__1000000B__10Hz__shmem_ds__best_effort,publish,pub,cpp_to_py,copy,exp,xcdr,shmem_ds,1000000,10,1,measured,166,2026-09-09T14:40:18.872437Z,158012534108461,158012534108461,-1,-1,-1,ok,
exp_copy_xcdr__cpp_to_py__1000000B__10Hz__shmem_ds__best_effort,publish,pub,cpp_to_py,copy,exp,xcdr,shmem_ds,1000000,10,1,measured,167,2026-09-09T14:40:18.972558Z,158012634291129,158012634291129,-1,-1,-1,ok,
exp_copy_xcdr__cpp_to_py__1000000B__10Hz__shmem_ds__best_effort,publish,pub,cpp_to_py,copy,exp,xcdr,shmem_ds,1000000,10,1,measured,168,2026-09-09T14:40:19.073667Z,158012735286046,158012735286046,-1,-1,-1,ok,
exp_copy_xcdr__cpp_to_py__1000000B__10Hz__shmem_ds__best_effort,publish,pub,cpp_to_py,copy,exp,xcdr,shmem_ds,1000000,10,1,measured,169,2026-09-09T14:40:19.174253Z,158012836086946,158012836086946,-1,-1,-1,ok,
exp_copy_xcdr__cpp_to_py__1000000B__10Hz__shmem_ds__best_effort,publish,pub,cpp_to_py,copy,exp,xcdr,shmem_ds,1000000,10,1,measured,170,2026-09-09T14:40:19.273956Z,158012935846224,158012935846224,-1,-1,-1,ok,
exp_copy_xcdr__cpp_to_py__1000000B__10Hz__shmem_ds__best_effort,publish,pub,cpp_to_py,copy,exp,xcdr,shmem_ds,1000000,10,1,measured,171,2026-09-09T14:40:19.374087Z,158013035816462,158013035816462,-1,-1,-1,ok,
exp_copy_xcdr__cpp_to_py__1000000B__10Hz__shmem_ds__best_effort,publish,pub,cpp_to_py,copy,exp,xcdr,shmem_ds,1000000,10,1,measured,172,2026-09-09T14:40:19.473722Z,158013135397663,158013135397663,-1,-1,-1,ok,
exp_copy_xcdr__cpp_to_py__1000000B__10Hz__shmem_ds__best_effort,publish,pub,cpp_to_py,copy,exp,xcdr,shmem_ds,1000000,10,1,measured,173,2026-09-09T14:40:19.573543Z,158013235302056,158013235302056,-1,-1,-1,ok,
exp_copy_xcdr__cpp_to_py__1000000B__10Hz__shmem_ds__best_effort,publish,pub,cpp_to_py,copy,exp,xcdr,shmem_ds,1000000,10,1,measured,174,2026-09-09T14:40:19.672981Z,158013334918825,158013334918825,-1,-1,-1,ok,
exp_copy_xcdr__cpp_to_py__1000000B__10Hz__shmem_ds__best_effort,publish,pub,cpp_to_py,copy,exp,xcdr,shmem_ds,1000000,10,1,measured,175,2026-09-09T14:40:19.772479Z,158013434496198,158013434496198,-1,-1,-1,ok,
exp_copy_xcdr__cpp_to_py__1000000B__10Hz__shmem_ds__best_effort,publish,pub,cpp_to_py,copy,exp,xcdr,shmem_ds,1000000,10,1,measured,176,2026-09-09T14:40:19.872496Z,158013534402104,158013534402104,-1,-1,-1,ok,
exp_copy_xcdr__cpp_to_py__1000000B__10Hz__shmem_ds__best_effort,publish,pub,cpp_to_py,copy,exp,xcdr,shmem_ds,1000000,10,1,measured,177,2026-09-09T14:40:19.972762Z,158013634683270,158013634683270,-1,-1,-1,ok,
exp_copy_xcdr__cpp_to_py__1000000B__10Hz__shmem_ds__best_effort,publish,pub,cpp_to_py,copy,exp,xcdr,shmem_ds,1000000,10,1,measured,178,2026-09-09T14:40:20.071930Z,158013733809411,158013733809411,-1,-1,-1,ok,
exp_copy_xcdr__cpp_to_py__1000000B__10Hz__shmem_ds__best_effort,publish,pub,cpp_to_py,copy,exp,xcdr,shmem_ds,1000000,10,1,measured,179,2026-09-09T14:40:20.171822Z,158013833828220,158013833828220,-1,-1,-1,ok,
exp_copy_xcdr__cpp_to_py__1000000B__10Hz__shmem_ds__best_effort,publish,pub,cpp_to_py,copy,exp,xcdr,shmem_ds,1000000,10,1,measured,180,2026-09-09T14:40:20.271530Z,158013933531123,158013933531123,-1,-1,-1,ok,
exp_copy_xcdr__cpp_to_py__1000000B__10Hz__shmem_ds__best_effort,publish,pub,cpp_to_py,copy,exp,xcdr,shmem_ds,1000000,10,1,measured,181,2026-09-09T14:40:20.372248Z,158014034062322,158014034062322,-1,-1,-1,ok,
exp_copy_xcdr__cpp_to_py__1000000B__10Hz__shmem_ds__best_effort,publish,pub,cpp_to_py,copy,exp,xcdr,shmem_ds,1000000,10,1,measured,182,2026-09-09T14:40:20.471954Z,158014133921992,158014133921992,-1,-1,-1,ok,
exp_copy_xcdr__cpp_to_py__1000000B__10Hz__shmem_ds__best_effort,publish,pub,cpp_to_py,copy,exp,xcdr,shmem_ds,1000000,10,1,measured,183,2026-09-09T14:40:20.571515Z,158014233318865,158014233318865,-1,-1,-1,ok,
exp_copy_xcdr__cpp_to_py__1000000B__10Hz__shmem_ds__best_effort,publish,pub,cpp_to_py,copy,exp,xcdr,shmem_ds,1000000,10,1,measured,184,2026-09-09T14:40:20.670439Z,158014332320591,158014332320591,-1,-1,-1,ok,
exp_copy_xcdr__cpp_to_py__1000000B__10Hz__shmem_ds__best_effort,publish,pub,cpp_to_py,copy,exp,xcdr,shmem_ds,1000000,10,1,measured,185,2026-09-09T14:40:20.770846Z,158014432598461,158014432598461,-1,-1,-1,ok,
exp_copy_xcdr__cpp_to_py__1000000B__10Hz__shmem_ds__best_effort,publish,pub,cpp_to_py,copy,exp,xcdr,shmem_ds,1000000,10,1,measured,186,2026-09-09T14:40:20.870306Z,158014532141992,158014532141992,-1,-1,-1,ok,
exp_copy_xcdr__cpp_to_py__1000000B__10Hz__shmem_ds__best_effort,publish,pub,cpp_to_py,copy,exp,xcdr,shmem_ds,1000000,10,1,measured,187,2026-09-09T14:40:20.969842Z,158014631503718,158014631503718,-1,-1,-1,ok,
exp_copy_xcdr__cpp_to_py__1000000B__10Hz__shmem_ds__best_effort,publish,pub,cpp_to_py,copy,exp,xcdr,shmem_ds,1000000,10,1,measured,188,2026-09-09T14:40:21.070378Z,158014732297345,158014732297345,-1,-1,-1,ok,
exp_copy_xcdr__cpp_to_py__1000000B__10Hz__shmem_ds__best_effort,publish,pub,cpp_to_py,copy,exp,xcdr,shmem_ds,1000000,10,1,measured,189,2026-09-09T14:40:21.170907Z,158014832894491,158014832894491,-1,-1,-1,ok,
exp_copy_xcdr__cpp_to_py__1000000B__10Hz__shmem_ds__best_effort,publish,pub,cpp_to_py,copy,exp,xcdr,shmem_ds,1000000,10,1,measured,190,2026-09-09T14:40:21.270734Z,158014932708775,158014932708775,-1,-1,-1,ok,
exp_copy_xcdr__cpp_to_py__1000000B__10Hz__shmem_ds__best_effort,publish,pub,cpp_to_py,copy,exp,xcdr,shmem_ds,1000000,10,1,measured,191,2026-09-09T14:40:21.370228Z,158015031914537,158015031914537,-1,-1,-1,ok,
exp_copy_xcdr__cpp_to_py__1000000B__10Hz__shmem_ds__best_effort,publish,pub,cpp_to_py,copy,exp,xcdr,shmem_ds,1000000,10,1,measured,192,2026-09-09T14:40:21.470378Z,158015132262911,158015132262911,-1,-1,-1,ok,
exp_copy_xcdr__cpp_to_py__1000000B__10Hz__shmem_ds__best_effort,publish,pub,cpp_to_py,copy,exp,xcdr,shmem_ds,1000000,10,1,measured,193,2026-09-09T14:40:21.571191Z,158015233188218,158015233188218,-1,-1,-1,ok,
exp_copy_xcdr__cpp_to_py__1000000B__10Hz__shmem_ds__best_effort,publish,pub,cpp_to_py,copy,exp,xcdr,shmem_ds,1000000,10,1,measured,194,2026-09-09T14:40:21.670800Z,158015332731949,158015332731949,-1,-1,-1,ok,
exp_copy_xcdr__cpp_to_py__1000000B__10Hz__shmem_ds__best_effort,publish,pub,cpp_to_py,copy,exp,xcdr,shmem_ds,1000000,10,1,measured,195,2026-09-09T14:40:21.769906Z,158015431881074,158015431881074,-1,-1,-1,ok,
exp_copy_xcdr__cpp_to_py__1000000B__10Hz__shmem_ds__best_effort,publish,pub,cpp_to_py,copy,exp,xcdr,shmem_ds,1000000,10,1,measured,196,2026-09-09T14:40:21.870284Z,158015532146292,158015532146292,-1,-1,-1,ok,
exp_copy_xcdr__cpp_to_py__1000000B__10Hz__shmem_ds__best_effort,publish,pub,cpp_to_py,copy,exp,xcdr,shmem_ds,1000000,10,1,measured,197,2026-09-09T14:40:21.970593Z,158015632293996,158015632293996,-1,-1,-1,ok,
exp_copy_xcdr__cpp_to_py__1000000B__10Hz__shmem_ds__best_effort,publish,pub,cpp_to_py,copy,exp,xcdr,shmem_ds,1000000,10,1,measured,198,2026-09-09T14:40:22.069741Z,158015731651316,158015731651316,-1,-1,-1,ok,
exp_copy_xcdr__cpp_to_py__1000000B__10Hz__shmem_ds__best_effort,publish,pub,cpp_to_py,copy,exp,xcdr,shmem_ds,1000000,10,1,measured,199,2026-09-09T14:40:22.170546Z,158015832428503,158015832428503,-1,-1,-1,ok,
exp_copy_xcdr__cpp_to_py__1000000B__10Hz__shmem_ds__best_effort,publish,pub,cpp_to_py,copy,exp,xcdr,shmem_ds,1000000,10,1,measured,200,2026-09-09T14:40:22.270367Z,158015932318981,158015932318981,-1,-1,-1,ok,
exp_copy_xcdr__cpp_to_py__1000000B__10Hz__shmem_ds__best_effort,publish,pub,cpp_to_py,copy,exp,xcdr,shmem_ds,1000000,10,1,measured,201,2026-09-09T14:40:22.369963Z,158016031532639,158016031532639,-1,-1,-1,ok,
exp_copy_xcdr__cpp_to_py__1000000B__10Hz__shmem_ds__best_effort,publish,pub,cpp_to_py,copy,exp,xcdr,shmem_ds,1000000,10,1,measured,202,2026-09-09T14:40:22.468947Z,158016130852027,158016130852027,-1,-1,-1,ok,
exp_copy_xcdr__cpp_to_py__1000000B__10Hz__shmem_ds__best_effort,publish,pub,cpp_to_py,copy,exp,xcdr,shmem_ds,1000000,10,1,measured,203,2026-09-09T14:40:22.569675Z,158016231674640,158016231674640,-1,-1,-1,ok,
exp_copy_xcdr__cpp_to_py__1000000B__10Hz__shmem_ds__best_effort,publish,pub,cpp_to_py,copy,exp,xcdr,shmem_ds,1000000,10,1,measured,204,2026-09-09T14:40:22.669586Z,158016331581370,158016331581370,-1,-1,-1,ok,
exp_copy_xcdr__cpp_to_py__1000000B__10Hz__shmem_ds__best_effort,publish,pub,cpp_to_py,copy,exp,xcdr,shmem_ds,1000000,10,1,measured,205,2026-09-09T14:40:22.770500Z,158016432222880,158016432222880,-1,-1,-1,ok,
exp_copy_xcdr__cpp_to_py__1000000B__10Hz__shmem_ds__best_effort,publish,pub,cpp_to_py,copy,exp,xcdr,shmem_ds,1000000,10,1,measured,206,2026-09-09T14:40:22.870493Z,158016532057182,158016532057182,-1,-1,-1,ok,
exp_copy_xcdr__cpp_to_py__1000000B__10Hz__shmem_ds__best_effort,publish,pub,cpp_to_py,copy,exp,xcdr,shmem_ds,1000000,10,1,measured,207,2026-09-09T14:40:22.970019Z,158016631909129,158016631909129,-1,-1,-1,ok,
exp_copy_xcdr__cpp_to_py__1000000B__10Hz__shmem_ds__best_effort,publish,pub,cpp_to_py,copy,exp,xcdr,shmem_ds,1000000,10,1,measured,208,2026-09-09T14:40:23.069665Z,158016731555366,158016731555366,-1,-1,-1,ok,
exp_copy_xcdr__cpp_to_py__1000000B__10Hz__shmem_ds__best_effort,publish,pub,cpp_to_py,copy,exp,xcdr,shmem_ds,1000000,10,1,measured,209,2026-09-09T14:40:23.168749Z,158016830759817,158016830759817,-1,-1,-1,ok,
exp_copy_xcdr__cpp_to_py__1000000B__10Hz__shmem_ds__best_effort,publish,pub,cpp_to_py,copy,exp,xcdr,shmem_ds,1000000,10,1,measured,210,2026-09-09T14:40:23.268161Z,158016930149479,158016930149479,-1,-1,-1,ok,
exp_copy_xcdr__cpp_to_py__1000000B__10Hz__shmem_ds__best_effort,publish,pub,cpp_to_py,copy,exp,xcdr,shmem_ds,1000000,10,1,measured,211,2026-09-09T14:40:23.367979Z,158017029636224,158017029636224,-1,-1,-1,ok,
exp_copy_xcdr__cpp_to_py__1000000B__10Hz__shmem_ds__best_effort,publish,pub,cpp_to_py,copy,exp,xcdr,shmem_ds,1000000,10,1,measured,212,2026-09-09T14:40:23.468479Z,158017130392422,158017130392422,-1,-1,-1,ok,
exp_copy_xcdr__cpp_to_py__1000000B__10Hz__shmem_ds__best_effort,publish,pub,cpp_to_py,copy,exp,xcdr,shmem_ds,1000000,10,1,measured,213,2026-09-09T14:40:23.568263Z,158017230276720,158017230276720,-1,-1,-1,ok,
exp_copy_xcdr__cpp_to_py__1000000B__10Hz__shmem_ds__best_effort,publish,pub,cpp_to_py,copy,exp,xcdr,shmem_ds,1000000,10,1,measured,214,2026-09-09T14:40:23.667744Z,158017329693373,158017329693373,-1,-1,-1,ok,
exp_copy_xcdr__cpp_to_py__1000000B__10Hz__shmem_ds__best_effort,publish,pub,cpp_to_py,copy,exp,xcdr,shmem_ds,1000000,10,1,measured,215,2026-09-09T14:40:23.767018Z,158017429017080,158017429017080,-1,-1,-1,ok,
exp_copy_xcdr__cpp_to_py__1000000B__10Hz__shmem_ds__best_effort,publish,pub,cpp_to_py,copy,exp,xcdr,shmem_ds,1000000,10,1,measured,216,2026-09-09T14:40:23.866447Z,158017528368199,158017528368199,-1,-1,-1,ok,
exp_copy_xcdr__cpp_to_py__1000000B__10Hz__shmem_ds__best_effort,publish,pub,cpp_to_py,copy,exp,xcdr,shmem_ds,1000000,10,1,measured,217,2026-09-09T14:40:23.965982Z,158017627684081,158017627684081,-1,-1,-1,ok,
exp_copy_xcdr__cpp_to_py__1000000B__10Hz__shmem_ds__best_effort,publish,pub,cpp_to_py,copy,exp,xcdr,shmem_ds,1000000,10,1,measured,218,2026-09-09T14:40:24.065326Z,158017726930161,158017726930161,-1,-1,-1,ok,
exp_copy_xcdr__cpp_to_py__1000000B__10Hz__shmem_ds__best_effort,publish,pub,cpp_to_py,copy,exp,xcdr,shmem_ds,1000000,10,1,measured,219,2026-09-09T14:40:24.164439Z,158017826351383,158017826351383,-1,-1,-1,ok,
exp_copy_xcdr__cpp_to_py__1000000B__10Hz__shmem_ds__best_effort,publish,pub,cpp_to_py,copy,exp,xcdr,shmem_ds,1000000,10,1,measured,220,2026-09-09T14:40:24.265510Z,158017927252005,158017927252005,-1,-1,-1,ok,
exp_copy_xcdr__cpp_to_py__1000000B__10Hz__shmem_ds__best_effort,publish,pub,cpp_to_py,copy,exp,xcdr,shmem_ds,1000000,10,1,measured,221,2026-09-09T14:40:24.365537Z,158018027108692,158018027108692,-1,-1,-1,ok,
exp_copy_xcdr__cpp_to_py__1000000B__10Hz__shmem_ds__best_effort,publish,pub,cpp_to_py,copy,exp,xcdr,shmem_ds,1000000,10,1,measured,222,2026-09-09T14:40:24.464934Z,158018126890798,158018126890798,-1,-1,-1,ok,
exp_copy_xcdr__cpp_to_py__1000000B__10Hz__shmem_ds__best_effort,publish,pub,cpp_to_py,copy,exp,xcdr,shmem_ds,1000000,10,1,measured,223,2026-09-09T14:40:24.564205Z,158018226158730,158018226158730,-1,-1,-1,ok,
exp_copy_xcdr__cpp_to_py__1000000B__10Hz__shmem_ds__best_effort,publish,pub,cpp_to_py,copy,exp,xcdr,shmem_ds,1000000,10,1,measured,224,2026-09-09T14:40:24.663395Z,158018325418506,158018325418506,-1,-1,-1,ok,
exp_copy_xcdr__cpp_to_py__1000000B__10Hz__shmem_ds__best_effort,publish,pub,cpp_to_py,copy,exp,xcdr,shmem_ds,1000000,10,1,measured,225,2026-09-09T14:40:24.763335Z,158018425224596,158018425224596,-1,-1,-1,ok,
exp_copy_xcdr__cpp_to_py__1000000B__10Hz__shmem_ds__best_effort,publish,pub,cpp_to_py,copy,exp,xcdr,shmem_ds,1000000,10,1,measured,226,2026-09-09T14:40:24.862901Z,158018524619509,158018524619509,-1,-1,-1,ok,
exp_copy_xcdr__cpp_to_py__1000000B__10Hz__shmem_ds__best_effort,publish,pub,cpp_to_py,copy,exp,xcdr,shmem_ds,1000000,10,1,measured,227,2026-09-09T14:40:24.962425Z,158018623945361,158018623945361,-1,-1,-1,ok,
exp_copy_xcdr__cpp_to_py__1000000B__10Hz__shmem_ds__best_effort,publish,pub,cpp_to_py,copy,exp,xcdr,shmem_ds,1000000,10,1,measured,228,2026-09-09T14:40:25.062385Z,158018723618711,158018723618711,-1,-1,-1,ok,
exp_copy_xcdr__cpp_to_py__1000000B__10Hz__shmem_ds__best_effort,publish,pub,cpp_to_py,copy,exp,xcdr,shmem_ds,1000000,10,1,measured,229,2026-09-09T14:40:25.162504Z,158018824305369,158018824305369,-1,-1,-1,ok,
exp_copy_xcdr__cpp_to_py__1000000B__10Hz__shmem_ds__best_effort,publish,pub,cpp_to_py,copy,exp,xcdr,shmem_ds,1000000,10,1,measured,230,2026-09-09T14:40:25.262608Z,158018924602559,158018924602559,-1,-1,-1,ok,
exp_copy_xcdr__cpp_to_py__1000000B__10Hz__shmem_ds__best_effort,publish,pub,cpp_to_py,copy,exp,xcdr,shmem_ds,1000000,10,1,measured,231,2026-09-09T14:40:25.362646Z,158019024259157,158019024259157,-1,-1,-1,ok,
exp_copy_xcdr__cpp_to_py__1000000B__10Hz__shmem_ds__best_effort,publish,pub,cpp_to_py,copy,exp,xcdr,shmem_ds,1000000,10,1,measured,232,2026-09-09T14:40:25.463158Z,158019125108493,158019125108493,-1,-1,-1,ok,
exp_copy_xcdr__cpp_to_py__1000000B__10Hz__shmem_ds__best_effort,publish,pub,cpp_to_py,copy,exp,xcdr,shmem_ds,1000000,10,1,measured,233,2026-09-09T14:40:25.562982Z,158019224884928,158019224884928,-1,-1,-1,ok,
exp_copy_xcdr__cpp_to_py__1000000B__10Hz__shmem_ds__best_effort,publish,pub,cpp_to_py,copy,exp,xcdr,shmem_ds,1000000,10,1,measured,234,2026-09-09T14:40:25.663061Z,158019325066540,158019325066540,-1,-1,-1,ok,
exp_copy_xcdr__cpp_to_py__1000000B__10Hz__shmem_ds__best_effort,publish,pub,cpp_to_py,copy,exp,xcdr,shmem_ds,1000000,10,1,measured,235,2026-09-09T14:40:25.763759Z,158019425089883,158019425089883,-1,-1,-1,ok,
exp_copy_xcdr__cpp_to_py__1000000B__10Hz__shmem_ds__best_effort,publish,pub,cpp_to_py,copy,exp,xcdr,shmem_ds,1000000,10,1,measured,236,2026-09-09T14:40:25.863016Z,158019524927123,158019524927123,-1,-1,-1,ok,
exp_copy_xcdr__cpp_to_py__1000000B__10Hz__shmem_ds__best_effort,publish,pub,cpp_to_py,copy,exp,xcdr,shmem_ds,1000000,10,1,measured,237,2026-09-09T14:40:25.963556Z,158019625194286,158019625194286,-1,-1,-1,ok,
exp_copy_xcdr__cpp_to_py__1000000B__10Hz__shmem_ds__best_effort,publish,pub,cpp_to_py,copy,exp,xcdr,shmem_ds,1000000,10,1,measured,238,2026-09-09T14:40:26.064178Z,158019726059373,158019726059373,-1,-1,-1,ok,
exp_copy_xcdr__cpp_to_py__1000000B__10Hz__shmem_ds__best_effort,publish,pub,cpp_to_py,copy,exp,xcdr,shmem_ds,1000000,10,1,measured,239,2026-09-09T14:40:26.163597Z,158019825420463,158019825420463,-1,-1,-1,ok,
exp_copy_xcdr__cpp_to_py__1000000B__10Hz__shmem_ds__best_effort,publish,pub,cpp_to_py,copy,exp,xcdr,shmem_ds,1000000,10,1,measured,240,2026-09-09T14:40:26.263279Z,158019925269415,158019925269415,-1,-1,-1,ok,
exp_copy_xcdr__cpp_to_py__1000000B__10Hz__shmem_ds__best_effort,publish,pub,cpp_to_py,copy,exp,xcdr,shmem_ds,1000000,10,1,measured,241,2026-09-09T14:40:26.364144Z,158020025925967,158020025925967,-1,-1,-1,ok,
exp_copy_xcdr__cpp_to_py__1000000B__10Hz__shmem_ds__best_effort,publish,pub,cpp_to_py,copy,exp,xcdr,shmem_ds,1000000,10,1,measured,242,2026-09-09T14:40:26.464277Z,158020126208611,158020126208611,-1,-1,-1,ok,
exp_copy_xcdr__cpp_to_py__1000000B__10Hz__shmem_ds__best_effort,publish,pub,cpp_to_py,copy,exp,xcdr,shmem_ds,1000000,10,1,measured,243,2026-09-09T14:40:26.563835Z,158020225375564,158020225375564,-1,-1,-1,ok,
exp_copy_xcdr__cpp_to_py__1000000B__10Hz__shmem_ds__best_effort,publish,pub,cpp_to_py,copy,exp,xcdr,shmem_ds,1000000,10,1,measured,244,2026-09-09T14:40:26.663984Z,158020325925564,158020325925564,-1,-1,-1,ok,
exp_copy_xcdr__cpp_to_py__1000000B__10Hz__shmem_ds__best_effort,publish,pub,cpp_to_py,copy,exp,xcdr,shmem_ds,1000000,10,1,measured,245,2026-09-09T14:40:26.764673Z,158020426195834,158020426195834,-1,-1,-1,ok,
exp_copy_xcdr__cpp_to_py__1000000B__10Hz__shmem_ds__best_effort,publish,pub,cpp_to_py,copy,exp,xcdr,shmem_ds,1000000,10,1,measured,246,2026-09-09T14:40:26.865089Z,158020527009654,158020527009654,-1,-1,-1,ok,
exp_copy_xcdr__cpp_to_py__1000000B__10Hz__shmem_ds__best_effort,publish,pub,cpp_to_py,copy,exp,xcdr,shmem_ds,1000000,10,1,measured,247,2026-09-09T14:40:26.964605Z,158020626471705,158020626471705,-1,-1,-1,ok,
exp_copy_xcdr__cpp_to_py__1000000B__10Hz__shmem_ds__best_effort,publish,pub,cpp_to_py,copy,exp,xcdr,shmem_ds,1000000,10,1,measured,248,2026-09-09T14:40:27.065353Z,158020727202077,158020727202077,-1,-1,-1,ok,
exp_copy_xcdr__cpp_to_py__1000000B__10Hz__shmem_ds__best_effort,publish,pub,cpp_to_py,copy,exp,xcdr,shmem_ds,1000000,10,1,measured,249,2026-09-09T14:40:27.164687Z,158020826635062,158020826635062,-1,-1,-1,ok,
exp_copy_xcdr__cpp_to_py__1000000B__10Hz__shmem_ds__best_effort,publish,pub,cpp_to_py,copy,exp,xcdr,shmem_ds,1000000,10,1,measured,250,2026-09-09T14:40:27.264447Z,158020926455141,158020926455141,-1,-1,-1,ok,
exp_copy_xcdr__cpp_to_py__1000000B__10Hz__shmem_ds__best_effort,publish,pub,cpp_to_py,copy,exp,xcdr,shmem_ds,1000000,10,1,measured,251,2026-09-09T14:40:27.364732Z,158021026294528,158021026294528,-1,-1,-1,ok,
exp_copy_xcdr__cpp_to_py__1000000B__10Hz__shmem_ds__best_effort,publish,pub,cpp_to_py,copy,exp,xcdr,shmem_ds,1000000,10,1,measured,252,2026-09-09T14:40:27.464614Z,158021126545342,158021126545342,-1,-1,-1,ok,
exp_copy_xcdr__cpp_to_py__1000000B__10Hz__shmem_ds__best_effort,publish,pub,cpp_to_py,copy,exp,xcdr,shmem_ds,1000000,10,1,measured,253,2026-09-09T14:40:27.565439Z,158021227391172,158021227391172,-1,-1,-1,ok,
exp_copy_xcdr__cpp_to_py__1000000B__10Hz__shmem_ds__best_effort,publish,pub,cpp_to_py,copy,exp,xcdr,shmem_ds,1000000,10,1,measured,254,2026-09-09T14:40:27.665838Z,158021327838839,158021327838839,-1,-1,-1,ok,
exp_copy_xcdr__cpp_to_py__1000000B__10Hz__shmem_ds__best_effort,publish,pub,cpp_to_py,copy,exp,xcdr,shmem_ds,1000000,10,1,measured,255,2026-09-09T14:40:27.765455Z,158021427410277,158021427410277,-1,-1,-1,ok,
exp_copy_xcdr__cpp_to_py__1000000B__10Hz__shmem_ds__best_effort,publish,pub,cpp_to_py,copy,exp,xcdr,shmem_ds,1000000,10,1,measured,256,2026-09-09T14:40:27.864824Z,158021526769084,158021526769084,-1,-1,-1,ok,
exp_copy_xcdr__cpp_to_py__1000000B__10Hz__shmem_ds__best_effort,publish,pub,cpp_to_py,copy,exp,xcdr,shmem_ds,1000000,10,1,measured,257,2026-09-09T14:40:27.964634Z,158021626273445,158021626273445,-1,-1,-1,ok,
exp_copy_xcdr__cpp_to_py__1000000B__10Hz__shmem_ds__best_effort,publish,pub,cpp_to_py,copy,exp,xcdr,shmem_ds,1000000,10,1,measured,258,2026-09-09T14:40:28.063993Z,158021725988896,158021725988896,-1,-1,-1,ok,
exp_copy_xcdr__cpp_to_py__1000000B__10Hz__shmem_ds__best_effort,publish,pub,cpp_to_py,copy,exp,xcdr,shmem_ds,1000000,10,1,measured,259,2026-09-09T14:40:28.163333Z,158021825113511,158021825113511,-1,-1,-1,ok,
exp_copy_xcdr__cpp_to_py__1000000B__10Hz__shmem_ds__best_effort,publish,pub,cpp_to_py,copy,exp,xcdr,shmem_ds,1000000,10,1,measured,260,2026-09-09T14:40:28.262425Z,158021924420249,158021924420249,-1,-1,-1,ok,
exp_copy_xcdr__cpp_to_py__1000000B__10Hz__shmem_ds__best_effort,publish,pub,cpp_to_py,copy,exp,xcdr,shmem_ds,1000000,10,1,measured,261,2026-09-09T14:40:28.361896Z,158022023512241,158022023512241,-1,-1,-1,ok,
exp_copy_xcdr__cpp_to_py__1000000B__10Hz__shmem_ds__best_effort,publish,pub,cpp_to_py,copy,exp,xcdr,shmem_ds,1000000,10,1,measured,262,2026-09-09T14:40:28.460581Z,158022122540813,158022122540813,-1,-1,-1,ok,
exp_copy_xcdr__cpp_to_py__1000000B__10Hz__shmem_ds__best_effort,publish,pub,cpp_to_py,copy,exp,xcdr,shmem_ds,1000000,10,1,measured,263,2026-09-09T14:40:28.560486Z,158022222441635,158022222441635,-1,-1,-1,ok,
exp_copy_xcdr__cpp_to_py__1000000B__10Hz__shmem_ds__best_effort,publish,pub,cpp_to_py,copy,exp,xcdr,shmem_ds,1000000,10,1,measured,264,2026-09-09T14:40:28.659927Z,158022321912915,158022321912915,-1,-1,-1,ok,
exp_copy_xcdr__cpp_to_py__1000000B__10Hz__shmem_ds__best_effort,publish,pub,cpp_to_py,copy,exp,xcdr,shmem_ds,1000000,10,1,measured,265,2026-09-09T14:40:28.759065Z,158022420969019,158022420969019,-1,-1,-1,ok,
exp_copy_xcdr__cpp_to_py__1000000B__10Hz__shmem_ds__best_effort,publish,pub,cpp_to_py,copy,exp,xcdr,shmem_ds,1000000,10,1,measured,266,2026-09-09T14:40:28.858745Z,158022520687848,158022520687848,-1,-1,-1,ok,
exp_copy_xcdr__cpp_to_py__1000000B__10Hz__shmem_ds__best_effort,publish,pub,cpp_to_py,copy,exp,xcdr,shmem_ds,1000000,10,1,measured,267,2026-09-09T14:40:28.958932Z,158022620785403,158022620785403,-1,-1,-1,ok,
exp_copy_xcdr__cpp_to_py__1000000B__10Hz__shmem_ds__best_effort,publish,pub,cpp_to_py,copy,exp,xcdr,shmem_ds,1000000,10,1,measured,268,2026-09-09T14:40:29.058166Z,158022720130665,158022720130665,-1,-1,-1,ok,
exp_copy_xcdr__cpp_to_py__1000000B__10Hz__shmem_ds__best_effort,publish,pub,cpp_to_py,copy,exp,xcdr,shmem_ds,1000000,10,1,measured,269,2026-09-09T14:40:29.158537Z,158022820508871,158022820508871,-1,-1,-1,ok,
exp_copy_xcdr__cpp_to_py__1000000B__10Hz__shmem_ds__best_effort,publish,pub,cpp_to_py,copy,exp,xcdr,shmem_ds,1000000,10,1,measured,270,2026-09-09T14:40:29.259081Z,158022921088420,158022921088420,-1,-1,-1,ok,
exp_copy_xcdr__cpp_to_py__1000000B__10Hz__shmem_ds__best_effort,publish,pub,cpp_to_py,copy,exp,xcdr,shmem_ds,1000000,10,1,measured,271,2026-09-09T14:40:29.359351Z,158023021112356,158023021112356,-1,-1,-1,ok,
exp_copy_xcdr__cpp_to_py__1000000B__10Hz__shmem_ds__best_effort,publish,pub,cpp_to_py,copy,exp,xcdr,shmem_ds,1000000,10,1,measured,272,2026-09-09T14:40:29.458270Z,158023120258912,158023120258912,-1,-1,-1,ok,
exp_copy_xcdr__cpp_to_py__1000000B__10Hz__shmem_ds__best_effort,publish,pub,cpp_to_py,copy,exp,xcdr,shmem_ds,1000000,10,1,measured,273,2026-09-09T14:40:29.557353Z,158023219378537,158023219378537,-1,-1,-1,ok,
exp_copy_xcdr__cpp_to_py__1000000B__10Hz__shmem_ds__best_effort,publish,pub,cpp_to_py,copy,exp,xcdr,shmem_ds,1000000,10,1,measured,274,2026-09-09T14:40:29.657583Z,158023319549382,158023319549382,-1,-1,-1,ok,
exp_copy_xcdr__cpp_to_py__1000000B__10Hz__shmem_ds__best_effort,publish,pub,cpp_to_py,copy,exp,xcdr,shmem_ds,1000000,10,1,measured,275,2026-09-09T14:40:29.758495Z,158023420497257,158023420497257,-1,-1,-1,ok,
exp_copy_xcdr__cpp_to_py__1000000B__10Hz__shmem_ds__best_effort,publish,pub,cpp_to_py,copy,exp,xcdr,shmem_ds,1000000,10,1,measured,276,2026-09-09T14:40:29.858629Z,158023520556411,158023520556411,-1,-1,-1,ok,
exp_copy_xcdr__cpp_to_py__1000000B__10Hz__shmem_ds__best_effort,publish,pub,cpp_to_py,copy,exp,xcdr,shmem_ds,1000000,10,1,measured,277,2026-09-09T14:40:29.958248Z,158023619904619,158023619904619,-1,-1,-1,ok,
exp_copy_xcdr__cpp_to_py__1000000B__10Hz__shmem_ds__best_effort,publish,pub,cpp_to_py,copy,exp,xcdr,shmem_ds,1000000,10,1,measured,278,2026-09-09T14:40:30.058431Z,158023720374279,158023720374279,-1,-1,-1,ok,
exp_copy_xcdr__cpp_to_py__1000000B__10Hz__shmem_ds__best_effort,publish,pub,cpp_to_py,copy,exp,xcdr,shmem_ds,1000000,10,1,measured,279,2026-09-09T14:40:30.157599Z,158023819582172,158023819582172,-1,-1,-1,ok,
exp_copy_xcdr__cpp_to_py__1000000B__10Hz__shmem_ds__best_effort,publish,pub,cpp_to_py,copy,exp,xcdr,shmem_ds,1000000,10,1,measured,280,2026-09-09T14:40:30.257704Z,158023919642217,158023919642217,-1,-1,-1,ok,
exp_copy_xcdr__cpp_to_py__1000000B__10Hz__shmem_ds__best_effort,publish,pub,cpp_to_py,copy,exp,xcdr,shmem_ds,1000000,10,1,measured,281,2026-09-09T14:40:30.358477Z,158024020372832,158024020372832,-1,-1,-1,ok,
exp_copy_xcdr__cpp_to_py__1000000B__10Hz__shmem_ds__best_effort,publish,pub,cpp_to_py,copy,exp,xcdr,shmem_ds,1000000,10,1,measured,282,2026-09-09T14:40:30.459407Z,158024121212262,158024121212262,-1,-1,-1,ok,
exp_copy_xcdr__cpp_to_py__1000000B__10Hz__shmem_ds__best_effort,publish,pub,cpp_to_py,copy,exp,xcdr,shmem_ds,1000000,10,1,measured,283,2026-09-09T14:40:30.558663Z,158024220516177,158024220516177,-1,-1,-1,ok,
exp_copy_xcdr__cpp_to_py__1000000B__10Hz__shmem_ds__best_effort,publish,pub,cpp_to_py,copy,exp,xcdr,shmem_ds,1000000,10,1,measured,284,2026-09-09T14:40:30.659190Z,158024321074677,158024321074677,-1,-1,-1,ok,
exp_copy_xcdr__cpp_to_py__1000000B__10Hz__shmem_ds__best_effort,publish,pub,cpp_to_py,copy,exp,xcdr,shmem_ds,1000000,10,1,measured,285,2026-09-09T14:40:30.760311Z,158024421966366,158024421966366,-1,-1,-1,ok,
exp_copy_xcdr__cpp_to_py__1000000B__10Hz__shmem_ds__best_effort,publish,pub,cpp_to_py,copy,exp,xcdr,shmem_ds,1000000,10,1,measured,286,2026-09-09T14:40:30.860197Z,158024522039185,158024522039185,-1,-1,-1,ok,
exp_copy_xcdr__cpp_to_py__1000000B__10Hz__shmem_ds__best_effort,publish,pub,cpp_to_py,copy,exp,xcdr,shmem_ds,1000000,10,1,measured,287,2026-09-09T14:40:30.960840Z,158024622477597,158024622477597,-1,-1,-1,ok,
exp_copy_xcdr__cpp_to_py__1000000B__10Hz__shmem_ds__best_effort,publish,pub,cpp_to_py,copy,exp,xcdr,shmem_ds,1000000,10,1,measured,288,2026-09-09T14:40:31.059889Z,158024721777324,158024721777324,-1,-1,-1,ok,
exp_copy_xcdr__cpp_to_py__1000000B__10Hz__shmem_ds__best_effort,publish,pub,cpp_to_py,copy,exp,xcdr,shmem_ds,1000000,10,1,measured,289,2026-09-09T14:40:31.160937Z,158024822740500,158024822740500,-1,-1,-1,ok,
exp_copy_xcdr__cpp_to_py__1000000B__10Hz__shmem_ds__best_effort,publish,pub,cpp_to_py,copy,exp,xcdr,shmem_ds,1000000,10,1,measured,290,2026-09-09T14:40:31.260038Z,158024921948684,158024921948684,-1,-1,-1,ok,
exp_copy_xcdr__cpp_to_py__1000000B__10Hz__shmem_ds__best_effort,publish,pub,cpp_to_py,copy,exp,xcdr,shmem_ds,1000000,10,1,measured,291,2026-09-09T14:40:31.359454Z,158025021255636,158025021255636,-1,-1,-1,ok,
exp_copy_xcdr__cpp_to_py__1000000B__10Hz__shmem_ds__best_effort,publish,pub,cpp_to_py,copy,exp,xcdr,shmem_ds,1000000,10,1,measured,292,2026-09-09T14:40:31.460130Z,158025121908644,158025121908644,-1,-1,-1,ok,
exp_copy_xcdr__cpp_to_py__1000000B__10Hz__shmem_ds__best_effort,publish,pub,cpp_to_py,copy,exp,xcdr,shmem_ds,1000000,10,1,measured,293,2026-09-09T14:40:31.560303Z,158025221836511,158025221836511,-1,-1,-1,ok,
exp_copy_xcdr__cpp_to_py__1000000B__10Hz__shmem_ds__best_effort,publish,pub,cpp_to_py,copy,exp,xcdr,shmem_ds,1000000,10,1,measured,294,2026-09-09T14:40:31.660337Z,158025322239687,158025322239687,-1,-1,-1,ok,
exp_copy_xcdr__cpp_to_py__1000000B__10Hz__shmem_ds__best_effort,publish,pub,cpp_to_py,copy,exp,xcdr,shmem_ds,1000000,10,1,measured,295,2026-09-09T14:40:31.761372Z,158025423176793,158025423176793,-1,-1,-1,ok,
exp_copy_xcdr__cpp_to_py__1000000B__10Hz__shmem_ds__best_effort,publish,pub,cpp_to_py,copy,exp,xcdr,shmem_ds,1000000,10,1,measured,296,2026-09-09T14:40:31.861390Z,158025523107896,158025523107896,-1,-1,-1,ok,
exp_copy_xcdr__cpp_to_py__1000000B__10Hz__shmem_ds__best_effort,publish,pub,cpp_to_py,copy,exp,xcdr,shmem_ds,1000000,10,1,measured,297,2026-09-09T14:40:31.960495Z,158025622169032,158025622169032,-1,-1,-1,ok,
exp_copy_xcdr__cpp_to_py__1000000B__10Hz__shmem_ds__best_effort,publish,pub,cpp_to_py,copy,exp,xcdr,shmem_ds,1000000,10,1,measured,298,2026-09-09T14:40:32.061220Z,158025723076052,158025723076052,-1,-1,-1,ok,
exp_copy_xcdr__cpp_to_py__1000000B__10Hz__shmem_ds__best_effort,publish,pub,cpp_to_py,copy,exp,xcdr,shmem_ds,1000000,10,1,measured,299,2026-09-09T14:40:32.161437Z,158025823399998,158025823399998,-1,-1,-1,ok,
exp_copy_xcdr__cpp_to_py__1000000B__10Hz__shmem_ds__best_effort,publish,pub,cpp_to_py,copy,exp,xcdr,shmem_ds,1000000,10,1,measured,300,2026-09-09T14:40:32.261358Z,158025923309190,158025923309190,-1,-1,-1,ok,
exp_copy_xcdr__cpp_to_py__1000000B__10Hz__shmem_ds__best_effort,receive,sub,cpp_to_py,copy,exp,xcdr,shmem_ds,1000000,10,1,measured,0,2026-09-09T14:40:02.275510Z,157995937602569,157995935186516,157995937602569,1788964802272991810,1788964802275061707,ok,
exp_copy_xcdr__cpp_to_py__1000000B__10Hz__shmem_ds__best_effort,receive,sub,cpp_to_py,copy,exp,xcdr,shmem_ds,1000000,10,1,measured,1,2026-09-09T14:40:02.374886Z,157996036925297,157996035763428,157996036925297,1788964802373586486,1788964802374452275,ok,
exp_copy_xcdr__cpp_to_py__1000000B__10Hz__shmem_ds__best_effort,receive,sub,cpp_to_py,copy,exp,xcdr,shmem_ds,1000000,10,1,measured,2,2026-09-09T14:40:02.474600Z,157996136744666,157996136038160,157996136744666,1788964802473854555,1788964802474382954,ok,
exp_copy_xcdr__cpp_to_py__1000000B__10Hz__shmem_ds__best_effort,receive,sub,cpp_to_py,copy,exp,xcdr,shmem_ds,1000000,10,1,measured,3,2026-09-09T14:40:02.574799Z,157996236952370,157996236539589,157996236952370,1788964802574348871,1788964802574624482,ok,
exp_copy_xcdr__cpp_to_py__1000000B__10Hz__shmem_ds__best_effort,receive,sub,cpp_to_py,copy,exp,xcdr,shmem_ds,1000000,10,1,measured,4,2026-09-09T14:40:02.674128Z,157996336285359,157996335812634,157996336285359,1788964802673621705,1788964802673971728,ok,
exp_copy_xcdr__cpp_to_py__1000000B__10Hz__shmem_ds__best_effort,receive,sub,cpp_to_py,copy,exp,xcdr,shmem_ds,1000000,10,1,measured,5,2026-09-09T14:40:02.775504Z,157996437611289,157996436622458,157996437611289,1788964802774439935,1788964802775233837,ok,
exp_copy_xcdr__cpp_to_py__1000000B__10Hz__shmem_ds__best_effort,receive,sub,cpp_to_py,copy,exp,xcdr,shmem_ds,1000000,10,1,measured,6,2026-09-09T14:40:02.874655Z,157996536766922,157996535814289,157996536766922,1788964802873636886,1788964802874396824,ok,
exp_copy_xcdr__cpp_to_py__1000000B__10Hz__shmem_ds__best_effort,receive,sub,cpp_to_py,copy,exp,xcdr,shmem_ds,1000000,10,1,measured,7,2026-09-09T14:40:02.974440Z,157996636574008,157996635960087,157996636574008,1788964802973774959,1788964802974222385,ok,
exp_copy_xcdr__cpp_to_py__1000000B__10Hz__shmem_ds__best_effort,receive,sub,cpp_to_py,copy,exp,xcdr,shmem_ds,1000000,10,1,measured,8,2026-09-09T14:40:03.074018Z,157996736174804,157996735702470,157996736174804,1788964803073514627,1788964803073862646,ok,
exp_copy_xcdr__cpp_to_py__1000000B__10Hz__shmem_ds__best_effort,receive,sub,cpp_to_py,copy,exp,xcdr,shmem_ds,1000000,10,1,measured,9,2026-09-09T14:40:03.173646Z,157996835797893,157996835263040,157996835797893,1788964803173073404,1788964803173471127,ok,
exp_copy_xcdr__cpp_to_py__1000000B__10Hz__shmem_ds__best_effort,receive,sub,cpp_to_py,copy,exp,xcdr,shmem_ds,1000000,10,1,measured,10,2026-09-09T14:40:03.273294Z,157996935456588,157996935033528,157996935456588,1788964803272842669,1788964803273144029,ok,
exp_copy_xcdr__cpp_to_py__1000000B__10Hz__shmem_ds__best_effort,receive,sub,cpp_to_py,copy,exp,xcdr,shmem_ds,1000000,10,1,measured,11,2026-09-09T14:40:03.372829Z,157997034944862,157997034065548,157997034944862,1788964803371891130,1788964803372565025,ok,
exp_copy_xcdr__cpp_to_py__1000000B__10Hz__shmem_ds__best_effort,receive,sub,cpp_to_py,copy,exp,xcdr,shmem_ds,1000000,10,1,measured,12,2026-09-09T14:40:03.472494Z,157997134650095,157997134107448,157997134650095,1788964803471923262,1788964803472325994,ok,
exp_copy_xcdr__cpp_to_py__1000000B__10Hz__shmem_ds__best_effort,receive,sub,cpp_to_py,copy,exp,xcdr,shmem_ds,1000000,10,1,measured,13,2026-09-09T14:40:03.572929Z,157997235077987,157997234473913,157997235077987,1788964803572286090,1788964803572735271,ok,
exp_copy_xcdr__cpp_to_py__1000000B__10Hz__shmem_ds__best_effort,receive,sub,cpp_to_py,copy,exp,xcdr,shmem_ds,1000000,10,1,measured,14,2026-09-09T14:40:03.673031Z,157997335194980,157997334747393,157997335194980,1788964803672557887,1788964803672888293,ok,
exp_copy_xcdr__cpp_to_py__1000000B__10Hz__shmem_ds__best_effort,receive,sub,cpp_to_py,copy,exp,xcdr,shmem_ds,1000000,10,1,measured,15,2026-09-09T14:40:03.773795Z,157997435946905,157997435402284,157997435946905,1788964803773213480,1788964803773619638,ok,
exp_copy_xcdr__cpp_to_py__1000000B__10Hz__shmem_ds__best_effort,receive,sub,cpp_to_py,copy,exp,xcdr,shmem_ds,1000000,10,1,measured,16,2026-09-09T14:40:03.874546Z,157997536709950,157997536293943,157997536709950,1788964803874102924,1788964803874397862,ok,
exp_copy_xcdr__cpp_to_py__1000000B__10Hz__shmem_ds__best_effort,receive,sub,cpp_to_py,copy,exp,xcdr,shmem_ds,1000000,10,1,measured,17,2026-09-09T14:40:03.975636Z,157997637779876,157997636804020,157997637779876,1788964803974625735,1788964803975380734,ok,
exp_copy_xcdr__cpp_to_py__1000000B__10Hz__shmem_ds__best_effort,receive,sub,cpp_to_py,copy,exp,xcdr,shmem_ds,1000000,10,1,measured,18,2026-09-09T14:40:04.075027Z,157997737183110,157997736696779,157997737183110,1788964804074505971,1788964804074864209,ok,
exp_copy_xcdr__cpp_to_py__1000000B__10Hz__shmem_ds__best_effort,receive,sub,cpp_to_py,copy,exp,xcdr,shmem_ds,1000000,10,1,measured,19,2026-09-09T14:40:04.174232Z,157997836379150,157997835790737,157997836379150,1788964804173601441,1788964804174038658,ok,
exp_copy_xcdr__cpp_to_py__1000000B__10Hz__shmem_ds__best_effort,receive,sub,cpp_to_py,copy,exp,xcdr,shmem_ds,1000000,10,1,measured,20,2026-09-09T14:40:04.273192Z,157997935358371,157997934918689,157997935358371,1788964804272727750,1788964804273048176,ok,
exp_copy_xcdr__cpp_to_py__1000000B__10Hz__shmem_ds__best_effort,receive,sub,cpp_to_py,copy,exp,xcdr,shmem_ds,1000000,10,1,measured,21,2026-09-09T14:40:04.373890Z,157998036025286,157998035417315,157998036025286,1788964804373229482,1788964804373653374,ok,
exp_copy_xcdr__cpp_to_py__1000000B__10Hz__shmem_ds__best_effort,receive,sub,cpp_to_py,copy,exp,xcdr,shmem_ds,1000000,10,1,measured,22,2026-09-09T14:40:04.473035Z,157998135191841,157998134716121,157998135191841,1788964804472527747,1788964804472872639,ok,
exp_copy_xcdr__cpp_to_py__1000000B__10Hz__shmem_ds__best_effort,receive,sub,cpp_to_py,copy,exp,xcdr,shmem_ds,1000000,10,1,measured,23,2026-09-09T14:40:04.573178Z,157998235301110,157998234566750,157998235301110,1788964804572379308,1788964804572928337,ok,
exp_copy_xcdr__cpp_to_py__1000000B__10Hz__shmem_ds__best_effort,receive,sub,cpp_to_py,copy,exp,xcdr,shmem_ds,1000000,10,1,measured,24,2026-09-09T14:40:04.672159Z,157998334310588,157998333768582,157998334310588,1788964804671580138,1788964804671978522,ok,
exp_copy_xcdr__cpp_to_py__1000000B__10Hz__shmem_ds__best_effort,receive,sub,cpp_to_py,copy,exp,xcdr,shmem_ds,1000000,10,1,measured,25,2026-09-09T14:40:04.771589Z,157998433723339,157998433056217,157998433723339,1788964804770868915,1788964804771363100,ok,
exp_copy_xcdr__cpp_to_py__1000000B__10Hz__shmem_ds__best_effort,receive,sub,cpp_to_py,copy,exp,xcdr,shmem_ds,1000000,10,1,measured,26,2026-09-09T14:40:04.870546Z,157998532701938,157998532244773,157998532701938,1788964804870055126,1788964804870378568,ok,
exp_copy_xcdr__cpp_to_py__1000000B__10Hz__shmem_ds__best_effort,receive,sub,cpp_to_py,copy,exp,xcdr,shmem_ds,1000000,10,1,measured,27,2026-09-09T14:40:04.971230Z,157998633326542,157998632309848,157998633326542,1788964804970132205,1788964804970923442,ok,
exp_copy_xcdr__cpp_to_py__1000000B__10Hz__shmem_ds__best_effort,receive,sub,cpp_to_py,copy,exp,xcdr,shmem_ds,1000000,10,1,measured,28,2026-09-09T14:40:05.070693Z,157998732829154,157998732199041,157998732829154,1788964805070016058,1788964805070494693,ok,
exp_copy_xcdr__cpp_to_py__1000000B__10Hz__shmem_ds__best_effort,receive,sub,cpp_to_py,copy,exp,xcdr,shmem_ds,1000000,10,1,measured,29,2026-09-09T14:40:05.171156Z,157998833297904,157998832742473,157998833297904,1788964805170553298,1788964805170974895,ok,
exp_copy_xcdr__cpp_to_py__1000000B__10Hz__shmem_ds__best_effort,receive,sub,cpp_to_py,copy,exp,xcdr,shmem_ds,1000000,10,1,measured,30,2026-09-09T14:40:05.270244Z,157998932396642,157998931989532,157998932396642,1788964805269799024,1788964805270093250,ok,
exp_copy_xcdr__cpp_to_py__1000000B__10Hz__shmem_ds__best_effort,receive,sub,cpp_to_py,copy,exp,xcdr,shmem_ds,1000000,10,1,measured,31,2026-09-09T14:40:05.371496Z,157999033590043,157999032484752,157999033590043,1788964805370306256,1788964805371185119,ok,
exp_copy_xcdr__cpp_to_py__1000000B__10Hz__shmem_ds__best_effort,receive,sub,cpp_to_py,copy,exp,xcdr,shmem_ds,1000000,10,1,measured,32,2026-09-09T14:40:05.470534Z,157999132664314,157999132129152,157999132664314,1788964805469941950,1788964805470325065,ok,
exp_copy_xcdr__cpp_to_py__1000000B__10Hz__shmem_ds__best_effort,receive,sub,cpp_to_py,copy,exp,xcdr,shmem_ds,1000000,10,1,measured,33,2026-09-09T14:40:05.571046Z,157999233177248,157999232628289,157999233177248,1788964805570438182,1788964805570834342,ok,
exp_copy_xcdr__cpp_to_py__1000000B__10Hz__shmem_ds__best_effort,receive,sub,cpp_to_py,copy,exp,xcdr,shmem_ds,1000000,10,1,measured,34,2026-09-09T14:40:05.671560Z,157999333700110,157999333237405,157999333700110,1788964805671045314,1788964805671372723,ok,
exp_copy_xcdr__cpp_to_py__1000000B__10Hz__shmem_ds__best_effort,receive,sub,cpp_to_py,copy,exp,xcdr,shmem_ds,1000000,10,1,measured,35,2026-09-09T14:40:05.770675Z,157999432815369,157999432323649,157999432815369,1788964805770132159,1788964805770487281,ok,
exp_copy_xcdr__cpp_to_py__1000000B__10Hz__shmem_ds__best_effort,receive,sub,cpp_to_py,copy,exp,xcdr,shmem_ds,1000000,10,1,measured,36,2026-09-09T14:40:05.871402Z,157999533555874,157999533177147,157999533555874,1788964805870983864,1788964805871247643,ok,
exp_copy_xcdr__cpp_to_py__1000000B__10Hz__shmem_ds__best_effort,receive,sub,cpp_to_py,copy,exp,xcdr,shmem_ds,1000000,10,1,measured,37,2026-09-09T14:40:05.972433Z,157999634551451,157999633663560,157999634551451,1788964805971482741,1788964805972168428,ok,
exp_copy_xcdr__cpp_to_py__1000000B__10Hz__shmem_ds__best_effort,receive,sub,cpp_to_py,copy,exp,xcdr,shmem_ds,1000000,10,1,measured,38,2026-09-09T14:40:06.071776Z,157999733940118,157999733496859,157999733940118,1788964806071307453,1788964806071628350,ok,
exp_copy_xcdr__cpp_to_py__1000000B__10Hz__shmem_ds__best_effort,receive,sub,cpp_to_py,copy,exp,xcdr,shmem_ds,1000000,10,1,measured,39,2026-09-09T14:40:06.171430Z,157999833587554,157999833092056,157999833587554,1788964806170900827,1788964806171261139,ok,
exp_copy_xcdr__cpp_to_py__1000000B__10Hz__shmem_ds__best_effort,receive,sub,cpp_to_py,copy,exp,xcdr,shmem_ds,1000000,10,1,measured,40,2026-09-09T14:40:06.270339Z,157999932507575,157999932131433,157999932507575,1788964806269938480,1788964806270198923,ok,
exp_copy_xcdr__cpp_to_py__1000000B__10Hz__shmem_ds__best_effort,receive,sub,cpp_to_py,copy,exp,xcdr,shmem_ds,1000000,10,1,measured,41,2026-09-09T14:40:06.371641Z,158000033738849,158000032537685,158000033738849,1788964806370364250,1788964806371338053,ok,
exp_copy_xcdr__cpp_to_py__1000000B__10Hz__shmem_ds__best_effort,receive,sub,cpp_to_py,copy,exp,xcdr,shmem_ds,1000000,10,1,measured,42,2026-09-09T14:40:06.470894Z,158000133046753,158000132452819,158000133046753,1788964806470269845,1788964806470708756,ok,
exp_copy_xcdr__cpp_to_py__1000000B__10Hz__shmem_ds__best_effort,receive,sub,cpp_to_py,copy,exp,xcdr,shmem_ds,1000000,10,1,measured,43,2026-09-09T14:40:06.571297Z,158000233410004,158000232527163,158000233410004,1788964806570346704,1788964806571028354,ok,
exp_copy_xcdr__cpp_to_py__1000000B__10Hz__shmem_ds__best_effort,receive,sub,cpp_to_py,copy,exp,xcdr,shmem_ds,1000000,10,1,measured,44,2026-09-09T14:40:06.671004Z,158000333140277,158000332500066,158000333140277,1788964806670314988,1788964806670787051,ok,
exp_copy_xcdr__cpp_to_py__1000000B__10Hz__shmem_ds__best_effort,receive,sub,cpp_to_py,copy,exp,xcdr,shmem_ds,1000000,10,1,measured,45,2026-09-09T14:40:06.770743Z,158000432851806,158000431923379,158000432851806,1788964806769750354,1788964806770452713,ok,
exp_copy_xcdr__cpp_to_py__1000000B__10Hz__shmem_ds__best_effort,receive,sub,cpp_to_py,copy,exp,xcdr,shmem_ds,1000000,10,1,measured,46,2026-09-09T14:40:06.870517Z,158000532670406,158000532137929,158000532670406,1788964806869952811,1788964806870345304,ok,
exp_copy_xcdr__cpp_to_py__1000000B__10Hz__shmem_ds__best_effort,receive,sub,cpp_to_py,copy,exp,xcdr,shmem_ds,1000000,10,1,measured,47,2026-09-09T14:40:06.970794Z,158000632912578,158000632125249,158000632912578,1788964806969941173,1788964806970514848,ok,
exp_copy_xcdr__cpp_to_py__1000000B__10Hz__shmem_ds__best_effort,receive,sub,cpp_to_py,copy,exp,xcdr,shmem_ds,1000000,10,1,measured,48,2026-09-09T14:40:07.070470Z,158000732605221,158000731896039,158000732605221,1788964807069712435,1788964807070247016,ok,
exp_copy_xcdr__cpp_to_py__1000000B__10Hz__shmem_ds__best_effort,receive,sub,cpp_to_py,copy,exp,xcdr,shmem_ds,1000000,10,1,measured,49,2026-09-09T14:40:07.170446Z,158000832598203,158000832222031,158000832598203,1788964807170030170,1788964807170287066,ok,
exp_copy_xcdr__cpp_to_py__1000000B__10Hz__shmem_ds__best_effort,receive,sub,cpp_to_py,copy,exp,xcdr,shmem_ds,1000000,10,1,measured,50,2026-09-09T14:40:07.271098Z,158000933197010,158000932064247,158000933197010,1788964807269888867,1788964807270774233,ok,
exp_copy_xcdr__cpp_to_py__1000000B__10Hz__shmem_ds__best_effort,receive,sub,cpp_to_py,copy,exp,xcdr,shmem_ds,1000000,10,1,measured,51,2026-09-09T14:40:07.370788Z,158001032881528,158001031927673,158001032881528,1788964807369742695,1788964807370450374,ok,
exp_copy_xcdr__cpp_to_py__1000000B__10Hz__shmem_ds__best_effort,receive,sub,cpp_to_py,copy,exp,xcdr,shmem_ds,1000000,10,1,measured,52,2026-09-09T14:40:07.469719Z,158001131847155,158001131115270,158001131847155,1788964807468931234,1788964807469425740,ok,
exp_copy_xcdr__cpp_to_py__1000000B__10Hz__shmem_ds__best_effort,receive,sub,cpp_to_py,copy,exp,xcdr,shmem_ds,1000000,10,1,measured,53,2026-09-09T14:40:07.568535Z,158001230682225,158001230261889,158001230682225,1788964807568072183,1788964807568359397,ok,
exp_copy_xcdr__cpp_to_py__1000000B__10Hz__shmem_ds__best_effort,receive,sub,cpp_to_py,copy,exp,xcdr,shmem_ds,1000000,10,1,measured,54,2026-09-09T14:40:07.669216Z,158001331361745,158001330900813,158001331361745,1788964807668711577,1788964807669042524,ok,
exp_copy_xcdr__cpp_to_py__1000000B__10Hz__shmem_ds__best_effort,receive,sub,cpp_to_py,copy,exp,xcdr,shmem_ds,1000000,10,1,measured,55,2026-09-09T14:40:07.769310Z,158001431446871,158001430857857,158001431446871,1788964807768670925,1788964807769107331,ok,
exp_copy_xcdr__cpp_to_py__1000000B__10Hz__shmem_ds__best_effort,receive,sub,cpp_to_py,copy,exp,xcdr,shmem_ds,1000000,10,1,measured,56,2026-09-09T14:40:07.869031Z,158001531180152,158001530743736,158001531180152,1788964807868555151,1788964807868851873,ok,
exp_copy_xcdr__cpp_to_py__1000000B__10Hz__shmem_ds__best_effort,receive,sub,cpp_to_py,copy,exp,xcdr,shmem_ds,1000000,10,1,measured,57,2026-09-09T14:40:07.970308Z,158001632428008,158001631737912,158001632428008,1788964807969554187,1788964807970063380,ok,
exp_copy_xcdr__cpp_to_py__1000000B__10Hz__shmem_ds__best_effort,receive,sub,cpp_to_py,copy,exp,xcdr,shmem_ds,1000000,10,1,measured,58,2026-09-09T14:40:08.070392Z,158001732531178,158001731924039,158001732531178,1788964808069737689,1788964808070195876,ok,
exp_copy_xcdr__cpp_to_py__1000000B__10Hz__shmem_ds__best_effort,receive,sub,cpp_to_py,copy,exp,xcdr,shmem_ds,1000000,10,1,measured,59,2026-09-09T14:40:08.170444Z,158001832605273,158001832164689,158001832605273,1788964808169973921,1788964808170290380,ok,
exp_copy_xcdr__cpp_to_py__1000000B__10Hz__shmem_ds__best_effort,receive,sub,cpp_to_py,copy,exp,xcdr,shmem_ds,1000000,10,1,measured,60,2026-09-09T14:40:08.270623Z,158001932779909,158001932317274,158001932779909,1788964808270126766,1788964808270458594,ok,
exp_copy_xcdr__cpp_to_py__1000000B__10Hz__shmem_ds__best_effort,receive,sub,cpp_to_py,copy,exp,xcdr,shmem_ds,1000000,10,1,measured,61,2026-09-09T14:40:08.372086Z,158002034197488,158002033047471,158002034197488,1788964808370872423,1788964808371753550,ok,
exp_copy_xcdr__cpp_to_py__1000000B__10Hz__shmem_ds__best_effort,receive,sub,cpp_to_py,copy,exp,xcdr,shmem_ds,1000000,10,1,measured,62,2026-09-09T14:40:08.471621Z,158002133749185,158002132992172,158002133749185,1788964808470819508,1788964808471394055,ok,
exp_copy_xcdr__cpp_to_py__1000000B__10Hz__shmem_ds__best_effort,receive,sub,cpp_to_py,copy,exp,xcdr,shmem_ds,1000000,10,1,measured,63,2026-09-09T14:40:08.571848Z,158002233999945,158002233634122,158002233999945,1788964808571441651,1788964808571694860,ok,
exp_copy_xcdr__cpp_to_py__1000000B__10Hz__shmem_ds__best_effort,receive,sub,cpp_to_py,copy,exp,xcdr,shmem_ds,1000000,10,1,measured,64,2026-09-09T14:40:08.671856Z,158002334015279,158002333622415,158002334015279,1788964808671429242,1788964808671694565,ok,
exp_copy_xcdr__cpp_to_py__1000000B__10Hz__shmem_ds__best_effort,receive,sub,cpp_to_py,copy,exp,xcdr,shmem_ds,1000000,10,1,measured,65,2026-09-09T14:40:08.772149Z,158002434257703,158002433513344,158002434257703,1788964808771324469,1788964808771849062,ok,
exp_copy_xcdr__cpp_to_py__1000000B__10Hz__shmem_ds__best_effort,receive,sub,cpp_to_py,copy,exp,xcdr,shmem_ds,1000000,10,1,measured,66,2026-09-09T14:40:08.871387Z,158002533539429,158002533131457,158002533539429,1788964808870940659,1788964808871216451,ok,
exp_copy_xcdr__cpp_to_py__1000000B__10Hz__shmem_ds__best_effort,receive,sub,cpp_to_py,copy,exp,xcdr,shmem_ds,1000000,10,1,measured,67,2026-09-09T14:40:08.971133Z,158002633273491,158002632731907,158002633273491,1788964808970543392,1788964808970935705,ok,
exp_copy_xcdr__cpp_to_py__1000000B__10Hz__shmem_ds__best_effort,receive,sub,cpp_to_py,copy,exp,xcdr,shmem_ds,1000000,10,1,measured,68,2026-09-09T14:40:09.071208Z,158002733339823,158002732773301,158002733339823,1788964809070588023,1788964809070996716,ok,
exp_copy_xcdr__cpp_to_py__1000000B__10Hz__shmem_ds__best_effort,receive,sub,cpp_to_py,copy,exp,xcdr,shmem_ds,1000000,10,1,measured,69,2026-09-09T14:40:09.170903Z,158002833036596,158002832501283,158002833036596,1788964809170309733,1788964809170693088,ok,
exp_copy_xcdr__cpp_to_py__1000000B__10Hz__shmem_ds__best_effort,receive,sub,cpp_to_py,copy,exp,xcdr,shmem_ds,1000000,10,1,measured,70,2026-09-09T14:40:09.271551Z,158002933673497,158002933013077,158002933673497,1788964809270826166,1788964809271310592,ok,
exp_copy_xcdr__cpp_to_py__1000000B__10Hz__shmem_ds__best_effort,receive,sub,cpp_to_py,copy,exp,xcdr,shmem_ds,1000000,10,1,measured,71,2026-09-09T14:40:09.371109Z,158003033244591,158003032640408,158003033244591,1788964809370452655,1788964809370883440,ok,
exp_copy_xcdr__cpp_to_py__1000000B__10Hz__shmem_ds__best_effort,receive,sub,cpp_to_py,copy,exp,xcdr,shmem_ds,1000000,10,1,measured,72,2026-09-09T14:40:09.471431Z,158003133576015,158003133013310,158003133576015,1788964809470827651,1788964809471237517,ok,
exp_copy_xcdr__cpp_to_py__1000000B__10Hz__shmem_ds__best_effort,receive,sub,cpp_to_py,copy,exp,xcdr,shmem_ds,1000000,10,1,measured,73,2026-09-09T14:40:09.571658Z,158003233822889,158003233468708,158003233822889,1788964809571275605,1788964809571506773,ok,
exp_copy_xcdr__cpp_to_py__1000000B__10Hz__shmem_ds__best_effort,receive,sub,cpp_to_py,copy,exp,xcdr,shmem_ds,1000000,10,1,measured,74,2026-09-09T14:40:09.671987Z,158003334148982,158003333770896,158003334148982,1788964809671578805,1788964809671835852,ok,
exp_copy_xcdr__cpp_to_py__1000000B__10Hz__shmem_ds__best_effort,receive,sub,cpp_to_py,copy,exp,xcdr,shmem_ds,1000000,10,1,measured,75,2026-09-09T14:40:09.772840Z,158003434966174,158003434402558,158003434966174,1788964809772214164,1788964809772622286,ok,
exp_copy_xcdr__cpp_to_py__1000000B__10Hz__shmem_ds__best_effort,receive,sub,cpp_to_py,copy,exp,xcdr,shmem_ds,1000000,10,1,measured,76,2026-09-09T14:40:09.873229Z,158003535386826,158003534975438,158003535386826,1788964809872785321,1788964809873072164,ok,
exp_copy_xcdr__cpp_to_py__1000000B__10Hz__shmem_ds__best_effort,receive,sub,cpp_to_py,copy,exp,xcdr,shmem_ds,1000000,10,1,measured,77,2026-09-09T14:40:09.973938Z,158003636072560,158003635279500,158003636072560,1788964809973094192,1788964809973667106,ok,
exp_copy_xcdr__cpp_to_py__1000000B__10Hz__shmem_ds__best_effort,receive,sub,cpp_to_py,copy,exp,xcdr,shmem_ds,1000000,10,1,measured,78,2026-09-09T14:40:10.074742Z,158003736845890,158003735868721,158003736845890,1788964810073690967,1788964810074449333,ok,
exp_copy_xcdr__cpp_to_py__1000000B__10Hz__shmem_ds__best_effort,receive,sub,cpp_to_py,copy,exp,xcdr,shmem_ds,1000000,10,1,measured,79,2026-09-09T14:40:10.174567Z,158003836674473,158003835677937,158003836674473,1788964810173498099,1788964810174281602,ok,
exp_copy_xcdr__cpp_to_py__1000000B__10Hz__shmem_ds__best_effort,receive,sub,cpp_to_py,copy,exp,xcdr,shmem_ds,1000000,10,1,measured,80,2026-09-09T14:40:10.275173Z,158003937292319,158003936546668,158003937292319,1788964810274361701,1788964810274932310,ok,
exp_copy_xcdr__cpp_to_py__1000000B__10Hz__shmem_ds__best_effort,receive,sub,cpp_to_py,copy,exp,xcdr,shmem_ds,1000000,10,1,measured,81,2026-09-09T14:40:10.375527Z,158004037633652,158004036247359,158004037633652,1788964810374070997,1788964810375250399,ok,
exp_copy_xcdr__cpp_to_py__1000000B__10Hz__shmem_ds__best_effort,receive,sub,cpp_to_py,copy,exp,xcdr,shmem_ds,1000000,10,1,measured,82,2026-09-09T14:40:10.474741Z,158004136868771,158004135846156,158004136868771,1788964810473660427,1788964810474512870,ok,
exp_copy_xcdr__cpp_to_py__1000000B__10Hz__shmem_ds__best_effort,receive,sub,cpp_to_py,copy,exp,xcdr,shmem_ds,1000000,10,1,measured,83,2026-09-09T14:40:10.574988Z,158004237125073,158004236320381,158004237125073,1788964810574134652,1788964810574776677,ok,
exp_copy_xcdr__cpp_to_py__1000000B__10Hz__shmem_ds__best_effort,receive,sub,cpp_to_py,copy,exp,xcdr,shmem_ds,1000000,10,1,measured,84,2026-09-09T14:40:10.675530Z,158004337651816,158004336508763,158004337651816,1788964810674325629,1788964810675273413,ok,
exp_copy_xcdr__cpp_to_py__1000000B__10Hz__shmem_ds__best_effort,receive,sub,cpp_to_py,copy,exp,xcdr,shmem_ds,1000000,10,1,measured,85,2026-09-09T14:40:10.775053Z,158004437180563,158004436213292,158004437180563,1788964810774027563,1788964810774821165,ok,
exp_copy_xcdr__cpp_to_py__1000000B__10Hz__shmem_ds__best_effort,receive,sub,cpp_to_py,copy,exp,xcdr,shmem_ds,1000000,10,1,measured,86,2026-09-09T14:40:10.874153Z,158004536286458,158004535491343,158004536286458,1788964810873305444,1788964810873937921,ok,
exp_copy_xcdr__cpp_to_py__1000000B__10Hz__shmem_ds__best_effort,receive,sub,cpp_to_py,copy,exp,xcdr,shmem_ds,1000000,10,1,measured,87,2026-09-09T14:40:10.974757Z,158004636846765,158004635739029,158004636846765,1788964810973562287,1788964810974426913,ok,
exp_copy_xcdr__cpp_to_py__1000000B__10Hz__shmem_ds__best_effort,receive,sub,cpp_to_py,copy,exp,xcdr,shmem_ds,1000000,10,1,measured,88,2026-09-09T14:40:11.074459Z,158004736583144,158004735919818,158004736583144,1788964811073735853,1788964811074217294,ok,
exp_copy_xcdr__cpp_to_py__1000000B__10Hz__shmem_ds__best_effort,receive,sub,cpp_to_py,copy,exp,xcdr,shmem_ds,1000000,10,1,measured,89,2026-09-09T14:40:11.174309Z,158004836466972,158004835965803,158004836466972,1788964811173774023,1788964811174150135,ok,
exp_copy_xcdr__cpp_to_py__1000000B__10Hz__shmem_ds__best_effort,receive,sub,cpp_to_py,copy,exp,xcdr,shmem_ds,1000000,10,1,measured,90,2026-09-09T14:40:11.274581Z,158004936735518,158004936190296,158004936735518,1788964811274000720,1788964811274409233,ok,
exp_copy_xcdr__cpp_to_py__1000000B__10Hz__shmem_ds__best_effort,receive,sub,cpp_to_py,copy,exp,xcdr,shmem_ds,1000000,10,1,measured,91,2026-09-09T14:40:11.374555Z,158005036650404,158005035315137,158005036650404,1788964811373136992,1788964811374227957,ok,
exp_copy_xcdr__cpp_to_py__1000000B__10Hz__shmem_ds__best_effort,receive,sub,cpp_to_py,copy,exp,xcdr,shmem_ds,1000000,10,1,measured,92,2026-09-09T14:40:11.473898Z,158005136022143,158005135048240,158005136022143,1788964811472863272,1788964811473651043,ok,
exp_copy_xcdr__cpp_to_py__1000000B__10Hz__shmem_ds__best_effort,receive,sub,cpp_to_py,copy,exp,xcdr,shmem_ds,1000000,10,1,measured,93,2026-09-09T14:40:11.574177Z,158005236313642,158005235515371,158005236313642,1788964811573327258,1788964811573977047,ok,
exp_copy_xcdr__cpp_to_py__1000000B__10Hz__shmem_ds__best_effort,receive,sub,cpp_to_py,copy,exp,xcdr,shmem_ds,1000000,10,1,measured,94,2026-09-09T14:40:11.674534Z,158005336649545,158005335733121,158005336649545,1788964811673549706,1788964811674279978,ok,
exp_copy_xcdr__cpp_to_py__1000000B__10Hz__shmem_ds__best_effort,receive,sub,cpp_to_py,copy,exp,xcdr,shmem_ds,1000000,10,1,measured,95,2026-09-09T14:40:11.774245Z,158005436363431,158005435527600,158005436363431,1788964811773344065,1788964811774002541,ok,
exp_copy_xcdr__cpp_to_py__1000000B__10Hz__shmem_ds__best_effort,receive,sub,cpp_to_py,copy,exp,xcdr,shmem_ds,1000000,10,1,measured,96,2026-09-09T14:40:11.874875Z,158005537018388,158005536391552,158005537018388,1788964811874204761,1788964811874687114,ok,
exp_copy_xcdr__cpp_to_py__1000000B__10Hz__shmem_ds__best_effort,receive,sub,cpp_to_py,copy,exp,xcdr,shmem_ds,1000000,10,1,measured,97,2026-09-09T14:40:11.975568Z,158005637671553,158005636874976,158005637671553,1788964811974688235,1788964811975285184,ok,
exp_copy_xcdr__cpp_to_py__1000000B__10Hz__shmem_ds__best_effort,receive,sub,cpp_to_py,copy,exp,xcdr,shmem_ds,1000000,10,1,measured,98,2026-09-09T14:40:12.074738Z,158005736865706,158005736333559,158005736865706,1788964812074144814,1788964812074522940,ok,
exp_copy_xcdr__cpp_to_py__1000000B__10Hz__shmem_ds__best_effort,receive,sub,cpp_to_py,copy,exp,xcdr,shmem_ds,1000000,10,1,measured,99,2026-09-09T14:40:12.174664Z,158005836808987,158005836392098,158005836808987,1788964812174200538,1788964812174493292,ok,
exp_copy_xcdr__cpp_to_py__1000000B__10Hz__shmem_ds__best_effort,receive,sub,cpp_to_py,copy,exp,xcdr,shmem_ds,1000000,10,1,measured,100,2026-09-09T14:40:12.273973Z,158005936117968,158005935640554,158005936117968,1788964812273449395,1788964812273783187,ok,
exp_copy_xcdr__cpp_to_py__1000000B__10Hz__shmem_ds__best_effort,receive,sub,cpp_to_py,copy,exp,xcdr,shmem_ds,1000000,10,1,measured,101,2026-09-09T14:40:12.375148Z,158006037243377,158006036220261,158006037243377,1788964812374039812,1788964812374823625,ok,
exp_copy_xcdr__cpp_to_py__1000000B__10Hz__shmem_ds__best_effort,receive,sub,cpp_to_py,copy,exp,xcdr,shmem_ds,1000000,10,1,measured,102,2026-09-09T14:40:12.474095Z,158006136239295,158006135688463,158006136239295,1788964812473502223,1788964812473903422,ok,
exp_copy_xcdr__cpp_to_py__1000000B__10Hz__shmem_ds__best_effort,receive,sub,cpp_to_py,copy,exp,xcdr,shmem_ds,1000000,10,1,measured,103,2026-09-09T14:40:12.573473Z,158006235593149,158006234871674,158006235593149,1788964812572685674,1788964812573217902,ok,
exp_copy_xcdr__cpp_to_py__1000000B__10Hz__shmem_ds__best_effort,receive,sub,cpp_to_py,copy,exp,xcdr,shmem_ds,1000000,10,1,measured,104,2026-09-09T14:40:12.674037Z,158006336182514,158006335650096,158006336182514,1788964812673462123,1788964812673858383,ok,
exp_copy_xcdr__cpp_to_py__1000000B__10Hz__shmem_ds__best_effort,receive,sub,cpp_to_py,copy,exp,xcdr,shmem_ds,1000000,10,1,measured,105,2026-09-09T14:40:12.773967Z,158006436114494,158006435595272,158006436114494,1788964812773405415,1788964812773738165,ok,
exp_copy_xcdr__cpp_to_py__1000000B__10Hz__shmem_ds__best_effort,receive,sub,cpp_to_py,copy,exp,xcdr,shmem_ds,1000000,10,1,measured,106,2026-09-09T14:40:12.873834Z,158006535964729,158006534830412,158006535964729,1788964812872655444,1788964812873548604,ok,
exp_copy_xcdr__cpp_to_py__1000000B__10Hz__shmem_ds__best_effort,receive,sub,cpp_to_py,copy,exp,xcdr,shmem_ds,1000000,10,1,measured,107,2026-09-09T14:40:12.973635Z,158006635771732,158006635208235,158006635771732,1788964812973022076,1788964812973424477,ok,
exp_copy_xcdr__cpp_to_py__1000000B__10Hz__shmem_ds__best_effort,receive,sub,cpp_to_py,copy,exp,xcdr,shmem_ds,1000000,10,1,measured,108,2026-09-09T14:40:13.072843Z,158006734954916,158006734458426,158006734954916,1788964813072269160,1788964813072630855,ok,
exp_copy_xcdr__cpp_to_py__1000000B__10Hz__shmem_ds__best_effort,receive,sub,cpp_to_py,copy,exp,xcdr,shmem_ds,1000000,10,1,measured,109,2026-09-09T14:40:13.173335Z,158006835492092,158006834899901,158006835492092,1788964813172712990,1788964813173168672,ok,
exp_copy_xcdr__cpp_to_py__1000000B__10Hz__shmem_ds__best_effort,receive,sub,cpp_to_py,copy,exp,xcdr,shmem_ds,1000000,10,1,measured,110,2026-09-09T14:40:13.273320Z,158006935483183,158006935110538,158006935483183,1788964813272917816,1788964813273161016,ok,
exp_copy_xcdr__cpp_to_py__1000000B__10Hz__shmem_ds__best_effort,receive,sub,cpp_to_py,copy,exp,xcdr,shmem_ds,1000000,10,1,measured,111,2026-09-09T14:40:13.373707Z,158007035814129,158007034825198,158007035814129,1788964813372643055,1788964813373406851,ok,
exp_copy_xcdr__cpp_to_py__1000000B__10Hz__shmem_ds__best_effort,receive,sub,cpp_to_py,copy,exp,xcdr,shmem_ds,1000000,10,1,measured,112,2026-09-09T14:40:13.473703Z,158007135862550,158007135361242,158007135862550,1788964813473175192,1788964813473544471,ok,
exp_copy_xcdr__cpp_to_py__1000000B__10Hz__shmem_ds__best_effort,receive,sub,cpp_to_py,copy,exp,xcdr,shmem_ds,1000000,10,1,measured,113,2026-09-09T14:40:13.574625Z,158007236770027,158007236216139,158007236770027,1788964813574026873,1788964813574435096,ok,
exp_copy_xcdr__cpp_to_py__1000000B__10Hz__shmem_ds__best_effort,receive,sub,cpp_to_py,copy,exp,xcdr,shmem_ds,1000000,10,1,measured,114,2026-09-09T14:40:13.675468Z,158007337630715,158007337210039,158007337630715,1788964813675019791,1788964813675327634,ok,
exp_copy_xcdr__cpp_to_py__1000000B__10Hz__shmem_ds__best_effort,receive,sub,cpp_to_py,copy,exp,xcdr,shmem_ds,1000000,10,1,measured,115,2026-09-09T14:40:13.775351Z,158007437502913,158007436989982,158007437502913,1788964813774800506,1788964813775187488,ok,
exp_copy_xcdr__cpp_to_py__1000000B__10Hz__shmem_ds__best_effort,receive,sub,cpp_to_py,copy,exp,xcdr,shmem_ds,1000000,10,1,measured,116,2026-09-09T14:40:13.874968Z,158007537126690,158007536730761,158007537126690,1788964813874537357,1788964813874821345,ok,
exp_copy_xcdr__cpp_to_py__1000000B__10Hz__shmem_ds__best_effort,receive,sub,cpp_to_py,copy,exp,xcdr,shmem_ds,1000000,10,1,measured,117,2026-09-09T14:40:13.975847Z,158007637970725,158007637400075,158007637970725,1788964813975212212,1788964813975614273,ok,
exp_copy_xcdr__cpp_to_py__1000000B__10Hz__shmem_ds__best_effort,receive,sub,cpp_to_py,copy,exp,xcdr,shmem_ds,1000000,10,1,measured,118,2026-09-09T14:40:14.076379Z,158007738513163,158007737928456,158007738513163,1788964814075742076,1788964814076178792,ok,
exp_copy_xcdr__cpp_to_py__1000000B__10Hz__shmem_ds__best_effort,receive,sub,cpp_to_py,copy,exp,xcdr,shmem_ds,1000000,10,1,measured,119,2026-09-09T14:40:14.176603Z,158007838741325,158007838242721,158007838741325,1788964814176052253,1788964814176411022,ok,
exp_copy_xcdr__cpp_to_py__1000000B__10Hz__shmem_ds__best_effort,receive,sub,cpp_to_py,copy,exp,xcdr,shmem_ds,1000000,10,1,measured,120,2026-09-09T14:40:14.277204Z,158007939360657,158007939007639,158007939360657,1788964814276814576,1788964814277058127,ok,
exp_copy_xcdr__cpp_to_py__1000000B__10Hz__shmem_ds__best_effort,receive,sub,cpp_to_py,copy,exp,xcdr,shmem_ds,1000000,10,1,measured,121,2026-09-09T14:40:14.376658Z,158008038791780,158008038143013,158008038791780,1788964814375958526,1788964814376439677,ok,
exp_copy_xcdr__cpp_to_py__1000000B__10Hz__shmem_ds__best_effort,receive,sub,cpp_to_py,copy,exp,xcdr,shmem_ds,1000000,10,1,measured,122,2026-09-09T14:40:14.476118Z,158008138248001,158008137786257,158008138248001,1788964814475590750,1788964814475915134,ok,
exp_copy_xcdr__cpp_to_py__1000000B__10Hz__shmem_ds__best_effort,receive,sub,cpp_to_py,copy,exp,xcdr,shmem_ds,1000000,10,1,measured,123,2026-09-09T14:40:14.575743Z,158008237876157,158008237376932,158008237876157,1788964814575186965,1788964814575537759,ok,
exp_copy_xcdr__cpp_to_py__1000000B__10Hz__shmem_ds__best_effort,receive,sub,cpp_to_py,copy,exp,xcdr,shmem_ds,1000000,10,1,measured,124,2026-09-09T14:40:14.675889Z,158008337984603,158008337217161,158008337984603,1788964814675031392,1788964814675600649,ok,
exp_copy_xcdr__cpp_to_py__1000000B__10Hz__shmem_ds__best_effort,receive,sub,cpp_to_py,copy,exp,xcdr,shmem_ds,1000000,10,1,measured,125,2026-09-09T14:40:14.775118Z,158008437250784,158008436536142,158008437250784,1788964814774350623,1788964814774893561,ok,
exp_copy_xcdr__cpp_to_py__1000000B__10Hz__shmem_ds__best_effort,receive,sub,cpp_to_py,copy,exp,xcdr,shmem_ds,1000000,10,1,measured,126,2026-09-09T14:40:14.875461Z,158008537609683,158008537234984,158008537609683,1788964814875045327,1788964814875284360,ok,
exp_copy_xcdr__cpp_to_py__1000000B__10Hz__shmem_ds__best_effort,receive,sub,cpp_to_py,copy,exp,xcdr,shmem_ds,1000000,10,1,measured,127,2026-09-09T14:40:14.975677Z,158008637809632,158008637208464,158008637809632,1788964814975022986,1788964814975449894,ok,
exp_copy_xcdr__cpp_to_py__1000000B__10Hz__shmem_ds__best_effort,receive,sub,cpp_to_py,copy,exp,xcdr,shmem_ds,1000000,10,1,measured,128,2026-09-09T14:40:15.075016Z,158008737167038,158008736789884,158008737167038,1788964815074597913,1788964815074840402,ok,
exp_copy_xcdr__cpp_to_py__1000000B__10Hz__shmem_ds__best_effort,receive,sub,cpp_to_py,copy,exp,xcdr,shmem_ds,1000000,10,1,measured,129,2026-09-09T14:40:15.175743Z,158008837888424,158008837425317,158008837888424,1788964815175235400,1788964815175563932,ok,
exp_copy_xcdr__cpp_to_py__1000000B__10Hz__shmem_ds__best_effort,receive,sub,cpp_to_py,copy,exp,xcdr,shmem_ds,1000000,10,1,measured,130,2026-09-09T14:40:15.275625Z,158008937777835,158008937283670,158008937777835,1788964815275093182,1788964815275455948,ok,
exp_copy_xcdr__cpp_to_py__1000000B__10Hz__shmem_ds__best_effort,receive,sub,cpp_to_py,copy,exp,xcdr,shmem_ds,1000000,10,1,measured,131,2026-09-09T14:40:15.374988Z,158009037118788,158009036447037,158009037118788,1788964815374262440,1788964815374749823,ok,
exp_copy_xcdr__cpp_to_py__1000000B__10Hz__shmem_ds__best_effort,receive,sub,cpp_to_py,copy,exp,xcdr,shmem_ds,1000000,10,1,measured,132,2026-09-09T14:40:15.475701Z,158009137834033,158009137200424,158009137834033,1788964815475018151,1788964815475489383,ok,
exp_copy_xcdr__cpp_to_py__1000000B__10Hz__shmem_ds__best_effort,receive,sub,cpp_to_py,copy,exp,xcdr,shmem_ds,1000000,10,1,measured,133,2026-09-09T14:40:15.576199Z,158009238340362,158009237778198,158009238340362,1788964815575591006,1788964815576009067,ok,
exp_copy_xcdr__cpp_to_py__1000000B__10Hz__shmem_ds__best_effort,receive,sub,cpp_to_py,copy,exp,xcdr,shmem_ds,1000000,10,1,measured,134,2026-09-09T14:40:15.676849Z,158009339012875,158009338583953,158009339012875,1788964815676392804,1788964815676697320,ok,
exp_copy_xcdr__cpp_to_py__1000000B__10Hz__shmem_ds__best_effort,receive,sub,cpp_to_py,copy,exp,xcdr,shmem_ds,1000000,10,1,measured,135,2026-09-09T14:40:15.777679Z,158009439824993,158009439293166,158009439824993,1788964815777104181,1788964815777486134,ok,
exp_copy_xcdr__cpp_to_py__1000000B__10Hz__shmem_ds__best_effort,receive,sub,cpp_to_py,copy,exp,xcdr,shmem_ds,1000000,10,1,measured,136,2026-09-09T14:40:15.876690Z,158009538844267,158009538347547,158009538844267,1788964815876159875,1788964815876523583,ok,
exp_copy_xcdr__cpp_to_py__1000000B__10Hz__shmem_ds__best_effort,receive,sub,cpp_to_py,copy,exp,xcdr,shmem_ds,1000000,10,1,measured,137,2026-09-09T14:40:15.977643Z,158009639752898,158009638839198,158009639752898,1788964815976659541,1788964815977363633,ok,
exp_copy_xcdr__cpp_to_py__1000000B__10Hz__shmem_ds__best_effort,receive,sub,cpp_to_py,copy,exp,xcdr,shmem_ds,1000000,10,1,measured,138,2026-09-09T14:40:16.076829Z,158009738918560,158009737982027,158009738918560,1788964816075812108,1788964816076511031,ok,
exp_copy_xcdr__cpp_to_py__1000000B__10Hz__shmem_ds__best_effort,receive,sub,cpp_to_py,copy,exp,xcdr,shmem_ds,1000000,10,1,measured,139,2026-09-09T14:40:16.175678Z,158009837827166,158009837390680,158009837827166,1788964816175201585,1788964816175507013,ok,
exp_copy_xcdr__cpp_to_py__1000000B__10Hz__shmem_ds__best_effort,receive,sub,cpp_to_py,copy,exp,xcdr,shmem_ds,1000000,10,1,measured,140,2026-09-09T14:40:16.275876Z,158009938036604,158009937649802,158009938036604,1788964816275458402,1788964816275718194,ok,
exp_copy_xcdr__cpp_to_py__1000000B__10Hz__shmem_ds__best_effort,receive,sub,cpp_to_py,copy,exp,xcdr,shmem_ds,1000000,10,1,measured,141,2026-09-09T14:40:16.376547Z,158010038650487,158010037541047,158010038650487,1788964816375364406,1788964816376239321,ok,
exp_copy_xcdr__cpp_to_py__1000000B__10Hz__shmem_ds__best_effort,receive,sub,cpp_to_py,copy,exp,xcdr,shmem_ds,1000000,10,1,measured,142,2026-09-09T14:40:16.475608Z,158010137757889,158010137204572,158010137757889,1788964816475018623,1788964816475431113,ok,
exp_copy_xcdr__cpp_to_py__1000000B__10Hz__shmem_ds__best_effort,receive,sub,cpp_to_py,copy,exp,xcdr,shmem_ds,1000000,10,1,measured,143,2026-09-09T14:40:16.575670Z,158010237795623,158010236918854,158010237795623,1788964816574734337,1788964816575420816,ok,
exp_copy_xcdr__cpp_to_py__1000000B__10Hz__shmem_ds__best_effort,receive,sub,cpp_to_py,copy,exp,xcdr,shmem_ds,1000000,10,1,measured,144,2026-09-09T14:40:16.675706Z,158010337865717,158010337321076,158010337865717,1788964816675129796,1788964816675568507,ok,
exp_copy_xcdr__cpp_to_py__1000000B__10Hz__shmem_ds__best_effort,receive,sub,cpp_to_py,copy,exp,xcdr,shmem_ds,1000000,10,1,measured,145,2026-09-09T14:40:16.775906Z,158010438021543,158010437014587,158010438021543,1788964816774833176,1788964816775644993,ok,
exp_copy_xcdr__cpp_to_py__1000000B__10Hz__shmem_ds__best_effort,receive,sub,cpp_to_py,copy,exp,xcdr,shmem_ds,1000000,10,1,measured,146,2026-09-09T14:40:16.875838Z,158010537981288,158010537483987,158010537981288,1788964816875290604,1788964816875675803,ok,
exp_copy_xcdr__cpp_to_py__1000000B__10Hz__shmem_ds__best_effort,receive,sub,cpp_to_py,copy,exp,xcdr,shmem_ds,1000000,10,1,measured,147,2026-09-09T14:40:16.975540Z,158010637671313,158010636815454,158010637671313,1788964816974630135,1788964816975293761,ok,
exp_copy_xcdr__cpp_to_py__1000000B__10Hz__shmem_ds__best_effort,receive,sub,cpp_to_py,copy,exp,xcdr,shmem_ds,1000000,10,1,measured,148,2026-09-09T14:40:17.076152Z,158010738298743,158010737117648,158010738298743,1788964817074932820,1788964817075966557,ok,
exp_copy_xcdr__cpp_to_py__1000000B__10Hz__shmem_ds__best_effort,receive,sub,cpp_to_py,copy,exp,xcdr,shmem_ds,1000000,10,1,measured,149,2026-09-09T14:40:17.175062Z,158010837199996,158010836283601,158010837199996,1788964817174099005,1788964817174886685,ok,
exp_copy_xcdr__cpp_to_py__1000000B__10Hz__shmem_ds__best_effort,receive,sub,cpp_to_py,copy,exp,xcdr,shmem_ds,1000000,10,1,measured,150,2026-09-09T14:40:17.274847Z,158010936964483,158010936085840,158010936964483,1788964817273901032,1788964817274597270,ok,
exp_copy_xcdr__cpp_to_py__1000000B__10Hz__shmem_ds__best_effort,receive,sub,cpp_to_py,copy,exp,xcdr,shmem_ds,1000000,10,1,measured,151,2026-09-09T14:40:17.374852Z,158011036986226,158011035806183,158011036986226,1788964817373627868,1788964817374661865,ok,
exp_copy_xcdr__cpp_to_py__1000000B__10Hz__shmem_ds__best_effort,receive,sub,cpp_to_py,copy,exp,xcdr,shmem_ds,1000000,10,1,measured,152,2026-09-09T14:40:17.474379Z,158011136522501,158011135833527,158011136522501,1788964817473644902,1788964817474192298,ok,
exp_copy_xcdr__cpp_to_py__1000000B__10Hz__shmem_ds__best_effort,receive,sub,cpp_to_py,copy,exp,xcdr,shmem_ds,1000000,10,1,measured,153,2026-09-09T14:40:17.575111Z,158011237254498,158011236178943,158011237254498,1788964817573997552,1788964817574921521,ok,
exp_copy_xcdr__cpp_to_py__1000000B__10Hz__shmem_ds__best_effort,receive,sub,cpp_to_py,copy,exp,xcdr,shmem_ds,1000000,10,1,measured,154,2026-09-09T14:40:17.675266Z,158011337421366,158011336618567,158011337421366,1788964817674432607,1788964817675106853,ok,
exp_copy_xcdr__cpp_to_py__1000000B__10Hz__shmem_ds__best_effort,receive,sub,cpp_to_py,copy,exp,xcdr,shmem_ds,1000000,10,1,measured,155,2026-09-09T14:40:17.775168Z,158011437321830,158011436622076,158011437321830,1788964817774434323,1788964817775013068,ok,
exp_copy_xcdr__cpp_to_py__1000000B__10Hz__shmem_ds__best_effort,receive,sub,cpp_to_py,copy,exp,xcdr,shmem_ds,1000000,10,1,measured,156,2026-09-09T14:40:17.875037Z,158011537201645,158011536665821,158011537201645,1788964817874476505,1788964817874906418,ok,
exp_copy_xcdr__cpp_to_py__1000000B__10Hz__shmem_ds__best_effort,receive,sub,cpp_to_py,copy,exp,xcdr,shmem_ds,1000000,10,1,measured,157,2026-09-09T14:40:17.975001Z,158011637143888,158011636462428,158011637143888,1788964817974275296,1788964817974792295,ok,
exp_copy_xcdr__cpp_to_py__1000000B__10Hz__shmem_ds__best_effort,receive,sub,cpp_to_py,copy,exp,xcdr,shmem_ds,1000000,10,1,measured,158,2026-09-09T14:40:18.075645Z,158011737783080,158011737045795,158011737783080,1788964818074859685,1788964818075440034,ok,
exp_copy_xcdr__cpp_to_py__1000000B__10Hz__shmem_ds__best_effort,receive,sub,cpp_to_py,copy,exp,xcdr,shmem_ds,1000000,10,1,measured,159,2026-09-09T14:40:18.174874Z,158011837018868,158011836422499,158011837018868,1788964818174233965,1788964818174692032,ok,
exp_copy_xcdr__cpp_to_py__1000000B__10Hz__shmem_ds__best_effort,receive,sub,cpp_to_py,copy,exp,xcdr,shmem_ds,1000000,10,1,measured,160,2026-09-09T14:40:18.274317Z,158011936479149,158011936116633,158011936479149,1788964818273922779,1788964818274180907,ok,
exp_copy_xcdr__cpp_to_py__1000000B__10Hz__shmem_ds__best_effort,receive,sub,cpp_to_py,copy,exp,xcdr,shmem_ds,1000000,10,1,measured,161,2026-09-09T14:40:18.375346Z,158012037444921,158012036231254,158012037444921,1788964818374045605,1788964818375038244,ok,
exp_copy_xcdr__cpp_to_py__1000000B__10Hz__shmem_ds__best_effort,receive,sub,cpp_to_py,copy,exp,xcdr,shmem_ds,1000000,10,1,measured,162,2026-09-09T14:40:18.473742Z,158012135894589,158012135390996,158012135894589,1788964818473202161,1788964818473576019,ok,
exp_copy_xcdr__cpp_to_py__1000000B__10Hz__shmem_ds__best_effort,receive,sub,cpp_to_py,copy,exp,xcdr,shmem_ds,1000000,10,1,measured,163,2026-09-09T14:40:18.573173Z,158012235327930,158012234860425,158012235327930,1788964818572669135,1788964818573001725,ok,
exp_copy_xcdr__cpp_to_py__1000000B__10Hz__shmem_ds__best_effort,receive,sub,cpp_to_py,copy,exp,xcdr,shmem_ds,1000000,10,1,measured,164,2026-09-09T14:40:18.673108Z,158012335262399,158012334720143,158012335262399,1788964818672531548,1788964818672939621,ok,
exp_copy_xcdr__cpp_to_py__1000000B__10Hz__shmem_ds__best_effort,receive,sub,cpp_to_py,copy,exp,xcdr,shmem_ds,1000000,10,1,measured,165,2026-09-09T14:40:18.773369Z,158012435506573,158012434668948,158012435506573,1788964818772482408,1788964818773148138,ok,
exp_copy_xcdr__cpp_to_py__1000000B__10Hz__shmem_ds__best_effort,receive,sub,cpp_to_py,copy,exp,xcdr,shmem_ds,1000000,10,1,measured,166,2026-09-09T14:40:18.872681Z,158012534829996,158012534108461,158012534829996,1788964818871923604,1788964818872506627,ok,
exp_copy_xcdr__cpp_to_py__1000000B__10Hz__shmem_ds__best_effort,receive,sub,cpp_to_py,copy,exp,xcdr,shmem_ds,1000000,10,1,measured,167,2026-09-09T14:40:18.972897Z,158012635010951,158012634291129,158012635010951,1788964818972103947,1788964818972644190,ok,
exp_copy_xcdr__cpp_to_py__1000000B__10Hz__shmem_ds__best_effort,receive,sub,cpp_to_py,copy,exp,xcdr,shmem_ds,1000000,10,1,measured,168,2026-09-09T14:40:19.073948Z,158012736105096,158012735286046,158012736105096,1788964819073100236,1788964819073740007,ok,
exp_copy_xcdr__cpp_to_py__1000000B__10Hz__shmem_ds__best_effort,receive,sub,cpp_to_py,copy,exp,xcdr,shmem_ds,1000000,10,1,measured,169,2026-09-09T14:40:19.174505Z,158012836656454,158012836086946,158012836656454,1788964819173897861,1788964819174326502,ok,
exp_copy_xcdr__cpp_to_py__1000000B__10Hz__shmem_ds__best_effort,receive,sub,cpp_to_py,copy,exp,xcdr,shmem_ds,1000000,10,1,measured,170,2026-09-09T14:40:19.274173Z,158012936329017,158012935846224,158012936329017,1788964819273654553,1788964819274020566,ok,
exp_copy_xcdr__cpp_to_py__1000000B__10Hz__shmem_ds__best_effort,receive,sub,cpp_to_py,copy,exp,xcdr,shmem_ds,1000000,10,1,measured,171,2026-09-09T14:40:19.374530Z,158013036633027,158013035816462,158013036633027,1788964819373629250,1788964819374243021,ok,
exp_copy_xcdr__cpp_to_py__1000000B__10Hz__shmem_ds__best_effort,receive,sub,cpp_to_py,copy,exp,xcdr,shmem_ds,1000000,10,1,measured,172,2026-09-09T14:40:19.474063Z,158013136197296,158013135397663,158013136197296,1788964819473209199,1788964819473850773,ok,
exp_copy_xcdr__cpp_to_py__1000000B__10Hz__shmem_ds__best_effort,receive,sub,cpp_to_py,copy,exp,xcdr,shmem_ds,1000000,10,1,measured,173,2026-09-09T14:40:19.573764Z,158013235921378,158013235302056,158013235921378,1788964819573115535,1788964819573600313,ok,
exp_copy_xcdr__cpp_to_py__1000000B__10Hz__shmem_ds__best_effort,receive,sub,cpp_to_py,copy,exp,xcdr,shmem_ds,1000000,10,1,measured,174,2026-09-09T14:40:19.673193Z,158013335352526,158013334918825,158013335352526,1788964819672730611,1788964819673029507,ok,
exp_copy_xcdr__cpp_to_py__1000000B__10Hz__shmem_ds__best_effort,receive,sub,cpp_to_py,copy,exp,xcdr,shmem_ds,1000000,10,1,measured,175,2026-09-09T14:40:19.772690Z,158013434851260,158013434496198,158013434851260,1788964819772302695,1788964819772531838,ok,
exp_copy_xcdr__cpp_to_py__1000000B__10Hz__shmem_ds__best_effort,receive,sub,cpp_to_py,copy,exp,xcdr,shmem_ds,1000000,10,1,measured,176,2026-09-09T14:40:19.872775Z,158013534919443,158013534402104,158013534919443,1788964819872212047,1788964819872575034,ok,
exp_copy_xcdr__cpp_to_py__1000000B__10Hz__shmem_ds__best_effort,receive,sub,cpp_to_py,copy,exp,xcdr,shmem_ds,1000000,10,1,measured,177,2026-09-09T14:40:19.973045Z,158013635190770,158013634683270,158013635190770,1788964819972491930,1788964819972847223,ok,
exp_copy_xcdr__cpp_to_py__1000000B__10Hz__shmem_ds__best_effort,receive,sub,cpp_to_py,copy,exp,xcdr,shmem_ds,1000000,10,1,measured,178,2026-09-09T14:40:20.072252Z,158013734385351,158013733809411,158013734385351,1788964820071619955,1788964820072026244,ok,
exp_copy_xcdr__cpp_to_py__1000000B__10Hz__shmem_ds__best_effort,receive,sub,cpp_to_py,copy,exp,xcdr,shmem_ds,1000000,10,1,measured,179,2026-09-09T14:40:20.172077Z,158013834231323,158013833828220,158013834231323,1788964820171635368,1788964820171909517,ok,
exp_copy_xcdr__cpp_to_py__1000000B__10Hz__shmem_ds__best_effort,receive,sub,cpp_to_py,copy,exp,xcdr,shmem_ds,1000000,10,1,measured,180,2026-09-09T14:40:20.271775Z,158013933929707,158013933531123,158013933929707,1788964820271339403,1788964820271596860,ok,
exp_copy_xcdr__cpp_to_py__1000000B__10Hz__shmem_ds__best_effort,receive,sub,cpp_to_py,copy,exp,xcdr,shmem_ds,1000000,10,1,measured,181,2026-09-09T14:40:20.372568Z,158014034700149,158014034062322,158014034700149,1788964820371877225,1788964820372349819,ok,
exp_copy_xcdr__cpp_to_py__1000000B__10Hz__shmem_ds__best_effort,receive,sub,cpp_to_py,copy,exp,xcdr,shmem_ds,1000000,10,1,measured,182,2026-09-09T14:40:20.472213Z,158014134367044,158014133921992,158014134367044,1788964820471732836,1788964820472043775,ok,
exp_copy_xcdr__cpp_to_py__1000000B__10Hz__shmem_ds__best_effort,receive,sub,cpp_to_py,copy,exp,xcdr,shmem_ds,1000000,10,1,measured,183,2026-09-09T14:40:20.571947Z,158014234062663,158014233318865,158014234062663,1788964820571134619,1788964820571671265,ok,
exp_copy_xcdr__cpp_to_py__1000000B__10Hz__shmem_ds__best_effort,receive,sub,cpp_to_py,copy,exp,xcdr,shmem_ds,1000000,10,1,measured,184,2026-09-09T14:40:20.670734Z,158014332877244,158014332320591,158014332877244,1788964820670130724,1788964820670539938,ok,
exp_copy_xcdr__cpp_to_py__1000000B__10Hz__shmem_ds__best_effort,receive,sub,cpp_to_py,copy,exp,xcdr,shmem_ds,1000000,10,1,measured,185,2026-09-09T14:40:20.771260Z,158014433377104,158014432598461,158014433377104,1788964820770414996,1788964820771009451,ok,
exp_copy_xcdr__cpp_to_py__1000000B__10Hz__shmem_ds__best_effort,receive,sub,cpp_to_py,copy,exp,xcdr,shmem_ds,1000000,10,1,measured,186,2026-09-09T14:40:20.870682Z,158014532806179,158014532141992,158014532806179,1788964820869952686,1788964820870454506,ok,
exp_copy_xcdr__cpp_to_py__1000000B__10Hz__shmem_ds__best_effort,receive,sub,cpp_to_py,copy,exp,xcdr,shmem_ds,1000000,10,1,measured,187,2026-09-09T14:40:20.970308Z,158014632415083,158014631503718,158014632415083,1788964820969323470,1788964820970013155,ok,
exp_copy_xcdr__cpp_to_py__1000000B__10Hz__shmem_ds__best_effort,receive,sub,cpp_to_py,copy,exp,xcdr,shmem_ds,1000000,10,1,measured,188,2026-09-09T14:40:21.070708Z,158014732851083,158014732297345,158014732851083,1788964821070112057,1788964821070521793,ok,
exp_copy_xcdr__cpp_to_py__1000000B__10Hz__shmem_ds__best_effort,receive,sub,cpp_to_py,copy,exp,xcdr,shmem_ds,1000000,10,1,measured,189,2026-09-09T14:40:21.171179Z,158014833341847,158014832894491,158014833341847,1788964821170702680,1788964821171025371,ok,
exp_copy_xcdr__cpp_to_py__1000000B__10Hz__shmem_ds__best_effort,receive,sub,cpp_to_py,copy,exp,xcdr,shmem_ds,1000000,10,1,measured,190,2026-09-09T14:40:21.271005Z,158014933167252,158014932708775,158014933167252,1788964821270517796,1788964821270852489,ok,
exp_copy_xcdr__cpp_to_py__1000000B__10Hz__shmem_ds__best_effort,receive,sub,cpp_to_py,copy,exp,xcdr,shmem_ds,1000000,10,1,measured,191,2026-09-09T14:40:21.370658Z,158015032769014,158015031914537,158015032769014,1788964821369732134,1788964821370380732,ok,
exp_copy_xcdr__cpp_to_py__1000000B__10Hz__shmem_ds__best_effort,receive,sub,cpp_to_py,copy,exp,xcdr,shmem_ds,1000000,10,1,measured,192,2026-09-09T14:40:21.470711Z,158015132852016,158015132262911,158015132852016,1788964821470076831,1788964821470514289,ok,
exp_copy_xcdr__cpp_to_py__1000000B__10Hz__shmem_ds__best_effort,receive,sub,cpp_to_py,copy,exp,xcdr,shmem_ds,1000000,10,1,measured,193,2026-09-09T14:40:21.571430Z,158015233585470,158015233188218,158015233585470,1788964821570997990,1788964821571270185,ok,
exp_copy_xcdr__cpp_to_py__1000000B__10Hz__shmem_ds__best_effort,receive,sub,cpp_to_py,copy,exp,xcdr,shmem_ds,1000000,10,1,measured,194,2026-09-09T14:40:21.671118Z,158015333264217,158015332731949,158015333264217,1788964821670543555,1788964821670933053,ok,
exp_copy_xcdr__cpp_to_py__1000000B__10Hz__shmem_ds__best_effort,receive,sub,cpp_to_py,copy,exp,xcdr,shmem_ds,1000000,10,1,measured,195,2026-09-09T14:40:21.770173Z,158015432330364,158015431881074,158015432330364,1788964821769690686,1788964821770015762,ok,
exp_copy_xcdr__cpp_to_py__1000000B__10Hz__shmem_ds__best_effort,receive,sub,cpp_to_py,copy,exp,xcdr,shmem_ds,1000000,10,1,measured,196,2026-09-09T14:40:21.870616Z,158015532751578,158015532146292,158015532751578,1788964821869959080,1788964821870404002,ok,
exp_copy_xcdr__cpp_to_py__1000000B__10Hz__shmem_ds__best_effort,receive,sub,cpp_to_py,copy,exp,xcdr,shmem_ds,1000000,10,1,measured,197,2026-09-09T14:40:21.971023Z,158015633136862,158015632293996,158015633136862,1788964821970114319,1788964821970737729,ok,
exp_copy_xcdr__cpp_to_py__1000000B__10Hz__shmem_ds__best_effort,receive,sub,cpp_to_py,copy,exp,xcdr,shmem_ds,1000000,10,1,measured,198,2026-09-09T14:40:22.070086Z,158015732223549,158015731651316,158015732223549,1788964822069465326,1788964822069890270,ok,
exp_copy_xcdr__cpp_to_py__1000000B__10Hz__shmem_ds__best_effort,receive,sub,cpp_to_py,copy,exp,xcdr,shmem_ds,1000000,10,1,measured,199,2026-09-09T14:40:22.170890Z,158015833028689,158015832428503,158015833028689,1788964822170241000,1788964822170680121,ok,
exp_copy_xcdr__cpp_to_py__1000000B__10Hz__shmem_ds__best_effort,receive,sub,cpp_to_py,copy,exp,xcdr,shmem_ds,1000000,10,1,measured,200,2026-09-09T14:40:22.270646Z,158015932798048,158015932318981,158015932798048,1788964822270128724,1788964822270480840,ok,
exp_copy_xcdr__cpp_to_py__1000000B__10Hz__shmem_ds__best_effort,receive,sub,cpp_to_py,copy,exp,xcdr,shmem_ds,1000000,10,1,measured,201,2026-09-09T14:40:22.370452Z,158016032552550,158016031532639,158016032552550,1788964822369353473,1788964822370130483,ok,
exp_copy_xcdr__cpp_to_py__1000000B__10Hz__shmem_ds__best_effort,receive,sub,cpp_to_py,copy,exp,xcdr,shmem_ds,1000000,10,1,measured,202,2026-09-09T14:40:22.469268Z,158016131414652,158016130852027,158016131414652,1788964822468667100,1788964822469087736,ok,
exp_copy_xcdr__cpp_to_py__1000000B__10Hz__shmem_ds__best_effort,receive,sub,cpp_to_py,copy,exp,xcdr,shmem_ds,1000000,10,1,measured,203,2026-09-09T14:40:22.569945Z,158016232109243,158016231674640,158016232109243,1788964822569483581,1788964822569790161,ok,
exp_copy_xcdr__cpp_to_py__1000000B__10Hz__shmem_ds__best_effort,receive,sub,cpp_to_py,copy,exp,xcdr,shmem_ds,1000000,10,1,measured,204,2026-09-09T14:40:22.669854Z,158016332013979,158016331581370,158016332013979,1788964822669388267,1788964822669688686,ok,
exp_copy_xcdr__cpp_to_py__1000000B__10Hz__shmem_ds__best_effort,receive,sub,cpp_to_py,copy,exp,xcdr,shmem_ds,1000000,10,1,measured,205,2026-09-09T14:40:22.770921Z,158016433041299,158016432222880,158016433041299,1788964822770038994,1788964822770644060,ok,
exp_copy_xcdr__cpp_to_py__1000000B__10Hz__shmem_ds__best_effort,receive,sub,cpp_to_py,copy,exp,xcdr,shmem_ds,1000000,10,1,measured,206,2026-09-09T14:40:22.871010Z,158016533106678,158016532057182,158016533106678,1788964822869879899,1788964822870660727,ok,
exp_copy_xcdr__cpp_to_py__1000000B__10Hz__shmem_ds__best_effort,receive,sub,cpp_to_py,copy,exp,xcdr,shmem_ds,1000000,10,1,measured,207,2026-09-09T14:40:22.970311Z,158016632451746,158016631909129,158016632451746,1788964822969722308,1788964822970108869,ok,
exp_copy_xcdr__cpp_to_py__1000000B__10Hz__shmem_ds__best_effort,receive,sub,cpp_to_py,copy,exp,xcdr,shmem_ds,1000000,10,1,measured,208,2026-09-09T14:40:23.070008Z,158016732150081,158016731555366,158016732150081,1788964823069369556,1788964823069821201,ok,
exp_copy_xcdr__cpp_to_py__1000000B__10Hz__shmem_ds__best_effort,receive,sub,cpp_to_py,copy,exp,xcdr,shmem_ds,1000000,10,1,measured,209,2026-09-09T14:40:23.169006Z,158016831171967,158016830759817,158016831171967,1788964823168567916,1788964823168870028,ok,
exp_copy_xcdr__cpp_to_py__1000000B__10Hz__shmem_ds__best_effort,receive,sub,cpp_to_py,copy,exp,xcdr,shmem_ds,1000000,10,1,measured,210,2026-09-09T14:40:23.268415Z,158016930579262,158016930149479,158016930579262,1788964823267957638,1788964823268269308,ok,
exp_copy_xcdr__cpp_to_py__1000000B__10Hz__shmem_ds__best_effort,receive,sub,cpp_to_py,copy,exp,xcdr,shmem_ds,1000000,10,1,measured,211,2026-09-09T14:40:23.368422Z,158017030529836,158017029636224,158017030529836,1788964823367453401,1788964823368128619,ok,
exp_copy_xcdr__cpp_to_py__1000000B__10Hz__shmem_ds__best_effort,receive,sub,cpp_to_py,copy,exp,xcdr,shmem_ds,1000000,10,1,measured,212,2026-09-09T14:40:23.468791Z,158017130939538,158017130392422,158017130939538,1788964823468205601,1788964823468609255,ok,
exp_copy_xcdr__cpp_to_py__1000000B__10Hz__shmem_ds__best_effort,receive,sub,cpp_to_py,copy,exp,xcdr,shmem_ds,1000000,10,1,measured,213,2026-09-09T14:40:23.568496Z,158017230657752,158017230276720,158017230657752,1788964823568083938,1788964823568338941,ok,
exp_copy_xcdr__cpp_to_py__1000000B__10Hz__shmem_ds__best_effort,receive,sub,cpp_to_py,copy,exp,xcdr,shmem_ds,1000000,10,1,measured,214,2026-09-09T14:40:23.668042Z,158017330195513,158017329693373,158017330195513,1788964823667502785,1788964823667879638,ok,
exp_copy_xcdr__cpp_to_py__1000000B__10Hz__shmem_ds__best_effort,receive,sub,cpp_to_py,copy,exp,xcdr,shmem_ds,1000000,10,1,measured,215,2026-09-09T14:40:23.767263Z,158017429422437,158017429017080,158017429422437,1788964823766824528,1788964823767098978,ok,
exp_copy_xcdr__cpp_to_py__1000000B__10Hz__shmem_ds__best_effort,receive,sub,cpp_to_py,copy,exp,xcdr,shmem_ds,1000000,10,1,measured,216,2026-09-09T14:40:23.866711Z,158017528866462,158017528368199,158017528866462,1788964823866176899,1788964823866534556,ok,
exp_copy_xcdr__cpp_to_py__1000000B__10Hz__shmem_ds__best_effort,receive,sub,cpp_to_py,copy,exp,xcdr,shmem_ds,1000000,10,1,measured,217,2026-09-09T14:40:23.966431Z,158017628534571,158017627684081,158017628534571,1788964823965497711,1788964823966147481,ok,
exp_copy_xcdr__cpp_to_py__1000000B__10Hz__shmem_ds__best_effort,receive,sub,cpp_to_py,copy,exp,xcdr,shmem_ds,1000000,10,1,measured,218,2026-09-09T14:40:24.065568Z,158017727723733,158017726930161,158017727723733,1788964824064743831,1788964824065417566,ok,
exp_copy_xcdr__cpp_to_py__1000000B__10Hz__shmem_ds__best_effort,receive,sub,cpp_to_py,copy,exp,xcdr,shmem_ds,1000000,10,1,measured,219,2026-09-09T14:40:24.164632Z,158017826796075,158017826351383,158017826796075,1788964824164160555,1788964824164485239,ok,
exp_copy_xcdr__cpp_to_py__1000000B__10Hz__shmem_ds__best_effort,receive,sub,cpp_to_py,copy,exp,xcdr,shmem_ds,1000000,10,1,measured,220,2026-09-09T14:40:24.265800Z,158017927944276,158017927252005,158017927944276,1788964824265065695,1788964824265604134,ok,
exp_copy_xcdr__cpp_to_py__1000000B__10Hz__shmem_ds__best_effort,receive,sub,cpp_to_py,copy,exp,xcdr,shmem_ds,1000000,10,1,measured,221,2026-09-09T14:40:24.366009Z,158018028108244,158018027108692,158018028108244,1788964824364929475,1788964824365694523,ok,
exp_copy_xcdr__cpp_to_py__1000000B__10Hz__shmem_ds__best_effort,receive,sub,cpp_to_py,copy,exp,xcdr,shmem_ds,1000000,10,1,measured,222,2026-09-09T14:40:24.465219Z,158018127354936,158018126890798,158018127354936,1788964824464701061,1788964824465025605,ok,
exp_copy_xcdr__cpp_to_py__1000000B__10Hz__shmem_ds__best_effort,receive,sub,cpp_to_py,copy,exp,xcdr,shmem_ds,1000000,10,1,measured,223,2026-09-09T14:40:24.564469Z,158018226609323,158018226158730,158018226609323,1788964824563968593,1788964824564282036,ok,
exp_copy_xcdr__cpp_to_py__1000000B__10Hz__shmem_ds__best_effort,receive,sub,cpp_to_py,copy,exp,xcdr,shmem_ds,1000000,10,1,measured,224,2026-09-09T14:40:24.663591Z,158018325749523,158018325418506,158018325749523,1788964824663226295,1788964824663446111,ok,
exp_copy_xcdr__cpp_to_py__1000000B__10Hz__shmem_ds__best_effort,receive,sub,cpp_to_py,copy,exp,xcdr,shmem_ds,1000000,10,1,measured,225,2026-09-09T14:40:24.763657Z,158018425771983,158018425224596,158018425771983,1788964824763035812,1788964824763415721,ok,
exp_copy_xcdr__cpp_to_py__1000000B__10Hz__shmem_ds__best_effort,receive,sub,cpp_to_py,copy,exp,xcdr,shmem_ds,1000000,10,1,measured,226,2026-09-09T14:40:24.863245Z,158018525375239,158018524619509,158018525375239,1788964824862435343,1788964824863005081,ok,
exp_copy_xcdr__cpp_to_py__1000000B__10Hz__shmem_ds__best_effort,receive,sub,cpp_to_py,copy,exp,xcdr,shmem_ds,1000000,10,1,measured,227,2026-09-09T14:40:24.962920Z,158018625013663,158018623945361,158018625013663,1788964824961768419,1788964824962592158,ok,
exp_copy_xcdr__cpp_to_py__1000000B__10Hz__shmem_ds__best_effort,receive,sub,cpp_to_py,copy,exp,xcdr,shmem_ds,1000000,10,1,measured,228,2026-09-09T14:40:25.062905Z,158018724992571,158018723618711,158018724992571,1788964825061444324,1788964825062593058,ok,
exp_copy_xcdr__cpp_to_py__1000000B__10Hz__shmem_ds__best_effort,receive,sub,cpp_to_py,copy,exp,xcdr,shmem_ds,1000000,10,1,measured,229,2026-09-09T14:40:25.162792Z,158018824933107,158018824305369,158018824933107,1788964825162122746,1788964825162590942,ok,
exp_copy_xcdr__cpp_to_py__1000000B__10Hz__shmem_ds__best_effort,receive,sub,cpp_to_py,copy,exp,xcdr,shmem_ds,1000000,10,1,measured,230,2026-09-09T14:40:25.262831Z,158018924971507,158018924602559,158018924971507,1788964825262412772,1788964825262663817,ok,
exp_copy_xcdr__cpp_to_py__1000000B__10Hz__shmem_ds__best_effort,receive,sub,cpp_to_py,copy,exp,xcdr,shmem_ds,1000000,10,1,measured,231,2026-09-09T14:40:25.363091Z,158019025194707,158019024259157,158019025194707,1788964825362080621,1788964825362792028,ok,
exp_copy_xcdr__cpp_to_py__1000000B__10Hz__shmem_ds__best_effort,receive,sub,cpp_to_py,copy,exp,xcdr,shmem_ds,1000000,10,1,measured,232,2026-09-09T14:40:25.463455Z,158019125589163,158019125108493,158019125589163,1788964825462921502,1788964825463238111,ok,
exp_copy_xcdr__cpp_to_py__1000000B__10Hz__shmem_ds__best_effort,receive,sub,cpp_to_py,copy,exp,xcdr,shmem_ds,1000000,10,1,measured,233,2026-09-09T14:40:25.563276Z,158019225409571,158019224884928,158019225409571,1788964825562696974,1788964825563068057,ok,
exp_copy_xcdr__cpp_to_py__1000000B__10Hz__shmem_ds__best_effort,receive,sub,cpp_to_py,copy,exp,xcdr,shmem_ds,1000000,10,1,measured,234,2026-09-09T14:40:25.663289Z,158019325443653,158019325066540,158019325443653,1788964825662875801,1788964825663129832,ok,
exp_copy_xcdr__cpp_to_py__1000000B__10Hz__shmem_ds__best_effort,receive,sub,cpp_to_py,copy,exp,xcdr,shmem_ds,1000000,10,1,measured,235,2026-09-09T14:40:25.764298Z,158019426389683,158019425089883,158019426389683,1788964825762914864,1788964825763969260,ok,
exp_copy_xcdr__cpp_to_py__1000000B__10Hz__shmem_ds__best_effort,receive,sub,cpp_to_py,copy,exp,xcdr,shmem_ds,1000000,10,1,measured,236,2026-09-09T14:40:25.863285Z,158019525437359,158019524927123,158019525437359,1788964825862741775,1788964825863117396,ok,
exp_copy_xcdr__cpp_to_py__1000000B__10Hz__shmem_ds__best_effort,receive,sub,cpp_to_py,copy,exp,xcdr,shmem_ds,1000000,10,1,measured,237,2026-09-09T14:40:25.964001Z,158019626108457,158019625194286,158019626108457,1788964825963016062,1788964825963698834,ok,
exp_copy_xcdr__cpp_to_py__1000000B__10Hz__shmem_ds__best_effort,receive,sub,cpp_to_py,copy,exp,xcdr,shmem_ds,1000000,10,1,measured,238,2026-09-09T14:40:26.064562Z,158019726677032,158019726059373,158019726677032,1788964826063870989,1788964826064306513,ok,
exp_copy_xcdr__cpp_to_py__1000000B__10Hz__shmem_ds__best_effort,receive,sub,cpp_to_py,copy,exp,xcdr,shmem_ds,1000000,10,1,measured,239,2026-09-09T14:40:26.163964Z,158019826086654,158019825420463,158019826086654,1788964826163237279,1788964826163724391,ok,
exp_copy_xcdr__cpp_to_py__1000000B__10Hz__shmem_ds__best_effort,receive,sub,cpp_to_py,copy,exp,xcdr,shmem_ds,1000000,10,1,measured,240,2026-09-09T14:40:26.263502Z,158019925666337,158019925269415,158019925666337,1788964826263079018,1788964826263358376,ok,
exp_copy_xcdr__cpp_to_py__1000000B__10Hz__shmem_ds__best_effort,receive,sub,cpp_to_py,copy,exp,xcdr,shmem_ds,1000000,10,1,measured,241,2026-09-09T14:40:26.364420Z,158020026560979,158020025925967,158020026560979,1788964826363749506,1788964826364230847,ok,
exp_copy_xcdr__cpp_to_py__1000000B__10Hz__shmem_ds__best_effort,receive,sub,cpp_to_py,copy,exp,xcdr,shmem_ds,1000000,10,1,measured,242,2026-09-09T14:40:26.464551Z,158020126698779,158020126208611,158020126698779,1788964826464019435,1788964826464370219,ok,
exp_copy_xcdr__cpp_to_py__1000000B__10Hz__shmem_ds__best_effort,receive,sub,cpp_to_py,copy,exp,xcdr,shmem_ds,1000000,10,1,measured,243,2026-09-09T14:40:26.564280Z,158020226387529,158020225375564,158020226387529,1788964826563197490,1788964826563998325,ok,
exp_copy_xcdr__cpp_to_py__1000000B__10Hz__shmem_ds__best_effort,receive,sub,cpp_to_py,copy,exp,xcdr,shmem_ds,1000000,10,1,measured,244,2026-09-09T14:40:26.664273Z,158020326429418,158020325925564,158020326429418,1788964826663736899,1788964826664116017,ok,
exp_copy_xcdr__cpp_to_py__1000000B__10Hz__shmem_ds__best_effort,receive,sub,cpp_to_py,copy,exp,xcdr,shmem_ds,1000000,10,1,measured,245,2026-09-09T14:40:26.765202Z,158020427297128,158020426195834,158020427297128,1788964826764017820,1788964826764865835,ok,
exp_copy_xcdr__cpp_to_py__1000000B__10Hz__shmem_ds__best_effort,receive,sub,cpp_to_py,copy,exp,xcdr,shmem_ds,1000000,10,1,measured,246,2026-09-09T14:40:26.865409Z,158020527555326,158020527009654,158020527555326,1788964826864823534,1788964826865230424,ok,
exp_copy_xcdr__cpp_to_py__1000000B__10Hz__shmem_ds__best_effort,receive,sub,cpp_to_py,copy,exp,xcdr,shmem_ds,1000000,10,1,measured,247,2026-09-09T14:40:26.964996Z,158020627099593,158020626471705,158020627099593,1788964826964285194,1788964826964702324,ok,
exp_copy_xcdr__cpp_to_py__1000000B__10Hz__shmem_ds__best_effort,receive,sub,cpp_to_py,copy,exp,xcdr,shmem_ds,1000000,10,1,measured,248,2026-09-09T14:40:27.065732Z,158020727864971,158020727202077,158020727864971,1788964827065016999,1788964827065522666,ok,
exp_copy_xcdr__cpp_to_py__1000000B__10Hz__shmem_ds__best_effort,receive,sub,cpp_to_py,copy,exp,xcdr,shmem_ds,1000000,10,1,measured,249,2026-09-09T14:40:27.165023Z,158020827172459,158020826635062,158020827172459,1788964827164446959,1788964827164846495,ok,
exp_copy_xcdr__cpp_to_py__1000000B__10Hz__shmem_ds__best_effort,receive,sub,cpp_to_py,copy,exp,xcdr,shmem_ds,1000000,10,1,measured,250,2026-09-09T14:40:27.264704Z,158020926868133,158020926455141,158020926868133,1788964827264264413,1788964827264563018,ok,
exp_copy_xcdr__cpp_to_py__1000000B__10Hz__shmem_ds__best_effort,receive,sub,cpp_to_py,copy,exp,xcdr,shmem_ds,1000000,10,1,measured,251,2026-09-09T14:40:27.365070Z,158021027201484,158021026294528,158021027201484,1788964827364120401,1788964827364842127,ok,
exp_copy_xcdr__cpp_to_py__1000000B__10Hz__shmem_ds__best_effort,receive,sub,cpp_to_py,copy,exp,xcdr,shmem_ds,1000000,10,1,measured,252,2026-09-09T14:40:27.464950Z,158021127100222,158021126545342,158021127100222,1788964827464359863,1788964827464762355,ok,
exp_copy_xcdr__cpp_to_py__1000000B__10Hz__shmem_ds__best_effort,receive,sub,cpp_to_py,copy,exp,xcdr,shmem_ds,1000000,10,1,measured,253,2026-09-09T14:40:27.565727Z,158021227885908,158021227391172,158021227885908,1788964827565200333,1788964827565571185,ok,
exp_copy_xcdr__cpp_to_py__1000000B__10Hz__shmem_ds__best_effort,receive,sub,cpp_to_py,copy,exp,xcdr,shmem_ds,1000000,10,1,measured,254,2026-09-09T14:40:27.666081Z,158021328248264,158021327838839,158021328248264,1788964827665647008,1788964827665943109,ok,
exp_copy_xcdr__cpp_to_py__1000000B__10Hz__shmem_ds__best_effort,receive,sub,cpp_to_py,copy,exp,xcdr,shmem_ds,1000000,10,1,measured,255,2026-09-09T14:40:27.765723Z,158021427882361,158021427410277,158021427882361,1788964827765218847,1788964827765560464,ok,
exp_copy_xcdr__cpp_to_py__1000000B__10Hz__shmem_ds__best_effort,receive,sub,cpp_to_py,copy,exp,xcdr,shmem_ds,1000000,10,1,measured,256,2026-09-09T14:40:27.865081Z,158021527241749,158021526769084,158021527241749,1788964827864578115,1788964827864924871,ok,
exp_copy_xcdr__cpp_to_py__1000000B__10Hz__shmem_ds__best_effort,receive,sub,cpp_to_py,copy,exp,xcdr,shmem_ds,1000000,10,1,measured,257,2026-09-09T14:40:27.965046Z,158021627162738,158021626273445,158021627162738,1788964827964094279,1788964827964791478,ok,
exp_copy_xcdr__cpp_to_py__1000000B__10Hz__shmem_ds__best_effort,receive,sub,cpp_to_py,copy,exp,xcdr,shmem_ds,1000000,10,1,measured,258,2026-09-09T14:40:28.064270Z,158021726433508,158021725988896,158021726433508,1788964828063798839,1788964828064122873,ok,
exp_copy_xcdr__cpp_to_py__1000000B__10Hz__shmem_ds__best_effort,receive,sub,cpp_to_py,copy,exp,xcdr,shmem_ds,1000000,10,1,measured,259,2026-09-09T14:40:28.163708Z,158021825839505,158021825113511,158021825839505,1788964828162928904,1788964828163493843,ok,
exp_copy_xcdr__cpp_to_py__1000000B__10Hz__shmem_ds__best_effort,receive,sub,cpp_to_py,copy,exp,xcdr,shmem_ds,1000000,10,1,measured,260,2026-09-09T14:40:28.262683Z,158021924844131,158021924420249,158021924844131,1788964828262228920,1788964828262543144,ok,
exp_copy_xcdr__cpp_to_py__1000000B__10Hz__shmem_ds__best_effort,receive,sub,cpp_to_py,copy,exp,xcdr,shmem_ds,1000000,10,1,measured,261,2026-09-09T14:40:28.362382Z,158022024482517,158022023512241,158022024482517,1788964828361328966,1788964828362062294,ok,
exp_copy_xcdr__cpp_to_py__1000000B__10Hz__shmem_ds__best_effort,receive,sub,cpp_to_py,copy,exp,xcdr,shmem_ds,1000000,10,1,measured,262,2026-09-09T14:40:28.460875Z,158022123034377,158022122540813,158022123034377,1788964828460354422,1788964828460706990,ok,
exp_copy_xcdr__cpp_to_py__1000000B__10Hz__shmem_ds__best_effort,receive,sub,cpp_to_py,copy,exp,xcdr,shmem_ds,1000000,10,1,measured,263,2026-09-09T14:40:28.560773Z,158022222930030,158022222441635,158022222930030,1788964828560251538,1788964828560605608,ok,
exp_copy_xcdr__cpp_to_py__1000000B__10Hz__shmem_ds__best_effort,receive,sub,cpp_to_py,copy,exp,xcdr,shmem_ds,1000000,10,1,measured,264,2026-09-09T14:40:28.660170Z,158022322334433,158022321912915,158022322334433,1788964828659721174,1788964828660026212,ok,
exp_copy_xcdr__cpp_to_py__1000000B__10Hz__shmem_ds__best_effort,receive,sub,cpp_to_py,copy,exp,xcdr,shmem_ds,1000000,10,1,measured,265,2026-09-09T14:40:28.759431Z,158022421546141,158022420969019,158022421546141,1788964828758779493,1788964828759150655,ok,
exp_copy_xcdr__cpp_to_py__1000000B__10Hz__shmem_ds__best_effort,receive,sub,cpp_to_py,copy,exp,xcdr,shmem_ds,1000000,10,1,measured,266,2026-09-09T14:40:28.859046Z,158022521199416,158022520687848,158022521199416,1788964828858499734,1788964828858872960,ok,
exp_copy_xcdr__cpp_to_py__1000000B__10Hz__shmem_ds__best_effort,receive,sub,cpp_to_py,copy,exp,xcdr,shmem_ds,1000000,10,1,measured,267,2026-09-09T14:40:28.959255Z,158022621391651,158022620785403,158022621391651,1788964828958598943,1788964828959027604,ok,
exp_copy_xcdr__cpp_to_py__1000000B__10Hz__shmem_ds__best_effort,receive,sub,cpp_to_py,copy,exp,xcdr,shmem_ds,1000000,10,1,measured,268,2026-09-09T14:40:29.058457Z,158022720612967,158022720130665,158022720612967,1788964829057942531,1788964829058293906,ok,
exp_copy_xcdr__cpp_to_py__1000000B__10Hz__shmem_ds__best_effort,receive,sub,cpp_to_py,copy,exp,xcdr,shmem_ds,1000000,10,1,measured,269,2026-09-09T14:40:29.158824Z,158022820975605,158022820508871,158022820975605,1788964829158317372,1788964829158656724,ok,
exp_copy_xcdr__cpp_to_py__1000000B__10Hz__shmem_ds__best_effort,receive,sub,cpp_to_py,copy,exp,xcdr,shmem_ds,1000000,10,1,measured,270,2026-09-09T14:40:29.259324Z,158022921490571,158022921088420,158022921490571,1788964829258896369,1788964829259178903,ok,
exp_copy_xcdr__cpp_to_py__1000000B__10Hz__shmem_ds__best_effort,receive,sub,cpp_to_py,copy,exp,xcdr,shmem_ds,1000000,10,1,measured,271,2026-09-09T14:40:29.359690Z,158023021828311,158023021112356,158023021828311,1788964829358924793,1788964829359461139,ok,
exp_copy_xcdr__cpp_to_py__1000000B__10Hz__shmem_ds__best_effort,receive,sub,cpp_to_py,copy,exp,xcdr,shmem_ds,1000000,10,1,measured,272,2026-09-09T14:40:29.458564Z,158023120727790,158023120258912,158023120727790,1788964829458069627,1788964829458416513,ok,
exp_copy_xcdr__cpp_to_py__1000000B__10Hz__shmem_ds__best_effort,receive,sub,cpp_to_py,copy,exp,xcdr,shmem_ds,1000000,10,1,measured,273,2026-09-09T14:40:29.557606Z,158023219775338,158023219378537,158023219775338,1788964829557184683,1788964829557473470,ok,
exp_copy_xcdr__cpp_to_py__1000000B__10Hz__shmem_ds__best_effort,receive,sub,cpp_to_py,copy,exp,xcdr,shmem_ds,1000000,10,1,measured,274,2026-09-09T14:40:29.657855Z,158023320015685,158023319549382,158023320015685,1788964829657356790,1788964829657689149,ok,
exp_copy_xcdr__cpp_to_py__1000000B__10Hz__shmem_ds__best_effort,receive,sub,cpp_to_py,copy,exp,xcdr,shmem_ds,1000000,10,1,measured,275,2026-09-09T14:40:29.758733Z,158023420898156,158023420497257,158023420898156,1788964829758303393,1788964829758590587,ok,
exp_copy_xcdr__cpp_to_py__1000000B__10Hz__shmem_ds__best_effort,receive,sub,cpp_to_py,copy,exp,xcdr,shmem_ds,1000000,10,1,measured,276,2026-09-09T14:40:29.858892Z,158023521047771,158023520556411,158023521047771,1788964829858364380,1788964829858724752,ok,
exp_copy_xcdr__cpp_to_py__1000000B__10Hz__shmem_ds__best_effort,receive,sub,cpp_to_py,copy,exp,xcdr,shmem_ds,1000000,10,1,measured,277,2026-09-09T14:40:29.958678Z,158023620790515,158023619904619,158023620790515,1788964829957722657,1788964829958396943,ok,
exp_copy_xcdr__cpp_to_py__1000000B__10Hz__shmem_ds__best_effort,receive,sub,cpp_to_py,copy,exp,xcdr,shmem_ds,1000000,10,1,measured,278,2026-09-09T14:40:30.058736Z,158023720885106,158023720374279,158023720885106,1788964830058186125,1788964830058561286,ok,
exp_copy_xcdr__cpp_to_py__1000000B__10Hz__shmem_ds__best_effort,receive,sub,cpp_to_py,copy,exp,xcdr,shmem_ds,1000000,10,1,measured,279,2026-09-09T14:40:30.157895Z,158023820043275,158023819582172,158023820043275,1788964830157391714,1788964830157680561,ok,
exp_copy_xcdr__cpp_to_py__1000000B__10Hz__shmem_ds__best_effort,receive,sub,cpp_to_py,copy,exp,xcdr,shmem_ds,1000000,10,1,measured,280,2026-09-09T14:40:30.258007Z,158023920158093,158023919642217,158023920158093,1788964830257453352,1788964830257836066,ok,
exp_copy_xcdr__cpp_to_py__1000000B__10Hz__shmem_ds__best_effort,receive,sub,cpp_to_py,copy,exp,xcdr,shmem_ds,1000000,10,1,measured,281,2026-09-09T14:40:30.358867Z,158024020977847,158024020372832,158024020977847,1788964830358182364,1788964830358618850,ok,
exp_copy_xcdr__cpp_to_py__1000000B__10Hz__shmem_ds__best_effort,receive,sub,cpp_to_py,copy,exp,xcdr,shmem_ds,1000000,10,1,measured,282,2026-09-09T14:40:30.459762Z,158024121893552,158024121212262,158024121893552,1788964830459027204,1788964830459540065,ok,
exp_copy_xcdr__cpp_to_py__1000000B__10Hz__shmem_ds__best_effort,receive,sub,cpp_to_py,copy,exp,xcdr,shmem_ds,1000000,10,1,measured,283,2026-09-09T14:40:30.559021Z,158024221150798,158024220516177,158024221150798,1788964830558329175,1788964830558788665,ok,
exp_copy_xcdr__cpp_to_py__1000000B__10Hz__shmem_ds__best_effort,receive,sub,cpp_to_py,copy,exp,xcdr,shmem_ds,1000000,10,1,measured,284,2026-09-09T14:40:30.659502Z,158024321646358,158024321074677,158024321646358,1788964830658885531,1788964830659315054,ok,
exp_copy_xcdr__cpp_to_py__1000000B__10Hz__shmem_ds__best_effort,receive,sub,cpp_to_py,copy,exp,xcdr,shmem_ds,1000000,10,1,measured,285,2026-09-09T14:40:30.760821Z,158024422920171,158024421966366,158024422920171,1788964830759784084,1788964830760466475,ok,
exp_copy_xcdr__cpp_to_py__1000000B__10Hz__shmem_ds__best_effort,receive,sub,cpp_to_py,copy,exp,xcdr,shmem_ds,1000000,10,1,measured,286,2026-09-09T14:40:30.860553Z,158024522687292,158024522039185,158024522687292,1788964830859853857,1788964830860335399,ok,
exp_copy_xcdr__cpp_to_py__1000000B__10Hz__shmem_ds__best_effort,receive,sub,cpp_to_py,copy,exp,xcdr,shmem_ds,1000000,10,1,measured,287,2026-09-09T14:40:30.961286Z,158024623393631,158024622477597,158024623393631,1788964830960298781,1788964830961003866,ok,
exp_copy_xcdr__cpp_to_py__1000000B__10Hz__shmem_ds__best_effort,receive,sub,cpp_to_py,copy,exp,xcdr,shmem_ds,1000000,10,1,measured,288,2026-09-09T14:40:31.060269Z,158024722393841,158024721777324,158024722393841,1788964831059591255,1788964831060033271,ok,
exp_copy_xcdr__cpp_to_py__1000000B__10Hz__shmem_ds__best_effort,receive,sub,cpp_to_py,copy,exp,xcdr,shmem_ds,1000000,10,1,measured,289,2026-09-09T14:40:31.161325Z,158024823449612,158024822740500,158024823449612,1788964831160556414,1788964831161091617,ok,
exp_copy_xcdr__cpp_to_py__1000000B__10Hz__shmem_ds__best_effort,receive,sub,cpp_to_py,copy,exp,xcdr,shmem_ds,1000000,10,1,measured,290,2026-09-09T14:40:31.260362Z,158024922507101,158024921948684,158024922507101,1788964831259760511,1788964831260176999,ok,
exp_copy_xcdr__cpp_to_py__1000000B__10Hz__shmem_ds__best_effort,receive,sub,cpp_to_py,copy,exp,xcdr,shmem_ds,1000000,10,1,measured,291,2026-09-09T14:40:31.359745Z,158025021889074,158025021255636,158025021889074,1788964831359072712,1788964831359546980,ok,
exp_copy_xcdr__cpp_to_py__1000000B__10Hz__shmem_ds__best_effort,receive,sub,cpp_to_py,copy,exp,xcdr,shmem_ds,1000000,10,1,measured,292,2026-09-09T14:40:31.460511Z,158025122633346,158025121908644,158025122633346,1788964831459725911,1788964831460275762,ok,
exp_copy_xcdr__cpp_to_py__1000000B__10Hz__shmem_ds__best_effort,receive,sub,cpp_to_py,copy,exp,xcdr,shmem_ds,1000000,10,1,measured,293,2026-09-09T14:40:31.560777Z,158025222888973,158025221836511,158025222888973,1788964831559656182,1788964831560489149,ok,
exp_copy_xcdr__cpp_to_py__1000000B__10Hz__shmem_ds__best_effort,receive,sub,cpp_to_py,copy,exp,xcdr,shmem_ds,1000000,10,1,measured,294,2026-09-09T14:40:31.660674Z,158025322819023,158025322239687,158025322819023,1788964831660054158,1788964831660488240,ok,
exp_copy_xcdr__cpp_to_py__1000000B__10Hz__shmem_ds__best_effort,receive,sub,cpp_to_py,copy,exp,xcdr,shmem_ds,1000000,10,1,measured,295,2026-09-09T14:40:31.761758Z,158025423886576,158025423176793,158025423886576,1788964831760987397,1788964831761525916,ok,
exp_copy_xcdr__cpp_to_py__1000000B__10Hz__shmem_ds__best_effort,receive,sub,cpp_to_py,copy,exp,xcdr,shmem_ds,1000000,10,1,measured,296,2026-09-09T14:40:31.861791Z,158025523915484,158025523107896,158025523915484,1788964831860925313,1788964831861545366,ok,
exp_copy_xcdr__cpp_to_py__1000000B__10Hz__shmem_ds__best_effort,receive,sub,cpp_to_py,copy,exp,xcdr,shmem_ds,1000000,10,1,measured,297,2026-09-09T14:40:31.960955Z,158025623059908,158025622169032,158025623059908,1788964831959990507,1788964831960656667,ok,
exp_copy_xcdr__cpp_to_py__1000000B__10Hz__shmem_ds__best_effort,receive,sub,cpp_to_py,copy,exp,xcdr,shmem_ds,1000000,10,1,measured,298,2026-09-09T14:40:32.061526Z,158025723664105,158025723076052,158025723664105,1788964832060889812,1788964832061316550,ok,
exp_copy_xcdr__cpp_to_py__1000000B__10Hz__shmem_ds__best_effort,receive,sub,cpp_to_py,copy,exp,xcdr,shmem_ds,1000000,10,1,measured,299,2026-09-09T14:40:32.161729Z,158025823883844,158025823399998,158025823883844,1788964832161212516,1788964832161567979,ok,
exp_copy_xcdr__cpp_to_py__1000000B__10Hz__shmem_ds__best_effort,receive,sub,cpp_to_py,copy,exp,xcdr,shmem_ds,1000000,10,1,measured,300,2026-09-09T14:40:32.261643Z,158025923798566,158025923309190,158025923798566,1788964832261120004,1788964832261482109,ok,
